"cell","lineage","pseudotime","condition","score_column","aucell_score","program"
"AAAGGGATCGTCCCGAAGTAGGCT-1","slingPseudotime_1",30.978428719497,"B7H3","aucell_exhausted_score",0.0728453572055468,"exhausted"
"AAAGGGATCGTCCCGAAGTAGGCT-1","slingPseudotime_1",30.978428719497,"B7H3","aucell_proliferating_score",0.0804210526315789,"proliferating"
"AAAGGGATCGTCCCGAAGTAGGCT-1","slingPseudotime_1",30.978428719497,"B7H3","aucell_naive_memory_score",0,"naive_memory"
"AAAGGGATCGTCCCGAAGTAGGCT-1","slingPseudotime_1",30.978428719497,"B7H3","aucell_cytotoxic_score",0,"cytotoxic"
"AAAGGTGAGCTATCGCAGTAGGCT-1","slingPseudotime_1",34.9209324237109,"B7H3","aucell_exhausted_score",0.241004037212568,"exhausted"
"AAAGGTGAGCTATCGCAGTAGGCT-1","slingPseudotime_1",34.9209324237109,"B7H3","aucell_proliferating_score",0.541894736842105,"proliferating"
"AAAGGTGAGCTATCGCAGTAGGCT-1","slingPseudotime_1",34.9209324237109,"B7H3","aucell_naive_memory_score",0,"naive_memory"
"AAAGGTGAGCTATCGCAGTAGGCT-1","slingPseudotime_1",34.9209324237109,"B7H3","aucell_cytotoxic_score",0.016148850272073,"cytotoxic"
"AAAGTCATCTGGCCCAAGTAGGCT-1","slingPseudotime_1",19.9272460155903,"B7H3","aucell_exhausted_score",0,"exhausted"
"AAAGTCATCTGGCCCAAGTAGGCT-1","slingPseudotime_1",19.9272460155903,"B7H3","aucell_proliferating_score",0,"proliferating"
"AAAGTCATCTGGCCCAAGTAGGCT-1","slingPseudotime_1",19.9272460155903,"B7H3","aucell_naive_memory_score",0,"naive_memory"
"AAAGTCATCTGGCCCAAGTAGGCT-1","slingPseudotime_1",19.9272460155903,"B7H3","aucell_cytotoxic_score",0.120940846059329,"cytotoxic"
"AAAGTCATCTGGCCCAAGTAGGCT-1","slingPseudotime_2",21.5480183929128,"B7H3","aucell_exhausted_score",0,"exhausted"
"AAAGTCATCTGGCCCAAGTAGGCT-1","slingPseudotime_2",21.5480183929128,"B7H3","aucell_proliferating_score",0,"proliferating"
"AAAGTCATCTGGCCCAAGTAGGCT-1","slingPseudotime_2",21.5480183929128,"B7H3","aucell_naive_memory_score",0,"naive_memory"
"AAAGTCATCTGGCCCAAGTAGGCT-1","slingPseudotime_2",21.5480183929128,"B7H3","aucell_cytotoxic_score",0.120940846059329,"cytotoxic"
"AAAGTCATCTGGCCCAAGTAGGCT-1","slingPseudotime_3",26.9417797257637,"B7H3","aucell_exhausted_score",0,"exhausted"
"AAAGTCATCTGGCCCAAGTAGGCT-1","slingPseudotime_3",26.9417797257637,"B7H3","aucell_proliferating_score",0,"proliferating"
"AAAGTCATCTGGCCCAAGTAGGCT-1","slingPseudotime_3",26.9417797257637,"B7H3","aucell_naive_memory_score",0,"naive_memory"
"AAAGTCATCTGGCCCAAGTAGGCT-1","slingPseudotime_3",26.9417797257637,"B7H3","aucell_cytotoxic_score",0.120940846059329,"cytotoxic"
"AAATCGATCGACTTTGAGTAGGCT-1","slingPseudotime_1",21.9484556332454,"B7H3","aucell_exhausted_score",0.116201509566438,"exhausted"
"AAATCGATCGACTTTGAGTAGGCT-1","slingPseudotime_1",21.9484556332454,"B7H3","aucell_proliferating_score",0,"proliferating"
"AAATCGATCGACTTTGAGTAGGCT-1","slingPseudotime_1",21.9484556332454,"B7H3","aucell_naive_memory_score",0.113473684210526,"naive_memory"
"AAATCGATCGACTTTGAGTAGGCT-1","slingPseudotime_1",21.9484556332454,"B7H3","aucell_cytotoxic_score",0,"cytotoxic"
"AAATCGATCGACTTTGAGTAGGCT-1","slingPseudotime_2",22.5748480290138,"B7H3","aucell_exhausted_score",0.116201509566438,"exhausted"
"AAATCGATCGACTTTGAGTAGGCT-1","slingPseudotime_2",22.5748480290138,"B7H3","aucell_proliferating_score",0,"proliferating"
"AAATCGATCGACTTTGAGTAGGCT-1","slingPseudotime_2",22.5748480290138,"B7H3","aucell_naive_memory_score",0.113473684210526,"naive_memory"
"AAATCGATCGACTTTGAGTAGGCT-1","slingPseudotime_2",22.5748480290138,"B7H3","aucell_cytotoxic_score",0,"cytotoxic"
"AAATCGATCGACTTTGAGTAGGCT-1","slingPseudotime_3",26.4880918806149,"B7H3","aucell_exhausted_score",0.116201509566438,"exhausted"
"AAATCGATCGACTTTGAGTAGGCT-1","slingPseudotime_3",26.4880918806149,"B7H3","aucell_proliferating_score",0,"proliferating"
"AAATCGATCGACTTTGAGTAGGCT-1","slingPseudotime_3",26.4880918806149,"B7H3","aucell_naive_memory_score",0.113473684210526,"naive_memory"
"AAATCGATCGACTTTGAGTAGGCT-1","slingPseudotime_3",26.4880918806149,"B7H3","aucell_cytotoxic_score",0,"cytotoxic"
"AACCCGGCAAGCCAGTAGTAGGCT-1","slingPseudotime_1",19.4118156634777,"B7H3","aucell_exhausted_score",0.232227488151659,"exhausted"
"AACCCGGCAAGCCAGTAGTAGGCT-1","slingPseudotime_1",19.4118156634777,"B7H3","aucell_proliferating_score",0,"proliferating"
"AACCCGGCAAGCCAGTAGTAGGCT-1","slingPseudotime_1",19.4118156634777,"B7H3","aucell_naive_memory_score",0,"naive_memory"
"AACCCGGCAAGCCAGTAGTAGGCT-1","slingPseudotime_1",19.4118156634777,"B7H3","aucell_cytotoxic_score",0,"cytotoxic"
"AACCCGGCAAGCCAGTAGTAGGCT-1","slingPseudotime_2",21.4735347340287,"B7H3","aucell_exhausted_score",0.232227488151659,"exhausted"
"AACCCGGCAAGCCAGTAGTAGGCT-1","slingPseudotime_2",21.4735347340287,"B7H3","aucell_proliferating_score",0,"proliferating"
"AACCCGGCAAGCCAGTAGTAGGCT-1","slingPseudotime_2",21.4735347340287,"B7H3","aucell_naive_memory_score",0,"naive_memory"
"AACCCGGCAAGCCAGTAGTAGGCT-1","slingPseudotime_2",21.4735347340287,"B7H3","aucell_cytotoxic_score",0,"cytotoxic"
"AACCCGGCAAGCCAGTAGTAGGCT-1","slingPseudotime_3",29.8157602355918,"B7H3","aucell_exhausted_score",0.232227488151659,"exhausted"
"AACCCGGCAAGCCAGTAGTAGGCT-1","slingPseudotime_3",29.8157602355918,"B7H3","aucell_proliferating_score",0,"proliferating"
"AACCCGGCAAGCCAGTAGTAGGCT-1","slingPseudotime_3",29.8157602355918,"B7H3","aucell_naive_memory_score",0,"naive_memory"
"AACCCGGCAAGCCAGTAGTAGGCT-1","slingPseudotime_3",29.8157602355918,"B7H3","aucell_cytotoxic_score",0,"cytotoxic"
"AAGCATGGTTGCCTGAAGTAGGCT-1","slingPseudotime_1",20.1171213836329,"B7H3","aucell_exhausted_score",0.12287168685273,"exhausted"
"AAGCATGGTTGCCTGAAGTAGGCT-1","slingPseudotime_1",20.1171213836329,"B7H3","aucell_proliferating_score",0,"proliferating"
"AAGCATGGTTGCCTGAAGTAGGCT-1","slingPseudotime_1",20.1171213836329,"B7H3","aucell_naive_memory_score",0,"naive_memory"
"AAGCATGGTTGCCTGAAGTAGGCT-1","slingPseudotime_1",20.1171213836329,"B7H3","aucell_cytotoxic_score",0.108478146392838,"cytotoxic"
"AAGCATGGTTGCCTGAAGTAGGCT-1","slingPseudotime_2",23.4517567754436,"B7H3","aucell_exhausted_score",0.12287168685273,"exhausted"
"AAGCATGGTTGCCTGAAGTAGGCT-1","slingPseudotime_2",23.4517567754436,"B7H3","aucell_proliferating_score",0,"proliferating"
"AAGCATGGTTGCCTGAAGTAGGCT-1","slingPseudotime_2",23.4517567754436,"B7H3","aucell_naive_memory_score",0,"naive_memory"
"AAGCATGGTTGCCTGAAGTAGGCT-1","slingPseudotime_2",23.4517567754436,"B7H3","aucell_cytotoxic_score",0.108478146392838,"cytotoxic"
"AAGCATGGTTGCCTGAAGTAGGCT-1","slingPseudotime_3",27.0835162104033,"B7H3","aucell_exhausted_score",0.12287168685273,"exhausted"
"AAGCATGGTTGCCTGAAGTAGGCT-1","slingPseudotime_3",27.0835162104033,"B7H3","aucell_proliferating_score",0,"proliferating"
"AAGCATGGTTGCCTGAAGTAGGCT-1","slingPseudotime_3",27.0835162104033,"B7H3","aucell_naive_memory_score",0,"naive_memory"
"AAGCATGGTTGCCTGAAGTAGGCT-1","slingPseudotime_3",27.0835162104033,"B7H3","aucell_cytotoxic_score",0.108478146392838,"cytotoxic"
"AAGCATGGTTGTGACTAGTAGGCT-1","slingPseudotime_1",21.1590831988747,"B7H3","aucell_exhausted_score",0,"exhausted"
"AAGCATGGTTGTGACTAGTAGGCT-1","slingPseudotime_1",21.1590831988747,"B7H3","aucell_proliferating_score",0,"proliferating"
"AAGCATGGTTGTGACTAGTAGGCT-1","slingPseudotime_1",21.1590831988747,"B7H3","aucell_naive_memory_score",0.0648421052631579,"naive_memory"
"AAGCATGGTTGTGACTAGTAGGCT-1","slingPseudotime_1",21.1590831988747,"B7H3","aucell_cytotoxic_score",0,"cytotoxic"
"AAGCATGGTTGTGACTAGTAGGCT-1","slingPseudotime_2",21.8116006817289,"B7H3","aucell_exhausted_score",0,"exhausted"
"AAGCATGGTTGTGACTAGTAGGCT-1","slingPseudotime_2",21.8116006817289,"B7H3","aucell_proliferating_score",0,"proliferating"
"AAGCATGGTTGTGACTAGTAGGCT-1","slingPseudotime_2",21.8116006817289,"B7H3","aucell_naive_memory_score",0.0648421052631579,"naive_memory"
"AAGCATGGTTGTGACTAGTAGGCT-1","slingPseudotime_2",21.8116006817289,"B7H3","aucell_cytotoxic_score",0,"cytotoxic"
"AAGCATGGTTGTGACTAGTAGGCT-1","slingPseudotime_3",27.052412546386,"B7H3","aucell_exhausted_score",0,"exhausted"
"AAGCATGGTTGTGACTAGTAGGCT-1","slingPseudotime_3",27.052412546386,"B7H3","aucell_proliferating_score",0,"proliferating"
"AAGCATGGTTGTGACTAGTAGGCT-1","slingPseudotime_3",27.052412546386,"B7H3","aucell_naive_memory_score",0.0648421052631579,"naive_memory"
"AAGCATGGTTGTGACTAGTAGGCT-1","slingPseudotime_3",27.052412546386,"B7H3","aucell_cytotoxic_score",0,"cytotoxic"
"AAGGAACCATAAGTCGAGTAGGCT-1","slingPseudotime_1",35.6539798659437,"B7H3","aucell_exhausted_score",0.265578374583114,"exhausted"
"AAGGAACCATAAGTCGAGTAGGCT-1","slingPseudotime_1",35.6539798659437,"B7H3","aucell_proliferating_score",0.160842105263158,"proliferating"
"AAGGAACCATAAGTCGAGTAGGCT-1","slingPseudotime_1",35.6539798659437,"B7H3","aucell_naive_memory_score",0,"naive_memory"
"AAGGAACCATAAGTCGAGTAGGCT-1","slingPseudotime_1",35.6539798659437,"B7H3","aucell_cytotoxic_score",0,"cytotoxic"
"AAGTGAACAAACAATCAGTAGGCT-1","slingPseudotime_3",33.4715279219135,"B7H3","aucell_exhausted_score",0.148148148148148,"exhausted"
"AAGTGAACAAACAATCAGTAGGCT-1","slingPseudotime_3",33.4715279219135,"B7H3","aucell_proliferating_score",0,"proliferating"
"AAGTGAACAAACAATCAGTAGGCT-1","slingPseudotime_3",33.4715279219135,"B7H3","aucell_naive_memory_score",0,"naive_memory"
"AAGTGAACAAACAATCAGTAGGCT-1","slingPseudotime_3",33.4715279219135,"B7H3","aucell_cytotoxic_score",0,"cytotoxic"
"AAGTGAGAGAGCAAGAAGTAGGCT-1","slingPseudotime_1",22.3992554155087,"B7H3","aucell_exhausted_score",0.217658416710549,"exhausted"
"AAGTGAGAGAGCAAGAAGTAGGCT-1","slingPseudotime_1",22.3992554155087,"B7H3","aucell_proliferating_score",0,"proliferating"
"AAGTGAGAGAGCAAGAAGTAGGCT-1","slingPseudotime_1",22.3992554155087,"B7H3","aucell_naive_memory_score",0.121263157894737,"naive_memory"
"AAGTGAGAGAGCAAGAAGTAGGCT-1","slingPseudotime_1",22.3992554155087,"B7H3","aucell_cytotoxic_score",0,"cytotoxic"
"AAGTGAGAGAGCAAGAAGTAGGCT-1","slingPseudotime_2",22.5748480290138,"B7H3","aucell_exhausted_score",0.217658416710549,"exhausted"
"AAGTGAGAGAGCAAGAAGTAGGCT-1","slingPseudotime_2",22.5748480290138,"B7H3","aucell_proliferating_score",0,"proliferating"
"AAGTGAGAGAGCAAGAAGTAGGCT-1","slingPseudotime_2",22.5748480290138,"B7H3","aucell_naive_memory_score",0.121263157894737,"naive_memory"
"AAGTGAGAGAGCAAGAAGTAGGCT-1","slingPseudotime_2",22.5748480290138,"B7H3","aucell_cytotoxic_score",0,"cytotoxic"
"AAGTGAGAGAGCAAGAAGTAGGCT-1","slingPseudotime_3",27.7502583035806,"B7H3","aucell_exhausted_score",0.217658416710549,"exhausted"
"AAGTGAGAGAGCAAGAAGTAGGCT-1","slingPseudotime_3",27.7502583035806,"B7H3","aucell_proliferating_score",0,"proliferating"
"AAGTGAGAGAGCAAGAAGTAGGCT-1","slingPseudotime_3",27.7502583035806,"B7H3","aucell_naive_memory_score",0.121263157894737,"naive_memory"
"AAGTGAGAGAGCAAGAAGTAGGCT-1","slingPseudotime_3",27.7502583035806,"B7H3","aucell_cytotoxic_score",0,"cytotoxic"
"AATATGGTCACTTGATAGTAGGCT-1","slingPseudotime_1",22.6637931931274,"B7H3","aucell_exhausted_score",0.298578199052133,"exhausted"
"AATATGGTCACTTGATAGTAGGCT-1","slingPseudotime_1",22.6637931931274,"B7H3","aucell_proliferating_score",0,"proliferating"
"AATATGGTCACTTGATAGTAGGCT-1","slingPseudotime_1",22.6637931931274,"B7H3","aucell_naive_memory_score",0,"naive_memory"
"AATATGGTCACTTGATAGTAGGCT-1","slingPseudotime_1",22.6637931931274,"B7H3","aucell_cytotoxic_score",0,"cytotoxic"
"AATATGGTCACTTGATAGTAGGCT-1","slingPseudotime_2",24.1804332781948,"B7H3","aucell_exhausted_score",0.298578199052133,"exhausted"
"AATATGGTCACTTGATAGTAGGCT-1","slingPseudotime_2",24.1804332781948,"B7H3","aucell_proliferating_score",0,"proliferating"
"AATATGGTCACTTGATAGTAGGCT-1","slingPseudotime_2",24.1804332781948,"B7H3","aucell_naive_memory_score",0,"naive_memory"
"AATATGGTCACTTGATAGTAGGCT-1","slingPseudotime_2",24.1804332781948,"B7H3","aucell_cytotoxic_score",0,"cytotoxic"
"AATATGGTCACTTGATAGTAGGCT-1","slingPseudotime_3",24.9809838383185,"B7H3","aucell_exhausted_score",0.298578199052133,"exhausted"
"AATATGGTCACTTGATAGTAGGCT-1","slingPseudotime_3",24.9809838383185,"B7H3","aucell_proliferating_score",0,"proliferating"
"AATATGGTCACTTGATAGTAGGCT-1","slingPseudotime_3",24.9809838383185,"B7H3","aucell_naive_memory_score",0,"naive_memory"
"AATATGGTCACTTGATAGTAGGCT-1","slingPseudotime_3",24.9809838383185,"B7H3","aucell_cytotoxic_score",0,"cytotoxic"
"AATCGGCCATCACGAAAGTAGGCT-1","slingPseudotime_1",21.2130359522993,"B7H3","aucell_exhausted_score",0.106547305599438,"exhausted"
"AATCGGCCATCACGAAAGTAGGCT-1","slingPseudotime_1",21.2130359522993,"B7H3","aucell_proliferating_score",0,"proliferating"
"AATCGGCCATCACGAAAGTAGGCT-1","slingPseudotime_1",21.2130359522993,"B7H3","aucell_naive_memory_score",0,"naive_memory"
"AATCGGCCATCACGAAAGTAGGCT-1","slingPseudotime_1",21.2130359522993,"B7H3","aucell_cytotoxic_score",0.159908723889767,"cytotoxic"
"AATCGGCCATCACGAAAGTAGGCT-1","slingPseudotime_2",24.108066439487,"B7H3","aucell_exhausted_score",0.106547305599438,"exhausted"
"AATCGGCCATCACGAAAGTAGGCT-1","slingPseudotime_2",24.108066439487,"B7H3","aucell_proliferating_score",0,"proliferating"
"AATCGGCCATCACGAAAGTAGGCT-1","slingPseudotime_2",24.108066439487,"B7H3","aucell_naive_memory_score",0,"naive_memory"
"AATCGGCCATCACGAAAGTAGGCT-1","slingPseudotime_2",24.108066439487,"B7H3","aucell_cytotoxic_score",0.159908723889767,"cytotoxic"
"AATCGGCCATCACGAAAGTAGGCT-1","slingPseudotime_3",25.0712264663928,"B7H3","aucell_exhausted_score",0.106547305599438,"exhausted"
"AATCGGCCATCACGAAAGTAGGCT-1","slingPseudotime_3",25.0712264663928,"B7H3","aucell_proliferating_score",0,"proliferating"
"AATCGGCCATCACGAAAGTAGGCT-1","slingPseudotime_3",25.0712264663928,"B7H3","aucell_naive_memory_score",0,"naive_memory"
"AATCGGCCATCACGAAAGTAGGCT-1","slingPseudotime_3",25.0712264663928,"B7H3","aucell_cytotoxic_score",0.159908723889767,"cytotoxic"
"ACAACCTGTTGTTTAGAGTAGGCT-1","slingPseudotime_1",21.5644595787132,"B7H3","aucell_exhausted_score",0,"exhausted"
"ACAACCTGTTGTTTAGAGTAGGCT-1","slingPseudotime_1",21.5644595787132,"B7H3","aucell_proliferating_score",0,"proliferating"
"ACAACCTGTTGTTTAGAGTAGGCT-1","slingPseudotime_1",21.5644595787132,"B7H3","aucell_naive_memory_score",0,"naive_memory"
"ACAACCTGTTGTTTAGAGTAGGCT-1","slingPseudotime_1",21.5644595787132,"B7H3","aucell_cytotoxic_score",0.230647709320695,"cytotoxic"
"ACAACCTGTTGTTTAGAGTAGGCT-1","slingPseudotime_2",22.5748480290138,"B7H3","aucell_exhausted_score",0,"exhausted"
"ACAACCTGTTGTTTAGAGTAGGCT-1","slingPseudotime_2",22.5748480290138,"B7H3","aucell_proliferating_score",0,"proliferating"
"ACAACCTGTTGTTTAGAGTAGGCT-1","slingPseudotime_2",22.5748480290138,"B7H3","aucell_naive_memory_score",0,"naive_memory"
"ACAACCTGTTGTTTAGAGTAGGCT-1","slingPseudotime_2",22.5748480290138,"B7H3","aucell_cytotoxic_score",0.230647709320695,"cytotoxic"
"ACAACCTGTTGTTTAGAGTAGGCT-1","slingPseudotime_3",25.5201284390381,"B7H3","aucell_exhausted_score",0,"exhausted"
"ACAACCTGTTGTTTAGAGTAGGCT-1","slingPseudotime_3",25.5201284390381,"B7H3","aucell_proliferating_score",0,"proliferating"
"ACAACCTGTTGTTTAGAGTAGGCT-1","slingPseudotime_3",25.5201284390381,"B7H3","aucell_naive_memory_score",0,"naive_memory"
"ACAACCTGTTGTTTAGAGTAGGCT-1","slingPseudotime_3",25.5201284390381,"B7H3","aucell_cytotoxic_score",0.230647709320695,"cytotoxic"
"ACACCAACAAACCTGAAGTAGGCT-1","slingPseudotime_1",30.9216118602253,"B7H3","aucell_exhausted_score",0,"exhausted"
"ACACCAACAAACCTGAAGTAGGCT-1","slingPseudotime_1",30.9216118602253,"B7H3","aucell_proliferating_score",0.187789473684211,"proliferating"
"ACACCAACAAACCTGAAGTAGGCT-1","slingPseudotime_1",30.9216118602253,"B7H3","aucell_naive_memory_score",0.0642105263157895,"naive_memory"
"ACACCAACAAACCTGAAGTAGGCT-1","slingPseudotime_1",30.9216118602253,"B7H3","aucell_cytotoxic_score",0,"cytotoxic"
"ACACCAACATGAGGGAAGTAGGCT-1","slingPseudotime_1",26.4057447197483,"B7H3","aucell_exhausted_score",0,"exhausted"
"ACACCAACATGAGGGAAGTAGGCT-1","slingPseudotime_1",26.4057447197483,"B7H3","aucell_proliferating_score",0.171789473684211,"proliferating"
"ACACCAACATGAGGGAAGTAGGCT-1","slingPseudotime_1",26.4057447197483,"B7H3","aucell_naive_memory_score",0,"naive_memory"
"ACACCAACATGAGGGAAGTAGGCT-1","slingPseudotime_1",26.4057447197483,"B7H3","aucell_cytotoxic_score",0.113919606810602,"cytotoxic"
"ACACGCGCAATTAGCGAGTAGGCT-1","slingPseudotime_1",20.6706334582377,"B7H3","aucell_exhausted_score",0.143408811655257,"exhausted"
"ACACGCGCAATTAGCGAGTAGGCT-1","slingPseudotime_1",20.6706334582377,"B7H3","aucell_proliferating_score",0,"proliferating"
"ACACGCGCAATTAGCGAGTAGGCT-1","slingPseudotime_1",20.6706334582377,"B7H3","aucell_naive_memory_score",0,"naive_memory"
"ACACGCGCAATTAGCGAGTAGGCT-1","slingPseudotime_1",20.6706334582377,"B7H3","aucell_cytotoxic_score",0.130419519045111,"cytotoxic"
"ACACGCGCAATTAGCGAGTAGGCT-1","slingPseudotime_2",21.8116006817289,"B7H3","aucell_exhausted_score",0.143408811655257,"exhausted"
"ACACGCGCAATTAGCGAGTAGGCT-1","slingPseudotime_2",21.8116006817289,"B7H3","aucell_proliferating_score",0,"proliferating"
"ACACGCGCAATTAGCGAGTAGGCT-1","slingPseudotime_2",21.8116006817289,"B7H3","aucell_naive_memory_score",0,"naive_memory"
"ACACGCGCAATTAGCGAGTAGGCT-1","slingPseudotime_2",21.8116006817289,"B7H3","aucell_cytotoxic_score",0.130419519045111,"cytotoxic"
"ACACGCGCAATTAGCGAGTAGGCT-1","slingPseudotime_3",25.4629829471275,"B7H3","aucell_exhausted_score",0.143408811655257,"exhausted"
"ACACGCGCAATTAGCGAGTAGGCT-1","slingPseudotime_3",25.4629829471275,"B7H3","aucell_proliferating_score",0,"proliferating"
"ACACGCGCAATTAGCGAGTAGGCT-1","slingPseudotime_3",25.4629829471275,"B7H3","aucell_naive_memory_score",0,"naive_memory"
"ACACGCGCAATTAGCGAGTAGGCT-1","slingPseudotime_3",25.4629829471275,"B7H3","aucell_cytotoxic_score",0.130419519045111,"cytotoxic"
"ACAGCACCATTTCGACAGTAGGCT-1","slingPseudotime_1",33.541053395309,"B7H3","aucell_exhausted_score",0.104089871862384,"exhausted"
"ACAGCACCATTTCGACAGTAGGCT-1","slingPseudotime_1",33.541053395309,"B7H3","aucell_proliferating_score",0.285894736842105,"proliferating"
"ACAGCACCATTTCGACAGTAGGCT-1","slingPseudotime_1",33.541053395309,"B7H3","aucell_naive_memory_score",0,"naive_memory"
"ACAGCACCATTTCGACAGTAGGCT-1","slingPseudotime_1",33.541053395309,"B7H3","aucell_cytotoxic_score",0.403896787783044,"cytotoxic"
"ACATACTTCCGAATTTAGTAGGCT-1","slingPseudotime_1",21.2130359522993,"B7H3","aucell_exhausted_score",0.118658943303493,"exhausted"
"ACATACTTCCGAATTTAGTAGGCT-1","slingPseudotime_1",21.2130359522993,"B7H3","aucell_proliferating_score",0,"proliferating"
"ACATACTTCCGAATTTAGTAGGCT-1","slingPseudotime_1",21.2130359522993,"B7H3","aucell_naive_memory_score",0,"naive_memory"
"ACATACTTCCGAATTTAGTAGGCT-1","slingPseudotime_1",21.2130359522993,"B7H3","aucell_cytotoxic_score",0.14604177637353,"cytotoxic"
"ACATACTTCCGAATTTAGTAGGCT-1","slingPseudotime_2",23.801147745777,"B7H3","aucell_exhausted_score",0.118658943303493,"exhausted"
"ACATACTTCCGAATTTAGTAGGCT-1","slingPseudotime_2",23.801147745777,"B7H3","aucell_proliferating_score",0,"proliferating"
"ACATACTTCCGAATTTAGTAGGCT-1","slingPseudotime_2",23.801147745777,"B7H3","aucell_naive_memory_score",0,"naive_memory"
"ACATACTTCCGAATTTAGTAGGCT-1","slingPseudotime_2",23.801147745777,"B7H3","aucell_cytotoxic_score",0.14604177637353,"cytotoxic"
"ACATACTTCCGAATTTAGTAGGCT-1","slingPseudotime_3",24.984606768124,"B7H3","aucell_exhausted_score",0.118658943303493,"exhausted"
"ACATACTTCCGAATTTAGTAGGCT-1","slingPseudotime_3",24.984606768124,"B7H3","aucell_proliferating_score",0,"proliferating"
"ACATACTTCCGAATTTAGTAGGCT-1","slingPseudotime_3",24.984606768124,"B7H3","aucell_naive_memory_score",0,"naive_memory"
"ACATACTTCCGAATTTAGTAGGCT-1","slingPseudotime_3",24.984606768124,"B7H3","aucell_cytotoxic_score",0.14604177637353,"cytotoxic"
"ACATGTTTCCTTAGATAGTAGGCT-1","slingPseudotime_1",21.9484556332454,"B7H3","aucell_exhausted_score",0.134632262594348,"exhausted"
"ACATGTTTCCTTAGATAGTAGGCT-1","slingPseudotime_1",21.9484556332454,"B7H3","aucell_proliferating_score",0,"proliferating"
"ACATGTTTCCTTAGATAGTAGGCT-1","slingPseudotime_1",21.9484556332454,"B7H3","aucell_naive_memory_score",0.0147368421052632,"naive_memory"
"ACATGTTTCCTTAGATAGTAGGCT-1","slingPseudotime_1",21.9484556332454,"B7H3","aucell_cytotoxic_score",0.381779884149552,"cytotoxic"
"ACATGTTTCCTTAGATAGTAGGCT-1","slingPseudotime_2",22.3236124482042,"B7H3","aucell_exhausted_score",0.134632262594348,"exhausted"
"ACATGTTTCCTTAGATAGTAGGCT-1","slingPseudotime_2",22.3236124482042,"B7H3","aucell_proliferating_score",0,"proliferating"
"ACATGTTTCCTTAGATAGTAGGCT-1","slingPseudotime_2",22.3236124482042,"B7H3","aucell_naive_memory_score",0.0147368421052632,"naive_memory"
"ACATGTTTCCTTAGATAGTAGGCT-1","slingPseudotime_2",22.3236124482042,"B7H3","aucell_cytotoxic_score",0.381779884149552,"cytotoxic"
"ACATGTTTCCTTAGATAGTAGGCT-1","slingPseudotime_3",27.4639111323629,"B7H3","aucell_exhausted_score",0.134632262594348,"exhausted"
"ACATGTTTCCTTAGATAGTAGGCT-1","slingPseudotime_3",27.4639111323629,"B7H3","aucell_proliferating_score",0,"proliferating"
"ACATGTTTCCTTAGATAGTAGGCT-1","slingPseudotime_3",27.4639111323629,"B7H3","aucell_naive_memory_score",0.0147368421052632,"naive_memory"
"ACATGTTTCCTTAGATAGTAGGCT-1","slingPseudotime_3",27.4639111323629,"B7H3","aucell_cytotoxic_score",0.381779884149552,"cytotoxic"
"ACATTGTTCACTTGATAGTAGGCT-1","slingPseudotime_1",21.1625026707686,"B7H3","aucell_exhausted_score",0.160435316833421,"exhausted"
"ACATTGTTCACTTGATAGTAGGCT-1","slingPseudotime_1",21.1625026707686,"B7H3","aucell_proliferating_score",0,"proliferating"
"ACATTGTTCACTTGATAGTAGGCT-1","slingPseudotime_1",21.1625026707686,"B7H3","aucell_naive_memory_score",0.127789473684211,"naive_memory"
"ACATTGTTCACTTGATAGTAGGCT-1","slingPseudotime_1",21.1625026707686,"B7H3","aucell_cytotoxic_score",0,"cytotoxic"
"ACATTGTTCACTTGATAGTAGGCT-1","slingPseudotime_2",22.0700709175469,"B7H3","aucell_exhausted_score",0.160435316833421,"exhausted"
"ACATTGTTCACTTGATAGTAGGCT-1","slingPseudotime_2",22.0700709175469,"B7H3","aucell_proliferating_score",0,"proliferating"
"ACATTGTTCACTTGATAGTAGGCT-1","slingPseudotime_2",22.0700709175469,"B7H3","aucell_naive_memory_score",0.127789473684211,"naive_memory"
"ACATTGTTCACTTGATAGTAGGCT-1","slingPseudotime_2",22.0700709175469,"B7H3","aucell_cytotoxic_score",0,"cytotoxic"
"ACATTGTTCACTTGATAGTAGGCT-1","slingPseudotime_3",27.424193875418,"B7H3","aucell_exhausted_score",0.160435316833421,"exhausted"
"ACATTGTTCACTTGATAGTAGGCT-1","slingPseudotime_3",27.424193875418,"B7H3","aucell_proliferating_score",0,"proliferating"
"ACATTGTTCACTTGATAGTAGGCT-1","slingPseudotime_3",27.424193875418,"B7H3","aucell_naive_memory_score",0.127789473684211,"naive_memory"
"ACATTGTTCACTTGATAGTAGGCT-1","slingPseudotime_3",27.424193875418,"B7H3","aucell_cytotoxic_score",0,"cytotoxic"
"ACCAGGTCATTGTGAGAGTAGGCT-1","slingPseudotime_1",21.2130359522993,"B7H3","aucell_exhausted_score",0.215025451992277,"exhausted"
"ACCAGGTCATTGTGAGAGTAGGCT-1","slingPseudotime_1",21.2130359522993,"B7H3","aucell_proliferating_score",0.0642105263157895,"proliferating"
"ACCAGGTCATTGTGAGAGTAGGCT-1","slingPseudotime_1",21.2130359522993,"B7H3","aucell_naive_memory_score",0.100421052631579,"naive_memory"
"ACCAGGTCATTGTGAGAGTAGGCT-1","slingPseudotime_1",21.2130359522993,"B7H3","aucell_cytotoxic_score",0.0775846936984378,"cytotoxic"
"ACCAGGTCATTGTGAGAGTAGGCT-1","slingPseudotime_2",21.8116006817289,"B7H3","aucell_exhausted_score",0.215025451992277,"exhausted"
"ACCAGGTCATTGTGAGAGTAGGCT-1","slingPseudotime_2",21.8116006817289,"B7H3","aucell_proliferating_score",0.0642105263157895,"proliferating"
"ACCAGGTCATTGTGAGAGTAGGCT-1","slingPseudotime_2",21.8116006817289,"B7H3","aucell_naive_memory_score",0.100421052631579,"naive_memory"
"ACCAGGTCATTGTGAGAGTAGGCT-1","slingPseudotime_2",21.8116006817289,"B7H3","aucell_cytotoxic_score",0.0775846936984378,"cytotoxic"
"ACCAGGTCATTGTGAGAGTAGGCT-1","slingPseudotime_3",28.1225799266143,"B7H3","aucell_exhausted_score",0.215025451992277,"exhausted"
"ACCAGGTCATTGTGAGAGTAGGCT-1","slingPseudotime_3",28.1225799266143,"B7H3","aucell_proliferating_score",0.0642105263157895,"proliferating"
"ACCAGGTCATTGTGAGAGTAGGCT-1","slingPseudotime_3",28.1225799266143,"B7H3","aucell_naive_memory_score",0.100421052631579,"naive_memory"
"ACCAGGTCATTGTGAGAGTAGGCT-1","slingPseudotime_3",28.1225799266143,"B7H3","aucell_cytotoxic_score",0.0775846936984378,"cytotoxic"
"ACCGCCATCTGCAACCAGTAGGCT-1","slingPseudotime_1",18.8827318795342,"B7H3","aucell_exhausted_score",0,"exhausted"
"ACCGCCATCTGCAACCAGTAGGCT-1","slingPseudotime_1",18.8827318795342,"B7H3","aucell_proliferating_score",0,"proliferating"
"ACCGCCATCTGCAACCAGTAGGCT-1","slingPseudotime_1",18.8827318795342,"B7H3","aucell_naive_memory_score",0,"naive_memory"
"ACCGCCATCTGCAACCAGTAGGCT-1","slingPseudotime_1",18.8827318795342,"B7H3","aucell_cytotoxic_score",0,"cytotoxic"
"ACCGCCATCTGCAACCAGTAGGCT-1","slingPseudotime_2",19.0124874136659,"B7H3","aucell_exhausted_score",0,"exhausted"
"ACCGCCATCTGCAACCAGTAGGCT-1","slingPseudotime_2",19.0124874136659,"B7H3","aucell_proliferating_score",0,"proliferating"
"ACCGCCATCTGCAACCAGTAGGCT-1","slingPseudotime_2",19.0124874136659,"B7H3","aucell_naive_memory_score",0,"naive_memory"
"ACCGCCATCTGCAACCAGTAGGCT-1","slingPseudotime_2",19.0124874136659,"B7H3","aucell_cytotoxic_score",0,"cytotoxic"
"ACCGCCATCTGCAACCAGTAGGCT-1","slingPseudotime_3",18.1046018349288,"B7H3","aucell_exhausted_score",0,"exhausted"
"ACCGCCATCTGCAACCAGTAGGCT-1","slingPseudotime_3",18.1046018349288,"B7H3","aucell_proliferating_score",0,"proliferating"
"ACCGCCATCTGCAACCAGTAGGCT-1","slingPseudotime_3",18.1046018349288,"B7H3","aucell_naive_memory_score",0,"naive_memory"
"ACCGCCATCTGCAACCAGTAGGCT-1","slingPseudotime_3",18.1046018349288,"B7H3","aucell_cytotoxic_score",0,"cytotoxic"
"ACCTCACAGCTTACTGAGTAGGCT-1","slingPseudotime_3",34.7504703084236,"B7H3","aucell_exhausted_score",0,"exhausted"
"ACCTCACAGCTTACTGAGTAGGCT-1","slingPseudotime_3",34.7504703084236,"B7H3","aucell_proliferating_score",0,"proliferating"
"ACCTCACAGCTTACTGAGTAGGCT-1","slingPseudotime_3",34.7504703084236,"B7H3","aucell_naive_memory_score",0,"naive_memory"
"ACCTCACAGCTTACTGAGTAGGCT-1","slingPseudotime_3",34.7504703084236,"B7H3","aucell_cytotoxic_score",0,"cytotoxic"
"ACCTGGAAGATTGCAAAGTAGGCT-1","slingPseudotime_1",22.6637931931274,"B7H3","aucell_exhausted_score",0.164296998420221,"exhausted"
"ACCTGGAAGATTGCAAAGTAGGCT-1","slingPseudotime_1",22.6637931931274,"B7H3","aucell_proliferating_score",0,"proliferating"
"ACCTGGAAGATTGCAAAGTAGGCT-1","slingPseudotime_1",22.6637931931274,"B7H3","aucell_naive_memory_score",0,"naive_memory"
"ACCTGGAAGATTGCAAAGTAGGCT-1","slingPseudotime_1",22.6637931931274,"B7H3","aucell_cytotoxic_score",0.13252589081973,"cytotoxic"
"ACCTGGAAGATTGCAAAGTAGGCT-1","slingPseudotime_2",22.8783098856349,"B7H3","aucell_exhausted_score",0.164296998420221,"exhausted"
"ACCTGGAAGATTGCAAAGTAGGCT-1","slingPseudotime_2",22.8783098856349,"B7H3","aucell_proliferating_score",0,"proliferating"
"ACCTGGAAGATTGCAAAGTAGGCT-1","slingPseudotime_2",22.8783098856349,"B7H3","aucell_naive_memory_score",0,"naive_memory"
"ACCTGGAAGATTGCAAAGTAGGCT-1","slingPseudotime_2",22.8783098856349,"B7H3","aucell_cytotoxic_score",0.13252589081973,"cytotoxic"
"ACCTGGAAGATTGCAAAGTAGGCT-1","slingPseudotime_3",24.8886176220639,"B7H3","aucell_exhausted_score",0.164296998420221,"exhausted"
"ACCTGGAAGATTGCAAAGTAGGCT-1","slingPseudotime_3",24.8886176220639,"B7H3","aucell_proliferating_score",0,"proliferating"
"ACCTGGAAGATTGCAAAGTAGGCT-1","slingPseudotime_3",24.8886176220639,"B7H3","aucell_naive_memory_score",0,"naive_memory"
"ACCTGGAAGATTGCAAAGTAGGCT-1","slingPseudotime_3",24.8886176220639,"B7H3","aucell_cytotoxic_score",0.13252589081973,"cytotoxic"
"ACGCCCATCAAGGTACAGTAGGCT-1","slingPseudotime_1",28.9227550505814,"B7H3","aucell_exhausted_score",0.0761804458486923,"exhausted"
"ACGCCCATCAAGGTACAGTAGGCT-1","slingPseudotime_1",28.9227550505814,"B7H3","aucell_proliferating_score",0,"proliferating"
"ACGCCCATCAAGGTACAGTAGGCT-1","slingPseudotime_1",28.9227550505814,"B7H3","aucell_naive_memory_score",0.277263157894737,"naive_memory"
"ACGCCCATCAAGGTACAGTAGGCT-1","slingPseudotime_1",28.9227550505814,"B7H3","aucell_cytotoxic_score",0,"cytotoxic"
"ACGGAACGTTAGCTCGAGTAGGCT-1","slingPseudotime_1",18.8325750470556,"B7H3","aucell_exhausted_score",0,"exhausted"
"ACGGAACGTTAGCTCGAGTAGGCT-1","slingPseudotime_1",18.8325750470556,"B7H3","aucell_proliferating_score",0.100210526315789,"proliferating"
"ACGGAACGTTAGCTCGAGTAGGCT-1","slingPseudotime_1",18.8325750470556,"B7H3","aucell_naive_memory_score",0.199578947368421,"naive_memory"
"ACGGAACGTTAGCTCGAGTAGGCT-1","slingPseudotime_1",18.8325750470556,"B7H3","aucell_cytotoxic_score",0,"cytotoxic"
"ACGGAACGTTAGCTCGAGTAGGCT-1","slingPseudotime_2",19.4112754363972,"B7H3","aucell_exhausted_score",0,"exhausted"
"ACGGAACGTTAGCTCGAGTAGGCT-1","slingPseudotime_2",19.4112754363972,"B7H3","aucell_proliferating_score",0.100210526315789,"proliferating"
"ACGGAACGTTAGCTCGAGTAGGCT-1","slingPseudotime_2",19.4112754363972,"B7H3","aucell_naive_memory_score",0.199578947368421,"naive_memory"
"ACGGAACGTTAGCTCGAGTAGGCT-1","slingPseudotime_2",19.4112754363972,"B7H3","aucell_cytotoxic_score",0,"cytotoxic"
"ACGGAACGTTAGCTCGAGTAGGCT-1","slingPseudotime_3",26.969220827066,"B7H3","aucell_exhausted_score",0,"exhausted"
"ACGGAACGTTAGCTCGAGTAGGCT-1","slingPseudotime_3",26.969220827066,"B7H3","aucell_proliferating_score",0.100210526315789,"proliferating"
"ACGGAACGTTAGCTCGAGTAGGCT-1","slingPseudotime_3",26.969220827066,"B7H3","aucell_naive_memory_score",0.199578947368421,"naive_memory"
"ACGGAACGTTAGCTCGAGTAGGCT-1","slingPseudotime_3",26.969220827066,"B7H3","aucell_cytotoxic_score",0,"cytotoxic"
"ACGTAGCCAAGATAAGAGTAGGCT-1","slingPseudotime_1",23.0768153320306,"B7H3","aucell_exhausted_score",0.515710022819028,"exhausted"
"ACGTAGCCAAGATAAGAGTAGGCT-1","slingPseudotime_1",23.0768153320306,"B7H3","aucell_proliferating_score",0,"proliferating"
"ACGTAGCCAAGATAAGAGTAGGCT-1","slingPseudotime_1",23.0768153320306,"B7H3","aucell_naive_memory_score",0,"naive_memory"
"ACGTAGCCAAGATAAGAGTAGGCT-1","slingPseudotime_1",23.0768153320306,"B7H3","aucell_cytotoxic_score",0,"cytotoxic"
"ACGTAGCCAAGATAAGAGTAGGCT-1","slingPseudotime_2",24.8504776243792,"B7H3","aucell_exhausted_score",0.515710022819028,"exhausted"
"ACGTAGCCAAGATAAGAGTAGGCT-1","slingPseudotime_2",24.8504776243792,"B7H3","aucell_proliferating_score",0,"proliferating"
"ACGTAGCCAAGATAAGAGTAGGCT-1","slingPseudotime_2",24.8504776243792,"B7H3","aucell_naive_memory_score",0,"naive_memory"
"ACGTAGCCAAGATAAGAGTAGGCT-1","slingPseudotime_2",24.8504776243792,"B7H3","aucell_cytotoxic_score",0,"cytotoxic"
"ACGTAGCCAAGATAAGAGTAGGCT-1","slingPseudotime_3",25.8240448849868,"B7H3","aucell_exhausted_score",0.515710022819028,"exhausted"
"ACGTAGCCAAGATAAGAGTAGGCT-1","slingPseudotime_3",25.8240448849868,"B7H3","aucell_proliferating_score",0,"proliferating"
"ACGTAGCCAAGATAAGAGTAGGCT-1","slingPseudotime_3",25.8240448849868,"B7H3","aucell_naive_memory_score",0,"naive_memory"
"ACGTAGCCAAGATAAGAGTAGGCT-1","slingPseudotime_3",25.8240448849868,"B7H3","aucell_cytotoxic_score",0,"cytotoxic"
"ACTGGCTTCCCGCTGAAGTAGGCT-1","slingPseudotime_1",21.1122361333923,"B7H3","aucell_exhausted_score",0,"exhausted"
"ACTGGCTTCCCGCTGAAGTAGGCT-1","slingPseudotime_1",21.1122361333923,"B7H3","aucell_proliferating_score",0,"proliferating"
"ACTGGCTTCCCGCTGAAGTAGGCT-1","slingPseudotime_1",21.1122361333923,"B7H3","aucell_naive_memory_score",0,"naive_memory"
"ACTGGCTTCCCGCTGAAGTAGGCT-1","slingPseudotime_1",21.1122361333923,"B7H3","aucell_cytotoxic_score",0.108127084430402,"cytotoxic"
"ACTGGCTTCCCGCTGAAGTAGGCT-1","slingPseudotime_2",23.1912980386033,"B7H3","aucell_exhausted_score",0,"exhausted"
"ACTGGCTTCCCGCTGAAGTAGGCT-1","slingPseudotime_2",23.1912980386033,"B7H3","aucell_proliferating_score",0,"proliferating"
"ACTGGCTTCCCGCTGAAGTAGGCT-1","slingPseudotime_2",23.1912980386033,"B7H3","aucell_naive_memory_score",0,"naive_memory"
"ACTGGCTTCCCGCTGAAGTAGGCT-1","slingPseudotime_2",23.1912980386033,"B7H3","aucell_cytotoxic_score",0.108127084430402,"cytotoxic"
"ACTGGCTTCCCGCTGAAGTAGGCT-1","slingPseudotime_3",23.4183457543791,"B7H3","aucell_exhausted_score",0,"exhausted"
"ACTGGCTTCCCGCTGAAGTAGGCT-1","slingPseudotime_3",23.4183457543791,"B7H3","aucell_proliferating_score",0,"proliferating"
"ACTGGCTTCCCGCTGAAGTAGGCT-1","slingPseudotime_3",23.4183457543791,"B7H3","aucell_naive_memory_score",0,"naive_memory"
"ACTGGCTTCCCGCTGAAGTAGGCT-1","slingPseudotime_3",23.4183457543791,"B7H3","aucell_cytotoxic_score",0.108127084430402,"cytotoxic"
"ACTTCAAGTTGTCATAAGTAGGCT-1","slingPseudotime_1",29.6183788773333,"B7H3","aucell_exhausted_score",0.0940846059329472,"exhausted"
"ACTTCAAGTTGTCATAAGTAGGCT-1","slingPseudotime_1",29.6183788773333,"B7H3","aucell_proliferating_score",0.205473684210526,"proliferating"
"ACTTCAAGTTGTCATAAGTAGGCT-1","slingPseudotime_1",29.6183788773333,"B7H3","aucell_naive_memory_score",0,"naive_memory"
"ACTTCAAGTTGTCATAAGTAGGCT-1","slingPseudotime_1",29.6183788773333,"B7H3","aucell_cytotoxic_score",0,"cytotoxic"
"AGAAACCTCCTAAGGGAGTAGGCT-1","slingPseudotime_1",21.9484556332454,"B7H3","aucell_exhausted_score",0.165174653326312,"exhausted"
"AGAAACCTCCTAAGGGAGTAGGCT-1","slingPseudotime_1",21.9484556332454,"B7H3","aucell_proliferating_score",0,"proliferating"
"AGAAACCTCCTAAGGGAGTAGGCT-1","slingPseudotime_1",21.9484556332454,"B7H3","aucell_naive_memory_score",0,"naive_memory"
"AGAAACCTCCTAAGGGAGTAGGCT-1","slingPseudotime_1",21.9484556332454,"B7H3","aucell_cytotoxic_score",0.187291556959803,"cytotoxic"
"AGAAACCTCCTAAGGGAGTAGGCT-1","slingPseudotime_2",26.0254671222405,"B7H3","aucell_exhausted_score",0.165174653326312,"exhausted"
"AGAAACCTCCTAAGGGAGTAGGCT-1","slingPseudotime_2",26.0254671222405,"B7H3","aucell_proliferating_score",0,"proliferating"
"AGAAACCTCCTAAGGGAGTAGGCT-1","slingPseudotime_2",26.0254671222405,"B7H3","aucell_naive_memory_score",0,"naive_memory"
"AGAAACCTCCTAAGGGAGTAGGCT-1","slingPseudotime_2",26.0254671222405,"B7H3","aucell_cytotoxic_score",0.187291556959803,"cytotoxic"
"AGAAACCTCCTAAGGGAGTAGGCT-1","slingPseudotime_3",22.3311386334166,"B7H3","aucell_exhausted_score",0.165174653326312,"exhausted"
"AGAAACCTCCTAAGGGAGTAGGCT-1","slingPseudotime_3",22.3311386334166,"B7H3","aucell_proliferating_score",0,"proliferating"
"AGAAACCTCCTAAGGGAGTAGGCT-1","slingPseudotime_3",22.3311386334166,"B7H3","aucell_naive_memory_score",0,"naive_memory"
"AGAAACCTCCTAAGGGAGTAGGCT-1","slingPseudotime_3",22.3311386334166,"B7H3","aucell_cytotoxic_score",0.187291556959803,"cytotoxic"
"AGCATCCTCAAGTTAGAGTAGGCT-1","slingPseudotime_1",19.0007081144944,"B7H3","aucell_exhausted_score",0,"exhausted"
"AGCATCCTCAAGTTAGAGTAGGCT-1","slingPseudotime_1",19.0007081144944,"B7H3","aucell_proliferating_score",0,"proliferating"
"AGCATCCTCAAGTTAGAGTAGGCT-1","slingPseudotime_1",19.0007081144944,"B7H3","aucell_naive_memory_score",0.092,"naive_memory"
"AGCATCCTCAAGTTAGAGTAGGCT-1","slingPseudotime_1",19.0007081144944,"B7H3","aucell_cytotoxic_score",0.141477970861857,"cytotoxic"
"AGCATCCTCAAGTTAGAGTAGGCT-1","slingPseudotime_2",19.5593624314704,"B7H3","aucell_exhausted_score",0,"exhausted"
"AGCATCCTCAAGTTAGAGTAGGCT-1","slingPseudotime_2",19.5593624314704,"B7H3","aucell_proliferating_score",0,"proliferating"
"AGCATCCTCAAGTTAGAGTAGGCT-1","slingPseudotime_2",19.5593624314704,"B7H3","aucell_naive_memory_score",0.092,"naive_memory"
"AGCATCCTCAAGTTAGAGTAGGCT-1","slingPseudotime_2",19.5593624314704,"B7H3","aucell_cytotoxic_score",0.141477970861857,"cytotoxic"
"AGCATCCTCAAGTTAGAGTAGGCT-1","slingPseudotime_3",18.6708582698069,"B7H3","aucell_exhausted_score",0,"exhausted"
"AGCATCCTCAAGTTAGAGTAGGCT-1","slingPseudotime_3",18.6708582698069,"B7H3","aucell_proliferating_score",0,"proliferating"
"AGCATCCTCAAGTTAGAGTAGGCT-1","slingPseudotime_3",18.6708582698069,"B7H3","aucell_naive_memory_score",0.092,"naive_memory"
"AGCATCCTCAAGTTAGAGTAGGCT-1","slingPseudotime_3",18.6708582698069,"B7H3","aucell_cytotoxic_score",0.141477970861857,"cytotoxic"
"AGCTAAATCGATTGAAAGTAGGCT-1","slingPseudotime_1",19.1789770782762,"B7H3","aucell_exhausted_score",0.0129892926101457,"exhausted"
"AGCTAAATCGATTGAAAGTAGGCT-1","slingPseudotime_1",19.1789770782762,"B7H3","aucell_proliferating_score",0,"proliferating"
"AGCTAAATCGATTGAAAGTAGGCT-1","slingPseudotime_1",19.1789770782762,"B7H3","aucell_naive_memory_score",0.00105263157894737,"naive_memory"
"AGCTAAATCGATTGAAAGTAGGCT-1","slingPseudotime_1",19.1789770782762,"B7H3","aucell_cytotoxic_score",0,"cytotoxic"
"AGCTAAATCGATTGAAAGTAGGCT-1","slingPseudotime_2",19.8238135402577,"B7H3","aucell_exhausted_score",0.0129892926101457,"exhausted"
"AGCTAAATCGATTGAAAGTAGGCT-1","slingPseudotime_2",19.8238135402577,"B7H3","aucell_proliferating_score",0,"proliferating"
"AGCTAAATCGATTGAAAGTAGGCT-1","slingPseudotime_2",19.8238135402577,"B7H3","aucell_naive_memory_score",0.00105263157894737,"naive_memory"
"AGCTAAATCGATTGAAAGTAGGCT-1","slingPseudotime_2",19.8238135402577,"B7H3","aucell_cytotoxic_score",0,"cytotoxic"
"AGCTAAATCGATTGAAAGTAGGCT-1","slingPseudotime_3",19.9139811399141,"B7H3","aucell_exhausted_score",0.0129892926101457,"exhausted"
"AGCTAAATCGATTGAAAGTAGGCT-1","slingPseudotime_3",19.9139811399141,"B7H3","aucell_proliferating_score",0,"proliferating"
"AGCTAAATCGATTGAAAGTAGGCT-1","slingPseudotime_3",19.9139811399141,"B7H3","aucell_naive_memory_score",0.00105263157894737,"naive_memory"
"AGCTAAATCGATTGAAAGTAGGCT-1","slingPseudotime_3",19.9139811399141,"B7H3","aucell_cytotoxic_score",0,"cytotoxic"
"AGCTCAACAAGATGCCAGTAGGCT-1","slingPseudotime_1",79.1029681373423,"B7H3","aucell_exhausted_score",0.134632262594348,"exhausted"
"AGCTCAACAAGATGCCAGTAGGCT-1","slingPseudotime_1",79.1029681373423,"B7H3","aucell_proliferating_score",0.156842105263158,"proliferating"
"AGCTCAACAAGATGCCAGTAGGCT-1","slingPseudotime_1",79.1029681373423,"B7H3","aucell_naive_memory_score",0,"naive_memory"
"AGCTCAACAAGATGCCAGTAGGCT-1","slingPseudotime_1",79.1029681373423,"B7H3","aucell_cytotoxic_score",0.109355801298929,"cytotoxic"
"AGCTTCCAGGTTGGGCAGTAGGCT-1","slingPseudotime_1",17.835290987296,"B7H3","aucell_exhausted_score",0,"exhausted"
"AGCTTCCAGGTTGGGCAGTAGGCT-1","slingPseudotime_1",17.835290987296,"B7H3","aucell_proliferating_score",0,"proliferating"
"AGCTTCCAGGTTGGGCAGTAGGCT-1","slingPseudotime_1",17.835290987296,"B7H3","aucell_naive_memory_score",0,"naive_memory"
"AGCTTCCAGGTTGGGCAGTAGGCT-1","slingPseudotime_1",17.835290987296,"B7H3","aucell_cytotoxic_score",0.127962085308057,"cytotoxic"
"AGCTTCCAGGTTGGGCAGTAGGCT-1","slingPseudotime_2",17.3182708579827,"B7H3","aucell_exhausted_score",0,"exhausted"
"AGCTTCCAGGTTGGGCAGTAGGCT-1","slingPseudotime_2",17.3182708579827,"B7H3","aucell_proliferating_score",0,"proliferating"
"AGCTTCCAGGTTGGGCAGTAGGCT-1","slingPseudotime_2",17.3182708579827,"B7H3","aucell_naive_memory_score",0,"naive_memory"
"AGCTTCCAGGTTGGGCAGTAGGCT-1","slingPseudotime_2",17.3182708579827,"B7H3","aucell_cytotoxic_score",0.127962085308057,"cytotoxic"
"AGCTTCCAGGTTGGGCAGTAGGCT-1","slingPseudotime_3",29.7288967589171,"B7H3","aucell_exhausted_score",0,"exhausted"
"AGCTTCCAGGTTGGGCAGTAGGCT-1","slingPseudotime_3",29.7288967589171,"B7H3","aucell_proliferating_score",0,"proliferating"
"AGCTTCCAGGTTGGGCAGTAGGCT-1","slingPseudotime_3",29.7288967589171,"B7H3","aucell_naive_memory_score",0,"naive_memory"
"AGCTTCCAGGTTGGGCAGTAGGCT-1","slingPseudotime_3",29.7288967589171,"B7H3","aucell_cytotoxic_score",0.127962085308057,"cytotoxic"
"AGGCCATCAAAGCCTAAGTAGGCT-1","slingPseudotime_1",22.6121267063761,"B7H3","aucell_exhausted_score",0.137089696331402,"exhausted"
"AGGCCATCAAAGCCTAAGTAGGCT-1","slingPseudotime_1",22.6121267063761,"B7H3","aucell_proliferating_score",0.00147368421052632,"proliferating"
"AGGCCATCAAAGCCTAAGTAGGCT-1","slingPseudotime_1",22.6121267063761,"B7H3","aucell_naive_memory_score",0,"naive_memory"
"AGGCCATCAAAGCCTAAGTAGGCT-1","slingPseudotime_1",22.6121267063761,"B7H3","aucell_cytotoxic_score",0,"cytotoxic"
"AGGCCATCAAAGCCTAAGTAGGCT-1","slingPseudotime_2",23.0904077513759,"B7H3","aucell_exhausted_score",0.137089696331402,"exhausted"
"AGGCCATCAAAGCCTAAGTAGGCT-1","slingPseudotime_2",23.0904077513759,"B7H3","aucell_proliferating_score",0.00147368421052632,"proliferating"
"AGGCCATCAAAGCCTAAGTAGGCT-1","slingPseudotime_2",23.0904077513759,"B7H3","aucell_naive_memory_score",0,"naive_memory"
"AGGCCATCAAAGCCTAAGTAGGCT-1","slingPseudotime_2",23.0904077513759,"B7H3","aucell_cytotoxic_score",0,"cytotoxic"
"AGGCCATCAAAGCCTAAGTAGGCT-1","slingPseudotime_3",27.3553296878143,"B7H3","aucell_exhausted_score",0.137089696331402,"exhausted"
"AGGCCATCAAAGCCTAAGTAGGCT-1","slingPseudotime_3",27.3553296878143,"B7H3","aucell_proliferating_score",0.00147368421052632,"proliferating"
"AGGCCATCAAAGCCTAAGTAGGCT-1","slingPseudotime_3",27.3553296878143,"B7H3","aucell_naive_memory_score",0,"naive_memory"
"AGGCCATCAAAGCCTAAGTAGGCT-1","slingPseudotime_3",27.3553296878143,"B7H3","aucell_cytotoxic_score",0,"cytotoxic"
"AGGCGAGAGTTACACTAGTAGGCT-1","slingPseudotime_1",21.2130359522993,"B7H3","aucell_exhausted_score",0,"exhausted"
"AGGCGAGAGTTACACTAGTAGGCT-1","slingPseudotime_1",21.2130359522993,"B7H3","aucell_proliferating_score",0,"proliferating"
"AGGCGAGAGTTACACTAGTAGGCT-1","slingPseudotime_1",21.2130359522993,"B7H3","aucell_naive_memory_score",0,"naive_memory"
"AGGCGAGAGTTACACTAGTAGGCT-1","slingPseudotime_1",21.2130359522993,"B7H3","aucell_cytotoxic_score",0.0294892048446551,"cytotoxic"
"AGGCGAGAGTTACACTAGTAGGCT-1","slingPseudotime_2",21.8116006817289,"B7H3","aucell_exhausted_score",0,"exhausted"
"AGGCGAGAGTTACACTAGTAGGCT-1","slingPseudotime_2",21.8116006817289,"B7H3","aucell_proliferating_score",0,"proliferating"
"AGGCGAGAGTTACACTAGTAGGCT-1","slingPseudotime_2",21.8116006817289,"B7H3","aucell_naive_memory_score",0,"naive_memory"
"AGGCGAGAGTTACACTAGTAGGCT-1","slingPseudotime_2",21.8116006817289,"B7H3","aucell_cytotoxic_score",0.0294892048446551,"cytotoxic"
"AGGCGAGAGTTACACTAGTAGGCT-1","slingPseudotime_3",25.8410231608168,"B7H3","aucell_exhausted_score",0,"exhausted"
"AGGCGAGAGTTACACTAGTAGGCT-1","slingPseudotime_3",25.8410231608168,"B7H3","aucell_proliferating_score",0,"proliferating"
"AGGCGAGAGTTACACTAGTAGGCT-1","slingPseudotime_3",25.8410231608168,"B7H3","aucell_naive_memory_score",0,"naive_memory"
"AGGCGAGAGTTACACTAGTAGGCT-1","slingPseudotime_3",25.8410231608168,"B7H3","aucell_cytotoxic_score",0.0294892048446551,"cytotoxic"
"AGGCTTTGTTAGGCGGAGTAGGCT-1","slingPseudotime_1",21.1653027934189,"B7H3","aucell_exhausted_score",0.369492715464279,"exhausted"
"AGGCTTTGTTAGGCGGAGTAGGCT-1","slingPseudotime_1",21.1653027934189,"B7H3","aucell_proliferating_score",0,"proliferating"
"AGGCTTTGTTAGGCGGAGTAGGCT-1","slingPseudotime_1",21.1653027934189,"B7H3","aucell_naive_memory_score",0,"naive_memory"
"AGGCTTTGTTAGGCGGAGTAGGCT-1","slingPseudotime_1",21.1653027934189,"B7H3","aucell_cytotoxic_score",0,"cytotoxic"
"AGGCTTTGTTAGGCGGAGTAGGCT-1","slingPseudotime_2",24.0815844318511,"B7H3","aucell_exhausted_score",0.369492715464279,"exhausted"
"AGGCTTTGTTAGGCGGAGTAGGCT-1","slingPseudotime_2",24.0815844318511,"B7H3","aucell_proliferating_score",0,"proliferating"
"AGGCTTTGTTAGGCGGAGTAGGCT-1","slingPseudotime_2",24.0815844318511,"B7H3","aucell_naive_memory_score",0,"naive_memory"
"AGGCTTTGTTAGGCGGAGTAGGCT-1","slingPseudotime_2",24.0815844318511,"B7H3","aucell_cytotoxic_score",0,"cytotoxic"
"AGGCTTTGTTAGGCGGAGTAGGCT-1","slingPseudotime_3",25.7784496940013,"B7H3","aucell_exhausted_score",0.369492715464279,"exhausted"
"AGGCTTTGTTAGGCGGAGTAGGCT-1","slingPseudotime_3",25.7784496940013,"B7H3","aucell_proliferating_score",0,"proliferating"
"AGGCTTTGTTAGGCGGAGTAGGCT-1","slingPseudotime_3",25.7784496940013,"B7H3","aucell_naive_memory_score",0,"naive_memory"
"AGGCTTTGTTAGGCGGAGTAGGCT-1","slingPseudotime_3",25.7784496940013,"B7H3","aucell_cytotoxic_score",0,"cytotoxic"
"AGTAACCAGGCGCATAAGTAGGCT-1","slingPseudotime_1",23.359349383336,"B7H3","aucell_exhausted_score",0.113393013866948,"exhausted"
"AGTAACCAGGCGCATAAGTAGGCT-1","slingPseudotime_1",23.359349383336,"B7H3","aucell_proliferating_score",0,"proliferating"
"AGTAACCAGGCGCATAAGTAGGCT-1","slingPseudotime_1",23.359349383336,"B7H3","aucell_naive_memory_score",0,"naive_memory"
"AGTAACCAGGCGCATAAGTAGGCT-1","slingPseudotime_1",23.359349383336,"B7H3","aucell_cytotoxic_score",0.164296998420221,"cytotoxic"
"AGTAACCAGGCGCATAAGTAGGCT-1","slingPseudotime_2",25.6519082920061,"B7H3","aucell_exhausted_score",0.113393013866948,"exhausted"
"AGTAACCAGGCGCATAAGTAGGCT-1","slingPseudotime_2",25.6519082920061,"B7H3","aucell_proliferating_score",0,"proliferating"
"AGTAACCAGGCGCATAAGTAGGCT-1","slingPseudotime_2",25.6519082920061,"B7H3","aucell_naive_memory_score",0,"naive_memory"
"AGTAACCAGGCGCATAAGTAGGCT-1","slingPseudotime_2",25.6519082920061,"B7H3","aucell_cytotoxic_score",0.164296998420221,"cytotoxic"
"AGTAACCAGGCGCATAAGTAGGCT-1","slingPseudotime_3",26.5545766691706,"B7H3","aucell_exhausted_score",0.113393013866948,"exhausted"
"AGTAACCAGGCGCATAAGTAGGCT-1","slingPseudotime_3",26.5545766691706,"B7H3","aucell_proliferating_score",0,"proliferating"
"AGTAACCAGGCGCATAAGTAGGCT-1","slingPseudotime_3",26.5545766691706,"B7H3","aucell_naive_memory_score",0,"naive_memory"
"AGTAACCAGGCGCATAAGTAGGCT-1","slingPseudotime_3",26.5545766691706,"B7H3","aucell_cytotoxic_score",0.164296998420221,"cytotoxic"
"AGTGACCCATAGCCTTAGTAGGCT-1","slingPseudotime_1",20.3293875478018,"B7H3","aucell_exhausted_score",0,"exhausted"
"AGTGACCCATAGCCTTAGTAGGCT-1","slingPseudotime_1",20.3293875478018,"B7H3","aucell_proliferating_score",0.105473684210526,"proliferating"
"AGTGACCCATAGCCTTAGTAGGCT-1","slingPseudotime_1",20.3293875478018,"B7H3","aucell_naive_memory_score",0,"naive_memory"
"AGTGACCCATAGCCTTAGTAGGCT-1","slingPseudotime_1",20.3293875478018,"B7H3","aucell_cytotoxic_score",0.151132174828857,"cytotoxic"
"AGTGACCCATAGCCTTAGTAGGCT-1","slingPseudotime_2",21.0022167527319,"B7H3","aucell_exhausted_score",0,"exhausted"
"AGTGACCCATAGCCTTAGTAGGCT-1","slingPseudotime_2",21.0022167527319,"B7H3","aucell_proliferating_score",0.105473684210526,"proliferating"
"AGTGACCCATAGCCTTAGTAGGCT-1","slingPseudotime_2",21.0022167527319,"B7H3","aucell_naive_memory_score",0,"naive_memory"
"AGTGACCCATAGCCTTAGTAGGCT-1","slingPseudotime_2",21.0022167527319,"B7H3","aucell_cytotoxic_score",0.151132174828857,"cytotoxic"
"AGTGACCCATAGCCTTAGTAGGCT-1","slingPseudotime_3",25.52025833373,"B7H3","aucell_exhausted_score",0,"exhausted"
"AGTGACCCATAGCCTTAGTAGGCT-1","slingPseudotime_3",25.52025833373,"B7H3","aucell_proliferating_score",0.105473684210526,"proliferating"
"AGTGACCCATAGCCTTAGTAGGCT-1","slingPseudotime_3",25.52025833373,"B7H3","aucell_naive_memory_score",0,"naive_memory"
"AGTGACCCATAGCCTTAGTAGGCT-1","slingPseudotime_3",25.52025833373,"B7H3","aucell_cytotoxic_score",0.151132174828857,"cytotoxic"
"AGTGGATTCCACAATTAGTAGGCT-1","slingPseudotime_1",19.6786849061283,"B7H3","aucell_exhausted_score",0,"exhausted"
"AGTGGATTCCACAATTAGTAGGCT-1","slingPseudotime_1",19.6786849061283,"B7H3","aucell_proliferating_score",0,"proliferating"
"AGTGGATTCCACAATTAGTAGGCT-1","slingPseudotime_1",19.6786849061283,"B7H3","aucell_naive_memory_score",0,"naive_memory"
"AGTGGATTCCACAATTAGTAGGCT-1","slingPseudotime_1",19.6786849061283,"B7H3","aucell_cytotoxic_score",0,"cytotoxic"
"AGTGGATTCCACAATTAGTAGGCT-1","slingPseudotime_2",20.1575232343107,"B7H3","aucell_exhausted_score",0,"exhausted"
"AGTGGATTCCACAATTAGTAGGCT-1","slingPseudotime_2",20.1575232343107,"B7H3","aucell_proliferating_score",0,"proliferating"
"AGTGGATTCCACAATTAGTAGGCT-1","slingPseudotime_2",20.1575232343107,"B7H3","aucell_naive_memory_score",0,"naive_memory"
"AGTGGATTCCACAATTAGTAGGCT-1","slingPseudotime_2",20.1575232343107,"B7H3","aucell_cytotoxic_score",0,"cytotoxic"
"AGTGGATTCCACAATTAGTAGGCT-1","slingPseudotime_3",20.057727177561,"B7H3","aucell_exhausted_score",0,"exhausted"
"AGTGGATTCCACAATTAGTAGGCT-1","slingPseudotime_3",20.057727177561,"B7H3","aucell_proliferating_score",0,"proliferating"
"AGTGGATTCCACAATTAGTAGGCT-1","slingPseudotime_3",20.057727177561,"B7H3","aucell_naive_memory_score",0,"naive_memory"
"AGTGGATTCCACAATTAGTAGGCT-1","slingPseudotime_3",20.057727177561,"B7H3","aucell_cytotoxic_score",0,"cytotoxic"
"AGTTGGCCAAATGACTAGTAGGCT-1","slingPseudotime_1",20.549516360058,"B7H3","aucell_exhausted_score",0.164823591363876,"exhausted"
"AGTTGGCCAAATGACTAGTAGGCT-1","slingPseudotime_1",20.549516360058,"B7H3","aucell_proliferating_score",0.0736842105263158,"proliferating"
"AGTTGGCCAAATGACTAGTAGGCT-1","slingPseudotime_1",20.549516360058,"B7H3","aucell_naive_memory_score",0.00842105263157895,"naive_memory"
"AGTTGGCCAAATGACTAGTAGGCT-1","slingPseudotime_1",20.549516360058,"B7H3","aucell_cytotoxic_score",0.157100228190276,"cytotoxic"
"AGTTGGCCAAATGACTAGTAGGCT-1","slingPseudotime_2",21.8196188964914,"B7H3","aucell_exhausted_score",0.164823591363876,"exhausted"
"AGTTGGCCAAATGACTAGTAGGCT-1","slingPseudotime_2",21.8196188964914,"B7H3","aucell_proliferating_score",0.0736842105263158,"proliferating"
"AGTTGGCCAAATGACTAGTAGGCT-1","slingPseudotime_2",21.8196188964914,"B7H3","aucell_naive_memory_score",0.00842105263157895,"naive_memory"
"AGTTGGCCAAATGACTAGTAGGCT-1","slingPseudotime_2",21.8196188964914,"B7H3","aucell_cytotoxic_score",0.157100228190276,"cytotoxic"
"AGTTGGCCAAATGACTAGTAGGCT-1","slingPseudotime_3",28.0968227469439,"B7H3","aucell_exhausted_score",0.164823591363876,"exhausted"
"AGTTGGCCAAATGACTAGTAGGCT-1","slingPseudotime_3",28.0968227469439,"B7H3","aucell_proliferating_score",0.0736842105263158,"proliferating"
"AGTTGGCCAAATGACTAGTAGGCT-1","slingPseudotime_3",28.0968227469439,"B7H3","aucell_naive_memory_score",0.00842105263157895,"naive_memory"
"AGTTGGCCAAATGACTAGTAGGCT-1","slingPseudotime_3",28.0968227469439,"B7H3","aucell_cytotoxic_score",0.157100228190276,"cytotoxic"
"ATAGCTTTCTCACTAGAGTAGGCT-1","slingPseudotime_1",22.3584103194019,"B7H3","aucell_exhausted_score",0,"exhausted"
"ATAGCTTTCTCACTAGAGTAGGCT-1","slingPseudotime_1",22.3584103194019,"B7H3","aucell_proliferating_score",0,"proliferating"
"ATAGCTTTCTCACTAGAGTAGGCT-1","slingPseudotime_1",22.3584103194019,"B7H3","aucell_naive_memory_score",0,"naive_memory"
"ATAGCTTTCTCACTAGAGTAGGCT-1","slingPseudotime_1",22.3584103194019,"B7H3","aucell_cytotoxic_score",0.077760224679656,"cytotoxic"
"ATAGCTTTCTCACTAGAGTAGGCT-1","slingPseudotime_2",22.7983654515859,"B7H3","aucell_exhausted_score",0,"exhausted"
"ATAGCTTTCTCACTAGAGTAGGCT-1","slingPseudotime_2",22.7983654515859,"B7H3","aucell_proliferating_score",0,"proliferating"
"ATAGCTTTCTCACTAGAGTAGGCT-1","slingPseudotime_2",22.7983654515859,"B7H3","aucell_naive_memory_score",0,"naive_memory"
"ATAGCTTTCTCACTAGAGTAGGCT-1","slingPseudotime_2",22.7983654515859,"B7H3","aucell_cytotoxic_score",0.077760224679656,"cytotoxic"
"ATAGCTTTCTCACTAGAGTAGGCT-1","slingPseudotime_3",25.4775696932648,"B7H3","aucell_exhausted_score",0,"exhausted"
"ATAGCTTTCTCACTAGAGTAGGCT-1","slingPseudotime_3",25.4775696932648,"B7H3","aucell_proliferating_score",0,"proliferating"
"ATAGCTTTCTCACTAGAGTAGGCT-1","slingPseudotime_3",25.4775696932648,"B7H3","aucell_naive_memory_score",0,"naive_memory"
"ATAGCTTTCTCACTAGAGTAGGCT-1","slingPseudotime_3",25.4775696932648,"B7H3","aucell_cytotoxic_score",0.077760224679656,"cytotoxic"
"ATAGGCTAGAATGGGAAGTAGGCT-1","slingPseudotime_1",20.7680791638379,"B7H3","aucell_exhausted_score",0.132174828857293,"exhausted"
"ATAGGCTAGAATGGGAAGTAGGCT-1","slingPseudotime_1",20.7680791638379,"B7H3","aucell_proliferating_score",0,"proliferating"
"ATAGGCTAGAATGGGAAGTAGGCT-1","slingPseudotime_1",20.7680791638379,"B7H3","aucell_naive_memory_score",0.0694736842105263,"naive_memory"
"ATAGGCTAGAATGGGAAGTAGGCT-1","slingPseudotime_1",20.7680791638379,"B7H3","aucell_cytotoxic_score",0.166929963138494,"cytotoxic"
"ATAGGCTAGAATGGGAAGTAGGCT-1","slingPseudotime_2",22.8266974021534,"B7H3","aucell_exhausted_score",0.132174828857293,"exhausted"
"ATAGGCTAGAATGGGAAGTAGGCT-1","slingPseudotime_2",22.8266974021534,"B7H3","aucell_proliferating_score",0,"proliferating"
"ATAGGCTAGAATGGGAAGTAGGCT-1","slingPseudotime_2",22.8266974021534,"B7H3","aucell_naive_memory_score",0.0694736842105263,"naive_memory"
"ATAGGCTAGAATGGGAAGTAGGCT-1","slingPseudotime_2",22.8266974021534,"B7H3","aucell_cytotoxic_score",0.166929963138494,"cytotoxic"
"ATAGGCTAGAATGGGAAGTAGGCT-1","slingPseudotime_3",27.1384224339514,"B7H3","aucell_exhausted_score",0.132174828857293,"exhausted"
"ATAGGCTAGAATGGGAAGTAGGCT-1","slingPseudotime_3",27.1384224339514,"B7H3","aucell_proliferating_score",0,"proliferating"
"ATAGGCTAGAATGGGAAGTAGGCT-1","slingPseudotime_3",27.1384224339514,"B7H3","aucell_naive_memory_score",0.0694736842105263,"naive_memory"
"ATAGGCTAGAATGGGAAGTAGGCT-1","slingPseudotime_3",27.1384224339514,"B7H3","aucell_cytotoxic_score",0.166929963138494,"cytotoxic"
"ATATGCAAGATAGCCGAGTAGGCT-1","slingPseudotime_1",31.2810888311566,"B7H3","aucell_exhausted_score",0.060733719501492,"exhausted"
"ATATGCAAGATAGCCGAGTAGGCT-1","slingPseudotime_1",31.2810888311566,"B7H3","aucell_proliferating_score",0.114105263157895,"proliferating"
"ATATGCAAGATAGCCGAGTAGGCT-1","slingPseudotime_1",31.2810888311566,"B7H3","aucell_naive_memory_score",0.182315789473684,"naive_memory"
"ATATGCAAGATAGCCGAGTAGGCT-1","slingPseudotime_1",31.2810888311566,"B7H3","aucell_cytotoxic_score",0.0484465508162191,"cytotoxic"
"ATATGCAAGCGCCTTGAGTAGGCT-1","slingPseudotime_1",21.5802188132955,"B7H3","aucell_exhausted_score",0.30946111988766,"exhausted"
"ATATGCAAGCGCCTTGAGTAGGCT-1","slingPseudotime_1",21.5802188132955,"B7H3","aucell_proliferating_score",0.00442105263157895,"proliferating"
"ATATGCAAGCGCCTTGAGTAGGCT-1","slingPseudotime_1",21.5802188132955,"B7H3","aucell_naive_memory_score",0.0501052631578947,"naive_memory"
"ATATGCAAGCGCCTTGAGTAGGCT-1","slingPseudotime_1",21.5802188132955,"B7H3","aucell_cytotoxic_score",0.162717219589258,"cytotoxic"
"ATATGCAAGCGCCTTGAGTAGGCT-1","slingPseudotime_2",22.3236124482042,"B7H3","aucell_exhausted_score",0.30946111988766,"exhausted"
"ATATGCAAGCGCCTTGAGTAGGCT-1","slingPseudotime_2",22.3236124482042,"B7H3","aucell_proliferating_score",0.00442105263157895,"proliferating"
"ATATGCAAGCGCCTTGAGTAGGCT-1","slingPseudotime_2",22.3236124482042,"B7H3","aucell_naive_memory_score",0.0501052631578947,"naive_memory"
"ATATGCAAGCGCCTTGAGTAGGCT-1","slingPseudotime_2",22.3236124482042,"B7H3","aucell_cytotoxic_score",0.162717219589258,"cytotoxic"
"ATATGCAAGCGCCTTGAGTAGGCT-1","slingPseudotime_3",23.9778837335733,"B7H3","aucell_exhausted_score",0.30946111988766,"exhausted"
"ATATGCAAGCGCCTTGAGTAGGCT-1","slingPseudotime_3",23.9778837335733,"B7H3","aucell_proliferating_score",0.00442105263157895,"proliferating"
"ATATGCAAGCGCCTTGAGTAGGCT-1","slingPseudotime_3",23.9778837335733,"B7H3","aucell_naive_memory_score",0.0501052631578947,"naive_memory"
"ATATGCAAGCGCCTTGAGTAGGCT-1","slingPseudotime_3",23.9778837335733,"B7H3","aucell_cytotoxic_score",0.162717219589258,"cytotoxic"
"ATCAGGTAGCCCTGATAGTAGGCT-1","slingPseudotime_1",19.6786849061283,"B7H3","aucell_exhausted_score",0.268562401263823,"exhausted"
"ATCAGGTAGCCCTGATAGTAGGCT-1","slingPseudotime_1",19.6786849061283,"B7H3","aucell_proliferating_score",0.0736842105263158,"proliferating"
"ATCAGGTAGCCCTGATAGTAGGCT-1","slingPseudotime_1",19.6786849061283,"B7H3","aucell_naive_memory_score",0,"naive_memory"
"ATCAGGTAGCCCTGATAGTAGGCT-1","slingPseudotime_1",19.6786849061283,"B7H3","aucell_cytotoxic_score",0,"cytotoxic"
"ATCAGGTAGCCCTGATAGTAGGCT-1","slingPseudotime_2",20.1082021868832,"B7H3","aucell_exhausted_score",0.268562401263823,"exhausted"
"ATCAGGTAGCCCTGATAGTAGGCT-1","slingPseudotime_2",20.1082021868832,"B7H3","aucell_proliferating_score",0.0736842105263158,"proliferating"
"ATCAGGTAGCCCTGATAGTAGGCT-1","slingPseudotime_2",20.1082021868832,"B7H3","aucell_naive_memory_score",0,"naive_memory"
"ATCAGGTAGCCCTGATAGTAGGCT-1","slingPseudotime_2",20.1082021868832,"B7H3","aucell_cytotoxic_score",0,"cytotoxic"
"ATCAGGTAGCCCTGATAGTAGGCT-1","slingPseudotime_3",20.4520500907399,"B7H3","aucell_exhausted_score",0.268562401263823,"exhausted"
"ATCAGGTAGCCCTGATAGTAGGCT-1","slingPseudotime_3",20.4520500907399,"B7H3","aucell_proliferating_score",0.0736842105263158,"proliferating"
"ATCAGGTAGCCCTGATAGTAGGCT-1","slingPseudotime_3",20.4520500907399,"B7H3","aucell_naive_memory_score",0,"naive_memory"
"ATCAGGTAGCCCTGATAGTAGGCT-1","slingPseudotime_3",20.4520500907399,"B7H3","aucell_cytotoxic_score",0,"cytotoxic"
"ATCCTTGAGTTTGCATAGTAGGCT-1","slingPseudotime_1",44.9863847441714,"B7H3","aucell_exhausted_score",0.100228190275584,"exhausted"
"ATCCTTGAGTTTGCATAGTAGGCT-1","slingPseudotime_1",44.9863847441714,"B7H3","aucell_proliferating_score",0.293052631578947,"proliferating"
"ATCCTTGAGTTTGCATAGTAGGCT-1","slingPseudotime_1",44.9863847441714,"B7H3","aucell_naive_memory_score",0,"naive_memory"
"ATCCTTGAGTTTGCATAGTAGGCT-1","slingPseudotime_1",44.9863847441714,"B7H3","aucell_cytotoxic_score",0,"cytotoxic"
"ATCGAACAGGTGAGCCAGTAGGCT-1","slingPseudotime_1",94.5185882472428,"B7H3","aucell_exhausted_score",0.186238371072494,"exhausted"
"ATCGAACAGGTGAGCCAGTAGGCT-1","slingPseudotime_1",94.5185882472428,"B7H3","aucell_proliferating_score",0,"proliferating"
"ATCGAACAGGTGAGCCAGTAGGCT-1","slingPseudotime_1",94.5185882472428,"B7H3","aucell_naive_memory_score",0,"naive_memory"
"ATCGAACAGGTGAGCCAGTAGGCT-1","slingPseudotime_1",94.5185882472428,"B7H3","aucell_cytotoxic_score",0,"cytotoxic"
"ATCGAACAGTAAACCAAGTAGGCT-1","slingPseudotime_1",20.5512178070616,"B7H3","aucell_exhausted_score",0,"exhausted"
"ATCGAACAGTAAACCAAGTAGGCT-1","slingPseudotime_1",20.5512178070616,"B7H3","aucell_proliferating_score",0,"proliferating"
"ATCGAACAGTAAACCAAGTAGGCT-1","slingPseudotime_1",20.5512178070616,"B7H3","aucell_naive_memory_score",0,"naive_memory"
"ATCGAACAGTAAACCAAGTAGGCT-1","slingPseudotime_1",20.5512178070616,"B7H3","aucell_cytotoxic_score",0.307179217131824,"cytotoxic"
"ATCGAACAGTAAACCAAGTAGGCT-1","slingPseudotime_2",21.5480183929128,"B7H3","aucell_exhausted_score",0,"exhausted"
"ATCGAACAGTAAACCAAGTAGGCT-1","slingPseudotime_2",21.5480183929128,"B7H3","aucell_proliferating_score",0,"proliferating"
"ATCGAACAGTAAACCAAGTAGGCT-1","slingPseudotime_2",21.5480183929128,"B7H3","aucell_naive_memory_score",0,"naive_memory"
"ATCGAACAGTAAACCAAGTAGGCT-1","slingPseudotime_2",21.5480183929128,"B7H3","aucell_cytotoxic_score",0.307179217131824,"cytotoxic"
"ATCGAACAGTAAACCAAGTAGGCT-1","slingPseudotime_3",26.178376219928,"B7H3","aucell_exhausted_score",0,"exhausted"
"ATCGAACAGTAAACCAAGTAGGCT-1","slingPseudotime_3",26.178376219928,"B7H3","aucell_proliferating_score",0,"proliferating"
"ATCGAACAGTAAACCAAGTAGGCT-1","slingPseudotime_3",26.178376219928,"B7H3","aucell_naive_memory_score",0,"naive_memory"
"ATCGAACAGTAAACCAAGTAGGCT-1","slingPseudotime_3",26.178376219928,"B7H3","aucell_cytotoxic_score",0.307179217131824,"cytotoxic"
"ATCGGGCAGTTATTGCAGTAGGCT-1","slingPseudotime_1",21.8417427056456,"B7H3","aucell_exhausted_score",0,"exhausted"
"ATCGGGCAGTTATTGCAGTAGGCT-1","slingPseudotime_1",21.8417427056456,"B7H3","aucell_proliferating_score",0,"proliferating"
"ATCGGGCAGTTATTGCAGTAGGCT-1","slingPseudotime_1",21.8417427056456,"B7H3","aucell_naive_memory_score",0,"naive_memory"
"ATCGGGCAGTTATTGCAGTAGGCT-1","slingPseudotime_1",21.8417427056456,"B7H3","aucell_cytotoxic_score",0.160084254870985,"cytotoxic"
"ATCGGGCAGTTATTGCAGTAGGCT-1","slingPseudotime_2",22.0700709175469,"B7H3","aucell_exhausted_score",0,"exhausted"
"ATCGGGCAGTTATTGCAGTAGGCT-1","slingPseudotime_2",22.0700709175469,"B7H3","aucell_proliferating_score",0,"proliferating"
"ATCGGGCAGTTATTGCAGTAGGCT-1","slingPseudotime_2",22.0700709175469,"B7H3","aucell_naive_memory_score",0,"naive_memory"
"ATCGGGCAGTTATTGCAGTAGGCT-1","slingPseudotime_2",22.0700709175469,"B7H3","aucell_cytotoxic_score",0.160084254870985,"cytotoxic"
"ATCGGGCAGTTATTGCAGTAGGCT-1","slingPseudotime_3",24.7466282332366,"B7H3","aucell_exhausted_score",0,"exhausted"
"ATCGGGCAGTTATTGCAGTAGGCT-1","slingPseudotime_3",24.7466282332366,"B7H3","aucell_proliferating_score",0,"proliferating"
"ATCGGGCAGTTATTGCAGTAGGCT-1","slingPseudotime_3",24.7466282332366,"B7H3","aucell_naive_memory_score",0,"naive_memory"
"ATCGGGCAGTTATTGCAGTAGGCT-1","slingPseudotime_3",24.7466282332366,"B7H3","aucell_cytotoxic_score",0.160084254870985,"cytotoxic"
"ATCGTTAGTCCTTCGTAGTAGGCT-1","slingPseudotime_1",18.9026002462587,"B7H3","aucell_exhausted_score",0.29015271195366,"exhausted"
"ATCGTTAGTCCTTCGTAGTAGGCT-1","slingPseudotime_1",18.9026002462587,"B7H3","aucell_proliferating_score",0.0848421052631579,"proliferating"
"ATCGTTAGTCCTTCGTAGTAGGCT-1","slingPseudotime_1",18.9026002462587,"B7H3","aucell_naive_memory_score",0,"naive_memory"
"ATCGTTAGTCCTTCGTAGTAGGCT-1","slingPseudotime_1",18.9026002462587,"B7H3","aucell_cytotoxic_score",0,"cytotoxic"
"ATCGTTAGTCCTTCGTAGTAGGCT-1","slingPseudotime_2",19.9999665624912,"B7H3","aucell_exhausted_score",0.29015271195366,"exhausted"
"ATCGTTAGTCCTTCGTAGTAGGCT-1","slingPseudotime_2",19.9999665624912,"B7H3","aucell_proliferating_score",0.0848421052631579,"proliferating"
"ATCGTTAGTCCTTCGTAGTAGGCT-1","slingPseudotime_2",19.9999665624912,"B7H3","aucell_naive_memory_score",0,"naive_memory"
"ATCGTTAGTCCTTCGTAGTAGGCT-1","slingPseudotime_2",19.9999665624912,"B7H3","aucell_cytotoxic_score",0,"cytotoxic"
"ATCGTTAGTCCTTCGTAGTAGGCT-1","slingPseudotime_3",27.4639111323629,"B7H3","aucell_exhausted_score",0.29015271195366,"exhausted"
"ATCGTTAGTCCTTCGTAGTAGGCT-1","slingPseudotime_3",27.4639111323629,"B7H3","aucell_proliferating_score",0.0848421052631579,"proliferating"
"ATCGTTAGTCCTTCGTAGTAGGCT-1","slingPseudotime_3",27.4639111323629,"B7H3","aucell_naive_memory_score",0,"naive_memory"
"ATCGTTAGTCCTTCGTAGTAGGCT-1","slingPseudotime_3",27.4639111323629,"B7H3","aucell_cytotoxic_score",0,"cytotoxic"
"ATGGGACGTACCTCAGAGTAGGCT-1","slingPseudotime_1",20.4567901116625,"B7H3","aucell_exhausted_score",0.112866420923293,"exhausted"
"ATGGGACGTACCTCAGAGTAGGCT-1","slingPseudotime_1",20.4567901116625,"B7H3","aucell_proliferating_score",0,"proliferating"
"ATGGGACGTACCTCAGAGTAGGCT-1","slingPseudotime_1",20.4567901116625,"B7H3","aucell_naive_memory_score",0,"naive_memory"
"ATGGGACGTACCTCAGAGTAGGCT-1","slingPseudotime_1",20.4567901116625,"B7H3","aucell_cytotoxic_score",0,"cytotoxic"
"ATGGGACGTACCTCAGAGTAGGCT-1","slingPseudotime_2",21.5480183929128,"B7H3","aucell_exhausted_score",0.112866420923293,"exhausted"
"ATGGGACGTACCTCAGAGTAGGCT-1","slingPseudotime_2",21.5480183929128,"B7H3","aucell_proliferating_score",0,"proliferating"
"ATGGGACGTACCTCAGAGTAGGCT-1","slingPseudotime_2",21.5480183929128,"B7H3","aucell_naive_memory_score",0,"naive_memory"
"ATGGGACGTACCTCAGAGTAGGCT-1","slingPseudotime_2",21.5480183929128,"B7H3","aucell_cytotoxic_score",0,"cytotoxic"
"ATGGGACGTACCTCAGAGTAGGCT-1","slingPseudotime_3",27.7388702784161,"B7H3","aucell_exhausted_score",0.112866420923293,"exhausted"
"ATGGGACGTACCTCAGAGTAGGCT-1","slingPseudotime_3",27.7388702784161,"B7H3","aucell_proliferating_score",0,"proliferating"
"ATGGGACGTACCTCAGAGTAGGCT-1","slingPseudotime_3",27.7388702784161,"B7H3","aucell_naive_memory_score",0,"naive_memory"
"ATGGGACGTACCTCAGAGTAGGCT-1","slingPseudotime_3",27.7388702784161,"B7H3","aucell_cytotoxic_score",0,"cytotoxic"
"ATGTGAGGTGTTTGTAAGTAGGCT-1","slingPseudotime_1",20.879032104259,"B7H3","aucell_exhausted_score",0,"exhausted"
"ATGTGAGGTGTTTGTAAGTAGGCT-1","slingPseudotime_1",20.879032104259,"B7H3","aucell_proliferating_score",0,"proliferating"
"ATGTGAGGTGTTTGTAAGTAGGCT-1","slingPseudotime_1",20.879032104259,"B7H3","aucell_naive_memory_score",0.0111578947368421,"naive_memory"
"ATGTGAGGTGTTTGTAAGTAGGCT-1","slingPseudotime_1",20.879032104259,"B7H3","aucell_cytotoxic_score",0,"cytotoxic"
"ATGTGAGGTGTTTGTAAGTAGGCT-1","slingPseudotime_2",22.0700709175469,"B7H3","aucell_exhausted_score",0,"exhausted"
"ATGTGAGGTGTTTGTAAGTAGGCT-1","slingPseudotime_2",22.0700709175469,"B7H3","aucell_proliferating_score",0,"proliferating"
"ATGTGAGGTGTTTGTAAGTAGGCT-1","slingPseudotime_2",22.0700709175469,"B7H3","aucell_naive_memory_score",0.0111578947368421,"naive_memory"
"ATGTGAGGTGTTTGTAAGTAGGCT-1","slingPseudotime_2",22.0700709175469,"B7H3","aucell_cytotoxic_score",0,"cytotoxic"
"ATGTGAGGTGTTTGTAAGTAGGCT-1","slingPseudotime_3",28.1152041870815,"B7H3","aucell_exhausted_score",0,"exhausted"
"ATGTGAGGTGTTTGTAAGTAGGCT-1","slingPseudotime_3",28.1152041870815,"B7H3","aucell_proliferating_score",0,"proliferating"
"ATGTGAGGTGTTTGTAAGTAGGCT-1","slingPseudotime_3",28.1152041870815,"B7H3","aucell_naive_memory_score",0.0111578947368421,"naive_memory"
"ATGTGAGGTGTTTGTAAGTAGGCT-1","slingPseudotime_3",28.1152041870815,"B7H3","aucell_cytotoxic_score",0,"cytotoxic"
"ATTCGTCCATTTGGAGAGTAGGCT-1","slingPseudotime_1",33.0661497897454,"B7H3","aucell_exhausted_score",0.206775495875022,"exhausted"
"ATTCGTCCATTTGGAGAGTAGGCT-1","slingPseudotime_1",33.0661497897454,"B7H3","aucell_proliferating_score",0.516842105263158,"proliferating"
"ATTCGTCCATTTGGAGAGTAGGCT-1","slingPseudotime_1",33.0661497897454,"B7H3","aucell_naive_memory_score",0.181894736842105,"naive_memory"
"ATTCGTCCATTTGGAGAGTAGGCT-1","slingPseudotime_1",33.0661497897454,"B7H3","aucell_cytotoxic_score",0,"cytotoxic"
"ATTTCGAGTGCTGATTAGTAGGCT-1","slingPseudotime_1",20.4567901116625,"B7H3","aucell_exhausted_score",0.0163243812532912,"exhausted"
"ATTTCGAGTGCTGATTAGTAGGCT-1","slingPseudotime_1",20.4567901116625,"B7H3","aucell_proliferating_score",0,"proliferating"
"ATTTCGAGTGCTGATTAGTAGGCT-1","slingPseudotime_1",20.4567901116625,"B7H3","aucell_naive_memory_score",0.0341052631578947,"naive_memory"
"ATTTCGAGTGCTGATTAGTAGGCT-1","slingPseudotime_1",20.4567901116625,"B7H3","aucell_cytotoxic_score",0,"cytotoxic"
"ATTTCGAGTGCTGATTAGTAGGCT-1","slingPseudotime_2",20.5892635720998,"B7H3","aucell_exhausted_score",0.0163243812532912,"exhausted"
"ATTTCGAGTGCTGATTAGTAGGCT-1","slingPseudotime_2",20.5892635720998,"B7H3","aucell_proliferating_score",0,"proliferating"
"ATTTCGAGTGCTGATTAGTAGGCT-1","slingPseudotime_2",20.5892635720998,"B7H3","aucell_naive_memory_score",0.0341052631578947,"naive_memory"
"ATTTCGAGTGCTGATTAGTAGGCT-1","slingPseudotime_2",20.5892635720998,"B7H3","aucell_cytotoxic_score",0,"cytotoxic"
"ATTTCGAGTGCTGATTAGTAGGCT-1","slingPseudotime_3",21.0627645450489,"B7H3","aucell_exhausted_score",0.0163243812532912,"exhausted"
"ATTTCGAGTGCTGATTAGTAGGCT-1","slingPseudotime_3",21.0627645450489,"B7H3","aucell_proliferating_score",0,"proliferating"
"ATTTCGAGTGCTGATTAGTAGGCT-1","slingPseudotime_3",21.0627645450489,"B7H3","aucell_naive_memory_score",0.0341052631578947,"naive_memory"
"ATTTCGAGTGCTGATTAGTAGGCT-1","slingPseudotime_3",21.0627645450489,"B7H3","aucell_cytotoxic_score",0,"cytotoxic"
"CAAGACTAGTCAAACAAGTAGGCT-1","slingPseudotime_1",21.2130359522993,"B7H3","aucell_exhausted_score",0.133228014744602,"exhausted"
"CAAGACTAGTCAAACAAGTAGGCT-1","slingPseudotime_1",21.2130359522993,"B7H3","aucell_proliferating_score",0,"proliferating"
"CAAGACTAGTCAAACAAGTAGGCT-1","slingPseudotime_1",21.2130359522993,"B7H3","aucell_naive_memory_score",0,"naive_memory"
"CAAGACTAGTCAAACAAGTAGGCT-1","slingPseudotime_1",21.2130359522993,"B7H3","aucell_cytotoxic_score",0,"cytotoxic"
"CAAGACTAGTCAAACAAGTAGGCT-1","slingPseudotime_2",22.8146881580229,"B7H3","aucell_exhausted_score",0.133228014744602,"exhausted"
"CAAGACTAGTCAAACAAGTAGGCT-1","slingPseudotime_2",22.8146881580229,"B7H3","aucell_proliferating_score",0,"proliferating"
"CAAGACTAGTCAAACAAGTAGGCT-1","slingPseudotime_2",22.8146881580229,"B7H3","aucell_naive_memory_score",0,"naive_memory"
"CAAGACTAGTCAAACAAGTAGGCT-1","slingPseudotime_2",22.8146881580229,"B7H3","aucell_cytotoxic_score",0,"cytotoxic"
"CAAGACTAGTCAAACAAGTAGGCT-1","slingPseudotime_3",24.3199026572317,"B7H3","aucell_exhausted_score",0.133228014744602,"exhausted"
"CAAGACTAGTCAAACAAGTAGGCT-1","slingPseudotime_3",24.3199026572317,"B7H3","aucell_proliferating_score",0,"proliferating"
"CAAGACTAGTCAAACAAGTAGGCT-1","slingPseudotime_3",24.3199026572317,"B7H3","aucell_naive_memory_score",0,"naive_memory"
"CAAGACTAGTCAAACAAGTAGGCT-1","slingPseudotime_3",24.3199026572317,"B7H3","aucell_cytotoxic_score",0,"cytotoxic"
"CAAGCGATCCAGAACGAGTAGGCT-1","slingPseudotime_1",20.6913269302347,"B7H3","aucell_exhausted_score",0.114446199754257,"exhausted"
"CAAGCGATCCAGAACGAGTAGGCT-1","slingPseudotime_1",20.6913269302347,"B7H3","aucell_proliferating_score",0,"proliferating"
"CAAGCGATCCAGAACGAGTAGGCT-1","slingPseudotime_1",20.6913269302347,"B7H3","aucell_naive_memory_score",0,"naive_memory"
"CAAGCGATCCAGAACGAGTAGGCT-1","slingPseudotime_1",20.6913269302347,"B7H3","aucell_cytotoxic_score",0.15376513954713,"cytotoxic"
"CAAGCGATCCAGAACGAGTAGGCT-1","slingPseudotime_2",23.1772463214048,"B7H3","aucell_exhausted_score",0.114446199754257,"exhausted"
"CAAGCGATCCAGAACGAGTAGGCT-1","slingPseudotime_2",23.1772463214048,"B7H3","aucell_proliferating_score",0,"proliferating"
"CAAGCGATCCAGAACGAGTAGGCT-1","slingPseudotime_2",23.1772463214048,"B7H3","aucell_naive_memory_score",0,"naive_memory"
"CAAGCGATCCAGAACGAGTAGGCT-1","slingPseudotime_2",23.1772463214048,"B7H3","aucell_cytotoxic_score",0.15376513954713,"cytotoxic"
"CAAGCGATCCAGAACGAGTAGGCT-1","slingPseudotime_3",26.6765368499199,"B7H3","aucell_exhausted_score",0.114446199754257,"exhausted"
"CAAGCGATCCAGAACGAGTAGGCT-1","slingPseudotime_3",26.6765368499199,"B7H3","aucell_proliferating_score",0,"proliferating"
"CAAGCGATCCAGAACGAGTAGGCT-1","slingPseudotime_3",26.6765368499199,"B7H3","aucell_naive_memory_score",0,"naive_memory"
"CAAGCGATCCAGAACGAGTAGGCT-1","slingPseudotime_3",26.6765368499199,"B7H3","aucell_cytotoxic_score",0.15376513954713,"cytotoxic"
"CACAGATAGGACAACTAGTAGGCT-1","slingPseudotime_1",21.2130359522993,"B7H3","aucell_exhausted_score",0,"exhausted"
"CACAGATAGGACAACTAGTAGGCT-1","slingPseudotime_1",21.2130359522993,"B7H3","aucell_proliferating_score",0,"proliferating"
"CACAGATAGGACAACTAGTAGGCT-1","slingPseudotime_1",21.2130359522993,"B7H3","aucell_naive_memory_score",0.0511578947368421,"naive_memory"
"CACAGATAGGACAACTAGTAGGCT-1","slingPseudotime_1",21.2130359522993,"B7H3","aucell_cytotoxic_score",0.0581007547832192,"cytotoxic"
"CACAGATAGGACAACTAGTAGGCT-1","slingPseudotime_2",22.367845108346,"B7H3","aucell_exhausted_score",0,"exhausted"
"CACAGATAGGACAACTAGTAGGCT-1","slingPseudotime_2",22.367845108346,"B7H3","aucell_proliferating_score",0,"proliferating"
"CACAGATAGGACAACTAGTAGGCT-1","slingPseudotime_2",22.367845108346,"B7H3","aucell_naive_memory_score",0.0511578947368421,"naive_memory"
"CACAGATAGGACAACTAGTAGGCT-1","slingPseudotime_2",22.367845108346,"B7H3","aucell_cytotoxic_score",0.0581007547832192,"cytotoxic"
"CACAGATAGGACAACTAGTAGGCT-1","slingPseudotime_3",21.8576912585561,"B7H3","aucell_exhausted_score",0,"exhausted"
"CACAGATAGGACAACTAGTAGGCT-1","slingPseudotime_3",21.8576912585561,"B7H3","aucell_proliferating_score",0,"proliferating"
"CACAGATAGGACAACTAGTAGGCT-1","slingPseudotime_3",21.8576912585561,"B7H3","aucell_naive_memory_score",0.0511578947368421,"naive_memory"
"CACAGATAGGACAACTAGTAGGCT-1","slingPseudotime_3",21.8576912585561,"B7H3","aucell_cytotoxic_score",0.0581007547832192,"cytotoxic"
"CACAGATAGGCCATTCAGTAGGCT-1","slingPseudotime_1",21.0020363851467,"B7H3","aucell_exhausted_score",0.164296998420221,"exhausted"
"CACAGATAGGCCATTCAGTAGGCT-1","slingPseudotime_1",21.0020363851467,"B7H3","aucell_proliferating_score",0.0903157894736842,"proliferating"
"CACAGATAGGCCATTCAGTAGGCT-1","slingPseudotime_1",21.0020363851467,"B7H3","aucell_naive_memory_score",0,"naive_memory"
"CACAGATAGGCCATTCAGTAGGCT-1","slingPseudotime_1",21.0020363851467,"B7H3","aucell_cytotoxic_score",0,"cytotoxic"
"CACAGATAGGCCATTCAGTAGGCT-1","slingPseudotime_2",21.8423216345652,"B7H3","aucell_exhausted_score",0.164296998420221,"exhausted"
"CACAGATAGGCCATTCAGTAGGCT-1","slingPseudotime_2",21.8423216345652,"B7H3","aucell_proliferating_score",0.0903157894736842,"proliferating"
"CACAGATAGGCCATTCAGTAGGCT-1","slingPseudotime_2",21.8423216345652,"B7H3","aucell_naive_memory_score",0,"naive_memory"
"CACAGATAGGCCATTCAGTAGGCT-1","slingPseudotime_2",21.8423216345652,"B7H3","aucell_cytotoxic_score",0,"cytotoxic"
"CACAGATAGGCCATTCAGTAGGCT-1","slingPseudotime_3",27.4325839802628,"B7H3","aucell_exhausted_score",0.164296998420221,"exhausted"
"CACAGATAGGCCATTCAGTAGGCT-1","slingPseudotime_3",27.4325839802628,"B7H3","aucell_proliferating_score",0.0903157894736842,"proliferating"
"CACAGATAGGCCATTCAGTAGGCT-1","slingPseudotime_3",27.4325839802628,"B7H3","aucell_naive_memory_score",0,"naive_memory"
"CACAGATAGGCCATTCAGTAGGCT-1","slingPseudotime_3",27.4325839802628,"B7H3","aucell_cytotoxic_score",0,"cytotoxic"
"CACATAAAGCCAAACGAGTAGGCT-1","slingPseudotime_1",21.2368412604754,"B7H3","aucell_exhausted_score",0.27856766719326,"exhausted"
"CACATAAAGCCAAACGAGTAGGCT-1","slingPseudotime_1",21.2368412604754,"B7H3","aucell_proliferating_score",0,"proliferating"
"CACATAAAGCCAAACGAGTAGGCT-1","slingPseudotime_1",21.2368412604754,"B7H3","aucell_naive_memory_score",0.132842105263158,"naive_memory"
"CACATAAAGCCAAACGAGTAGGCT-1","slingPseudotime_1",21.2368412604754,"B7H3","aucell_cytotoxic_score",0,"cytotoxic"
"CACATAAAGCCAAACGAGTAGGCT-1","slingPseudotime_2",24.7812104858161,"B7H3","aucell_exhausted_score",0.27856766719326,"exhausted"
"CACATAAAGCCAAACGAGTAGGCT-1","slingPseudotime_2",24.7812104858161,"B7H3","aucell_proliferating_score",0,"proliferating"
"CACATAAAGCCAAACGAGTAGGCT-1","slingPseudotime_2",24.7812104858161,"B7H3","aucell_naive_memory_score",0.132842105263158,"naive_memory"
"CACATAAAGCCAAACGAGTAGGCT-1","slingPseudotime_2",24.7812104858161,"B7H3","aucell_cytotoxic_score",0,"cytotoxic"
"CACATAAAGCCAAACGAGTAGGCT-1","slingPseudotime_3",25.5554510056165,"B7H3","aucell_exhausted_score",0.27856766719326,"exhausted"
"CACATAAAGCCAAACGAGTAGGCT-1","slingPseudotime_3",25.5554510056165,"B7H3","aucell_proliferating_score",0,"proliferating"
"CACATAAAGCCAAACGAGTAGGCT-1","slingPseudotime_3",25.5554510056165,"B7H3","aucell_naive_memory_score",0.132842105263158,"naive_memory"
"CACATAAAGCCAAACGAGTAGGCT-1","slingPseudotime_3",25.5554510056165,"B7H3","aucell_cytotoxic_score",0,"cytotoxic"
"CAGGTTGAGGTTGTAAAGTAGGCT-1","slingPseudotime_1",33.1055757563567,"B7H3","aucell_exhausted_score",0.102334562050202,"exhausted"
"CAGGTTGAGGTTGTAAAGTAGGCT-1","slingPseudotime_1",33.1055757563567,"B7H3","aucell_proliferating_score",0.348421052631579,"proliferating"
"CAGGTTGAGGTTGTAAAGTAGGCT-1","slingPseudotime_1",33.1055757563567,"B7H3","aucell_naive_memory_score",0,"naive_memory"
"CAGGTTGAGGTTGTAAAGTAGGCT-1","slingPseudotime_1",33.1055757563567,"B7H3","aucell_cytotoxic_score",0,"cytotoxic"
"CATAATGAGTTACCCAAGTAGGCT-1","slingPseudotime_3",33.4963196137831,"B7H3","aucell_exhausted_score",0,"exhausted"
"CATAATGAGTTACCCAAGTAGGCT-1","slingPseudotime_3",33.4963196137831,"B7H3","aucell_proliferating_score",0,"proliferating"
"CATAATGAGTTACCCAAGTAGGCT-1","slingPseudotime_3",33.4963196137831,"B7H3","aucell_naive_memory_score",0,"naive_memory"
"CATAATGAGTTACCCAAGTAGGCT-1","slingPseudotime_3",33.4963196137831,"B7H3","aucell_cytotoxic_score",0,"cytotoxic"
"CATAGCCTCAGGCTGAAGTAGGCT-1","slingPseudotime_1",21.7965538608484,"B7H3","aucell_exhausted_score",0.103563278918729,"exhausted"
"CATAGCCTCAGGCTGAAGTAGGCT-1","slingPseudotime_1",21.7965538608484,"B7H3","aucell_proliferating_score",0,"proliferating"
"CATAGCCTCAGGCTGAAGTAGGCT-1","slingPseudotime_1",21.7965538608484,"B7H3","aucell_naive_memory_score",0.338736842105263,"naive_memory"
"CATAGCCTCAGGCTGAAGTAGGCT-1","slingPseudotime_1",21.7965538608484,"B7H3","aucell_cytotoxic_score",0.0347551342812006,"cytotoxic"
"CATAGCCTCAGGCTGAAGTAGGCT-1","slingPseudotime_2",23.9792332913514,"B7H3","aucell_exhausted_score",0.103563278918729,"exhausted"
"CATAGCCTCAGGCTGAAGTAGGCT-1","slingPseudotime_2",23.9792332913514,"B7H3","aucell_proliferating_score",0,"proliferating"
"CATAGCCTCAGGCTGAAGTAGGCT-1","slingPseudotime_2",23.9792332913514,"B7H3","aucell_naive_memory_score",0.338736842105263,"naive_memory"
"CATAGCCTCAGGCTGAAGTAGGCT-1","slingPseudotime_2",23.9792332913514,"B7H3","aucell_cytotoxic_score",0.0347551342812006,"cytotoxic"
"CATAGCCTCAGGCTGAAGTAGGCT-1","slingPseudotime_3",26.0246021522704,"B7H3","aucell_exhausted_score",0.103563278918729,"exhausted"
"CATAGCCTCAGGCTGAAGTAGGCT-1","slingPseudotime_3",26.0246021522704,"B7H3","aucell_proliferating_score",0,"proliferating"
"CATAGCCTCAGGCTGAAGTAGGCT-1","slingPseudotime_3",26.0246021522704,"B7H3","aucell_naive_memory_score",0.338736842105263,"naive_memory"
"CATAGCCTCAGGCTGAAGTAGGCT-1","slingPseudotime_3",26.0246021522704,"B7H3","aucell_cytotoxic_score",0.0347551342812006,"cytotoxic"
"CATAGGTAGCCTAGTCAGTAGGCT-1","slingPseudotime_1",28.9108922734284,"B7H3","aucell_exhausted_score",0.166754432157276,"exhausted"
"CATAGGTAGCCTAGTCAGTAGGCT-1","slingPseudotime_1",28.9108922734284,"B7H3","aucell_proliferating_score",0.188421052631579,"proliferating"
"CATAGGTAGCCTAGTCAGTAGGCT-1","slingPseudotime_1",28.9108922734284,"B7H3","aucell_naive_memory_score",0.0515789473684211,"naive_memory"
"CATAGGTAGCCTAGTCAGTAGGCT-1","slingPseudotime_1",28.9108922734284,"B7H3","aucell_cytotoxic_score",0,"cytotoxic"
"CATCCTGCATGTGGCGAGTAGGCT-1","slingPseudotime_1",21.2130359522993,"B7H3","aucell_exhausted_score",0.15762682113393,"exhausted"
"CATCCTGCATGTGGCGAGTAGGCT-1","slingPseudotime_1",21.2130359522993,"B7H3","aucell_proliferating_score",0,"proliferating"
"CATCCTGCATGTGGCGAGTAGGCT-1","slingPseudotime_1",21.2130359522993,"B7H3","aucell_naive_memory_score",0,"naive_memory"
"CATCCTGCATGTGGCGAGTAGGCT-1","slingPseudotime_1",21.2130359522993,"B7H3","aucell_cytotoxic_score",0.32683868702826,"cytotoxic"
"CATCCTGCATGTGGCGAGTAGGCT-1","slingPseudotime_2",21.5480183929128,"B7H3","aucell_exhausted_score",0.15762682113393,"exhausted"
"CATCCTGCATGTGGCGAGTAGGCT-1","slingPseudotime_2",21.5480183929128,"B7H3","aucell_proliferating_score",0,"proliferating"
"CATCCTGCATGTGGCGAGTAGGCT-1","slingPseudotime_2",21.5480183929128,"B7H3","aucell_naive_memory_score",0,"naive_memory"
"CATCCTGCATGTGGCGAGTAGGCT-1","slingPseudotime_2",21.5480183929128,"B7H3","aucell_cytotoxic_score",0.32683868702826,"cytotoxic"
"CATCCTGCATGTGGCGAGTAGGCT-1","slingPseudotime_3",26.2244169602899,"B7H3","aucell_exhausted_score",0.15762682113393,"exhausted"
"CATCCTGCATGTGGCGAGTAGGCT-1","slingPseudotime_3",26.2244169602899,"B7H3","aucell_proliferating_score",0,"proliferating"
"CATCCTGCATGTGGCGAGTAGGCT-1","slingPseudotime_3",26.2244169602899,"B7H3","aucell_naive_memory_score",0,"naive_memory"
"CATCCTGCATGTGGCGAGTAGGCT-1","slingPseudotime_3",26.2244169602899,"B7H3","aucell_cytotoxic_score",0.32683868702826,"cytotoxic"
"CATGTTGTCCGCTATAAGTAGGCT-1","slingPseudotime_1",22.0053222582211,"B7H3","aucell_exhausted_score",0.276987888362296,"exhausted"
"CATGTTGTCCGCTATAAGTAGGCT-1","slingPseudotime_1",22.0053222582211,"B7H3","aucell_proliferating_score",0,"proliferating"
"CATGTTGTCCGCTATAAGTAGGCT-1","slingPseudotime_1",22.0053222582211,"B7H3","aucell_naive_memory_score",0,"naive_memory"
"CATGTTGTCCGCTATAAGTAGGCT-1","slingPseudotime_1",22.0053222582211,"B7H3","aucell_cytotoxic_score",0,"cytotoxic"
"CATGTTGTCCGCTATAAGTAGGCT-1","slingPseudotime_2",24.7757906502277,"B7H3","aucell_exhausted_score",0.276987888362296,"exhausted"
"CATGTTGTCCGCTATAAGTAGGCT-1","slingPseudotime_2",24.7757906502277,"B7H3","aucell_proliferating_score",0,"proliferating"
"CATGTTGTCCGCTATAAGTAGGCT-1","slingPseudotime_2",24.7757906502277,"B7H3","aucell_naive_memory_score",0,"naive_memory"
"CATGTTGTCCGCTATAAGTAGGCT-1","slingPseudotime_2",24.7757906502277,"B7H3","aucell_cytotoxic_score",0,"cytotoxic"
"CATGTTGTCCGCTATAAGTAGGCT-1","slingPseudotime_3",22.743604729438,"B7H3","aucell_exhausted_score",0.276987888362296,"exhausted"
"CATGTTGTCCGCTATAAGTAGGCT-1","slingPseudotime_3",22.743604729438,"B7H3","aucell_proliferating_score",0,"proliferating"
"CATGTTGTCCGCTATAAGTAGGCT-1","slingPseudotime_3",22.743604729438,"B7H3","aucell_naive_memory_score",0,"naive_memory"
"CATGTTGTCCGCTATAAGTAGGCT-1","slingPseudotime_3",22.743604729438,"B7H3","aucell_cytotoxic_score",0,"cytotoxic"
"CATTAGGCACATTGTCAGTAGGCT-1","slingPseudotime_1",21.6238712396227,"B7H3","aucell_exhausted_score",0.0124626996664911,"exhausted"
"CATTAGGCACATTGTCAGTAGGCT-1","slingPseudotime_1",21.6238712396227,"B7H3","aucell_proliferating_score",0.172,"proliferating"
"CATTAGGCACATTGTCAGTAGGCT-1","slingPseudotime_1",21.6238712396227,"B7H3","aucell_naive_memory_score",0.00610526315789474,"naive_memory"
"CATTAGGCACATTGTCAGTAGGCT-1","slingPseudotime_1",21.6238712396227,"B7H3","aucell_cytotoxic_score",0.0817974372476742,"cytotoxic"
"CATTAGGCACATTGTCAGTAGGCT-1","slingPseudotime_2",23.8934933134962,"B7H3","aucell_exhausted_score",0.0124626996664911,"exhausted"
"CATTAGGCACATTGTCAGTAGGCT-1","slingPseudotime_2",23.8934933134962,"B7H3","aucell_proliferating_score",0.172,"proliferating"
"CATTAGGCACATTGTCAGTAGGCT-1","slingPseudotime_2",23.8934933134962,"B7H3","aucell_naive_memory_score",0.00610526315789474,"naive_memory"
"CATTAGGCACATTGTCAGTAGGCT-1","slingPseudotime_2",23.8934933134962,"B7H3","aucell_cytotoxic_score",0.0817974372476742,"cytotoxic"
"CATTAGGCACATTGTCAGTAGGCT-1","slingPseudotime_3",27.3687981118875,"B7H3","aucell_exhausted_score",0.0124626996664911,"exhausted"
"CATTAGGCACATTGTCAGTAGGCT-1","slingPseudotime_3",27.3687981118875,"B7H3","aucell_proliferating_score",0.172,"proliferating"
"CATTAGGCACATTGTCAGTAGGCT-1","slingPseudotime_3",27.3687981118875,"B7H3","aucell_naive_memory_score",0.00610526315789474,"naive_memory"
"CATTAGGCACATTGTCAGTAGGCT-1","slingPseudotime_3",27.3687981118875,"B7H3","aucell_cytotoxic_score",0.0817974372476742,"cytotoxic"
"CATTGTGTCCAGGAATAGTAGGCT-1","slingPseudotime_1",26.1710861115187,"B7H3","aucell_exhausted_score",0.106547305599438,"exhausted"
"CATTGTGTCCAGGAATAGTAGGCT-1","slingPseudotime_1",26.1710861115187,"B7H3","aucell_proliferating_score",0.0812631578947368,"proliferating"
"CATTGTGTCCAGGAATAGTAGGCT-1","slingPseudotime_1",26.1710861115187,"B7H3","aucell_naive_memory_score",0.0675789473684211,"naive_memory"
"CATTGTGTCCAGGAATAGTAGGCT-1","slingPseudotime_1",26.1710861115187,"B7H3","aucell_cytotoxic_score",0.22345093909075,"cytotoxic"
"CCAAAGCCACTGACAAAGTAGGCT-1","slingPseudotime_1",18.4058107362187,"B7H3","aucell_exhausted_score",0.0982973494821836,"exhausted"
"CCAAAGCCACTGACAAAGTAGGCT-1","slingPseudotime_1",18.4058107362187,"B7H3","aucell_proliferating_score",0,"proliferating"
"CCAAAGCCACTGACAAAGTAGGCT-1","slingPseudotime_1",18.4058107362187,"B7H3","aucell_naive_memory_score",0,"naive_memory"
"CCAAAGCCACTGACAAAGTAGGCT-1","slingPseudotime_1",18.4058107362187,"B7H3","aucell_cytotoxic_score",0,"cytotoxic"
"CCAAAGCCACTGACAAAGTAGGCT-1","slingPseudotime_2",18.2471551216694,"B7H3","aucell_exhausted_score",0.0982973494821836,"exhausted"
"CCAAAGCCACTGACAAAGTAGGCT-1","slingPseudotime_2",18.2471551216694,"B7H3","aucell_proliferating_score",0,"proliferating"
"CCAAAGCCACTGACAAAGTAGGCT-1","slingPseudotime_2",18.2471551216694,"B7H3","aucell_naive_memory_score",0,"naive_memory"
"CCAAAGCCACTGACAAAGTAGGCT-1","slingPseudotime_2",18.2471551216694,"B7H3","aucell_cytotoxic_score",0,"cytotoxic"
"CCAAAGCCACTGACAAAGTAGGCT-1","slingPseudotime_3",29.1324142388673,"B7H3","aucell_exhausted_score",0.0982973494821836,"exhausted"
"CCAAAGCCACTGACAAAGTAGGCT-1","slingPseudotime_3",29.1324142388673,"B7H3","aucell_proliferating_score",0,"proliferating"
"CCAAAGCCACTGACAAAGTAGGCT-1","slingPseudotime_3",29.1324142388673,"B7H3","aucell_naive_memory_score",0,"naive_memory"
"CCAAAGCCACTGACAAAGTAGGCT-1","slingPseudotime_3",29.1324142388673,"B7H3","aucell_cytotoxic_score",0,"cytotoxic"
"CCAAGGATCAAGGGCCAGTAGGCT-1","slingPseudotime_1",39.5204621805361,"B7H3","aucell_exhausted_score",0.166578901176058,"exhausted"
"CCAAGGATCAAGGGCCAGTAGGCT-1","slingPseudotime_1",39.5204621805361,"B7H3","aucell_proliferating_score",0.426315789473684,"proliferating"
"CCAAGGATCAAGGGCCAGTAGGCT-1","slingPseudotime_1",39.5204621805361,"B7H3","aucell_naive_memory_score",0.168842105263158,"naive_memory"
"CCAAGGATCAAGGGCCAGTAGGCT-1","slingPseudotime_1",39.5204621805361,"B7H3","aucell_cytotoxic_score",0,"cytotoxic"
"CCAATTAGTAGACTGAAGTAGGCT-1","slingPseudotime_1",18.4134175948635,"B7H3","aucell_exhausted_score",0.314375987361769,"exhausted"
"CCAATTAGTAGACTGAAGTAGGCT-1","slingPseudotime_1",18.4134175948635,"B7H3","aucell_proliferating_score",0,"proliferating"
"CCAATTAGTAGACTGAAGTAGGCT-1","slingPseudotime_1",18.4134175948635,"B7H3","aucell_naive_memory_score",0,"naive_memory"
"CCAATTAGTAGACTGAAGTAGGCT-1","slingPseudotime_1",18.4134175948635,"B7H3","aucell_cytotoxic_score",0,"cytotoxic"
"CCAATTAGTAGACTGAAGTAGGCT-1","slingPseudotime_2",17.330261349604,"B7H3","aucell_exhausted_score",0.314375987361769,"exhausted"
"CCAATTAGTAGACTGAAGTAGGCT-1","slingPseudotime_2",17.330261349604,"B7H3","aucell_proliferating_score",0,"proliferating"
"CCAATTAGTAGACTGAAGTAGGCT-1","slingPseudotime_2",17.330261349604,"B7H3","aucell_naive_memory_score",0,"naive_memory"
"CCAATTAGTAGACTGAAGTAGGCT-1","slingPseudotime_2",17.330261349604,"B7H3","aucell_cytotoxic_score",0,"cytotoxic"
"CCAATTAGTAGACTGAAGTAGGCT-1","slingPseudotime_3",31.7146681390145,"B7H3","aucell_exhausted_score",0.314375987361769,"exhausted"
"CCAATTAGTAGACTGAAGTAGGCT-1","slingPseudotime_3",31.7146681390145,"B7H3","aucell_proliferating_score",0,"proliferating"
"CCAATTAGTAGACTGAAGTAGGCT-1","slingPseudotime_3",31.7146681390145,"B7H3","aucell_naive_memory_score",0,"naive_memory"
"CCAATTAGTAGACTGAAGTAGGCT-1","slingPseudotime_3",31.7146681390145,"B7H3","aucell_cytotoxic_score",0,"cytotoxic"
"CCACATTCATTCCTGGAGTAGGCT-1","slingPseudotime_1",35.5694008335354,"B7H3","aucell_exhausted_score",0.137265227312621,"exhausted"
"CCACATTCATTCCTGGAGTAGGCT-1","slingPseudotime_1",35.5694008335354,"B7H3","aucell_proliferating_score",0.410736842105263,"proliferating"
"CCACATTCATTCCTGGAGTAGGCT-1","slingPseudotime_1",35.5694008335354,"B7H3","aucell_naive_memory_score",0,"naive_memory"
"CCACATTCATTCCTGGAGTAGGCT-1","slingPseudotime_1",35.5694008335354,"B7H3","aucell_cytotoxic_score",0,"cytotoxic"
"CCATCAGGTTAACCACAGTAGGCT-1","slingPseudotime_1",21.0357248130692,"B7H3","aucell_exhausted_score",0.0684570826750922,"exhausted"
"CCATCAGGTTAACCACAGTAGGCT-1","slingPseudotime_1",21.0357248130692,"B7H3","aucell_proliferating_score",0,"proliferating"
"CCATCAGGTTAACCACAGTAGGCT-1","slingPseudotime_1",21.0357248130692,"B7H3","aucell_naive_memory_score",0,"naive_memory"
"CCATCAGGTTAACCACAGTAGGCT-1","slingPseudotime_1",21.0357248130692,"B7H3","aucell_cytotoxic_score",0,"cytotoxic"
"CCATCAGGTTAACCACAGTAGGCT-1","slingPseudotime_2",21.5480183929128,"B7H3","aucell_exhausted_score",0.0684570826750922,"exhausted"
"CCATCAGGTTAACCACAGTAGGCT-1","slingPseudotime_2",21.5480183929128,"B7H3","aucell_proliferating_score",0,"proliferating"
"CCATCAGGTTAACCACAGTAGGCT-1","slingPseudotime_2",21.5480183929128,"B7H3","aucell_naive_memory_score",0,"naive_memory"
"CCATCAGGTTAACCACAGTAGGCT-1","slingPseudotime_2",21.5480183929128,"B7H3","aucell_cytotoxic_score",0,"cytotoxic"
"CCATCAGGTTAACCACAGTAGGCT-1","slingPseudotime_3",23.0777944312328,"B7H3","aucell_exhausted_score",0.0684570826750922,"exhausted"
"CCATCAGGTTAACCACAGTAGGCT-1","slingPseudotime_3",23.0777944312328,"B7H3","aucell_proliferating_score",0,"proliferating"
"CCATCAGGTTAACCACAGTAGGCT-1","slingPseudotime_3",23.0777944312328,"B7H3","aucell_naive_memory_score",0,"naive_memory"
"CCATCAGGTTAACCACAGTAGGCT-1","slingPseudotime_3",23.0777944312328,"B7H3","aucell_cytotoxic_score",0,"cytotoxic"
"CCCATTCGTATGTTTGAGTAGGCT-1","slingPseudotime_1",19.0796795912576,"B7H3","aucell_exhausted_score",0.0466912410040372,"exhausted"
"CCCATTCGTATGTTTGAGTAGGCT-1","slingPseudotime_1",19.0796795912576,"B7H3","aucell_proliferating_score",0,"proliferating"
"CCCATTCGTATGTTTGAGTAGGCT-1","slingPseudotime_1",19.0796795912576,"B7H3","aucell_naive_memory_score",0,"naive_memory"
"CCCATTCGTATGTTTGAGTAGGCT-1","slingPseudotime_1",19.0796795912576,"B7H3","aucell_cytotoxic_score",0.255397577672459,"cytotoxic"
"CCCATTCGTATGTTTGAGTAGGCT-1","slingPseudotime_2",19.7462082359612,"B7H3","aucell_exhausted_score",0.0466912410040372,"exhausted"
"CCCATTCGTATGTTTGAGTAGGCT-1","slingPseudotime_2",19.7462082359612,"B7H3","aucell_proliferating_score",0,"proliferating"
"CCCATTCGTATGTTTGAGTAGGCT-1","slingPseudotime_2",19.7462082359612,"B7H3","aucell_naive_memory_score",0,"naive_memory"
"CCCATTCGTATGTTTGAGTAGGCT-1","slingPseudotime_2",19.7462082359612,"B7H3","aucell_cytotoxic_score",0.255397577672459,"cytotoxic"
"CCCATTCGTATGTTTGAGTAGGCT-1","slingPseudotime_3",20.2090304236111,"B7H3","aucell_exhausted_score",0.0466912410040372,"exhausted"
"CCCATTCGTATGTTTGAGTAGGCT-1","slingPseudotime_3",20.2090304236111,"B7H3","aucell_proliferating_score",0,"proliferating"
"CCCATTCGTATGTTTGAGTAGGCT-1","slingPseudotime_3",20.2090304236111,"B7H3","aucell_naive_memory_score",0,"naive_memory"
"CCCATTCGTATGTTTGAGTAGGCT-1","slingPseudotime_3",20.2090304236111,"B7H3","aucell_cytotoxic_score",0.255397577672459,"cytotoxic"
"CCCGAAGCACCTAAGAAGTAGGCT-1","slingPseudotime_1",18.8827318795342,"B7H3","aucell_exhausted_score",0.163594874495348,"exhausted"
"CCCGAAGCACCTAAGAAGTAGGCT-1","slingPseudotime_1",18.8827318795342,"B7H3","aucell_proliferating_score",0,"proliferating"
"CCCGAAGCACCTAAGAAGTAGGCT-1","slingPseudotime_1",18.8827318795342,"B7H3","aucell_naive_memory_score",0,"naive_memory"
"CCCGAAGCACCTAAGAAGTAGGCT-1","slingPseudotime_1",18.8827318795342,"B7H3","aucell_cytotoxic_score",0.146217307354748,"cytotoxic"
"CCCGAAGCACCTAAGAAGTAGGCT-1","slingPseudotime_2",19.1297579880564,"B7H3","aucell_exhausted_score",0.163594874495348,"exhausted"
"CCCGAAGCACCTAAGAAGTAGGCT-1","slingPseudotime_2",19.1297579880564,"B7H3","aucell_proliferating_score",0,"proliferating"
"CCCGAAGCACCTAAGAAGTAGGCT-1","slingPseudotime_2",19.1297579880564,"B7H3","aucell_naive_memory_score",0,"naive_memory"
"CCCGAAGCACCTAAGAAGTAGGCT-1","slingPseudotime_2",19.1297579880564,"B7H3","aucell_cytotoxic_score",0.146217307354748,"cytotoxic"
"CCCGAAGCACCTAAGAAGTAGGCT-1","slingPseudotime_3",18.3880598730241,"B7H3","aucell_exhausted_score",0.163594874495348,"exhausted"
"CCCGAAGCACCTAAGAAGTAGGCT-1","slingPseudotime_3",18.3880598730241,"B7H3","aucell_proliferating_score",0,"proliferating"
"CCCGAAGCACCTAAGAAGTAGGCT-1","slingPseudotime_3",18.3880598730241,"B7H3","aucell_naive_memory_score",0,"naive_memory"
"CCCGAAGCACCTAAGAAGTAGGCT-1","slingPseudotime_3",18.3880598730241,"B7H3","aucell_cytotoxic_score",0.146217307354748,"cytotoxic"
"CCGCCATCAGCGATCGAGTAGGCT-1","slingPseudotime_1",19.1559666627962,"B7H3","aucell_exhausted_score",0,"exhausted"
"CCGCCATCAGCGATCGAGTAGGCT-1","slingPseudotime_1",19.1559666627962,"B7H3","aucell_proliferating_score",0.103789473684211,"proliferating"
"CCGCCATCAGCGATCGAGTAGGCT-1","slingPseudotime_1",19.1559666627962,"B7H3","aucell_naive_memory_score",0,"naive_memory"
"CCGCCATCAGCGATCGAGTAGGCT-1","slingPseudotime_1",19.1559666627962,"B7H3","aucell_cytotoxic_score",0,"cytotoxic"
"CCGCCATCAGCGATCGAGTAGGCT-1","slingPseudotime_2",22.1610865389131,"B7H3","aucell_exhausted_score",0,"exhausted"
"CCGCCATCAGCGATCGAGTAGGCT-1","slingPseudotime_2",22.1610865389131,"B7H3","aucell_proliferating_score",0.103789473684211,"proliferating"
"CCGCCATCAGCGATCGAGTAGGCT-1","slingPseudotime_2",22.1610865389131,"B7H3","aucell_naive_memory_score",0,"naive_memory"
"CCGCCATCAGCGATCGAGTAGGCT-1","slingPseudotime_2",22.1610865389131,"B7H3","aucell_cytotoxic_score",0,"cytotoxic"
"CCGCCATCAGCGATCGAGTAGGCT-1","slingPseudotime_3",27.506478093588,"B7H3","aucell_exhausted_score",0,"exhausted"
"CCGCCATCAGCGATCGAGTAGGCT-1","slingPseudotime_3",27.506478093588,"B7H3","aucell_proliferating_score",0.103789473684211,"proliferating"
"CCGCCATCAGCGATCGAGTAGGCT-1","slingPseudotime_3",27.506478093588,"B7H3","aucell_naive_memory_score",0,"naive_memory"
"CCGCCATCAGCGATCGAGTAGGCT-1","slingPseudotime_3",27.506478093588,"B7H3","aucell_cytotoxic_score",0,"cytotoxic"
"CCTAGAGAGGCTAGATAGTAGGCT-1","slingPseudotime_1",28.3427106179699,"B7H3","aucell_exhausted_score",0,"exhausted"
"CCTAGAGAGGCTAGATAGTAGGCT-1","slingPseudotime_1",28.3427106179699,"B7H3","aucell_proliferating_score",0.266315789473684,"proliferating"
"CCTAGAGAGGCTAGATAGTAGGCT-1","slingPseudotime_1",28.3427106179699,"B7H3","aucell_naive_memory_score",0,"naive_memory"
"CCTAGAGAGGCTAGATAGTAGGCT-1","slingPseudotime_1",28.3427106179699,"B7H3","aucell_cytotoxic_score",0,"cytotoxic"
"CCTATTTGTTCCGTGAAGTAGGCT-1","slingPseudotime_1",21.9484556332454,"B7H3","aucell_exhausted_score",0.166929963138494,"exhausted"
"CCTATTTGTTCCGTGAAGTAGGCT-1","slingPseudotime_1",21.9484556332454,"B7H3","aucell_proliferating_score",0,"proliferating"
"CCTATTTGTTCCGTGAAGTAGGCT-1","slingPseudotime_1",21.9484556332454,"B7H3","aucell_naive_memory_score",0,"naive_memory"
"CCTATTTGTTCCGTGAAGTAGGCT-1","slingPseudotime_1",21.9484556332454,"B7H3","aucell_cytotoxic_score",0.136738634368966,"cytotoxic"
"CCTATTTGTTCCGTGAAGTAGGCT-1","slingPseudotime_2",23.6083565942001,"B7H3","aucell_exhausted_score",0.166929963138494,"exhausted"
"CCTATTTGTTCCGTGAAGTAGGCT-1","slingPseudotime_2",23.6083565942001,"B7H3","aucell_proliferating_score",0,"proliferating"
"CCTATTTGTTCCGTGAAGTAGGCT-1","slingPseudotime_2",23.6083565942001,"B7H3","aucell_naive_memory_score",0,"naive_memory"
"CCTATTTGTTCCGTGAAGTAGGCT-1","slingPseudotime_2",23.6083565942001,"B7H3","aucell_cytotoxic_score",0.136738634368966,"cytotoxic"
"CCTATTTGTTCCGTGAAGTAGGCT-1","slingPseudotime_3",23.9933463232009,"B7H3","aucell_exhausted_score",0.166929963138494,"exhausted"
"CCTATTTGTTCCGTGAAGTAGGCT-1","slingPseudotime_3",23.9933463232009,"B7H3","aucell_proliferating_score",0,"proliferating"
"CCTATTTGTTCCGTGAAGTAGGCT-1","slingPseudotime_3",23.9933463232009,"B7H3","aucell_naive_memory_score",0,"naive_memory"
"CCTATTTGTTCCGTGAAGTAGGCT-1","slingPseudotime_3",23.9933463232009,"B7H3","aucell_cytotoxic_score",0.136738634368966,"cytotoxic"
"CCTCGATAGGTATTTCAGTAGGCT-1","slingPseudotime_1",19.3752477198766,"B7H3","aucell_exhausted_score",0,"exhausted"
"CCTCGATAGGTATTTCAGTAGGCT-1","slingPseudotime_1",19.3752477198766,"B7H3","aucell_proliferating_score",0.0256842105263158,"proliferating"
"CCTCGATAGGTATTTCAGTAGGCT-1","slingPseudotime_1",19.3752477198766,"B7H3","aucell_naive_memory_score",0.0949473684210526,"naive_memory"
"CCTCGATAGGTATTTCAGTAGGCT-1","slingPseudotime_1",19.3752477198766,"B7H3","aucell_cytotoxic_score",0,"cytotoxic"
"CCTCGATAGGTATTTCAGTAGGCT-1","slingPseudotime_2",19.174014684129,"B7H3","aucell_exhausted_score",0,"exhausted"
"CCTCGATAGGTATTTCAGTAGGCT-1","slingPseudotime_2",19.174014684129,"B7H3","aucell_proliferating_score",0.0256842105263158,"proliferating"
"CCTCGATAGGTATTTCAGTAGGCT-1","slingPseudotime_2",19.174014684129,"B7H3","aucell_naive_memory_score",0.0949473684210526,"naive_memory"
"CCTCGATAGGTATTTCAGTAGGCT-1","slingPseudotime_2",19.174014684129,"B7H3","aucell_cytotoxic_score",0,"cytotoxic"
"CCTCGATAGGTATTTCAGTAGGCT-1","slingPseudotime_3",27.9657074744941,"B7H3","aucell_exhausted_score",0,"exhausted"
"CCTCGATAGGTATTTCAGTAGGCT-1","slingPseudotime_3",27.9657074744941,"B7H3","aucell_proliferating_score",0.0256842105263158,"proliferating"
"CCTCGATAGGTATTTCAGTAGGCT-1","slingPseudotime_3",27.9657074744941,"B7H3","aucell_naive_memory_score",0.0949473684210526,"naive_memory"
"CCTCGATAGGTATTTCAGTAGGCT-1","slingPseudotime_3",27.9657074744941,"B7H3","aucell_cytotoxic_score",0,"cytotoxic"
"CGAATATCAGCTTAAGAGTAGGCT-1","slingPseudotime_1",20.5115669275426,"B7H3","aucell_exhausted_score",0.286642092329296,"exhausted"
"CGAATATCAGCTTAAGAGTAGGCT-1","slingPseudotime_1",20.5115669275426,"B7H3","aucell_proliferating_score",0.0522105263157895,"proliferating"
"CGAATATCAGCTTAAGAGTAGGCT-1","slingPseudotime_1",20.5115669275426,"B7H3","aucell_naive_memory_score",0,"naive_memory"
"CGAATATCAGCTTAAGAGTAGGCT-1","slingPseudotime_1",20.5115669275426,"B7H3","aucell_cytotoxic_score",0,"cytotoxic"
"CGAATATCAGCTTAAGAGTAGGCT-1","slingPseudotime_2",21.8805237961809,"B7H3","aucell_exhausted_score",0.286642092329296,"exhausted"
"CGAATATCAGCTTAAGAGTAGGCT-1","slingPseudotime_2",21.8805237961809,"B7H3","aucell_proliferating_score",0.0522105263157895,"proliferating"
"CGAATATCAGCTTAAGAGTAGGCT-1","slingPseudotime_2",21.8805237961809,"B7H3","aucell_naive_memory_score",0,"naive_memory"
"CGAATATCAGCTTAAGAGTAGGCT-1","slingPseudotime_2",21.8805237961809,"B7H3","aucell_cytotoxic_score",0,"cytotoxic"
"CGAATATCAGCTTAAGAGTAGGCT-1","slingPseudotime_3",29.6180697557188,"B7H3","aucell_exhausted_score",0.286642092329296,"exhausted"
"CGAATATCAGCTTAAGAGTAGGCT-1","slingPseudotime_3",29.6180697557188,"B7H3","aucell_proliferating_score",0.0522105263157895,"proliferating"
"CGAATATCAGCTTAAGAGTAGGCT-1","slingPseudotime_3",29.6180697557188,"B7H3","aucell_naive_memory_score",0,"naive_memory"
"CGAATATCAGCTTAAGAGTAGGCT-1","slingPseudotime_3",29.6180697557188,"B7H3","aucell_cytotoxic_score",0,"cytotoxic"
"CGATTGACACTTAACCAGTAGGCT-1","slingPseudotime_1",38.9987051156163,"B7H3","aucell_exhausted_score",0.158504476040021,"exhausted"
"CGATTGACACTTAACCAGTAGGCT-1","slingPseudotime_1",38.9987051156163,"B7H3","aucell_proliferating_score",0.544,"proliferating"
"CGATTGACACTTAACCAGTAGGCT-1","slingPseudotime_1",38.9987051156163,"B7H3","aucell_naive_memory_score",0,"naive_memory"
"CGATTGACACTTAACCAGTAGGCT-1","slingPseudotime_1",38.9987051156163,"B7H3","aucell_cytotoxic_score",0,"cytotoxic"
"CGCATTATCTATCGGCAGTAGGCT-1","slingPseudotime_1",21.0638646640525,"B7H3","aucell_exhausted_score",0,"exhausted"
"CGCATTATCTATCGGCAGTAGGCT-1","slingPseudotime_1",21.0638646640525,"B7H3","aucell_proliferating_score",0,"proliferating"
"CGCATTATCTATCGGCAGTAGGCT-1","slingPseudotime_1",21.0638646640525,"B7H3","aucell_naive_memory_score",0,"naive_memory"
"CGCATTATCTATCGGCAGTAGGCT-1","slingPseudotime_1",21.0638646640525,"B7H3","aucell_cytotoxic_score",0,"cytotoxic"
"CGCATTATCTATCGGCAGTAGGCT-1","slingPseudotime_2",22.0700709175469,"B7H3","aucell_exhausted_score",0,"exhausted"
"CGCATTATCTATCGGCAGTAGGCT-1","slingPseudotime_2",22.0700709175469,"B7H3","aucell_proliferating_score",0,"proliferating"
"CGCATTATCTATCGGCAGTAGGCT-1","slingPseudotime_2",22.0700709175469,"B7H3","aucell_naive_memory_score",0,"naive_memory"
"CGCATTATCTATCGGCAGTAGGCT-1","slingPseudotime_2",22.0700709175469,"B7H3","aucell_cytotoxic_score",0,"cytotoxic"
"CGCATTATCTATCGGCAGTAGGCT-1","slingPseudotime_3",24.399873147538,"B7H3","aucell_exhausted_score",0,"exhausted"
"CGCATTATCTATCGGCAGTAGGCT-1","slingPseudotime_3",24.399873147538,"B7H3","aucell_proliferating_score",0,"proliferating"
"CGCATTATCTATCGGCAGTAGGCT-1","slingPseudotime_3",24.399873147538,"B7H3","aucell_naive_memory_score",0,"naive_memory"
"CGCATTATCTATCGGCAGTAGGCT-1","slingPseudotime_3",24.399873147538,"B7H3","aucell_cytotoxic_score",0,"cytotoxic"
"CGGAACCAGAATGGGAAGTAGGCT-1","slingPseudotime_1",21.6067807194094,"B7H3","aucell_exhausted_score",0,"exhausted"
"CGGAACCAGAATGGGAAGTAGGCT-1","slingPseudotime_1",21.6067807194094,"B7H3","aucell_proliferating_score",0,"proliferating"
"CGGAACCAGAATGGGAAGTAGGCT-1","slingPseudotime_1",21.6067807194094,"B7H3","aucell_naive_memory_score",0,"naive_memory"
"CGGAACCAGAATGGGAAGTAGGCT-1","slingPseudotime_1",21.6067807194094,"B7H3","aucell_cytotoxic_score",0.26979111813235,"cytotoxic"
"CGGAACCAGAATGGGAAGTAGGCT-1","slingPseudotime_2",23.8314270637045,"B7H3","aucell_exhausted_score",0,"exhausted"
"CGGAACCAGAATGGGAAGTAGGCT-1","slingPseudotime_2",23.8314270637045,"B7H3","aucell_proliferating_score",0,"proliferating"
"CGGAACCAGAATGGGAAGTAGGCT-1","slingPseudotime_2",23.8314270637045,"B7H3","aucell_naive_memory_score",0,"naive_memory"
"CGGAACCAGAATGGGAAGTAGGCT-1","slingPseudotime_2",23.8314270637045,"B7H3","aucell_cytotoxic_score",0.26979111813235,"cytotoxic"
"CGGAACCAGAATGGGAAGTAGGCT-1","slingPseudotime_3",24.9361291202907,"B7H3","aucell_exhausted_score",0,"exhausted"
"CGGAACCAGAATGGGAAGTAGGCT-1","slingPseudotime_3",24.9361291202907,"B7H3","aucell_proliferating_score",0,"proliferating"
"CGGAACCAGAATGGGAAGTAGGCT-1","slingPseudotime_3",24.9361291202907,"B7H3","aucell_naive_memory_score",0,"naive_memory"
"CGGAACCAGAATGGGAAGTAGGCT-1","slingPseudotime_3",24.9361291202907,"B7H3","aucell_cytotoxic_score",0.26979111813235,"cytotoxic"
"CGTGTCCCAACAGGGAAGTAGGCT-1","slingPseudotime_1",18.8419379114983,"B7H3","aucell_exhausted_score",0,"exhausted"
"CGTGTCCCAACAGGGAAGTAGGCT-1","slingPseudotime_1",18.8419379114983,"B7H3","aucell_proliferating_score",0,"proliferating"
"CGTGTCCCAACAGGGAAGTAGGCT-1","slingPseudotime_1",18.8419379114983,"B7H3","aucell_naive_memory_score",0.198526315789474,"naive_memory"
"CGTGTCCCAACAGGGAAGTAGGCT-1","slingPseudotime_1",18.8419379114983,"B7H3","aucell_cytotoxic_score",0.0900473933649289,"cytotoxic"
"CGTGTCCCAACAGGGAAGTAGGCT-1","slingPseudotime_2",19.1878436666953,"B7H3","aucell_exhausted_score",0,"exhausted"
"CGTGTCCCAACAGGGAAGTAGGCT-1","slingPseudotime_2",19.1878436666953,"B7H3","aucell_proliferating_score",0,"proliferating"
"CGTGTCCCAACAGGGAAGTAGGCT-1","slingPseudotime_2",19.1878436666953,"B7H3","aucell_naive_memory_score",0.198526315789474,"naive_memory"
"CGTGTCCCAACAGGGAAGTAGGCT-1","slingPseudotime_2",19.1878436666953,"B7H3","aucell_cytotoxic_score",0.0900473933649289,"cytotoxic"
"CGTGTCCCAACAGGGAAGTAGGCT-1","slingPseudotime_3",18.1095072275899,"B7H3","aucell_exhausted_score",0,"exhausted"
"CGTGTCCCAACAGGGAAGTAGGCT-1","slingPseudotime_3",18.1095072275899,"B7H3","aucell_proliferating_score",0,"proliferating"
"CGTGTCCCAACAGGGAAGTAGGCT-1","slingPseudotime_3",18.1095072275899,"B7H3","aucell_naive_memory_score",0.198526315789474,"naive_memory"
"CGTGTCCCAACAGGGAAGTAGGCT-1","slingPseudotime_3",18.1095072275899,"B7H3","aucell_cytotoxic_score",0.0900473933649289,"cytotoxic"
"CGTTATAGTTGAGCTTAGTAGGCT-1","slingPseudotime_1",21.2470050537936,"B7H3","aucell_exhausted_score",0.245743373705459,"exhausted"
"CGTTATAGTTGAGCTTAGTAGGCT-1","slingPseudotime_1",21.2470050537936,"B7H3","aucell_proliferating_score",0,"proliferating"
"CGTTATAGTTGAGCTTAGTAGGCT-1","slingPseudotime_1",21.2470050537936,"B7H3","aucell_naive_memory_score",0.196,"naive_memory"
"CGTTATAGTTGAGCTTAGTAGGCT-1","slingPseudotime_1",21.2470050537936,"B7H3","aucell_cytotoxic_score",0.324556784272424,"cytotoxic"
"CGTTATAGTTGAGCTTAGTAGGCT-1","slingPseudotime_2",26.7584599318405,"B7H3","aucell_exhausted_score",0.245743373705459,"exhausted"
"CGTTATAGTTGAGCTTAGTAGGCT-1","slingPseudotime_2",26.7584599318405,"B7H3","aucell_proliferating_score",0,"proliferating"
"CGTTATAGTTGAGCTTAGTAGGCT-1","slingPseudotime_2",26.7584599318405,"B7H3","aucell_naive_memory_score",0.196,"naive_memory"
"CGTTATAGTTGAGCTTAGTAGGCT-1","slingPseudotime_2",26.7584599318405,"B7H3","aucell_cytotoxic_score",0.324556784272424,"cytotoxic"
"CGTTATAGTTGAGCTTAGTAGGCT-1","slingPseudotime_3",24.0145200631102,"B7H3","aucell_exhausted_score",0.245743373705459,"exhausted"
"CGTTATAGTTGAGCTTAGTAGGCT-1","slingPseudotime_3",24.0145200631102,"B7H3","aucell_proliferating_score",0,"proliferating"
"CGTTATAGTTGAGCTTAGTAGGCT-1","slingPseudotime_3",24.0145200631102,"B7H3","aucell_naive_memory_score",0.196,"naive_memory"
"CGTTATAGTTGAGCTTAGTAGGCT-1","slingPseudotime_3",24.0145200631102,"B7H3","aucell_cytotoxic_score",0.324556784272424,"cytotoxic"
"CTAACCATCATAATCCAGTAGGCT-1","slingPseudotime_1",21.6851382269647,"B7H3","aucell_exhausted_score",0,"exhausted"
"CTAACCATCATAATCCAGTAGGCT-1","slingPseudotime_1",21.6851382269647,"B7H3","aucell_proliferating_score",0.171157894736842,"proliferating"
"CTAACCATCATAATCCAGTAGGCT-1","slingPseudotime_1",21.6851382269647,"B7H3","aucell_naive_memory_score",0,"naive_memory"
"CTAACCATCATAATCCAGTAGGCT-1","slingPseudotime_1",21.6851382269647,"B7H3","aucell_cytotoxic_score",0,"cytotoxic"
"CTAACCATCATAATCCAGTAGGCT-1","slingPseudotime_2",22.3236124482042,"B7H3","aucell_exhausted_score",0,"exhausted"
"CTAACCATCATAATCCAGTAGGCT-1","slingPseudotime_2",22.3236124482042,"B7H3","aucell_proliferating_score",0.171157894736842,"proliferating"
"CTAACCATCATAATCCAGTAGGCT-1","slingPseudotime_2",22.3236124482042,"B7H3","aucell_naive_memory_score",0,"naive_memory"
"CTAACCATCATAATCCAGTAGGCT-1","slingPseudotime_2",22.3236124482042,"B7H3","aucell_cytotoxic_score",0,"cytotoxic"
"CTAACCATCATAATCCAGTAGGCT-1","slingPseudotime_3",24.6956241984312,"B7H3","aucell_exhausted_score",0,"exhausted"
"CTAACCATCATAATCCAGTAGGCT-1","slingPseudotime_3",24.6956241984312,"B7H3","aucell_proliferating_score",0.171157894736842,"proliferating"
"CTAACCATCATAATCCAGTAGGCT-1","slingPseudotime_3",24.6956241984312,"B7H3","aucell_naive_memory_score",0,"naive_memory"
"CTAACCATCATAATCCAGTAGGCT-1","slingPseudotime_3",24.6956241984312,"B7H3","aucell_cytotoxic_score",0,"cytotoxic"
"CTAATGCGTTGTCCAGAGTAGGCT-1","slingPseudotime_1",33.2465106657408,"B7H3","aucell_exhausted_score",0.0442338072669826,"exhausted"
"CTAATGCGTTGTCCAGAGTAGGCT-1","slingPseudotime_1",33.2465106657408,"B7H3","aucell_proliferating_score",0.177473684210526,"proliferating"
"CTAATGCGTTGTCCAGAGTAGGCT-1","slingPseudotime_1",33.2465106657408,"B7H3","aucell_naive_memory_score",0.149894736842105,"naive_memory"
"CTAATGCGTTGTCCAGAGTAGGCT-1","slingPseudotime_1",33.2465106657408,"B7H3","aucell_cytotoxic_score",0.058802878708092,"cytotoxic"
"CTACCTAAGATAACGCAGTAGGCT-1","slingPseudotime_1",22.3024211171217,"B7H3","aucell_exhausted_score",0,"exhausted"
"CTACCTAAGATAACGCAGTAGGCT-1","slingPseudotime_1",22.3024211171217,"B7H3","aucell_proliferating_score",0,"proliferating"
"CTACCTAAGATAACGCAGTAGGCT-1","slingPseudotime_1",22.3024211171217,"B7H3","aucell_naive_memory_score",0.137052631578947,"naive_memory"
"CTACCTAAGATAACGCAGTAGGCT-1","slingPseudotime_1",22.3024211171217,"B7H3","aucell_cytotoxic_score",0,"cytotoxic"
"CTACCTAAGATAACGCAGTAGGCT-1","slingPseudotime_2",22.5748480290138,"B7H3","aucell_exhausted_score",0,"exhausted"
"CTACCTAAGATAACGCAGTAGGCT-1","slingPseudotime_2",22.5748480290138,"B7H3","aucell_proliferating_score",0,"proliferating"
"CTACCTAAGATAACGCAGTAGGCT-1","slingPseudotime_2",22.5748480290138,"B7H3","aucell_naive_memory_score",0.137052631578947,"naive_memory"
"CTACCTAAGATAACGCAGTAGGCT-1","slingPseudotime_2",22.5748480290138,"B7H3","aucell_cytotoxic_score",0,"cytotoxic"
"CTACCTAAGATAACGCAGTAGGCT-1","slingPseudotime_3",27.5758644643505,"B7H3","aucell_exhausted_score",0,"exhausted"
"CTACCTAAGATAACGCAGTAGGCT-1","slingPseudotime_3",27.5758644643505,"B7H3","aucell_proliferating_score",0,"proliferating"
"CTACCTAAGATAACGCAGTAGGCT-1","slingPseudotime_3",27.5758644643505,"B7H3","aucell_naive_memory_score",0.137052631578947,"naive_memory"
"CTACCTAAGATAACGCAGTAGGCT-1","slingPseudotime_3",27.5758644643505,"B7H3","aucell_cytotoxic_score",0,"cytotoxic"
"CTAGGCGCACAGCCAGAGTAGGCT-1","slingPseudotime_1",20.0356178288095,"B7H3","aucell_exhausted_score",0,"exhausted"
"CTAGGCGCACAGCCAGAGTAGGCT-1","slingPseudotime_1",20.0356178288095,"B7H3","aucell_proliferating_score",0,"proliferating"
"CTAGGCGCACAGCCAGAGTAGGCT-1","slingPseudotime_1",20.0356178288095,"B7H3","aucell_naive_memory_score",0,"naive_memory"
"CTAGGCGCACAGCCAGAGTAGGCT-1","slingPseudotime_1",20.0356178288095,"B7H3","aucell_cytotoxic_score",0,"cytotoxic"
"CTAGGCGCACAGCCAGAGTAGGCT-1","slingPseudotime_2",20.1575232343107,"B7H3","aucell_exhausted_score",0,"exhausted"
"CTAGGCGCACAGCCAGAGTAGGCT-1","slingPseudotime_2",20.1575232343107,"B7H3","aucell_proliferating_score",0,"proliferating"
"CTAGGCGCACAGCCAGAGTAGGCT-1","slingPseudotime_2",20.1575232343107,"B7H3","aucell_naive_memory_score",0,"naive_memory"
"CTAGGCGCACAGCCAGAGTAGGCT-1","slingPseudotime_2",20.1575232343107,"B7H3","aucell_cytotoxic_score",0,"cytotoxic"
"CTAGGCGCACAGCCAGAGTAGGCT-1","slingPseudotime_3",20.7335271743511,"B7H3","aucell_exhausted_score",0,"exhausted"
"CTAGGCGCACAGCCAGAGTAGGCT-1","slingPseudotime_3",20.7335271743511,"B7H3","aucell_proliferating_score",0,"proliferating"
"CTAGGCGCACAGCCAGAGTAGGCT-1","slingPseudotime_3",20.7335271743511,"B7H3","aucell_naive_memory_score",0,"naive_memory"
"CTAGGCGCACAGCCAGAGTAGGCT-1","slingPseudotime_3",20.7335271743511,"B7H3","aucell_cytotoxic_score",0,"cytotoxic"
"CTCACACAGTTACACTAGTAGGCT-1","slingPseudotime_1",21.2413967978731,"B7H3","aucell_exhausted_score",0.221695629278568,"exhausted"
"CTCACACAGTTACACTAGTAGGCT-1","slingPseudotime_1",21.2413967978731,"B7H3","aucell_proliferating_score",0,"proliferating"
"CTCACACAGTTACACTAGTAGGCT-1","slingPseudotime_1",21.2413967978731,"B7H3","aucell_naive_memory_score",0.248631578947368,"naive_memory"
"CTCACACAGTTACACTAGTAGGCT-1","slingPseudotime_1",21.2413967978731,"B7H3","aucell_cytotoxic_score",0.133579076707039,"cytotoxic"
"CTCACACAGTTACACTAGTAGGCT-1","slingPseudotime_2",22.8266974021534,"B7H3","aucell_exhausted_score",0.221695629278568,"exhausted"
"CTCACACAGTTACACTAGTAGGCT-1","slingPseudotime_2",22.8266974021534,"B7H3","aucell_proliferating_score",0,"proliferating"
"CTCACACAGTTACACTAGTAGGCT-1","slingPseudotime_2",22.8266974021534,"B7H3","aucell_naive_memory_score",0.248631578947368,"naive_memory"
"CTCACACAGTTACACTAGTAGGCT-1","slingPseudotime_2",22.8266974021534,"B7H3","aucell_cytotoxic_score",0.133579076707039,"cytotoxic"
"CTCACACAGTTACACTAGTAGGCT-1","slingPseudotime_3",26.8143053085546,"B7H3","aucell_exhausted_score",0.221695629278568,"exhausted"
"CTCACACAGTTACACTAGTAGGCT-1","slingPseudotime_3",26.8143053085546,"B7H3","aucell_proliferating_score",0,"proliferating"
"CTCACACAGTTACACTAGTAGGCT-1","slingPseudotime_3",26.8143053085546,"B7H3","aucell_naive_memory_score",0.248631578947368,"naive_memory"
"CTCACACAGTTACACTAGTAGGCT-1","slingPseudotime_3",26.8143053085546,"B7H3","aucell_cytotoxic_score",0.133579076707039,"cytotoxic"
"CTCATGATCCTTATGGAGTAGGCT-1","slingPseudotime_1",23.359349383336,"B7H3","aucell_exhausted_score",0,"exhausted"
"CTCATGATCCTTATGGAGTAGGCT-1","slingPseudotime_1",23.359349383336,"B7H3","aucell_proliferating_score",0.153473684210526,"proliferating"
"CTCATGATCCTTATGGAGTAGGCT-1","slingPseudotime_1",23.359349383336,"B7H3","aucell_naive_memory_score",0.00947368421052632,"naive_memory"
"CTCATGATCCTTATGGAGTAGGCT-1","slingPseudotime_1",23.359349383336,"B7H3","aucell_cytotoxic_score",0.120765315078111,"cytotoxic"
"CTCATGATCCTTATGGAGTAGGCT-1","slingPseudotime_2",23.0823638700341,"B7H3","aucell_exhausted_score",0,"exhausted"
"CTCATGATCCTTATGGAGTAGGCT-1","slingPseudotime_2",23.0823638700341,"B7H3","aucell_proliferating_score",0.153473684210526,"proliferating"
"CTCATGATCCTTATGGAGTAGGCT-1","slingPseudotime_2",23.0823638700341,"B7H3","aucell_naive_memory_score",0.00947368421052632,"naive_memory"
"CTCATGATCCTTATGGAGTAGGCT-1","slingPseudotime_2",23.0823638700341,"B7H3","aucell_cytotoxic_score",0.120765315078111,"cytotoxic"
"CTCATGATCCTTATGGAGTAGGCT-1","slingPseudotime_3",25.3483195270183,"B7H3","aucell_exhausted_score",0,"exhausted"
"CTCATGATCCTTATGGAGTAGGCT-1","slingPseudotime_3",25.3483195270183,"B7H3","aucell_proliferating_score",0.153473684210526,"proliferating"
"CTCATGATCCTTATGGAGTAGGCT-1","slingPseudotime_3",25.3483195270183,"B7H3","aucell_naive_memory_score",0.00947368421052632,"naive_memory"
"CTCATGATCCTTATGGAGTAGGCT-1","slingPseudotime_3",25.3483195270183,"B7H3","aucell_cytotoxic_score",0.120765315078111,"cytotoxic"
"CTCGATTCAACTTGTCAGTAGGCT-1","slingPseudotime_1",21.2130359522993,"B7H3","aucell_exhausted_score",0,"exhausted"
"CTCGATTCAACTTGTCAGTAGGCT-1","slingPseudotime_1",21.2130359522993,"B7H3","aucell_proliferating_score",0,"proliferating"
"CTCGATTCAACTTGTCAGTAGGCT-1","slingPseudotime_1",21.2130359522993,"B7H3","aucell_naive_memory_score",0,"naive_memory"
"CTCGATTCAACTTGTCAGTAGGCT-1","slingPseudotime_1",21.2130359522993,"B7H3","aucell_cytotoxic_score",0,"cytotoxic"
"CTCGATTCAACTTGTCAGTAGGCT-1","slingPseudotime_2",21.8116006817289,"B7H3","aucell_exhausted_score",0,"exhausted"
"CTCGATTCAACTTGTCAGTAGGCT-1","slingPseudotime_2",21.8116006817289,"B7H3","aucell_proliferating_score",0,"proliferating"
"CTCGATTCAACTTGTCAGTAGGCT-1","slingPseudotime_2",21.8116006817289,"B7H3","aucell_naive_memory_score",0,"naive_memory"
"CTCGATTCAACTTGTCAGTAGGCT-1","slingPseudotime_2",21.8116006817289,"B7H3","aucell_cytotoxic_score",0,"cytotoxic"
"CTCGATTCAACTTGTCAGTAGGCT-1","slingPseudotime_3",26.3216657395661,"B7H3","aucell_exhausted_score",0,"exhausted"
"CTCGATTCAACTTGTCAGTAGGCT-1","slingPseudotime_3",26.3216657395661,"B7H3","aucell_proliferating_score",0,"proliferating"
"CTCGATTCAACTTGTCAGTAGGCT-1","slingPseudotime_3",26.3216657395661,"B7H3","aucell_naive_memory_score",0,"naive_memory"
"CTCGATTCAACTTGTCAGTAGGCT-1","slingPseudotime_3",26.3216657395661,"B7H3","aucell_cytotoxic_score",0,"cytotoxic"
"CTCGTTAAGAGCAACTAGTAGGCT-1","slingPseudotime_1",30.1184376654991,"B7H3","aucell_exhausted_score",0,"exhausted"
"CTCGTTAAGAGCAACTAGTAGGCT-1","slingPseudotime_1",30.1184376654991,"B7H3","aucell_proliferating_score",0.0743157894736842,"proliferating"
"CTCGTTAAGAGCAACTAGTAGGCT-1","slingPseudotime_1",30.1184376654991,"B7H3","aucell_naive_memory_score",0.0250526315789474,"naive_memory"
"CTCGTTAAGAGCAACTAGTAGGCT-1","slingPseudotime_1",30.1184376654991,"B7H3","aucell_cytotoxic_score",0,"cytotoxic"
"CTCTAACCAGCTCATTAGTAGGCT-1","slingPseudotime_1",20.0939576930652,"B7H3","aucell_exhausted_score",0.0998771283131473,"exhausted"
"CTCTAACCAGCTCATTAGTAGGCT-1","slingPseudotime_1",20.0939576930652,"B7H3","aucell_proliferating_score",0.186105263157895,"proliferating"
"CTCTAACCAGCTCATTAGTAGGCT-1","slingPseudotime_1",20.0939576930652,"B7H3","aucell_naive_memory_score",0,"naive_memory"
"CTCTAACCAGCTCATTAGTAGGCT-1","slingPseudotime_1",20.0939576930652,"B7H3","aucell_cytotoxic_score",0,"cytotoxic"
"CTCTAACCAGCTCATTAGTAGGCT-1","slingPseudotime_2",20.7804016659747,"B7H3","aucell_exhausted_score",0.0998771283131473,"exhausted"
"CTCTAACCAGCTCATTAGTAGGCT-1","slingPseudotime_2",20.7804016659747,"B7H3","aucell_proliferating_score",0.186105263157895,"proliferating"
"CTCTAACCAGCTCATTAGTAGGCT-1","slingPseudotime_2",20.7804016659747,"B7H3","aucell_naive_memory_score",0,"naive_memory"
"CTCTAACCAGCTCATTAGTAGGCT-1","slingPseudotime_2",20.7804016659747,"B7H3","aucell_cytotoxic_score",0,"cytotoxic"
"CTCTAACCAGCTCATTAGTAGGCT-1","slingPseudotime_3",29.0091892622824,"B7H3","aucell_exhausted_score",0.0998771283131473,"exhausted"
"CTCTAACCAGCTCATTAGTAGGCT-1","slingPseudotime_3",29.0091892622824,"B7H3","aucell_proliferating_score",0.186105263157895,"proliferating"
"CTCTAACCAGCTCATTAGTAGGCT-1","slingPseudotime_3",29.0091892622824,"B7H3","aucell_naive_memory_score",0,"naive_memory"
"CTCTAACCAGCTCATTAGTAGGCT-1","slingPseudotime_3",29.0091892622824,"B7H3","aucell_cytotoxic_score",0,"cytotoxic"
"CTGTGTGGTTCAAGGAAGTAGGCT-1","slingPseudotime_1",25.8847032051679,"B7H3","aucell_exhausted_score",0.125329120589784,"exhausted"
"CTGTGTGGTTCAAGGAAGTAGGCT-1","slingPseudotime_1",25.8847032051679,"B7H3","aucell_proliferating_score",0.157052631578947,"proliferating"
"CTGTGTGGTTCAAGGAAGTAGGCT-1","slingPseudotime_1",25.8847032051679,"B7H3","aucell_naive_memory_score",0,"naive_memory"
"CTGTGTGGTTCAAGGAAGTAGGCT-1","slingPseudotime_1",25.8847032051679,"B7H3","aucell_cytotoxic_score",0.0258030542390732,"cytotoxic"
"CTGTGTGGTTCAAGGAAGTAGGCT-1","slingPseudotime_2",21.5480183929128,"B7H3","aucell_exhausted_score",0.125329120589784,"exhausted"
"CTGTGTGGTTCAAGGAAGTAGGCT-1","slingPseudotime_2",21.5480183929128,"B7H3","aucell_proliferating_score",0.157052631578947,"proliferating"
"CTGTGTGGTTCAAGGAAGTAGGCT-1","slingPseudotime_2",21.5480183929128,"B7H3","aucell_naive_memory_score",0,"naive_memory"
"CTGTGTGGTTCAAGGAAGTAGGCT-1","slingPseudotime_2",21.5480183929128,"B7H3","aucell_cytotoxic_score",0.0258030542390732,"cytotoxic"
"CTGTGTGGTTCAAGGAAGTAGGCT-1","slingPseudotime_3",26.0710025150864,"B7H3","aucell_exhausted_score",0.125329120589784,"exhausted"
"CTGTGTGGTTCAAGGAAGTAGGCT-1","slingPseudotime_3",26.0710025150864,"B7H3","aucell_proliferating_score",0.157052631578947,"proliferating"
"CTGTGTGGTTCAAGGAAGTAGGCT-1","slingPseudotime_3",26.0710025150864,"B7H3","aucell_naive_memory_score",0,"naive_memory"
"CTGTGTGGTTCAAGGAAGTAGGCT-1","slingPseudotime_3",26.0710025150864,"B7H3","aucell_cytotoxic_score",0.0258030542390732,"cytotoxic"
"CTGTTAAGTAATGCCTAGTAGGCT-1","slingPseudotime_1",20.591197649815,"B7H3","aucell_exhausted_score",0.218360540635422,"exhausted"
"CTGTTAAGTAATGCCTAGTAGGCT-1","slingPseudotime_1",20.591197649815,"B7H3","aucell_proliferating_score",0,"proliferating"
"CTGTTAAGTAATGCCTAGTAGGCT-1","slingPseudotime_1",20.591197649815,"B7H3","aucell_naive_memory_score",0.258736842105263,"naive_memory"
"CTGTTAAGTAATGCCTAGTAGGCT-1","slingPseudotime_1",20.591197649815,"B7H3","aucell_cytotoxic_score",0.146568369317184,"cytotoxic"
"CTGTTAAGTAATGCCTAGTAGGCT-1","slingPseudotime_2",21.2347732777018,"B7H3","aucell_exhausted_score",0.218360540635422,"exhausted"
"CTGTTAAGTAATGCCTAGTAGGCT-1","slingPseudotime_2",21.2347732777018,"B7H3","aucell_proliferating_score",0,"proliferating"
"CTGTTAAGTAATGCCTAGTAGGCT-1","slingPseudotime_2",21.2347732777018,"B7H3","aucell_naive_memory_score",0.258736842105263,"naive_memory"
"CTGTTAAGTAATGCCTAGTAGGCT-1","slingPseudotime_2",21.2347732777018,"B7H3","aucell_cytotoxic_score",0.146568369317184,"cytotoxic"
"CTGTTAAGTAATGCCTAGTAGGCT-1","slingPseudotime_3",24.2569852079846,"B7H3","aucell_exhausted_score",0.218360540635422,"exhausted"
"CTGTTAAGTAATGCCTAGTAGGCT-1","slingPseudotime_3",24.2569852079846,"B7H3","aucell_proliferating_score",0,"proliferating"
"CTGTTAAGTAATGCCTAGTAGGCT-1","slingPseudotime_3",24.2569852079846,"B7H3","aucell_naive_memory_score",0.258736842105263,"naive_memory"
"CTGTTAAGTAATGCCTAGTAGGCT-1","slingPseudotime_3",24.2569852079846,"B7H3","aucell_cytotoxic_score",0.146568369317184,"cytotoxic"
"CTTAGCTCAGCTCGAGAGTAGGCT-1","slingPseudotime_1",21.2130359522993,"B7H3","aucell_exhausted_score",0.100754783219238,"exhausted"
"CTTAGCTCAGCTCGAGAGTAGGCT-1","slingPseudotime_1",21.2130359522993,"B7H3","aucell_proliferating_score",0.0494736842105263,"proliferating"
"CTTAGCTCAGCTCGAGAGTAGGCT-1","slingPseudotime_1",21.2130359522993,"B7H3","aucell_naive_memory_score",0,"naive_memory"
"CTTAGCTCAGCTCGAGAGTAGGCT-1","slingPseudotime_1",21.2130359522993,"B7H3","aucell_cytotoxic_score",0,"cytotoxic"
"CTTAGCTCAGCTCGAGAGTAGGCT-1","slingPseudotime_2",22.5748480290138,"B7H3","aucell_exhausted_score",0.100754783219238,"exhausted"
"CTTAGCTCAGCTCGAGAGTAGGCT-1","slingPseudotime_2",22.5748480290138,"B7H3","aucell_proliferating_score",0.0494736842105263,"proliferating"
"CTTAGCTCAGCTCGAGAGTAGGCT-1","slingPseudotime_2",22.5748480290138,"B7H3","aucell_naive_memory_score",0,"naive_memory"
"CTTAGCTCAGCTCGAGAGTAGGCT-1","slingPseudotime_2",22.5748480290138,"B7H3","aucell_cytotoxic_score",0,"cytotoxic"
"CTTAGCTCAGCTCGAGAGTAGGCT-1","slingPseudotime_3",25.0335467571787,"B7H3","aucell_exhausted_score",0.100754783219238,"exhausted"
"CTTAGCTCAGCTCGAGAGTAGGCT-1","slingPseudotime_3",25.0335467571787,"B7H3","aucell_proliferating_score",0.0494736842105263,"proliferating"
"CTTAGCTCAGCTCGAGAGTAGGCT-1","slingPseudotime_3",25.0335467571787,"B7H3","aucell_naive_memory_score",0,"naive_memory"
"CTTAGCTCAGCTCGAGAGTAGGCT-1","slingPseudotime_3",25.0335467571787,"B7H3","aucell_cytotoxic_score",0,"cytotoxic"
"CTTCAATAGGCCTCTGAGTAGGCT-1","slingPseudotime_1",20.1103760853232,"B7H3","aucell_exhausted_score",0,"exhausted"
"CTTCAATAGGCCTCTGAGTAGGCT-1","slingPseudotime_1",20.1103760853232,"B7H3","aucell_proliferating_score",0,"proliferating"
"CTTCAATAGGCCTCTGAGTAGGCT-1","slingPseudotime_1",20.1103760853232,"B7H3","aucell_naive_memory_score",0.128210526315789,"naive_memory"
"CTTCAATAGGCCTCTGAGTAGGCT-1","slingPseudotime_1",20.1103760853232,"B7H3","aucell_cytotoxic_score",0,"cytotoxic"
"CTTCAATAGGCCTCTGAGTAGGCT-1","slingPseudotime_2",21.4432386708804,"B7H3","aucell_exhausted_score",0,"exhausted"
"CTTCAATAGGCCTCTGAGTAGGCT-1","slingPseudotime_2",21.4432386708804,"B7H3","aucell_proliferating_score",0,"proliferating"
"CTTCAATAGGCCTCTGAGTAGGCT-1","slingPseudotime_2",21.4432386708804,"B7H3","aucell_naive_memory_score",0.128210526315789,"naive_memory"
"CTTCAATAGGCCTCTGAGTAGGCT-1","slingPseudotime_2",21.4432386708804,"B7H3","aucell_cytotoxic_score",0,"cytotoxic"
"CTTCAATAGGCCTCTGAGTAGGCT-1","slingPseudotime_3",26.1638801344817,"B7H3","aucell_exhausted_score",0,"exhausted"
"CTTCAATAGGCCTCTGAGTAGGCT-1","slingPseudotime_3",26.1638801344817,"B7H3","aucell_proliferating_score",0,"proliferating"
"CTTCAATAGGCCTCTGAGTAGGCT-1","slingPseudotime_3",26.1638801344817,"B7H3","aucell_naive_memory_score",0.128210526315789,"naive_memory"
"CTTCAATAGGCCTCTGAGTAGGCT-1","slingPseudotime_3",26.1638801344817,"B7H3","aucell_cytotoxic_score",0,"cytotoxic"
"CTTGAGGAGAAACCCGAGTAGGCT-1","slingPseudotime_1",20.9413998825312,"B7H3","aucell_exhausted_score",0.161839564683167,"exhausted"
"CTTGAGGAGAAACCCGAGTAGGCT-1","slingPseudotime_1",20.9413998825312,"B7H3","aucell_proliferating_score",0,"proliferating"
"CTTGAGGAGAAACCCGAGTAGGCT-1","slingPseudotime_1",20.9413998825312,"B7H3","aucell_naive_memory_score",0,"naive_memory"
"CTTGAGGAGAAACCCGAGTAGGCT-1","slingPseudotime_1",20.9413998825312,"B7H3","aucell_cytotoxic_score",0.0858346498156925,"cytotoxic"
"CTTGAGGAGAAACCCGAGTAGGCT-1","slingPseudotime_2",24.6905050747495,"B7H3","aucell_exhausted_score",0.161839564683167,"exhausted"
"CTTGAGGAGAAACCCGAGTAGGCT-1","slingPseudotime_2",24.6905050747495,"B7H3","aucell_proliferating_score",0,"proliferating"
"CTTGAGGAGAAACCCGAGTAGGCT-1","slingPseudotime_2",24.6905050747495,"B7H3","aucell_naive_memory_score",0,"naive_memory"
"CTTGAGGAGAAACCCGAGTAGGCT-1","slingPseudotime_2",24.6905050747495,"B7H3","aucell_cytotoxic_score",0.0858346498156925,"cytotoxic"
"CTTGAGGAGAAACCCGAGTAGGCT-1","slingPseudotime_3",22.1110441418871,"B7H3","aucell_exhausted_score",0.161839564683167,"exhausted"
"CTTGAGGAGAAACCCGAGTAGGCT-1","slingPseudotime_3",22.1110441418871,"B7H3","aucell_proliferating_score",0,"proliferating"
"CTTGAGGAGAAACCCGAGTAGGCT-1","slingPseudotime_3",22.1110441418871,"B7H3","aucell_naive_memory_score",0,"naive_memory"
"CTTGAGGAGAAACCCGAGTAGGCT-1","slingPseudotime_3",22.1110441418871,"B7H3","aucell_cytotoxic_score",0.0858346498156925,"cytotoxic"
"CTTGATTAGTCCTCAAAGTAGGCT-1","slingPseudotime_1",35.0987431335184,"B7H3","aucell_exhausted_score",0.154818325434439,"exhausted"
"CTTGATTAGTCCTCAAAGTAGGCT-1","slingPseudotime_1",35.0987431335184,"B7H3","aucell_proliferating_score",0.193894736842105,"proliferating"
"CTTGATTAGTCCTCAAAGTAGGCT-1","slingPseudotime_1",35.0987431335184,"B7H3","aucell_naive_memory_score",0.0202105263157895,"naive_memory"
"CTTGATTAGTCCTCAAAGTAGGCT-1","slingPseudotime_1",35.0987431335184,"B7H3","aucell_cytotoxic_score",0.106196243637002,"cytotoxic"
"CTTTAGGTCAACTTGTAGTAGGCT-1","slingPseudotime_1",23.1755742788864,"B7H3","aucell_exhausted_score",0.241706161137441,"exhausted"
"CTTTAGGTCAACTTGTAGTAGGCT-1","slingPseudotime_1",23.1755742788864,"B7H3","aucell_proliferating_score",0,"proliferating"
"CTTTAGGTCAACTTGTAGTAGGCT-1","slingPseudotime_1",23.1755742788864,"B7H3","aucell_naive_memory_score",0.168842105263158,"naive_memory"
"CTTTAGGTCAACTTGTAGTAGGCT-1","slingPseudotime_1",23.1755742788864,"B7H3","aucell_cytotoxic_score",0.0821484992101106,"cytotoxic"
"CTTTAGGTCAACTTGTAGTAGGCT-1","slingPseudotime_2",24.2071877142062,"B7H3","aucell_exhausted_score",0.241706161137441,"exhausted"
"CTTTAGGTCAACTTGTAGTAGGCT-1","slingPseudotime_2",24.2071877142062,"B7H3","aucell_proliferating_score",0,"proliferating"
"CTTTAGGTCAACTTGTAGTAGGCT-1","slingPseudotime_2",24.2071877142062,"B7H3","aucell_naive_memory_score",0.168842105263158,"naive_memory"
"CTTTAGGTCAACTTGTAGTAGGCT-1","slingPseudotime_2",24.2071877142062,"B7H3","aucell_cytotoxic_score",0.0821484992101106,"cytotoxic"
"CTTTAGGTCAACTTGTAGTAGGCT-1","slingPseudotime_3",25.0681607903508,"B7H3","aucell_exhausted_score",0.241706161137441,"exhausted"
"CTTTAGGTCAACTTGTAGTAGGCT-1","slingPseudotime_3",25.0681607903508,"B7H3","aucell_proliferating_score",0,"proliferating"
"CTTTAGGTCAACTTGTAGTAGGCT-1","slingPseudotime_3",25.0681607903508,"B7H3","aucell_naive_memory_score",0.168842105263158,"naive_memory"
"CTTTAGGTCAACTTGTAGTAGGCT-1","slingPseudotime_3",25.0681607903508,"B7H3","aucell_cytotoxic_score",0.0821484992101106,"cytotoxic"
"GAACTTGCATAAGCCAAGTAGGCT-1","slingPseudotime_1",31.5599218462401,"B7H3","aucell_exhausted_score",0.14411093558013,"exhausted"
"GAACTTGCATAAGCCAAGTAGGCT-1","slingPseudotime_1",31.5599218462401,"B7H3","aucell_proliferating_score",0.387578947368421,"proliferating"
"GAACTTGCATAAGCCAAGTAGGCT-1","slingPseudotime_1",31.5599218462401,"B7H3","aucell_naive_memory_score",0,"naive_memory"
"GAACTTGCATAAGCCAAGTAGGCT-1","slingPseudotime_1",31.5599218462401,"B7H3","aucell_cytotoxic_score",0.62471476215552,"cytotoxic"
"GAAGAATAGATTCATCAGTAGGCT-1","slingPseudotime_1",21.2130359522993,"B7H3","aucell_exhausted_score",0.122169562927857,"exhausted"
"GAAGAATAGATTCATCAGTAGGCT-1","slingPseudotime_1",21.2130359522993,"B7H3","aucell_proliferating_score",0,"proliferating"
"GAAGAATAGATTCATCAGTAGGCT-1","slingPseudotime_1",21.2130359522993,"B7H3","aucell_naive_memory_score",0,"naive_memory"
"GAAGAATAGATTCATCAGTAGGCT-1","slingPseudotime_1",21.2130359522993,"B7H3","aucell_cytotoxic_score",0.166052308232403,"cytotoxic"
"GAAGAATAGATTCATCAGTAGGCT-1","slingPseudotime_2",22.5042070347034,"B7H3","aucell_exhausted_score",0.122169562927857,"exhausted"
"GAAGAATAGATTCATCAGTAGGCT-1","slingPseudotime_2",22.5042070347034,"B7H3","aucell_proliferating_score",0,"proliferating"
"GAAGAATAGATTCATCAGTAGGCT-1","slingPseudotime_2",22.5042070347034,"B7H3","aucell_naive_memory_score",0,"naive_memory"
"GAAGAATAGATTCATCAGTAGGCT-1","slingPseudotime_2",22.5042070347034,"B7H3","aucell_cytotoxic_score",0.166052308232403,"cytotoxic"
"GAAGAATAGATTCATCAGTAGGCT-1","slingPseudotime_3",25.52025833373,"B7H3","aucell_exhausted_score",0.122169562927857,"exhausted"
"GAAGAATAGATTCATCAGTAGGCT-1","slingPseudotime_3",25.52025833373,"B7H3","aucell_proliferating_score",0,"proliferating"
"GAAGAATAGATTCATCAGTAGGCT-1","slingPseudotime_3",25.52025833373,"B7H3","aucell_naive_memory_score",0,"naive_memory"
"GAAGAATAGATTCATCAGTAGGCT-1","slingPseudotime_3",25.52025833373,"B7H3","aucell_cytotoxic_score",0.166052308232403,"cytotoxic"
"GACAAACTCTTCGCCCAGTAGGCT-1","slingPseudotime_1",21.7801418369783,"B7H3","aucell_exhausted_score",0,"exhausted"
"GACAAACTCTTCGCCCAGTAGGCT-1","slingPseudotime_1",21.7801418369783,"B7H3","aucell_proliferating_score",0,"proliferating"
"GACAAACTCTTCGCCCAGTAGGCT-1","slingPseudotime_1",21.7801418369783,"B7H3","aucell_naive_memory_score",0,"naive_memory"
"GACAAACTCTTCGCCCAGTAGGCT-1","slingPseudotime_1",21.7801418369783,"B7H3","aucell_cytotoxic_score",0,"cytotoxic"
"GACAAACTCTTCGCCCAGTAGGCT-1","slingPseudotime_2",22.3236124482042,"B7H3","aucell_exhausted_score",0,"exhausted"
"GACAAACTCTTCGCCCAGTAGGCT-1","slingPseudotime_2",22.3236124482042,"B7H3","aucell_proliferating_score",0,"proliferating"
"GACAAACTCTTCGCCCAGTAGGCT-1","slingPseudotime_2",22.3236124482042,"B7H3","aucell_naive_memory_score",0,"naive_memory"
"GACAAACTCTTCGCCCAGTAGGCT-1","slingPseudotime_2",22.3236124482042,"B7H3","aucell_cytotoxic_score",0,"cytotoxic"
"GACAAACTCTTCGCCCAGTAGGCT-1","slingPseudotime_3",26.257901323925,"B7H3","aucell_exhausted_score",0,"exhausted"
"GACAAACTCTTCGCCCAGTAGGCT-1","slingPseudotime_3",26.257901323925,"B7H3","aucell_proliferating_score",0,"proliferating"
"GACAAACTCTTCGCCCAGTAGGCT-1","slingPseudotime_3",26.257901323925,"B7H3","aucell_naive_memory_score",0,"naive_memory"
"GACAAACTCTTCGCCCAGTAGGCT-1","slingPseudotime_3",26.257901323925,"B7H3","aucell_cytotoxic_score",0,"cytotoxic"
"GACAACTAGAAGTACCAGTAGGCT-1","slingPseudotime_1",21.8187444993754,"B7H3","aucell_exhausted_score",0.160610847814639,"exhausted"
"GACAACTAGAAGTACCAGTAGGCT-1","slingPseudotime_1",21.8187444993754,"B7H3","aucell_proliferating_score",0,"proliferating"
"GACAACTAGAAGTACCAGTAGGCT-1","slingPseudotime_1",21.8187444993754,"B7H3","aucell_naive_memory_score",0,"naive_memory"
"GACAACTAGAAGTACCAGTAGGCT-1","slingPseudotime_1",21.8187444993754,"B7H3","aucell_cytotoxic_score",0,"cytotoxic"
"GACAACTAGAAGTACCAGTAGGCT-1","slingPseudotime_2",22.2109209544566,"B7H3","aucell_exhausted_score",0.160610847814639,"exhausted"
"GACAACTAGAAGTACCAGTAGGCT-1","slingPseudotime_2",22.2109209544566,"B7H3","aucell_proliferating_score",0,"proliferating"
"GACAACTAGAAGTACCAGTAGGCT-1","slingPseudotime_2",22.2109209544566,"B7H3","aucell_naive_memory_score",0,"naive_memory"
"GACAACTAGAAGTACCAGTAGGCT-1","slingPseudotime_2",22.2109209544566,"B7H3","aucell_cytotoxic_score",0,"cytotoxic"
"GACAACTAGAAGTACCAGTAGGCT-1","slingPseudotime_3",25.4459201400806,"B7H3","aucell_exhausted_score",0.160610847814639,"exhausted"
"GACAACTAGAAGTACCAGTAGGCT-1","slingPseudotime_3",25.4459201400806,"B7H3","aucell_proliferating_score",0,"proliferating"
"GACAACTAGAAGTACCAGTAGGCT-1","slingPseudotime_3",25.4459201400806,"B7H3","aucell_naive_memory_score",0,"naive_memory"
"GACAACTAGAAGTACCAGTAGGCT-1","slingPseudotime_3",25.4459201400806,"B7H3","aucell_cytotoxic_score",0,"cytotoxic"
"GACATAATCACAACAAAGTAGGCT-1","slingPseudotime_2",27.8593860865709,"B7H3","aucell_exhausted_score",0.401614885027207,"exhausted"
"GACATAATCACAACAAAGTAGGCT-1","slingPseudotime_2",27.8593860865709,"B7H3","aucell_proliferating_score",0,"proliferating"
"GACATAATCACAACAAAGTAGGCT-1","slingPseudotime_2",27.8593860865709,"B7H3","aucell_naive_memory_score",0,"naive_memory"
"GACATAATCACAACAAAGTAGGCT-1","slingPseudotime_2",27.8593860865709,"B7H3","aucell_cytotoxic_score",0.166754432157276,"cytotoxic"
"GACATAATCAGGCCTTAGTAGGCT-1","slingPseudotime_3",39.2137259030789,"B7H3","aucell_exhausted_score",0.166578901176058,"exhausted"
"GACATAATCAGGCCTTAGTAGGCT-1","slingPseudotime_3",39.2137259030789,"B7H3","aucell_proliferating_score",0,"proliferating"
"GACATAATCAGGCCTTAGTAGGCT-1","slingPseudotime_3",39.2137259030789,"B7H3","aucell_naive_memory_score",0.123789473684211,"naive_memory"
"GACATAATCAGGCCTTAGTAGGCT-1","slingPseudotime_3",39.2137259030789,"B7H3","aucell_cytotoxic_score",0,"cytotoxic"
"GACCAAGTCAATCCTGAGTAGGCT-1","slingPseudotime_1",39.6973494948305,"B7H3","aucell_exhausted_score",0.126557837458311,"exhausted"
"GACCAAGTCAATCCTGAGTAGGCT-1","slingPseudotime_1",39.6973494948305,"B7H3","aucell_proliferating_score",0.36778947368421,"proliferating"
"GACCAAGTCAATCCTGAGTAGGCT-1","slingPseudotime_1",39.6973494948305,"B7H3","aucell_naive_memory_score",0,"naive_memory"
"GACCAAGTCAATCCTGAGTAGGCT-1","slingPseudotime_1",39.6973494948305,"B7H3","aucell_cytotoxic_score",0,"cytotoxic"
"GACCCAAAGAGCAACTAGTAGGCT-1","slingPseudotime_1",22.6082014593822,"B7H3","aucell_exhausted_score",0,"exhausted"
"GACCCAAAGAGCAACTAGTAGGCT-1","slingPseudotime_1",22.6082014593822,"B7H3","aucell_proliferating_score",0,"proliferating"
"GACCCAAAGAGCAACTAGTAGGCT-1","slingPseudotime_1",22.6082014593822,"B7H3","aucell_naive_memory_score",0.00652631578947368,"naive_memory"
"GACCCAAAGAGCAACTAGTAGGCT-1","slingPseudotime_1",22.6082014593822,"B7H3","aucell_cytotoxic_score",0,"cytotoxic"
"GACCCAAAGAGCAACTAGTAGGCT-1","slingPseudotime_2",23.4172533302703,"B7H3","aucell_exhausted_score",0,"exhausted"
"GACCCAAAGAGCAACTAGTAGGCT-1","slingPseudotime_2",23.4172533302703,"B7H3","aucell_proliferating_score",0,"proliferating"
"GACCCAAAGAGCAACTAGTAGGCT-1","slingPseudotime_2",23.4172533302703,"B7H3","aucell_naive_memory_score",0.00652631578947368,"naive_memory"
"GACCCAAAGAGCAACTAGTAGGCT-1","slingPseudotime_2",23.4172533302703,"B7H3","aucell_cytotoxic_score",0,"cytotoxic"
"GACCCAAAGAGCAACTAGTAGGCT-1","slingPseudotime_3",24.6171539003905,"B7H3","aucell_exhausted_score",0,"exhausted"
"GACCCAAAGAGCAACTAGTAGGCT-1","slingPseudotime_3",24.6171539003905,"B7H3","aucell_proliferating_score",0,"proliferating"
"GACCCAAAGAGCAACTAGTAGGCT-1","slingPseudotime_3",24.6171539003905,"B7H3","aucell_naive_memory_score",0.00652631578947368,"naive_memory"
"GACCCAAAGAGCAACTAGTAGGCT-1","slingPseudotime_3",24.6171539003905,"B7H3","aucell_cytotoxic_score",0,"cytotoxic"
"GAGTATGGTCAATTCAAGTAGGCT-1","slingPseudotime_1",19.8066331413202,"B7H3","aucell_exhausted_score",0,"exhausted"
"GAGTATGGTCAATTCAAGTAGGCT-1","slingPseudotime_1",19.8066331413202,"B7H3","aucell_proliferating_score",0.0418947368421053,"proliferating"
"GAGTATGGTCAATTCAAGTAGGCT-1","slingPseudotime_1",19.8066331413202,"B7H3","aucell_naive_memory_score",0,"naive_memory"
"GAGTATGGTCAATTCAAGTAGGCT-1","slingPseudotime_1",19.8066331413202,"B7H3","aucell_cytotoxic_score",0,"cytotoxic"
"GAGTATGGTCAATTCAAGTAGGCT-1","slingPseudotime_2",21.0300282351599,"B7H3","aucell_exhausted_score",0,"exhausted"
"GAGTATGGTCAATTCAAGTAGGCT-1","slingPseudotime_2",21.0300282351599,"B7H3","aucell_proliferating_score",0.0418947368421053,"proliferating"
"GAGTATGGTCAATTCAAGTAGGCT-1","slingPseudotime_2",21.0300282351599,"B7H3","aucell_naive_memory_score",0,"naive_memory"
"GAGTATGGTCAATTCAAGTAGGCT-1","slingPseudotime_2",21.0300282351599,"B7H3","aucell_cytotoxic_score",0,"cytotoxic"
"GAGTATGGTCAATTCAAGTAGGCT-1","slingPseudotime_3",25.688568225106,"B7H3","aucell_exhausted_score",0,"exhausted"
"GAGTATGGTCAATTCAAGTAGGCT-1","slingPseudotime_3",25.688568225106,"B7H3","aucell_proliferating_score",0.0418947368421053,"proliferating"
"GAGTATGGTCAATTCAAGTAGGCT-1","slingPseudotime_3",25.688568225106,"B7H3","aucell_naive_memory_score",0,"naive_memory"
"GAGTATGGTCAATTCAAGTAGGCT-1","slingPseudotime_3",25.688568225106,"B7H3","aucell_cytotoxic_score",0,"cytotoxic"
"GATAGGTTCCAGATAAAGTAGGCT-1","slingPseudotime_1",21.9484556332454,"B7H3","aucell_exhausted_score",0,"exhausted"
"GATAGGTTCCAGATAAAGTAGGCT-1","slingPseudotime_1",21.9484556332454,"B7H3","aucell_proliferating_score",0.108631578947368,"proliferating"
"GATAGGTTCCAGATAAAGTAGGCT-1","slingPseudotime_1",21.9484556332454,"B7H3","aucell_naive_memory_score",0.0608421052631579,"naive_memory"
"GATAGGTTCCAGATAAAGTAGGCT-1","slingPseudotime_1",21.9484556332454,"B7H3","aucell_cytotoxic_score",0.0233456205020186,"cytotoxic"
"GATAGGTTCCAGATAAAGTAGGCT-1","slingPseudotime_2",22.0700709175469,"B7H3","aucell_exhausted_score",0,"exhausted"
"GATAGGTTCCAGATAAAGTAGGCT-1","slingPseudotime_2",22.0700709175469,"B7H3","aucell_proliferating_score",0.108631578947368,"proliferating"
"GATAGGTTCCAGATAAAGTAGGCT-1","slingPseudotime_2",22.0700709175469,"B7H3","aucell_naive_memory_score",0.0608421052631579,"naive_memory"
"GATAGGTTCCAGATAAAGTAGGCT-1","slingPseudotime_2",22.0700709175469,"B7H3","aucell_cytotoxic_score",0.0233456205020186,"cytotoxic"
"GATAGGTTCCAGATAAAGTAGGCT-1","slingPseudotime_3",26.8130214807481,"B7H3","aucell_exhausted_score",0,"exhausted"
"GATAGGTTCCAGATAAAGTAGGCT-1","slingPseudotime_3",26.8130214807481,"B7H3","aucell_proliferating_score",0.108631578947368,"proliferating"
"GATAGGTTCCAGATAAAGTAGGCT-1","slingPseudotime_3",26.8130214807481,"B7H3","aucell_naive_memory_score",0.0608421052631579,"naive_memory"
"GATAGGTTCCAGATAAAGTAGGCT-1","slingPseudotime_3",26.8130214807481,"B7H3","aucell_cytotoxic_score",0.0233456205020186,"cytotoxic"
"GATGGTAGTTCATTAGAGTAGGCT-1","slingPseudotime_1",21.0763453620754,"B7H3","aucell_exhausted_score",0.13059505002633,"exhausted"
"GATGGTAGTTCATTAGAGTAGGCT-1","slingPseudotime_1",21.0763453620754,"B7H3","aucell_proliferating_score",0.0395789473684211,"proliferating"
"GATGGTAGTTCATTAGAGTAGGCT-1","slingPseudotime_1",21.0763453620754,"B7H3","aucell_naive_memory_score",0,"naive_memory"
"GATGGTAGTTCATTAGAGTAGGCT-1","slingPseudotime_1",21.0763453620754,"B7H3","aucell_cytotoxic_score",0.15762682113393,"cytotoxic"
"GATGGTAGTTCATTAGAGTAGGCT-1","slingPseudotime_2",22.146031418601,"B7H3","aucell_exhausted_score",0.13059505002633,"exhausted"
"GATGGTAGTTCATTAGAGTAGGCT-1","slingPseudotime_2",22.146031418601,"B7H3","aucell_proliferating_score",0.0395789473684211,"proliferating"
"GATGGTAGTTCATTAGAGTAGGCT-1","slingPseudotime_2",22.146031418601,"B7H3","aucell_naive_memory_score",0,"naive_memory"
"GATGGTAGTTCATTAGAGTAGGCT-1","slingPseudotime_2",22.146031418601,"B7H3","aucell_cytotoxic_score",0.15762682113393,"cytotoxic"
"GATGGTAGTTCATTAGAGTAGGCT-1","slingPseudotime_3",21.8576912585561,"B7H3","aucell_exhausted_score",0.13059505002633,"exhausted"
"GATGGTAGTTCATTAGAGTAGGCT-1","slingPseudotime_3",21.8576912585561,"B7H3","aucell_proliferating_score",0.0395789473684211,"proliferating"
"GATGGTAGTTCATTAGAGTAGGCT-1","slingPseudotime_3",21.8576912585561,"B7H3","aucell_naive_memory_score",0,"naive_memory"
"GATGGTAGTTCATTAGAGTAGGCT-1","slingPseudotime_3",21.8576912585561,"B7H3","aucell_cytotoxic_score",0.15762682113393,"cytotoxic"
"GCAAGCCAGGAAGCCCAGTAGGCT-1","slingPseudotime_1",20.064890681032,"B7H3","aucell_exhausted_score",0,"exhausted"
"GCAAGCCAGGAAGCCCAGTAGGCT-1","slingPseudotime_1",20.064890681032,"B7H3","aucell_proliferating_score",0,"proliferating"
"GCAAGCCAGGAAGCCCAGTAGGCT-1","slingPseudotime_1",20.064890681032,"B7H3","aucell_naive_memory_score",0,"naive_memory"
"GCAAGCCAGGAAGCCCAGTAGGCT-1","slingPseudotime_1",20.064890681032,"B7H3","aucell_cytotoxic_score",0.154116201509566,"cytotoxic"
"GCAAGCCAGGAAGCCCAGTAGGCT-1","slingPseudotime_2",20.5557602316286,"B7H3","aucell_exhausted_score",0,"exhausted"
"GCAAGCCAGGAAGCCCAGTAGGCT-1","slingPseudotime_2",20.5557602316286,"B7H3","aucell_proliferating_score",0,"proliferating"
"GCAAGCCAGGAAGCCCAGTAGGCT-1","slingPseudotime_2",20.5557602316286,"B7H3","aucell_naive_memory_score",0,"naive_memory"
"GCAAGCCAGGAAGCCCAGTAGGCT-1","slingPseudotime_2",20.5557602316286,"B7H3","aucell_cytotoxic_score",0.154116201509566,"cytotoxic"
"GCAAGCCAGGAAGCCCAGTAGGCT-1","slingPseudotime_3",25.4750728141284,"B7H3","aucell_exhausted_score",0,"exhausted"
"GCAAGCCAGGAAGCCCAGTAGGCT-1","slingPseudotime_3",25.4750728141284,"B7H3","aucell_proliferating_score",0,"proliferating"
"GCAAGCCAGGAAGCCCAGTAGGCT-1","slingPseudotime_3",25.4750728141284,"B7H3","aucell_naive_memory_score",0,"naive_memory"
"GCAAGCCAGGAAGCCCAGTAGGCT-1","slingPseudotime_3",25.4750728141284,"B7H3","aucell_cytotoxic_score",0.154116201509566,"cytotoxic"
"GCCATAACACGTAGTAAGTAGGCT-1","slingPseudotime_1",38.5096323334571,"B7H3","aucell_exhausted_score",0.153063015622257,"exhausted"
"GCCATAACACGTAGTAAGTAGGCT-1","slingPseudotime_1",38.5096323334571,"B7H3","aucell_proliferating_score",0.270947368421053,"proliferating"
"GCCATAACACGTAGTAAGTAGGCT-1","slingPseudotime_1",38.5096323334571,"B7H3","aucell_naive_memory_score",0,"naive_memory"
"GCCATAACACGTAGTAAGTAGGCT-1","slingPseudotime_1",38.5096323334571,"B7H3","aucell_cytotoxic_score",0,"cytotoxic"
"GCCATAGAGCGAAGAAAGTAGGCT-1","slingPseudotime_1",21.3672156725138,"B7H3","aucell_exhausted_score",0.206599964893804,"exhausted"
"GCCATAGAGCGAAGAAAGTAGGCT-1","slingPseudotime_1",21.3672156725138,"B7H3","aucell_proliferating_score",0,"proliferating"
"GCCATAGAGCGAAGAAAGTAGGCT-1","slingPseudotime_1",21.3672156725138,"B7H3","aucell_naive_memory_score",0,"naive_memory"
"GCCATAGAGCGAAGAAAGTAGGCT-1","slingPseudotime_1",21.3672156725138,"B7H3","aucell_cytotoxic_score",0.16921186589433,"cytotoxic"
"GCCATAGAGCGAAGAAAGTAGGCT-1","slingPseudotime_2",23.0449711492528,"B7H3","aucell_exhausted_score",0.206599964893804,"exhausted"
"GCCATAGAGCGAAGAAAGTAGGCT-1","slingPseudotime_2",23.0449711492528,"B7H3","aucell_proliferating_score",0,"proliferating"
"GCCATAGAGCGAAGAAAGTAGGCT-1","slingPseudotime_2",23.0449711492528,"B7H3","aucell_naive_memory_score",0,"naive_memory"
"GCCATAGAGCGAAGAAAGTAGGCT-1","slingPseudotime_2",23.0449711492528,"B7H3","aucell_cytotoxic_score",0.16921186589433,"cytotoxic"
"GCCATAGAGCGAAGAAAGTAGGCT-1","slingPseudotime_3",24.4425680804039,"B7H3","aucell_exhausted_score",0.206599964893804,"exhausted"
"GCCATAGAGCGAAGAAAGTAGGCT-1","slingPseudotime_3",24.4425680804039,"B7H3","aucell_proliferating_score",0,"proliferating"
"GCCATAGAGCGAAGAAAGTAGGCT-1","slingPseudotime_3",24.4425680804039,"B7H3","aucell_naive_memory_score",0,"naive_memory"
"GCCATAGAGCGAAGAAAGTAGGCT-1","slingPseudotime_3",24.4425680804039,"B7H3","aucell_cytotoxic_score",0.16921186589433,"cytotoxic"
"GCCCTTGAGCTCAACCAGTAGGCT-1","slingPseudotime_1",21.0073513050983,"B7H3","aucell_exhausted_score",0,"exhausted"
"GCCCTTGAGCTCAACCAGTAGGCT-1","slingPseudotime_1",21.0073513050983,"B7H3","aucell_proliferating_score",0,"proliferating"
"GCCCTTGAGCTCAACCAGTAGGCT-1","slingPseudotime_1",21.0073513050983,"B7H3","aucell_naive_memory_score",0.0246315789473684,"naive_memory"
"GCCCTTGAGCTCAACCAGTAGGCT-1","slingPseudotime_1",21.0073513050983,"B7H3","aucell_cytotoxic_score",0,"cytotoxic"
"GCCCTTGAGCTCAACCAGTAGGCT-1","slingPseudotime_2",21.717923479033,"B7H3","aucell_exhausted_score",0,"exhausted"
"GCCCTTGAGCTCAACCAGTAGGCT-1","slingPseudotime_2",21.717923479033,"B7H3","aucell_proliferating_score",0,"proliferating"
"GCCCTTGAGCTCAACCAGTAGGCT-1","slingPseudotime_2",21.717923479033,"B7H3","aucell_naive_memory_score",0.0246315789473684,"naive_memory"
"GCCCTTGAGCTCAACCAGTAGGCT-1","slingPseudotime_2",21.717923479033,"B7H3","aucell_cytotoxic_score",0,"cytotoxic"
"GCCCTTGAGCTCAACCAGTAGGCT-1","slingPseudotime_3",26.046249250647,"B7H3","aucell_exhausted_score",0,"exhausted"
"GCCCTTGAGCTCAACCAGTAGGCT-1","slingPseudotime_3",26.046249250647,"B7H3","aucell_proliferating_score",0,"proliferating"
"GCCCTTGAGCTCAACCAGTAGGCT-1","slingPseudotime_3",26.046249250647,"B7H3","aucell_naive_memory_score",0.0246315789473684,"naive_memory"
"GCCCTTGAGCTCAACCAGTAGGCT-1","slingPseudotime_3",26.046249250647,"B7H3","aucell_cytotoxic_score",0,"cytotoxic"
"GCCTCATAGGTTCATTAGTAGGCT-1","slingPseudotime_1",21.9484556332454,"B7H3","aucell_exhausted_score",0.105143057749693,"exhausted"
"GCCTCATAGGTTCATTAGTAGGCT-1","slingPseudotime_1",21.9484556332454,"B7H3","aucell_proliferating_score",0,"proliferating"
"GCCTCATAGGTTCATTAGTAGGCT-1","slingPseudotime_1",21.9484556332454,"B7H3","aucell_naive_memory_score",0.131157894736842,"naive_memory"
"GCCTCATAGGTTCATTAGTAGGCT-1","slingPseudotime_1",21.9484556332454,"B7H3","aucell_cytotoxic_score",0,"cytotoxic"
"GCCTCATAGGTTCATTAGTAGGCT-1","slingPseudotime_2",24.3905190948934,"B7H3","aucell_exhausted_score",0.105143057749693,"exhausted"
"GCCTCATAGGTTCATTAGTAGGCT-1","slingPseudotime_2",24.3905190948934,"B7H3","aucell_proliferating_score",0,"proliferating"
"GCCTCATAGGTTCATTAGTAGGCT-1","slingPseudotime_2",24.3905190948934,"B7H3","aucell_naive_memory_score",0.131157894736842,"naive_memory"
"GCCTCATAGGTTCATTAGTAGGCT-1","slingPseudotime_2",24.3905190948934,"B7H3","aucell_cytotoxic_score",0,"cytotoxic"
"GCCTCATAGGTTCATTAGTAGGCT-1","slingPseudotime_3",23.8581980926148,"B7H3","aucell_exhausted_score",0.105143057749693,"exhausted"
"GCCTCATAGGTTCATTAGTAGGCT-1","slingPseudotime_3",23.8581980926148,"B7H3","aucell_proliferating_score",0,"proliferating"
"GCCTCATAGGTTCATTAGTAGGCT-1","slingPseudotime_3",23.8581980926148,"B7H3","aucell_naive_memory_score",0.131157894736842,"naive_memory"
"GCCTCATAGGTTCATTAGTAGGCT-1","slingPseudotime_3",23.8581980926148,"B7H3","aucell_cytotoxic_score",0,"cytotoxic"
"GCGATAAGTACAAACGAGTAGGCT-1","slingPseudotime_1",19.9444848578834,"B7H3","aucell_exhausted_score",0.0551167281025101,"exhausted"
"GCGATAAGTACAAACGAGTAGGCT-1","slingPseudotime_1",19.9444848578834,"B7H3","aucell_proliferating_score",0,"proliferating"
"GCGATAAGTACAAACGAGTAGGCT-1","slingPseudotime_1",19.9444848578834,"B7H3","aucell_naive_memory_score",0,"naive_memory"
"GCGATAAGTACAAACGAGTAGGCT-1","slingPseudotime_1",19.9444848578834,"B7H3","aucell_cytotoxic_score",0.287870809197823,"cytotoxic"
"GCGATAAGTACAAACGAGTAGGCT-1","slingPseudotime_2",20.4752076438564,"B7H3","aucell_exhausted_score",0.0551167281025101,"exhausted"
"GCGATAAGTACAAACGAGTAGGCT-1","slingPseudotime_2",20.4752076438564,"B7H3","aucell_proliferating_score",0,"proliferating"
"GCGATAAGTACAAACGAGTAGGCT-1","slingPseudotime_2",20.4752076438564,"B7H3","aucell_naive_memory_score",0,"naive_memory"
"GCGATAAGTACAAACGAGTAGGCT-1","slingPseudotime_2",20.4752076438564,"B7H3","aucell_cytotoxic_score",0.287870809197823,"cytotoxic"
"GCGATAAGTACAAACGAGTAGGCT-1","slingPseudotime_3",24.8886176220639,"B7H3","aucell_exhausted_score",0.0551167281025101,"exhausted"
"GCGATAAGTACAAACGAGTAGGCT-1","slingPseudotime_3",24.8886176220639,"B7H3","aucell_proliferating_score",0,"proliferating"
"GCGATAAGTACAAACGAGTAGGCT-1","slingPseudotime_3",24.8886176220639,"B7H3","aucell_naive_memory_score",0,"naive_memory"
"GCGATAAGTACAAACGAGTAGGCT-1","slingPseudotime_3",24.8886176220639,"B7H3","aucell_cytotoxic_score",0.287870809197823,"cytotoxic"
"GCGCAACAGACTCAAAAGTAGGCT-1","slingPseudotime_1",29.872302839153,"B7H3","aucell_exhausted_score",0.100930314200456,"exhausted"
"GCGCAACAGACTCAAAAGTAGGCT-1","slingPseudotime_1",29.872302839153,"B7H3","aucell_proliferating_score",0.00905263157894737,"proliferating"
"GCGCAACAGACTCAAAAGTAGGCT-1","slingPseudotime_1",29.872302839153,"B7H3","aucell_naive_memory_score",0,"naive_memory"
"GCGCAACAGACTCAAAAGTAGGCT-1","slingPseudotime_1",29.872302839153,"B7H3","aucell_cytotoxic_score",0,"cytotoxic"
"GCGCTACGTCATTACAAGTAGGCT-1","slingPseudotime_1",20.0762091664789,"B7H3","aucell_exhausted_score",0,"exhausted"
"GCGCTACGTCATTACAAGTAGGCT-1","slingPseudotime_1",20.0762091664789,"B7H3","aucell_proliferating_score",0,"proliferating"
"GCGCTACGTCATTACAAGTAGGCT-1","slingPseudotime_1",20.0762091664789,"B7H3","aucell_naive_memory_score",0.165263157894737,"naive_memory"
"GCGCTACGTCATTACAAGTAGGCT-1","slingPseudotime_1",20.0762091664789,"B7H3","aucell_cytotoxic_score",0.0494997367035282,"cytotoxic"
"GCGCTACGTCATTACAAGTAGGCT-1","slingPseudotime_2",20.7230324313142,"B7H3","aucell_exhausted_score",0,"exhausted"
"GCGCTACGTCATTACAAGTAGGCT-1","slingPseudotime_2",20.7230324313142,"B7H3","aucell_proliferating_score",0,"proliferating"
"GCGCTACGTCATTACAAGTAGGCT-1","slingPseudotime_2",20.7230324313142,"B7H3","aucell_naive_memory_score",0.165263157894737,"naive_memory"
"GCGCTACGTCATTACAAGTAGGCT-1","slingPseudotime_2",20.7230324313142,"B7H3","aucell_cytotoxic_score",0.0494997367035282,"cytotoxic"
"GCGCTACGTCATTACAAGTAGGCT-1","slingPseudotime_3",24.1519304750809,"B7H3","aucell_exhausted_score",0,"exhausted"
"GCGCTACGTCATTACAAGTAGGCT-1","slingPseudotime_3",24.1519304750809,"B7H3","aucell_proliferating_score",0,"proliferating"
"GCGCTACGTCATTACAAGTAGGCT-1","slingPseudotime_3",24.1519304750809,"B7H3","aucell_naive_memory_score",0.165263157894737,"naive_memory"
"GCGCTACGTCATTACAAGTAGGCT-1","slingPseudotime_3",24.1519304750809,"B7H3","aucell_cytotoxic_score",0.0494997367035282,"cytotoxic"
"GCTCACTAGTCGAAGTAGTAGGCT-1","slingPseudotime_1",92.3502841601328,"B7H3","aucell_exhausted_score",0.229770054414604,"exhausted"
"GCTCACTAGTCGAAGTAGTAGGCT-1","slingPseudotime_1",92.3502841601328,"B7H3","aucell_proliferating_score",0,"proliferating"
"GCTCACTAGTCGAAGTAGTAGGCT-1","slingPseudotime_1",92.3502841601328,"B7H3","aucell_naive_memory_score",0,"naive_memory"
"GCTCACTAGTCGAAGTAGTAGGCT-1","slingPseudotime_1",92.3502841601328,"B7H3","aucell_cytotoxic_score",0.161312971739512,"cytotoxic"
"GCTGACTTCGGGCAACAGTAGGCT-1","slingPseudotime_1",19.880261879131,"B7H3","aucell_exhausted_score",0,"exhausted"
"GCTGACTTCGGGCAACAGTAGGCT-1","slingPseudotime_1",19.880261879131,"B7H3","aucell_proliferating_score",0,"proliferating"
"GCTGACTTCGGGCAACAGTAGGCT-1","slingPseudotime_1",19.880261879131,"B7H3","aucell_naive_memory_score",0.135368421052632,"naive_memory"
"GCTGACTTCGGGCAACAGTAGGCT-1","slingPseudotime_1",19.880261879131,"B7H3","aucell_cytotoxic_score",0,"cytotoxic"
"GCTGACTTCGGGCAACAGTAGGCT-1","slingPseudotime_2",20.3520358344827,"B7H3","aucell_exhausted_score",0,"exhausted"
"GCTGACTTCGGGCAACAGTAGGCT-1","slingPseudotime_2",20.3520358344827,"B7H3","aucell_proliferating_score",0,"proliferating"
"GCTGACTTCGGGCAACAGTAGGCT-1","slingPseudotime_2",20.3520358344827,"B7H3","aucell_naive_memory_score",0.135368421052632,"naive_memory"
"GCTGACTTCGGGCAACAGTAGGCT-1","slingPseudotime_2",20.3520358344827,"B7H3","aucell_cytotoxic_score",0,"cytotoxic"
"GCTGACTTCGGGCAACAGTAGGCT-1","slingPseudotime_3",27.6516739105434,"B7H3","aucell_exhausted_score",0,"exhausted"
"GCTGACTTCGGGCAACAGTAGGCT-1","slingPseudotime_3",27.6516739105434,"B7H3","aucell_proliferating_score",0,"proliferating"
"GCTGACTTCGGGCAACAGTAGGCT-1","slingPseudotime_3",27.6516739105434,"B7H3","aucell_naive_memory_score",0.135368421052632,"naive_memory"
"GCTGACTTCGGGCAACAGTAGGCT-1","slingPseudotime_3",27.6516739105434,"B7H3","aucell_cytotoxic_score",0,"cytotoxic"
"GCTGCTCCACCTACTGAGTAGGCT-1","slingPseudotime_1",21.435637892739,"B7H3","aucell_exhausted_score",0.060733719501492,"exhausted"
"GCTGCTCCACCTACTGAGTAGGCT-1","slingPseudotime_1",21.435637892739,"B7H3","aucell_proliferating_score",0.0614736842105263,"proliferating"
"GCTGCTCCACCTACTGAGTAGGCT-1","slingPseudotime_1",21.435637892739,"B7H3","aucell_naive_memory_score",0,"naive_memory"
"GCTGCTCCACCTACTGAGTAGGCT-1","slingPseudotime_1",21.435637892739,"B7H3","aucell_cytotoxic_score",0.447604002106372,"cytotoxic"
"GCTGCTCCACCTACTGAGTAGGCT-1","slingPseudotime_2",22.5748480290138,"B7H3","aucell_exhausted_score",0.060733719501492,"exhausted"
"GCTGCTCCACCTACTGAGTAGGCT-1","slingPseudotime_2",22.5748480290138,"B7H3","aucell_proliferating_score",0.0614736842105263,"proliferating"
"GCTGCTCCACCTACTGAGTAGGCT-1","slingPseudotime_2",22.5748480290138,"B7H3","aucell_naive_memory_score",0,"naive_memory"
"GCTGCTCCACCTACTGAGTAGGCT-1","slingPseudotime_2",22.5748480290138,"B7H3","aucell_cytotoxic_score",0.447604002106372,"cytotoxic"
"GCTGCTCCACCTACTGAGTAGGCT-1","slingPseudotime_3",25.8165990855098,"B7H3","aucell_exhausted_score",0.060733719501492,"exhausted"
"GCTGCTCCACCTACTGAGTAGGCT-1","slingPseudotime_3",25.8165990855098,"B7H3","aucell_proliferating_score",0.0614736842105263,"proliferating"
"GCTGCTCCACCTACTGAGTAGGCT-1","slingPseudotime_3",25.8165990855098,"B7H3","aucell_naive_memory_score",0,"naive_memory"
"GCTGCTCCACCTACTGAGTAGGCT-1","slingPseudotime_3",25.8165990855098,"B7H3","aucell_cytotoxic_score",0.447604002106372,"cytotoxic"
"GCTTCATCAAGGGTCTAGTAGGCT-1","slingPseudotime_1",20.7808132513169,"B7H3","aucell_exhausted_score",0.157451290152712,"exhausted"
"GCTTCATCAAGGGTCTAGTAGGCT-1","slingPseudotime_1",20.7808132513169,"B7H3","aucell_proliferating_score",0,"proliferating"
"GCTTCATCAAGGGTCTAGTAGGCT-1","slingPseudotime_1",20.7808132513169,"B7H3","aucell_naive_memory_score",0,"naive_memory"
"GCTTCATCAAGGGTCTAGTAGGCT-1","slingPseudotime_1",20.7808132513169,"B7H3","aucell_cytotoxic_score",0,"cytotoxic"
"GCTTCATCAAGGGTCTAGTAGGCT-1","slingPseudotime_2",21.73912708248,"B7H3","aucell_exhausted_score",0.157451290152712,"exhausted"
"GCTTCATCAAGGGTCTAGTAGGCT-1","slingPseudotime_2",21.73912708248,"B7H3","aucell_proliferating_score",0,"proliferating"
"GCTTCATCAAGGGTCTAGTAGGCT-1","slingPseudotime_2",21.73912708248,"B7H3","aucell_naive_memory_score",0,"naive_memory"
"GCTTCATCAAGGGTCTAGTAGGCT-1","slingPseudotime_2",21.73912708248,"B7H3","aucell_cytotoxic_score",0,"cytotoxic"
"GCTTCATCAAGGGTCTAGTAGGCT-1","slingPseudotime_3",23.3519158368452,"B7H3","aucell_exhausted_score",0.157451290152712,"exhausted"
"GCTTCATCAAGGGTCTAGTAGGCT-1","slingPseudotime_3",23.3519158368452,"B7H3","aucell_proliferating_score",0,"proliferating"
"GCTTCATCAAGGGTCTAGTAGGCT-1","slingPseudotime_3",23.3519158368452,"B7H3","aucell_naive_memory_score",0,"naive_memory"
"GCTTCATCAAGGGTCTAGTAGGCT-1","slingPseudotime_3",23.3519158368452,"B7H3","aucell_cytotoxic_score",0,"cytotoxic"
"GCTTGCGTCCATCCAAAGTAGGCT-1","slingPseudotime_1",18.5899594933102,"B7H3","aucell_exhausted_score",0.115674916622784,"exhausted"
"GCTTGCGTCCATCCAAAGTAGGCT-1","slingPseudotime_1",18.5899594933102,"B7H3","aucell_proliferating_score",0,"proliferating"
"GCTTGCGTCCATCCAAAGTAGGCT-1","slingPseudotime_1",18.5899594933102,"B7H3","aucell_naive_memory_score",0,"naive_memory"
"GCTTGCGTCCATCCAAAGTAGGCT-1","slingPseudotime_1",18.5899594933102,"B7H3","aucell_cytotoxic_score",0.159908723889767,"cytotoxic"
"GCTTGCGTCCATCCAAAGTAGGCT-1","slingPseudotime_2",18.5650339255386,"B7H3","aucell_exhausted_score",0.115674916622784,"exhausted"
"GCTTGCGTCCATCCAAAGTAGGCT-1","slingPseudotime_2",18.5650339255386,"B7H3","aucell_proliferating_score",0,"proliferating"
"GCTTGCGTCCATCCAAAGTAGGCT-1","slingPseudotime_2",18.5650339255386,"B7H3","aucell_naive_memory_score",0,"naive_memory"
"GCTTGCGTCCATCCAAAGTAGGCT-1","slingPseudotime_2",18.5650339255386,"B7H3","aucell_cytotoxic_score",0.159908723889767,"cytotoxic"
"GCTTGCGTCCATCCAAAGTAGGCT-1","slingPseudotime_3",31.1535770277922,"B7H3","aucell_exhausted_score",0.115674916622784,"exhausted"
"GCTTGCGTCCATCCAAAGTAGGCT-1","slingPseudotime_3",31.1535770277922,"B7H3","aucell_proliferating_score",0,"proliferating"
"GCTTGCGTCCATCCAAAGTAGGCT-1","slingPseudotime_3",31.1535770277922,"B7H3","aucell_naive_memory_score",0,"naive_memory"
"GCTTGCGTCCATCCAAAGTAGGCT-1","slingPseudotime_3",31.1535770277922,"B7H3","aucell_cytotoxic_score",0.159908723889767,"cytotoxic"
"GGAAATTGTGGTTCGCAGTAGGCT-1","slingPseudotime_1",29.6150792810518,"B7H3","aucell_exhausted_score",0.247674214498859,"exhausted"
"GGAAATTGTGGTTCGCAGTAGGCT-1","slingPseudotime_1",29.6150792810518,"B7H3","aucell_proliferating_score",0.334736842105263,"proliferating"
"GGAAATTGTGGTTCGCAGTAGGCT-1","slingPseudotime_1",29.6150792810518,"B7H3","aucell_naive_memory_score",0.239789473684211,"naive_memory"
"GGAAATTGTGGTTCGCAGTAGGCT-1","slingPseudotime_1",29.6150792810518,"B7H3","aucell_cytotoxic_score",0.0200105318588731,"cytotoxic"
"GGAACCTCACTTTGTAAGTAGGCT-1","slingPseudotime_1",21.9484556332454,"B7H3","aucell_exhausted_score",0.076882569773565,"exhausted"
"GGAACCTCACTTTGTAAGTAGGCT-1","slingPseudotime_1",21.9484556332454,"B7H3","aucell_proliferating_score",0,"proliferating"
"GGAACCTCACTTTGTAAGTAGGCT-1","slingPseudotime_1",21.9484556332454,"B7H3","aucell_naive_memory_score",0.250526315789474,"naive_memory"
"GGAACCTCACTTTGTAAGTAGGCT-1","slingPseudotime_1",21.9484556332454,"B7H3","aucell_cytotoxic_score",0,"cytotoxic"
"GGAACCTCACTTTGTAAGTAGGCT-1","slingPseudotime_2",25.2369004028694,"B7H3","aucell_exhausted_score",0.076882569773565,"exhausted"
"GGAACCTCACTTTGTAAGTAGGCT-1","slingPseudotime_2",25.2369004028694,"B7H3","aucell_proliferating_score",0,"proliferating"
"GGAACCTCACTTTGTAAGTAGGCT-1","slingPseudotime_2",25.2369004028694,"B7H3","aucell_naive_memory_score",0.250526315789474,"naive_memory"
"GGAACCTCACTTTGTAAGTAGGCT-1","slingPseudotime_2",25.2369004028694,"B7H3","aucell_cytotoxic_score",0,"cytotoxic"
"GGAACCTCACTTTGTAAGTAGGCT-1","slingPseudotime_3",23.4101375731919,"B7H3","aucell_exhausted_score",0.076882569773565,"exhausted"
"GGAACCTCACTTTGTAAGTAGGCT-1","slingPseudotime_3",23.4101375731919,"B7H3","aucell_proliferating_score",0,"proliferating"
"GGAACCTCACTTTGTAAGTAGGCT-1","slingPseudotime_3",23.4101375731919,"B7H3","aucell_naive_memory_score",0.250526315789474,"naive_memory"
"GGAACCTCACTTTGTAAGTAGGCT-1","slingPseudotime_3",23.4101375731919,"B7H3","aucell_cytotoxic_score",0,"cytotoxic"
"GGATAGGCAGAAACTTAGTAGGCT-1","slingPseudotime_1",21.2130359522993,"B7H3","aucell_exhausted_score",0,"exhausted"
"GGATAGGCAGAAACTTAGTAGGCT-1","slingPseudotime_1",21.2130359522993,"B7H3","aucell_proliferating_score",0,"proliferating"
"GGATAGGCAGAAACTTAGTAGGCT-1","slingPseudotime_1",21.2130359522993,"B7H3","aucell_naive_memory_score",0.102736842105263,"naive_memory"
"GGATAGGCAGAAACTTAGTAGGCT-1","slingPseudotime_1",21.2130359522993,"B7H3","aucell_cytotoxic_score",0,"cytotoxic"
"GGATAGGCAGAAACTTAGTAGGCT-1","slingPseudotime_2",21.6746414455707,"B7H3","aucell_exhausted_score",0,"exhausted"
"GGATAGGCAGAAACTTAGTAGGCT-1","slingPseudotime_2",21.6746414455707,"B7H3","aucell_proliferating_score",0,"proliferating"
"GGATAGGCAGAAACTTAGTAGGCT-1","slingPseudotime_2",21.6746414455707,"B7H3","aucell_naive_memory_score",0.102736842105263,"naive_memory"
"GGATAGGCAGAAACTTAGTAGGCT-1","slingPseudotime_2",21.6746414455707,"B7H3","aucell_cytotoxic_score",0,"cytotoxic"
"GGATAGGCAGAAACTTAGTAGGCT-1","slingPseudotime_3",25.0410645514665,"B7H3","aucell_exhausted_score",0,"exhausted"
"GGATAGGCAGAAACTTAGTAGGCT-1","slingPseudotime_3",25.0410645514665,"B7H3","aucell_proliferating_score",0,"proliferating"
"GGATAGGCAGAAACTTAGTAGGCT-1","slingPseudotime_3",25.0410645514665,"B7H3","aucell_naive_memory_score",0.102736842105263,"naive_memory"
"GGATAGGCAGAAACTTAGTAGGCT-1","slingPseudotime_3",25.0410645514665,"B7H3","aucell_cytotoxic_score",0,"cytotoxic"
"GGATATTCAGTTATGGAGTAGGCT-1","slingPseudotime_1",20.3179038209208,"B7H3","aucell_exhausted_score",0,"exhausted"
"GGATATTCAGTTATGGAGTAGGCT-1","slingPseudotime_1",20.3179038209208,"B7H3","aucell_proliferating_score",0,"proliferating"
"GGATATTCAGTTATGGAGTAGGCT-1","slingPseudotime_1",20.3179038209208,"B7H3","aucell_naive_memory_score",0,"naive_memory"
"GGATATTCAGTTATGGAGTAGGCT-1","slingPseudotime_1",20.3179038209208,"B7H3","aucell_cytotoxic_score",0.150430050903985,"cytotoxic"
"GGATATTCAGTTATGGAGTAGGCT-1","slingPseudotime_2",20.8936235529882,"B7H3","aucell_exhausted_score",0,"exhausted"
"GGATATTCAGTTATGGAGTAGGCT-1","slingPseudotime_2",20.8936235529882,"B7H3","aucell_proliferating_score",0,"proliferating"
"GGATATTCAGTTATGGAGTAGGCT-1","slingPseudotime_2",20.8936235529882,"B7H3","aucell_naive_memory_score",0,"naive_memory"
"GGATATTCAGTTATGGAGTAGGCT-1","slingPseudotime_2",20.8936235529882,"B7H3","aucell_cytotoxic_score",0.150430050903985,"cytotoxic"
"GGATATTCAGTTATGGAGTAGGCT-1","slingPseudotime_3",24.4206309540322,"B7H3","aucell_exhausted_score",0,"exhausted"
"GGATATTCAGTTATGGAGTAGGCT-1","slingPseudotime_3",24.4206309540322,"B7H3","aucell_proliferating_score",0,"proliferating"
"GGATATTCAGTTATGGAGTAGGCT-1","slingPseudotime_3",24.4206309540322,"B7H3","aucell_naive_memory_score",0,"naive_memory"
"GGATATTCAGTTATGGAGTAGGCT-1","slingPseudotime_3",24.4206309540322,"B7H3","aucell_cytotoxic_score",0.150430050903985,"cytotoxic"
"GGATGTCCAATTAGACAGTAGGCT-1","slingPseudotime_1",35.8377487821018,"B7H3","aucell_exhausted_score",0.0728453572055468,"exhausted"
"GGATGTCCAATTAGACAGTAGGCT-1","slingPseudotime_1",35.8377487821018,"B7H3","aucell_proliferating_score",0.673052631578947,"proliferating"
"GGATGTCCAATTAGACAGTAGGCT-1","slingPseudotime_1",35.8377487821018,"B7H3","aucell_naive_memory_score",0,"naive_memory"
"GGATGTCCAATTAGACAGTAGGCT-1","slingPseudotime_1",35.8377487821018,"B7H3","aucell_cytotoxic_score",0.245567842724241,"cytotoxic"
"GGCATGATCACCTGTAAGTAGGCT-1","slingPseudotime_1",20.5991273778816,"B7H3","aucell_exhausted_score",0.175179919255749,"exhausted"
"GGCATGATCACCTGTAAGTAGGCT-1","slingPseudotime_1",20.5991273778816,"B7H3","aucell_proliferating_score",0,"proliferating"
"GGCATGATCACCTGTAAGTAGGCT-1","slingPseudotime_1",20.5991273778816,"B7H3","aucell_naive_memory_score",0,"naive_memory"
"GGCATGATCACCTGTAAGTAGGCT-1","slingPseudotime_1",20.5991273778816,"B7H3","aucell_cytotoxic_score",0,"cytotoxic"
"GGCATGATCACCTGTAAGTAGGCT-1","slingPseudotime_2",21.9017737260951,"B7H3","aucell_exhausted_score",0.175179919255749,"exhausted"
"GGCATGATCACCTGTAAGTAGGCT-1","slingPseudotime_2",21.9017737260951,"B7H3","aucell_proliferating_score",0,"proliferating"
"GGCATGATCACCTGTAAGTAGGCT-1","slingPseudotime_2",21.9017737260951,"B7H3","aucell_naive_memory_score",0,"naive_memory"
"GGCATGATCACCTGTAAGTAGGCT-1","slingPseudotime_2",21.9017737260951,"B7H3","aucell_cytotoxic_score",0,"cytotoxic"
"GGCATGATCACCTGTAAGTAGGCT-1","slingPseudotime_3",23.1981046897745,"B7H3","aucell_exhausted_score",0.175179919255749,"exhausted"
"GGCATGATCACCTGTAAGTAGGCT-1","slingPseudotime_3",23.1981046897745,"B7H3","aucell_proliferating_score",0,"proliferating"
"GGCATGATCACCTGTAAGTAGGCT-1","slingPseudotime_3",23.1981046897745,"B7H3","aucell_naive_memory_score",0,"naive_memory"
"GGCATGATCACCTGTAAGTAGGCT-1","slingPseudotime_3",23.1981046897745,"B7H3","aucell_cytotoxic_score",0,"cytotoxic"
"GGCCATCGTATTTCGAAGTAGGCT-1","slingPseudotime_3",31.2879247441749,"B7H3","aucell_exhausted_score",0.103387747937511,"exhausted"
"GGCCATCGTATTTCGAAGTAGGCT-1","slingPseudotime_3",31.2879247441749,"B7H3","aucell_proliferating_score",0,"proliferating"
"GGCCATCGTATTTCGAAGTAGGCT-1","slingPseudotime_3",31.2879247441749,"B7H3","aucell_naive_memory_score",0,"naive_memory"
"GGCCATCGTATTTCGAAGTAGGCT-1","slingPseudotime_3",31.2879247441749,"B7H3","aucell_cytotoxic_score",0,"cytotoxic"
"GGCTAATAGTCTATGTAGTAGGCT-1","slingPseudotime_1",19.9918874590357,"B7H3","aucell_exhausted_score",0.103563278918729,"exhausted"
"GGCTAATAGTCTATGTAGTAGGCT-1","slingPseudotime_1",19.9918874590357,"B7H3","aucell_proliferating_score",0,"proliferating"
"GGCTAATAGTCTATGTAGTAGGCT-1","slingPseudotime_1",19.9918874590357,"B7H3","aucell_naive_memory_score",0,"naive_memory"
"GGCTAATAGTCTATGTAGTAGGCT-1","slingPseudotime_1",19.9918874590357,"B7H3","aucell_cytotoxic_score",0.0600315955766193,"cytotoxic"
"GGCTAATAGTCTATGTAGTAGGCT-1","slingPseudotime_2",20.527678350596,"B7H3","aucell_exhausted_score",0.103563278918729,"exhausted"
"GGCTAATAGTCTATGTAGTAGGCT-1","slingPseudotime_2",20.527678350596,"B7H3","aucell_proliferating_score",0,"proliferating"
"GGCTAATAGTCTATGTAGTAGGCT-1","slingPseudotime_2",20.527678350596,"B7H3","aucell_naive_memory_score",0,"naive_memory"
"GGCTAATAGTCTATGTAGTAGGCT-1","slingPseudotime_2",20.527678350596,"B7H3","aucell_cytotoxic_score",0.0600315955766193,"cytotoxic"
"GGCTAATAGTCTATGTAGTAGGCT-1","slingPseudotime_3",24.3267630375652,"B7H3","aucell_exhausted_score",0.103563278918729,"exhausted"
"GGCTAATAGTCTATGTAGTAGGCT-1","slingPseudotime_3",24.3267630375652,"B7H3","aucell_proliferating_score",0,"proliferating"
"GGCTAATAGTCTATGTAGTAGGCT-1","slingPseudotime_3",24.3267630375652,"B7H3","aucell_naive_memory_score",0,"naive_memory"
"GGCTAATAGTCTATGTAGTAGGCT-1","slingPseudotime_3",24.3267630375652,"B7H3","aucell_cytotoxic_score",0.0600315955766193,"cytotoxic"
"GGGAAGTAGTGAGTTAAGTAGGCT-1","slingPseudotime_1",22.2922563265611,"B7H3","aucell_exhausted_score",0.238546603475513,"exhausted"
"GGGAAGTAGTGAGTTAAGTAGGCT-1","slingPseudotime_1",22.2922563265611,"B7H3","aucell_proliferating_score",0,"proliferating"
"GGGAAGTAGTGAGTTAAGTAGGCT-1","slingPseudotime_1",22.2922563265611,"B7H3","aucell_naive_memory_score",0.370526315789474,"naive_memory"
"GGGAAGTAGTGAGTTAAGTAGGCT-1","slingPseudotime_1",22.2922563265611,"B7H3","aucell_cytotoxic_score",0,"cytotoxic"
"GGGAAGTAGTGAGTTAAGTAGGCT-1","slingPseudotime_2",22.5748480290138,"B7H3","aucell_exhausted_score",0.238546603475513,"exhausted"
"GGGAAGTAGTGAGTTAAGTAGGCT-1","slingPseudotime_2",22.5748480290138,"B7H3","aucell_proliferating_score",0,"proliferating"
"GGGAAGTAGTGAGTTAAGTAGGCT-1","slingPseudotime_2",22.5748480290138,"B7H3","aucell_naive_memory_score",0.370526315789474,"naive_memory"
"GGGAAGTAGTGAGTTAAGTAGGCT-1","slingPseudotime_2",22.5748480290138,"B7H3","aucell_cytotoxic_score",0,"cytotoxic"
"GGGAAGTAGTGAGTTAAGTAGGCT-1","slingPseudotime_3",27.7895079451231,"B7H3","aucell_exhausted_score",0.238546603475513,"exhausted"
"GGGAAGTAGTGAGTTAAGTAGGCT-1","slingPseudotime_3",27.7895079451231,"B7H3","aucell_proliferating_score",0,"proliferating"
"GGGAAGTAGTGAGTTAAGTAGGCT-1","slingPseudotime_3",27.7895079451231,"B7H3","aucell_naive_memory_score",0.370526315789474,"naive_memory"
"GGGAAGTAGTGAGTTAAGTAGGCT-1","slingPseudotime_3",27.7895079451231,"B7H3","aucell_cytotoxic_score",0,"cytotoxic"
"GGGACTCAGAAGGTCTAGTAGGCT-1","slingPseudotime_1",21.2130359522993,"B7H3","aucell_exhausted_score",0.162190626645603,"exhausted"
"GGGACTCAGAAGGTCTAGTAGGCT-1","slingPseudotime_1",21.2130359522993,"B7H3","aucell_proliferating_score",0,"proliferating"
"GGGACTCAGAAGGTCTAGTAGGCT-1","slingPseudotime_1",21.2130359522993,"B7H3","aucell_naive_memory_score",0,"naive_memory"
"GGGACTCAGAAGGTCTAGTAGGCT-1","slingPseudotime_1",21.2130359522993,"B7H3","aucell_cytotoxic_score",0.116377040547657,"cytotoxic"
"GGGACTCAGAAGGTCTAGTAGGCT-1","slingPseudotime_2",24.7757906502277,"B7H3","aucell_exhausted_score",0.162190626645603,"exhausted"
"GGGACTCAGAAGGTCTAGTAGGCT-1","slingPseudotime_2",24.7757906502277,"B7H3","aucell_proliferating_score",0,"proliferating"
"GGGACTCAGAAGGTCTAGTAGGCT-1","slingPseudotime_2",24.7757906502277,"B7H3","aucell_naive_memory_score",0,"naive_memory"
"GGGACTCAGAAGGTCTAGTAGGCT-1","slingPseudotime_2",24.7757906502277,"B7H3","aucell_cytotoxic_score",0.116377040547657,"cytotoxic"
"GGGACTCAGAAGGTCTAGTAGGCT-1","slingPseudotime_3",21.600092231939,"B7H3","aucell_exhausted_score",0.162190626645603,"exhausted"
"GGGACTCAGAAGGTCTAGTAGGCT-1","slingPseudotime_3",21.600092231939,"B7H3","aucell_proliferating_score",0,"proliferating"
"GGGACTCAGAAGGTCTAGTAGGCT-1","slingPseudotime_3",21.600092231939,"B7H3","aucell_naive_memory_score",0,"naive_memory"
"GGGACTCAGAAGGTCTAGTAGGCT-1","slingPseudotime_3",21.600092231939,"B7H3","aucell_cytotoxic_score",0.116377040547657,"cytotoxic"
"GGGCTAATCCATAGGGAGTAGGCT-1","slingPseudotime_1",28.8204818234566,"B7H3","aucell_exhausted_score",0.216254168860804,"exhausted"
"GGGCTAATCCATAGGGAGTAGGCT-1","slingPseudotime_1",28.8204818234566,"B7H3","aucell_proliferating_score",0,"proliferating"
"GGGCTAATCCATAGGGAGTAGGCT-1","slingPseudotime_1",28.8204818234566,"B7H3","aucell_naive_memory_score",0,"naive_memory"
"GGGCTAATCCATAGGGAGTAGGCT-1","slingPseudotime_1",28.8204818234566,"B7H3","aucell_cytotoxic_score",0.173600140424785,"cytotoxic"
"GGGTGAGAGCAGGTCAAGTAGGCT-1","slingPseudotime_1",21.9484556332454,"B7H3","aucell_exhausted_score",0.367210812708443,"exhausted"
"GGGTGAGAGCAGGTCAAGTAGGCT-1","slingPseudotime_1",21.9484556332454,"B7H3","aucell_proliferating_score",0.064,"proliferating"
"GGGTGAGAGCAGGTCAAGTAGGCT-1","slingPseudotime_1",21.9484556332454,"B7H3","aucell_naive_memory_score",0,"naive_memory"
"GGGTGAGAGCAGGTCAAGTAGGCT-1","slingPseudotime_1",21.9484556332454,"B7H3","aucell_cytotoxic_score",0,"cytotoxic"
"GGGTGAGAGCAGGTCAAGTAGGCT-1","slingPseudotime_2",25.9811258159608,"B7H3","aucell_exhausted_score",0.367210812708443,"exhausted"
"GGGTGAGAGCAGGTCAAGTAGGCT-1","slingPseudotime_2",25.9811258159608,"B7H3","aucell_proliferating_score",0.064,"proliferating"
"GGGTGAGAGCAGGTCAAGTAGGCT-1","slingPseudotime_2",25.9811258159608,"B7H3","aucell_naive_memory_score",0,"naive_memory"
"GGGTGAGAGCAGGTCAAGTAGGCT-1","slingPseudotime_2",25.9811258159608,"B7H3","aucell_cytotoxic_score",0,"cytotoxic"
"GGGTGAGAGCAGGTCAAGTAGGCT-1","slingPseudotime_3",22.3623657142342,"B7H3","aucell_exhausted_score",0.367210812708443,"exhausted"
"GGGTGAGAGCAGGTCAAGTAGGCT-1","slingPseudotime_3",22.3623657142342,"B7H3","aucell_proliferating_score",0.064,"proliferating"
"GGGTGAGAGCAGGTCAAGTAGGCT-1","slingPseudotime_3",22.3623657142342,"B7H3","aucell_naive_memory_score",0,"naive_memory"
"GGGTGAGAGCAGGTCAAGTAGGCT-1","slingPseudotime_3",22.3623657142342,"B7H3","aucell_cytotoxic_score",0,"cytotoxic"
"GGGTGGAAGCAAATTGAGTAGGCT-1","slingPseudotime_3",32.2476551539696,"B7H3","aucell_exhausted_score",0.147797086185712,"exhausted"
"GGGTGGAAGCAAATTGAGTAGGCT-1","slingPseudotime_3",32.2476551539696,"B7H3","aucell_proliferating_score",0.188631578947368,"proliferating"
"GGGTGGAAGCAAATTGAGTAGGCT-1","slingPseudotime_3",32.2476551539696,"B7H3","aucell_naive_memory_score",0,"naive_memory"
"GGGTGGAAGCAAATTGAGTAGGCT-1","slingPseudotime_3",32.2476551539696,"B7H3","aucell_cytotoxic_score",0,"cytotoxic"
"GGGTTAGTCCTGGAAGAGTAGGCT-1","slingPseudotime_1",19.700795342051,"B7H3","aucell_exhausted_score",0.11602597858522,"exhausted"
"GGGTTAGTCCTGGAAGAGTAGGCT-1","slingPseudotime_1",19.700795342051,"B7H3","aucell_proliferating_score",0,"proliferating"
"GGGTTAGTCCTGGAAGAGTAGGCT-1","slingPseudotime_1",19.700795342051,"B7H3","aucell_naive_memory_score",0,"naive_memory"
"GGGTTAGTCCTGGAAGAGTAGGCT-1","slingPseudotime_1",19.700795342051,"B7H3","aucell_cytotoxic_score",0.148499210110585,"cytotoxic"
"GGGTTAGTCCTGGAAGAGTAGGCT-1","slingPseudotime_2",21.2775114221709,"B7H3","aucell_exhausted_score",0.11602597858522,"exhausted"
"GGGTTAGTCCTGGAAGAGTAGGCT-1","slingPseudotime_2",21.2775114221709,"B7H3","aucell_proliferating_score",0,"proliferating"
"GGGTTAGTCCTGGAAGAGTAGGCT-1","slingPseudotime_2",21.2775114221709,"B7H3","aucell_naive_memory_score",0,"naive_memory"
"GGGTTAGTCCTGGAAGAGTAGGCT-1","slingPseudotime_2",21.2775114221709,"B7H3","aucell_cytotoxic_score",0.148499210110585,"cytotoxic"
"GGGTTAGTCCTGGAAGAGTAGGCT-1","slingPseudotime_3",28.1988208930265,"B7H3","aucell_exhausted_score",0.11602597858522,"exhausted"
"GGGTTAGTCCTGGAAGAGTAGGCT-1","slingPseudotime_3",28.1988208930265,"B7H3","aucell_proliferating_score",0,"proliferating"
"GGGTTAGTCCTGGAAGAGTAGGCT-1","slingPseudotime_3",28.1988208930265,"B7H3","aucell_naive_memory_score",0,"naive_memory"
"GGGTTAGTCCTGGAAGAGTAGGCT-1","slingPseudotime_3",28.1988208930265,"B7H3","aucell_cytotoxic_score",0.148499210110585,"cytotoxic"
"GGGTTATAGGAAGCCCAGTAGGCT-1","slingPseudotime_1",20.0496200435134,"B7H3","aucell_exhausted_score",0.266456029489205,"exhausted"
"GGGTTATAGGAAGCCCAGTAGGCT-1","slingPseudotime_1",20.0496200435134,"B7H3","aucell_proliferating_score",0,"proliferating"
"GGGTTATAGGAAGCCCAGTAGGCT-1","slingPseudotime_1",20.0496200435134,"B7H3","aucell_naive_memory_score",0,"naive_memory"
"GGGTTATAGGAAGCCCAGTAGGCT-1","slingPseudotime_1",20.0496200435134,"B7H3","aucell_cytotoxic_score",0,"cytotoxic"
"GGGTTATAGGAAGCCCAGTAGGCT-1","slingPseudotime_2",21.2473290822469,"B7H3","aucell_exhausted_score",0.266456029489205,"exhausted"
"GGGTTATAGGAAGCCCAGTAGGCT-1","slingPseudotime_2",21.2473290822469,"B7H3","aucell_proliferating_score",0,"proliferating"
"GGGTTATAGGAAGCCCAGTAGGCT-1","slingPseudotime_2",21.2473290822469,"B7H3","aucell_naive_memory_score",0,"naive_memory"
"GGGTTATAGGAAGCCCAGTAGGCT-1","slingPseudotime_2",21.2473290822469,"B7H3","aucell_cytotoxic_score",0,"cytotoxic"
"GGGTTATAGGAAGCCCAGTAGGCT-1","slingPseudotime_3",27.4843729412876,"B7H3","aucell_exhausted_score",0.266456029489205,"exhausted"
"GGGTTATAGGAAGCCCAGTAGGCT-1","slingPseudotime_3",27.4843729412876,"B7H3","aucell_proliferating_score",0,"proliferating"
"GGGTTATAGGAAGCCCAGTAGGCT-1","slingPseudotime_3",27.4843729412876,"B7H3","aucell_naive_memory_score",0,"naive_memory"
"GGGTTATAGGAAGCCCAGTAGGCT-1","slingPseudotime_3",27.4843729412876,"B7H3","aucell_cytotoxic_score",0,"cytotoxic"
"GGTCACGCATGGCCGAAGTAGGCT-1","slingPseudotime_1",31.7868913315071,"B7H3","aucell_exhausted_score",0.100403721256802,"exhausted"
"GGTCACGCATGGCCGAAGTAGGCT-1","slingPseudotime_1",31.7868913315071,"B7H3","aucell_proliferating_score",0.332210526315789,"proliferating"
"GGTCACGCATGGCCGAAGTAGGCT-1","slingPseudotime_1",31.7868913315071,"B7H3","aucell_naive_memory_score",0.163789473684211,"naive_memory"
"GGTCACGCATGGCCGAAGTAGGCT-1","slingPseudotime_1",31.7868913315071,"B7H3","aucell_cytotoxic_score",0,"cytotoxic"
"GGTGCACAGAACCTAAAGTAGGCT-1","slingPseudotime_1",37.3259190525285,"B7H3","aucell_exhausted_score",0.0684570826750922,"exhausted"
"GGTGCACAGAACCTAAAGTAGGCT-1","slingPseudotime_1",37.3259190525285,"B7H3","aucell_proliferating_score",0.315368421052632,"proliferating"
"GGTGCACAGAACCTAAAGTAGGCT-1","slingPseudotime_1",37.3259190525285,"B7H3","aucell_naive_memory_score",0,"naive_memory"
"GGTGCACAGAACCTAAAGTAGGCT-1","slingPseudotime_1",37.3259190525285,"B7H3","aucell_cytotoxic_score",0.153589608565912,"cytotoxic"
"GGTGTTTGTAATCCTAAGTAGGCT-1","slingPseudotime_1",23.9142738180453,"B7H3","aucell_exhausted_score",0,"exhausted"
"GGTGTTTGTAATCCTAAGTAGGCT-1","slingPseudotime_1",23.9142738180453,"B7H3","aucell_proliferating_score",0,"proliferating"
"GGTGTTTGTAATCCTAAGTAGGCT-1","slingPseudotime_1",23.9142738180453,"B7H3","aucell_naive_memory_score",0.168,"naive_memory"
"GGTGTTTGTAATCCTAAGTAGGCT-1","slingPseudotime_1",23.9142738180453,"B7H3","aucell_cytotoxic_score",0,"cytotoxic"
"GGTGTTTGTAATCCTAAGTAGGCT-1","slingPseudotime_2",22.5748480290138,"B7H3","aucell_exhausted_score",0,"exhausted"
"GGTGTTTGTAATCCTAAGTAGGCT-1","slingPseudotime_2",22.5748480290138,"B7H3","aucell_proliferating_score",0,"proliferating"
"GGTGTTTGTAATCCTAAGTAGGCT-1","slingPseudotime_2",22.5748480290138,"B7H3","aucell_naive_memory_score",0.168,"naive_memory"
"GGTGTTTGTAATCCTAAGTAGGCT-1","slingPseudotime_2",22.5748480290138,"B7H3","aucell_cytotoxic_score",0,"cytotoxic"
"GGTGTTTGTAATCCTAAGTAGGCT-1","slingPseudotime_3",26.4880918806149,"B7H3","aucell_exhausted_score",0,"exhausted"
"GGTGTTTGTAATCCTAAGTAGGCT-1","slingPseudotime_3",26.4880918806149,"B7H3","aucell_proliferating_score",0,"proliferating"
"GGTGTTTGTAATCCTAAGTAGGCT-1","slingPseudotime_3",26.4880918806149,"B7H3","aucell_naive_memory_score",0.168,"naive_memory"
"GGTGTTTGTAATCCTAAGTAGGCT-1","slingPseudotime_3",26.4880918806149,"B7H3","aucell_cytotoxic_score",0,"cytotoxic"
"GGTTTGTGTATTTACGAGTAGGCT-1","slingPseudotime_1",37.3825770692311,"B7H3","aucell_exhausted_score",0.273126206775496,"exhausted"
"GGTTTGTGTATTTACGAGTAGGCT-1","slingPseudotime_1",37.3825770692311,"B7H3","aucell_proliferating_score",0.0842105263157895,"proliferating"
"GGTTTGTGTATTTACGAGTAGGCT-1","slingPseudotime_1",37.3825770692311,"B7H3","aucell_naive_memory_score",0.141052631578947,"naive_memory"
"GGTTTGTGTATTTACGAGTAGGCT-1","slingPseudotime_1",37.3825770692311,"B7H3","aucell_cytotoxic_score",0,"cytotoxic"
"GGTTTGTGTTGCACTGAGTAGGCT-1","slingPseudotime_1",19.6786849061283,"B7H3","aucell_exhausted_score",0,"exhausted"
"GGTTTGTGTTGCACTGAGTAGGCT-1","slingPseudotime_1",19.6786849061283,"B7H3","aucell_proliferating_score",0,"proliferating"
"GGTTTGTGTTGCACTGAGTAGGCT-1","slingPseudotime_1",19.6786849061283,"B7H3","aucell_naive_memory_score",0,"naive_memory"
"GGTTTGTGTTGCACTGAGTAGGCT-1","slingPseudotime_1",19.6786849061283,"B7H3","aucell_cytotoxic_score",0,"cytotoxic"
"GGTTTGTGTTGCACTGAGTAGGCT-1","slingPseudotime_2",21.1072329951802,"B7H3","aucell_exhausted_score",0,"exhausted"
"GGTTTGTGTTGCACTGAGTAGGCT-1","slingPseudotime_2",21.1072329951802,"B7H3","aucell_proliferating_score",0,"proliferating"
"GGTTTGTGTTGCACTGAGTAGGCT-1","slingPseudotime_2",21.1072329951802,"B7H3","aucell_naive_memory_score",0,"naive_memory"
"GGTTTGTGTTGCACTGAGTAGGCT-1","slingPseudotime_2",21.1072329951802,"B7H3","aucell_cytotoxic_score",0,"cytotoxic"
"GGTTTGTGTTGCACTGAGTAGGCT-1","slingPseudotime_3",31.7647849646275,"B7H3","aucell_exhausted_score",0,"exhausted"
"GGTTTGTGTTGCACTGAGTAGGCT-1","slingPseudotime_3",31.7647849646275,"B7H3","aucell_proliferating_score",0,"proliferating"
"GGTTTGTGTTGCACTGAGTAGGCT-1","slingPseudotime_3",31.7647849646275,"B7H3","aucell_naive_memory_score",0,"naive_memory"
"GGTTTGTGTTGCACTGAGTAGGCT-1","slingPseudotime_3",31.7647849646275,"B7H3","aucell_cytotoxic_score",0,"cytotoxic"
"GTAAACCAGGGTTGCAAGTAGGCT-1","slingPseudotime_1",21.2945861519576,"B7H3","aucell_exhausted_score",0,"exhausted"
"GTAAACCAGGGTTGCAAGTAGGCT-1","slingPseudotime_1",21.2945861519576,"B7H3","aucell_proliferating_score",0,"proliferating"
"GTAAACCAGGGTTGCAAGTAGGCT-1","slingPseudotime_1",21.2945861519576,"B7H3","aucell_naive_memory_score",0.144210526315789,"naive_memory"
"GTAAACCAGGGTTGCAAGTAGGCT-1","slingPseudotime_1",21.2945861519576,"B7H3","aucell_cytotoxic_score",0,"cytotoxic"
"GTAAACCAGGGTTGCAAGTAGGCT-1","slingPseudotime_2",22.3236124482042,"B7H3","aucell_exhausted_score",0,"exhausted"
"GTAAACCAGGGTTGCAAGTAGGCT-1","slingPseudotime_2",22.3236124482042,"B7H3","aucell_proliferating_score",0,"proliferating"
"GTAAACCAGGGTTGCAAGTAGGCT-1","slingPseudotime_2",22.3236124482042,"B7H3","aucell_naive_memory_score",0.144210526315789,"naive_memory"
"GTAAACCAGGGTTGCAAGTAGGCT-1","slingPseudotime_2",22.3236124482042,"B7H3","aucell_cytotoxic_score",0,"cytotoxic"
"GTAAACCAGGGTTGCAAGTAGGCT-1","slingPseudotime_3",23.4546951767892,"B7H3","aucell_exhausted_score",0,"exhausted"
"GTAAACCAGGGTTGCAAGTAGGCT-1","slingPseudotime_3",23.4546951767892,"B7H3","aucell_proliferating_score",0,"proliferating"
"GTAAACCAGGGTTGCAAGTAGGCT-1","slingPseudotime_3",23.4546951767892,"B7H3","aucell_naive_memory_score",0.144210526315789,"naive_memory"
"GTAAACCAGGGTTGCAAGTAGGCT-1","slingPseudotime_3",23.4546951767892,"B7H3","aucell_cytotoxic_score",0,"cytotoxic"
"GTATGTAAGGTGAGTTAGTAGGCT-1","slingPseudotime_1",27.5626797312644,"B7H3","aucell_exhausted_score",0.105494119712129,"exhausted"
"GTATGTAAGGTGAGTTAGTAGGCT-1","slingPseudotime_1",27.5626797312644,"B7H3","aucell_proliferating_score",0.178947368421053,"proliferating"
"GTATGTAAGGTGAGTTAGTAGGCT-1","slingPseudotime_1",27.5626797312644,"B7H3","aucell_naive_memory_score",0,"naive_memory"
"GTATGTAAGGTGAGTTAGTAGGCT-1","slingPseudotime_1",27.5626797312644,"B7H3","aucell_cytotoxic_score",0,"cytotoxic"
"GTATTACTCATCAAGAAGTAGGCT-1","slingPseudotime_1",22.3687045263915,"B7H3","aucell_exhausted_score",0.0475688959101281,"exhausted"
"GTATTACTCATCAAGAAGTAGGCT-1","slingPseudotime_1",22.3687045263915,"B7H3","aucell_proliferating_score",0,"proliferating"
"GTATTACTCATCAAGAAGTAGGCT-1","slingPseudotime_1",22.3687045263915,"B7H3","aucell_naive_memory_score",0,"naive_memory"
"GTATTACTCATCAAGAAGTAGGCT-1","slingPseudotime_1",22.3687045263915,"B7H3","aucell_cytotoxic_score",0.154291732490785,"cytotoxic"
"GTATTACTCATCAAGAAGTAGGCT-1","slingPseudotime_2",22.4580363636906,"B7H3","aucell_exhausted_score",0.0475688959101281,"exhausted"
"GTATTACTCATCAAGAAGTAGGCT-1","slingPseudotime_2",22.4580363636906,"B7H3","aucell_proliferating_score",0,"proliferating"
"GTATTACTCATCAAGAAGTAGGCT-1","slingPseudotime_2",22.4580363636906,"B7H3","aucell_naive_memory_score",0,"naive_memory"
"GTATTACTCATCAAGAAGTAGGCT-1","slingPseudotime_2",22.4580363636906,"B7H3","aucell_cytotoxic_score",0.154291732490785,"cytotoxic"
"GTATTACTCATCAAGAAGTAGGCT-1","slingPseudotime_3",27.2815744876139,"B7H3","aucell_exhausted_score",0.0475688959101281,"exhausted"
"GTATTACTCATCAAGAAGTAGGCT-1","slingPseudotime_3",27.2815744876139,"B7H3","aucell_proliferating_score",0,"proliferating"
"GTATTACTCATCAAGAAGTAGGCT-1","slingPseudotime_3",27.2815744876139,"B7H3","aucell_naive_memory_score",0,"naive_memory"
"GTATTACTCATCAAGAAGTAGGCT-1","slingPseudotime_3",27.2815744876139,"B7H3","aucell_cytotoxic_score",0.154291732490785,"cytotoxic"
"GTGCCTTAGCGAATACAGTAGGCT-1","slingPseudotime_1",21.2836976818327,"B7H3","aucell_exhausted_score",0.0944356678953835,"exhausted"
"GTGCCTTAGCGAATACAGTAGGCT-1","slingPseudotime_1",21.2836976818327,"B7H3","aucell_proliferating_score",0,"proliferating"
"GTGCCTTAGCGAATACAGTAGGCT-1","slingPseudotime_1",21.2836976818327,"B7H3","aucell_naive_memory_score",0,"naive_memory"
"GTGCCTTAGCGAATACAGTAGGCT-1","slingPseudotime_1",21.2836976818327,"B7H3","aucell_cytotoxic_score",0,"cytotoxic"
"GTGCCTTAGCGAATACAGTAGGCT-1","slingPseudotime_2",23.7192865215394,"B7H3","aucell_exhausted_score",0.0944356678953835,"exhausted"
"GTGCCTTAGCGAATACAGTAGGCT-1","slingPseudotime_2",23.7192865215394,"B7H3","aucell_proliferating_score",0,"proliferating"
"GTGCCTTAGCGAATACAGTAGGCT-1","slingPseudotime_2",23.7192865215394,"B7H3","aucell_naive_memory_score",0,"naive_memory"
"GTGCCTTAGCGAATACAGTAGGCT-1","slingPseudotime_2",23.7192865215394,"B7H3","aucell_cytotoxic_score",0,"cytotoxic"
"GTGCCTTAGCGAATACAGTAGGCT-1","slingPseudotime_3",23.4101375731919,"B7H3","aucell_exhausted_score",0.0944356678953835,"exhausted"
"GTGCCTTAGCGAATACAGTAGGCT-1","slingPseudotime_3",23.4101375731919,"B7H3","aucell_proliferating_score",0,"proliferating"
"GTGCCTTAGCGAATACAGTAGGCT-1","slingPseudotime_3",23.4101375731919,"B7H3","aucell_naive_memory_score",0,"naive_memory"
"GTGCCTTAGCGAATACAGTAGGCT-1","slingPseudotime_3",23.4101375731919,"B7H3","aucell_cytotoxic_score",0,"cytotoxic"
"GTGCGGTAGCGCCTTGAGTAGGCT-1","slingPseudotime_1",19.6786849061283,"B7H3","aucell_exhausted_score",0,"exhausted"
"GTGCGGTAGCGCCTTGAGTAGGCT-1","slingPseudotime_1",19.6786849061283,"B7H3","aucell_proliferating_score",0,"proliferating"
"GTGCGGTAGCGCCTTGAGTAGGCT-1","slingPseudotime_1",19.6786849061283,"B7H3","aucell_naive_memory_score",0,"naive_memory"
"GTGCGGTAGCGCCTTGAGTAGGCT-1","slingPseudotime_1",19.6786849061283,"B7H3","aucell_cytotoxic_score",0,"cytotoxic"
"GTGCGGTAGCGCCTTGAGTAGGCT-1","slingPseudotime_2",20.2797472373921,"B7H3","aucell_exhausted_score",0,"exhausted"
"GTGCGGTAGCGCCTTGAGTAGGCT-1","slingPseudotime_2",20.2797472373921,"B7H3","aucell_proliferating_score",0,"proliferating"
"GTGCGGTAGCGCCTTGAGTAGGCT-1","slingPseudotime_2",20.2797472373921,"B7H3","aucell_naive_memory_score",0,"naive_memory"
"GTGCGGTAGCGCCTTGAGTAGGCT-1","slingPseudotime_2",20.2797472373921,"B7H3","aucell_cytotoxic_score",0,"cytotoxic"
"GTGCGGTAGCGCCTTGAGTAGGCT-1","slingPseudotime_3",24.7692886609578,"B7H3","aucell_exhausted_score",0,"exhausted"
"GTGCGGTAGCGCCTTGAGTAGGCT-1","slingPseudotime_3",24.7692886609578,"B7H3","aucell_proliferating_score",0,"proliferating"
"GTGCGGTAGCGCCTTGAGTAGGCT-1","slingPseudotime_3",24.7692886609578,"B7H3","aucell_naive_memory_score",0,"naive_memory"
"GTGCGGTAGCGCCTTGAGTAGGCT-1","slingPseudotime_3",24.7692886609578,"B7H3","aucell_cytotoxic_score",0,"cytotoxic"
"GTGTGAGTCTTCGCTTAGTAGGCT-1","slingPseudotime_3",40.3553093314905,"B7H3","aucell_exhausted_score",0.0658241179568194,"exhausted"
"GTGTGAGTCTTCGCTTAGTAGGCT-1","slingPseudotime_3",40.3553093314905,"B7H3","aucell_proliferating_score",0,"proliferating"
"GTGTGAGTCTTCGCTTAGTAGGCT-1","slingPseudotime_3",40.3553093314905,"B7H3","aucell_naive_memory_score",0.0886315789473684,"naive_memory"
"GTGTGAGTCTTCGCTTAGTAGGCT-1","slingPseudotime_3",40.3553093314905,"B7H3","aucell_cytotoxic_score",0,"cytotoxic"
"TAACCAAAGGGTGGGAAGTAGGCT-1","slingPseudotime_1",25.3093415486751,"B7H3","aucell_exhausted_score",0.0795155344918378,"exhausted"
"TAACCAAAGGGTGGGAAGTAGGCT-1","slingPseudotime_1",25.3093415486751,"B7H3","aucell_proliferating_score",0.484421052631579,"proliferating"
"TAACCAAAGGGTGGGAAGTAGGCT-1","slingPseudotime_1",25.3093415486751,"B7H3","aucell_naive_memory_score",0,"naive_memory"
"TAACCAAAGGGTGGGAAGTAGGCT-1","slingPseudotime_1",25.3093415486751,"B7H3","aucell_cytotoxic_score",0,"cytotoxic"
"TAACCAAAGGGTGGGAAGTAGGCT-1","slingPseudotime_2",25.708088532548,"B7H3","aucell_exhausted_score",0.0795155344918378,"exhausted"
"TAACCAAAGGGTGGGAAGTAGGCT-1","slingPseudotime_2",25.708088532548,"B7H3","aucell_proliferating_score",0.484421052631579,"proliferating"
"TAACCAAAGGGTGGGAAGTAGGCT-1","slingPseudotime_2",25.708088532548,"B7H3","aucell_naive_memory_score",0,"naive_memory"
"TAACCAAAGGGTGGGAAGTAGGCT-1","slingPseudotime_2",25.708088532548,"B7H3","aucell_cytotoxic_score",0,"cytotoxic"
"TAACCAAAGGGTGGGAAGTAGGCT-1","slingPseudotime_3",21.600092231939,"B7H3","aucell_exhausted_score",0.0795155344918378,"exhausted"
"TAACCAAAGGGTGGGAAGTAGGCT-1","slingPseudotime_3",21.600092231939,"B7H3","aucell_proliferating_score",0.484421052631579,"proliferating"
"TAACCAAAGGGTGGGAAGTAGGCT-1","slingPseudotime_3",21.600092231939,"B7H3","aucell_naive_memory_score",0,"naive_memory"
"TAACCAAAGGGTGGGAAGTAGGCT-1","slingPseudotime_3",21.600092231939,"B7H3","aucell_cytotoxic_score",0,"cytotoxic"
"TAACCCTCATAAGTCGAGTAGGCT-1","slingPseudotime_1",23.5773667053293,"B7H3","aucell_exhausted_score",0.24469018781815,"exhausted"
"TAACCCTCATAAGTCGAGTAGGCT-1","slingPseudotime_1",23.5773667053293,"B7H3","aucell_proliferating_score",0,"proliferating"
"TAACCCTCATAAGTCGAGTAGGCT-1","slingPseudotime_1",23.5773667053293,"B7H3","aucell_naive_memory_score",0.182105263157895,"naive_memory"
"TAACCCTCATAAGTCGAGTAGGCT-1","slingPseudotime_1",23.5773667053293,"B7H3","aucell_cytotoxic_score",0,"cytotoxic"
"TAACCCTCATAAGTCGAGTAGGCT-1","slingPseudotime_2",23.2757638278591,"B7H3","aucell_exhausted_score",0.24469018781815,"exhausted"
"TAACCCTCATAAGTCGAGTAGGCT-1","slingPseudotime_2",23.2757638278591,"B7H3","aucell_proliferating_score",0,"proliferating"
"TAACCCTCATAAGTCGAGTAGGCT-1","slingPseudotime_2",23.2757638278591,"B7H3","aucell_naive_memory_score",0.182105263157895,"naive_memory"
"TAACCCTCATAAGTCGAGTAGGCT-1","slingPseudotime_2",23.2757638278591,"B7H3","aucell_cytotoxic_score",0,"cytotoxic"
"TAACCCTCATAAGTCGAGTAGGCT-1","slingPseudotime_3",27.1528717230981,"B7H3","aucell_exhausted_score",0.24469018781815,"exhausted"
"TAACCCTCATAAGTCGAGTAGGCT-1","slingPseudotime_3",27.1528717230981,"B7H3","aucell_proliferating_score",0,"proliferating"
"TAACCCTCATAAGTCGAGTAGGCT-1","slingPseudotime_3",27.1528717230981,"B7H3","aucell_naive_memory_score",0.182105263157895,"naive_memory"
"TAACCCTCATAAGTCGAGTAGGCT-1","slingPseudotime_3",27.1528717230981,"B7H3","aucell_cytotoxic_score",0,"cytotoxic"
"TACAGGTAGACTCCTAAGTAGGCT-1","slingPseudotime_1",38.1196371856981,"B7H3","aucell_exhausted_score",0,"exhausted"
"TACAGGTAGACTCCTAAGTAGGCT-1","slingPseudotime_1",38.1196371856981,"B7H3","aucell_proliferating_score",0.556842105263158,"proliferating"
"TACAGGTAGACTCCTAAGTAGGCT-1","slingPseudotime_1",38.1196371856981,"B7H3","aucell_naive_memory_score",0,"naive_memory"
"TACAGGTAGACTCCTAAGTAGGCT-1","slingPseudotime_1",38.1196371856981,"B7H3","aucell_cytotoxic_score",0.139898192030893,"cytotoxic"
"TAGAAACGTTCGGTATAGTAGGCT-1","slingPseudotime_1",28.4314293304224,"B7H3","aucell_exhausted_score",0.0358083201685097,"exhausted"
"TAGAAACGTTCGGTATAGTAGGCT-1","slingPseudotime_1",28.4314293304224,"B7H3","aucell_proliferating_score",0.232421052631579,"proliferating"
"TAGAAACGTTCGGTATAGTAGGCT-1","slingPseudotime_1",28.4314293304224,"B7H3","aucell_naive_memory_score",0.187157894736842,"naive_memory"
"TAGAAACGTTCGGTATAGTAGGCT-1","slingPseudotime_1",28.4314293304224,"B7H3","aucell_cytotoxic_score",0,"cytotoxic"
"TAGTTACTCAACCAAAAGTAGGCT-1","slingPseudotime_1",20.7059328333994,"B7H3","aucell_exhausted_score",0.230647709320695,"exhausted"
"TAGTTACTCAACCAAAAGTAGGCT-1","slingPseudotime_1",20.7059328333994,"B7H3","aucell_proliferating_score",0,"proliferating"
"TAGTTACTCAACCAAAAGTAGGCT-1","slingPseudotime_1",20.7059328333994,"B7H3","aucell_naive_memory_score",0.0543157894736842,"naive_memory"
"TAGTTACTCAACCAAAAGTAGGCT-1","slingPseudotime_1",20.7059328333994,"B7H3","aucell_cytotoxic_score",0,"cytotoxic"
"TAGTTACTCAACCAAAAGTAGGCT-1","slingPseudotime_2",21.8116006817289,"B7H3","aucell_exhausted_score",0.230647709320695,"exhausted"
"TAGTTACTCAACCAAAAGTAGGCT-1","slingPseudotime_2",21.8116006817289,"B7H3","aucell_proliferating_score",0,"proliferating"
"TAGTTACTCAACCAAAAGTAGGCT-1","slingPseudotime_2",21.8116006817289,"B7H3","aucell_naive_memory_score",0.0543157894736842,"naive_memory"
"TAGTTACTCAACCAAAAGTAGGCT-1","slingPseudotime_2",21.8116006817289,"B7H3","aucell_cytotoxic_score",0,"cytotoxic"
"TAGTTACTCAACCAAAAGTAGGCT-1","slingPseudotime_3",24.8886176220639,"B7H3","aucell_exhausted_score",0.230647709320695,"exhausted"
"TAGTTACTCAACCAAAAGTAGGCT-1","slingPseudotime_3",24.8886176220639,"B7H3","aucell_proliferating_score",0,"proliferating"
"TAGTTACTCAACCAAAAGTAGGCT-1","slingPseudotime_3",24.8886176220639,"B7H3","aucell_naive_memory_score",0.0543157894736842,"naive_memory"
"TAGTTACTCAACCAAAAGTAGGCT-1","slingPseudotime_3",24.8886176220639,"B7H3","aucell_cytotoxic_score",0,"cytotoxic"
"TATCGAGCACTAAGCAAGTAGGCT-1","slingPseudotime_1",21.2130359522993,"B7H3","aucell_exhausted_score",0,"exhausted"
"TATCGAGCACTAAGCAAGTAGGCT-1","slingPseudotime_1",21.2130359522993,"B7H3","aucell_proliferating_score",0,"proliferating"
"TATCGAGCACTAAGCAAGTAGGCT-1","slingPseudotime_1",21.2130359522993,"B7H3","aucell_naive_memory_score",0,"naive_memory"
"TATCGAGCACTAAGCAAGTAGGCT-1","slingPseudotime_1",21.2130359522993,"B7H3","aucell_cytotoxic_score",0,"cytotoxic"
"TATCGAGCACTAAGCAAGTAGGCT-1","slingPseudotime_2",21.6746264016115,"B7H3","aucell_exhausted_score",0,"exhausted"
"TATCGAGCACTAAGCAAGTAGGCT-1","slingPseudotime_2",21.6746264016115,"B7H3","aucell_proliferating_score",0,"proliferating"
"TATCGAGCACTAAGCAAGTAGGCT-1","slingPseudotime_2",21.6746264016115,"B7H3","aucell_naive_memory_score",0,"naive_memory"
"TATCGAGCACTAAGCAAGTAGGCT-1","slingPseudotime_2",21.6746264016115,"B7H3","aucell_cytotoxic_score",0,"cytotoxic"
"TATCGAGCACTAAGCAAGTAGGCT-1","slingPseudotime_3",24.9310052560167,"B7H3","aucell_exhausted_score",0,"exhausted"
"TATCGAGCACTAAGCAAGTAGGCT-1","slingPseudotime_3",24.9310052560167,"B7H3","aucell_proliferating_score",0,"proliferating"
"TATCGAGCACTAAGCAAGTAGGCT-1","slingPseudotime_3",24.9310052560167,"B7H3","aucell_naive_memory_score",0,"naive_memory"
"TATCGAGCACTAAGCAAGTAGGCT-1","slingPseudotime_3",24.9310052560167,"B7H3","aucell_cytotoxic_score",0,"cytotoxic"
"TATGTCCCAACTGTTCAGTAGGCT-1","slingPseudotime_1",20.4567901116625,"B7H3","aucell_exhausted_score",0.0893452694400562,"exhausted"
"TATGTCCCAACTGTTCAGTAGGCT-1","slingPseudotime_1",20.4567901116625,"B7H3","aucell_proliferating_score",0,"proliferating"
"TATGTCCCAACTGTTCAGTAGGCT-1","slingPseudotime_1",20.4567901116625,"B7H3","aucell_naive_memory_score",0.296631578947368,"naive_memory"
"TATGTCCCAACTGTTCAGTAGGCT-1","slingPseudotime_1",20.4567901116625,"B7H3","aucell_cytotoxic_score",0.133228014744602,"cytotoxic"
"TATGTCCCAACTGTTCAGTAGGCT-1","slingPseudotime_2",21.5480183929128,"B7H3","aucell_exhausted_score",0.0893452694400562,"exhausted"
"TATGTCCCAACTGTTCAGTAGGCT-1","slingPseudotime_2",21.5480183929128,"B7H3","aucell_proliferating_score",0,"proliferating"
"TATGTCCCAACTGTTCAGTAGGCT-1","slingPseudotime_2",21.5480183929128,"B7H3","aucell_naive_memory_score",0.296631578947368,"naive_memory"
"TATGTCCCAACTGTTCAGTAGGCT-1","slingPseudotime_2",21.5480183929128,"B7H3","aucell_cytotoxic_score",0.133228014744602,"cytotoxic"
"TATGTCCCAACTGTTCAGTAGGCT-1","slingPseudotime_3",24.8780907604897,"B7H3","aucell_exhausted_score",0.0893452694400562,"exhausted"
"TATGTCCCAACTGTTCAGTAGGCT-1","slingPseudotime_3",24.8780907604897,"B7H3","aucell_proliferating_score",0,"proliferating"
"TATGTCCCAACTGTTCAGTAGGCT-1","slingPseudotime_3",24.8780907604897,"B7H3","aucell_naive_memory_score",0.296631578947368,"naive_memory"
"TATGTCCCAACTGTTCAGTAGGCT-1","slingPseudotime_3",24.8780907604897,"B7H3","aucell_cytotoxic_score",0.133228014744602,"cytotoxic"
"TATTGGCGTCAAACTCAGTAGGCT-1","slingPseudotime_1",36.9429653959458,"B7H3","aucell_exhausted_score",0.253291205897841,"exhausted"
"TATTGGCGTCAAACTCAGTAGGCT-1","slingPseudotime_1",36.9429653959458,"B7H3","aucell_proliferating_score",0.439789473684211,"proliferating"
"TATTGGCGTCAAACTCAGTAGGCT-1","slingPseudotime_1",36.9429653959458,"B7H3","aucell_naive_memory_score",0,"naive_memory"
"TATTGGCGTCAAACTCAGTAGGCT-1","slingPseudotime_1",36.9429653959458,"B7H3","aucell_cytotoxic_score",0.124451465683693,"cytotoxic"
"TATTGGCGTTGCGAAAAGTAGGCT-1","slingPseudotime_1",15.3938886768919,"B7H3","aucell_exhausted_score",0.158855538002457,"exhausted"
"TATTGGCGTTGCGAAAAGTAGGCT-1","slingPseudotime_1",15.3938886768919,"B7H3","aucell_proliferating_score",0,"proliferating"
"TATTGGCGTTGCGAAAAGTAGGCT-1","slingPseudotime_1",15.3938886768919,"B7H3","aucell_naive_memory_score",0,"naive_memory"
"TATTGGCGTTGCGAAAAGTAGGCT-1","slingPseudotime_1",15.3938886768919,"B7H3","aucell_cytotoxic_score",0.210286115499386,"cytotoxic"
"TATTGGCGTTGCGAAAAGTAGGCT-1","slingPseudotime_2",14.8631128176709,"B7H3","aucell_exhausted_score",0.158855538002457,"exhausted"
"TATTGGCGTTGCGAAAAGTAGGCT-1","slingPseudotime_2",14.8631128176709,"B7H3","aucell_proliferating_score",0,"proliferating"
"TATTGGCGTTGCGAAAAGTAGGCT-1","slingPseudotime_2",14.8631128176709,"B7H3","aucell_naive_memory_score",0,"naive_memory"
"TATTGGCGTTGCGAAAAGTAGGCT-1","slingPseudotime_2",14.8631128176709,"B7H3","aucell_cytotoxic_score",0.210286115499386,"cytotoxic"
"TATTGGCGTTGCGAAAAGTAGGCT-1","slingPseudotime_3",14.5510295972467,"B7H3","aucell_exhausted_score",0.158855538002457,"exhausted"
"TATTGGCGTTGCGAAAAGTAGGCT-1","slingPseudotime_3",14.5510295972467,"B7H3","aucell_proliferating_score",0,"proliferating"
"TATTGGCGTTGCGAAAAGTAGGCT-1","slingPseudotime_3",14.5510295972467,"B7H3","aucell_naive_memory_score",0,"naive_memory"
"TATTGGCGTTGCGAAAAGTAGGCT-1","slingPseudotime_3",14.5510295972467,"B7H3","aucell_cytotoxic_score",0.210286115499386,"cytotoxic"
"TCAATGTTCATTGAAGAGTAGGCT-1","slingPseudotime_3",36.7085336171973,"B7H3","aucell_exhausted_score",0.0974196945760927,"exhausted"
"TCAATGTTCATTGAAGAGTAGGCT-1","slingPseudotime_3",36.7085336171973,"B7H3","aucell_proliferating_score",0,"proliferating"
"TCAATGTTCATTGAAGAGTAGGCT-1","slingPseudotime_3",36.7085336171973,"B7H3","aucell_naive_memory_score",0.128421052631579,"naive_memory"
"TCAATGTTCATTGAAGAGTAGGCT-1","slingPseudotime_3",36.7085336171973,"B7H3","aucell_cytotoxic_score",0.0475688959101281,"cytotoxic"
"TCACCATCATAGACCAAGTAGGCT-1","slingPseudotime_3",33.1501831566351,"B7H3","aucell_exhausted_score",0.237668948569423,"exhausted"
"TCACCATCATAGACCAAGTAGGCT-1","slingPseudotime_3",33.1501831566351,"B7H3","aucell_proliferating_score",0,"proliferating"
"TCACCATCATAGACCAAGTAGGCT-1","slingPseudotime_3",33.1501831566351,"B7H3","aucell_naive_memory_score",0.146105263157895,"naive_memory"
"TCACCATCATAGACCAAGTAGGCT-1","slingPseudotime_3",33.1501831566351,"B7H3","aucell_cytotoxic_score",0.17114270668773,"cytotoxic"
"TCACTGTCATTCGGTTAGTAGGCT-1","slingPseudotime_1",31.3790407870143,"B7H3","aucell_exhausted_score",0.0886431455151834,"exhausted"
"TCACTGTCATTCGGTTAGTAGGCT-1","slingPseudotime_1",31.3790407870143,"B7H3","aucell_proliferating_score",0.258105263157895,"proliferating"
"TCACTGTCATTCGGTTAGTAGGCT-1","slingPseudotime_1",31.3790407870143,"B7H3","aucell_naive_memory_score",0,"naive_memory"
"TCACTGTCATTCGGTTAGTAGGCT-1","slingPseudotime_1",31.3790407870143,"B7H3","aucell_cytotoxic_score",0,"cytotoxic"
"TCATGCCAGGTCAATAAGTAGGCT-1","slingPseudotime_1",21.8510734012544,"B7H3","aucell_exhausted_score",0.0754783219238195,"exhausted"
"TCATGCCAGGTCAATAAGTAGGCT-1","slingPseudotime_1",21.8510734012544,"B7H3","aucell_proliferating_score",0,"proliferating"
"TCATGCCAGGTCAATAAGTAGGCT-1","slingPseudotime_1",21.8510734012544,"B7H3","aucell_naive_memory_score",0,"naive_memory"
"TCATGCCAGGTCAATAAGTAGGCT-1","slingPseudotime_1",21.8510734012544,"B7H3","aucell_cytotoxic_score",0.158855538002457,"cytotoxic"
"TCATGCCAGGTCAATAAGTAGGCT-1","slingPseudotime_2",22.9623638785861,"B7H3","aucell_exhausted_score",0.0754783219238195,"exhausted"
"TCATGCCAGGTCAATAAGTAGGCT-1","slingPseudotime_2",22.9623638785861,"B7H3","aucell_proliferating_score",0,"proliferating"
"TCATGCCAGGTCAATAAGTAGGCT-1","slingPseudotime_2",22.9623638785861,"B7H3","aucell_naive_memory_score",0,"naive_memory"
"TCATGCCAGGTCAATAAGTAGGCT-1","slingPseudotime_2",22.9623638785861,"B7H3","aucell_cytotoxic_score",0.158855538002457,"cytotoxic"
"TCATGCCAGGTCAATAAGTAGGCT-1","slingPseudotime_3",26.4880918806149,"B7H3","aucell_exhausted_score",0.0754783219238195,"exhausted"
"TCATGCCAGGTCAATAAGTAGGCT-1","slingPseudotime_3",26.4880918806149,"B7H3","aucell_proliferating_score",0,"proliferating"
"TCATGCCAGGTCAATAAGTAGGCT-1","slingPseudotime_3",26.4880918806149,"B7H3","aucell_naive_memory_score",0,"naive_memory"
"TCATGCCAGGTCAATAAGTAGGCT-1","slingPseudotime_3",26.4880918806149,"B7H3","aucell_cytotoxic_score",0.158855538002457,"cytotoxic"
"TCCCGCAAGCCAAACGAGTAGGCT-1","slingPseudotime_1",21.2130359522993,"B7H3","aucell_exhausted_score",0.0754783219238195,"exhausted"
"TCCCGCAAGCCAAACGAGTAGGCT-1","slingPseudotime_1",21.2130359522993,"B7H3","aucell_proliferating_score",0.129684210526316,"proliferating"
"TCCCGCAAGCCAAACGAGTAGGCT-1","slingPseudotime_1",21.2130359522993,"B7H3","aucell_naive_memory_score",0,"naive_memory"
"TCCCGCAAGCCAAACGAGTAGGCT-1","slingPseudotime_1",21.2130359522993,"B7H3","aucell_cytotoxic_score",0.0652975250131648,"cytotoxic"
"TCCCGCAAGCCAAACGAGTAGGCT-1","slingPseudotime_2",21.8777448201618,"B7H3","aucell_exhausted_score",0.0754783219238195,"exhausted"
"TCCCGCAAGCCAAACGAGTAGGCT-1","slingPseudotime_2",21.8777448201618,"B7H3","aucell_proliferating_score",0.129684210526316,"proliferating"
"TCCCGCAAGCCAAACGAGTAGGCT-1","slingPseudotime_2",21.8777448201618,"B7H3","aucell_naive_memory_score",0,"naive_memory"
"TCCCGCAAGCCAAACGAGTAGGCT-1","slingPseudotime_2",21.8777448201618,"B7H3","aucell_cytotoxic_score",0.0652975250131648,"cytotoxic"
"TCCCGCAAGCCAAACGAGTAGGCT-1","slingPseudotime_3",29.3727475605593,"B7H3","aucell_exhausted_score",0.0754783219238195,"exhausted"
"TCCCGCAAGCCAAACGAGTAGGCT-1","slingPseudotime_3",29.3727475605593,"B7H3","aucell_proliferating_score",0.129684210526316,"proliferating"
"TCCCGCAAGCCAAACGAGTAGGCT-1","slingPseudotime_3",29.3727475605593,"B7H3","aucell_naive_memory_score",0,"naive_memory"
"TCCCGCAAGCCAAACGAGTAGGCT-1","slingPseudotime_3",29.3727475605593,"B7H3","aucell_cytotoxic_score",0.0652975250131648,"cytotoxic"
"TCGATAAAGTCGCGAAAGTAGGCT-1","slingPseudotime_1",20.634787870326,"B7H3","aucell_exhausted_score",0.120414253115675,"exhausted"
"TCGATAAAGTCGCGAAAGTAGGCT-1","slingPseudotime_1",20.634787870326,"B7H3","aucell_proliferating_score",0,"proliferating"
"TCGATAAAGTCGCGAAAGTAGGCT-1","slingPseudotime_1",20.634787870326,"B7H3","aucell_naive_memory_score",0,"naive_memory"
"TCGATAAAGTCGCGAAAGTAGGCT-1","slingPseudotime_1",20.634787870326,"B7H3","aucell_cytotoxic_score",0,"cytotoxic"
"TCGATAAAGTCGCGAAAGTAGGCT-1","slingPseudotime_2",23.6348312663426,"B7H3","aucell_exhausted_score",0.120414253115675,"exhausted"
"TCGATAAAGTCGCGAAAGTAGGCT-1","slingPseudotime_2",23.6348312663426,"B7H3","aucell_proliferating_score",0,"proliferating"
"TCGATAAAGTCGCGAAAGTAGGCT-1","slingPseudotime_2",23.6348312663426,"B7H3","aucell_naive_memory_score",0,"naive_memory"
"TCGATAAAGTCGCGAAAGTAGGCT-1","slingPseudotime_2",23.6348312663426,"B7H3","aucell_cytotoxic_score",0,"cytotoxic"
"TCGATAAAGTCGCGAAAGTAGGCT-1","slingPseudotime_3",24.0911050445731,"B7H3","aucell_exhausted_score",0.120414253115675,"exhausted"
"TCGATAAAGTCGCGAAAGTAGGCT-1","slingPseudotime_3",24.0911050445731,"B7H3","aucell_proliferating_score",0,"proliferating"
"TCGATAAAGTCGCGAAAGTAGGCT-1","slingPseudotime_3",24.0911050445731,"B7H3","aucell_naive_memory_score",0,"naive_memory"
"TCGATAAAGTCGCGAAAGTAGGCT-1","slingPseudotime_3",24.0911050445731,"B7H3","aucell_cytotoxic_score",0,"cytotoxic"
"TCGCCTCTCGTCAACCAGTAGGCT-1","slingPseudotime_1",19.4623480215467,"B7H3","aucell_exhausted_score",0.00315955766192733,"exhausted"
"TCGCCTCTCGTCAACCAGTAGGCT-1","slingPseudotime_1",19.4623480215467,"B7H3","aucell_proliferating_score",0,"proliferating"
"TCGCCTCTCGTCAACCAGTAGGCT-1","slingPseudotime_1",19.4623480215467,"B7H3","aucell_naive_memory_score",0,"naive_memory"
"TCGCCTCTCGTCAACCAGTAGGCT-1","slingPseudotime_1",19.4623480215467,"B7H3","aucell_cytotoxic_score",0.147621555204494,"cytotoxic"
"TCGCCTCTCGTCAACCAGTAGGCT-1","slingPseudotime_2",19.7272879817087,"B7H3","aucell_exhausted_score",0.00315955766192733,"exhausted"
"TCGCCTCTCGTCAACCAGTAGGCT-1","slingPseudotime_2",19.7272879817087,"B7H3","aucell_proliferating_score",0,"proliferating"
"TCGCCTCTCGTCAACCAGTAGGCT-1","slingPseudotime_2",19.7272879817087,"B7H3","aucell_naive_memory_score",0,"naive_memory"
"TCGCCTCTCGTCAACCAGTAGGCT-1","slingPseudotime_2",19.7272879817087,"B7H3","aucell_cytotoxic_score",0.147621555204494,"cytotoxic"
"TCGCCTCTCGTCAACCAGTAGGCT-1","slingPseudotime_3",19.5804989488498,"B7H3","aucell_exhausted_score",0.00315955766192733,"exhausted"
"TCGCCTCTCGTCAACCAGTAGGCT-1","slingPseudotime_3",19.5804989488498,"B7H3","aucell_proliferating_score",0,"proliferating"
"TCGCCTCTCGTCAACCAGTAGGCT-1","slingPseudotime_3",19.5804989488498,"B7H3","aucell_naive_memory_score",0,"naive_memory"
"TCGCCTCTCGTCAACCAGTAGGCT-1","slingPseudotime_3",19.5804989488498,"B7H3","aucell_cytotoxic_score",0.147621555204494,"cytotoxic"
"TCTGTAAGTTTAACCAAGTAGGCT-1","slingPseudotime_1",34.3649320230211,"B7H3","aucell_exhausted_score",0,"exhausted"
"TCTGTAAGTTTAACCAAGTAGGCT-1","slingPseudotime_1",34.3649320230211,"B7H3","aucell_proliferating_score",0.571368421052632,"proliferating"
"TCTGTAAGTTTAACCAAGTAGGCT-1","slingPseudotime_1",34.3649320230211,"B7H3","aucell_naive_memory_score",0,"naive_memory"
"TCTGTAAGTTTAACCAAGTAGGCT-1","slingPseudotime_1",34.3649320230211,"B7H3","aucell_cytotoxic_score",0,"cytotoxic"
"TCTTTGTGTGGTTACTAGTAGGCT-1","slingPseudotime_1",21.2130359522993,"B7H3","aucell_exhausted_score",0.161839564683167,"exhausted"
"TCTTTGTGTGGTTACTAGTAGGCT-1","slingPseudotime_1",21.2130359522993,"B7H3","aucell_proliferating_score",0,"proliferating"
"TCTTTGTGTGGTTACTAGTAGGCT-1","slingPseudotime_1",21.2130359522993,"B7H3","aucell_naive_memory_score",0,"naive_memory"
"TCTTTGTGTGGTTACTAGTAGGCT-1","slingPseudotime_1",21.2130359522993,"B7H3","aucell_cytotoxic_score",0,"cytotoxic"
"TCTTTGTGTGGTTACTAGTAGGCT-1","slingPseudotime_2",22.3428419357724,"B7H3","aucell_exhausted_score",0.161839564683167,"exhausted"
"TCTTTGTGTGGTTACTAGTAGGCT-1","slingPseudotime_2",22.3428419357724,"B7H3","aucell_proliferating_score",0,"proliferating"
"TCTTTGTGTGGTTACTAGTAGGCT-1","slingPseudotime_2",22.3428419357724,"B7H3","aucell_naive_memory_score",0,"naive_memory"
"TCTTTGTGTGGTTACTAGTAGGCT-1","slingPseudotime_2",22.3428419357724,"B7H3","aucell_cytotoxic_score",0,"cytotoxic"
"TCTTTGTGTGGTTACTAGTAGGCT-1","slingPseudotime_3",29.9016690611233,"B7H3","aucell_exhausted_score",0.161839564683167,"exhausted"
"TCTTTGTGTGGTTACTAGTAGGCT-1","slingPseudotime_3",29.9016690611233,"B7H3","aucell_proliferating_score",0,"proliferating"
"TCTTTGTGTGGTTACTAGTAGGCT-1","slingPseudotime_3",29.9016690611233,"B7H3","aucell_naive_memory_score",0,"naive_memory"
"TCTTTGTGTGGTTACTAGTAGGCT-1","slingPseudotime_3",29.9016690611233,"B7H3","aucell_cytotoxic_score",0,"cytotoxic"
"TGAACAGGTCGTTATAAGTAGGCT-1","slingPseudotime_1",22.6637931931274,"B7H3","aucell_exhausted_score",0.264700719677023,"exhausted"
"TGAACAGGTCGTTATAAGTAGGCT-1","slingPseudotime_1",22.6637931931274,"B7H3","aucell_proliferating_score",0,"proliferating"
"TGAACAGGTCGTTATAAGTAGGCT-1","slingPseudotime_1",22.6637931931274,"B7H3","aucell_naive_memory_score",0.100842105263158,"naive_memory"
"TGAACAGGTCGTTATAAGTAGGCT-1","slingPseudotime_1",22.6637931931274,"B7H3","aucell_cytotoxic_score",0.278041074249605,"cytotoxic"
"TGAACAGGTCGTTATAAGTAGGCT-1","slingPseudotime_2",23.7528228478994,"B7H3","aucell_exhausted_score",0.264700719677023,"exhausted"
"TGAACAGGTCGTTATAAGTAGGCT-1","slingPseudotime_2",23.7528228478994,"B7H3","aucell_proliferating_score",0,"proliferating"
"TGAACAGGTCGTTATAAGTAGGCT-1","slingPseudotime_2",23.7528228478994,"B7H3","aucell_naive_memory_score",0.100842105263158,"naive_memory"
"TGAACAGGTCGTTATAAGTAGGCT-1","slingPseudotime_2",23.7528228478994,"B7H3","aucell_cytotoxic_score",0.278041074249605,"cytotoxic"
"TGAACAGGTCGTTATAAGTAGGCT-1","slingPseudotime_3",24.8886176220639,"B7H3","aucell_exhausted_score",0.264700719677023,"exhausted"
"TGAACAGGTCGTTATAAGTAGGCT-1","slingPseudotime_3",24.8886176220639,"B7H3","aucell_proliferating_score",0,"proliferating"
"TGAACAGGTCGTTATAAGTAGGCT-1","slingPseudotime_3",24.8886176220639,"B7H3","aucell_naive_memory_score",0.100842105263158,"naive_memory"
"TGAACAGGTCGTTATAAGTAGGCT-1","slingPseudotime_3",24.8886176220639,"B7H3","aucell_cytotoxic_score",0.278041074249605,"cytotoxic"
"TGACCTTCAAGCTTTCAGTAGGCT-1","slingPseudotime_1",19.6737876899683,"B7H3","aucell_exhausted_score",0,"exhausted"
"TGACCTTCAAGCTTTCAGTAGGCT-1","slingPseudotime_1",19.6737876899683,"B7H3","aucell_proliferating_score",0,"proliferating"
"TGACCTTCAAGCTTTCAGTAGGCT-1","slingPseudotime_1",19.6737876899683,"B7H3","aucell_naive_memory_score",0.163368421052632,"naive_memory"
"TGACCTTCAAGCTTTCAGTAGGCT-1","slingPseudotime_1",19.6737876899683,"B7H3","aucell_cytotoxic_score",0.10637177461822,"cytotoxic"
"TGACCTTCAAGCTTTCAGTAGGCT-1","slingPseudotime_2",21.0358236995602,"B7H3","aucell_exhausted_score",0,"exhausted"
"TGACCTTCAAGCTTTCAGTAGGCT-1","slingPseudotime_2",21.0358236995602,"B7H3","aucell_proliferating_score",0,"proliferating"
"TGACCTTCAAGCTTTCAGTAGGCT-1","slingPseudotime_2",21.0358236995602,"B7H3","aucell_naive_memory_score",0.163368421052632,"naive_memory"
"TGACCTTCAAGCTTTCAGTAGGCT-1","slingPseudotime_2",21.0358236995602,"B7H3","aucell_cytotoxic_score",0.10637177461822,"cytotoxic"
"TGACCTTCAAGCTTTCAGTAGGCT-1","slingPseudotime_3",27.1384224339514,"B7H3","aucell_exhausted_score",0,"exhausted"
"TGACCTTCAAGCTTTCAGTAGGCT-1","slingPseudotime_3",27.1384224339514,"B7H3","aucell_proliferating_score",0,"proliferating"
"TGACCTTCAAGCTTTCAGTAGGCT-1","slingPseudotime_3",27.1384224339514,"B7H3","aucell_naive_memory_score",0.163368421052632,"naive_memory"
"TGACCTTCAAGCTTTCAGTAGGCT-1","slingPseudotime_3",27.1384224339514,"B7H3","aucell_cytotoxic_score",0.10637177461822,"cytotoxic"
"TGACCTTCATAGGCGTAGTAGGCT-1","slingPseudotime_1",33.0758849929119,"B7H3","aucell_exhausted_score",0.379322450412498,"exhausted"
"TGACCTTCATAGGCGTAGTAGGCT-1","slingPseudotime_1",33.0758849929119,"B7H3","aucell_proliferating_score",0.330947368421053,"proliferating"
"TGACCTTCATAGGCGTAGTAGGCT-1","slingPseudotime_1",33.0758849929119,"B7H3","aucell_naive_memory_score",0,"naive_memory"
"TGACCTTCATAGGCGTAGTAGGCT-1","slingPseudotime_1",33.0758849929119,"B7H3","aucell_cytotoxic_score",0,"cytotoxic"
"TGACGGATCAGCACAGAGTAGGCT-1","slingPseudotime_1",20.4567901116625,"B7H3","aucell_exhausted_score",0,"exhausted"
"TGACGGATCAGCACAGAGTAGGCT-1","slingPseudotime_1",20.4567901116625,"B7H3","aucell_proliferating_score",0,"proliferating"
"TGACGGATCAGCACAGAGTAGGCT-1","slingPseudotime_1",20.4567901116625,"B7H3","aucell_naive_memory_score",0,"naive_memory"
"TGACGGATCAGCACAGAGTAGGCT-1","slingPseudotime_1",20.4567901116625,"B7H3","aucell_cytotoxic_score",0,"cytotoxic"
"TGACGGATCAGCACAGAGTAGGCT-1","slingPseudotime_2",24.7713119354167,"B7H3","aucell_exhausted_score",0,"exhausted"
"TGACGGATCAGCACAGAGTAGGCT-1","slingPseudotime_2",24.7713119354167,"B7H3","aucell_proliferating_score",0,"proliferating"
"TGACGGATCAGCACAGAGTAGGCT-1","slingPseudotime_2",24.7713119354167,"B7H3","aucell_naive_memory_score",0,"naive_memory"
"TGACGGATCAGCACAGAGTAGGCT-1","slingPseudotime_2",24.7713119354167,"B7H3","aucell_cytotoxic_score",0,"cytotoxic"
"TGACGGATCAGCACAGAGTAGGCT-1","slingPseudotime_3",21.3353277551625,"B7H3","aucell_exhausted_score",0,"exhausted"
"TGACGGATCAGCACAGAGTAGGCT-1","slingPseudotime_3",21.3353277551625,"B7H3","aucell_proliferating_score",0,"proliferating"
"TGACGGATCAGCACAGAGTAGGCT-1","slingPseudotime_3",21.3353277551625,"B7H3","aucell_naive_memory_score",0,"naive_memory"
"TGACGGATCAGCACAGAGTAGGCT-1","slingPseudotime_3",21.3353277551625,"B7H3","aucell_cytotoxic_score",0,"cytotoxic"
"TGACGTACATAGGCGTAGTAGGCT-1","slingPseudotime_1",41.746116708655,"B7H3","aucell_exhausted_score",0.0767070387923468,"exhausted"
"TGACGTACATAGGCGTAGTAGGCT-1","slingPseudotime_1",41.746116708655,"B7H3","aucell_proliferating_score",0.287368421052632,"proliferating"
"TGACGTACATAGGCGTAGTAGGCT-1","slingPseudotime_1",41.746116708655,"B7H3","aucell_naive_memory_score",0,"naive_memory"
"TGACGTACATAGGCGTAGTAGGCT-1","slingPseudotime_1",41.746116708655,"B7H3","aucell_cytotoxic_score",0,"cytotoxic"
"TGACTACGTGGGTGTGAGTAGGCT-1","slingPseudotime_1",20.7117814911081,"B7H3","aucell_exhausted_score",0.174477795330876,"exhausted"
"TGACTACGTGGGTGTGAGTAGGCT-1","slingPseudotime_1",20.7117814911081,"B7H3","aucell_proliferating_score",0,"proliferating"
"TGACTACGTGGGTGTGAGTAGGCT-1","slingPseudotime_1",20.7117814911081,"B7H3","aucell_naive_memory_score",0.0446315789473684,"naive_memory"
"TGACTACGTGGGTGTGAGTAGGCT-1","slingPseudotime_1",20.7117814911081,"B7H3","aucell_cytotoxic_score",0.165876777251185,"cytotoxic"
"TGACTACGTGGGTGTGAGTAGGCT-1","slingPseudotime_2",21.8403840824081,"B7H3","aucell_exhausted_score",0.174477795330876,"exhausted"
"TGACTACGTGGGTGTGAGTAGGCT-1","slingPseudotime_2",21.8403840824081,"B7H3","aucell_proliferating_score",0,"proliferating"
"TGACTACGTGGGTGTGAGTAGGCT-1","slingPseudotime_2",21.8403840824081,"B7H3","aucell_naive_memory_score",0.0446315789473684,"naive_memory"
"TGACTACGTGGGTGTGAGTAGGCT-1","slingPseudotime_2",21.8403840824081,"B7H3","aucell_cytotoxic_score",0.165876777251185,"cytotoxic"
"TGACTACGTGGGTGTGAGTAGGCT-1","slingPseudotime_3",27.6029540426909,"B7H3","aucell_exhausted_score",0.174477795330876,"exhausted"
"TGACTACGTGGGTGTGAGTAGGCT-1","slingPseudotime_3",27.6029540426909,"B7H3","aucell_proliferating_score",0,"proliferating"
"TGACTACGTGGGTGTGAGTAGGCT-1","slingPseudotime_3",27.6029540426909,"B7H3","aucell_naive_memory_score",0.0446315789473684,"naive_memory"
"TGACTACGTGGGTGTGAGTAGGCT-1","slingPseudotime_3",27.6029540426909,"B7H3","aucell_cytotoxic_score",0.165876777251185,"cytotoxic"
"TGAGCGATCACCAGGAAGTAGGCT-1","slingPseudotime_1",17.8877202073473,"B7H3","aucell_exhausted_score",0.0035106196243637,"exhausted"
"TGAGCGATCACCAGGAAGTAGGCT-1","slingPseudotime_1",17.8877202073473,"B7H3","aucell_proliferating_score",0,"proliferating"
"TGAGCGATCACCAGGAAGTAGGCT-1","slingPseudotime_1",17.8877202073473,"B7H3","aucell_naive_memory_score",0,"naive_memory"
"TGAGCGATCACCAGGAAGTAGGCT-1","slingPseudotime_1",17.8877202073473,"B7H3","aucell_cytotoxic_score",0,"cytotoxic"
"TGAGCGATCACCAGGAAGTAGGCT-1","slingPseudotime_2",17.3714222568634,"B7H3","aucell_exhausted_score",0.0035106196243637,"exhausted"
"TGAGCGATCACCAGGAAGTAGGCT-1","slingPseudotime_2",17.3714222568634,"B7H3","aucell_proliferating_score",0,"proliferating"
"TGAGCGATCACCAGGAAGTAGGCT-1","slingPseudotime_2",17.3714222568634,"B7H3","aucell_naive_memory_score",0,"naive_memory"
"TGAGCGATCACCAGGAAGTAGGCT-1","slingPseudotime_2",17.3714222568634,"B7H3","aucell_cytotoxic_score",0,"cytotoxic"
"TGAGCGATCACCAGGAAGTAGGCT-1","slingPseudotime_3",30.6540050206376,"B7H3","aucell_exhausted_score",0.0035106196243637,"exhausted"
"TGAGCGATCACCAGGAAGTAGGCT-1","slingPseudotime_3",30.6540050206376,"B7H3","aucell_proliferating_score",0,"proliferating"
"TGAGCGATCACCAGGAAGTAGGCT-1","slingPseudotime_3",30.6540050206376,"B7H3","aucell_naive_memory_score",0,"naive_memory"
"TGAGCGATCACCAGGAAGTAGGCT-1","slingPseudotime_3",30.6540050206376,"B7H3","aucell_cytotoxic_score",0,"cytotoxic"
"TGAGCTTGTTGCACGCAGTAGGCT-1","slingPseudotime_1",19.6043514394573,"B7H3","aucell_exhausted_score",0.145164121467439,"exhausted"
"TGAGCTTGTTGCACGCAGTAGGCT-1","slingPseudotime_1",19.6043514394573,"B7H3","aucell_proliferating_score",0,"proliferating"
"TGAGCTTGTTGCACGCAGTAGGCT-1","slingPseudotime_1",19.6043514394573,"B7H3","aucell_naive_memory_score",0,"naive_memory"
"TGAGCTTGTTGCACGCAGTAGGCT-1","slingPseudotime_1",19.6043514394573,"B7H3","aucell_cytotoxic_score",0,"cytotoxic"
"TGAGCTTGTTGCACGCAGTAGGCT-1","slingPseudotime_2",19.772126725088,"B7H3","aucell_exhausted_score",0.145164121467439,"exhausted"
"TGAGCTTGTTGCACGCAGTAGGCT-1","slingPseudotime_2",19.772126725088,"B7H3","aucell_proliferating_score",0,"proliferating"
"TGAGCTTGTTGCACGCAGTAGGCT-1","slingPseudotime_2",19.772126725088,"B7H3","aucell_naive_memory_score",0,"naive_memory"
"TGAGCTTGTTGCACGCAGTAGGCT-1","slingPseudotime_2",19.772126725088,"B7H3","aucell_cytotoxic_score",0,"cytotoxic"
"TGAGCTTGTTGCACGCAGTAGGCT-1","slingPseudotime_3",19.5835966993057,"B7H3","aucell_exhausted_score",0.145164121467439,"exhausted"
"TGAGCTTGTTGCACGCAGTAGGCT-1","slingPseudotime_3",19.5835966993057,"B7H3","aucell_proliferating_score",0,"proliferating"
"TGAGCTTGTTGCACGCAGTAGGCT-1","slingPseudotime_3",19.5835966993057,"B7H3","aucell_naive_memory_score",0,"naive_memory"
"TGAGCTTGTTGCACGCAGTAGGCT-1","slingPseudotime_3",19.5835966993057,"B7H3","aucell_cytotoxic_score",0,"cytotoxic"
"TGCGCCATCCAACTTGAGTAGGCT-1","slingPseudotime_1",24.2415287520781,"B7H3","aucell_exhausted_score",0.430753027909426,"exhausted"
"TGCGCCATCCAACTTGAGTAGGCT-1","slingPseudotime_1",24.2415287520781,"B7H3","aucell_proliferating_score",0,"proliferating"
"TGCGCCATCCAACTTGAGTAGGCT-1","slingPseudotime_1",24.2415287520781,"B7H3","aucell_naive_memory_score",0.272842105263158,"naive_memory"
"TGCGCCATCCAACTTGAGTAGGCT-1","slingPseudotime_1",24.2415287520781,"B7H3","aucell_cytotoxic_score",0.00544146041776374,"cytotoxic"
"TGCGCCATCCAACTTGAGTAGGCT-1","slingPseudotime_2",23.2998864433076,"B7H3","aucell_exhausted_score",0.430753027909426,"exhausted"
"TGCGCCATCCAACTTGAGTAGGCT-1","slingPseudotime_2",23.2998864433076,"B7H3","aucell_proliferating_score",0,"proliferating"
"TGCGCCATCCAACTTGAGTAGGCT-1","slingPseudotime_2",23.2998864433076,"B7H3","aucell_naive_memory_score",0.272842105263158,"naive_memory"
"TGCGCCATCCAACTTGAGTAGGCT-1","slingPseudotime_2",23.2998864433076,"B7H3","aucell_cytotoxic_score",0.00544146041776374,"cytotoxic"
"TGCGCCATCCAACTTGAGTAGGCT-1","slingPseudotime_3",28.4238138230501,"B7H3","aucell_exhausted_score",0.430753027909426,"exhausted"
"TGCGCCATCCAACTTGAGTAGGCT-1","slingPseudotime_3",28.4238138230501,"B7H3","aucell_proliferating_score",0,"proliferating"
"TGCGCCATCCAACTTGAGTAGGCT-1","slingPseudotime_3",28.4238138230501,"B7H3","aucell_naive_memory_score",0.272842105263158,"naive_memory"
"TGCGCCATCCAACTTGAGTAGGCT-1","slingPseudotime_3",28.4238138230501,"B7H3","aucell_cytotoxic_score",0.00544146041776374,"cytotoxic"
"TGCGCTTAGTTTCAGTAGTAGGCT-1","slingPseudotime_1",19.6786849061283,"B7H3","aucell_exhausted_score",0,"exhausted"
"TGCGCTTAGTTTCAGTAGTAGGCT-1","slingPseudotime_1",19.6786849061283,"B7H3","aucell_proliferating_score",0,"proliferating"
"TGCGCTTAGTTTCAGTAGTAGGCT-1","slingPseudotime_1",19.6786849061283,"B7H3","aucell_naive_memory_score",0,"naive_memory"
"TGCGCTTAGTTTCAGTAGTAGGCT-1","slingPseudotime_1",19.6786849061283,"B7H3","aucell_cytotoxic_score",0.194839389152185,"cytotoxic"
"TGCGCTTAGTTTCAGTAGTAGGCT-1","slingPseudotime_2",20.4823524793308,"B7H3","aucell_exhausted_score",0,"exhausted"
"TGCGCTTAGTTTCAGTAGTAGGCT-1","slingPseudotime_2",20.4823524793308,"B7H3","aucell_proliferating_score",0,"proliferating"
"TGCGCTTAGTTTCAGTAGTAGGCT-1","slingPseudotime_2",20.4823524793308,"B7H3","aucell_naive_memory_score",0,"naive_memory"
"TGCGCTTAGTTTCAGTAGTAGGCT-1","slingPseudotime_2",20.4823524793308,"B7H3","aucell_cytotoxic_score",0.194839389152185,"cytotoxic"
"TGCGCTTAGTTTCAGTAGTAGGCT-1","slingPseudotime_3",21.1623172921687,"B7H3","aucell_exhausted_score",0,"exhausted"
"TGCGCTTAGTTTCAGTAGTAGGCT-1","slingPseudotime_3",21.1623172921687,"B7H3","aucell_proliferating_score",0,"proliferating"
"TGCGCTTAGTTTCAGTAGTAGGCT-1","slingPseudotime_3",21.1623172921687,"B7H3","aucell_naive_memory_score",0,"naive_memory"
"TGCGCTTAGTTTCAGTAGTAGGCT-1","slingPseudotime_3",21.1623172921687,"B7H3","aucell_cytotoxic_score",0.194839389152185,"cytotoxic"
"TGGCGTGCAAACAATCAGTAGGCT-1","slingPseudotime_1",20.87150149662,"B7H3","aucell_exhausted_score",0,"exhausted"
"TGGCGTGCAAACAATCAGTAGGCT-1","slingPseudotime_1",20.87150149662,"B7H3","aucell_proliferating_score",0.0997894736842105,"proliferating"
"TGGCGTGCAAACAATCAGTAGGCT-1","slingPseudotime_1",20.87150149662,"B7H3","aucell_naive_memory_score",0,"naive_memory"
"TGGCGTGCAAACAATCAGTAGGCT-1","slingPseudotime_1",20.87150149662,"B7H3","aucell_cytotoxic_score",0.072143233280674,"cytotoxic"
"TGGCGTGCAAACAATCAGTAGGCT-1","slingPseudotime_2",21.7191030789807,"B7H3","aucell_exhausted_score",0,"exhausted"
"TGGCGTGCAAACAATCAGTAGGCT-1","slingPseudotime_2",21.7191030789807,"B7H3","aucell_proliferating_score",0.0997894736842105,"proliferating"
"TGGCGTGCAAACAATCAGTAGGCT-1","slingPseudotime_2",21.7191030789807,"B7H3","aucell_naive_memory_score",0,"naive_memory"
"TGGCGTGCAAACAATCAGTAGGCT-1","slingPseudotime_2",21.7191030789807,"B7H3","aucell_cytotoxic_score",0.072143233280674,"cytotoxic"
"TGGCGTGCAAACAATCAGTAGGCT-1","slingPseudotime_3",26.3224828393774,"B7H3","aucell_exhausted_score",0,"exhausted"
"TGGCGTGCAAACAATCAGTAGGCT-1","slingPseudotime_3",26.3224828393774,"B7H3","aucell_proliferating_score",0.0997894736842105,"proliferating"
"TGGCGTGCAAACAATCAGTAGGCT-1","slingPseudotime_3",26.3224828393774,"B7H3","aucell_naive_memory_score",0,"naive_memory"
"TGGCGTGCAAACAATCAGTAGGCT-1","slingPseudotime_3",26.3224828393774,"B7H3","aucell_cytotoxic_score",0.072143233280674,"cytotoxic"
"TGTGTCCAGAGCCGGTAGTAGGCT-1","slingPseudotime_1",20.5199711888205,"B7H3","aucell_exhausted_score",0,"exhausted"
"TGTGTCCAGAGCCGGTAGTAGGCT-1","slingPseudotime_1",20.5199711888205,"B7H3","aucell_proliferating_score",0,"proliferating"
"TGTGTCCAGAGCCGGTAGTAGGCT-1","slingPseudotime_1",20.5199711888205,"B7H3","aucell_naive_memory_score",0,"naive_memory"
"TGTGTCCAGAGCCGGTAGTAGGCT-1","slingPseudotime_1",20.5199711888205,"B7H3","aucell_cytotoxic_score",0.164296998420221,"cytotoxic"
"TGTGTCCAGAGCCGGTAGTAGGCT-1","slingPseudotime_2",21.6998261876279,"B7H3","aucell_exhausted_score",0,"exhausted"
"TGTGTCCAGAGCCGGTAGTAGGCT-1","slingPseudotime_2",21.6998261876279,"B7H3","aucell_proliferating_score",0,"proliferating"
"TGTGTCCAGAGCCGGTAGTAGGCT-1","slingPseudotime_2",21.6998261876279,"B7H3","aucell_naive_memory_score",0,"naive_memory"
"TGTGTCCAGAGCCGGTAGTAGGCT-1","slingPseudotime_2",21.6998261876279,"B7H3","aucell_cytotoxic_score",0.164296998420221,"cytotoxic"
"TGTGTCCAGAGCCGGTAGTAGGCT-1","slingPseudotime_3",24.7129011442326,"B7H3","aucell_exhausted_score",0,"exhausted"
"TGTGTCCAGAGCCGGTAGTAGGCT-1","slingPseudotime_3",24.7129011442326,"B7H3","aucell_proliferating_score",0,"proliferating"
"TGTGTCCAGAGCCGGTAGTAGGCT-1","slingPseudotime_3",24.7129011442326,"B7H3","aucell_naive_memory_score",0,"naive_memory"
"TGTGTCCAGAGCCGGTAGTAGGCT-1","slingPseudotime_3",24.7129011442326,"B7H3","aucell_cytotoxic_score",0.164296998420221,"cytotoxic"
"TGTTAGCGTGATTAGGAGTAGGCT-1","slingPseudotime_1",20.4567901116625,"B7H3","aucell_exhausted_score",0.367912936633316,"exhausted"
"TGTTAGCGTGATTAGGAGTAGGCT-1","slingPseudotime_1",20.4567901116625,"B7H3","aucell_proliferating_score",0,"proliferating"
"TGTTAGCGTGATTAGGAGTAGGCT-1","slingPseudotime_1",20.4567901116625,"B7H3","aucell_naive_memory_score",0.068421052631579,"naive_memory"
"TGTTAGCGTGATTAGGAGTAGGCT-1","slingPseudotime_1",20.4567901116625,"B7H3","aucell_cytotoxic_score",0.562752325785501,"cytotoxic"
"TGTTAGCGTGATTAGGAGTAGGCT-1","slingPseudotime_2",26.3445984317144,"B7H3","aucell_exhausted_score",0.367912936633316,"exhausted"
"TGTTAGCGTGATTAGGAGTAGGCT-1","slingPseudotime_2",26.3445984317144,"B7H3","aucell_proliferating_score",0,"proliferating"
"TGTTAGCGTGATTAGGAGTAGGCT-1","slingPseudotime_2",26.3445984317144,"B7H3","aucell_naive_memory_score",0.068421052631579,"naive_memory"
"TGTTAGCGTGATTAGGAGTAGGCT-1","slingPseudotime_2",26.3445984317144,"B7H3","aucell_cytotoxic_score",0.562752325785501,"cytotoxic"
"TGTTAGCGTGATTAGGAGTAGGCT-1","slingPseudotime_3",21.3353277551625,"B7H3","aucell_exhausted_score",0.367912936633316,"exhausted"
"TGTTAGCGTGATTAGGAGTAGGCT-1","slingPseudotime_3",21.3353277551625,"B7H3","aucell_proliferating_score",0,"proliferating"
"TGTTAGCGTGATTAGGAGTAGGCT-1","slingPseudotime_3",21.3353277551625,"B7H3","aucell_naive_memory_score",0.068421052631579,"naive_memory"
"TGTTAGCGTGATTAGGAGTAGGCT-1","slingPseudotime_3",21.3353277551625,"B7H3","aucell_cytotoxic_score",0.562752325785501,"cytotoxic"
"TTAGAGCAGGTAAGCTAGTAGGCT-1","slingPseudotime_3",36.3624101556004,"B7H3","aucell_exhausted_score",0.124451465683693,"exhausted"
"TTAGAGCAGGTAAGCTAGTAGGCT-1","slingPseudotime_3",36.3624101556004,"B7H3","aucell_proliferating_score",0.00273684210526316,"proliferating"
"TTAGAGCAGGTAAGCTAGTAGGCT-1","slingPseudotime_3",36.3624101556004,"B7H3","aucell_naive_memory_score",0,"naive_memory"
"TTAGAGCAGGTAAGCTAGTAGGCT-1","slingPseudotime_3",36.3624101556004,"B7H3","aucell_cytotoxic_score",0,"cytotoxic"
"TTAGCGGAGGATCCCTAGTAGGCT-1","slingPseudotime_1",20.4379904657494,"B7H3","aucell_exhausted_score",0.296296296296296,"exhausted"
"TTAGCGGAGGATCCCTAGTAGGCT-1","slingPseudotime_1",20.4379904657494,"B7H3","aucell_proliferating_score",0,"proliferating"
"TTAGCGGAGGATCCCTAGTAGGCT-1","slingPseudotime_1",20.4379904657494,"B7H3","aucell_naive_memory_score",0,"naive_memory"
"TTAGCGGAGGATCCCTAGTAGGCT-1","slingPseudotime_1",20.4379904657494,"B7H3","aucell_cytotoxic_score",0.250307179217132,"cytotoxic"
"TTAGCGGAGGATCCCTAGTAGGCT-1","slingPseudotime_2",23.833812283384,"B7H3","aucell_exhausted_score",0.296296296296296,"exhausted"
"TTAGCGGAGGATCCCTAGTAGGCT-1","slingPseudotime_2",23.833812283384,"B7H3","aucell_proliferating_score",0,"proliferating"
"TTAGCGGAGGATCCCTAGTAGGCT-1","slingPseudotime_2",23.833812283384,"B7H3","aucell_naive_memory_score",0,"naive_memory"
"TTAGCGGAGGATCCCTAGTAGGCT-1","slingPseudotime_2",23.833812283384,"B7H3","aucell_cytotoxic_score",0.250307179217132,"cytotoxic"
"TTAGCGGAGGATCCCTAGTAGGCT-1","slingPseudotime_3",23.0796658293349,"B7H3","aucell_exhausted_score",0.296296296296296,"exhausted"
"TTAGCGGAGGATCCCTAGTAGGCT-1","slingPseudotime_3",23.0796658293349,"B7H3","aucell_proliferating_score",0,"proliferating"
"TTAGCGGAGGATCCCTAGTAGGCT-1","slingPseudotime_3",23.0796658293349,"B7H3","aucell_naive_memory_score",0,"naive_memory"
"TTAGCGGAGGATCCCTAGTAGGCT-1","slingPseudotime_3",23.0796658293349,"B7H3","aucell_cytotoxic_score",0.250307179217132,"cytotoxic"
"TTATGGGCAATATGCGAGTAGGCT-1","slingPseudotime_1",21.331938722115,"B7H3","aucell_exhausted_score",0,"exhausted"
"TTATGGGCAATATGCGAGTAGGCT-1","slingPseudotime_1",21.331938722115,"B7H3","aucell_proliferating_score",0,"proliferating"
"TTATGGGCAATATGCGAGTAGGCT-1","slingPseudotime_1",21.331938722115,"B7H3","aucell_naive_memory_score",0.113263157894737,"naive_memory"
"TTATGGGCAATATGCGAGTAGGCT-1","slingPseudotime_1",21.331938722115,"B7H3","aucell_cytotoxic_score",0,"cytotoxic"
"TTATGGGCAATATGCGAGTAGGCT-1","slingPseudotime_2",21.8116006817289,"B7H3","aucell_exhausted_score",0,"exhausted"
"TTATGGGCAATATGCGAGTAGGCT-1","slingPseudotime_2",21.8116006817289,"B7H3","aucell_proliferating_score",0,"proliferating"
"TTATGGGCAATATGCGAGTAGGCT-1","slingPseudotime_2",21.8116006817289,"B7H3","aucell_naive_memory_score",0.113263157894737,"naive_memory"
"TTATGGGCAATATGCGAGTAGGCT-1","slingPseudotime_2",21.8116006817289,"B7H3","aucell_cytotoxic_score",0,"cytotoxic"
"TTATGGGCAATATGCGAGTAGGCT-1","slingPseudotime_3",24.0210054584829,"B7H3","aucell_exhausted_score",0,"exhausted"
"TTATGGGCAATATGCGAGTAGGCT-1","slingPseudotime_3",24.0210054584829,"B7H3","aucell_proliferating_score",0,"proliferating"
"TTATGGGCAATATGCGAGTAGGCT-1","slingPseudotime_3",24.0210054584829,"B7H3","aucell_naive_memory_score",0.113263157894737,"naive_memory"
"TTATGGGCAATATGCGAGTAGGCT-1","slingPseudotime_3",24.0210054584829,"B7H3","aucell_cytotoxic_score",0,"cytotoxic"
"TTCATGCCATCATGTCAGTAGGCT-1","slingPseudotime_1",21.9484556332454,"B7H3","aucell_exhausted_score",0,"exhausted"
"TTCATGCCATCATGTCAGTAGGCT-1","slingPseudotime_1",21.9484556332454,"B7H3","aucell_proliferating_score",0,"proliferating"
"TTCATGCCATCATGTCAGTAGGCT-1","slingPseudotime_1",21.9484556332454,"B7H3","aucell_naive_memory_score",0,"naive_memory"
"TTCATGCCATCATGTCAGTAGGCT-1","slingPseudotime_1",21.9484556332454,"B7H3","aucell_cytotoxic_score",0.141126908899421,"cytotoxic"
"TTCATGCCATCATGTCAGTAGGCT-1","slingPseudotime_2",22.309017027622,"B7H3","aucell_exhausted_score",0,"exhausted"
"TTCATGCCATCATGTCAGTAGGCT-1","slingPseudotime_2",22.309017027622,"B7H3","aucell_proliferating_score",0,"proliferating"
"TTCATGCCATCATGTCAGTAGGCT-1","slingPseudotime_2",22.309017027622,"B7H3","aucell_naive_memory_score",0,"naive_memory"
"TTCATGCCATCATGTCAGTAGGCT-1","slingPseudotime_2",22.309017027622,"B7H3","aucell_cytotoxic_score",0.141126908899421,"cytotoxic"
"TTCATGCCATCATGTCAGTAGGCT-1","slingPseudotime_3",22.1110441418871,"B7H3","aucell_exhausted_score",0,"exhausted"
"TTCATGCCATCATGTCAGTAGGCT-1","slingPseudotime_3",22.1110441418871,"B7H3","aucell_proliferating_score",0,"proliferating"
"TTCATGCCATCATGTCAGTAGGCT-1","slingPseudotime_3",22.1110441418871,"B7H3","aucell_naive_memory_score",0,"naive_memory"
"TTCATGCCATCATGTCAGTAGGCT-1","slingPseudotime_3",22.1110441418871,"B7H3","aucell_cytotoxic_score",0.141126908899421,"cytotoxic"
"TTCCTCTAGGCCAACAAGTAGGCT-1","slingPseudotime_1",20.9621626462317,"B7H3","aucell_exhausted_score",0.235562576794804,"exhausted"
"TTCCTCTAGGCCAACAAGTAGGCT-1","slingPseudotime_1",20.9621626462317,"B7H3","aucell_proliferating_score",0,"proliferating"
"TTCCTCTAGGCCAACAAGTAGGCT-1","slingPseudotime_1",20.9621626462317,"B7H3","aucell_naive_memory_score",0,"naive_memory"
"TTCCTCTAGGCCAACAAGTAGGCT-1","slingPseudotime_1",20.9621626462317,"B7H3","aucell_cytotoxic_score",0,"cytotoxic"
"TTCCTCTAGGCCAACAAGTAGGCT-1","slingPseudotime_2",23.6886016136859,"B7H3","aucell_exhausted_score",0.235562576794804,"exhausted"
"TTCCTCTAGGCCAACAAGTAGGCT-1","slingPseudotime_2",23.6886016136859,"B7H3","aucell_proliferating_score",0,"proliferating"
"TTCCTCTAGGCCAACAAGTAGGCT-1","slingPseudotime_2",23.6886016136859,"B7H3","aucell_naive_memory_score",0,"naive_memory"
"TTCCTCTAGGCCAACAAGTAGGCT-1","slingPseudotime_2",23.6886016136859,"B7H3","aucell_cytotoxic_score",0,"cytotoxic"
"TTCCTCTAGGCCAACAAGTAGGCT-1","slingPseudotime_3",27.1532334103573,"B7H3","aucell_exhausted_score",0.235562576794804,"exhausted"
"TTCCTCTAGGCCAACAAGTAGGCT-1","slingPseudotime_3",27.1532334103573,"B7H3","aucell_proliferating_score",0,"proliferating"
"TTCCTCTAGGCCAACAAGTAGGCT-1","slingPseudotime_3",27.1532334103573,"B7H3","aucell_naive_memory_score",0,"naive_memory"
"TTCCTCTAGGCCAACAAGTAGGCT-1","slingPseudotime_3",27.1532334103573,"B7H3","aucell_cytotoxic_score",0,"cytotoxic"
"TTCGATAGTTGCACGCAGTAGGCT-1","slingPseudotime_1",20.3751676459814,"B7H3","aucell_exhausted_score",0.165876777251185,"exhausted"
"TTCGATAGTTGCACGCAGTAGGCT-1","slingPseudotime_1",20.3751676459814,"B7H3","aucell_proliferating_score",0,"proliferating"
"TTCGATAGTTGCACGCAGTAGGCT-1","slingPseudotime_1",20.3751676459814,"B7H3","aucell_naive_memory_score",0,"naive_memory"
"TTCGATAGTTGCACGCAGTAGGCT-1","slingPseudotime_1",20.3751676459814,"B7H3","aucell_cytotoxic_score",0.138142882218712,"cytotoxic"
"TTCGATAGTTGCACGCAGTAGGCT-1","slingPseudotime_2",22.2647865053085,"B7H3","aucell_exhausted_score",0.165876777251185,"exhausted"
"TTCGATAGTTGCACGCAGTAGGCT-1","slingPseudotime_2",22.2647865053085,"B7H3","aucell_proliferating_score",0,"proliferating"
"TTCGATAGTTGCACGCAGTAGGCT-1","slingPseudotime_2",22.2647865053085,"B7H3","aucell_naive_memory_score",0,"naive_memory"
"TTCGATAGTTGCACGCAGTAGGCT-1","slingPseudotime_2",22.2647865053085,"B7H3","aucell_cytotoxic_score",0.138142882218712,"cytotoxic"
"TTCGATAGTTGCACGCAGTAGGCT-1","slingPseudotime_3",28.6046917681563,"B7H3","aucell_exhausted_score",0.165876777251185,"exhausted"
"TTCGATAGTTGCACGCAGTAGGCT-1","slingPseudotime_3",28.6046917681563,"B7H3","aucell_proliferating_score",0,"proliferating"
"TTCGATAGTTGCACGCAGTAGGCT-1","slingPseudotime_3",28.6046917681563,"B7H3","aucell_naive_memory_score",0,"naive_memory"
"TTCGATAGTTGCACGCAGTAGGCT-1","slingPseudotime_3",28.6046917681563,"B7H3","aucell_cytotoxic_score",0.138142882218712,"cytotoxic"
"TTGTTGTAGGCTAGATAGTAGGCT-1","slingPseudotime_1",24.4637441903041,"B7H3","aucell_exhausted_score",0.269440056169914,"exhausted"
"TTGTTGTAGGCTAGATAGTAGGCT-1","slingPseudotime_1",24.4637441903041,"B7H3","aucell_proliferating_score",0,"proliferating"
"TTGTTGTAGGCTAGATAGTAGGCT-1","slingPseudotime_1",24.4637441903041,"B7H3","aucell_naive_memory_score",0.162315789473684,"naive_memory"
"TTGTTGTAGGCTAGATAGTAGGCT-1","slingPseudotime_1",24.4637441903041,"B7H3","aucell_cytotoxic_score",0.145690714411094,"cytotoxic"
"TTGTTGTAGGCTAGATAGTAGGCT-1","slingPseudotime_2",22.0700709175469,"B7H3","aucell_exhausted_score",0.269440056169914,"exhausted"
"TTGTTGTAGGCTAGATAGTAGGCT-1","slingPseudotime_2",22.0700709175469,"B7H3","aucell_proliferating_score",0,"proliferating"
"TTGTTGTAGGCTAGATAGTAGGCT-1","slingPseudotime_2",22.0700709175469,"B7H3","aucell_naive_memory_score",0.162315789473684,"naive_memory"
"TTGTTGTAGGCTAGATAGTAGGCT-1","slingPseudotime_2",22.0700709175469,"B7H3","aucell_cytotoxic_score",0.145690714411094,"cytotoxic"
"TTGTTGTAGGCTAGATAGTAGGCT-1","slingPseudotime_3",25.8410231608168,"B7H3","aucell_exhausted_score",0.269440056169914,"exhausted"
"TTGTTGTAGGCTAGATAGTAGGCT-1","slingPseudotime_3",25.8410231608168,"B7H3","aucell_proliferating_score",0,"proliferating"
"TTGTTGTAGGCTAGATAGTAGGCT-1","slingPseudotime_3",25.8410231608168,"B7H3","aucell_naive_memory_score",0.162315789473684,"naive_memory"
"TTGTTGTAGGCTAGATAGTAGGCT-1","slingPseudotime_3",25.8410231608168,"B7H3","aucell_cytotoxic_score",0.145690714411094,"cytotoxic"
"TTGTTGTAGGTATAGCAGTAGGCT-1","slingPseudotime_1",20.2393142391072,"B7H3","aucell_exhausted_score",0,"exhausted"
"TTGTTGTAGGTATAGCAGTAGGCT-1","slingPseudotime_1",20.2393142391072,"B7H3","aucell_proliferating_score",0,"proliferating"
"TTGTTGTAGGTATAGCAGTAGGCT-1","slingPseudotime_1",20.2393142391072,"B7H3","aucell_naive_memory_score",0,"naive_memory"
"TTGTTGTAGGTATAGCAGTAGGCT-1","slingPseudotime_1",20.2393142391072,"B7H3","aucell_cytotoxic_score",0.233807266982622,"cytotoxic"
"TTGTTGTAGGTATAGCAGTAGGCT-1","slingPseudotime_2",22.3236124482042,"B7H3","aucell_exhausted_score",0,"exhausted"
"TTGTTGTAGGTATAGCAGTAGGCT-1","slingPseudotime_2",22.3236124482042,"B7H3","aucell_proliferating_score",0,"proliferating"
"TTGTTGTAGGTATAGCAGTAGGCT-1","slingPseudotime_2",22.3236124482042,"B7H3","aucell_naive_memory_score",0,"naive_memory"
"TTGTTGTAGGTATAGCAGTAGGCT-1","slingPseudotime_2",22.3236124482042,"B7H3","aucell_cytotoxic_score",0.233807266982622,"cytotoxic"
"TTGTTGTAGGTATAGCAGTAGGCT-1","slingPseudotime_3",27.7770772424065,"B7H3","aucell_exhausted_score",0,"exhausted"
"TTGTTGTAGGTATAGCAGTAGGCT-1","slingPseudotime_3",27.7770772424065,"B7H3","aucell_proliferating_score",0,"proliferating"
"TTGTTGTAGGTATAGCAGTAGGCT-1","slingPseudotime_3",27.7770772424065,"B7H3","aucell_naive_memory_score",0,"naive_memory"
"TTGTTGTAGGTATAGCAGTAGGCT-1","slingPseudotime_3",27.7770772424065,"B7H3","aucell_cytotoxic_score",0.233807266982622,"cytotoxic"
"TTTCCTGGTGTGAGGTAGTAGGCT-1","slingPseudotime_1",19.3578958533047,"B7H3","aucell_exhausted_score",0.136212041425312,"exhausted"
"TTTCCTGGTGTGAGGTAGTAGGCT-1","slingPseudotime_1",19.3578958533047,"B7H3","aucell_proliferating_score",0,"proliferating"
"TTTCCTGGTGTGAGGTAGTAGGCT-1","slingPseudotime_1",19.3578958533047,"B7H3","aucell_naive_memory_score",0,"naive_memory"
"TTTCCTGGTGTGAGGTAGTAGGCT-1","slingPseudotime_1",19.3578958533047,"B7H3","aucell_cytotoxic_score",0,"cytotoxic"
"TTTCCTGGTGTGAGGTAGTAGGCT-1","slingPseudotime_2",20.0094853952624,"B7H3","aucell_exhausted_score",0.136212041425312,"exhausted"
"TTTCCTGGTGTGAGGTAGTAGGCT-1","slingPseudotime_2",20.0094853952624,"B7H3","aucell_proliferating_score",0,"proliferating"
"TTTCCTGGTGTGAGGTAGTAGGCT-1","slingPseudotime_2",20.0094853952624,"B7H3","aucell_naive_memory_score",0,"naive_memory"
"TTTCCTGGTGTGAGGTAGTAGGCT-1","slingPseudotime_2",20.0094853952624,"B7H3","aucell_cytotoxic_score",0,"cytotoxic"
"TTTCCTGGTGTGAGGTAGTAGGCT-1","slingPseudotime_3",27.4562010896801,"B7H3","aucell_exhausted_score",0.136212041425312,"exhausted"
"TTTCCTGGTGTGAGGTAGTAGGCT-1","slingPseudotime_3",27.4562010896801,"B7H3","aucell_proliferating_score",0,"proliferating"
"TTTCCTGGTGTGAGGTAGTAGGCT-1","slingPseudotime_3",27.4562010896801,"B7H3","aucell_naive_memory_score",0,"naive_memory"
"TTTCCTGGTGTGAGGTAGTAGGCT-1","slingPseudotime_3",27.4562010896801,"B7H3","aucell_cytotoxic_score",0,"cytotoxic"
"AAACCAATCACACAAAAGCTGTGA-1","slingPseudotime_2",33.7325402220602,"B7H3","aucell_exhausted_score",0.251886958048095,"exhausted"
"AAACCAATCACACAAAAGCTGTGA-1","slingPseudotime_2",33.7325402220602,"B7H3","aucell_proliferating_score",0,"proliferating"
"AAACCAATCACACAAAAGCTGTGA-1","slingPseudotime_2",33.7325402220602,"B7H3","aucell_naive_memory_score",0.0816842105263158,"naive_memory"
"AAACCAATCACACAAAAGCTGTGA-1","slingPseudotime_2",33.7325402220602,"B7H3","aucell_cytotoxic_score",0,"cytotoxic"
"AAACCAGGTAGGAGGAAGCTGTGA-1","slingPseudotime_1",17.6090969516532,"B7H3","aucell_exhausted_score",0.156222573284185,"exhausted"
"AAACCAGGTAGGAGGAAGCTGTGA-1","slingPseudotime_1",17.6090969516532,"B7H3","aucell_proliferating_score",0,"proliferating"
"AAACCAGGTAGGAGGAAGCTGTGA-1","slingPseudotime_1",17.6090969516532,"B7H3","aucell_naive_memory_score",0,"naive_memory"
"AAACCAGGTAGGAGGAAGCTGTGA-1","slingPseudotime_1",17.6090969516532,"B7H3","aucell_cytotoxic_score",0.16535018430753,"cytotoxic"
"AAACCAGGTAGGAGGAAGCTGTGA-1","slingPseudotime_2",29.7423863102398,"B7H3","aucell_exhausted_score",0.156222573284185,"exhausted"
"AAACCAGGTAGGAGGAAGCTGTGA-1","slingPseudotime_2",29.7423863102398,"B7H3","aucell_proliferating_score",0,"proliferating"
"AAACCAGGTAGGAGGAAGCTGTGA-1","slingPseudotime_2",29.7423863102398,"B7H3","aucell_naive_memory_score",0,"naive_memory"
"AAACCAGGTAGGAGGAAGCTGTGA-1","slingPseudotime_2",29.7423863102398,"B7H3","aucell_cytotoxic_score",0.16535018430753,"cytotoxic"
"AAACCAGGTAGGAGGAAGCTGTGA-1","slingPseudotime_3",17.0074552444019,"B7H3","aucell_exhausted_score",0.156222573284185,"exhausted"
"AAACCAGGTAGGAGGAAGCTGTGA-1","slingPseudotime_3",17.0074552444019,"B7H3","aucell_proliferating_score",0,"proliferating"
"AAACCAGGTAGGAGGAAGCTGTGA-1","slingPseudotime_3",17.0074552444019,"B7H3","aucell_naive_memory_score",0,"naive_memory"
"AAACCAGGTAGGAGGAAGCTGTGA-1","slingPseudotime_3",17.0074552444019,"B7H3","aucell_cytotoxic_score",0.16535018430753,"cytotoxic"
"AAACCGGTCGGGACTAAGCTGTGA-1","slingPseudotime_1",15.4108823496477,"B7H3","aucell_exhausted_score",0.0703879234684922,"exhausted"
"AAACCGGTCGGGACTAAGCTGTGA-1","slingPseudotime_1",15.4108823496477,"B7H3","aucell_proliferating_score",0,"proliferating"
"AAACCGGTCGGGACTAAGCTGTGA-1","slingPseudotime_1",15.4108823496477,"B7H3","aucell_naive_memory_score",0.359789473684211,"naive_memory"
"AAACCGGTCGGGACTAAGCTGTGA-1","slingPseudotime_1",15.4108823496477,"B7H3","aucell_cytotoxic_score",0,"cytotoxic"
"AAACCGGTCGGGACTAAGCTGTGA-1","slingPseudotime_2",15.3306294635512,"B7H3","aucell_exhausted_score",0.0703879234684922,"exhausted"
"AAACCGGTCGGGACTAAGCTGTGA-1","slingPseudotime_2",15.3306294635512,"B7H3","aucell_proliferating_score",0,"proliferating"
"AAACCGGTCGGGACTAAGCTGTGA-1","slingPseudotime_2",15.3306294635512,"B7H3","aucell_naive_memory_score",0.359789473684211,"naive_memory"
"AAACCGGTCGGGACTAAGCTGTGA-1","slingPseudotime_2",15.3306294635512,"B7H3","aucell_cytotoxic_score",0,"cytotoxic"
"AAACCGGTCGGGACTAAGCTGTGA-1","slingPseudotime_3",15.3157383378049,"B7H3","aucell_exhausted_score",0.0703879234684922,"exhausted"
"AAACCGGTCGGGACTAAGCTGTGA-1","slingPseudotime_3",15.3157383378049,"B7H3","aucell_proliferating_score",0,"proliferating"
"AAACCGGTCGGGACTAAGCTGTGA-1","slingPseudotime_3",15.3157383378049,"B7H3","aucell_naive_memory_score",0.359789473684211,"naive_memory"
"AAACCGGTCGGGACTAAGCTGTGA-1","slingPseudotime_3",15.3157383378049,"B7H3","aucell_cytotoxic_score",0,"cytotoxic"
"AAAGCGAAGGCCCATTAGCTGTGA-1","slingPseudotime_1",19.7242410102885,"B7H3","aucell_exhausted_score",0.231876426189222,"exhausted"
"AAAGCGAAGGCCCATTAGCTGTGA-1","slingPseudotime_1",19.7242410102885,"B7H3","aucell_proliferating_score",0.165684210526316,"proliferating"
"AAAGCGAAGGCCCATTAGCTGTGA-1","slingPseudotime_1",19.7242410102885,"B7H3","aucell_naive_memory_score",0,"naive_memory"
"AAAGCGAAGGCCCATTAGCTGTGA-1","slingPseudotime_1",19.7242410102885,"B7H3","aucell_cytotoxic_score",0.308758995962787,"cytotoxic"
"AAAGCGAAGGCCCATTAGCTGTGA-1","slingPseudotime_2",27.2138389196635,"B7H3","aucell_exhausted_score",0.231876426189222,"exhausted"
"AAAGCGAAGGCCCATTAGCTGTGA-1","slingPseudotime_2",27.2138389196635,"B7H3","aucell_proliferating_score",0.165684210526316,"proliferating"
"AAAGCGAAGGCCCATTAGCTGTGA-1","slingPseudotime_2",27.2138389196635,"B7H3","aucell_naive_memory_score",0,"naive_memory"
"AAAGCGAAGGCCCATTAGCTGTGA-1","slingPseudotime_2",27.2138389196635,"B7H3","aucell_cytotoxic_score",0.308758995962787,"cytotoxic"
"AAAGCGAAGGCCCATTAGCTGTGA-1","slingPseudotime_3",22.4560659390093,"B7H3","aucell_exhausted_score",0.231876426189222,"exhausted"
"AAAGCGAAGGCCCATTAGCTGTGA-1","slingPseudotime_3",22.4560659390093,"B7H3","aucell_proliferating_score",0.165684210526316,"proliferating"
"AAAGCGAAGGCCCATTAGCTGTGA-1","slingPseudotime_3",22.4560659390093,"B7H3","aucell_naive_memory_score",0,"naive_memory"
"AAAGCGAAGGCCCATTAGCTGTGA-1","slingPseudotime_3",22.4560659390093,"B7H3","aucell_cytotoxic_score",0.308758995962787,"cytotoxic"
"AACCAGGTCAAACCAAAGCTGTGA-1","slingPseudotime_1",18.8827318795342,"B7H3","aucell_exhausted_score",0.11409513779182,"exhausted"
"AACCAGGTCAAACCAAAGCTGTGA-1","slingPseudotime_1",18.8827318795342,"B7H3","aucell_proliferating_score",0,"proliferating"
"AACCAGGTCAAACCAAAGCTGTGA-1","slingPseudotime_1",18.8827318795342,"B7H3","aucell_naive_memory_score",0.165684210526316,"naive_memory"
"AACCAGGTCAAACCAAAGCTGTGA-1","slingPseudotime_1",18.8827318795342,"B7H3","aucell_cytotoxic_score",0.102685624012638,"cytotoxic"
"AACCAGGTCAAACCAAAGCTGTGA-1","slingPseudotime_2",19.2922676863575,"B7H3","aucell_exhausted_score",0.11409513779182,"exhausted"
"AACCAGGTCAAACCAAAGCTGTGA-1","slingPseudotime_2",19.2922676863575,"B7H3","aucell_proliferating_score",0,"proliferating"
"AACCAGGTCAAACCAAAGCTGTGA-1","slingPseudotime_2",19.2922676863575,"B7H3","aucell_naive_memory_score",0.165684210526316,"naive_memory"
"AACCAGGTCAAACCAAAGCTGTGA-1","slingPseudotime_2",19.2922676863575,"B7H3","aucell_cytotoxic_score",0.102685624012638,"cytotoxic"
"AACCAGGTCAAACCAAAGCTGTGA-1","slingPseudotime_3",19.7529624293065,"B7H3","aucell_exhausted_score",0.11409513779182,"exhausted"
"AACCAGGTCAAACCAAAGCTGTGA-1","slingPseudotime_3",19.7529624293065,"B7H3","aucell_proliferating_score",0,"proliferating"
"AACCAGGTCAAACCAAAGCTGTGA-1","slingPseudotime_3",19.7529624293065,"B7H3","aucell_naive_memory_score",0.165684210526316,"naive_memory"
"AACCAGGTCAAACCAAAGCTGTGA-1","slingPseudotime_3",19.7529624293065,"B7H3","aucell_cytotoxic_score",0.102685624012638,"cytotoxic"
"AACCAGGTCGCCTGCAAGCTGTGA-1","slingPseudotime_2",33.281372444982,"B7H3","aucell_exhausted_score",0.309110057925224,"exhausted"
"AACCAGGTCGCCTGCAAGCTGTGA-1","slingPseudotime_2",33.281372444982,"B7H3","aucell_proliferating_score",0,"proliferating"
"AACCAGGTCGCCTGCAAGCTGTGA-1","slingPseudotime_2",33.281372444982,"B7H3","aucell_naive_memory_score",0.0509473684210526,"naive_memory"
"AACCAGGTCGCCTGCAAGCTGTGA-1","slingPseudotime_2",33.281372444982,"B7H3","aucell_cytotoxic_score",0,"cytotoxic"
"AACCAGGTCGCCTGCAAGCTGTGA-1","slingPseudotime_3",33.6498667917,"B7H3","aucell_exhausted_score",0.309110057925224,"exhausted"
"AACCAGGTCGCCTGCAAGCTGTGA-1","slingPseudotime_3",33.6498667917,"B7H3","aucell_proliferating_score",0,"proliferating"
"AACCAGGTCGCCTGCAAGCTGTGA-1","slingPseudotime_3",33.6498667917,"B7H3","aucell_naive_memory_score",0.0509473684210526,"naive_memory"
"AACCAGGTCGCCTGCAAGCTGTGA-1","slingPseudotime_3",33.6498667917,"B7H3","aucell_cytotoxic_score",0,"cytotoxic"
"AACCTATTCACGTTATAGCTGTGA-1","slingPseudotime_1",84.2745165394769,"B7H3","aucell_exhausted_score",0.178339476917676,"exhausted"
"AACCTATTCACGTTATAGCTGTGA-1","slingPseudotime_1",84.2745165394769,"B7H3","aucell_proliferating_score",0.106315789473684,"proliferating"
"AACCTATTCACGTTATAGCTGTGA-1","slingPseudotime_1",84.2745165394769,"B7H3","aucell_naive_memory_score",0,"naive_memory"
"AACCTATTCACGTTATAGCTGTGA-1","slingPseudotime_1",84.2745165394769,"B7H3","aucell_cytotoxic_score",0.04932420572231,"cytotoxic"
"AACCTTTAGTTTCGCAAGCTGTGA-1","slingPseudotime_1",21.018634386268,"B7H3","aucell_exhausted_score",0.147797086185712,"exhausted"
"AACCTTTAGTTTCGCAAGCTGTGA-1","slingPseudotime_1",21.018634386268,"B7H3","aucell_proliferating_score",0,"proliferating"
"AACCTTTAGTTTCGCAAGCTGTGA-1","slingPseudotime_1",21.018634386268,"B7H3","aucell_naive_memory_score",0,"naive_memory"
"AACCTTTAGTTTCGCAAGCTGTGA-1","slingPseudotime_1",21.018634386268,"B7H3","aucell_cytotoxic_score",0.233631736001404,"cytotoxic"
"AACCTTTAGTTTCGCAAGCTGTGA-1","slingPseudotime_2",28.9870771828418,"B7H3","aucell_exhausted_score",0.147797086185712,"exhausted"
"AACCTTTAGTTTCGCAAGCTGTGA-1","slingPseudotime_2",28.9870771828418,"B7H3","aucell_proliferating_score",0,"proliferating"
"AACCTTTAGTTTCGCAAGCTGTGA-1","slingPseudotime_2",28.9870771828418,"B7H3","aucell_naive_memory_score",0,"naive_memory"
"AACCTTTAGTTTCGCAAGCTGTGA-1","slingPseudotime_2",28.9870771828418,"B7H3","aucell_cytotoxic_score",0.233631736001404,"cytotoxic"
"AACCTTTAGTTTCGCAAGCTGTGA-1","slingPseudotime_3",21.8576912585561,"B7H3","aucell_exhausted_score",0.147797086185712,"exhausted"
"AACCTTTAGTTTCGCAAGCTGTGA-1","slingPseudotime_3",21.8576912585561,"B7H3","aucell_proliferating_score",0,"proliferating"
"AACCTTTAGTTTCGCAAGCTGTGA-1","slingPseudotime_3",21.8576912585561,"B7H3","aucell_naive_memory_score",0,"naive_memory"
"AACCTTTAGTTTCGCAAGCTGTGA-1","slingPseudotime_3",21.8576912585561,"B7H3","aucell_cytotoxic_score",0.233631736001404,"cytotoxic"
"AACGTTCGTGTGATGAAGCTGTGA-1","slingPseudotime_1",48.1190310238466,"B7H3","aucell_exhausted_score",0.151307705810075,"exhausted"
"AACGTTCGTGTGATGAAGCTGTGA-1","slingPseudotime_1",48.1190310238466,"B7H3","aucell_proliferating_score",0.726315789473684,"proliferating"
"AACGTTCGTGTGATGAAGCTGTGA-1","slingPseudotime_1",48.1190310238466,"B7H3","aucell_naive_memory_score",0,"naive_memory"
"AACGTTCGTGTGATGAAGCTGTGA-1","slingPseudotime_1",48.1190310238466,"B7H3","aucell_cytotoxic_score",0.126557837458311,"cytotoxic"
"AACTGAGGTCCTCCTGAGCTGTGA-1","slingPseudotime_1",79.9810568452376,"B7H3","aucell_exhausted_score",0,"exhausted"
"AACTGAGGTCCTCCTGAGCTGTGA-1","slingPseudotime_1",79.9810568452376,"B7H3","aucell_proliferating_score",0.378947368421053,"proliferating"
"AACTGAGGTCCTCCTGAGCTGTGA-1","slingPseudotime_1",79.9810568452376,"B7H3","aucell_naive_memory_score",0,"naive_memory"
"AACTGAGGTCCTCCTGAGCTGTGA-1","slingPseudotime_1",79.9810568452376,"B7H3","aucell_cytotoxic_score",0.0703879234684922,"cytotoxic"
"AAGCGCTCAATAGCTGAGCTGTGA-1","slingPseudotime_1",53.6884503474256,"B7H3","aucell_exhausted_score",0.237142355625768,"exhausted"
"AAGCGCTCAATAGCTGAGCTGTGA-1","slingPseudotime_1",53.6884503474256,"B7H3","aucell_proliferating_score",0.0955789473684211,"proliferating"
"AAGCGCTCAATAGCTGAGCTGTGA-1","slingPseudotime_1",53.6884503474256,"B7H3","aucell_naive_memory_score",0,"naive_memory"
"AAGCGCTCAATAGCTGAGCTGTGA-1","slingPseudotime_1",53.6884503474256,"B7H3","aucell_cytotoxic_score",0,"cytotoxic"
"AATCACGCACGTTACTAGCTGTGA-1","slingPseudotime_1",14.6341285706007,"B7H3","aucell_exhausted_score",0.157100228190276,"exhausted"
"AATCACGCACGTTACTAGCTGTGA-1","slingPseudotime_1",14.6341285706007,"B7H3","aucell_proliferating_score",0.147368421052632,"proliferating"
"AATCACGCACGTTACTAGCTGTGA-1","slingPseudotime_1",14.6341285706007,"B7H3","aucell_naive_memory_score",0.0781052631578947,"naive_memory"
"AATCACGCACGTTACTAGCTGTGA-1","slingPseudotime_1",14.6341285706007,"B7H3","aucell_cytotoxic_score",0,"cytotoxic"
"AATCACGCACGTTACTAGCTGTGA-1","slingPseudotime_2",14.3798213299018,"B7H3","aucell_exhausted_score",0.157100228190276,"exhausted"
"AATCACGCACGTTACTAGCTGTGA-1","slingPseudotime_2",14.3798213299018,"B7H3","aucell_proliferating_score",0.147368421052632,"proliferating"
"AATCACGCACGTTACTAGCTGTGA-1","slingPseudotime_2",14.3798213299018,"B7H3","aucell_naive_memory_score",0.0781052631578947,"naive_memory"
"AATCACGCACGTTACTAGCTGTGA-1","slingPseudotime_2",14.3798213299018,"B7H3","aucell_cytotoxic_score",0,"cytotoxic"
"AATCACGCACGTTACTAGCTGTGA-1","slingPseudotime_3",14.2268903050617,"B7H3","aucell_exhausted_score",0.157100228190276,"exhausted"
"AATCACGCACGTTACTAGCTGTGA-1","slingPseudotime_3",14.2268903050617,"B7H3","aucell_proliferating_score",0.147368421052632,"proliferating"
"AATCACGCACGTTACTAGCTGTGA-1","slingPseudotime_3",14.2268903050617,"B7H3","aucell_naive_memory_score",0.0781052631578947,"naive_memory"
"AATCACGCACGTTACTAGCTGTGA-1","slingPseudotime_3",14.2268903050617,"B7H3","aucell_cytotoxic_score",0,"cytotoxic"
"AATCACGCACTGTCATAGCTGTGA-1","slingPseudotime_1",44.9249061754563,"B7H3","aucell_exhausted_score",0.00824995611725469,"exhausted"
"AATCACGCACTGTCATAGCTGTGA-1","slingPseudotime_1",44.9249061754563,"B7H3","aucell_proliferating_score",0.482736842105263,"proliferating"
"AATCACGCACTGTCATAGCTGTGA-1","slingPseudotime_1",44.9249061754563,"B7H3","aucell_naive_memory_score",0.187157894736842,"naive_memory"
"AATCACGCACTGTCATAGCTGTGA-1","slingPseudotime_1",44.9249061754563,"B7H3","aucell_cytotoxic_score",0,"cytotoxic"
"AATGGCAGTTGCACGCAGCTGTGA-1","slingPseudotime_1",16.6011691543067,"B7H3","aucell_exhausted_score",0.203264876250658,"exhausted"
"AATGGCAGTTGCACGCAGCTGTGA-1","slingPseudotime_1",16.6011691543067,"B7H3","aucell_proliferating_score",0.0947368421052632,"proliferating"
"AATGGCAGTTGCACGCAGCTGTGA-1","slingPseudotime_1",16.6011691543067,"B7H3","aucell_naive_memory_score",0,"naive_memory"
"AATGGCAGTTGCACGCAGCTGTGA-1","slingPseudotime_1",16.6011691543067,"B7H3","aucell_cytotoxic_score",0,"cytotoxic"
"AATGGCAGTTGCACGCAGCTGTGA-1","slingPseudotime_2",16.4083241436231,"B7H3","aucell_exhausted_score",0.203264876250658,"exhausted"
"AATGGCAGTTGCACGCAGCTGTGA-1","slingPseudotime_2",16.4083241436231,"B7H3","aucell_proliferating_score",0.0947368421052632,"proliferating"
"AATGGCAGTTGCACGCAGCTGTGA-1","slingPseudotime_2",16.4083241436231,"B7H3","aucell_naive_memory_score",0,"naive_memory"
"AATGGCAGTTGCACGCAGCTGTGA-1","slingPseudotime_2",16.4083241436231,"B7H3","aucell_cytotoxic_score",0,"cytotoxic"
"AATGGCAGTTGCACGCAGCTGTGA-1","slingPseudotime_3",17.3025989036899,"B7H3","aucell_exhausted_score",0.203264876250658,"exhausted"
"AATGGCAGTTGCACGCAGCTGTGA-1","slingPseudotime_3",17.3025989036899,"B7H3","aucell_proliferating_score",0.0947368421052632,"proliferating"
"AATGGCAGTTGCACGCAGCTGTGA-1","slingPseudotime_3",17.3025989036899,"B7H3","aucell_naive_memory_score",0,"naive_memory"
"AATGGCAGTTGCACGCAGCTGTGA-1","slingPseudotime_3",17.3025989036899,"B7H3","aucell_cytotoxic_score",0,"cytotoxic"
"AATGGCAGTTGTCATAAGCTGTGA-1","slingPseudotime_2",35.1711681337374,"B7H3","aucell_exhausted_score",0.210637177461822,"exhausted"
"AATGGCAGTTGTCATAAGCTGTGA-1","slingPseudotime_2",35.1711681337374,"B7H3","aucell_proliferating_score",0,"proliferating"
"AATGGCAGTTGTCATAAGCTGTGA-1","slingPseudotime_2",35.1711681337374,"B7H3","aucell_naive_memory_score",0,"naive_memory"
"AATGGCAGTTGTCATAAGCTGTGA-1","slingPseudotime_2",35.1711681337374,"B7H3","aucell_cytotoxic_score",0.124451465683693,"cytotoxic"
"AATTACCTCTTGATCGAGCTGTGA-1","slingPseudotime_1",8.27719579403159,"B7H3","aucell_exhausted_score",0.141829032824293,"exhausted"
"AATTACCTCTTGATCGAGCTGTGA-1","slingPseudotime_1",8.27719579403159,"B7H3","aucell_proliferating_score",0,"proliferating"
"AATTACCTCTTGATCGAGCTGTGA-1","slingPseudotime_1",8.27719579403159,"B7H3","aucell_naive_memory_score",0,"naive_memory"
"AATTACCTCTTGATCGAGCTGTGA-1","slingPseudotime_1",8.27719579403159,"B7H3","aucell_cytotoxic_score",0,"cytotoxic"
"ACAAAGGAGTAAAGGGAGCTGTGA-1","slingPseudotime_2",45.1499676410405,"B7H3","aucell_exhausted_score",0.259610321221696,"exhausted"
"ACAAAGGAGTAAAGGGAGCTGTGA-1","slingPseudotime_2",45.1499676410405,"B7H3","aucell_proliferating_score",0,"proliferating"
"ACAAAGGAGTAAAGGGAGCTGTGA-1","slingPseudotime_2",45.1499676410405,"B7H3","aucell_naive_memory_score",0.100631578947368,"naive_memory"
"ACAAAGGAGTAAAGGGAGCTGTGA-1","slingPseudotime_2",45.1499676410405,"B7H3","aucell_cytotoxic_score",0,"cytotoxic"
"ACAATCAAGGACACGCAGCTGTGA-1","slingPseudotime_1",54.1097890069515,"B7H3","aucell_exhausted_score",0.160786378795857,"exhausted"
"ACAATCAAGGACACGCAGCTGTGA-1","slingPseudotime_1",54.1097890069515,"B7H3","aucell_proliferating_score",0.237263157894737,"proliferating"
"ACAATCAAGGACACGCAGCTGTGA-1","slingPseudotime_1",54.1097890069515,"B7H3","aucell_naive_memory_score",0.194526315789474,"naive_memory"
"ACAATCAAGGACACGCAGCTGTGA-1","slingPseudotime_1",54.1097890069515,"B7H3","aucell_cytotoxic_score",0.188871335790767,"cytotoxic"
"ACACGCGCAAAGTGCCAGCTGTGA-1","slingPseudotime_1",72.1971815944932,"B7H3","aucell_exhausted_score",0.143584342636475,"exhausted"
"ACACGCGCAAAGTGCCAGCTGTGA-1","slingPseudotime_1",72.1971815944932,"B7H3","aucell_proliferating_score",0.127789473684211,"proliferating"
"ACACGCGCAAAGTGCCAGCTGTGA-1","slingPseudotime_1",72.1971815944932,"B7H3","aucell_naive_memory_score",0.0652631578947368,"naive_memory"
"ACACGCGCAAAGTGCCAGCTGTGA-1","slingPseudotime_1",72.1971815944932,"B7H3","aucell_cytotoxic_score",0.0981218185009654,"cytotoxic"
"ACAGCACCAAAGCTCAAGCTGTGA-1","slingPseudotime_1",10.2546577742653,"B7H3","aucell_exhausted_score",0.210988239424258,"exhausted"
"ACAGCACCAAAGCTCAAGCTGTGA-1","slingPseudotime_1",10.2546577742653,"B7H3","aucell_proliferating_score",0,"proliferating"
"ACAGCACCAAAGCTCAAGCTGTGA-1","slingPseudotime_1",10.2546577742653,"B7H3","aucell_naive_memory_score",0.178736842105263,"naive_memory"
"ACAGCACCAAAGCTCAAGCTGTGA-1","slingPseudotime_1",10.2546577742653,"B7H3","aucell_cytotoxic_score",0.0523082324030191,"cytotoxic"
"ACAGCACCAAAGCTCAAGCTGTGA-1","slingPseudotime_2",38.1991533724311,"B7H3","aucell_exhausted_score",0.210988239424258,"exhausted"
"ACAGCACCAAAGCTCAAGCTGTGA-1","slingPseudotime_2",38.1991533724311,"B7H3","aucell_proliferating_score",0,"proliferating"
"ACAGCACCAAAGCTCAAGCTGTGA-1","slingPseudotime_2",38.1991533724311,"B7H3","aucell_naive_memory_score",0.178736842105263,"naive_memory"
"ACAGCACCAAAGCTCAAGCTGTGA-1","slingPseudotime_2",38.1991533724311,"B7H3","aucell_cytotoxic_score",0.0523082324030191,"cytotoxic"
"ACAGCACCAAAGCTCAAGCTGTGA-1","slingPseudotime_3",10.0082657408267,"B7H3","aucell_exhausted_score",0.210988239424258,"exhausted"
"ACAGCACCAAAGCTCAAGCTGTGA-1","slingPseudotime_3",10.0082657408267,"B7H3","aucell_proliferating_score",0,"proliferating"
"ACAGCACCAAAGCTCAAGCTGTGA-1","slingPseudotime_3",10.0082657408267,"B7H3","aucell_naive_memory_score",0.178736842105263,"naive_memory"
"ACAGCACCAAAGCTCAAGCTGTGA-1","slingPseudotime_3",10.0082657408267,"B7H3","aucell_cytotoxic_score",0.0523082324030191,"cytotoxic"
"ACAGCGGGTAAATAGCAGCTGTGA-1","slingPseudotime_1",15.6313764799094,"B7H3","aucell_exhausted_score",0,"exhausted"
"ACAGCGGGTAAATAGCAGCTGTGA-1","slingPseudotime_1",15.6313764799094,"B7H3","aucell_proliferating_score",0,"proliferating"
"ACAGCGGGTAAATAGCAGCTGTGA-1","slingPseudotime_1",15.6313764799094,"B7H3","aucell_naive_memory_score",0,"naive_memory"
"ACAGCGGGTAAATAGCAGCTGTGA-1","slingPseudotime_1",15.6313764799094,"B7H3","aucell_cytotoxic_score",0.160786378795857,"cytotoxic"
"ACAGCGGGTAAATAGCAGCTGTGA-1","slingPseudotime_2",15.7165460373142,"B7H3","aucell_exhausted_score",0,"exhausted"
"ACAGCGGGTAAATAGCAGCTGTGA-1","slingPseudotime_2",15.7165460373142,"B7H3","aucell_proliferating_score",0,"proliferating"
"ACAGCGGGTAAATAGCAGCTGTGA-1","slingPseudotime_2",15.7165460373142,"B7H3","aucell_naive_memory_score",0,"naive_memory"
"ACAGCGGGTAAATAGCAGCTGTGA-1","slingPseudotime_2",15.7165460373142,"B7H3","aucell_cytotoxic_score",0.160786378795857,"cytotoxic"
"ACAGCGGGTAAATAGCAGCTGTGA-1","slingPseudotime_3",15.5838521925167,"B7H3","aucell_exhausted_score",0,"exhausted"
"ACAGCGGGTAAATAGCAGCTGTGA-1","slingPseudotime_3",15.5838521925167,"B7H3","aucell_proliferating_score",0,"proliferating"
"ACAGCGGGTAAATAGCAGCTGTGA-1","slingPseudotime_3",15.5838521925167,"B7H3","aucell_naive_memory_score",0,"naive_memory"
"ACAGCGGGTAAATAGCAGCTGTGA-1","slingPseudotime_3",15.5838521925167,"B7H3","aucell_cytotoxic_score",0.160786378795857,"cytotoxic"
"ACCACAACAGCTGCTCAGCTGTGA-1","slingPseudotime_1",51.7588473245532,"B7H3","aucell_exhausted_score",0.280147446024223,"exhausted"
"ACCACAACAGCTGCTCAGCTGTGA-1","slingPseudotime_1",51.7588473245532,"B7H3","aucell_proliferating_score",0.511157894736842,"proliferating"
"ACCACAACAGCTGCTCAGCTGTGA-1","slingPseudotime_1",51.7588473245532,"B7H3","aucell_naive_memory_score",0.0549473684210526,"naive_memory"
"ACCACAACAGCTGCTCAGCTGTGA-1","slingPseudotime_1",51.7588473245532,"B7H3","aucell_cytotoxic_score",0.16148850272073,"cytotoxic"
"ACCACAACATTGAAGTAGCTGTGA-1","slingPseudotime_1",53.6884503474256,"B7H3","aucell_exhausted_score",0.143408811655257,"exhausted"
"ACCACAACATTGAAGTAGCTGTGA-1","slingPseudotime_1",53.6884503474256,"B7H3","aucell_proliferating_score",0.0530526315789474,"proliferating"
"ACCACAACATTGAAGTAGCTGTGA-1","slingPseudotime_1",53.6884503474256,"B7H3","aucell_naive_memory_score",0.0734736842105263,"naive_memory"
"ACCACAACATTGAAGTAGCTGTGA-1","slingPseudotime_1",53.6884503474256,"B7H3","aucell_cytotoxic_score",0.164296998420221,"cytotoxic"
"ACCACGTTCAGCATGGAGCTGTGA-1","slingPseudotime_3",38.4679639021635,"B7H3","aucell_exhausted_score",0.0477444268913463,"exhausted"
"ACCACGTTCAGCATGGAGCTGTGA-1","slingPseudotime_3",38.4679639021635,"B7H3","aucell_proliferating_score",0,"proliferating"
"ACCACGTTCAGCATGGAGCTGTGA-1","slingPseudotime_3",38.4679639021635,"B7H3","aucell_naive_memory_score",0.0294736842105263,"naive_memory"
"ACCACGTTCAGCATGGAGCTGTGA-1","slingPseudotime_3",38.4679639021635,"B7H3","aucell_cytotoxic_score",0,"cytotoxic"
"ACCCAAACATTCCTGGAGCTGTGA-1","slingPseudotime_1",65.1618662869386,"B7H3","aucell_exhausted_score",0.149025803054239,"exhausted"
"ACCCAAACATTCCTGGAGCTGTGA-1","slingPseudotime_1",65.1618662869386,"B7H3","aucell_proliferating_score",0,"proliferating"
"ACCCAAACATTCCTGGAGCTGTGA-1","slingPseudotime_1",65.1618662869386,"B7H3","aucell_naive_memory_score",0.0155789473684211,"naive_memory"
"ACCCAAACATTCCTGGAGCTGTGA-1","slingPseudotime_1",65.1618662869386,"B7H3","aucell_cytotoxic_score",0,"cytotoxic"
"ACCCGCTCAAACCGTAAGCTGTGA-1","slingPseudotime_1",15.7934033973234,"B7H3","aucell_exhausted_score",0,"exhausted"
"ACCCGCTCAAACCGTAAGCTGTGA-1","slingPseudotime_1",15.7934033973234,"B7H3","aucell_proliferating_score",0,"proliferating"
"ACCCGCTCAAACCGTAAGCTGTGA-1","slingPseudotime_1",15.7934033973234,"B7H3","aucell_naive_memory_score",0.135368421052632,"naive_memory"
"ACCCGCTCAAACCGTAAGCTGTGA-1","slingPseudotime_1",15.7934033973234,"B7H3","aucell_cytotoxic_score",0.160786378795857,"cytotoxic"
"ACCCGCTCAAACCGTAAGCTGTGA-1","slingPseudotime_2",16.3347485105785,"B7H3","aucell_exhausted_score",0,"exhausted"
"ACCCGCTCAAACCGTAAGCTGTGA-1","slingPseudotime_2",16.3347485105785,"B7H3","aucell_proliferating_score",0,"proliferating"
"ACCCGCTCAAACCGTAAGCTGTGA-1","slingPseudotime_2",16.3347485105785,"B7H3","aucell_naive_memory_score",0.135368421052632,"naive_memory"
"ACCCGCTCAAACCGTAAGCTGTGA-1","slingPseudotime_2",16.3347485105785,"B7H3","aucell_cytotoxic_score",0.160786378795857,"cytotoxic"
"ACCCGCTCAAACCGTAAGCTGTGA-1","slingPseudotime_3",16.6853640855303,"B7H3","aucell_exhausted_score",0,"exhausted"
"ACCCGCTCAAACCGTAAGCTGTGA-1","slingPseudotime_3",16.6853640855303,"B7H3","aucell_proliferating_score",0,"proliferating"
"ACCCGCTCAAACCGTAAGCTGTGA-1","slingPseudotime_3",16.6853640855303,"B7H3","aucell_naive_memory_score",0.135368421052632,"naive_memory"
"ACCCGCTCAAACCGTAAGCTGTGA-1","slingPseudotime_3",16.6853640855303,"B7H3","aucell_cytotoxic_score",0.160786378795857,"cytotoxic"
"ACCGGCTGTTTCCACCAGCTGTGA-1","slingPseudotime_2",43.2881324491142,"B7H3","aucell_exhausted_score",0.446199754256626,"exhausted"
"ACCGGCTGTTTCCACCAGCTGTGA-1","slingPseudotime_2",43.2881324491142,"B7H3","aucell_proliferating_score",0,"proliferating"
"ACCGGCTGTTTCCACCAGCTGTGA-1","slingPseudotime_2",43.2881324491142,"B7H3","aucell_naive_memory_score",0,"naive_memory"
"ACCGGCTGTTTCCACCAGCTGTGA-1","slingPseudotime_2",43.2881324491142,"B7H3","aucell_cytotoxic_score",0.233631736001404,"cytotoxic"
"ACCGTTATCTTCGCCCAGCTGTGA-1","slingPseudotime_1",40.1649009018978,"B7H3","aucell_exhausted_score",0.286115499385642,"exhausted"
"ACCGTTATCTTCGCCCAGCTGTGA-1","slingPseudotime_1",40.1649009018978,"B7H3","aucell_proliferating_score",0.711789473684211,"proliferating"
"ACCGTTATCTTCGCCCAGCTGTGA-1","slingPseudotime_1",40.1649009018978,"B7H3","aucell_naive_memory_score",0,"naive_memory"
"ACCGTTATCTTCGCCCAGCTGTGA-1","slingPseudotime_1",40.1649009018978,"B7H3","aucell_cytotoxic_score",0.302264349657715,"cytotoxic"
"ACCTATCCAAGTAAGAAGCTGTGA-1","slingPseudotime_1",21.2130359522993,"B7H3","aucell_exhausted_score",0.162717219589258,"exhausted"
"ACCTATCCAAGTAAGAAGCTGTGA-1","slingPseudotime_1",21.2130359522993,"B7H3","aucell_proliferating_score",0,"proliferating"
"ACCTATCCAAGTAAGAAGCTGTGA-1","slingPseudotime_1",21.2130359522993,"B7H3","aucell_naive_memory_score",0.198315789473684,"naive_memory"
"ACCTATCCAAGTAAGAAGCTGTGA-1","slingPseudotime_1",21.2130359522993,"B7H3","aucell_cytotoxic_score",0,"cytotoxic"
"ACCTATCCAAGTAAGAAGCTGTGA-1","slingPseudotime_2",24.8075561263597,"B7H3","aucell_exhausted_score",0.162717219589258,"exhausted"
"ACCTATCCAAGTAAGAAGCTGTGA-1","slingPseudotime_2",24.8075561263597,"B7H3","aucell_proliferating_score",0,"proliferating"
"ACCTATCCAAGTAAGAAGCTGTGA-1","slingPseudotime_2",24.8075561263597,"B7H3","aucell_naive_memory_score",0.198315789473684,"naive_memory"
"ACCTATCCAAGTAAGAAGCTGTGA-1","slingPseudotime_2",24.8075561263597,"B7H3","aucell_cytotoxic_score",0,"cytotoxic"
"ACCTATCCAAGTAAGAAGCTGTGA-1","slingPseudotime_3",21.600092231939,"B7H3","aucell_exhausted_score",0.162717219589258,"exhausted"
"ACCTATCCAAGTAAGAAGCTGTGA-1","slingPseudotime_3",21.600092231939,"B7H3","aucell_proliferating_score",0,"proliferating"
"ACCTATCCAAGTAAGAAGCTGTGA-1","slingPseudotime_3",21.600092231939,"B7H3","aucell_naive_memory_score",0.198315789473684,"naive_memory"
"ACCTATCCAAGTAAGAAGCTGTGA-1","slingPseudotime_3",21.600092231939,"B7H3","aucell_cytotoxic_score",0,"cytotoxic"
"ACCTCACAGTGTGCAGAGCTGTGA-1","slingPseudotime_2",34.4341353644626,"B7H3","aucell_exhausted_score",0.199052132701422,"exhausted"
"ACCTCACAGTGTGCAGAGCTGTGA-1","slingPseudotime_2",34.4341353644626,"B7H3","aucell_proliferating_score",0,"proliferating"
"ACCTCACAGTGTGCAGAGCTGTGA-1","slingPseudotime_2",34.4341353644626,"B7H3","aucell_naive_memory_score",0,"naive_memory"
"ACCTCACAGTGTGCAGAGCTGTGA-1","slingPseudotime_2",34.4341353644626,"B7H3","aucell_cytotoxic_score",0.437072143233281,"cytotoxic"
"ACCTCTAAGTAGCGCAAGCTGTGA-1","slingPseudotime_1",15.5812110062129,"B7H3","aucell_exhausted_score",0,"exhausted"
"ACCTCTAAGTAGCGCAAGCTGTGA-1","slingPseudotime_1",15.5812110062129,"B7H3","aucell_proliferating_score",0,"proliferating"
"ACCTCTAAGTAGCGCAAGCTGTGA-1","slingPseudotime_1",15.5812110062129,"B7H3","aucell_naive_memory_score",0.276631578947368,"naive_memory"
"ACCTCTAAGTAGCGCAAGCTGTGA-1","slingPseudotime_1",15.5812110062129,"B7H3","aucell_cytotoxic_score",0,"cytotoxic"
"ACCTCTAAGTAGCGCAAGCTGTGA-1","slingPseudotime_2",15.4735525876148,"B7H3","aucell_exhausted_score",0,"exhausted"
"ACCTCTAAGTAGCGCAAGCTGTGA-1","slingPseudotime_2",15.4735525876148,"B7H3","aucell_proliferating_score",0,"proliferating"
"ACCTCTAAGTAGCGCAAGCTGTGA-1","slingPseudotime_2",15.4735525876148,"B7H3","aucell_naive_memory_score",0.276631578947368,"naive_memory"
"ACCTCTAAGTAGCGCAAGCTGTGA-1","slingPseudotime_2",15.4735525876148,"B7H3","aucell_cytotoxic_score",0,"cytotoxic"
"ACCTCTAAGTAGCGCAAGCTGTGA-1","slingPseudotime_3",15.1407949636948,"B7H3","aucell_exhausted_score",0,"exhausted"
"ACCTCTAAGTAGCGCAAGCTGTGA-1","slingPseudotime_3",15.1407949636948,"B7H3","aucell_proliferating_score",0,"proliferating"
"ACCTCTAAGTAGCGCAAGCTGTGA-1","slingPseudotime_3",15.1407949636948,"B7H3","aucell_naive_memory_score",0.276631578947368,"naive_memory"
"ACCTCTAAGTAGCGCAAGCTGTGA-1","slingPseudotime_3",15.1407949636948,"B7H3","aucell_cytotoxic_score",0,"cytotoxic"
"ACCTGGAAGCTTTACGAGCTGTGA-1","slingPseudotime_1",17.8109313495679,"B7H3","aucell_exhausted_score",0.162541688608039,"exhausted"
"ACCTGGAAGCTTTACGAGCTGTGA-1","slingPseudotime_1",17.8109313495679,"B7H3","aucell_proliferating_score",0,"proliferating"
"ACCTGGAAGCTTTACGAGCTGTGA-1","slingPseudotime_1",17.8109313495679,"B7H3","aucell_naive_memory_score",0,"naive_memory"
"ACCTGGAAGCTTTACGAGCTGTGA-1","slingPseudotime_1",17.8109313495679,"B7H3","aucell_cytotoxic_score",0,"cytotoxic"
"ACCTGGAAGCTTTACGAGCTGTGA-1","slingPseudotime_2",18.1381215717964,"B7H3","aucell_exhausted_score",0.162541688608039,"exhausted"
"ACCTGGAAGCTTTACGAGCTGTGA-1","slingPseudotime_2",18.1381215717964,"B7H3","aucell_proliferating_score",0,"proliferating"
"ACCTGGAAGCTTTACGAGCTGTGA-1","slingPseudotime_2",18.1381215717964,"B7H3","aucell_naive_memory_score",0,"naive_memory"
"ACCTGGAAGCTTTACGAGCTGTGA-1","slingPseudotime_2",18.1381215717964,"B7H3","aucell_cytotoxic_score",0,"cytotoxic"
"ACCTGGAAGCTTTACGAGCTGTGA-1","slingPseudotime_3",18.7131947943336,"B7H3","aucell_exhausted_score",0.162541688608039,"exhausted"
"ACCTGGAAGCTTTACGAGCTGTGA-1","slingPseudotime_3",18.7131947943336,"B7H3","aucell_proliferating_score",0,"proliferating"
"ACCTGGAAGCTTTACGAGCTGTGA-1","slingPseudotime_3",18.7131947943336,"B7H3","aucell_naive_memory_score",0,"naive_memory"
"ACCTGGAAGCTTTACGAGCTGTGA-1","slingPseudotime_3",18.7131947943336,"B7H3","aucell_cytotoxic_score",0,"cytotoxic"
"ACGAATATCGCGTTCGAGCTGTGA-1","slingPseudotime_1",17.5427497105663,"B7H3","aucell_exhausted_score",0.261190100052659,"exhausted"
"ACGAATATCGCGTTCGAGCTGTGA-1","slingPseudotime_1",17.5427497105663,"B7H3","aucell_proliferating_score",0,"proliferating"
"ACGAATATCGCGTTCGAGCTGTGA-1","slingPseudotime_1",17.5427497105663,"B7H3","aucell_naive_memory_score",0.0652631578947368,"naive_memory"
"ACGAATATCGCGTTCGAGCTGTGA-1","slingPseudotime_1",17.5427497105663,"B7H3","aucell_cytotoxic_score",0,"cytotoxic"
"ACGAATATCGCGTTCGAGCTGTGA-1","slingPseudotime_2",17.8425444180854,"B7H3","aucell_exhausted_score",0.261190100052659,"exhausted"
"ACGAATATCGCGTTCGAGCTGTGA-1","slingPseudotime_2",17.8425444180854,"B7H3","aucell_proliferating_score",0,"proliferating"
"ACGAATATCGCGTTCGAGCTGTGA-1","slingPseudotime_2",17.8425444180854,"B7H3","aucell_naive_memory_score",0.0652631578947368,"naive_memory"
"ACGAATATCGCGTTCGAGCTGTGA-1","slingPseudotime_2",17.8425444180854,"B7H3","aucell_cytotoxic_score",0,"cytotoxic"
"ACGAATATCGCGTTCGAGCTGTGA-1","slingPseudotime_3",17.7991673616255,"B7H3","aucell_exhausted_score",0.261190100052659,"exhausted"
"ACGAATATCGCGTTCGAGCTGTGA-1","slingPseudotime_3",17.7991673616255,"B7H3","aucell_proliferating_score",0,"proliferating"
"ACGAATATCGCGTTCGAGCTGTGA-1","slingPseudotime_3",17.7991673616255,"B7H3","aucell_naive_memory_score",0.0652631578947368,"naive_memory"
"ACGAATATCGCGTTCGAGCTGTGA-1","slingPseudotime_3",17.7991673616255,"B7H3","aucell_cytotoxic_score",0,"cytotoxic"
"ACGCCACGTAGGTTTCAGCTGTGA-1","slingPseudotime_2",41.2547316089326,"B7H3","aucell_exhausted_score",0.322099350535369,"exhausted"
"ACGCCACGTAGGTTTCAGCTGTGA-1","slingPseudotime_2",41.2547316089326,"B7H3","aucell_proliferating_score",0,"proliferating"
"ACGCCACGTAGGTTTCAGCTGTGA-1","slingPseudotime_2",41.2547316089326,"B7H3","aucell_naive_memory_score",0,"naive_memory"
"ACGCCACGTAGGTTTCAGCTGTGA-1","slingPseudotime_2",41.2547316089326,"B7H3","aucell_cytotoxic_score",0.136738634368966,"cytotoxic"
"ACGCCTAGTACGCACCAGCTGTGA-1","slingPseudotime_2",38.7777339936623,"B7H3","aucell_exhausted_score",0.575215025451992,"exhausted"
"ACGCCTAGTACGCACCAGCTGTGA-1","slingPseudotime_2",38.7777339936623,"B7H3","aucell_proliferating_score",0,"proliferating"
"ACGCCTAGTACGCACCAGCTGTGA-1","slingPseudotime_2",38.7777339936623,"B7H3","aucell_naive_memory_score",0,"naive_memory"
"ACGCCTAGTACGCACCAGCTGTGA-1","slingPseudotime_2",38.7777339936623,"B7H3","aucell_cytotoxic_score",0.318939792873442,"cytotoxic"
"ACGCCTAGTATTCGGTAGCTGTGA-1","slingPseudotime_1",17.7414674728453,"B7H3","aucell_exhausted_score",0.110584518167457,"exhausted"
"ACGCCTAGTATTCGGTAGCTGTGA-1","slingPseudotime_1",17.7414674728453,"B7H3","aucell_proliferating_score",0.100631578947368,"proliferating"
"ACGCCTAGTATTCGGTAGCTGTGA-1","slingPseudotime_1",17.7414674728453,"B7H3","aucell_naive_memory_score",0.148631578947368,"naive_memory"
"ACGCCTAGTATTCGGTAGCTGTGA-1","slingPseudotime_1",17.7414674728453,"B7H3","aucell_cytotoxic_score",0,"cytotoxic"
"ACGCCTAGTATTCGGTAGCTGTGA-1","slingPseudotime_2",28.2729376948504,"B7H3","aucell_exhausted_score",0.110584518167457,"exhausted"
"ACGCCTAGTATTCGGTAGCTGTGA-1","slingPseudotime_2",28.2729376948504,"B7H3","aucell_proliferating_score",0.100631578947368,"proliferating"
"ACGCCTAGTATTCGGTAGCTGTGA-1","slingPseudotime_2",28.2729376948504,"B7H3","aucell_naive_memory_score",0.148631578947368,"naive_memory"
"ACGCCTAGTATTCGGTAGCTGTGA-1","slingPseudotime_2",28.2729376948504,"B7H3","aucell_cytotoxic_score",0,"cytotoxic"
"ACGCCTAGTATTCGGTAGCTGTGA-1","slingPseudotime_3",20.2974757241237,"B7H3","aucell_exhausted_score",0.110584518167457,"exhausted"
"ACGCCTAGTATTCGGTAGCTGTGA-1","slingPseudotime_3",20.2974757241237,"B7H3","aucell_proliferating_score",0.100631578947368,"proliferating"
"ACGCCTAGTATTCGGTAGCTGTGA-1","slingPseudotime_3",20.2974757241237,"B7H3","aucell_naive_memory_score",0.148631578947368,"naive_memory"
"ACGCCTAGTATTCGGTAGCTGTGA-1","slingPseudotime_3",20.2974757241237,"B7H3","aucell_cytotoxic_score",0,"cytotoxic"
"ACTAATGAGCAGGCTAAGCTGTGA-1","slingPseudotime_3",39.4633901325158,"B7H3","aucell_exhausted_score",0.103387747937511,"exhausted"
"ACTAATGAGCAGGCTAAGCTGTGA-1","slingPseudotime_3",39.4633901325158,"B7H3","aucell_proliferating_score",0,"proliferating"
"ACTAATGAGCAGGCTAAGCTGTGA-1","slingPseudotime_3",39.4633901325158,"B7H3","aucell_naive_memory_score",0.102105263157895,"naive_memory"
"ACTAATGAGCAGGCTAAGCTGTGA-1","slingPseudotime_3",39.4633901325158,"B7H3","aucell_cytotoxic_score",0,"cytotoxic"
"ACTAATGAGTCACCTAAGCTGTGA-1","slingPseudotime_1",15.7488778909591,"B7H3","aucell_exhausted_score",0,"exhausted"
"ACTAATGAGTCACCTAAGCTGTGA-1","slingPseudotime_1",15.7488778909591,"B7H3","aucell_proliferating_score",0,"proliferating"
"ACTAATGAGTCACCTAAGCTGTGA-1","slingPseudotime_1",15.7488778909591,"B7H3","aucell_naive_memory_score",0,"naive_memory"
"ACTAATGAGTCACCTAAGCTGTGA-1","slingPseudotime_1",15.7488778909591,"B7H3","aucell_cytotoxic_score",0,"cytotoxic"
"ACTAATGAGTCACCTAAGCTGTGA-1","slingPseudotime_2",16.1294403017088,"B7H3","aucell_exhausted_score",0,"exhausted"
"ACTAATGAGTCACCTAAGCTGTGA-1","slingPseudotime_2",16.1294403017088,"B7H3","aucell_proliferating_score",0,"proliferating"
"ACTAATGAGTCACCTAAGCTGTGA-1","slingPseudotime_2",16.1294403017088,"B7H3","aucell_naive_memory_score",0,"naive_memory"
"ACTAATGAGTCACCTAAGCTGTGA-1","slingPseudotime_2",16.1294403017088,"B7H3","aucell_cytotoxic_score",0,"cytotoxic"
"ACTAATGAGTCACCTAAGCTGTGA-1","slingPseudotime_3",18.7374103168422,"B7H3","aucell_exhausted_score",0,"exhausted"
"ACTAATGAGTCACCTAAGCTGTGA-1","slingPseudotime_3",18.7374103168422,"B7H3","aucell_proliferating_score",0,"proliferating"
"ACTAATGAGTCACCTAAGCTGTGA-1","slingPseudotime_3",18.7374103168422,"B7H3","aucell_naive_memory_score",0,"naive_memory"
"ACTAATGAGTCACCTAAGCTGTGA-1","slingPseudotime_3",18.7374103168422,"B7H3","aucell_cytotoxic_score",0,"cytotoxic"
"ACTTAGCGTTTGTCAAAGCTGTGA-1","slingPseudotime_1",17.3893127492077,"B7H3","aucell_exhausted_score",0.144988590486221,"exhausted"
"ACTTAGCGTTTGTCAAAGCTGTGA-1","slingPseudotime_1",17.3893127492077,"B7H3","aucell_proliferating_score",0,"proliferating"
"ACTTAGCGTTTGTCAAAGCTGTGA-1","slingPseudotime_1",17.3893127492077,"B7H3","aucell_naive_memory_score",0,"naive_memory"
"ACTTAGCGTTTGTCAAAGCTGTGA-1","slingPseudotime_1",17.3893127492077,"B7H3","aucell_cytotoxic_score",0.422503071792171,"cytotoxic"
"ACTTAGCGTTTGTCAAAGCTGTGA-1","slingPseudotime_2",17.9049910578021,"B7H3","aucell_exhausted_score",0.144988590486221,"exhausted"
"ACTTAGCGTTTGTCAAAGCTGTGA-1","slingPseudotime_2",17.9049910578021,"B7H3","aucell_proliferating_score",0,"proliferating"
"ACTTAGCGTTTGTCAAAGCTGTGA-1","slingPseudotime_2",17.9049910578021,"B7H3","aucell_naive_memory_score",0,"naive_memory"
"ACTTAGCGTTTGTCAAAGCTGTGA-1","slingPseudotime_2",17.9049910578021,"B7H3","aucell_cytotoxic_score",0.422503071792171,"cytotoxic"
"ACTTAGCGTTTGTCAAAGCTGTGA-1","slingPseudotime_3",18.6945743344282,"B7H3","aucell_exhausted_score",0.144988590486221,"exhausted"
"ACTTAGCGTTTGTCAAAGCTGTGA-1","slingPseudotime_3",18.6945743344282,"B7H3","aucell_proliferating_score",0,"proliferating"
"ACTTAGCGTTTGTCAAAGCTGTGA-1","slingPseudotime_3",18.6945743344282,"B7H3","aucell_naive_memory_score",0,"naive_memory"
"ACTTAGCGTTTGTCAAAGCTGTGA-1","slingPseudotime_3",18.6945743344282,"B7H3","aucell_cytotoxic_score",0.422503071792171,"cytotoxic"
"ACTTCGTCAACCTTGTAGCTGTGA-1","slingPseudotime_1",17.3515765890512,"B7H3","aucell_exhausted_score",0.227839213621204,"exhausted"
"ACTTCGTCAACCTTGTAGCTGTGA-1","slingPseudotime_1",17.3515765890512,"B7H3","aucell_proliferating_score",0,"proliferating"
"ACTTCGTCAACCTTGTAGCTGTGA-1","slingPseudotime_1",17.3515765890512,"B7H3","aucell_naive_memory_score",0.153894736842105,"naive_memory"
"ACTTCGTCAACCTTGTAGCTGTGA-1","slingPseudotime_1",17.3515765890512,"B7H3","aucell_cytotoxic_score",0,"cytotoxic"
"ACTTCGTCAACCTTGTAGCTGTGA-1","slingPseudotime_2",17.0499035951328,"B7H3","aucell_exhausted_score",0.227839213621204,"exhausted"
"ACTTCGTCAACCTTGTAGCTGTGA-1","slingPseudotime_2",17.0499035951328,"B7H3","aucell_proliferating_score",0,"proliferating"
"ACTTCGTCAACCTTGTAGCTGTGA-1","slingPseudotime_2",17.0499035951328,"B7H3","aucell_naive_memory_score",0.153894736842105,"naive_memory"
"ACTTCGTCAACCTTGTAGCTGTGA-1","slingPseudotime_2",17.0499035951328,"B7H3","aucell_cytotoxic_score",0,"cytotoxic"
"ACTTCGTCAACCTTGTAGCTGTGA-1","slingPseudotime_3",16.5690691794951,"B7H3","aucell_exhausted_score",0.227839213621204,"exhausted"
"ACTTCGTCAACCTTGTAGCTGTGA-1","slingPseudotime_3",16.5690691794951,"B7H3","aucell_proliferating_score",0,"proliferating"
"ACTTCGTCAACCTTGTAGCTGTGA-1","slingPseudotime_3",16.5690691794951,"B7H3","aucell_naive_memory_score",0.153894736842105,"naive_memory"
"ACTTCGTCAACCTTGTAGCTGTGA-1","slingPseudotime_3",16.5690691794951,"B7H3","aucell_cytotoxic_score",0,"cytotoxic"
"AGAAACCTCGGTACGAAGCTGTGA-1","slingPseudotime_2",37.5240293413443,"B7H3","aucell_exhausted_score",0.436545550289626,"exhausted"
"AGAAACCTCGGTACGAAGCTGTGA-1","slingPseudotime_2",37.5240293413443,"B7H3","aucell_proliferating_score",0,"proliferating"
"AGAAACCTCGGTACGAAGCTGTGA-1","slingPseudotime_2",37.5240293413443,"B7H3","aucell_naive_memory_score",0,"naive_memory"
"AGAAACCTCGGTACGAAGCTGTGA-1","slingPseudotime_2",37.5240293413443,"B7H3","aucell_cytotoxic_score",0.154993856415657,"cytotoxic"
"AGAAAGGTCGCGGAACAGCTGTGA-1","slingPseudotime_2",34.1565759157977,"B7H3","aucell_exhausted_score",0.352641741267334,"exhausted"
"AGAAAGGTCGCGGAACAGCTGTGA-1","slingPseudotime_2",34.1565759157977,"B7H3","aucell_proliferating_score",0,"proliferating"
"AGAAAGGTCGCGGAACAGCTGTGA-1","slingPseudotime_2",34.1565759157977,"B7H3","aucell_naive_memory_score",0.342315789473684,"naive_memory"
"AGAAAGGTCGCGGAACAGCTGTGA-1","slingPseudotime_2",34.1565759157977,"B7H3","aucell_cytotoxic_score",0,"cytotoxic"
"AGAAATGCACGATTAGAGCTGTGA-1","slingPseudotime_1",47.2515202904494,"B7H3","aucell_exhausted_score",0.275057047568896,"exhausted"
"AGAAATGCACGATTAGAGCTGTGA-1","slingPseudotime_1",47.2515202904494,"B7H3","aucell_proliferating_score",0.460631578947368,"proliferating"
"AGAAATGCACGATTAGAGCTGTGA-1","slingPseudotime_1",47.2515202904494,"B7H3","aucell_naive_memory_score",0,"naive_memory"
"AGAAATGCACGATTAGAGCTGTGA-1","slingPseudotime_1",47.2515202904494,"B7H3","aucell_cytotoxic_score",0,"cytotoxic"
"AGACTGAGTTAAGTCCAGCTGTGA-1","slingPseudotime_1",21.8598585381225,"B7H3","aucell_exhausted_score",0.165174653326312,"exhausted"
"AGACTGAGTTAAGTCCAGCTGTGA-1","slingPseudotime_1",21.8598585381225,"B7H3","aucell_proliferating_score",0,"proliferating"
"AGACTGAGTTAAGTCCAGCTGTGA-1","slingPseudotime_1",21.8598585381225,"B7H3","aucell_naive_memory_score",0.0852631578947368,"naive_memory"
"AGACTGAGTTAAGTCCAGCTGTGA-1","slingPseudotime_1",21.8598585381225,"B7H3","aucell_cytotoxic_score",0,"cytotoxic"
"AGACTGAGTTAAGTCCAGCTGTGA-1","slingPseudotime_2",28.9142135896433,"B7H3","aucell_exhausted_score",0.165174653326312,"exhausted"
"AGACTGAGTTAAGTCCAGCTGTGA-1","slingPseudotime_2",28.9142135896433,"B7H3","aucell_proliferating_score",0,"proliferating"
"AGACTGAGTTAAGTCCAGCTGTGA-1","slingPseudotime_2",28.9142135896433,"B7H3","aucell_naive_memory_score",0.0852631578947368,"naive_memory"
"AGACTGAGTTAAGTCCAGCTGTGA-1","slingPseudotime_2",28.9142135896433,"B7H3","aucell_cytotoxic_score",0,"cytotoxic"
"AGACTGAGTTAAGTCCAGCTGTGA-1","slingPseudotime_3",22.1110441418871,"B7H3","aucell_exhausted_score",0.165174653326312,"exhausted"
"AGACTGAGTTAAGTCCAGCTGTGA-1","slingPseudotime_3",22.1110441418871,"B7H3","aucell_proliferating_score",0,"proliferating"
"AGACTGAGTTAAGTCCAGCTGTGA-1","slingPseudotime_3",22.1110441418871,"B7H3","aucell_naive_memory_score",0.0852631578947368,"naive_memory"
"AGACTGAGTTAAGTCCAGCTGTGA-1","slingPseudotime_3",22.1110441418871,"B7H3","aucell_cytotoxic_score",0,"cytotoxic"
"AGATGCCCAATAAGCTAGCTGTGA-1","slingPseudotime_2",30.9271820982518,"B7H3","aucell_exhausted_score",0.114621730735475,"exhausted"
"AGATGCCCAATAAGCTAGCTGTGA-1","slingPseudotime_2",30.9271820982518,"B7H3","aucell_proliferating_score",0,"proliferating"
"AGATGCCCAATAAGCTAGCTGTGA-1","slingPseudotime_2",30.9271820982518,"B7H3","aucell_naive_memory_score",0,"naive_memory"
"AGATGCCCAATAAGCTAGCTGTGA-1","slingPseudotime_2",30.9271820982518,"B7H3","aucell_cytotoxic_score",0.161312971739512,"cytotoxic"
"AGATGCCCAGTTATCCAGCTGTGA-1","slingPseudotime_2",35.2643845095293,"B7H3","aucell_exhausted_score",0.162366157626821,"exhausted"
"AGATGCCCAGTTATCCAGCTGTGA-1","slingPseudotime_2",35.2643845095293,"B7H3","aucell_proliferating_score",0,"proliferating"
"AGATGCCCAGTTATCCAGCTGTGA-1","slingPseudotime_2",35.2643845095293,"B7H3","aucell_naive_memory_score",0.161684210526316,"naive_memory"
"AGATGCCCAGTTATCCAGCTGTGA-1","slingPseudotime_2",35.2643845095293,"B7H3","aucell_cytotoxic_score",0,"cytotoxic"
"AGATTGATCGGGACTAAGCTGTGA-1","slingPseudotime_1",21.933156259753,"B7H3","aucell_exhausted_score",0.166754432157276,"exhausted"
"AGATTGATCGGGACTAAGCTGTGA-1","slingPseudotime_1",21.933156259753,"B7H3","aucell_proliferating_score",0,"proliferating"
"AGATTGATCGGGACTAAGCTGTGA-1","slingPseudotime_1",21.933156259753,"B7H3","aucell_naive_memory_score",0,"naive_memory"
"AGATTGATCGGGACTAAGCTGTGA-1","slingPseudotime_1",21.933156259753,"B7H3","aucell_cytotoxic_score",0,"cytotoxic"
"AGATTGATCGGGACTAAGCTGTGA-1","slingPseudotime_2",23.7346580373142,"B7H3","aucell_exhausted_score",0.166754432157276,"exhausted"
"AGATTGATCGGGACTAAGCTGTGA-1","slingPseudotime_2",23.7346580373142,"B7H3","aucell_proliferating_score",0,"proliferating"
"AGATTGATCGGGACTAAGCTGTGA-1","slingPseudotime_2",23.7346580373142,"B7H3","aucell_naive_memory_score",0,"naive_memory"
"AGATTGATCGGGACTAAGCTGTGA-1","slingPseudotime_2",23.7346580373142,"B7H3","aucell_cytotoxic_score",0,"cytotoxic"
"AGATTGATCGGGACTAAGCTGTGA-1","slingPseudotime_3",25.2024450575119,"B7H3","aucell_exhausted_score",0.166754432157276,"exhausted"
"AGATTGATCGGGACTAAGCTGTGA-1","slingPseudotime_3",25.2024450575119,"B7H3","aucell_proliferating_score",0,"proliferating"
"AGATTGATCGGGACTAAGCTGTGA-1","slingPseudotime_3",25.2024450575119,"B7H3","aucell_naive_memory_score",0,"naive_memory"
"AGATTGATCGGGACTAAGCTGTGA-1","slingPseudotime_3",25.2024450575119,"B7H3","aucell_cytotoxic_score",0,"cytotoxic"
"AGCCAATAGGTGGATTAGCTGTGA-1","slingPseudotime_1",15.5630099570208,"B7H3","aucell_exhausted_score",0,"exhausted"
"AGCCAATAGGTGGATTAGCTGTGA-1","slingPseudotime_1",15.5630099570208,"B7H3","aucell_proliferating_score",0,"proliferating"
"AGCCAATAGGTGGATTAGCTGTGA-1","slingPseudotime_1",15.5630099570208,"B7H3","aucell_naive_memory_score",0,"naive_memory"
"AGCCAATAGGTGGATTAGCTGTGA-1","slingPseudotime_1",15.5630099570208,"B7H3","aucell_cytotoxic_score",0.216254168860804,"cytotoxic"
"AGCCAATAGGTGGATTAGCTGTGA-1","slingPseudotime_2",16.1293657150805,"B7H3","aucell_exhausted_score",0,"exhausted"
"AGCCAATAGGTGGATTAGCTGTGA-1","slingPseudotime_2",16.1293657150805,"B7H3","aucell_proliferating_score",0,"proliferating"
"AGCCAATAGGTGGATTAGCTGTGA-1","slingPseudotime_2",16.1293657150805,"B7H3","aucell_naive_memory_score",0,"naive_memory"
"AGCCAATAGGTGGATTAGCTGTGA-1","slingPseudotime_2",16.1293657150805,"B7H3","aucell_cytotoxic_score",0.216254168860804,"cytotoxic"
"AGCCAATAGGTGGATTAGCTGTGA-1","slingPseudotime_3",18.4949253924647,"B7H3","aucell_exhausted_score",0,"exhausted"
"AGCCAATAGGTGGATTAGCTGTGA-1","slingPseudotime_3",18.4949253924647,"B7H3","aucell_proliferating_score",0,"proliferating"
"AGCCAATAGGTGGATTAGCTGTGA-1","slingPseudotime_3",18.4949253924647,"B7H3","aucell_naive_memory_score",0,"naive_memory"
"AGCCAATAGGTGGATTAGCTGTGA-1","slingPseudotime_3",18.4949253924647,"B7H3","aucell_cytotoxic_score",0.216254168860804,"cytotoxic"
"AGCCCTGTCGATTCTGAGCTGTGA-1","slingPseudotime_1",52.6787255259686,"B7H3","aucell_exhausted_score",0.444619975425663,"exhausted"
"AGCCCTGTCGATTCTGAGCTGTGA-1","slingPseudotime_1",52.6787255259686,"B7H3","aucell_proliferating_score",0.088,"proliferating"
"AGCCCTGTCGATTCTGAGCTGTGA-1","slingPseudotime_1",52.6787255259686,"B7H3","aucell_naive_memory_score",0,"naive_memory"
"AGCCCTGTCGATTCTGAGCTGTGA-1","slingPseudotime_1",52.6787255259686,"B7H3","aucell_cytotoxic_score",0.256801825522205,"cytotoxic"
"AGCGAAGCAAGTTGCAAGCTGTGA-1","slingPseudotime_1",39.1307904611242,"B7H3","aucell_exhausted_score",0.166403370194839,"exhausted"
"AGCGAAGCAAGTTGCAAGCTGTGA-1","slingPseudotime_1",39.1307904611242,"B7H3","aucell_proliferating_score",0.362315789473684,"proliferating"
"AGCGAAGCAAGTTGCAAGCTGTGA-1","slingPseudotime_1",39.1307904611242,"B7H3","aucell_naive_memory_score",0.0313684210526316,"naive_memory"
"AGCGAAGCAAGTTGCAAGCTGTGA-1","slingPseudotime_1",39.1307904611242,"B7H3","aucell_cytotoxic_score",0.155520449359312,"cytotoxic"
"AGCGGCTAGCAAGTTAAGCTGTGA-1","slingPseudotime_1",8.34190391256919,"B7H3","aucell_exhausted_score",0.26786027733895,"exhausted"
"AGCGGCTAGCAAGTTAAGCTGTGA-1","slingPseudotime_1",8.34190391256919,"B7H3","aucell_proliferating_score",0,"proliferating"
"AGCGGCTAGCAAGTTAAGCTGTGA-1","slingPseudotime_1",8.34190391256919,"B7H3","aucell_naive_memory_score",0.0730526315789474,"naive_memory"
"AGCGGCTAGCAAGTTAAGCTGTGA-1","slingPseudotime_1",8.34190391256919,"B7H3","aucell_cytotoxic_score",0.155169387396876,"cytotoxic"
"AGCGGCTAGCAAGTTAAGCTGTGA-1","slingPseudotime_2",33.9882801252644,"B7H3","aucell_exhausted_score",0.26786027733895,"exhausted"
"AGCGGCTAGCAAGTTAAGCTGTGA-1","slingPseudotime_2",33.9882801252644,"B7H3","aucell_proliferating_score",0,"proliferating"
"AGCGGCTAGCAAGTTAAGCTGTGA-1","slingPseudotime_2",33.9882801252644,"B7H3","aucell_naive_memory_score",0.0730526315789474,"naive_memory"
"AGCGGCTAGCAAGTTAAGCTGTGA-1","slingPseudotime_2",33.9882801252644,"B7H3","aucell_cytotoxic_score",0.155169387396876,"cytotoxic"
"AGCGGCTAGCAAGTTAAGCTGTGA-1","slingPseudotime_3",8.11303601194634,"B7H3","aucell_exhausted_score",0.26786027733895,"exhausted"
"AGCGGCTAGCAAGTTAAGCTGTGA-1","slingPseudotime_3",8.11303601194634,"B7H3","aucell_proliferating_score",0,"proliferating"
"AGCGGCTAGCAAGTTAAGCTGTGA-1","slingPseudotime_3",8.11303601194634,"B7H3","aucell_naive_memory_score",0.0730526315789474,"naive_memory"
"AGCGGCTAGCAAGTTAAGCTGTGA-1","slingPseudotime_3",8.11303601194634,"B7H3","aucell_cytotoxic_score",0.155169387396876,"cytotoxic"
"AGCTACCTCCCGTTGGAGCTGTGA-1","slingPseudotime_1",20.7023776251191,"B7H3","aucell_exhausted_score",0.212392487274004,"exhausted"
"AGCTACCTCCCGTTGGAGCTGTGA-1","slingPseudotime_1",20.7023776251191,"B7H3","aucell_proliferating_score",0,"proliferating"
"AGCTACCTCCCGTTGGAGCTGTGA-1","slingPseudotime_1",20.7023776251191,"B7H3","aucell_naive_memory_score",0.0227368421052632,"naive_memory"
"AGCTACCTCCCGTTGGAGCTGTGA-1","slingPseudotime_1",20.7023776251191,"B7H3","aucell_cytotoxic_score",0,"cytotoxic"
"AGCTACCTCCCGTTGGAGCTGTGA-1","slingPseudotime_2",28.117522724605,"B7H3","aucell_exhausted_score",0.212392487274004,"exhausted"
"AGCTACCTCCCGTTGGAGCTGTGA-1","slingPseudotime_2",28.117522724605,"B7H3","aucell_proliferating_score",0,"proliferating"
"AGCTACCTCCCGTTGGAGCTGTGA-1","slingPseudotime_2",28.117522724605,"B7H3","aucell_naive_memory_score",0.0227368421052632,"naive_memory"
"AGCTACCTCCCGTTGGAGCTGTGA-1","slingPseudotime_2",28.117522724605,"B7H3","aucell_cytotoxic_score",0,"cytotoxic"
"AGCTACCTCCCGTTGGAGCTGTGA-1","slingPseudotime_3",21.600092231939,"B7H3","aucell_exhausted_score",0.212392487274004,"exhausted"
"AGCTACCTCCCGTTGGAGCTGTGA-1","slingPseudotime_3",21.600092231939,"B7H3","aucell_proliferating_score",0,"proliferating"
"AGCTACCTCCCGTTGGAGCTGTGA-1","slingPseudotime_3",21.600092231939,"B7H3","aucell_naive_memory_score",0.0227368421052632,"naive_memory"
"AGCTACCTCCCGTTGGAGCTGTGA-1","slingPseudotime_3",21.600092231939,"B7H3","aucell_cytotoxic_score",0,"cytotoxic"
"AGCTGCAAGCTGATGGAGCTGTGA-1","slingPseudotime_1",18.9114188390345,"B7H3","aucell_exhausted_score",0.165174653326312,"exhausted"
"AGCTGCAAGCTGATGGAGCTGTGA-1","slingPseudotime_1",18.9114188390345,"B7H3","aucell_proliferating_score",0,"proliferating"
"AGCTGCAAGCTGATGGAGCTGTGA-1","slingPseudotime_1",18.9114188390345,"B7H3","aucell_naive_memory_score",0.142526315789474,"naive_memory"
"AGCTGCAAGCTGATGGAGCTGTGA-1","slingPseudotime_1",18.9114188390345,"B7H3","aucell_cytotoxic_score",0.166227839213621,"cytotoxic"
"AGCTGCAAGCTGATGGAGCTGTGA-1","slingPseudotime_2",29.9548333535292,"B7H3","aucell_exhausted_score",0.165174653326312,"exhausted"
"AGCTGCAAGCTGATGGAGCTGTGA-1","slingPseudotime_2",29.9548333535292,"B7H3","aucell_proliferating_score",0,"proliferating"
"AGCTGCAAGCTGATGGAGCTGTGA-1","slingPseudotime_2",29.9548333535292,"B7H3","aucell_naive_memory_score",0.142526315789474,"naive_memory"
"AGCTGCAAGCTGATGGAGCTGTGA-1","slingPseudotime_2",29.9548333535292,"B7H3","aucell_cytotoxic_score",0.166227839213621,"cytotoxic"
"AGCTGCAAGCTGATGGAGCTGTGA-1","slingPseudotime_3",20.2398997339721,"B7H3","aucell_exhausted_score",0.165174653326312,"exhausted"
"AGCTGCAAGCTGATGGAGCTGTGA-1","slingPseudotime_3",20.2398997339721,"B7H3","aucell_proliferating_score",0,"proliferating"
"AGCTGCAAGCTGATGGAGCTGTGA-1","slingPseudotime_3",20.2398997339721,"B7H3","aucell_naive_memory_score",0.142526315789474,"naive_memory"
"AGCTGCAAGCTGATGGAGCTGTGA-1","slingPseudotime_3",20.2398997339721,"B7H3","aucell_cytotoxic_score",0.166227839213621,"cytotoxic"
"AGGAACCGTACTTACAAGCTGTGA-1","slingPseudotime_2",33.3382405355139,"B7H3","aucell_exhausted_score",0.16535018430753,"exhausted"
"AGGAACCGTACTTACAAGCTGTGA-1","slingPseudotime_2",33.3382405355139,"B7H3","aucell_proliferating_score",0,"proliferating"
"AGGAACCGTACTTACAAGCTGTGA-1","slingPseudotime_2",33.3382405355139,"B7H3","aucell_naive_memory_score",0.0831578947368421,"naive_memory"
"AGGAACCGTACTTACAAGCTGTGA-1","slingPseudotime_2",33.3382405355139,"B7H3","aucell_cytotoxic_score",0.136212041425312,"cytotoxic"
"AGGCTATAGCACTACCAGCTGTGA-1","slingPseudotime_1",20.7497213485381,"B7H3","aucell_exhausted_score",0.165701246269967,"exhausted"
"AGGCTATAGCACTACCAGCTGTGA-1","slingPseudotime_1",20.7497213485381,"B7H3","aucell_proliferating_score",0,"proliferating"
"AGGCTATAGCACTACCAGCTGTGA-1","slingPseudotime_1",20.7497213485381,"B7H3","aucell_naive_memory_score",0,"naive_memory"
"AGGCTATAGCACTACCAGCTGTGA-1","slingPseudotime_1",20.7497213485381,"B7H3","aucell_cytotoxic_score",0.15183429875373,"cytotoxic"
"AGGCTATAGCACTACCAGCTGTGA-1","slingPseudotime_2",29.6382406742292,"B7H3","aucell_exhausted_score",0.165701246269967,"exhausted"
"AGGCTATAGCACTACCAGCTGTGA-1","slingPseudotime_2",29.6382406742292,"B7H3","aucell_proliferating_score",0,"proliferating"
"AGGCTATAGCACTACCAGCTGTGA-1","slingPseudotime_2",29.6382406742292,"B7H3","aucell_naive_memory_score",0,"naive_memory"
"AGGCTATAGCACTACCAGCTGTGA-1","slingPseudotime_2",29.6382406742292,"B7H3","aucell_cytotoxic_score",0.15183429875373,"cytotoxic"
"AGGCTATAGCACTACCAGCTGTGA-1","slingPseudotime_3",21.8576912585561,"B7H3","aucell_exhausted_score",0.165701246269967,"exhausted"
"AGGCTATAGCACTACCAGCTGTGA-1","slingPseudotime_3",21.8576912585561,"B7H3","aucell_proliferating_score",0,"proliferating"
"AGGCTATAGCACTACCAGCTGTGA-1","slingPseudotime_3",21.8576912585561,"B7H3","aucell_naive_memory_score",0,"naive_memory"
"AGGCTATAGCACTACCAGCTGTGA-1","slingPseudotime_3",21.8576912585561,"B7H3","aucell_cytotoxic_score",0.15183429875373,"cytotoxic"
"AGGGAGTAGATTCGTTAGCTGTGA-1","slingPseudotime_1",14.0710122956623,"B7H3","aucell_exhausted_score",0,"exhausted"
"AGGGAGTAGATTCGTTAGCTGTGA-1","slingPseudotime_1",14.0710122956623,"B7H3","aucell_proliferating_score",0,"proliferating"
"AGGGAGTAGATTCGTTAGCTGTGA-1","slingPseudotime_1",14.0710122956623,"B7H3","aucell_naive_memory_score",0.328,"naive_memory"
"AGGGAGTAGATTCGTTAGCTGTGA-1","slingPseudotime_1",14.0710122956623,"B7H3","aucell_cytotoxic_score",0.405652097595226,"cytotoxic"
"AGGGAGTAGATTCGTTAGCTGTGA-1","slingPseudotime_2",13.8399017992318,"B7H3","aucell_exhausted_score",0,"exhausted"
"AGGGAGTAGATTCGTTAGCTGTGA-1","slingPseudotime_2",13.8399017992318,"B7H3","aucell_proliferating_score",0,"proliferating"
"AGGGAGTAGATTCGTTAGCTGTGA-1","slingPseudotime_2",13.8399017992318,"B7H3","aucell_naive_memory_score",0.328,"naive_memory"
"AGGGAGTAGATTCGTTAGCTGTGA-1","slingPseudotime_2",13.8399017992318,"B7H3","aucell_cytotoxic_score",0.405652097595226,"cytotoxic"
"AGGGAGTAGATTCGTTAGCTGTGA-1","slingPseudotime_3",13.8051759559462,"B7H3","aucell_exhausted_score",0,"exhausted"
"AGGGAGTAGATTCGTTAGCTGTGA-1","slingPseudotime_3",13.8051759559462,"B7H3","aucell_proliferating_score",0,"proliferating"
"AGGGAGTAGATTCGTTAGCTGTGA-1","slingPseudotime_3",13.8051759559462,"B7H3","aucell_naive_memory_score",0.328,"naive_memory"
"AGGGAGTAGATTCGTTAGCTGTGA-1","slingPseudotime_3",13.8051759559462,"B7H3","aucell_cytotoxic_score",0.405652097595226,"cytotoxic"
"AGGGAGTAGGAACCTGAGCTGTGA-1","slingPseudotime_2",36.9120765934718,"B7H3","aucell_exhausted_score",0.27856766719326,"exhausted"
"AGGGAGTAGGAACCTGAGCTGTGA-1","slingPseudotime_2",36.9120765934718,"B7H3","aucell_proliferating_score",0,"proliferating"
"AGGGAGTAGGAACCTGAGCTGTGA-1","slingPseudotime_2",36.9120765934718,"B7H3","aucell_naive_memory_score",0.0915789473684211,"naive_memory"
"AGGGAGTAGGAACCTGAGCTGTGA-1","slingPseudotime_2",36.9120765934718,"B7H3","aucell_cytotoxic_score",0,"cytotoxic"
"AGGGAGTAGGAACCTGAGCTGTGA-1","slingPseudotime_3",32.412412013896,"B7H3","aucell_exhausted_score",0.27856766719326,"exhausted"
"AGGGAGTAGGAACCTGAGCTGTGA-1","slingPseudotime_3",32.412412013896,"B7H3","aucell_proliferating_score",0,"proliferating"
"AGGGAGTAGGAACCTGAGCTGTGA-1","slingPseudotime_3",32.412412013896,"B7H3","aucell_naive_memory_score",0.0915789473684211,"naive_memory"
"AGGGAGTAGGAACCTGAGCTGTGA-1","slingPseudotime_3",32.412412013896,"B7H3","aucell_cytotoxic_score",0,"cytotoxic"
"AGGGCTATCACTTCGAAGCTGTGA-1","slingPseudotime_1",16.4383709081513,"B7H3","aucell_exhausted_score",0,"exhausted"
"AGGGCTATCACTTCGAAGCTGTGA-1","slingPseudotime_1",16.4383709081513,"B7H3","aucell_proliferating_score",0.137473684210526,"proliferating"
"AGGGCTATCACTTCGAAGCTGTGA-1","slingPseudotime_1",16.4383709081513,"B7H3","aucell_naive_memory_score",0,"naive_memory"
"AGGGCTATCACTTCGAAGCTGTGA-1","slingPseudotime_1",16.4383709081513,"B7H3","aucell_cytotoxic_score",0,"cytotoxic"
"AGGGCTATCACTTCGAAGCTGTGA-1","slingPseudotime_2",16.8897142180572,"B7H3","aucell_exhausted_score",0,"exhausted"
"AGGGCTATCACTTCGAAGCTGTGA-1","slingPseudotime_2",16.8897142180572,"B7H3","aucell_proliferating_score",0.137473684210526,"proliferating"
"AGGGCTATCACTTCGAAGCTGTGA-1","slingPseudotime_2",16.8897142180572,"B7H3","aucell_naive_memory_score",0,"naive_memory"
"AGGGCTATCACTTCGAAGCTGTGA-1","slingPseudotime_2",16.8897142180572,"B7H3","aucell_cytotoxic_score",0,"cytotoxic"
"AGGGCTATCACTTCGAAGCTGTGA-1","slingPseudotime_3",16.5690691794951,"B7H3","aucell_exhausted_score",0,"exhausted"
"AGGGCTATCACTTCGAAGCTGTGA-1","slingPseudotime_3",16.5690691794951,"B7H3","aucell_proliferating_score",0.137473684210526,"proliferating"
"AGGGCTATCACTTCGAAGCTGTGA-1","slingPseudotime_3",16.5690691794951,"B7H3","aucell_naive_memory_score",0,"naive_memory"
"AGGGCTATCACTTCGAAGCTGTGA-1","slingPseudotime_3",16.5690691794951,"B7H3","aucell_cytotoxic_score",0,"cytotoxic"
"AGTAACGGTTCGGTCAAGCTGTGA-1","slingPseudotime_1",17.7516354336245,"B7H3","aucell_exhausted_score",0.065473055994383,"exhausted"
"AGTAACGGTTCGGTCAAGCTGTGA-1","slingPseudotime_1",17.7516354336245,"B7H3","aucell_proliferating_score",0,"proliferating"
"AGTAACGGTTCGGTCAAGCTGTGA-1","slingPseudotime_1",17.7516354336245,"B7H3","aucell_naive_memory_score",0,"naive_memory"
"AGTAACGGTTCGGTCAAGCTGTGA-1","slingPseudotime_1",17.7516354336245,"B7H3","aucell_cytotoxic_score",0.165701246269967,"cytotoxic"
"AGTAACGGTTCGGTCAAGCTGTGA-1","slingPseudotime_2",17.3646224004286,"B7H3","aucell_exhausted_score",0.065473055994383,"exhausted"
"AGTAACGGTTCGGTCAAGCTGTGA-1","slingPseudotime_2",17.3646224004286,"B7H3","aucell_proliferating_score",0,"proliferating"
"AGTAACGGTTCGGTCAAGCTGTGA-1","slingPseudotime_2",17.3646224004286,"B7H3","aucell_naive_memory_score",0,"naive_memory"
"AGTAACGGTTCGGTCAAGCTGTGA-1","slingPseudotime_2",17.3646224004286,"B7H3","aucell_cytotoxic_score",0.165701246269967,"cytotoxic"
"AGTAACGGTTCGGTCAAGCTGTGA-1","slingPseudotime_3",17.8766126766694,"B7H3","aucell_exhausted_score",0.065473055994383,"exhausted"
"AGTAACGGTTCGGTCAAGCTGTGA-1","slingPseudotime_3",17.8766126766694,"B7H3","aucell_proliferating_score",0,"proliferating"
"AGTAACGGTTCGGTCAAGCTGTGA-1","slingPseudotime_3",17.8766126766694,"B7H3","aucell_naive_memory_score",0,"naive_memory"
"AGTAACGGTTCGGTCAAGCTGTGA-1","slingPseudotime_3",17.8766126766694,"B7H3","aucell_cytotoxic_score",0.165701246269967,"cytotoxic"
"AGTATCCGTAACCGCCAGCTGTGA-1","slingPseudotime_1",18.8827318795342,"B7H3","aucell_exhausted_score",0.156924697209057,"exhausted"
"AGTATCCGTAACCGCCAGCTGTGA-1","slingPseudotime_1",18.8827318795342,"B7H3","aucell_proliferating_score",0,"proliferating"
"AGTATCCGTAACCGCCAGCTGTGA-1","slingPseudotime_1",18.8827318795342,"B7H3","aucell_naive_memory_score",0,"naive_memory"
"AGTATCCGTAACCGCCAGCTGTGA-1","slingPseudotime_1",18.8827318795342,"B7H3","aucell_cytotoxic_score",0,"cytotoxic"
"AGTATCCGTAACCGCCAGCTGTGA-1","slingPseudotime_2",19.0124874136659,"B7H3","aucell_exhausted_score",0.156924697209057,"exhausted"
"AGTATCCGTAACCGCCAGCTGTGA-1","slingPseudotime_2",19.0124874136659,"B7H3","aucell_proliferating_score",0,"proliferating"
"AGTATCCGTAACCGCCAGCTGTGA-1","slingPseudotime_2",19.0124874136659,"B7H3","aucell_naive_memory_score",0,"naive_memory"
"AGTATCCGTAACCGCCAGCTGTGA-1","slingPseudotime_2",19.0124874136659,"B7H3","aucell_cytotoxic_score",0,"cytotoxic"
"AGTATCCGTAACCGCCAGCTGTGA-1","slingPseudotime_3",19.0157833899396,"B7H3","aucell_exhausted_score",0.156924697209057,"exhausted"
"AGTATCCGTAACCGCCAGCTGTGA-1","slingPseudotime_3",19.0157833899396,"B7H3","aucell_proliferating_score",0,"proliferating"
"AGTATCCGTAACCGCCAGCTGTGA-1","slingPseudotime_3",19.0157833899396,"B7H3","aucell_naive_memory_score",0,"naive_memory"
"AGTATCCGTAACCGCCAGCTGTGA-1","slingPseudotime_3",19.0157833899396,"B7H3","aucell_cytotoxic_score",0,"cytotoxic"
"AGTGATTCATTTGCTAAGCTGTGA-1","slingPseudotime_2",31.4866793086996,"B7H3","aucell_exhausted_score",0.310514305774969,"exhausted"
"AGTGATTCATTTGCTAAGCTGTGA-1","slingPseudotime_2",31.4866793086996,"B7H3","aucell_proliferating_score",0,"proliferating"
"AGTGATTCATTTGCTAAGCTGTGA-1","slingPseudotime_2",31.4866793086996,"B7H3","aucell_naive_memory_score",0,"naive_memory"
"AGTGATTCATTTGCTAAGCTGTGA-1","slingPseudotime_2",31.4866793086996,"B7H3","aucell_cytotoxic_score",0.558188520273828,"cytotoxic"
"ATACTGGCATTTATCGAGCTGTGA-1","slingPseudotime_1",51.7588473245532,"B7H3","aucell_exhausted_score",0.168509741969458,"exhausted"
"ATACTGGCATTTATCGAGCTGTGA-1","slingPseudotime_1",51.7588473245532,"B7H3","aucell_proliferating_score",0.615368421052632,"proliferating"
"ATACTGGCATTTATCGAGCTGTGA-1","slingPseudotime_1",51.7588473245532,"B7H3","aucell_naive_memory_score",0,"naive_memory"
"ATACTGGCATTTATCGAGCTGTGA-1","slingPseudotime_1",51.7588473245532,"B7H3","aucell_cytotoxic_score",0,"cytotoxic"
"ATAGGCTAGACGCATGAGCTGTGA-1","slingPseudotime_1",14.8407666727723,"B7H3","aucell_exhausted_score",0.10444093382482,"exhausted"
"ATAGGCTAGACGCATGAGCTGTGA-1","slingPseudotime_1",14.8407666727723,"B7H3","aucell_proliferating_score",0,"proliferating"
"ATAGGCTAGACGCATGAGCTGTGA-1","slingPseudotime_1",14.8407666727723,"B7H3","aucell_naive_memory_score",0,"naive_memory"
"ATAGGCTAGACGCATGAGCTGTGA-1","slingPseudotime_1",14.8407666727723,"B7H3","aucell_cytotoxic_score",0.436721081270844,"cytotoxic"
"ATAGGCTAGACGCATGAGCTGTGA-1","slingPseudotime_2",14.9335185484167,"B7H3","aucell_exhausted_score",0.10444093382482,"exhausted"
"ATAGGCTAGACGCATGAGCTGTGA-1","slingPseudotime_2",14.9335185484167,"B7H3","aucell_proliferating_score",0,"proliferating"
"ATAGGCTAGACGCATGAGCTGTGA-1","slingPseudotime_2",14.9335185484167,"B7H3","aucell_naive_memory_score",0,"naive_memory"
"ATAGGCTAGACGCATGAGCTGTGA-1","slingPseudotime_2",14.9335185484167,"B7H3","aucell_cytotoxic_score",0.436721081270844,"cytotoxic"
"ATAGGCTAGACGCATGAGCTGTGA-1","slingPseudotime_3",15.068971361942,"B7H3","aucell_exhausted_score",0.10444093382482,"exhausted"
"ATAGGCTAGACGCATGAGCTGTGA-1","slingPseudotime_3",15.068971361942,"B7H3","aucell_proliferating_score",0,"proliferating"
"ATAGGCTAGACGCATGAGCTGTGA-1","slingPseudotime_3",15.068971361942,"B7H3","aucell_naive_memory_score",0,"naive_memory"
"ATAGGCTAGACGCATGAGCTGTGA-1","slingPseudotime_3",15.068971361942,"B7H3","aucell_cytotoxic_score",0.436721081270844,"cytotoxic"
"ATCATCAGTGTCCAGCAGCTGTGA-1","slingPseudotime_1",48.5317343267599,"B7H3","aucell_exhausted_score",0.108127084430402,"exhausted"
"ATCATCAGTGTCCAGCAGCTGTGA-1","slingPseudotime_1",48.5317343267599,"B7H3","aucell_proliferating_score",0.417473684210526,"proliferating"
"ATCATCAGTGTCCAGCAGCTGTGA-1","slingPseudotime_1",48.5317343267599,"B7H3","aucell_naive_memory_score",0,"naive_memory"
"ATCATCAGTGTCCAGCAGCTGTGA-1","slingPseudotime_1",48.5317343267599,"B7H3","aucell_cytotoxic_score",0.194137265227313,"cytotoxic"
"ATCTTAGGTTAGTTTGAGCTGTGA-1","slingPseudotime_2",34.3773719526307,"B7H3","aucell_exhausted_score",0.164472529401439,"exhausted"
"ATCTTAGGTTAGTTTGAGCTGTGA-1","slingPseudotime_2",34.3773719526307,"B7H3","aucell_proliferating_score",0,"proliferating"
"ATCTTAGGTTAGTTTGAGCTGTGA-1","slingPseudotime_2",34.3773719526307,"B7H3","aucell_naive_memory_score",0.0130526315789474,"naive_memory"
"ATCTTAGGTTAGTTTGAGCTGTGA-1","slingPseudotime_2",34.3773719526307,"B7H3","aucell_cytotoxic_score",0.312094084605933,"cytotoxic"
"ATGAGGAAGTCGCATCAGCTGTGA-1","slingPseudotime_3",34.8095702343837,"B7H3","aucell_exhausted_score",0.12761102334562,"exhausted"
"ATGAGGAAGTCGCATCAGCTGTGA-1","slingPseudotime_3",34.8095702343837,"B7H3","aucell_proliferating_score",0,"proliferating"
"ATGAGGAAGTCGCATCAGCTGTGA-1","slingPseudotime_3",34.8095702343837,"B7H3","aucell_naive_memory_score",0,"naive_memory"
"ATGAGGAAGTCGCATCAGCTGTGA-1","slingPseudotime_3",34.8095702343837,"B7H3","aucell_cytotoxic_score",0,"cytotoxic"
"ATGAGGTTCGATATGAAGCTGTGA-1","slingPseudotime_1",15.9519085539863,"B7H3","aucell_exhausted_score",0.305248376338424,"exhausted"
"ATGAGGTTCGATATGAAGCTGTGA-1","slingPseudotime_1",15.9519085539863,"B7H3","aucell_proliferating_score",0.149263157894737,"proliferating"
"ATGAGGTTCGATATGAAGCTGTGA-1","slingPseudotime_1",15.9519085539863,"B7H3","aucell_naive_memory_score",0,"naive_memory"
"ATGAGGTTCGATATGAAGCTGTGA-1","slingPseudotime_1",15.9519085539863,"B7H3","aucell_cytotoxic_score",0.319466385817097,"cytotoxic"
"ATGAGGTTCGATATGAAGCTGTGA-1","slingPseudotime_2",15.6399844603732,"B7H3","aucell_exhausted_score",0.305248376338424,"exhausted"
"ATGAGGTTCGATATGAAGCTGTGA-1","slingPseudotime_2",15.6399844603732,"B7H3","aucell_proliferating_score",0.149263157894737,"proliferating"
"ATGAGGTTCGATATGAAGCTGTGA-1","slingPseudotime_2",15.6399844603732,"B7H3","aucell_naive_memory_score",0,"naive_memory"
"ATGAGGTTCGATATGAAGCTGTGA-1","slingPseudotime_2",15.6399844603732,"B7H3","aucell_cytotoxic_score",0.319466385817097,"cytotoxic"
"ATGAGGTTCGATATGAAGCTGTGA-1","slingPseudotime_3",15.6954812734795,"B7H3","aucell_exhausted_score",0.305248376338424,"exhausted"
"ATGAGGTTCGATATGAAGCTGTGA-1","slingPseudotime_3",15.6954812734795,"B7H3","aucell_proliferating_score",0.149263157894737,"proliferating"
"ATGAGGTTCGATATGAAGCTGTGA-1","slingPseudotime_3",15.6954812734795,"B7H3","aucell_naive_memory_score",0,"naive_memory"
"ATGAGGTTCGATATGAAGCTGTGA-1","slingPseudotime_3",15.6954812734795,"B7H3","aucell_cytotoxic_score",0.319466385817097,"cytotoxic"
"ATGCACCTCAGGCAATAGCTGTGA-1","slingPseudotime_1",18.1360666765272,"B7H3","aucell_exhausted_score",0.165174653326312,"exhausted"
"ATGCACCTCAGGCAATAGCTGTGA-1","slingPseudotime_1",18.1360666765272,"B7H3","aucell_proliferating_score",0,"proliferating"
"ATGCACCTCAGGCAATAGCTGTGA-1","slingPseudotime_1",18.1360666765272,"B7H3","aucell_naive_memory_score",0.349894736842105,"naive_memory"
"ATGCACCTCAGGCAATAGCTGTGA-1","slingPseudotime_1",18.1360666765272,"B7H3","aucell_cytotoxic_score",0,"cytotoxic"
"ATGCACCTCAGGCAATAGCTGTGA-1","slingPseudotime_2",18.4094001609425,"B7H3","aucell_exhausted_score",0.165174653326312,"exhausted"
"ATGCACCTCAGGCAATAGCTGTGA-1","slingPseudotime_2",18.4094001609425,"B7H3","aucell_proliferating_score",0,"proliferating"
"ATGCACCTCAGGCAATAGCTGTGA-1","slingPseudotime_2",18.4094001609425,"B7H3","aucell_naive_memory_score",0.349894736842105,"naive_memory"
"ATGCACCTCAGGCAATAGCTGTGA-1","slingPseudotime_2",18.4094001609425,"B7H3","aucell_cytotoxic_score",0,"cytotoxic"
"ATGCACCTCAGGCAATAGCTGTGA-1","slingPseudotime_3",18.6022972091875,"B7H3","aucell_exhausted_score",0.165174653326312,"exhausted"
"ATGCACCTCAGGCAATAGCTGTGA-1","slingPseudotime_3",18.6022972091875,"B7H3","aucell_proliferating_score",0,"proliferating"
"ATGCACCTCAGGCAATAGCTGTGA-1","slingPseudotime_3",18.6022972091875,"B7H3","aucell_naive_memory_score",0.349894736842105,"naive_memory"
"ATGCACCTCAGGCAATAGCTGTGA-1","slingPseudotime_3",18.6022972091875,"B7H3","aucell_cytotoxic_score",0,"cytotoxic"
"ATGCATTTCATCCAGCAGCTGTGA-1","slingPseudotime_1",20.563999243018,"B7H3","aucell_exhausted_score",0,"exhausted"
"ATGCATTTCATCCAGCAGCTGTGA-1","slingPseudotime_1",20.563999243018,"B7H3","aucell_proliferating_score",0,"proliferating"
"ATGCATTTCATCCAGCAGCTGTGA-1","slingPseudotime_1",20.563999243018,"B7H3","aucell_naive_memory_score",0.262315789473684,"naive_memory"
"ATGCATTTCATCCAGCAGCTGTGA-1","slingPseudotime_1",20.563999243018,"B7H3","aucell_cytotoxic_score",0.135334386519221,"cytotoxic"
"ATGCATTTCATCCAGCAGCTGTGA-1","slingPseudotime_2",21.3572962980399,"B7H3","aucell_exhausted_score",0,"exhausted"
"ATGCATTTCATCCAGCAGCTGTGA-1","slingPseudotime_2",21.3572962980399,"B7H3","aucell_proliferating_score",0,"proliferating"
"ATGCATTTCATCCAGCAGCTGTGA-1","slingPseudotime_2",21.3572962980399,"B7H3","aucell_naive_memory_score",0.262315789473684,"naive_memory"
"ATGCATTTCATCCAGCAGCTGTGA-1","slingPseudotime_2",21.3572962980399,"B7H3","aucell_cytotoxic_score",0.135334386519221,"cytotoxic"
"ATGCATTTCATCCAGCAGCTGTGA-1","slingPseudotime_3",25.249408624286,"B7H3","aucell_exhausted_score",0,"exhausted"
"ATGCATTTCATCCAGCAGCTGTGA-1","slingPseudotime_3",25.249408624286,"B7H3","aucell_proliferating_score",0,"proliferating"
"ATGCATTTCATCCAGCAGCTGTGA-1","slingPseudotime_3",25.249408624286,"B7H3","aucell_naive_memory_score",0.262315789473684,"naive_memory"
"ATGCATTTCATCCAGCAGCTGTGA-1","slingPseudotime_3",25.249408624286,"B7H3","aucell_cytotoxic_score",0.135334386519221,"cytotoxic"
"ATGCCTATCTTTAGCGAGCTGTGA-1","slingPseudotime_2",30.2147391663774,"B7H3","aucell_exhausted_score",0.181674565560821,"exhausted"
"ATGCCTATCTTTAGCGAGCTGTGA-1","slingPseudotime_2",30.2147391663774,"B7H3","aucell_proliferating_score",0.0753684210526316,"proliferating"
"ATGCCTATCTTTAGCGAGCTGTGA-1","slingPseudotime_2",30.2147391663774,"B7H3","aucell_naive_memory_score",0,"naive_memory"
"ATGCCTATCTTTAGCGAGCTGTGA-1","slingPseudotime_2",30.2147391663774,"B7H3","aucell_cytotoxic_score",0.166052308232403,"cytotoxic"
"ATGGATCAGCATCTTGAGCTGTGA-1","slingPseudotime_3",14.1163521305756,"B7H3","aucell_exhausted_score",0.152887484641039,"exhausted"
"ATGGATCAGCATCTTGAGCTGTGA-1","slingPseudotime_3",14.1163521305756,"B7H3","aucell_proliferating_score",0,"proliferating"
"ATGGATCAGCATCTTGAGCTGTGA-1","slingPseudotime_3",14.1163521305756,"B7H3","aucell_naive_memory_score",0.249263157894737,"naive_memory"
"ATGGATCAGCATCTTGAGCTGTGA-1","slingPseudotime_3",14.1163521305756,"B7H3","aucell_cytotoxic_score",0,"cytotoxic"
"ATGTAAGTCCATTAGTAGCTGTGA-1","slingPseudotime_1",13.5861975079055,"B7H3","aucell_exhausted_score",0.161839564683167,"exhausted"
"ATGTAAGTCCATTAGTAGCTGTGA-1","slingPseudotime_1",13.5861975079055,"B7H3","aucell_proliferating_score",0,"proliferating"
"ATGTAAGTCCATTAGTAGCTGTGA-1","slingPseudotime_1",13.5861975079055,"B7H3","aucell_naive_memory_score",0,"naive_memory"
"ATGTAAGTCCATTAGTAGCTGTGA-1","slingPseudotime_1",13.5861975079055,"B7H3","aucell_cytotoxic_score",0.0280849569949096,"cytotoxic"
"ATGTAAGTCCATTAGTAGCTGTGA-1","slingPseudotime_2",31.8037134559291,"B7H3","aucell_exhausted_score",0.161839564683167,"exhausted"
"ATGTAAGTCCATTAGTAGCTGTGA-1","slingPseudotime_2",31.8037134559291,"B7H3","aucell_proliferating_score",0,"proliferating"
"ATGTAAGTCCATTAGTAGCTGTGA-1","slingPseudotime_2",31.8037134559291,"B7H3","aucell_naive_memory_score",0,"naive_memory"
"ATGTAAGTCCATTAGTAGCTGTGA-1","slingPseudotime_2",31.8037134559291,"B7H3","aucell_cytotoxic_score",0.0280849569949096,"cytotoxic"
"ATGTAAGTCCATTAGTAGCTGTGA-1","slingPseudotime_3",13.3741796435575,"B7H3","aucell_exhausted_score",0.161839564683167,"exhausted"
"ATGTAAGTCCATTAGTAGCTGTGA-1","slingPseudotime_3",13.3741796435575,"B7H3","aucell_proliferating_score",0,"proliferating"
"ATGTAAGTCCATTAGTAGCTGTGA-1","slingPseudotime_3",13.3741796435575,"B7H3","aucell_naive_memory_score",0,"naive_memory"
"ATGTAAGTCCATTAGTAGCTGTGA-1","slingPseudotime_3",13.3741796435575,"B7H3","aucell_cytotoxic_score",0.0280849569949096,"cytotoxic"
"ATGTTAGAGTCAACAAAGCTGTGA-1","slingPseudotime_1",20.7248409817458,"B7H3","aucell_exhausted_score",0,"exhausted"
"ATGTTAGAGTCAACAAAGCTGTGA-1","slingPseudotime_1",20.7248409817458,"B7H3","aucell_proliferating_score",0,"proliferating"
"ATGTTAGAGTCAACAAAGCTGTGA-1","slingPseudotime_1",20.7248409817458,"B7H3","aucell_naive_memory_score",0.183368421052632,"naive_memory"
"ATGTTAGAGTCAACAAAGCTGTGA-1","slingPseudotime_1",20.7248409817458,"B7H3","aucell_cytotoxic_score",0,"cytotoxic"
"ATGTTAGAGTCAACAAAGCTGTGA-1","slingPseudotime_2",22.0703040226345,"B7H3","aucell_exhausted_score",0,"exhausted"
"ATGTTAGAGTCAACAAAGCTGTGA-1","slingPseudotime_2",22.0703040226345,"B7H3","aucell_proliferating_score",0,"proliferating"
"ATGTTAGAGTCAACAAAGCTGTGA-1","slingPseudotime_2",22.0703040226345,"B7H3","aucell_naive_memory_score",0.183368421052632,"naive_memory"
"ATGTTAGAGTCAACAAAGCTGTGA-1","slingPseudotime_2",22.0703040226345,"B7H3","aucell_cytotoxic_score",0,"cytotoxic"
"ATGTTAGAGTCAACAAAGCTGTGA-1","slingPseudotime_3",28.0762199234665,"B7H3","aucell_exhausted_score",0,"exhausted"
"ATGTTAGAGTCAACAAAGCTGTGA-1","slingPseudotime_3",28.0762199234665,"B7H3","aucell_proliferating_score",0,"proliferating"
"ATGTTAGAGTCAACAAAGCTGTGA-1","slingPseudotime_3",28.0762199234665,"B7H3","aucell_naive_memory_score",0.183368421052632,"naive_memory"
"ATGTTAGAGTCAACAAAGCTGTGA-1","slingPseudotime_3",28.0762199234665,"B7H3","aucell_cytotoxic_score",0,"cytotoxic"
"ATGTTCCCAAATACCGAGCTGTGA-1","slingPseudotime_1",15.8546583918727,"B7H3","aucell_exhausted_score",0.151307705810075,"exhausted"
"ATGTTCCCAAATACCGAGCTGTGA-1","slingPseudotime_1",15.8546583918727,"B7H3","aucell_proliferating_score",0,"proliferating"
"ATGTTCCCAAATACCGAGCTGTGA-1","slingPseudotime_1",15.8546583918727,"B7H3","aucell_naive_memory_score",0,"naive_memory"
"ATGTTCCCAAATACCGAGCTGTGA-1","slingPseudotime_1",15.8546583918727,"B7H3","aucell_cytotoxic_score",0.0528348253466737,"cytotoxic"
"ATGTTCCCAAATACCGAGCTGTGA-1","slingPseudotime_2",15.6164583840911,"B7H3","aucell_exhausted_score",0.151307705810075,"exhausted"
"ATGTTCCCAAATACCGAGCTGTGA-1","slingPseudotime_2",15.6164583840911,"B7H3","aucell_proliferating_score",0,"proliferating"
"ATGTTCCCAAATACCGAGCTGTGA-1","slingPseudotime_2",15.6164583840911,"B7H3","aucell_naive_memory_score",0,"naive_memory"
"ATGTTCCCAAATACCGAGCTGTGA-1","slingPseudotime_2",15.6164583840911,"B7H3","aucell_cytotoxic_score",0.0528348253466737,"cytotoxic"
"ATGTTCCCAAATACCGAGCTGTGA-1","slingPseudotime_3",15.3219950529432,"B7H3","aucell_exhausted_score",0.151307705810075,"exhausted"
"ATGTTCCCAAATACCGAGCTGTGA-1","slingPseudotime_3",15.3219950529432,"B7H3","aucell_proliferating_score",0,"proliferating"
"ATGTTCCCAAATACCGAGCTGTGA-1","slingPseudotime_3",15.3219950529432,"B7H3","aucell_naive_memory_score",0,"naive_memory"
"ATGTTCCCAAATACCGAGCTGTGA-1","slingPseudotime_3",15.3219950529432,"B7H3","aucell_cytotoxic_score",0.0528348253466737,"cytotoxic"
"ATTACGTTCGACCGTTAGCTGTGA-1","slingPseudotime_1",4.04620174406434,"B7H3","aucell_exhausted_score",0.380375636299807,"exhausted"
"ATTACGTTCGACCGTTAGCTGTGA-1","slingPseudotime_1",4.04620174406434,"B7H3","aucell_proliferating_score",0,"proliferating"
"ATTACGTTCGACCGTTAGCTGTGA-1","slingPseudotime_1",4.04620174406434,"B7H3","aucell_naive_memory_score",0,"naive_memory"
"ATTACGTTCGACCGTTAGCTGTGA-1","slingPseudotime_1",4.04620174406434,"B7H3","aucell_cytotoxic_score",0.325258908197297,"cytotoxic"
"ATTGCACGTAATGGATAGCTGTGA-1","slingPseudotime_1",60.7727489111025,"B7H3","aucell_exhausted_score",0.180972441635949,"exhausted"
"ATTGCACGTAATGGATAGCTGTGA-1","slingPseudotime_1",60.7727489111025,"B7H3","aucell_proliferating_score",0.443789473684211,"proliferating"
"ATTGCACGTAATGGATAGCTGTGA-1","slingPseudotime_1",60.7727489111025,"B7H3","aucell_naive_memory_score",0,"naive_memory"
"ATTGCACGTAATGGATAGCTGTGA-1","slingPseudotime_1",60.7727489111025,"B7H3","aucell_cytotoxic_score",0,"cytotoxic"
"ATTTCCTGTTAGTCTAAGCTGTGA-1","slingPseudotime_3",36.7708294741242,"B7H3","aucell_exhausted_score",0,"exhausted"
"ATTTCCTGTTAGTCTAAGCTGTGA-1","slingPseudotime_3",36.7708294741242,"B7H3","aucell_proliferating_score",0,"proliferating"
"ATTTCCTGTTAGTCTAAGCTGTGA-1","slingPseudotime_3",36.7708294741242,"B7H3","aucell_naive_memory_score",0,"naive_memory"
"ATTTCCTGTTAGTCTAAGCTGTGA-1","slingPseudotime_3",36.7708294741242,"B7H3","aucell_cytotoxic_score",0,"cytotoxic"
"ATTTGCAGTGCTGATTAGCTGTGA-1","slingPseudotime_2",33.088023905768,"B7H3","aucell_exhausted_score",0.268386870282605,"exhausted"
"ATTTGCAGTGCTGATTAGCTGTGA-1","slingPseudotime_2",33.088023905768,"B7H3","aucell_proliferating_score",0,"proliferating"
"ATTTGCAGTGCTGATTAGCTGTGA-1","slingPseudotime_2",33.088023905768,"B7H3","aucell_naive_memory_score",0.104842105263158,"naive_memory"
"ATTTGCAGTGCTGATTAGCTGTGA-1","slingPseudotime_2",33.088023905768,"B7H3","aucell_cytotoxic_score",0,"cytotoxic"
"CAACCAACATTACTTGAGCTGTGA-1","slingPseudotime_1",9.3800437788691,"B7H3","aucell_exhausted_score",0,"exhausted"
"CAACCAACATTACTTGAGCTGTGA-1","slingPseudotime_1",9.3800437788691,"B7H3","aucell_proliferating_score",0,"proliferating"
"CAACCAACATTACTTGAGCTGTGA-1","slingPseudotime_1",9.3800437788691,"B7H3","aucell_naive_memory_score",0,"naive_memory"
"CAACCAACATTACTTGAGCTGTGA-1","slingPseudotime_1",9.3800437788691,"B7H3","aucell_cytotoxic_score",0.30753027909426,"cytotoxic"
"CAACCAACATTACTTGAGCTGTGA-1","slingPseudotime_2",9.14010218408461,"B7H3","aucell_exhausted_score",0,"exhausted"
"CAACCAACATTACTTGAGCTGTGA-1","slingPseudotime_2",9.14010218408461,"B7H3","aucell_proliferating_score",0,"proliferating"
"CAACCAACATTACTTGAGCTGTGA-1","slingPseudotime_2",9.14010218408461,"B7H3","aucell_naive_memory_score",0,"naive_memory"
"CAACCAACATTACTTGAGCTGTGA-1","slingPseudotime_2",9.14010218408461,"B7H3","aucell_cytotoxic_score",0.30753027909426,"cytotoxic"
"CAACCAACATTACTTGAGCTGTGA-1","slingPseudotime_3",9.17189118677726,"B7H3","aucell_exhausted_score",0,"exhausted"
"CAACCAACATTACTTGAGCTGTGA-1","slingPseudotime_3",9.17189118677726,"B7H3","aucell_proliferating_score",0,"proliferating"
"CAACCAACATTACTTGAGCTGTGA-1","slingPseudotime_3",9.17189118677726,"B7H3","aucell_naive_memory_score",0,"naive_memory"
"CAACCAACATTACTTGAGCTGTGA-1","slingPseudotime_3",9.17189118677726,"B7H3","aucell_cytotoxic_score",0.30753027909426,"cytotoxic"
"CAACCGGCAATGAAGAAGCTGTGA-1","slingPseudotime_1",53.0470720466612,"B7H3","aucell_exhausted_score",0.163243812532912,"exhausted"
"CAACCGGCAATGAAGAAGCTGTGA-1","slingPseudotime_1",53.0470720466612,"B7H3","aucell_proliferating_score",0.313473684210526,"proliferating"
"CAACCGGCAATGAAGAAGCTGTGA-1","slingPseudotime_1",53.0470720466612,"B7H3","aucell_naive_memory_score",0.0513684210526316,"naive_memory"
"CAACCGGCAATGAAGAAGCTGTGA-1","slingPseudotime_1",53.0470720466612,"B7H3","aucell_cytotoxic_score",0.326312094084606,"cytotoxic"
"CAACCTATCATTGTACAGCTGTGA-1","slingPseudotime_3",40.5816564061289,"B7H3","aucell_exhausted_score",0.315780235211515,"exhausted"
"CAACCTATCATTGTACAGCTGTGA-1","slingPseudotime_3",40.5816564061289,"B7H3","aucell_proliferating_score",0,"proliferating"
"CAACCTATCATTGTACAGCTGTGA-1","slingPseudotime_3",40.5816564061289,"B7H3","aucell_naive_memory_score",0,"naive_memory"
"CAACCTATCATTGTACAGCTGTGA-1","slingPseudotime_3",40.5816564061289,"B7H3","aucell_cytotoxic_score",0,"cytotoxic"
"CAAGTCGAGTTATTGCAGCTGTGA-1","slingPseudotime_1",22.7363437737158,"B7H3","aucell_exhausted_score",0.152185360716166,"exhausted"
"CAAGTCGAGTTATTGCAGCTGTGA-1","slingPseudotime_1",22.7363437737158,"B7H3","aucell_proliferating_score",0,"proliferating"
"CAAGTCGAGTTATTGCAGCTGTGA-1","slingPseudotime_1",22.7363437737158,"B7H3","aucell_naive_memory_score",0,"naive_memory"
"CAAGTCGAGTTATTGCAGCTGTGA-1","slingPseudotime_1",22.7363437737158,"B7H3","aucell_cytotoxic_score",0.331578023521152,"cytotoxic"
"CAAGTCGAGTTATTGCAGCTGTGA-1","slingPseudotime_2",28.9142135896433,"B7H3","aucell_exhausted_score",0.152185360716166,"exhausted"
"CAAGTCGAGTTATTGCAGCTGTGA-1","slingPseudotime_2",28.9142135896433,"B7H3","aucell_proliferating_score",0,"proliferating"
"CAAGTCGAGTTATTGCAGCTGTGA-1","slingPseudotime_2",28.9142135896433,"B7H3","aucell_naive_memory_score",0,"naive_memory"
"CAAGTCGAGTTATTGCAGCTGTGA-1","slingPseudotime_2",28.9142135896433,"B7H3","aucell_cytotoxic_score",0.331578023521152,"cytotoxic"
"CAAGTCGAGTTATTGCAGCTGTGA-1","slingPseudotime_3",22.4391227157122,"B7H3","aucell_exhausted_score",0.152185360716166,"exhausted"
"CAAGTCGAGTTATTGCAGCTGTGA-1","slingPseudotime_3",22.4391227157122,"B7H3","aucell_proliferating_score",0,"proliferating"
"CAAGTCGAGTTATTGCAGCTGTGA-1","slingPseudotime_3",22.4391227157122,"B7H3","aucell_naive_memory_score",0,"naive_memory"
"CAAGTCGAGTTATTGCAGCTGTGA-1","slingPseudotime_3",22.4391227157122,"B7H3","aucell_cytotoxic_score",0.331578023521152,"cytotoxic"
"CAATACTTCATTAGTCAGCTGTGA-1","slingPseudotime_2",36.6340506434057,"B7H3","aucell_exhausted_score",0.165876777251185,"exhausted"
"CAATACTTCATTAGTCAGCTGTGA-1","slingPseudotime_2",36.6340506434057,"B7H3","aucell_proliferating_score",0,"proliferating"
"CAATACTTCATTAGTCAGCTGTGA-1","slingPseudotime_2",36.6340506434057,"B7H3","aucell_naive_memory_score",0,"naive_memory"
"CAATACTTCATTAGTCAGCTGTGA-1","slingPseudotime_2",36.6340506434057,"B7H3","aucell_cytotoxic_score",0.162717219589258,"cytotoxic"
"CAATACTTCTCAAACTAGCTGTGA-1","slingPseudotime_1",14.1321870256157,"B7H3","aucell_exhausted_score",0.0298402668070914,"exhausted"
"CAATACTTCTCAAACTAGCTGTGA-1","slingPseudotime_1",14.1321870256157,"B7H3","aucell_proliferating_score",0,"proliferating"
"CAATACTTCTCAAACTAGCTGTGA-1","slingPseudotime_1",14.1321870256157,"B7H3","aucell_naive_memory_score",0.287578947368421,"naive_memory"
"CAATACTTCTCAAACTAGCTGTGA-1","slingPseudotime_1",14.1321870256157,"B7H3","aucell_cytotoxic_score",0,"cytotoxic"
"CAATACTTCTCAAACTAGCTGTGA-1","slingPseudotime_2",14.2688310326432,"B7H3","aucell_exhausted_score",0.0298402668070914,"exhausted"
"CAATACTTCTCAAACTAGCTGTGA-1","slingPseudotime_2",14.2688310326432,"B7H3","aucell_proliferating_score",0,"proliferating"
"CAATACTTCTCAAACTAGCTGTGA-1","slingPseudotime_2",14.2688310326432,"B7H3","aucell_naive_memory_score",0.287578947368421,"naive_memory"
"CAATACTTCTCAAACTAGCTGTGA-1","slingPseudotime_2",14.2688310326432,"B7H3","aucell_cytotoxic_score",0,"cytotoxic"
"CAATACTTCTCAAACTAGCTGTGA-1","slingPseudotime_3",14.3545622416424,"B7H3","aucell_exhausted_score",0.0298402668070914,"exhausted"
"CAATACTTCTCAAACTAGCTGTGA-1","slingPseudotime_3",14.3545622416424,"B7H3","aucell_proliferating_score",0,"proliferating"
"CAATACTTCTCAAACTAGCTGTGA-1","slingPseudotime_3",14.3545622416424,"B7H3","aucell_naive_memory_score",0.287578947368421,"naive_memory"
"CAATACTTCTCAAACTAGCTGTGA-1","slingPseudotime_3",14.3545622416424,"B7H3","aucell_cytotoxic_score",0,"cytotoxic"
"CAATAGTCATCAGGACAGCTGTGA-1","slingPseudotime_1",12.8453265227113,"B7H3","aucell_exhausted_score",0,"exhausted"
"CAATAGTCATCAGGACAGCTGTGA-1","slingPseudotime_1",12.8453265227113,"B7H3","aucell_proliferating_score",0,"proliferating"
"CAATAGTCATCAGGACAGCTGTGA-1","slingPseudotime_1",12.8453265227113,"B7H3","aucell_naive_memory_score",0,"naive_memory"
"CAATAGTCATCAGGACAGCTGTGA-1","slingPseudotime_1",12.8453265227113,"B7H3","aucell_cytotoxic_score",0.0212392487274004,"cytotoxic"
"CAATAGTCATCAGGACAGCTGTGA-1","slingPseudotime_2",12.6466080159996,"B7H3","aucell_exhausted_score",0,"exhausted"
"CAATAGTCATCAGGACAGCTGTGA-1","slingPseudotime_2",12.6466080159996,"B7H3","aucell_proliferating_score",0,"proliferating"
"CAATAGTCATCAGGACAGCTGTGA-1","slingPseudotime_2",12.6466080159996,"B7H3","aucell_naive_memory_score",0,"naive_memory"
"CAATAGTCATCAGGACAGCTGTGA-1","slingPseudotime_2",12.6466080159996,"B7H3","aucell_cytotoxic_score",0.0212392487274004,"cytotoxic"
"CAATAGTCATCAGGACAGCTGTGA-1","slingPseudotime_3",12.6271170026855,"B7H3","aucell_exhausted_score",0,"exhausted"
"CAATAGTCATCAGGACAGCTGTGA-1","slingPseudotime_3",12.6271170026855,"B7H3","aucell_proliferating_score",0,"proliferating"
"CAATAGTCATCAGGACAGCTGTGA-1","slingPseudotime_3",12.6271170026855,"B7H3","aucell_naive_memory_score",0,"naive_memory"
"CAATAGTCATCAGGACAGCTGTGA-1","slingPseudotime_3",12.6271170026855,"B7H3","aucell_cytotoxic_score",0.0212392487274004,"cytotoxic"
"CACAAAGGTAACCGCCAGCTGTGA-1","slingPseudotime_1",16.5094312172515,"B7H3","aucell_exhausted_score",0.153238546603476,"exhausted"
"CACAAAGGTAACCGCCAGCTGTGA-1","slingPseudotime_1",16.5094312172515,"B7H3","aucell_proliferating_score",0,"proliferating"
"CACAAAGGTAACCGCCAGCTGTGA-1","slingPseudotime_1",16.5094312172515,"B7H3","aucell_naive_memory_score",0,"naive_memory"
"CACAAAGGTAACCGCCAGCTGTGA-1","slingPseudotime_1",16.5094312172515,"B7H3","aucell_cytotoxic_score",0.295769703352642,"cytotoxic"
"CACAAAGGTAACCGCCAGCTGTGA-1","slingPseudotime_2",16.9997977193079,"B7H3","aucell_exhausted_score",0.153238546603476,"exhausted"
"CACAAAGGTAACCGCCAGCTGTGA-1","slingPseudotime_2",16.9997977193079,"B7H3","aucell_proliferating_score",0,"proliferating"
"CACAAAGGTAACCGCCAGCTGTGA-1","slingPseudotime_2",16.9997977193079,"B7H3","aucell_naive_memory_score",0,"naive_memory"
"CACAAAGGTAACCGCCAGCTGTGA-1","slingPseudotime_2",16.9997977193079,"B7H3","aucell_cytotoxic_score",0.295769703352642,"cytotoxic"
"CACAAAGGTAACCGCCAGCTGTGA-1","slingPseudotime_3",17.3578797597932,"B7H3","aucell_exhausted_score",0.153238546603476,"exhausted"
"CACAAAGGTAACCGCCAGCTGTGA-1","slingPseudotime_3",17.3578797597932,"B7H3","aucell_proliferating_score",0,"proliferating"
"CACAAAGGTAACCGCCAGCTGTGA-1","slingPseudotime_3",17.3578797597932,"B7H3","aucell_naive_memory_score",0,"naive_memory"
"CACAAAGGTAACCGCCAGCTGTGA-1","slingPseudotime_3",17.3578797597932,"B7H3","aucell_cytotoxic_score",0.295769703352642,"cytotoxic"
"CACATAAAGGTTCATTAGCTGTGA-1","slingPseudotime_1",18.0717145844997,"B7H3","aucell_exhausted_score",0,"exhausted"
"CACATAAAGGTTCATTAGCTGTGA-1","slingPseudotime_1",18.0717145844997,"B7H3","aucell_proliferating_score",0,"proliferating"
"CACATAAAGGTTCATTAGCTGTGA-1","slingPseudotime_1",18.0717145844997,"B7H3","aucell_naive_memory_score",0,"naive_memory"
"CACATAAAGGTTCATTAGCTGTGA-1","slingPseudotime_1",18.0717145844997,"B7H3","aucell_cytotoxic_score",0.0972441635948745,"cytotoxic"
"CACATAAAGGTTCATTAGCTGTGA-1","slingPseudotime_2",18.3137457792892,"B7H3","aucell_exhausted_score",0,"exhausted"
"CACATAAAGGTTCATTAGCTGTGA-1","slingPseudotime_2",18.3137457792892,"B7H3","aucell_proliferating_score",0,"proliferating"
"CACATAAAGGTTCATTAGCTGTGA-1","slingPseudotime_2",18.3137457792892,"B7H3","aucell_naive_memory_score",0,"naive_memory"
"CACATAAAGGTTCATTAGCTGTGA-1","slingPseudotime_2",18.3137457792892,"B7H3","aucell_cytotoxic_score",0.0972441635948745,"cytotoxic"
"CACATAAAGGTTCATTAGCTGTGA-1","slingPseudotime_3",17.9026113216155,"B7H3","aucell_exhausted_score",0,"exhausted"
"CACATAAAGGTTCATTAGCTGTGA-1","slingPseudotime_3",17.9026113216155,"B7H3","aucell_proliferating_score",0,"proliferating"
"CACATAAAGGTTCATTAGCTGTGA-1","slingPseudotime_3",17.9026113216155,"B7H3","aucell_naive_memory_score",0,"naive_memory"
"CACATAAAGGTTCATTAGCTGTGA-1","slingPseudotime_3",17.9026113216155,"B7H3","aucell_cytotoxic_score",0.0972441635948745,"cytotoxic"
"CACGCATTCTTAAGGAAGCTGTGA-1","slingPseudotime_1",50.0417205428081,"B7H3","aucell_exhausted_score",0.13252589081973,"exhausted"
"CACGCATTCTTAAGGAAGCTGTGA-1","slingPseudotime_1",50.0417205428081,"B7H3","aucell_proliferating_score",0.175578947368421,"proliferating"
"CACGCATTCTTAAGGAAGCTGTGA-1","slingPseudotime_1",50.0417205428081,"B7H3","aucell_naive_memory_score",0.0126315789473684,"naive_memory"
"CACGCATTCTTAAGGAAGCTGTGA-1","slingPseudotime_1",50.0417205428081,"B7H3","aucell_cytotoxic_score",0,"cytotoxic"
"CACGTTATCAGCGATGAGCTGTGA-1","slingPseudotime_1",16.6781537302509,"B7H3","aucell_exhausted_score",0.0554677900649465,"exhausted"
"CACGTTATCAGCGATGAGCTGTGA-1","slingPseudotime_1",16.6781537302509,"B7H3","aucell_proliferating_score",0,"proliferating"
"CACGTTATCAGCGATGAGCTGTGA-1","slingPseudotime_1",16.6781537302509,"B7H3","aucell_naive_memory_score",0,"naive_memory"
"CACGTTATCAGCGATGAGCTGTGA-1","slingPseudotime_1",16.6781537302509,"B7H3","aucell_cytotoxic_score",0.141477970861857,"cytotoxic"
"CACGTTATCAGCGATGAGCTGTGA-1","slingPseudotime_2",17.345254649346,"B7H3","aucell_exhausted_score",0.0554677900649465,"exhausted"
"CACGTTATCAGCGATGAGCTGTGA-1","slingPseudotime_2",17.345254649346,"B7H3","aucell_proliferating_score",0,"proliferating"
"CACGTTATCAGCGATGAGCTGTGA-1","slingPseudotime_2",17.345254649346,"B7H3","aucell_naive_memory_score",0,"naive_memory"
"CACGTTATCAGCGATGAGCTGTGA-1","slingPseudotime_2",17.345254649346,"B7H3","aucell_cytotoxic_score",0.141477970861857,"cytotoxic"
"CACGTTATCAGCGATGAGCTGTGA-1","slingPseudotime_3",17.7991673616255,"B7H3","aucell_exhausted_score",0.0554677900649465,"exhausted"
"CACGTTATCAGCGATGAGCTGTGA-1","slingPseudotime_3",17.7991673616255,"B7H3","aucell_proliferating_score",0,"proliferating"
"CACGTTATCAGCGATGAGCTGTGA-1","slingPseudotime_3",17.7991673616255,"B7H3","aucell_naive_memory_score",0,"naive_memory"
"CACGTTATCAGCGATGAGCTGTGA-1","slingPseudotime_3",17.7991673616255,"B7H3","aucell_cytotoxic_score",0.141477970861857,"cytotoxic"
"CACTTTACATAATGACAGCTGTGA-1","slingPseudotime_1",14.6988711512837,"B7H3","aucell_exhausted_score",0.128839740214148,"exhausted"
"CACTTTACATAATGACAGCTGTGA-1","slingPseudotime_1",14.6988711512837,"B7H3","aucell_proliferating_score",0,"proliferating"
"CACTTTACATAATGACAGCTGTGA-1","slingPseudotime_1",14.6988711512837,"B7H3","aucell_naive_memory_score",0.125473684210526,"naive_memory"
"CACTTTACATAATGACAGCTGTGA-1","slingPseudotime_1",14.6988711512837,"B7H3","aucell_cytotoxic_score",0,"cytotoxic"
"CACTTTACATAATGACAGCTGTGA-1","slingPseudotime_2",14.5963574698588,"B7H3","aucell_exhausted_score",0.128839740214148,"exhausted"
"CACTTTACATAATGACAGCTGTGA-1","slingPseudotime_2",14.5963574698588,"B7H3","aucell_proliferating_score",0,"proliferating"
"CACTTTACATAATGACAGCTGTGA-1","slingPseudotime_2",14.5963574698588,"B7H3","aucell_naive_memory_score",0.125473684210526,"naive_memory"
"CACTTTACATAATGACAGCTGTGA-1","slingPseudotime_2",14.5963574698588,"B7H3","aucell_cytotoxic_score",0,"cytotoxic"
"CACTTTACATAATGACAGCTGTGA-1","slingPseudotime_3",14.373567338391,"B7H3","aucell_exhausted_score",0.128839740214148,"exhausted"
"CACTTTACATAATGACAGCTGTGA-1","slingPseudotime_3",14.373567338391,"B7H3","aucell_proliferating_score",0,"proliferating"
"CACTTTACATAATGACAGCTGTGA-1","slingPseudotime_3",14.373567338391,"B7H3","aucell_naive_memory_score",0.125473684210526,"naive_memory"
"CACTTTACATAATGACAGCTGTGA-1","slingPseudotime_3",14.373567338391,"B7H3","aucell_cytotoxic_score",0,"cytotoxic"
"CAGAATGGTTGCTCCTAGCTGTGA-1","slingPseudotime_2",39.5296032071821,"B7H3","aucell_exhausted_score",0.165174653326312,"exhausted"
"CAGAATGGTTGCTCCTAGCTGTGA-1","slingPseudotime_2",39.5296032071821,"B7H3","aucell_proliferating_score",0,"proliferating"
"CAGAATGGTTGCTCCTAGCTGTGA-1","slingPseudotime_2",39.5296032071821,"B7H3","aucell_naive_memory_score",0.0797894736842105,"naive_memory"
"CAGAATGGTTGCTCCTAGCTGTGA-1","slingPseudotime_2",39.5296032071821,"B7H3","aucell_cytotoxic_score",0.312094084605933,"cytotoxic"
"CAGACCAAGCAAAGCTAGCTGTGA-1","slingPseudotime_1",14.2226682311161,"B7H3","aucell_exhausted_score",0,"exhausted"
"CAGACCAAGCAAAGCTAGCTGTGA-1","slingPseudotime_1",14.2226682311161,"B7H3","aucell_proliferating_score",0,"proliferating"
"CAGACCAAGCAAAGCTAGCTGTGA-1","slingPseudotime_1",14.2226682311161,"B7H3","aucell_naive_memory_score",0,"naive_memory"
"CAGACCAAGCAAAGCTAGCTGTGA-1","slingPseudotime_1",14.2226682311161,"B7H3","aucell_cytotoxic_score",0.156398104265403,"cytotoxic"
"CAGACCAAGCAAAGCTAGCTGTGA-1","slingPseudotime_2",14.0738674322711,"B7H3","aucell_exhausted_score",0,"exhausted"
"CAGACCAAGCAAAGCTAGCTGTGA-1","slingPseudotime_2",14.0738674322711,"B7H3","aucell_proliferating_score",0,"proliferating"
"CAGACCAAGCAAAGCTAGCTGTGA-1","slingPseudotime_2",14.0738674322711,"B7H3","aucell_naive_memory_score",0,"naive_memory"
"CAGACCAAGCAAAGCTAGCTGTGA-1","slingPseudotime_2",14.0738674322711,"B7H3","aucell_cytotoxic_score",0.156398104265403,"cytotoxic"
"CAGACCAAGCAAAGCTAGCTGTGA-1","slingPseudotime_3",14.0145426623967,"B7H3","aucell_exhausted_score",0,"exhausted"
"CAGACCAAGCAAAGCTAGCTGTGA-1","slingPseudotime_3",14.0145426623967,"B7H3","aucell_proliferating_score",0,"proliferating"
"CAGACCAAGCAAAGCTAGCTGTGA-1","slingPseudotime_3",14.0145426623967,"B7H3","aucell_naive_memory_score",0,"naive_memory"
"CAGACCAAGCAAAGCTAGCTGTGA-1","slingPseudotime_3",14.0145426623967,"B7H3","aucell_cytotoxic_score",0.156398104265403,"cytotoxic"
"CAGATAATCCTTTCGTAGCTGTGA-1","slingPseudotime_1",17.8568129364621,"B7H3","aucell_exhausted_score",0.15183429875373,"exhausted"
"CAGATAATCCTTTCGTAGCTGTGA-1","slingPseudotime_1",17.8568129364621,"B7H3","aucell_proliferating_score",0,"proliferating"
"CAGATAATCCTTTCGTAGCTGTGA-1","slingPseudotime_1",17.8568129364621,"B7H3","aucell_naive_memory_score",0.158947368421053,"naive_memory"
"CAGATAATCCTTTCGTAGCTGTGA-1","slingPseudotime_1",17.8568129364621,"B7H3","aucell_cytotoxic_score",0.299982446901878,"cytotoxic"
"CAGATAATCCTTTCGTAGCTGTGA-1","slingPseudotime_2",17.4818947256017,"B7H3","aucell_exhausted_score",0.15183429875373,"exhausted"
"CAGATAATCCTTTCGTAGCTGTGA-1","slingPseudotime_2",17.4818947256017,"B7H3","aucell_proliferating_score",0,"proliferating"
"CAGATAATCCTTTCGTAGCTGTGA-1","slingPseudotime_2",17.4818947256017,"B7H3","aucell_naive_memory_score",0.158947368421053,"naive_memory"
"CAGATAATCCTTTCGTAGCTGTGA-1","slingPseudotime_2",17.4818947256017,"B7H3","aucell_cytotoxic_score",0.299982446901878,"cytotoxic"
"CAGATAATCCTTTCGTAGCTGTGA-1","slingPseudotime_3",17.9250870055148,"B7H3","aucell_exhausted_score",0.15183429875373,"exhausted"
"CAGATAATCCTTTCGTAGCTGTGA-1","slingPseudotime_3",17.9250870055148,"B7H3","aucell_proliferating_score",0,"proliferating"
"CAGATAATCCTTTCGTAGCTGTGA-1","slingPseudotime_3",17.9250870055148,"B7H3","aucell_naive_memory_score",0.158947368421053,"naive_memory"
"CAGATAATCCTTTCGTAGCTGTGA-1","slingPseudotime_3",17.9250870055148,"B7H3","aucell_cytotoxic_score",0.299982446901878,"cytotoxic"
"CAGCTAGAGGCTTTATAGCTGTGA-1","slingPseudotime_3",40.855901037916,"B7H3","aucell_exhausted_score",0.164823591363876,"exhausted"
"CAGCTAGAGGCTTTATAGCTGTGA-1","slingPseudotime_3",40.855901037916,"B7H3","aucell_proliferating_score",0,"proliferating"
"CAGCTAGAGGCTTTATAGCTGTGA-1","slingPseudotime_3",40.855901037916,"B7H3","aucell_naive_memory_score",0.152631578947368,"naive_memory"
"CAGCTAGAGGCTTTATAGCTGTGA-1","slingPseudotime_3",40.855901037916,"B7H3","aucell_cytotoxic_score",0,"cytotoxic"
"CAGGATCCAAAGTGCCAGCTGTGA-1","slingPseudotime_2",35.6235000635583,"B7H3","aucell_exhausted_score",0.255397577672459,"exhausted"
"CAGGATCCAAAGTGCCAGCTGTGA-1","slingPseudotime_2",35.6235000635583,"B7H3","aucell_proliferating_score",0,"proliferating"
"CAGGATCCAAAGTGCCAGCTGTGA-1","slingPseudotime_2",35.6235000635583,"B7H3","aucell_naive_memory_score",0.226947368421053,"naive_memory"
"CAGGATCCAAAGTGCCAGCTGTGA-1","slingPseudotime_2",35.6235000635583,"B7H3","aucell_cytotoxic_score",0.315780235211515,"cytotoxic"
"CAGGATCCATAGCGCGAGCTGTGA-1","slingPseudotime_1",18.9871964047479,"B7H3","aucell_exhausted_score",0.104967526768475,"exhausted"
"CAGGATCCATAGCGCGAGCTGTGA-1","slingPseudotime_1",18.9871964047479,"B7H3","aucell_proliferating_score",0,"proliferating"
"CAGGATCCATAGCGCGAGCTGTGA-1","slingPseudotime_1",18.9871964047479,"B7H3","aucell_naive_memory_score",0,"naive_memory"
"CAGGATCCATAGCGCGAGCTGTGA-1","slingPseudotime_1",18.9871964047479,"B7H3","aucell_cytotoxic_score",0.161312971739512,"cytotoxic"
"CAGGATCCATAGCGCGAGCTGTGA-1","slingPseudotime_2",19.5869031002736,"B7H3","aucell_exhausted_score",0.104967526768475,"exhausted"
"CAGGATCCATAGCGCGAGCTGTGA-1","slingPseudotime_2",19.5869031002736,"B7H3","aucell_proliferating_score",0,"proliferating"
"CAGGATCCATAGCGCGAGCTGTGA-1","slingPseudotime_2",19.5869031002736,"B7H3","aucell_naive_memory_score",0,"naive_memory"
"CAGGATCCATAGCGCGAGCTGTGA-1","slingPseudotime_2",19.5869031002736,"B7H3","aucell_cytotoxic_score",0.161312971739512,"cytotoxic"
"CAGGATCCATAGCGCGAGCTGTGA-1","slingPseudotime_3",20.4980316165546,"B7H3","aucell_exhausted_score",0.104967526768475,"exhausted"
"CAGGATCCATAGCGCGAGCTGTGA-1","slingPseudotime_3",20.4980316165546,"B7H3","aucell_proliferating_score",0,"proliferating"
"CAGGATCCATAGCGCGAGCTGTGA-1","slingPseudotime_3",20.4980316165546,"B7H3","aucell_naive_memory_score",0,"naive_memory"
"CAGGATCCATAGCGCGAGCTGTGA-1","slingPseudotime_3",20.4980316165546,"B7H3","aucell_cytotoxic_score",0.161312971739512,"cytotoxic"
"CAGGATTAGTAACGGTAGCTGTGA-1","slingPseudotime_1",53.6884503474256,"B7H3","aucell_exhausted_score",0.163770405476567,"exhausted"
"CAGGATTAGTAACGGTAGCTGTGA-1","slingPseudotime_1",53.6884503474256,"B7H3","aucell_proliferating_score",0.227368421052632,"proliferating"
"CAGGATTAGTAACGGTAGCTGTGA-1","slingPseudotime_1",53.6884503474256,"B7H3","aucell_naive_memory_score",0.0635789473684211,"naive_memory"
"CAGGATTAGTAACGGTAGCTGTGA-1","slingPseudotime_1",53.6884503474256,"B7H3","aucell_cytotoxic_score",0,"cytotoxic"
"CAGTTAAAGGCCTTCGAGCTGTGA-1","slingPseudotime_2",30.6871003205653,"B7H3","aucell_exhausted_score",0.156222573284185,"exhausted"
"CAGTTAAAGGCCTTCGAGCTGTGA-1","slingPseudotime_2",30.6871003205653,"B7H3","aucell_proliferating_score",0,"proliferating"
"CAGTTAAAGGCCTTCGAGCTGTGA-1","slingPseudotime_2",30.6871003205653,"B7H3","aucell_naive_memory_score",0,"naive_memory"
"CAGTTAAAGGCCTTCGAGCTGTGA-1","slingPseudotime_2",30.6871003205653,"B7H3","aucell_cytotoxic_score",0.163945936457785,"cytotoxic"
"CATACTTAGCAATCCCAGCTGTGA-1","slingPseudotime_1",12.8003324552646,"B7H3","aucell_exhausted_score",0,"exhausted"
"CATACTTAGCAATCCCAGCTGTGA-1","slingPseudotime_1",12.8003324552646,"B7H3","aucell_proliferating_score",0.00442105263157895,"proliferating"
"CATACTTAGCAATCCCAGCTGTGA-1","slingPseudotime_1",12.8003324552646,"B7H3","aucell_naive_memory_score",0,"naive_memory"
"CATACTTAGCAATCCCAGCTGTGA-1","slingPseudotime_1",12.8003324552646,"B7H3","aucell_cytotoxic_score",0.469545374758645,"cytotoxic"
"CATACTTAGCAATCCCAGCTGTGA-1","slingPseudotime_2",12.6504059153293,"B7H3","aucell_exhausted_score",0,"exhausted"
"CATACTTAGCAATCCCAGCTGTGA-1","slingPseudotime_2",12.6504059153293,"B7H3","aucell_proliferating_score",0.00442105263157895,"proliferating"
"CATACTTAGCAATCCCAGCTGTGA-1","slingPseudotime_2",12.6504059153293,"B7H3","aucell_naive_memory_score",0,"naive_memory"
"CATACTTAGCAATCCCAGCTGTGA-1","slingPseudotime_2",12.6504059153293,"B7H3","aucell_cytotoxic_score",0.469545374758645,"cytotoxic"
"CATACTTAGCAATCCCAGCTGTGA-1","slingPseudotime_3",12.6571762549728,"B7H3","aucell_exhausted_score",0,"exhausted"
"CATACTTAGCAATCCCAGCTGTGA-1","slingPseudotime_3",12.6571762549728,"B7H3","aucell_proliferating_score",0.00442105263157895,"proliferating"
"CATACTTAGCAATCCCAGCTGTGA-1","slingPseudotime_3",12.6571762549728,"B7H3","aucell_naive_memory_score",0,"naive_memory"
"CATACTTAGCAATCCCAGCTGTGA-1","slingPseudotime_3",12.6571762549728,"B7H3","aucell_cytotoxic_score",0.469545374758645,"cytotoxic"
"CATAGCTGTTCCGCAAAGCTGTGA-1","slingPseudotime_1",19.9812804471865,"B7H3","aucell_exhausted_score",0.187116025978585,"exhausted"
"CATAGCTGTTCCGCAAAGCTGTGA-1","slingPseudotime_1",19.9812804471865,"B7H3","aucell_proliferating_score",0,"proliferating"
"CATAGCTGTTCCGCAAAGCTGTGA-1","slingPseudotime_1",19.9812804471865,"B7H3","aucell_naive_memory_score",0,"naive_memory"
"CATAGCTGTTCCGCAAAGCTGTGA-1","slingPseudotime_1",19.9812804471865,"B7H3","aucell_cytotoxic_score",0.32490784623486,"cytotoxic"
"CATAGCTGTTCCGCAAAGCTGTGA-1","slingPseudotime_2",28.2067250998081,"B7H3","aucell_exhausted_score",0.187116025978585,"exhausted"
"CATAGCTGTTCCGCAAAGCTGTGA-1","slingPseudotime_2",28.2067250998081,"B7H3","aucell_proliferating_score",0,"proliferating"
"CATAGCTGTTCCGCAAAGCTGTGA-1","slingPseudotime_2",28.2067250998081,"B7H3","aucell_naive_memory_score",0,"naive_memory"
"CATAGCTGTTCCGCAAAGCTGTGA-1","slingPseudotime_2",28.2067250998081,"B7H3","aucell_cytotoxic_score",0.32490784623486,"cytotoxic"
"CATAGCTGTTCCGCAAAGCTGTGA-1","slingPseudotime_3",22.818651904742,"B7H3","aucell_exhausted_score",0.187116025978585,"exhausted"
"CATAGCTGTTCCGCAAAGCTGTGA-1","slingPseudotime_3",22.818651904742,"B7H3","aucell_proliferating_score",0,"proliferating"
"CATAGCTGTTCCGCAAAGCTGTGA-1","slingPseudotime_3",22.818651904742,"B7H3","aucell_naive_memory_score",0,"naive_memory"
"CATAGCTGTTCCGCAAAGCTGTGA-1","slingPseudotime_3",22.818651904742,"B7H3","aucell_cytotoxic_score",0.32490784623486,"cytotoxic"
"CATAGGTAGGTCTTGCAGCTGTGA-1","slingPseudotime_1",21.2130359522993,"B7H3","aucell_exhausted_score",0.16148850272073,"exhausted"
"CATAGGTAGGTCTTGCAGCTGTGA-1","slingPseudotime_1",21.2130359522993,"B7H3","aucell_proliferating_score",0,"proliferating"
"CATAGGTAGGTCTTGCAGCTGTGA-1","slingPseudotime_1",21.2130359522993,"B7H3","aucell_naive_memory_score",0,"naive_memory"
"CATAGGTAGGTCTTGCAGCTGTGA-1","slingPseudotime_1",21.2130359522993,"B7H3","aucell_cytotoxic_score",0.161664033701948,"cytotoxic"
"CATAGGTAGGTCTTGCAGCTGTGA-1","slingPseudotime_2",25.5550336274897,"B7H3","aucell_exhausted_score",0.16148850272073,"exhausted"
"CATAGGTAGGTCTTGCAGCTGTGA-1","slingPseudotime_2",25.5550336274897,"B7H3","aucell_proliferating_score",0,"proliferating"
"CATAGGTAGGTCTTGCAGCTGTGA-1","slingPseudotime_2",25.5550336274897,"B7H3","aucell_naive_memory_score",0,"naive_memory"
"CATAGGTAGGTCTTGCAGCTGTGA-1","slingPseudotime_2",25.5550336274897,"B7H3","aucell_cytotoxic_score",0.161664033701948,"cytotoxic"
"CATAGGTAGGTCTTGCAGCTGTGA-1","slingPseudotime_3",22.1110441418871,"B7H3","aucell_exhausted_score",0.16148850272073,"exhausted"
"CATAGGTAGGTCTTGCAGCTGTGA-1","slingPseudotime_3",22.1110441418871,"B7H3","aucell_proliferating_score",0,"proliferating"
"CATAGGTAGGTCTTGCAGCTGTGA-1","slingPseudotime_3",22.1110441418871,"B7H3","aucell_naive_memory_score",0,"naive_memory"
"CATAGGTAGGTCTTGCAGCTGTGA-1","slingPseudotime_3",22.1110441418871,"B7H3","aucell_cytotoxic_score",0.161664033701948,"cytotoxic"
"CATGAGGTCGCACACTAGCTGTGA-1","slingPseudotime_1",54.2497243609711,"B7H3","aucell_exhausted_score",0.297700544146042,"exhausted"
"CATGAGGTCGCACACTAGCTGTGA-1","slingPseudotime_1",54.2497243609711,"B7H3","aucell_proliferating_score",0,"proliferating"
"CATGAGGTCGCACACTAGCTGTGA-1","slingPseudotime_1",54.2497243609711,"B7H3","aucell_naive_memory_score",0.195789473684211,"naive_memory"
"CATGAGGTCGCACACTAGCTGTGA-1","slingPseudotime_1",54.2497243609711,"B7H3","aucell_cytotoxic_score",0,"cytotoxic"
"CATGCTCAGGTTTCGCAGCTGTGA-1","slingPseudotime_1",6.79010374713165,"B7H3","aucell_exhausted_score",0,"exhausted"
"CATGCTCAGGTTTCGCAGCTGTGA-1","slingPseudotime_1",6.79010374713165,"B7H3","aucell_proliferating_score",0,"proliferating"
"CATGCTCAGGTTTCGCAGCTGTGA-1","slingPseudotime_1",6.79010374713165,"B7H3","aucell_naive_memory_score",0.0831578947368421,"naive_memory"
"CATGCTCAGGTTTCGCAGCTGTGA-1","slingPseudotime_1",6.79010374713165,"B7H3","aucell_cytotoxic_score",0,"cytotoxic"
"CATGCTTCACTCAATCAGCTGTGA-1","slingPseudotime_3",38.3984255433217,"B7H3","aucell_exhausted_score",0.312796208530806,"exhausted"
"CATGCTTCACTCAATCAGCTGTGA-1","slingPseudotime_3",38.3984255433217,"B7H3","aucell_proliferating_score",0,"proliferating"
"CATGCTTCACTCAATCAGCTGTGA-1","slingPseudotime_3",38.3984255433217,"B7H3","aucell_naive_memory_score",0.00210526315789474,"naive_memory"
"CATGCTTCACTCAATCAGCTGTGA-1","slingPseudotime_3",38.3984255433217,"B7H3","aucell_cytotoxic_score",0,"cytotoxic"
"CATTAGGCATTGAACGAGCTGTGA-1","slingPseudotime_2",37.850157630619,"B7H3","aucell_exhausted_score",0.308232403019133,"exhausted"
"CATTAGGCATTGAACGAGCTGTGA-1","slingPseudotime_2",37.850157630619,"B7H3","aucell_proliferating_score",0,"proliferating"
"CATTAGGCATTGAACGAGCTGTGA-1","slingPseudotime_2",37.850157630619,"B7H3","aucell_naive_memory_score",0,"naive_memory"
"CATTAGGCATTGAACGAGCTGTGA-1","slingPseudotime_2",37.850157630619,"B7H3","aucell_cytotoxic_score",0.113744075829384,"cytotoxic"
"CATTCCTTCGGTTCACAGCTGTGA-1","slingPseudotime_1",18.0717145844997,"B7H3","aucell_exhausted_score",0,"exhausted"
"CATTCCTTCGGTTCACAGCTGTGA-1","slingPseudotime_1",18.0717145844997,"B7H3","aucell_proliferating_score",0,"proliferating"
"CATTCCTTCGGTTCACAGCTGTGA-1","slingPseudotime_1",18.0717145844997,"B7H3","aucell_naive_memory_score",0,"naive_memory"
"CATTCCTTCGGTTCACAGCTGTGA-1","slingPseudotime_1",18.0717145844997,"B7H3","aucell_cytotoxic_score",0,"cytotoxic"
"CATTCCTTCGGTTCACAGCTGTGA-1","slingPseudotime_2",18.7230679506545,"B7H3","aucell_exhausted_score",0,"exhausted"
"CATTCCTTCGGTTCACAGCTGTGA-1","slingPseudotime_2",18.7230679506545,"B7H3","aucell_proliferating_score",0,"proliferating"
"CATTCCTTCGGTTCACAGCTGTGA-1","slingPseudotime_2",18.7230679506545,"B7H3","aucell_naive_memory_score",0,"naive_memory"
"CATTCCTTCGGTTCACAGCTGTGA-1","slingPseudotime_2",18.7230679506545,"B7H3","aucell_cytotoxic_score",0,"cytotoxic"
"CATTCCTTCGGTTCACAGCTGTGA-1","slingPseudotime_3",18.8244827836052,"B7H3","aucell_exhausted_score",0,"exhausted"
"CATTCCTTCGGTTCACAGCTGTGA-1","slingPseudotime_3",18.8244827836052,"B7H3","aucell_proliferating_score",0,"proliferating"
"CATTCCTTCGGTTCACAGCTGTGA-1","slingPseudotime_3",18.8244827836052,"B7H3","aucell_naive_memory_score",0,"naive_memory"
"CATTCCTTCGGTTCACAGCTGTGA-1","slingPseudotime_3",18.8244827836052,"B7H3","aucell_cytotoxic_score",0,"cytotoxic"
"CATTGAAAGGCTTAGGAGCTGTGA-1","slingPseudotime_1",10.0682130369715,"B7H3","aucell_exhausted_score",0.315078111286642,"exhausted"
"CATTGAAAGGCTTAGGAGCTGTGA-1","slingPseudotime_1",10.0682130369715,"B7H3","aucell_proliferating_score",0,"proliferating"
"CATTGAAAGGCTTAGGAGCTGTGA-1","slingPseudotime_1",10.0682130369715,"B7H3","aucell_naive_memory_score",0,"naive_memory"
"CATTGAAAGGCTTAGGAGCTGTGA-1","slingPseudotime_1",10.0682130369715,"B7H3","aucell_cytotoxic_score",0.472178339476918,"cytotoxic"
"CATTGAAAGGCTTAGGAGCTGTGA-1","slingPseudotime_2",9.76098453176571,"B7H3","aucell_exhausted_score",0.315078111286642,"exhausted"
"CATTGAAAGGCTTAGGAGCTGTGA-1","slingPseudotime_2",9.76098453176571,"B7H3","aucell_proliferating_score",0,"proliferating"
"CATTGAAAGGCTTAGGAGCTGTGA-1","slingPseudotime_2",9.76098453176571,"B7H3","aucell_naive_memory_score",0,"naive_memory"
"CATTGAAAGGCTTAGGAGCTGTGA-1","slingPseudotime_2",9.76098453176571,"B7H3","aucell_cytotoxic_score",0.472178339476918,"cytotoxic"
"CATTGAAAGGCTTAGGAGCTGTGA-1","slingPseudotime_3",9.73668755288755,"B7H3","aucell_exhausted_score",0.315078111286642,"exhausted"
"CATTGAAAGGCTTAGGAGCTGTGA-1","slingPseudotime_3",9.73668755288755,"B7H3","aucell_proliferating_score",0,"proliferating"
"CATTGAAAGGCTTAGGAGCTGTGA-1","slingPseudotime_3",9.73668755288755,"B7H3","aucell_naive_memory_score",0,"naive_memory"
"CATTGAAAGGCTTAGGAGCTGTGA-1","slingPseudotime_3",9.73668755288755,"B7H3","aucell_cytotoxic_score",0.472178339476918,"cytotoxic"
"CATTGACGTCCGTGACAGCTGTGA-1","slingPseudotime_2",36.0631386349213,"B7H3","aucell_exhausted_score",0.411269088994207,"exhausted"
"CATTGACGTCCGTGACAGCTGTGA-1","slingPseudotime_2",36.0631386349213,"B7H3","aucell_proliferating_score",0,"proliferating"
"CATTGACGTCCGTGACAGCTGTGA-1","slingPseudotime_2",36.0631386349213,"B7H3","aucell_naive_memory_score",0.106947368421053,"naive_memory"
"CATTGACGTCCGTGACAGCTGTGA-1","slingPseudotime_2",36.0631386349213,"B7H3","aucell_cytotoxic_score",0.271546427944532,"cytotoxic"
"CATTGTCCAATGTTCCAGCTGTGA-1","slingPseudotime_1",16.1505249784188,"B7H3","aucell_exhausted_score",0.162892750570476,"exhausted"
"CATTGTCCAATGTTCCAGCTGTGA-1","slingPseudotime_1",16.1505249784188,"B7H3","aucell_proliferating_score",0,"proliferating"
"CATTGTCCAATGTTCCAGCTGTGA-1","slingPseudotime_1",16.1505249784188,"B7H3","aucell_naive_memory_score",0,"naive_memory"
"CATTGTCCAATGTTCCAGCTGTGA-1","slingPseudotime_1",16.1505249784188,"B7H3","aucell_cytotoxic_score",0,"cytotoxic"
"CATTGTCCAATGTTCCAGCTGTGA-1","slingPseudotime_2",16.029003000017,"B7H3","aucell_exhausted_score",0.162892750570476,"exhausted"
"CATTGTCCAATGTTCCAGCTGTGA-1","slingPseudotime_2",16.029003000017,"B7H3","aucell_proliferating_score",0,"proliferating"
"CATTGTCCAATGTTCCAGCTGTGA-1","slingPseudotime_2",16.029003000017,"B7H3","aucell_naive_memory_score",0,"naive_memory"
"CATTGTCCAATGTTCCAGCTGTGA-1","slingPseudotime_2",16.029003000017,"B7H3","aucell_cytotoxic_score",0,"cytotoxic"
"CATTGTCCAATGTTCCAGCTGTGA-1","slingPseudotime_3",16.259115343557,"B7H3","aucell_exhausted_score",0.162892750570476,"exhausted"
"CATTGTCCAATGTTCCAGCTGTGA-1","slingPseudotime_3",16.259115343557,"B7H3","aucell_proliferating_score",0,"proliferating"
"CATTGTCCAATGTTCCAGCTGTGA-1","slingPseudotime_3",16.259115343557,"B7H3","aucell_naive_memory_score",0,"naive_memory"
"CATTGTCCAATGTTCCAGCTGTGA-1","slingPseudotime_3",16.259115343557,"B7H3","aucell_cytotoxic_score",0,"cytotoxic"
"CATTGTCCATACTTCAAGCTGTGA-1","slingPseudotime_2",39.7429753374506,"B7H3","aucell_exhausted_score",0.255924170616114,"exhausted"
"CATTGTCCATACTTCAAGCTGTGA-1","slingPseudotime_2",39.7429753374506,"B7H3","aucell_proliferating_score",0,"proliferating"
"CATTGTCCATACTTCAAGCTGTGA-1","slingPseudotime_2",39.7429753374506,"B7H3","aucell_naive_memory_score",0.0846315789473684,"naive_memory"
"CATTGTCCATACTTCAAGCTGTGA-1","slingPseudotime_2",39.7429753374506,"B7H3","aucell_cytotoxic_score",0.20115850447604,"cytotoxic"
"CATTTGGTCTGTCAGCAGCTGTGA-1","slingPseudotime_2",43.9070873702315,"B7H3","aucell_exhausted_score",0.280674038967878,"exhausted"
"CATTTGGTCTGTCAGCAGCTGTGA-1","slingPseudotime_2",43.9070873702315,"B7H3","aucell_proliferating_score",0,"proliferating"
"CATTTGGTCTGTCAGCAGCTGTGA-1","slingPseudotime_2",43.9070873702315,"B7H3","aucell_naive_memory_score",0.197684210526316,"naive_memory"
"CATTTGGTCTGTCAGCAGCTGTGA-1","slingPseudotime_2",43.9070873702315,"B7H3","aucell_cytotoxic_score",0.163945936457785,"cytotoxic"
"CCAATTTAGACTCAAAAGCTGTGA-1","slingPseudotime_1",30.9810594473172,"B7H3","aucell_exhausted_score",0.312620677549588,"exhausted"
"CCAATTTAGACTCAAAAGCTGTGA-1","slingPseudotime_1",30.9810594473172,"B7H3","aucell_proliferating_score",0.395157894736842,"proliferating"
"CCAATTTAGACTCAAAAGCTGTGA-1","slingPseudotime_1",30.9810594473172,"B7H3","aucell_naive_memory_score",0.120842105263158,"naive_memory"
"CCAATTTAGACTCAAAAGCTGTGA-1","slingPseudotime_1",30.9810594473172,"B7H3","aucell_cytotoxic_score",0.00245743373705459,"cytotoxic"
"CCATTAGTCAGGTAGTAGCTGTGA-1","slingPseudotime_1",18.405410631814,"B7H3","aucell_exhausted_score",0.154818325434439,"exhausted"
"CCATTAGTCAGGTAGTAGCTGTGA-1","slingPseudotime_1",18.405410631814,"B7H3","aucell_proliferating_score",0,"proliferating"
"CCATTAGTCAGGTAGTAGCTGTGA-1","slingPseudotime_1",18.405410631814,"B7H3","aucell_naive_memory_score",0,"naive_memory"
"CCATTAGTCAGGTAGTAGCTGTGA-1","slingPseudotime_1",18.405410631814,"B7H3","aucell_cytotoxic_score",0,"cytotoxic"
"CCATTAGTCAGGTAGTAGCTGTGA-1","slingPseudotime_2",28.6621019701091,"B7H3","aucell_exhausted_score",0.154818325434439,"exhausted"
"CCATTAGTCAGGTAGTAGCTGTGA-1","slingPseudotime_2",28.6621019701091,"B7H3","aucell_proliferating_score",0,"proliferating"
"CCATTAGTCAGGTAGTAGCTGTGA-1","slingPseudotime_2",28.6621019701091,"B7H3","aucell_naive_memory_score",0,"naive_memory"
"CCATTAGTCAGGTAGTAGCTGTGA-1","slingPseudotime_2",28.6621019701091,"B7H3","aucell_cytotoxic_score",0,"cytotoxic"
"CCATTAGTCAGGTAGTAGCTGTGA-1","slingPseudotime_3",17.9867954223172,"B7H3","aucell_exhausted_score",0.154818325434439,"exhausted"
"CCATTAGTCAGGTAGTAGCTGTGA-1","slingPseudotime_3",17.9867954223172,"B7H3","aucell_proliferating_score",0,"proliferating"
"CCATTAGTCAGGTAGTAGCTGTGA-1","slingPseudotime_3",17.9867954223172,"B7H3","aucell_naive_memory_score",0,"naive_memory"
"CCATTAGTCAGGTAGTAGCTGTGA-1","slingPseudotime_3",17.9867954223172,"B7H3","aucell_cytotoxic_score",0,"cytotoxic"
"CCATTAGTCATAACCTAGCTGTGA-1","slingPseudotime_1",15.4291436007859,"B7H3","aucell_exhausted_score",0,"exhausted"
"CCATTAGTCATAACCTAGCTGTGA-1","slingPseudotime_1",15.4291436007859,"B7H3","aucell_proliferating_score",0,"proliferating"
"CCATTAGTCATAACCTAGCTGTGA-1","slingPseudotime_1",15.4291436007859,"B7H3","aucell_naive_memory_score",0.393684210526316,"naive_memory"
"CCATTAGTCATAACCTAGCTGTGA-1","slingPseudotime_1",15.4291436007859,"B7H3","aucell_cytotoxic_score",0,"cytotoxic"
"CCATTAGTCATAACCTAGCTGTGA-1","slingPseudotime_2",15.4061223297876,"B7H3","aucell_exhausted_score",0,"exhausted"
"CCATTAGTCATAACCTAGCTGTGA-1","slingPseudotime_2",15.4061223297876,"B7H3","aucell_proliferating_score",0,"proliferating"
"CCATTAGTCATAACCTAGCTGTGA-1","slingPseudotime_2",15.4061223297876,"B7H3","aucell_naive_memory_score",0.393684210526316,"naive_memory"
"CCATTAGTCATAACCTAGCTGTGA-1","slingPseudotime_2",15.4061223297876,"B7H3","aucell_cytotoxic_score",0,"cytotoxic"
"CCATTAGTCATAACCTAGCTGTGA-1","slingPseudotime_3",15.1937761343909,"B7H3","aucell_exhausted_score",0,"exhausted"
"CCATTAGTCATAACCTAGCTGTGA-1","slingPseudotime_3",15.1937761343909,"B7H3","aucell_proliferating_score",0,"proliferating"
"CCATTAGTCATAACCTAGCTGTGA-1","slingPseudotime_3",15.1937761343909,"B7H3","aucell_naive_memory_score",0.393684210526316,"naive_memory"
"CCATTAGTCATAACCTAGCTGTGA-1","slingPseudotime_3",15.1937761343909,"B7H3","aucell_cytotoxic_score",0,"cytotoxic"
"CCATTCGCAAGGTGCTAGCTGTGA-1","slingPseudotime_1",16.1081671563152,"B7H3","aucell_exhausted_score",0.123047217833948,"exhausted"
"CCATTCGCAAGGTGCTAGCTGTGA-1","slingPseudotime_1",16.1081671563152,"B7H3","aucell_proliferating_score",0.0246315789473684,"proliferating"
"CCATTCGCAAGGTGCTAGCTGTGA-1","slingPseudotime_1",16.1081671563152,"B7H3","aucell_naive_memory_score",0.120842105263158,"naive_memory"
"CCATTCGCAAGGTGCTAGCTGTGA-1","slingPseudotime_1",16.1081671563152,"B7H3","aucell_cytotoxic_score",0.158504476040021,"cytotoxic"
"CCATTCGCAAGGTGCTAGCTGTGA-1","slingPseudotime_2",16.2390837938209,"B7H3","aucell_exhausted_score",0.123047217833948,"exhausted"
"CCATTCGCAAGGTGCTAGCTGTGA-1","slingPseudotime_2",16.2390837938209,"B7H3","aucell_proliferating_score",0.0246315789473684,"proliferating"
"CCATTCGCAAGGTGCTAGCTGTGA-1","slingPseudotime_2",16.2390837938209,"B7H3","aucell_naive_memory_score",0.120842105263158,"naive_memory"
"CCATTCGCAAGGTGCTAGCTGTGA-1","slingPseudotime_2",16.2390837938209,"B7H3","aucell_cytotoxic_score",0.158504476040021,"cytotoxic"
"CCATTCGCAAGGTGCTAGCTGTGA-1","slingPseudotime_3",16.259115343557,"B7H3","aucell_exhausted_score",0.123047217833948,"exhausted"
"CCATTCGCAAGGTGCTAGCTGTGA-1","slingPseudotime_3",16.259115343557,"B7H3","aucell_proliferating_score",0.0246315789473684,"proliferating"
"CCATTCGCAAGGTGCTAGCTGTGA-1","slingPseudotime_3",16.259115343557,"B7H3","aucell_naive_memory_score",0.120842105263158,"naive_memory"
"CCATTCGCAAGGTGCTAGCTGTGA-1","slingPseudotime_3",16.259115343557,"B7H3","aucell_cytotoxic_score",0.158504476040021,"cytotoxic"
"CCATTGTCAACCGGATAGCTGTGA-1","slingPseudotime_1",77.5264270542701,"B7H3","aucell_exhausted_score",0.563278918729156,"exhausted"
"CCATTGTCAACCGGATAGCTGTGA-1","slingPseudotime_1",77.5264270542701,"B7H3","aucell_proliferating_score",0.394736842105263,"proliferating"
"CCATTGTCAACCGGATAGCTGTGA-1","slingPseudotime_1",77.5264270542701,"B7H3","aucell_naive_memory_score",0,"naive_memory"
"CCATTGTCAACCGGATAGCTGTGA-1","slingPseudotime_1",77.5264270542701,"B7H3","aucell_cytotoxic_score",0,"cytotoxic"
"CCATTGTCAGGTAGCTAGCTGTGA-1","slingPseudotime_1",15.6106314414896,"B7H3","aucell_exhausted_score",0,"exhausted"
"CCATTGTCAGGTAGCTAGCTGTGA-1","slingPseudotime_1",15.6106314414896,"B7H3","aucell_proliferating_score",0,"proliferating"
"CCATTGTCAGGTAGCTAGCTGTGA-1","slingPseudotime_1",15.6106314414896,"B7H3","aucell_naive_memory_score",0.0267368421052632,"naive_memory"
"CCATTGTCAGGTAGCTAGCTGTGA-1","slingPseudotime_1",15.6106314414896,"B7H3","aucell_cytotoxic_score",0,"cytotoxic"
"CCATTGTCAGGTAGCTAGCTGTGA-1","slingPseudotime_2",15.7470431980971,"B7H3","aucell_exhausted_score",0,"exhausted"
"CCATTGTCAGGTAGCTAGCTGTGA-1","slingPseudotime_2",15.7470431980971,"B7H3","aucell_proliferating_score",0,"proliferating"
"CCATTGTCAGGTAGCTAGCTGTGA-1","slingPseudotime_2",15.7470431980971,"B7H3","aucell_naive_memory_score",0.0267368421052632,"naive_memory"
"CCATTGTCAGGTAGCTAGCTGTGA-1","slingPseudotime_2",15.7470431980971,"B7H3","aucell_cytotoxic_score",0,"cytotoxic"
"CCATTGTCAGGTAGCTAGCTGTGA-1","slingPseudotime_3",15.9106116792702,"B7H3","aucell_exhausted_score",0,"exhausted"
"CCATTGTCAGGTAGCTAGCTGTGA-1","slingPseudotime_3",15.9106116792702,"B7H3","aucell_proliferating_score",0,"proliferating"
"CCATTGTCAGGTAGCTAGCTGTGA-1","slingPseudotime_3",15.9106116792702,"B7H3","aucell_naive_memory_score",0.0267368421052632,"naive_memory"
"CCATTGTCAGGTAGCTAGCTGTGA-1","slingPseudotime_3",15.9106116792702,"B7H3","aucell_cytotoxic_score",0,"cytotoxic"
"CCCACCTTCAAAGGCTAGCTGTGA-1","slingPseudotime_1",15.2607861412292,"B7H3","aucell_exhausted_score",0.0696857995436194,"exhausted"
"CCCACCTTCAAAGGCTAGCTGTGA-1","slingPseudotime_1",15.2607861412292,"B7H3","aucell_proliferating_score",0.0589473684210526,"proliferating"
"CCCACCTTCAAAGGCTAGCTGTGA-1","slingPseudotime_1",15.2607861412292,"B7H3","aucell_naive_memory_score",0,"naive_memory"
"CCCACCTTCAAAGGCTAGCTGTGA-1","slingPseudotime_1",15.2607861412292,"B7H3","aucell_cytotoxic_score",0.153940670528348,"cytotoxic"
"CCCACCTTCAAAGGCTAGCTGTGA-1","slingPseudotime_2",15.4061223297876,"B7H3","aucell_exhausted_score",0.0696857995436194,"exhausted"
"CCCACCTTCAAAGGCTAGCTGTGA-1","slingPseudotime_2",15.4061223297876,"B7H3","aucell_proliferating_score",0.0589473684210526,"proliferating"
"CCCACCTTCAAAGGCTAGCTGTGA-1","slingPseudotime_2",15.4061223297876,"B7H3","aucell_naive_memory_score",0,"naive_memory"
"CCCACCTTCAAAGGCTAGCTGTGA-1","slingPseudotime_2",15.4061223297876,"B7H3","aucell_cytotoxic_score",0.153940670528348,"cytotoxic"
"CCCACCTTCAAAGGCTAGCTGTGA-1","slingPseudotime_3",15.3219950529432,"B7H3","aucell_exhausted_score",0.0696857995436194,"exhausted"
"CCCACCTTCAAAGGCTAGCTGTGA-1","slingPseudotime_3",15.3219950529432,"B7H3","aucell_proliferating_score",0.0589473684210526,"proliferating"
"CCCACCTTCAAAGGCTAGCTGTGA-1","slingPseudotime_3",15.3219950529432,"B7H3","aucell_naive_memory_score",0,"naive_memory"
"CCCACCTTCAAAGGCTAGCTGTGA-1","slingPseudotime_3",15.3219950529432,"B7H3","aucell_cytotoxic_score",0.153940670528348,"cytotoxic"
"CCCATAGGTATTCGACAGCTGTGA-1","slingPseudotime_2",32.1429866953137,"B7H3","aucell_exhausted_score",0.394418114797262,"exhausted"
"CCCATAGGTATTCGACAGCTGTGA-1","slingPseudotime_2",32.1429866953137,"B7H3","aucell_proliferating_score",0,"proliferating"
"CCCATAGGTATTCGACAGCTGTGA-1","slingPseudotime_2",32.1429866953137,"B7H3","aucell_naive_memory_score",0,"naive_memory"
"CCCATAGGTATTCGACAGCTGTGA-1","slingPseudotime_2",32.1429866953137,"B7H3","aucell_cytotoxic_score",0.208179743724767,"cytotoxic"
"CCCATAGGTGCGCATCAGCTGTGA-1","slingPseudotime_2",41.3909409395327,"B7H3","aucell_exhausted_score",0.258732666315605,"exhausted"
"CCCATAGGTGCGCATCAGCTGTGA-1","slingPseudotime_2",41.3909409395327,"B7H3","aucell_proliferating_score",0,"proliferating"
"CCCATAGGTGCGCATCAGCTGTGA-1","slingPseudotime_2",41.3909409395327,"B7H3","aucell_naive_memory_score",0.271157894736842,"naive_memory"
"CCCATAGGTGCGCATCAGCTGTGA-1","slingPseudotime_2",41.3909409395327,"B7H3","aucell_cytotoxic_score",0.037037037037037,"cytotoxic"
"CCCATCACACTAGTCTAGCTGTGA-1","slingPseudotime_1",18.8827318795342,"B7H3","aucell_exhausted_score",0.110760049148675,"exhausted"
"CCCATCACACTAGTCTAGCTGTGA-1","slingPseudotime_1",18.8827318795342,"B7H3","aucell_proliferating_score",0.105473684210526,"proliferating"
"CCCATCACACTAGTCTAGCTGTGA-1","slingPseudotime_1",18.8827318795342,"B7H3","aucell_naive_memory_score",0,"naive_memory"
"CCCATCACACTAGTCTAGCTGTGA-1","slingPseudotime_1",18.8827318795342,"B7H3","aucell_cytotoxic_score",0,"cytotoxic"
"CCCATCACACTAGTCTAGCTGTGA-1","slingPseudotime_2",19.3002987755563,"B7H3","aucell_exhausted_score",0.110760049148675,"exhausted"
"CCCATCACACTAGTCTAGCTGTGA-1","slingPseudotime_2",19.3002987755563,"B7H3","aucell_proliferating_score",0.105473684210526,"proliferating"
"CCCATCACACTAGTCTAGCTGTGA-1","slingPseudotime_2",19.3002987755563,"B7H3","aucell_naive_memory_score",0,"naive_memory"
"CCCATCACACTAGTCTAGCTGTGA-1","slingPseudotime_2",19.3002987755563,"B7H3","aucell_cytotoxic_score",0,"cytotoxic"
"CCCATCACACTAGTCTAGCTGTGA-1","slingPseudotime_3",19.1757733478189,"B7H3","aucell_exhausted_score",0.110760049148675,"exhausted"
"CCCATCACACTAGTCTAGCTGTGA-1","slingPseudotime_3",19.1757733478189,"B7H3","aucell_proliferating_score",0.105473684210526,"proliferating"
"CCCATCACACTAGTCTAGCTGTGA-1","slingPseudotime_3",19.1757733478189,"B7H3","aucell_naive_memory_score",0,"naive_memory"
"CCCATCACACTAGTCTAGCTGTGA-1","slingPseudotime_3",19.1757733478189,"B7H3","aucell_cytotoxic_score",0,"cytotoxic"
"CCCATTCGTGCACTATAGCTGTGA-1","slingPseudotime_1",45.3187893310653,"B7H3","aucell_exhausted_score",0.111637704054766,"exhausted"
"CCCATTCGTGCACTATAGCTGTGA-1","slingPseudotime_1",45.3187893310653,"B7H3","aucell_proliferating_score",0.558736842105263,"proliferating"
"CCCATTCGTGCACTATAGCTGTGA-1","slingPseudotime_1",45.3187893310653,"B7H3","aucell_naive_memory_score",0,"naive_memory"
"CCCATTCGTGCACTATAGCTGTGA-1","slingPseudotime_1",45.3187893310653,"B7H3","aucell_cytotoxic_score",0,"cytotoxic"
"CCCTGATAGAGGAGGTAGCTGTGA-1","slingPseudotime_1",10.048459272057,"B7H3","aucell_exhausted_score",0.166227839213621,"exhausted"
"CCCTGATAGAGGAGGTAGCTGTGA-1","slingPseudotime_1",10.048459272057,"B7H3","aucell_proliferating_score",0,"proliferating"
"CCCTGATAGAGGAGGTAGCTGTGA-1","slingPseudotime_1",10.048459272057,"B7H3","aucell_naive_memory_score",0.169684210526316,"naive_memory"
"CCCTGATAGAGGAGGTAGCTGTGA-1","slingPseudotime_1",10.048459272057,"B7H3","aucell_cytotoxic_score",0,"cytotoxic"
"CCCTGGATCAATCGCCAGCTGTGA-1","slingPseudotime_1",12.4707631097486,"B7H3","aucell_exhausted_score",0.0375636299806916,"exhausted"
"CCCTGGATCAATCGCCAGCTGTGA-1","slingPseudotime_1",12.4707631097486,"B7H3","aucell_proliferating_score",0,"proliferating"
"CCCTGGATCAATCGCCAGCTGTGA-1","slingPseudotime_1",12.4707631097486,"B7H3","aucell_naive_memory_score",0,"naive_memory"
"CCCTGGATCAATCGCCAGCTGTGA-1","slingPseudotime_1",12.4707631097486,"B7H3","aucell_cytotoxic_score",0.165525715288748,"cytotoxic"
"CCCTGGATCAATCGCCAGCTGTGA-1","slingPseudotime_2",12.2227581664029,"B7H3","aucell_exhausted_score",0.0375636299806916,"exhausted"
"CCCTGGATCAATCGCCAGCTGTGA-1","slingPseudotime_2",12.2227581664029,"B7H3","aucell_proliferating_score",0,"proliferating"
"CCCTGGATCAATCGCCAGCTGTGA-1","slingPseudotime_2",12.2227581664029,"B7H3","aucell_naive_memory_score",0,"naive_memory"
"CCCTGGATCAATCGCCAGCTGTGA-1","slingPseudotime_2",12.2227581664029,"B7H3","aucell_cytotoxic_score",0.165525715288748,"cytotoxic"
"CCCTGGATCAATCGCCAGCTGTGA-1","slingPseudotime_3",12.2133008536318,"B7H3","aucell_exhausted_score",0.0375636299806916,"exhausted"
"CCCTGGATCAATCGCCAGCTGTGA-1","slingPseudotime_3",12.2133008536318,"B7H3","aucell_proliferating_score",0,"proliferating"
"CCCTGGATCAATCGCCAGCTGTGA-1","slingPseudotime_3",12.2133008536318,"B7H3","aucell_naive_memory_score",0,"naive_memory"
"CCCTGGATCAATCGCCAGCTGTGA-1","slingPseudotime_3",12.2133008536318,"B7H3","aucell_cytotoxic_score",0.165525715288748,"cytotoxic"
"CCGCTATAGTAATTGGAGCTGTGA-1","slingPseudotime_1",19.3041880635352,"B7H3","aucell_exhausted_score",0.163243812532912,"exhausted"
"CCGCTATAGTAATTGGAGCTGTGA-1","slingPseudotime_1",19.3041880635352,"B7H3","aucell_proliferating_score",0,"proliferating"
"CCGCTATAGTAATTGGAGCTGTGA-1","slingPseudotime_1",19.3041880635352,"B7H3","aucell_naive_memory_score",0,"naive_memory"
"CCGCTATAGTAATTGGAGCTGTGA-1","slingPseudotime_1",19.3041880635352,"B7H3","aucell_cytotoxic_score",0.221520098297349,"cytotoxic"
"CCGCTATAGTAATTGGAGCTGTGA-1","slingPseudotime_2",30.4079796724737,"B7H3","aucell_exhausted_score",0.163243812532912,"exhausted"
"CCGCTATAGTAATTGGAGCTGTGA-1","slingPseudotime_2",30.4079796724737,"B7H3","aucell_proliferating_score",0,"proliferating"
"CCGCTATAGTAATTGGAGCTGTGA-1","slingPseudotime_2",30.4079796724737,"B7H3","aucell_naive_memory_score",0,"naive_memory"
"CCGCTATAGTAATTGGAGCTGTGA-1","slingPseudotime_2",30.4079796724737,"B7H3","aucell_cytotoxic_score",0.221520098297349,"cytotoxic"
"CCGCTATAGTAATTGGAGCTGTGA-1","slingPseudotime_3",25.0080985983216,"B7H3","aucell_exhausted_score",0.163243812532912,"exhausted"
"CCGCTATAGTAATTGGAGCTGTGA-1","slingPseudotime_3",25.0080985983216,"B7H3","aucell_proliferating_score",0,"proliferating"
"CCGCTATAGTAATTGGAGCTGTGA-1","slingPseudotime_3",25.0080985983216,"B7H3","aucell_naive_memory_score",0,"naive_memory"
"CCGCTATAGTAATTGGAGCTGTGA-1","slingPseudotime_3",25.0080985983216,"B7H3","aucell_cytotoxic_score",0.221520098297349,"cytotoxic"
"CCGGCTATCTATGGCCAGCTGTGA-1","slingPseudotime_1",20.344826112305,"B7H3","aucell_exhausted_score",0.164999122345094,"exhausted"
"CCGGCTATCTATGGCCAGCTGTGA-1","slingPseudotime_1",20.344826112305,"B7H3","aucell_proliferating_score",0.0418947368421053,"proliferating"
"CCGGCTATCTATGGCCAGCTGTGA-1","slingPseudotime_1",20.344826112305,"B7H3","aucell_naive_memory_score",0.157263157894737,"naive_memory"
"CCGGCTATCTATGGCCAGCTGTGA-1","slingPseudotime_1",20.344826112305,"B7H3","aucell_cytotoxic_score",0.281200631911532,"cytotoxic"
"CCGGCTATCTATGGCCAGCTGTGA-1","slingPseudotime_2",27.6302167482742,"B7H3","aucell_exhausted_score",0.164999122345094,"exhausted"
"CCGGCTATCTATGGCCAGCTGTGA-1","slingPseudotime_2",27.6302167482742,"B7H3","aucell_proliferating_score",0.0418947368421053,"proliferating"
"CCGGCTATCTATGGCCAGCTGTGA-1","slingPseudotime_2",27.6302167482742,"B7H3","aucell_naive_memory_score",0.157263157894737,"naive_memory"
"CCGGCTATCTATGGCCAGCTGTGA-1","slingPseudotime_2",27.6302167482742,"B7H3","aucell_cytotoxic_score",0.281200631911532,"cytotoxic"
"CCGGCTATCTATGGCCAGCTGTGA-1","slingPseudotime_3",21.0627645450489,"B7H3","aucell_exhausted_score",0.164999122345094,"exhausted"
"CCGGCTATCTATGGCCAGCTGTGA-1","slingPseudotime_3",21.0627645450489,"B7H3","aucell_proliferating_score",0.0418947368421053,"proliferating"
"CCGGCTATCTATGGCCAGCTGTGA-1","slingPseudotime_3",21.0627645450489,"B7H3","aucell_naive_memory_score",0.157263157894737,"naive_memory"
"CCGGCTATCTATGGCCAGCTGTGA-1","slingPseudotime_3",21.0627645450489,"B7H3","aucell_cytotoxic_score",0.281200631911532,"cytotoxic"
"CCGGTACGTTACCGTGAGCTGTGA-1","slingPseudotime_1",100.084769419885,"B7H3","aucell_exhausted_score",0.275057047568896,"exhausted"
"CCGGTACGTTACCGTGAGCTGTGA-1","slingPseudotime_1",100.084769419885,"B7H3","aucell_proliferating_score",0.0701052631578947,"proliferating"
"CCGGTACGTTACCGTGAGCTGTGA-1","slingPseudotime_1",100.084769419885,"B7H3","aucell_naive_memory_score",0,"naive_memory"
"CCGGTACGTTACCGTGAGCTGTGA-1","slingPseudotime_1",100.084769419885,"B7H3","aucell_cytotoxic_score",0,"cytotoxic"
"CCTAGGTTCATTATGCAGCTGTGA-1","slingPseudotime_1",8.41242451741152,"B7H3","aucell_exhausted_score",0.0947867298578199,"exhausted"
"CCTAGGTTCATTATGCAGCTGTGA-1","slingPseudotime_1",8.41242451741152,"B7H3","aucell_proliferating_score",0,"proliferating"
"CCTAGGTTCATTATGCAGCTGTGA-1","slingPseudotime_1",8.41242451741152,"B7H3","aucell_naive_memory_score",0.179789473684211,"naive_memory"
"CCTAGGTTCATTATGCAGCTGTGA-1","slingPseudotime_1",8.41242451741152,"B7H3","aucell_cytotoxic_score",0.0854835878532561,"cytotoxic"
"CCTCGATAGAGCAACTAGCTGTGA-1","slingPseudotime_1",84.0728313613264,"B7H3","aucell_exhausted_score",0,"exhausted"
"CCTCGATAGAGCAACTAGCTGTGA-1","slingPseudotime_1",84.0728313613264,"B7H3","aucell_proliferating_score",0.0591578947368421,"proliferating"
"CCTCGATAGAGCAACTAGCTGTGA-1","slingPseudotime_1",84.0728313613264,"B7H3","aucell_naive_memory_score",0,"naive_memory"
"CCTCGATAGAGCAACTAGCTGTGA-1","slingPseudotime_1",84.0728313613264,"B7H3","aucell_cytotoxic_score",0.030366859750746,"cytotoxic"
"CCTTATTGTTGTTCCCAGCTGTGA-1","slingPseudotime_1",69.9579952368154,"B7H3","aucell_exhausted_score",0.160435316833421,"exhausted"
"CCTTATTGTTGTTCCCAGCTGTGA-1","slingPseudotime_1",69.9579952368154,"B7H3","aucell_proliferating_score",0.455578947368421,"proliferating"
"CCTTATTGTTGTTCCCAGCTGTGA-1","slingPseudotime_1",69.9579952368154,"B7H3","aucell_naive_memory_score",0.189052631578947,"naive_memory"
"CCTTATTGTTGTTCCCAGCTGTGA-1","slingPseudotime_1",69.9579952368154,"B7H3","aucell_cytotoxic_score",0.303844128488678,"cytotoxic"
"CCTTGAATCGGTCAAGAGCTGTGA-1","slingPseudotime_1",20.574062303033,"B7H3","aucell_exhausted_score",0,"exhausted"
"CCTTGAATCGGTCAAGAGCTGTGA-1","slingPseudotime_1",20.574062303033,"B7H3","aucell_proliferating_score",0.142526315789474,"proliferating"
"CCTTGAATCGGTCAAGAGCTGTGA-1","slingPseudotime_1",20.574062303033,"B7H3","aucell_naive_memory_score",0.00210526315789474,"naive_memory"
"CCTTGAATCGGTCAAGAGCTGTGA-1","slingPseudotime_1",20.574062303033,"B7H3","aucell_cytotoxic_score",0,"cytotoxic"
"CCTTGAATCGGTCAAGAGCTGTGA-1","slingPseudotime_2",21.2775114221709,"B7H3","aucell_exhausted_score",0,"exhausted"
"CCTTGAATCGGTCAAGAGCTGTGA-1","slingPseudotime_2",21.2775114221709,"B7H3","aucell_proliferating_score",0.142526315789474,"proliferating"
"CCTTGAATCGGTCAAGAGCTGTGA-1","slingPseudotime_2",21.2775114221709,"B7H3","aucell_naive_memory_score",0.00210526315789474,"naive_memory"
"CCTTGAATCGGTCAAGAGCTGTGA-1","slingPseudotime_2",21.2775114221709,"B7H3","aucell_cytotoxic_score",0,"cytotoxic"
"CCTTGAATCGGTCAAGAGCTGTGA-1","slingPseudotime_3",27.2118240675161,"B7H3","aucell_exhausted_score",0,"exhausted"
"CCTTGAATCGGTCAAGAGCTGTGA-1","slingPseudotime_3",27.2118240675161,"B7H3","aucell_proliferating_score",0.142526315789474,"proliferating"
"CCTTGAATCGGTCAAGAGCTGTGA-1","slingPseudotime_3",27.2118240675161,"B7H3","aucell_naive_memory_score",0.00210526315789474,"naive_memory"
"CCTTGAATCGGTCAAGAGCTGTGA-1","slingPseudotime_3",27.2118240675161,"B7H3","aucell_cytotoxic_score",0,"cytotoxic"
"CGAAATGGTTAGGTGAAGCTGTGA-1","slingPseudotime_1",15.8584597674378,"B7H3","aucell_exhausted_score",0.309812181850097,"exhausted"
"CGAAATGGTTAGGTGAAGCTGTGA-1","slingPseudotime_1",15.8584597674378,"B7H3","aucell_proliferating_score",0,"proliferating"
"CGAAATGGTTAGGTGAAGCTGTGA-1","slingPseudotime_1",15.8584597674378,"B7H3","aucell_naive_memory_score",0.000210526315789474,"naive_memory"
"CGAAATGGTTAGGTGAAGCTGTGA-1","slingPseudotime_1",15.8584597674378,"B7H3","aucell_cytotoxic_score",0.0486220817974372,"cytotoxic"
"CGAAATGGTTAGGTGAAGCTGTGA-1","slingPseudotime_2",15.3350999789196,"B7H3","aucell_exhausted_score",0.309812181850097,"exhausted"
"CGAAATGGTTAGGTGAAGCTGTGA-1","slingPseudotime_2",15.3350999789196,"B7H3","aucell_proliferating_score",0,"proliferating"
"CGAAATGGTTAGGTGAAGCTGTGA-1","slingPseudotime_2",15.3350999789196,"B7H3","aucell_naive_memory_score",0.000210526315789474,"naive_memory"
"CGAAATGGTTAGGTGAAGCTGTGA-1","slingPseudotime_2",15.3350999789196,"B7H3","aucell_cytotoxic_score",0.0486220817974372,"cytotoxic"
"CGAAATGGTTAGGTGAAGCTGTGA-1","slingPseudotime_3",15.0070630643535,"B7H3","aucell_exhausted_score",0.309812181850097,"exhausted"
"CGAAATGGTTAGGTGAAGCTGTGA-1","slingPseudotime_3",15.0070630643535,"B7H3","aucell_proliferating_score",0,"proliferating"
"CGAAATGGTTAGGTGAAGCTGTGA-1","slingPseudotime_3",15.0070630643535,"B7H3","aucell_naive_memory_score",0.000210526315789474,"naive_memory"
"CGAAATGGTTAGGTGAAGCTGTGA-1","slingPseudotime_3",15.0070630643535,"B7H3","aucell_cytotoxic_score",0.0486220817974372,"cytotoxic"
"CGAAGAAAGACTTAAGAGCTGTGA-1","slingPseudotime_1",7.6538770354009,"B7H3","aucell_exhausted_score",0,"exhausted"
"CGAAGAAAGACTTAAGAGCTGTGA-1","slingPseudotime_1",7.6538770354009,"B7H3","aucell_proliferating_score",0,"proliferating"
"CGAAGAAAGACTTAAGAGCTGTGA-1","slingPseudotime_1",7.6538770354009,"B7H3","aucell_naive_memory_score",0,"naive_memory"
"CGAAGAAAGACTTAAGAGCTGTGA-1","slingPseudotime_1",7.6538770354009,"B7H3","aucell_cytotoxic_score",0.407582938388626,"cytotoxic"
"CGAAGAAAGACTTAAGAGCTGTGA-1","slingPseudotime_2",7.41642282552546,"B7H3","aucell_exhausted_score",0,"exhausted"
"CGAAGAAAGACTTAAGAGCTGTGA-1","slingPseudotime_2",7.41642282552546,"B7H3","aucell_proliferating_score",0,"proliferating"
"CGAAGAAAGACTTAAGAGCTGTGA-1","slingPseudotime_2",7.41642282552546,"B7H3","aucell_naive_memory_score",0,"naive_memory"
"CGAAGAAAGACTTAAGAGCTGTGA-1","slingPseudotime_2",7.41642282552546,"B7H3","aucell_cytotoxic_score",0.407582938388626,"cytotoxic"
"CGAAGAAAGACTTAAGAGCTGTGA-1","slingPseudotime_3",7.42129817379956,"B7H3","aucell_exhausted_score",0,"exhausted"
"CGAAGAAAGACTTAAGAGCTGTGA-1","slingPseudotime_3",7.42129817379956,"B7H3","aucell_proliferating_score",0,"proliferating"
"CGAAGAAAGACTTAAGAGCTGTGA-1","slingPseudotime_3",7.42129817379956,"B7H3","aucell_naive_memory_score",0,"naive_memory"
"CGAAGAAAGACTTAAGAGCTGTGA-1","slingPseudotime_3",7.42129817379956,"B7H3","aucell_cytotoxic_score",0.407582938388626,"cytotoxic"
"CGAAGGTGTATGTTGCAGCTGTGA-1","slingPseudotime_1",21.9549208544542,"B7H3","aucell_exhausted_score",0.194312796208531,"exhausted"
"CGAAGGTGTATGTTGCAGCTGTGA-1","slingPseudotime_1",21.9549208544542,"B7H3","aucell_proliferating_score",0,"proliferating"
"CGAAGGTGTATGTTGCAGCTGTGA-1","slingPseudotime_1",21.9549208544542,"B7H3","aucell_naive_memory_score",0.0404210526315789,"naive_memory"
"CGAAGGTGTATGTTGCAGCTGTGA-1","slingPseudotime_1",21.9549208544542,"B7H3","aucell_cytotoxic_score",0.153238546603476,"cytotoxic"
"CGAAGGTGTATGTTGCAGCTGTGA-1","slingPseudotime_2",26.3445984317144,"B7H3","aucell_exhausted_score",0.194312796208531,"exhausted"
"CGAAGGTGTATGTTGCAGCTGTGA-1","slingPseudotime_2",26.3445984317144,"B7H3","aucell_proliferating_score",0,"proliferating"
"CGAAGGTGTATGTTGCAGCTGTGA-1","slingPseudotime_2",26.3445984317144,"B7H3","aucell_naive_memory_score",0.0404210526315789,"naive_memory"
"CGAAGGTGTATGTTGCAGCTGTGA-1","slingPseudotime_2",26.3445984317144,"B7H3","aucell_cytotoxic_score",0.153238546603476,"cytotoxic"
"CGAAGGTGTATGTTGCAGCTGTGA-1","slingPseudotime_3",21.600092231939,"B7H3","aucell_exhausted_score",0.194312796208531,"exhausted"
"CGAAGGTGTATGTTGCAGCTGTGA-1","slingPseudotime_3",21.600092231939,"B7H3","aucell_proliferating_score",0,"proliferating"
"CGAAGGTGTATGTTGCAGCTGTGA-1","slingPseudotime_3",21.600092231939,"B7H3","aucell_naive_memory_score",0.0404210526315789,"naive_memory"
"CGAAGGTGTATGTTGCAGCTGTGA-1","slingPseudotime_3",21.600092231939,"B7H3","aucell_cytotoxic_score",0.153238546603476,"cytotoxic"
"CGACTTTCACTGACTTAGCTGTGA-1","slingPseudotime_3",12.4088363935208,"B7H3","aucell_exhausted_score",0,"exhausted"
"CGACTTTCACTGACTTAGCTGTGA-1","slingPseudotime_3",12.4088363935208,"B7H3","aucell_proliferating_score",0,"proliferating"
"CGACTTTCACTGACTTAGCTGTGA-1","slingPseudotime_3",12.4088363935208,"B7H3","aucell_naive_memory_score",0.0568421052631579,"naive_memory"
"CGACTTTCACTGACTTAGCTGTGA-1","slingPseudotime_3",12.4088363935208,"B7H3","aucell_cytotoxic_score",0,"cytotoxic"
"CGATTGACAATTCGGAAGCTGTGA-1","slingPseudotime_3",34.9163815521811,"B7H3","aucell_exhausted_score",0.26399859575215,"exhausted"
"CGATTGACAATTCGGAAGCTGTGA-1","slingPseudotime_3",34.9163815521811,"B7H3","aucell_proliferating_score",0,"proliferating"
"CGATTGACAATTCGGAAGCTGTGA-1","slingPseudotime_3",34.9163815521811,"B7H3","aucell_naive_memory_score",0.0858947368421053,"naive_memory"
"CGATTGACAATTCGGAAGCTGTGA-1","slingPseudotime_3",34.9163815521811,"B7H3","aucell_cytotoxic_score",0.166578901176058,"cytotoxic"
"CGATTGTGTTGGCCACAGCTGTGA-1","slingPseudotime_1",21.6910046023036,"B7H3","aucell_exhausted_score",0.239599789362823,"exhausted"
"CGATTGTGTTGGCCACAGCTGTGA-1","slingPseudotime_1",21.6910046023036,"B7H3","aucell_proliferating_score",0,"proliferating"
"CGATTGTGTTGGCCACAGCTGTGA-1","slingPseudotime_1",21.6910046023036,"B7H3","aucell_naive_memory_score",0,"naive_memory"
"CGATTGTGTTGGCCACAGCTGTGA-1","slingPseudotime_1",21.6910046023036,"B7H3","aucell_cytotoxic_score",0.631033877479375,"cytotoxic"
"CGATTGTGTTGGCCACAGCTGTGA-1","slingPseudotime_2",30.8018857861192,"B7H3","aucell_exhausted_score",0.239599789362823,"exhausted"
"CGATTGTGTTGGCCACAGCTGTGA-1","slingPseudotime_2",30.8018857861192,"B7H3","aucell_proliferating_score",0,"proliferating"
"CGATTGTGTTGGCCACAGCTGTGA-1","slingPseudotime_2",30.8018857861192,"B7H3","aucell_naive_memory_score",0,"naive_memory"
"CGATTGTGTTGGCCACAGCTGTGA-1","slingPseudotime_2",30.8018857861192,"B7H3","aucell_cytotoxic_score",0.631033877479375,"cytotoxic"
"CGATTGTGTTGGCCACAGCTGTGA-1","slingPseudotime_3",22.6149891255977,"B7H3","aucell_exhausted_score",0.239599789362823,"exhausted"
"CGATTGTGTTGGCCACAGCTGTGA-1","slingPseudotime_3",22.6149891255977,"B7H3","aucell_proliferating_score",0,"proliferating"
"CGATTGTGTTGGCCACAGCTGTGA-1","slingPseudotime_3",22.6149891255977,"B7H3","aucell_naive_memory_score",0,"naive_memory"
"CGATTGTGTTGGCCACAGCTGTGA-1","slingPseudotime_3",22.6149891255977,"B7H3","aucell_cytotoxic_score",0.631033877479375,"cytotoxic"
"CGATTTAGTAACTTGCAGCTGTGA-1","slingPseudotime_1",42.9327111673402,"B7H3","aucell_exhausted_score",0.253115674916623,"exhausted"
"CGATTTAGTAACTTGCAGCTGTGA-1","slingPseudotime_1",42.9327111673402,"B7H3","aucell_proliferating_score",0.70821052631579,"proliferating"
"CGATTTAGTAACTTGCAGCTGTGA-1","slingPseudotime_1",42.9327111673402,"B7H3","aucell_naive_memory_score",0.105473684210526,"naive_memory"
"CGATTTAGTAACTTGCAGCTGTGA-1","slingPseudotime_1",42.9327111673402,"B7H3","aucell_cytotoxic_score",0,"cytotoxic"
"CGCACATTCTAGCGGAAGCTGTGA-1","slingPseudotime_2",41.6260879412297,"B7H3","aucell_exhausted_score",0.26979111813235,"exhausted"
"CGCACATTCTAGCGGAAGCTGTGA-1","slingPseudotime_2",41.6260879412297,"B7H3","aucell_proliferating_score",0,"proliferating"
"CGCACATTCTAGCGGAAGCTGTGA-1","slingPseudotime_2",41.6260879412297,"B7H3","aucell_naive_memory_score",0,"naive_memory"
"CGCACATTCTAGCGGAAGCTGTGA-1","slingPseudotime_2",41.6260879412297,"B7H3","aucell_cytotoxic_score",0.166403370194839,"cytotoxic"
"CGCATTTCACTTCGATAGCTGTGA-1","slingPseudotime_1",14.952693246856,"B7H3","aucell_exhausted_score",0.11795681937862,"exhausted"
"CGCATTTCACTTCGATAGCTGTGA-1","slingPseudotime_1",14.952693246856,"B7H3","aucell_proliferating_score",0,"proliferating"
"CGCATTTCACTTCGATAGCTGTGA-1","slingPseudotime_1",14.952693246856,"B7H3","aucell_naive_memory_score",0.0884210526315789,"naive_memory"
"CGCATTTCACTTCGATAGCTGTGA-1","slingPseudotime_1",14.952693246856,"B7H3","aucell_cytotoxic_score",0,"cytotoxic"
"CGCATTTCACTTCGATAGCTGTGA-1","slingPseudotime_2",14.4931523128877,"B7H3","aucell_exhausted_score",0.11795681937862,"exhausted"
"CGCATTTCACTTCGATAGCTGTGA-1","slingPseudotime_2",14.4931523128877,"B7H3","aucell_proliferating_score",0,"proliferating"
"CGCATTTCACTTCGATAGCTGTGA-1","slingPseudotime_2",14.4931523128877,"B7H3","aucell_naive_memory_score",0.0884210526315789,"naive_memory"
"CGCATTTCACTTCGATAGCTGTGA-1","slingPseudotime_2",14.4931523128877,"B7H3","aucell_cytotoxic_score",0,"cytotoxic"
"CGCATTTCACTTCGATAGCTGTGA-1","slingPseudotime_3",14.670597453678,"B7H3","aucell_exhausted_score",0.11795681937862,"exhausted"
"CGCATTTCACTTCGATAGCTGTGA-1","slingPseudotime_3",14.670597453678,"B7H3","aucell_proliferating_score",0,"proliferating"
"CGCATTTCACTTCGATAGCTGTGA-1","slingPseudotime_3",14.670597453678,"B7H3","aucell_naive_memory_score",0.0884210526315789,"naive_memory"
"CGCATTTCACTTCGATAGCTGTGA-1","slingPseudotime_3",14.670597453678,"B7H3","aucell_cytotoxic_score",0,"cytotoxic"
"CGCTACGTCGTTATGTAGCTGTGA-1","slingPseudotime_1",49.1841652378338,"B7H3","aucell_exhausted_score",0.159206599964894,"exhausted"
"CGCTACGTCGTTATGTAGCTGTGA-1","slingPseudotime_1",49.1841652378338,"B7H3","aucell_proliferating_score",0.359578947368421,"proliferating"
"CGCTACGTCGTTATGTAGCTGTGA-1","slingPseudotime_1",49.1841652378338,"B7H3","aucell_naive_memory_score",0.128631578947368,"naive_memory"
"CGCTACGTCGTTATGTAGCTGTGA-1","slingPseudotime_1",49.1841652378338,"B7H3","aucell_cytotoxic_score",0.225206248902931,"cytotoxic"
"CGGCTAAAGGTCACTCAGCTGTGA-1","slingPseudotime_2",31.0786905894871,"B7H3","aucell_exhausted_score",0.474460242232754,"exhausted"
"CGGCTAAAGGTCACTCAGCTGTGA-1","slingPseudotime_2",31.0786905894871,"B7H3","aucell_proliferating_score",0.0107368421052632,"proliferating"
"CGGCTAAAGGTCACTCAGCTGTGA-1","slingPseudotime_2",31.0786905894871,"B7H3","aucell_naive_memory_score",0,"naive_memory"
"CGGCTAAAGGTCACTCAGCTGTGA-1","slingPseudotime_2",31.0786905894871,"B7H3","aucell_cytotoxic_score",0.162190626645603,"cytotoxic"
"CGGTTAGAGATAACGCAGCTGTGA-1","slingPseudotime_1",18.8827318795342,"B7H3","aucell_exhausted_score",0.0638932771634193,"exhausted"
"CGGTTAGAGATAACGCAGCTGTGA-1","slingPseudotime_1",18.8827318795342,"B7H3","aucell_proliferating_score",0,"proliferating"
"CGGTTAGAGATAACGCAGCTGTGA-1","slingPseudotime_1",18.8827318795342,"B7H3","aucell_naive_memory_score",0.152631578947368,"naive_memory"
"CGGTTAGAGATAACGCAGCTGTGA-1","slingPseudotime_1",18.8827318795342,"B7H3","aucell_cytotoxic_score",0,"cytotoxic"
"CGGTTAGAGATAACGCAGCTGTGA-1","slingPseudotime_2",19.2247973507795,"B7H3","aucell_exhausted_score",0.0638932771634193,"exhausted"
"CGGTTAGAGATAACGCAGCTGTGA-1","slingPseudotime_2",19.2247973507795,"B7H3","aucell_proliferating_score",0,"proliferating"
"CGGTTAGAGATAACGCAGCTGTGA-1","slingPseudotime_2",19.2247973507795,"B7H3","aucell_naive_memory_score",0.152631578947368,"naive_memory"
"CGGTTAGAGATAACGCAGCTGTGA-1","slingPseudotime_2",19.2247973507795,"B7H3","aucell_cytotoxic_score",0,"cytotoxic"
"CGGTTAGAGATAACGCAGCTGTGA-1","slingPseudotime_3",19.601624485975,"B7H3","aucell_exhausted_score",0.0638932771634193,"exhausted"
"CGGTTAGAGATAACGCAGCTGTGA-1","slingPseudotime_3",19.601624485975,"B7H3","aucell_proliferating_score",0,"proliferating"
"CGGTTAGAGATAACGCAGCTGTGA-1","slingPseudotime_3",19.601624485975,"B7H3","aucell_naive_memory_score",0.152631578947368,"naive_memory"
"CGGTTAGAGATAACGCAGCTGTGA-1","slingPseudotime_3",19.601624485975,"B7H3","aucell_cytotoxic_score",0,"cytotoxic"
"CGTAGCGCAGATTGCAAGCTGTGA-1","slingPseudotime_2",35.5087879756281,"B7H3","aucell_exhausted_score",0.444268913463226,"exhausted"
"CGTAGCGCAGATTGCAAGCTGTGA-1","slingPseudotime_2",35.5087879756281,"B7H3","aucell_proliferating_score",0,"proliferating"
"CGTAGCGCAGATTGCAAGCTGTGA-1","slingPseudotime_2",35.5087879756281,"B7H3","aucell_naive_memory_score",0,"naive_memory"
"CGTAGCGCAGATTGCAAGCTGTGA-1","slingPseudotime_2",35.5087879756281,"B7H3","aucell_cytotoxic_score",0.162190626645603,"cytotoxic"
"CGTCCATAGGCTTAAAAGCTGTGA-1","slingPseudotime_1",52.5438837108722,"B7H3","aucell_exhausted_score",0.199052132701422,"exhausted"
"CGTCCATAGGCTTAAAAGCTGTGA-1","slingPseudotime_1",52.5438837108722,"B7H3","aucell_proliferating_score",0.442947368421053,"proliferating"
"CGTCCATAGGCTTAAAAGCTGTGA-1","slingPseudotime_1",52.5438837108722,"B7H3","aucell_naive_memory_score",0,"naive_memory"
"CGTCCATAGGCTTAAAAGCTGTGA-1","slingPseudotime_1",52.5438837108722,"B7H3","aucell_cytotoxic_score",0.272775144813059,"cytotoxic"
"CGTGCTTAGGCGCATAAGCTGTGA-1","slingPseudotime_1",49.7150408838773,"B7H3","aucell_exhausted_score",0.164823591363876,"exhausted"
"CGTGCTTAGGCGCATAAGCTGTGA-1","slingPseudotime_1",49.7150408838773,"B7H3","aucell_proliferating_score",0.443368421052632,"proliferating"
"CGTGCTTAGGCGCATAAGCTGTGA-1","slingPseudotime_1",49.7150408838773,"B7H3","aucell_naive_memory_score",0.0789473684210526,"naive_memory"
"CGTGCTTAGGCGCATAAGCTGTGA-1","slingPseudotime_1",49.7150408838773,"B7H3","aucell_cytotoxic_score",0,"cytotoxic"
"CGTTACATCACAAACAAGCTGTGA-1","slingPseudotime_2",45.4749902252175,"B7H3","aucell_exhausted_score",0.318939792873442,"exhausted"
"CGTTACATCACAAACAAGCTGTGA-1","slingPseudotime_2",45.4749902252175,"B7H3","aucell_proliferating_score",0.262526315789474,"proliferating"
"CGTTACATCACAAACAAGCTGTGA-1","slingPseudotime_2",45.4749902252175,"B7H3","aucell_naive_memory_score",0.332421052631579,"naive_memory"
"CGTTACATCACAAACAAGCTGTGA-1","slingPseudotime_2",45.4749902252175,"B7H3","aucell_cytotoxic_score",0,"cytotoxic"
"CGTTACATCTTGAGGGAGCTGTGA-1","slingPseudotime_1",16.0298122077559,"B7H3","aucell_exhausted_score",0.245392311743023,"exhausted"
"CGTTACATCTTGAGGGAGCTGTGA-1","slingPseudotime_1",16.0298122077559,"B7H3","aucell_proliferating_score",0,"proliferating"
"CGTTACATCTTGAGGGAGCTGTGA-1","slingPseudotime_1",16.0298122077559,"B7H3","aucell_naive_memory_score",0,"naive_memory"
"CGTTACATCTTGAGGGAGCTGTGA-1","slingPseudotime_1",16.0298122077559,"B7H3","aucell_cytotoxic_score",0,"cytotoxic"
"CGTTACATCTTGAGGGAGCTGTGA-1","slingPseudotime_2",15.3498826181759,"B7H3","aucell_exhausted_score",0.245392311743023,"exhausted"
"CGTTACATCTTGAGGGAGCTGTGA-1","slingPseudotime_2",15.3498826181759,"B7H3","aucell_proliferating_score",0,"proliferating"
"CGTTACATCTTGAGGGAGCTGTGA-1","slingPseudotime_2",15.3498826181759,"B7H3","aucell_naive_memory_score",0,"naive_memory"
"CGTTACATCTTGAGGGAGCTGTGA-1","slingPseudotime_2",15.3498826181759,"B7H3","aucell_cytotoxic_score",0,"cytotoxic"
"CGTTACATCTTGAGGGAGCTGTGA-1","slingPseudotime_3",32.2772728208385,"B7H3","aucell_exhausted_score",0.245392311743023,"exhausted"
"CGTTACATCTTGAGGGAGCTGTGA-1","slingPseudotime_3",32.2772728208385,"B7H3","aucell_proliferating_score",0,"proliferating"
"CGTTACATCTTGAGGGAGCTGTGA-1","slingPseudotime_3",32.2772728208385,"B7H3","aucell_naive_memory_score",0,"naive_memory"
"CGTTACATCTTGAGGGAGCTGTGA-1","slingPseudotime_3",32.2772728208385,"B7H3","aucell_cytotoxic_score",0,"cytotoxic"
"CGTTCGTAGATTATCCAGCTGTGA-1","slingPseudotime_2",33.0688751506126,"B7H3","aucell_exhausted_score",0.208179743724767,"exhausted"
"CGTTCGTAGATTATCCAGCTGTGA-1","slingPseudotime_2",33.0688751506126,"B7H3","aucell_proliferating_score",0,"proliferating"
"CGTTCGTAGATTATCCAGCTGTGA-1","slingPseudotime_2",33.0688751506126,"B7H3","aucell_naive_memory_score",0.342105263157895,"naive_memory"
"CGTTCGTAGATTATCCAGCTGTGA-1","slingPseudotime_2",33.0688751506126,"B7H3","aucell_cytotoxic_score",0,"cytotoxic"
"CTAAATGAGCACCTTAAGCTGTGA-1","slingPseudotime_2",32.7657129096897,"B7H3","aucell_exhausted_score",0.166754432157276,"exhausted"
"CTAAATGAGCACCTTAAGCTGTGA-1","slingPseudotime_2",32.7657129096897,"B7H3","aucell_proliferating_score",0,"proliferating"
"CTAAATGAGCACCTTAAGCTGTGA-1","slingPseudotime_2",32.7657129096897,"B7H3","aucell_naive_memory_score",0,"naive_memory"
"CTAAATGAGCACCTTAAGCTGTGA-1","slingPseudotime_2",32.7657129096897,"B7H3","aucell_cytotoxic_score",0,"cytotoxic"
"CTAACCGGTATGTTGCAGCTGTGA-1","slingPseudotime_1",22.6637931931274,"B7H3","aucell_exhausted_score",0.33175355450237,"exhausted"
"CTAACCGGTATGTTGCAGCTGTGA-1","slingPseudotime_1",22.6637931931274,"B7H3","aucell_proliferating_score",0,"proliferating"
"CTAACCGGTATGTTGCAGCTGTGA-1","slingPseudotime_1",22.6637931931274,"B7H3","aucell_naive_memory_score",0,"naive_memory"
"CTAACCGGTATGTTGCAGCTGTGA-1","slingPseudotime_1",22.6637931931274,"B7H3","aucell_cytotoxic_score",0.39266280498508,"cytotoxic"
"CTAACCGGTATGTTGCAGCTGTGA-1","slingPseudotime_2",28.0720354927734,"B7H3","aucell_exhausted_score",0.33175355450237,"exhausted"
"CTAACCGGTATGTTGCAGCTGTGA-1","slingPseudotime_2",28.0720354927734,"B7H3","aucell_proliferating_score",0,"proliferating"
"CTAACCGGTATGTTGCAGCTGTGA-1","slingPseudotime_2",28.0720354927734,"B7H3","aucell_naive_memory_score",0,"naive_memory"
"CTAACCGGTATGTTGCAGCTGTGA-1","slingPseudotime_2",28.0720354927734,"B7H3","aucell_cytotoxic_score",0.39266280498508,"cytotoxic"
"CTAACCGGTATGTTGCAGCTGTGA-1","slingPseudotime_3",23.3398223178148,"B7H3","aucell_exhausted_score",0.33175355450237,"exhausted"
"CTAACCGGTATGTTGCAGCTGTGA-1","slingPseudotime_3",23.3398223178148,"B7H3","aucell_proliferating_score",0,"proliferating"
"CTAACCGGTATGTTGCAGCTGTGA-1","slingPseudotime_3",23.3398223178148,"B7H3","aucell_naive_memory_score",0,"naive_memory"
"CTAACCGGTATGTTGCAGCTGTGA-1","slingPseudotime_3",23.3398223178148,"B7H3","aucell_cytotoxic_score",0.39266280498508,"cytotoxic"
"CTACCGGTCACGGACAAGCTGTGA-1","slingPseudotime_1",5.7487521142484,"B7H3","aucell_exhausted_score",0.086361242759347,"exhausted"
"CTACCGGTCACGGACAAGCTGTGA-1","slingPseudotime_1",5.7487521142484,"B7H3","aucell_proliferating_score",0,"proliferating"
"CTACCGGTCACGGACAAGCTGTGA-1","slingPseudotime_1",5.7487521142484,"B7H3","aucell_naive_memory_score",0.134947368421053,"naive_memory"
"CTACCGGTCACGGACAAGCTGTGA-1","slingPseudotime_1",5.7487521142484,"B7H3","aucell_cytotoxic_score",0.147797086185712,"cytotoxic"
"CTACCGGTCACGGACAAGCTGTGA-1","slingPseudotime_2",5.50240179309012,"B7H3","aucell_exhausted_score",0.086361242759347,"exhausted"
"CTACCGGTCACGGACAAGCTGTGA-1","slingPseudotime_2",5.50240179309012,"B7H3","aucell_proliferating_score",0,"proliferating"
"CTACCGGTCACGGACAAGCTGTGA-1","slingPseudotime_2",5.50240179309012,"B7H3","aucell_naive_memory_score",0.134947368421053,"naive_memory"
"CTACCGGTCACGGACAAGCTGTGA-1","slingPseudotime_2",5.50240179309012,"B7H3","aucell_cytotoxic_score",0.147797086185712,"cytotoxic"
"CTACCGGTCACGGACAAGCTGTGA-1","slingPseudotime_3",5.51236448817401,"B7H3","aucell_exhausted_score",0.086361242759347,"exhausted"
"CTACCGGTCACGGACAAGCTGTGA-1","slingPseudotime_3",5.51236448817401,"B7H3","aucell_proliferating_score",0,"proliferating"
"CTACCGGTCACGGACAAGCTGTGA-1","slingPseudotime_3",5.51236448817401,"B7H3","aucell_naive_memory_score",0.134947368421053,"naive_memory"
"CTACCGGTCACGGACAAGCTGTGA-1","slingPseudotime_3",5.51236448817401,"B7H3","aucell_cytotoxic_score",0.147797086185712,"cytotoxic"
"CTACGAACACATACCTAGCTGTGA-1","slingPseudotime_1",21.9484556332454,"B7H3","aucell_exhausted_score",0.207126557837458,"exhausted"
"CTACGAACACATACCTAGCTGTGA-1","slingPseudotime_1",21.9484556332454,"B7H3","aucell_proliferating_score",0,"proliferating"
"CTACGAACACATACCTAGCTGTGA-1","slingPseudotime_1",21.9484556332454,"B7H3","aucell_naive_memory_score",0,"naive_memory"
"CTACGAACACATACCTAGCTGTGA-1","slingPseudotime_1",21.9484556332454,"B7H3","aucell_cytotoxic_score",0.166754432157276,"cytotoxic"
"CTACGAACACATACCTAGCTGTGA-1","slingPseudotime_2",29.9868042296618,"B7H3","aucell_exhausted_score",0.207126557837458,"exhausted"
"CTACGAACACATACCTAGCTGTGA-1","slingPseudotime_2",29.9868042296618,"B7H3","aucell_proliferating_score",0,"proliferating"
"CTACGAACACATACCTAGCTGTGA-1","slingPseudotime_2",29.9868042296618,"B7H3","aucell_naive_memory_score",0,"naive_memory"
"CTACGAACACATACCTAGCTGTGA-1","slingPseudotime_2",29.9868042296618,"B7H3","aucell_cytotoxic_score",0.166754432157276,"cytotoxic"
"CTACGAACACATACCTAGCTGTGA-1","slingPseudotime_3",22.6149891255977,"B7H3","aucell_exhausted_score",0.207126557837458,"exhausted"
"CTACGAACACATACCTAGCTGTGA-1","slingPseudotime_3",22.6149891255977,"B7H3","aucell_proliferating_score",0,"proliferating"
"CTACGAACACATACCTAGCTGTGA-1","slingPseudotime_3",22.6149891255977,"B7H3","aucell_naive_memory_score",0,"naive_memory"
"CTACGAACACATACCTAGCTGTGA-1","slingPseudotime_3",22.6149891255977,"B7H3","aucell_cytotoxic_score",0.166754432157276,"cytotoxic"
"CTATGAGCACAGGCTGAGCTGTGA-1","slingPseudotime_1",13.324645710849,"B7H3","aucell_exhausted_score",0,"exhausted"
"CTATGAGCACAGGCTGAGCTGTGA-1","slingPseudotime_1",13.324645710849,"B7H3","aucell_proliferating_score",0,"proliferating"
"CTATGAGCACAGGCTGAGCTGTGA-1","slingPseudotime_1",13.324645710849,"B7H3","aucell_naive_memory_score",0,"naive_memory"
"CTATGAGCACAGGCTGAGCTGTGA-1","slingPseudotime_1",13.324645710849,"B7H3","aucell_cytotoxic_score",0.131472704932421,"cytotoxic"
"CTATGAGCACAGGCTGAGCTGTGA-1","slingPseudotime_2",13.2495814235303,"B7H3","aucell_exhausted_score",0,"exhausted"
"CTATGAGCACAGGCTGAGCTGTGA-1","slingPseudotime_2",13.2495814235303,"B7H3","aucell_proliferating_score",0,"proliferating"
"CTATGAGCACAGGCTGAGCTGTGA-1","slingPseudotime_2",13.2495814235303,"B7H3","aucell_naive_memory_score",0,"naive_memory"
"CTATGAGCACAGGCTGAGCTGTGA-1","slingPseudotime_2",13.2495814235303,"B7H3","aucell_cytotoxic_score",0.131472704932421,"cytotoxic"
"CTATGAGCACAGGCTGAGCTGTGA-1","slingPseudotime_3",13.2373493936678,"B7H3","aucell_exhausted_score",0,"exhausted"
"CTATGAGCACAGGCTGAGCTGTGA-1","slingPseudotime_3",13.2373493936678,"B7H3","aucell_proliferating_score",0,"proliferating"
"CTATGAGCACAGGCTGAGCTGTGA-1","slingPseudotime_3",13.2373493936678,"B7H3","aucell_naive_memory_score",0,"naive_memory"
"CTATGAGCACAGGCTGAGCTGTGA-1","slingPseudotime_3",13.2373493936678,"B7H3","aucell_cytotoxic_score",0.131472704932421,"cytotoxic"
"CTATGAGCATATAGGTAGCTGTGA-1","slingPseudotime_1",15.5095697747895,"B7H3","aucell_exhausted_score",0,"exhausted"
"CTATGAGCATATAGGTAGCTGTGA-1","slingPseudotime_1",15.5095697747895,"B7H3","aucell_proliferating_score",0,"proliferating"
"CTATGAGCATATAGGTAGCTGTGA-1","slingPseudotime_1",15.5095697747895,"B7H3","aucell_naive_memory_score",0,"naive_memory"
"CTATGAGCATATAGGTAGCTGTGA-1","slingPseudotime_1",15.5095697747895,"B7H3","aucell_cytotoxic_score",0.485343163068282,"cytotoxic"
"CTATGAGCATATAGGTAGCTGTGA-1","slingPseudotime_2",15.838411146521,"B7H3","aucell_exhausted_score",0,"exhausted"
"CTATGAGCATATAGGTAGCTGTGA-1","slingPseudotime_2",15.838411146521,"B7H3","aucell_proliferating_score",0,"proliferating"
"CTATGAGCATATAGGTAGCTGTGA-1","slingPseudotime_2",15.838411146521,"B7H3","aucell_naive_memory_score",0,"naive_memory"
"CTATGAGCATATAGGTAGCTGTGA-1","slingPseudotime_2",15.838411146521,"B7H3","aucell_cytotoxic_score",0.485343163068282,"cytotoxic"
"CTATGAGCATATAGGTAGCTGTGA-1","slingPseudotime_3",18.8266141752349,"B7H3","aucell_exhausted_score",0,"exhausted"
"CTATGAGCATATAGGTAGCTGTGA-1","slingPseudotime_3",18.8266141752349,"B7H3","aucell_proliferating_score",0,"proliferating"
"CTATGAGCATATAGGTAGCTGTGA-1","slingPseudotime_3",18.8266141752349,"B7H3","aucell_naive_memory_score",0,"naive_memory"
"CTATGAGCATATAGGTAGCTGTGA-1","slingPseudotime_3",18.8266141752349,"B7H3","aucell_cytotoxic_score",0.485343163068282,"cytotoxic"
"CTATGAGCATGTTTCAAGCTGTGA-1","slingPseudotime_1",33.7564688896609,"B7H3","aucell_exhausted_score",0.298929261014569,"exhausted"
"CTATGAGCATGTTTCAAGCTGTGA-1","slingPseudotime_1",33.7564688896609,"B7H3","aucell_proliferating_score",0.205263157894737,"proliferating"
"CTATGAGCATGTTTCAAGCTGTGA-1","slingPseudotime_1",33.7564688896609,"B7H3","aucell_naive_memory_score",0.0393684210526316,"naive_memory"
"CTATGAGCATGTTTCAAGCTGTGA-1","slingPseudotime_1",33.7564688896609,"B7H3","aucell_cytotoxic_score",0,"cytotoxic"
"CTATGGGAGGAGGATAAGCTGTGA-1","slingPseudotime_1",15.3806573159057,"B7H3","aucell_exhausted_score",0.234684921888713,"exhausted"
"CTATGGGAGGAGGATAAGCTGTGA-1","slingPseudotime_1",15.3806573159057,"B7H3","aucell_proliferating_score",0,"proliferating"
"CTATGGGAGGAGGATAAGCTGTGA-1","slingPseudotime_1",15.3806573159057,"B7H3","aucell_naive_memory_score",0,"naive_memory"
"CTATGGGAGGAGGATAAGCTGTGA-1","slingPseudotime_1",15.3806573159057,"B7H3","aucell_cytotoxic_score",0,"cytotoxic"
"CTATGGGAGGAGGATAAGCTGTGA-1","slingPseudotime_2",15.0208925341897,"B7H3","aucell_exhausted_score",0.234684921888713,"exhausted"
"CTATGGGAGGAGGATAAGCTGTGA-1","slingPseudotime_2",15.0208925341897,"B7H3","aucell_proliferating_score",0,"proliferating"
"CTATGGGAGGAGGATAAGCTGTGA-1","slingPseudotime_2",15.0208925341897,"B7H3","aucell_naive_memory_score",0,"naive_memory"
"CTATGGGAGGAGGATAAGCTGTGA-1","slingPseudotime_2",15.0208925341897,"B7H3","aucell_cytotoxic_score",0,"cytotoxic"
"CTATGGGAGGAGGATAAGCTGTGA-1","slingPseudotime_3",14.9623380040496,"B7H3","aucell_exhausted_score",0.234684921888713,"exhausted"
"CTATGGGAGGAGGATAAGCTGTGA-1","slingPseudotime_3",14.9623380040496,"B7H3","aucell_proliferating_score",0,"proliferating"
"CTATGGGAGGAGGATAAGCTGTGA-1","slingPseudotime_3",14.9623380040496,"B7H3","aucell_naive_memory_score",0,"naive_memory"
"CTATGGGAGGAGGATAAGCTGTGA-1","slingPseudotime_3",14.9623380040496,"B7H3","aucell_cytotoxic_score",0,"cytotoxic"
"CTATTGAGTTGTTGTAAGCTGTGA-1","slingPseudotime_1",17.4260539890871,"B7H3","aucell_exhausted_score",0.164296998420221,"exhausted"
"CTATTGAGTTGTTGTAAGCTGTGA-1","slingPseudotime_1",17.4260539890871,"B7H3","aucell_proliferating_score",0,"proliferating"
"CTATTGAGTTGTTGTAAGCTGTGA-1","slingPseudotime_1",17.4260539890871,"B7H3","aucell_naive_memory_score",0,"naive_memory"
"CTATTGAGTTGTTGTAAGCTGTGA-1","slingPseudotime_1",17.4260539890871,"B7H3","aucell_cytotoxic_score",0,"cytotoxic"
"CTATTGAGTTGTTGTAAGCTGTGA-1","slingPseudotime_2",16.2330289078764,"B7H3","aucell_exhausted_score",0.164296998420221,"exhausted"
"CTATTGAGTTGTTGTAAGCTGTGA-1","slingPseudotime_2",16.2330289078764,"B7H3","aucell_proliferating_score",0,"proliferating"
"CTATTGAGTTGTTGTAAGCTGTGA-1","slingPseudotime_2",16.2330289078764,"B7H3","aucell_naive_memory_score",0,"naive_memory"
"CTATTGAGTTGTTGTAAGCTGTGA-1","slingPseudotime_2",16.2330289078764,"B7H3","aucell_cytotoxic_score",0,"cytotoxic"
"CTATTGAGTTGTTGTAAGCTGTGA-1","slingPseudotime_3",15.9641146811095,"B7H3","aucell_exhausted_score",0.164296998420221,"exhausted"
"CTATTGAGTTGTTGTAAGCTGTGA-1","slingPseudotime_3",15.9641146811095,"B7H3","aucell_proliferating_score",0,"proliferating"
"CTATTGAGTTGTTGTAAGCTGTGA-1","slingPseudotime_3",15.9641146811095,"B7H3","aucell_naive_memory_score",0,"naive_memory"
"CTATTGAGTTGTTGTAAGCTGTGA-1","slingPseudotime_3",15.9641146811095,"B7H3","aucell_cytotoxic_score",0,"cytotoxic"
"CTCAAATTCAAACCAAAGCTGTGA-1","slingPseudotime_1",15.4801165778569,"B7H3","aucell_exhausted_score",0.14990345796033,"exhausted"
"CTCAAATTCAAACCAAAGCTGTGA-1","slingPseudotime_1",15.4801165778569,"B7H3","aucell_proliferating_score",0,"proliferating"
"CTCAAATTCAAACCAAAGCTGTGA-1","slingPseudotime_1",15.4801165778569,"B7H3","aucell_naive_memory_score",0.178315789473684,"naive_memory"
"CTCAAATTCAAACCAAAGCTGTGA-1","slingPseudotime_1",15.4801165778569,"B7H3","aucell_cytotoxic_score",0,"cytotoxic"
"CTCAAATTCAAACCAAAGCTGTGA-1","slingPseudotime_2",15.5577289198389,"B7H3","aucell_exhausted_score",0.14990345796033,"exhausted"
"CTCAAATTCAAACCAAAGCTGTGA-1","slingPseudotime_2",15.5577289198389,"B7H3","aucell_proliferating_score",0,"proliferating"
"CTCAAATTCAAACCAAAGCTGTGA-1","slingPseudotime_2",15.5577289198389,"B7H3","aucell_naive_memory_score",0.178315789473684,"naive_memory"
"CTCAAATTCAAACCAAAGCTGTGA-1","slingPseudotime_2",15.5577289198389,"B7H3","aucell_cytotoxic_score",0,"cytotoxic"
"CTCAAATTCAAACCAAAGCTGTGA-1","slingPseudotime_3",15.4335647465417,"B7H3","aucell_exhausted_score",0.14990345796033,"exhausted"
"CTCAAATTCAAACCAAAGCTGTGA-1","slingPseudotime_3",15.4335647465417,"B7H3","aucell_proliferating_score",0,"proliferating"
"CTCAAATTCAAACCAAAGCTGTGA-1","slingPseudotime_3",15.4335647465417,"B7H3","aucell_naive_memory_score",0.178315789473684,"naive_memory"
"CTCAAATTCAAACCAAAGCTGTGA-1","slingPseudotime_3",15.4335647465417,"B7H3","aucell_cytotoxic_score",0,"cytotoxic"
"CTCAAGACATGGCTTTAGCTGTGA-1","slingPseudotime_2",37.5672367323961,"B7H3","aucell_exhausted_score",0.335264174126733,"exhausted"
"CTCAAGACATGGCTTTAGCTGTGA-1","slingPseudotime_2",37.5672367323961,"B7H3","aucell_proliferating_score",0,"proliferating"
"CTCAAGACATGGCTTTAGCTGTGA-1","slingPseudotime_2",37.5672367323961,"B7H3","aucell_naive_memory_score",0.0633684210526316,"naive_memory"
"CTCAAGACATGGCTTTAGCTGTGA-1","slingPseudotime_2",37.5672367323961,"B7H3","aucell_cytotoxic_score",0.166227839213621,"cytotoxic"
"CTCATTACAGGGATGAAGCTGTGA-1","slingPseudotime_1",19.274713862952,"B7H3","aucell_exhausted_score",0,"exhausted"
"CTCATTACAGGGATGAAGCTGTGA-1","slingPseudotime_1",19.274713862952,"B7H3","aucell_proliferating_score",0.171368421052632,"proliferating"
"CTCATTACAGGGATGAAGCTGTGA-1","slingPseudotime_1",19.274713862952,"B7H3","aucell_naive_memory_score",0,"naive_memory"
"CTCATTACAGGGATGAAGCTGTGA-1","slingPseudotime_1",19.274713862952,"B7H3","aucell_cytotoxic_score",0.623310514305775,"cytotoxic"
"CTCATTACAGGGATGAAGCTGTGA-1","slingPseudotime_2",27.6302167482742,"B7H3","aucell_exhausted_score",0,"exhausted"
"CTCATTACAGGGATGAAGCTGTGA-1","slingPseudotime_2",27.6302167482742,"B7H3","aucell_proliferating_score",0.171368421052632,"proliferating"
"CTCATTACAGGGATGAAGCTGTGA-1","slingPseudotime_2",27.6302167482742,"B7H3","aucell_naive_memory_score",0,"naive_memory"
"CTCATTACAGGGATGAAGCTGTGA-1","slingPseudotime_2",27.6302167482742,"B7H3","aucell_cytotoxic_score",0.623310514305775,"cytotoxic"
"CTCATTACAGGGATGAAGCTGTGA-1","slingPseudotime_3",20.8513762548816,"B7H3","aucell_exhausted_score",0,"exhausted"
"CTCATTACAGGGATGAAGCTGTGA-1","slingPseudotime_3",20.8513762548816,"B7H3","aucell_proliferating_score",0.171368421052632,"proliferating"
"CTCATTACAGGGATGAAGCTGTGA-1","slingPseudotime_3",20.8513762548816,"B7H3","aucell_naive_memory_score",0,"naive_memory"
"CTCATTACAGGGATGAAGCTGTGA-1","slingPseudotime_3",20.8513762548816,"B7H3","aucell_cytotoxic_score",0.623310514305775,"cytotoxic"
"CTCGACTAGTTTGCATAGCTGTGA-1","slingPseudotime_1",16.8833447847518,"B7H3","aucell_exhausted_score",0.153238546603476,"exhausted"
"CTCGACTAGTTTGCATAGCTGTGA-1","slingPseudotime_1",16.8833447847518,"B7H3","aucell_proliferating_score",0,"proliferating"
"CTCGACTAGTTTGCATAGCTGTGA-1","slingPseudotime_1",16.8833447847518,"B7H3","aucell_naive_memory_score",0,"naive_memory"
"CTCGACTAGTTTGCATAGCTGTGA-1","slingPseudotime_1",16.8833447847518,"B7H3","aucell_cytotoxic_score",0.327540810953133,"cytotoxic"
"CTCGACTAGTTTGCATAGCTGTGA-1","slingPseudotime_2",17.538226873705,"B7H3","aucell_exhausted_score",0.153238546603476,"exhausted"
"CTCGACTAGTTTGCATAGCTGTGA-1","slingPseudotime_2",17.538226873705,"B7H3","aucell_proliferating_score",0,"proliferating"
"CTCGACTAGTTTGCATAGCTGTGA-1","slingPseudotime_2",17.538226873705,"B7H3","aucell_naive_memory_score",0,"naive_memory"
"CTCGACTAGTTTGCATAGCTGTGA-1","slingPseudotime_2",17.538226873705,"B7H3","aucell_cytotoxic_score",0.327540810953133,"cytotoxic"
"CTCGACTAGTTTGCATAGCTGTGA-1","slingPseudotime_3",18.7131947943336,"B7H3","aucell_exhausted_score",0.153238546603476,"exhausted"
"CTCGACTAGTTTGCATAGCTGTGA-1","slingPseudotime_3",18.7131947943336,"B7H3","aucell_proliferating_score",0,"proliferating"
"CTCGACTAGTTTGCATAGCTGTGA-1","slingPseudotime_3",18.7131947943336,"B7H3","aucell_naive_memory_score",0,"naive_memory"
"CTCGACTAGTTTGCATAGCTGTGA-1","slingPseudotime_3",18.7131947943336,"B7H3","aucell_cytotoxic_score",0.327540810953133,"cytotoxic"
"CTCTCAGCACGGATACAGCTGTGA-1","slingPseudotime_1",52.3458960296285,"B7H3","aucell_exhausted_score",0.294540986484114,"exhausted"
"CTCTCAGCACGGATACAGCTGTGA-1","slingPseudotime_1",52.3458960296285,"B7H3","aucell_proliferating_score",0.538315789473684,"proliferating"
"CTCTCAGCACGGATACAGCTGTGA-1","slingPseudotime_1",52.3458960296285,"B7H3","aucell_naive_memory_score",0.181473684210526,"naive_memory"
"CTCTCAGCACGGATACAGCTGTGA-1","slingPseudotime_1",52.3458960296285,"B7H3","aucell_cytotoxic_score",0.0988239424258382,"cytotoxic"
"CTCTCAGCATGCGGATAGCTGTGA-1","slingPseudotime_1",10.9645592725431,"B7H3","aucell_exhausted_score",0.144637528523784,"exhausted"
"CTCTCAGCATGCGGATAGCTGTGA-1","slingPseudotime_1",10.9645592725431,"B7H3","aucell_proliferating_score",0,"proliferating"
"CTCTCAGCATGCGGATAGCTGTGA-1","slingPseudotime_1",10.9645592725431,"B7H3","aucell_naive_memory_score",0.360421052631579,"naive_memory"
"CTCTCAGCATGCGGATAGCTGTGA-1","slingPseudotime_1",10.9645592725431,"B7H3","aucell_cytotoxic_score",0.149727926979112,"cytotoxic"
"CTCTCAGCATGCGGATAGCTGTGA-1","slingPseudotime_2",10.6793726406696,"B7H3","aucell_exhausted_score",0.144637528523784,"exhausted"
"CTCTCAGCATGCGGATAGCTGTGA-1","slingPseudotime_2",10.6793726406696,"B7H3","aucell_proliferating_score",0,"proliferating"
"CTCTCAGCATGCGGATAGCTGTGA-1","slingPseudotime_2",10.6793726406696,"B7H3","aucell_naive_memory_score",0.360421052631579,"naive_memory"
"CTCTCAGCATGCGGATAGCTGTGA-1","slingPseudotime_2",10.6793726406696,"B7H3","aucell_cytotoxic_score",0.149727926979112,"cytotoxic"
"CTCTCAGCATGCGGATAGCTGTGA-1","slingPseudotime_3",10.6634806412247,"B7H3","aucell_exhausted_score",0.144637528523784,"exhausted"
"CTCTCAGCATGCGGATAGCTGTGA-1","slingPseudotime_3",10.6634806412247,"B7H3","aucell_proliferating_score",0,"proliferating"
"CTCTCAGCATGCGGATAGCTGTGA-1","slingPseudotime_3",10.6634806412247,"B7H3","aucell_naive_memory_score",0.360421052631579,"naive_memory"
"CTCTCAGCATGCGGATAGCTGTGA-1","slingPseudotime_3",10.6634806412247,"B7H3","aucell_cytotoxic_score",0.149727926979112,"cytotoxic"
"CTCTCAGCATTCGGTTAGCTGTGA-1","slingPseudotime_1",9.00099649173895,"B7H3","aucell_exhausted_score",0.165174653326312,"exhausted"
"CTCTCAGCATTCGGTTAGCTGTGA-1","slingPseudotime_1",9.00099649173895,"B7H3","aucell_proliferating_score",0,"proliferating"
"CTCTCAGCATTCGGTTAGCTGTGA-1","slingPseudotime_1",9.00099649173895,"B7H3","aucell_naive_memory_score",0,"naive_memory"
"CTCTCAGCATTCGGTTAGCTGTGA-1","slingPseudotime_1",9.00099649173895,"B7H3","aucell_cytotoxic_score",0.162015095664385,"cytotoxic"
"CTCTCAGCATTCGGTTAGCTGTGA-1","slingPseudotime_2",33.686543491833,"B7H3","aucell_exhausted_score",0.165174653326312,"exhausted"
"CTCTCAGCATTCGGTTAGCTGTGA-1","slingPseudotime_2",33.686543491833,"B7H3","aucell_proliferating_score",0,"proliferating"
"CTCTCAGCATTCGGTTAGCTGTGA-1","slingPseudotime_2",33.686543491833,"B7H3","aucell_naive_memory_score",0,"naive_memory"
"CTCTCAGCATTCGGTTAGCTGTGA-1","slingPseudotime_2",33.686543491833,"B7H3","aucell_cytotoxic_score",0.162015095664385,"cytotoxic"
"CTCTCAGCATTCGGTTAGCTGTGA-1","slingPseudotime_3",8.77922242493401,"B7H3","aucell_exhausted_score",0.165174653326312,"exhausted"
"CTCTCAGCATTCGGTTAGCTGTGA-1","slingPseudotime_3",8.77922242493401,"B7H3","aucell_proliferating_score",0,"proliferating"
"CTCTCAGCATTCGGTTAGCTGTGA-1","slingPseudotime_3",8.77922242493401,"B7H3","aucell_naive_memory_score",0,"naive_memory"
"CTCTCAGCATTCGGTTAGCTGTGA-1","slingPseudotime_3",8.77922242493401,"B7H3","aucell_cytotoxic_score",0.162015095664385,"cytotoxic"
"CTCTTGAAGCCTAAGGAGCTGTGA-1","slingPseudotime_1",17.2543549501186,"B7H3","aucell_exhausted_score",0.0152711953659821,"exhausted"
"CTCTTGAAGCCTAAGGAGCTGTGA-1","slingPseudotime_1",17.2543549501186,"B7H3","aucell_proliferating_score",0,"proliferating"
"CTCTTGAAGCCTAAGGAGCTGTGA-1","slingPseudotime_1",17.2543549501186,"B7H3","aucell_naive_memory_score",0.306736842105263,"naive_memory"
"CTCTTGAAGCCTAAGGAGCTGTGA-1","slingPseudotime_1",17.2543549501186,"B7H3","aucell_cytotoxic_score",0,"cytotoxic"
"CTCTTGAAGCCTAAGGAGCTGTGA-1","slingPseudotime_2",17.5135626984643,"B7H3","aucell_exhausted_score",0.0152711953659821,"exhausted"
"CTCTTGAAGCCTAAGGAGCTGTGA-1","slingPseudotime_2",17.5135626984643,"B7H3","aucell_proliferating_score",0,"proliferating"
"CTCTTGAAGCCTAAGGAGCTGTGA-1","slingPseudotime_2",17.5135626984643,"B7H3","aucell_naive_memory_score",0.306736842105263,"naive_memory"
"CTCTTGAAGCCTAAGGAGCTGTGA-1","slingPseudotime_2",17.5135626984643,"B7H3","aucell_cytotoxic_score",0,"cytotoxic"
"CTCTTGAAGCCTAAGGAGCTGTGA-1","slingPseudotime_3",17.1858142235617,"B7H3","aucell_exhausted_score",0.0152711953659821,"exhausted"
"CTCTTGAAGCCTAAGGAGCTGTGA-1","slingPseudotime_3",17.1858142235617,"B7H3","aucell_proliferating_score",0,"proliferating"
"CTCTTGAAGCCTAAGGAGCTGTGA-1","slingPseudotime_3",17.1858142235617,"B7H3","aucell_naive_memory_score",0.306736842105263,"naive_memory"
"CTCTTGAAGCCTAAGGAGCTGTGA-1","slingPseudotime_3",17.1858142235617,"B7H3","aucell_cytotoxic_score",0,"cytotoxic"
"CTGAGTCTCAACTGTTAGCTGTGA-1","slingPseudotime_3",43.0704583681039,"B7H3","aucell_exhausted_score",0.15376513954713,"exhausted"
"CTGAGTCTCAACTGTTAGCTGTGA-1","slingPseudotime_3",43.0704583681039,"B7H3","aucell_proliferating_score",0,"proliferating"
"CTGAGTCTCAACTGTTAGCTGTGA-1","slingPseudotime_3",43.0704583681039,"B7H3","aucell_naive_memory_score",0.0665263157894737,"naive_memory"
"CTGAGTCTCAACTGTTAGCTGTGA-1","slingPseudotime_3",43.0704583681039,"B7H3","aucell_cytotoxic_score",0,"cytotoxic"
"CTGAGTCTCCATTAACAGCTGTGA-1","slingPseudotime_1",22.0120718883278,"B7H3","aucell_exhausted_score",0.261892223977532,"exhausted"
"CTGAGTCTCCATTAACAGCTGTGA-1","slingPseudotime_1",22.0120718883278,"B7H3","aucell_proliferating_score",0,"proliferating"
"CTGAGTCTCCATTAACAGCTGTGA-1","slingPseudotime_1",22.0120718883278,"B7H3","aucell_naive_memory_score",0,"naive_memory"
"CTGAGTCTCCATTAACAGCTGTGA-1","slingPseudotime_1",22.0120718883278,"B7H3","aucell_cytotoxic_score",0.00333508864314552,"cytotoxic"
"CTGAGTCTCCATTAACAGCTGTGA-1","slingPseudotime_2",31.4048722357965,"B7H3","aucell_exhausted_score",0.261892223977532,"exhausted"
"CTGAGTCTCCATTAACAGCTGTGA-1","slingPseudotime_2",31.4048722357965,"B7H3","aucell_proliferating_score",0,"proliferating"
"CTGAGTCTCCATTAACAGCTGTGA-1","slingPseudotime_2",31.4048722357965,"B7H3","aucell_naive_memory_score",0,"naive_memory"
"CTGAGTCTCCATTAACAGCTGTGA-1","slingPseudotime_2",31.4048722357965,"B7H3","aucell_cytotoxic_score",0.00333508864314552,"cytotoxic"
"CTGAGTCTCCATTAACAGCTGTGA-1","slingPseudotime_3",22.1110441418871,"B7H3","aucell_exhausted_score",0.261892223977532,"exhausted"
"CTGAGTCTCCATTAACAGCTGTGA-1","slingPseudotime_3",22.1110441418871,"B7H3","aucell_proliferating_score",0,"proliferating"
"CTGAGTCTCCATTAACAGCTGTGA-1","slingPseudotime_3",22.1110441418871,"B7H3","aucell_naive_memory_score",0,"naive_memory"
"CTGAGTCTCCATTAACAGCTGTGA-1","slingPseudotime_3",22.1110441418871,"B7H3","aucell_cytotoxic_score",0.00333508864314552,"cytotoxic"
"CTGGCTGTCAGGCTGAAGCTGTGA-1","slingPseudotime_2",29.5543647442051,"B7H3","aucell_exhausted_score",0.520449359311919,"exhausted"
"CTGGCTGTCAGGCTGAAGCTGTGA-1","slingPseudotime_2",29.5543647442051,"B7H3","aucell_proliferating_score",0.0644210526315789,"proliferating"
"CTGGCTGTCAGGCTGAAGCTGTGA-1","slingPseudotime_2",29.5543647442051,"B7H3","aucell_naive_memory_score",0,"naive_memory"
"CTGGCTGTCAGGCTGAAGCTGTGA-1","slingPseudotime_2",29.5543647442051,"B7H3","aucell_cytotoxic_score",0.333333333333333,"cytotoxic"
"CTGTGCAGTACTTATGAGCTGTGA-1","slingPseudotime_1",16.3036565456429,"B7H3","aucell_exhausted_score",0.11795681937862,"exhausted"
"CTGTGCAGTACTTATGAGCTGTGA-1","slingPseudotime_1",16.3036565456429,"B7H3","aucell_proliferating_score",0,"proliferating"
"CTGTGCAGTACTTATGAGCTGTGA-1","slingPseudotime_1",16.3036565456429,"B7H3","aucell_naive_memory_score",0.208210526315789,"naive_memory"
"CTGTGCAGTACTTATGAGCTGTGA-1","slingPseudotime_1",16.3036565456429,"B7H3","aucell_cytotoxic_score",0,"cytotoxic"
"CTGTGCAGTACTTATGAGCTGTGA-1","slingPseudotime_2",16.4946982082004,"B7H3","aucell_exhausted_score",0.11795681937862,"exhausted"
"CTGTGCAGTACTTATGAGCTGTGA-1","slingPseudotime_2",16.4946982082004,"B7H3","aucell_proliferating_score",0,"proliferating"
"CTGTGCAGTACTTATGAGCTGTGA-1","slingPseudotime_2",16.4946982082004,"B7H3","aucell_naive_memory_score",0.208210526315789,"naive_memory"
"CTGTGCAGTACTTATGAGCTGTGA-1","slingPseudotime_2",16.4946982082004,"B7H3","aucell_cytotoxic_score",0,"cytotoxic"
"CTGTGCAGTACTTATGAGCTGTGA-1","slingPseudotime_3",16.5690691794951,"B7H3","aucell_exhausted_score",0.11795681937862,"exhausted"
"CTGTGCAGTACTTATGAGCTGTGA-1","slingPseudotime_3",16.5690691794951,"B7H3","aucell_proliferating_score",0,"proliferating"
"CTGTGCAGTACTTATGAGCTGTGA-1","slingPseudotime_3",16.5690691794951,"B7H3","aucell_naive_memory_score",0.208210526315789,"naive_memory"
"CTGTGCAGTACTTATGAGCTGTGA-1","slingPseudotime_3",16.5690691794951,"B7H3","aucell_cytotoxic_score",0,"cytotoxic"
"CTTAGCCAGAGGCGGAAGCTGTGA-1","slingPseudotime_1",20.9212659157605,"B7H3","aucell_exhausted_score",0,"exhausted"
"CTTAGCCAGAGGCGGAAGCTGTGA-1","slingPseudotime_1",20.9212659157605,"B7H3","aucell_proliferating_score",0,"proliferating"
"CTTAGCCAGAGGCGGAAGCTGTGA-1","slingPseudotime_1",20.9212659157605,"B7H3","aucell_naive_memory_score",0.0595789473684211,"naive_memory"
"CTTAGCCAGAGGCGGAAGCTGTGA-1","slingPseudotime_1",20.9212659157605,"B7H3","aucell_cytotoxic_score",0,"cytotoxic"
"CTTAGCCAGAGGCGGAAGCTGTGA-1","slingPseudotime_2",21.5480183929128,"B7H3","aucell_exhausted_score",0,"exhausted"
"CTTAGCCAGAGGCGGAAGCTGTGA-1","slingPseudotime_2",21.5480183929128,"B7H3","aucell_proliferating_score",0,"proliferating"
"CTTAGCCAGAGGCGGAAGCTGTGA-1","slingPseudotime_2",21.5480183929128,"B7H3","aucell_naive_memory_score",0.0595789473684211,"naive_memory"
"CTTAGCCAGAGGCGGAAGCTGTGA-1","slingPseudotime_2",21.5480183929128,"B7H3","aucell_cytotoxic_score",0,"cytotoxic"
"CTTAGCCAGAGGCGGAAGCTGTGA-1","slingPseudotime_3",25.2566212325218,"B7H3","aucell_exhausted_score",0,"exhausted"
"CTTAGCCAGAGGCGGAAGCTGTGA-1","slingPseudotime_3",25.2566212325218,"B7H3","aucell_proliferating_score",0,"proliferating"
"CTTAGCCAGAGGCGGAAGCTGTGA-1","slingPseudotime_3",25.2566212325218,"B7H3","aucell_naive_memory_score",0.0595789473684211,"naive_memory"
"CTTAGCCAGAGGCGGAAGCTGTGA-1","slingPseudotime_3",25.2566212325218,"B7H3","aucell_cytotoxic_score",0,"cytotoxic"
"CTTCGAATCTGGAAACAGCTGTGA-1","slingPseudotime_1",19.9879818690401,"B7H3","aucell_exhausted_score",0,"exhausted"
"CTTCGAATCTGGAAACAGCTGTGA-1","slingPseudotime_1",19.9879818690401,"B7H3","aucell_proliferating_score",0.0463157894736842,"proliferating"
"CTTCGAATCTGGAAACAGCTGTGA-1","slingPseudotime_1",19.9879818690401,"B7H3","aucell_naive_memory_score",0,"naive_memory"
"CTTCGAATCTGGAAACAGCTGTGA-1","slingPseudotime_1",19.9879818690401,"B7H3","aucell_cytotoxic_score",0,"cytotoxic"
"CTTCGAATCTGGAAACAGCTGTGA-1","slingPseudotime_2",20.7230324313142,"B7H3","aucell_exhausted_score",0,"exhausted"
"CTTCGAATCTGGAAACAGCTGTGA-1","slingPseudotime_2",20.7230324313142,"B7H3","aucell_proliferating_score",0.0463157894736842,"proliferating"
"CTTCGAATCTGGAAACAGCTGTGA-1","slingPseudotime_2",20.7230324313142,"B7H3","aucell_naive_memory_score",0,"naive_memory"
"CTTCGAATCTGGAAACAGCTGTGA-1","slingPseudotime_2",20.7230324313142,"B7H3","aucell_cytotoxic_score",0,"cytotoxic"
"CTTCGAATCTGGAAACAGCTGTGA-1","slingPseudotime_3",21.3353277551625,"B7H3","aucell_exhausted_score",0,"exhausted"
"CTTCGAATCTGGAAACAGCTGTGA-1","slingPseudotime_3",21.3353277551625,"B7H3","aucell_proliferating_score",0.0463157894736842,"proliferating"
"CTTCGAATCTGGAAACAGCTGTGA-1","slingPseudotime_3",21.3353277551625,"B7H3","aucell_naive_memory_score",0,"naive_memory"
"CTTCGAATCTGGAAACAGCTGTGA-1","slingPseudotime_3",21.3353277551625,"B7H3","aucell_cytotoxic_score",0,"cytotoxic"
"CTTTAGGTCCTCAAGCAGCTGTGA-1","slingPseudotime_1",15.8677445737524,"B7H3","aucell_exhausted_score",0.121467439002984,"exhausted"
"CTTTAGGTCCTCAAGCAGCTGTGA-1","slingPseudotime_1",15.8677445737524,"B7H3","aucell_proliferating_score",0,"proliferating"
"CTTTAGGTCCTCAAGCAGCTGTGA-1","slingPseudotime_1",15.8677445737524,"B7H3","aucell_naive_memory_score",0,"naive_memory"
"CTTTAGGTCCTCAAGCAGCTGTGA-1","slingPseudotime_1",15.8677445737524,"B7H3","aucell_cytotoxic_score",0,"cytotoxic"
"CTTTAGGTCCTCAAGCAGCTGTGA-1","slingPseudotime_2",33.1053607935204,"B7H3","aucell_exhausted_score",0.121467439002984,"exhausted"
"CTTTAGGTCCTCAAGCAGCTGTGA-1","slingPseudotime_2",33.1053607935204,"B7H3","aucell_proliferating_score",0,"proliferating"
"CTTTAGGTCCTCAAGCAGCTGTGA-1","slingPseudotime_2",33.1053607935204,"B7H3","aucell_naive_memory_score",0,"naive_memory"
"CTTTAGGTCCTCAAGCAGCTGTGA-1","slingPseudotime_2",33.1053607935204,"B7H3","aucell_cytotoxic_score",0,"cytotoxic"
"CTTTAGGTCCTCAAGCAGCTGTGA-1","slingPseudotime_3",32.3225162372737,"B7H3","aucell_exhausted_score",0.121467439002984,"exhausted"
"CTTTAGGTCCTCAAGCAGCTGTGA-1","slingPseudotime_3",32.3225162372737,"B7H3","aucell_proliferating_score",0,"proliferating"
"CTTTAGGTCCTCAAGCAGCTGTGA-1","slingPseudotime_3",32.3225162372737,"B7H3","aucell_naive_memory_score",0,"naive_memory"
"CTTTAGGTCCTCAAGCAGCTGTGA-1","slingPseudotime_3",32.3225162372737,"B7H3","aucell_cytotoxic_score",0,"cytotoxic"
"CTTTCGTTCACGGACAAGCTGTGA-1","slingPseudotime_1",62.5098410277006,"B7H3","aucell_exhausted_score",0.142706687730384,"exhausted"
"CTTTCGTTCACGGACAAGCTGTGA-1","slingPseudotime_1",62.5098410277006,"B7H3","aucell_proliferating_score",0.278526315789474,"proliferating"
"CTTTCGTTCACGGACAAGCTGTGA-1","slingPseudotime_1",62.5098410277006,"B7H3","aucell_naive_memory_score",0.0461052631578947,"naive_memory"
"CTTTCGTTCACGGACAAGCTGTGA-1","slingPseudotime_1",62.5098410277006,"B7H3","aucell_cytotoxic_score",0,"cytotoxic"
"CTTTCGTTCGATTACTAGCTGTGA-1","slingPseudotime_1",17.2119605748249,"B7H3","aucell_exhausted_score",0,"exhausted"
"CTTTCGTTCGATTACTAGCTGTGA-1","slingPseudotime_1",17.2119605748249,"B7H3","aucell_proliferating_score",0,"proliferating"
"CTTTCGTTCGATTACTAGCTGTGA-1","slingPseudotime_1",17.2119605748249,"B7H3","aucell_naive_memory_score",0.227157894736842,"naive_memory"
"CTTTCGTTCGATTACTAGCTGTGA-1","slingPseudotime_1",17.2119605748249,"B7H3","aucell_cytotoxic_score",0,"cytotoxic"
"CTTTCGTTCGATTACTAGCTGTGA-1","slingPseudotime_2",17.8425444180854,"B7H3","aucell_exhausted_score",0,"exhausted"
"CTTTCGTTCGATTACTAGCTGTGA-1","slingPseudotime_2",17.8425444180854,"B7H3","aucell_proliferating_score",0,"proliferating"
"CTTTCGTTCGATTACTAGCTGTGA-1","slingPseudotime_2",17.8425444180854,"B7H3","aucell_naive_memory_score",0.227157894736842,"naive_memory"
"CTTTCGTTCGATTACTAGCTGTGA-1","slingPseudotime_2",17.8425444180854,"B7H3","aucell_cytotoxic_score",0,"cytotoxic"
"CTTTCGTTCGATTACTAGCTGTGA-1","slingPseudotime_3",19.4902993962596,"B7H3","aucell_exhausted_score",0,"exhausted"
"CTTTCGTTCGATTACTAGCTGTGA-1","slingPseudotime_3",19.4902993962596,"B7H3","aucell_proliferating_score",0,"proliferating"
"CTTTCGTTCGATTACTAGCTGTGA-1","slingPseudotime_3",19.4902993962596,"B7H3","aucell_naive_memory_score",0.227157894736842,"naive_memory"
"CTTTCGTTCGATTACTAGCTGTGA-1","slingPseudotime_3",19.4902993962596,"B7H3","aucell_cytotoxic_score",0,"cytotoxic"
"CTTTGGTCACTCAATCAGCTGTGA-1","slingPseudotime_1",20.4567901116625,"B7H3","aucell_exhausted_score",0,"exhausted"
"CTTTGGTCACTCAATCAGCTGTGA-1","slingPseudotime_1",20.4567901116625,"B7H3","aucell_proliferating_score",0,"proliferating"
"CTTTGGTCACTCAATCAGCTGTGA-1","slingPseudotime_1",20.4567901116625,"B7H3","aucell_naive_memory_score",0.0846315789473684,"naive_memory"
"CTTTGGTCACTCAATCAGCTGTGA-1","slingPseudotime_1",20.4567901116625,"B7H3","aucell_cytotoxic_score",0.227488151658768,"cytotoxic"
"CTTTGGTCACTCAATCAGCTGTGA-1","slingPseudotime_2",21.0022167527319,"B7H3","aucell_exhausted_score",0,"exhausted"
"CTTTGGTCACTCAATCAGCTGTGA-1","slingPseudotime_2",21.0022167527319,"B7H3","aucell_proliferating_score",0,"proliferating"
"CTTTGGTCACTCAATCAGCTGTGA-1","slingPseudotime_2",21.0022167527319,"B7H3","aucell_naive_memory_score",0.0846315789473684,"naive_memory"
"CTTTGGTCACTCAATCAGCTGTGA-1","slingPseudotime_2",21.0022167527319,"B7H3","aucell_cytotoxic_score",0.227488151658768,"cytotoxic"
"CTTTGGTCACTCAATCAGCTGTGA-1","slingPseudotime_3",21.3353277551625,"B7H3","aucell_exhausted_score",0,"exhausted"
"CTTTGGTCACTCAATCAGCTGTGA-1","slingPseudotime_3",21.3353277551625,"B7H3","aucell_proliferating_score",0,"proliferating"
"CTTTGGTCACTCAATCAGCTGTGA-1","slingPseudotime_3",21.3353277551625,"B7H3","aucell_naive_memory_score",0.0846315789473684,"naive_memory"
"CTTTGGTCACTCAATCAGCTGTGA-1","slingPseudotime_3",21.3353277551625,"B7H3","aucell_cytotoxic_score",0.227488151658768,"cytotoxic"
"GAACGGCTCGATTATCAGCTGTGA-1","slingPseudotime_2",16.4066753805903,"B7H3","aucell_exhausted_score",0.16148850272073,"exhausted"
"GAACGGCTCGATTATCAGCTGTGA-1","slingPseudotime_2",16.4066753805903,"B7H3","aucell_proliferating_score",0,"proliferating"
"GAACGGCTCGATTATCAGCTGTGA-1","slingPseudotime_2",16.4066753805903,"B7H3","aucell_naive_memory_score",0.0943157894736842,"naive_memory"
"GAACGGCTCGATTATCAGCTGTGA-1","slingPseudotime_2",16.4066753805903,"B7H3","aucell_cytotoxic_score",0,"cytotoxic"
"GAACGGCTCGATTATCAGCTGTGA-1","slingPseudotime_3",34.4892697134951,"B7H3","aucell_exhausted_score",0.16148850272073,"exhausted"
"GAACGGCTCGATTATCAGCTGTGA-1","slingPseudotime_3",34.4892697134951,"B7H3","aucell_proliferating_score",0,"proliferating"
"GAACGGCTCGATTATCAGCTGTGA-1","slingPseudotime_3",34.4892697134951,"B7H3","aucell_naive_memory_score",0.0943157894736842,"naive_memory"
"GAACGGCTCGATTATCAGCTGTGA-1","slingPseudotime_3",34.4892697134951,"B7H3","aucell_cytotoxic_score",0,"cytotoxic"
"GAACTTGCACGGTACGAGCTGTGA-1","slingPseudotime_1",71.2671294346342,"B7H3","aucell_exhausted_score",0.143233280674039,"exhausted"
"GAACTTGCACGGTACGAGCTGTGA-1","slingPseudotime_1",71.2671294346342,"B7H3","aucell_proliferating_score",0.175578947368421,"proliferating"
"GAACTTGCACGGTACGAGCTGTGA-1","slingPseudotime_1",71.2671294346342,"B7H3","aucell_naive_memory_score",0.0534736842105263,"naive_memory"
"GAACTTGCACGGTACGAGCTGTGA-1","slingPseudotime_1",71.2671294346342,"B7H3","aucell_cytotoxic_score",0,"cytotoxic"
"GAAGCACGTACCTTAAAGCTGTGA-1","slingPseudotime_3",41.7382208434147,"B7H3","aucell_exhausted_score",0.145866245392312,"exhausted"
"GAAGCACGTACCTTAAAGCTGTGA-1","slingPseudotime_3",41.7382208434147,"B7H3","aucell_proliferating_score",0,"proliferating"
"GAAGCACGTACCTTAAAGCTGTGA-1","slingPseudotime_3",41.7382208434147,"B7H3","aucell_naive_memory_score",0,"naive_memory"
"GAAGCACGTACCTTAAAGCTGTGA-1","slingPseudotime_3",41.7382208434147,"B7H3","aucell_cytotoxic_score",0,"cytotoxic"
"GAAGCACGTGGATGCGAGCTGTGA-1","slingPseudotime_1",18.2871382794135,"B7H3","aucell_exhausted_score",0.16341934351413,"exhausted"
"GAAGCACGTGGATGCGAGCTGTGA-1","slingPseudotime_1",18.2871382794135,"B7H3","aucell_proliferating_score",0,"proliferating"
"GAAGCACGTGGATGCGAGCTGTGA-1","slingPseudotime_1",18.2871382794135,"B7H3","aucell_naive_memory_score",0.130105263157895,"naive_memory"
"GAAGCACGTGGATGCGAGCTGTGA-1","slingPseudotime_1",18.2871382794135,"B7H3","aucell_cytotoxic_score",0,"cytotoxic"
"GAAGCACGTGGATGCGAGCTGTGA-1","slingPseudotime_2",27.0028839533861,"B7H3","aucell_exhausted_score",0.16341934351413,"exhausted"
"GAAGCACGTGGATGCGAGCTGTGA-1","slingPseudotime_2",27.0028839533861,"B7H3","aucell_proliferating_score",0,"proliferating"
"GAAGCACGTGGATGCGAGCTGTGA-1","slingPseudotime_2",27.0028839533861,"B7H3","aucell_naive_memory_score",0.130105263157895,"naive_memory"
"GAAGCACGTGGATGCGAGCTGTGA-1","slingPseudotime_2",27.0028839533861,"B7H3","aucell_cytotoxic_score",0,"cytotoxic"
"GAAGCACGTGGATGCGAGCTGTGA-1","slingPseudotime_3",20.3161913521767,"B7H3","aucell_exhausted_score",0.16341934351413,"exhausted"
"GAAGCACGTGGATGCGAGCTGTGA-1","slingPseudotime_3",20.3161913521767,"B7H3","aucell_proliferating_score",0,"proliferating"
"GAAGCACGTGGATGCGAGCTGTGA-1","slingPseudotime_3",20.3161913521767,"B7H3","aucell_naive_memory_score",0.130105263157895,"naive_memory"
"GAAGCACGTGGATGCGAGCTGTGA-1","slingPseudotime_3",20.3161913521767,"B7H3","aucell_cytotoxic_score",0,"cytotoxic"
"GAAGCCATCATGACCCAGCTGTGA-1","slingPseudotime_1",53.6884503474256,"B7H3","aucell_exhausted_score",0.18571177812884,"exhausted"
"GAAGCCATCATGACCCAGCTGTGA-1","slingPseudotime_1",53.6884503474256,"B7H3","aucell_proliferating_score",0.0589473684210526,"proliferating"
"GAAGCCATCATGACCCAGCTGTGA-1","slingPseudotime_1",53.6884503474256,"B7H3","aucell_naive_memory_score",0.0597894736842105,"naive_memory"
"GAAGCCATCATGACCCAGCTGTGA-1","slingPseudotime_1",53.6884503474256,"B7H3","aucell_cytotoxic_score",0.304370721432333,"cytotoxic"
"GAATAACGTAACTTGCAGCTGTGA-1","slingPseudotime_1",38.8760798999095,"B7H3","aucell_exhausted_score",0.164121467439003,"exhausted"
"GAATAACGTAACTTGCAGCTGTGA-1","slingPseudotime_1",38.8760798999095,"B7H3","aucell_proliferating_score",0.374105263157895,"proliferating"
"GAATAACGTAACTTGCAGCTGTGA-1","slingPseudotime_1",38.8760798999095,"B7H3","aucell_naive_memory_score",0,"naive_memory"
"GAATAACGTAACTTGCAGCTGTGA-1","slingPseudotime_1",38.8760798999095,"B7H3","aucell_cytotoxic_score",0.0349306652624188,"cytotoxic"
"GAATAACGTGTTAGCTAGCTGTGA-1","slingPseudotime_1",19.2705714855033,"B7H3","aucell_exhausted_score",0,"exhausted"
"GAATAACGTGTTAGCTAGCTGTGA-1","slingPseudotime_1",19.2705714855033,"B7H3","aucell_proliferating_score",0,"proliferating"
"GAATAACGTGTTAGCTAGCTGTGA-1","slingPseudotime_1",19.2705714855033,"B7H3","aucell_naive_memory_score",0,"naive_memory"
"GAATAACGTGTTAGCTAGCTGTGA-1","slingPseudotime_1",19.2705714855033,"B7H3","aucell_cytotoxic_score",0.159206599964894,"cytotoxic"
"GAATAACGTGTTAGCTAGCTGTGA-1","slingPseudotime_2",20.1637550901619,"B7H3","aucell_exhausted_score",0,"exhausted"
"GAATAACGTGTTAGCTAGCTGTGA-1","slingPseudotime_2",20.1637550901619,"B7H3","aucell_proliferating_score",0,"proliferating"
"GAATAACGTGTTAGCTAGCTGTGA-1","slingPseudotime_2",20.1637550901619,"B7H3","aucell_naive_memory_score",0,"naive_memory"
"GAATAACGTGTTAGCTAGCTGTGA-1","slingPseudotime_2",20.1637550901619,"B7H3","aucell_cytotoxic_score",0.159206599964894,"cytotoxic"
"GAATAACGTGTTAGCTAGCTGTGA-1","slingPseudotime_3",19.7192464732145,"B7H3","aucell_exhausted_score",0,"exhausted"
"GAATAACGTGTTAGCTAGCTGTGA-1","slingPseudotime_3",19.7192464732145,"B7H3","aucell_proliferating_score",0,"proliferating"
"GAATAACGTGTTAGCTAGCTGTGA-1","slingPseudotime_3",19.7192464732145,"B7H3","aucell_naive_memory_score",0,"naive_memory"
"GAATAACGTGTTAGCTAGCTGTGA-1","slingPseudotime_3",19.7192464732145,"B7H3","aucell_cytotoxic_score",0.159206599964894,"cytotoxic"
"GAATCACAGGCAATCGAGCTGTGA-1","slingPseudotime_1",20.0147611748129,"B7H3","aucell_exhausted_score",0.163243812532912,"exhausted"
"GAATCACAGGCAATCGAGCTGTGA-1","slingPseudotime_1",20.0147611748129,"B7H3","aucell_proliferating_score",0,"proliferating"
"GAATCACAGGCAATCGAGCTGTGA-1","slingPseudotime_1",20.0147611748129,"B7H3","aucell_naive_memory_score",0.136421052631579,"naive_memory"
"GAATCACAGGCAATCGAGCTGTGA-1","slingPseudotime_1",20.0147611748129,"B7H3","aucell_cytotoxic_score",0,"cytotoxic"
"GAATCACAGGCAATCGAGCTGTGA-1","slingPseudotime_2",28.7976543202613,"B7H3","aucell_exhausted_score",0.163243812532912,"exhausted"
"GAATCACAGGCAATCGAGCTGTGA-1","slingPseudotime_2",28.7976543202613,"B7H3","aucell_proliferating_score",0,"proliferating"
"GAATCACAGGCAATCGAGCTGTGA-1","slingPseudotime_2",28.7976543202613,"B7H3","aucell_naive_memory_score",0.136421052631579,"naive_memory"
"GAATCACAGGCAATCGAGCTGTGA-1","slingPseudotime_2",28.7976543202613,"B7H3","aucell_cytotoxic_score",0,"cytotoxic"
"GAATCACAGGCAATCGAGCTGTGA-1","slingPseudotime_3",25.3604154497488,"B7H3","aucell_exhausted_score",0.163243812532912,"exhausted"
"GAATCACAGGCAATCGAGCTGTGA-1","slingPseudotime_3",25.3604154497488,"B7H3","aucell_proliferating_score",0,"proliferating"
"GAATCACAGGCAATCGAGCTGTGA-1","slingPseudotime_3",25.3604154497488,"B7H3","aucell_naive_memory_score",0.136421052631579,"naive_memory"
"GAATCACAGGCAATCGAGCTGTGA-1","slingPseudotime_3",25.3604154497488,"B7H3","aucell_cytotoxic_score",0,"cytotoxic"
"GAATGTCAGACCATTTAGCTGTGA-1","slingPseudotime_1",46.3348286243364,"B7H3","aucell_exhausted_score",0.262769878883623,"exhausted"
"GAATGTCAGACCATTTAGCTGTGA-1","slingPseudotime_1",46.3348286243364,"B7H3","aucell_proliferating_score",0.451789473684211,"proliferating"
"GAATGTCAGACCATTTAGCTGTGA-1","slingPseudotime_1",46.3348286243364,"B7H3","aucell_naive_memory_score",0,"naive_memory"
"GAATGTCAGACCATTTAGCTGTGA-1","slingPseudotime_1",46.3348286243364,"B7H3","aucell_cytotoxic_score",0,"cytotoxic"
"GACAAACTCAGCATGGAGCTGTGA-1","slingPseudotime_1",44.2394343773993,"B7H3","aucell_exhausted_score",0,"exhausted"
"GACAAACTCAGCATGGAGCTGTGA-1","slingPseudotime_1",44.2394343773993,"B7H3","aucell_proliferating_score",0.358315789473684,"proliferating"
"GACAAACTCAGCATGGAGCTGTGA-1","slingPseudotime_1",44.2394343773993,"B7H3","aucell_naive_memory_score",0.190105263157895,"naive_memory"
"GACAAACTCAGCATGGAGCTGTGA-1","slingPseudotime_1",44.2394343773993,"B7H3","aucell_cytotoxic_score",0.284009127611023,"cytotoxic"
"GACAGTTAGGCAAGCCAGCTGTGA-1","slingPseudotime_1",16.6331787032288,"B7H3","aucell_exhausted_score",0.133052483763384,"exhausted"
"GACAGTTAGGCAAGCCAGCTGTGA-1","slingPseudotime_1",16.6331787032288,"B7H3","aucell_proliferating_score",0,"proliferating"
"GACAGTTAGGCAAGCCAGCTGTGA-1","slingPseudotime_1",16.6331787032288,"B7H3","aucell_naive_memory_score",0.0465263157894737,"naive_memory"
"GACAGTTAGGCAAGCCAGCTGTGA-1","slingPseudotime_1",16.6331787032288,"B7H3","aucell_cytotoxic_score",0,"cytotoxic"
"GACAGTTAGGCAAGCCAGCTGTGA-1","slingPseudotime_2",16.3388291427401,"B7H3","aucell_exhausted_score",0.133052483763384,"exhausted"
"GACAGTTAGGCAAGCCAGCTGTGA-1","slingPseudotime_2",16.3388291427401,"B7H3","aucell_proliferating_score",0,"proliferating"
"GACAGTTAGGCAAGCCAGCTGTGA-1","slingPseudotime_2",16.3388291427401,"B7H3","aucell_naive_memory_score",0.0465263157894737,"naive_memory"
"GACAGTTAGGCAAGCCAGCTGTGA-1","slingPseudotime_2",16.3388291427401,"B7H3","aucell_cytotoxic_score",0,"cytotoxic"
"GACAGTTAGGCAAGCCAGCTGTGA-1","slingPseudotime_3",15.9918240101491,"B7H3","aucell_exhausted_score",0.133052483763384,"exhausted"
"GACAGTTAGGCAAGCCAGCTGTGA-1","slingPseudotime_3",15.9918240101491,"B7H3","aucell_proliferating_score",0,"proliferating"
"GACAGTTAGGCAAGCCAGCTGTGA-1","slingPseudotime_3",15.9918240101491,"B7H3","aucell_naive_memory_score",0.0465263157894737,"naive_memory"
"GACAGTTAGGCAAGCCAGCTGTGA-1","slingPseudotime_3",15.9918240101491,"B7H3","aucell_cytotoxic_score",0,"cytotoxic"
"GACATCCTCGAGGTTGAGCTGTGA-1","slingPseudotime_1",21.0016713111756,"B7H3","aucell_exhausted_score",0.165525715288748,"exhausted"
"GACATCCTCGAGGTTGAGCTGTGA-1","slingPseudotime_1",21.0016713111756,"B7H3","aucell_proliferating_score",0,"proliferating"
"GACATCCTCGAGGTTGAGCTGTGA-1","slingPseudotime_1",21.0016713111756,"B7H3","aucell_naive_memory_score",0,"naive_memory"
"GACATCCTCGAGGTTGAGCTGTGA-1","slingPseudotime_1",21.0016713111756,"B7H3","aucell_cytotoxic_score",0.476040021063718,"cytotoxic"
"GACATCCTCGAGGTTGAGCTGTGA-1","slingPseudotime_2",27.819909669436,"B7H3","aucell_exhausted_score",0.165525715288748,"exhausted"
"GACATCCTCGAGGTTGAGCTGTGA-1","slingPseudotime_2",27.819909669436,"B7H3","aucell_proliferating_score",0,"proliferating"
"GACATCCTCGAGGTTGAGCTGTGA-1","slingPseudotime_2",27.819909669436,"B7H3","aucell_naive_memory_score",0,"naive_memory"
"GACATCCTCGAGGTTGAGCTGTGA-1","slingPseudotime_2",27.819909669436,"B7H3","aucell_cytotoxic_score",0.476040021063718,"cytotoxic"
"GACATCCTCGAGGTTGAGCTGTGA-1","slingPseudotime_3",21.3353277551625,"B7H3","aucell_exhausted_score",0.165525715288748,"exhausted"
"GACATCCTCGAGGTTGAGCTGTGA-1","slingPseudotime_3",21.3353277551625,"B7H3","aucell_proliferating_score",0,"proliferating"
"GACATCCTCGAGGTTGAGCTGTGA-1","slingPseudotime_3",21.3353277551625,"B7H3","aucell_naive_memory_score",0,"naive_memory"
"GACATCCTCGAGGTTGAGCTGTGA-1","slingPseudotime_3",21.3353277551625,"B7H3","aucell_cytotoxic_score",0.476040021063718,"cytotoxic"
"GACATTCGTGTGAGTAAGCTGTGA-1","slingPseudotime_1",14.6102667464638,"B7H3","aucell_exhausted_score",0.154642794453221,"exhausted"
"GACATTCGTGTGAGTAAGCTGTGA-1","slingPseudotime_1",14.6102667464638,"B7H3","aucell_proliferating_score",0,"proliferating"
"GACATTCGTGTGAGTAAGCTGTGA-1","slingPseudotime_1",14.6102667464638,"B7H3","aucell_naive_memory_score",0,"naive_memory"
"GACATTCGTGTGAGTAAGCTGTGA-1","slingPseudotime_1",14.6102667464638,"B7H3","aucell_cytotoxic_score",0.165876777251185,"cytotoxic"
"GACATTCGTGTGAGTAAGCTGTGA-1","slingPseudotime_2",14.441245255409,"B7H3","aucell_exhausted_score",0.154642794453221,"exhausted"
"GACATTCGTGTGAGTAAGCTGTGA-1","slingPseudotime_2",14.441245255409,"B7H3","aucell_proliferating_score",0,"proliferating"
"GACATTCGTGTGAGTAAGCTGTGA-1","slingPseudotime_2",14.441245255409,"B7H3","aucell_naive_memory_score",0,"naive_memory"
"GACATTCGTGTGAGTAAGCTGTGA-1","slingPseudotime_2",14.441245255409,"B7H3","aucell_cytotoxic_score",0.165876777251185,"cytotoxic"
"GACATTCGTGTGAGTAAGCTGTGA-1","slingPseudotime_3",14.8021771152173,"B7H3","aucell_exhausted_score",0.154642794453221,"exhausted"
"GACATTCGTGTGAGTAAGCTGTGA-1","slingPseudotime_3",14.8021771152173,"B7H3","aucell_proliferating_score",0,"proliferating"
"GACATTCGTGTGAGTAAGCTGTGA-1","slingPseudotime_3",14.8021771152173,"B7H3","aucell_naive_memory_score",0,"naive_memory"
"GACATTCGTGTGAGTAAGCTGTGA-1","slingPseudotime_3",14.8021771152173,"B7H3","aucell_cytotoxic_score",0.165876777251185,"cytotoxic"
"GACCAAGTCCAAATAGAGCTGTGA-1","slingPseudotime_1",18.8827318795342,"B7H3","aucell_exhausted_score",0.219413726522731,"exhausted"
"GACCAAGTCCAAATAGAGCTGTGA-1","slingPseudotime_1",18.8827318795342,"B7H3","aucell_proliferating_score",0,"proliferating"
"GACCAAGTCCAAATAGAGCTGTGA-1","slingPseudotime_1",18.8827318795342,"B7H3","aucell_naive_memory_score",0.104631578947368,"naive_memory"
"GACCAAGTCCAAATAGAGCTGTGA-1","slingPseudotime_1",18.8827318795342,"B7H3","aucell_cytotoxic_score",0.157451290152712,"cytotoxic"
"GACCAAGTCCAAATAGAGCTGTGA-1","slingPseudotime_2",19.5869031002736,"B7H3","aucell_exhausted_score",0.219413726522731,"exhausted"
"GACCAAGTCCAAATAGAGCTGTGA-1","slingPseudotime_2",19.5869031002736,"B7H3","aucell_proliferating_score",0,"proliferating"
"GACCAAGTCCAAATAGAGCTGTGA-1","slingPseudotime_2",19.5869031002736,"B7H3","aucell_naive_memory_score",0.104631578947368,"naive_memory"
"GACCAAGTCCAAATAGAGCTGTGA-1","slingPseudotime_2",19.5869031002736,"B7H3","aucell_cytotoxic_score",0.157451290152712,"cytotoxic"
"GACCAAGTCCAAATAGAGCTGTGA-1","slingPseudotime_3",20.4980316165546,"B7H3","aucell_exhausted_score",0.219413726522731,"exhausted"
"GACCAAGTCCAAATAGAGCTGTGA-1","slingPseudotime_3",20.4980316165546,"B7H3","aucell_proliferating_score",0,"proliferating"
"GACCAAGTCCAAATAGAGCTGTGA-1","slingPseudotime_3",20.4980316165546,"B7H3","aucell_naive_memory_score",0.104631578947368,"naive_memory"
"GACCAAGTCCAAATAGAGCTGTGA-1","slingPseudotime_3",20.4980316165546,"B7H3","aucell_cytotoxic_score",0.157451290152712,"cytotoxic"
"GACGTAAGTACGCACCAGCTGTGA-1","slingPseudotime_1",75.5928890347023,"B7H3","aucell_exhausted_score",0.081621906266456,"exhausted"
"GACGTAAGTACGCACCAGCTGTGA-1","slingPseudotime_1",75.5928890347023,"B7H3","aucell_proliferating_score",0.118947368421053,"proliferating"
"GACGTAAGTACGCACCAGCTGTGA-1","slingPseudotime_1",75.5928890347023,"B7H3","aucell_naive_memory_score",0.0248421052631579,"naive_memory"
"GACGTAAGTACGCACCAGCTGTGA-1","slingPseudotime_1",75.5928890347023,"B7H3","aucell_cytotoxic_score",0.155520449359312,"cytotoxic"
"GAGTAACTCATAGGTAAGCTGTGA-1","slingPseudotime_2",32.7637031589986,"B7H3","aucell_exhausted_score",0.160961909777076,"exhausted"
"GAGTAACTCATAGGTAAGCTGTGA-1","slingPseudotime_2",32.7637031589986,"B7H3","aucell_proliferating_score",0,"proliferating"
"GAGTAACTCATAGGTAAGCTGTGA-1","slingPseudotime_2",32.7637031589986,"B7H3","aucell_naive_memory_score",0,"naive_memory"
"GAGTAACTCATAGGTAAGCTGTGA-1","slingPseudotime_2",32.7637031589986,"B7H3","aucell_cytotoxic_score",0.160084254870985,"cytotoxic"
"GAGTAACTCATAGGTAAGCTGTGA-1","slingPseudotime_3",31.8191635614027,"B7H3","aucell_exhausted_score",0.160961909777076,"exhausted"
"GAGTAACTCATAGGTAAGCTGTGA-1","slingPseudotime_3",31.8191635614027,"B7H3","aucell_proliferating_score",0,"proliferating"
"GAGTAACTCATAGGTAAGCTGTGA-1","slingPseudotime_3",31.8191635614027,"B7H3","aucell_naive_memory_score",0,"naive_memory"
"GAGTAACTCATAGGTAAGCTGTGA-1","slingPseudotime_3",31.8191635614027,"B7H3","aucell_cytotoxic_score",0.160084254870985,"cytotoxic"
"GATCATAAGTCCTGCGAGCTGTGA-1","slingPseudotime_1",13.4096070929502,"B7H3","aucell_exhausted_score",0.17798841495524,"exhausted"
"GATCATAAGTCCTGCGAGCTGTGA-1","slingPseudotime_1",13.4096070929502,"B7H3","aucell_proliferating_score",0,"proliferating"
"GATCATAAGTCCTGCGAGCTGTGA-1","slingPseudotime_1",13.4096070929502,"B7H3","aucell_naive_memory_score",0.138315789473684,"naive_memory"
"GATCATAAGTCCTGCGAGCTGTGA-1","slingPseudotime_1",13.4096070929502,"B7H3","aucell_cytotoxic_score",0.16148850272073,"cytotoxic"
"GATCATAAGTCCTGCGAGCTGTGA-1","slingPseudotime_2",13.2702339190839,"B7H3","aucell_exhausted_score",0.17798841495524,"exhausted"
"GATCATAAGTCCTGCGAGCTGTGA-1","slingPseudotime_2",13.2702339190839,"B7H3","aucell_proliferating_score",0,"proliferating"
"GATCATAAGTCCTGCGAGCTGTGA-1","slingPseudotime_2",13.2702339190839,"B7H3","aucell_naive_memory_score",0.138315789473684,"naive_memory"
"GATCATAAGTCCTGCGAGCTGTGA-1","slingPseudotime_2",13.2702339190839,"B7H3","aucell_cytotoxic_score",0.16148850272073,"cytotoxic"
"GATCATAAGTCCTGCGAGCTGTGA-1","slingPseudotime_3",13.1879223140916,"B7H3","aucell_exhausted_score",0.17798841495524,"exhausted"
"GATCATAAGTCCTGCGAGCTGTGA-1","slingPseudotime_3",13.1879223140916,"B7H3","aucell_proliferating_score",0,"proliferating"
"GATCATAAGTCCTGCGAGCTGTGA-1","slingPseudotime_3",13.1879223140916,"B7H3","aucell_naive_memory_score",0.138315789473684,"naive_memory"
"GATCATAAGTCCTGCGAGCTGTGA-1","slingPseudotime_3",13.1879223140916,"B7H3","aucell_cytotoxic_score",0.16148850272073,"cytotoxic"
"GATCTTAGTGACCTGCAGCTGTGA-1","slingPseudotime_1",16.7455890311376,"B7H3","aucell_exhausted_score",0,"exhausted"
"GATCTTAGTGACCTGCAGCTGTGA-1","slingPseudotime_1",16.7455890311376,"B7H3","aucell_proliferating_score",0,"proliferating"
"GATCTTAGTGACCTGCAGCTGTGA-1","slingPseudotime_1",16.7455890311376,"B7H3","aucell_naive_memory_score",0,"naive_memory"
"GATCTTAGTGACCTGCAGCTGTGA-1","slingPseudotime_1",16.7455890311376,"B7H3","aucell_cytotoxic_score",0.315955766192733,"cytotoxic"
"GATCTTAGTGACCTGCAGCTGTGA-1","slingPseudotime_2",17.5782728892639,"B7H3","aucell_exhausted_score",0,"exhausted"
"GATCTTAGTGACCTGCAGCTGTGA-1","slingPseudotime_2",17.5782728892639,"B7H3","aucell_proliferating_score",0,"proliferating"
"GATCTTAGTGACCTGCAGCTGTGA-1","slingPseudotime_2",17.5782728892639,"B7H3","aucell_naive_memory_score",0,"naive_memory"
"GATCTTAGTGACCTGCAGCTGTGA-1","slingPseudotime_2",17.5782728892639,"B7H3","aucell_cytotoxic_score",0.315955766192733,"cytotoxic"
"GATCTTAGTGACCTGCAGCTGTGA-1","slingPseudotime_3",18.7108729095519,"B7H3","aucell_exhausted_score",0,"exhausted"
"GATCTTAGTGACCTGCAGCTGTGA-1","slingPseudotime_3",18.7108729095519,"B7H3","aucell_proliferating_score",0,"proliferating"
"GATCTTAGTGACCTGCAGCTGTGA-1","slingPseudotime_3",18.7108729095519,"B7H3","aucell_naive_memory_score",0,"naive_memory"
"GATCTTAGTGACCTGCAGCTGTGA-1","slingPseudotime_3",18.7108729095519,"B7H3","aucell_cytotoxic_score",0.315955766192733,"cytotoxic"
"GATGCACCAAGCGAAGAGCTGTGA-1","slingPseudotime_1",27.4053996520213,"B7H3","aucell_exhausted_score",0.630331753554502,"exhausted"
"GATGCACCAAGCGAAGAGCTGTGA-1","slingPseudotime_1",27.4053996520213,"B7H3","aucell_proliferating_score",0,"proliferating"
"GATGCACCAAGCGAAGAGCTGTGA-1","slingPseudotime_1",27.4053996520213,"B7H3","aucell_naive_memory_score",0.121052631578947,"naive_memory"
"GATGCACCAAGCGAAGAGCTGTGA-1","slingPseudotime_1",27.4053996520213,"B7H3","aucell_cytotoxic_score",0.166929963138494,"cytotoxic"
"GATGCACCAGGCCTCTAGCTGTGA-1","slingPseudotime_2",31.2083210446314,"B7H3","aucell_exhausted_score",0.308056872037915,"exhausted"
"GATGCACCAGGCCTCTAGCTGTGA-1","slingPseudotime_2",31.2083210446314,"B7H3","aucell_proliferating_score",0,"proliferating"
"GATGCACCAGGCCTCTAGCTGTGA-1","slingPseudotime_2",31.2083210446314,"B7H3","aucell_naive_memory_score",0,"naive_memory"
"GATGCACCAGGCCTCTAGCTGTGA-1","slingPseudotime_2",31.2083210446314,"B7H3","aucell_cytotoxic_score",0,"cytotoxic"
"GATGCACCAGGCCTCTAGCTGTGA-1","slingPseudotime_3",36.2453443345882,"B7H3","aucell_exhausted_score",0.308056872037915,"exhausted"
"GATGCACCAGGCCTCTAGCTGTGA-1","slingPseudotime_3",36.2453443345882,"B7H3","aucell_proliferating_score",0,"proliferating"
"GATGCACCAGGCCTCTAGCTGTGA-1","slingPseudotime_3",36.2453443345882,"B7H3","aucell_naive_memory_score",0,"naive_memory"
"GATGCACCAGGCCTCTAGCTGTGA-1","slingPseudotime_3",36.2453443345882,"B7H3","aucell_cytotoxic_score",0,"cytotoxic"
"GATGCCCGTGTTGCTGAGCTGTGA-1","slingPseudotime_1",15.6313764799094,"B7H3","aucell_exhausted_score",0,"exhausted"
"GATGCCCGTGTTGCTGAGCTGTGA-1","slingPseudotime_1",15.6313764799094,"B7H3","aucell_proliferating_score",0,"proliferating"
"GATGCCCGTGTTGCTGAGCTGTGA-1","slingPseudotime_1",15.6313764799094,"B7H3","aucell_naive_memory_score",0.202947368421053,"naive_memory"
"GATGCCCGTGTTGCTGAGCTGTGA-1","slingPseudotime_1",15.6313764799094,"B7H3","aucell_cytotoxic_score",0.0856591188344743,"cytotoxic"
"GATGCCCGTGTTGCTGAGCTGTGA-1","slingPseudotime_2",15.8799619425947,"B7H3","aucell_exhausted_score",0,"exhausted"
"GATGCCCGTGTTGCTGAGCTGTGA-1","slingPseudotime_2",15.8799619425947,"B7H3","aucell_proliferating_score",0,"proliferating"
"GATGCCCGTGTTGCTGAGCTGTGA-1","slingPseudotime_2",15.8799619425947,"B7H3","aucell_naive_memory_score",0.202947368421053,"naive_memory"
"GATGCCCGTGTTGCTGAGCTGTGA-1","slingPseudotime_2",15.8799619425947,"B7H3","aucell_cytotoxic_score",0.0856591188344743,"cytotoxic"
"GATGCCCGTGTTGCTGAGCTGTGA-1","slingPseudotime_3",15.6356277885928,"B7H3","aucell_exhausted_score",0,"exhausted"
"GATGCCCGTGTTGCTGAGCTGTGA-1","slingPseudotime_3",15.6356277885928,"B7H3","aucell_proliferating_score",0,"proliferating"
"GATGCCCGTGTTGCTGAGCTGTGA-1","slingPseudotime_3",15.6356277885928,"B7H3","aucell_naive_memory_score",0.202947368421053,"naive_memory"
"GATGCCCGTGTTGCTGAGCTGTGA-1","slingPseudotime_3",15.6356277885928,"B7H3","aucell_cytotoxic_score",0.0856591188344743,"cytotoxic"
"GATGGACGTTGAGCTTAGCTGTGA-1","slingPseudotime_1",13.324645710849,"B7H3","aucell_exhausted_score",0.147797086185712,"exhausted"
"GATGGACGTTGAGCTTAGCTGTGA-1","slingPseudotime_1",13.324645710849,"B7H3","aucell_proliferating_score",0,"proliferating"
"GATGGACGTTGAGCTTAGCTGTGA-1","slingPseudotime_1",13.324645710849,"B7H3","aucell_naive_memory_score",0,"naive_memory"
"GATGGACGTTGAGCTTAGCTGTGA-1","slingPseudotime_1",13.324645710849,"B7H3","aucell_cytotoxic_score",0.0509039845532737,"cytotoxic"
"GATGGACGTTGAGCTTAGCTGTGA-1","slingPseudotime_2",13.370109701117,"B7H3","aucell_exhausted_score",0.147797086185712,"exhausted"
"GATGGACGTTGAGCTTAGCTGTGA-1","slingPseudotime_2",13.370109701117,"B7H3","aucell_proliferating_score",0,"proliferating"
"GATGGACGTTGAGCTTAGCTGTGA-1","slingPseudotime_2",13.370109701117,"B7H3","aucell_naive_memory_score",0,"naive_memory"
"GATGGACGTTGAGCTTAGCTGTGA-1","slingPseudotime_2",13.370109701117,"B7H3","aucell_cytotoxic_score",0.0509039845532737,"cytotoxic"
"GATGGACGTTGAGCTTAGCTGTGA-1","slingPseudotime_3",13.7458220242514,"B7H3","aucell_exhausted_score",0.147797086185712,"exhausted"
"GATGGACGTTGAGCTTAGCTGTGA-1","slingPseudotime_3",13.7458220242514,"B7H3","aucell_proliferating_score",0,"proliferating"
"GATGGACGTTGAGCTTAGCTGTGA-1","slingPseudotime_3",13.7458220242514,"B7H3","aucell_naive_memory_score",0,"naive_memory"
"GATGGACGTTGAGCTTAGCTGTGA-1","slingPseudotime_3",13.7458220242514,"B7H3","aucell_cytotoxic_score",0.0509039845532737,"cytotoxic"
"GATGGTAGTCAATTCAAGCTGTGA-1","slingPseudotime_1",52.4029957249831,"B7H3","aucell_exhausted_score",0.414779708618571,"exhausted"
"GATGGTAGTCAATTCAAGCTGTGA-1","slingPseudotime_1",52.4029957249831,"B7H3","aucell_proliferating_score",0.608421052631579,"proliferating"
"GATGGTAGTCAATTCAAGCTGTGA-1","slingPseudotime_1",52.4029957249831,"B7H3","aucell_naive_memory_score",0.190736842105263,"naive_memory"
"GATGGTAGTCAATTCAAGCTGTGA-1","slingPseudotime_1",52.4029957249831,"B7H3","aucell_cytotoxic_score",0,"cytotoxic"
"GATTACCGTTCCTTCAAGCTGTGA-1","slingPseudotime_1",16.4383709081513,"B7H3","aucell_exhausted_score",0,"exhausted"
"GATTACCGTTCCTTCAAGCTGTGA-1","slingPseudotime_1",16.4383709081513,"B7H3","aucell_proliferating_score",0,"proliferating"
"GATTACCGTTCCTTCAAGCTGTGA-1","slingPseudotime_1",16.4383709081513,"B7H3","aucell_naive_memory_score",0.172,"naive_memory"
"GATTACCGTTCCTTCAAGCTGTGA-1","slingPseudotime_1",16.4383709081513,"B7H3","aucell_cytotoxic_score",0,"cytotoxic"
"GATTACCGTTCCTTCAAGCTGTGA-1","slingPseudotime_2",16.6387515165637,"B7H3","aucell_exhausted_score",0,"exhausted"
"GATTACCGTTCCTTCAAGCTGTGA-1","slingPseudotime_2",16.6387515165637,"B7H3","aucell_proliferating_score",0,"proliferating"
"GATTACCGTTCCTTCAAGCTGTGA-1","slingPseudotime_2",16.6387515165637,"B7H3","aucell_naive_memory_score",0.172,"naive_memory"
"GATTACCGTTCCTTCAAGCTGTGA-1","slingPseudotime_2",16.6387515165637,"B7H3","aucell_cytotoxic_score",0,"cytotoxic"
"GATTACCGTTCCTTCAAGCTGTGA-1","slingPseudotime_3",16.0599498792001,"B7H3","aucell_exhausted_score",0,"exhausted"
"GATTACCGTTCCTTCAAGCTGTGA-1","slingPseudotime_3",16.0599498792001,"B7H3","aucell_proliferating_score",0,"proliferating"
"GATTACCGTTCCTTCAAGCTGTGA-1","slingPseudotime_3",16.0599498792001,"B7H3","aucell_naive_memory_score",0.172,"naive_memory"
"GATTACCGTTCCTTCAAGCTGTGA-1","slingPseudotime_3",16.0599498792001,"B7H3","aucell_cytotoxic_score",0,"cytotoxic"
"GATTCAGCATAAGCTGAGCTGTGA-1","slingPseudotime_1",21.2130359522993,"B7H3","aucell_exhausted_score",0.245392311743023,"exhausted"
"GATTCAGCATAAGCTGAGCTGTGA-1","slingPseudotime_1",21.2130359522993,"B7H3","aucell_proliferating_score",0,"proliferating"
"GATTCAGCATAAGCTGAGCTGTGA-1","slingPseudotime_1",21.2130359522993,"B7H3","aucell_naive_memory_score",0,"naive_memory"
"GATTCAGCATAAGCTGAGCTGTGA-1","slingPseudotime_1",21.2130359522993,"B7H3","aucell_cytotoxic_score",0,"cytotoxic"
"GATTCAGCATAAGCTGAGCTGTGA-1","slingPseudotime_2",23.2604145910442,"B7H3","aucell_exhausted_score",0.245392311743023,"exhausted"
"GATTCAGCATAAGCTGAGCTGTGA-1","slingPseudotime_2",23.2604145910442,"B7H3","aucell_proliferating_score",0,"proliferating"
"GATTCAGCATAAGCTGAGCTGTGA-1","slingPseudotime_2",23.2604145910442,"B7H3","aucell_naive_memory_score",0,"naive_memory"
"GATTCAGCATAAGCTGAGCTGTGA-1","slingPseudotime_2",23.2604145910442,"B7H3","aucell_cytotoxic_score",0,"cytotoxic"
"GATTCAGCATAAGCTGAGCTGTGA-1","slingPseudotime_3",24.6605126938626,"B7H3","aucell_exhausted_score",0.245392311743023,"exhausted"
"GATTCAGCATAAGCTGAGCTGTGA-1","slingPseudotime_3",24.6605126938626,"B7H3","aucell_proliferating_score",0,"proliferating"
"GATTCAGCATAAGCTGAGCTGTGA-1","slingPseudotime_3",24.6605126938626,"B7H3","aucell_naive_memory_score",0,"naive_memory"
"GATTCAGCATAAGCTGAGCTGTGA-1","slingPseudotime_3",24.6605126938626,"B7H3","aucell_cytotoxic_score",0,"cytotoxic"
"GATTGATCATTGTGTCAGCTGTGA-1","slingPseudotime_1",86.0607862591546,"B7H3","aucell_exhausted_score",0,"exhausted"
"GATTGATCATTGTGTCAGCTGTGA-1","slingPseudotime_1",86.0607862591546,"B7H3","aucell_proliferating_score",0.304210526315789,"proliferating"
"GATTGATCATTGTGTCAGCTGTGA-1","slingPseudotime_1",86.0607862591546,"B7H3","aucell_naive_memory_score",0,"naive_memory"
"GATTGATCATTGTGTCAGCTGTGA-1","slingPseudotime_1",86.0607862591546,"B7H3","aucell_cytotoxic_score",0,"cytotoxic"
"GCAAACCCACATAGATAGCTGTGA-1","slingPseudotime_1",0,"B7H3","aucell_exhausted_score",0,"exhausted"
"GCAAACCCACATAGATAGCTGTGA-1","slingPseudotime_1",0,"B7H3","aucell_proliferating_score",0,"proliferating"
"GCAAACCCACATAGATAGCTGTGA-1","slingPseudotime_1",0,"B7H3","aucell_naive_memory_score",0.0557894736842105,"naive_memory"
"GCAAACCCACATAGATAGCTGTGA-1","slingPseudotime_1",0,"B7H3","aucell_cytotoxic_score",0.625943479024048,"cytotoxic"
"GCAAACCCACATAGATAGCTGTGA-1","slingPseudotime_2",0,"B7H3","aucell_exhausted_score",0,"exhausted"
"GCAAACCCACATAGATAGCTGTGA-1","slingPseudotime_2",0,"B7H3","aucell_proliferating_score",0,"proliferating"
"GCAAACCCACATAGATAGCTGTGA-1","slingPseudotime_2",0,"B7H3","aucell_naive_memory_score",0.0557894736842105,"naive_memory"
"GCAAACCCACATAGATAGCTGTGA-1","slingPseudotime_2",0,"B7H3","aucell_cytotoxic_score",0.625943479024048,"cytotoxic"
"GCAAACCCACATAGATAGCTGTGA-1","slingPseudotime_3",0,"B7H3","aucell_exhausted_score",0,"exhausted"
"GCAAACCCACATAGATAGCTGTGA-1","slingPseudotime_3",0,"B7H3","aucell_proliferating_score",0,"proliferating"
"GCAAACCCACATAGATAGCTGTGA-1","slingPseudotime_3",0,"B7H3","aucell_naive_memory_score",0.0557894736842105,"naive_memory"
"GCAAACCCACATAGATAGCTGTGA-1","slingPseudotime_3",0,"B7H3","aucell_cytotoxic_score",0.625943479024048,"cytotoxic"
"GCAAACTAGATAGCTAAGCTGTGA-1","slingPseudotime_1",2.43260037646045,"B7H3","aucell_exhausted_score",0.229945585395822,"exhausted"
"GCAAACTAGATAGCTAAGCTGTGA-1","slingPseudotime_1",2.43260037646045,"B7H3","aucell_proliferating_score",0,"proliferating"
"GCAAACTAGATAGCTAAGCTGTGA-1","slingPseudotime_1",2.43260037646045,"B7H3","aucell_naive_memory_score",0.187368421052632,"naive_memory"
"GCAAACTAGATAGCTAAGCTGTGA-1","slingPseudotime_1",2.43260037646045,"B7H3","aucell_cytotoxic_score",0.310163243812533,"cytotoxic"
"GCAAACTAGATAGCTAAGCTGTGA-1","slingPseudotime_2",2.18362992380409,"B7H3","aucell_exhausted_score",0.229945585395822,"exhausted"
"GCAAACTAGATAGCTAAGCTGTGA-1","slingPseudotime_2",2.18362992380409,"B7H3","aucell_proliferating_score",0,"proliferating"
"GCAAACTAGATAGCTAAGCTGTGA-1","slingPseudotime_2",2.18362992380409,"B7H3","aucell_naive_memory_score",0.187368421052632,"naive_memory"
"GCAAACTAGATAGCTAAGCTGTGA-1","slingPseudotime_2",2.18362992380409,"B7H3","aucell_cytotoxic_score",0.310163243812533,"cytotoxic"
"GCAAACTAGATAGCTAAGCTGTGA-1","slingPseudotime_3",2.19573345599448,"B7H3","aucell_exhausted_score",0.229945585395822,"exhausted"
"GCAAACTAGATAGCTAAGCTGTGA-1","slingPseudotime_3",2.19573345599448,"B7H3","aucell_proliferating_score",0,"proliferating"
"GCAAACTAGATAGCTAAGCTGTGA-1","slingPseudotime_3",2.19573345599448,"B7H3","aucell_naive_memory_score",0.187368421052632,"naive_memory"
"GCAAACTAGATAGCTAAGCTGTGA-1","slingPseudotime_3",2.19573345599448,"B7H3","aucell_cytotoxic_score",0.310163243812533,"cytotoxic"
"GCACTAACAATTAGGTAGCTGTGA-1","slingPseudotime_2",35.0222212595906,"B7H3","aucell_exhausted_score",0.446901878181499,"exhausted"
"GCACTAACAATTAGGTAGCTGTGA-1","slingPseudotime_2",35.0222212595906,"B7H3","aucell_proliferating_score",0,"proliferating"
"GCACTAACAATTAGGTAGCTGTGA-1","slingPseudotime_2",35.0222212595906,"B7H3","aucell_naive_memory_score",0,"naive_memory"
"GCACTAACAATTAGGTAGCTGTGA-1","slingPseudotime_2",35.0222212595906,"B7H3","aucell_cytotoxic_score",0,"cytotoxic"
"GCACTCAGTTTCCTCAAGCTGTGA-1","slingPseudotime_2",40.8599313991255,"B7H3","aucell_exhausted_score",0.418290328242935,"exhausted"
"GCACTCAGTTTCCTCAAGCTGTGA-1","slingPseudotime_2",40.8599313991255,"B7H3","aucell_proliferating_score",0,"proliferating"
"GCACTCAGTTTCCTCAAGCTGTGA-1","slingPseudotime_2",40.8599313991255,"B7H3","aucell_naive_memory_score",0.107578947368421,"naive_memory"
"GCACTCAGTTTCCTCAAGCTGTGA-1","slingPseudotime_2",40.8599313991255,"B7H3","aucell_cytotoxic_score",0.0480954888537827,"cytotoxic"
"GCACTTGGTATTTCGAAGCTGTGA-1","slingPseudotime_1",17.9169569981073,"B7H3","aucell_exhausted_score",0,"exhausted"
"GCACTTGGTATTTCGAAGCTGTGA-1","slingPseudotime_1",17.9169569981073,"B7H3","aucell_proliferating_score",0,"proliferating"
"GCACTTGGTATTTCGAAGCTGTGA-1","slingPseudotime_1",17.9169569981073,"B7H3","aucell_naive_memory_score",0.121052631578947,"naive_memory"
"GCACTTGGTATTTCGAAGCTGTGA-1","slingPseudotime_1",17.9169569981073,"B7H3","aucell_cytotoxic_score",0.139722661049675,"cytotoxic"
"GCACTTGGTATTTCGAAGCTGTGA-1","slingPseudotime_2",17.2730335638812,"B7H3","aucell_exhausted_score",0,"exhausted"
"GCACTTGGTATTTCGAAGCTGTGA-1","slingPseudotime_2",17.2730335638812,"B7H3","aucell_proliferating_score",0,"proliferating"
"GCACTTGGTATTTCGAAGCTGTGA-1","slingPseudotime_2",17.2730335638812,"B7H3","aucell_naive_memory_score",0.121052631578947,"naive_memory"
"GCACTTGGTATTTCGAAGCTGTGA-1","slingPseudotime_2",17.2730335638812,"B7H3","aucell_cytotoxic_score",0.139722661049675,"cytotoxic"
"GCACTTGGTATTTCGAAGCTGTGA-1","slingPseudotime_3",17.0926549973688,"B7H3","aucell_exhausted_score",0,"exhausted"
"GCACTTGGTATTTCGAAGCTGTGA-1","slingPseudotime_3",17.0926549973688,"B7H3","aucell_proliferating_score",0,"proliferating"
"GCACTTGGTATTTCGAAGCTGTGA-1","slingPseudotime_3",17.0926549973688,"B7H3","aucell_naive_memory_score",0.121052631578947,"naive_memory"
"GCACTTGGTATTTCGAAGCTGTGA-1","slingPseudotime_3",17.0926549973688,"B7H3","aucell_cytotoxic_score",0.139722661049675,"cytotoxic"
"GCACTTGGTCATGAAGAGCTGTGA-1","slingPseudotime_1",54.5759804318469,"B7H3","aucell_exhausted_score",0.14411093558013,"exhausted"
"GCACTTGGTCATGAAGAGCTGTGA-1","slingPseudotime_1",54.5759804318469,"B7H3","aucell_proliferating_score",0.286526315789474,"proliferating"
"GCACTTGGTCATGAAGAGCTGTGA-1","slingPseudotime_1",54.5759804318469,"B7H3","aucell_naive_memory_score",0,"naive_memory"
"GCACTTGGTCATGAAGAGCTGTGA-1","slingPseudotime_1",54.5759804318469,"B7H3","aucell_cytotoxic_score",0,"cytotoxic"
"GCCATCAGTCGAAGTAAGCTGTGA-1","slingPseudotime_1",15.130767691219,"B7H3","aucell_exhausted_score",0.159382130946112,"exhausted"
"GCCATCAGTCGAAGTAAGCTGTGA-1","slingPseudotime_1",15.130767691219,"B7H3","aucell_proliferating_score",0,"proliferating"
"GCCATCAGTCGAAGTAAGCTGTGA-1","slingPseudotime_1",15.130767691219,"B7H3","aucell_naive_memory_score",0.195578947368421,"naive_memory"
"GCCATCAGTCGAAGTAAGCTGTGA-1","slingPseudotime_1",15.130767691219,"B7H3","aucell_cytotoxic_score",0,"cytotoxic"
"GCCATCAGTCGAAGTAAGCTGTGA-1","slingPseudotime_2",15.1031463357842,"B7H3","aucell_exhausted_score",0.159382130946112,"exhausted"
"GCCATCAGTCGAAGTAAGCTGTGA-1","slingPseudotime_2",15.1031463357842,"B7H3","aucell_proliferating_score",0,"proliferating"
"GCCATCAGTCGAAGTAAGCTGTGA-1","slingPseudotime_2",15.1031463357842,"B7H3","aucell_naive_memory_score",0.195578947368421,"naive_memory"
"GCCATCAGTCGAAGTAAGCTGTGA-1","slingPseudotime_2",15.1031463357842,"B7H3","aucell_cytotoxic_score",0,"cytotoxic"
"GCCATCAGTCGAAGTAAGCTGTGA-1","slingPseudotime_3",15.0070630643535,"B7H3","aucell_exhausted_score",0.159382130946112,"exhausted"
"GCCATCAGTCGAAGTAAGCTGTGA-1","slingPseudotime_3",15.0070630643535,"B7H3","aucell_proliferating_score",0,"proliferating"
"GCCATCAGTCGAAGTAAGCTGTGA-1","slingPseudotime_3",15.0070630643535,"B7H3","aucell_naive_memory_score",0.195578947368421,"naive_memory"
"GCCATCAGTCGAAGTAAGCTGTGA-1","slingPseudotime_3",15.0070630643535,"B7H3","aucell_cytotoxic_score",0,"cytotoxic"
"GCCATTTCACTCCCAAAGCTGTGA-1","slingPseudotime_1",20.4567901116625,"B7H3","aucell_exhausted_score",0.240126382306477,"exhausted"
"GCCATTTCACTCCCAAAGCTGTGA-1","slingPseudotime_1",20.4567901116625,"B7H3","aucell_proliferating_score",0,"proliferating"
"GCCATTTCACTCCCAAAGCTGTGA-1","slingPseudotime_1",20.4567901116625,"B7H3","aucell_naive_memory_score",0,"naive_memory"
"GCCATTTCACTCCCAAAGCTGTGA-1","slingPseudotime_1",20.4567901116625,"B7H3","aucell_cytotoxic_score",0,"cytotoxic"
"GCCATTTCACTCCCAAAGCTGTGA-1","slingPseudotime_2",21.0022167527319,"B7H3","aucell_exhausted_score",0.240126382306477,"exhausted"
"GCCATTTCACTCCCAAAGCTGTGA-1","slingPseudotime_2",21.0022167527319,"B7H3","aucell_proliferating_score",0,"proliferating"
"GCCATTTCACTCCCAAAGCTGTGA-1","slingPseudotime_2",21.0022167527319,"B7H3","aucell_naive_memory_score",0,"naive_memory"
"GCCATTTCACTCCCAAAGCTGTGA-1","slingPseudotime_2",21.0022167527319,"B7H3","aucell_cytotoxic_score",0,"cytotoxic"
"GCCATTTCACTCCCAAAGCTGTGA-1","slingPseudotime_3",22.1734976468323,"B7H3","aucell_exhausted_score",0.240126382306477,"exhausted"
"GCCATTTCACTCCCAAAGCTGTGA-1","slingPseudotime_3",22.1734976468323,"B7H3","aucell_proliferating_score",0,"proliferating"
"GCCATTTCACTCCCAAAGCTGTGA-1","slingPseudotime_3",22.1734976468323,"B7H3","aucell_naive_memory_score",0,"naive_memory"
"GCCATTTCACTCCCAAAGCTGTGA-1","slingPseudotime_3",22.1734976468323,"B7H3","aucell_cytotoxic_score",0,"cytotoxic"
"GCCCTGATCATAGGCGAGCTGTGA-1","slingPseudotime_1",20.2029076954338,"B7H3","aucell_exhausted_score",0.0361593821309461,"exhausted"
"GCCCTGATCATAGGCGAGCTGTGA-1","slingPseudotime_1",20.2029076954338,"B7H3","aucell_proliferating_score",0,"proliferating"
"GCCCTGATCATAGGCGAGCTGTGA-1","slingPseudotime_1",20.2029076954338,"B7H3","aucell_naive_memory_score",0.176631578947368,"naive_memory"
"GCCCTGATCATAGGCGAGCTGTGA-1","slingPseudotime_1",20.2029076954338,"B7H3","aucell_cytotoxic_score",0,"cytotoxic"
"GCCCTGATCATAGGCGAGCTGTGA-1","slingPseudotime_2",21.0311711930105,"B7H3","aucell_exhausted_score",0.0361593821309461,"exhausted"
"GCCCTGATCATAGGCGAGCTGTGA-1","slingPseudotime_2",21.0311711930105,"B7H3","aucell_proliferating_score",0,"proliferating"
"GCCCTGATCATAGGCGAGCTGTGA-1","slingPseudotime_2",21.0311711930105,"B7H3","aucell_naive_memory_score",0.176631578947368,"naive_memory"
"GCCCTGATCATAGGCGAGCTGTGA-1","slingPseudotime_2",21.0311711930105,"B7H3","aucell_cytotoxic_score",0,"cytotoxic"
"GCCCTGATCATAGGCGAGCTGTGA-1","slingPseudotime_3",24.5795842263211,"B7H3","aucell_exhausted_score",0.0361593821309461,"exhausted"
"GCCCTGATCATAGGCGAGCTGTGA-1","slingPseudotime_3",24.5795842263211,"B7H3","aucell_proliferating_score",0,"proliferating"
"GCCCTGATCATAGGCGAGCTGTGA-1","slingPseudotime_3",24.5795842263211,"B7H3","aucell_naive_memory_score",0.176631578947368,"naive_memory"
"GCCCTGATCATAGGCGAGCTGTGA-1","slingPseudotime_3",24.5795842263211,"B7H3","aucell_cytotoxic_score",0,"cytotoxic"
"GCCTCGATCCACAACCAGCTGTGA-1","slingPseudotime_1",15.1618539534708,"B7H3","aucell_exhausted_score",0.182376689485694,"exhausted"
"GCCTCGATCCACAACCAGCTGTGA-1","slingPseudotime_1",15.1618539534708,"B7H3","aucell_proliferating_score",0,"proliferating"
"GCCTCGATCCACAACCAGCTGTGA-1","slingPseudotime_1",15.1618539534708,"B7H3","aucell_naive_memory_score",0,"naive_memory"
"GCCTCGATCCACAACCAGCTGTGA-1","slingPseudotime_1",15.1618539534708,"B7H3","aucell_cytotoxic_score",0.286817623310514,"cytotoxic"
"GCCTCGATCCACAACCAGCTGTGA-1","slingPseudotime_2",14.7025407158279,"B7H3","aucell_exhausted_score",0.182376689485694,"exhausted"
"GCCTCGATCCACAACCAGCTGTGA-1","slingPseudotime_2",14.7025407158279,"B7H3","aucell_proliferating_score",0,"proliferating"
"GCCTCGATCCACAACCAGCTGTGA-1","slingPseudotime_2",14.7025407158279,"B7H3","aucell_naive_memory_score",0,"naive_memory"
"GCCTCGATCCACAACCAGCTGTGA-1","slingPseudotime_2",14.7025407158279,"B7H3","aucell_cytotoxic_score",0.286817623310514,"cytotoxic"
"GCCTCGATCCACAACCAGCTGTGA-1","slingPseudotime_3",14.6095817299239,"B7H3","aucell_exhausted_score",0.182376689485694,"exhausted"
"GCCTCGATCCACAACCAGCTGTGA-1","slingPseudotime_3",14.6095817299239,"B7H3","aucell_proliferating_score",0,"proliferating"
"GCCTCGATCCACAACCAGCTGTGA-1","slingPseudotime_3",14.6095817299239,"B7H3","aucell_naive_memory_score",0,"naive_memory"
"GCCTCGATCCACAACCAGCTGTGA-1","slingPseudotime_3",14.6095817299239,"B7H3","aucell_cytotoxic_score",0.286817623310514,"cytotoxic"
"GCGCTTAGTCCGTGACAGCTGTGA-1","slingPseudotime_2",34.6682975593803,"B7H3","aucell_exhausted_score",0.519045111462173,"exhausted"
"GCGCTTAGTCCGTGACAGCTGTGA-1","slingPseudotime_2",34.6682975593803,"B7H3","aucell_proliferating_score",0,"proliferating"
"GCGCTTAGTCCGTGACAGCTGTGA-1","slingPseudotime_2",34.6682975593803,"B7H3","aucell_naive_memory_score",0.092,"naive_memory"
"GCGCTTAGTCCGTGACAGCTGTGA-1","slingPseudotime_2",34.6682975593803,"B7H3","aucell_cytotoxic_score",0.320870633666842,"cytotoxic"
"GCGGATTCAAGCGAAGAGCTGTGA-1","slingPseudotime_1",69.1479986219859,"B7H3","aucell_exhausted_score",0.155344918378094,"exhausted"
"GCGGATTCAAGCGAAGAGCTGTGA-1","slingPseudotime_1",69.1479986219859,"B7H3","aucell_proliferating_score",0.211157894736842,"proliferating"
"GCGGATTCAAGCGAAGAGCTGTGA-1","slingPseudotime_1",69.1479986219859,"B7H3","aucell_naive_memory_score",0,"naive_memory"
"GCGGATTCAAGCGAAGAGCTGTGA-1","slingPseudotime_1",69.1479986219859,"B7H3","aucell_cytotoxic_score",0.292259083728278,"cytotoxic"
"GCGGTTCGTTAGGCTTAGCTGTGA-1","slingPseudotime_1",20.8503014475147,"B7H3","aucell_exhausted_score",0.11988766017202,"exhausted"
"GCGGTTCGTTAGGCTTAGCTGTGA-1","slingPseudotime_1",20.8503014475147,"B7H3","aucell_proliferating_score",0,"proliferating"
"GCGGTTCGTTAGGCTTAGCTGTGA-1","slingPseudotime_1",20.8503014475147,"B7H3","aucell_naive_memory_score",0,"naive_memory"
"GCGGTTCGTTAGGCTTAGCTGTGA-1","slingPseudotime_1",20.8503014475147,"B7H3","aucell_cytotoxic_score",0.156573635246621,"cytotoxic"
"GCGGTTCGTTAGGCTTAGCTGTGA-1","slingPseudotime_2",26.7776410697168,"B7H3","aucell_exhausted_score",0.11988766017202,"exhausted"
"GCGGTTCGTTAGGCTTAGCTGTGA-1","slingPseudotime_2",26.7776410697168,"B7H3","aucell_proliferating_score",0,"proliferating"
"GCGGTTCGTTAGGCTTAGCTGTGA-1","slingPseudotime_2",26.7776410697168,"B7H3","aucell_naive_memory_score",0,"naive_memory"
"GCGGTTCGTTAGGCTTAGCTGTGA-1","slingPseudotime_2",26.7776410697168,"B7H3","aucell_cytotoxic_score",0.156573635246621,"cytotoxic"
"GCGGTTCGTTAGGCTTAGCTGTGA-1","slingPseudotime_3",20.6506082528288,"B7H3","aucell_exhausted_score",0.11988766017202,"exhausted"
"GCGGTTCGTTAGGCTTAGCTGTGA-1","slingPseudotime_3",20.6506082528288,"B7H3","aucell_proliferating_score",0,"proliferating"
"GCGGTTCGTTAGGCTTAGCTGTGA-1","slingPseudotime_3",20.6506082528288,"B7H3","aucell_naive_memory_score",0,"naive_memory"
"GCGGTTCGTTAGGCTTAGCTGTGA-1","slingPseudotime_3",20.6506082528288,"B7H3","aucell_cytotoxic_score",0.156573635246621,"cytotoxic"
"GCTCACTAGCCCTTGGAGCTGTGA-1","slingPseudotime_3",41.8613434622502,"B7H3","aucell_exhausted_score",0.304195190451115,"exhausted"
"GCTCACTAGCCCTTGGAGCTGTGA-1","slingPseudotime_3",41.8613434622502,"B7H3","aucell_proliferating_score",0.0517894736842105,"proliferating"
"GCTCACTAGCCCTTGGAGCTGTGA-1","slingPseudotime_3",41.8613434622502,"B7H3","aucell_naive_memory_score",0,"naive_memory"
"GCTCACTAGCCCTTGGAGCTGTGA-1","slingPseudotime_3",41.8613434622502,"B7H3","aucell_cytotoxic_score",0,"cytotoxic"
"GCTCACTAGTGATGGTAGCTGTGA-1","slingPseudotime_1",16.4129914178376,"B7H3","aucell_exhausted_score",0.150078988941548,"exhausted"
"GCTCACTAGTGATGGTAGCTGTGA-1","slingPseudotime_1",16.4129914178376,"B7H3","aucell_proliferating_score",0,"proliferating"
"GCTCACTAGTGATGGTAGCTGTGA-1","slingPseudotime_1",16.4129914178376,"B7H3","aucell_naive_memory_score",0,"naive_memory"
"GCTCACTAGTGATGGTAGCTGTGA-1","slingPseudotime_1",16.4129914178376,"B7H3","aucell_cytotoxic_score",0.139722661049675,"cytotoxic"
"GCTCACTAGTGATGGTAGCTGTGA-1","slingPseudotime_2",16.2489161269023,"B7H3","aucell_exhausted_score",0.150078988941548,"exhausted"
"GCTCACTAGTGATGGTAGCTGTGA-1","slingPseudotime_2",16.2489161269023,"B7H3","aucell_proliferating_score",0,"proliferating"
"GCTCACTAGTGATGGTAGCTGTGA-1","slingPseudotime_2",16.2489161269023,"B7H3","aucell_naive_memory_score",0,"naive_memory"
"GCTCACTAGTGATGGTAGCTGTGA-1","slingPseudotime_2",16.2489161269023,"B7H3","aucell_cytotoxic_score",0.139722661049675,"cytotoxic"
"GCTCACTAGTGATGGTAGCTGTGA-1","slingPseudotime_3",15.9480253120079,"B7H3","aucell_exhausted_score",0.150078988941548,"exhausted"
"GCTCACTAGTGATGGTAGCTGTGA-1","slingPseudotime_3",15.9480253120079,"B7H3","aucell_proliferating_score",0,"proliferating"
"GCTCACTAGTGATGGTAGCTGTGA-1","slingPseudotime_3",15.9480253120079,"B7H3","aucell_naive_memory_score",0,"naive_memory"
"GCTCACTAGTGATGGTAGCTGTGA-1","slingPseudotime_3",15.9480253120079,"B7H3","aucell_cytotoxic_score",0.139722661049675,"cytotoxic"
"GCTGAAAGTTCGGTATAGCTGTGA-1","slingPseudotime_1",47.4619635515757,"B7H3","aucell_exhausted_score",0.164823591363876,"exhausted"
"GCTGAAAGTTCGGTATAGCTGTGA-1","slingPseudotime_1",47.4619635515757,"B7H3","aucell_proliferating_score",0.458947368421053,"proliferating"
"GCTGAAAGTTCGGTATAGCTGTGA-1","slingPseudotime_1",47.4619635515757,"B7H3","aucell_naive_memory_score",0.0985263157894737,"naive_memory"
"GCTGAAAGTTCGGTATAGCTGTGA-1","slingPseudotime_1",47.4619635515757,"B7H3","aucell_cytotoxic_score",0.165525715288748,"cytotoxic"
"GCTTGATGTGCTCCTTAGCTGTGA-1","slingPseudotime_2",43.7684424903386,"B7H3","aucell_exhausted_score",0.197121291908022,"exhausted"
"GCTTGATGTGCTCCTTAGCTGTGA-1","slingPseudotime_2",43.7684424903386,"B7H3","aucell_proliferating_score",0,"proliferating"
"GCTTGATGTGCTCCTTAGCTGTGA-1","slingPseudotime_2",43.7684424903386,"B7H3","aucell_naive_memory_score",0.188,"naive_memory"
"GCTTGATGTGCTCCTTAGCTGTGA-1","slingPseudotime_2",43.7684424903386,"B7H3","aucell_cytotoxic_score",0,"cytotoxic"
"GCTTGCGTCATGGATAAGCTGTGA-1","slingPseudotime_1",16.4261611834404,"B7H3","aucell_exhausted_score",0.128839740214148,"exhausted"
"GCTTGCGTCATGGATAAGCTGTGA-1","slingPseudotime_1",16.4261611834404,"B7H3","aucell_proliferating_score",0,"proliferating"
"GCTTGCGTCATGGATAAGCTGTGA-1","slingPseudotime_1",16.4261611834404,"B7H3","aucell_naive_memory_score",0,"naive_memory"
"GCTTGCGTCATGGATAAGCTGTGA-1","slingPseudotime_1",16.4261611834404,"B7H3","aucell_cytotoxic_score",0.184307530279094,"cytotoxic"
"GCTTGCGTCATGGATAAGCTGTGA-1","slingPseudotime_2",16.0408586615634,"B7H3","aucell_exhausted_score",0.128839740214148,"exhausted"
"GCTTGCGTCATGGATAAGCTGTGA-1","slingPseudotime_2",16.0408586615634,"B7H3","aucell_proliferating_score",0,"proliferating"
"GCTTGCGTCATGGATAAGCTGTGA-1","slingPseudotime_2",16.0408586615634,"B7H3","aucell_naive_memory_score",0,"naive_memory"
"GCTTGCGTCATGGATAAGCTGTGA-1","slingPseudotime_2",16.0408586615634,"B7H3","aucell_cytotoxic_score",0.184307530279094,"cytotoxic"
"GCTTGCGTCATGGATAAGCTGTGA-1","slingPseudotime_3",16.259115343557,"B7H3","aucell_exhausted_score",0.128839740214148,"exhausted"
"GCTTGCGTCATGGATAAGCTGTGA-1","slingPseudotime_3",16.259115343557,"B7H3","aucell_proliferating_score",0,"proliferating"
"GCTTGCGTCATGGATAAGCTGTGA-1","slingPseudotime_3",16.259115343557,"B7H3","aucell_naive_memory_score",0,"naive_memory"
"GCTTGCGTCATGGATAAGCTGTGA-1","slingPseudotime_3",16.259115343557,"B7H3","aucell_cytotoxic_score",0.184307530279094,"cytotoxic"
"GCTTGTTCAGTTATCCAGCTGTGA-1","slingPseudotime_1",54.9768084645135,"B7H3","aucell_exhausted_score",0.151658767772512,"exhausted"
"GCTTGTTCAGTTATCCAGCTGTGA-1","slingPseudotime_1",54.9768084645135,"B7H3","aucell_proliferating_score",0.414526315789474,"proliferating"
"GCTTGTTCAGTTATCCAGCTGTGA-1","slingPseudotime_1",54.9768084645135,"B7H3","aucell_naive_memory_score",0.222526315789474,"naive_memory"
"GCTTGTTCAGTTATCCAGCTGTGA-1","slingPseudotime_1",54.9768084645135,"B7H3","aucell_cytotoxic_score",0,"cytotoxic"
"GGAACTAGTTAGTGAGAGCTGTGA-1","slingPseudotime_1",16.4383709081513,"B7H3","aucell_exhausted_score",0.257503949447077,"exhausted"
"GGAACTAGTTAGTGAGAGCTGTGA-1","slingPseudotime_1",16.4383709081513,"B7H3","aucell_proliferating_score",0,"proliferating"
"GGAACTAGTTAGTGAGAGCTGTGA-1","slingPseudotime_1",16.4383709081513,"B7H3","aucell_naive_memory_score",0,"naive_memory"
"GGAACTAGTTAGTGAGAGCTGTGA-1","slingPseudotime_1",16.4383709081513,"B7H3","aucell_cytotoxic_score",0.142706687730384,"cytotoxic"
"GGAACTAGTTAGTGAGAGCTGTGA-1","slingPseudotime_2",16.1549012437764,"B7H3","aucell_exhausted_score",0.257503949447077,"exhausted"
"GGAACTAGTTAGTGAGAGCTGTGA-1","slingPseudotime_2",16.1549012437764,"B7H3","aucell_proliferating_score",0,"proliferating"
"GGAACTAGTTAGTGAGAGCTGTGA-1","slingPseudotime_2",16.1549012437764,"B7H3","aucell_naive_memory_score",0,"naive_memory"
"GGAACTAGTTAGTGAGAGCTGTGA-1","slingPseudotime_2",16.1549012437764,"B7H3","aucell_cytotoxic_score",0.142706687730384,"cytotoxic"
"GGAACTAGTTAGTGAGAGCTGTGA-1","slingPseudotime_3",15.7629859725574,"B7H3","aucell_exhausted_score",0.257503949447077,"exhausted"
"GGAACTAGTTAGTGAGAGCTGTGA-1","slingPseudotime_3",15.7629859725574,"B7H3","aucell_proliferating_score",0,"proliferating"
"GGAACTAGTTAGTGAGAGCTGTGA-1","slingPseudotime_3",15.7629859725574,"B7H3","aucell_naive_memory_score",0,"naive_memory"
"GGAACTAGTTAGTGAGAGCTGTGA-1","slingPseudotime_3",15.7629859725574,"B7H3","aucell_cytotoxic_score",0.142706687730384,"cytotoxic"
"GGAAGTTTCAATTGGAAGCTGTGA-1","slingPseudotime_1",2.00823409678412,"B7H3","aucell_exhausted_score",0.239775320344041,"exhausted"
"GGAAGTTTCAATTGGAAGCTGTGA-1","slingPseudotime_1",2.00823409678412,"B7H3","aucell_proliferating_score",0,"proliferating"
"GGAAGTTTCAATTGGAAGCTGTGA-1","slingPseudotime_1",2.00823409678412,"B7H3","aucell_naive_memory_score",0.310526315789474,"naive_memory"
"GGAAGTTTCAATTGGAAGCTGTGA-1","slingPseudotime_1",2.00823409678412,"B7H3","aucell_cytotoxic_score",0.161664033701948,"cytotoxic"
"GGACATAGTTTATCGAAGCTGTGA-1","slingPseudotime_1",19.6786849061283,"B7H3","aucell_exhausted_score",0.247147621555205,"exhausted"
"GGACATAGTTTATCGAAGCTGTGA-1","slingPseudotime_1",19.6786849061283,"B7H3","aucell_proliferating_score",0,"proliferating"
"GGACATAGTTTATCGAAGCTGTGA-1","slingPseudotime_1",19.6786849061283,"B7H3","aucell_naive_memory_score",0.101473684210526,"naive_memory"
"GGACATAGTTTATCGAAGCTGTGA-1","slingPseudotime_1",19.6786849061283,"B7H3","aucell_cytotoxic_score",0.0961909777075654,"cytotoxic"
"GGACATAGTTTATCGAAGCTGTGA-1","slingPseudotime_2",28.695871645492,"B7H3","aucell_exhausted_score",0.247147621555205,"exhausted"
"GGACATAGTTTATCGAAGCTGTGA-1","slingPseudotime_2",28.695871645492,"B7H3","aucell_proliferating_score",0,"proliferating"
"GGACATAGTTTATCGAAGCTGTGA-1","slingPseudotime_2",28.695871645492,"B7H3","aucell_naive_memory_score",0.101473684210526,"naive_memory"
"GGACATAGTTTATCGAAGCTGTGA-1","slingPseudotime_2",28.695871645492,"B7H3","aucell_cytotoxic_score",0.0961909777075654,"cytotoxic"
"GGACATAGTTTATCGAAGCTGTGA-1","slingPseudotime_3",21.0627645450489,"B7H3","aucell_exhausted_score",0.247147621555205,"exhausted"
"GGACATAGTTTATCGAAGCTGTGA-1","slingPseudotime_3",21.0627645450489,"B7H3","aucell_proliferating_score",0,"proliferating"
"GGACATAGTTTATCGAAGCTGTGA-1","slingPseudotime_3",21.0627645450489,"B7H3","aucell_naive_memory_score",0.101473684210526,"naive_memory"
"GGACATAGTTTATCGAAGCTGTGA-1","slingPseudotime_3",21.0627645450489,"B7H3","aucell_cytotoxic_score",0.0961909777075654,"cytotoxic"
"GGACCAGGTAAGCGTAAGCTGTGA-1","slingPseudotime_1",74.4719543862776,"B7H3","aucell_exhausted_score",0.220115850447604,"exhausted"
"GGACCAGGTAAGCGTAAGCTGTGA-1","slingPseudotime_1",74.4719543862776,"B7H3","aucell_proliferating_score",0,"proliferating"
"GGACCAGGTAAGCGTAAGCTGTGA-1","slingPseudotime_1",74.4719543862776,"B7H3","aucell_naive_memory_score",0,"naive_memory"
"GGACCAGGTAAGCGTAAGCTGTGA-1","slingPseudotime_1",74.4719543862776,"B7H3","aucell_cytotoxic_score",0.166578901176058,"cytotoxic"
"GGACCTGCAATTCGGAAGCTGTGA-1","slingPseudotime_1",83.9715904375716,"B7H3","aucell_exhausted_score",0.156749166227839,"exhausted"
"GGACCTGCAATTCGGAAGCTGTGA-1","slingPseudotime_1",83.9715904375716,"B7H3","aucell_proliferating_score",0.244421052631579,"proliferating"
"GGACCTGCAATTCGGAAGCTGTGA-1","slingPseudotime_1",83.9715904375716,"B7H3","aucell_naive_memory_score",0,"naive_memory"
"GGACCTGCAATTCGGAAGCTGTGA-1","slingPseudotime_1",83.9715904375716,"B7H3","aucell_cytotoxic_score",0.375636299806916,"cytotoxic"
"GGACCTGCACTCAAAGAGCTGTGA-1","slingPseudotime_1",12.6807975058453,"B7H3","aucell_exhausted_score",0.179568193786203,"exhausted"
"GGACCTGCACTCAAAGAGCTGTGA-1","slingPseudotime_1",12.6807975058453,"B7H3","aucell_proliferating_score",0,"proliferating"
"GGACCTGCACTCAAAGAGCTGTGA-1","slingPseudotime_1",12.6807975058453,"B7H3","aucell_naive_memory_score",0.0669473684210526,"naive_memory"
"GGACCTGCACTCAAAGAGCTGTGA-1","slingPseudotime_1",12.6807975058453,"B7H3","aucell_cytotoxic_score",0,"cytotoxic"
"GGACCTGCACTCAAAGAGCTGTGA-1","slingPseudotime_2",12.4270584625503,"B7H3","aucell_exhausted_score",0.179568193786203,"exhausted"
"GGACCTGCACTCAAAGAGCTGTGA-1","slingPseudotime_2",12.4270584625503,"B7H3","aucell_proliferating_score",0,"proliferating"
"GGACCTGCACTCAAAGAGCTGTGA-1","slingPseudotime_2",12.4270584625503,"B7H3","aucell_naive_memory_score",0.0669473684210526,"naive_memory"
"GGACCTGCACTCAAAGAGCTGTGA-1","slingPseudotime_2",12.4270584625503,"B7H3","aucell_cytotoxic_score",0,"cytotoxic"
"GGACCTGCACTCAAAGAGCTGTGA-1","slingPseudotime_3",12.5239803108327,"B7H3","aucell_exhausted_score",0.179568193786203,"exhausted"
"GGACCTGCACTCAAAGAGCTGTGA-1","slingPseudotime_3",12.5239803108327,"B7H3","aucell_proliferating_score",0,"proliferating"
"GGACCTGCACTCAAAGAGCTGTGA-1","slingPseudotime_3",12.5239803108327,"B7H3","aucell_naive_memory_score",0.0669473684210526,"naive_memory"
"GGACCTGCACTCAAAGAGCTGTGA-1","slingPseudotime_3",12.5239803108327,"B7H3","aucell_cytotoxic_score",0,"cytotoxic"
"GGACCTGCAGGTATTGAGCTGTGA-1","slingPseudotime_1",14.8407666727723,"B7H3","aucell_exhausted_score",0,"exhausted"
"GGACCTGCAGGTATTGAGCTGTGA-1","slingPseudotime_1",14.8407666727723,"B7H3","aucell_proliferating_score",0,"proliferating"
"GGACCTGCAGGTATTGAGCTGTGA-1","slingPseudotime_1",14.8407666727723,"B7H3","aucell_naive_memory_score",0.143789473684211,"naive_memory"
"GGACCTGCAGGTATTGAGCTGTGA-1","slingPseudotime_1",14.8407666727723,"B7H3","aucell_cytotoxic_score",0,"cytotoxic"
"GGACCTGCAGGTATTGAGCTGTGA-1","slingPseudotime_2",14.752258303336,"B7H3","aucell_exhausted_score",0,"exhausted"
"GGACCTGCAGGTATTGAGCTGTGA-1","slingPseudotime_2",14.752258303336,"B7H3","aucell_proliferating_score",0,"proliferating"
"GGACCTGCAGGTATTGAGCTGTGA-1","slingPseudotime_2",14.752258303336,"B7H3","aucell_naive_memory_score",0.143789473684211,"naive_memory"
"GGACCTGCAGGTATTGAGCTGTGA-1","slingPseudotime_2",14.752258303336,"B7H3","aucell_cytotoxic_score",0,"cytotoxic"
"GGACCTGCAGGTATTGAGCTGTGA-1","slingPseudotime_3",14.6768044664671,"B7H3","aucell_exhausted_score",0,"exhausted"
"GGACCTGCAGGTATTGAGCTGTGA-1","slingPseudotime_3",14.6768044664671,"B7H3","aucell_proliferating_score",0,"proliferating"
"GGACCTGCAGGTATTGAGCTGTGA-1","slingPseudotime_3",14.6768044664671,"B7H3","aucell_naive_memory_score",0.143789473684211,"naive_memory"
"GGACCTGCAGGTATTGAGCTGTGA-1","slingPseudotime_3",14.6768044664671,"B7H3","aucell_cytotoxic_score",0,"cytotoxic"
"GGACCTGCATGGATTGAGCTGTGA-1","slingPseudotime_1",44.0303604693021,"B7H3","aucell_exhausted_score",0.280322977005441,"exhausted"
"GGACCTGCATGGATTGAGCTGTGA-1","slingPseudotime_1",44.0303604693021,"B7H3","aucell_proliferating_score",0.435789473684211,"proliferating"
"GGACCTGCATGGATTGAGCTGTGA-1","slingPseudotime_1",44.0303604693021,"B7H3","aucell_naive_memory_score",0.0141052631578947,"naive_memory"
"GGACCTGCATGGATTGAGCTGTGA-1","slingPseudotime_1",44.0303604693021,"B7H3","aucell_cytotoxic_score",0.301035632789187,"cytotoxic"
"GGACTTACAACAGCTAAGCTGTGA-1","slingPseudotime_1",45.9628424601235,"B7H3","aucell_exhausted_score",0.158504476040021,"exhausted"
"GGACTTACAACAGCTAAGCTGTGA-1","slingPseudotime_1",45.9628424601235,"B7H3","aucell_proliferating_score",0.712,"proliferating"
"GGACTTACAACAGCTAAGCTGTGA-1","slingPseudotime_1",45.9628424601235,"B7H3","aucell_naive_memory_score",0.0442105263157895,"naive_memory"
"GGACTTACAACAGCTAAGCTGTGA-1","slingPseudotime_1",45.9628424601235,"B7H3","aucell_cytotoxic_score",0,"cytotoxic"
"GGAGTCGGTGCTCCTTAGCTGTGA-1","slingPseudotime_1",16.4383709081513,"B7H3","aucell_exhausted_score",0.0187818149903458,"exhausted"
"GGAGTCGGTGCTCCTTAGCTGTGA-1","slingPseudotime_1",16.4383709081513,"B7H3","aucell_proliferating_score",0,"proliferating"
"GGAGTCGGTGCTCCTTAGCTGTGA-1","slingPseudotime_1",16.4383709081513,"B7H3","aucell_naive_memory_score",0.156421052631579,"naive_memory"
"GGAGTCGGTGCTCCTTAGCTGTGA-1","slingPseudotime_1",16.4383709081513,"B7H3","aucell_cytotoxic_score",0,"cytotoxic"
"GGAGTCGGTGCTCCTTAGCTGTGA-1","slingPseudotime_2",16.3329666429685,"B7H3","aucell_exhausted_score",0.0187818149903458,"exhausted"
"GGAGTCGGTGCTCCTTAGCTGTGA-1","slingPseudotime_2",16.3329666429685,"B7H3","aucell_proliferating_score",0,"proliferating"
"GGAGTCGGTGCTCCTTAGCTGTGA-1","slingPseudotime_2",16.3329666429685,"B7H3","aucell_naive_memory_score",0.156421052631579,"naive_memory"
"GGAGTCGGTGCTCCTTAGCTGTGA-1","slingPseudotime_2",16.3329666429685,"B7H3","aucell_cytotoxic_score",0,"cytotoxic"
"GGAGTCGGTGCTCCTTAGCTGTGA-1","slingPseudotime_3",15.9440476390047,"B7H3","aucell_exhausted_score",0.0187818149903458,"exhausted"
"GGAGTCGGTGCTCCTTAGCTGTGA-1","slingPseudotime_3",15.9440476390047,"B7H3","aucell_proliferating_score",0,"proliferating"
"GGAGTCGGTGCTCCTTAGCTGTGA-1","slingPseudotime_3",15.9440476390047,"B7H3","aucell_naive_memory_score",0.156421052631579,"naive_memory"
"GGAGTCGGTGCTCCTTAGCTGTGA-1","slingPseudotime_3",15.9440476390047,"B7H3","aucell_cytotoxic_score",0,"cytotoxic"
"GGATCCGCAGCAATTGAGCTGTGA-1","slingPseudotime_2",37.862186075924,"B7H3","aucell_exhausted_score",0.166403370194839,"exhausted"
"GGATCCGCAGCAATTGAGCTGTGA-1","slingPseudotime_2",37.862186075924,"B7H3","aucell_proliferating_score",0,"proliferating"
"GGATCCGCAGCAATTGAGCTGTGA-1","slingPseudotime_2",37.862186075924,"B7H3","aucell_naive_memory_score",0,"naive_memory"
"GGATCCGCAGCAATTGAGCTGTGA-1","slingPseudotime_2",37.862186075924,"B7H3","aucell_cytotoxic_score",0,"cytotoxic"
"GGCAAGCTCCATAACTAGCTGTGA-1","slingPseudotime_1",12.3421316860043,"B7H3","aucell_exhausted_score",0.157275759171494,"exhausted"
"GGCAAGCTCCATAACTAGCTGTGA-1","slingPseudotime_1",12.3421316860043,"B7H3","aucell_proliferating_score",0,"proliferating"
"GGCAAGCTCCATAACTAGCTGTGA-1","slingPseudotime_1",12.3421316860043,"B7H3","aucell_naive_memory_score",0,"naive_memory"
"GGCAAGCTCCATAACTAGCTGTGA-1","slingPseudotime_1",12.3421316860043,"B7H3","aucell_cytotoxic_score",0.140775846936984,"cytotoxic"
"GGCAAGCTCCATAACTAGCTGTGA-1","slingPseudotime_2",32.3647295260938,"B7H3","aucell_exhausted_score",0.157275759171494,"exhausted"
"GGCAAGCTCCATAACTAGCTGTGA-1","slingPseudotime_2",32.3647295260938,"B7H3","aucell_proliferating_score",0,"proliferating"
"GGCAAGCTCCATAACTAGCTGTGA-1","slingPseudotime_2",32.3647295260938,"B7H3","aucell_naive_memory_score",0,"naive_memory"
"GGCAAGCTCCATAACTAGCTGTGA-1","slingPseudotime_2",32.3647295260938,"B7H3","aucell_cytotoxic_score",0.140775846936984,"cytotoxic"
"GGCAAGCTCCATAACTAGCTGTGA-1","slingPseudotime_3",12.0261121089381,"B7H3","aucell_exhausted_score",0.157275759171494,"exhausted"
"GGCAAGCTCCATAACTAGCTGTGA-1","slingPseudotime_3",12.0261121089381,"B7H3","aucell_proliferating_score",0,"proliferating"
"GGCAAGCTCCATAACTAGCTGTGA-1","slingPseudotime_3",12.0261121089381,"B7H3","aucell_naive_memory_score",0,"naive_memory"
"GGCAAGCTCCATAACTAGCTGTGA-1","slingPseudotime_3",12.0261121089381,"B7H3","aucell_cytotoxic_score",0.140775846936984,"cytotoxic"
"GGCCTTTAGTTATTGCAGCTGTGA-1","slingPseudotime_1",12.4877384414879,"B7H3","aucell_exhausted_score",0,"exhausted"
"GGCCTTTAGTTATTGCAGCTGTGA-1","slingPseudotime_1",12.4877384414879,"B7H3","aucell_proliferating_score",0,"proliferating"
"GGCCTTTAGTTATTGCAGCTGTGA-1","slingPseudotime_1",12.4877384414879,"B7H3","aucell_naive_memory_score",0.0522105263157895,"naive_memory"
"GGCCTTTAGTTATTGCAGCTGTGA-1","slingPseudotime_1",12.4877384414879,"B7H3","aucell_cytotoxic_score",0.0803931893979287,"cytotoxic"
"GGCCTTTAGTTATTGCAGCTGTGA-1","slingPseudotime_2",12.2837775382301,"B7H3","aucell_exhausted_score",0,"exhausted"
"GGCCTTTAGTTATTGCAGCTGTGA-1","slingPseudotime_2",12.2837775382301,"B7H3","aucell_proliferating_score",0,"proliferating"
"GGCCTTTAGTTATTGCAGCTGTGA-1","slingPseudotime_2",12.2837775382301,"B7H3","aucell_naive_memory_score",0.0522105263157895,"naive_memory"
"GGCCTTTAGTTATTGCAGCTGTGA-1","slingPseudotime_2",12.2837775382301,"B7H3","aucell_cytotoxic_score",0.0803931893979287,"cytotoxic"
"GGCCTTTAGTTATTGCAGCTGTGA-1","slingPseudotime_3",12.2764546015487,"B7H3","aucell_exhausted_score",0,"exhausted"
"GGCCTTTAGTTATTGCAGCTGTGA-1","slingPseudotime_3",12.2764546015487,"B7H3","aucell_proliferating_score",0,"proliferating"
"GGCCTTTAGTTATTGCAGCTGTGA-1","slingPseudotime_3",12.2764546015487,"B7H3","aucell_naive_memory_score",0.0522105263157895,"naive_memory"
"GGCCTTTAGTTATTGCAGCTGTGA-1","slingPseudotime_3",12.2764546015487,"B7H3","aucell_cytotoxic_score",0.0803931893979287,"cytotoxic"
"GGCGCAAGTGATCCTGAGCTGTGA-1","slingPseudotime_1",42.2010545059824,"B7H3","aucell_exhausted_score",0.192206424433913,"exhausted"
"GGCGCAAGTGATCCTGAGCTGTGA-1","slingPseudotime_1",42.2010545059824,"B7H3","aucell_proliferating_score",0.650105263157895,"proliferating"
"GGCGCAAGTGATCCTGAGCTGTGA-1","slingPseudotime_1",42.2010545059824,"B7H3","aucell_naive_memory_score",0.0522105263157895,"naive_memory"
"GGCGCAAGTGATCCTGAGCTGTGA-1","slingPseudotime_1",42.2010545059824,"B7H3","aucell_cytotoxic_score",0,"cytotoxic"
"GGCTCAAAGACCATGGAGCTGTGA-1","slingPseudotime_1",16.2139276953589,"B7H3","aucell_exhausted_score",0,"exhausted"
"GGCTCAAAGACCATGGAGCTGTGA-1","slingPseudotime_1",16.2139276953589,"B7H3","aucell_proliferating_score",0,"proliferating"
"GGCTCAAAGACCATGGAGCTGTGA-1","slingPseudotime_1",16.2139276953589,"B7H3","aucell_naive_memory_score",0.180631578947368,"naive_memory"
"GGCTCAAAGACCATGGAGCTGTGA-1","slingPseudotime_1",16.2139276953589,"B7H3","aucell_cytotoxic_score",0,"cytotoxic"
"GGCTCAAAGACCATGGAGCTGTGA-1","slingPseudotime_2",16.3329666429685,"B7H3","aucell_exhausted_score",0,"exhausted"
"GGCTCAAAGACCATGGAGCTGTGA-1","slingPseudotime_2",16.3329666429685,"B7H3","aucell_proliferating_score",0,"proliferating"
"GGCTCAAAGACCATGGAGCTGTGA-1","slingPseudotime_2",16.3329666429685,"B7H3","aucell_naive_memory_score",0.180631578947368,"naive_memory"
"GGCTCAAAGACCATGGAGCTGTGA-1","slingPseudotime_2",16.3329666429685,"B7H3","aucell_cytotoxic_score",0,"cytotoxic"
"GGCTCAAAGACCATGGAGCTGTGA-1","slingPseudotime_3",16.259115343557,"B7H3","aucell_exhausted_score",0,"exhausted"
"GGCTCAAAGACCATGGAGCTGTGA-1","slingPseudotime_3",16.259115343557,"B7H3","aucell_proliferating_score",0,"proliferating"
"GGCTCAAAGACCATGGAGCTGTGA-1","slingPseudotime_3",16.259115343557,"B7H3","aucell_naive_memory_score",0.180631578947368,"naive_memory"
"GGCTCAAAGACCATGGAGCTGTGA-1","slingPseudotime_3",16.259115343557,"B7H3","aucell_cytotoxic_score",0,"cytotoxic"
"GGCTGATCACAGCAACAGCTGTGA-1","slingPseudotime_1",13.2006417092909,"B7H3","aucell_exhausted_score",0,"exhausted"
"GGCTGATCACAGCAACAGCTGTGA-1","slingPseudotime_1",13.2006417092909,"B7H3","aucell_proliferating_score",0,"proliferating"
"GGCTGATCACAGCAACAGCTGTGA-1","slingPseudotime_1",13.2006417092909,"B7H3","aucell_naive_memory_score",0,"naive_memory"
"GGCTGATCACAGCAACAGCTGTGA-1","slingPseudotime_1",13.2006417092909,"B7H3","aucell_cytotoxic_score",0.385290503773916,"cytotoxic"
"GGCTGATCACAGCAACAGCTGTGA-1","slingPseudotime_2",13.1027187550261,"B7H3","aucell_exhausted_score",0,"exhausted"
"GGCTGATCACAGCAACAGCTGTGA-1","slingPseudotime_2",13.1027187550261,"B7H3","aucell_proliferating_score",0,"proliferating"
"GGCTGATCACAGCAACAGCTGTGA-1","slingPseudotime_2",13.1027187550261,"B7H3","aucell_naive_memory_score",0,"naive_memory"
"GGCTGATCACAGCAACAGCTGTGA-1","slingPseudotime_2",13.1027187550261,"B7H3","aucell_cytotoxic_score",0.385290503773916,"cytotoxic"
"GGCTGATCACAGCAACAGCTGTGA-1","slingPseudotime_3",13.0231458560715,"B7H3","aucell_exhausted_score",0,"exhausted"
"GGCTGATCACAGCAACAGCTGTGA-1","slingPseudotime_3",13.0231458560715,"B7H3","aucell_proliferating_score",0,"proliferating"
"GGCTGATCACAGCAACAGCTGTGA-1","slingPseudotime_3",13.0231458560715,"B7H3","aucell_naive_memory_score",0,"naive_memory"
"GGCTGATCACAGCAACAGCTGTGA-1","slingPseudotime_3",13.0231458560715,"B7H3","aucell_cytotoxic_score",0.385290503773916,"cytotoxic"
"GGGACAACAATTGAGTAGCTGTGA-1","slingPseudotime_1",100.084769419885,"B7H3","aucell_exhausted_score",0.327189748990697,"exhausted"
"GGGACAACAATTGAGTAGCTGTGA-1","slingPseudotime_1",100.084769419885,"B7H3","aucell_proliferating_score",0.318947368421053,"proliferating"
"GGGACAACAATTGAGTAGCTGTGA-1","slingPseudotime_1",100.084769419885,"B7H3","aucell_naive_memory_score",0,"naive_memory"
"GGGACAACAATTGAGTAGCTGTGA-1","slingPseudotime_1",100.084769419885,"B7H3","aucell_cytotoxic_score",0.112339827979638,"cytotoxic"
"GGGTTATAGCGCGAACAGCTGTGA-1","slingPseudotime_1",32.9183750809829,"B7H3","aucell_exhausted_score",0,"exhausted"
"GGGTTATAGCGCGAACAGCTGTGA-1","slingPseudotime_1",32.9183750809829,"B7H3","aucell_proliferating_score",0.302315789473684,"proliferating"
"GGGTTATAGCGCGAACAGCTGTGA-1","slingPseudotime_1",32.9183750809829,"B7H3","aucell_naive_memory_score",0.0753684210526316,"naive_memory"
"GGGTTATAGCGCGAACAGCTGTGA-1","slingPseudotime_1",32.9183750809829,"B7H3","aucell_cytotoxic_score",0,"cytotoxic"
"GGGTTTCTCTGGAAACAGCTGTGA-1","slingPseudotime_1",53.6884503474256,"B7H3","aucell_exhausted_score",0.166227839213621,"exhausted"
"GGGTTTCTCTGGAAACAGCTGTGA-1","slingPseudotime_1",53.6884503474256,"B7H3","aucell_proliferating_score",0.492210526315789,"proliferating"
"GGGTTTCTCTGGAAACAGCTGTGA-1","slingPseudotime_1",53.6884503474256,"B7H3","aucell_naive_memory_score",0.0530526315789474,"naive_memory"
"GGGTTTCTCTGGAAACAGCTGTGA-1","slingPseudotime_1",53.6884503474256,"B7H3","aucell_cytotoxic_score",0,"cytotoxic"
"GGTAAGGCAAGGGTCTAGCTGTGA-1","slingPseudotime_1",9.08745471236071,"B7H3","aucell_exhausted_score",0.154993856415657,"exhausted"
"GGTAAGGCAAGGGTCTAGCTGTGA-1","slingPseudotime_1",9.08745471236071,"B7H3","aucell_proliferating_score",0,"proliferating"
"GGTAAGGCAAGGGTCTAGCTGTGA-1","slingPseudotime_1",9.08745471236071,"B7H3","aucell_naive_memory_score",0,"naive_memory"
"GGTAAGGCAAGGGTCTAGCTGTGA-1","slingPseudotime_1",9.08745471236071,"B7H3","aucell_cytotoxic_score",0,"cytotoxic"
"GGTAAGGCATCCTTGGAGCTGTGA-1","slingPseudotime_1",20.2744808293408,"B7H3","aucell_exhausted_score",0,"exhausted"
"GGTAAGGCATCCTTGGAGCTGTGA-1","slingPseudotime_1",20.2744808293408,"B7H3","aucell_proliferating_score",0,"proliferating"
"GGTAAGGCATCCTTGGAGCTGTGA-1","slingPseudotime_1",20.2744808293408,"B7H3","aucell_naive_memory_score",0,"naive_memory"
"GGTAAGGCATCCTTGGAGCTGTGA-1","slingPseudotime_1",20.2744808293408,"B7H3","aucell_cytotoxic_score",0.127962085308057,"cytotoxic"
"GGTAAGGCATCCTTGGAGCTGTGA-1","slingPseudotime_2",26.622827441278,"B7H3","aucell_exhausted_score",0,"exhausted"
"GGTAAGGCATCCTTGGAGCTGTGA-1","slingPseudotime_2",26.622827441278,"B7H3","aucell_proliferating_score",0,"proliferating"
"GGTAAGGCATCCTTGGAGCTGTGA-1","slingPseudotime_2",26.622827441278,"B7H3","aucell_naive_memory_score",0,"naive_memory"
"GGTAAGGCATCCTTGGAGCTGTGA-1","slingPseudotime_2",26.622827441278,"B7H3","aucell_cytotoxic_score",0.127962085308057,"cytotoxic"
"GGTAAGGCATCCTTGGAGCTGTGA-1","slingPseudotime_3",21.0627645450489,"B7H3","aucell_exhausted_score",0,"exhausted"
"GGTAAGGCATCCTTGGAGCTGTGA-1","slingPseudotime_3",21.0627645450489,"B7H3","aucell_proliferating_score",0,"proliferating"
"GGTAAGGCATCCTTGGAGCTGTGA-1","slingPseudotime_3",21.0627645450489,"B7H3","aucell_naive_memory_score",0,"naive_memory"
"GGTAAGGCATCCTTGGAGCTGTGA-1","slingPseudotime_3",21.0627645450489,"B7H3","aucell_cytotoxic_score",0.127962085308057,"cytotoxic"
"GGTAGTTAGCGAATACAGCTGTGA-1","slingPseudotime_1",15.6941088946955,"B7H3","aucell_exhausted_score",0.0117605757416184,"exhausted"
"GGTAGTTAGCGAATACAGCTGTGA-1","slingPseudotime_1",15.6941088946955,"B7H3","aucell_proliferating_score",0,"proliferating"
"GGTAGTTAGCGAATACAGCTGTGA-1","slingPseudotime_1",15.6941088946955,"B7H3","aucell_naive_memory_score",0,"naive_memory"
"GGTAGTTAGCGAATACAGCTGTGA-1","slingPseudotime_1",15.6941088946955,"B7H3","aucell_cytotoxic_score",0,"cytotoxic"
"GGTAGTTAGCGAATACAGCTGTGA-1","slingPseudotime_2",16.025615989326,"B7H3","aucell_exhausted_score",0.0117605757416184,"exhausted"
"GGTAGTTAGCGAATACAGCTGTGA-1","slingPseudotime_2",16.025615989326,"B7H3","aucell_proliferating_score",0,"proliferating"
"GGTAGTTAGCGAATACAGCTGTGA-1","slingPseudotime_2",16.025615989326,"B7H3","aucell_naive_memory_score",0,"naive_memory"
"GGTAGTTAGCGAATACAGCTGTGA-1","slingPseudotime_2",16.025615989326,"B7H3","aucell_cytotoxic_score",0,"cytotoxic"
"GGTAGTTAGCGAATACAGCTGTGA-1","slingPseudotime_3",16.1371158427425,"B7H3","aucell_exhausted_score",0.0117605757416184,"exhausted"
"GGTAGTTAGCGAATACAGCTGTGA-1","slingPseudotime_3",16.1371158427425,"B7H3","aucell_proliferating_score",0,"proliferating"
"GGTAGTTAGCGAATACAGCTGTGA-1","slingPseudotime_3",16.1371158427425,"B7H3","aucell_naive_memory_score",0,"naive_memory"
"GGTAGTTAGCGAATACAGCTGTGA-1","slingPseudotime_3",16.1371158427425,"B7H3","aucell_cytotoxic_score",0,"cytotoxic"
"GGTGAACGTATTCGTAAGCTGTGA-1","slingPseudotime_2",34.6828518909238,"B7H3","aucell_exhausted_score",0.245216780761804,"exhausted"
"GGTGAACGTATTCGTAAGCTGTGA-1","slingPseudotime_2",34.6828518909238,"B7H3","aucell_proliferating_score",0,"proliferating"
"GGTGAACGTATTCGTAAGCTGTGA-1","slingPseudotime_2",34.6828518909238,"B7H3","aucell_naive_memory_score",0,"naive_memory"
"GGTGAACGTATTCGTAAGCTGTGA-1","slingPseudotime_2",34.6828518909238,"B7H3","aucell_cytotoxic_score",0,"cytotoxic"
"GGTTTAGCATTGACTCAGCTGTGA-1","slingPseudotime_1",16.7682682714018,"B7H3","aucell_exhausted_score",0.0428295594172371,"exhausted"
"GGTTTAGCATTGACTCAGCTGTGA-1","slingPseudotime_1",16.7682682714018,"B7H3","aucell_proliferating_score",0,"proliferating"
"GGTTTAGCATTGACTCAGCTGTGA-1","slingPseudotime_1",16.7682682714018,"B7H3","aucell_naive_memory_score",0.0713684210526316,"naive_memory"
"GGTTTAGCATTGACTCAGCTGTGA-1","slingPseudotime_1",16.7682682714018,"B7H3","aucell_cytotoxic_score",0.00807442513603651,"cytotoxic"
"GGTTTAGCATTGACTCAGCTGTGA-1","slingPseudotime_2",16.4280427597032,"B7H3","aucell_exhausted_score",0.0428295594172371,"exhausted"
"GGTTTAGCATTGACTCAGCTGTGA-1","slingPseudotime_2",16.4280427597032,"B7H3","aucell_proliferating_score",0,"proliferating"
"GGTTTAGCATTGACTCAGCTGTGA-1","slingPseudotime_2",16.4280427597032,"B7H3","aucell_naive_memory_score",0.0713684210526316,"naive_memory"
"GGTTTAGCATTGACTCAGCTGTGA-1","slingPseudotime_2",16.4280427597032,"B7H3","aucell_cytotoxic_score",0.00807442513603651,"cytotoxic"
"GGTTTAGCATTGACTCAGCTGTGA-1","slingPseudotime_3",15.8465265546076,"B7H3","aucell_exhausted_score",0.0428295594172371,"exhausted"
"GGTTTAGCATTGACTCAGCTGTGA-1","slingPseudotime_3",15.8465265546076,"B7H3","aucell_proliferating_score",0,"proliferating"
"GGTTTAGCATTGACTCAGCTGTGA-1","slingPseudotime_3",15.8465265546076,"B7H3","aucell_naive_memory_score",0.0713684210526316,"naive_memory"
"GGTTTAGCATTGACTCAGCTGTGA-1","slingPseudotime_3",15.8465265546076,"B7H3","aucell_cytotoxic_score",0.00807442513603651,"cytotoxic"
"GGTTTATTCCAGCTTAAGCTGTGA-1","slingPseudotime_1",19.397084990942,"B7H3","aucell_exhausted_score",0.154116201509566,"exhausted"
"GGTTTATTCCAGCTTAAGCTGTGA-1","slingPseudotime_1",19.397084990942,"B7H3","aucell_proliferating_score",0,"proliferating"
"GGTTTATTCCAGCTTAAGCTGTGA-1","slingPseudotime_1",19.397084990942,"B7H3","aucell_naive_memory_score",0.160421052631579,"naive_memory"
"GGTTTATTCCAGCTTAAGCTGTGA-1","slingPseudotime_1",19.397084990942,"B7H3","aucell_cytotoxic_score",0,"cytotoxic"
"GGTTTATTCCAGCTTAAGCTGTGA-1","slingPseudotime_2",29.1218029186353,"B7H3","aucell_exhausted_score",0.154116201509566,"exhausted"
"GGTTTATTCCAGCTTAAGCTGTGA-1","slingPseudotime_2",29.1218029186353,"B7H3","aucell_proliferating_score",0,"proliferating"
"GGTTTATTCCAGCTTAAGCTGTGA-1","slingPseudotime_2",29.1218029186353,"B7H3","aucell_naive_memory_score",0.160421052631579,"naive_memory"
"GGTTTATTCCAGCTTAAGCTGTGA-1","slingPseudotime_2",29.1218029186353,"B7H3","aucell_cytotoxic_score",0,"cytotoxic"
"GGTTTATTCCAGCTTAAGCTGTGA-1","slingPseudotime_3",20.9942991041492,"B7H3","aucell_exhausted_score",0.154116201509566,"exhausted"
"GGTTTATTCCAGCTTAAGCTGTGA-1","slingPseudotime_3",20.9942991041492,"B7H3","aucell_proliferating_score",0,"proliferating"
"GGTTTATTCCAGCTTAAGCTGTGA-1","slingPseudotime_3",20.9942991041492,"B7H3","aucell_naive_memory_score",0.160421052631579,"naive_memory"
"GGTTTATTCCAGCTTAAGCTGTGA-1","slingPseudotime_3",20.9942991041492,"B7H3","aucell_cytotoxic_score",0,"cytotoxic"
"GGTTTGACATTACACCAGCTGTGA-1","slingPseudotime_1",13.9673185213446,"B7H3","aucell_exhausted_score",0.151658767772512,"exhausted"
"GGTTTGACATTACACCAGCTGTGA-1","slingPseudotime_1",13.9673185213446,"B7H3","aucell_proliferating_score",0,"proliferating"
"GGTTTGACATTACACCAGCTGTGA-1","slingPseudotime_1",13.9673185213446,"B7H3","aucell_naive_memory_score",0,"naive_memory"
"GGTTTGACATTACACCAGCTGTGA-1","slingPseudotime_1",13.9673185213446,"B7H3","aucell_cytotoxic_score",0.11023345620502,"cytotoxic"
"GGTTTGACATTACACCAGCTGTGA-1","slingPseudotime_2",13.7721773948562,"B7H3","aucell_exhausted_score",0.151658767772512,"exhausted"
"GGTTTGACATTACACCAGCTGTGA-1","slingPseudotime_2",13.7721773948562,"B7H3","aucell_proliferating_score",0,"proliferating"
"GGTTTGACATTACACCAGCTGTGA-1","slingPseudotime_2",13.7721773948562,"B7H3","aucell_naive_memory_score",0,"naive_memory"
"GGTTTGACATTACACCAGCTGTGA-1","slingPseudotime_2",13.7721773948562,"B7H3","aucell_cytotoxic_score",0.11023345620502,"cytotoxic"
"GGTTTGACATTACACCAGCTGTGA-1","slingPseudotime_3",13.6189475363514,"B7H3","aucell_exhausted_score",0.151658767772512,"exhausted"
"GGTTTGACATTACACCAGCTGTGA-1","slingPseudotime_3",13.6189475363514,"B7H3","aucell_proliferating_score",0,"proliferating"
"GGTTTGACATTACACCAGCTGTGA-1","slingPseudotime_3",13.6189475363514,"B7H3","aucell_naive_memory_score",0,"naive_memory"
"GGTTTGACATTACACCAGCTGTGA-1","slingPseudotime_3",13.6189475363514,"B7H3","aucell_cytotoxic_score",0.11023345620502,"cytotoxic"
"GTAACCTGTAGCCACCAGCTGTGA-1","slingPseudotime_1",1.22504651162179,"B7H3","aucell_exhausted_score",0.121994031946639,"exhausted"
"GTAACCTGTAGCCACCAGCTGTGA-1","slingPseudotime_1",1.22504651162179,"B7H3","aucell_proliferating_score",0,"proliferating"
"GTAACCTGTAGCCACCAGCTGTGA-1","slingPseudotime_1",1.22504651162179,"B7H3","aucell_naive_memory_score",0.132631578947368,"naive_memory"
"GTAACCTGTAGCCACCAGCTGTGA-1","slingPseudotime_1",1.22504651162179,"B7H3","aucell_cytotoxic_score",0.131823766894857,"cytotoxic"
"GTAACCTGTAGCCACCAGCTGTGA-1","slingPseudotime_2",0.977349572324682,"B7H3","aucell_exhausted_score",0.121994031946639,"exhausted"
"GTAACCTGTAGCCACCAGCTGTGA-1","slingPseudotime_2",0.977349572324682,"B7H3","aucell_proliferating_score",0,"proliferating"
"GTAACCTGTAGCCACCAGCTGTGA-1","slingPseudotime_2",0.977349572324682,"B7H3","aucell_naive_memory_score",0.132631578947368,"naive_memory"
"GTAACCTGTAGCCACCAGCTGTGA-1","slingPseudotime_2",0.977349572324682,"B7H3","aucell_cytotoxic_score",0.131823766894857,"cytotoxic"
"GTAACCTGTAGCCACCAGCTGTGA-1","slingPseudotime_3",0.989166365666159,"B7H3","aucell_exhausted_score",0.121994031946639,"exhausted"
"GTAACCTGTAGCCACCAGCTGTGA-1","slingPseudotime_3",0.989166365666159,"B7H3","aucell_proliferating_score",0,"proliferating"
"GTAACCTGTAGCCACCAGCTGTGA-1","slingPseudotime_3",0.989166365666159,"B7H3","aucell_naive_memory_score",0.132631578947368,"naive_memory"
"GTAACCTGTAGCCACCAGCTGTGA-1","slingPseudotime_3",0.989166365666159,"B7H3","aucell_cytotoxic_score",0.131823766894857,"cytotoxic"
"GTAACCTGTTGCACTGAGCTGTGA-1","slingPseudotime_1",59.0974009852276,"B7H3","aucell_exhausted_score",0.208530805687204,"exhausted"
"GTAACCTGTTGCACTGAGCTGTGA-1","slingPseudotime_1",59.0974009852276,"B7H3","aucell_proliferating_score",0.325052631578947,"proliferating"
"GTAACCTGTTGCACTGAGCTGTGA-1","slingPseudotime_1",59.0974009852276,"B7H3","aucell_naive_memory_score",0,"naive_memory"
"GTAACCTGTTGCACTGAGCTGTGA-1","slingPseudotime_1",59.0974009852276,"B7H3","aucell_cytotoxic_score",0,"cytotoxic"
"GTAGCCCGTTTGCATAAGCTGTGA-1","slingPseudotime_2",37.6987501573795,"B7H3","aucell_exhausted_score",0.237844479550641,"exhausted"
"GTAGCCCGTTTGCATAAGCTGTGA-1","slingPseudotime_2",37.6987501573795,"B7H3","aucell_proliferating_score",0.00673684210526316,"proliferating"
"GTAGCCCGTTTGCATAAGCTGTGA-1","slingPseudotime_2",37.6987501573795,"B7H3","aucell_naive_memory_score",0,"naive_memory"
"GTAGCCCGTTTGCATAAGCTGTGA-1","slingPseudotime_2",37.6987501573795,"B7H3","aucell_cytotoxic_score",0.140775846936984,"cytotoxic"
"GTAGGCGGTATTTGTGAGCTGTGA-1","slingPseudotime_1",11.3746817985975,"B7H3","aucell_exhausted_score",0.158328945058803,"exhausted"
"GTAGGCGGTATTTGTGAGCTGTGA-1","slingPseudotime_1",11.3746817985975,"B7H3","aucell_proliferating_score",0,"proliferating"
"GTAGGCGGTATTTGTGAGCTGTGA-1","slingPseudotime_1",11.3746817985975,"B7H3","aucell_naive_memory_score",0.112210526315789,"naive_memory"
"GTAGGCGGTATTTGTGAGCTGTGA-1","slingPseudotime_1",11.3746817985975,"B7H3","aucell_cytotoxic_score",0.303142004563806,"cytotoxic"
"GTATGGGTCGTTATGTAGCTGTGA-1","slingPseudotime_1",53.0470720466612,"B7H3","aucell_exhausted_score",0.328769527821661,"exhausted"
"GTATGGGTCGTTATGTAGCTGTGA-1","slingPseudotime_1",53.0470720466612,"B7H3","aucell_proliferating_score",0,"proliferating"
"GTATGGGTCGTTATGTAGCTGTGA-1","slingPseudotime_1",53.0470720466612,"B7H3","aucell_naive_memory_score",0,"naive_memory"
"GTATGGGTCGTTATGTAGCTGTGA-1","slingPseudotime_1",53.0470720466612,"B7H3","aucell_cytotoxic_score",0,"cytotoxic"
"GTCAAAGGTAAGAATCAGCTGTGA-1","slingPseudotime_3",48.1239630006276,"B7H3","aucell_exhausted_score",0.294540986484114,"exhausted"
"GTCAAAGGTAAGAATCAGCTGTGA-1","slingPseudotime_3",48.1239630006276,"B7H3","aucell_proliferating_score",0,"proliferating"
"GTCAAAGGTAAGAATCAGCTGTGA-1","slingPseudotime_3",48.1239630006276,"B7H3","aucell_naive_memory_score",0.138315789473684,"naive_memory"
"GTCAAAGGTAAGAATCAGCTGTGA-1","slingPseudotime_3",48.1239630006276,"B7H3","aucell_cytotoxic_score",0,"cytotoxic"
"GTCAAGCCATCAGGACAGCTGTGA-1","slingPseudotime_1",17.6627165860994,"B7H3","aucell_exhausted_score",0.219062664560295,"exhausted"
"GTCAAGCCATCAGGACAGCTGTGA-1","slingPseudotime_1",17.6627165860994,"B7H3","aucell_proliferating_score",0,"proliferating"
"GTCAAGCCATCAGGACAGCTGTGA-1","slingPseudotime_1",17.6627165860994,"B7H3","aucell_naive_memory_score",0,"naive_memory"
"GTCAAGCCATCAGGACAGCTGTGA-1","slingPseudotime_1",17.6627165860994,"B7H3","aucell_cytotoxic_score",0.164999122345094,"cytotoxic"
"GTCAAGCCATCAGGACAGCTGTGA-1","slingPseudotime_2",31.2490624180222,"B7H3","aucell_exhausted_score",0.219062664560295,"exhausted"
"GTCAAGCCATCAGGACAGCTGTGA-1","slingPseudotime_2",31.2490624180222,"B7H3","aucell_proliferating_score",0,"proliferating"
"GTCAAGCCATCAGGACAGCTGTGA-1","slingPseudotime_2",31.2490624180222,"B7H3","aucell_naive_memory_score",0,"naive_memory"
"GTCAAGCCATCAGGACAGCTGTGA-1","slingPseudotime_2",31.2490624180222,"B7H3","aucell_cytotoxic_score",0.164999122345094,"cytotoxic"
"GTCAAGCCATCAGGACAGCTGTGA-1","slingPseudotime_3",19.765580566337,"B7H3","aucell_exhausted_score",0.219062664560295,"exhausted"
"GTCAAGCCATCAGGACAGCTGTGA-1","slingPseudotime_3",19.765580566337,"B7H3","aucell_proliferating_score",0,"proliferating"
"GTCAAGCCATCAGGACAGCTGTGA-1","slingPseudotime_3",19.765580566337,"B7H3","aucell_naive_memory_score",0,"naive_memory"
"GTCAAGCCATCAGGACAGCTGTGA-1","slingPseudotime_3",19.765580566337,"B7H3","aucell_cytotoxic_score",0.164999122345094,"cytotoxic"
"GTCATAAAGAGGAAATAGCTGTGA-1","slingPseudotime_1",15.301773928977,"B7H3","aucell_exhausted_score",0,"exhausted"
"GTCATAAAGAGGAAATAGCTGTGA-1","slingPseudotime_1",15.301773928977,"B7H3","aucell_proliferating_score",0,"proliferating"
"GTCATAAAGAGGAAATAGCTGTGA-1","slingPseudotime_1",15.301773928977,"B7H3","aucell_naive_memory_score",0.115578947368421,"naive_memory"
"GTCATAAAGAGGAAATAGCTGTGA-1","slingPseudotime_1",15.301773928977,"B7H3","aucell_cytotoxic_score",0,"cytotoxic"
"GTCATAAAGAGGAAATAGCTGTGA-1","slingPseudotime_2",14.9910602547737,"B7H3","aucell_exhausted_score",0,"exhausted"
"GTCATAAAGAGGAAATAGCTGTGA-1","slingPseudotime_2",14.9910602547737,"B7H3","aucell_proliferating_score",0,"proliferating"
"GTCATAAAGAGGAAATAGCTGTGA-1","slingPseudotime_2",14.9910602547737,"B7H3","aucell_naive_memory_score",0.115578947368421,"naive_memory"
"GTCATAAAGAGGAAATAGCTGTGA-1","slingPseudotime_2",14.9910602547737,"B7H3","aucell_cytotoxic_score",0,"cytotoxic"
"GTCATAAAGAGGAAATAGCTGTGA-1","slingPseudotime_3",14.7655577341053,"B7H3","aucell_exhausted_score",0,"exhausted"
"GTCATAAAGAGGAAATAGCTGTGA-1","slingPseudotime_3",14.7655577341053,"B7H3","aucell_proliferating_score",0,"proliferating"
"GTCATAAAGAGGAAATAGCTGTGA-1","slingPseudotime_3",14.7655577341053,"B7H3","aucell_naive_memory_score",0.115578947368421,"naive_memory"
"GTCATAAAGAGGAAATAGCTGTGA-1","slingPseudotime_3",14.7655577341053,"B7H3","aucell_cytotoxic_score",0,"cytotoxic"
"GTCATTAGTCCATCCTAGCTGTGA-1","slingPseudotime_1",18.8418826101355,"B7H3","aucell_exhausted_score",0.227839213621204,"exhausted"
"GTCATTAGTCCATCCTAGCTGTGA-1","slingPseudotime_1",18.8418826101355,"B7H3","aucell_proliferating_score",0,"proliferating"
"GTCATTAGTCCATCCTAGCTGTGA-1","slingPseudotime_1",18.8418826101355,"B7H3","aucell_naive_memory_score",0.123578947368421,"naive_memory"
"GTCATTAGTCCATCCTAGCTGTGA-1","slingPseudotime_1",18.8418826101355,"B7H3","aucell_cytotoxic_score",0,"cytotoxic"
"GTCATTAGTCCATCCTAGCTGTGA-1","slingPseudotime_2",18.2366545187453,"B7H3","aucell_exhausted_score",0.227839213621204,"exhausted"
"GTCATTAGTCCATCCTAGCTGTGA-1","slingPseudotime_2",18.2366545187453,"B7H3","aucell_proliferating_score",0,"proliferating"
"GTCATTAGTCCATCCTAGCTGTGA-1","slingPseudotime_2",18.2366545187453,"B7H3","aucell_naive_memory_score",0.123578947368421,"naive_memory"
"GTCATTAGTCCATCCTAGCTGTGA-1","slingPseudotime_2",18.2366545187453,"B7H3","aucell_cytotoxic_score",0,"cytotoxic"
"GTCATTAGTCCATCCTAGCTGTGA-1","slingPseudotime_3",26.5952912823295,"B7H3","aucell_exhausted_score",0.227839213621204,"exhausted"
"GTCATTAGTCCATCCTAGCTGTGA-1","slingPseudotime_3",26.5952912823295,"B7H3","aucell_proliferating_score",0,"proliferating"
"GTCATTAGTCCATCCTAGCTGTGA-1","slingPseudotime_3",26.5952912823295,"B7H3","aucell_naive_memory_score",0.123578947368421,"naive_memory"
"GTCATTAGTCCATCCTAGCTGTGA-1","slingPseudotime_3",26.5952912823295,"B7H3","aucell_cytotoxic_score",0,"cytotoxic"
"GTCGATTGTGATTACCAGCTGTGA-1","slingPseudotime_1",17.2543549501186,"B7H3","aucell_exhausted_score",0,"exhausted"
"GTCGATTGTGATTACCAGCTGTGA-1","slingPseudotime_1",17.2543549501186,"B7H3","aucell_proliferating_score",0.149894736842105,"proliferating"
"GTCGATTGTGATTACCAGCTGTGA-1","slingPseudotime_1",17.2543549501186,"B7H3","aucell_naive_memory_score",0,"naive_memory"
"GTCGATTGTGATTACCAGCTGTGA-1","slingPseudotime_1",17.2543549501186,"B7H3","aucell_cytotoxic_score",0.513779182025628,"cytotoxic"
"GTCGATTGTGATTACCAGCTGTGA-1","slingPseudotime_2",17.7433615050599,"B7H3","aucell_exhausted_score",0,"exhausted"
"GTCGATTGTGATTACCAGCTGTGA-1","slingPseudotime_2",17.7433615050599,"B7H3","aucell_proliferating_score",0.149894736842105,"proliferating"
"GTCGATTGTGATTACCAGCTGTGA-1","slingPseudotime_2",17.7433615050599,"B7H3","aucell_naive_memory_score",0,"naive_memory"
"GTCGATTGTGATTACCAGCTGTGA-1","slingPseudotime_2",17.7433615050599,"B7H3","aucell_cytotoxic_score",0.513779182025628,"cytotoxic"
"GTCGATTGTGATTACCAGCTGTGA-1","slingPseudotime_3",18.1571675085559,"B7H3","aucell_exhausted_score",0,"exhausted"
"GTCGATTGTGATTACCAGCTGTGA-1","slingPseudotime_3",18.1571675085559,"B7H3","aucell_proliferating_score",0.149894736842105,"proliferating"
"GTCGATTGTGATTACCAGCTGTGA-1","slingPseudotime_3",18.1571675085559,"B7H3","aucell_naive_memory_score",0,"naive_memory"
"GTCGATTGTGATTACCAGCTGTGA-1","slingPseudotime_3",18.1571675085559,"B7H3","aucell_cytotoxic_score",0.513779182025628,"cytotoxic"
"GTGAAACTCCGCACCAAGCTGTGA-1","slingPseudotime_1",15.6313764799094,"B7H3","aucell_exhausted_score",0.160084254870985,"exhausted"
"GTGAAACTCCGCACCAAGCTGTGA-1","slingPseudotime_1",15.6313764799094,"B7H3","aucell_proliferating_score",0,"proliferating"
"GTGAAACTCCGCACCAAGCTGTGA-1","slingPseudotime_1",15.6313764799094,"B7H3","aucell_naive_memory_score",0.103157894736842,"naive_memory"
"GTGAAACTCCGCACCAAGCTGTGA-1","slingPseudotime_1",15.6313764799094,"B7H3","aucell_cytotoxic_score",0.101983500087765,"cytotoxic"
"GTGAAACTCCGCACCAAGCTGTGA-1","slingPseudotime_2",15.4061223297876,"B7H3","aucell_exhausted_score",0.160084254870985,"exhausted"
"GTGAAACTCCGCACCAAGCTGTGA-1","slingPseudotime_2",15.4061223297876,"B7H3","aucell_proliferating_score",0,"proliferating"
"GTGAAACTCCGCACCAAGCTGTGA-1","slingPseudotime_2",15.4061223297876,"B7H3","aucell_naive_memory_score",0.103157894736842,"naive_memory"
"GTGAAACTCCGCACCAAGCTGTGA-1","slingPseudotime_2",15.4061223297876,"B7H3","aucell_cytotoxic_score",0.101983500087765,"cytotoxic"
"GTGAAACTCCGCACCAAGCTGTGA-1","slingPseudotime_3",15.6356277885928,"B7H3","aucell_exhausted_score",0.160084254870985,"exhausted"
"GTGAAACTCCGCACCAAGCTGTGA-1","slingPseudotime_3",15.6356277885928,"B7H3","aucell_proliferating_score",0,"proliferating"
"GTGAAACTCCGCACCAAGCTGTGA-1","slingPseudotime_3",15.6356277885928,"B7H3","aucell_naive_memory_score",0.103157894736842,"naive_memory"
"GTGAAACTCCGCACCAAGCTGTGA-1","slingPseudotime_3",15.6356277885928,"B7H3","aucell_cytotoxic_score",0.101983500087765,"cytotoxic"
"GTGCAAGTCAAACCGGAGCTGTGA-1","slingPseudotime_1",45.5513839306818,"B7H3","aucell_exhausted_score",0.188695804809549,"exhausted"
"GTGCAAGTCAAACCGGAGCTGTGA-1","slingPseudotime_1",45.5513839306818,"B7H3","aucell_proliferating_score",0.435157894736842,"proliferating"
"GTGCAAGTCAAACCGGAGCTGTGA-1","slingPseudotime_1",45.5513839306818,"B7H3","aucell_naive_memory_score",0.0810526315789474,"naive_memory"
"GTGCAAGTCAAACCGGAGCTGTGA-1","slingPseudotime_1",45.5513839306818,"B7H3","aucell_cytotoxic_score",0,"cytotoxic"
"GTGCGGTAGGCTCCATAGCTGTGA-1","slingPseudotime_1",18.2688247406466,"B7H3","aucell_exhausted_score",0.0833772160786379,"exhausted"
"GTGCGGTAGGCTCCATAGCTGTGA-1","slingPseudotime_1",18.2688247406466,"B7H3","aucell_proliferating_score",0,"proliferating"
"GTGCGGTAGGCTCCATAGCTGTGA-1","slingPseudotime_1",18.2688247406466,"B7H3","aucell_naive_memory_score",0,"naive_memory"
"GTGCGGTAGGCTCCATAGCTGTGA-1","slingPseudotime_1",18.2688247406466,"B7H3","aucell_cytotoxic_score",0.11795681937862,"cytotoxic"
"GTGCGGTAGGCTCCATAGCTGTGA-1","slingPseudotime_2",18.2547699421813,"B7H3","aucell_exhausted_score",0.0833772160786379,"exhausted"
"GTGCGGTAGGCTCCATAGCTGTGA-1","slingPseudotime_2",18.2547699421813,"B7H3","aucell_proliferating_score",0,"proliferating"
"GTGCGGTAGGCTCCATAGCTGTGA-1","slingPseudotime_2",18.2547699421813,"B7H3","aucell_naive_memory_score",0,"naive_memory"
"GTGCGGTAGGCTCCATAGCTGTGA-1","slingPseudotime_2",18.2547699421813,"B7H3","aucell_cytotoxic_score",0.11795681937862,"cytotoxic"
"GTGCGGTAGGCTCCATAGCTGTGA-1","slingPseudotime_3",17.4929251580606,"B7H3","aucell_exhausted_score",0.0833772160786379,"exhausted"
"GTGCGGTAGGCTCCATAGCTGTGA-1","slingPseudotime_3",17.4929251580606,"B7H3","aucell_proliferating_score",0,"proliferating"
"GTGCGGTAGGCTCCATAGCTGTGA-1","slingPseudotime_3",17.4929251580606,"B7H3","aucell_naive_memory_score",0,"naive_memory"
"GTGCGGTAGGCTCCATAGCTGTGA-1","slingPseudotime_3",17.4929251580606,"B7H3","aucell_cytotoxic_score",0.11795681937862,"cytotoxic"
"GTGGATTAGACTCCTAAGCTGTGA-1","slingPseudotime_1",79.9466279342426,"B7H3","aucell_exhausted_score",0.237844479550641,"exhausted"
"GTGGATTAGACTCCTAAGCTGTGA-1","slingPseudotime_1",79.9466279342426,"B7H3","aucell_proliferating_score",0.530105263157895,"proliferating"
"GTGGATTAGACTCCTAAGCTGTGA-1","slingPseudotime_1",79.9466279342426,"B7H3","aucell_naive_memory_score",0,"naive_memory"
"GTGGATTAGACTCCTAAGCTGTGA-1","slingPseudotime_1",79.9466279342426,"B7H3","aucell_cytotoxic_score",0,"cytotoxic"
"GTTCACCAGTCACACCAGCTGTGA-1","slingPseudotime_2",39.6540798344764,"B7H3","aucell_exhausted_score",0.233982797963841,"exhausted"
"GTTCACCAGTCACACCAGCTGTGA-1","slingPseudotime_2",39.6540798344764,"B7H3","aucell_proliferating_score",0,"proliferating"
"GTTCACCAGTCACACCAGCTGTGA-1","slingPseudotime_2",39.6540798344764,"B7H3","aucell_naive_memory_score",0,"naive_memory"
"GTTCACCAGTCACACCAGCTGTGA-1","slingPseudotime_2",39.6540798344764,"B7H3","aucell_cytotoxic_score",0,"cytotoxic"
"GTTGTTGTCCCGCTGAAGCTGTGA-1","slingPseudotime_1",17.2350329592717,"B7H3","aucell_exhausted_score",0,"exhausted"
"GTTGTTGTCCCGCTGAAGCTGTGA-1","slingPseudotime_1",17.2350329592717,"B7H3","aucell_proliferating_score",0,"proliferating"
"GTTGTTGTCCCGCTGAAGCTGTGA-1","slingPseudotime_1",17.2350329592717,"B7H3","aucell_naive_memory_score",0.248631578947368,"naive_memory"
"GTTGTTGTCCCGCTGAAGCTGTGA-1","slingPseudotime_1",17.2350329592717,"B7H3","aucell_cytotoxic_score",0.188344742847113,"cytotoxic"
"GTTGTTGTCCCGCTGAAGCTGTGA-1","slingPseudotime_2",17.5731074067283,"B7H3","aucell_exhausted_score",0,"exhausted"
"GTTGTTGTCCCGCTGAAGCTGTGA-1","slingPseudotime_2",17.5731074067283,"B7H3","aucell_proliferating_score",0,"proliferating"
"GTTGTTGTCCCGCTGAAGCTGTGA-1","slingPseudotime_2",17.5731074067283,"B7H3","aucell_naive_memory_score",0.248631578947368,"naive_memory"
"GTTGTTGTCCCGCTGAAGCTGTGA-1","slingPseudotime_2",17.5731074067283,"B7H3","aucell_cytotoxic_score",0.188344742847113,"cytotoxic"
"GTTGTTGTCCCGCTGAAGCTGTGA-1","slingPseudotime_3",19.9637390479512,"B7H3","aucell_exhausted_score",0,"exhausted"
"GTTGTTGTCCCGCTGAAGCTGTGA-1","slingPseudotime_3",19.9637390479512,"B7H3","aucell_proliferating_score",0,"proliferating"
"GTTGTTGTCCCGCTGAAGCTGTGA-1","slingPseudotime_3",19.9637390479512,"B7H3","aucell_naive_memory_score",0.248631578947368,"naive_memory"
"GTTGTTGTCCCGCTGAAGCTGTGA-1","slingPseudotime_3",19.9637390479512,"B7H3","aucell_cytotoxic_score",0.188344742847113,"cytotoxic"
"GTTGTTGTCCGTTAGCAGCTGTGA-1","slingPseudotime_2",34.5841297998269,"B7H3","aucell_exhausted_score",0.406354221520098,"exhausted"
"GTTGTTGTCCGTTAGCAGCTGTGA-1","slingPseudotime_2",34.5841297998269,"B7H3","aucell_proliferating_score",0,"proliferating"
"GTTGTTGTCCGTTAGCAGCTGTGA-1","slingPseudotime_2",34.5841297998269,"B7H3","aucell_naive_memory_score",0,"naive_memory"
"GTTGTTGTCCGTTAGCAGCTGTGA-1","slingPseudotime_2",34.5841297998269,"B7H3","aucell_cytotoxic_score",0.130419519045111,"cytotoxic"
"GTTTAGTTCCCACATAAGCTGTGA-1","slingPseudotime_1",19.3993666059907,"B7H3","aucell_exhausted_score",0.162366157626821,"exhausted"
"GTTTAGTTCCCACATAAGCTGTGA-1","slingPseudotime_1",19.3993666059907,"B7H3","aucell_proliferating_score",0,"proliferating"
"GTTTAGTTCCCACATAAGCTGTGA-1","slingPseudotime_1",19.3993666059907,"B7H3","aucell_naive_memory_score",0,"naive_memory"
"GTTTAGTTCCCACATAAGCTGTGA-1","slingPseudotime_1",19.3993666059907,"B7H3","aucell_cytotoxic_score",0.146568369317184,"cytotoxic"
"GTTTAGTTCCCACATAAGCTGTGA-1","slingPseudotime_2",29.1048220984126,"B7H3","aucell_exhausted_score",0.162366157626821,"exhausted"
"GTTTAGTTCCCACATAAGCTGTGA-1","slingPseudotime_2",29.1048220984126,"B7H3","aucell_proliferating_score",0,"proliferating"
"GTTTAGTTCCCACATAAGCTGTGA-1","slingPseudotime_2",29.1048220984126,"B7H3","aucell_naive_memory_score",0,"naive_memory"
"GTTTAGTTCCCACATAAGCTGTGA-1","slingPseudotime_2",29.1048220984126,"B7H3","aucell_cytotoxic_score",0.146568369317184,"cytotoxic"
"GTTTAGTTCCCACATAAGCTGTGA-1","slingPseudotime_3",20.8449605179646,"B7H3","aucell_exhausted_score",0.162366157626821,"exhausted"
"GTTTAGTTCCCACATAAGCTGTGA-1","slingPseudotime_3",20.8449605179646,"B7H3","aucell_proliferating_score",0,"proliferating"
"GTTTAGTTCCCACATAAGCTGTGA-1","slingPseudotime_3",20.8449605179646,"B7H3","aucell_naive_memory_score",0,"naive_memory"
"GTTTAGTTCCCACATAAGCTGTGA-1","slingPseudotime_3",20.8449605179646,"B7H3","aucell_cytotoxic_score",0.146568369317184,"cytotoxic"
"GTTTGGACATTTGTTGAGCTGTGA-1","slingPseudotime_1",15.484160752509,"B7H3","aucell_exhausted_score",0.121116377040548,"exhausted"
"GTTTGGACATTTGTTGAGCTGTGA-1","slingPseudotime_1",15.484160752509,"B7H3","aucell_proliferating_score",0,"proliferating"
"GTTTGGACATTTGTTGAGCTGTGA-1","slingPseudotime_1",15.484160752509,"B7H3","aucell_naive_memory_score",0.148,"naive_memory"
"GTTTGGACATTTGTTGAGCTGTGA-1","slingPseudotime_1",15.484160752509,"B7H3","aucell_cytotoxic_score",0,"cytotoxic"
"GTTTGGACATTTGTTGAGCTGTGA-1","slingPseudotime_2",15.4977131876769,"B7H3","aucell_exhausted_score",0.121116377040548,"exhausted"
"GTTTGGACATTTGTTGAGCTGTGA-1","slingPseudotime_2",15.4977131876769,"B7H3","aucell_proliferating_score",0,"proliferating"
"GTTTGGACATTTGTTGAGCTGTGA-1","slingPseudotime_2",15.4977131876769,"B7H3","aucell_naive_memory_score",0.148,"naive_memory"
"GTTTGGACATTTGTTGAGCTGTGA-1","slingPseudotime_2",15.4977131876769,"B7H3","aucell_cytotoxic_score",0,"cytotoxic"
"GTTTGGACATTTGTTGAGCTGTGA-1","slingPseudotime_3",15.3219950529432,"B7H3","aucell_exhausted_score",0.121116377040548,"exhausted"
"GTTTGGACATTTGTTGAGCTGTGA-1","slingPseudotime_3",15.3219950529432,"B7H3","aucell_proliferating_score",0,"proliferating"
"GTTTGGACATTTGTTGAGCTGTGA-1","slingPseudotime_3",15.3219950529432,"B7H3","aucell_naive_memory_score",0.148,"naive_memory"
"GTTTGGACATTTGTTGAGCTGTGA-1","slingPseudotime_3",15.3219950529432,"B7H3","aucell_cytotoxic_score",0,"cytotoxic"
"GTTTGGTGTGCAATAGAGCTGTGA-1","slingPseudotime_1",43.2748942605094,"B7H3","aucell_exhausted_score",0.315780235211515,"exhausted"
"GTTTGGTGTGCAATAGAGCTGTGA-1","slingPseudotime_1",43.2748942605094,"B7H3","aucell_proliferating_score",0.505894736842105,"proliferating"
"GTTTGGTGTGCAATAGAGCTGTGA-1","slingPseudotime_1",43.2748942605094,"B7H3","aucell_naive_memory_score",0.0747368421052632,"naive_memory"
"GTTTGGTGTGCAATAGAGCTGTGA-1","slingPseudotime_1",43.2748942605094,"B7H3","aucell_cytotoxic_score",0.312094084605933,"cytotoxic"
"TAACCCTCATCGATAGAGCTGTGA-1","slingPseudotime_1",26.1191228558663,"B7H3","aucell_exhausted_score",0.152887484641039,"exhausted"
"TAACCCTCATCGATAGAGCTGTGA-1","slingPseudotime_1",26.1191228558663,"B7H3","aucell_proliferating_score",0.110736842105263,"proliferating"
"TAACCCTCATCGATAGAGCTGTGA-1","slingPseudotime_1",26.1191228558663,"B7H3","aucell_naive_memory_score",0,"naive_memory"
"TAACCCTCATCGATAGAGCTGTGA-1","slingPseudotime_1",26.1191228558663,"B7H3","aucell_cytotoxic_score",0.422678602773389,"cytotoxic"
"TAACCCTCATCGATAGAGCTGTGA-1","slingPseudotime_2",29.4442766971151,"B7H3","aucell_exhausted_score",0.152887484641039,"exhausted"
"TAACCCTCATCGATAGAGCTGTGA-1","slingPseudotime_2",29.4442766971151,"B7H3","aucell_proliferating_score",0.110736842105263,"proliferating"
"TAACCCTCATCGATAGAGCTGTGA-1","slingPseudotime_2",29.4442766971151,"B7H3","aucell_naive_memory_score",0,"naive_memory"
"TAACCCTCATCGATAGAGCTGTGA-1","slingPseudotime_2",29.4442766971151,"B7H3","aucell_cytotoxic_score",0.422678602773389,"cytotoxic"
"TAACCCTCATCGATAGAGCTGTGA-1","slingPseudotime_3",21.3353277551625,"B7H3","aucell_exhausted_score",0.152887484641039,"exhausted"
"TAACCCTCATCGATAGAGCTGTGA-1","slingPseudotime_3",21.3353277551625,"B7H3","aucell_proliferating_score",0.110736842105263,"proliferating"
"TAACCCTCATCGATAGAGCTGTGA-1","slingPseudotime_3",21.3353277551625,"B7H3","aucell_naive_memory_score",0,"naive_memory"
"TAACCCTCATCGATAGAGCTGTGA-1","slingPseudotime_3",21.3353277551625,"B7H3","aucell_cytotoxic_score",0.422678602773389,"cytotoxic"
"TAACGAATCGATTATCAGCTGTGA-1","slingPseudotime_1",49.8285955801752,"B7H3","aucell_exhausted_score",0.221695629278568,"exhausted"
"TAACGAATCGATTATCAGCTGTGA-1","slingPseudotime_1",49.8285955801752,"B7H3","aucell_proliferating_score",0.521473684210526,"proliferating"
"TAACGAATCGATTATCAGCTGTGA-1","slingPseudotime_1",49.8285955801752,"B7H3","aucell_naive_memory_score",0,"naive_memory"
"TAACGAATCGATTATCAGCTGTGA-1","slingPseudotime_1",49.8285955801752,"B7H3","aucell_cytotoxic_score",0.161312971739512,"cytotoxic"
"TAACGTTTCTAATCGTAGCTGTGA-1","slingPseudotime_1",48.606024563258,"B7H3","aucell_exhausted_score",0.165701246269967,"exhausted"
"TAACGTTTCTAATCGTAGCTGTGA-1","slingPseudotime_1",48.606024563258,"B7H3","aucell_proliferating_score",0.450736842105263,"proliferating"
"TAACGTTTCTAATCGTAGCTGTGA-1","slingPseudotime_1",48.606024563258,"B7H3","aucell_naive_memory_score",0,"naive_memory"
"TAACGTTTCTAATCGTAGCTGTGA-1","slingPseudotime_1",48.606024563258,"B7H3","aucell_cytotoxic_score",0.206599964893804,"cytotoxic"
"TAACTTGGTGAGAAGGAGCTGTGA-1","slingPseudotime_1",21.8804505477831,"B7H3","aucell_exhausted_score",0.325785501140951,"exhausted"
"TAACTTGGTGAGAAGGAGCTGTGA-1","slingPseudotime_1",21.8804505477831,"B7H3","aucell_proliferating_score",0,"proliferating"
"TAACTTGGTGAGAAGGAGCTGTGA-1","slingPseudotime_1",21.8804505477831,"B7H3","aucell_naive_memory_score",0.00610526315789474,"naive_memory"
"TAACTTGGTGAGAAGGAGCTGTGA-1","slingPseudotime_1",21.8804505477831,"B7H3","aucell_cytotoxic_score",0.331578023521152,"cytotoxic"
"TAACTTGGTGAGAAGGAGCTGTGA-1","slingPseudotime_2",30.8351511438451,"B7H3","aucell_exhausted_score",0.325785501140951,"exhausted"
"TAACTTGGTGAGAAGGAGCTGTGA-1","slingPseudotime_2",30.8351511438451,"B7H3","aucell_proliferating_score",0,"proliferating"
"TAACTTGGTGAGAAGGAGCTGTGA-1","slingPseudotime_2",30.8351511438451,"B7H3","aucell_naive_memory_score",0.00610526315789474,"naive_memory"
"TAACTTGGTGAGAAGGAGCTGTGA-1","slingPseudotime_2",30.8351511438451,"B7H3","aucell_cytotoxic_score",0.331578023521152,"cytotoxic"
"TAACTTGGTGAGAAGGAGCTGTGA-1","slingPseudotime_3",21.8576912585561,"B7H3","aucell_exhausted_score",0.325785501140951,"exhausted"
"TAACTTGGTGAGAAGGAGCTGTGA-1","slingPseudotime_3",21.8576912585561,"B7H3","aucell_proliferating_score",0,"proliferating"
"TAACTTGGTGAGAAGGAGCTGTGA-1","slingPseudotime_3",21.8576912585561,"B7H3","aucell_naive_memory_score",0.00610526315789474,"naive_memory"
"TAACTTGGTGAGAAGGAGCTGTGA-1","slingPseudotime_3",21.8576912585561,"B7H3","aucell_cytotoxic_score",0.331578023521152,"cytotoxic"
"TAAGCTTTCAGGCAATAGCTGTGA-1","slingPseudotime_1",16.5516328988606,"B7H3","aucell_exhausted_score",0,"exhausted"
"TAAGCTTTCAGGCAATAGCTGTGA-1","slingPseudotime_1",16.5516328988606,"B7H3","aucell_proliferating_score",0,"proliferating"
"TAAGCTTTCAGGCAATAGCTGTGA-1","slingPseudotime_1",16.5516328988606,"B7H3","aucell_naive_memory_score",0.66,"naive_memory"
"TAAGCTTTCAGGCAATAGCTGTGA-1","slingPseudotime_1",16.5516328988606,"B7H3","aucell_cytotoxic_score",0.124451465683693,"cytotoxic"
"TAAGCTTTCAGGCAATAGCTGTGA-1","slingPseudotime_2",16.9793972619065,"B7H3","aucell_exhausted_score",0,"exhausted"
"TAAGCTTTCAGGCAATAGCTGTGA-1","slingPseudotime_2",16.9793972619065,"B7H3","aucell_proliferating_score",0,"proliferating"
"TAAGCTTTCAGGCAATAGCTGTGA-1","slingPseudotime_2",16.9793972619065,"B7H3","aucell_naive_memory_score",0.66,"naive_memory"
"TAAGCTTTCAGGCAATAGCTGTGA-1","slingPseudotime_2",16.9793972619065,"B7H3","aucell_cytotoxic_score",0.124451465683693,"cytotoxic"
"TAAGCTTTCAGGCAATAGCTGTGA-1","slingPseudotime_3",16.5690691794951,"B7H3","aucell_exhausted_score",0,"exhausted"
"TAAGCTTTCAGGCAATAGCTGTGA-1","slingPseudotime_3",16.5690691794951,"B7H3","aucell_proliferating_score",0,"proliferating"
"TAAGCTTTCAGGCAATAGCTGTGA-1","slingPseudotime_3",16.5690691794951,"B7H3","aucell_naive_memory_score",0.66,"naive_memory"
"TAAGCTTTCAGGCAATAGCTGTGA-1","slingPseudotime_3",16.5690691794951,"B7H3","aucell_cytotoxic_score",0.124451465683693,"cytotoxic"
"TAATAGGTCATGACCCAGCTGTGA-1","slingPseudotime_1",16.4383709081513,"B7H3","aucell_exhausted_score",0.0951377918202563,"exhausted"
"TAATAGGTCATGACCCAGCTGTGA-1","slingPseudotime_1",16.4383709081513,"B7H3","aucell_proliferating_score",0.0747368421052632,"proliferating"
"TAATAGGTCATGACCCAGCTGTGA-1","slingPseudotime_1",16.4383709081513,"B7H3","aucell_naive_memory_score",0,"naive_memory"
"TAATAGGTCATGACCCAGCTGTGA-1","slingPseudotime_1",16.4383709081513,"B7H3","aucell_cytotoxic_score",0,"cytotoxic"
"TAATAGGTCATGACCCAGCTGTGA-1","slingPseudotime_2",16.8154631473651,"B7H3","aucell_exhausted_score",0.0951377918202563,"exhausted"
"TAATAGGTCATGACCCAGCTGTGA-1","slingPseudotime_2",16.8154631473651,"B7H3","aucell_proliferating_score",0.0747368421052632,"proliferating"
"TAATAGGTCATGACCCAGCTGTGA-1","slingPseudotime_2",16.8154631473651,"B7H3","aucell_naive_memory_score",0,"naive_memory"
"TAATAGGTCATGACCCAGCTGTGA-1","slingPseudotime_2",16.8154631473651,"B7H3","aucell_cytotoxic_score",0,"cytotoxic"
"TAATAGGTCATGACCCAGCTGTGA-1","slingPseudotime_3",16.9181933721089,"B7H3","aucell_exhausted_score",0.0951377918202563,"exhausted"
"TAATAGGTCATGACCCAGCTGTGA-1","slingPseudotime_3",16.9181933721089,"B7H3","aucell_proliferating_score",0.0747368421052632,"proliferating"
"TAATAGGTCATGACCCAGCTGTGA-1","slingPseudotime_3",16.9181933721089,"B7H3","aucell_naive_memory_score",0,"naive_memory"
"TAATAGGTCATGACCCAGCTGTGA-1","slingPseudotime_3",16.9181933721089,"B7H3","aucell_cytotoxic_score",0,"cytotoxic"
"TACAAACCAACTTGTCAGCTGTGA-1","slingPseudotime_1",16.7188898769788,"B7H3","aucell_exhausted_score",0.143759873617694,"exhausted"
"TACAAACCAACTTGTCAGCTGTGA-1","slingPseudotime_1",16.7188898769788,"B7H3","aucell_proliferating_score",0.0151578947368421,"proliferating"
"TACAAACCAACTTGTCAGCTGTGA-1","slingPseudotime_1",16.7188898769788,"B7H3","aucell_naive_memory_score",0,"naive_memory"
"TACAAACCAACTTGTCAGCTGTGA-1","slingPseudotime_1",16.7188898769788,"B7H3","aucell_cytotoxic_score",0,"cytotoxic"
"TACAAACCAACTTGTCAGCTGTGA-1","slingPseudotime_2",31.2975898839023,"B7H3","aucell_exhausted_score",0.143759873617694,"exhausted"
"TACAAACCAACTTGTCAGCTGTGA-1","slingPseudotime_2",31.2975898839023,"B7H3","aucell_proliferating_score",0.0151578947368421,"proliferating"
"TACAAACCAACTTGTCAGCTGTGA-1","slingPseudotime_2",31.2975898839023,"B7H3","aucell_naive_memory_score",0,"naive_memory"
"TACAAACCAACTTGTCAGCTGTGA-1","slingPseudotime_2",31.2975898839023,"B7H3","aucell_cytotoxic_score",0,"cytotoxic"
"TACAAACCAACTTGTCAGCTGTGA-1","slingPseudotime_3",18.2566519290193,"B7H3","aucell_exhausted_score",0.143759873617694,"exhausted"
"TACAAACCAACTTGTCAGCTGTGA-1","slingPseudotime_3",18.2566519290193,"B7H3","aucell_proliferating_score",0.0151578947368421,"proliferating"
"TACAAACCAACTTGTCAGCTGTGA-1","slingPseudotime_3",18.2566519290193,"B7H3","aucell_naive_memory_score",0,"naive_memory"
"TACAAACCAACTTGTCAGCTGTGA-1","slingPseudotime_3",18.2566519290193,"B7H3","aucell_cytotoxic_score",0,"cytotoxic"
"TACCTGCAGCGATAACAGCTGTGA-1","slingPseudotime_2",33.9285126100095,"B7H3","aucell_exhausted_score",0.157977883096367,"exhausted"
"TACCTGCAGCGATAACAGCTGTGA-1","slingPseudotime_2",33.9285126100095,"B7H3","aucell_proliferating_score",0,"proliferating"
"TACCTGCAGCGATAACAGCTGTGA-1","slingPseudotime_2",33.9285126100095,"B7H3","aucell_naive_memory_score",0.0602105263157895,"naive_memory"
"TACCTGCAGCGATAACAGCTGTGA-1","slingPseudotime_2",33.9285126100095,"B7H3","aucell_cytotoxic_score",0,"cytotoxic"
"TACGTTAGTCCATAGTAGCTGTGA-1","slingPseudotime_1",43.4439927173955,"B7H3","aucell_exhausted_score",0.230823240301913,"exhausted"
"TACGTTAGTCCATAGTAGCTGTGA-1","slingPseudotime_1",43.4439927173955,"B7H3","aucell_proliferating_score",0.437052631578947,"proliferating"
"TACGTTAGTCCATAGTAGCTGTGA-1","slingPseudotime_1",43.4439927173955,"B7H3","aucell_naive_memory_score",0,"naive_memory"
"TACGTTAGTCCATAGTAGCTGTGA-1","slingPseudotime_1",43.4439927173955,"B7H3","aucell_cytotoxic_score",0.0266807091451641,"cytotoxic"
"TACTTTCGTTGTTGTAAGCTGTGA-1","slingPseudotime_1",26.1543051804155,"B7H3","aucell_exhausted_score",0,"exhausted"
"TACTTTCGTTGTTGTAAGCTGTGA-1","slingPseudotime_1",26.1543051804155,"B7H3","aucell_proliferating_score",0.0429473684210526,"proliferating"
"TACTTTCGTTGTTGTAAGCTGTGA-1","slingPseudotime_1",26.1543051804155,"B7H3","aucell_naive_memory_score",0.0372631578947368,"naive_memory"
"TACTTTCGTTGTTGTAAGCTGTGA-1","slingPseudotime_1",26.1543051804155,"B7H3","aucell_cytotoxic_score",0.151483236791294,"cytotoxic"
"TACTTTCGTTGTTGTAAGCTGTGA-1","slingPseudotime_2",16.7844242545751,"B7H3","aucell_exhausted_score",0,"exhausted"
"TACTTTCGTTGTTGTAAGCTGTGA-1","slingPseudotime_2",16.7844242545751,"B7H3","aucell_proliferating_score",0.0429473684210526,"proliferating"
"TACTTTCGTTGTTGTAAGCTGTGA-1","slingPseudotime_2",16.7844242545751,"B7H3","aucell_naive_memory_score",0.0372631578947368,"naive_memory"
"TACTTTCGTTGTTGTAAGCTGTGA-1","slingPseudotime_2",16.7844242545751,"B7H3","aucell_cytotoxic_score",0.151483236791294,"cytotoxic"
"TACTTTCGTTGTTGTAAGCTGTGA-1","slingPseudotime_3",17.5651208262522,"B7H3","aucell_exhausted_score",0,"exhausted"
"TACTTTCGTTGTTGTAAGCTGTGA-1","slingPseudotime_3",17.5651208262522,"B7H3","aucell_proliferating_score",0.0429473684210526,"proliferating"
"TACTTTCGTTGTTGTAAGCTGTGA-1","slingPseudotime_3",17.5651208262522,"B7H3","aucell_naive_memory_score",0.0372631578947368,"naive_memory"
"TACTTTCGTTGTTGTAAGCTGTGA-1","slingPseudotime_3",17.5651208262522,"B7H3","aucell_cytotoxic_score",0.151483236791294,"cytotoxic"
"TAGCCAGAGGATTAGCAGCTGTGA-1","slingPseudotime_1",20.8191414408601,"B7H3","aucell_exhausted_score",0,"exhausted"
"TAGCCAGAGGATTAGCAGCTGTGA-1","slingPseudotime_1",20.8191414408601,"B7H3","aucell_proliferating_score",0,"proliferating"
"TAGCCAGAGGATTAGCAGCTGTGA-1","slingPseudotime_1",20.8191414408601,"B7H3","aucell_naive_memory_score",0.0303157894736842,"naive_memory"
"TAGCCAGAGGATTAGCAGCTGTGA-1","slingPseudotime_1",20.8191414408601,"B7H3","aucell_cytotoxic_score",0.167105494119712,"cytotoxic"
"TAGCCAGAGGATTAGCAGCTGTGA-1","slingPseudotime_2",21.8116006817289,"B7H3","aucell_exhausted_score",0,"exhausted"
"TAGCCAGAGGATTAGCAGCTGTGA-1","slingPseudotime_2",21.8116006817289,"B7H3","aucell_proliferating_score",0,"proliferating"
"TAGCCAGAGGATTAGCAGCTGTGA-1","slingPseudotime_2",21.8116006817289,"B7H3","aucell_naive_memory_score",0.0303157894736842,"naive_memory"
"TAGCCAGAGGATTAGCAGCTGTGA-1","slingPseudotime_2",21.8116006817289,"B7H3","aucell_cytotoxic_score",0.167105494119712,"cytotoxic"
"TAGCCAGAGGATTAGCAGCTGTGA-1","slingPseudotime_3",24.4192965350126,"B7H3","aucell_exhausted_score",0,"exhausted"
"TAGCCAGAGGATTAGCAGCTGTGA-1","slingPseudotime_3",24.4192965350126,"B7H3","aucell_proliferating_score",0,"proliferating"
"TAGCCAGAGGATTAGCAGCTGTGA-1","slingPseudotime_3",24.4192965350126,"B7H3","aucell_naive_memory_score",0.0303157894736842,"naive_memory"
"TAGCCAGAGGATTAGCAGCTGTGA-1","slingPseudotime_3",24.4192965350126,"B7H3","aucell_cytotoxic_score",0.167105494119712,"cytotoxic"
"TAGCTAAAGTGTGAGTAGCTGTGA-1","slingPseudotime_1",18.314998562528,"B7H3","aucell_exhausted_score",0,"exhausted"
"TAGCTAAAGTGTGAGTAGCTGTGA-1","slingPseudotime_1",18.314998562528,"B7H3","aucell_proliferating_score",0,"proliferating"
"TAGCTAAAGTGTGAGTAGCTGTGA-1","slingPseudotime_1",18.314998562528,"B7H3","aucell_naive_memory_score",0,"naive_memory"
"TAGCTAAAGTGTGAGTAGCTGTGA-1","slingPseudotime_1",18.314998562528,"B7H3","aucell_cytotoxic_score",0,"cytotoxic"
"TAGCTAAAGTGTGAGTAGCTGTGA-1","slingPseudotime_2",18.6361304227041,"B7H3","aucell_exhausted_score",0,"exhausted"
"TAGCTAAAGTGTGAGTAGCTGTGA-1","slingPseudotime_2",18.6361304227041,"B7H3","aucell_proliferating_score",0,"proliferating"
"TAGCTAAAGTGTGAGTAGCTGTGA-1","slingPseudotime_2",18.6361304227041,"B7H3","aucell_naive_memory_score",0,"naive_memory"
"TAGCTAAAGTGTGAGTAGCTGTGA-1","slingPseudotime_2",18.6361304227041,"B7H3","aucell_cytotoxic_score",0,"cytotoxic"
"TAGCTAAAGTGTGAGTAGCTGTGA-1","slingPseudotime_3",19.2766636939798,"B7H3","aucell_exhausted_score",0,"exhausted"
"TAGCTAAAGTGTGAGTAGCTGTGA-1","slingPseudotime_3",19.2766636939798,"B7H3","aucell_proliferating_score",0,"proliferating"
"TAGCTAAAGTGTGAGTAGCTGTGA-1","slingPseudotime_3",19.2766636939798,"B7H3","aucell_naive_memory_score",0,"naive_memory"
"TAGCTAAAGTGTGAGTAGCTGTGA-1","slingPseudotime_3",19.2766636939798,"B7H3","aucell_cytotoxic_score",0,"cytotoxic"
"TAGGCTTGTCCGGTACAGCTGTGA-1","slingPseudotime_1",64.1267685009042,"B7H3","aucell_exhausted_score",0.399508513252589,"exhausted"
"TAGGCTTGTCCGGTACAGCTGTGA-1","slingPseudotime_1",64.1267685009042,"B7H3","aucell_proliferating_score",0.0305263157894737,"proliferating"
"TAGGCTTGTCCGGTACAGCTGTGA-1","slingPseudotime_1",64.1267685009042,"B7H3","aucell_naive_memory_score",0.181894736842105,"naive_memory"
"TAGGCTTGTCCGGTACAGCTGTGA-1","slingPseudotime_1",64.1267685009042,"B7H3","aucell_cytotoxic_score",0.166929963138494,"cytotoxic"
"TAGGTCGAGCAACATAAGCTGTGA-1","slingPseudotime_1",20.6401037794594,"B7H3","aucell_exhausted_score",0.465332631209408,"exhausted"
"TAGGTCGAGCAACATAAGCTGTGA-1","slingPseudotime_1",20.6401037794594,"B7H3","aucell_proliferating_score",0,"proliferating"
"TAGGTCGAGCAACATAAGCTGTGA-1","slingPseudotime_1",20.6401037794594,"B7H3","aucell_naive_memory_score",0,"naive_memory"
"TAGGTCGAGCAACATAAGCTGTGA-1","slingPseudotime_1",20.6401037794594,"B7H3","aucell_cytotoxic_score",0.166929963138494,"cytotoxic"
"TAGGTCGAGCAACATAAGCTGTGA-1","slingPseudotime_2",30.3007646369345,"B7H3","aucell_exhausted_score",0.465332631209408,"exhausted"
"TAGGTCGAGCAACATAAGCTGTGA-1","slingPseudotime_2",30.3007646369345,"B7H3","aucell_proliferating_score",0,"proliferating"
"TAGGTCGAGCAACATAAGCTGTGA-1","slingPseudotime_2",30.3007646369345,"B7H3","aucell_naive_memory_score",0,"naive_memory"
"TAGGTCGAGCAACATAAGCTGTGA-1","slingPseudotime_2",30.3007646369345,"B7H3","aucell_cytotoxic_score",0.166929963138494,"cytotoxic"
"TAGGTCGAGCAACATAAGCTGTGA-1","slingPseudotime_3",21.600092231939,"B7H3","aucell_exhausted_score",0.465332631209408,"exhausted"
"TAGGTCGAGCAACATAAGCTGTGA-1","slingPseudotime_3",21.600092231939,"B7H3","aucell_proliferating_score",0,"proliferating"
"TAGGTCGAGCAACATAAGCTGTGA-1","slingPseudotime_3",21.600092231939,"B7H3","aucell_naive_memory_score",0,"naive_memory"
"TAGGTCGAGCAACATAAGCTGTGA-1","slingPseudotime_3",21.600092231939,"B7H3","aucell_cytotoxic_score",0.166929963138494,"cytotoxic"
"TAGGTCGAGCTGGACAAGCTGTGA-1","slingPseudotime_1",15.4654720342629,"B7H3","aucell_exhausted_score",0,"exhausted"
"TAGGTCGAGCTGGACAAGCTGTGA-1","slingPseudotime_1",15.4654720342629,"B7H3","aucell_proliferating_score",0,"proliferating"
"TAGGTCGAGCTGGACAAGCTGTGA-1","slingPseudotime_1",15.4654720342629,"B7H3","aucell_naive_memory_score",0.00252631578947368,"naive_memory"
"TAGGTCGAGCTGGACAAGCTGTGA-1","slingPseudotime_1",15.4654720342629,"B7H3","aucell_cytotoxic_score",0,"cytotoxic"
"TAGGTCGAGCTGGACAAGCTGTGA-1","slingPseudotime_2",15.4061223297876,"B7H3","aucell_exhausted_score",0,"exhausted"
"TAGGTCGAGCTGGACAAGCTGTGA-1","slingPseudotime_2",15.4061223297876,"B7H3","aucell_proliferating_score",0,"proliferating"
"TAGGTCGAGCTGGACAAGCTGTGA-1","slingPseudotime_2",15.4061223297876,"B7H3","aucell_naive_memory_score",0.00252631578947368,"naive_memory"
"TAGGTCGAGCTGGACAAGCTGTGA-1","slingPseudotime_2",15.4061223297876,"B7H3","aucell_cytotoxic_score",0,"cytotoxic"
"TAGGTCGAGCTGGACAAGCTGTGA-1","slingPseudotime_3",15.1241560433324,"B7H3","aucell_exhausted_score",0,"exhausted"
"TAGGTCGAGCTGGACAAGCTGTGA-1","slingPseudotime_3",15.1241560433324,"B7H3","aucell_proliferating_score",0,"proliferating"
"TAGGTCGAGCTGGACAAGCTGTGA-1","slingPseudotime_3",15.1241560433324,"B7H3","aucell_naive_memory_score",0.00252631578947368,"naive_memory"
"TAGGTCGAGCTGGACAAGCTGTGA-1","slingPseudotime_3",15.1241560433324,"B7H3","aucell_cytotoxic_score",0,"cytotoxic"
"TAGGTTAAGTTTGAGAAGCTGTGA-1","slingPseudotime_1",21.2926793806427,"B7H3","aucell_exhausted_score",0.233807266982622,"exhausted"
"TAGGTTAAGTTTGAGAAGCTGTGA-1","slingPseudotime_1",21.2926793806427,"B7H3","aucell_proliferating_score",0,"proliferating"
"TAGGTTAAGTTTGAGAAGCTGTGA-1","slingPseudotime_1",21.2926793806427,"B7H3","aucell_naive_memory_score",0,"naive_memory"
"TAGGTTAAGTTTGAGAAGCTGTGA-1","slingPseudotime_1",21.2926793806427,"B7H3","aucell_cytotoxic_score",0,"cytotoxic"
"TAGGTTAAGTTTGAGAAGCTGTGA-1","slingPseudotime_2",22.3923105310299,"B7H3","aucell_exhausted_score",0.233807266982622,"exhausted"
"TAGGTTAAGTTTGAGAAGCTGTGA-1","slingPseudotime_2",22.3923105310299,"B7H3","aucell_proliferating_score",0,"proliferating"
"TAGGTTAAGTTTGAGAAGCTGTGA-1","slingPseudotime_2",22.3923105310299,"B7H3","aucell_naive_memory_score",0,"naive_memory"
"TAGGTTAAGTTTGAGAAGCTGTGA-1","slingPseudotime_2",22.3923105310299,"B7H3","aucell_cytotoxic_score",0,"cytotoxic"
"TAGGTTAAGTTTGAGAAGCTGTGA-1","slingPseudotime_3",29.223762352411,"B7H3","aucell_exhausted_score",0.233807266982622,"exhausted"
"TAGGTTAAGTTTGAGAAGCTGTGA-1","slingPseudotime_3",29.223762352411,"B7H3","aucell_proliferating_score",0,"proliferating"
"TAGGTTAAGTTTGAGAAGCTGTGA-1","slingPseudotime_3",29.223762352411,"B7H3","aucell_naive_memory_score",0,"naive_memory"
"TAGGTTAAGTTTGAGAAGCTGTGA-1","slingPseudotime_3",29.223762352411,"B7H3","aucell_cytotoxic_score",0,"cytotoxic"
"TAGTGCACAATACCCTAGCTGTGA-1","slingPseudotime_1",17.4160903510724,"B7H3","aucell_exhausted_score",0,"exhausted"
"TAGTGCACAATACCCTAGCTGTGA-1","slingPseudotime_1",17.4160903510724,"B7H3","aucell_proliferating_score",0,"proliferating"
"TAGTGCACAATACCCTAGCTGTGA-1","slingPseudotime_1",17.4160903510724,"B7H3","aucell_naive_memory_score",0.141684210526316,"naive_memory"
"TAGTGCACAATACCCTAGCTGTGA-1","slingPseudotime_1",17.4160903510724,"B7H3","aucell_cytotoxic_score",0.354572582060734,"cytotoxic"
"TAGTGCACAATACCCTAGCTGTGA-1","slingPseudotime_2",17.9979236489843,"B7H3","aucell_exhausted_score",0,"exhausted"
"TAGTGCACAATACCCTAGCTGTGA-1","slingPseudotime_2",17.9979236489843,"B7H3","aucell_proliferating_score",0,"proliferating"
"TAGTGCACAATACCCTAGCTGTGA-1","slingPseudotime_2",17.9979236489843,"B7H3","aucell_naive_memory_score",0.141684210526316,"naive_memory"
"TAGTGCACAATACCCTAGCTGTGA-1","slingPseudotime_2",17.9979236489843,"B7H3","aucell_cytotoxic_score",0.354572582060734,"cytotoxic"
"TAGTGCACAATACCCTAGCTGTGA-1","slingPseudotime_3",18.1046018349288,"B7H3","aucell_exhausted_score",0,"exhausted"
"TAGTGCACAATACCCTAGCTGTGA-1","slingPseudotime_3",18.1046018349288,"B7H3","aucell_proliferating_score",0,"proliferating"
"TAGTGCACAATACCCTAGCTGTGA-1","slingPseudotime_3",18.1046018349288,"B7H3","aucell_naive_memory_score",0.141684210526316,"naive_memory"
"TAGTGCACAATACCCTAGCTGTGA-1","slingPseudotime_3",18.1046018349288,"B7H3","aucell_cytotoxic_score",0.354572582060734,"cytotoxic"
"TAGTGTGCAAACCGTAAGCTGTGA-1","slingPseudotime_1",13.1396695380403,"B7H3","aucell_exhausted_score",0,"exhausted"
"TAGTGTGCAAACCGTAAGCTGTGA-1","slingPseudotime_1",13.1396695380403,"B7H3","aucell_proliferating_score",0,"proliferating"
"TAGTGTGCAAACCGTAAGCTGTGA-1","slingPseudotime_1",13.1396695380403,"B7H3","aucell_naive_memory_score",0.170947368421053,"naive_memory"
"TAGTGTGCAAACCGTAAGCTGTGA-1","slingPseudotime_1",13.1396695380403,"B7H3","aucell_cytotoxic_score",0,"cytotoxic"
"TAGTGTGCAAACCGTAAGCTGTGA-1","slingPseudotime_2",13.1874361389275,"B7H3","aucell_exhausted_score",0,"exhausted"
"TAGTGTGCAAACCGTAAGCTGTGA-1","slingPseudotime_2",13.1874361389275,"B7H3","aucell_proliferating_score",0,"proliferating"
"TAGTGTGCAAACCGTAAGCTGTGA-1","slingPseudotime_2",13.1874361389275,"B7H3","aucell_naive_memory_score",0.170947368421053,"naive_memory"
"TAGTGTGCAAACCGTAAGCTGTGA-1","slingPseudotime_2",13.1874361389275,"B7H3","aucell_cytotoxic_score",0,"cytotoxic"
"TAGTGTGCAAACCGTAAGCTGTGA-1","slingPseudotime_3",13.1823206332741,"B7H3","aucell_exhausted_score",0,"exhausted"
"TAGTGTGCAAACCGTAAGCTGTGA-1","slingPseudotime_3",13.1823206332741,"B7H3","aucell_proliferating_score",0,"proliferating"
"TAGTGTGCAAACCGTAAGCTGTGA-1","slingPseudotime_3",13.1823206332741,"B7H3","aucell_naive_memory_score",0.170947368421053,"naive_memory"
"TAGTGTGCAAACCGTAAGCTGTGA-1","slingPseudotime_3",13.1823206332741,"B7H3","aucell_cytotoxic_score",0,"cytotoxic"
"TAGTTGAAGTCACTATAGCTGTGA-1","slingPseudotime_1",17.4182638960624,"B7H3","aucell_exhausted_score",0,"exhausted"
"TAGTTGAAGTCACTATAGCTGTGA-1","slingPseudotime_1",17.4182638960624,"B7H3","aucell_proliferating_score",0,"proliferating"
"TAGTTGAAGTCACTATAGCTGTGA-1","slingPseudotime_1",17.4182638960624,"B7H3","aucell_naive_memory_score",0,"naive_memory"
"TAGTTGAAGTCACTATAGCTGTGA-1","slingPseudotime_1",17.4182638960624,"B7H3","aucell_cytotoxic_score",0.164648060382658,"cytotoxic"
"TAGTTGAAGTCACTATAGCTGTGA-1","slingPseudotime_2",18.0892349639502,"B7H3","aucell_exhausted_score",0,"exhausted"
"TAGTTGAAGTCACTATAGCTGTGA-1","slingPseudotime_2",18.0892349639502,"B7H3","aucell_proliferating_score",0,"proliferating"
"TAGTTGAAGTCACTATAGCTGTGA-1","slingPseudotime_2",18.0892349639502,"B7H3","aucell_naive_memory_score",0,"naive_memory"
"TAGTTGAAGTCACTATAGCTGTGA-1","slingPseudotime_2",18.0892349639502,"B7H3","aucell_cytotoxic_score",0.164648060382658,"cytotoxic"
"TAGTTGAAGTCACTATAGCTGTGA-1","slingPseudotime_3",18.1046018349288,"B7H3","aucell_exhausted_score",0,"exhausted"
"TAGTTGAAGTCACTATAGCTGTGA-1","slingPseudotime_3",18.1046018349288,"B7H3","aucell_proliferating_score",0,"proliferating"
"TAGTTGAAGTCACTATAGCTGTGA-1","slingPseudotime_3",18.1046018349288,"B7H3","aucell_naive_memory_score",0,"naive_memory"
"TAGTTGAAGTCACTATAGCTGTGA-1","slingPseudotime_3",18.1046018349288,"B7H3","aucell_cytotoxic_score",0.164648060382658,"cytotoxic"
"TATATGCTCACCAGCTAGCTGTGA-1","slingPseudotime_1",9.86958234975665,"B7H3","aucell_exhausted_score",0.163243812532912,"exhausted"
"TATATGCTCACCAGCTAGCTGTGA-1","slingPseudotime_1",9.86958234975665,"B7H3","aucell_proliferating_score",0,"proliferating"
"TATATGCTCACCAGCTAGCTGTGA-1","slingPseudotime_1",9.86958234975665,"B7H3","aucell_naive_memory_score",0,"naive_memory"
"TATATGCTCACCAGCTAGCTGTGA-1","slingPseudotime_1",9.86958234975665,"B7H3","aucell_cytotoxic_score",0.166403370194839,"cytotoxic"
"TATATGCTCACCAGCTAGCTGTGA-1","slingPseudotime_2",9.61637104683061,"B7H3","aucell_exhausted_score",0.163243812532912,"exhausted"
"TATATGCTCACCAGCTAGCTGTGA-1","slingPseudotime_2",9.61637104683061,"B7H3","aucell_proliferating_score",0,"proliferating"
"TATATGCTCACCAGCTAGCTGTGA-1","slingPseudotime_2",9.61637104683061,"B7H3","aucell_naive_memory_score",0,"naive_memory"
"TATATGCTCACCAGCTAGCTGTGA-1","slingPseudotime_2",9.61637104683061,"B7H3","aucell_cytotoxic_score",0.166403370194839,"cytotoxic"
"TATATGCTCACCAGCTAGCTGTGA-1","slingPseudotime_3",9.65479465383729,"B7H3","aucell_exhausted_score",0.163243812532912,"exhausted"
"TATATGCTCACCAGCTAGCTGTGA-1","slingPseudotime_3",9.65479465383729,"B7H3","aucell_proliferating_score",0,"proliferating"
"TATATGCTCACCAGCTAGCTGTGA-1","slingPseudotime_3",9.65479465383729,"B7H3","aucell_naive_memory_score",0,"naive_memory"
"TATATGCTCACCAGCTAGCTGTGA-1","slingPseudotime_3",9.65479465383729,"B7H3","aucell_cytotoxic_score",0.166403370194839,"cytotoxic"
"TATTACCAGTAGCGCAAGCTGTGA-1","slingPseudotime_1",20.232125924011,"B7H3","aucell_exhausted_score",0.121642969984202,"exhausted"
"TATTACCAGTAGCGCAAGCTGTGA-1","slingPseudotime_1",20.232125924011,"B7H3","aucell_proliferating_score",0.124421052631579,"proliferating"
"TATTACCAGTAGCGCAAGCTGTGA-1","slingPseudotime_1",20.232125924011,"B7H3","aucell_naive_memory_score",0,"naive_memory"
"TATTACCAGTAGCGCAAGCTGTGA-1","slingPseudotime_1",20.232125924011,"B7H3","aucell_cytotoxic_score",0,"cytotoxic"
"TATTACCAGTAGCGCAAGCTGTGA-1","slingPseudotime_2",20.7230324313142,"B7H3","aucell_exhausted_score",0.121642969984202,"exhausted"
"TATTACCAGTAGCGCAAGCTGTGA-1","slingPseudotime_2",20.7230324313142,"B7H3","aucell_proliferating_score",0.124421052631579,"proliferating"
"TATTACCAGTAGCGCAAGCTGTGA-1","slingPseudotime_2",20.7230324313142,"B7H3","aucell_naive_memory_score",0,"naive_memory"
"TATTACCAGTAGCGCAAGCTGTGA-1","slingPseudotime_2",20.7230324313142,"B7H3","aucell_cytotoxic_score",0,"cytotoxic"
"TATTACCAGTAGCGCAAGCTGTGA-1","slingPseudotime_3",21.5341119318674,"B7H3","aucell_exhausted_score",0.121642969984202,"exhausted"
"TATTACCAGTAGCGCAAGCTGTGA-1","slingPseudotime_3",21.5341119318674,"B7H3","aucell_proliferating_score",0.124421052631579,"proliferating"
"TATTACCAGTAGCGCAAGCTGTGA-1","slingPseudotime_3",21.5341119318674,"B7H3","aucell_naive_memory_score",0,"naive_memory"
"TATTACCAGTAGCGCAAGCTGTGA-1","slingPseudotime_3",21.5341119318674,"B7H3","aucell_cytotoxic_score",0,"cytotoxic"
"TATTGCAGTGCTGCACAGCTGTGA-1","slingPseudotime_2",32.9564091680683,"B7H3","aucell_exhausted_score",0.322801474460242,"exhausted"
"TATTGCAGTGCTGCACAGCTGTGA-1","slingPseudotime_2",32.9564091680683,"B7H3","aucell_proliferating_score",0,"proliferating"
"TATTGCAGTGCTGCACAGCTGTGA-1","slingPseudotime_2",32.9564091680683,"B7H3","aucell_naive_memory_score",0.0117894736842105,"naive_memory"
"TATTGCAGTGCTGCACAGCTGTGA-1","slingPseudotime_2",32.9564091680683,"B7H3","aucell_cytotoxic_score",0,"cytotoxic"
"TCAACTAGTCATTATGAGCTGTGA-1","slingPseudotime_1",12.2477816546656,"B7H3","aucell_exhausted_score",0.144637528523784,"exhausted"
"TCAACTAGTCATTATGAGCTGTGA-1","slingPseudotime_1",12.2477816546656,"B7H3","aucell_proliferating_score",0,"proliferating"
"TCAACTAGTCATTATGAGCTGTGA-1","slingPseudotime_1",12.2477816546656,"B7H3","aucell_naive_memory_score",0,"naive_memory"
"TCAACTAGTCATTATGAGCTGTGA-1","slingPseudotime_1",12.2477816546656,"B7H3","aucell_cytotoxic_score",0.216254168860804,"cytotoxic"
"TCAACTAGTCATTATGAGCTGTGA-1","slingPseudotime_2",12.0383150972204,"B7H3","aucell_exhausted_score",0.144637528523784,"exhausted"
"TCAACTAGTCATTATGAGCTGTGA-1","slingPseudotime_2",12.0383150972204,"B7H3","aucell_proliferating_score",0,"proliferating"
"TCAACTAGTCATTATGAGCTGTGA-1","slingPseudotime_2",12.0383150972204,"B7H3","aucell_naive_memory_score",0,"naive_memory"
"TCAACTAGTCATTATGAGCTGTGA-1","slingPseudotime_2",12.0383150972204,"B7H3","aucell_cytotoxic_score",0.216254168860804,"cytotoxic"
"TCAACTAGTCATTATGAGCTGTGA-1","slingPseudotime_3",12.0378992838603,"B7H3","aucell_exhausted_score",0.144637528523784,"exhausted"
"TCAACTAGTCATTATGAGCTGTGA-1","slingPseudotime_3",12.0378992838603,"B7H3","aucell_proliferating_score",0,"proliferating"
"TCAACTAGTCATTATGAGCTGTGA-1","slingPseudotime_3",12.0378992838603,"B7H3","aucell_naive_memory_score",0,"naive_memory"
"TCAACTAGTCATTATGAGCTGTGA-1","slingPseudotime_3",12.0378992838603,"B7H3","aucell_cytotoxic_score",0.216254168860804,"cytotoxic"
"TCAAGTGCACTAAGCAAGCTGTGA-1","slingPseudotime_1",17.951067054834,"B7H3","aucell_exhausted_score",0.0824995611725469,"exhausted"
"TCAAGTGCACTAAGCAAGCTGTGA-1","slingPseudotime_1",17.951067054834,"B7H3","aucell_proliferating_score",0,"proliferating"
"TCAAGTGCACTAAGCAAGCTGTGA-1","slingPseudotime_1",17.951067054834,"B7H3","aucell_naive_memory_score",0.155578947368421,"naive_memory"
"TCAAGTGCACTAAGCAAGCTGTGA-1","slingPseudotime_1",17.951067054834,"B7H3","aucell_cytotoxic_score",0,"cytotoxic"
"TCAAGTGCACTAAGCAAGCTGTGA-1","slingPseudotime_2",18.1394520493574,"B7H3","aucell_exhausted_score",0.0824995611725469,"exhausted"
"TCAAGTGCACTAAGCAAGCTGTGA-1","slingPseudotime_2",18.1394520493574,"B7H3","aucell_proliferating_score",0,"proliferating"
"TCAAGTGCACTAAGCAAGCTGTGA-1","slingPseudotime_2",18.1394520493574,"B7H3","aucell_naive_memory_score",0.155578947368421,"naive_memory"
"TCAAGTGCACTAAGCAAGCTGTGA-1","slingPseudotime_2",18.1394520493574,"B7H3","aucell_cytotoxic_score",0,"cytotoxic"
"TCAAGTGCACTAAGCAAGCTGTGA-1","slingPseudotime_3",19.0157833899396,"B7H3","aucell_exhausted_score",0.0824995611725469,"exhausted"
"TCAAGTGCACTAAGCAAGCTGTGA-1","slingPseudotime_3",19.0157833899396,"B7H3","aucell_proliferating_score",0,"proliferating"
"TCAAGTGCACTAAGCAAGCTGTGA-1","slingPseudotime_3",19.0157833899396,"B7H3","aucell_naive_memory_score",0.155578947368421,"naive_memory"
"TCAAGTGCACTAAGCAAGCTGTGA-1","slingPseudotime_3",19.0157833899396,"B7H3","aucell_cytotoxic_score",0,"cytotoxic"
"TCAATTGGTAATCCGTAGCTGTGA-1","slingPseudotime_1",42.6888544095258,"B7H3","aucell_exhausted_score",0.182376689485694,"exhausted"
"TCAATTGGTAATCCGTAGCTGTGA-1","slingPseudotime_1",42.6888544095258,"B7H3","aucell_proliferating_score",0.682947368421053,"proliferating"
"TCAATTGGTAATCCGTAGCTGTGA-1","slingPseudotime_1",42.6888544095258,"B7H3","aucell_naive_memory_score",0.00421052631578947,"naive_memory"
"TCAATTGGTAATCCGTAGCTGTGA-1","slingPseudotime_1",42.6888544095258,"B7H3","aucell_cytotoxic_score",0,"cytotoxic"
"TCACCCTGTAGCTATCAGCTGTGA-1","slingPseudotime_1",25.0357913653497,"B7H3","aucell_exhausted_score",0.251184834123223,"exhausted"
"TCACCCTGTAGCTATCAGCTGTGA-1","slingPseudotime_1",25.0357913653497,"B7H3","aucell_proliferating_score",0,"proliferating"
"TCACCCTGTAGCTATCAGCTGTGA-1","slingPseudotime_1",25.0357913653497,"B7H3","aucell_naive_memory_score",0,"naive_memory"
"TCACCCTGTAGCTATCAGCTGTGA-1","slingPseudotime_1",25.0357913653497,"B7H3","aucell_cytotoxic_score",0.0226434965771459,"cytotoxic"
"TCACCCTGTTGAGGACAGCTGTGA-1","slingPseudotime_1",17.3990510594334,"B7H3","aucell_exhausted_score",0.178866069861331,"exhausted"
"TCACCCTGTTGAGGACAGCTGTGA-1","slingPseudotime_1",17.3990510594334,"B7H3","aucell_proliferating_score",0,"proliferating"
"TCACCCTGTTGAGGACAGCTGTGA-1","slingPseudotime_1",17.3990510594334,"B7H3","aucell_naive_memory_score",0,"naive_memory"
"TCACCCTGTTGAGGACAGCTGTGA-1","slingPseudotime_1",17.3990510594334,"B7H3","aucell_cytotoxic_score",0.302088818676496,"cytotoxic"
"TCACCCTGTTGAGGACAGCTGTGA-1","slingPseudotime_2",17.4545148606218,"B7H3","aucell_exhausted_score",0.178866069861331,"exhausted"
"TCACCCTGTTGAGGACAGCTGTGA-1","slingPseudotime_2",17.4545148606218,"B7H3","aucell_proliferating_score",0,"proliferating"
"TCACCCTGTTGAGGACAGCTGTGA-1","slingPseudotime_2",17.4545148606218,"B7H3","aucell_naive_memory_score",0,"naive_memory"
"TCACCCTGTTGAGGACAGCTGTGA-1","slingPseudotime_2",17.4545148606218,"B7H3","aucell_cytotoxic_score",0.302088818676496,"cytotoxic"
"TCACCCTGTTGAGGACAGCTGTGA-1","slingPseudotime_3",18.5622431465876,"B7H3","aucell_exhausted_score",0.178866069861331,"exhausted"
"TCACCCTGTTGAGGACAGCTGTGA-1","slingPseudotime_3",18.5622431465876,"B7H3","aucell_proliferating_score",0,"proliferating"
"TCACCCTGTTGAGGACAGCTGTGA-1","slingPseudotime_3",18.5622431465876,"B7H3","aucell_naive_memory_score",0,"naive_memory"
"TCACCCTGTTGAGGACAGCTGTGA-1","slingPseudotime_3",18.5622431465876,"B7H3","aucell_cytotoxic_score",0.302088818676496,"cytotoxic"
"TCACCTAAGTCTACCAAGCTGTGA-1","slingPseudotime_1",7.64600764063971,"B7H3","aucell_exhausted_score",0.258557135334387,"exhausted"
"TCACCTAAGTCTACCAAGCTGTGA-1","slingPseudotime_1",7.64600764063971,"B7H3","aucell_proliferating_score",0,"proliferating"
"TCACCTAAGTCTACCAAGCTGTGA-1","slingPseudotime_1",7.64600764063971,"B7H3","aucell_naive_memory_score",0,"naive_memory"
"TCACCTAAGTCTACCAAGCTGTGA-1","slingPseudotime_1",7.64600764063971,"B7H3","aucell_cytotoxic_score",0.00315955766192733,"cytotoxic"
"TCAGGCAAGGTTCCGTAGCTGTGA-1","slingPseudotime_2",34.7524375417347,"B7H3","aucell_exhausted_score",0.261014569071441,"exhausted"
"TCAGGCAAGGTTCCGTAGCTGTGA-1","slingPseudotime_2",34.7524375417347,"B7H3","aucell_proliferating_score",0,"proliferating"
"TCAGGCAAGGTTCCGTAGCTGTGA-1","slingPseudotime_2",34.7524375417347,"B7H3","aucell_naive_memory_score",0.190526315789474,"naive_memory"
"TCAGGCAAGGTTCCGTAGCTGTGA-1","slingPseudotime_2",34.7524375417347,"B7H3","aucell_cytotoxic_score",0,"cytotoxic"
"TCAGGGATCGCTTCGGAGCTGTGA-1","slingPseudotime_1",21.2130359522993,"B7H3","aucell_exhausted_score",0.326136563103388,"exhausted"
"TCAGGGATCGCTTCGGAGCTGTGA-1","slingPseudotime_1",21.2130359522993,"B7H3","aucell_proliferating_score",0,"proliferating"
"TCAGGGATCGCTTCGGAGCTGTGA-1","slingPseudotime_1",21.2130359522993,"B7H3","aucell_naive_memory_score",0.192631578947368,"naive_memory"
"TCAGGGATCGCTTCGGAGCTGTGA-1","slingPseudotime_1",21.2130359522993,"B7H3","aucell_cytotoxic_score",0.166754432157276,"cytotoxic"
"TCAGGGATCGCTTCGGAGCTGTGA-1","slingPseudotime_2",27.7276177921597,"B7H3","aucell_exhausted_score",0.326136563103388,"exhausted"
"TCAGGGATCGCTTCGGAGCTGTGA-1","slingPseudotime_2",27.7276177921597,"B7H3","aucell_proliferating_score",0,"proliferating"
"TCAGGGATCGCTTCGGAGCTGTGA-1","slingPseudotime_2",27.7276177921597,"B7H3","aucell_naive_memory_score",0.192631578947368,"naive_memory"
"TCAGGGATCGCTTCGGAGCTGTGA-1","slingPseudotime_2",27.7276177921597,"B7H3","aucell_cytotoxic_score",0.166754432157276,"cytotoxic"
"TCAGGGATCGCTTCGGAGCTGTGA-1","slingPseudotime_3",21.3353277551625,"B7H3","aucell_exhausted_score",0.326136563103388,"exhausted"
"TCAGGGATCGCTTCGGAGCTGTGA-1","slingPseudotime_3",21.3353277551625,"B7H3","aucell_proliferating_score",0,"proliferating"
"TCAGGGATCGCTTCGGAGCTGTGA-1","slingPseudotime_3",21.3353277551625,"B7H3","aucell_naive_memory_score",0.192631578947368,"naive_memory"
"TCAGGGATCGCTTCGGAGCTGTGA-1","slingPseudotime_3",21.3353277551625,"B7H3","aucell_cytotoxic_score",0.166754432157276,"cytotoxic"
"TCATAGGCACGTAAATAGCTGTGA-1","slingPseudotime_1",17.2543549501186,"B7H3","aucell_exhausted_score",0.152009829734948,"exhausted"
"TCATAGGCACGTAAATAGCTGTGA-1","slingPseudotime_1",17.2543549501186,"B7H3","aucell_proliferating_score",0,"proliferating"
"TCATAGGCACGTAAATAGCTGTGA-1","slingPseudotime_1",17.2543549501186,"B7H3","aucell_naive_memory_score",0,"naive_memory"
"TCATAGGCACGTAAATAGCTGTGA-1","slingPseudotime_1",17.2543549501186,"B7H3","aucell_cytotoxic_score",0.301211163770405,"cytotoxic"
"TCATAGGCACGTAAATAGCTGTGA-1","slingPseudotime_2",17.837080482709,"B7H3","aucell_exhausted_score",0.152009829734948,"exhausted"
"TCATAGGCACGTAAATAGCTGTGA-1","slingPseudotime_2",17.837080482709,"B7H3","aucell_proliferating_score",0,"proliferating"
"TCATAGGCACGTAAATAGCTGTGA-1","slingPseudotime_2",17.837080482709,"B7H3","aucell_naive_memory_score",0,"naive_memory"
"TCATAGGCACGTAAATAGCTGTGA-1","slingPseudotime_2",17.837080482709,"B7H3","aucell_cytotoxic_score",0.301211163770405,"cytotoxic"
"TCATAGGCACGTAAATAGCTGTGA-1","slingPseudotime_3",19.9139811399141,"B7H3","aucell_exhausted_score",0.152009829734948,"exhausted"
"TCATAGGCACGTAAATAGCTGTGA-1","slingPseudotime_3",19.9139811399141,"B7H3","aucell_proliferating_score",0,"proliferating"
"TCATAGGCACGTAAATAGCTGTGA-1","slingPseudotime_3",19.9139811399141,"B7H3","aucell_naive_memory_score",0,"naive_memory"
"TCATAGGCACGTAAATAGCTGTGA-1","slingPseudotime_3",19.9139811399141,"B7H3","aucell_cytotoxic_score",0.301211163770405,"cytotoxic"
"TCATGAGCAAGCCTCCAGCTGTGA-1","slingPseudotime_1",45.8707233504495,"B7H3","aucell_exhausted_score",0.180094786729858,"exhausted"
"TCATGAGCAAGCCTCCAGCTGTGA-1","slingPseudotime_1",45.8707233504495,"B7H3","aucell_proliferating_score",0.718105263157895,"proliferating"
"TCATGAGCAAGCCTCCAGCTGTGA-1","slingPseudotime_1",45.8707233504495,"B7H3","aucell_naive_memory_score",0,"naive_memory"
"TCATGAGCAAGCCTCCAGCTGTGA-1","slingPseudotime_1",45.8707233504495,"B7H3","aucell_cytotoxic_score",0,"cytotoxic"
"TCATTACAGAGGTTCGAGCTGTGA-1","slingPseudotime_1",19.5602107088642,"B7H3","aucell_exhausted_score",0.277514481305951,"exhausted"
"TCATTACAGAGGTTCGAGCTGTGA-1","slingPseudotime_1",19.5602107088642,"B7H3","aucell_proliferating_score",0,"proliferating"
"TCATTACAGAGGTTCGAGCTGTGA-1","slingPseudotime_1",19.5602107088642,"B7H3","aucell_naive_memory_score",0,"naive_memory"
"TCATTACAGAGGTTCGAGCTGTGA-1","slingPseudotime_1",19.5602107088642,"B7H3","aucell_cytotoxic_score",0,"cytotoxic"
"TCATTACAGAGGTTCGAGCTGTGA-1","slingPseudotime_2",25.708088532548,"B7H3","aucell_exhausted_score",0.277514481305951,"exhausted"
"TCATTACAGAGGTTCGAGCTGTGA-1","slingPseudotime_2",25.708088532548,"B7H3","aucell_proliferating_score",0,"proliferating"
"TCATTACAGAGGTTCGAGCTGTGA-1","slingPseudotime_2",25.708088532548,"B7H3","aucell_naive_memory_score",0,"naive_memory"
"TCATTACAGAGGTTCGAGCTGTGA-1","slingPseudotime_2",25.708088532548,"B7H3","aucell_cytotoxic_score",0,"cytotoxic"
"TCATTACAGAGGTTCGAGCTGTGA-1","slingPseudotime_3",20.7828921769943,"B7H3","aucell_exhausted_score",0.277514481305951,"exhausted"
"TCATTACAGAGGTTCGAGCTGTGA-1","slingPseudotime_3",20.7828921769943,"B7H3","aucell_proliferating_score",0,"proliferating"
"TCATTACAGAGGTTCGAGCTGTGA-1","slingPseudotime_3",20.7828921769943,"B7H3","aucell_naive_memory_score",0,"naive_memory"
"TCATTACAGAGGTTCGAGCTGTGA-1","slingPseudotime_3",20.7828921769943,"B7H3","aucell_cytotoxic_score",0,"cytotoxic"
"TCCACCCTCGGGCAGTAGCTGTGA-1","slingPseudotime_1",21.416126881472,"B7H3","aucell_exhausted_score",0.259610321221696,"exhausted"
"TCCACCCTCGGGCAGTAGCTGTGA-1","slingPseudotime_1",21.416126881472,"B7H3","aucell_proliferating_score",0,"proliferating"
"TCCACCCTCGGGCAGTAGCTGTGA-1","slingPseudotime_1",21.416126881472,"B7H3","aucell_naive_memory_score",0,"naive_memory"
"TCCACCCTCGGGCAGTAGCTGTGA-1","slingPseudotime_1",21.416126881472,"B7H3","aucell_cytotoxic_score",0.149201334035457,"cytotoxic"
"TCCACCCTCGGGCAGTAGCTGTGA-1","slingPseudotime_2",28.9142135896433,"B7H3","aucell_exhausted_score",0.259610321221696,"exhausted"
"TCCACCCTCGGGCAGTAGCTGTGA-1","slingPseudotime_2",28.9142135896433,"B7H3","aucell_proliferating_score",0,"proliferating"
"TCCACCCTCGGGCAGTAGCTGTGA-1","slingPseudotime_2",28.9142135896433,"B7H3","aucell_naive_memory_score",0,"naive_memory"
"TCCACCCTCGGGCAGTAGCTGTGA-1","slingPseudotime_2",28.9142135896433,"B7H3","aucell_cytotoxic_score",0.149201334035457,"cytotoxic"
"TCCACCCTCGGGCAGTAGCTGTGA-1","slingPseudotime_3",21.3353277551625,"B7H3","aucell_exhausted_score",0.259610321221696,"exhausted"
"TCCACCCTCGGGCAGTAGCTGTGA-1","slingPseudotime_3",21.3353277551625,"B7H3","aucell_proliferating_score",0,"proliferating"
"TCCACCCTCGGGCAGTAGCTGTGA-1","slingPseudotime_3",21.3353277551625,"B7H3","aucell_naive_memory_score",0,"naive_memory"
"TCCACCCTCGGGCAGTAGCTGTGA-1","slingPseudotime_3",21.3353277551625,"B7H3","aucell_cytotoxic_score",0.149201334035457,"cytotoxic"
"TCCAGCTAGCTATTACAGCTGTGA-1","slingPseudotime_1",21.9484556332454,"B7H3","aucell_exhausted_score",0.273828330700369,"exhausted"
"TCCAGCTAGCTATTACAGCTGTGA-1","slingPseudotime_1",21.9484556332454,"B7H3","aucell_proliferating_score",0,"proliferating"
"TCCAGCTAGCTATTACAGCTGTGA-1","slingPseudotime_1",21.9484556332454,"B7H3","aucell_naive_memory_score",0.121473684210526,"naive_memory"
"TCCAGCTAGCTATTACAGCTGTGA-1","slingPseudotime_1",21.9484556332454,"B7H3","aucell_cytotoxic_score",0.253993329822714,"cytotoxic"
"TCCAGCTAGCTATTACAGCTGTGA-1","slingPseudotime_2",25.7663028003506,"B7H3","aucell_exhausted_score",0.273828330700369,"exhausted"
"TCCAGCTAGCTATTACAGCTGTGA-1","slingPseudotime_2",25.7663028003506,"B7H3","aucell_proliferating_score",0,"proliferating"
"TCCAGCTAGCTATTACAGCTGTGA-1","slingPseudotime_2",25.7663028003506,"B7H3","aucell_naive_memory_score",0.121473684210526,"naive_memory"
"TCCAGCTAGCTATTACAGCTGTGA-1","slingPseudotime_2",25.7663028003506,"B7H3","aucell_cytotoxic_score",0.253993329822714,"cytotoxic"
"TCCAGCTAGCTATTACAGCTGTGA-1","slingPseudotime_3",22.3623657142342,"B7H3","aucell_exhausted_score",0.273828330700369,"exhausted"
"TCCAGCTAGCTATTACAGCTGTGA-1","slingPseudotime_3",22.3623657142342,"B7H3","aucell_proliferating_score",0,"proliferating"
"TCCAGCTAGCTATTACAGCTGTGA-1","slingPseudotime_3",22.3623657142342,"B7H3","aucell_naive_memory_score",0.121473684210526,"naive_memory"
"TCCAGCTAGCTATTACAGCTGTGA-1","slingPseudotime_3",22.3623657142342,"B7H3","aucell_cytotoxic_score",0.253993329822714,"cytotoxic"
"TCCCTCATCAGGGATTAGCTGTGA-1","slingPseudotime_1",17.8024085515432,"B7H3","aucell_exhausted_score",0.26013691416535,"exhausted"
"TCCCTCATCAGGGATTAGCTGTGA-1","slingPseudotime_1",17.8024085515432,"B7H3","aucell_proliferating_score",0,"proliferating"
"TCCCTCATCAGGGATTAGCTGTGA-1","slingPseudotime_1",17.8024085515432,"B7H3","aucell_naive_memory_score",0.176631578947368,"naive_memory"
"TCCCTCATCAGGGATTAGCTGTGA-1","slingPseudotime_1",17.8024085515432,"B7H3","aucell_cytotoxic_score",0,"cytotoxic"
"TCCCTCATCAGGGATTAGCTGTGA-1","slingPseudotime_2",18.1381215717964,"B7H3","aucell_exhausted_score",0.26013691416535,"exhausted"
"TCCCTCATCAGGGATTAGCTGTGA-1","slingPseudotime_2",18.1381215717964,"B7H3","aucell_proliferating_score",0,"proliferating"
"TCCCTCATCAGGGATTAGCTGTGA-1","slingPseudotime_2",18.1381215717964,"B7H3","aucell_naive_memory_score",0.176631578947368,"naive_memory"
"TCCCTCATCAGGGATTAGCTGTGA-1","slingPseudotime_2",18.1381215717964,"B7H3","aucell_cytotoxic_score",0,"cytotoxic"
"TCCCTCATCAGGGATTAGCTGTGA-1","slingPseudotime_3",19.3170613737718,"B7H3","aucell_exhausted_score",0.26013691416535,"exhausted"
"TCCCTCATCAGGGATTAGCTGTGA-1","slingPseudotime_3",19.3170613737718,"B7H3","aucell_proliferating_score",0,"proliferating"
"TCCCTCATCAGGGATTAGCTGTGA-1","slingPseudotime_3",19.3170613737718,"B7H3","aucell_naive_memory_score",0.176631578947368,"naive_memory"
"TCCCTCATCAGGGATTAGCTGTGA-1","slingPseudotime_3",19.3170613737718,"B7H3","aucell_cytotoxic_score",0,"cytotoxic"
"TCCCTCATCCAGAACGAGCTGTGA-1","slingPseudotime_2",36.0839105469857,"B7H3","aucell_exhausted_score",0.164472529401439,"exhausted"
"TCCCTCATCCAGAACGAGCTGTGA-1","slingPseudotime_2",36.0839105469857,"B7H3","aucell_proliferating_score",0,"proliferating"
"TCCCTCATCCAGAACGAGCTGTGA-1","slingPseudotime_2",36.0839105469857,"B7H3","aucell_naive_memory_score",0.06,"naive_memory"
"TCCCTCATCCAGAACGAGCTGTGA-1","slingPseudotime_2",36.0839105469857,"B7H3","aucell_cytotoxic_score",0,"cytotoxic"
"TCCTGGTAGTATGGGTAGCTGTGA-1","slingPseudotime_1",18.2642000386291,"B7H3","aucell_exhausted_score",0.166754432157276,"exhausted"
"TCCTGGTAGTATGGGTAGCTGTGA-1","slingPseudotime_1",18.2642000386291,"B7H3","aucell_proliferating_score",0,"proliferating"
"TCCTGGTAGTATGGGTAGCTGTGA-1","slingPseudotime_1",18.2642000386291,"B7H3","aucell_naive_memory_score",0,"naive_memory"
"TCCTGGTAGTATGGGTAGCTGTGA-1","slingPseudotime_1",18.2642000386291,"B7H3","aucell_cytotoxic_score",0.158680007021239,"cytotoxic"
"TCCTGGTAGTATGGGTAGCTGTGA-1","slingPseudotime_2",27.9516781559399,"B7H3","aucell_exhausted_score",0.166754432157276,"exhausted"
"TCCTGGTAGTATGGGTAGCTGTGA-1","slingPseudotime_2",27.9516781559399,"B7H3","aucell_proliferating_score",0,"proliferating"
"TCCTGGTAGTATGGGTAGCTGTGA-1","slingPseudotime_2",27.9516781559399,"B7H3","aucell_naive_memory_score",0,"naive_memory"
"TCCTGGTAGTATGGGTAGCTGTGA-1","slingPseudotime_2",27.9516781559399,"B7H3","aucell_cytotoxic_score",0.158680007021239,"cytotoxic"
"TCCTGGTAGTATGGGTAGCTGTGA-1","slingPseudotime_3",20.4980316165546,"B7H3","aucell_exhausted_score",0.166754432157276,"exhausted"
"TCCTGGTAGTATGGGTAGCTGTGA-1","slingPseudotime_3",20.4980316165546,"B7H3","aucell_proliferating_score",0,"proliferating"
"TCCTGGTAGTATGGGTAGCTGTGA-1","slingPseudotime_3",20.4980316165546,"B7H3","aucell_naive_memory_score",0,"naive_memory"
"TCCTGGTAGTATGGGTAGCTGTGA-1","slingPseudotime_3",20.4980316165546,"B7H3","aucell_cytotoxic_score",0.158680007021239,"cytotoxic"
"TCCTTCTAGTTACATCAGCTGTGA-1","slingPseudotime_1",18.4981189568105,"B7H3","aucell_exhausted_score",0.108653677374057,"exhausted"
"TCCTTCTAGTTACATCAGCTGTGA-1","slingPseudotime_1",18.4981189568105,"B7H3","aucell_proliferating_score",0,"proliferating"
"TCCTTCTAGTTACATCAGCTGTGA-1","slingPseudotime_1",18.4981189568105,"B7H3","aucell_naive_memory_score",0,"naive_memory"
"TCCTTCTAGTTACATCAGCTGTGA-1","slingPseudotime_1",18.4981189568105,"B7H3","aucell_cytotoxic_score",0,"cytotoxic"
"TCCTTCTAGTTACATCAGCTGTGA-1","slingPseudotime_2",32.9730320978299,"B7H3","aucell_exhausted_score",0.108653677374057,"exhausted"
"TCCTTCTAGTTACATCAGCTGTGA-1","slingPseudotime_2",32.9730320978299,"B7H3","aucell_proliferating_score",0,"proliferating"
"TCCTTCTAGTTACATCAGCTGTGA-1","slingPseudotime_2",32.9730320978299,"B7H3","aucell_naive_memory_score",0,"naive_memory"
"TCCTTCTAGTTACATCAGCTGTGA-1","slingPseudotime_2",32.9730320978299,"B7H3","aucell_cytotoxic_score",0,"cytotoxic"
"TCCTTCTAGTTACATCAGCTGTGA-1","slingPseudotime_3",18.5191649131728,"B7H3","aucell_exhausted_score",0.108653677374057,"exhausted"
"TCCTTCTAGTTACATCAGCTGTGA-1","slingPseudotime_3",18.5191649131728,"B7H3","aucell_proliferating_score",0,"proliferating"
"TCCTTCTAGTTACATCAGCTGTGA-1","slingPseudotime_3",18.5191649131728,"B7H3","aucell_naive_memory_score",0,"naive_memory"
"TCCTTCTAGTTACATCAGCTGTGA-1","slingPseudotime_3",18.5191649131728,"B7H3","aucell_cytotoxic_score",0,"cytotoxic"
"TCGAACCTCACTATACAGCTGTGA-1","slingPseudotime_1",49.8285955801752,"B7H3","aucell_exhausted_score",0.318764261892224,"exhausted"
"TCGAACCTCACTATACAGCTGTGA-1","slingPseudotime_1",49.8285955801752,"B7H3","aucell_proliferating_score",0.562526315789474,"proliferating"
"TCGAACCTCACTATACAGCTGTGA-1","slingPseudotime_1",49.8285955801752,"B7H3","aucell_naive_memory_score",0.0816842105263158,"naive_memory"
"TCGAACCTCACTATACAGCTGTGA-1","slingPseudotime_1",49.8285955801752,"B7H3","aucell_cytotoxic_score",0.305950500263296,"cytotoxic"
"TCGAAGTAGCTAACTTAGCTGTGA-1","slingPseudotime_1",49.8285955801752,"B7H3","aucell_exhausted_score",0.172898016499912,"exhausted"
"TCGAAGTAGCTAACTTAGCTGTGA-1","slingPseudotime_1",49.8285955801752,"B7H3","aucell_proliferating_score",0.430105263157895,"proliferating"
"TCGAAGTAGCTAACTTAGCTGTGA-1","slingPseudotime_1",49.8285955801752,"B7H3","aucell_naive_memory_score",0.0208421052631579,"naive_memory"
"TCGAAGTAGCTAACTTAGCTGTGA-1","slingPseudotime_1",49.8285955801752,"B7H3","aucell_cytotoxic_score",0,"cytotoxic"
"TCGCTCGAGATAACCAAGCTGTGA-1","slingPseudotime_1",15.5451253390608,"B7H3","aucell_exhausted_score",0,"exhausted"
"TCGCTCGAGATAACCAAGCTGTGA-1","slingPseudotime_1",15.5451253390608,"B7H3","aucell_proliferating_score",0.0284210526315789,"proliferating"
"TCGCTCGAGATAACCAAGCTGTGA-1","slingPseudotime_1",15.5451253390608,"B7H3","aucell_naive_memory_score",0.197052631578947,"naive_memory"
"TCGCTCGAGATAACCAAGCTGTGA-1","slingPseudotime_1",15.5451253390608,"B7H3","aucell_cytotoxic_score",0,"cytotoxic"
"TCGCTCGAGATAACCAAGCTGTGA-1","slingPseudotime_2",15.7096476178258,"B7H3","aucell_exhausted_score",0,"exhausted"
"TCGCTCGAGATAACCAAGCTGTGA-1","slingPseudotime_2",15.7096476178258,"B7H3","aucell_proliferating_score",0.0284210526315789,"proliferating"
"TCGCTCGAGATAACCAAGCTGTGA-1","slingPseudotime_2",15.7096476178258,"B7H3","aucell_naive_memory_score",0.197052631578947,"naive_memory"
"TCGCTCGAGATAACCAAGCTGTGA-1","slingPseudotime_2",15.7096476178258,"B7H3","aucell_cytotoxic_score",0,"cytotoxic"
"TCGCTCGAGATAACCAAGCTGTGA-1","slingPseudotime_3",15.6356277885928,"B7H3","aucell_exhausted_score",0,"exhausted"
"TCGCTCGAGATAACCAAGCTGTGA-1","slingPseudotime_3",15.6356277885928,"B7H3","aucell_proliferating_score",0.0284210526315789,"proliferating"
"TCGCTCGAGATAACCAAGCTGTGA-1","slingPseudotime_3",15.6356277885928,"B7H3","aucell_naive_memory_score",0.197052631578947,"naive_memory"
"TCGCTCGAGATAACCAAGCTGTGA-1","slingPseudotime_3",15.6356277885928,"B7H3","aucell_cytotoxic_score",0,"cytotoxic"
"TCGTTAAGTTCTGGCAAGCTGTGA-1","slingPseudotime_1",20.1484072088218,"B7H3","aucell_exhausted_score",0.165525715288748,"exhausted"
"TCGTTAAGTTCTGGCAAGCTGTGA-1","slingPseudotime_1",20.1484072088218,"B7H3","aucell_proliferating_score",0,"proliferating"
"TCGTTAAGTTCTGGCAAGCTGTGA-1","slingPseudotime_1",20.1484072088218,"B7H3","aucell_naive_memory_score",0.106947368421053,"naive_memory"
"TCGTTAAGTTCTGGCAAGCTGTGA-1","slingPseudotime_1",20.1484072088218,"B7H3","aucell_cytotoxic_score",0,"cytotoxic"
"TCGTTAAGTTCTGGCAAGCTGTGA-1","slingPseudotime_2",22.2326237041429,"B7H3","aucell_exhausted_score",0.165525715288748,"exhausted"
"TCGTTAAGTTCTGGCAAGCTGTGA-1","slingPseudotime_2",22.2326237041429,"B7H3","aucell_proliferating_score",0,"proliferating"
"TCGTTAAGTTCTGGCAAGCTGTGA-1","slingPseudotime_2",22.2326237041429,"B7H3","aucell_naive_memory_score",0.106947368421053,"naive_memory"
"TCGTTAAGTTCTGGCAAGCTGTGA-1","slingPseudotime_2",22.2326237041429,"B7H3","aucell_cytotoxic_score",0,"cytotoxic"
"TCGTTAAGTTCTGGCAAGCTGTGA-1","slingPseudotime_3",25.3334958581259,"B7H3","aucell_exhausted_score",0.165525715288748,"exhausted"
"TCGTTAAGTTCTGGCAAGCTGTGA-1","slingPseudotime_3",25.3334958581259,"B7H3","aucell_proliferating_score",0,"proliferating"
"TCGTTAAGTTCTGGCAAGCTGTGA-1","slingPseudotime_3",25.3334958581259,"B7H3","aucell_naive_memory_score",0.106947368421053,"naive_memory"
"TCGTTAAGTTCTGGCAAGCTGTGA-1","slingPseudotime_3",25.3334958581259,"B7H3","aucell_cytotoxic_score",0,"cytotoxic"
"TCGTTATAGCTAACTTAGCTGTGA-1","slingPseudotime_1",17.6588339079057,"B7H3","aucell_exhausted_score",0,"exhausted"
"TCGTTATAGCTAACTTAGCTGTGA-1","slingPseudotime_1",17.6588339079057,"B7H3","aucell_proliferating_score",0,"proliferating"
"TCGTTATAGCTAACTTAGCTGTGA-1","slingPseudotime_1",17.6588339079057,"B7H3","aucell_naive_memory_score",0,"naive_memory"
"TCGTTATAGCTAACTTAGCTGTGA-1","slingPseudotime_1",17.6588339079057,"B7H3","aucell_cytotoxic_score",0.393891521853607,"cytotoxic"
"TCGTTATAGCTAACTTAGCTGTGA-1","slingPseudotime_2",17.8952904873942,"B7H3","aucell_exhausted_score",0,"exhausted"
"TCGTTATAGCTAACTTAGCTGTGA-1","slingPseudotime_2",17.8952904873942,"B7H3","aucell_proliferating_score",0,"proliferating"
"TCGTTATAGCTAACTTAGCTGTGA-1","slingPseudotime_2",17.8952904873942,"B7H3","aucell_naive_memory_score",0,"naive_memory"
"TCGTTATAGCTAACTTAGCTGTGA-1","slingPseudotime_2",17.8952904873942,"B7H3","aucell_cytotoxic_score",0.393891521853607,"cytotoxic"
"TCGTTATAGCTAACTTAGCTGTGA-1","slingPseudotime_3",19.3170613737718,"B7H3","aucell_exhausted_score",0,"exhausted"
"TCGTTATAGCTAACTTAGCTGTGA-1","slingPseudotime_3",19.3170613737718,"B7H3","aucell_proliferating_score",0,"proliferating"
"TCGTTATAGCTAACTTAGCTGTGA-1","slingPseudotime_3",19.3170613737718,"B7H3","aucell_naive_memory_score",0,"naive_memory"
"TCGTTATAGCTAACTTAGCTGTGA-1","slingPseudotime_3",19.3170613737718,"B7H3","aucell_cytotoxic_score",0.393891521853607,"cytotoxic"
"TCGTTGCAGCGCTTACAGCTGTGA-1","slingPseudotime_1",16.416196450963,"B7H3","aucell_exhausted_score",0,"exhausted"
"TCGTTGCAGCGCTTACAGCTGTGA-1","slingPseudotime_1",16.416196450963,"B7H3","aucell_proliferating_score",0,"proliferating"
"TCGTTGCAGCGCTTACAGCTGTGA-1","slingPseudotime_1",16.416196450963,"B7H3","aucell_naive_memory_score",0.0553684210526316,"naive_memory"
"TCGTTGCAGCGCTTACAGCTGTGA-1","slingPseudotime_1",16.416196450963,"B7H3","aucell_cytotoxic_score",0.32596103212217,"cytotoxic"
"TCGTTGCAGCGCTTACAGCTGTGA-1","slingPseudotime_2",16.892248028548,"B7H3","aucell_exhausted_score",0,"exhausted"
"TCGTTGCAGCGCTTACAGCTGTGA-1","slingPseudotime_2",16.892248028548,"B7H3","aucell_proliferating_score",0,"proliferating"
"TCGTTGCAGCGCTTACAGCTGTGA-1","slingPseudotime_2",16.892248028548,"B7H3","aucell_naive_memory_score",0.0553684210526316,"naive_memory"
"TCGTTGCAGCGCTTACAGCTGTGA-1","slingPseudotime_2",16.892248028548,"B7H3","aucell_cytotoxic_score",0.32596103212217,"cytotoxic"
"TCGTTGCAGCGCTTACAGCTGTGA-1","slingPseudotime_3",19.4925844866515,"B7H3","aucell_exhausted_score",0,"exhausted"
"TCGTTGCAGCGCTTACAGCTGTGA-1","slingPseudotime_3",19.4925844866515,"B7H3","aucell_proliferating_score",0,"proliferating"
"TCGTTGCAGCGCTTACAGCTGTGA-1","slingPseudotime_3",19.4925844866515,"B7H3","aucell_naive_memory_score",0.0553684210526316,"naive_memory"
"TCGTTGCAGCGCTTACAGCTGTGA-1","slingPseudotime_3",19.4925844866515,"B7H3","aucell_cytotoxic_score",0.32596103212217,"cytotoxic"
"TCTAAGGCAATTAGACAGCTGTGA-1","slingPseudotime_1",20.2173488266108,"B7H3","aucell_exhausted_score",0.188169211865894,"exhausted"
"TCTAAGGCAATTAGACAGCTGTGA-1","slingPseudotime_1",20.2173488266108,"B7H3","aucell_proliferating_score",0,"proliferating"
"TCTAAGGCAATTAGACAGCTGTGA-1","slingPseudotime_1",20.2173488266108,"B7H3","aucell_naive_memory_score",0.159789473684211,"naive_memory"
"TCTAAGGCAATTAGACAGCTGTGA-1","slingPseudotime_1",20.2173488266108,"B7H3","aucell_cytotoxic_score",0.384763910830262,"cytotoxic"
"TCTAAGGCAATTAGACAGCTGTGA-1","slingPseudotime_2",29.9254341344779,"B7H3","aucell_exhausted_score",0.188169211865894,"exhausted"
"TCTAAGGCAATTAGACAGCTGTGA-1","slingPseudotime_2",29.9254341344779,"B7H3","aucell_proliferating_score",0,"proliferating"
"TCTAAGGCAATTAGACAGCTGTGA-1","slingPseudotime_2",29.9254341344779,"B7H3","aucell_naive_memory_score",0.159789473684211,"naive_memory"
"TCTAAGGCAATTAGACAGCTGTGA-1","slingPseudotime_2",29.9254341344779,"B7H3","aucell_cytotoxic_score",0.384763910830262,"cytotoxic"
"TCTAAGGCAATTAGACAGCTGTGA-1","slingPseudotime_3",21.600092231939,"B7H3","aucell_exhausted_score",0.188169211865894,"exhausted"
"TCTAAGGCAATTAGACAGCTGTGA-1","slingPseudotime_3",21.600092231939,"B7H3","aucell_proliferating_score",0,"proliferating"
"TCTAAGGCAATTAGACAGCTGTGA-1","slingPseudotime_3",21.600092231939,"B7H3","aucell_naive_memory_score",0.159789473684211,"naive_memory"
"TCTAAGGCAATTAGACAGCTGTGA-1","slingPseudotime_3",21.600092231939,"B7H3","aucell_cytotoxic_score",0.384763910830262,"cytotoxic"
"TCTAAGTTCTGCCATAAGCTGTGA-1","slingPseudotime_1",49.8700030285775,"B7H3","aucell_exhausted_score",0.288046340179042,"exhausted"
"TCTAAGTTCTGCCATAAGCTGTGA-1","slingPseudotime_1",49.8700030285775,"B7H3","aucell_proliferating_score",0.246105263157895,"proliferating"
"TCTAAGTTCTGCCATAAGCTGTGA-1","slingPseudotime_1",49.8700030285775,"B7H3","aucell_naive_memory_score",0,"naive_memory"
"TCTAAGTTCTGCCATAAGCTGTGA-1","slingPseudotime_1",49.8700030285775,"B7H3","aucell_cytotoxic_score",0.154467263472003,"cytotoxic"
"TCTACCTTCAGTAAGCAGCTGTGA-1","slingPseudotime_1",15.7551089641924,"B7H3","aucell_exhausted_score",0,"exhausted"
"TCTACCTTCAGTAAGCAGCTGTGA-1","slingPseudotime_1",15.7551089641924,"B7H3","aucell_proliferating_score",0,"proliferating"
"TCTACCTTCAGTAAGCAGCTGTGA-1","slingPseudotime_1",15.7551089641924,"B7H3","aucell_naive_memory_score",0,"naive_memory"
"TCTACCTTCAGTAAGCAGCTGTGA-1","slingPseudotime_1",15.7551089641924,"B7H3","aucell_cytotoxic_score",0.101983500087765,"cytotoxic"
"TCTACCTTCAGTAAGCAGCTGTGA-1","slingPseudotime_2",15.5049384131766,"B7H3","aucell_exhausted_score",0,"exhausted"
"TCTACCTTCAGTAAGCAGCTGTGA-1","slingPseudotime_2",15.5049384131766,"B7H3","aucell_proliferating_score",0,"proliferating"
"TCTACCTTCAGTAAGCAGCTGTGA-1","slingPseudotime_2",15.5049384131766,"B7H3","aucell_naive_memory_score",0,"naive_memory"
"TCTACCTTCAGTAAGCAGCTGTGA-1","slingPseudotime_2",15.5049384131766,"B7H3","aucell_cytotoxic_score",0.101983500087765,"cytotoxic"
"TCTACCTTCAGTAAGCAGCTGTGA-1","slingPseudotime_3",15.3698698360482,"B7H3","aucell_exhausted_score",0,"exhausted"
"TCTACCTTCAGTAAGCAGCTGTGA-1","slingPseudotime_3",15.3698698360482,"B7H3","aucell_proliferating_score",0,"proliferating"
"TCTACCTTCAGTAAGCAGCTGTGA-1","slingPseudotime_3",15.3698698360482,"B7H3","aucell_naive_memory_score",0,"naive_memory"
"TCTACCTTCAGTAAGCAGCTGTGA-1","slingPseudotime_3",15.3698698360482,"B7H3","aucell_cytotoxic_score",0.101983500087765,"cytotoxic"
"TCTATGAGTTAATGCCAGCTGTGA-1","slingPseudotime_1",10.0499012220701,"B7H3","aucell_exhausted_score",0.380902229243461,"exhausted"
"TCTATGAGTTAATGCCAGCTGTGA-1","slingPseudotime_1",10.0499012220701,"B7H3","aucell_proliferating_score",0,"proliferating"
"TCTATGAGTTAATGCCAGCTGTGA-1","slingPseudotime_1",10.0499012220701,"B7H3","aucell_naive_memory_score",0,"naive_memory"
"TCTATGAGTTAATGCCAGCTGTGA-1","slingPseudotime_1",10.0499012220701,"B7H3","aucell_cytotoxic_score",0.310689836756187,"cytotoxic"
"TCTGGAACAGCTACCCAGCTGTGA-1","slingPseudotime_1",48.8694451519564,"B7H3","aucell_exhausted_score",0.298051606108478,"exhausted"
"TCTGGAACAGCTACCCAGCTGTGA-1","slingPseudotime_1",48.8694451519564,"B7H3","aucell_proliferating_score",0.249684210526316,"proliferating"
"TCTGGAACAGCTACCCAGCTGTGA-1","slingPseudotime_1",48.8694451519564,"B7H3","aucell_naive_memory_score",0.129894736842105,"naive_memory"
"TCTGGAACAGCTACCCAGCTGTGA-1","slingPseudotime_1",48.8694451519564,"B7H3","aucell_cytotoxic_score",0,"cytotoxic"
"TCTGTGCAGCTACGTCAGCTGTGA-1","slingPseudotime_1",15.489250030588,"B7H3","aucell_exhausted_score",0.26013691416535,"exhausted"
"TCTGTGCAGCTACGTCAGCTGTGA-1","slingPseudotime_1",15.489250030588,"B7H3","aucell_proliferating_score",0.132842105263158,"proliferating"
"TCTGTGCAGCTACGTCAGCTGTGA-1","slingPseudotime_1",15.489250030588,"B7H3","aucell_naive_memory_score",0,"naive_memory"
"TCTGTGCAGCTACGTCAGCTGTGA-1","slingPseudotime_1",15.489250030588,"B7H3","aucell_cytotoxic_score",0.310338774793751,"cytotoxic"
"TCTGTGCAGCTACGTCAGCTGTGA-1","slingPseudotime_2",30.6406799084736,"B7H3","aucell_exhausted_score",0.26013691416535,"exhausted"
"TCTGTGCAGCTACGTCAGCTGTGA-1","slingPseudotime_2",30.6406799084736,"B7H3","aucell_proliferating_score",0.132842105263158,"proliferating"
"TCTGTGCAGCTACGTCAGCTGTGA-1","slingPseudotime_2",30.6406799084736,"B7H3","aucell_naive_memory_score",0,"naive_memory"
"TCTGTGCAGCTACGTCAGCTGTGA-1","slingPseudotime_2",30.6406799084736,"B7H3","aucell_cytotoxic_score",0.310338774793751,"cytotoxic"
"TCTGTGCAGCTACGTCAGCTGTGA-1","slingPseudotime_3",15.7156147445035,"B7H3","aucell_exhausted_score",0.26013691416535,"exhausted"
"TCTGTGCAGCTACGTCAGCTGTGA-1","slingPseudotime_3",15.7156147445035,"B7H3","aucell_proliferating_score",0.132842105263158,"proliferating"
"TCTGTGCAGCTACGTCAGCTGTGA-1","slingPseudotime_3",15.7156147445035,"B7H3","aucell_naive_memory_score",0,"naive_memory"
"TCTGTGCAGCTACGTCAGCTGTGA-1","slingPseudotime_3",15.7156147445035,"B7H3","aucell_cytotoxic_score",0.310338774793751,"cytotoxic"
"TCTTAAGGTTAGGTGAAGCTGTGA-1","slingPseudotime_1",18.4588084643335,"B7H3","aucell_exhausted_score",0,"exhausted"
"TCTTAAGGTTAGGTGAAGCTGTGA-1","slingPseudotime_1",18.4588084643335,"B7H3","aucell_proliferating_score",0.164,"proliferating"
"TCTTAAGGTTAGGTGAAGCTGTGA-1","slingPseudotime_1",18.4588084643335,"B7H3","aucell_naive_memory_score",0.146526315789474,"naive_memory"
"TCTTAAGGTTAGGTGAAGCTGTGA-1","slingPseudotime_1",18.4588084643335,"B7H3","aucell_cytotoxic_score",0,"cytotoxic"
"TCTTAAGGTTAGGTGAAGCTGTGA-1","slingPseudotime_2",19.0124874136659,"B7H3","aucell_exhausted_score",0,"exhausted"
"TCTTAAGGTTAGGTGAAGCTGTGA-1","slingPseudotime_2",19.0124874136659,"B7H3","aucell_proliferating_score",0.164,"proliferating"
"TCTTAAGGTTAGGTGAAGCTGTGA-1","slingPseudotime_2",19.0124874136659,"B7H3","aucell_naive_memory_score",0.146526315789474,"naive_memory"
"TCTTAAGGTTAGGTGAAGCTGTGA-1","slingPseudotime_2",19.0124874136659,"B7H3","aucell_cytotoxic_score",0,"cytotoxic"
"TCTTAAGGTTAGGTGAAGCTGTGA-1","slingPseudotime_3",19.9139811399141,"B7H3","aucell_exhausted_score",0,"exhausted"
"TCTTAAGGTTAGGTGAAGCTGTGA-1","slingPseudotime_3",19.9139811399141,"B7H3","aucell_proliferating_score",0.164,"proliferating"
"TCTTAAGGTTAGGTGAAGCTGTGA-1","slingPseudotime_3",19.9139811399141,"B7H3","aucell_naive_memory_score",0.146526315789474,"naive_memory"
"TCTTAAGGTTAGGTGAAGCTGTGA-1","slingPseudotime_3",19.9139811399141,"B7H3","aucell_cytotoxic_score",0,"cytotoxic"
"TCTTACTGTTAGGCTTAGCTGTGA-1","slingPseudotime_2",39.9869783375151,"B7H3","aucell_exhausted_score",0.465508162190627,"exhausted"
"TCTTACTGTTAGGCTTAGCTGTGA-1","slingPseudotime_2",39.9869783375151,"B7H3","aucell_proliferating_score",0,"proliferating"
"TCTTACTGTTAGGCTTAGCTGTGA-1","slingPseudotime_2",39.9869783375151,"B7H3","aucell_naive_memory_score",0,"naive_memory"
"TCTTACTGTTAGGCTTAGCTGTGA-1","slingPseudotime_2",39.9869783375151,"B7H3","aucell_cytotoxic_score",0,"cytotoxic"
"TCTTTGTGTTGGATGAAGCTGTGA-1","slingPseudotime_1",19.6114396322984,"B7H3","aucell_exhausted_score",0.0579252238020011,"exhausted"
"TCTTTGTGTTGGATGAAGCTGTGA-1","slingPseudotime_1",19.6114396322984,"B7H3","aucell_proliferating_score",0,"proliferating"
"TCTTTGTGTTGGATGAAGCTGTGA-1","slingPseudotime_1",19.6114396322984,"B7H3","aucell_naive_memory_score",0.0589473684210526,"naive_memory"
"TCTTTGTGTTGGATGAAGCTGTGA-1","slingPseudotime_1",19.6114396322984,"B7H3","aucell_cytotoxic_score",0,"cytotoxic"
"TCTTTGTGTTGGATGAAGCTGTGA-1","slingPseudotime_2",19.6336505396724,"B7H3","aucell_exhausted_score",0.0579252238020011,"exhausted"
"TCTTTGTGTTGGATGAAGCTGTGA-1","slingPseudotime_2",19.6336505396724,"B7H3","aucell_proliferating_score",0,"proliferating"
"TCTTTGTGTTGGATGAAGCTGTGA-1","slingPseudotime_2",19.6336505396724,"B7H3","aucell_naive_memory_score",0.0589473684210526,"naive_memory"
"TCTTTGTGTTGGATGAAGCTGTGA-1","slingPseudotime_2",19.6336505396724,"B7H3","aucell_cytotoxic_score",0,"cytotoxic"
"TCTTTGTGTTGGATGAAGCTGTGA-1","slingPseudotime_3",20.420301272368,"B7H3","aucell_exhausted_score",0.0579252238020011,"exhausted"
"TCTTTGTGTTGGATGAAGCTGTGA-1","slingPseudotime_3",20.420301272368,"B7H3","aucell_proliferating_score",0,"proliferating"
"TCTTTGTGTTGGATGAAGCTGTGA-1","slingPseudotime_3",20.420301272368,"B7H3","aucell_naive_memory_score",0.0589473684210526,"naive_memory"
"TCTTTGTGTTGGATGAAGCTGTGA-1","slingPseudotime_3",20.420301272368,"B7H3","aucell_cytotoxic_score",0,"cytotoxic"
"TGAATGTCAAGGCCTGAGCTGTGA-1","slingPseudotime_1",52.4029957249831,"B7H3","aucell_exhausted_score",0.129717395120239,"exhausted"
"TGAATGTCAAGGCCTGAGCTGTGA-1","slingPseudotime_1",52.4029957249831,"B7H3","aucell_proliferating_score",0.491578947368421,"proliferating"
"TGAATGTCAAGGCCTGAGCTGTGA-1","slingPseudotime_1",52.4029957249831,"B7H3","aucell_naive_memory_score",0,"naive_memory"
"TGAATGTCAAGGCCTGAGCTGTGA-1","slingPseudotime_1",52.4029957249831,"B7H3","aucell_cytotoxic_score",0,"cytotoxic"
"TGACCTTCAACAAAGAAGCTGTGA-1","slingPseudotime_1",17.7617070945634,"B7H3","aucell_exhausted_score",0.111111111111111,"exhausted"
"TGACCTTCAACAAAGAAGCTGTGA-1","slingPseudotime_1",17.7617070945634,"B7H3","aucell_proliferating_score",0.00273684210526316,"proliferating"
"TGACCTTCAACAAAGAAGCTGTGA-1","slingPseudotime_1",17.7617070945634,"B7H3","aucell_naive_memory_score",0,"naive_memory"
"TGACCTTCAACAAAGAAGCTGTGA-1","slingPseudotime_1",17.7617070945634,"B7H3","aucell_cytotoxic_score",0.163068281551694,"cytotoxic"
"TGACCTTCAACAAAGAAGCTGTGA-1","slingPseudotime_2",18.3069680528307,"B7H3","aucell_exhausted_score",0.111111111111111,"exhausted"
"TGACCTTCAACAAAGAAGCTGTGA-1","slingPseudotime_2",18.3069680528307,"B7H3","aucell_proliferating_score",0.00273684210526316,"proliferating"
"TGACCTTCAACAAAGAAGCTGTGA-1","slingPseudotime_2",18.3069680528307,"B7H3","aucell_naive_memory_score",0,"naive_memory"
"TGACCTTCAACAAAGAAGCTGTGA-1","slingPseudotime_2",18.3069680528307,"B7H3","aucell_cytotoxic_score",0.163068281551694,"cytotoxic"
"TGACCTTCAACAAAGAAGCTGTGA-1","slingPseudotime_3",18.9768365754253,"B7H3","aucell_exhausted_score",0.111111111111111,"exhausted"
"TGACCTTCAACAAAGAAGCTGTGA-1","slingPseudotime_3",18.9768365754253,"B7H3","aucell_proliferating_score",0.00273684210526316,"proliferating"
"TGACCTTCAACAAAGAAGCTGTGA-1","slingPseudotime_3",18.9768365754253,"B7H3","aucell_naive_memory_score",0,"naive_memory"
"TGACCTTCAACAAAGAAGCTGTGA-1","slingPseudotime_3",18.9768365754253,"B7H3","aucell_cytotoxic_score",0.163068281551694,"cytotoxic"
"TGAGACTAGGTTCATTAGCTGTGA-1","slingPseudotime_1",54.1269732443068,"B7H3","aucell_exhausted_score",0.254519922766368,"exhausted"
"TGAGACTAGGTTCATTAGCTGTGA-1","slingPseudotime_1",54.1269732443068,"B7H3","aucell_proliferating_score",0.410736842105263,"proliferating"
"TGAGACTAGGTTCATTAGCTGTGA-1","slingPseudotime_1",54.1269732443068,"B7H3","aucell_naive_memory_score",0.238736842105263,"naive_memory"
"TGAGACTAGGTTCATTAGCTGTGA-1","slingPseudotime_1",54.1269732443068,"B7H3","aucell_cytotoxic_score",0,"cytotoxic"
"TGAGCGATCACAATGAAGCTGTGA-1","slingPseudotime_2",42.3529799616236,"B7H3","aucell_exhausted_score",0.287344216254169,"exhausted"
"TGAGCGATCACAATGAAGCTGTGA-1","slingPseudotime_2",42.3529799616236,"B7H3","aucell_proliferating_score",0,"proliferating"
"TGAGCGATCACAATGAAGCTGTGA-1","slingPseudotime_2",42.3529799616236,"B7H3","aucell_naive_memory_score",0.0572631578947368,"naive_memory"
"TGAGCGATCACAATGAAGCTGTGA-1","slingPseudotime_2",42.3529799616236,"B7H3","aucell_cytotoxic_score",0,"cytotoxic"
"TGAGGTAGTGGTGCAGAGCTGTGA-1","slingPseudotime_1",15.3606853694282,"B7H3","aucell_exhausted_score",0,"exhausted"
"TGAGGTAGTGGTGCAGAGCTGTGA-1","slingPseudotime_1",15.3606853694282,"B7H3","aucell_proliferating_score",0,"proliferating"
"TGAGGTAGTGGTGCAGAGCTGTGA-1","slingPseudotime_1",15.3606853694282,"B7H3","aucell_naive_memory_score",0,"naive_memory"
"TGAGGTAGTGGTGCAGAGCTGTGA-1","slingPseudotime_1",15.3606853694282,"B7H3","aucell_cytotoxic_score",0.329647182727751,"cytotoxic"
"TGAGGTAGTGGTGCAGAGCTGTGA-1","slingPseudotime_2",14.9130647111279,"B7H3","aucell_exhausted_score",0,"exhausted"
"TGAGGTAGTGGTGCAGAGCTGTGA-1","slingPseudotime_2",14.9130647111279,"B7H3","aucell_proliferating_score",0,"proliferating"
"TGAGGTAGTGGTGCAGAGCTGTGA-1","slingPseudotime_2",14.9130647111279,"B7H3","aucell_naive_memory_score",0,"naive_memory"
"TGAGGTAGTGGTGCAGAGCTGTGA-1","slingPseudotime_2",14.9130647111279,"B7H3","aucell_cytotoxic_score",0.329647182727751,"cytotoxic"
"TGAGGTAGTGGTGCAGAGCTGTGA-1","slingPseudotime_3",20.0595362877199,"B7H3","aucell_exhausted_score",0,"exhausted"
"TGAGGTAGTGGTGCAGAGCTGTGA-1","slingPseudotime_3",20.0595362877199,"B7H3","aucell_proliferating_score",0,"proliferating"
"TGAGGTAGTGGTGCAGAGCTGTGA-1","slingPseudotime_3",20.0595362877199,"B7H3","aucell_naive_memory_score",0,"naive_memory"
"TGAGGTAGTGGTGCAGAGCTGTGA-1","slingPseudotime_3",20.0595362877199,"B7H3","aucell_cytotoxic_score",0.329647182727751,"cytotoxic"
"TGCAAGCCAACTAAACAGCTGTGA-1","slingPseudotime_2",32.2489067101463,"B7H3","aucell_exhausted_score",0.386694751623662,"exhausted"
"TGCAAGCCAACTAAACAGCTGTGA-1","slingPseudotime_2",32.2489067101463,"B7H3","aucell_proliferating_score",0,"proliferating"
"TGCAAGCCAACTAAACAGCTGTGA-1","slingPseudotime_2",32.2489067101463,"B7H3","aucell_naive_memory_score",0,"naive_memory"
"TGCAAGCCAACTAAACAGCTGTGA-1","slingPseudotime_2",32.2489067101463,"B7H3","aucell_cytotoxic_score",0.167105494119712,"cytotoxic"
"TGCAGCAAGTGAGGAAAGCTGTGA-1","slingPseudotime_2",32.386751386652,"B7H3","aucell_exhausted_score",0.158855538002457,"exhausted"
"TGCAGCAAGTGAGGAAAGCTGTGA-1","slingPseudotime_2",32.386751386652,"B7H3","aucell_proliferating_score",0,"proliferating"
"TGCAGCAAGTGAGGAAAGCTGTGA-1","slingPseudotime_2",32.386751386652,"B7H3","aucell_naive_memory_score",0,"naive_memory"
"TGCAGCAAGTGAGGAAAGCTGTGA-1","slingPseudotime_2",32.386751386652,"B7H3","aucell_cytotoxic_score",0,"cytotoxic"
"TGCATGACACATGAATAGCTGTGA-1","slingPseudotime_1",13.3985653153681,"B7H3","aucell_exhausted_score",0.00649464630507285,"exhausted"
"TGCATGACACATGAATAGCTGTGA-1","slingPseudotime_1",13.3985653153681,"B7H3","aucell_proliferating_score",0,"proliferating"
"TGCATGACACATGAATAGCTGTGA-1","slingPseudotime_1",13.3985653153681,"B7H3","aucell_naive_memory_score",0.202947368421053,"naive_memory"
"TGCATGACACATGAATAGCTGTGA-1","slingPseudotime_1",13.3985653153681,"B7H3","aucell_cytotoxic_score",0.324381253291206,"cytotoxic"
"TGCATGACACATGAATAGCTGTGA-1","slingPseudotime_2",13.3212414545666,"B7H3","aucell_exhausted_score",0.00649464630507285,"exhausted"
"TGCATGACACATGAATAGCTGTGA-1","slingPseudotime_2",13.3212414545666,"B7H3","aucell_proliferating_score",0,"proliferating"
"TGCATGACACATGAATAGCTGTGA-1","slingPseudotime_2",13.3212414545666,"B7H3","aucell_naive_memory_score",0.202947368421053,"naive_memory"
"TGCATGACACATGAATAGCTGTGA-1","slingPseudotime_2",13.3212414545666,"B7H3","aucell_cytotoxic_score",0.324381253291206,"cytotoxic"
"TGCATGACACATGAATAGCTGTGA-1","slingPseudotime_3",13.5984738374405,"B7H3","aucell_exhausted_score",0.00649464630507285,"exhausted"
"TGCATGACACATGAATAGCTGTGA-1","slingPseudotime_3",13.5984738374405,"B7H3","aucell_proliferating_score",0,"proliferating"
"TGCATGACACATGAATAGCTGTGA-1","slingPseudotime_3",13.5984738374405,"B7H3","aucell_naive_memory_score",0.202947368421053,"naive_memory"
"TGCATGACACATGAATAGCTGTGA-1","slingPseudotime_3",13.5984738374405,"B7H3","aucell_cytotoxic_score",0.324381253291206,"cytotoxic"
"TGCCCTGAGGAAGGTAAGCTGTGA-1","slingPseudotime_1",21.8359764533489,"B7H3","aucell_exhausted_score",0.357381077760225,"exhausted"
"TGCCCTGAGGAAGGTAAGCTGTGA-1","slingPseudotime_1",21.8359764533489,"B7H3","aucell_proliferating_score",0,"proliferating"
"TGCCCTGAGGAAGGTAAGCTGTGA-1","slingPseudotime_1",21.8359764533489,"B7H3","aucell_naive_memory_score",0,"naive_memory"
"TGCCCTGAGGAAGGTAAGCTGTGA-1","slingPseudotime_1",21.8359764533489,"B7H3","aucell_cytotoxic_score",0,"cytotoxic"
"TGCCCTGAGGAAGGTAAGCTGTGA-1","slingPseudotime_2",22.750845417043,"B7H3","aucell_exhausted_score",0.357381077760225,"exhausted"
"TGCCCTGAGGAAGGTAAGCTGTGA-1","slingPseudotime_2",22.750845417043,"B7H3","aucell_proliferating_score",0,"proliferating"
"TGCCCTGAGGAAGGTAAGCTGTGA-1","slingPseudotime_2",22.750845417043,"B7H3","aucell_naive_memory_score",0,"naive_memory"
"TGCCCTGAGGAAGGTAAGCTGTGA-1","slingPseudotime_2",22.750845417043,"B7H3","aucell_cytotoxic_score",0,"cytotoxic"
"TGCCCTGAGGAAGGTAAGCTGTGA-1","slingPseudotime_3",26.9693653401967,"B7H3","aucell_exhausted_score",0.357381077760225,"exhausted"
"TGCCCTGAGGAAGGTAAGCTGTGA-1","slingPseudotime_3",26.9693653401967,"B7H3","aucell_proliferating_score",0,"proliferating"
"TGCCCTGAGGAAGGTAAGCTGTGA-1","slingPseudotime_3",26.9693653401967,"B7H3","aucell_naive_memory_score",0,"naive_memory"
"TGCCCTGAGGAAGGTAAGCTGTGA-1","slingPseudotime_3",26.9693653401967,"B7H3","aucell_cytotoxic_score",0,"cytotoxic"
"TGCCTCCTCGAGGCACAGCTGTGA-1","slingPseudotime_1",19.866743433322,"B7H3","aucell_exhausted_score",0.112339827979638,"exhausted"
"TGCCTCCTCGAGGCACAGCTGTGA-1","slingPseudotime_1",19.866743433322,"B7H3","aucell_proliferating_score",0,"proliferating"
"TGCCTCCTCGAGGCACAGCTGTGA-1","slingPseudotime_1",19.866743433322,"B7H3","aucell_naive_memory_score",0,"naive_memory"
"TGCCTCCTCGAGGCACAGCTGTGA-1","slingPseudotime_1",19.866743433322,"B7H3","aucell_cytotoxic_score",0,"cytotoxic"
"TGCCTCCTCGAGGCACAGCTGTGA-1","slingPseudotime_2",25.9572882679519,"B7H3","aucell_exhausted_score",0.112339827979638,"exhausted"
"TGCCTCCTCGAGGCACAGCTGTGA-1","slingPseudotime_2",25.9572882679519,"B7H3","aucell_proliferating_score",0,"proliferating"
"TGCCTCCTCGAGGCACAGCTGTGA-1","slingPseudotime_2",25.9572882679519,"B7H3","aucell_naive_memory_score",0,"naive_memory"
"TGCCTCCTCGAGGCACAGCTGTGA-1","slingPseudotime_2",25.9572882679519,"B7H3","aucell_cytotoxic_score",0,"cytotoxic"
"TGCCTCCTCGAGGCACAGCTGTGA-1","slingPseudotime_3",21.0627645450489,"B7H3","aucell_exhausted_score",0.112339827979638,"exhausted"
"TGCCTCCTCGAGGCACAGCTGTGA-1","slingPseudotime_3",21.0627645450489,"B7H3","aucell_proliferating_score",0,"proliferating"
"TGCCTCCTCGAGGCACAGCTGTGA-1","slingPseudotime_3",21.0627645450489,"B7H3","aucell_naive_memory_score",0,"naive_memory"
"TGCCTCCTCGAGGCACAGCTGTGA-1","slingPseudotime_3",21.0627645450489,"B7H3","aucell_cytotoxic_score",0,"cytotoxic"
"TGCGGAATCCTCCCACAGCTGTGA-1","slingPseudotime_2",32.6731995289743,"B7H3","aucell_exhausted_score",0.292961207653151,"exhausted"
"TGCGGAATCCTCCCACAGCTGTGA-1","slingPseudotime_2",32.6731995289743,"B7H3","aucell_proliferating_score",0,"proliferating"
"TGCGGAATCCTCCCACAGCTGTGA-1","slingPseudotime_2",32.6731995289743,"B7H3","aucell_naive_memory_score",0,"naive_memory"
"TGCGGAATCCTCCCACAGCTGTGA-1","slingPseudotime_2",32.6731995289743,"B7H3","aucell_cytotoxic_score",0.166403370194839,"cytotoxic"
"TGCTGGTTCTTTAAGCAGCTGTGA-1","slingPseudotime_3",37.5947307800962,"B7H3","aucell_exhausted_score",0.273828330700369,"exhausted"
"TGCTGGTTCTTTAAGCAGCTGTGA-1","slingPseudotime_3",37.5947307800962,"B7H3","aucell_proliferating_score",0,"proliferating"
"TGCTGGTTCTTTAAGCAGCTGTGA-1","slingPseudotime_3",37.5947307800962,"B7H3","aucell_naive_memory_score",0.122736842105263,"naive_memory"
"TGCTGGTTCTTTAAGCAGCTGTGA-1","slingPseudotime_3",37.5947307800962,"B7H3","aucell_cytotoxic_score",0,"cytotoxic"
"TGCTTAAGTCACAGAAAGCTGTGA-1","slingPseudotime_1",14.2472987043977,"B7H3","aucell_exhausted_score",0.232754081095313,"exhausted"
"TGCTTAAGTCACAGAAAGCTGTGA-1","slingPseudotime_1",14.2472987043977,"B7H3","aucell_proliferating_score",0,"proliferating"
"TGCTTAAGTCACAGAAAGCTGTGA-1","slingPseudotime_1",14.2472987043977,"B7H3","aucell_naive_memory_score",0.0827368421052632,"naive_memory"
"TGCTTAAGTCACAGAAAGCTGTGA-1","slingPseudotime_1",14.2472987043977,"B7H3","aucell_cytotoxic_score",0.256801825522205,"cytotoxic"
"TGCTTAAGTCACAGAAAGCTGTGA-1","slingPseudotime_2",13.953972453883,"B7H3","aucell_exhausted_score",0.232754081095313,"exhausted"
"TGCTTAAGTCACAGAAAGCTGTGA-1","slingPseudotime_2",13.953972453883,"B7H3","aucell_proliferating_score",0,"proliferating"
"TGCTTAAGTCACAGAAAGCTGTGA-1","slingPseudotime_2",13.953972453883,"B7H3","aucell_naive_memory_score",0.0827368421052632,"naive_memory"
"TGCTTAAGTCACAGAAAGCTGTGA-1","slingPseudotime_2",13.953972453883,"B7H3","aucell_cytotoxic_score",0.256801825522205,"cytotoxic"
"TGCTTAAGTCACAGAAAGCTGTGA-1","slingPseudotime_3",13.9481565497751,"B7H3","aucell_exhausted_score",0.232754081095313,"exhausted"
"TGCTTAAGTCACAGAAAGCTGTGA-1","slingPseudotime_3",13.9481565497751,"B7H3","aucell_proliferating_score",0,"proliferating"
"TGCTTAAGTCACAGAAAGCTGTGA-1","slingPseudotime_3",13.9481565497751,"B7H3","aucell_naive_memory_score",0.0827368421052632,"naive_memory"
"TGCTTAAGTCACAGAAAGCTGTGA-1","slingPseudotime_3",13.9481565497751,"B7H3","aucell_cytotoxic_score",0.256801825522205,"cytotoxic"
"TGGACAAGTGCAGCTCAGCTGTGA-1","slingPseudotime_1",20.8735533345816,"B7H3","aucell_exhausted_score",0.062664560294892,"exhausted"
"TGGACAAGTGCAGCTCAGCTGTGA-1","slingPseudotime_1",20.8735533345816,"B7H3","aucell_proliferating_score",0,"proliferating"
"TGGACAAGTGCAGCTCAGCTGTGA-1","slingPseudotime_1",20.8735533345816,"B7H3","aucell_naive_memory_score",0.0882105263157895,"naive_memory"
"TGGACAAGTGCAGCTCAGCTGTGA-1","slingPseudotime_1",20.8735533345816,"B7H3","aucell_cytotoxic_score",0,"cytotoxic"
"TGGACAAGTGCAGCTCAGCTGTGA-1","slingPseudotime_2",21.8116006817289,"B7H3","aucell_exhausted_score",0.062664560294892,"exhausted"
"TGGACAAGTGCAGCTCAGCTGTGA-1","slingPseudotime_2",21.8116006817289,"B7H3","aucell_proliferating_score",0,"proliferating"
"TGGACAAGTGCAGCTCAGCTGTGA-1","slingPseudotime_2",21.8116006817289,"B7H3","aucell_naive_memory_score",0.0882105263157895,"naive_memory"
"TGGACAAGTGCAGCTCAGCTGTGA-1","slingPseudotime_2",21.8116006817289,"B7H3","aucell_cytotoxic_score",0,"cytotoxic"
"TGGACAAGTGCAGCTCAGCTGTGA-1","slingPseudotime_3",24.8886176220639,"B7H3","aucell_exhausted_score",0.062664560294892,"exhausted"
"TGGACAAGTGCAGCTCAGCTGTGA-1","slingPseudotime_3",24.8886176220639,"B7H3","aucell_proliferating_score",0,"proliferating"
"TGGACAAGTGCAGCTCAGCTGTGA-1","slingPseudotime_3",24.8886176220639,"B7H3","aucell_naive_memory_score",0.0882105263157895,"naive_memory"
"TGGACAAGTGCAGCTCAGCTGTGA-1","slingPseudotime_3",24.8886176220639,"B7H3","aucell_cytotoxic_score",0,"cytotoxic"
"TGGATCGAGCGCTAGAAGCTGTGA-1","slingPseudotime_1",67.2146155341821,"B7H3","aucell_exhausted_score",0.0530103563278919,"exhausted"
"TGGATCGAGCGCTAGAAGCTGTGA-1","slingPseudotime_1",67.2146155341821,"B7H3","aucell_proliferating_score",0.0562105263157895,"proliferating"
"TGGATCGAGCGCTAGAAGCTGTGA-1","slingPseudotime_1",67.2146155341821,"B7H3","aucell_naive_memory_score",0.148210526315789,"naive_memory"
"TGGATCGAGCGCTAGAAGCTGTGA-1","slingPseudotime_1",67.2146155341821,"B7H3","aucell_cytotoxic_score",0.32403019132877,"cytotoxic"
"TGGATTCGTAAAGGCCAGCTGTGA-1","slingPseudotime_1",14.103231230538,"B7H3","aucell_exhausted_score",0.189222397753203,"exhausted"
"TGGATTCGTAAAGGCCAGCTGTGA-1","slingPseudotime_1",14.103231230538,"B7H3","aucell_proliferating_score",0,"proliferating"
"TGGATTCGTAAAGGCCAGCTGTGA-1","slingPseudotime_1",14.103231230538,"B7H3","aucell_naive_memory_score",0,"naive_memory"
"TGGATTCGTAAAGGCCAGCTGTGA-1","slingPseudotime_1",14.103231230538,"B7H3","aucell_cytotoxic_score",0.429173249078462,"cytotoxic"
"TGGATTCGTAAAGGCCAGCTGTGA-1","slingPseudotime_2",13.7744367944229,"B7H3","aucell_exhausted_score",0.189222397753203,"exhausted"
"TGGATTCGTAAAGGCCAGCTGTGA-1","slingPseudotime_2",13.7744367944229,"B7H3","aucell_proliferating_score",0,"proliferating"
"TGGATTCGTAAAGGCCAGCTGTGA-1","slingPseudotime_2",13.7744367944229,"B7H3","aucell_naive_memory_score",0,"naive_memory"
"TGGATTCGTAAAGGCCAGCTGTGA-1","slingPseudotime_2",13.7744367944229,"B7H3","aucell_cytotoxic_score",0.429173249078462,"cytotoxic"
"TGGATTCGTAAAGGCCAGCTGTGA-1","slingPseudotime_3",13.7775577472108,"B7H3","aucell_exhausted_score",0.189222397753203,"exhausted"
"TGGATTCGTAAAGGCCAGCTGTGA-1","slingPseudotime_3",13.7775577472108,"B7H3","aucell_proliferating_score",0,"proliferating"
"TGGATTCGTAAAGGCCAGCTGTGA-1","slingPseudotime_3",13.7775577472108,"B7H3","aucell_naive_memory_score",0,"naive_memory"
"TGGATTCGTAAAGGCCAGCTGTGA-1","slingPseudotime_3",13.7775577472108,"B7H3","aucell_cytotoxic_score",0.429173249078462,"cytotoxic"
"TGGCGTGCAGGTCAACAGCTGTGA-1","slingPseudotime_1",20.8241876554714,"B7H3","aucell_exhausted_score",0.041776373529928,"exhausted"
"TGGCGTGCAGGTCAACAGCTGTGA-1","slingPseudotime_1",20.8241876554714,"B7H3","aucell_proliferating_score",0.032,"proliferating"
"TGGCGTGCAGGTCAACAGCTGTGA-1","slingPseudotime_1",20.8241876554714,"B7H3","aucell_naive_memory_score",0,"naive_memory"
"TGGCGTGCAGGTCAACAGCTGTGA-1","slingPseudotime_1",20.8241876554714,"B7H3","aucell_cytotoxic_score",0,"cytotoxic"
"TGGCGTGCAGGTCAACAGCTGTGA-1","slingPseudotime_2",31.1881397029781,"B7H3","aucell_exhausted_score",0.041776373529928,"exhausted"
"TGGCGTGCAGGTCAACAGCTGTGA-1","slingPseudotime_2",31.1881397029781,"B7H3","aucell_proliferating_score",0.032,"proliferating"
"TGGCGTGCAGGTCAACAGCTGTGA-1","slingPseudotime_2",31.1881397029781,"B7H3","aucell_naive_memory_score",0,"naive_memory"
"TGGCGTGCAGGTCAACAGCTGTGA-1","slingPseudotime_2",31.1881397029781,"B7H3","aucell_cytotoxic_score",0,"cytotoxic"
"TGGCGTGCAGGTCAACAGCTGTGA-1","slingPseudotime_3",20.8636329703483,"B7H3","aucell_exhausted_score",0.041776373529928,"exhausted"
"TGGCGTGCAGGTCAACAGCTGTGA-1","slingPseudotime_3",20.8636329703483,"B7H3","aucell_proliferating_score",0.032,"proliferating"
"TGGCGTGCAGGTCAACAGCTGTGA-1","slingPseudotime_3",20.8636329703483,"B7H3","aucell_naive_memory_score",0,"naive_memory"
"TGGCGTGCAGGTCAACAGCTGTGA-1","slingPseudotime_3",20.8636329703483,"B7H3","aucell_cytotoxic_score",0,"cytotoxic"
"TGGCGTGCATTGAGATAGCTGTGA-1","slingPseudotime_2",42.5028366748058,"B7H3","aucell_exhausted_score",0.162190626645603,"exhausted"
"TGGCGTGCATTGAGATAGCTGTGA-1","slingPseudotime_2",42.5028366748058,"B7H3","aucell_proliferating_score",0.201052631578947,"proliferating"
"TGGCGTGCATTGAGATAGCTGTGA-1","slingPseudotime_2",42.5028366748058,"B7H3","aucell_naive_memory_score",0,"naive_memory"
"TGGCGTGCATTGAGATAGCTGTGA-1","slingPseudotime_2",42.5028366748058,"B7H3","aucell_cytotoxic_score",0.0289626119010005,"cytotoxic"
"TGGGCGTAGGATTAGCAGCTGTGA-1","slingPseudotime_1",53.6884503474256,"B7H3","aucell_exhausted_score",0.164296998420221,"exhausted"
"TGGGCGTAGGATTAGCAGCTGTGA-1","slingPseudotime_1",53.6884503474256,"B7H3","aucell_proliferating_score",0,"proliferating"
"TGGGCGTAGGATTAGCAGCTGTGA-1","slingPseudotime_1",53.6884503474256,"B7H3","aucell_naive_memory_score",0.0229473684210526,"naive_memory"
"TGGGCGTAGGATTAGCAGCTGTGA-1","slingPseudotime_1",53.6884503474256,"B7H3","aucell_cytotoxic_score",0.157275759171494,"cytotoxic"
"TGTAACCGTACCGCACAGCTGTGA-1","slingPseudotime_1",17.3017672111578,"B7H3","aucell_exhausted_score",0.212041425311567,"exhausted"
"TGTAACCGTACCGCACAGCTGTGA-1","slingPseudotime_1",17.3017672111578,"B7H3","aucell_proliferating_score",0,"proliferating"
"TGTAACCGTACCGCACAGCTGTGA-1","slingPseudotime_1",17.3017672111578,"B7H3","aucell_naive_memory_score",0,"naive_memory"
"TGTAACCGTACCGCACAGCTGTGA-1","slingPseudotime_1",17.3017672111578,"B7H3","aucell_cytotoxic_score",0.160961909777076,"cytotoxic"
"TGTAACCGTACCGCACAGCTGTGA-1","slingPseudotime_2",17.3543202888378,"B7H3","aucell_exhausted_score",0.212041425311567,"exhausted"
"TGTAACCGTACCGCACAGCTGTGA-1","slingPseudotime_2",17.3543202888378,"B7H3","aucell_proliferating_score",0,"proliferating"
"TGTAACCGTACCGCACAGCTGTGA-1","slingPseudotime_2",17.3543202888378,"B7H3","aucell_naive_memory_score",0,"naive_memory"
"TGTAACCGTACCGCACAGCTGTGA-1","slingPseudotime_2",17.3543202888378,"B7H3","aucell_cytotoxic_score",0.160961909777076,"cytotoxic"
"TGTAACCGTACCGCACAGCTGTGA-1","slingPseudotime_3",17.5663473740931,"B7H3","aucell_exhausted_score",0.212041425311567,"exhausted"
"TGTAACCGTACCGCACAGCTGTGA-1","slingPseudotime_3",17.5663473740931,"B7H3","aucell_proliferating_score",0,"proliferating"
"TGTAACCGTACCGCACAGCTGTGA-1","slingPseudotime_3",17.5663473740931,"B7H3","aucell_naive_memory_score",0,"naive_memory"
"TGTAACCGTACCGCACAGCTGTGA-1","slingPseudotime_3",17.5663473740931,"B7H3","aucell_cytotoxic_score",0.160961909777076,"cytotoxic"
"TGTAACTTCATGCATTAGCTGTGA-1","slingPseudotime_1",47.2939710489189,"B7H3","aucell_exhausted_score",0.16341934351413,"exhausted"
"TGTAACTTCATGCATTAGCTGTGA-1","slingPseudotime_1",47.2939710489189,"B7H3","aucell_proliferating_score",0.635578947368421,"proliferating"
"TGTAACTTCATGCATTAGCTGTGA-1","slingPseudotime_1",47.2939710489189,"B7H3","aucell_naive_memory_score",0,"naive_memory"
"TGTAACTTCATGCATTAGCTGTGA-1","slingPseudotime_1",47.2939710489189,"B7H3","aucell_cytotoxic_score",0.093909074951729,"cytotoxic"
"TGTAATGAGTCGCGAAAGCTGTGA-1","slingPseudotime_1",53.6884503474256,"B7H3","aucell_exhausted_score",0.295594172371424,"exhausted"
"TGTAATGAGTCGCGAAAGCTGTGA-1","slingPseudotime_1",53.6884503474256,"B7H3","aucell_proliferating_score",0.112,"proliferating"
"TGTAATGAGTCGCGAAAGCTGTGA-1","slingPseudotime_1",53.6884503474256,"B7H3","aucell_naive_memory_score",0,"naive_memory"
"TGTAATGAGTCGCGAAAGCTGTGA-1","slingPseudotime_1",53.6884503474256,"B7H3","aucell_cytotoxic_score",0.144286466561348,"cytotoxic"
"TGTGGCGCATCACGAAAGCTGTGA-1","slingPseudotime_2",47.7253992937213,"B7H3","aucell_exhausted_score",0.202387221344567,"exhausted"
"TGTGGCGCATCACGAAAGCTGTGA-1","slingPseudotime_2",47.7253992937213,"B7H3","aucell_proliferating_score",0,"proliferating"
"TGTGGCGCATCACGAAAGCTGTGA-1","slingPseudotime_2",47.7253992937213,"B7H3","aucell_naive_memory_score",0.255157894736842,"naive_memory"
"TGTGGCGCATCACGAAAGCTGTGA-1","slingPseudotime_2",47.7253992937213,"B7H3","aucell_cytotoxic_score",0.166578901176058,"cytotoxic"
"TGTGGGTCAGGAGCAAAGCTGTGA-1","slingPseudotime_1",21.1922703318791,"B7H3","aucell_exhausted_score",0.151483236791294,"exhausted"
"TGTGGGTCAGGAGCAAAGCTGTGA-1","slingPseudotime_1",21.1922703318791,"B7H3","aucell_proliferating_score",0,"proliferating"
"TGTGGGTCAGGAGCAAAGCTGTGA-1","slingPseudotime_1",21.1922703318791,"B7H3","aucell_naive_memory_score",0,"naive_memory"
"TGTGGGTCAGGAGCAAAGCTGTGA-1","slingPseudotime_1",21.1922703318791,"B7H3","aucell_cytotoxic_score",0,"cytotoxic"
"TGTGGGTCAGGAGCAAAGCTGTGA-1","slingPseudotime_2",21.0022167527319,"B7H3","aucell_exhausted_score",0.151483236791294,"exhausted"
"TGTGGGTCAGGAGCAAAGCTGTGA-1","slingPseudotime_2",21.0022167527319,"B7H3","aucell_proliferating_score",0,"proliferating"
"TGTGGGTCAGGAGCAAAGCTGTGA-1","slingPseudotime_2",21.0022167527319,"B7H3","aucell_naive_memory_score",0,"naive_memory"
"TGTGGGTCAGGAGCAAAGCTGTGA-1","slingPseudotime_2",21.0022167527319,"B7H3","aucell_cytotoxic_score",0,"cytotoxic"
"TGTGGGTCAGGAGCAAAGCTGTGA-1","slingPseudotime_3",21.3353277551625,"B7H3","aucell_exhausted_score",0.151483236791294,"exhausted"
"TGTGGGTCAGGAGCAAAGCTGTGA-1","slingPseudotime_3",21.3353277551625,"B7H3","aucell_proliferating_score",0,"proliferating"
"TGTGGGTCAGGAGCAAAGCTGTGA-1","slingPseudotime_3",21.3353277551625,"B7H3","aucell_naive_memory_score",0,"naive_memory"
"TGTGGGTCAGGAGCAAAGCTGTGA-1","slingPseudotime_3",21.3353277551625,"B7H3","aucell_cytotoxic_score",0,"cytotoxic"
"TGTGTGACATCACGCCAGCTGTGA-1","slingPseudotime_1",51.8081905070581,"B7H3","aucell_exhausted_score",0.311040898718624,"exhausted"
"TGTGTGACATCACGCCAGCTGTGA-1","slingPseudotime_1",51.8081905070581,"B7H3","aucell_proliferating_score",0.135578947368421,"proliferating"
"TGTGTGACATCACGCCAGCTGTGA-1","slingPseudotime_1",51.8081905070581,"B7H3","aucell_naive_memory_score",0.138736842105263,"naive_memory"
"TGTGTGACATCACGCCAGCTGTGA-1","slingPseudotime_1",51.8081905070581,"B7H3","aucell_cytotoxic_score",0,"cytotoxic"
"TGTTCAAGTTTGCATAAGCTGTGA-1","slingPseudotime_1",18.4327112091326,"B7H3","aucell_exhausted_score",0.152360891697385,"exhausted"
"TGTTCAAGTTTGCATAAGCTGTGA-1","slingPseudotime_1",18.4327112091326,"B7H3","aucell_proliferating_score",0,"proliferating"
"TGTTCAAGTTTGCATAAGCTGTGA-1","slingPseudotime_1",18.4327112091326,"B7H3","aucell_naive_memory_score",0.0997894736842105,"naive_memory"
"TGTTCAAGTTTGCATAAGCTGTGA-1","slingPseudotime_1",18.4327112091326,"B7H3","aucell_cytotoxic_score",0.0979462875197472,"cytotoxic"
"TGTTCAAGTTTGCATAAGCTGTGA-1","slingPseudotime_2",30.2003145105123,"B7H3","aucell_exhausted_score",0.152360891697385,"exhausted"
"TGTTCAAGTTTGCATAAGCTGTGA-1","slingPseudotime_2",30.2003145105123,"B7H3","aucell_proliferating_score",0,"proliferating"
"TGTTCAAGTTTGCATAAGCTGTGA-1","slingPseudotime_2",30.2003145105123,"B7H3","aucell_naive_memory_score",0.0997894736842105,"naive_memory"
"TGTTCAAGTTTGCATAAGCTGTGA-1","slingPseudotime_2",30.2003145105123,"B7H3","aucell_cytotoxic_score",0.0979462875197472,"cytotoxic"
"TGTTCAAGTTTGCATAAGCTGTGA-1","slingPseudotime_3",18.8926380337817,"B7H3","aucell_exhausted_score",0.152360891697385,"exhausted"
"TGTTCAAGTTTGCATAAGCTGTGA-1","slingPseudotime_3",18.8926380337817,"B7H3","aucell_proliferating_score",0,"proliferating"
"TGTTCAAGTTTGCATAAGCTGTGA-1","slingPseudotime_3",18.8926380337817,"B7H3","aucell_naive_memory_score",0.0997894736842105,"naive_memory"
"TGTTCAAGTTTGCATAAGCTGTGA-1","slingPseudotime_3",18.8926380337817,"B7H3","aucell_cytotoxic_score",0.0979462875197472,"cytotoxic"
"TGTTGCATCTAGTTACAGCTGTGA-1","slingPseudotime_2",34.3773719526307,"B7H3","aucell_exhausted_score",0.17114270668773,"exhausted"
"TGTTGCATCTAGTTACAGCTGTGA-1","slingPseudotime_2",34.3773719526307,"B7H3","aucell_proliferating_score",0,"proliferating"
"TGTTGCATCTAGTTACAGCTGTGA-1","slingPseudotime_2",34.3773719526307,"B7H3","aucell_naive_memory_score",0,"naive_memory"
"TGTTGCATCTAGTTACAGCTGTGA-1","slingPseudotime_2",34.3773719526307,"B7H3","aucell_cytotoxic_score",0,"cytotoxic"
"TGTTGGTGTTCGGTATAGCTGTGA-1","slingPseudotime_1",16.656171089572,"B7H3","aucell_exhausted_score",0.214147797086186,"exhausted"
"TGTTGGTGTTCGGTATAGCTGTGA-1","slingPseudotime_1",16.656171089572,"B7H3","aucell_proliferating_score",0,"proliferating"
"TGTTGGTGTTCGGTATAGCTGTGA-1","slingPseudotime_1",16.656171089572,"B7H3","aucell_naive_memory_score",0.295157894736842,"naive_memory"
"TGTTGGTGTTCGGTATAGCTGTGA-1","slingPseudotime_1",16.656171089572,"B7H3","aucell_cytotoxic_score",0,"cytotoxic"
"TGTTGGTGTTCGGTATAGCTGTGA-1","slingPseudotime_2",16.1304740924094,"B7H3","aucell_exhausted_score",0.214147797086186,"exhausted"
"TGTTGGTGTTCGGTATAGCTGTGA-1","slingPseudotime_2",16.1304740924094,"B7H3","aucell_proliferating_score",0,"proliferating"
"TGTTGGTGTTCGGTATAGCTGTGA-1","slingPseudotime_2",16.1304740924094,"B7H3","aucell_naive_memory_score",0.295157894736842,"naive_memory"
"TGTTGGTGTTCGGTATAGCTGTGA-1","slingPseudotime_2",16.1304740924094,"B7H3","aucell_cytotoxic_score",0,"cytotoxic"
"TGTTGGTGTTCGGTATAGCTGTGA-1","slingPseudotime_3",15.8826662648276,"B7H3","aucell_exhausted_score",0.214147797086186,"exhausted"
"TGTTGGTGTTCGGTATAGCTGTGA-1","slingPseudotime_3",15.8826662648276,"B7H3","aucell_proliferating_score",0,"proliferating"
"TGTTGGTGTTCGGTATAGCTGTGA-1","slingPseudotime_3",15.8826662648276,"B7H3","aucell_naive_memory_score",0.295157894736842,"naive_memory"
"TGTTGGTGTTCGGTATAGCTGTGA-1","slingPseudotime_3",15.8826662648276,"B7H3","aucell_cytotoxic_score",0,"cytotoxic"
"TGTTTCGAGCATCTATAGCTGTGA-1","slingPseudotime_1",29.298366019523,"B7H3","aucell_exhausted_score",0.166052308232403,"exhausted"
"TGTTTCGAGCATCTATAGCTGTGA-1","slingPseudotime_1",29.298366019523,"B7H3","aucell_proliferating_score",0.169684210526316,"proliferating"
"TGTTTCGAGCATCTATAGCTGTGA-1","slingPseudotime_1",29.298366019523,"B7H3","aucell_naive_memory_score",0,"naive_memory"
"TGTTTCGAGCATCTATAGCTGTGA-1","slingPseudotime_1",29.298366019523,"B7H3","aucell_cytotoxic_score",0,"cytotoxic"
"TTAACGTTCCAGATAAAGCTGTGA-1","slingPseudotime_1",16.5017860866206,"B7H3","aucell_exhausted_score",0,"exhausted"
"TTAACGTTCCAGATAAAGCTGTGA-1","slingPseudotime_1",16.5017860866206,"B7H3","aucell_proliferating_score",0,"proliferating"
"TTAACGTTCCAGATAAAGCTGTGA-1","slingPseudotime_1",16.5017860866206,"B7H3","aucell_naive_memory_score",0,"naive_memory"
"TTAACGTTCCAGATAAAGCTGTGA-1","slingPseudotime_1",16.5017860866206,"B7H3","aucell_cytotoxic_score",0.081621906266456,"cytotoxic"
"TTAACGTTCCAGATAAAGCTGTGA-1","slingPseudotime_2",16.942689143135,"B7H3","aucell_exhausted_score",0,"exhausted"
"TTAACGTTCCAGATAAAGCTGTGA-1","slingPseudotime_2",16.942689143135,"B7H3","aucell_proliferating_score",0,"proliferating"
"TTAACGTTCCAGATAAAGCTGTGA-1","slingPseudotime_2",16.942689143135,"B7H3","aucell_naive_memory_score",0,"naive_memory"
"TTAACGTTCCAGATAAAGCTGTGA-1","slingPseudotime_2",16.942689143135,"B7H3","aucell_cytotoxic_score",0.081621906266456,"cytotoxic"
"TTAACGTTCCAGATAAAGCTGTGA-1","slingPseudotime_3",16.5727245817243,"B7H3","aucell_exhausted_score",0,"exhausted"
"TTAACGTTCCAGATAAAGCTGTGA-1","slingPseudotime_3",16.5727245817243,"B7H3","aucell_proliferating_score",0,"proliferating"
"TTAACGTTCCAGATAAAGCTGTGA-1","slingPseudotime_3",16.5727245817243,"B7H3","aucell_naive_memory_score",0,"naive_memory"
"TTAACGTTCCAGATAAAGCTGTGA-1","slingPseudotime_3",16.5727245817243,"B7H3","aucell_cytotoxic_score",0.081621906266456,"cytotoxic"
"TTACCATAGATGAAGGAGCTGTGA-1","slingPseudotime_1",42.0979679836569,"B7H3","aucell_exhausted_score",0.165174653326312,"exhausted"
"TTACCATAGATGAAGGAGCTGTGA-1","slingPseudotime_1",42.0979679836569,"B7H3","aucell_proliferating_score",0.697684210526316,"proliferating"
"TTACCATAGATGAAGGAGCTGTGA-1","slingPseudotime_1",42.0979679836569,"B7H3","aucell_naive_memory_score",0,"naive_memory"
"TTACCATAGATGAAGGAGCTGTGA-1","slingPseudotime_1",42.0979679836569,"B7H3","aucell_cytotoxic_score",0,"cytotoxic"
"TTATGGGCATGGATTGAGCTGTGA-1","slingPseudotime_1",17.2543549501186,"B7H3","aucell_exhausted_score",0.253642267860277,"exhausted"
"TTATGGGCATGGATTGAGCTGTGA-1","slingPseudotime_1",17.2543549501186,"B7H3","aucell_proliferating_score",0,"proliferating"
"TTATGGGCATGGATTGAGCTGTGA-1","slingPseudotime_1",17.2543549501186,"B7H3","aucell_naive_memory_score",0,"naive_memory"
"TTATGGGCATGGATTGAGCTGTGA-1","slingPseudotime_1",17.2543549501186,"B7H3","aucell_cytotoxic_score",0.207302088818676,"cytotoxic"
"TTATGGGCATGGATTGAGCTGTGA-1","slingPseudotime_2",18.4315771752464,"B7H3","aucell_exhausted_score",0.253642267860277,"exhausted"
"TTATGGGCATGGATTGAGCTGTGA-1","slingPseudotime_2",18.4315771752464,"B7H3","aucell_proliferating_score",0,"proliferating"
"TTATGGGCATGGATTGAGCTGTGA-1","slingPseudotime_2",18.4315771752464,"B7H3","aucell_naive_memory_score",0,"naive_memory"
"TTATGGGCATGGATTGAGCTGTGA-1","slingPseudotime_2",18.4315771752464,"B7H3","aucell_cytotoxic_score",0.207302088818676,"cytotoxic"
"TTATGGGCATGGATTGAGCTGTGA-1","slingPseudotime_3",19.9139811399141,"B7H3","aucell_exhausted_score",0.253642267860277,"exhausted"
"TTATGGGCATGGATTGAGCTGTGA-1","slingPseudotime_3",19.9139811399141,"B7H3","aucell_proliferating_score",0,"proliferating"
"TTATGGGCATGGATTGAGCTGTGA-1","slingPseudotime_3",19.9139811399141,"B7H3","aucell_naive_memory_score",0,"naive_memory"
"TTATGGGCATGGATTGAGCTGTGA-1","slingPseudotime_3",19.9139811399141,"B7H3","aucell_cytotoxic_score",0.207302088818676,"cytotoxic"
"TTCCAACCACACAAATAGCTGTGA-1","slingPseudotime_2",33.088023905768,"B7H3","aucell_exhausted_score",0.190451114621731,"exhausted"
"TTCCAACCACACAAATAGCTGTGA-1","slingPseudotime_2",33.088023905768,"B7H3","aucell_proliferating_score",0,"proliferating"
"TTCCAACCACACAAATAGCTGTGA-1","slingPseudotime_2",33.088023905768,"B7H3","aucell_naive_memory_score",0.0122105263157895,"naive_memory"
"TTCCAACCACACAAATAGCTGTGA-1","slingPseudotime_2",33.088023905768,"B7H3","aucell_cytotoxic_score",0.0746006670177286,"cytotoxic"
"TTCCTCGTCGCCACATAGCTGTGA-1","slingPseudotime_1",71.6216511293417,"B7H3","aucell_exhausted_score",0,"exhausted"
"TTCCTCGTCGCCACATAGCTGTGA-1","slingPseudotime_1",71.6216511293417,"B7H3","aucell_proliferating_score",0.249263157894737,"proliferating"
"TTCCTCGTCGCCACATAGCTGTGA-1","slingPseudotime_1",71.6216511293417,"B7H3","aucell_naive_memory_score",0.185684210526316,"naive_memory"
"TTCCTCGTCGCCACATAGCTGTGA-1","slingPseudotime_1",71.6216511293417,"B7H3","aucell_cytotoxic_score",0.17693522906793,"cytotoxic"
"TTCGATAGTGCGATAAAGCTGTGA-1","slingPseudotime_1",21.5835555039965,"B7H3","aucell_exhausted_score",0.309987712831315,"exhausted"
"TTCGATAGTGCGATAAAGCTGTGA-1","slingPseudotime_1",21.5835555039965,"B7H3","aucell_proliferating_score",0.150105263157895,"proliferating"
"TTCGATAGTGCGATAAAGCTGTGA-1","slingPseudotime_1",21.5835555039965,"B7H3","aucell_naive_memory_score",0,"naive_memory"
"TTCGATAGTGCGATAAAGCTGTGA-1","slingPseudotime_1",21.5835555039965,"B7H3","aucell_cytotoxic_score",0.128488678251711,"cytotoxic"
"TTCGATAGTGCGATAAAGCTGTGA-1","slingPseudotime_2",22.5748480290138,"B7H3","aucell_exhausted_score",0.309987712831315,"exhausted"
"TTCGATAGTGCGATAAAGCTGTGA-1","slingPseudotime_2",22.5748480290138,"B7H3","aucell_proliferating_score",0.150105263157895,"proliferating"
"TTCGATAGTGCGATAAAGCTGTGA-1","slingPseudotime_2",22.5748480290138,"B7H3","aucell_naive_memory_score",0,"naive_memory"
"TTCGATAGTGCGATAAAGCTGTGA-1","slingPseudotime_2",22.5748480290138,"B7H3","aucell_cytotoxic_score",0.128488678251711,"cytotoxic"
"TTCGATAGTGCGATAAAGCTGTGA-1","slingPseudotime_3",25.7746626376997,"B7H3","aucell_exhausted_score",0.309987712831315,"exhausted"
"TTCGATAGTGCGATAAAGCTGTGA-1","slingPseudotime_3",25.7746626376997,"B7H3","aucell_proliferating_score",0.150105263157895,"proliferating"
"TTCGATAGTGCGATAAAGCTGTGA-1","slingPseudotime_3",25.7746626376997,"B7H3","aucell_naive_memory_score",0,"naive_memory"
"TTCGATAGTGCGATAAAGCTGTGA-1","slingPseudotime_3",25.7746626376997,"B7H3","aucell_cytotoxic_score",0.128488678251711,"cytotoxic"
"TTCTCACTCATTAGCTAGCTGTGA-1","slingPseudotime_2",34.0549613236488,"B7H3","aucell_exhausted_score",0.255222046691241,"exhausted"
"TTCTCACTCATTAGCTAGCTGTGA-1","slingPseudotime_2",34.0549613236488,"B7H3","aucell_proliferating_score",0,"proliferating"
"TTCTCACTCATTAGCTAGCTGTGA-1","slingPseudotime_2",34.0549613236488,"B7H3","aucell_naive_memory_score",0,"naive_memory"
"TTCTCACTCATTAGCTAGCTGTGA-1","slingPseudotime_2",34.0549613236488,"B7H3","aucell_cytotoxic_score",0,"cytotoxic"
"TTCTCACTCCGGATAGAGCTGTGA-1","slingPseudotime_2",35.0499250577805,"B7H3","aucell_exhausted_score",0.192381955415131,"exhausted"
"TTCTCACTCCGGATAGAGCTGTGA-1","slingPseudotime_2",35.0499250577805,"B7H3","aucell_proliferating_score",0,"proliferating"
"TTCTCACTCCGGATAGAGCTGTGA-1","slingPseudotime_2",35.0499250577805,"B7H3","aucell_naive_memory_score",0,"naive_memory"
"TTCTCACTCCGGATAGAGCTGTGA-1","slingPseudotime_2",35.0499250577805,"B7H3","aucell_cytotoxic_score",0,"cytotoxic"
"TTGAACAAGATGCTAAAGCTGTGA-1","slingPseudotime_1",17.3790185991409,"B7H3","aucell_exhausted_score",0,"exhausted"
"TTGAACAAGATGCTAAAGCTGTGA-1","slingPseudotime_1",17.3790185991409,"B7H3","aucell_proliferating_score",0.0709473684210526,"proliferating"
"TTGAACAAGATGCTAAAGCTGTGA-1","slingPseudotime_1",17.3790185991409,"B7H3","aucell_naive_memory_score",0,"naive_memory"
"TTGAACAAGATGCTAAAGCTGTGA-1","slingPseudotime_1",17.3790185991409,"B7H3","aucell_cytotoxic_score",0,"cytotoxic"
"TTGAACAAGATGCTAAAGCTGTGA-1","slingPseudotime_2",17.8247947061856,"B7H3","aucell_exhausted_score",0,"exhausted"
"TTGAACAAGATGCTAAAGCTGTGA-1","slingPseudotime_2",17.8247947061856,"B7H3","aucell_proliferating_score",0.0709473684210526,"proliferating"
"TTGAACAAGATGCTAAAGCTGTGA-1","slingPseudotime_2",17.8247947061856,"B7H3","aucell_naive_memory_score",0,"naive_memory"
"TTGAACAAGATGCTAAAGCTGTGA-1","slingPseudotime_2",17.8247947061856,"B7H3","aucell_cytotoxic_score",0,"cytotoxic"
"TTGAACAAGATGCTAAAGCTGTGA-1","slingPseudotime_3",18.0979358602774,"B7H3","aucell_exhausted_score",0,"exhausted"
"TTGAACAAGATGCTAAAGCTGTGA-1","slingPseudotime_3",18.0979358602774,"B7H3","aucell_proliferating_score",0.0709473684210526,"proliferating"
"TTGAACAAGATGCTAAAGCTGTGA-1","slingPseudotime_3",18.0979358602774,"B7H3","aucell_naive_memory_score",0,"naive_memory"
"TTGAACAAGATGCTAAAGCTGTGA-1","slingPseudotime_3",18.0979358602774,"B7H3","aucell_cytotoxic_score",0,"cytotoxic"
"TTGAGCGAGGTTAGACAGCTGTGA-1","slingPseudotime_3",47.4228912199956,"B7H3","aucell_exhausted_score",0,"exhausted"
"TTGAGCGAGGTTAGACAGCTGTGA-1","slingPseudotime_3",47.4228912199956,"B7H3","aucell_proliferating_score",0,"proliferating"
"TTGAGCGAGGTTAGACAGCTGTGA-1","slingPseudotime_3",47.4228912199956,"B7H3","aucell_naive_memory_score",0.132,"naive_memory"
"TTGAGCGAGGTTAGACAGCTGTGA-1","slingPseudotime_3",47.4228912199956,"B7H3","aucell_cytotoxic_score",0.0649464630507285,"cytotoxic"
"TTGAGTAAGCTAAGTAAGCTGTGA-1","slingPseudotime_1",17.3978639919818,"B7H3","aucell_exhausted_score",0.132876952782166,"exhausted"
"TTGAGTAAGCTAAGTAAGCTGTGA-1","slingPseudotime_1",17.3978639919818,"B7H3","aucell_proliferating_score",0,"proliferating"
"TTGAGTAAGCTAAGTAAGCTGTGA-1","slingPseudotime_1",17.3978639919818,"B7H3","aucell_naive_memory_score",0.0621052631578947,"naive_memory"
"TTGAGTAAGCTAAGTAAGCTGTGA-1","slingPseudotime_1",17.3978639919818,"B7H3","aucell_cytotoxic_score",0.250658241179568,"cytotoxic"
"TTGAGTAAGCTAAGTAAGCTGTGA-1","slingPseudotime_2",17.4462186823622,"B7H3","aucell_exhausted_score",0.132876952782166,"exhausted"
"TTGAGTAAGCTAAGTAAGCTGTGA-1","slingPseudotime_2",17.4462186823622,"B7H3","aucell_proliferating_score",0,"proliferating"
"TTGAGTAAGCTAAGTAAGCTGTGA-1","slingPseudotime_2",17.4462186823622,"B7H3","aucell_naive_memory_score",0.0621052631578947,"naive_memory"
"TTGAGTAAGCTAAGTAAGCTGTGA-1","slingPseudotime_2",17.4462186823622,"B7H3","aucell_cytotoxic_score",0.250658241179568,"cytotoxic"
"TTGAGTAAGCTAAGTAAGCTGTGA-1","slingPseudotime_3",16.813386935877,"B7H3","aucell_exhausted_score",0.132876952782166,"exhausted"
"TTGAGTAAGCTAAGTAAGCTGTGA-1","slingPseudotime_3",16.813386935877,"B7H3","aucell_proliferating_score",0,"proliferating"
"TTGAGTAAGCTAAGTAAGCTGTGA-1","slingPseudotime_3",16.813386935877,"B7H3","aucell_naive_memory_score",0.0621052631578947,"naive_memory"
"TTGAGTAAGCTAAGTAAGCTGTGA-1","slingPseudotime_3",16.813386935877,"B7H3","aucell_cytotoxic_score",0.250658241179568,"cytotoxic"
"TTGCTCAAGGTGCACAAGCTGTGA-1","slingPseudotime_1",17.4293812340489,"B7H3","aucell_exhausted_score",0.0394944707740916,"exhausted"
"TTGCTCAAGGTGCACAAGCTGTGA-1","slingPseudotime_1",17.4293812340489,"B7H3","aucell_proliferating_score",0,"proliferating"
"TTGCTCAAGGTGCACAAGCTGTGA-1","slingPseudotime_1",17.4293812340489,"B7H3","aucell_naive_memory_score",0.088,"naive_memory"
"TTGCTCAAGGTGCACAAGCTGTGA-1","slingPseudotime_1",17.4293812340489,"B7H3","aucell_cytotoxic_score",0.497279269791118,"cytotoxic"
"TTGCTCAAGGTGCACAAGCTGTGA-1","slingPseudotime_2",28.0028490479331,"B7H3","aucell_exhausted_score",0.0394944707740916,"exhausted"
"TTGCTCAAGGTGCACAAGCTGTGA-1","slingPseudotime_2",28.0028490479331,"B7H3","aucell_proliferating_score",0,"proliferating"
"TTGCTCAAGGTGCACAAGCTGTGA-1","slingPseudotime_2",28.0028490479331,"B7H3","aucell_naive_memory_score",0.088,"naive_memory"
"TTGCTCAAGGTGCACAAGCTGTGA-1","slingPseudotime_2",28.0028490479331,"B7H3","aucell_cytotoxic_score",0.497279269791118,"cytotoxic"
"TTGCTCAAGGTGCACAAGCTGTGA-1","slingPseudotime_3",20.208126966901,"B7H3","aucell_exhausted_score",0.0394944707740916,"exhausted"
"TTGCTCAAGGTGCACAAGCTGTGA-1","slingPseudotime_3",20.208126966901,"B7H3","aucell_proliferating_score",0,"proliferating"
"TTGCTCAAGGTGCACAAGCTGTGA-1","slingPseudotime_3",20.208126966901,"B7H3","aucell_naive_memory_score",0.088,"naive_memory"
"TTGCTCAAGGTGCACAAGCTGTGA-1","slingPseudotime_3",20.208126966901,"B7H3","aucell_cytotoxic_score",0.497279269791118,"cytotoxic"
"TTGTCAGTCAGGTCGAAGCTGTGA-1","slingPseudotime_1",17.5759107075807,"B7H3","aucell_exhausted_score",0.158504476040021,"exhausted"
"TTGTCAGTCAGGTCGAAGCTGTGA-1","slingPseudotime_1",17.5759107075807,"B7H3","aucell_proliferating_score",0,"proliferating"
"TTGTCAGTCAGGTCGAAGCTGTGA-1","slingPseudotime_1",17.5759107075807,"B7H3","aucell_naive_memory_score",0,"naive_memory"
"TTGTCAGTCAGGTCGAAGCTGTGA-1","slingPseudotime_1",17.5759107075807,"B7H3","aucell_cytotoxic_score",0.160786378795857,"cytotoxic"
"TTGTCAGTCAGGTCGAAGCTGTGA-1","slingPseudotime_2",30.1327564942983,"B7H3","aucell_exhausted_score",0.158504476040021,"exhausted"
"TTGTCAGTCAGGTCGAAGCTGTGA-1","slingPseudotime_2",30.1327564942983,"B7H3","aucell_proliferating_score",0,"proliferating"
"TTGTCAGTCAGGTCGAAGCTGTGA-1","slingPseudotime_2",30.1327564942983,"B7H3","aucell_naive_memory_score",0,"naive_memory"
"TTGTCAGTCAGGTCGAAGCTGTGA-1","slingPseudotime_2",30.1327564942983,"B7H3","aucell_cytotoxic_score",0.160786378795857,"cytotoxic"
"TTGTCAGTCAGGTCGAAGCTGTGA-1","slingPseudotime_3",19.2125923240019,"B7H3","aucell_exhausted_score",0.158504476040021,"exhausted"
"TTGTCAGTCAGGTCGAAGCTGTGA-1","slingPseudotime_3",19.2125923240019,"B7H3","aucell_proliferating_score",0,"proliferating"
"TTGTCAGTCAGGTCGAAGCTGTGA-1","slingPseudotime_3",19.2125923240019,"B7H3","aucell_naive_memory_score",0,"naive_memory"
"TTGTCAGTCAGGTCGAAGCTGTGA-1","slingPseudotime_3",19.2125923240019,"B7H3","aucell_cytotoxic_score",0.160786378795857,"cytotoxic"
"TTGTCAGTCGGTAAGTAGCTGTGA-1","slingPseudotime_1",48.8217032540175,"B7H3","aucell_exhausted_score",0.39266280498508,"exhausted"
"TTGTCAGTCGGTAAGTAGCTGTGA-1","slingPseudotime_1",48.8217032540175,"B7H3","aucell_proliferating_score",0.130947368421053,"proliferating"
"TTGTCAGTCGGTAAGTAGCTGTGA-1","slingPseudotime_1",48.8217032540175,"B7H3","aucell_naive_memory_score",0,"naive_memory"
"TTGTCAGTCGGTAAGTAGCTGTGA-1","slingPseudotime_1",48.8217032540175,"B7H3","aucell_cytotoxic_score",0.0647709320695103,"cytotoxic"
"TTTCATGCAACCGGATAGCTGTGA-1","slingPseudotime_2",33.560868949,"B7H3","aucell_exhausted_score",0.315429173249078,"exhausted"
"TTTCATGCAACCGGATAGCTGTGA-1","slingPseudotime_2",33.560868949,"B7H3","aucell_proliferating_score",0,"proliferating"
"TTTCATGCAACCGGATAGCTGTGA-1","slingPseudotime_2",33.560868949,"B7H3","aucell_naive_memory_score",0,"naive_memory"
"TTTCATGCAACCGGATAGCTGTGA-1","slingPseudotime_2",33.560868949,"B7H3","aucell_cytotoxic_score",0,"cytotoxic"
