"p_val","avg_log2FC","pct.1","pct.2","p_val_adj","cluster","gene"
0,3.18042912891478,0.91,0.196,0,"0","Tmem119"
0,3.11788610931997,0.862,0.171,0,"0","Siglech"
0,2.47461639423271,0.992,0.352,0,"0","Hexb"
0,2.34762398042189,0.97,0.38,0,"0","Csf1r"
0,3.07602942590395,0.73,0.142,0,"0","Sall1"
0,2.5241001850842,0.806,0.228,0,"0","Fcrls"
0,2.73333676561764,0.768,0.196,0,"0","Slco2b1"
0,1.73674034615413,0.921,0.358,0,"0","Sparc"
0,2.67666458319606,0.926,0.365,0,"0","Vsir"
0,3.36789784848254,0.696,0.136,0,"0","P2ry13"
0,2.67294125699159,0.83,0.278,0,"0","Selplg"
0,1.13550334961781,0.945,0.403,0,"0","C1qa"
0,2.28656005218787,0.757,0.217,0,"0","Cfh"
0,2.20605797713712,0.792,0.253,0,"0","Phyhd1"
0,2.42356227756829,0.807,0.273,0,"0","F11r"
0,2.22659209363658,0.788,0.284,0,"0","Tgfbr1"
0,0.63086965936244,0.944,0.441,0,"0","Ctss"
0,0.881402754196003,0.925,0.424,0,"0","C1qb"
0,2.11141407785643,0.851,0.352,0,"0","Rhob"
0,2.79530373759074,0.654,0.156,0,"0","Ptgs1"
0,2.19155807740301,0.766,0.269,0,"0","Hpgds"
0,2.24689814752699,0.988,0.492,0,"0","Cst3"
0,1.60334629960374,0.9,0.407,0,"0","Cd81"
0,2.13438561250478,0.902,0.424,0,"0","Jun"
0,1.88441840940851,0.751,0.292,0,"0","Csf3r"
0,3.15451426892402,0.57,0.111,0,"0","Gpr34"
0,3.25665902540968,0.563,0.107,0,"0","Ifitm10"
0,2.11172968048403,0.73,0.274,0,"0","Rnase4"
0,1.63213248953468,0.842,0.392,0,"0","Bin1"
0,1.99415617672514,0.94,0.492,0,"0","Serinc3"
0,2.31820372472324,0.674,0.228,0,"0","Hspa1a"
0,1.63429946521098,0.886,0.44,0,"0","Abhd12"
0,1.75681842924643,0.751,0.31,0,"0","Itgam"
0,1.86605496798812,0.745,0.306,0,"0","Ccr5"
0,1.24652051059657,0.855,0.419,0,"0","Selenop"
0,2.63453702430974,0.727,0.294,0,"0","Txnip"
0,2.67795235473723,0.581,0.148,0,"0","Golm1"
0,1.97702316595536,0.757,0.325,0,"0","Bin2"
0,1.91181720298655,0.824,0.392,0,"0","Ivns1abp"
0,1.77088021229845,0.732,0.302,0,"0","Itgb5"
0,1.70822503242567,0.777,0.35,0,"0","Fcgr3"
0,1.820564828578,0.742,0.318,0,"0","Lgmn"
0,2.01337080909131,0.748,0.327,0,"0","Elmo1"
0,2.12146931102744,0.681,0.261,0,"0","Adap2"
0,1.98578928730041,0.67,0.251,0,"0","Cd33"
0,1.72845665892589,0.785,0.366,0,"0","Kctd12"
0,2.07712033180194,0.651,0.233,0,"0","Rab3il1"
0,2.04533838036104,0.696,0.281,0,"0","Mafb"
0,2.37123171537983,0.616,0.203,0,"0","Hspa1b"
0,1.75466955329,0.81,0.398,0,"0","Inpp5d"
0,1.8069462164181,0.714,0.302,0,"0","Pla2g15"
0,1.81929839434104,0.699,0.29,0,"0","Epb41l2"
0,2.37323183682225,0.619,0.211,0,"0","Mertk"
0,0.502014741131096,0.616,0.208,0,"0","Ighm"
0,1.16190762372124,0.777,0.374,0,"0","Aif1"
0,1.88937174860959,0.712,0.316,0,"0","Sgk1"
0,2.07227703824962,0.575,0.179,0,"0","St3gal6"
0,1.63221980226652,0.755,0.36,0,"0","Bmp2k"
0,1.67472184286194,0.813,0.418,0,"0","Smap2"
0,1.86901136855025,0.72,0.326,0,"0","Rgs10"
0,1.4145197900021,0.816,0.424,0,"0","Marcks"
0,1.29944178933946,0.939,0.55,0,"0","Laptm5"
0,2.52325346941383,0.728,0.343,0,"0","Hsp90aa1"
0,1.98897966643755,0.697,0.312,0,"0","Cyth4"
0,1.46727796376175,0.746,0.364,0,"0","Pld4"
0,2.04521344954285,0.615,0.242,0,"0","Eeig2"
0,2.24462099901729,0.63,0.259,0,"0","Mylip"
0,2.12644690211347,0.585,0.217,0,"0","Ints6l"
0,1.67462051199553,0.763,0.396,0,"0","Atf3"
0,2.0814795687752,0.554,0.188,0,"0","Pde3b"
0,2.33170374453638,0.585,0.222,0,"0","Adrb2"
0,1.95478311102966,0.702,0.34,0,"0","Klf2"
0,1.51388546749439,0.772,0.411,0,"0","Snx29"
0,1.54324729178297,0.723,0.364,0,"0","Arhgap45"
0,1.46449345552775,0.683,0.327,0,"0","Ly86"
0,1.49759747121813,0.681,0.326,0,"0","Anxa3"
0,1.86992579819838,0.807,0.454,0,"0","Btg2"
0,2.49081937566291,0.511,0.158,0,"0","Gtf2h2"
0,2.52028963098493,0.505,0.154,0,"0","Gna15"
0,1.85084640687481,0.612,0.262,0,"0","Bhlhe41"
0,1.70436938328661,0.568,0.219,0,"0","Soga1"
0,1.9541527543007,0.645,0.299,0,"0","Cmtm6"
0,2.00865206988451,0.579,0.234,0,"0","Dtx4"
0,1.60679871260776,0.667,0.324,0,"0","Egr1"
0,1.84349586831104,0.635,0.295,0,"0","Apbb1ip"
0,1.65021880718824,0.642,0.305,0,"0","Fmnl3"
0,0.976924335851424,0.862,0.525,0,"0","Qki"
0,1.81344087531107,0.532,0.198,0,"0","Rasgrp3"
0,1.83138979730164,0.584,0.254,0,"0","Entpd1"
0,1.86853550530186,0.618,0.289,0,"0","Rgs2"
0,1.67000340196741,0.63,0.307,0,"0","Unc93b1"
0,1.92914556812366,0.621,0.301,0,"0","Fam91a1"
0,1.54486865952284,0.618,0.304,0,"0","Camk1"
0,1.934500103187,0.52,0.208,0,"0","Rasal3"
0,0.773820782517259,0.777,0.465,0,"0","Plek"
0,1.72132500814255,0.617,0.305,0,"0","Nckap1l"
0,0.822846261729911,0.709,0.397,0,"0","Cd9"
0,1.72668190981962,0.547,0.238,0,"0","Frmd4a"
0,1.20283565088601,0.761,0.458,0,"0","Arrb2"
0,1.72830326496685,0.505,0.204,0,"0","Mtus1"
0,1.39011963966739,0.583,0.287,0,"0","Ifngr1"
0,0.557975932162793,0.662,0.37,0,"0","Mpeg1"
0,1.26590701339142,0.685,0.396,0,"0","Cyfip1"
0,1.40829884284328,0.613,0.325,0,"0","Mef2a"
0,1.41695887605842,0.556,0.269,0,"0","Daglb"
0,1.56324055583168,0.554,0.27,0,"0","Dock10"
0,1.47730919810128,0.87,0.587,0,"0","Jund"
0,1.60889572530264,0.546,0.266,0,"0","Sirpa"
0,1.23288158371479,0.531,0.254,0,"0","Iffo1"
0,1.34589747699923,0.658,0.384,0,"0","Ier5"
0,1.10833377309737,0.519,0.246,0,"0","Ccl4"
0,1.33587311821749,0.61,0.338,0,"0","Plxnb2"
0,1.19940307170326,0.523,0.261,0,"0","Rogdi"
0,1.56090620430071,0.507,0.247,0,"0","Ikzf1"
0,1.11926436171385,0.587,0.332,0,"0","Herpud1"
0,1.46069024307222,0.622,0.369,0,"0","Zfand5"
0,1.34322676072601,0.657,0.407,0,"0","Wsb1"
0,1.67795564239882,0.562,0.313,0,"0","Rgs1"
0,1.21390306333359,0.801,0.552,0,"0","Ubc"
0,0.916003630362462,0.605,0.357,0,"0","Ctsa"
0,1.39778257170139,0.506,0.259,0,"0","Tbxas1"
0,1.09477032194045,0.619,0.373,0,"0","Prkcd"
0,1.25675577093206,0.58,0.334,0,"0","Tcn2"
0,1.28280362008943,0.654,0.41,0,"0","Ppp1r15a"
0,1.03031797652882,0.721,0.477,0,"0","Zfp36"
0,0.676695931798621,0.643,0.401,0,"0","Ctsh"
0,1.37144435551829,0.533,0.292,0,"0","Tgfbr2"
0,0.981278538355042,0.611,0.37,0,"0","Fyb"
0,1.15907738548844,0.636,0.397,0,"0","Rrbp1"
0,1.56893869986871,0.581,0.349,0,"0","Mat2a"
0,0.944231512793798,0.571,0.342,0,"0","Gns"
0,1.1995855171619,0.642,0.414,0,"0","Fos"
0,1.19399551368205,0.509,0.281,0,"0","Pfkfb3"
0,1.20900943468231,0.619,0.391,0,"0","Edem1"
0,1.18764701833455,0.527,0.307,0,"0","Csnk1e"
0,0.917926289911843,0.555,0.338,0,"0","Lrp1"
0,0.952969211894692,0.758,0.543,0,"0","Clk1"
0,0.691643030258981,0.526,0.313,0,"0","Irf8"
0,0.975975350982736,0.614,0.402,0,"0","Itm2b"
0,0.909489632326812,0.558,0.348,0,"0","Zfp36l2"
0,0.875815739841209,0.595,0.394,0,"0","Cd53"
0,1.01630018007341,0.507,0.308,0,"0","Cd84"
0,0.571250631327848,0.596,0.404,0,"0","Slc15a3"
0,0.817528314139733,0.63,0.442,0,"0","Ski"
0,0.658042034879675,0.538,0.354,0,"0","Irf5"
0,1.2195112802776,0.506,0.326,0,"0","Snx18"
0,0.631475782447718,0.652,0.474,0,"0","Macf1"
0,0.841119218352396,0.653,0.475,0,"0","Junb"
0,0.737002369204051,0.522,0.355,0,"0","Atp8a1"
0,0.9293314565852,0.523,0.357,0,"0","Efhd2"
0,0.684528119993137,0.573,0.41,0,"0","Evl"
0,0.766826615050553,0.66,0.505,0,"0","Pnrc1"
0,0.989783729170339,0.518,0.363,0,"0","Atp6v0b"
0,0.546396899429516,0.632,0.48,0,"0","Itm2c"
0,0.939145564553069,0.594,0.447,0,"0","Ddx5"
0,0.668404347636369,0.588,0.463,0,"0","Pkn1"
0,0.618364864235811,0.539,0.422,0,"0","Hsp90b1"
0,0.565868824780628,0.534,0.45,0,"0","Ccnl1"
0,2.45619135133477,0.849,0.236,0,"1","Ccl4"
0,2.16020284671179,0.836,0.227,0,"1","Il1a"
0,2.55007311042808,0.921,0.324,0,"1","Egr1"
0,1.46353322402193,0.982,0.391,0,"1","Hexb"
0,2.39377911070982,0.853,0.263,0,"1","Ccl3"
0,1.64072091080314,0.833,0.244,0,"1","Tmem119"
0,2.6624217672732,0.809,0.257,0,"1","Cd83"
0,2.02284200707924,0.945,0.403,0,"1","Atf3"
0,1.40990510076498,0.761,0.22,0,"1","Siglech"
0,1.67805857120117,0.811,0.283,0,"1","Phyhd1"
0,1.48225589973582,0.941,0.417,0,"1","Csf1r"
0,2.2218667160109,0.854,0.331,0,"1","Nfkbiz"
0,2.08537992867561,0.756,0.234,0,"1","Pmp22"
0,2.71665435907837,0.725,0.206,0,"1","Icam1"
0,2.21022591130886,0.835,0.327,0,"1","Herpud1"
0,2.29061257677963,0.689,0.183,0,"1","Gem"
0,1.02254811440478,0.941,0.435,0,"1","C1qa"
0,1.89084111819311,0.88,0.379,0,"1","Rhob"
0,1.18631750621881,0.887,0.394,0,"1","Sparc"
0,2.8688128703924,0.652,0.159,0,"1","Tnf"
0,2.17947391560673,0.724,0.234,0,"1","Ccrl2"
0,1.76798283910108,0.671,0.182,0,"1","Sall1"
0,0.882698602061628,0.939,0.453,0,"1","C1qb"
0,1.59499479185024,0.952,0.47,0,"1","Plek"
0,1.41475917185681,0.874,0.393,0,"1","Slc15a3"
0,2.2522755750376,0.953,0.473,0,"1","Zfp36"
0,1.6095884863427,0.772,0.298,0,"1","Hpgds"
0,1.49311667383527,0.915,0.451,0,"1","Jun"
0,2.21954571932033,0.745,0.282,0,"1","Gadd45b"
0,1.49787831344108,0.775,0.315,0,"1","Tgfbr1"
0,1.47793270260295,0.982,0.522,0,"1","Cst3"
0,0.803106787191608,0.93,0.472,0,"1","Ctss"
0,1.93205151941534,0.839,0.381,0,"1","Ifrd1"
0,2.11973694546578,0.921,0.464,0,"1","Junb"
0,1.35209144476154,0.859,0.403,0,"1","Vsir"
0,2.32849996080502,0.722,0.266,0,"1","Nfkbia"
0,1.46576660123196,0.691,0.236,0,"1","Slco2b1"
0,2.01488918374378,0.749,0.297,0,"1","Nfkbib"
0,1.47328151405977,0.765,0.315,0,"1","Selplg"
0,1.38208362039796,0.701,0.254,0,"1","Cfh"
0,1.164698179991,0.883,0.437,0,"1","Cd81"
0,2.01702310566801,0.723,0.277,0,"1","Pfkfb3"
0,1.93619232071553,0.721,0.276,0,"1","Rasgef1b"
0,1.7202495287529,0.778,0.334,0,"1","Sgk1"
0,2.17475692607608,0.707,0.263,0,"1","Tbc1d10a"
0,1.20922350994584,0.712,0.27,0,"1","Fcrls"
0,1.66299548882415,0.849,0.409,0,"1","Ppp1r15a"
0,1.53813435445408,0.774,0.334,0,"1","Itgam"
0,1.57358080708247,0.792,0.353,0,"1","Kdm6b"
0,1.54171399667226,0.748,0.31,0,"1","Epb41l2"
0,1.52823844650227,0.846,0.411,0,"1","Fos"
0,1.4872348491202,0.775,0.34,0,"1","Lgmn"
0,1.61897269965742,0.757,0.323,0,"1","Pla2g15"
0,1.49779048578117,0.759,0.325,0,"1","Itgb5"
0,1.27188291875109,0.752,0.319,0,"1","Csf3r"
0,1.3714181595431,0.898,0.467,0,"1","Btg2"
0,1.85367771061783,0.704,0.274,0,"1","Daglb"
0,1.62855914243265,0.703,0.273,0,"1","Cd33"
0,1.67728821114786,0.812,0.387,0,"1","Ier5"
0,1.8339182920348,0.824,0.399,0,"1","Id2"
0,1.82726460612112,0.851,0.43,0,"1","Ccnl1"
0,1.34020090115227,0.83,0.417,0,"1","Ivns1abp"
0,1.69795561586435,0.845,0.432,0,"1","Skil"
0,1.81641469067315,0.604,0.191,0,"1","Lag3"
0,1.58048915078951,0.598,0.19,0,"1","Ptgs1"
0,1.60095743968402,0.777,0.371,0,"1","Zfand5"
0,1.27274965693162,0.717,0.312,0,"1","F11r"
0,2.70304486007955,0.588,0.185,0,"1","Hk2"
0,1.85664259881508,0.737,0.335,0,"1","Ier2"
0,1.30032781448051,0.792,0.391,0,"1","Kctd12"
0,1.45031077424197,0.839,0.439,0,"1","Smap2"
0,2.89611331958689,0.507,0.11,0,"1","Adamts1"
0,0.59073880490978,0.836,0.439,0,"1","Ctsz"
0,0.976435838156835,0.817,0.42,0,"1","Bin1"
0,1.75389401784057,0.601,0.206,0,"1","Pde3b"
0,2.03652469806639,0.647,0.252,0,"1","Tnfaip3"
0,1.06174363018125,0.798,0.408,0,"1","Cd9"
0,1.01321559279299,0.858,0.469,0,"1","Abhd12"
0,1.53133020986793,0.736,0.348,0,"1","Zc3h12a"
0,1.66034214873331,0.664,0.279,0,"1","Bhlhe41"
0,2.37972708549515,0.514,0.13,0,"1","Pdgfb"
0,1.36174978361538,0.766,0.383,0,"1","Bmp2k"
0,2.06673706213274,0.68,0.301,0,"1","Ncf1"
0,1.46374694379178,0.728,0.35,0,"1","Irf5"
0,1.62895473124411,0.87,0.492,0,"1","Per1"
0,1.33667773710213,0.557,0.181,0,"1","P2ry13"
0,1.33532333864508,0.664,0.288,0,"1","Adap2"
0,1.27112129346442,0.728,0.353,0,"1","Bin2"
0,1.4534233697511,0.634,0.259,0,"1","Rab3il1"
0,1.25217044026205,0.695,0.32,0,"1","C3ar1"
0,0.905662004860837,0.823,0.449,0,"1","Pik3ap1"
0,1.02722962613723,0.895,0.522,0,"1","Serinc3"
0,1.64944052578235,0.636,0.263,0,"1","Eeig2"
0,1.15542975652077,0.794,0.423,0,"1","Inpp5d"
0,1.6165428105811,0.928,0.557,0,"1","Ubc"
0,1.90348837483846,0.629,0.258,0,"1","Bach1"
0,1.45025697399098,0.78,0.412,0,"1","Wsb1"
0,1.09568602504834,0.754,0.386,0,"1","Pld4"
0,1.55413863334096,0.573,0.205,0,"1","Tagap"
0,0.887628552568491,0.938,0.573,0,"1","Laptm5"
0,0.71611502239328,0.813,0.448,0,"1","Selenop"
0,1.39387910623642,0.652,0.288,0,"1","Cxcl16"
0,1.3152216882074,0.81,0.448,0,"1","Marcks"
0,1.26138584717275,0.717,0.355,0,"1","Elmo1"
0,1.37532802965594,0.682,0.322,0,"1","Fmnl3"
0,0.692820892812649,0.743,0.383,0,"1","Cebpb"
0,2.23297779402436,0.521,0.162,0,"1","Maff"
0,0.974379510322313,0.693,0.336,0,"1","Ccr5"
0,1.13941343961175,0.662,0.307,0,"1","Rnase4"
0,0.721766672051144,0.755,0.4,0,"1","Aif1"
0,1.53234135327282,0.531,0.177,0,"1","Golm1"
0,1.83411162674679,0.554,0.2,0,"1","Smad7"
0,1.99097764228085,0.539,0.19,0,"1","Nfkbid"
0,1.68503239229988,0.579,0.231,0,"1","Ier3"
0,1.39851601051635,0.698,0.352,0,"1","Efhd2"
0,1.15166098496915,0.859,0.514,0,"1","Gna13"
0,1.12159240092783,0.691,0.347,0,"1","Ly86"
0,1.5941596720761,0.612,0.268,0,"1","Gnl3"
0,1.36561982224747,0.665,0.323,0,"1","Plekho2"
0,1.07809831039914,0.662,0.321,0,"1","Rel"
0,1.42010512830571,0.555,0.215,0,"1","Rasgrp3"
0,0.970333697976832,0.881,0.543,0,"1","Qki"
0,0.600454222877126,0.721,0.383,0,"1","Mpeg1"
0,1.04019142151091,0.682,0.346,0,"1","Anxa3"
0,1.12045993451732,0.687,0.352,0,"1","Rgs10"
0,1.84757868303652,0.544,0.212,0,"1","Rab20"
0,1.24675692417434,0.571,0.24,0,"1","Soga1"
0,1.34510421677778,0.57,0.24,0,"1","Ints6l"
0,1.27482519790163,0.666,0.338,0,"1","Mef2a"
0,0.576988364360715,0.738,0.41,0,"1","Grn"
0,0.84534431241993,0.708,0.38,0,"1","Fcgr3"
0,1.34049430766123,0.59,0.262,0,"1","Il21r"
0,1.34684770573135,0.566,0.239,0,"1","Mertk"
0,1.35284005517171,0.697,0.374,0,"1","Vmp1"
0,1.00742541238621,0.858,0.536,0,"1","Mcl1"
0,1.28520602047612,0.575,0.254,0,"1","Frmd4a"
0,1.12641726226277,0.639,0.321,0,"1","Camk1"
0,1.24895388141168,0.662,0.345,0,"1","Dusp1"
0,1.08369442369922,0.727,0.41,0,"1","Cyfip1"
0,1.0139513696254,0.651,0.334,0,"1","Basp1"
0,0.899478755515274,0.751,0.434,0,"1","Snx29"
0,1.61406699270075,0.51,0.197,0,"1","Numb"
0,0.879041590398421,0.674,0.366,0,"1","Ctsa"
0,1.28795721727293,0.587,0.279,0,"1","Sirpa"
0,1.79479716847525,0.566,0.261,0,"1","Mapkapk2"
0,1.47313134249931,0.668,0.364,0,"1","Klf2"
0,1.68888958843343,0.552,0.249,0,"1","H3f3b"
0,1.17908577371175,0.903,0.601,0,"1","Jund"
0,1.49152508440691,0.59,0.29,0,"1","Scpep1"
0,1.13134773248413,0.507,0.208,0,"1","St3gal6"
0,1.22450782818841,0.682,0.384,0,"1","Jmjd1c"
0,1.06721869240935,0.703,0.405,0,"1","Rrbp1"
0,1.4149871291386,0.501,0.214,0,"1","Tlr7"
0,1.12676131632854,0.685,0.399,0,"1","Edem1"
0,0.924821990316197,0.667,0.384,0,"1","Prkcd"
0,1.02540538351882,0.597,0.318,0,"1","Apbb1ip"
0,0.974317734381624,0.52,0.245,0,"1","Ctsl"
0,1.00333901433271,0.604,0.329,0,"1","Unc93b1"
0,1.01701568526982,0.56,0.286,0,"1","Mylip"
0,1.33967096034141,0.504,0.23,0,"1","Tlr2"
0,1.09162426495111,0.549,0.276,0,"1","Entpd1"
0,1.0291715713442,0.596,0.324,0,"1","Cmtm6"
0,0.830572897216617,0.775,0.505,0,"1","Pnrc1"
0,1.12062677323085,0.65,0.38,0,"1","Fosb"
0,0.864311402706614,0.595,0.325,0,"1","Rgs1"
0,1.02849254508349,0.531,0.262,0,"1","Cd86"
0,0.750496750398143,0.588,0.32,0,"1","Irf8"
0,0.645407531949682,0.658,0.391,0,"1","Arhgap45"
0,1.52234859286955,0.52,0.255,0,"1","Mapk6"
0,0.698702626947875,0.742,0.478,0,"1","Arrb2"
0,0.918044632466993,0.71,0.446,0,"1","Ski"
0,0.996301245187927,0.589,0.325,0,"1","Nckap1l"
0,0.946779180003759,0.609,0.347,0,"1","Tcn2"
0,1.30601639759748,0.512,0.252,0,"1","Plekho1"
0,1.16435810410688,0.614,0.355,0,"1","Sh3glb1"
0,0.752197231476396,0.641,0.382,0,"1","Fyb"
0,0.894567405659219,0.612,0.354,0,"1","Plxnb2"
0,1.04690197592845,0.516,0.26,0,"1","Dtx4"
0,1.33206819843142,0.507,0.253,0,"1","Azin1"
0,0.713628371749146,0.57,0.316,0,"1","Mafb"
0,0.714979211060113,0.606,0.353,0,"1","Gns"
0,1.06126624955424,0.563,0.31,0,"1","Sun2"
0,0.957486452705771,0.631,0.38,0,"1","Sema4d"
0,0.6334563066523,0.704,0.453,0,"1","Atp6v0c"
0,0.688683960030877,0.535,0.285,0,"1","Dst"
0,1.13793956054126,0.526,0.276,0,"1","Trib1"
0,0.80984238845306,0.509,0.26,0,"1","H1f4"
0,1.03005937848033,0.626,0.379,0,"1","Bri3"
0,0.977783557507899,0.55,0.304,0,"1","Tgfbr2"
0,0.921883123512194,0.606,0.361,0,"1","Mat2a"
0,0.959264182549312,0.561,0.317,0,"1","Csnk1e"
0,0.671298002100648,0.521,0.277,0,"1","Rogdi"
0,0.759032341167147,0.585,0.344,0,"1","Cyth4"
0,0.724159840083418,0.707,0.466,0,"1","Rap1b"
0,1.2511016571448,0.545,0.307,0,"1","Cltc"
0,0.697853161034271,0.633,0.4,0,"1","Sdcbp"
0,1.05484302128201,0.557,0.327,0,"1","Ube2f"
0,0.897491858162516,0.678,0.448,0,"1","Ddx5"
0,0.803714739857843,0.595,0.365,0,"1","Prex1"
0,1.09375111588305,0.532,0.304,0,"1","Nfe2l2"
0,1.02180477713616,0.523,0.295,0,"1","Lcp2"
0,0.896218898844721,0.592,0.364,0,"1","Arap1"
0,0.906557358839806,0.551,0.326,0,"1","Fam91a1"
0,0.79317635883029,0.715,0.494,0,"1","Rbm39"
0,0.695610751808143,0.563,0.342,0,"1","Man1a"
0,0.945271905036391,0.538,0.322,0,"1","Irak2"
0,0.955515776598001,0.532,0.316,0,"1","Klf6"
0,1.05291332467191,0.509,0.297,0,"1","B4galt1"
0,0.684688365017588,0.766,0.555,0,"1","Clk1"
0,0.763164540441764,0.5,0.291,0,"1","Dock10"
0,0.892146701798133,0.51,0.308,0,"1","Cyrib"
0,0.679692312823822,0.518,0.317,0,"1","Rgs2"
0,0.765709846677487,0.509,0.308,0,"1","Spi1"
0,0.761982151256313,0.504,0.304,0,"1","Ncf2"
0,0.669551858103347,0.593,0.405,0,"1","Wnk1"
0,0.856654676287805,0.511,0.324,0,"1","Gde1"
0,0.808220256326302,0.612,0.427,0,"1","Brd2"
0,0.755162269844944,0.551,0.369,0,"1","Atp6v0b"
0,0.565763816525632,0.502,0.32,0,"1","Cd84"
0,0.724541703348904,0.519,0.337,0,"1","Txnip"
0,0.683293870703319,0.574,0.401,0,"1","Eif1"
0,0.730731731840209,0.551,0.38,0,"1","Hsp90aa1"
0,0.61407977262123,0.704,0.534,0,"1","Srsf5"
0,0.839931738337278,0.559,0.39,0,"1","Irf2bp2"
0,0.601215829084616,0.554,0.389,0,"1","Srsf6"
0,0.632327941941149,0.568,0.421,0,"1","Wdr26"
0,4.48078406808909,0.943,0.106,0,"2","Lgals3"
0,4.35784050436201,0.917,0.093,0,"2","Lyz2"
0,5.60261836047679,0.867,0.051,0,"2","Gpnmb"
0,4.25671101746893,0.838,0.073,0,"2","Lyz1"
0,4.80372150893432,0.831,0.075,0,"2","Fabp5"
0,3.36260273162721,0.969,0.217,0,"2","Apoe"
0,2.8438208379047,0.817,0.096,0,"2","Msrb1"
0,2.74809267048832,0.912,0.201,0,"2","Anxa5"
0,3.92534572637004,0.774,0.067,0,"2","Myof"
0,3.62371254743745,0.803,0.109,0,"2","Plin2"
0,2.99036295394557,0.933,0.243,0,"2","Cstb"
0,2.82468736707212,0.878,0.19,0,"2","Vim"
0,3.18891187351308,0.862,0.178,0,"2","Txn1"
0,2.40082636559842,0.826,0.148,0,"2","Pla2g7"
0,3.25263232713872,0.773,0.108,0,"2","Anxa4"
0,3.13568293306405,0.732,0.076,0,"2","Ms4a7"
0,2.54389092223746,0.942,0.288,0,"2","Npc2"
0,3.83358458525231,0.703,0.054,0,"2","Mgst1"
0,2.87812299048939,0.76,0.114,0,"2","Tmem106a"
0,2.90529126814857,0.967,0.323,0,"2","Ctsb"
0,3.15713485023984,0.78,0.147,0,"2","Lipa"
0,4.60322242427787,0.674,0.042,0,"2","Anpep"
0,2.79117290620708,0.888,0.264,0,"2","Creg1"
0,2.22534519928809,0.881,0.26,0,"2","Gm2a"
0,2.9047611327859,0.881,0.262,0,"2","Cd63"
0,3.85341070054557,0.681,0.063,0,"2","Hpse"
0,3.38417844608447,0.977,0.361,0,"2","Psap"
0,2.46419913260045,0.956,0.344,0,"2","Cd68"
0,2.74783807836437,0.703,0.097,0,"2","Slamf7"
0,3.47491133017016,0.672,0.067,0,"2","Wfdc17"
0,2.27749230226287,0.852,0.25,0,"2","Ninj1"
0,2.34967132473552,0.783,0.182,0,"2","P2rx4"
0,2.23329559575918,0.786,0.189,0,"2","Rnf149"
0,2.5516070729767,0.736,0.14,0,"2","Ms4a6d"
0,2.57328468821243,0.961,0.367,0,"2","Fth1"
0,2.76644837060035,0.73,0.141,0,"2","Pld3"
0,2.18165048307946,0.857,0.268,0,"2","Gpx1"
0,2.1776841838045,0.892,0.304,0,"2","Lamp1"
0,2.34095401567655,0.793,0.214,0,"2","Cyba"
0,1.85276703199496,0.85,0.272,0,"2","Abca1"
0,2.25842496414819,0.816,0.24,0,"2","Dhrs3"
0,1.24838801997932,0.781,0.207,0,"2","Lilrb4a"
0,2.27465815809803,0.751,0.18,0,"2","Cd300a"
0,3.46626708988852,0.637,0.067,0,"2","Vat1"
0,1.93610131582109,0.828,0.26,0,"2","Fcgr2b"
0,1.71900783068904,0.787,0.224,0,"2","Lgals3bp"
0,2.07038843191602,0.858,0.296,0,"2","Akr1a1"
0,1.97695589546166,0.753,0.193,0,"2","Emp3"
0,2.40790493972123,0.736,0.177,0,"2","Prdx1"
0,1.59307817550384,0.851,0.294,0,"2","Slc11a1"
0,3.03971718281456,0.656,0.104,0,"2","Tgm2"
0,2.88374576775489,0.632,0.08,0,"2","Tnfsf13"
0,2.14428876374435,0.917,0.367,0,"2","Ctsd"
0,1.70530942700102,0.783,0.237,0,"2","Fnip2"
0,1.76974188794169,0.924,0.378,0,"2","Sdcbp"
0,2.40601493189668,0.683,0.138,0,"2","Gngt2"
0,3.23996967430318,0.651,0.108,0,"2","Vegfa"
0,1.61973518361154,0.916,0.376,0,"2","Fcer1g"
0,1.88252720640672,0.909,0.369,0,"2","Mpeg1"
0,1.67965826944272,0.969,0.43,0,"2","Ctsz"
0,1.70257461025086,0.909,0.371,0,"2","Cebpb"
0,1.76562335493111,0.742,0.205,0,"2","Axl"
0,1.47049571034238,0.932,0.396,0,"2","Grn"
0,2.4252483345113,0.658,0.127,0,"2","Ly9"
0,1.44286136945065,0.784,0.255,0,"2","Bst2"
0,2.23431439766261,0.666,0.138,0,"2","Plaur"
0,1.33941244303108,0.815,0.287,0,"2","Pim1"
0,4.11798275696877,0.565,0.04,0,"2","Acp5"
0,1.8232698703016,0.697,0.182,0,"2","Prdx5"
0,2.46823899059182,0.983,0.469,0,"2","Ctss"
0,2.022092555295,0.972,0.459,0,"2","Tyrobp"
0,1.68742867907848,0.692,0.181,0,"2","Aldh2"
0,1.46450726085731,0.802,0.298,0,"2","Cd84"
0,1.43315284403306,0.861,0.357,0,"2","Arpc1b"
0,1.18331888950409,0.813,0.312,0,"2","C3ar1"
0,1.55688885766186,0.836,0.336,0,"2","Gns"
0,1.72939247132832,0.685,0.186,0,"2","Osbpl8"
0,1.56546550241803,0.764,0.274,0,"2","Atp6v1b2"
0,1.3375469171777,0.842,0.354,0,"2","Ctsa"
0,1.97598283081105,0.635,0.147,0,"2","Gsto1"
0,2.92109186360559,0.551,0.064,0,"2","Thbs1"
0,2.33882950450513,0.58,0.093,0,"2","Eepd1"
0,2.11571791422565,0.606,0.119,0,"2","Mpp1"
0,1.80712809146506,0.681,0.195,0,"2","Lhfpl2"
0,2.43824756926255,0.594,0.109,0,"2","Gyg"
0,2.31841151950202,0.575,0.091,0,"2","Metrnl"
0,1.09755077398517,0.8,0.317,0,"2","Syk"
0,1.49346645635308,0.881,0.398,0,"2","Ctsh"
0,1.6929029986293,0.633,0.152,0,"2","Adgre5"
0,2.27024489762963,0.591,0.111,0,"2","Cd44"
0,2.65086434232824,0.569,0.09,0,"2","Fcgr4"
0,1.59482356145282,0.729,0.251,0,"2","Tpp1"
0,0.680201733374914,0.872,0.395,0,"2","Slc15a3"
0,2.53056885662673,0.552,0.076,0,"2","Tnfaip2"
0,1.88747424447015,0.676,0.2,0,"2","Cd14"
0,2.95103792551171,0.54,0.064,0,"2","Dnase1l1"
0,1.41428454330151,0.883,0.409,0,"2","Cotl1"
0,1.19555597340568,0.753,0.279,0,"2","Scpep1"
0,2.43191191696517,0.561,0.089,0,"2","Pirb"
0,1.3176844625708,0.648,0.176,0,"2","Fxyd5"
0,1.30397724327362,0.776,0.304,0,"2","Gde1"
0,1.25258296710272,0.818,0.349,0,"2","Vamp8"
0,1.87536571515065,0.639,0.17,0,"2","H2-D1"
0,1.53714865350711,0.683,0.217,0,"2","Sdc3"
0,1.46539109066811,0.659,0.193,0,"2","Ybx1"
0,1.80766867819488,0.618,0.152,0,"2","Esyt1"
0,1.56234164639928,0.904,0.439,0,"2","Atp6v0c"
0,1.32768202437916,0.716,0.251,0,"2","Slfn2"
0,1.27766006778139,0.647,0.183,0,"2","Bhlhe40"
0,1.55942424649781,0.938,0.474,0,"2","Ucp2"
0,1.83846615376371,0.601,0.138,0,"2","Tnfsf12"
0,2.02316027327357,0.583,0.121,0,"2","Sh3bgrl"
0,0.852313311520817,0.833,0.372,0,"2","Fcgr3"
0,2.48705791863546,0.553,0.094,0,"2","Lrp12"
0,2.60018880741599,0.539,0.081,0,"2","Cybb"
0,0.941572214151617,0.796,0.339,0,"2","Srgn"
0,0.733508956261072,0.736,0.28,0,"2","Cd52"
0,2.21280120948831,0.562,0.107,0,"2","Hebp1"
0,1.3726669020081,0.859,0.404,0,"2","B2m"
0,1.54208123536311,0.762,0.308,0,"2","Gabarap"
0,2.43274850619014,0.529,0.076,0,"2","Clec12a"
0,1.33553158510813,0.644,0.192,0,"2","Myo5a"
0,1.20694154246169,0.724,0.273,0,"2","Alox5ap"
0,1.82673831575916,0.586,0.136,0,"2","Iqgap1"
0,1.74948113326743,0.613,0.164,0,"2","Pgam1"
0,1.21159341616885,0.733,0.285,0,"2","Il10rb"
0,1.59293880316281,0.637,0.189,0,"2","Trem2"
0,1.28923772267136,0.632,0.187,0,"2","Tspo"
0,2.36619586938735,0.534,0.091,0,"2","Tgfbi"
0,1.45612235752332,0.638,0.195,0,"2","Peds1"
0,0.996209316440773,0.685,0.244,0,"2","Psmb8"
0,1.81032957608291,0.581,0.14,0,"2","Csf2rb"
0,1.06295048491058,0.806,0.366,0,"2","Bri3"
0,1.10260515744957,0.702,0.265,0,"2","Tuba1c"
0,1.86386751226719,0.586,0.15,0,"2","Hexa"
0,2.15034261070417,0.527,0.092,0,"2","Stom"
0,1.46625703917829,0.71,0.276,0,"2","Itgb2"
0,1.97008573586852,0.555,0.122,0,"2","Uap1l1"
0,1.45806933286826,0.608,0.175,0,"2","Rbms1"
0,0.975074409291892,0.595,0.162,0,"2","S100a11"
0,1.10197598793877,0.889,0.458,0,"2","C1qb"
0,0.841394220793907,0.715,0.285,0,"2","Cxcl16"
0,1.29729168761453,0.719,0.29,0,"2","Nfe2l2"
0,1.36874797253374,0.625,0.197,0,"2","Gpsm3"
0,1.23295521405328,0.682,0.256,0,"2","Rab7"
0,2.16790232893054,0.526,0.1,0,"2","Amdhd2"
0,2.11636178366601,0.536,0.111,0,"2","Trim25"
0,1.11949909446356,0.756,0.333,0,"2","Tapbp"
0,0.956665100289175,0.799,0.377,0,"2","Ubl3"
0,1.52570305545618,0.593,0.171,0,"2","Card19"
0,2.1904384386522,0.515,0.094,0,"2","Niban2"
0,1.87425546668867,0.548,0.127,0,"2","Igsf6"
0,1.17908178498576,0.739,0.318,0,"2","Lamp2"
0,1.42708834531911,0.637,0.219,0,"2","Degs1"
0,1.84715245546671,0.515,0.097,0,"2","Iqgap2"
0,1.09589405868743,0.734,0.316,0,"2","Adipor1"
0,1.68867757027558,0.538,0.122,0,"2","Ddhd1"
0,0.603079412542741,0.753,0.337,0,"2","Sgk1"
0,1.06355225646866,0.752,0.336,0,"2","Lrp1"
0,0.985717516113569,0.912,0.498,0,"2","Tpt1"
0,0.963554447464235,0.672,0.259,0,"2","Atp5e"
0,1.08190151978144,0.609,0.196,0,"2","Gla"
0,1.19199388370619,0.645,0.233,0,"2","Timp2"
0,0.878224162876135,0.697,0.285,0,"2","H3f3a"
0,1.44506376119813,0.601,0.19,0,"2","Cdkn1a"
0,0.626557606237132,0.749,0.342,0,"2","Arhgdib"
0,1.07855040772848,0.669,0.263,0,"2","Myo1f"
0,0.82366416167286,0.801,0.397,0,"2","Zeb2"
0,0.8599366980108,0.795,0.391,0,"2","Cd53"
0,0.961023293108731,0.742,0.338,0,"2","Atp6ap2"
0,1.61691993209128,0.527,0.124,0,"2","Tmem65"
0,1.24793371742882,0.619,0.217,0,"2","Ak2"
0,1.15797396594756,0.527,0.126,0,"2","Ifi207"
0,1.43404327886611,0.604,0.205,0,"2","Cd74"
0,1.90204368636778,0.527,0.129,0,"2","Rnh1"
0,0.785735066472681,0.739,0.344,0,"2","Lcp1"
0,0.946199080758636,0.675,0.281,0,"2","Grina"
0,0.821416635281731,0.87,0.476,0,"2","Msn"
0,1.21325425796635,0.579,0.185,0,"2","Atp6v1a"
0,1.50086877815581,0.537,0.144,0,"2","Apobec1"
0,1.38249738613435,0.548,0.158,0,"2","Tmbim1"
0,0.683673740599561,0.697,0.307,0,"2","Rab8b"
0,1.00954538945656,0.645,0.256,0,"2","Adam9"
0,1.80388942958122,0.502,0.114,0,"2","Rilpl2"
0,0.939026597012898,0.651,0.263,0,"2","Tbxas1"
0,0.680190502720066,0.676,0.291,0,"2","Ncf2"
0,1.56267382012654,0.521,0.137,0,"2","Gltp"
0,0.888854408463527,0.659,0.276,0,"2","Tgfb1"
0,0.588819653358456,0.547,0.164,0,"2","Ifitm2"
0,1.14044769588742,0.568,0.187,0,"2","Sik1"
0,1.17181674636394,0.599,0.22,0,"2","Capns1"
0,0.998825785271815,0.609,0.231,0,"2","Sh3bgrl3"
0,1.05415476998418,0.631,0.254,0,"2","Psmd8"
0,1.14142233208262,0.613,0.236,0,"2","Ets2"
0,0.988587230750923,0.732,0.356,0,"2","P4hb"
0,0.760922018418901,0.694,0.318,0,"2","Rgs1"
0,0.882175120234596,0.908,0.533,0,"2","Mcl1"
0,1.49912430035367,0.512,0.137,0,"2","Lrpap1"
0,0.926528763292968,0.696,0.321,0,"2","Nucb1"
0,0.775113217222336,0.629,0.255,0,"2","Ndufa2"
0,0.973811683632474,0.657,0.284,0,"2","Rnasek"
0,0.75745315501006,0.784,0.412,0,"2","Cfl1"
0,1.05399550048255,0.614,0.246,0,"2","Trf"
0,1.49570900882673,0.511,0.144,0,"2","Gng12"
0,0.918438146907848,0.658,0.292,0,"2","Atp2b1"
0,0.740860164151397,0.847,0.481,0,"2","Clta"
0,0.54300407713128,0.94,0.574,0,"2","Laptm5"
0,0.858718396918109,0.705,0.339,0,"2","Capzb"
0,0.981801181487699,0.582,0.217,0,"2","Atp13a2"
0,0.550847232948599,0.744,0.379,0,"2","Prkcd"
0,0.671527185076265,0.673,0.309,0,"2","Mafb"
0,0.805976490889146,0.775,0.411,0,"2","Cd9"
0,1.49769782746881,0.502,0.139,0,"2","Ciao2a"
0,0.656178982195336,0.639,0.276,0,"2","Dusp3"
0,1.12406989915161,0.583,0.22,0,"2","Atp6v0e"
0,0.681832986662641,0.739,0.377,0,"2","BC005537"
0,1.06419599125222,0.53,0.171,0,"2","Diaph1"
0,0.769303298958348,0.677,0.32,0,"2","M6pr"
0,0.749170183992115,0.775,0.418,0,"2","Ly6e"
0,0.961599670535413,0.59,0.234,0,"2","Tmem50a"
0,1.22350116056745,0.512,0.157,0,"2","Cyth1"
0,1.17204641794927,0.557,0.203,0,"2","Zfp703"
0,0.773857268170366,0.583,0.229,0,"2","Sh3bp2"
0,1.22191746936511,0.531,0.178,0,"2","Lmna"
0,1.02064723482265,0.57,0.217,0,"2","Vps26a"
0,0.680876586478005,0.618,0.266,0,"2","Clic4"
0,1.15434123909436,0.517,0.165,0,"2","H2-Ab1"
0,0.903061074636354,0.559,0.208,0,"2","Taldo1"
0,0.871389560585897,0.626,0.275,0,"2","Rtn4"
0,1.13279661151915,0.543,0.194,0,"2","Asah1"
0,1.114505619817,0.594,0.245,0,"2","Ccrl2"
0,0.533197158283196,0.642,0.294,0,"2","Rasa4"
0,0.89285322837819,0.569,0.221,0,"2","Atp6v1c1"
0,0.620473230292518,0.682,0.335,0,"2","Bax"
0,0.653129926244667,0.592,0.245,0,"2","Bcl2l11"
0,0.737053510304551,0.616,0.269,0,"2","Ptpre"
0,0.907292614694396,0.581,0.234,0,"2","Atp6v0d1"
0,1.23932495259256,0.519,0.174,0,"2","Cd48"
0,0.614037923237389,0.795,0.45,0,"2","Cdc42"
0,0.702160026943759,0.695,0.35,0,"2","Sh3glb1"
0,1.09595993625279,0.526,0.182,0,"2","Cmpk1"
0,0.517643024375678,0.719,0.375,0,"2","Fosb"
0,0.944261841466698,0.592,0.248,0,"2","Adgre1"
0,1.09799690491297,0.543,0.2,0,"2","Tmed10"
0,0.711541574079696,0.606,0.263,0,"2","Pycard"
0,0.577796145059036,0.748,0.405,0,"2","Itm2b"
0,0.630294455618698,0.772,0.43,0,"2","Gnai2"
0,0.803308286507222,0.544,0.204,0,"2","Tomm7"
0,1.02586402578971,0.517,0.178,0,"2","Trps1"
0,0.924858742827942,0.523,0.184,0,"2","Cndp2"
0,0.756090004947767,0.59,0.251,0,"2","Tnfrsf1a"
0,1.02632038596637,0.539,0.201,0,"2","Lat2"
0,0.860687185843287,0.565,0.229,0,"2","Ifnar2"
0,0.779159240682831,0.618,0.285,0,"2","Ssr4"
0,0.821054262739904,0.573,0.24,0,"2","Klf4"
0,0.745267765994958,0.568,0.235,0,"2","Grb2"
0,0.92349667086954,0.528,0.196,0,"2","Gab2"
0,0.814964328848205,0.575,0.243,0,"2","Atp6ap1"
0,0.532767621484081,0.553,0.222,0,"2","Abr"
0,0.690294287183031,0.613,0.283,0,"2","Adam17"
0,1.15342367177788,0.547,0.218,0,"2","Spty2d1"
0,0.908472613633259,0.541,0.215,0,"2","Slc39a1"
0,0.686243226073985,0.522,0.196,0,"2","Pik3r5"
0,1.02943275338183,0.512,0.186,0,"2","Cln5"
0,0.639597366211955,0.611,0.286,0,"2","Psenen"
0,0.756478568452991,0.522,0.197,0,"2","Tkt"
0,0.882040747405039,0.506,0.182,0,"2","Tomm6"
0,0.652818133843193,0.635,0.312,0,"2","Rnf130"
0,0.979685816455762,0.524,0.202,0,"2","Nipa2"
0,0.6593006495342,0.636,0.314,0,"2","Atp1b3"
0,0.996788613780873,0.516,0.194,0,"2","Pfkl"
0,0.76093159143563,0.566,0.245,0,"2","Snx3"
0,0.858434921714678,0.558,0.241,0,"2","Arpc2"
0,1.25154215203912,0.504,0.187,0,"2","Hmox1"
0,0.709695752994781,0.589,0.272,0,"2","Rbm7"
0,0.536358585237892,0.529,0.214,0,"2","Rab20"
0,0.762707823447087,0.522,0.207,0,"2","Cd47"
0,0.755199457499961,0.527,0.215,0,"2","Mbnl2"
0,0.640135477284175,0.916,0.605,0,"2","Eef1a1"
0,0.69212316437132,0.553,0.242,0,"2","Lrrc59"
0,0.576666084733794,0.609,0.299,0,"2","Ppib"
0,0.841340511217492,0.502,0.193,0,"2","Txnrd1"
0,0.765891441586246,0.524,0.216,0,"2","Tm6sf1"
0,0.866303311604429,0.505,0.199,0,"2","Hnrnpll"
0,0.554758509474926,0.571,0.265,0,"2","Eloa"
0,0.572833073521431,0.512,0.208,0,"2","Tcirg1"
0,0.612851729731036,0.59,0.286,0,"2","Tatdn2"
0,0.609855853359258,0.512,0.21,0,"2","Cops9"
0,0.685601927391102,0.665,0.363,0,"2","Pdia3"
0,0.614081906357795,0.533,0.231,0,"2","Nrros"
0,0.644953413579137,0.524,0.224,0,"2","H2-K1"
0,0.737116389829982,0.521,0.225,0,"2","Chmp1b"
0,0.59812630956123,0.511,0.218,0,"2","Sypl"
0,0.548838775607028,0.505,0.215,0,"2","Hmgcl"
0,0.549315802057558,0.517,0.23,0,"2","Cox5b"
0,1.46021696760929,0.531,0.245,0,"2","Ctsl"
0,0.581557806932416,0.521,0.236,0,"2","Eif4b"
0,0.515720097818136,0.523,0.239,0,"2","Maea"
0,0.543045004537362,0.525,0.241,0,"2","Man2b2"
0,0.520954357409119,0.542,0.261,0,"2","Slc25a3"
0,0.509169222225533,0.627,0.347,0,"2","Gdi2"
0,0.679281777913147,0.517,0.237,0,"2","Ier3"
0,0.510673543890782,0.511,0.237,0,"2","Ssr3"
0,0.705072527063819,0.517,0.275,0,"2","Pde4b"
0,5.80453349798015,0.815,0.037,0,"3","Camk2n1"
0,5.50415630158544,0.809,0.033,0,"3","Kif5a"
0,4.25965225251324,0.824,0.077,0,"3","Kif5c"
0,3.38633895122059,0.815,0.1,0,"3","mt-Cytb"
0,3.67377817069913,0.773,0.068,0,"3","Mt3"
0,3.6683089104602,0.764,0.076,0,"3","Slc1a2"
0,4.09606583032297,0.787,0.112,0,"3","Ppp1r9b"
0,3.62208778047641,0.712,0.067,0,"3","Aldoc"
0,2.7000171873497,0.74,0.116,0,"3","Snap25"
0,4.78352939545359,0.657,0.039,0,"3","Rapgef4"
0,2.9571709315205,0.712,0.095,0,"3","mt-Nd5"
0,2.98458340358323,0.697,0.091,0,"3","mt-Nd2"
0,3.45991588112024,0.671,0.077,0,"3","Eef1a2"
0,2.949647726112,0.692,0.104,0,"3","Gpm6a"
0,3.45957344175106,0.652,0.068,0,"3","Adcy1"
0,3.00303625623682,0.664,0.082,0,"3","Clu"
0,2.82396950383976,0.694,0.113,0,"3","Sparcl1"
0,4.11368583251827,0.621,0.05,0,"3","Pcsk1n"
0,3.82720642138345,0.632,0.068,0,"3","Kif1a"
0,3.58091927695713,0.688,0.125,0,"3","Calm3"
0,3.4578294569959,0.634,0.074,0,"3","Snrpn"
0,3.45152291922859,0.645,0.086,0,"3","Ppp2r2c"
0,3.99357594188672,0.623,0.067,0,"3","Psd3"
0,2.00667341091195,0.644,0.094,0,"3","Atp1a2"
0,3.72395927313761,0.574,0.044,0,"3","Fam107a"
0,3.92536147886455,0.57,0.053,0,"3","Brsk1"
0,2.88827691877998,0.639,0.128,0,"3","Scn1b"
0,3.43669038678691,0.565,0.068,0,"3","Mapk8ip1"
0,3.26674892268022,0.557,0.062,0,"3","Sptbn2"
0,3.84519966117163,0.546,0.053,0,"3","Dlgap1"
0,2.50153947813926,0.574,0.082,0,"3","Slc1a3"
0,3.73342250962,0.541,0.051,0,"3","Slc17a7"
0,2.06306923375156,0.591,0.104,0,"3","Atp1b2"
0,2.54096213423536,0.561,0.085,0,"3","mt-Nd1"
0,2.6262260724619,0.535,0.062,0,"3","Itpr1"
0,4.51380555947105,0.503,0.034,0,"3","Cdyl"
0,3.7801501379366,0.52,0.054,0,"3","Btbd3"
0,3.32803590780341,0.526,0.064,0,"3","Olfm1"
0,4.16047406541209,0.503,0.041,0,"3","Dlgap3"
0,2.3702287531336,0.547,0.095,0,"3","mt-Co2"
0,3.2207033932223,0.539,0.093,0,"3","Cdk16"
0,2.2583115912857,0.545,0.1,0,"3","Mt2"
0,2.83079606987597,0.518,0.074,0,"3","Rims1"
0,2.60934782925626,0.514,0.07,0,"3","Ttyh1"
0,3.26113868569132,0.556,0.114,0,"3","Akt3"
0,3.28176668157291,0.546,0.106,0,"3","Agap3"
0,3.19920288279695,0.507,0.07,0,"3","Rtn1"
0,3.03188496422226,0.537,0.101,0,"3","Ppp1r16b"
0,2.61439080642814,0.518,0.095,0,"3","mt-Nd6"
0,2.62032661841274,0.507,0.101,0,"3","Atp1a3"
0,2.23917731795102,0.551,0.197,0,"3","Mllt6"
0,2.4549683532811,0.529,0.193,0,"3","Atp5b"
0,2.33193667190936,0.532,0.2,0,"3","Prkcb"
0,2.27112746898429,0.596,0.284,0,"3","Ccni"
0,1.29934951519802,0.518,0.232,0,"3","Mt1"
0,0.695057972251764,0.696,0.41,0,"3","Sparc"
0,2.37456944023694,0.519,0.252,0,"3","Epn1"
0,1.84561035227386,0.503,0.239,0,"3","Dgkz"
0,0.689579631913734,0.696,0.559,0,"3","Qki"
0,5.45698997969325,0.843,0.085,0,"4","Arpp21"
0,4.47721246947255,0.799,0.081,0,"4","Scn8a"
0,4.42330220775206,0.763,0.059,0,"4","Snhg11"
0,4.98198951425362,0.738,0.071,0,"4","Adgrb1"
0,3.92459352089645,0.733,0.093,0,"4","Syt7"
0,2.88855838146744,0.749,0.12,0,"4","Snap25"
0,4.94248570420129,0.654,0.058,0,"4","Kalrn"
0,3.26689559244496,0.745,0.207,0,"4","Luc7l3"
0,3.4360870079762,0.626,0.09,0,"4","Atp1b1"
0,3.41452264986841,0.572,0.068,0,"4","Gria2"
0,5.29595304476312,0.54,0.04,0,"4","Camkv"
0,4.26546601447096,0.547,0.055,0,"4","Kifc2"
0,3.47704502134506,0.568,0.096,0,"4","Rap1gap"
0,3.0826527011875,0.759,0.293,0,"4","Pnisr"
0,4.18703044471418,0.544,0.078,0,"4","Ube2e2"
0,4.59418379436691,0.504,0.047,0,"4","Ahi1"
0,4.12506646229712,0.504,0.054,0,"4","Soga3"
0,3.57922344174889,0.543,0.103,0,"4","Sh3glb2"
0,3.53089096686126,0.51,0.088,0,"4","Tnik"
0,3.07760440821816,0.501,0.079,0,"4","Rims1"
0,2.46578057852974,0.502,0.115,0,"4","mt-Nd5"
0,2.05740795557154,0.506,0.148,0,"4","Ank2"
0,2.53815192232537,0.759,0.402,0,"4","Arglu1"
0,3.07810217266825,0.544,0.19,0,"4","Tspyl2"
0,2.73840949168787,0.644,0.298,0,"4","Map7d1"
0,2.18009867544841,0.56,0.219,0,"4","Sptan1"
0,2.75010677553654,0.563,0.237,0,"4","Pnn"
0,2.68123154954651,0.551,0.23,0,"4","Clasrp"
0,1.5825425933544,0.535,0.298,0,"4","App"
0,1.88814520175011,0.609,0.399,0,"4","Pabpn1"
0,1.99734695217027,0.564,0.367,0,"4","Etnk1"
0,1.95605896749264,0.513,0.361,0,"4","Snrnp70"
0,1.34919974673553,0.658,0.551,0,"4","Rsrp1"
0,2.6676694202628,0.782,0.201,0,"5","Cd74"
0,2.85404295232499,0.73,0.158,0,"5","H2-Ab1"
0,2.89689535468832,0.669,0.137,0,"5","H2-Eb1"
0,3.40313978320282,0.624,0.093,0,"5","Tgfbi"
0,2.77913320307351,0.68,0.152,0,"5","H2-Aa"
0,1.99776492405179,0.733,0.219,0,"5","Lilrb4a"
0,2.1075306952639,0.63,0.124,0,"5","Lyz2"
0,1.67066332634855,0.71,0.245,0,"5","Apoe"
0,2.00675130777991,0.663,0.219,0,"5","Axl"
0,1.57435925160387,0.643,0.229,0,"5","Anxa5"
0,1.67699113417521,0.682,0.27,0,"5","Bst2"
0,1.62611329185747,0.798,0.387,0,"5","Cebpb"
0,1.34501812109323,0.72,0.312,0,"5","Npc2"
0,1.15361109823607,0.793,0.386,0,"5","Fth1"
0,1.2390600092681,0.694,0.29,0,"5","Cd52"
0,1.37262037628425,0.543,0.143,0,"5","Lgals3"
0,2.34406196724801,0.531,0.132,0,"5","Ifi207"
0,1.8336039614822,0.659,0.262,0,"5","Slfn2"
0,1.33302627109838,0.783,0.393,0,"5","Fcer1g"
0,1.73043508027398,0.673,0.288,0,"5","Gpx1"
0,0.716745683191546,0.857,0.474,0,"5","Tyrobp"
0,1.55693981868699,0.674,0.294,0,"5","Cxcl16"
0,0.985166291073869,0.764,0.384,0,"5","Psap"
0,1.4834395829988,0.682,0.303,0,"5","Pim1"
0,1.91060080899439,0.597,0.218,0,"5","Vim"
0,1.92255223467211,0.591,0.212,0,"5","Emp3"
0,1.50903056980671,0.68,0.304,0,"5","Ctsc"
0,2.13756415380077,0.539,0.171,0,"5","Ifitm2"
0,1.25656312111031,0.853,0.487,0,"5","Ucp2"
0,1.99505948662192,0.542,0.182,0,"5","Trps1"
0,2.11723274657084,0.533,0.174,0,"5","Pid1"
0,1.3717337669993,0.644,0.285,0,"5","Gm2a"
0,1.32765935130553,0.63,0.272,0,"5","Cstb"
0,1.59436055281424,0.641,0.285,0,"5","Alox5ap"
0,1.52760231644976,0.63,0.281,0,"5","Fcgr2b"
0,1.17573239332005,0.701,0.352,0,"5","Srgn"
0,1.25312746665035,0.751,0.407,0,"5","Zeb2"
0,1.64154649147925,0.532,0.19,0,"5","Fxyd5"
0,0.989759978225978,0.734,0.394,0,"5","Pld4"
0,1.78409690858772,0.535,0.197,0,"5","H2-DMa"
0,1.1199904152026,0.736,0.398,0,"5","Sdcbp"
0,1.95672048217587,0.501,0.164,0,"5","Ms4a6d"
0,0.535209670968522,0.703,0.369,0,"5","Cd68"
0,1.79335517464478,0.53,0.2,0,"5","Prdx5"
0,0.68276529945715,0.82,0.49,0,"5","Zfp36"
0,1.27920763334386,0.561,0.232,0,"5","Tlr2"
0,0.848952812165345,0.786,0.458,0,"5","Pik3ap1"
0,1.51973778927907,0.542,0.215,0,"5","Cd14"
0,1.18631096859,0.749,0.425,0,"5","Fos"
0,1.2300485809143,0.698,0.375,0,"5","Arpc1b"
0,1.22476465328437,0.656,0.334,0,"5","Syk"
0,0.844725017624666,0.711,0.39,0,"5","Mpeg1"
0,1.54948108192587,0.532,0.214,0,"5","Rnf149"
0,1.13366203496589,0.726,0.408,0,"5","Aif1"
0,1.3233753909418,0.593,0.275,0,"5","Ninj1"
0,1.74498222920038,0.568,0.255,0,"5","Adgre1"
0,1.18784187392788,0.85,0.543,0,"5","Mcl1"
0,1.67737232548468,0.519,0.214,0,"5","Samhd1"
0,1.10109693402396,0.689,0.384,0,"5","Fyb"
0,1.14360630025109,0.73,0.426,0,"5","Ly6e"
0,0.897596005259795,0.717,0.415,0,"5","Ctsh"
0,1.14558695037039,0.662,0.366,0,"5","Vamp8"
0,1.25601852296029,0.599,0.304,0,"5","Nfe2l2"
0,1.40494047163115,0.538,0.246,0,"5","Ets2"
0,0.950630934851863,0.608,0.318,0,"5","Slc11a1"
0,0.827098016598807,0.709,0.42,0,"5","B2m"
0,0.806341635516484,0.798,0.511,0,"5","Tpt1"
0,0.931346505447664,0.919,0.632,0,"5","Tmsb4x"
0,0.946415922550533,0.641,0.355,0,"5","Arhgdib"
0,0.91743750135347,0.615,0.332,0,"5","Plekho2"
0,1.14372640042078,0.6,0.319,0,"5","Mafb"
0,1.09462693800283,0.539,0.26,0,"5","Psmb8"
0,0.891592630052362,0.609,0.333,0,"5","C3ar1"
0,1.20915312520661,0.51,0.235,0,"5","Sdc3"
0,1.11270269330272,0.576,0.304,0,"5","Rasa4"
0,0.732736707324846,0.741,0.474,0,"5","C1qb"
0,1.11730745564799,0.515,0.249,0,"5","Klf4"
0,1.11666766465548,0.566,0.3,0,"5","H3f3a"
0,1.28016705493177,0.502,0.239,0,"5","Sh3bp2"
0,0.971834036749175,0.651,0.39,0,"5","Prkcd"
0,0.961878366477345,0.612,0.351,0,"5","Hcls1"
0,0.962585156919616,0.614,0.354,0,"5","Dusp1"
0,1.18784115494225,0.508,0.251,0,"5","Hck"
0,1.10668133321338,0.618,0.361,0,"5","Zfp36l2"
0,1.24409254402074,0.56,0.304,0,"5","Atp2b1"
0,0.971728521439585,0.561,0.309,0,"5","Spi1"
0,1.18321113096256,0.508,0.256,0,"5","Bcl2l11"
0,1.00647044663458,0.641,0.389,0,"5","Irf2bp2"
0,0.768879851264518,0.634,0.386,0,"5","Fosb"
0,0.810765302374361,0.604,0.358,0,"5","Lcp1"
0,0.802515518194902,0.565,0.322,0,"5","Akr1a1"
0,0.537547939005484,0.607,0.365,0,"5","Irf5"
0,1.03292987822844,0.518,0.278,0,"5","Myo1f"
0,0.962282370791104,0.535,0.296,0,"5","Rasgef1b"
0,0.676426586780242,0.57,0.332,0,"5","Lamp1"
0,1.00120178300448,0.519,0.282,0,"5","Tuba1c"
0,0.900658520773024,0.541,0.305,0,"5","Ncf2"
0,0.804428763530938,0.584,0.349,0,"5","Ccr5"
0,0.841973044283802,0.516,0.281,0,"5","Trib1"
0,0.547478185117333,0.664,0.43,0,"5","Cotl1"
0,0.99627930383943,0.501,0.268,0,"5","Dhrs3"
0,0.738445825355701,0.553,0.321,0,"5","Rab8b"
0,0.62021462984503,0.594,0.365,0,"5","Efhd2"
0,0.712253094484836,0.584,0.356,0,"5","Ptprc"
0,0.901820361736155,0.552,0.325,0,"5","Irak2"
0,0.732346325413272,0.611,0.384,0,"5","Bri3"
0,0.77001718497177,0.518,0.292,0,"5","Rack1"
0,0.625488792333713,0.711,0.485,0,"5","Arrb2"
0,0.791098186012601,0.553,0.328,0,"5","Gabarap"
0,0.884797710234689,0.528,0.305,0,"5","Il10rb"
0,0.970802121076938,0.502,0.279,0,"5","Tbxas1"
0,0.751162433553272,0.574,0.351,0,"5","Tapbp"
0,1.02596896426679,0.515,0.294,0,"5","Adam17"
0,0.550696309401542,0.68,0.459,0,"5","Atp6v0c"
0,0.827646178925112,0.518,0.301,0,"5","Abca1"
0,0.865858232060965,0.507,0.291,0,"5","Ifnar1"
0,0.653311055128231,0.744,0.528,0,"5","Gna13"
0,0.636605512982729,0.551,0.337,0,"5","Unc93b1"
0,0.71929564917357,0.53,0.32,0,"5","Rgs2"
0,0.919118608588396,0.509,0.299,0,"5","Trafd1"
0,0.80513971385092,0.6,0.391,0,"5","BC005537"
0,0.677058982926104,0.65,0.443,0,"5","Gnai2"
0,0.634087022497786,0.699,0.492,0,"5","Msn"
0,0.686856452230754,0.676,0.472,0,"5","Rap1b"
0,0.711469604344628,0.524,0.322,0,"5","Cd84"
0,0.686859609389041,0.535,0.334,0,"5","Rgs1"
0,0.636853357977567,0.663,0.463,0,"5","Cdc42"
0,0.637958014157785,0.535,0.335,0,"5","Rel"
0,0.728237892230146,0.531,0.335,0,"5","M6pr"
0,0.805013696063436,0.516,0.322,0,"5","Klf6"
0,0.696684426603255,0.551,0.364,0,"5","Coro1a"
0,0.961417411262675,0.505,0.319,0,"5","Ist1"
0,0.637499613720811,0.551,0.366,0,"5","Zc3h12a"
0,0.642091583991012,0.52,0.339,0,"5","Snx18"
0,0.605065701940513,0.567,0.388,0,"5","Vmp1"
0,0.562625112160241,0.562,0.389,0,"5","Sema4d"
1.1607492500521e-289,0.659333128726586,0.507,0.336,2.21180769597428e-285,"5","Adipor1"
4.95603664196513e-243,0.544701280308301,0.53,0.357,9.44372782126456e-239,"5","Atp6ap2"
2.70236079547392e-235,0.536728090994422,0.511,0.338,5.14934849577556e-231,"5","Lamp2"
4.31948107509035e-215,0.591120077530235,0.512,0.356,8.23077118858466e-211,"5","Capzb"
0,2.78463683595186,0.863,0.229,0,"6","Lgals3bp"
0,2.91279987429601,0.856,0.228,0,"6","Timp2"
0,2.25431185241995,0.954,0.334,0,"6","Ctsb"
0,2.10929282857895,0.826,0.238,0,"6","Apoe"
0,2.91050422807494,0.962,0.374,0,"6","Ctsd"
0,1.90196100598203,0.853,0.274,0,"6","Cd63"
0,2.07688220239782,0.786,0.212,0,"6","Axl"
0,1.79754069338852,0.873,0.303,0,"6","Npc2"
0,1.34188851524601,0.97,0.403,0,"6","Hexb"
0,1.66443550390684,0.836,0.282,0,"6","Cd52"
0,5.26429836643805,0.573,0.024,0,"6","Cst7"
0,2.36206808744151,0.952,0.404,0,"6","Grn"
0,2.53308473312054,0.982,0.438,0,"6","Ctsz"
0,2.3309111370056,0.98,0.443,0,"6","C1qa"
0,1.89651462378359,0.813,0.279,0,"6","Creg1"
0,1.83283776397715,0.924,0.397,0,"6","Aif1"
0,2.01817922247077,0.986,0.46,0,"6","C1qb"
0,1.76691191661986,0.899,0.379,0,"6","Mpeg1"
0,2.36864265848382,0.671,0.154,0,"6","Pld3"
0,1.91846094251545,0.861,0.344,0,"6","Ly86"
0,2.13588081786865,0.919,0.409,0,"6","Cd9"
0,1.163999627491,0.882,0.377,0,"6","Psap"
0,1.65917416847922,0.889,0.386,0,"6","Fcer1g"
0,1.80579117303453,0.862,0.36,0,"6","Cd68"
0,1.97901585756604,0.968,0.468,0,"6","Tyrobp"
0,1.2940419491003,0.975,0.478,0,"6","Ctss"
0,1.92349975058343,0.756,0.26,0,"6","Pycard"
0,1.5227546410778,0.8,0.307,0,"6","Slc11a1"
0,2.00868592796938,0.715,0.223,0,"6","Tlr2"
0,1.80569082616177,0.731,0.239,0,"6","Ctsl"
0,1.57815640147231,0.808,0.318,0,"6","Lamp1"
0,1.73286619415299,0.85,0.362,0,"6","Ctsa"
0,1.77451688540161,0.887,0.41,0,"6","B2m"
0,1.59512636503709,0.761,0.286,0,"6","Abca1"
0,1.50894044733735,0.739,0.267,0,"6","Bst2"
0,1.35370394342933,0.799,0.332,0,"6","Itgb5"
0,1.31502152356361,0.812,0.346,0,"6","Anxa3"
0,4.20055302870628,0.505,0.04,0,"6","Lpl"
0,1.45215960667774,0.808,0.346,0,"6","Gns"
0,1.17141186976551,0.729,0.267,0,"6","Cstb"
0,1.73062767700247,0.656,0.196,0,"6","Lag3"
0,1.48775874730117,0.931,0.472,0,"6","Abhd12"
0,1.16020169791991,0.839,0.384,0,"6","Fth1"
0,1.74328700416587,0.65,0.196,0,"6","Trem2"
0,0.543103976565708,0.881,0.431,0,"6","Csf1r"
0,1.46533742318656,0.758,0.311,0,"6","Akr1a1"
0,1.53289204433288,0.854,0.407,0,"6","Ctsh"
0,1.39077436283235,0.825,0.38,0,"6","Fcgr3"
0,1.09731444809069,0.79,0.348,0,"6","Lgmn"
0,1.77963674596496,0.617,0.177,0,"6","Serpine2"
0,1.12854666010696,0.731,0.291,0,"6","Cxcl16"
0,1.43280971037269,0.747,0.309,0,"6","Cd84"
0,0.95537164825915,0.759,0.324,0,"6","C3ar1"
0,1.67185402163878,0.72,0.285,0,"6","Ssr4"
0,1.20967678901111,0.881,0.447,0,"6","Cd81"
0,0.877071621833881,0.711,0.281,0,"6","Gm2a"
0,1.35631176359245,0.648,0.224,0,"6","Lilrb4a"
0,1.42224045042014,0.823,0.406,0,"6","Itm2b"
0,1.19333509972236,0.836,0.42,0,"6","Cotl1"
0,0.952909403233738,0.816,0.406,0,"6","Slc15a3"
0,2.17115687009791,0.552,0.143,0,"6","Ly9"
0,0.981965897257663,0.763,0.354,0,"6","Rgs10"
0,1.89188491859889,0.524,0.117,0,"6","Csf1"
0,1.56597995172157,0.644,0.239,0,"6","Man2b2"
0,0.657971294277321,0.888,0.483,0,"6","Plek"
0,1.52564287383926,0.594,0.193,0,"6","Lap3"
0,1.19148042943691,0.885,0.485,0,"6","Ucp2"
0,1.11758776802424,0.65,0.25,0,"6","Adgre1"
0,0.67557305999783,0.729,0.33,0,"6","Csf3r"
0,1.56136393841599,0.588,0.19,0,"6","Cpd"
0,1.15885804672695,0.819,0.421,0,"6","Ly6e"
0,1.40788250054356,0.602,0.207,0,"6","Lhfpl2"
0,0.759011440775203,0.696,0.301,0,"6","Phyhd1"
0,1.20615565146385,0.673,0.281,0,"6","Fcrls"
0,1.00312499667644,0.771,0.379,0,"6","Fyb"
0,1.2911547406164,0.595,0.203,0,"6","P2rx4"
0,1.14460048196429,0.735,0.344,0,"6","Tcn2"
0,1.24274158541479,0.716,0.326,0,"6","Lamp2"
0,1.03300040238005,0.794,0.406,0,"6","Rrbp1"
0,1.00477859108661,0.749,0.361,0,"6","Vamp8"
0,1.3598095232686,0.65,0.264,0,"6","Tpp1"
0,1.32712055993191,0.552,0.168,0,"6","Cd34"
0,1.80593165684651,0.544,0.16,0,"6","Hexa"
0,1.33700732563796,0.616,0.234,0,"6","Cyba"
0,1.19042029797132,0.65,0.271,0,"6","Myo1f"
0,0.980751717701097,0.83,0.451,0,"6","Atp6v0c"
0,0.823624692575301,0.682,0.304,0,"6","Ctsc"
0,0.926984397418537,0.75,0.372,0,"6","Arpc1b"
0,1.1515470101962,0.637,0.26,0,"6","Dhrs3"
0,0.974268863440527,0.723,0.346,0,"6","Itgam"
0,1.45038254843198,0.612,0.235,0,"6","Rtcb"
0,1.21585643089314,0.862,0.486,0,"6","Clta"
0,0.835435500108658,0.695,0.32,0,"6","Irf8"
0,1.05954492633923,0.679,0.305,0,"6","Ppt1"
0,0.544522500100325,0.702,0.329,0,"6","Tgfbr1"
0,0.734634404298203,0.829,0.456,0,"6","Pik3ap1"
0,0.956482709983159,0.952,0.58,0,"6","Laptm5"
0,0.743856408125483,0.66,0.289,0,"6","Gpx1"
0,0.956638684772532,0.663,0.292,0,"6","Scpep1"
0,0.761820867144258,0.767,0.396,0,"6","Sdcbp"
0,1.44755075983233,0.613,0.242,0,"6","Hif1a"
0,0.576018033145518,0.691,0.322,0,"6","Epb41l2"
0,1.16111494341123,0.847,0.479,0,"6","Itm2c"
0,1.35468731303876,0.598,0.23,0,"6","Sdc3"
0,1.4295942890349,0.538,0.172,0,"6","Lipa"
0,1.08792182880907,0.647,0.282,0,"6","Sirpa"
0,0.643856733841814,0.7,0.335,0,"6","Pla2g15"
0,1.18149262716877,0.684,0.32,0,"6","Gabarap"
0,1.71840764362558,0.525,0.162,0,"6","Gusb"
0,0.820599743902779,0.756,0.393,0,"6","Pld4"
0,1.01764534500862,0.621,0.259,0,"6","Lmo2"
0,0.593381189386021,0.683,0.322,0,"6","F11r"
0,0.852410134473115,0.705,0.347,0,"6","Sgk1"
0,0.603808953534217,0.611,0.253,0,"6","Pmp22"
0,1.23323894723117,0.561,0.204,0,"6","Gatm"
0,0.868533412837441,0.771,0.414,0,"6","Cyfip1"
0,0.654341974535338,0.67,0.313,0,"6","Rnase4"
0,1.19777816659352,0.722,0.365,0,"6","Pdia3"
0,0.738367910191345,0.681,0.325,0,"6","Camk1"
0,1.00096078359131,0.67,0.318,0,"6","Gde1"
0,0.917690036660394,0.729,0.378,0,"6","Bri3"
0,1.08203469353537,0.677,0.328,0,"6","Nucb1"
0,0.80814856478025,0.804,0.455,0,"6","Marcks"
0,0.900792558926247,0.649,0.301,0,"6","Nfe2l2"
0,0.679049059517726,0.687,0.339,0,"6","Basp1"
0,1.02958308235864,0.673,0.326,0,"6","M6pr"
0,0.696856357369548,0.637,0.291,0,"6","Pfkfb3"
0,0.75066369435769,0.625,0.279,0,"6","Cd83"
0,1.30035393546851,0.551,0.206,0,"6","Lat2"
0,0.880986894378083,0.577,0.233,0,"6","Anxa5"
0,0.835266149357307,0.624,0.281,0,"6","Fcgr2b"
0,0.883454153924131,0.599,0.256,0,"6","Psmb8"
0,0.991836808540881,0.642,0.3,0,"6","Rasa4"
0,0.930813618750358,0.627,0.288,0,"6","Itgb2"
0,1.04652003101903,0.562,0.226,0,"6","Gsap"
0,0.809945455063684,0.691,0.355,0,"6","Plxnb2"
0,0.748712666136332,0.665,0.331,0,"6","Unc93b1"
0,0.766404342422523,0.636,0.304,0,"6","Spi1"
0,0.75941431679762,0.745,0.413,0,"6","Id2"
0,1.24760275316664,0.53,0.199,0,"6","Fcgr1"
0,1.01525562517649,0.634,0.303,0,"6","Ppib"
0,0.908400818840331,0.585,0.254,0,"6","Il1a"
0,1.19041760082866,0.961,0.63,0,"6","Tmsb4x"
0,0.719195238757117,0.618,0.288,0,"6","Daglb"
0,1.09928633652411,0.566,0.236,0,"6","Sh3bp2"
0,0.809575364509376,0.601,0.273,0,"6","Tbxas1"
0,1.3987146537966,0.501,0.174,0,"6","Plau"
0,1.13827995617132,0.549,0.223,0,"6","Erp29"
0,0.763742840123873,0.638,0.312,0,"6","Ncf1"
0,0.912115566192285,0.544,0.221,0,"6","Havcr2"
0,0.596593581743424,0.71,0.387,0,"6","Prkcd"
0,0.9561193153168,0.931,0.61,0,"6","Eef1a1"
0,1.02312839370969,0.604,0.283,0,"6","Ptms"
0,1.13167207468111,0.534,0.214,0,"6","Rnf149"
0,0.799440907391714,0.675,0.356,0,"6","Sh3glb1"
0,0.948645190427531,0.582,0.263,0,"6","Ptpn6"
0,0.90996247601822,0.536,0.218,0,"6","Tlr7"
0,0.821115630238667,0.582,0.264,0,"6","Ccl4"
0,0.695441106089657,0.606,0.29,0,"6","Ccl3"
0,0.969853480925663,0.555,0.24,0,"6","Sh3bgrl3"
0,0.973652397753679,0.661,0.346,0,"6","Tapbp"
0,0.84166290897708,0.573,0.258,0,"6","Fnip2"
0,0.628616879458368,0.615,0.301,0,"6","Ncf2"
0,1.01165869769914,0.526,0.214,0,"6","Cops9"
0,0.672809555383978,0.602,0.29,0,"6","Bhlhe41"
0,0.678874849112348,0.693,0.381,0,"6","Sema4d"
0,0.777518694668445,0.677,0.366,0,"6","P4hb"
0,0.651380634220736,0.72,0.409,0,"6","Zeb2"
0,1.24074060484914,0.512,0.202,0,"6","Tspo"
0,0.620395729033862,0.572,0.265,0,"6","Cd86"
0,0.640536504912514,0.552,0.247,0,"6","Mertk"
0,0.849848033320231,0.65,0.345,0,"6","Gnas"
0,0.935782257719315,0.524,0.22,0,"6","Rab20"
0,1.06774495257808,0.59,0.286,0,"6","Ddost"
0,0.962694452210729,0.539,0.236,0,"6","Ifnar2"
0,0.533470989654932,0.665,0.364,0,"6","Bin2"
0,0.522097388112233,0.788,0.487,0,"6","Msn"
0,0.788420676828403,0.598,0.297,0,"6","Sdf4"
0,0.873052023146779,0.594,0.294,0,"6","Rnasek"
0,0.81194633105248,0.505,0.206,0,"6","Sipa1l2"
0,0.646388151851602,0.555,0.256,0,"6","Trf"
0,0.623351392774794,0.605,0.306,0,"6","Tgfbr2"
0,0.654003278329,0.6,0.301,0,"6","Limd2"
0,0.534566422304674,0.703,0.404,0,"6","Edem1"
0,0.825432249325501,0.545,0.247,0,"6","Ptpn18"
0,0.800962601220428,0.542,0.246,0,"6","Spata13"
0,0.575453974326037,0.819,0.523,0,"6","Gna13"
0,0.727193123139831,0.774,0.479,0,"6","Cap1"
0,0.547500143311892,0.656,0.362,0,"6","Efhd2"
0,0.617437929105202,0.643,0.35,0,"6","Hcls1"
0,0.649982444308687,0.593,0.301,0,"6","Il10rb"
0,0.670779931513175,0.516,0.225,0,"6","Rasgrp3"
0,0.658205594838812,0.586,0.296,0,"6","Lcp2"
0,0.811415225037124,0.544,0.256,0,"6","Grcc10"
0,1.00376484664477,0.507,0.219,0,"6","Psme1"
0,0.780863955742702,0.58,0.293,0,"6","Psenen"
0,0.688210121292412,0.708,0.422,0,"6","Cfl1"
0,0.713627818454686,0.55,0.266,0,"6","Ndufa2"
0,0.783058637932192,0.55,0.268,0,"6","Mapkapk2"
0,0.558555290261503,0.558,0.277,0,"6","Ninj1"
0,0.838002590441096,0.535,0.255,0,"6","Ccrl2"
0,0.545642031265769,0.552,0.272,0,"6","Rab3il1"
0,0.524759318420464,0.603,0.323,0,"6","Apbb1ip"
0,0.514413902278769,0.572,0.294,0,"6","Atp6v1b2"
0,0.520143668596424,0.567,0.289,0,"6","Rack1"
0,0.58994678841209,0.56,0.283,0,"6","Eef1b2"
0,0.621196089342311,0.624,0.35,0,"6","Capzb"
0,0.541561715805291,0.641,0.368,0,"6","Atp6v0b"
0,0.512279675244482,0.622,0.351,0,"6","Lrp1"
0,0.753150018608625,0.502,0.231,0,"6","Atp6v1c1"
0,0.673803026177866,0.537,0.269,0,"6","Slfn2"
0,0.714542054642685,0.62,0.352,0,"6","Gdi2"
0,0.631580502701865,0.559,0.292,0,"6","Adam17"
0,0.6646544783595,0.589,0.322,0,"6","Atp1b3"
0,0.58606483040255,0.597,0.331,0,"6","Adipor1"
0,0.643108507835912,0.687,0.423,0,"6","Hsp90b1"
0,0.607779553014789,0.532,0.269,0,"6","Adam9"
0,0.532209112979582,0.565,0.302,0,"6","Gadd45b"
0,0.530088582764852,0.585,0.323,0,"6","Irak2"
0,0.649919783562567,0.517,0.26,0,"6","Os9"
0,0.601987520845221,0.519,0.262,0,"6","Naca"
0,0.512689209918083,0.549,0.295,0,"6","Rasgef1b"
0,0.620341301651881,0.636,0.384,0,"6","Vmp1"
0,0.548751475887993,0.553,0.303,0,"6","Arl8b"
0,0.571343202603265,0.561,0.312,0,"6","Tmed7"
0,0.530197033564079,0.56,0.313,0,"6","Cox7a2l"
0,0.581097845875588,0.509,0.268,0,"6","Tnfaip3"
0,0.542239928146577,0.526,0.286,0,"6","Nfkbia"
0,0.577087559863963,0.544,0.313,0,"6","Tor1aip1"
0,5.93937621800302,0.834,0.03,0,"7","Itk"
0,5.09397904461558,0.814,0.045,0,"7","Gimap4"
0,4.86708951448118,0.752,0.057,0,"7","Ptpn22"
0,5.36643550449631,0.723,0.036,0,"7","Gimap3"
0,4.81321434882217,0.726,0.052,0,"7","Septin1"
0,5.68905051756266,0.691,0.027,0,"7","Lck"
0,5.93133620540598,0.686,0.026,0,"7","Sh2d2a"
0,5.65196679951634,0.677,0.027,0,"7","Trac"
0,4.49212450044881,0.684,0.068,0,"7","Thy1"
0,3.29286809078199,0.904,0.29,0,"7","Shisa5"
0,6.20661791366639,0.621,0.021,0,"7","Il2rb"
0,3.34508479177676,0.729,0.138,0,"7","Ets1"
0,6.24054306469101,0.597,0.02,0,"7","Ctsw"
0,6.18376254039824,0.597,0.021,0,"7","Nkg7"
0,4.15366140493103,0.628,0.056,0,"7","Acap1"
0,2.97891651924501,0.8,0.238,0,"7","Rac2"
0,3.95106996439254,0.623,0.062,0,"7","Tbc1d10c"
0,5.80860043299706,0.567,0.023,0,"7","Cd3d"
0,2.66113474434457,0.723,0.182,0,"7","Fam107b"
0,2.32293129025703,0.682,0.144,0,"7","Cytip"
0,4.90069056902112,0.572,0.034,0,"7","Cd2"
0,2.75879571655192,0.782,0.252,0,"7","H2-Q7"
0,5.77928267353473,0.545,0.022,0,"7","Cd3e"
0,2.7398629503852,0.664,0.153,0,"7","Stk17b"
0,3.79433099397416,0.594,0.089,0,"7","Itgal"
0,3.34263705911003,0.618,0.114,0,"7","S100a10"
0,5.31365746112621,0.519,0.025,0,"7","Zap70"
0,3.81494680457245,0.554,0.065,0,"7","Gimap6"
0,6.10447358921995,0.505,0.017,0,"7","Ms4a4b"
0,3.43713081709671,0.715,0.228,0,"7","Vps37b"
0,2.89850687003823,0.622,0.137,0,"7","Tmsb10"
0,3.57326521655809,0.585,0.103,0,"7","Prkch"
0,2.49455110451666,0.621,0.145,0,"7","Fyn"
0,2.62927389441284,0.677,0.203,0,"7","Dusp5"
0,3.51397812638842,0.56,0.094,0,"7","Dgka"
0,4.31206951740425,0.504,0.038,0,"7","Gimap8"
0,2.96073706851786,0.61,0.146,0,"7","Il2rg"
0,1.96533301179262,0.812,0.351,0,"7","Coro1a"
0,2.02683310558341,0.741,0.29,0,"7","Cd52"
0,1.39648542907718,0.799,0.349,0,"7","Srgn"
0,2.28042327225306,0.791,0.347,0,"7","Ptprc"
0,2.93230000095013,0.542,0.098,0,"7","Nup210"
0,2.92091226910715,0.551,0.118,0,"7","Zdhhc18"
0,2.90965485382934,0.516,0.095,0,"7","Cnn2"
0,2.9992088560295,0.519,0.109,0,"7","Cblb"
0,1.72555971636474,0.535,0.125,0,"7","Ablim1"
0,2.52280805875434,0.565,0.155,0,"7","Anxa6"
0,2.44938491450791,0.713,0.305,0,"7","Ifngr1"
0,2.80495847919305,0.563,0.158,0,"7","Zc3hav1"
0,1.63870063306109,0.787,0.391,0,"7","Arhgap45"
0,2.46879647249537,0.589,0.196,0,"7","Bhlhe40"
0,1.49225291136119,0.537,0.149,0,"7","Cyfip2"
0,1.86121953165716,0.836,0.448,0,"7","Arhgef1"
0,1.67857662712388,0.737,0.352,0,"7","Arhgdib"
0,2.12404698575061,0.565,0.18,0,"7","Epsti1"
0,2.05354682785174,0.562,0.191,0,"7","Fxyd5"
0,2.41278612098645,0.503,0.137,0,"7","Pdcd4"
0,2.32628958413625,0.532,0.167,0,"7","Esyt1"
0,1.6943150874489,0.873,0.509,0,"7","Tpt1"
0,1.80399607109195,0.626,0.263,0,"7","Tnfaip3"
0,1.94934673665352,0.661,0.302,0,"7","Mbnl1"
0,2.13472748456116,0.555,0.197,0,"7","Sik1"
0,1.27747248142474,0.532,0.175,0,"7","S100a11"
0,1.99246527202708,0.71,0.358,0,"7","Zfp36l2"
0,1.8218086747831,0.629,0.279,0,"7","Jak1"
0,1.99642012254226,0.629,0.28,0,"7","Itpkb"
0,2.43415567030827,0.543,0.196,0,"7","Rnf138"
0,1.86553767161876,0.641,0.301,0,"7","Limd2"
0,2.10236881369527,0.521,0.186,0,"7","Cdkn1b"
0,1.79777699642828,0.567,0.232,0,"7","Rasal3"
0,1.81369973311394,0.586,0.259,0,"7","Mbd2"
0,1.78473355207669,0.61,0.289,0,"7","Rack1"
0,2.0553311447155,0.576,0.264,0,"7","Cd82"
0,1.35135181944432,0.922,0.612,0,"7","Eef1a1"
0,1.82265646899391,0.556,0.248,0,"7","Ptpn18"
0,1.38118739387422,0.816,0.51,0,"7","Pnrc1"
0,1.71173428957771,0.621,0.316,0,"7","Ndfip1"
0,1.54489441229828,0.63,0.326,0,"7","Ptk2b"
0,1.95462980154314,0.508,0.206,0,"7","Rassf5"
0,1.73436543614465,0.53,0.228,0,"7","Akna"
0,0.795474198632509,0.63,0.33,0,"7","Rgs1"
0,1.22167732574398,0.538,0.243,0,"7","Dnaja1"
0,0.912675168371741,0.921,0.634,0,"7","Tmsb4x"
0,1.71295754260054,0.531,0.245,0,"7","Nsd3"
0,1.32225011451148,0.556,0.27,0,"7","Anp32a"
0,1.39715894217426,0.595,0.309,0,"7","Ogt"
0,1.7424401493053,0.527,0.242,0,"7","Mknk2"
0,1.52077216571992,0.542,0.267,0,"7","Ikzf1"
0,1.72970626035403,0.514,0.239,0,"7","Dock2"
0,1.44375883159434,0.549,0.276,0,"7","Arhgap30"
0,1.50411309218836,0.625,0.352,0,"7","Prkar1a"
0,1.47575323041028,0.534,0.262,0,"7","Psmb8"
0,1.37663282371165,0.588,0.317,0,"7","Ppp1r12a"
0,1.47037508820373,0.555,0.285,0,"7","Eef1b2"
0,1.52977824304708,0.504,0.237,0,"7","Sri"
0,1.33243315076391,0.579,0.312,0,"7","Prrc2c"
0,1.19477893682922,0.572,0.308,0,"7","Macroh2a1"
0,1.04373282171522,0.573,0.312,0,"7","Pim1"
0,1.45770435770899,0.519,0.259,0,"7","Btf3"
0,0.926816261187368,0.749,0.491,0,"7","Msn"
0,0.892292202430197,0.686,0.43,0,"7","Cotl1"
0,1.64075692650072,0.525,0.27,0,"7","Lrp10"
0,1.17252930764788,0.611,0.359,0,"7","Lcp1"
0,1.52733975950296,0.51,0.258,0,"7","Tap2"
0,1.09658161358995,0.809,0.558,0,"7","Clk1"
0,1.46545974351657,0.528,0.278,0,"7","Arl6ip5"
0,1.17658179806396,0.594,0.353,0,"7","Syf2"
0,1.33505325464158,0.505,0.265,0,"7","Naca"
0,0.789436162408918,0.663,0.424,0,"7","B2m"
0,1.56793402747662,0.513,0.275,0,"7","Il21r"
0,0.973773041153089,0.627,0.389,0,"7","Fyb"
0,0.873009053252521,0.502,0.267,0,"7","H1f4"
0,1.23303987235874,0.532,0.3,0,"7","Vasp"
0,1.14182751134413,0.509,0.277,0,"7","Atp5e"
0,1.22153517365002,0.527,0.299,0,"7","Btg1"
0,1.06085678942325,0.655,0.427,0,"7","Cfl1"
0,0.764562119183928,0.597,0.369,0,"7","Bin2"
0,0.616790601994738,0.709,0.487,0,"7","Junb"
0,1.38790524629244,0.537,0.316,0,"7","Saraf"
0,0.819361395171649,0.629,0.408,0,"7","Actg1"
0,1.33413929410725,0.505,0.285,0,"7","Usp25"
0,1.07803527470163,0.508,0.292,0,"7","Ppia"
0,1.00838888723299,0.695,0.482,0,"7","Sf3b1"
0,1.01583121279453,0.536,0.324,0,"7","Rab8b"
0,0.875586068572151,0.599,0.387,0,"7","Srsf7"
0,0.878435170441639,0.547,0.337,0,"7","Ncl"
0,0.907441356517307,0.619,0.409,0,"7","Cd53"
0,1.07635636159884,0.528,0.319,0,"7","Sun2"
0,0.669215037086633,0.719,0.51,0,"7","Per1"
0,1.11259133265682,0.612,0.404,0,"7","Eif1"
0,1.05301023930647,0.518,0.313,0,"7","Rnf4"
0,0.97944623011809,0.501,0.297,0,"7","Dock10"
0,0.859341337022741,0.688,0.485,0,"7","Cap1"
0,0.577611239771314,0.552,0.355,0,"7","Ier2"
0,0.789454333552569,0.518,0.322,0,"7","Rgs2"
0,0.760766654047827,0.563,0.367,0,"7","Zc3h12a"
0,0.877704363182703,0.693,0.501,0,"7","Rbm39"
0,1.1147955446447,0.506,0.317,0,"7","Ddx3y"
0,0.968311137441409,0.505,0.317,0,"7","Ddx21"
0,0.610191920279959,0.737,0.549,0,"7","Rsrp1"
0,0.947953303562778,0.575,0.387,0,"7","Ube2b"
0,1.00455754284716,0.507,0.322,0,"7","Srrm2"
0,0.620800967312054,0.658,0.475,0,"7","Rap1b"
0,0.693903246081253,0.714,0.531,0,"7","Gna13"
0,0.780880929693701,0.637,0.457,0,"7","Ddx5"
0,0.805203040931844,0.717,0.537,0,"7","Srsf5"
0,0.9307725130895,0.507,0.331,0,"7","Map1lc3b"
0,0.822794334094493,0.532,0.357,0,"7","Hcls1"
0,0.841175995679692,0.615,0.44,0,"7","Brd4"
0,0.801268420492868,0.545,0.371,0,"7","Ptbp3"
0,0.916571975953808,0.527,0.354,0,"7","Tapbp"
3.93443327554945e-302,0.728242502639086,0.559,0.39,7.49706260655947e-298,"7","Sema4d"
4.8298571279433e-302,0.867401088920549,0.538,0.374,9.20329275729597e-298,"7","Prex1"
4.18665663527228e-288,0.847676825746466,0.543,0.383,7.97767421851132e-284,"7","Trir"
2.70268704443862e-272,0.552844590714167,0.608,0.435,5.14997016317778e-268,"7","Ly6e"
1.45687518989196e-267,0.623377430724437,0.643,0.489,2.77607567433914e-263,"7","Eif4g2"
2.54590002184726e-267,0.642164236773021,0.562,0.384,4.85121249162996e-263,"7","Arpc1b"
7.94561276626063e-235,0.617721113239646,0.614,0.467,1.51403651261096e-230,"7","Cdc42"
1.12306940924505e-203,0.776544536234394,0.5,0.358,2.14000875931645e-199,"7","Capzb"
1.02110600811811e-194,0.556931238590765,0.598,0.472,1.94571749846906e-190,"7","Pkn1"
2.07494137436228e-168,0.562755946590824,0.536,0.402,3.95380078884733e-164,"7","Hnrnpa2b1"
2.36306852874216e-168,0.634743513156912,0.556,0.437,4.50282708151819e-164,"7","Fus"
1.58994074617892e-135,0.707081943547614,0.531,0.426,3.02963209184393e-131,"7","Evl"
0,3.32734145519544,0.964,0.237,0,"8","Il1a"
0,2.73880730727279,0.959,0.357,0,"8","Kdm6b"
0,2.42370203910246,0.871,0.269,0,"8","Cd83"
0,2.40834014407667,0.837,0.244,0,"8","Pmp22"
0,2.0344222538662,0.871,0.278,0,"8","Ccl3"
0,3.12534712517363,0.761,0.175,0,"8","Nlrp3"
0,3.79678203731519,0.711,0.136,0,"8","Itga5"
0,2.83581800047957,0.767,0.199,0,"8","Dennd4a"
0,2.8904930468861,0.8,0.233,0,"8","Map2k3"
0,2.61465671862611,0.833,0.267,0,"8","Trib1"
0,2.31211064621072,0.965,0.401,0,"8","Slc15a3"
0,2.22108373512251,0.876,0.321,0,"8","C3ar1"
0,2.23539202522867,0.875,0.321,0,"8","Plekho2"
0,1.0512605511382,0.958,0.408,0,"8","Hexb"
0,2.01878184946858,0.799,0.255,0,"8","Ccl4"
0,2.88452715466992,0.778,0.244,0,"8","Nfkb1"
0,2.56555556977445,0.788,0.26,0,"8","Bach1"
0,1.98085024355888,0.809,0.285,0,"8","Pfkfb3"
0,1.76756739096348,0.929,0.406,0,"8","Id2"
0,1.66521171184544,0.822,0.299,0,"8","Pim1"
0,3.17538391335808,0.678,0.156,0,"8","Slc11a2"
0,2.32422792262864,0.693,0.171,0,"8","Tnf"
0,2.47595025787897,0.737,0.219,0,"8","Icam1"
0,1.9486928243732,0.809,0.291,0,"8","Gadd45b"
0,2.00313825883989,0.835,0.321,0,"8","Rel"
0,3.35192387949202,0.63,0.118,0,"8","Tnfrsf12a"
0,2.11873786760117,0.72,0.209,0,"8","Cd14"
0,2.04809714688428,0.9,0.39,0,"8","Ifrd1"
0,2.02286625532707,0.842,0.333,0,"8","Basp1"
0,2.72867869038476,0.737,0.238,0,"8","Lpin2"
0,2.43880784396518,0.949,0.453,0,"8","Pik3ap1"
0,1.21057432731242,0.879,0.386,0,"8","Cebpb"
0,2.16954862787576,0.845,0.354,0,"8","Irf5"
0,2.40079247958392,0.742,0.251,0,"8","Mapk6"
0,2.01738877234917,0.797,0.307,0,"8","Nfkbib"
0,2.37150195729634,0.7,0.213,0,"8","Rab20"
0,1.88568083344299,0.804,0.319,0,"8","Epb41l2"
0,2.47027413505129,0.718,0.234,0,"8","Swap70"
0,2.1590480594986,0.755,0.272,0,"8","Tuba1c"
0,2.28778817877462,0.696,0.22,0,"8","Nfkb2"
0,2.95590103483586,0.666,0.192,0,"8","Txnrd1"
0,2.48242853582999,0.856,0.383,0,"8","Jmjd1c"
0,2.46037709427023,0.749,0.276,0,"8","Sbno2"
0,1.7816443364994,0.764,0.292,0,"8","Cxcl16"
0,1.95267980983716,0.906,0.44,0,"8","Skil"
0,2.15654069699029,0.726,0.26,0,"8","Cd86"
0,2.25749058692646,0.823,0.358,0,"8","Arap1"
0,2.8924458921468,0.609,0.155,0,"8","Ell2"
0,1.95707457367191,0.723,0.275,0,"8","Tbc1d10a"
0,1.44506823818344,0.926,0.484,0,"8","Plek"
0,2.5501209456693,0.692,0.255,0,"8","Fnip2"
0,1.77876127727766,0.953,0.519,0,"8","Gna13"
0,2.20397948043782,0.684,0.251,0,"8","Azin1"
0,2.35736180231963,0.663,0.231,0,"8","Dot1l"
0,2.30296091567354,0.601,0.171,0,"8","Plau"
0,0.951742185882715,0.864,0.435,0,"8","Csf1r"
0,0.742488192035025,0.896,0.468,0,"8","C1qb"
0,2.56826500279368,0.619,0.192,0,"8","Cpd"
0,1.21098758050262,0.962,0.535,0,"8","Cst3"
0,0.788572905020689,0.91,0.485,0,"8","Ctss"
0,1.43059191200395,0.745,0.329,0,"8","Tgfbr1"
0,0.615920706859466,0.867,0.453,0,"8","C1qa"
0,1.90921978422753,0.82,0.406,0,"8","Zeb2"
0,1.86869809890903,0.684,0.271,0,"8","Clic4"
0,2.48343522886828,0.572,0.159,0,"8","Etv3"
0,2.84545062041582,0.552,0.14,0,"8","Abl2"
0,1.96715721601511,0.731,0.325,0,"8","Ube2f"
0,2.81088870323552,0.605,0.199,0,"8","Pik3r5"
0,0.994771563697598,0.856,0.451,0,"8","Cd81"
0,2.02606731652381,0.634,0.231,0,"8","Tlr2"
0,2.30266767140339,0.611,0.209,0,"8","Zfp703"
0,0.952160828512911,0.77,0.368,0,"8","Cd68"
0,2.02429661513275,0.693,0.292,0,"8","Lcp2"
0,1.45930797938081,0.799,0.401,0,"8","Kctd12"
0,2.32055904059183,0.567,0.169,0,"8","Maff"
0,2.17937461244978,0.607,0.212,0,"8","Tnip2"
0,1.09167505518959,0.696,0.304,0,"8","Phyhd1"
0,0.728066337858119,0.801,0.412,0,"8","Sparc"
0,2.09814198932393,0.599,0.213,0,"8","Ndel1"
0,1.29007022802153,0.699,0.314,0,"8","Hpgds"
0,1.61834511713941,0.594,0.21,0,"8","Marcksl1"
0,0.679106141426735,0.621,0.242,0,"8","Siglech"
0,1.40182978068869,0.762,0.383,0,"8","Zfand5"
0,2.48378549013165,0.538,0.16,0,"8","Cln8"
0,1.64433101286603,0.843,0.465,0,"8","Rap1b"
0,1.87139049136892,0.693,0.316,0,"8","Rab8b"
0,0.652814022273475,0.826,0.45,0,"8","Ctsz"
0,1.40042695274291,0.819,0.443,0,"8","Ccnl1"
0,1.6894778222904,0.56,0.185,0,"8","Lmna"
0,1.86922974931408,0.532,0.158,0,"8","Plaur"
0,0.936584104206057,0.791,0.419,0,"8","Cd9"
0,2.33694961564266,0.531,0.161,0,"8","Stk40"
0,1.80676591746532,0.674,0.305,0,"8","Spi1"
0,1.64625773623139,0.713,0.344,0,"8","Mef2a"
0,1.70844034053171,0.669,0.301,0,"8","Ncf2"
0,1.5607856862924,0.682,0.316,0,"8","Slc11a1"
0,1.21472666295738,0.715,0.349,0,"8","Itgam"
0,1.32905718950586,0.746,0.38,0,"8","Vmp1"
0,1.42831590729276,0.781,0.416,0,"8","Cyfip1"
0,1.29614134138501,0.636,0.275,0,"8","Ninj1"
0,1.07130064630629,0.902,0.542,0,"8","Mcl1"
0,1.92185560434536,0.652,0.295,0,"8","B4galt1"
0,1.5392817138788,0.566,0.209,0,"8","Dusp5"
0,2.17914409236298,0.581,0.225,0,"8","Ptprj"
0,1.31500912558267,0.642,0.288,0,"8","Cd33"
0,1.26739660195629,0.713,0.36,0,"8","Zc3h12a"
0,1.84108531911203,0.651,0.301,0,"8","Rela"
0,1.48795049425009,0.662,0.313,0,"8","Lrrfip1"
0,1.61503449236068,0.711,0.363,0,"8","Ptbp3"
0,2.2321563793786,0.529,0.182,0,"8","Ptpn23"
0,1.06792783327951,0.78,0.433,0,"8","Bin1"
0,0.97723040390198,0.622,0.275,0,"8","Cstb"
0,0.941915214266284,0.77,0.425,0,"8","Ppp1r15a"
0,0.776304317720501,0.737,0.392,0,"8","Fth1"
0,0.767790802328594,0.625,0.29,0,"8","Cd63"
0,2.01992341148572,0.545,0.212,0,"8","Fnip1"
0,1.38391185622213,0.623,0.29,0,"8","Daglb"
0,2.00885606997854,0.524,0.192,0,"8","Cndp2"
0,1.64000647849756,0.599,0.268,0,"8","Mapkapk2"
0,1.32536699413314,0.684,0.354,0,"8","Nfkbiz"
0,1.09825784530732,0.818,0.488,0,"8","Msn"
0,1.75534032490976,0.535,0.206,0,"8","Sipa1l2"
0,0.925942755094098,0.685,0.357,0,"8","Lgmn"
0,0.897666240665862,0.565,0.237,0,"8","Vps37b"
0,1.70087518738024,0.604,0.278,0,"8","Fbxw11"
0,1.12157732168108,0.691,0.366,0,"8","Elmo1"
0,1.0376587860639,0.673,0.349,0,"8","Herpud1"
0,1.63887102676072,0.559,0.235,0,"8","Birc3"
0,1.43639879381215,0.615,0.291,0,"8","Itgb2"
0,2.03544873173855,0.523,0.199,0,"8","Spag9"
0,1.6167053453839,0.567,0.245,0,"8","Bcl2l1"
0,1.11469744262914,0.718,0.396,0,"8","Bmp2k"
0,1.30946862287319,0.623,0.305,0,"8","Nfe2l2"
0,1.88216012495419,0.599,0.281,0,"8","Jak1"
0,1.33296041413011,0.596,0.278,0,"8","Gnl3"
0,1.287004596546,0.523,0.206,0,"8","Lag3"
0,1.34784993972974,0.579,0.262,0,"8","Frmd4a"
0,1.40889039729248,0.612,0.296,0,"8","Vasp"
0,1.4984993309733,0.699,0.383,0,"8","Sema4d"
0,1.60832130792209,0.637,0.322,0,"8","Gde1"
0,0.977448657437471,0.77,0.456,0,"8","Atp6v0c"
0,0.588522888308195,0.898,0.585,0,"8","Laptm5"
0,1.64055098198127,0.507,0.194,0,"8","Hmox1"
0,2.10986307206351,0.547,0.235,0,"8","Itgav"
0,1.09326720572308,0.716,0.404,0,"8","Actg1"
0,1.17137262111582,0.672,0.363,0,"8","Efhd2"
0,1.15334757736771,0.656,0.347,0,"8","Ccr5"
0,0.997427081445828,0.762,0.454,0,"8","Smap2"
0,1.63798770212029,0.557,0.25,0,"8","Hck"
0,1.85697172586718,0.541,0.234,0,"8","Baz1a"
0,1.32244051166096,0.644,0.337,0,"8","Syk"
0,1.27903433034214,0.572,0.266,0,"8","Tnfaip3"
0,1.16214374530418,0.603,0.301,0,"8","Adap2"
0,1.20513106279559,0.634,0.334,0,"8","Fmnl3"
0,1.10066991396237,0.588,0.289,0,"8","Dst"
0,1.44931691417957,0.581,0.282,0,"8","Entpd1"
0,1.47483851565925,0.587,0.289,0,"8","Tgfb1"
0,0.663860993604338,0.634,0.337,0,"8","Csf3r"
0,1.21342501302683,0.581,0.285,0,"8","Nfkbia"
0,1.56497691991386,0.548,0.254,0,"8","Stat3"
0,1.01217513523895,0.537,0.243,0,"8","Ier3"
0,0.868537493167643,0.696,0.403,0,"8","Sdcbp"
0,1.18113235058833,0.699,0.406,0,"8","Edem1"
0,1.11681948492891,0.636,0.345,0,"8","Man1a"
0,1.45406513609089,0.605,0.314,0,"8","Ptbp1"
0,1.60584221190467,0.592,0.301,0,"8","Erbin"
0,1.31448072600697,0.606,0.315,0,"8","Sun2"
0,1.38013836906807,0.568,0.278,0,"8","Pde4b"
0,1.92799201175475,0.502,0.213,0,"8","Acbd3"
0,0.625811408645078,0.561,0.273,0,"8","Cfh"
0,0.941197195099071,0.725,0.437,0,"8","Inpp5d"
0,0.696444066458505,0.641,0.354,0,"8","Egr1"
0,1.45689430501716,0.562,0.276,0,"8","Kras"
0,1.04614040834171,0.579,0.295,0,"8","Rasgef1b"
0,1.67113368220424,0.522,0.24,0,"8","Sh3bp2"
0,0.604568459536955,0.617,0.335,0,"8","Selplg"
0,1.38444459379155,0.602,0.32,0,"8","Tra2b"
0,1.29584890001961,0.54,0.26,0,"8","Pmepa1"
0,1.2682362235507,0.576,0.299,0,"8","Scpep1"
0,0.758112110274085,0.65,0.375,0,"8","Ctsa"
0,1.39609971296708,0.523,0.251,0,"8","Smox"
0,1.52108032453166,0.507,0.235,0,"8","Nup98"
0,0.702714116056794,0.594,0.322,0,"8","Mafb"
0,1.06777552063007,0.539,0.269,0,"8","Nr4a1"
0,0.913954088594067,0.613,0.345,0,"8","Itgb5"
0,1.30407857268542,0.516,0.249,0,"8","Spata13"
0,0.848610147466638,0.621,0.356,0,"8","Dusp1"
0,1.37259266130394,0.654,0.39,0,"8","BC005537"
0,0.662211121667209,0.835,0.572,0,"8","Ubc"
0,1.46216572873846,0.525,0.262,0,"8","Senp2"
0,1.40593288332802,0.541,0.28,0,"8","Naa50"
0,0.90940968987025,0.721,0.462,0,"8","Marcks"
0,1.30101142666113,0.635,0.377,0,"8","Chd4"
0,0.598229141080509,0.582,0.329,0,"8","F11r"
0,0.807487006495732,0.613,0.361,0,"8","Ly86"
0,1.20371655558196,0.584,0.333,0,"8","Nckap1l"
0,0.635451785326688,0.651,0.401,0,"8","Pld4"
0,1.18109384643938,0.669,0.42,0,"8","Wdr26"
0,1.40766435923163,0.536,0.289,0,"8","Ankrd13a"
0,1.14550862907204,0.544,0.298,0,"8","Btg1"
0,0.680945056380726,0.692,0.446,0,"8","Snx29"
0,0.538758116664449,0.68,0.436,0,"8","Ivns1abp"
0,1.46405031430656,0.513,0.269,0,"8","Arih1"
0,1.10271337969721,0.57,0.326,0,"8","Irak2"
0,0.667411380423714,0.65,0.407,0,"8","Ier5"
0,0.843459841895473,0.67,0.428,0,"8","Wsb1"
0,1.24387802946234,0.525,0.285,0,"8","Itpkb"
0,0.881301138685113,0.652,0.416,0,"8","Rrbp1"
0,0.698643202338346,0.577,0.344,0,"8","Pla2g15"
0,0.98375913497339,0.568,0.336,0,"8","Lamp2"
0,1.02697176754704,0.545,0.314,0,"8","Cltc"
0,0.774775942247123,0.659,0.43,0,"8","Brd2"
0,1.03822845358123,0.636,0.408,0,"8","Wnk1"
0,1.13256793396595,0.502,0.275,0,"8","Ralgds"
0,0.597244212971825,0.586,0.361,0,"8","Anxa3"
0,1.19906888199786,0.511,0.293,0,"8","Ifnar1"
0,0.602756032902616,0.582,0.366,0,"8","Rgs10"
0,1.06856995767088,0.55,0.335,0,"8","M6pr"
0,1.12964174112705,0.517,0.302,0,"8","Ddx6"
0,1.05226585848657,0.532,0.319,0,"8","Ncf1"
0,0.934933132097032,0.577,0.364,0,"8","Sh3glb1"
0,0.872787894990525,0.541,0.329,0,"8","Apbb1ip"
0,0.794123255327765,0.607,0.395,0,"8","Prkcd"
0,1.17056462028746,0.505,0.294,0,"8","Hnrnpk"
0,1.1201824556931,0.508,0.298,0,"8","Tatdn2"
0,1.06868354975191,0.544,0.334,0,"8","Rab1a"
0,0.667790826198262,0.618,0.409,0,"8","Cd53"
0,0.817441572043556,0.531,0.322,0,"8","Klf6"
0,0.7763749369488,0.704,0.501,0,"8","Rbm39"
0,0.661501050808478,0.525,0.323,0,"8","Nktr"
0,0.857065468408141,0.555,0.357,0,"8","Atp6ap2"
0,0.687109013817277,0.588,0.391,0,"8","Fyb"
0,0.549318575056918,0.563,0.371,0,"8","Bin2"
0,0.796261758172204,0.529,0.34,0,"8","Snx18"
0,0.979773533737946,0.55,0.362,0,"8","Zfand3"
0,0.694683262171347,0.5,0.317,0,"8","Ddx21"
0,0.880089102992478,0.501,0.318,0,"8","Ddx3y"
0,0.685780413359399,0.571,0.388,0,"8","Bri3"
0,0.628670852608069,0.719,0.538,0,"8","Srsf5"
0,0.731848653517237,0.634,0.457,0,"8","Ski"
0,0.587446473967291,0.634,0.457,0,"8","Ddx5"
0,0.636783467927678,0.529,0.358,0,"8","Tcn2"
0,0.726491666270945,0.545,0.375,0,"8","P4hb"
1.44192771273616e-297,0.699136114981382,0.555,0.395,2.74759325661875e-293,"8","Irf2bp2"
2.84629613308474e-292,0.527997898112391,0.51,0.341,5.42361728159297e-288,"8","Unc93b1"
1.0346984652834e-282,0.561448957664124,0.517,0.354,1.97161792559751e-278,"8","Cyth4"
1.7535508155561e-276,0.543797486862736,0.645,0.489,3.34139107904215e-272,"8","Eif4g2"
1.1902235008001e-273,0.606571070362841,0.564,0.406,2.26797088077459e-269,"8","Eif1"
7.78173243693486e-270,0.527386211691648,0.517,0.358,1.48280911585794e-265,"8","Hcls1"
4.07116643555481e-241,0.669825694116641,0.518,0.376,7.75760764294969e-237,"8","Atp6v0b"
3.00755354416445e-234,0.504363074851971,0.519,0.366,5.73089327840535e-230,"8","Plxnb2"
0,9.42826635131636,0.96,0.008,0,"9","Flt1"
0,10.4576483597332,0.914,0.002,0,"9","Cldn5"
0,10.2699453073535,0.905,0.004,0,"9","Slco1a4"
0,9.47287123391165,0.865,0.003,0,"9","Adgrf5"
0,9.59682063217552,0.848,0.005,0,"9","Itm2a"
0,4.98829035374803,0.917,0.097,0,"9","Pltp"
0,6.14685415470387,0.85,0.034,0,"9","Ltbp4"
0,5.13540591303748,0.862,0.064,0,"9","Spock2"
0,7.7320325407621,0.807,0.011,0,"9","Abcb1a"
0,9.92693348716449,0.795,0.001,0,"9","Ptprb"
0,5.97628044328492,0.802,0.014,0,"9","Igfbp7"
0,6.30196769744916,0.842,0.063,0,"9","Bsg"
0,4.05133929935806,0.921,0.15,0,"9","Sptbn1"
0,7.28809571976908,0.775,0.006,0,"9","Esam"
0,9.85113353323724,0.76,0.002,0,"9","Adgrl4"
0,6.32068555114349,0.766,0.024,0,"9","Pecam1"
0,7.83002725440579,0.745,0.01,0,"9","Cxcl12"
0,6.22697121363965,0.749,0.019,0,"9","Epas1"
0,4.28423440298575,0.765,0.047,0,"9","Col4a1"
0,7.57365541256188,0.718,0.008,0,"9","Slco1c1"
0,4.38301335600621,0.807,0.098,0,"9","Ly6a"
0,7.12716904671271,0.722,0.013,0,"9","Jcad"
0,4.35002380613274,0.778,0.072,0,"9","Id3"
0,9.86040931158579,0.704,0.001,0,"9","Tek"
0,6.06683382920794,0.721,0.024,0,"9","Ccdc141"
0,4.85763749271147,0.796,0.1,0,"9","Slc2a1"
0,4.62977711023254,0.777,0.088,0,"9","Abhd2"
0,8.81335882010758,0.682,0.003,0,"9","Emcn"
0,3.34144623491443,0.755,0.082,0,"9","Fn1"
0,5.6567832185407,0.688,0.02,0,"9","Nherf2"
0,7.0228453727299,0.68,0.015,0,"9","Ramp2"
0,3.72105415896036,0.78,0.117,0,"9","Ablim1"
0,5.0149164567973,0.692,0.034,0,"9","Sema7a"
0,5.00814324938749,0.698,0.061,0,"9","Eng"
0,3.66232307072138,0.797,0.162,0,"9","Cd34"
0,5.9847768935662,0.656,0.033,0,"9","Abcg2"
0,4.26729693216209,0.67,0.06,0,"9","Tsc22d1"
0,5.56830769118741,0.622,0.021,0,"9","Car4"
0,8.7647586814457,0.6,0.002,0,"9","Egfl7"
0,6.86339751033776,0.603,0.008,0,"9","Vwa1"
0,3.9145081216773,0.657,0.068,0,"9","Utrn"
0,5.30672128372004,0.607,0.03,0,"9","Heg1"
0,3.36962335485518,0.634,0.059,0,"9","Col4a2"
0,3.97298549066197,0.603,0.028,0,"9","Dock6"
0,5.76265930972988,0.598,0.024,0,"9","Slc39a10"
0,3.44771073270316,0.646,0.082,0,"9","Agrn"
0,1.81233984753642,0.694,0.13,0,"9","Sparcl1"
0,4.56988777853891,0.618,0.059,0,"9","Igf1r"
0,5.41174589650572,0.578,0.022,0,"9","Arhgap29"
0,7.40798011028895,0.563,0.008,0,"9","Kank3"
0,4.66828735779383,0.62,0.065,0,"9","Sgms1"
0,2.23131327823636,0.842,0.289,0,"9","App"
0,6.56820243365215,0.56,0.009,0,"9","Ocln"
0,3.1010659717429,0.628,0.079,0,"9","Pde2a"
0,4.07430730931132,0.601,0.053,0,"9","Mpzl1"
0,7.02717568901656,0.541,0.005,0,"9","Prom1"
0,8.07970030356688,0.537,0.005,0,"9","Sema3c"
0,3.16857977217125,0.677,0.145,0,"9","Esyt2"
0,4.10628269359957,0.617,0.088,0,"9","Slc30a1"
0,3.64293682784672,0.576,0.05,0,"9","Efr3b"
0,5.15881157562373,0.539,0.015,0,"9","Palmd"
0,6.31596804915759,0.526,0.011,0,"9","Cav1"
0,3.53037998667093,0.571,0.056,0,"9","Ndrg1"
0,4.0010276122717,0.558,0.044,0,"9","Slc38a3"
0,4.40436838919637,0.552,0.042,0,"9","Pakap.1"
0,2.69484820694177,0.587,0.079,0,"9","Nebl"
0,5.16894368039306,0.527,0.021,0,"9","Kitl"
0,9.26607165351538,0.505,0.001,0,"9","She"
0,5.14004032409049,0.525,0.024,0,"9","Tmem204"
0,5.97010325908346,0.506,0.008,0,"9","Bcam"
0,1.77316612106284,0.716,0.219,0,"9","Sptan1"
0,4.13226445898491,0.541,0.051,0,"9","Dennd3"
0,4.77799311048903,0.513,0.025,0,"9","Gsta4"
0,2.9091926355024,0.71,0.224,0,"9","Bmpr2"
0,5.9053034627074,0.502,0.017,0,"9","Atp10a"
0,3.021972501343,0.62,0.136,0,"9","Tjp1"
0,4.64159129962231,0.542,0.06,0,"9","Slc16a1"
0,1.28369961633772,0.885,0.41,0,"9","Sparc"
0,3.34282786014204,0.599,0.124,0,"9","Gpcpd1"
0,2.25950323526189,0.567,0.097,0,"9","Plekhg5"
0,3.65388936463502,0.512,0.044,0,"9","Ctla2a"
0,4.53679697175593,0.52,0.054,0,"9","Slc7a5"
0,3.55592790870643,0.519,0.054,0,"9","Ece1"
0,2.72021102073748,0.656,0.194,0,"9","Ctnnb1"
0,3.04475887920649,0.526,0.068,0,"9","Ptn"
0,2.85561419469609,0.539,0.09,0,"9","S1pr1"
0,3.54723110747813,0.505,0.06,0,"9","Jam2"
0,3.45577618806063,0.543,0.101,0,"9","Arhgap31"
0,2.27840559522966,0.515,0.085,0,"9","Dock9"
0,2.42233922132334,0.581,0.155,0,"9","Plcg1"
0,2.68336352598682,0.549,0.133,0,"9","Tspan13"
0,2.71415868105447,0.561,0.162,0,"9","Isyna1"
0,1.98501096440988,0.538,0.145,0,"9","Mprip"
0,1.6867250533303,0.646,0.275,0,"9","Clic4"
0,1.77994861080714,0.516,0.151,0,"9","Ets1"
0,1.77223302997369,0.568,0.215,0,"9","St3gal6"
0,2.06077528529727,0.535,0.191,0,"9","Notch1"
0,1.62261035907224,0.511,0.172,0,"9","Adgre5"
0,1.93147642059575,0.628,0.289,0,"9","Ifnar1"
0,1.65141777212442,0.551,0.222,0,"9","Foxp1"
0,1.9023231910971,0.518,0.194,0,"9","Map4"
0,0.747342873593629,0.785,0.462,0,"9","Selenop"
0,0.518854310749971,0.694,0.373,0,"9","Klf2"
0,1.77729588087427,0.607,0.288,0,"9","Dusp3"
0,1.4708221234845,0.505,0.194,0,"9","Plk2"
0,1.65331656382133,0.53,0.228,0,"9","Rasgrp3"
0,1.48516076015599,0.514,0.23,0,"9","Mtus1"
0,0.963088779643117,0.7,0.432,0,"9","Ly6e"
0,1.58082278084215,0.527,0.268,0,"9","Lmo2"
0,1.16026317569909,0.5,0.253,0,"9","Klf4"
0,1.41267859283748,0.522,0.298,0,"9","Fli1"
0,1.14275476389475,0.572,0.353,0,"9","Gnas"
0,1.014147578303,0.696,0.488,0,"9","Macf1"
4.49268078191536e-270,0.881772322241288,0.528,0.341,8.56080322993972e-266,"9","Fmnl3"
3.06008013061799e-218,0.812927915651466,0.594,0.448,5.83098268889257e-214,"9","Gnai2"
1.03293945603714e-211,0.572094820129924,0.542,0.364,1.96826613347877e-207,"9","Anxa3"
5.4526191470153e-130,0.636604404213658,0.513,0.37,1.03899657846377e-125,"9","Atp8a1"
0,4.42232580624965,0.956,0.106,0,"10","Atp1a2"
0,4.76639296505106,0.949,0.111,0,"10","Atp1b2"
0,4.81013679985683,0.896,0.075,0,"10","Ttyh1"
0,3.87622233109826,0.886,0.099,0,"10","Slc1a2"
0,5.19345593851148,0.846,0.092,0,"10","Slc1a3"
0,6.03488240958772,0.767,0.033,0,"10","Gpr37l1"
0,4.93456661933884,0.765,0.043,0,"10","Acsbg1"
0,3.81255569803456,0.841,0.131,0,"10","Sparcl1"
0,5.96265426650185,0.727,0.025,0,"10","Fgfr3"
0,3.84977664664736,0.78,0.09,0,"10","Aldoc"
0,4.8258970721619,0.723,0.057,0,"10","Bcan"
0,3.82435451625868,0.762,0.101,0,"10","Clu"
0,3.1768666986045,0.739,0.097,0,"10","Mt3"
0,4.95468979010125,0.668,0.032,0,"10","Slc4a4"
0,3.42113957168966,0.798,0.176,0,"10","Pla2g7"
0,3.98722302844856,0.666,0.06,0,"10","Dtna"
0,4.11659009056874,0.667,0.062,0,"10","Fam107a"
0,2.96308861177305,0.728,0.126,0,"10","Gpm6a"
0,3.21004530716795,0.743,0.151,0,"10","Ank2"
0,3.73212752706965,0.64,0.063,0,"10","Ndrg2"
0,4.92483283159722,0.626,0.051,0,"10","Gja1"
0,4.96061345627976,0.602,0.029,0,"10","Ptprz1"
0,3.96958578704343,0.622,0.06,0,"10","Scg3"
0,4.26798619983154,0.642,0.081,0,"10","Acsl3"
0,4.75788561226553,0.596,0.037,0,"10","Id4"
0,4.54918865001871,0.578,0.033,0,"10","Luzp2"
0,2.9536661739766,0.653,0.114,0,"10","Mt2"
0,5.42864807562052,0.556,0.018,0,"10","Nwd1"
0,3.72273487312671,0.712,0.176,0,"10","Appl2"
0,3.85010705671604,0.578,0.045,0,"10","Paqr8"
0,5.08287597157833,0.559,0.035,0,"10","Htra1"
0,4.13834090722403,0.626,0.102,0,"10","Slc27a1"
0,4.34848065975121,0.553,0.03,0,"10","Slc6a1"
0,3.07529466651805,0.602,0.084,0,"10","Nebl"
0,3.67329523196311,0.591,0.081,0,"10","Farp1"
0,3.81918656199155,0.559,0.052,0,"10","Mtss2"
0,4.52048321504114,0.526,0.03,0,"10","Sfxn5"
0,4.90196935670651,0.513,0.022,0,"10","Hepacam"
0,5.9681460440446,0.503,0.018,0,"10","Itih3"
0,5.43999532622577,0.503,0.023,0,"10","Plpp3"
0,2.73473380878027,0.61,0.134,0,"10","Mfn1"
0,4.37146195653829,0.518,0.044,0,"10","Plxnb1"
0,4.23512624763411,0.51,0.04,0,"10","Cxcl14"
0,3.11941460455688,0.588,0.119,0,"10","Ahcyl1"
0,4.13627698067143,0.523,0.06,0,"10","Tprkb"
0,3.24631324290878,0.545,0.085,0,"10","Pygb"
0,2.77148254421779,0.527,0.067,0,"10","Ptch1"
0,3.97996884637585,0.507,0.048,0,"10","Gria1"
0,3.23923159772695,0.52,0.063,0,"10","Gprc5b"
0,3.27308962159993,0.542,0.099,0,"10","Tspan7"
0,3.73593645685359,0.516,0.081,0,"10","Camk2g"
0,2.20870463825336,0.594,0.162,0,"10","Septin8"
0,2.24820090828174,0.541,0.115,0,"10","Syne1"
0,1.19779264024328,0.512,0.099,0,"10","Adgrb1"
0,3.35190146037186,0.503,0.096,0,"10","S1pr1"
0,2.16415922226452,0.503,0.102,0,"10","Tnik"
0,1.86400647511769,0.635,0.239,0,"10","Mt1"
0,2.39596207670991,0.51,0.158,0,"10","Eps15"
0,1.10780584774071,0.76,0.461,0,"10","Cd81"
0,1.35514190701903,0.601,0.313,0,"10","Pnisr"
0,1.06775059833621,0.844,0.559,0,"10","Qki"
0,1.09758013602498,0.506,0.232,0,"10","Luc7l3"
0,1.62810788931775,0.663,0.404,0,"10","Pabpn1"
0,1.25123955722223,0.581,0.348,0,"10","Smarcc2"
0,1.71928554472083,0.513,0.315,0,"10","Leng8"
0,1.23234253282851,0.659,0.492,0,"10","Macf1"
1.21535583419758e-276,1.06416615620594,0.553,0.359,2.31586054206349e-272,"10","Lrp1"
1.94956837231313e-226,0.892922068431369,0.666,0.554,3.71490253344266e-222,"10","Rsrp1"
1.52944626296859e-223,0.898206725212828,0.598,0.418,2.91435985408664e-219,"10","Arglu1"
2.19583076675842e-172,1.10135189852319,0.509,0.366,4.18415552605817e-168,"10","Snrnp70"
2.29595804040028e-168,1.04159970927514,0.604,0.496,4.37494804598274e-164,"10","Itm2c"
1.88654685247174e-115,0.967052264480086,0.532,0.459,3.5948150273849e-111,"10","Son"
0,3.99903168694011,0.783,0.045,0,"11","Ncapd2"
0,5.6246676533478,0.748,0.018,0,"11","Top2a"
0,5.47811427195048,0.746,0.017,0,"11","Mki67"
0,5.58609603923689,0.698,0.013,0,"11","Cdca3"
0,5.75971157553412,0.695,0.016,0,"11","Cdk1"
0,4.56137989336584,0.702,0.027,0,"11","Tacc3"
0,5.23931757689566,0.669,0.023,0,"11","H1f5"
0,3.38538002393678,0.712,0.075,0,"11","Smc4"
0,2.07389229441703,0.811,0.19,0,"11","Lmnb1"
0,5.115401768467,0.632,0.017,0,"11","Knstrn"
0,2.88241171507422,0.697,0.09,0,"11","Hjurp"
0,5.04902962582702,0.623,0.017,0,"11","Cip2a"
0,4.12520412577313,0.639,0.041,0,"11","Incenp"
0,2.40407869709288,0.707,0.123,0,"11","Vars"
0,3.86164220136573,0.703,0.12,0,"11","Myc"
0,5.02833048880639,0.59,0.012,0,"11","Nek2"
0,2.79463187217207,0.654,0.081,0,"11","Tmpo"
0,2.49980283824398,0.656,0.089,0,"11","Sae1"
0,2.99218685305976,0.639,0.073,0,"11","Tfdp1"
0,5.08306742926772,0.576,0.016,0,"11","Kif23"
0,2.54186094799388,0.675,0.117,0,"11","Dnmt1"
0,2.41516051423661,0.73,0.173,0,"11","Rcc2"
0,5.84538848032575,0.563,0.009,0,"11","Ect2"
0,3.39377718347783,0.62,0.068,0,"11","Cad"
0,4.97349132726955,0.568,0.016,0,"11","Pole"
0,2.89009585162716,0.598,0.046,0,"11","Hirip3"
0,5.62554896424035,0.56,0.009,0,"11","Tpx2"
0,3.31443881688709,0.619,0.07,0,"11","Uck2"
0,2.61292957504002,0.688,0.139,0,"11","Ppan"
0,2.12798421839321,0.711,0.165,0,"11","Sf3b3"
0,2.82131895268167,0.625,0.08,0,"11","Nup205"
0,2.99561387271737,0.612,0.067,0,"11","Shmt2"
0,5.51454354788177,0.553,0.009,0,"11","Ccna2"
0,1.66924467933541,0.649,0.106,0,"11","Nsd2"
0,2.53145099025953,0.678,0.135,0,"11","Smarcc1"
0,2.46093307165259,0.671,0.129,0,"11","Mybbp1a"
0,3.42796393716953,0.599,0.061,0,"11","Dkc1"
0,5.98481556498265,0.546,0.009,0,"11","Cdca2"
0,2.87795134220081,0.714,0.177,0,"11","Dars"
0,2.11860393556884,0.655,0.121,0,"11","Ckap5"
0,6.41349672675582,0.538,0.008,0,"11","Aspm"
0,2.72512521161427,0.684,0.155,0,"11","Clasp1"
0,3.45417123714999,0.605,0.076,0,"11","Ddx18"
0,3.04822478133231,0.577,0.051,0,"11","Smyd2"
0,3.28749157906078,0.566,0.04,0,"11","Rcc1"
0,2.51019964505251,0.659,0.135,0,"11","Ahctf1"
0,2.54413284828303,0.717,0.193,0,"11","Eprs"
0,4.44039460602413,0.544,0.02,0,"11","Smc2"
0,6.04238284397242,0.531,0.007,0,"11","Hmmr"
0,2.05218681768365,0.599,0.077,0,"11","Cbx5"
0,1.8939360681914,0.69,0.168,0,"11","Smc1a"
0,2.9858148897117,0.58,0.06,0,"11","Dtymk"
0,4.38025914381201,0.542,0.023,0,"11","Ddr2"
0,2.31693857600108,0.656,0.137,0,"11","Nop56"
0,1.80043572905449,0.679,0.16,0,"11","Psip1"
0,5.63314445753516,0.529,0.01,0,"11","Ckap2"
0,2.39642599895301,0.62,0.102,0,"11","Lbr"
0,1.6082003335291,0.732,0.214,0,"11","Srrt"
0,2.62451058871978,0.609,0.093,0,"11","Ints7"
0,2.24132239967745,0.644,0.128,0,"11","Nop2"
0,2.88220377707584,0.583,0.067,0,"11","Nup155"
0,2.11039901246379,0.602,0.088,0,"11","Myef2"
0,2.37718281390266,0.69,0.178,0,"11","H2az1"
0,5.603043729293,0.521,0.009,0,"11","Gtse1"
0,2.19465247022502,0.639,0.128,0,"11","Snrpa1"
0,3.09532145211622,0.558,0.047,0,"11","Pola1"
0,3.83191693228979,0.581,0.07,0,"11","Nifk"
0,5.87589326656314,0.518,0.008,0,"11","Cenpf"
0,2.751493464986,0.773,0.263,0,"11","H1f4"
0,2.62879761807458,0.646,0.137,0,"11","Ybx3"
0,1.60027564879572,0.697,0.19,0,"11","Xpo1"
0,2.24853933402951,0.618,0.115,0,"11","Nvl"
0,1.9534418438374,0.78,0.277,0,"11","Gnl3"
0,4.87189285895078,0.516,0.013,0,"11","Racgap1"
0,2.5759346955978,0.641,0.139,0,"11","Tsn"
0,1.79162818412072,0.808,0.306,0,"11","Nono"
0,2.89246959824555,0.547,0.048,0,"11","Pold1"
0,2.13476028113455,0.63,0.131,0,"11","H2az2"
0,2.65354118011032,0.59,0.091,0,"11","Nsun2"
0,5.32745431925031,0.507,0.009,0,"11","Foxm1"
0,3.42500262307546,0.541,0.044,0,"11","Hspg2"
0,1.98634514657615,0.734,0.237,0,"11","Dhx9"
0,3.90000341729677,0.563,0.066,0,"11","Ptch1"
0,2.97278771517403,0.54,0.044,0,"11","Ifrd2"
0,5.81538197450963,0.503,0.01,0,"11","Mis18bp1"
0,5.53479337835887,0.5,0.008,0,"11","Kif11"
0,2.65840943806754,0.571,0.079,0,"11","Pola2"
0,2.16098703150294,0.641,0.15,0,"11","Flna"
0,1.90137159520225,0.595,0.105,0,"11","Nup210"
0,2.0381425484266,0.603,0.113,0,"11","Xrcc1"
0,3.10448602068892,0.545,0.056,0,"11","Nop58"
0,2.25630573716423,0.656,0.167,0,"11","R3hdm1"
0,1.72134250952031,0.631,0.143,0,"11","Brd8"
0,1.99160856116124,0.674,0.188,0,"11","Parp1"
0,2.76959629349525,0.555,0.07,0,"11","Stmn1"
0,2.54301176549849,0.566,0.083,0,"11","Ruvbl2"
0,1.45476758306222,0.7,0.218,0,"11","Srsf10"
0,3.23587781201353,0.519,0.04,0,"11","Topbp1"
0,1.8306903243594,0.757,0.279,0,"11","Taf1d"
0,2.27389395222152,0.562,0.085,0,"11","Ptcd3"
0,3.13751155959784,0.615,0.138,0,"11","Snrpe"
0,1.98831175633079,0.621,0.144,0,"11","Kpnb1"
0,1.92809644424217,0.601,0.125,0,"11","Tsr1"
0,1.91943392170677,0.637,0.162,0,"11","Tmem183a"
0,4.03074794168402,0.5,0.025,0,"11","Hells"
0,1.82445869477036,0.671,0.197,0,"11","Hnrnpu"
0,2.47943702080254,0.568,0.094,0,"11","Ppid"
0,1.65492945642966,0.588,0.114,0,"11","Adpgk"
0,2.80657376904167,0.555,0.082,0,"11","Ptpn4"
0,3.56861266563612,0.513,0.04,0,"11","Ncapg2"
0,1.16793299082211,0.679,0.207,0,"11","Srpk1"
0,2.30741605709182,0.549,0.077,0,"11","Wdr77"
0,2.78841502769609,0.516,0.044,0,"11","Nup107"
0,2.18374617795778,0.608,0.136,0,"11","Pign"
0,1.87802659856583,0.598,0.126,0,"11","Tbrg4"
0,2.29123496735371,0.542,0.071,0,"11","Atad3a"
0,3.11548676012365,0.509,0.038,0,"11","Pfas"
0,2.40785702651121,0.535,0.064,0,"11","Aaas"
0,1.81020637633137,0.616,0.147,0,"11","Mta1"
0,2.28723169947996,0.582,0.113,0,"11","Gart"
0,1.82862427053711,0.669,0.201,0,"11","Hspd1"
0,1.56208756199265,0.614,0.146,0,"11","Mars1"
0,1.36729754084787,0.641,0.174,0,"11","Ints1"
0,1.88133508570946,0.735,0.268,0,"11","Prpf8"
0,3.11490322302727,0.525,0.059,0,"11","Aff3"
0,2.15661652802378,0.581,0.115,0,"11","Cse1l"
0,3.52142787775117,0.515,0.051,0,"11","Serpinh1"
0,1.40667218320837,0.713,0.25,0,"11","Dazap1"
0,2.68927165888881,0.524,0.062,0,"11","Ltbp3"
0,1.58563246548601,0.693,0.232,0,"11","Dek"
0,2.06977582618783,0.561,0.101,0,"11","Elp1"
0,2.29049934376572,0.57,0.111,0,"11","Pitrm1"
0,2.54293023697392,0.525,0.067,0,"11","Bzw2"
0,1.41679985373267,0.647,0.189,0,"11","Cpsf1"
0,2.85704644120598,0.536,0.078,0,"11","Lsm2"
0,2.08826612114193,0.767,0.31,0,"11","Prrc2c"
0,1.96123921591436,0.583,0.126,0,"11","Hnrnpr"
0,1.20017797695485,0.765,0.309,0,"11","Rnf4"
0,1.74182236928326,0.628,0.172,0,"11","Uba2"
0,1.99487010911655,0.579,0.123,0,"11","Txndc5"
0,1.63786284751923,0.668,0.214,0,"11","Cdc73"
0,2.34530523706433,0.544,0.09,0,"11","Ssrp1"
0,1.44623090411691,0.708,0.254,0,"11","Dhx15"
0,3.08311008859766,0.512,0.059,0,"11","H2ax"
0,1.64696405473988,0.568,0.116,0,"11","Eftud2"
0,2.38830728682036,0.537,0.086,0,"11","Wdr43"
0,1.66334986204888,0.763,0.312,0,"11","Ddx21"
0,1.77449707546112,0.608,0.157,0,"11","Smg7"
0,1.54106765981755,0.578,0.127,0,"11","Grk6"
0,1.61477393543397,0.624,0.175,0,"11","Cnot1"
0,1.36444753147443,0.692,0.243,0,"11","Ssr3"
0,1.85344821010746,0.572,0.123,0,"11","Stip1"
0,1.83055531658625,0.541,0.093,0,"11","Nasp"
0,1.96102998166524,0.561,0.113,0,"11","Trap1"
0,1.67594984782248,0.692,0.244,0,"11","Ppp1r15b"
0,1.12545322030057,0.652,0.205,0,"11","Cherp"
0,1.56084621667326,0.621,0.174,0,"11","Fam120a"
0,1.46235611240537,0.62,0.174,0,"11","Rnps1"
0,1.73630475183588,0.606,0.16,0,"11","Khsrp"
0,1.98800892459708,0.538,0.093,0,"11","Rbbp5"
0,1.94458946024844,0.54,0.095,0,"11","Anp32e"
0,1.41962270550276,0.752,0.307,0,"11","Fubp1"
0,2.69581516543379,0.524,0.079,0,"11","Trim28"
0,1.4128036401404,0.625,0.18,0,"11","Larp1"
0,1.51139790399311,0.644,0.199,0,"11","Nup153"
0,1.56390859003415,0.6,0.155,0,"11","Gnpat"
0,1.99846734359873,0.544,0.1,0,"11","Bpnt2"
0,1.3908062759248,0.541,0.097,0,"11","Pals2"
0,1.86382169865148,0.556,0.113,0,"11","Ncbp1"
0,1.1927955986253,0.668,0.225,0,"11","Noc2l"
0,2.06057662994155,0.553,0.11,0,"11","Cbx3"
0,1.57663469587269,0.633,0.19,0,"11","Tpr"
0,1.41615734808456,0.607,0.164,0,"11","G3bp1"
0,2.36470368405185,0.517,0.075,0,"11","Slc1a5"
0,3.06213465122959,0.504,0.062,0,"11","Cks2"
0,2.20775379333595,0.533,0.092,0,"11","Iars2"
0,1.27360718630998,0.683,0.242,0,"11","Eif4b"
0,1.61053321915736,0.589,0.148,0,"11","Lars"
0,1.12727508069022,0.663,0.225,0,"11","Tardbp"
0,2.23340655793354,0.506,0.068,0,"11","Ipo9"
0,0.964974222049275,0.747,0.31,0,"11","Ddx39b"
0,1.51966716246696,0.539,0.103,0,"11","Maz"
0,1.14119168743585,0.662,0.229,0,"11","Prpf40a"
0,0.872682206399432,0.684,0.251,0,"11","Ppp3cb"
0,2.22489317701547,0.501,0.068,0,"11","Ubap2"
0,1.35177174973841,0.61,0.177,0,"11","Kansl2"
0,1.43297381454719,0.587,0.154,0,"11","Smc6"
0,2.24594937523967,0.688,0.255,0,"11","Hnrnpa1"
0,1.58868275378568,0.567,0.134,0,"11","Ptprs"
0,2.07285468578633,0.523,0.091,0,"11","Ebna1bp2"
0,2.65761201209396,0.517,0.085,0,"11","Timm17a"
0,1.43318213025264,0.626,0.194,0,"11","Naa15"
0,1.47064890177151,0.631,0.199,0,"11","Srebf2"
0,2.50171629772713,0.623,0.191,0,"11","Tubb5"
0,1.56724279458016,0.588,0.156,0,"11","Igsf8"
0,1.27333106829122,0.567,0.135,0,"11","Sympk"
0,1.6186341783315,0.598,0.166,0,"11","Otud4"
0,1.37085092588559,0.643,0.212,0,"11","Bclaf1"
0,2.10895860457755,0.637,0.208,0,"11","Ccnt2"
0,1.56437128476871,0.558,0.13,0,"11","Morc2a"
0,1.73570166757342,0.545,0.118,0,"11","Nudc"
0,1.17048528991558,0.609,0.182,0,"11","Pcm1"
0,1.0137683647477,0.627,0.2,0,"11","Smchd1"
0,1.70501854289905,0.826,0.399,0,"11","Snd1"
0,2.60915204608258,0.52,0.094,0,"11","Inppl1"
0,1.35388934229534,0.642,0.216,0,"11","Cbfb"
0,1.83654051255313,0.54,0.115,0,"11","Thada"
0,1.73305382983809,0.54,0.115,0,"11","Tcof1"
0,1.74227395725612,0.721,0.296,0,"11","Ubxn4"
0,2.14597800414838,0.599,0.174,0,"11","Cct8"
0,1.57496372130602,0.589,0.165,0,"11","Seh1l"
0,2.1580200525539,0.526,0.103,0,"11","Relch"
0,1.84889041292292,0.552,0.129,0,"11","Med25"
0,0.926214083971638,0.806,0.384,0,"11","Srsf7"
0,2.28064837983752,0.537,0.115,0,"11","Rbbp7"
0,2.63411725495101,0.501,0.079,0,"11","Cct3"
0,1.36781815817771,0.734,0.312,0,"11","Hnrnpd"
0,1.76213102407915,0.512,0.091,0,"11","Tbl3"
0,2.20741264612952,0.755,0.334,0,"11","Ncl"
0,1.59645741833688,0.562,0.142,0,"11","U2af1"
0,2.04002630682865,0.61,0.19,0,"11","Lmna"
0,1.54978845990853,0.568,0.148,0,"11","Ndufs2"
0,1.45376773947107,0.815,0.395,0,"11","Hnrnpa2b1"
0,1.52815035718859,0.537,0.118,0,"11","Anapc1"
0,1.78414234560984,0.515,0.096,0,"11","Nopchap1"
0,1.03384097560277,0.637,0.218,0,"11","Rbm14"
0,1.0276585494427,0.651,0.233,0,"11","Zfp207"
0,1.60919401252729,0.532,0.114,0,"11","Mtrex"
0,0.914516426661521,0.736,0.318,0,"11","Gtf3c2"
0,1.15833773853248,0.612,0.194,0,"11","Rbm28"
0,1.2641064532931,0.58,0.162,0,"11","Sf3a1"
0,1.16796768216613,0.636,0.219,0,"11","Zfp598"
0,2.29835752252131,0.54,0.123,0,"11","Snrpd1"
0,1.10064800179352,0.676,0.259,0,"11","Matr3"
0,1.23347111893905,0.575,0.158,0,"11","Dhx36"
0,1.81731924997459,0.587,0.171,0,"11","Tmem167"
0,1.76184896014749,0.533,0.118,0,"11","Prps1l3"
0,1.02209529635728,0.666,0.251,0,"11","Arid2"
0,0.80259139844799,0.815,0.4,0,"11","Pabpn1"
0,1.2508434323862,0.561,0.147,0,"11","Usp5"
0,1.74052107822994,0.52,0.106,0,"11","Sms"
0,1.31293641019909,0.645,0.232,0,"11","Ak2"
0,2.00613339726871,0.524,0.111,0,"11","Alg10b"
0,1.44346732606189,0.566,0.153,0,"11","Ddx10"
0,1.79196526204465,0.504,0.092,0,"11","Ash2l"
0,1.13465226144581,0.641,0.23,0,"11","Ssb"
0,1.95277545048326,0.501,0.09,0,"11","Polr1a"
0,1.11352065997927,0.766,0.356,0,"11","Fxr1"
0,1.33589985073109,0.561,0.151,0,"11","Smg5"
0,1.04398370510022,0.662,0.253,0,"11","Xrn2"
0,1.97977217299195,0.539,0.131,0,"11","Serbp1"
0,2.01594646673078,0.517,0.109,0,"11","Lsm7"
0,1.76950947195853,0.501,0.093,0,"11","Pum3"
0,1.23326347178744,0.609,0.201,0,"11","Syncrip"
0,1.77128821747145,0.514,0.107,0,"11","Snrnp200"
0,1.03891780541146,0.715,0.308,0,"11","Macroh2a1"
0,1.41410332883401,0.559,0.153,0,"11","Dap3"
0,1.84111179201924,0.5,0.094,0,"11","Polr2b"
0,0.818648947939637,0.628,0.223,0,"11","Foxp1"
0,1.07376418891344,0.557,0.153,0,"11","Ube4b"
0,0.886274063881334,0.672,0.268,0,"11","Sf3b2"
0,1.01112642428046,0.6,0.196,0,"11","Uhrf2"
0,1.51822034216024,0.513,0.11,0,"11","Ilf3"
0,1.15463991207456,0.556,0.153,0,"11","Ccar1"
0,1.56628035437675,0.638,0.235,0,"11","Cct2"
0,0.97697958051444,0.743,0.34,0,"11","Hnrnph1"
0,1.83027801818158,0.563,0.16,0,"11","Srf"
0,2.46689595847596,0.52,0.118,0,"11","Impdh2"
0,1.70538963693799,0.583,0.181,0,"11","Idh2"
0,1.19536699003153,0.576,0.175,0,"11","Emc1"
0,0.935918031532917,0.789,0.389,0,"11","Srsf6"
0,0.934127750769911,0.616,0.216,0,"11","Prrc2a"
0,0.968249819474434,0.565,0.165,0,"11","Atp2a2"
0,1.11040762334158,0.528,0.129,0,"11","Ptpa"
0,1.08716193451567,0.555,0.156,0,"11","Txlna"
0,1.50543426291112,0.607,0.208,0,"11","Cdv3"
0,0.95192563782731,0.738,0.339,0,"11","Tial1"
0,1.47989659710774,0.589,0.191,0,"11","Erf"
0,0.906096763339947,0.717,0.319,0,"11","Srcap"
0,1.39666466049748,0.543,0.146,0,"11","Rae1"
0,1.04139033436028,0.616,0.219,0,"11","Ubr5"
0,2.11587064717411,0.525,0.128,0,"11","Capn1"
0,1.84929663828923,0.512,0.116,0,"11","Cyb5r1"
0,0.662166229688559,0.609,0.213,0,"11","Setd1a"
0,0.964883968191081,0.667,0.271,0,"11","Ranbp2"
0,1.28963673711082,0.74,0.344,0,"11","Acly"
0,1.02828854169274,0.714,0.318,0,"11","Srrm2"
0,0.842135382034378,0.591,0.196,0,"11","Ppp5c"
0,1.64386974495357,0.517,0.123,0,"11","Pigm"
0,0.552925274452466,0.576,0.182,0,"11","Rabl6"
0,1.05712428144462,0.622,0.229,0,"11","Ube3a"
0,1.37902421882132,0.539,0.146,0,"11","Atp13a1"
0,1.2144702592671,0.572,0.179,0,"11","Psmd1"
0,1.46195367854621,0.501,0.109,0,"11","Ctdspl2"
0,1.18209434058551,0.551,0.159,0,"11","Smarcad1"
0,1.6546117871017,0.546,0.154,0,"11","Eif3d"
0,1.59595986871233,0.56,0.168,0,"11","Morf4l2"
0,0.990239912203402,0.653,0.261,0,"11","Huwe1"
0,1.58594283387464,0.54,0.149,0,"11","Sf3a2"
0,1.09673851048936,0.531,0.14,0,"11","Ddx46"
0,2.10956536096316,0.509,0.118,0,"11","Tcp1"
0,1.36189503604147,0.575,0.184,0,"11","Metap2"
0,1.05646112776241,0.545,0.155,0,"11","Srsf4"
0,1.53633560567708,0.528,0.138,0,"11","Ppm1g"
0,1.04061155267836,0.532,0.143,0,"11","Stk16"
0,1.91181802268767,0.556,0.167,0,"11","Phb2"
0,2.08912417243419,0.507,0.118,0,"11","Acat1"
0,1.60163244019882,0.706,0.317,0,"11","Mdm4"
0,2.28173027075097,0.506,0.118,0,"11","Prdx4"
0,1.09856721821902,0.56,0.173,0,"11","Mark3"
0,1.34513523464053,0.504,0.117,0,"11","Dnajc10"
0,0.883650299518187,0.818,0.431,0,"11","Fus"
0,1.37183421069008,0.517,0.131,0,"11","Hpf1"
0,1.18660497837081,0.634,0.248,0,"11","Ubp1"
0,1.43290288207674,0.548,0.162,0,"11","Alkbh1"
0,1.22836484528262,0.587,0.201,0,"11","Ssr1"
0,1.5160442959281,0.585,0.2,0,"11","Eif3g"
0,1.3146955760307,0.587,0.202,0,"11","Ctnnb1"
0,0.970023394481638,0.583,0.198,0,"11","Atrx"
0,1.92290637710028,0.542,0.158,0,"11","Cct7"
0,1.36041880238104,0.512,0.128,0,"11","Iws1"
0,1.22899589927561,0.505,0.123,0,"11","Klhdc2"
0,1.02328149459021,0.603,0.221,0,"11","Atp13a3"
0,1.45449763090309,0.53,0.149,0,"11","Cnih4"
0,0.768100987955881,0.618,0.237,0,"11","Baz1a"
0,1.34621379930939,0.516,0.135,0,"11","Utp15"
0,1.01324945121901,0.566,0.185,0,"11","Adnp"
0,0.987694575659459,0.641,0.261,0,"11","Khdrbs1"
0,0.828298980781707,0.645,0.265,0,"11","Setd5"
0,1.24613443959732,0.526,0.146,0,"11","Stt3b"
0,1.02442315606224,0.556,0.177,0,"11","Copg1"
0,1.11116573588032,0.549,0.17,0,"11","Cdk19"
0,0.880203218749687,0.564,0.186,0,"11","Prpf4b"
0,0.77850076855642,0.551,0.174,0,"11","Spg7"
0,0.773566177902575,0.556,0.179,0,"11","Pspc1"
0,1.707689946017,0.501,0.124,0,"11","Pdap1"
0,0.748000438465196,0.599,0.222,0,"11","Xpo6"
0,1.27813896116221,0.584,0.207,0,"11","Rdx"
0,1.74696345395986,0.506,0.13,0,"11","Zfp281"
0,1.23635355328633,0.515,0.139,0,"11","Vps16"
0,0.833134129686558,0.595,0.219,0,"11","Gtf2i"
0,1.20520872484069,0.657,0.281,0,"11","Naa50"
0,0.652047427213768,0.662,0.288,0,"11","Ppp6r3"
0,0.74114930578807,0.515,0.141,0,"11","Septin11"
0,0.89145159878068,0.605,0.231,0,"11","Tra2a"
0,0.760511444656044,0.625,0.251,0,"11","Papola"
0,0.786393322372179,0.776,0.402,0,"11","Hnrnpm"
0,0.963055750152945,0.577,0.203,0,"11","Mbd3"
0,0.773668045568932,0.733,0.36,0,"11","Srsf11"
0,0.79748056265229,0.619,0.246,0,"11","Numa1"
0,0.837694805336734,0.644,0.271,0,"11","Srsf2"
0,1.18930191330591,0.57,0.197,0,"11","Tnks2"
0,1.12976846718624,0.562,0.19,0,"11","Trps1"
0,0.815955901031772,0.729,0.357,0,"11","Mlec"
0,1.10479614825336,0.528,0.156,0,"11","Pom121"
0,1.15645335704414,0.542,0.17,0,"11","Ptov1"
0,1.13897288532593,0.527,0.155,0,"11","Mcmbp"
0,1.46514310940038,0.511,0.139,0,"11","Ncln"
0,1.06480443787814,0.688,0.316,0,"11","Ptbp1"
0,0.634669822737996,0.575,0.203,0,"11","Txnrd1"
0,1.15248848700533,0.5,0.129,0,"11","Smarca4"
0,1.25526617019698,0.53,0.159,0,"11","Psme3"
0,1.04937151861477,0.57,0.199,0,"11","Ubtf"
0,1.0478352353738,0.545,0.176,0,"11","Pum1"
0,0.911679236978363,0.629,0.26,0,"11","Ubap2l"
0,0.77355511049913,0.579,0.21,0,"11","Ecpas"
0,1.26050045661623,0.586,0.217,0,"11","Tomm20"
0,1.27553548687155,0.541,0.173,0,"11","Rfc2"
0,1.39003937730465,0.521,0.153,0,"11","Psmd14"
0,1.03855906080496,0.593,0.225,0,"11","Exoc4"
0,1.04416559500906,0.532,0.164,0,"11","Anxa6"
0,1.01793958929481,0.54,0.173,0,"11","Lman1"
0,1.32790002223755,0.505,0.138,0,"11","Abcf1"
0,0.650735727996126,0.64,0.273,0,"11","Zfp91"
0,0.843406528461889,0.5,0.134,0,"11","Akt3"
0,0.844841390361306,0.606,0.24,0,"11","Dlst"
0,1.01935405205236,0.577,0.212,0,"11","Tor1aip2"
0,1.16416905023581,0.534,0.169,0,"11","Csnk2a1"
0,1.76286110851043,0.573,0.209,0,"11","Tkt"
0,0.920091375389819,0.537,0.174,0,"11","Eif4e"
0,0.941930516007133,0.554,0.191,0,"11","Htt"
0,1.14659317289624,0.601,0.238,0,"11","Rpn2"
0,1.13916006848565,0.508,0.145,0,"11","Phrf1"
0,0.699933031683887,0.663,0.301,0,"11","Rbm25"
0,0.737147354741849,0.623,0.261,0,"11","Tpp2"
0,0.874892317911923,0.608,0.246,0,"11","Ptbp2"
0,0.966269421333499,0.598,0.236,0,"11","Vcp"
0,1.28613202354552,0.549,0.19,0,"11","Jpt1"
0,0.984001564993137,0.523,0.164,0,"11","Med1"
0,1.02922508048063,0.518,0.159,0,"11","Snrnp48"
0,0.500336183057614,0.695,0.336,0,"11","Akap8"
0,0.835857670812011,0.522,0.166,0,"11","Cars"
0,0.727360936324937,0.509,0.154,0,"11","Snapc4"
0,0.643683533644044,0.697,0.342,0,"11","Srrm1"
0,1.16908065807422,0.527,0.173,0,"11","Copa"
0,0.977143489560824,0.547,0.193,0,"11","Hnrnpab"
0,0.527093546776398,0.655,0.301,0,"11","Acin1"
0,0.918664643885926,0.559,0.206,0,"11","Tnrc6a"
0,0.58418992974063,0.599,0.246,0,"11","Raf1"
0,0.985587593169177,0.514,0.161,0,"11","Birc6"
0,0.869812093956749,0.553,0.201,0,"11","Rbm17"
0,0.74524024443465,0.529,0.177,0,"11","Lsm14b"
0,0.934348761653259,0.529,0.177,0,"11","Scaf11"
0,0.924198008992664,0.512,0.16,0,"11","Sart1"
0,0.586342645112009,0.581,0.23,0,"11","Tecr"
0,1.10592584388972,0.518,0.168,0,"11","Psme4"
0,0.766999630915512,0.614,0.264,0,"11","Mta2"
0,0.644628665674265,0.597,0.247,0,"11","Cpsf7"
0,1.11107508337811,0.555,0.206,0,"11","Psmc6"
0,1.02136162970152,0.667,0.318,0,"11","Hnrnpl"
0,0.825475293759798,0.604,0.255,0,"11","Rbm26"
0,0.766961290006071,0.521,0.173,0,"11","U2surp"
0,0.592989799301484,0.636,0.289,0,"11","Chtop"
0,1.6587208854862,0.537,0.19,0,"11","Eef1g"
0,0.948823316302826,0.565,0.218,0,"11","Lin7c"
0,1.28156093509155,0.508,0.161,0,"11","Fcf1"
0,1.35605463620523,0.633,0.287,0,"11","Eef1b2"
0,0.535181369602014,0.591,0.245,0,"11","Mia3"
0,1.55270507978865,0.551,0.206,0,"11","Atp5b"
0,1.22714208384093,0.558,0.213,0,"11","Map3k1"
0,0.850310372913017,0.518,0.173,0,"11","Pkn2"
0,0.795544370615688,0.541,0.197,0,"11","Stk11"
0,0.908133644095676,0.516,0.172,0,"11","Rab24"
0,1.22572281866578,0.554,0.211,0,"11","Rpn1"
0,0.752137612304451,0.53,0.187,0,"11","Rxrb"
0,1.09243427714151,0.507,0.164,0,"11","Prpf38a"
0,0.852377833646971,0.53,0.188,0,"11","Ppp4r3a"
0,0.830528148925365,0.587,0.245,0,"11","Rtcb"
0,0.783491321904943,0.532,0.191,0,"11","Rab3gap2"
0,0.745526564820359,0.524,0.183,0,"11","Zc3h14"
0,0.850029749534703,0.534,0.194,0,"11","Smarce1"
0,0.848669192018931,0.583,0.244,0,"11","Rlim"
0,0.709344268141698,0.568,0.23,0,"11","Trpm7"
0,0.533210225415436,0.588,0.25,0,"11","Dhx38"
0,0.824683713683678,0.525,0.188,0,"11","Yme1l1"
0,1.28944996108604,0.591,0.254,0,"11","Lrrc59"
0,0.562898094996733,0.58,0.243,0,"11","Pum2"
0,1.00620689869962,0.507,0.17,0,"11","Fyttd1"
0,0.594942770594004,0.545,0.209,0,"11","Zfp131"
0,1.16499294730493,0.629,0.294,0,"11","Rack1"
0,0.596335734086674,0.549,0.215,0,"11","Hp1bp3"
0,0.705672109189654,0.541,0.207,0,"11","Wapl"
0,0.921143259613801,0.519,0.185,0,"11","Rc3h1"
0,0.816503508533258,0.537,0.203,0,"11","G3bp2"
0,1.17176470885349,0.567,0.233,0,"11","Raly"
0,1.17422641712395,0.5,0.166,0,"11","Eif3c"
0,0.705695760226137,0.554,0.221,0,"11","Akt1"
0,0.731092087763786,0.556,0.223,0,"11","Gsk3b"
0,0.660261895643998,0.518,0.185,0,"11","Phip"
0,0.648339467778358,0.657,0.324,0,"11","Tra2b"
0,0.635993060141379,0.618,0.286,0,"11","Prpf38b"
0,0.630053055394349,0.527,0.195,0,"11","Ago2"
0,0.873714711701105,0.54,0.21,0,"11","Sde2"
0,0.630427458686898,0.542,0.213,0,"11","Ankrd17"
0,1.00413180897208,0.528,0.199,0,"11","Polr2e"
0,1.19082261204064,0.512,0.184,0,"11","Psmc3"
0,0.616677536469226,0.506,0.178,0,"11","Bag6"
0,0.638936231642112,0.504,0.176,0,"11","Csnk1g3"
0,0.812376236488787,0.568,0.24,0,"11","Khdc4"
0,0.834281269819844,0.604,0.276,0,"11","Prpf39"
0,0.544648838354798,0.695,0.367,0,"11","Nisch"
0,0.618724695055833,0.517,0.193,0,"11","Ubr3"
0,0.862031477998653,0.534,0.211,0,"11","Rer1"
0,0.97468377386076,0.502,0.179,0,"11","Ubqln1"
0,0.978585657822515,0.805,0.486,0,"11","Eif4g2"
0,0.742323106561366,0.592,0.274,0,"11","Anp32a"
0,0.55220097487342,0.568,0.251,0,"11","Zfp384"
0,0.691711301301739,0.527,0.211,0,"11","Hnrnpll"
0,0.500396250718686,0.517,0.203,0,"11","Zc3h4"
0,0.660544278788391,0.52,0.207,0,"11","Clk2"
0,0.550540154960437,0.508,0.196,0,"11","Appbp2"
0,0.515468504897907,0.527,0.216,0,"11","Dcaf7"
0,0.722977409367225,0.535,0.224,0,"11","Tmx3"
0,0.512916634482242,0.693,0.382,0,"11","Trir"
0,0.573334404700943,0.523,0.213,0,"11","Ankrd11"
0,1.19657738189819,0.549,0.239,0,"11","Hsp90ab1"
0,1.26234726998405,0.512,0.205,0,"11","Lap3"
0,0.652524094832892,0.503,0.197,0,"11","Vbp1"
0,0.651636818780403,0.565,0.26,0,"11","Dnaja2"
0,0.583085308299543,0.566,0.262,0,"11","Septin2"
0,1.27499761946626,0.553,0.25,0,"11","Actr3"
0,0.619378961543621,0.547,0.244,0,"11","Glg1"
0,0.792999747237851,0.545,0.242,0,"11","Lman2"
0,0.502528349244504,0.596,0.295,0,"11","Hnrnpk"
0,0.681483345379828,0.513,0.213,0,"11","Pnrc2"
0,0.560660643892293,0.54,0.24,0,"11","Rbbp6"
0,0.710892646973237,0.556,0.257,0,"11","Csde1"
0,0.777391996611287,0.53,0.235,0,"11","Pdia4"
0,0.755925189498639,0.56,0.265,0,"11","Arcn1"
0,0.501620274528275,0.521,0.227,0,"11","Csnk1a1"
0,1.03956987715259,0.586,0.294,0,"11","Ddost"
0,0.614533707352963,0.641,0.351,0,"11","Bax"
0,0.553188128782215,0.503,0.214,0,"11","Atl3"
0,0.505379302064857,0.568,0.28,0,"11","Ppp2ca"
0,0.749172569431305,0.531,0.245,0,"11","Bzw1"
0,0.736951471026126,0.504,0.218,0,"11","Ndufs3"
0,1.58099286438406,0.504,0.218,0,"11","Ybx1"
0,0.675521683431878,0.548,0.263,0,"11","Pdia6"
0,1.04299958538901,0.526,0.243,0,"11","Pcbp1"
0,0.899714226949506,0.511,0.228,0,"11","Psma3"
0,1.48096179242175,0.505,0.264,0,"11","Btf3"
0,1.05918369003418,0.533,0.295,0,"11","Ppia"
1.23922086874533e-301,0.630057226632627,0.506,0.315,2.36133536539423e-297,"11","Ppib"
2.38863850289212e-292,0.574188639892717,0.626,0.413,4.55155066726094e-288,"11","Actg1"
2.3658052431282e-264,0.567990805716759,0.616,0.432,4.50804189078079e-260,"11","Cfl1"
3.81283853847897e-56,1.10050313435777,0.598,0.628,7.26536383507167e-52,"11","Eef1a1"
0,7.37682498695832,0.911,0.014,0,"12","Igkc"
0,7.66605668251027,0.886,0.013,0,"12","Cd19"
0,7.3611805788829,0.789,0.018,0,"12","Ighd"
0,7.58145099806792,0.764,0.011,0,"12","Cd79a"
0,5.08693316340358,0.979,0.242,0,"12","Ighm"
0,6.80541245687508,0.768,0.032,0,"12","Cd79b"
0,1.98927099779354,0.924,0.216,0,"12","Cd74"
0,7.55684108567608,0.708,0.01,0,"12","Pax5"
0,7.82938979118939,0.706,0.01,0,"12","Ms4a1"
0,1.81304277342599,0.844,0.173,0,"12","H2-Ab1"
0,2.23051021693935,0.821,0.164,0,"12","H2-Aa"
0,6.14888243863258,0.633,0.013,0,"12","Ly6d"
0,7.14181918263591,0.604,0.01,0,"12","Pou2af1"
0,5.22078568320258,0.629,0.047,0,"12","H2-Ob"
0,4.53091246555446,0.625,0.047,0,"12","Ikzf3"
0,3.31016677372974,0.728,0.164,0,"12","Stk17b"
0,7.04416695232791,0.573,0.01,0,"12","Iglc3"
0,1.5327254854135,0.701,0.153,0,"12","H2-Eb1"
0,3.07060266255473,0.769,0.222,0,"12","Foxp1"
0,5.26588344985662,0.581,0.036,0,"12","Btla"
0,3.40960885369967,0.617,0.081,0,"12","Cd24a"
0,2.96712172028885,0.665,0.154,0,"12","Ets1"
0,5.93226867370137,0.531,0.022,0,"12","Cd55"
0,7.56789141948184,0.514,0.008,0,"12","Fcer2a"
0,4.60217500960258,0.565,0.06,0,"12","Fcrl1"
0,3.02096255087692,0.764,0.265,0,"12","Cd37"
0,2.51491947898032,0.805,0.308,0,"12","Shisa5"
0,5.7456071077862,0.52,0.024,0,"12","H2-DMb2"
0,5.88807276087816,0.509,0.017,0,"12","H2-Eb2"
0,3.5602383518222,0.568,0.077,0,"12","Tbc1d10c"
0,3.74586831310335,0.594,0.117,0,"12","Ero1b"
0,2.17156006524486,0.635,0.159,0,"12","Cytip"
0,3.93254106032907,0.538,0.079,0,"12","Bach2"
0,5.02666812420067,0.519,0.061,0,"12","Cd22"
0,3.81196355555563,0.518,0.067,0,"12","Ralgps2"
0,1.70134833781354,0.807,0.363,0,"12","Coro1a"
0,3.34565838439661,0.52,0.088,0,"12","Satb1"
0,3.44757358930231,0.51,0.078,0,"12","Gimap6"
0,2.4325372089739,0.624,0.198,0,"12","Fam107b"
0,2.14007063384003,0.555,0.134,0,"12","Ablim1"
0,2.1504438663346,0.754,0.341,0,"12","Syk"
0,3.40467117678715,0.506,0.094,0,"12","Cd72"
0,1.76630937308117,0.66,0.256,0,"12","Rac2"
0,1.94487706310449,0.559,0.158,0,"12","Cyfip2"
0,2.71940262765119,0.509,0.132,0,"12","Grk6"
0,1.65173146463323,0.672,0.303,0,"12","Cd52"
0,1.48019140546624,0.885,0.518,0,"12","Tpt1"
0,1.34239325678199,0.8,0.434,0,"12","Ly6e"
0,1.67003642034363,0.725,0.362,0,"12","Arhgdib"
0,1.42884914433502,0.572,0.215,0,"12","Prkcb"
0,2.1475166692863,0.627,0.273,0,"12","Snx2"
0,2.0489614126452,0.583,0.249,0,"12","Swap70"
0,1.16076948874435,0.948,0.619,0,"12","Eef1a1"
0,2.0211917268613,0.551,0.223,0,"12","Samhd1"
0,1.59908472802593,0.596,0.27,0,"12","H2-Q7"
0,1.75026215246227,0.656,0.333,0,"12","Ptk2b"
0,1.50081978146156,0.768,0.459,0,"12","Arhgef1"
0,1.36900562165732,0.702,0.403,0,"12","Arhgap45"
0,1.69688540495365,0.603,0.307,0,"12","H3f3a"
0,2.11893031382533,0.506,0.216,0,"12","Map3k1"
0,1.11622232502154,0.785,0.496,0,"12","Msn"
0,2.03327797761087,0.533,0.253,0,"12","Irs2"
0,1.63648284538845,0.59,0.311,0,"12","Limd2"
0,1.39134585815713,0.64,0.362,0,"12","Ptprc"
0,1.66563055609335,0.6,0.33,0,"12","Pten"
0,1.36959002350592,0.62,0.352,0,"12","Man1a"
0,1.81778750411583,0.504,0.24,0,"12","Dgkd"
0,0.631284013481606,0.806,0.544,0,"12","Serinc3"
0,1.48074098350693,0.555,0.298,0,"12","Rack1"
0,1.79673660242598,0.5,0.248,0,"12","Myo1c"
0,0.770816946082296,0.717,0.47,0,"12","Pik3ap1"
0,1.06884226404278,0.619,0.373,0,"12","Etnk1"
0,1.55409403198703,0.526,0.284,0,"12","Arhgap30"
0,1.16430029930732,0.58,0.34,0,"12","Rel"
0,1.44160724767039,0.534,0.301,0,"12","Fli1"
0,1.42697327582035,0.505,0.281,0,"12","Il21r"
0,1.21778328983407,0.671,0.452,0,"12","Snx29"
0,1.04646645800747,0.782,0.565,0,"12","Clk1"
4.06203808174813e-294,1.42846421850605,0.506,0.308,7.74021356477106e-290,"12","Ddx6"
3.92541490438984e-249,1.0253729168529,0.551,0.375,7.47987810031485e-245,"12","Ptbp3"
6.3605006190984e-239,0.900099729188577,0.629,0.461,1.2119933929692e-234,"12","Ddx5"
1.06957997667213e-234,1.16361923667004,0.539,0.342,2.03808464554875e-230,"12","Camk2d"
8.61670519711839e-233,1.18208988448429,0.541,0.362,1.64191317531091e-228,"12","Gdi2"
6.35489414200188e-219,1.06617608316115,0.501,0.273,1.21092507875846e-214,"12","H1f4"
1.03580039630391e-208,0.965144489072531,0.567,0.404,1.97371765515711e-204,"12","Hnrnpa2b1"
2.60577591275903e-206,0.780279496730853,0.645,0.507,4.96530600176233e-202,"12","Rbm39"
1.99740882904047e-199,0.736115393152584,0.577,0.416,3.80606252373662e-195,"12","Cd53"
6.89002724162455e-190,0.664798814264467,0.649,0.464,1.31289469089156e-185,"12","Smap2"
1.36758267190806e-180,1.01349090056129,0.532,0.341,2.60592878132081e-176,"12","Zmynd11"
1.86207018886481e-169,0.987646890186921,0.547,0.411,3.5481747448819e-165,"12","Eif1"
6.40233204563163e-143,0.765446125404068,0.623,0.494,1.21996437129511e-138,"12","Macf1"
4.71098927686488e-140,0.669816800918168,0.608,0.49,8.97679006706603e-136,"12","Sf3b1"
1.26761035807522e-138,0.589696925296432,0.583,0.447,2.41543153731232e-134,"12","Inpp5d"
3.29126586933226e-138,0.81855688449993,0.56,0.446,6.27150711401262e-134,"12","Brd4"
3.99722837805611e-117,0.722083142579201,0.525,0.394,7.61671867438591e-113,"12","Srsf7"
2.34536406869673e-111,0.703345356547801,0.576,0.476,4.46909123290163e-107,"12","Pkn1"
1.22390751352927e-110,0.595854768325805,0.6,0.494,2.33215576703002e-106,"12","Eif4g2"
1.93577957486394e-104,0.532890158496801,0.588,0.481,3.68862797990325e-100,"12","Rap1b"
2.01823969861553e-92,0.761013256010355,0.502,0.394,3.8457557457119e-88,"12","Ube2b"
0,3.25498223028005,0.844,0.143,0,"13","Snap25"
0,3.77430630572206,0.771,0.094,0,"13","Adcy1"
0,5.04918195593381,0.689,0.036,0,"13","Grin2c"
0,5.14744963176904,0.682,0.034,0,"13","Cbln1"
0,5.1750587632626,0.659,0.033,0,"13","Grm4"
0,5.13734946254486,0.583,0.027,0,"13","Cbln3"
0,2.99017836134143,0.642,0.092,0,"13","Rims1"
0,2.95522986491132,0.647,0.106,0,"13","Eef1a2"
0,3.33743350391951,0.622,0.081,0,"13","Kcnc3"
0,3.89462880789995,0.64,0.102,0,"13","Chn2"
0,3.26622881687791,0.645,0.117,0,"13","Syne1"
0,3.10611474119763,0.6,0.073,0,"13","Slc17a7"
0,3.93838493806647,0.584,0.058,0,"13","Diras2"
0,3.46771979152589,0.597,0.081,0,"13","Srcin1"
0,4.92663431104231,0.533,0.028,0,"13","Neurod1"
0,4.03927033170671,0.549,0.046,0,"13","Plch2"
0,2.94991487888387,0.582,0.079,0,"13","Ank1"
0,2.61796547580133,0.653,0.153,0,"13","Scn1b"
0,5.43937334235344,0.509,0.019,0,"13","Gabra6"
0,3.62971553119164,0.551,0.062,0,"13","Car10"
0,3.72874292998664,0.537,0.065,0,"13","Nrxn2"
0,2.29586301359247,0.601,0.134,0,"13","Gpm6a"
0,2.21675017629287,0.624,0.159,0,"13","Ank2"
0,4.26513647759653,0.502,0.041,0,"13","Cadm3"
0,2.95942922344583,0.54,0.082,0,"13","Cnksr2"
0,1.62215185381093,0.581,0.127,0,"13","Atp1b2"
0,3.16822485915187,0.523,0.078,0,"13","Cacnb4"
0,2.5832709604594,0.547,0.104,0,"13","Snrpn"
0,3.88005302087665,0.505,0.066,0,"13","Nrep"
0,3.61038661986866,0.509,0.073,0,"13","Tmem132a"
0,3.11530582769132,0.502,0.067,0,"13","Scn2a"
0,2.25965424917134,0.542,0.116,0,"13","Ppp2r2c"
0,1.1718495517085,0.545,0.123,0,"13","Arpp21"
0,3.10940179480326,0.52,0.099,0,"13","Erc1"
0,2.41560256111416,0.534,0.116,0,"13","Rap1gap"
0,2.29541160036068,0.58,0.166,0,"13","Septin8"
0,1.75864589866579,0.508,0.117,0,"13","Scn8a"
0,1.68834187868333,0.532,0.141,0,"13","mt-Cytb"
0,1.63447586189718,0.506,0.121,0,"13","Kif5c"
0,2.10201802774561,0.503,0.118,0,"13","mt-Co2"
0,1.74988738285985,0.575,0.232,0,"13","Sptan1"
0,2.01182624685236,0.528,0.216,0,"13","Prkcb"
3.99584139928785e-282,1.97635439291305,0.518,0.328,7.61407578634299e-278,"13","Atp1a1"
4.71311641434109e-273,1.57172199554903,0.509,0.234,8.98084332752696e-269,"13","Luc7l3"
1.79232990320843e-225,1.3884795875789,0.573,0.409,3.41528463056367e-221,"13","Pabpn1"
3.60169605143384e-190,1.57644202676747,0.508,0.315,6.86303182600718e-186,"13","Map7d1"
1.44327654769237e-161,1.29545759038397,0.509,0.318,2.75016346162781e-157,"13","Pnisr"
0,5.87013601639596,0.548,0.023,0,"14","Col3a1"
0,6.10859981386395,0.519,0.02,0,"14","Col1a1"
0,3.70551706814508,0.537,0.054,0,"14","Serpinh1"
0,3.94407799931559,0.531,0.049,0,"14","Hspg2"
0,0.983048802694285,0.536,0.175,0,"14","Sptbn1"
0,2.35883196294318,0.513,0.196,0,"14","Lmna"
0,1.484207535709,0.624,0.407,0,"14","Snd1"
8.71799023955563e-273,0.950332512406767,0.665,0.407,1.66121304014733e-268,"14","Pabpn1"
8.65367866378522e-270,1.69898493453596,0.543,0.32,1.64895846938427e-265,"14","Prrc2c"
5.99353779252477e-257,0.80082030114089,0.674,0.418,1.14206862636559e-252,"14","Arglu1"
1.35133914126946e-249,1.3876002627308,0.542,0.316,2.57497673368896e-245,"14","Fubp1"
7.14549219739449e-216,1.01558125343513,0.615,0.372,1.36157353821352e-211,"14","Nisch"
2.49315500666205e-202,1.37250448331217,0.529,0.325,4.75070686519454e-198,"14","Mdm4"
4.95643325496949e-174,0.650347329090006,0.519,0.234,9.44448356734436e-170,"14","Sptan1"
5.87559224405024e-153,1.0839177141989,0.514,0.319,1.11959410210377e-148,"14","Ogt"
4.84293745381222e-106,0.777961681662789,0.545,0.398,9.22821731823918e-102,"14","Srsf6"
4.46645513264167e-92,0.770643938330105,0.518,0.368,8.5108302552487e-88,"14","Srsf11"
4.54302427478251e-70,0.692274888137658,0.519,0.406,8.65673275559807e-66,"14","Hnrnpa2b1"
4.29849735815006e-62,0.623741970622675,0.515,0.387,8.19078671595493e-58,"14","Chd4"
0,3.89903940066974,0.96,0.152,0,"15","H2-Eb1"
0,3.77561093816108,0.975,0.174,0,"15","H2-Ab1"
0,3.63171983857479,0.948,0.166,0,"15","H2-Aa"
0,3.25465187486682,0.983,0.219,0,"15","Cd74"
0,4.95692352073007,0.821,0.072,0,"15","Plbd1"
0,3.1779699209547,0.809,0.142,0,"15","Lsp1"
0,2.80029287955435,0.794,0.159,0,"15","Cytip"
0,2.28569061413922,0.789,0.181,0,"15","S100a11"
0,2.82320429210024,0.801,0.204,0,"15","H2-DMa"
0,3.00449272520094,0.885,0.293,0,"15","Gm2a"
0,4.18487053731769,0.701,0.118,0,"15","Wdfy4"
0,2.59291157948663,0.785,0.207,0,"15","Jak2"
0,2.75094727769007,0.799,0.23,0,"15","Pmaip1"
0,3.89101245773151,0.618,0.058,0,"15","Ciita"
0,2.03997273352513,0.861,0.302,0,"15","Cd52"
0,2.5105315261253,0.769,0.233,0,"15","Syngr2"
0,2.29356171838048,0.679,0.151,0,"15","Tmsb10"
0,2.43186477456074,0.656,0.13,0,"15","Slamf7"
0,4.86625894920145,0.57,0.046,0,"15","Ifi205"
0,2.21251099203705,0.788,0.265,0,"15","Psmb8"
0,2.04804526401295,0.818,0.311,0,"15","Macroh2a1"
0,2.62041036655979,0.687,0.182,0,"15","Rab43"
0,3.20996605488475,0.594,0.092,0,"15","H2-Oa"
0,1.96279208071468,0.73,0.229,0,"15","Vim"
0,2.54844069013654,0.706,0.206,0,"15","Bhlhe40"
0,1.72994556032165,0.815,0.315,0,"15","Pim1"
0,1.9659943236488,0.72,0.221,0,"15","Samhd1"
0,2.24188887218396,0.722,0.224,0,"15","Tap1"
0,2.41735732560931,0.61,0.114,0,"15","Gsn"
0,1.53569343848031,0.856,0.362,0,"15","Srgn"
0,2.32010277005104,0.673,0.184,0,"15","H2az1"
0,2.37121157439069,0.699,0.21,0,"15","Tspo"
0,2.17723208895725,0.784,0.296,0,"15","Alox5ap"
0,1.52432338268867,0.847,0.365,0,"15","Coro1a"
0,2.2560524503725,0.584,0.107,0,"15","Cnn2"
0,2.1327022817398,0.676,0.2,0,"15","Ifi30"
0,1.97602648011068,0.673,0.2,0,"15","Fxyd5"
0,2.18502637391826,0.692,0.226,0,"15","Psme1"
0,2.09140457652963,0.735,0.269,0,"15","Sod1"
0,1.56377506905702,0.766,0.301,0,"15","Gpx1"
0,2.97726278233793,0.584,0.119,0,"15","Tamalin"
0,2.60037209418218,0.616,0.157,0,"15","Psmb9"
0,1.59024139361898,0.763,0.306,0,"15","H3f3a"
0,2.28721867951108,0.599,0.145,0,"15","Myo1g"
0,2.48330124912917,0.632,0.183,0,"15","Ifitm2"
0,4.14552585923615,0.518,0.071,0,"15","Naaa"
0,1.7873888523541,0.667,0.221,0,"15","Cd47"
0,2.41431827615179,0.581,0.135,0,"15","Tbc1d8"
0,2.61189949669137,0.544,0.099,0,"15","Runx3"
0,2.77551346911339,0.529,0.085,0,"15","Map4k1"
0,2.68823860460852,0.566,0.125,0,"15","Atox1"
0,1.93525680633735,0.585,0.148,0,"15","Pfkp"
0,2.69448454340149,0.522,0.086,0,"15","Cd24a"
0,1.97600194099167,0.658,0.224,0,"15","Taldo1"
0,1.87539065196282,0.682,0.249,0,"15","Sh3bgrl3"
0,1.85681900268208,0.65,0.218,0,"15","Dusp5"
0,2.07320053875114,0.622,0.191,0,"15","Ptger4"
0,1.32306174892142,0.8,0.37,0,"15","Irf5"
0,2.49004847566901,0.575,0.148,0,"15","Ifitm3"
0,2.85078344489275,0.502,0.077,0,"15","Gpr132"
0,1.2939678611777,0.705,0.28,0,"15","Atp5e"
0,1.44791670246201,0.788,0.364,0,"15","Lcp1"
0,2.01518965797992,0.515,0.093,0,"15","S100a6"
0,1.63259043616837,0.832,0.411,0,"15","Actg1"
0,2.36998957913459,0.557,0.137,0,"15","Antxr2"
0,1.46789393991207,0.727,0.307,0,"15","Cxcl16"
0,1.95238655556304,0.619,0.2,0,"15","Snx20"
0,1.54367847366094,0.715,0.297,0,"15","Rack1"
0,1.01192570003535,0.576,0.158,0,"15","Lgals3"
0,2.07258601756323,0.61,0.193,0,"15","Zyx"
0,2.35224177081429,0.581,0.164,0,"15","Csf2rb"
0,2.13925128393463,0.521,0.112,0,"15","Sema4a"
0,1.38037416434236,0.794,0.385,0,"15","Arpc1b"
0,1.81182833090699,0.671,0.262,0,"15","Tap2"
0,1.46488226973037,0.668,0.261,0,"15","Hnrnpa1"
0,1.66998604717479,0.697,0.29,0,"15","Eef1b2"
0,1.50159311473041,0.609,0.202,0,"15","Lmnb1"
0,1.39744623446179,0.611,0.205,0,"15","Srebf2"
0,2.4548456094486,0.522,0.117,0,"15","Rin3"
0,1.58251933401573,0.52,0.117,0,"15","Shtn1"
0,1.1260304981172,0.646,0.244,0,"15","Anxa5"
0,1.57918066321042,0.741,0.339,0,"15","Rel"
0,1.54192985300927,0.681,0.281,0,"15","Uvrag"
0,2.73759002691747,0.521,0.123,0,"15","Nr4a3"
0,1.41105717688856,0.696,0.299,0,"15","Dock10"
0,1.56049735610403,0.556,0.161,0,"15","Fyn"
0,1.4407054803389,0.753,0.358,0,"15","Hcls1"
0,1.41862681737967,0.656,0.264,0,"15","Btf3"
0,2.07921738535021,0.562,0.172,0,"15","Etv3"
0,1.32171580742304,0.693,0.304,0,"15","Vasp"
0,1.16754130979264,0.728,0.341,0,"15","Plekho2"
0,1.41433337916587,0.885,0.5,0,"15","Ucp2"
0,1.70972049113347,0.636,0.252,0,"15","Actr3"
0,1.29562269156255,0.658,0.277,0,"15","Slfn2"
0,1.83926195037216,0.531,0.15,0,"15","Jarid2"
0,1.35149284077496,0.659,0.282,0,"15","Arhgap30"
0,1.43909037716944,0.614,0.242,0,"15","Baz1a"
0,1.33123807347901,0.89,0.52,0,"15","Tpt1"
0,1.25737174143184,0.8,0.431,0,"15","Cfl1"
0,1.86209939640548,0.533,0.164,0,"15","Ctnna1"
0,1.65789018429809,0.564,0.195,0,"15","Trps1"
0,1.35732437768778,0.558,0.192,0,"15","Epsti1"
0,1.80284376633048,0.537,0.171,0,"15","Rbpj"
0,0.918377494919917,0.724,0.364,0,"15","Arhgdib"
0,1.41340934452973,0.629,0.27,0,"15","Pomp"
0,1.51083627081618,0.614,0.256,0,"15","Arpc2"
0,1.20581179501513,0.641,0.284,0,"15","Clic4"
0,1.48613046651508,0.577,0.22,0,"15","Gpsm3"
0,1.72507134754967,0.543,0.187,0,"15","Gng10"
0,1.33355685314173,0.628,0.275,0,"15","Cd86"
0,1.26745000900855,0.597,0.245,0,"15","Fnbp1"
0,0.960953930266325,0.712,0.362,0,"15","Ptprc"
0,1.19046691523132,0.706,0.356,0,"15","Tapbp"
0,1.43327254208326,0.613,0.264,0,"15","Dbnl"
0,1.67060266864546,0.546,0.203,0,"15","Camk1d"
0,1.59463355317051,0.517,0.175,0,"15","Tbc1d9"
0,2.08132280548533,0.521,0.18,0,"15","Malt1"
0,0.7128465685987,0.89,0.549,0,"15","Cst3"
0,0.863752707833027,0.697,0.358,0,"15","Herpud1"
0,1.38448132355533,0.622,0.285,0,"15","Pde4b"
0,1.4685809985733,0.525,0.189,0,"15","Csf2ra"
0,2.18331771460918,0.978,0.642,0,"15","Tmsb4x"
0,1.11637339161213,0.579,0.244,0,"15","Sri"
0,1.11280523734396,0.556,0.222,0,"15","Tomm7"
0,1.48597256216828,0.541,0.208,0,"15","Nuak2"
0,1.57778190230043,0.562,0.232,0,"15","Havcr2"
0,1.36766731393699,0.624,0.294,0,"15","Ptms"
0,1.17790538156618,0.598,0.27,0,"15","Naca"
0,1.02378688507428,0.685,0.359,0,"15","Capzb"
0,0.791237003030498,0.655,0.329,0,"15","Npc2"
0,1.05268949324862,0.642,0.317,0,"15","Spi1"
0,0.931709100254917,0.57,0.245,0,"15","Cox5b"
0,0.927161201287285,0.791,0.468,0,"15","Cdc42"
0,1.44302652165719,0.682,0.36,0,"15","Gdi2"
0,1.09087437494924,0.551,0.229,0,"15","Nedd8"
0,0.930421395579626,0.721,0.399,0,"15","Psap"
0,0.97460971389394,0.591,0.269,0,"15","Mbd2"
0,1.51834568247688,0.509,0.188,0,"15","Icosl"
0,0.747779966695952,0.79,0.471,0,"15","Pik3ap1"
0,0.980385419896192,0.511,0.193,0,"15","Calm1"
0,1.29485157971484,0.504,0.188,0,"15","Supt4a"
0,1.00243508570061,0.653,0.34,0,"15","M6pr"
0,1.43844867674997,0.508,0.195,0,"15","Fau"
0,0.856634782458292,0.599,0.287,0,"15","Bst2"
0,0.989876205483682,0.761,0.449,0,"15","Gnai2"
0,1.02256859447172,0.583,0.273,0,"15","Pip4k2a"
0,1.08935868414888,0.541,0.233,0,"15","Rab8a"
0,1.36953931689693,0.534,0.227,0,"15","Emp3"
0,1.02537759220342,0.581,0.276,0,"15","Nr4a1"
0,0.998476319919097,0.525,0.221,0,"15","Txn1"
0,1.19697733610848,0.515,0.211,0,"15","Smdt1"
0,1.15338027457495,0.561,0.258,0,"15","Ptpn18"
0,0.995045821734867,0.649,0.346,0,"15","Syk"
0,1.26491236891155,0.507,0.204,0,"15","Ttc7"
0,0.994732702816944,0.63,0.329,0,"15","Rab8b"
0,1.03528507824741,0.559,0.259,0,"15","Hck"
0,1.03085772841666,0.518,0.221,0,"15","Ybx1"
0,1.06410582217471,0.917,0.622,0,"15","Eef1a1"
0,1.01305174804524,0.558,0.266,0,"15","Plekho1"
0,1.11580605295859,0.517,0.225,0,"15","Synj1"
0,1.04892616889732,0.53,0.238,0,"15","Nfkb2"
0,1.65215281677024,0.507,0.217,0,"15","Acadl"
0,0.748273323360725,0.548,0.264,0,"15","Nfkb1"
0,0.913388858520768,0.524,0.243,0,"15","Cct2"
0,1.07050765770347,0.527,0.247,0,"15","Ccdc88b"
0,1.28474505404501,0.507,0.229,0,"15","Tle3"
0,2.81916109927728,0.57,0.321,0,"15","Ppt1"
0,1.93498156095814,0.579,0.336,0,"15","Irf8"
1.35439288993822e-307,1.02273914007345,0.54,0.253,2.58079565177728e-303,"15","Grb2"
3.90920496450437e-307,0.762465864621562,0.627,0.324,7.44899005986307e-303,"15","Lrrfip1"
4.40668318082732e-305,0.774489868853065,0.574,0.273,8.39693480106647e-301,"15","Ndufa3"
1.55765497455214e-304,0.846634301558586,0.52,0.245,2.9681115540091e-300,"15","Sdc3"
6.15963785334973e-300,1.13238389361239,0.506,0.243,1.17371899295579e-295,"15","Nup98"
8.77306312751348e-296,0.93142252445314,0.642,0.33,1.67170717894769e-291,"15","Akr1a1"
1.61313991011566e-294,0.909035166749643,0.593,0.305,3.07383809872539e-290,"15","Btg1"
5.24666750508027e-292,0.786181754287284,0.683,0.376,9.99752493093045e-288,"15","Vamp8"
6.10055273560002e-286,0.708898345493944,0.572,0.289,1.16246032376858e-281,"15","Trib1"
1.73268221328085e-282,0.651791074992909,0.722,0.407,3.30162595740666e-278,"15","Pld4"
3.33222993592952e-281,0.799089732056312,0.723,0.438,6.3495641429137e-277,"15","Ly6e"
5.70396623756799e-281,0.850275378204395,0.607,0.316,1.08689076656858e-276,"15","Nono"
1.86499971025358e-279,0.748640642236891,0.793,0.498,3.5537569478882e-275,"15","Msn"
1.06499903233991e-278,0.640431150391457,0.827,0.534,2.02935565612369e-274,"15","Gna13"
7.98249076857312e-278,0.932222413893091,0.548,0.276,1.52106361595161e-273,"15","Mob1a"
1.41460743684214e-268,0.609546068446506,0.844,0.554,2.6955344709027e-264,"15","Mcl1"
7.89946203634102e-263,0.899133413277662,0.564,0.305,1.50524249102478e-258,"15","Trafd1"
9.67217309699365e-261,1.00501136953436,0.625,0.37,1.84303258363214e-256,"15","Zfp36l2"
6.29735276519889e-260,0.835379145273306,0.578,0.314,1.19996056940865e-255,"15","Rasa4"
2.68097871233219e-258,0.917083286125296,0.59,0.318,5.10860493634899e-254,"15","Cyrib"
9.34718649954673e-258,0.736772376075487,0.501,0.246,1.78110638748863e-253,"15","Birc3"
1.0608927192398e-253,0.800276404654354,0.597,0.316,2.02153107651144e-249,"15","Ppib"
2.25355610742599e-253,0.601628647911962,0.558,0.294,4.29415116270022e-249,"15","Sbno2"
1.44357506080977e-251,0.885095766618132,0.595,0.321,2.75073227837302e-247,"15","Cox7a2l"
7.88784071594791e-248,0.540747695919184,0.54,0.273,1.50302804842387e-243,"15","H2-Q7"
4.19281211886238e-246,0.914271332832467,0.54,0.284,7.98940349249226e-242,"15","Ppp2ca"
1.09693291265674e-235,0.632446324210557,0.548,0.277,2.09020566506742e-231,"15","Ndufa2"
3.79955147318995e-233,0.742757041222944,0.589,0.318,7.24004533216344e-229,"15","Rnf4"
1.09009498361514e-231,0.723079277015789,0.502,0.248,2.07717599127865e-227,"15","Sec11c"
1.95948317290424e-228,0.592872101709338,0.676,0.392,3.73379518596903e-224,"15","Srsf7"
2.21022450891679e-227,0.801907887116612,0.615,0.348,4.21158280174094e-223,"15","Actr2"
1.51403182610052e-224,0.83153724567789,0.651,0.403,2.88498764463453e-220,"15","Mpeg1"
1.86082487629101e-224,0.640392424885344,0.542,0.291,3.54580180177251e-220,"15","Tuba1c"
3.41375859203162e-224,0.703481181738779,0.745,0.488,6.50491699711626e-220,"15","Sf3b1"
2.20849182918415e-223,0.714883924628236,0.569,0.298,4.2082811805104e-219,"15","Ppia"
1.29115427075036e-210,0.733861181437503,0.518,0.278,2.46029446291482e-206,"15","Lrp10"
1.5885799696352e-210,0.738645248144545,0.548,0.298,3.02703913213987e-206,"15","Ifnar1"
2.55488374840749e-210,0.653774030488929,0.541,0.296,4.86833098259048e-206,"15","Ankrd13a"
3.02438655450361e-205,0.502393554524049,0.534,0.277,5.76296857960664e-201,"15","Pip5k1c"
4.73856729966952e-205,0.770387280555411,0.556,0.325,9.02933998952027e-201,"15","Ist1"
1.47368247979176e-203,0.554054484878467,0.629,0.381,2.8081019652432e-199,"15","Kdm6b"
1.55551313080939e-202,0.755120740489625,0.537,0.302,2.96403027075729e-198,"15","Stx16"
6.21506014054037e-200,0.555036450492721,0.594,0.339,1.18427970977997e-195,"15","Ube2f"
6.33576716279979e-199,0.618218186427673,0.577,0.32,1.2072804328715e-194,"15","Hnrnpd"
3.00125801871128e-195,0.642587482564198,0.553,0.316,5.71889715465435e-191,"15","Mbnl1"
3.81760304838501e-195,0.549107032790269,0.677,0.407,7.27444260869763e-191,"15","Snd1"
6.80355117477433e-195,0.617398819490354,0.597,0.335,1.29641667635325e-190,"15","Gabarap"
1.27587234177434e-192,0.688978584409527,0.506,0.283,2.43117474725101e-188,"15","Eloa"
7.89432825441042e-192,0.830993731104149,0.526,0.29,1.50426424887791e-187,"15","Rogdi"
1.08197045237135e-191,0.679758469907058,0.548,0.304,2.06169469699361e-187,"15","Ssr4"
2.68750137121202e-180,0.605453518987145,0.568,0.326,5.1210338628445e-176,"15","Srrm2"
5.07036739387569e-180,0.503946154941436,0.675,0.426,9.66158506903013e-176,"15","Id2"
2.53382927443244e-176,0.660023262089682,0.539,0.312,4.82821168243101e-172,"15","Pak2"
1.68208348197302e-167,0.586263875587989,0.643,0.4,3.20521007489959e-163,"15","Prkcd"
1.76803178300136e-166,0.555185993007717,0.58,0.361,3.36898456250909e-162,"15","Ier2"
6.29647532471186e-160,0.576703946724937,0.504,0.289,1.19979337312385e-155,"15","Fbxw11"
6.32596152098893e-155,0.644268699186715,0.531,0.322,1.20541196782444e-150,"15","Tor1aip1"
3.84661060389513e-150,0.744610015615766,0.597,0.381,7.32971650572217e-146,"15","Pdia3"
1.73109815059152e-142,0.557215556866088,0.514,0.309,3.29860752595213e-138,"15","Ddx6"
4.90642137784477e-134,0.563512197194873,0.596,0.399,9.3491859354832e-130,"15","Irf2bp2"
0,8.76735749035045,0.962,0.009,0,"16","S100a9"
0,8.47242555832319,0.952,0.007,0,"16","S100a8"
0,7.18519595966238,0.945,0.007,0,"16","Hdc"
0,7.27542100342653,0.893,0.022,0,"16","Il1r2"
0,4.7319268630935,0.965,0.13,0,"16","Mxd1"
0,9.5453229681909,0.835,0.003,0,"16","Mmp9"
0,6.02364537132142,0.859,0.029,0,"16","Slfn4"
0,4.53185249721668,0.953,0.132,0,"16","Msrb1"
0,6.56897099190658,0.834,0.021,0,"16","Slpi"
0,4.74062840949127,0.973,0.178,0,"16","S100a11"
0,7.48756667737281,0.804,0.017,0,"16","Trem1"
0,11.3317371524211,0.785,0.002,0,"16","Retnlg"
0,4.00118044349919,0.855,0.08,0,"16","Cd24a"
0,5.37941032538386,0.88,0.105,0,"16","Slc16a3"
0,4.85629915796697,0.858,0.087,0,"16","S100a6"
0,6.43360100432852,0.784,0.019,0,"16","Hp"
0,4.90393590156872,0.829,0.069,0,"16","Gsr"
0,4.02451023812736,0.868,0.131,0,"16","Antxr2"
0,3.62446632353317,0.919,0.196,0,"16","Lmnb1"
0,5.46152055411812,0.749,0.038,0,"16","Mcemp1"
0,4.55590725248767,0.75,0.046,0,"16","Sell"
0,4.31749622836803,0.785,0.085,0,"16","Thbs1"
0,3.49332549493726,0.873,0.178,0,"16","Ifitm2"
0,4.84629733296619,0.734,0.046,0,"16","Ccr1"
0,2.60098586384311,0.919,0.235,0,"16","Lilrb4a"
0,2.89201536464629,0.847,0.168,0,"16","Sorl1"
0,4.78004761830327,0.705,0.037,0,"16","Clec4e"
0,3.99348533173042,0.747,0.084,0,"16","Adam8"
0,2.98968834298346,0.907,0.254,0,"16","Rac2"
0,5.36137701013819,0.684,0.038,0,"16","Sgms2"
0,4.30971823145828,0.701,0.056,0,"16","Slc2a3"
0,3.1960612416134,0.892,0.25,0,"16","Ets2"
0,5.99321684545124,0.655,0.016,0,"16","Fpr2"
0,3.11014303241378,0.796,0.164,0,"16","Plaur"
0,8.17423191028307,0.633,0.003,0,"16","Lcn2"
0,3.53511668563029,0.981,0.359,0,"16","Srgn"
0,5.43863273413831,0.674,0.055,0,"16","Acod1"
0,4.57011955119517,0.662,0.048,0,"16","Gda"
0,4.48996381069525,0.672,0.07,0,"16","Slc27a4"
0,4.48941382641311,0.663,0.062,0,"16","Stx11"
0,2.67090935862409,0.892,0.293,0,"16","Alox5ap"
0,3.51130357036902,0.716,0.117,0,"16","C5ar1"
0,8.24823333494605,0.598,0.002,0,"16","Wfdc21"
0,3.43477940494493,0.716,0.122,0,"16","Cxcl2"
0,6.64778164620074,0.602,0.009,0,"16","Chil1"
0,2.97984308333738,0.89,0.298,0,"16","Grina"
0,7.82007146879408,0.597,0.006,0,"16","Padi4"
0,2.90022141134617,0.811,0.221,0,"16","Taldo1"
0,9.37721468008391,0.592,0.002,0,"16","Cxcr2"
0,6.80685707078339,0.595,0.007,0,"16","Pi16"
0,7.28210489667542,0.592,0.007,0,"16","Nfe2"
0,2.71107703643899,0.771,0.198,0,"16","Fxyd5"
0,3.11521643378879,0.913,0.341,0,"16","Csf3r"
0,1.6116264759086,0.869,0.301,0,"16","Cd52"
0,8.88591098763994,0.576,0.008,0,"16","Mmp8"
0,2.34134230875869,0.929,0.364,0,"16","Coro1a"
0,2.91091603620908,0.773,0.208,0,"16","Prdx5"
0,2.46256327439818,0.705,0.144,0,"16","Lsp1"
0,2.42075753377986,0.723,0.168,0,"16","Stk17b"
0,5.62100000664604,0.567,0.015,0,"16","Rab44"
0,2.58532753495156,0.948,0.399,0,"16","Cebpb"
0,2.48557472180694,0.856,0.308,0,"16","Ncf2"
0,2.95470867460278,0.62,0.076,0,"16","Plbd1"
0,3.69447444072148,0.622,0.085,0,"16","Anxa11"
0,1.70640961094431,0.751,0.216,0,"16","Txn1"
0,3.36558439289818,0.631,0.099,0,"16","Rab11fip1"
0,2.26674908350735,0.893,0.362,0,"16","Lcp1"
0,2.38232680103871,0.832,0.301,0,"16","Vasp"
0,4.8682138371254,0.555,0.036,0,"16","Arg2"
0,4.47166170809284,0.583,0.064,0,"16","Anxa1"
0,2.13748272865585,0.792,0.274,0,"16","Slfn2"
0,2.92044159042516,0.638,0.121,0,"16","R3hdm4"
0,3.91537424935639,0.594,0.079,0,"16","Emilin2"
0,2.58083679493072,0.634,0.12,0,"16","Actn1"
0,3.60695027979293,0.609,0.097,0,"16","Il1b"
0,2.76327718819572,0.615,0.106,0,"16","Cnn2"
0,2.1547907913603,0.805,0.297,0,"16","Itgb2"
0,4.23829972682433,0.566,0.059,0,"16","Hcar2"
0,2.93377542440394,0.633,0.129,0,"16","Sp140"
0,1.84334770657009,0.809,0.305,0,"16","H3f3a"
0,2.98924560979166,0.589,0.085,0,"16","Msra"
0,2.71683958893008,0.638,0.136,0,"16","Cd44"
0,2.64322770036505,0.613,0.114,0,"16","Gsn"
0,8.17146980758737,0.502,0.003,0,"16","Lrg1"
0,1.92929158549333,0.811,0.32,0,"16","Ncf1"
0,2.60575240025797,0.68,0.192,0,"16","Zyx"
0,2.1009888160428,0.897,0.41,0,"16","Actg1"
0,1.63394779191322,0.771,0.285,0,"16","Trib1"
0,4.21398257078096,0.529,0.044,0,"16","Pilra"
0,2.27956433451065,0.847,0.362,0,"16","Arhgdib"
0,2.18351737266109,0.82,0.336,0,"16","Adipor1"
0,4.33116592855482,0.521,0.041,0,"16","Rasgrp4"
0,3.62280856615405,0.552,0.076,0,"16","Gadd45a"
0,1.31491226553537,0.962,0.487,0,"16","Tyrobp"
0,2.2558046218601,0.692,0.218,0,"16","Gpsm3"
0,1.28081323833277,0.899,0.428,0,"16","Cd9"
0,1.9459685702509,0.688,0.222,0,"16","Samhd1"
0,4.35167166762401,0.5,0.034,0,"16","Trim30b"
0,2.32150275143008,0.642,0.177,0,"16","Adgre5"
0,2.19688159192138,0.741,0.278,0,"16","Rab7"
0,1.99731962521761,0.669,0.208,0,"16","Jdp2"
0,2.70087527063498,0.609,0.149,0,"16","Lyst"
0,3.42575401374797,0.534,0.077,0,"16","Fgr"
0,1.72804176924264,0.8,0.343,0,"16","Syk"
0,3.7483961536171,0.533,0.077,0,"16","Selenon"
0,2.13487156643979,0.722,0.266,0,"16","Tnfrsf1a"
0,1.56360502472326,0.616,0.162,0,"16","Cytip"
0,3.36836674871637,0.548,0.095,0,"16","Slc2a6"
0,2.17271387153421,0.627,0.175,0,"16","Fosl2"
0,2.03468719306674,0.591,0.147,0,"16","Ifitm3"
0,1.58676833029045,0.73,0.287,0,"16","Tuba1c"
0,2.56489378839818,0.641,0.199,0,"16","Plk3"
0,1.43436047422477,0.642,0.201,0,"16","Fam107b"
0,1.48555901055432,0.822,0.385,0,"16","Arpc1b"
0,2.10301160002702,0.625,0.189,0,"16","Diaph1"
0,1.90056186648844,0.92,0.487,0,"16","Cap1"
0,2.41611758010361,0.621,0.189,0,"16","Fgd3"
0,2.11206734199494,0.654,0.224,0,"16","Ndel1"
0,2.58356870578204,0.543,0.114,0,"16","Pirb"
0,3.04019868863776,0.506,0.077,0,"16","Nudt4"
0,1.37931416825425,0.72,0.297,0,"16","Cd33"
0,1.56992762157698,0.78,0.358,0,"16","Hcls1"
0,2.77258291817633,0.512,0.092,0,"16","Mgst1"
0,2.47731934864377,0.529,0.11,0,"16","Lbr"
0,3.36964475521971,0.529,0.11,0,"16","Ckap4"
0,2.35513117752713,0.615,0.2,0,"16","Snx20"
0,2.55738505025938,0.545,0.131,0,"16","Cxcr4"
0,2.33411260224127,0.519,0.106,0,"16","Itgal"
0,2.10122797523577,0.567,0.157,0,"16","Flna"
0,1.37137937955981,0.77,0.361,0,"16","Ptprc"
0,3.10412509771376,0.5,0.092,0,"16","Dhrs7"
0,1.18629386856605,0.763,0.359,0,"16","Itgam"
0,2.06245466674772,0.57,0.169,0,"16","Ccpg1"
0,2.92446393249349,0.5,0.1,0,"16","Cdk2ap2"
0,1.76759460286551,0.717,0.317,0,"16","Pim1"
0,2.37805276577401,0.622,0.224,0,"16","Rnf149"
0,1.74084559168421,0.728,0.332,0,"16","Map1lc3b"
0,4.28068336773275,0.514,0.121,0,"16","Adpgk"
0,1.48989569995501,0.707,0.315,0,"16","Spi1"
0,1.20475808088899,0.803,0.412,0,"16","Cd53"
0,2.31307678927778,0.503,0.112,0,"16","Hdac4"
0,2.13507499512085,0.59,0.199,0,"16","Rhog"
0,2.28918785141991,0.563,0.173,0,"16","Pgd"
0,2.54441676378963,0.596,0.21,0,"16","Aldh2"
0,1.58930993845656,0.669,0.284,0,"16","Myo1f"
0,1.87752942273473,0.625,0.242,0,"16","Myh9"
0,1.32596023163198,0.715,0.333,0,"16","Gabarap"
0,1.89366431597195,0.625,0.245,0,"16","Vps37b"
0,0.980917804472514,0.779,0.402,0,"16","Fth1"
0,0.989496760394392,0.812,0.436,0,"16","Cotl1"
0,0.592308257131733,0.532,0.159,0,"16","Lgals3"
0,1.78661031595027,0.58,0.209,0,"16","Nadk"
0,2.03037316804652,0.519,0.151,0,"16","Tmcc1"
0,1.55361064443412,0.594,0.227,0,"16","Cd14"
0,2.00341162489961,0.541,0.175,0,"16","Cyth1"
0,1.79648050707146,0.616,0.25,0,"16","Raf1"
0,0.847069110597272,0.772,0.407,0,"16","Fcer1g"
0,2.13622500027409,0.543,0.178,0,"16","Fam32a"
0,1.10825031679003,0.862,0.497,0,"16","Msn"
0,1.625668974843,0.684,0.322,0,"16","Sun2"
0,1.96283117880077,0.584,0.222,0,"16","Marcksl1"
0,0.554878494327282,0.702,0.343,0,"16","Txnip"
0,1.48607998901292,0.653,0.297,0,"16","Tut7"
0,2.18911177334597,0.61,0.258,0,"16","Smox"
0,1.00752600737386,0.9,0.553,0,"16","Mcl1"
0,1.19441327270376,0.788,0.448,0,"16","Gnai2"
0,0.859567347156298,0.814,0.477,0,"16","Rap1b"
0,0.868363808435516,0.975,0.642,0,"16","Tmsb4x"
0,1.24316588909499,0.801,0.47,0,"16","Pik3ap1"
0,1.22621171457795,0.642,0.311,0,"16","Limd2"
0,1.45686686541015,0.615,0.286,0,"16","Pde4b"
0,1.062447416287,0.685,0.364,0,"16","Nfkbiz"
0,2.07333612802173,0.534,0.214,0,"16","Tkt"
0,1.67383132302052,0.539,0.22,0,"16","Peds1"
0,1.879984219657,0.509,0.19,0,"16","Tpm4"
0,1.87817018895171,0.514,0.195,0,"16","Card19"
0,1.53744219122632,0.568,0.25,0,"16","Mboat7"
0,1.35707692866835,0.71,0.392,0,"16","Sema4d"
0,1.49494878422602,0.56,0.243,0,"16","Tax1bp1"
0,1.2444093066721,0.525,0.208,0,"16","Sik1"
0,1.28076959526574,0.621,0.304,0,"16","Btg1"
0,1.2001725074773,0.597,0.284,0,"16","Arhgap30"
0,0.9796242119376,0.641,0.328,0,"16","Rab8b"
0,1.22678757762545,0.532,0.221,0,"16","Dusp5"
0,1.69386984258131,0.505,0.194,0,"16","Nt5c2"
0,1.26121150254923,0.566,0.255,0,"16","Map2k3"
0,1.02144529423023,0.587,0.276,0,"16","Nr4a1"
0,1.48493155449531,0.556,0.246,0,"16","Ccdc88b"
0,1.69571085058856,0.506,0.196,0,"16","Klf3"
0,1.12237740595722,0.529,0.22,0,"16","Dennd4a"
0,1.25576649805967,0.584,0.275,0,"16","Ppp1r18"
0,1.48010797688653,0.539,0.233,0,"16","Rab8a"
0,0.979020455530285,0.694,0.391,0,"16","Ube2b"
0,2.07433711759875,0.506,0.204,0,"16","Sh2b2"
0,1.54756251957154,0.513,0.213,0,"16","Cdc42se1"
0,0.827773162398585,0.733,0.433,0,"16","Cfl1"
0,1.29066913532578,0.577,0.277,0,"16","Gnai3"
0,1.76184834322611,0.586,0.287,0,"16","Ninj1"
0,0.827876316974825,0.815,0.519,0,"16","Pnrc1"
0,1.32301027279906,0.541,0.246,0,"16","Ppp2r5a"
0,1.0415071950506,0.636,0.343,0,"16","Snx18"
0,0.936038682671523,0.805,0.515,0,"16","Per1"
0,1.07299096037636,0.54,0.252,0,"16","Sh3bgrl3"
0,0.931207245434418,0.525,0.245,0,"16","Tlr2"
0,1.11652813964645,0.556,0.285,0,"16","Kras"
0,1.078058822954,0.543,0.274,0,"16","Cd82"
0,1.1596249384592,0.602,0.333,0,"16","Irak2"
1.97370184653419e-306,1.31807438247377,0.506,0.246,3.7608888685709e-302,"16","Birc3"
3.95208244485909e-301,0.683734632233302,0.632,0.324,7.53069309867901e-297,"16","Lrrfip1"
6.64262101647424e-292,1.06621622041094,0.533,0.254,1.26575143468917e-287,"16","Actr3"
2.4656471964792e-288,1.06622775077383,0.597,0.336,4.69829073289112e-284,"16","Ptk2b"
4.65273954566157e-287,1.18773988795545,0.5,0.246,8.86579520425811e-283,"16","Midn"
4.04822084097233e-285,1.10862188855375,0.533,0.265,7.71388481247278e-281,"16","Bcl2l11"
4.69921140334368e-281,0.994991159692579,0.512,0.244,8.95434732907138e-277,"16","Rcsd1"
1.88563566911058e-279,1.04544620608618,0.535,0.258,3.59307876749021e-275,"16","Arpc2"
1.44331667629643e-261,1.1044936209081,0.5,0.255,2.75023992668285e-257,"16","D8Ertd738e"
5.31491804642641e-257,1.04752344203288,0.524,0.279,1.01275763374655e-252,"16","Mapkapk2"
8.86594653488239e-251,0.508457994414234,0.681,0.424,1.68940611222184e-246,"16","Slc15a3"
2.51498459477402e-245,0.668637962475421,0.755,0.501,4.79230314534189e-241,"16","Plek"
1.44640378366336e-240,0.805304277442188,0.621,0.372,2.75612240977053e-236,"16","Zc3h12a"
3.00868774833894e-240,1.15961567953069,0.571,0.328,5.73305450445984e-236,"16","Nktr"
5.80431529122404e-240,1.02307775625671,0.544,0.308,1.10601227874274e-235,"16","Ddx6"
1.003363665915e-230,0.782599151242028,0.613,0.361,1.91190946540103e-226,"16","Tcn2"
5.46431390321178e-230,0.826390844057725,0.538,0.289,1.04122501425701e-225,"16","Ptpre"
6.57675573982395e-229,0.917953167447029,0.576,0.335,1.25320080622345e-224,"16","Ypel3"
2.06239869465687e-228,0.571494036429598,0.685,0.405,3.92990071266866e-224,"16","Arhgap45"
7.34449420609066e-216,0.706605259304911,0.657,0.409,1.39949337097057e-211,"16","Eif1"
8.28559852167869e-210,0.825498063853516,0.519,0.271,1.57882079830587e-205,"16","Mbd2"
1.96991989770194e-189,0.523051253549672,0.543,0.305,3.75368236507105e-185,"16","Gpx1"
1.47203107144542e-176,0.627133937853276,0.555,0.335,2.80495520663925e-172,"16","Apbb1ip"
1.33777144455853e-173,0.693884865985194,0.586,0.361,2.54912348760628e-169,"16","Capzb"
2.14551127344216e-171,0.653618696154113,0.534,0.303,4.08827173154404e-167,"16","Fis1"
3.20083899550009e-165,0.503567636137367,0.639,0.413,6.09919870592542e-161,"16","Sdcbp"
1.48741306933139e-156,0.67464491172268,0.571,0.367,2.83426560361096e-152,"16","Zfand3"
9.39367801212235e-150,0.506413446974142,0.591,0.376,1.78996534520991e-145,"16","Ptbp3"
3.46134613092004e-148,0.579658966666352,0.57,0.361,6.59559505246813e-144,"16","Syf2"
9.791440713731e-147,0.609519604082812,0.559,0.349,1.86575902800144e-142,"16","Actr2"
2.34106845923066e-136,0.61601429416686,0.539,0.333,4.46090594906403e-132,"16","Pten"
3.84066377896413e-126,0.550644365541661,0.547,0.362,7.31838483081614e-122,"16","Prkar1a"
6.72072302692956e-99,0.552166105937147,0.52,0.372,1.28063377278143e-94,"16","Zfp36l2"
0,1.16068432326948,0.917,0.426,0,"17","Hexb"
0,1.27239163659335,0.715,0.28,0,"17","Tmem119"
0,1.41617740978899,0.679,0.253,0,"17","Siglech"
0,0.893496164440085,0.849,0.423,0,"17","Sparc"
0,0.981048745659495,0.862,0.449,0,"17","Csf1r"
0,1.07832905725985,0.934,0.549,0,"17","Cst3"
0,1.2307192036047,0.67,0.316,0,"17","Phyhd1"
0,0.987793699098274,0.636,0.297,0,"17","Fcrls"
0,1.18285638990158,0.672,0.344,0,"17","Tgfbr1"
0,1.11341264904507,0.604,0.282,0,"17","Cfh"
0,0.991920477177074,0.746,0.432,0,"17","Vsir"
0,0.950533752186217,0.758,0.444,0,"17","Bin1"
0,1.18096098832621,0.63,0.328,0,"17","Hpgds"
0,1.23871869865892,0.507,0.213,0,"17","Sall1"
0,0.807291605170868,0.836,0.564,0,"17","Qki"
2.32032674077441e-303,1.00393608376176,0.715,0.443,4.42138260454564e-299,"17","Ivns1abp"
1.52266270567939e-300,0.793688425748677,0.811,0.546,2.90143378567207e-296,"17","Serinc3"
1.29239138139382e-288,1.07024756174073,0.608,0.337,2.46265177724593e-284,"17","F11r"
3.65483669700979e-280,0.839397597068017,0.779,0.493,6.96429132615215e-276,"17","Abhd12"
1.47089422956485e-274,0.952346861807583,0.628,0.344,2.80278895443582e-270,"17","Selplg"
3.70075457312988e-274,0.696487699291117,0.808,0.465,7.05178783909898e-270,"17","Cd81"
1.89521429737981e-269,1.06213915033039,0.633,0.377,3.61133084365723e-265,"17","Elmo1"
3.55655811103555e-244,0.967726994142401,0.52,0.265,6.77702148057823e-240,"17","Slco2b1"
1.01603686835347e-238,0.710868964513906,0.76,0.481,1.93605825264754e-234,"17","Jun"
1.22443784336595e-237,0.946105266250571,0.648,0.407,2.33316631053382e-233,"17","Bmp2k"
5.32020847181546e-233,1.00986280788404,0.588,0.338,1.01376572430444e-228,"17","Epb41l2"
1.34555469830056e-228,0.839483342485789,0.672,0.447,2.56395447761172e-224,"17","Inpp5d"
8.56541884492783e-228,0.775766605724356,0.684,0.411,1.632140560901e-223,"17","Rhob"
1.5567114733291e-227,0.565098920037174,0.758,0.47,2.9663137124286e-223,"17","Selenop"
8.24803517615256e-224,1.01027044624132,0.543,0.301,1.57166310281587e-219,"17","Cd33"
1.42118913778229e-222,0.85998358603898,0.697,0.465,2.70807590204415e-218,"17","Smap2"
2.63620500376029e-221,0.862483019806987,0.615,0.363,5.02328863466524e-217,"17","Itgam"
5.78154515839917e-214,0.789239110110234,0.529,0.267,1.10167342993296e-209,"17","Il1a"
2.84418376560586e-208,0.954035971791302,0.579,0.352,5.41959216536196e-204,"17","Pla2g15"
4.61510833897186e-207,0.870094606575808,0.559,0.329,8.79408893991088e-203,"17","Rnase4"
3.81086400680691e-205,0.711308098526905,0.574,0.348,7.26160136497057e-201,"17","Csf3r"
1.34468621424039e-204,0.899474189497563,0.528,0.281,2.56229958123507e-200,"17","Hspa1a"
3.78605443908165e-202,0.71852917041479,0.704,0.439,7.21432673367008e-198,"17","Atf3"
2.12407354634416e-201,0.974277993611658,0.53,0.312,4.0474221425588e-197,"17","Adap2"
2.92805141095498e-194,0.834988822309959,0.665,0.454,5.57940196357472e-190,"17","Snx29"
6.69548733146473e-189,0.791171470886312,0.606,0.363,1.2758251110106e-184,"17","Sgk1"
1.07984039638757e-186,0.591928815962299,0.728,0.47,2.05763587531652e-182,"17","Marcks"
4.36996919537138e-183,0.746834947833683,0.585,0.358,8.32697630178017e-179,"17","Ccr5"
1.46028788161526e-181,0.977762157659228,0.517,0.304,2.78257855841788e-177,"17","Bhlhe41"
4.46241281250934e-181,0.632578689974848,0.631,0.363,8.50312761423654e-177,"17","Egr1"
1.95126292007009e-179,1.09389939581155,0.606,0.389,3.71813149419356e-175,"17","Hsp90aa1"
1.70440361167967e-177,0.837987116458373,0.57,0.373,3.24774108205562e-173,"17","Rgs10"
3.39053284590466e-177,0.717335571408178,0.652,0.416,6.46066033787133e-173,"17","Kctd12"
1.69403602324631e-175,0.608311044076633,0.548,0.303,3.22798564229585e-171,"17","Ccl3"
9.7050298075172e-173,0.781284308355519,0.573,0.354,1.8492934298224e-168,"17","Itgb5"
2.54957339841886e-170,0.943284425432988,0.542,0.342,4.85821211068713e-166,"17","Camk1"
3.83578039365876e-169,0.590315323115529,0.532,0.277,7.30907954011676e-165,"17","Ccl4"
8.86925565029656e-166,0.52650423007384,0.654,0.422,1.69003666416401e-161,"17","Aif1"
9.64883810838763e-166,0.658393337462848,0.613,0.401,1.83858610155326e-161,"17","Fcgr3"
3.70460724423125e-163,0.527654394436655,0.827,0.62,7.05912910388264e-159,"17","Jund"
2.9429897605148e-155,0.680577402464137,0.57,0.369,5.60786698866095e-151,"17","Lgmn"
7.47984782820694e-154,0.702406889943245,0.696,0.496,1.42528500366483e-149,"17","Btg2"
9.88154020682701e-152,0.786662134708476,0.564,0.354,1.88292748641089e-147,"17","Basp1"
1.53704239280372e-150,0.900749469629859,0.524,0.346,2.92883427948749e-146,"17","Fmnl3"
9.62052129067522e-147,0.924838902315521,0.536,0.359,1.83319033193816e-142,"17","Mef2a"
1.42115479146801e-145,0.919591761736997,0.52,0.307,2.70801045514229e-141,"17","Pfkfb3"
6.66530049873306e-142,0.690284976689079,0.672,0.494,1.27007301003358e-137,"17","Arrb2"
4.73630022307193e-141,0.694221736337597,0.561,0.377,9.02502007506356e-137,"17","Bin2"
7.34796368018962e-141,0.842370147080412,0.525,0.359,1.40015447926013e-136,"17","Cyth4"
6.91364499355582e-131,0.692533235925723,0.521,0.332,1.31739505352206e-126,"17","Mafb"
2.9019748882016e-124,0.551372980969062,0.62,0.425,5.52971314946815e-120,"17","Slc15a3"
1.09031328416749e-118,0.708993859624708,0.573,0.408,2.07759196298115e-114,"17","Arhgap45"
3.58849497283708e-110,0.7331964906108,0.58,0.416,6.83787717074106e-106,"17","Ier5"
1.03872412237842e-108,0.622399716284297,0.532,0.37,1.97928881519207e-104,"17","Ly86"
1.48064829320002e-107,0.574727539929086,0.527,0.369,2.82137532269264e-103,"17","Anxa3"
3.30829759432415e-106,0.705261351185082,0.579,0.431,6.30396106598467e-102,"17","Cyfip1"
4.3128870044289e-106,0.688420013807762,0.552,0.362,8.21820618693928e-102,"17","Herpud1"
7.0977578290187e-102,0.704015956115268,0.523,0.375,1.35247775431951e-97,"17","Irf5"
1.64037137878787e-97,0.718314801609683,0.575,0.437,3.12572766228028e-93,"17","Wsb1"
5.17063898282808e-91,0.613110487458273,0.615,0.46,9.8526525817789e-87,"17","Skil"
1.34318547144136e-85,0.543033308119002,0.587,0.439,2.55943991583151e-81,"17","Ppp1r15a"
2.99157646915978e-79,0.666793205645964,0.533,0.399,5.70044896198397e-75,"17","Zfand5"
7.06514316374722e-79,0.665510390156766,0.583,0.459,1.34626302985203e-74,"17","Ccnl1"
6.1729260561867e-78,0.785547573362159,0.506,0.377,1.17625106000638e-73,"17","Mat2a"
4.76132249793857e-66,0.566542062998444,0.587,0.464,9.07270001982194e-62,"17","Ski"
1.83034072000169e-65,0.58778516110977,0.5,0.374,3.48771424196322e-61,"17","Atp8a1"
1.35599481751332e-59,0.586161515791159,0.525,0.419,2.58384812477163e-55,"17","Edem1"
1.31856540285942e-49,0.511904375998652,0.516,0.426,2.51252637514862e-45,"17","Rrbp1"
2.65824480780824e-35,0.513667912295348,0.507,0.413,5.06528548127861e-31,"17","Ifrd1"
0,9.16915870868126,0.937,0.022,0,"18","Plp1"
0,8.80275119305944,0.895,0.022,0,"18","Mag"
0,5.64120004061857,0.917,0.05,0,"18","Mbp"
0,7.10222952819842,0.841,0.02,0,"18","Mobp"
0,3.32081217685735,0.813,0.012,0,"18","Enpp2"
0,9.27583438017626,0.799,0.004,0,"18","Cldn11"
0,5.63129644846653,0.835,0.043,0,"18","Tmeff2"
0,9.93209469218008,0.791,0.002,0,"18","Mog"
0,4.99654259955943,0.844,0.068,0,"18","Aatk"
0,4.66079198460681,0.889,0.121,0,"18","Phldb1"
0,6.06982582059528,0.787,0.034,0,"18","Tubb4a"
0,5.39851352752233,0.797,0.053,0,"18","Dbndd2"
0,4.24434869269898,0.826,0.087,0,"18","Septin4"
0,4.62501428848021,0.812,0.078,0,"18","Syt11"
0,6.10642783046146,0.76,0.036,0,"18","Cnp"
0,6.11892288620207,0.764,0.055,0,"18","Car2"
0,6.91246430156097,0.718,0.014,0,"18","Plxnb3"
0,6.18829271505574,0.751,0.056,0,"18","Qdpr"
0,5.1063398091376,0.72,0.028,0,"18","Apod"
0,4.34985186805245,0.786,0.098,0,"18","Abca2"
0,4.99054564747977,0.725,0.04,0,"18","Wscd1"
0,5.3039515308793,0.714,0.035,0,"18","Aplp1"
0,5.3771752352559,0.711,0.036,0,"18","Sez6l2"
0,4.38800157290552,0.728,0.057,0,"18","Kndc1"
0,6.01384060406222,0.683,0.016,0,"18","Stmn4"
0,6.33633232260341,0.691,0.024,0,"18","Cryab"
0,7.96310529321409,0.671,0.006,0,"18","Efnb3"
0,6.00938273041864,0.711,0.047,0,"18","Kctd13"
0,3.31234822702101,0.752,0.092,0,"18","Mapk8ip1"
0,6.92333069555562,0.668,0.011,0,"18","Ppp1r14a"
0,5.10658402927158,0.672,0.026,0,"18","Cmtm5"
0,4.69727877140145,0.698,0.052,0,"18","Dip2a"
0,3.11535486951838,0.714,0.083,0,"18","Srcin1"
0,4.42523687563884,0.665,0.036,0,"18","Plekhb1"
0,5.41578025812551,0.66,0.036,0,"18","Slain1"
0,9.36476717048964,0.62,0.001,0,"18","Fa2h"
0,8.68501407328353,0.619,0.002,0,"18","Ugt8a"
0,4.59557341467844,0.704,0.088,0,"18","Slc44a1"
0,3.17294580229736,0.779,0.166,0,"18","Septin8"
0,8.85126815214547,0.613,0.002,0,"18","Hapln2"
0,3.75791397851435,0.821,0.214,0,"18","Gatm"
0,2.39399278527469,0.718,0.122,0,"18","Ppp1r16b"
0,4.12707505024279,0.652,0.064,0,"18","Fez1"
0,2.80910444068063,0.77,0.185,0,"18","Cdc37l1"
0,4.04357812664363,0.692,0.109,0,"18","Csrp1"
0,4.76634038404869,0.606,0.025,0,"18","Cntn2"
0,4.03095269995502,0.655,0.075,0,"18","Stmn1"
0,2.05213304004041,0.738,0.16,0,"18","Ank2"
0,2.83958311040162,0.678,0.103,0,"18","Pcbp4"
0,7.30206923512617,0.581,0.006,0,"18","Plekhh1"
0,3.17700395165828,0.672,0.099,0,"18","Kif1b"
0,4.35783783219871,0.623,0.052,0,"18","Nfasc"
0,4.18506366827994,0.655,0.086,0,"18","Ttyh2"
0,5.07230185748809,0.613,0.044,0,"18","Ccp110"
0,5.3462268091501,0.595,0.026,0,"18","Arhgef10"
0,4.28116401322403,0.636,0.068,0,"18","Ndrg1"
0,3.60347827946762,0.634,0.069,0,"18","Gprc5b"
0,5.68339057280303,0.58,0.016,0,"18","Adamts4"
0,3.38617856585202,0.703,0.139,0,"18","Tuba1a"
0,3.45489159000921,0.664,0.104,0,"18","Phlpp1"
0,4.30240210872819,0.604,0.044,0,"18","S100a16"
0,3.27143636112778,0.658,0.099,0,"18","Tulp4"
0,4.26354789262176,0.609,0.051,0,"18","Usp54"
0,3.67964485846379,0.62,0.063,0,"18","Nrbp2"
0,7.37712931468865,0.561,0.009,0,"18","Mal"
0,4.91094124828905,0.573,0.022,0,"18","Ptprd"
0,4.09320609208621,0.66,0.114,0,"18","Gsn"
0,4.49824661071039,0.6,0.058,0,"18","Desi1"
0,7.53450475134022,0.545,0.004,0,"18","Gpr37"
0,8.42933955397577,0.542,0.002,0,"18","Ermn"
0,3.38261497120677,0.59,0.05,0,"18","Map7"
0,6.6593466317439,0.546,0.007,0,"18","Edil3"
0,8.15491941613526,0.542,0.003,0,"18","Sec14l5"
0,2.70343227216463,0.843,0.304,0,"18","App"
0,3.21137222819165,0.585,0.057,0,"18","Mapt"
0,2.9250083409276,0.597,0.07,0,"18","Apbb1"
0,5.12300477350403,0.548,0.022,0,"18","Bcas1"
0,4.19521742751564,0.592,0.066,0,"18","Pacs2"
0,2.73380088442363,0.592,0.068,0,"18","Gpm6b"
0,2.85374486375648,0.595,0.072,0,"18","Ncam1"
0,3.85704346235807,0.787,0.264,0,"18","Trf"
0,3.68120029022378,0.619,0.103,0,"18","Agpat4"
0,8.81471520139006,0.516,0.001,0,"18","Gjc2"
0,3.46913277397124,0.61,0.095,0,"18","Ankrd28"
0,3.28219516535337,0.571,0.058,0,"18","Cadm4"
0,2.94180270661132,0.611,0.099,0,"18","Osbpl1a"
0,10.0157578283256,0.511,0.001,0,"18","Gjb1"
0,3.70125632541406,0.612,0.105,0,"18","Rcbtb1"
0,9.10448149632241,0.507,0.001,0,"18","Tmem88b"
0,4.52510694353584,0.536,0.03,0,"18","Myo1d"
0,5.18855774217431,0.529,0.025,0,"18","Ptgds"
0,5.3737921630806,0.523,0.019,0,"18","Hcn2"
0,2.37182030046316,0.584,0.081,0,"18","Elavl3"
0,3.72483258393336,0.611,0.108,0,"18","Slc48a1"
0,4.13189892267119,0.536,0.034,0,"18","Tppp"
0,5.14991454145189,0.52,0.02,0,"18","Efhd1"
0,3.7890910694238,0.588,0.09,0,"18","Carhsp1"
0,5.07047311737522,0.543,0.048,0,"18","Rrs1"
0,2.59792750818941,0.56,0.067,0,"18","Ank3"
0,3.67970198846068,0.577,0.085,0,"18","Hmgcs1"
0,3.7785112405318,0.537,0.049,0,"18","Tprn"
0,2.63694853132459,0.58,0.096,0,"18","Dock9"
0,4.13135321565656,0.518,0.037,0,"18","Spock3"
0,3.35044578442394,0.588,0.111,0,"18","Slc12a2"
0,4.01747771322559,0.528,0.058,0,"18","Serinc5"
0,2.40167761419999,0.738,0.274,0,"18","Clasp2"
0,3.08385752765986,0.556,0.102,0,"18","Atp11a"
0,2.78888330544832,0.514,0.06,0,"18","Atp9a"
0,2.56833249822936,0.65,0.196,0,"18","Dpysl2"
0,3.19603491862832,0.588,0.135,0,"18","Plaat3"
0,2.36723162887251,0.545,0.094,0,"18","Tmod2"
0,3.61066615590052,0.509,0.061,0,"18","Otud7b"
0,3.16702047401707,0.576,0.129,0,"18","Ywhaq"
0,2.31650281077184,0.544,0.107,0,"18","Chn2"
0,3.07104354942137,0.544,0.107,0,"18","Septin7"
0,2.50748325972156,0.532,0.097,0,"18","Agap1"
0,2.93475478947288,0.643,0.219,0,"18","Tmem63a"
0,2.39741011864578,0.542,0.118,0,"18","Shtn1"
0,3.33523384898394,0.517,0.094,0,"18","Daam1"
0,1.81408141648761,0.518,0.101,0,"18","Kif1a"
0,1.80176222855216,0.696,0.279,0,"18","Ralgds"
0,2.2747837736353,0.584,0.168,0,"18","Itpk1"
0,2.44830385218267,0.543,0.13,0,"18","Gabbr1"
0,2.3040246287948,0.64,0.228,0,"18","Add1"
0,2.19991255544767,0.653,0.245,0,"18","Fnbp1"
0,2.78540795265655,0.654,0.246,0,"18","Sec11c"
0,2.78357699934313,0.588,0.185,0,"18","Kif13b"
0,2.39660330601347,0.962,0.562,0,"18","Qki"
0,2.29920435688105,0.571,0.175,0,"18","Cdk19"
0,3.03567679090748,0.52,0.128,0,"18","Efcab14"
0,1.48165903662423,0.699,0.313,0,"18","Map7d1"
0,2.50053690534778,0.507,0.125,0,"18","Adap1"
0,1.81445829705558,0.625,0.243,0,"18","Clasrp"
0,2.28500265703457,0.51,0.13,0,"18","Fam168a"
0,2.49302411359588,0.557,0.179,0,"18","Tmbim1"
0,1.77130659616052,0.59,0.214,0,"18","Fam53b"
0,2.22720083200965,0.555,0.192,0,"18","Mast3"
0,2.62994931145202,0.507,0.147,0,"18","Sort1"
0,1.53592381962476,0.563,0.203,0,"18","Tmcc3"
0,2.00712544270231,0.501,0.143,0,"18","Zfp532"
0,2.08065461132468,0.591,0.236,0,"18","Rab31"
0,1.50432240341894,0.789,0.444,0,"18","Bin1"
0,2.15290194674738,0.518,0.179,0,"18","Spacdr"
0,2.43729466020842,0.518,0.179,0,"18","Gna12"
0,1.5208404500676,0.518,0.188,0,"18","Appl2"
0,1.55345500564448,0.535,0.207,0,"18","Srebf2"
0,1.97727727214099,0.606,0.295,0,"18","Rtn4"
0,2.11951709593123,0.537,0.227,0,"18","Taldo1"
0,1.71702523458094,0.612,0.302,0,"18","Fis1"
0,1.82826786982003,0.521,0.213,0,"18","Rdx"
0,1.83467594568999,0.524,0.232,0,"18","Mbnl2"
0,1.78647171488486,0.578,0.311,0,"18","Erbin"
2.662689541118e-296,1.64905163172284,0.522,0.232,5.07375492060035e-292,"18","Man2a2"
2.80611803059623e-292,1.65645100612251,0.556,0.28,5.34705790730112e-288,"18","Bicd2"
4.05009862781064e-284,1.09781417782622,0.604,0.287,7.71746293529317e-280,"18","Pde4b"
2.50019067850801e-278,1.66857100476646,0.541,0.231,4.76411333789702e-274,"18","Eid1"
3.21827639102647e-276,1.84060025220073,0.509,0.244,6.13242566310093e-272,"18","Degs1"
4.18280163054467e-271,1.22945415102838,0.643,0.372,7.97032850700287e-267,"18","Atp8a1"
2.92833232328597e-256,1.62064064053098,0.553,0.29,5.57993724202142e-252,"18","Rtn3"
6.73150538722051e-245,1.49519963254202,0.51,0.254,1.28268835153487e-240,"18","Dctn2"
6.79564842095601e-243,1.19149221050394,0.654,0.415,1.29491080661317e-238,"18","Wnk1"
2.05089368569937e-236,1.28042355313496,0.586,0.323,3.90797791810016e-232,"18","Dync1h1"
9.95218241182541e-231,1.42623913049054,0.505,0.237,1.89638835857333e-226,"18","Tecr"
7.31176808045074e-223,1.56592911311958,0.551,0.333,1.39325740772989e-218,"18","Atp1b3"
7.95608679085879e-219,1.52160956657405,0.512,0.275,1.51603233799814e-214,"18","Pip4k2a"
2.32270709557662e-215,1.27567641739829,0.535,0.262,4.42591837062124e-211,"18","Paip2"
5.42564857319376e-215,0.752905117348802,0.75,0.466,1.03385733562207e-210,"18","Cd81"
3.10056310606626e-212,1.18426208387952,0.577,0.328,5.90812299860926e-208,"18","Atp1a1"
1.19254176445137e-208,1.04403612843839,0.567,0.299,2.27238833216209e-204,"18","Dst"
3.35083440342171e-169,1.24397633256084,0.5,0.281,6.38501495572008e-165,"18","Arhgef2"
3.69801312396461e-130,0.594085126500474,0.636,0.422,7.04656400771456e-126,"18","Zeb2"
2.04635034035028e-128,0.810103297483457,0.572,0.352,3.89932057353747e-124,"18","Smarcc2"
3.73163772120034e-102,0.576325964012195,0.583,0.376,7.11063567774724e-98,"18","Etnk1"
6.84625076783164e-94,0.53261994343874,0.72,0.555,1.30455308381032e-89,"18","Rsrp1"
2.19687345244637e-64,0.741682077844254,0.545,0.404,4.18614236363655e-60,"18","Ubl3"
2.02412220186033e-63,0.638605339091679,0.509,0.343,3.85696485564486e-59,"18","Lamp1"
4.76119369340408e-53,0.515453578186387,0.55,0.41,9.07245458278148e-49,"18","Pabpn1"
2.39286326800423e-52,0.617339200191072,0.518,0.39,4.55960095718207e-48,"18","Clk4"
4.38433525607161e-52,0.583481649336242,0.597,0.495,8.35435083044444e-48,"18","Eif4g2"
0,2.54881652450366,0.843,0.057,0,"19","Itk"
0,2.17816643227639,0.807,0.071,0,"19","Gimap4"
0,2.19518833258685,0.781,0.08,0,"19","Ptpn22"
0,2.02357243961306,0.849,0.159,0,"19","Cytip"
0,2.51698592886043,0.734,0.048,0,"19","Trac"
0,2.15941132061546,0.752,0.074,0,"19","Septin1"
0,2.50060737911149,0.721,0.049,0,"19","Lck"
0,2.28008238495244,0.729,0.059,0,"19","Gimap3"
0,2.53094968720063,0.714,0.048,0,"19","Sh2d2a"
0,1.54923529776963,0.858,0.198,0,"19","Fam107b"
0,1.80234208580121,0.961,0.31,0,"19","Shisa5"
0,1.89003814839694,0.794,0.15,0,"19","Tmsb10"
0,2.14270246052583,0.843,0.205,0,"19","Bhlhe40"
0,1.86873088121655,0.789,0.158,0,"19","Il2rg"
0,1.63619682428434,0.886,0.256,0,"19","Rac2"
0,1.62304170108026,0.93,0.302,0,"19","Cd52"
0,1.89708989237469,0.846,0.223,0,"19","Cd74"
0,1.69005389934878,0.821,0.199,0,"19","Fxyd5"
0,1.53619523569329,0.923,0.314,0,"19","Pim1"
0,2.61070043879347,0.647,0.04,0,"19","Cd3d"
0,1.69317300005343,0.823,0.216,0,"19","Dusp5"
0,1.821357319155,0.795,0.189,0,"19","Epsti1"
0,1.74671509031127,0.834,0.229,0,"19","Vim"
0,1.97273530396449,0.775,0.171,0,"19","H2-Aa"
0,2.05650358274346,0.78,0.18,0,"19","H2-Ab1"
0,2.02065064650712,0.703,0.104,0,"19","Itgal"
0,1.37621377772853,0.958,0.361,0,"19","Srgn"
0,1.50293125292093,0.799,0.204,0,"19","Sik1"
0,1.26733579341466,0.778,0.183,0,"19","S100a11"
0,1.59307027603512,0.858,0.265,0,"19","Psmb8"
0,2.14633965072587,0.748,0.157,0,"19","H2-Eb1"
0,1.38788330133156,0.752,0.168,0,"19","Stk17b"
0,2.56729417307674,0.619,0.038,0,"19","Cd3e"
0,1.5496099001994,0.788,0.209,0,"19","Tspo"
0,1.42116868818418,0.847,0.268,0,"19","H2-Q7"
0,2.26154924438256,0.628,0.051,0,"19","Cd2"
0,1.74630472173889,0.703,0.129,0,"19","S100a10"
0,1.66473539670368,0.743,0.169,0,"19","Zc3hav1"
0,1.67982982306248,0.652,0.08,0,"19","Tbc1d10c"
0,1.91154606190505,0.659,0.089,0,"19","Thy1"
0,1.53819820366847,0.745,0.175,0,"19","Esyt1"
0,2.32143265549478,0.609,0.041,0,"19","Il2rb"
0,1.4637365465489,0.789,0.224,0,"19","Tap1"
0,1.28163271276663,0.781,0.217,0,"19","Txn1"
0,1.73619918472779,0.639,0.075,0,"19","Acap1"
0,2.14834976679537,0.66,0.098,0,"19","Runx3"
0,1.74827989345061,0.693,0.131,0,"19","Slamf7"
0,1.5888737524471,0.688,0.129,0,"19","Ifi203"
0,1.09100844412403,0.832,0.275,0,"19","Slfn2"
0,2.41558096180289,0.596,0.04,0,"19","Nkg7"
0,1.57349999054086,0.764,0.209,0,"19","Jak2"
0,1.23721913000774,0.713,0.158,0,"19","Ets1"
0,1.40483577055016,0.774,0.222,0,"19","Samhd1"
0,1.57544342669129,0.793,0.243,0,"19","Vps37b"
0,1.56370095873983,0.693,0.144,0,"19","Nlrc5"
0,1.86357120390092,0.66,0.112,0,"19","Itga4"
0,1.06941324013854,0.789,0.243,0,"19","Anxa5"
0,1.15188258080726,0.871,0.326,0,"19","Npc2"
0,1.34707954662773,0.839,0.295,0,"19","Rack1"
0,0.956570232093963,0.822,0.279,0,"19","Atp5e"
0,1.41879852094896,0.671,0.13,0,"19","Zdhhc18"
0,1.29465463949807,0.765,0.224,0,"19","Emp3"
0,1.22331600474513,0.904,0.365,0,"19","Coro1a"
0,1.83594600012586,0.646,0.107,0,"19","Cnn2"
0,1.35416925245418,0.787,0.249,0,"19","Sh3bgrl3"
0,1.19014853007435,0.791,0.254,0,"19","Ptpn18"
0,1.57311757169497,0.694,0.157,0,"19","Lgals3"
0,2.08094088007945,0.629,0.094,0,"19","Emb"
0,1.55347786246717,0.709,0.174,0,"19","Ubald2"
0,1.24930202364922,0.711,0.177,0,"19","Adgre5"
0,1.08720056036072,0.895,0.362,0,"19","Arhgdib"
0,1.64493948748047,0.654,0.121,0,"19","Cblb"
0,1.0465070705437,0.8,0.267,0,"19","Mbd2"
0,1.77249061137575,0.622,0.09,0,"19","Gbp8"
0,2.00374333578806,0.607,0.077,0,"19","Cd69"
0,1.62471794047931,0.648,0.118,0,"19","Prkch"
0,1.62923395111325,0.686,0.157,0,"19","Psmb9"
0,1.47078903469349,0.824,0.296,0,"19","Gm2a"
0,1.53532371552902,0.7,0.174,0,"19","Fosl2"
0,1.15861791763085,0.842,0.316,0,"19","Ifngr1"
0,1.92935645806641,0.627,0.102,0,"19","Nr4a2"
0,2.09681296988607,0.6,0.075,0,"19","Gramd3"
0,1.12457822214329,0.825,0.301,0,"19","Gpx1"
0,1.75226443230991,0.668,0.146,0,"19","Lsp1"
0,1.55030646156569,0.63,0.108,0,"19","Dgka"
0,1.44033258821864,0.7,0.178,0,"19","Malt1"
0,1.11842675172661,0.881,0.36,0,"19","Ptprc"
0,2.23249631245309,0.589,0.068,0,"19","Itgb7"
0,0.957105062776355,0.826,0.306,0,"19","H3f3a"
0,1.91744692384798,0.604,0.086,0,"19","Ccl5"
0,2.27486346320821,0.557,0.04,0,"19","Ctsw"
0,1.32443142473144,0.742,0.226,0,"19","Psme1"
0,1.47141400160249,0.669,0.154,0,"19","Arhgap9"
0,1.09156733549704,0.778,0.263,0,"19","Btf3"
0,1.11562549996116,0.752,0.237,0,"19","H2-K1"
0,1.26104762107373,0.734,0.219,0,"19","Gpsm3"
0,1.56762618554887,0.639,0.125,0,"19","B4galnt1"
0,1.73147402455111,0.653,0.141,0,"19","Irf7"
0,1.42434180119631,0.702,0.19,0,"19","Ptger4"
0,0.957190334796755,0.792,0.281,0,"19","Arhgap30"
0,2.15053720229232,0.562,0.052,0,"19","Ltb"
0,1.19940410126331,0.793,0.284,0,"19","Bst2"
0,0.710944585931714,0.846,0.337,0,"19","Rgs1"
0,1.11077314905837,0.668,0.16,0,"19","Fyn"
0,1.13699409313881,0.77,0.262,0,"19","Tap2"
0,1.39988435571254,0.618,0.112,0,"19","Nup210"
0,1.25873653138446,0.873,0.367,0,"19","Zfp36l2"
0,0.989923034176698,0.831,0.326,0,"19","Rab8b"
0,2.26482499331458,0.545,0.041,0,"19","Zap70"
0,1.06223835264229,0.793,0.29,0,"19","Eef1b2"
0,1.09966415442572,0.886,0.385,0,"19","Arpc1b"
0,0.892735005896861,0.812,0.312,0,"19","Mbnl1"
0,1.13565780244145,0.667,0.167,0,"19","Anxa6"
0,2.19327569658199,0.577,0.077,0,"19","Gpr132"
0,1.06870318602234,0.788,0.289,0,"19","Itpkb"
0,1.01600614276572,0.76,0.261,0,"19","Bcl2l11"
0,1.8465008701459,0.621,0.122,0,"19","Nr4a3"
0,1.39726214451179,0.654,0.156,0,"19","Abracl"
0,1.14083140348103,0.692,0.195,0,"19","Cdkn1b"
0,0.785121428205328,0.735,0.239,0,"19","Lilrb4a"
0,1.67613117514844,0.628,0.132,0,"19","Crem"
0,1.07390681512433,0.715,0.221,0,"19","Cd47"
0,0.929151345509743,0.711,0.218,0,"19","Ybx1"
0,0.770761493071741,0.766,0.273,0,"19","Tnfaip3"
0,1.02811158050945,0.741,0.248,0,"19","Mknk2"
0,1.13976445400205,0.698,0.205,0,"19","Rnf138"
0,0.916518993945254,0.856,0.364,0,"19","Lcp1"
0,1.7030835503743,0.605,0.113,0,"19","Ms4a6b"
0,1.01738890560501,0.628,0.137,0,"19","Mxd1"
0,1.11300659401096,0.679,0.189,0,"19","Diaph1"
0,1.60173012348472,0.62,0.131,0,"19","Cxcr4"
0,1.80108474042911,0.587,0.098,0,"19","Pstpip1"
0,2.28126973738465,0.548,0.06,0,"19","S100a4"
0,0.868438820838356,0.795,0.307,0,"19","Cxcl16"
0,1.16266242980639,0.673,0.186,0,"19","Supt4a"
0,1.71542843019635,0.596,0.109,0,"19","Zbp1"
0,1.4315624386559,0.579,0.093,0,"19","S100a6"
0,0.932505423127483,0.788,0.303,0,"19","Vasp"
0,1.67547516957754,0.591,0.106,0,"19","Tes"
0,1.1283949641609,0.839,0.355,0,"19","Tapbp"
0,2.13341924244069,0.568,0.085,0,"19","Ass1"
0,0.71393271170585,0.815,0.333,0,"19","Ptk2b"
0,1.50321976559478,0.627,0.146,0,"19","Myo1g"
0,1.16840168701693,0.676,0.196,0,"19","H2-D1"
0,1.17033796875633,0.728,0.248,0,"19","Cyba"
0,0.986855208409036,0.763,0.284,0,"19","Cstb"
0,1.21397692022272,0.673,0.194,0,"19","Trps1"
0,1.10655876381669,0.645,0.166,0,"19","Isy1"
0,1.08529354048169,0.671,0.193,0,"19","Jpt1"
0,1.32068345532339,0.615,0.137,0,"19","Antxr2"
0,1.025934465782,0.748,0.27,0,"19","Sod1"
0,0.951716459037233,0.713,0.235,0,"19","Nfkb2"
0,1.44107768378678,0.611,0.137,0,"19","Cd44"
0,0.843602856609114,0.783,0.31,0,"19","Limd2"
0,1.18720220667283,0.633,0.16,0,"19","Iqgap1"
0,0.544243092087353,0.876,0.403,0,"19","Arhgap45"
0,1.12134342287801,0.64,0.167,0,"19","Cast"
0,0.809398748556247,0.831,0.358,0,"19","Hcls1"
0,1.22321262649349,0.68,0.208,0,"19","H2-DMa"
0,1.22099402145645,0.664,0.192,0,"19","Rnf213"
0,1.05366955812257,0.706,0.234,0,"19","Spty2d1"
0,1.20358667830862,0.657,0.186,0,"19","H2az1"
0,0.853635657369759,0.692,0.221,0,"19","Tomm7"
0,1.30027430063045,0.595,0.125,0,"19","Sp100"
0,2.43249593364605,0.504,0.034,0,"19","Ms4a4b"
0,0.992208842842936,0.682,0.213,0,"19","Rassf5"
0,1.14518444442848,0.662,0.193,0,"19","Zyx"
0,0.955929614525659,0.744,0.275,0,"19","Lrp10"
0,1.26222762401121,0.63,0.162,0,"19","Nop53"
0,0.984836867481977,0.588,0.12,0,"19","Ly6a"
0,0.807601463453011,0.78,0.313,0,"19","Macroh2a1"
0,0.973100206060612,0.708,0.241,0,"19","Myh9"
0,1.12966990788046,0.7,0.233,0,"19","Pmaip1"
0,1.46741943398591,0.547,0.081,0,"19","Gimap6"
0,1.63716242296964,0.578,0.114,0,"19","Fgl2"
0,0.839267514307427,0.898,0.435,0,"19","Cotl1"
0,1.04278786258323,0.893,0.43,0,"19","Cfl1"
0,0.899982748611842,0.742,0.279,0,"19","Il21r"
0,1.05035975625003,0.891,0.429,0,"19","B2m"
0,0.899489944404463,0.79,0.328,0,"19","Akr1a1"
0,0.65834780197075,0.75,0.288,0,"19","Tuba1c"
0,0.880120226620815,0.705,0.243,0,"19","Sri"
0,0.755010907793066,0.836,0.374,0,"19","Vamp8"
0,1.45869931372834,0.596,0.134,0,"19","Nfil3"
0,0.62900410883452,0.735,0.274,0,"19","Ndufa2"
0,0.900964299295408,0.678,0.218,0,"19","Neurl3"
0,0.681747417893666,0.829,0.369,0,"19","Zc3h12a"
0,0.632657744310007,0.817,0.357,0,"19","Syf2"
0,0.890507245948093,0.734,0.274,0,"19","Slc25a3"
0,1.0631162653235,0.647,0.188,0,"19","Tpm4"
0,0.856431826091594,0.762,0.303,0,"19","Btg1"
0,1.25031516149391,0.978,0.519,0,"19","Tpt1"
0,0.773349092276752,0.797,0.339,0,"19","Rel"
0,1.42060596063335,0.57,0.112,0,"19","Sema4a"
0,1.06090714612406,0.681,0.224,0,"19","Rnf149"
0,1.76026793834411,0.51,0.053,0,"19","Gimap8"
0,0.957450457902482,0.893,0.436,0,"19","Ly6e"
0,1.11743946350019,0.597,0.14,0,"19","Msrb1"
0,0.873721169776488,0.671,0.215,0,"19","Wipf1"
0,0.870892158247219,0.687,0.231,0,"19","Rab8a"
0,0.651155643464449,0.742,0.288,0,"19","Usp25"
0,1.04491926555645,0.709,0.256,0,"19","Arpc2"
0,1.86127711831656,0.536,0.085,0,"19","D16Ertd472e"
0,1.16222863029399,0.685,0.236,0,"19","Syngr2"
0,1.05349930059692,0.948,0.5,0,"19","Ucp2"
0,0.789747977010078,0.746,0.299,0,"19","Itgb2"
0,0.801156795567059,0.649,0.202,0,"19","Lmnb1"
0,0.910810450879269,0.716,0.269,0,"19","Naca"
0,1.14184408012616,0.639,0.193,0,"19","Fau"
0,1.50533627425748,0.591,0.145,0,"19","Lyz2"
0,0.776185841288666,0.683,0.238,0,"19","Chmp1b"
0,0.607674873569857,0.739,0.295,0,"19","Ppia"
0,0.63178898137218,0.686,0.243,0,"19","Cox5b"
0,0.710569840531296,0.762,0.319,0,"19","Cox7a2l"
0,0.739209416740383,0.704,0.261,0,"19","Hnrnpa1"
0,0.7173274376809,0.68,0.238,0,"19","Cwc15"
0,0.872308241792057,0.726,0.284,0,"19","Pde4b"
0,0.922013408766966,0.854,0.412,0,"19","Actg1"
0,0.694894178048837,0.799,0.358,0,"19","Prkar1a"
0,0.507344490872803,0.765,0.324,0,"19","Rgs2"
0,1.02758644149468,0.642,0.201,0,"19","Snx20"
0,0.591108800488904,0.76,0.319,0,"19","Ddx3y"
0,0.873261322377483,0.713,0.272,0,"19","Cd82"
0,0.880772457992966,0.589,0.148,0,"19","Pdcd4"
0,0.724177505499739,0.681,0.241,0,"19","Cct2"
0,0.866315444822984,0.639,0.199,0,"19","Oaz1"
0,0.557221482460748,0.755,0.316,0,"19","Rnf4"
0,0.624980725152549,0.899,0.46,0,"19","Arhgef1"
0,0.979181560936338,0.608,0.169,0,"19","Apobec3"
0,0.979197885637797,0.644,0.206,0,"19","Smchd1"
0,1.56370312339442,0.551,0.114,0,"19","Isg15"
0,0.730934659760753,0.679,0.242,0,"19","Baz1a"
0,1.07407862417115,0.579,0.142,0,"19","Snrpf"
0,1.25058714163873,0.571,0.134,0,"19","Nherf1"
0,0.967663587436999,0.642,0.206,0,"19","Sertad1"
0,0.958370034527168,0.643,0.207,0,"19","Ubl5"
0,1.11858650826944,0.62,0.184,0,"19","Ifitm2"
0,0.986874172924332,0.671,0.236,0,"19","Axl"
0,0.576934505170005,0.687,0.252,0,"19","D8Ertd738e"
0,0.919631970594912,0.61,0.175,0,"19","Cyth1"
0,0.962288522665551,0.646,0.212,0,"19","Cdkn1a"
0,0.697732004715162,0.767,0.333,0,"19","Gabarap"
0,1.02260943147406,0.57,0.136,0,"19","Plaat3"
0,1.29747369813605,0.552,0.119,0,"19","Iqgap2"
0,1.23898321312158,0.585,0.152,0,"19","Tmem106a"
0,0.722787112900495,0.676,0.244,0,"19","Ppp2r5a"
0,1.20983845721422,0.58,0.148,0,"19","Anxa4"
0,1.58476068638739,0.539,0.108,0,"19","Stat1"
0,1.69777250679058,0.504,0.073,0,"19","Dusp10"
0,0.651071190188481,0.677,0.247,0,"19","Pik3cd"
0,1.34585390831204,0.562,0.132,0,"19","Gpr65"
0,0.828899637082718,0.643,0.213,0,"19","Trmt112"
0,0.624480630636638,0.768,0.338,0,"19","M6pr"
0,1.8174161079805,0.507,0.077,0,"19","Socs1"
0,0.772406464983789,0.667,0.238,0,"19","Ak2"
0,0.583870556598959,0.731,0.302,0,"19","Psenen"
0,0.579011479097417,0.743,0.314,0,"19","Ppib"
0,0.56299707493855,0.725,0.296,0,"19","Ifnar1"
0,0.805579425561948,0.726,0.298,0,"19","Alox5ap"
0,1.59540263238026,0.506,0.078,0,"19","Septin6"
0,1.26738490842714,0.593,0.165,0,"19","Got1"
0,0.788691882347787,0.924,0.497,0,"19","Msn"
0,0.59912161983015,0.734,0.307,0,"19","Cggbp1"
0,1.52725198094586,0.513,0.087,0,"19","Map4k1"
0,1.0389345161497,0.609,0.184,0,"19","Rab43"
0,0.947057369267845,0.608,0.183,0,"19","Myl12b"
0,0.500149894245743,0.687,0.263,0,"19","Nfkb1"
0,0.681551355549697,0.72,0.296,0,"19","Tgfb1"
0,0.935992898693636,0.826,0.402,0,"19","Fth1"
0,1.68038618358117,0.538,0.115,0,"19","Tgfbi"
0,0.892265946138889,0.941,0.518,0,"19","Pnrc1"
0,0.814034614408163,0.639,0.217,0,"19","Rbm42"
0,0.897603674802449,0.634,0.212,0,"19","Prdx5"
0,0.612854757585021,0.725,0.303,0,"19","Trafd1"
0,0.824378640932358,0.611,0.189,0,"19","Akap13"
0,0.500827514913829,0.748,0.327,0,"19","Tra2b"
0,0.641921468342332,0.696,0.275,0,"19","Gnai3"
0,0.652453637513271,0.696,0.275,0,"19","Nr4a1"
0,0.509206224347798,0.765,0.345,0,"19","Syk"
0,1.58299593739776,0.51,0.091,0,"19","Ifi209"
0,1.50583102530336,0.521,0.102,0,"19","Rab11fip1"
0,1.24887114292314,0.55,0.131,0,"19","Cd274"
0,1.0242068056339,0.572,0.153,0,"19","Eif3k"
0,1.16286823481727,0.584,0.165,0,"19","Csf2rb"
0,0.710421020796158,0.776,0.358,0,"19","Capzb"
0,1.40224577962832,0.533,0.115,0,"19","Pirb"
0,0.65605875836629,0.664,0.246,0,"19","Dock2"
0,0.603559886520708,0.646,0.228,0,"19","Nedd8"
0,0.676904341380718,0.719,0.301,0,"19","Tatdn2"
0,0.616127550703741,0.866,0.448,0,"19","Gnai2"
0,0.561360427014264,0.727,0.309,0,"19","Pak2"
0,0.581108509400374,0.692,0.274,0,"19","Ppp1r18"
0,1.38247962099627,0.545,0.128,0,"19","Pfn1"
0,0.689109286444424,0.66,0.243,0,"19","Poldip3"
0,0.554731831643399,0.662,0.245,0,"19","Ccdc88b"
0,1.00099087788191,0.609,0.192,0,"19","Cd48"
0,0.573450739990392,0.669,0.253,0,"19","Nsd3"
0,0.657188636060117,0.665,0.249,0,"19","Eif4b"
0,0.515198700532059,0.741,0.325,0,"19","Klf6"
0,0.860750212614829,0.615,0.199,0,"19","Was"
0,0.652135077502587,0.677,0.262,0,"19","Stat3"
0,0.780660081625454,0.611,0.196,0,"19","Stk24"
0,1.02855338099354,0.59,0.175,0,"19","Gsto1"
0,0.833234933821765,0.58,0.165,0,"19","Nop10"
0,0.911851736469458,0.666,0.252,0,"19","Actr3"
0,0.683658481877978,0.639,0.226,0,"19","Taldo1"
0,0.930635823778637,0.612,0.199,0,"19","Eif3h"
0,0.73743079048548,0.611,0.198,0,"19","Ago2"
0,0.734122379893605,0.946,0.533,0,"19","Gna13"
0,1.21034108391355,0.532,0.12,0,"19","Nt5c"
0,0.572403765647979,0.825,0.413,0,"19","Cd53"
0,1.18521650550899,0.549,0.138,0,"19","Leprotl1"
0,0.971205835106354,0.63,0.219,0,"19","Odc1"
0,1.18897126313073,0.562,0.152,0,"19","Plin2"
0,0.645064490518241,0.652,0.242,0,"19","Tax1bp1"
0,0.680411290062843,0.805,0.396,0,"19","Irf2bp2"
0,0.951467332340418,0.609,0.2,0,"19","Rhog"
0,0.515995629262755,0.697,0.288,0,"19","Rbm7"
0,0.803422687882889,0.579,0.17,0,"19","Atp5d"
0,1.22860755243036,0.521,0.113,0,"19","Nabp1"
0,0.722162517955728,0.607,0.199,0,"19","Rbms1"
0,1.12437965548858,0.566,0.158,0,"19","Ly9"
0,0.599480658923116,0.681,0.274,0,"19","Pdcd6ip"
0,0.744496971060437,0.621,0.214,0,"19","Cep120"
0,0.661693975893715,0.689,0.282,0,"19","Ppp2ca"
0,0.585898814584374,0.692,0.285,0,"19","Myo1f"
0,0.675464264306391,0.604,0.197,0,"19","Tubb5"
0,0.53934886331807,0.731,0.324,0,"19","Ndfip1"
0,0.5808916227084,0.686,0.28,0,"19","Eloa"
0,0.598917090381279,0.687,0.281,0,"19","Dnajb6"
0,0.51386347488249,0.65,0.244,0,"19","Birc3"
0,0.815741008074602,0.692,0.286,0,"19","Ninj1"
0,1.29508075572745,0.541,0.136,0,"19","Gyg"
0,1.01383357484526,0.562,0.157,0,"19","Med11"
0,0.505836861964457,0.64,0.236,0,"19","Akna"
0,0.811376005526319,0.599,0.195,0,"19","Vgll4"
0,0.955419826494029,0.562,0.159,0,"19","Pfdn5"
0,1.38322897135974,0.579,0.176,0,"19","Tmem123"
0,0.651388246128883,0.81,0.408,0,"19","Fcer1g"
0,0.607942766615251,0.653,0.251,0,"19","Ppp1r15b"
0,0.594102971529684,0.623,0.221,0,"19","Use1"
0,0.93390922377026,0.56,0.158,0,"19","Ciao2a"
0,1.12083498471661,0.532,0.13,0,"19","Limd1"
0,0.722050164152538,0.659,0.257,0,"19","Lgals3bp"
0,0.783411205300618,0.582,0.18,0,"19","Serf2"
0,1.04471012076076,0.545,0.144,0,"19","Arf5"
0,0.529332526361583,0.667,0.266,0,"19","Grcc10"
0,0.693614448439705,0.607,0.206,0,"19","Sec11a"
0,0.849079083952404,0.608,0.208,0,"19","Nuak2"
0,0.59932636943341,0.637,0.237,0,"19","Tmem234"
0,1.30579315939836,0.518,0.118,0,"19","Psmb10"
0,1.40609418548459,0.519,0.119,0,"19","Metrnl"
0,0.734601480029475,0.61,0.211,0,"19","Cdc37"
0,1.11083538421164,0.557,0.158,0,"19","Txndc17"
0,0.843428715333098,0.588,0.189,0,"19","Tbca"
0,0.580504247893286,0.584,0.185,0,"19","Dennd1c"
0,1.02661685384184,0.539,0.141,0,"19","Ifi35"
0,0.510471277563131,0.718,0.32,0,"19","Saraf"
0,0.525680908978505,0.728,0.33,0,"19","Atp1b3"
0,1.22207999274868,0.511,0.114,0,"19","Ikbke"
0,0.769922748267727,0.615,0.218,0,"19","P2rx4"
0,0.528123141839584,0.651,0.254,0,"19","Dhx38"
0,0.526938383519448,0.547,0.15,0,"19","Pfkp"
0,0.577021193463131,0.602,0.205,0,"19","Ndufb11"
0,1.39532716927208,0.517,0.121,0,"19","Lyz1"
0,0.660315133744943,0.588,0.192,0,"19","Srp9"
0,0.677933812120884,0.607,0.212,0,"19","Cdc42se1"
0,0.58444386138612,0.669,0.274,0,"19","Mob1a"
0,0.577527853787318,0.612,0.217,0,"19","Map3k1"
0,0.567074089491625,0.678,0.284,0,"19","Clic4"
0,0.91826299995858,0.51,0.116,0,"19","Traf3ip3"
0,1.02859266553104,0.529,0.135,0,"19","Trim25"
0,0.529405164547363,0.646,0.252,0,"19","Grb2"
0,0.53777577855879,0.63,0.237,0,"19","Raly"
0,0.881488694696364,0.553,0.16,0,"19","Stat5b"
0,1.04716017055385,0.55,0.158,0,"19","Tnfrsf1b"
0,0.67460783489476,0.647,0.256,0,"19","Ets2"
0,0.784576808535481,0.566,0.176,0,"19","Sumo1"
0,0.694445193068144,0.587,0.197,0,"19","Rnf114"
0,0.705231811102497,0.567,0.177,0,"19","Chchd2"
0,0.790582575712005,0.593,0.203,0,"19","Ifi30"
0,0.893830572496594,0.571,0.181,0,"19","Elf1"
0,0.564898095087673,0.584,0.194,0,"19","Eef1g"
0,0.681104330851926,0.536,0.147,0,"19","Snrpe"
0,0.582335277580276,0.608,0.22,0,"19","Oser1"
0,1.26334079189467,0.523,0.135,0,"19","Rilpl2"
0,0.797807362338837,0.556,0.168,0,"19","Irgm1"
0,0.576548811315333,0.628,0.24,0,"19","Atp6v0e"
0,0.641452504671553,0.542,0.155,0,"19","Fryl"
0,0.83488915570409,0.55,0.163,0,"19","Polr1d"
0,0.892332659441122,0.532,0.145,0,"19","Herc6"
0,0.679686491150002,0.586,0.199,0,"19","Rtf2"
0,0.720349979151236,0.572,0.185,0,"19","Tma7"
0,0.748699693586125,0.585,0.198,0,"19","Smarce1"
0,0.634549366334413,0.94,0.553,0,"19","Mcl1"
0,0.533376637767747,0.627,0.241,0,"19","Vcp"
0,0.929367317807567,0.537,0.151,0,"19","Trim30a"
0,0.654842715313541,0.563,0.177,0,"19","Ndufb7"
0,0.561691652636028,0.608,0.223,0,"19","Cbfb"
0,0.740436464492876,0.575,0.19,0,"19","Pdcd10"
0,0.673914229924489,0.582,0.197,0,"19","Sf3b6"
0,1.09904582963332,0.513,0.129,0,"19","Bak1"
0,0.903180027561952,0.576,0.192,0,"19","Furin"
0,0.86847929852025,0.537,0.154,0,"19","Ndufb1"
0,0.705245796839397,0.517,0.134,0,"19","Capn1"
0,1.18112063493612,0.513,0.131,0,"19","Ostf1"
0,0.505881273183634,0.641,0.26,0,"19","Csde1"
0,0.880917071084177,0.513,0.132,0,"19","Tut4"
0,0.590430055111822,0.575,0.194,0,"19","Tank"
0,1.09099625747641,0.549,0.169,0,"19","Plaur"
0,0.948825562771972,0.51,0.13,0,"19","Plekha2"
0,0.613982501608139,0.583,0.203,0,"19","Ttc7"
0,0.55803075481155,0.639,0.26,0,"19","Chd7"
0,0.766919848731837,0.557,0.18,0,"19","Dnajb1"
0,1.20300134277566,0.527,0.15,0,"19","Ifitm3"
0,0.731063097429212,0.557,0.181,0,"19","Psma4"
0,0.877292335246062,0.518,0.142,0,"19","Atp5l"
0,0.581025518398366,0.625,0.249,0,"19","Rtcb"
0,0.9460677153718,0.532,0.156,0,"19","Scyl2"
0,0.994235622029948,0.546,0.17,0,"19","Gngt2"
0,0.984771623763712,0.523,0.147,0,"19","Arf6"
0,0.71266719959264,0.537,0.162,0,"19","Peli1"
0,0.787243123326441,0.533,0.158,0,"19","Pdcd6"
0,0.62752637294776,0.594,0.22,0,"19","Peds1"
0,0.551411091135703,0.545,0.171,0,"19","Ell2"
0,0.574318916528686,0.574,0.2,0,"19","Cnot6l"
0,0.719579484900871,0.513,0.14,0,"19","Ttc39b"
0,0.824488906735857,0.525,0.152,0,"19","Cnbp"
0,0.764016795869585,0.6,0.227,0,"19","Arf4"
0,0.620211423506045,0.6,0.228,0,"19","Tle3"
0,0.571853319422471,0.582,0.21,0,"19","Sra1"
0,0.687926281897405,0.568,0.196,0,"19","Igbp1"
0,0.715135836705229,0.774,0.403,0,"19","Cebpb"
0,0.955322136272163,0.5,0.129,0,"19","Cox5a"
0,0.654341563976771,0.585,0.214,0,"19","Kpna1"
0,0.815657168022064,0.537,0.167,0,"19","Arl5a"
0,0.764206939327658,0.514,0.144,0,"19","Gng2"
0,0.59012324513611,0.663,0.294,0,"19","Fcgr2b"
0,0.852801281216191,0.529,0.16,0,"19","Gtf2b"
0,0.991200421653351,0.509,0.14,0,"19","Usp38"
0,0.838058175708298,0.538,0.17,0,"19","Itgb1"
0,0.515692887647065,0.614,0.246,0,"19","Zfp36l1"
0,0.711217046125106,0.5,0.133,0,"19","Clec2d"
0,0.508765995856909,0.543,0.177,0,"19","Nsmaf"
0,0.562165625111215,0.539,0.173,0,"19","Klf13"
0,0.560166846478724,0.576,0.21,0,"19","Prdx1"
0,0.889901263803737,0.517,0.151,0,"19","Rnh1"
0,0.97136990670871,0.517,0.151,0,"19","Dap"
0,0.809417931142577,0.533,0.168,0,"19","H13"
0,0.686548717653177,0.535,0.17,0,"19","Siah2"
0,0.565399325948366,0.512,0.147,0,"19","Ybx3"
0,0.645672444364705,0.607,0.242,0,"19","Nup98"
0,0.582889942776711,0.561,0.197,0,"19","Vps54"
0,1.34768096778256,0.505,0.141,0,"19","Vegfa"
0,1.30279013781178,0.628,0.265,0,"19","Apoe"
0,0.50915633630168,0.581,0.218,0,"19","Cited2"
0,0.806291035655448,0.533,0.17,0,"19","Dazap2"
0,0.558083202216422,0.537,0.175,0,"19","Uba7"
0,0.561105278429137,0.547,0.185,0,"19","Pitpna"
0,0.57108017971908,0.567,0.205,0,"19","Arih2"
0,0.787933138685935,0.51,0.148,0,"19","Togaram1"
0,0.571541850079075,0.569,0.207,0,"19","Nup153"
0,0.637125472199414,0.523,0.161,0,"19","Eif3d"
0,0.914085516134141,0.51,0.148,0,"19","Sh3bgrl"
0,0.735256833860176,0.527,0.166,0,"19","Adcy7"
0,0.943564242358363,0.982,0.621,0,"19","Eef1a1"
0,0.575154274310238,0.548,0.188,0,"19","Rabac1"
0,0.543030139445608,0.555,0.195,0,"19","Card19"
0,0.817760935535275,0.518,0.158,0,"19","Gltp"
0,0.731606904027738,0.519,0.159,0,"19","Cyb5r4"
0,0.562994680668593,0.578,0.218,0,"19","Atl3"
0,0.657053239600009,0.535,0.177,0,"19","Snrpb2"
0,0.689572851567823,0.517,0.159,0,"19","Aff1"
0,0.573567271096315,0.548,0.191,0,"19","Znrf2"
0,0.80436723195261,0.529,0.173,0,"19","Etv3"
0,0.594002591601716,0.53,0.174,0,"19","Phb2"
0,0.997736609266372,0.755,0.399,0,"19","Psap"
0,0.745653700163536,0.508,0.152,0,"19","Jarid2"
0,0.510355145022872,0.67,0.315,0,"19","Nfe2l2"
0,0.575314608822126,0.572,0.217,0,"19","Acadl"
0,1.20186165117343,0.997,0.642,0,"19","Tmsb4x"
0,0.853555301006822,0.54,0.186,0,"19","Lipa"
0,0.878065471912557,0.525,0.172,0,"19","Rbpj"
0,0.500603389926373,0.533,0.182,0,"19","Rpf1"
0,0.847240577913564,0.527,0.177,0,"19","Ms4a6d"
0,0.572063901155919,0.504,0.155,0,"19","Sidt2"
0,0.563643230903733,0.606,0.257,0,"19","Hif1a"
0,0.79963567245451,0.51,0.161,0,"19","Emd"
0,0.568069260697338,0.549,0.201,0,"19","Cmpk1"
0,0.546361263520166,0.536,0.19,0,"19","Csf2ra"
0,0.552536958736403,0.609,0.264,0,"19","Ccrl2"
0,0.836393609805893,0.501,0.157,0,"19","Ric1"
0,0.538406916068256,0.518,0.178,0,"19","Bud31"
0,0.674742964940175,0.506,0.166,0,"19","Kpna4"
0,0.558402797872644,0.507,0.168,0,"19","Sfr1"
0,0.634770201746372,0.521,0.183,0,"19","Tiparp"
0,0.512485980099602,0.516,0.178,0,"19","Dnajc8"
0,0.503360112468021,0.527,0.189,0,"19","Atf4"
0,0.753792738058408,0.671,0.335,0,"19","Irf8"
0,0.651659232436172,0.611,0.275,0,"19","Dhrs3"
0,0.518148617476255,0.508,0.173,0,"19","Ythdc1"
0,0.588695845996336,0.522,0.187,0,"19","Sqstm1"
0,0.5600829983897,0.505,0.171,0,"19","Atf1"
0,0.593279885710506,0.501,0.168,0,"19","Mdm2"
0,0.717982729939798,0.547,0.215,0,"19","Cd300a"
0,0.737801038954399,0.559,0.228,0,"19","Cd14"
0,0.558640862895746,0.5,0.172,0,"19","G3bp1"
2.38887068648155e-292,0.576840475475079,0.871,0.468,4.5519930930906e-288,"19","Cdc42"
1.28297140072476e-269,0.512675867594546,0.879,0.488,2.44470200408103e-265,"19","Cap1"
3.17232594355376e-238,0.674491834283492,0.628,0.364,6.04486708544169e-234,"19","Ctsb"
5.73561345499955e-216,0.64871843832142,0.767,0.501,1.09292114385017e-211,"19","Ctss"
3.03780729482475e-152,0.534596564026446,0.563,0.321,5.78854180028856e-148,"19","Ppt1"
0,5.76975028138145,0.972,0.055,0,"20","Mrc1"
0,4.78876069500166,0.946,0.125,0,"20","Dab2"
0,5.04187401695888,0.813,0.036,0,"20","Pf4"
0,1.64765773253284,0.984,0.259,0,"20","Apoe"
0,3.74694333726745,0.892,0.172,0,"20","Gas6"
0,6.35838306249731,0.733,0.015,0,"20","Cbr2"
0,6.56944833166032,0.674,0.011,0,"20","Cd163"
0,5.24427125207242,0.687,0.042,0,"20","F13a1"
0,3.94554225571592,0.816,0.175,0,"20","Stab1"
0,4.66302079320531,0.664,0.042,0,"20","Igfbp4"
0,3.12591129230181,0.715,0.113,0,"20","Ms4a7"
0,2.97448093641858,0.823,0.222,0,"20","Maf"
0,2.77060019474734,0.806,0.263,0,"20","Adgre1"
0,2.91656118487713,0.653,0.12,0,"20","Itsn1"
0,2.51767738058828,0.844,0.316,0,"20","Ctsc"
0,1.16892862755295,0.877,0.36,0,"20","Ctsb"
0,3.39555399665372,0.624,0.109,0,"20","Fcgrt"
0,3.56745348918121,0.61,0.096,0,"20","C4b"
0,2.84008268607952,0.979,0.467,0,"20","Selenop"
0,2.12900994836689,0.785,0.279,0,"20","Cfh"
0,3.40570279316407,0.61,0.109,0,"20","Wwp1"
0,2.74643808270743,0.744,0.244,0,"20","Ehd4"
0,1.34300221155228,0.961,0.465,0,"20","C1qa"
0,2.06204019194461,0.777,0.285,0,"20","Bst2"
0,1.5381065955046,0.781,0.295,0,"20","Fcrls"
0,3.74643033801841,0.572,0.089,0,"20","Dse"
0,2.76491358764198,0.756,0.274,0,"20","Snx2"
0,2.33079026510621,0.768,0.292,0,"20","Fcgr2b"
0,1.07658865286215,0.945,0.481,0,"20","C1qb"
0,1.86925845670179,0.645,0.184,0,"20","Ifitm2"
0,2.60536883738204,0.593,0.134,0,"20","Hpgd"
0,1.10951382337364,0.905,0.449,0,"20","Csf1r"
0,2.93967741475981,0.603,0.15,0,"20","Nfxl1"
0,2.68634887487076,0.607,0.164,0,"20","Slc9a9"
0,2.30742420085581,0.685,0.243,0,"20","Tmem176b"
0,1.46464170127572,0.774,0.343,0,"20","Txnip"
0,1.97529258313701,0.693,0.265,0,"20","Trf"
0,2.78707850982395,0.535,0.114,0,"20","Ms4a6b"
0,1.31866845102553,0.545,0.126,0,"20","Pltp"
0,2.34173310634471,0.589,0.176,0,"20","Ms4a6d"
0,2.16757253582253,0.628,0.217,0,"20","Myo5a"
0,2.49895101454894,0.566,0.157,0,"20","Lrp6"
0,1.429649113921,0.804,0.398,0,"20","Fcgr3"
0,1.74477892669774,0.729,0.326,0,"20","Rnase4"
0,2.46770421905075,0.55,0.148,0,"20","Ifi207"
0,1.01680917883589,0.823,0.428,0,"20","Grn"
0,2.34647601595915,0.547,0.153,0,"20","Tmem106a"
0,3.11910318480105,0.509,0.118,0,"20","P2rx7"
0,1.24139111580145,0.578,0.19,0,"20","Pla2g7"
0,1.57340606940531,0.606,0.223,0,"20","Marcksl1"
0,1.6937584629791,0.653,0.274,0,"20","Dhrs3"
0,2.00120175308926,0.587,0.211,0,"20","Aldh2"
0,0.543090985067123,0.855,0.49,0,"20","Tyrobp"
0,1.27736654320024,0.908,0.544,0,"20","Serinc3"
0,1.15109554791389,0.763,0.408,0,"20","Fcer1g"
0,1.97584259509487,0.539,0.188,0,"20","Pid1"
0,2.34192536580002,0.517,0.168,0,"20","Hfe"
0,0.928153028900485,0.729,0.382,0,"20","Cd68"
0,1.87655035236315,0.508,0.163,0,"20","Eps15"
0,1.58299189593847,0.625,0.28,0,"20","Hspa1a"
0,1.71396614491559,0.653,0.312,0,"20","Il10rb"
0,1.50885207108394,0.841,0.501,0,"20","Clta"
0,1.31372795719096,0.609,0.282,0,"20","Rab3il1"
0,1.06317839361245,0.648,0.328,0,"20","Hpgds"
0,1.69859576680522,0.642,0.329,0,"20","Rnf130"
0,1.10084581507539,0.66,0.35,0,"20","Pla2g15"
0,2.09029303003256,0.5,0.192,0,"20","Snx6"
0,1.591453667381,0.546,0.248,0,"20","Nrros"
0,1.58275992957658,0.574,0.278,0,"20","Adam9"
0,1.36908804852139,0.58,0.286,0,"20","Tbxas1"
0,1.45734686275818,0.611,0.32,0,"20","Cltc"
0,0.83659382030981,0.933,0.643,0,"20","Tmsb4x"
0,1.94158285902637,0.551,0.264,0,"20","Adrb2"
0,1.52605909827047,0.533,0.259,0,"20","Ptpn18"
0,1.6083607327586,0.512,0.239,0,"20","Sft2d2"
2.97623155156464e-299,0.932482487364362,0.663,0.343,5.67120922150641e-295,"20","C3ar1"
5.34205714596892e-291,1.43213369864771,0.574,0.251,1.01792898916438e-286,"20","Hspa1b"
1.86424264328657e-284,1.16341483914488,0.699,0.425,3.55231435678255e-280,"20","Itm2b"
9.08278750284642e-276,1.38467985378116,0.501,0.204,1.73072515866738e-271,"20","Hmox1"
1.95401178208456e-273,1.16232315899209,0.713,0.439,3.72336945076214e-269,"20","Ly6e"
4.51081886055141e-272,1.65530236700534,0.532,0.263,8.5953653387807e-268,"20","Snx3"
8.10840419302243e-265,1.3090342155755,0.529,0.275,1.54505641898042e-260,"20","Lmo2"
9.80320440810297e-263,0.88312513345625,0.717,0.421,1.86800059996402e-258,"20","Aif1"
1.51819718139293e-260,0.895488607912528,0.687,0.408,2.89292472914422e-256,"20","Pld4"
1.16357910065791e-241,1.14611484248803,0.564,0.288,2.21719997630364e-237,"20","Ninj1"
4.82374740785953e-223,1.07922558294508,0.602,0.362,9.19165068567634e-219,"20","Tcn2"
3.57086937898391e-219,1.00278359484546,0.691,0.454,6.80429160165385e-215,"20","Snx29"
1.50555623896312e-218,0.930124407912346,0.606,0.341,2.86883741334422e-214,"20","Lamp1"
5.38506622376658e-214,1.09686035840996,0.583,0.332,1.02612436893872e-209,"20","Akr1a1"
5.39020246504649e-214,0.840106235678028,0.656,0.384,1.02710307971461e-209,"20","Ctsa"
1.07984173434925e-207,1.07527715159581,0.556,0.319,2.05763842480249e-203,"20","Tgfbr2"
6.00489476641476e-206,1.09814684108021,0.614,0.378,1.14423269774033e-201,"20","Vamp8"
6.33357044249329e-202,0.700623549436629,0.692,0.428,1.2068618478171e-197,"20","Ctsh"
1.36236362944976e-200,0.859401562317596,0.556,0.3,2.59598389591652e-196,"20","Cd33"
1.43888726268333e-200,0.989065057170617,0.575,0.345,2.74179967904309e-196,"20","Unc93b1"
4.15140660647341e-195,0.906504303019466,0.531,0.301,7.91050528863508e-191,"20","Alox5ap"
1.14259742525458e-194,0.658584499880033,0.731,0.47,2.1772193938226e-190,"20","Marcks"
3.32593138924232e-194,0.723169975492056,0.524,0.269,6.33756226220124e-190,"20","Pmp22"
9.80094103671182e-192,0.888392678217369,0.555,0.309,1.86756931454544e-187,"20","Abca1"
4.41189928957654e-177,0.757020215163644,0.659,0.422,8.4068740962881e-173,"20","Zeb2"
1.50780098137622e-164,0.974973668540017,0.574,0.355,2.87311477001238e-160,"20","Man1a"
2.24970544471627e-162,0.749818735209397,0.652,0.417,4.28681372490686e-158,"20","Kctd12"
3.0892136857834e-161,0.910117690248939,0.664,0.44,5.88649667826027e-157,"20","Fos"
3.25978990641228e-159,0.973939132553387,0.691,0.482,6.21152966666859e-155,"20","Jun"
5.54896774958077e-159,0.710861041534861,0.713,0.494,1.05735580468262e-154,"20","Arrb2"
6.99538285959191e-155,0.755482852350613,0.618,0.397,1.33297020389524e-150,"20","Fyb"
1.27153817827264e-146,0.675414286715783,0.585,0.373,2.42291599869852e-142,"20","Rgs10"
2.88111086411169e-145,0.924610608549137,0.513,0.316,5.48995675156482e-141,"20","Rasa4"
4.49703281260342e-140,0.989954391766941,0.525,0.337,8.56909602441581e-136,"20","Gabarap"
2.55407209764634e-132,0.86017338938506,0.542,0.344,4.8667843820651e-128,"20","Lamp2"
5.28550306233894e-130,0.732521114919277,0.546,0.359,1.00715260852869e-125,"20","Cyth4"
9.24468931877316e-130,0.819415160097263,0.589,0.394,1.76157554969223e-125,"20","Bri3"
6.7937017571335e-129,0.681626531552508,0.576,0.368,1.29453986982179e-124,"20","Gns"
1.13126572513588e-114,0.7217786484088,0.532,0.342,2.15562683924641e-110,"20","Camk1"
5.7299409208195e-108,0.602524523592809,0.548,0.369,1.09184024246216e-103,"20","Lcp1"
7.57043588281709e-106,0.81058033650768,0.53,0.364,1.4425465574708e-101,"20","Gdi2"
1.5070109594839e-104,1.03916898150879,0.55,0.367,2.87160938329657e-100,"20","Nfkbiz"
2.76431038945155e-96,0.746941362244326,0.578,0.383,5.26739344709993e-92,"20","Klf2"
1.15350449079311e-88,0.512855969478423,0.658,0.481,2.19800280720627e-84,"20","Rap1b"
5.9888961835067e-88,0.648737662537239,0.5,0.341,1.1411841677672e-83,"20","Cmtm6"
1.37440482681523e-84,0.686547287247256,0.736,0.622,2.61892839749643e-80,"20","Jund"
7.04406995721153e-78,0.834151083226076,0.558,0.397,1.34224753034666e-73,"20","Fosb"
9.2824205086591e-77,0.572727398359133,0.523,0.371,1.76876522792499e-72,"20","Plxnb2"
2.65291183284532e-70,0.675075844213041,0.507,0.364,5.05512349748675e-66,"20","Atp6ap2"
1.879951993951e-69,0.773243221923524,0.538,0.396,3.58224852447362e-65,"20","Vmp1"
1.72102211785651e-68,0.668073768370233,0.516,0.381,3.27940764557558e-64,"20","Atp6v0b"
2.18433817055556e-48,0.575821952888146,0.534,0.391,4.16225638399362e-44,"20","Hsp90aa1"
3.57763885699809e-41,0.505550441878258,0.613,0.498,6.81719084200987e-37,"20","Btg2"
2.27358885707645e-40,0.529901238917194,0.562,0.464,4.33232356715917e-36,"20","Ddx5"
0,4.00127343968935,0.869,0.087,0,"21","Gria2"
0,3.30782550242346,0.863,0.091,0,"21","Snhg11"
0,3.77152237303283,0.803,0.119,0,"21","Atp1a3"
0,3.10303891030104,0.777,0.103,0,"21","Snrpn"
0,3.71699276657497,0.729,0.055,0,"21","Tmem145"
0,3.11230708970586,0.779,0.113,0,"21","Atp1b1"
0,3.63392174958586,0.739,0.073,0,"21","Adam11"
0,3.72384313567132,0.724,0.069,0,"21","Bcan"
0,2.81624434351363,0.764,0.116,0,"21","Rap1gap"
0,3.7790547875933,0.689,0.063,0,"21","Cabp1"
0,3.50668753830368,0.641,0.056,0,"21","Ndrg4"
0,2.57498418738279,0.688,0.103,0,"21","Adgrb1"
0,1.70736967209243,0.696,0.117,0,"21","Scn8a"
0,3.64820357090387,0.648,0.071,0,"21","Gpr162"
0,3.64642298549905,0.625,0.053,0,"21","Kcnt1"
0,3.19487413867764,0.628,0.071,0,"21","Apba2"
0,3.41858203943186,0.623,0.074,0,"21","Tmem132a"
0,1.5925879311518,0.687,0.151,0,"21","Snap25"
0,4.38533884272956,0.567,0.036,0,"21","Clstn3"
0,3.2780368505375,0.588,0.06,0,"21","Adam22"
0,4.41544692142221,0.554,0.03,0,"21","Dner"
0,4.44180823592519,0.549,0.028,0,"21","Cnpy1"
0,2.19047776126895,0.638,0.121,0,"21","Syne1"
0,1.9542282416223,0.621,0.111,0,"21","Eef1a2"
0,1.64615492734062,0.671,0.162,0,"21","Ank2"
0,2.53800231516656,0.603,0.095,0,"21","Peg3"
0,2.57752703742038,0.626,0.12,0,"21","Aak1"
0,2.01898210317094,0.659,0.157,0,"21","Scn1b"
0,1.36222689113978,0.627,0.125,0,"21","Syt7"
0,2.41598926958658,0.569,0.073,0,"21","Aatk"
0,2.70102842674415,0.563,0.068,0,"21","Ank3"
0,2.93793541114744,0.562,0.072,0,"21","Ppip5k1"
0,2.96858795321533,0.562,0.072,0,"21","Rgs7bp"
0,4.18715691925356,0.523,0.037,0,"21","Kcna2"
0,3.0209777931262,0.531,0.045,0,"21","Celsr3"
0,2.15565671019263,0.586,0.1,0,"21","Kif1a"
0,2.2106083445965,0.604,0.126,0,"21","Rbfox2"
0,2.79337857037788,0.561,0.085,0,"21","Camta1"
0,2.58439833416336,0.544,0.068,0,"21","Ahi1"
0,2.65569294438173,0.57,0.094,0,"21","Rtn1"
0,4.23960564069219,0.5,0.025,0,"21","Elmod1"
0,3.09373495520394,0.539,0.065,0,"21","Efr3b"
0,2.82231594492633,0.541,0.07,0,"21","Stxbp1"
0,3.43883659237203,0.513,0.042,0,"21","Slc6a17"
0,2.56151599535319,0.559,0.092,0,"21","Klc2"
0,3.36947928600278,0.503,0.036,0,"21","Celf3"
0,3.22556116751534,0.526,0.059,0,"21","Nlgn2"
0,2.90810192430475,0.535,0.07,0,"21","Podxl2"
0,2.97068237986995,0.526,0.063,0,"21","Trim9"
0,3.6493695807446,0.503,0.042,0,"21","Nsg1"
0,3.09120910540661,0.515,0.054,0,"21","Cntnap1"
0,2.1111882136348,0.556,0.096,0,"21","Eno2"
0,2.06816145064858,0.864,0.405,0,"21","Pabpn1"
0,2.90359187462208,0.512,0.057,0,"21","Brsk2"
0,2.80148032058607,0.519,0.065,0,"21","Gria4"
0,2.45880097670519,0.534,0.081,0,"21","Dennd6b"
0,2.16017295892594,0.538,0.086,0,"21","Srcin1"
0,3.37588569990383,0.535,0.085,0,"21","Sema4g"
0,3.37175709362793,0.502,0.053,0,"21","Syt13"
0,2.23920925654867,0.524,0.085,0,"21","Cnksr2"
0,2.09209116323852,0.621,0.194,0,"21","Dctn1"
0,2.56277932888443,0.505,0.083,0,"21","Epb41l3"
0,1.95928265339675,0.583,0.162,0,"21","Cyfip2"
0,2.63707112940555,0.547,0.127,0,"21","Nav1"
0,2.41971046499032,0.517,0.097,0,"21","Adgrl1"
0,1.20787002343317,0.654,0.234,0,"21","Luc7l3"
0,1.28486586858367,0.727,0.315,0,"21","Pnisr"
0,2.43719752228131,0.5,0.095,0,"21","Mical3"
0,2.75680199059112,0.506,0.103,0,"21","Rnpc3"
0,2.18014744222986,0.584,0.181,0,"21","Baiap2"
0,1.91624953525131,0.571,0.17,0,"21","Psip1"
0,1.67928474453576,0.704,0.307,0,"21","App"
0,1.20089591344063,0.626,0.234,0,"21","Sptan1"
0,2.31259289426336,0.593,0.204,0,"21","Ttc14"
0,1.71508971972388,0.503,0.131,0,"21","Agap3"
0,1.94896099278517,0.565,0.194,0,"21","Gramd1b"
0,1.88098360950373,0.508,0.144,0,"21","Mfn1"
0,1.54996058648425,0.564,0.207,0,"21","Tspyl2"
0,1.5476160865351,0.599,0.244,0,"21","Clasrp"
0,1.94222425594812,0.528,0.181,0,"21","Ralgapa1"
0,1.93350145974151,0.665,0.318,0,"21","Ogt"
0,2.02508090510287,0.52,0.176,0,"21","Sorl1"
0,1.58907761253575,0.675,0.34,0,"21","Zmynd11"
0,1.7639487217727,0.672,0.341,0,"21","Camk2d"
0,1.43670707527713,0.704,0.374,0,"21","Etnk1"
0,2.00644759636387,0.563,0.235,0,"21","Tafazzin"
0,1.86740709887279,0.527,0.201,0,"21","Kidins220"
0,1.57699254384182,0.57,0.253,0,"21","Dgkz"
0,1.46067849999188,0.542,0.227,0,"21","Abcc5"
0,1.88803104707556,0.549,0.236,0,"21","Tecr"
0,0.975336314227695,0.723,0.419,0,"21","Arglu1"
0,1.70587602768039,0.617,0.317,0,"21","Leng8"
0,1.71703633308165,0.517,0.232,0,"21","Man2a2"
0,1.71768108937929,0.504,0.228,0,"21","Zfp598"
0,1.1017649270028,0.812,0.554,0,"21","Rsrp1"
6.09173750882231e-291,1.30586209522123,0.643,0.351,1.16078058230609e-286,"21","Smarcc2"
1.08691226010155e-288,1.33546502583363,0.615,0.343,2.07111131162351e-284,"21","Akap8"
2.1356993759944e-259,1.37723741351759,0.581,0.322,4.06957516095732e-255,"21","Mycbp2"
1.68231238957452e-254,1.27182371549147,0.53,0.219,3.20564625833425e-250,"21","Prkcb"
6.96803609771764e-242,1.18223424775285,0.543,0.282,1.3277592784201e-237,"21","Ralgds"
1.57253435528582e-232,1.19139605871121,0.614,0.389,2.99646421399714e-228,"21","Clk4"
8.23047873178931e-224,1.2857263656837,0.553,0.317,1.56831772234245e-219,"21","Fubp1"
2.86762988950062e-210,1.27512970529396,0.53,0.288,5.46426875444344e-206,"21","Fam193b"
2.65343576094242e-202,1.34407620998941,0.552,0.324,5.05612184247578e-198,"21","Dync1h1"
7.42661769635323e-195,1.01044390150585,0.519,0.253,1.41514200204011e-190,"21","Pnn"
9.74411798153108e-187,1.07182275991671,0.592,0.367,1.85674168138075e-182,"21","Snrnp70"
7.82993178967204e-183,1.09962562248446,0.526,0.291,1.49199350252201e-178,"21","Rogdi"
3.00287126554318e-166,0.856820380024243,0.677,0.494,5.72197119649252e-162,"21","Macf1"
2.78654840161596e-160,1.06867166258464,0.522,0.303,5.30976797927922e-156,"21","Mgrn1"
4.51908788096598e-144,0.997911777633106,0.508,0.3,8.61112195718067e-140,"21","Dst"
3.01815755579881e-112,0.876352753229348,0.558,0.374,5.75109922257463e-108,"21","Nisch"
0,4.86818793374103,0.962,0.058,0,"22","Mrc1"
0,6.24739130997385,0.886,0.037,0,"22","Ccl7"
0,4.51094346683152,0.963,0.127,0,"22","Dab2"
0,4.86871386849282,0.809,0.039,0,"22","Pf4"
0,4.15249125855018,0.875,0.123,0,"22","Cxcl2"
0,4.1786328775419,0.861,0.145,0,"22","Ifi207"
0,4.55661440848595,0.787,0.086,0,"22","Ccl2"
0,0.986049994456387,0.947,0.261,0,"22","Apoe"
0,3.18960015111564,0.879,0.225,0,"22","Cd14"
0,3.13061351389919,0.871,0.22,0,"22","Marcksl1"
0,2.7328162679158,0.881,0.239,0,"22","Lilrb4a"
0,3.11664286270954,0.808,0.201,0,"22","Hmox1"
0,2.95060909468467,0.879,0.274,0,"22","Cd86"
0,5.07161007980647,0.617,0.014,0,"22","Cd163"
0,2.21329962047095,0.917,0.316,0,"22","Pim1"
0,4.36907472325334,0.638,0.044,0,"22","F13a1"
0,2.8344610606934,0.767,0.176,0,"22","Gas6"
0,2.62961967561238,0.693,0.115,0,"22","Ms4a7"
0,2.54377144784743,0.816,0.255,0,"22","Ets2"
0,4.67222103698886,0.577,0.019,0,"22","Cbr2"
0,2.49561267344952,0.804,0.25,0,"22","Ier3"
0,3.18634816780951,0.702,0.149,0,"22","Rgl1"
0,2.14268609901917,0.73,0.184,0,"22","Ifitm2"
0,1.88940341484282,0.805,0.266,0,"22","Pmp22"
0,2.63361146589556,0.713,0.178,0,"22","Stab1"
0,1.87208789089978,0.87,0.341,0,"22","C3ar1"
0,1.76328825011593,0.907,0.379,0,"22","Kdm6b"
0,2.52959450923738,0.749,0.222,0,"22","Spred1"
0,1.62044063817775,0.929,0.402,0,"22","Cebpb"
0,1.89014436254233,0.867,0.341,0,"22","Plekho2"
0,2.42276979722849,0.805,0.283,0,"22","Clic4"
0,3.29536084742066,0.653,0.132,0,"22","Ifi203"
0,2.09025188833046,0.838,0.317,0,"22","Ctsc"
0,2.14886346362208,0.802,0.289,0,"22","Tuba1c"
0,3.10500647332857,0.606,0.097,0,"22","C4b"
0,4.08152102836666,0.559,0.052,0,"22","Ccr1"
0,0.904939514205993,0.866,0.362,0,"22","Ctsb"
0,2.07764265217024,0.789,0.288,0,"22","Trib1"
0,2.53667519668589,0.66,0.165,0,"22","Slc9a9"
0,2.21812725889734,0.772,0.277,0,"22","Slfn2"
0,1.84820621655701,0.831,0.339,0,"22","Rel"
0,3.44846077651071,0.537,0.046,0,"22","Igfbp4"
0,2.16322697436378,0.745,0.254,0,"22","Map2k3"
0,2.20390675755485,0.755,0.265,0,"22","Adgre1"
0,2.04750911837943,0.794,0.306,0,"22","Abca1"
0,3.14057330469173,0.601,0.115,0,"22","Rab7b"
0,2.19806411553684,0.731,0.246,0,"22","Mt1"
0,2.44385311435128,0.656,0.176,0,"22","Ms4a6d"
0,2.1688414699185,0.676,0.197,0,"22","Lmna"
0,1.93752928729917,0.765,0.286,0,"22","Ninj1"
0,2.27441566485203,0.598,0.122,0,"22","Itsn1"
0,2.3336850143937,0.974,0.499,0,"22","Plek"
0,4.36521702626658,0.517,0.043,0,"22","Cd36"
0,3.47471696258951,0.588,0.118,0,"22","P2rx7"
0,3.58281368675178,0.55,0.082,0,"22","Sdc4"
0,1.31150791513578,0.76,0.292,0,"22","Cd83"
0,2.39224057504949,0.713,0.246,0,"22","Ehd4"
0,3.31581552563737,0.541,0.078,0,"22","Eps8"
0,2.84845244764234,0.574,0.111,0,"22","Fcgrt"
0,2.47671910149677,0.623,0.16,0,"22","Sh3bp5"
0,2.03904335531565,0.93,0.469,0,"22","Selenop"
0,2.61805834791563,0.643,0.182,0,"22","Tiparp"
0,2.3189715470031,0.574,0.116,0,"22","Tgfbi"
0,2.71448035847206,0.594,0.141,0,"22","Snx8"
0,1.95528313186844,0.721,0.269,0,"22","Mapk6"
0,2.25853113577972,0.696,0.247,0,"22","Nrros"
0,2.47255564040351,0.74,0.292,0,"22","Sbno2"
0,1.94892021322552,0.799,0.353,0,"22","Man1a"
0,3.74378582460714,0.518,0.073,0,"22","Srxn1"
0,2.4663271797143,0.616,0.171,0,"22","Ell2"
0,2.27399179130983,0.621,0.177,0,"22","Fosl2"
0,1.70177367889892,0.854,0.414,0,"22","Kctd12"
0,0.765391969947673,0.922,0.483,0,"22","C1qb"
0,0.788257577349195,0.904,0.467,0,"22","C1qa"
0,2.15663875197485,0.634,0.197,0,"22","Nlrp3"
0,2.06888176663467,0.714,0.277,0,"22","Adam9"
0,2.59929225346901,0.571,0.134,0,"22","Crem"
0,1.21782171621461,0.801,0.365,0,"22","Srgn"
0,1.51491699975566,0.723,0.287,0,"22","Bst2"
0,2.82038097420938,0.557,0.122,0,"22","C5ar1"
0,1.96825654174889,0.739,0.312,0,"22","Atp2b1"
0,2.09573827596458,0.609,0.186,0,"22","Plau"
0,2.5408536924105,0.631,0.211,0,"22","Jdp2"
0,2.49958661915625,0.594,0.18,0,"22","Tmbim1"
0,1.36970382577296,0.691,0.281,0,"22","Cfh"
0,1.80209929856289,0.651,0.245,0,"22","Tmem176b"
0,0.952333656975015,0.829,0.423,0,"22","Slc15a3"
0,1.58020178589615,0.883,0.478,0,"22","Rap1b"
0,1.89353280399179,0.69,0.286,0,"22","Pde4b"
0,0.773141573205887,0.831,0.429,0,"22","Grn"
0,2.02697951828354,0.598,0.196,0,"22","Trps1"
0,1.40780384726648,0.808,0.409,0,"22","Ifrd1"
0,2.0555837993136,0.628,0.232,0,"22","Tm6sf1"
0,1.76327973363546,0.606,0.213,0,"22","Cdkn1a"
0,1.98189303834419,0.72,0.329,0,"22","Slc11a1"
0,1.48263817721171,0.706,0.315,0,"22","Nfe2l2"
0,1.96865098811992,0.633,0.246,0,"22","Dot1l"
0,0.894651159967615,0.769,0.382,0,"22","Cd68"
0,1.72013329557457,0.672,0.286,0,"22","Tbxas1"
0,1.96036446613869,0.613,0.227,0,"22","Ndel1"
0,0.813523544891314,0.68,0.297,0,"22","Fcrls"
0,2.34533767600778,0.647,0.264,0,"22","Nfkb1"
0,2.67475489948342,0.514,0.133,0,"22","Gpr65"
0,1.45817384506908,0.657,0.277,0,"22","Nr4a1"
0,1.06737233908543,0.503,0.127,0,"22","Pltp"
0,2.64912290413064,0.584,0.211,0,"22","Prdx1"
0,1.33923920335156,0.766,0.393,0,"22","Vmp1"
0,1.47421193693369,0.772,0.401,0,"22","Jmjd1c"
0,1.06208891867943,0.843,0.472,0,"22","Pik3ap1"
0,2.85034439988786,0.551,0.181,0,"22","Eif4e"
0,0.743312855419216,0.67,0.301,0,"22","Cd63"
0,1.84701823601157,0.589,0.223,0,"22","Zfp703"
0,1.88782488080733,0.589,0.223,0,"22","Fnip1"
0,1.45977541279339,0.617,0.252,0,"22","Swap70"
0,1.59279645962449,0.657,0.295,0,"22","Fcgr2b"
0,1.4936456768215,0.581,0.219,0,"22","Myo5a"
0,1.21297398714948,0.772,0.412,0,"22","Sdcbp"
0,1.78061159200945,0.606,0.246,0,"22","Birc3"
0,1.51271805698968,0.639,0.281,0,"22","Bach1"
0,1.07787630923918,0.778,0.421,0,"22","Zeb2"
0,2.1906963584712,0.572,0.216,0,"22","Osbpl8"
0,1.95004070707543,0.55,0.195,0,"22","Tank"
0,1.5473053385985,0.556,0.202,0,"22","Plk2"
0,1.61438053491655,0.625,0.271,0,"22","Fnip2"
0,1.57487018949371,0.641,0.289,0,"22","Fbxw11"
0,1.07289884931795,0.887,0.535,0,"22","Gna13"
0,1.9690097707826,0.56,0.209,0,"22","Spag9"
0,2.19108843681842,0.509,0.159,0,"22","Lrp6"
0,1.30270315364975,0.745,0.395,0,"22","Fosb"
0,1.06584922581751,0.747,0.397,0,"22","Zfand5"
0,1.39502372774548,0.649,0.304,0,"22","Rasgef1b"
0,1.42042990729719,0.576,0.232,0,"22","Rab20"
0,1.80323140889644,0.593,0.25,0,"22","Myo1c"
0,1.74326109831759,0.535,0.194,0,"22","Ptger4"
0,1.98918923428145,0.541,0.201,0,"22","Rbms1"
0,2.05115647260501,0.503,0.163,0,"22","Iqgap1"
0,1.79164881525032,0.524,0.189,0,"22","Lrrc25"
0,2.02541844527795,0.509,0.174,0,"22","Zswim6"
0,1.98824190228004,0.508,0.174,0,"22","Stk40"
0,0.879927082459227,0.889,0.555,0,"22","Mcl1"
0,1.71048833649281,0.592,0.258,0,"22","Lpin2"
0,1.40891310864667,0.571,0.239,0,"22","Nfkb2"
0,1.79043802435783,0.508,0.177,0,"22","Slc11a2"
0,1.59090436184567,0.568,0.237,0,"22","Ptprj"
0,1.59871307154742,0.519,0.189,0,"22","Pid1"
0,1.48676876524518,0.502,0.176,0,"22","Zdhhc14"
0,1.8088300577874,0.547,0.222,0,"22","Dusp5"
0,1.99697707136158,0.523,0.198,0,"22","Rab3gap2"
0,1.52123816627558,0.604,0.279,0,"22","Mapkapk2"
0,2.09400712832409,0.533,0.21,0,"22","Txnrd1"
0,0.982494727574848,0.94,0.619,0,"22","Jund"
0,1.42334077965973,0.603,0.285,0,"22","Ppp2ca"
0,1.42249981191025,0.582,0.271,0,"22","Tnfrsf1a"
0,1.26143820045977,0.577,0.268,0,"22","Il1a"
0,1.71004044384384,0.553,0.247,0,"22","Midn"
0,2.15510836049188,0.504,0.203,0,"22","Kdm7a"
0,1.34411114003881,0.7,0.399,0,"22","BC005537"
0,1.47109186731389,0.577,0.277,0,"22","Arih1"
0,1.49278132371893,0.503,0.215,0,"22","Aff4"
4.25524659243278e-300,0.839219031279616,0.629,0.287,8.10837238188067e-296,"22","Cstb"
1.0606650040341e-297,1.15702054085527,0.595,0.268,2.02109716518698e-293,"22","Trf"
3.21679782513026e-296,1.35858924693737,0.589,0.286,6.12960825578571e-292,"22","Kras"
3.81467931842811e-295,1.6812015974236,0.5,0.222,7.26887144126477e-291,"22","Peds1"
1.23617119324331e-290,0.838131396989664,0.649,0.302,2.35552420872514e-286,"22","Ccl3"
6.743269197808e-284,1.29405491633793,0.541,0.228,1.28492994564231e-279,"22","Maf"
6.87521926158941e-283,1.35624922070906,0.517,0.227,1.31007303029586e-278,"22","Tnip2"
4.18645457481919e-281,1.39079619488119,0.589,0.296,7.97728919231797e-277,"22","Rtn4"
1.33904971747251e-275,1.18448138032764,0.664,0.362,2.55155923664387e-271,"22","Atp6ap2"
6.69459059524159e-270,0.989746061691411,0.555,0.248,1.27565423792329e-265,"22","Anxa5"
3.27274024359152e-267,1.38284655844511,0.528,0.238,6.23620653416364e-263,"22","Rab31"
6.14175216897814e-267,1.22162116919589,0.61,0.319,1.17031087579878e-262,"22","Spi1"
6.23768851009977e-263,1.20028736023257,0.621,0.331,1.18859154559951e-258,"22","Rnf130"
5.75540720064879e-260,0.885554995397589,0.792,0.467,1.09669284208363e-255,"22","Atp6v0c"
2.05814020586871e-259,0.964328759061004,0.72,0.415,3.92178616228283e-255,"22","Actg1"
1.58957615395053e-256,1.41302281357716,0.561,0.293,3.02893736135273e-252,"22","Itpkb"
2.71087458211809e-255,0.837622635786291,0.841,0.523,5.16557151622603e-251,"22","Tpt1"
1.83847511154276e-254,1.25134109053401,0.533,0.268,3.50321432504474e-250,"22","Azin1"
2.29425848803174e-250,1.0335473652678,0.632,0.33,4.37170954894448e-246,"22","Rab8b"
1.18708732581197e-249,0.803644308891363,0.756,0.457,2.26199489933471e-245,"22","Ccnl1"
9.15678097770899e-249,0.807840079372644,0.76,0.458,1.74482461530245e-244,"22","Skil"
5.164138280874e-245,0.656187374346987,0.857,0.546,9.84026549420541e-241,"22","Serinc3"
5.17882923443167e-243,1.347068697869,0.564,0.278,9.86825910620954e-239,"22","Snx2"
3.68439727578095e-241,0.835348430444198,0.625,0.327,7.02061900900061e-237,"22","Nfkbib"
4.10772410737856e-238,1.14459094366594,0.597,0.321,7.82726828660984e-234,"22","Cltc"
3.48810522764243e-237,0.898088239914019,0.656,0.364,6.64658451127264e-233,"22","Dusp1"
1.38531016408444e-235,0.988854251105286,0.66,0.376,2.6397085176629e-231,"22","Ptbp3"
6.55291025833171e-235,1.27759597189283,0.565,0.282,1.24865704972511e-230,"22","Ralgds"
6.37614028349294e-233,0.940692969734346,0.623,0.329,1.21497353101958e-228,"22","Rnase4"
7.88299645730142e-233,0.748948401299046,0.735,0.41,1.50210497493879e-228,"22","Fcer1g"
1.45306142451708e-232,1.14193485217836,0.591,0.313,2.7688085444173e-228,"22","Il10rb"
3.01220032176739e-231,0.85328569528263,0.696,0.416,5.73974771312776e-227,"22","Cd53"
1.11460289176384e-229,0.640551567256913,0.742,0.427,2.123875810256e-225,"22","Id2"
3.82121073599811e-224,1.04873535985254,0.605,0.329,7.2813170574444e-220,"22","Klf6"
1.48924689116351e-223,1.03181048628252,0.598,0.341,2.83775995111206e-219,"22","Ube2f"
1.37266953355026e-220,0.837797242166468,0.736,0.454,2.61562179618001e-216,"22","Snx29"
3.82484604057797e-219,1.10487933258031,0.566,0.309,7.28824413032133e-215,"22","B4galt1"
5.57970586330464e-219,1.06246985150153,0.59,0.33,1.0632129522527e-214,"22","Tra2b"
2.97559488207083e-215,1.00901040561436,0.611,0.344,5.66999604778597e-211,"22","Lamp2"
8.64815028346324e-207,0.94232436609181,0.584,0.315,1.64790503651392e-202,"22","Ncf2"
1.72147887275988e-198,1.20190253079059,0.502,0.257,3.28027799204396e-194,"22","Vamp3"
3.57189382140033e-197,1.06676959089483,0.544,0.3,6.80624367667833e-193,"22","Tgfb1"
2.56327064806158e-196,1.09801966899831,0.539,0.283,4.88431221988133e-192,"22","Rab7"
1.70214775291191e-190,0.854956640695134,0.565,0.309,3.24344254317365e-186,"22","Scpep1"
1.20671989090091e-186,1.13075386795946,0.52,0.264,2.29940475211167e-182,"22","Snx3"
1.1168660207731e-185,0.968561660671993,0.584,0.341,2.12818820258315e-181,"22","Rab1a"
1.1603994378364e-183,1.03982535481563,0.548,0.314,2.21114112879726e-179,"22","Rela"
4.47112337608427e-183,1.04024654483653,0.615,0.367,8.51972559312858e-179,"22","Nfkbiz"
5.76165069172176e-181,1.1185223830272,0.655,0.416,1.09788253930758e-176,"22","Wnk1"
5.41317605574757e-179,0.556880793770913,0.797,0.503,1.0314806974227e-174,"22","Ucp2"
8.09623481981217e-178,0.907631542098555,0.533,0.277,1.54273754491521e-173,"22","Dhrs3"
7.11967442500126e-175,1.13941813072189,0.527,0.299,1.35665396168399e-170,"22","Ascc3"
2.34740793115582e-173,1.07573119067656,0.534,0.301,4.47298581281741e-169,"22","Tut7"
5.67679617223584e-171,1.01180988920997,0.553,0.323,1.08171351061954e-166,"22","Ddx3y"
4.7763848341403e-168,0.716416758934328,0.691,0.43,9.10140130145434e-164,"22","Cyfip1"
8.23543569108589e-165,0.818269086233002,0.62,0.377,1.56926227093642e-160,"22","Arap1"
1.37858042991751e-164,0.801279789311233,0.684,0.462,2.62688500920781e-160,"22","Ddx5"
3.95412099959939e-162,0.782234816169415,0.587,0.348,7.53457756473663e-158,"22","Syk"
1.58294982607146e-158,0.500701674066415,0.846,0.581,3.01631089357916e-154,"22","Ubc"
1.9615499845596e-157,1.03037880759673,0.5,0.282,3.73773349557831e-153,"22","Dnajc13"
1.2962429118818e-156,0.604209908402596,0.622,0.373,2.46999086859076e-152,"22","Zc3h12a"
7.8645537962299e-156,0.688953447345987,0.611,0.375,1.49859072587161e-151,"22","Irf5"
4.37858174784246e-151,0.924733362034967,0.546,0.333,8.3433875205138e-147,"22","Atp1b3"
2.85093914517463e-150,0.991011441204418,0.503,0.298,5.43246454113026e-146,"22","Abi1"
4.02629149651752e-148,0.659765682762981,0.601,0.342,7.67209844661412e-144,"22","Lamp1"
3.82206390874451e-145,0.788467723210835,0.632,0.411,7.28294277811267e-141,"22","Eif1"
3.00151903356737e-130,0.696854726364086,0.505,0.299,5.71939451846262e-126,"22","Dusp3"
7.81144437263448e-128,0.737498153941669,0.556,0.346,1.4884707252055e-123,"22","Snx18"
4.11381543594356e-117,0.666931493338293,0.533,0.329,7.83887531319046e-113,"22","Atp1a1"
6.05892383809498e-112,0.632115808594572,0.705,0.504,1.154527937349e-107,"22","Clta"
6.944258295551e-111,0.668054799072495,0.507,0.302,1.32322841821724e-106,"22","Alox5ap"
8.88864479203838e-111,0.511601916884447,0.587,0.375,1.69373126512291e-106,"22","Efhd2"
4.05557843266282e-105,0.622591282929865,0.505,0.307,7.727904703439e-101,"22","Gpx1"
5.00239811008481e-103,0.531123091998581,0.54,0.333,9.5320695987666e-99,"22","Akr1a1"
8.98136938664687e-101,0.586686520159568,0.513,0.335,1.71139993662556e-96,"22","Irak2"
2.01833836234626e-97,0.612995069782797,0.534,0.338,3.8459437494508e-93,"22","Gabarap"
8.83916477849135e-95,0.592517094852652,0.608,0.43,1.68430284854153e-90,"22","Wdr26"
2.73591838564457e-91,0.837465351537659,0.512,0.35,5.21329248384573e-87,"22","Hnrnph1"
5.64124630663276e-90,0.60557199600485,0.578,0.4,1.07493948372887e-85,"22","Irf2bp2"
1.40383707274347e-89,0.544440512667172,0.568,0.395,2.67501154211268e-85,"22","Bri3"
1.23211898161697e-86,0.561560712405732,0.543,0.364,2.34780271947114e-82,"22","Tcn2"
5.37454732328461e-79,0.519941451505296,0.512,0.343,1.02411999245188e-74,"22","Nckap1l"
0,7.60172181511055,0.945,0.018,0,"23","Arhgef33"
0,6.22830394957233,0.997,0.084,0,"23","Itpr1"
0,5.6529799184264,0.889,0.047,0,"23","Rgs8"
0,6.47304660820773,0.848,0.023,0,"23","Car8"
0,8.28306275762275,0.822,0.01,0,"23","Ryr1"
0,4.62158083338394,0.891,0.081,0,"23","Ank1"
0,4.15119585869525,0.93,0.123,0,"23","Syt7"
0,4.41744651781772,0.871,0.087,0,"23","Sptbn2"
0,6.48457141269567,0.827,0.047,0,"23","Pde9a"
0,8.35474336823723,0.779,0.008,0,"23","Plekhd1"
0,5.4909017182855,0.836,0.075,0,"23","Homer3"
0,7.06485915437099,0.768,0.013,0,"23","Calb1"
0,4.97570142430003,0.846,0.1,0,"23","Auts2"
0,4.5752499112596,0.821,0.085,0,"23","Kcnc3"
0,4.117512887067,0.857,0.122,0,"23","Ppp1r16b"
0,5.63606821567907,0.763,0.039,0,"23","Pcp4"
0,3.50357152041052,0.798,0.094,0,"23","Snhg11"
0,3.1955094068823,0.817,0.118,0,"23","Scn8a"
0,5.85361666712982,0.722,0.035,0,"23","Col5a1"
0,4.51110887261461,0.719,0.049,0,"23","Pcp2"
0,5.19186023465676,0.705,0.038,0,"23","Prkcg"
0,5.07118412706077,0.697,0.036,0,"23","Gng13"
0,5.20264258551186,0.698,0.042,0,"23","Clmn"
0,3.41150131405863,0.727,0.092,0,"23","Gria2"
0,3.97432764543589,0.869,0.25,0,"23","Dgkz"
0,3.3235701740682,0.85,0.233,0,"23","Sptan1"
0,2.87986783104167,0.729,0.117,0,"23","Atp1b1"
0,3.92353078438124,0.667,0.056,0,"23","Pvalb"
0,3.51796681101789,0.835,0.233,0,"23","Luc7l3"
0,5.21203270511416,0.656,0.055,0,"23","Bcar1"
0,4.97778453133456,0.638,0.037,0,"23","Psd2"
0,4.82366753598015,0.803,0.205,0,"23","Paxbp1"
0,3.94849673066939,0.741,0.145,0,"23","Septin11"
0,3.40256867715771,0.686,0.108,0,"23","Tnik"
0,2.96705515228329,0.666,0.088,0,"23","Kalrn"
0,4.31530638882168,0.664,0.09,0,"23","Nup93"
0,5.48581573326504,0.6,0.027,0,"23","Cacna2d2"
0,3.53419139748064,0.772,0.202,0,"23","Fam107b"
0,2.45232729460077,0.696,0.143,0,"23","mt-Cytb"
0,2.84475198957983,0.672,0.127,0,"23","mt-Nd2"
0,8.14544734066454,0.543,0.004,0,"23","Ppp1r17"
0,3.52404619990378,0.611,0.076,0,"23","Soga3"
0,2.58136807518455,0.659,0.132,0,"23","mt-Nd5"
0,5.01015563076381,0.555,0.031,0,"23","Grm1"
0,4.06365813648631,0.734,0.213,0,"23","Washc2"
0,3.32291726752253,0.837,0.316,0,"23","Pnisr"
0,3.84680996242221,0.64,0.137,0,"23","Csad"
0,3.80531271432553,0.67,0.174,0,"23","Zdhhc14"
0,3.55319190811418,0.554,0.065,0,"23","Insyn1"
0,4.71743546082497,0.518,0.032,0,"23","Ksr2"
0,3.18495547049448,0.556,0.072,0,"23","Dlg2"
0,3.07336313748855,0.639,0.156,0,"23","Mprip"
0,2.62962916553287,0.591,0.113,0,"23","mt-Nd1"
0,2.53362398149235,0.631,0.159,0,"23","Scn1b"
0,3.52506502800854,0.536,0.065,0,"23","Trim9"
0,3.5210312250484,0.544,0.074,0,"23","Kif3c"
0,2.65987343372767,0.77,0.302,0,"23","Dlgap4"
0,3.14098061405274,0.738,0.27,0,"23","Trio"
0,3.171225096043,0.544,0.08,0,"23","Septin5"
0,2.30323992193823,0.584,0.121,0,"23","mt-Co2"
0,3.13797415144131,0.641,0.182,0,"23","Baiap2"
0,3.15401338001238,0.539,0.095,0,"23","Rab11fip4"
0,2.73082120351159,0.689,0.252,0,"23","Pnn"
0,1.30561517471551,0.586,0.154,0,"23","Snap25"
0,3.00156684579618,0.849,0.419,0,"23","Arglu1"
0,1.96731718537627,0.533,0.108,0,"23","Aldoc"
0,3.21963471491048,0.53,0.117,0,"23","Inpp4a"
0,2.236246960456,0.535,0.125,0,"23","Kif5c"
0,2.58812999664879,0.537,0.129,0,"23","Rbfox2"
0,1.79085166185223,0.571,0.165,0,"23","Ank2"
0,2.84435076503546,0.722,0.325,0,"23","Lrrfip1"
0,3.20661591136928,0.506,0.111,0,"23","Ap1ar"
0,3.14409349445107,0.602,0.232,0,"23","Stxbp2"
5.09420184106724e-299,2.67284574995097,0.501,0.174,9.70700160815364e-295,"23","Atp2a2"
2.38743621673914e-293,2.65232782858288,0.502,0.12,4.54925971099644e-289,"23","Cdk16"
3.95845983380101e-286,1.84874104002294,0.625,0.316,7.54284521330782e-282,"23","Map7d1"
2.60211483079479e-232,1.962024902724,0.612,0.411,4.95832981007947e-228,"23","Hnrnpm"
9.59574963956756e-170,1.58226434796015,0.592,0.376,1.8284700938196e-165,"23","Etnk1"
2.38292763968348e-157,1.28587613695969,0.575,0.31,4.54066861741687e-153,"23","App"
1.48024137180152e-136,1.75799199065678,0.517,0.345,2.8205999339678e-132,"23","Usp8"
1.24033415157293e-127,1.64011196225198,0.524,0.365,2.36345672582222e-123,"23","Safb2"
1.43796857213983e-113,1.27331590672769,0.576,0.411,2.74004911421245e-109,"23","Pabpn1"
1.33664329648423e-88,1.4222696667981,0.503,0.369,2.54697380145069e-84,"23","Snrnp70"
0,2.97965639937097,0.983,0.252,0,"24","Ighm"
0,2.28518977596388,0.855,0.162,0,"24","Cytip"
0,5.0353457549407,0.707,0.02,0,"24","Ly6d"
0,1.59380021183101,0.901,0.225,0,"24","Cd74"
0,2.57159100564938,0.836,0.17,0,"24","Stk17b"
0,1.85227742159622,0.803,0.173,0,"24","H2-Aa"
0,3.25809229854243,0.65,0.029,0,"24","Igkc"
0,1.47971950165258,0.803,0.182,0,"24","H2-Ab1"
0,2.18644758359289,0.872,0.259,0,"24","Rac2"
0,3.55220358191764,0.668,0.061,0,"24","Plac8"
0,3.26413953529602,0.648,0.052,0,"24","Sell"
0,2.67350796742954,0.673,0.078,0,"24","Septin1"
0,3.16908016697948,0.607,0.028,0,"24","Cd19"
0,1.82022878247522,0.777,0.202,0,"24","Fam107b"
0,2.67838136764666,0.65,0.077,0,"24","Acap1"
0,2.56871245715108,0.654,0.083,0,"24","Tbc1d10c"
0,4.0045598570097,0.579,0.018,0,"24","Iglc3"
0,1.83823289159392,0.788,0.229,0,"24","Foxp1"
0,4.44720064722247,0.579,0.02,0,"24","Spib"
0,2.05699854837503,0.765,0.207,0,"24","Sik1"
0,3.28307487663609,0.582,0.031,0,"24","Ighd"
0,1.87793263608756,0.816,0.271,0,"24","H2-Q7"
0,1.55725238809975,0.91,0.368,0,"24","Coro1a"
0,1.13537547689113,0.901,0.365,0,"24","Srgn"
0,1.43967260469876,0.696,0.16,0,"24","H2-Eb1"
0,2.32712741646187,0.69,0.162,0,"24","Fyn"
0,1.74200411589258,0.887,0.363,0,"24","Ptprc"
0,2.31155415296166,0.645,0.123,0,"24","Ero1b"
0,2.96443054454657,0.565,0.044,0,"24","Cd79b"
0,1.51584035105397,0.882,0.365,0,"24","Arhgdib"
0,2.73201791902061,0.602,0.087,0,"24","Map4k1"
0,2.98742088885413,0.556,0.044,0,"24","Btla"
0,1.84796997524307,0.66,0.149,0,"24","Lsp1"
0,3.2040605081762,0.534,0.024,0,"24","Cd79a"
0,1.94668941671203,0.823,0.314,0,"24","Shisa5"
0,2.01638852885497,0.629,0.122,0,"24","Ly6a"
0,2.66514965980439,0.581,0.08,0,"24","Cd69"
0,2.30851627623314,0.593,0.092,0,"24","Satb1"
0,1.49737856037987,0.799,0.306,0,"24","Cd52"
0,2.03579562226381,0.652,0.161,0,"24","Ets1"
0,1.82600609593058,0.651,0.163,0,"24","Il2rg"
0,1.55331206712546,0.759,0.272,0,"24","Cd37"
0,1.34186267852895,0.755,0.269,0,"24","Psmb8"
0,1.40630372116833,0.767,0.284,0,"24","Arhgap30"
0,1.55393297976442,0.662,0.18,0,"24","Adgre5"
0,1.44429466608691,0.781,0.299,0,"24","Rack1"
0,1.51185992145383,0.658,0.177,0,"24","Tmem123"
0,2.61780858045417,0.536,0.055,0,"24","Ikzf3"
0,2.17535270599771,0.585,0.108,0,"24","Itgal"
0,1.52508979257825,0.914,0.438,0,"24","Ly6e"
0,1.97866155407478,0.601,0.127,0,"24","Sp100"
0,2.15541728643401,0.619,0.145,0,"24","Tspan13"
0,1.88565575669687,0.643,0.171,0,"24","Apobec3"
0,1.80354017871666,0.604,0.133,0,"24","Ifi203"
0,2.23673149245545,0.597,0.127,0,"24","Rabgap1l"
0,2.00194130759199,0.583,0.115,0,"24","Itga4"
0,1.8251150148411,0.604,0.136,0,"24","Grk6"
0,1.95377772603259,0.582,0.115,0,"24","Nup210"
0,1.41434801053683,0.646,0.181,0,"24","Malt1"
0,1.46770979841506,0.689,0.225,0,"24","Samhd1"
0,1.25611147628983,0.806,0.346,0,"24","Syk"
0,1.26756464502746,0.723,0.263,0,"24","Hnrnpa1"
0,2.68540943350339,0.512,0.056,0,"24","H2-Ob"
0,2.1321628103428,0.551,0.096,0,"24","H2-Oa"
0,1.40284516079216,0.702,0.252,0,"24","Sh3bgrl3"
0,1.55886317940558,0.673,0.224,0,"24","Cd47"
0,2.11090792154136,0.588,0.14,0,"24","Abhd17b"
0,0.996495410001603,0.608,0.163,0,"24","Cyfip2"
0,1.46263029873948,0.672,0.228,0,"24","Emp3"
0,2.38059554035105,0.522,0.078,0,"24","Gimap4"
0,1.91852784054283,0.572,0.128,0,"24","B4galnt1"
0,2.1786800035178,0.604,0.162,0,"24","Smc6"
0,1.31447030657383,0.662,0.221,0,"24","Dusp5"
0,2.85031872159049,0.538,0.099,0,"24","Sema4b"
0,1.22490371069416,0.666,0.228,0,"24","Tap1"
0,1.43130043020833,0.686,0.248,0,"24","Sec11c"
0,2.45896152498025,0.519,0.084,0,"24","Gimap6"
0,1.27838110454333,0.575,0.14,0,"24","Ablim1"
0,1.09630150867057,0.77,0.336,0,"24","Ptk2b"
0,1.26489717968262,0.747,0.315,0,"24","Macroh2a1"
0,2.35324911153454,0.503,0.072,0,"24","Itgb7"
0,1.62819839578974,0.587,0.156,0,"24","Tmsb10"
0,1.04102304732055,0.737,0.309,0,"24","H3f3a"
0,1.32606481629747,0.743,0.315,0,"24","Mbnl1"
0,1.57370553233457,0.619,0.191,0,"24","Akap13"
0,1.25100152466451,0.708,0.281,0,"24","Il21r"
0,2.3546489354064,0.598,0.171,0,"24","Slc44a2"
0,1.2197935492917,0.693,0.266,0,"24","Btf3"
0,2.03717333191821,0.525,0.099,0,"24","Foxo1"
0,1.87025315472363,0.558,0.132,0,"24","Plekha2"
0,1.59321211772406,0.947,0.522,0,"24","Tpt1"
0,2.161930673805,0.525,0.102,0,"24","Runx3"
0,1.22636484212631,0.68,0.258,0,"24","Ptpn18"
0,0.809388726122082,0.607,0.188,0,"24","S100a11"
0,1.34661654462927,0.635,0.218,0,"24","Map3k1"
0,1.25683816883391,0.687,0.271,0,"24","Naca"
0,1.23240425372106,0.711,0.298,0,"24","Ifnar1"
0,2.83028101832962,0.547,0.135,0,"24","Tex2"
0,1.09250538304605,0.705,0.293,0,"24","Eef1b2"
0,1.34075687156023,0.609,0.198,0,"24","Cdkn1b"
0,0.925557542348493,0.585,0.176,0,"24","Sorl1"
0,1.30647622334784,0.658,0.25,0,"24","Pik3cd"
0,1.82182153662442,0.543,0.135,0,"24","Crem"
0,0.963283361121669,0.725,0.318,0,"24","Ogt"
0,1.12770373425966,0.625,0.22,0,"24","Slc38a1"
0,0.861617655944114,0.688,0.283,0,"24","Atp5e"
0,1.52180973847464,0.566,0.161,0,"24","Psmb9"
0,1.28758161358256,0.652,0.248,0,"24","Dock2"
0,0.999173821530933,0.834,0.431,0,"24","B2m"
0,1.10115088534928,0.701,0.298,0,"24","Ppia"
0,1.72103723566283,0.535,0.134,0,"24","Cxcr4"
0,2.02235445744923,0.525,0.124,0,"24","Adpgk"
0,1.60378664041894,0.584,0.183,0,"24","Elf1"
0,1.30725125910707,0.611,0.211,0,"24","Bhlhe40"
0,1.15615689271559,0.602,0.204,0,"24","Fxyd5"
0,1.83979315727252,0.521,0.125,0,"24","Cblb"
0,1.28521644785717,0.596,0.201,0,"24","Cnot6l"
0,1.309160546956,0.659,0.265,0,"24","Dbnl"
0,1.02805340361582,0.665,0.271,0,"24","Mbd2"
0,1.28073897599528,0.677,0.284,0,"24","Uvrag"
0,1.21564677758341,0.589,0.196,0,"24","Eef1g"
0,1.13954206823842,0.667,0.276,0,"24","Ikzf1"
0,1.33485113373957,0.557,0.168,0,"24","Nop10"
0,1.45856698276327,0.635,0.248,0,"24","Vps37b"
0,1.37864683772614,0.587,0.2,0,"24","Ago2"
0,1.24588846379378,0.579,0.192,0,"24","Diaph1"
0,1.22463112187565,0.601,0.216,0,"24","Rassf5"
0,1.29432191215642,0.661,0.276,0,"24","Ptpn6"
0,1.10629341519439,0.631,0.247,0,"24","Ppp2r5a"
0,1.65169255827603,0.519,0.135,0,"24","Zdhhc18"
0,1.20232878762015,0.595,0.211,0,"24","H2-DMa"
0,0.970542164241308,0.648,0.266,0,"24","Tap2"
0,1.32926684205849,0.57,0.19,0,"24","Supt4a"
0,1.16055166226832,0.609,0.23,0,"24","Psme1"
0,0.840692756749645,0.573,0.194,0,"24","Epsti1"
0,1.11119390802052,0.656,0.278,0,"24","Lrp10"
0,1.44092812298879,0.542,0.165,0,"24","Nop53"
0,1.31508206603022,0.578,0.201,0,"24","Eif3h"
0,1.30717939341807,0.554,0.178,0,"24","Cyth1"
0,1.38984950807322,0.543,0.167,0,"24","Smim14"
0,0.990043808097749,0.711,0.335,0,"24","Map1lc3b"
0,1.00220616498782,0.62,0.246,0,"24","Sri"
0,1.61687318718175,0.507,0.134,0,"24","Sp140"
0,0.880689111946398,0.674,0.302,0,"24","Dock10"
0,1.03727875348508,0.677,0.306,0,"24","Btg1"
0,1.12190483974826,0.636,0.265,0,"24","Bcl2l11"
0,1.44394490552374,0.533,0.163,0,"24","Iqgap1"
0,1.25643997528367,0.578,0.209,0,"24","Smchd1"
0,0.92296903753579,0.613,0.246,0,"24","Birc3"
0,1.1426245370019,0.564,0.198,0,"24","Stk24"
0,0.974166019664842,0.608,0.244,0,"24","Baz1a"
0,1.22580377073635,0.517,0.154,0,"24","Zbtb10"
0,2.18699816037592,0.698,0.336,0,"24","Irf8"
0,1.04458574465281,0.573,0.212,0,"24","Arid4b"
0,0.97989618855336,0.625,0.265,0,"24","Rock1"
0,1.05385513156853,0.575,0.216,0,"24","Cep120"
0,1.15724027085416,0.555,0.197,0,"24","Jpt1"
0,0.969894856783631,0.572,0.214,0,"24","Jak2"
0,1.37448868087442,0.632,0.275,0,"24","Cd82"
0,1.13362798763216,0.547,0.192,0,"24","Tpm4"
0,0.946248141347202,0.606,0.252,0,"24","Mknk2"
0,1.40921435349122,0.593,0.239,0,"24","Syngr2"
0,1.32427255659628,0.527,0.174,0,"24","Zc3hav1"
0,2.05070332752261,0.505,0.152,0,"24","Dap"
0,1.2728066258877,0.548,0.196,0,"24","Fau"
0,1.66000602424132,0.521,0.17,0,"24","H13"
0,1.16969036607825,0.56,0.21,0,"24","Ubl5"
0,1.02552218725911,0.595,0.245,0,"24","Tax1bp1"
0,0.990913257323098,0.591,0.241,0,"24","H2-K1"
0,1.07561984076501,0.547,0.199,0,"24","Sf3b6"
0,1.02742428827758,0.527,0.181,0,"24","Esyt1"
0,0.91282963231358,0.58,0.234,0,"24","Rab8a"
0,1.12828535205707,0.53,0.186,0,"24","Rcc2"
0,1.11732862489159,0.543,0.199,0,"24","Csk"
0,1.01995545310961,0.574,0.23,0,"24","Tle3"
0,1.19306295860857,0.967,0.623,0,"24","Eef1a1"
0,0.884025823259053,0.55,0.207,0,"24","Ndufb11"
0,2.58920972302609,0.632,0.289,0,"24","Bst2"
0,1.14977294219604,0.525,0.182,0,"24","Dnajb1"
0,1.24739555636432,0.5,0.16,0,"24","Abracl"
0,1.05362388137662,0.604,0.264,0,"24","Stat3"
0,1.33248832713983,0.5,0.161,0,"24","Aff1"
0,1.14344876667009,0.524,0.186,0,"24","Myl12b"
0,1.18524981080928,0.545,0.209,0,"24","Rnf138"
0,1.04994453255042,0.511,0.182,0,"24","Csnk1g3"
0,1.13422130016282,0.52,0.193,0,"24","Pdcd10"
0,1.10820204907043,0.512,0.188,0,"24","Hvcn1"
0,1.02469376672847,0.511,0.187,0,"24","Tma7"
0,1.09141796258139,0.5,0.177,0,"24","Eml4"
0,1.5530246992793,0.6,0.278,0,"24","Xbp1"
0,1.25925034198191,0.521,0.2,0,"24","Rap1a"
0,0.754980091437046,0.965,0.644,0,"24","Tmsb4x"
0,1.08368481447018,0.513,0.195,0,"24","Cd48"
5.72016806462118e-308,1.0388917507994,0.531,0.215,1.08997802471357e-303,"24","Cdc42se1"
4.52610184013694e-303,0.95658278494833,0.6,0.255,8.62448705638094e-299,"24","Nsd3"
6.90676043863402e-303,1.08085692466358,0.57,0.24,1.31608320158171e-298,"24","Snx5"
1.10514537417456e-302,0.935775780853183,0.599,0.262,2.10585451048963e-298,"24","Xrn2"
2.78032733681559e-302,0.85157674383333,0.573,0.224,5.2979137403021e-298,"24","Tomm7"
5.21308767717598e-302,0.848876343398497,0.756,0.367,9.93353856885882e-298,"24","Lcp1"
1.01221006738669e-301,1.01503447142104,0.508,0.196,1.92876628340534e-297,"24","Mef2d"
7.94829883708474e-300,0.91698624045491,0.659,0.3,1.5145483434065e-295,"24","Gm2a"
1.13824957790694e-299,0.860341713513573,0.567,0.222,2.16893457070168e-295,"24","Ybx1"
1.92287058112821e-299,1.0110188543218,0.554,0.223,3.6640298923398e-295,"24","Use1"
1.73413394766153e-298,0.849821712285763,0.572,0.242,3.30439223726905e-294,"24","Cwc15"
5.86532183064898e-297,0.963000644528949,0.613,0.279,1.11763707483016e-292,"24","Nxf1"
3.32939148413228e-295,1.04687109779357,0.59,0.261,6.34415547301407e-291,"24","Tram1"
2.55111045504416e-287,0.813362095051356,0.735,0.361,4.86114097208664e-283,"24","Hcls1"
7.47602952973659e-287,0.950557204267822,0.521,0.209,1.42455742689131e-282,"24","Nup153"
1.98595448862838e-286,0.801830050052451,0.542,0.23,3.78423627808138e-282,"24","Plcg2"
2.09748072448034e-286,0.855351835155703,0.799,0.415,3.99674952049729e-282,"24","Cd53"
1.69638370084767e-285,0.956744093539898,0.533,0.223,3.23245914196524e-281,"24","Oser1"
4.21243849478306e-283,0.974198206801416,0.587,0.255,8.02680155180912e-279,"24","Grb2"
1.95564196500365e-282,0.59904449917725,0.52,0.223,3.72647576431445e-278,"24","Txn1"
5.46611202222568e-282,0.929660054266179,0.502,0.203,1.0415676458351e-277,"24","Was"
7.13371737884501e-281,0.743054523456773,0.564,0.236,1.35932984653892e-276,"24","Pmaip1"
6.03553988440303e-280,0.850193902350366,0.691,0.318,1.150072124973e-275,"24","Rnf4"
6.74952625065011e-278,0.872651332991745,0.81,0.463,1.28612222706138e-273,"24","Arhgef1"
2.20620654265828e-277,0.909938896502776,0.6,0.259,4.20392656703535e-273,"24","Arpc2"
1.81193294443988e-276,0.879771287069148,0.603,0.271,3.45263822563018e-272,"24","Mta2"
2.02417496493789e-276,0.971225611273059,0.514,0.214,3.85706539568915e-272,"24","Clint1"
2.15406203392736e-276,0.840940671330365,0.567,0.245,4.10456520564859e-272,"24","Rbbp6"
7.24112569950586e-275,0.857338543326632,0.516,0.208,1.37979650204084e-270,"24","Irf2"
1.19900694427396e-274,0.815305744309309,0.729,0.371,2.28470773231402e-270,"24","Zfp36l2"
1.20101948809456e-274,0.918255051685351,0.633,0.306,2.28854263456418e-270,"24","Gpx1"
1.53508787553484e-274,0.794223367313972,0.771,0.394,2.92510994683163e-270,"24","Sema4d"
1.17403653188988e-273,0.839093052064413,0.575,0.244,2.23712661151616e-269,"24","Cct2"
3.03558346498909e-273,0.763805336975798,0.62,0.274,5.78430429253671e-269,"24","Sod1"
6.82189030299148e-273,0.822389198871808,0.746,0.397,1.29991119723503e-268,"24","Fyb"
1.37177392883894e-272,0.916625979604387,0.525,0.216,2.6139152214026e-268,"24","Cdv3"
1.07262240880541e-271,0.65869183966623,0.675,0.32,2.0438819999787e-267,"24","Pim1"
2.11306415125317e-271,0.897367975396333,0.519,0.213,4.02644374021292e-267,"24","Smdt1"
8.32844937594521e-271,0.822994223381497,0.548,0.231,1.58698602858636e-266,"24","Mlxip"
3.33055783646982e-269,0.998679357697054,0.738,0.399,6.34637795739324e-265,"24","Irf2bp2"
8.72232125087326e-269,1.08390136756105,0.517,0.218,1.6620383143539e-264,"24","Slc15a4"
2.45437359405744e-268,0.933928237859598,0.592,0.255,4.67680888347646e-264,"24","Actr3"
1.48062767976409e-266,0.749870479249242,0.729,0.36,2.82133604379047e-262,"24","Syf2"
2.50755836551694e-266,0.769796844629667,0.596,0.261,4.77815246549252e-262,"24","Dazap1"
7.0279601137128e-265,0.806877090499304,0.757,0.406,1.33917779966797e-260,"24","Arhgap45"
1.30836180518497e-264,0.761558835575328,0.572,0.249,2.49308341977997e-260,"24","Dhx9"
2.86782551741356e-264,0.776961312051562,0.665,0.322,5.46464152343153e-260,"24","Ddx3y"
7.27520489134583e-262,0.74026448281098,0.502,0.203,1.38629029204595e-257,"24","Vbp1"
1.41844432592875e-261,0.821839163707042,0.584,0.256,2.70284566305724e-257,"24","Irs2"
5.0049571252739e-261,0.837839399955617,0.722,0.359,9.53694580220942e-257,"24","Tapbp"
1.89349247804447e-260,0.761241162121472,0.641,0.3,3.60804991691373e-256,"24","Med13"
1.33695200457405e-259,0.723588938540602,0.685,0.32,2.54756204471586e-255,"24","Prrc2c"
1.00190091771626e-257,0.697614183244913,0.532,0.222,1.90912219870834e-253,"24","Dennd4a"
4.91729531831554e-257,0.774573018972155,0.647,0.308,9.36990622905027e-253,"24","Ddx6"
1.18174335049454e-255,0.650300435524944,0.558,0.239,2.25181195436734e-251,"24","Nfkb2"
3.92834861009189e-255,0.913471447898278,0.574,0.269,7.48546827653011e-251,"24","Cd164"
5.64836268231789e-254,0.785182111721264,0.621,0.292,1.07629550911567e-249,"24","Usp25"
3.66134964239795e-253,0.778605049137217,0.68,0.322,6.97670174358929e-249,"24","Cox7a2l"
7.50400992107708e-253,0.758945242736928,0.678,0.317,1.42988909046124e-248,"24","Nono"
1.48472211573954e-252,0.799541192296998,0.615,0.278,2.8291379915417e-248,"24","Snx2"
8.44417311437756e-252,0.612118046144211,0.529,0.209,1.60903718694464e-247,"24","Srebf2"
5.00785569904438e-251,0.816912499334713,0.604,0.287,9.54246903452907e-247,"24","Arl6ip5"
6.12118000562413e-251,0.784079221777387,0.501,0.217,1.16639085007168e-246,"24","Trmt112"
1.73748643082465e-249,0.548599861767539,0.571,0.254,3.31078039393637e-245,"24","Dnaja1"
2.62661480841026e-249,0.6655726135754,0.766,0.393,5.00501451742576e-245,"24","Srsf7"
6.92516195232038e-249,0.801843588273816,0.547,0.239,1.31958961001465e-244,"24","Tmem234"
8.74599670388382e-248,0.740986788250374,0.617,0.292,1.66654967192506e-243,"24","Jak1"
8.84247483610769e-247,0.822465804187379,0.58,0.264,1.68493358002032e-242,"24","Dhx15"
2.51001191419263e-246,0.640101530937736,0.539,0.245,4.78282770249406e-242,"24","Rasal3"
4.39025114462348e-246,0.801052963410569,0.503,0.22,8.36562355608005e-242,"24","Atl3"
5.40795537052923e-246,0.728875989838905,0.503,0.219,1.03048589585434e-241,"24","Wipf1"
9.44283793469253e-246,0.737578583337232,0.812,0.434,1.79933276845566e-241,"24","Cfl1"
4.02588263302318e-245,0.728556861757184,0.516,0.208,7.67131935722566e-241,"24","Eif3g"
2.8399324079644e-244,0.793072873577472,0.705,0.358,5.41149120337617e-240,"24","Gnas"
3.55704813258629e-244,0.756338403635032,0.584,0.267,6.77795521664318e-240,"24","Crlf3"
1.60780017230312e-243,0.787277456848295,0.549,0.242,3.06366322832359e-239,"24","Chmp1b"
8.08678176999992e-243,0.790990841535192,0.538,0.238,1.54093626627348e-238,"24","Spty2d1"
8.93877173816622e-243,0.814578524369833,0.525,0.233,1.70328295470757e-238,"24","Psma3"
1.33104011183065e-241,0.645226261310886,0.611,0.278,2.53629693309331e-237,"24","Ndufa2"
1.01204665137237e-240,0.754022506371668,0.509,0.223,1.92845489419004e-236,"24","Dcaf7"
4.39573540795488e-240,0.528516936004838,0.602,0.275,8.37607381985803e-236,"24","Ndufa3"
5.2343532062315e-240,1.04201417053981,0.522,0.249,9.97406003447413e-236,"24","Ifnar2"
6.78633020664735e-240,0.728933308102107,0.885,0.567,1.29313522087665e-235,"24","Clk1"
1.26292792179345e-239,0.99337741805121,0.639,0.314,2.40650915497742e-235,"24","Limd2"
2.21549165648566e-238,0.717835498658523,0.586,0.271,4.22161935143342e-234,"24","Cul3"
2.7837028354649e-237,0.740938484627174,0.633,0.306,5.30434575297837e-233,"24","Ubxn4"
4.37875328495742e-236,0.766534775352071,0.507,0.221,8.34371438448636e-232,"24","Rbm42"
5.18441263004914e-235,0.669836146886578,0.662,0.327,9.87889826655863e-231,"24","Srrm2"
5.69412688569837e-234,0.737570827362251,0.541,0.249,1.08501587806982e-229,"24","Zfp36l1"
3.77176474097466e-233,0.75568798164042,0.5,0.217,7.18709771392722e-229,"24","Far1"
2.57635137025777e-232,0.754248973874326,0.586,0.284,4.90923753602618e-228,"24","Dnajb6"
3.06321452025111e-232,0.548390529762417,0.68,0.342,5.83695526833849e-228,"24","Rel"
6.63472178311763e-232,0.701108483216088,0.544,0.243,1.26424623577306e-227,"24","Dek"
1.38959759518973e-231,0.675838890543459,0.723,0.376,2.64787821763402e-227,"24","Ptbp3"
2.36491109596283e-231,0.715676783788781,0.636,0.31,4.50633809335717e-227,"24","Cggbp1"
2.00484448833081e-230,0.765354360137717,0.501,0.219,3.82023117251435e-226,"24","Pnrc2"
4.05037329027593e-230,0.671192876353522,0.589,0.273,7.71798630462079e-226,"24","Otulin"
7.54032661084201e-229,0.80860088257725,0.537,0.251,1.43680923569595e-224,"24","Bzw1"
3.61401528960927e-228,0.699815009252556,0.548,0.244,6.88650613435047e-224,"24","Rab21"
7.46284337479995e-228,0.676398150696603,0.868,0.521,1.42204480506813e-223,"24","Pnrc1"
9.67899761998883e-228,0.66476968572278,0.662,0.325,1.84433299648887e-223,"24","Hnrnpl"
1.54229530830476e-226,0.670804086849745,0.513,0.235,2.93884370997472e-222,"24","Cmtm7"
1.65823911290104e-226,0.791895231687734,0.529,0.238,3.15977462963292e-222,"24","Nipbl"
1.03516999540396e-225,0.590619407375564,0.63,0.307,1.97251642624225e-221,"24","Vasp"
1.08962600999189e-225,0.681701548695267,0.609,0.299,2.07628236203955e-221,"24","Ascc3"
1.69255963988494e-225,0.781482274806618,0.606,0.288,3.22517239380075e-221,"24","Pde4b"
2.03082956322526e-225,0.673846178491402,0.544,0.249,3.86974573272573e-221,"24","Mier1"
1.59804455515749e-224,0.683911181489218,0.847,0.507,3.04507389985259e-220,"24","Rbm39"
3.03493318947274e-224,0.70540799189286,0.698,0.361,5.78306519254031e-220,"24","Capzb"
2.36502544755257e-223,0.723705995338603,0.529,0.242,4.50655599031143e-219,"24","Ak2"
4.90555057663496e-221,0.668772177090196,0.855,0.499,9.34752662377791e-217,"24","Msn"
4.94340801542887e-221,0.666871411634683,0.584,0.279,9.41966397339971e-217,"24","Gnai3"
1.17595886357402e-220,0.756619053153806,0.531,0.247,2.2407896145403e-216,"24","Poldip3"
2.23566204691689e-220,0.669055207643723,0.567,0.269,4.26005403040013e-216,"24","Grcc10"
2.52748470084429e-220,0.677693366935815,0.659,0.33,4.8161220974588e-216,"24","Tra2b"
3.61098667807835e-220,0.837450007196413,0.688,0.363,6.88073511507829e-216,"24","Gdi2"
9.05382087971922e-220,0.680201876867436,0.832,0.488,1.7252055686305e-215,"24","Sf3b1"
1.40574462294382e-219,0.693275173632364,0.597,0.282,2.67864637901946e-215,"24","Eif4a2"
2.46559509411371e-219,1.01735480147217,0.553,0.282,4.69819145183368e-215,"24","Dnajc13"
1.20312212739138e-218,0.645392008848515,0.503,0.224,2.29254921374428e-214,"24","Gpsm3"
1.4967205006497e-218,0.661452277345899,0.627,0.303,2.852000913988e-214,"24","Fli1"
7.21955419348315e-218,0.612673302337833,0.506,0.226,1.37568605156821e-213,"24","Cbfb"
1.14799397067227e-217,0.747119358016202,0.532,0.239,2.187502511116e-213,"24","Akna"
1.47532657828513e-217,0.708391540170705,0.584,0.286,2.81123479492232e-213,"24","Kras"
7.41973211554329e-216,0.696952261089032,0.501,0.225,1.41382995461677e-211,"24","Tomm20"
1.94475111251306e-215,0.605916613378975,0.527,0.247,3.70572324489364e-211,"24","Zc3h7a"
4.19266371617922e-215,0.64171912680249,0.729,0.393,7.98912071117951e-211,"24","Ube2b"
4.60798198807482e-212,0.561013753142426,0.578,0.28,8.78050967827658e-208,"24","Slfn2"
8.27701505814428e-212,0.68305804220015,0.622,0.312,1.57718521932939e-207,"24","Pak2"
6.3089935112074e-211,0.741661019749118,0.735,0.41,1.20217871356057e-206,"24","Eif1"
9.06257517001229e-211,0.552816686339419,0.683,0.343,1.72687369864584e-206,"24","Ncl"
2.95162087190483e-210,0.683284517993556,0.528,0.249,5.62431357141465e-206,"24","Ppp6r1"
4.45008453800926e-210,0.501973968992917,0.634,0.303,8.47963608717664e-206,"24","Fis1"
2.14871437282674e-209,0.702035197917744,0.581,0.285,4.09437523742134e-205,"24","Ppp2ca"
3.42943861940667e-209,0.70214661438918,0.513,0.245,6.53479528927941e-205,"24","Nup98"
6.12031955663201e-209,0.722106588950833,0.657,0.333,1.16622689151623e-204,"24","Pten"
3.39421182434059e-208,0.661894375756543,0.873,0.542,6.467670631281e-204,"24","Srsf5"
7.02948682513519e-207,0.676343186816033,0.786,0.445,1.33946871452951e-202,"24","Brd4"
4.20585011862603e-206,0.627650996398801,0.583,0.283,8.01424740104189e-202,"24","Dusp11"
1.53878791367168e-205,0.622228266122594,0.537,0.251,2.93216036950139e-201,"24","Myo1c"
4.11753826381508e-205,0.600918082971477,0.573,0.263,7.84596916169963e-201,"24","Paip2"
2.50861207588032e-204,0.581387880529011,0.648,0.321,4.78016031058995e-200,"24","Hnrnpd"
5.03107430914249e-203,0.644544165836316,0.61,0.304,9.58671209607101e-199,"24","Tatdn2"
2.56333590804333e-202,0.528036227155473,0.592,0.279,4.88443657277657e-198,"24","Prpf8"
1.47606749389092e-201,0.565234200438444,0.853,0.503,2.81264660960915e-197,"24","Ucp2"
6.43536706940649e-201,0.641107751904896,0.731,0.404,1.22625919507541e-196,"24","Hnrnpa2b1"
1.44768568922284e-199,0.605389544347805,0.599,0.305,2.75856508081412e-195,"24","Psenen"
4.12576183588261e-198,0.550122217377725,0.514,0.229,7.86163917827431e-194,"24","Srsf10"
5.8209761245501e-198,0.675439193217427,0.532,0.259,1.10918700053302e-193,"24","Tbl1xr1"
1.33416739423648e-197,0.52925475426371,0.516,0.243,2.54225596971761e-193,"24","Zfp207"
8.27482997797551e-197,0.554958343487379,0.56,0.274,1.57676885230323e-192,"24","Rab4b"
9.14013695483242e-195,0.652665281194433,0.566,0.278,1.74165309674332e-190,"24","Slc25a3"
4.00449803729264e-193,0.591287782473263,0.505,0.228,7.63057101006113e-189,"24","Rbm14"
4.63527650318512e-193,0.597100421652491,0.512,0.24,8.83251937681924e-189,"24","Raly"
1.46484887044856e-192,0.683592442231801,0.562,0.284,2.79126952263974e-188,"24","Ptpn1"
2.41436240701551e-192,0.574328052160098,0.538,0.263,4.60056756656805e-188,"24","Csde1"
1.31420985306074e-190,0.527773092376539,0.62,0.319,2.50422687500723e-186,"24","Lsm14a"
2.20600190490489e-189,0.614452426776945,0.525,0.261,4.20353662979626e-185,"24","Mia2"
1.02948289242082e-187,0.587281122826198,0.518,0.245,1.96167965150788e-183,"24","Hsp90ab1"
1.21828780692032e-186,0.602289617906094,0.536,0.271,2.32144741608666e-182,"24","Arcn1"
6.04289070495551e-185,0.598407512135591,0.542,0.278,1.15147282382927e-180,"24","Mob1a"
3.43312867543993e-184,0.582389012371122,0.785,0.462,6.54182669105078e-180,"24","Ddx5"
6.33489221778522e-183,0.538200546895838,0.646,0.34,1.20711371209897e-178,"24","Fam168b"
1.23668318147272e-181,0.917202916187403,0.539,0.302,2.35649980229626e-177,"24","Alox5ap"
2.15640662738813e-181,1.05394599088046,0.663,0.41,4.10903282848808e-177,"24","Pld4"
1.06869614713815e-179,0.557247555405568,0.524,0.243,2.03640050837175e-175,"24","Dgkd"
1.09678658457758e-179,0.615629924539281,0.654,0.349,2.08992683691257e-175,"24","Actr2"
5.45982792736701e-179,0.525852415744925,0.534,0.261,1.04037021155978e-174,"24","Cnot2"
1.06935023299286e-178,0.558814406503976,0.627,0.331,2.03764686896789e-174,"24","Ythdf3"
5.64066244428627e-178,0.598763097499865,0.573,0.293,1.07482822875875e-173,"24","Itpkb"
5.9219434552983e-178,0.509878472581942,0.571,0.297,1.12842632540709e-173,"24","Ankrd13a"
5.42615863743027e-176,0.728585858386171,0.675,0.429,1.03395452836234e-171,"24","Ctsh"
6.44256088717099e-176,0.544445862555954,0.566,0.291,1.22762997705043e-171,"24","Rbm7"
1.01062253965024e-174,0.529405924332535,0.705,0.387,1.92574124930354e-170,"24","Trir"
4.12967291483273e-174,0.560481339076431,0.558,0.279,7.86909173921376e-170,"24","Srsf2"
4.16207106330668e-174,0.558790021846992,0.505,0.254,7.93082641113088e-170,"24","Raf1"
2.44040263036783e-171,0.578023642317915,0.505,0.252,4.65018721216591e-167,"24","Tln1"
1.18469443698284e-170,0.516472783253829,0.536,0.27,2.25743524967079e-166,"24","Khdrbs1"
7.43364044290452e-169,0.520151507196092,0.626,0.337,1.41648018639546e-164,"24","Gabarap"
1.55706290599343e-167,0.555951658964151,0.505,0.249,2.96698336737048e-163,"24","Pcbp1"
2.99512006164369e-167,0.545045335320987,0.793,0.475,5.70720127746205e-163,"24","Pkn1"
8.09799161570368e-166,0.503174262794796,0.567,0.297,1.54307230237234e-161,"24","Chtop"
3.02585820253982e-165,0.525420279261053,0.515,0.257,5.76577280493963e-161,"24","Dhx38"
3.90018595610641e-165,0.508764879544679,0.513,0.253,7.43180433936077e-161,"24","Eif4b"
4.94887080274179e-162,0.527866909029182,0.529,0.268,9.43007331462448e-158,"24","Ubap2l"
2.26036658793388e-161,0.541577021001439,0.528,0.268,4.30712853330801e-157,"24","Hnrnpul1"
2.40708746786452e-161,0.510676155035593,0.946,0.596,4.58670517001584e-157,"24","Laptm5"
1.2818184960233e-156,0.517266744210937,0.641,0.362,2.4425051441724e-152,"24","Prkar1a"
5.76859447597722e-156,0.942448229276645,0.603,0.405,1.09920567739746e-151,"24","Mpeg1"
8.77997226086351e-149,0.651128358752604,0.584,0.346,1.67302371430754e-144,"24","Snx18"
2.9291066313097e-148,0.579451757795882,0.543,0.327,5.58141268596064e-144,"24","Ncf1"
3.2343810349898e-148,0.554520086780225,0.621,0.362,6.16311306217306e-144,"24","Herpud1"
7.92767572289153e-145,0.53228585508565,0.549,0.3,1.51061860899698e-140,"24","Ddost"
7.68688937301479e-143,0.509211996641542,0.764,0.471,1.46473677002797e-138,"24","Cdc42"
5.67301097851194e-135,0.559390700957626,0.521,0.279,1.08099224195545e-130,"24","Pip5k1c"
9.36579164100719e-135,0.570026392628668,0.551,0.322,1.78465159719392e-130,"24","Ifngr1"
2.42542937041628e-133,0.657462750649053,0.589,0.403,4.62165566532822e-129,"24","Psap"
3.69511161352537e-130,0.553952639025311,0.645,0.402,7.0410351795726e-126,"24","Prkcd"
0,6.64686350096335,0.928,0.032,0,"25","Cacnb3"
0,4.62264737057602,0.875,0.086,0,"25","Ccl5"
0,5.16223116095878,0.899,0.128,0,"25","Fscn1"
0,5.4912306423315,0.834,0.066,0,"25","Net1"
0,6.63890226848118,0.778,0.022,0,"25","Mmp25"
0,5.09143784491804,0.923,0.175,0,"25","Tmem123"
0,3.751136356178,0.907,0.163,0,"25","Cytip"
0,6.2149356993681,0.763,0.022,0,"25","Mreg"
0,5.48511423623572,0.785,0.044,0,"25","Serpinb9"
0,6.12811429331433,0.759,0.027,0,"25","Il4i1"
0,5.10804197917664,0.923,0.191,0,"25","Epsti1"
0,4.15378167212425,0.865,0.147,0,"25","Lsp1"
0,5.08664741495894,0.775,0.071,0,"25","Il15ra"
0,3.64031163092734,0.921,0.221,0,"25","Marcksl1"
0,4.17822017372962,0.832,0.136,0,"25","Tbc1d8"
0,4.08605050176226,0.834,0.147,0,"25","Myo1g"
0,6.41357765813028,0.69,0.021,0,"25","Ccr7"
0,7.53291058408137,0.667,0.008,0,"25","Ccl22"
0,3.53401326564417,0.858,0.211,0,"25","Jak2"
0,3.81256853303271,0.76,0.114,0,"25","Itga4"
0,4.08022244900786,0.761,0.117,0,"25","Relb"
0,4.19077841988284,0.743,0.099,0,"25","Pcgf5"
0,3.46120781188681,0.913,0.288,0,"25","Rogdi"
0,3.28392139899896,0.741,0.126,0,"25","Rabgap1l"
0,3.45136477310519,0.734,0.123,0,"25","Actn1"
0,2.85659116255733,0.743,0.139,0,"25","Mxd1"
0,3.4394991957581,0.727,0.123,0,"25","Cblb"
0,5.43796666096328,0.641,0.038,0,"25","Ly75"
0,3.51145714050147,0.84,0.237,0,"25","Syngr2"
0,3.13682765638907,0.764,0.173,0,"25","Etv3"
0,3.54104530765163,0.707,0.122,0,"25","Tamalin"
0,3.61511739428049,0.691,0.109,0,"25","Cnn2"
0,5.65300658138843,0.616,0.039,0,"25","Zmynd15"
0,4.28806182685721,0.672,0.099,0,"25","Cd80"
0,3.07732717392164,0.764,0.193,0,"25","Calm1"
0,2.97808411702832,0.804,0.234,0,"25","Pmaip1"
0,5.96186245849695,0.588,0.02,0,"25","Serpinb6b"
0,4.14762491488805,0.726,0.159,0,"25","Txndc17"
0,2.73712733541217,0.803,0.237,0,"25","Nfkb2"
0,5.58799405641837,0.575,0.014,0,"25","Strip2"
0,4.36098425557193,0.624,0.066,0,"25","Batf3"
0,3.37555580007307,0.655,0.097,0,"25","Foxp4"
0,3.40971635355609,0.611,0.056,0,"25","Sema7a"
0,2.28244290670673,0.864,0.309,0,"25","Cxcl16"
0,5.69495978502339,0.582,0.027,0,"25","Slc4a8"
0,4.04661331927706,0.643,0.091,0,"25","Cd40"
0,4.38934966714345,0.601,0.049,0,"25","Stat4"
0,2.67982899026772,0.762,0.221,0,"25","Dusp5"
0,4.07288346447497,0.67,0.137,0,"25","Gyg"
0,4.27548167301754,0.597,0.065,0,"25","Ncoa7"
0,7.31857175269389,0.536,0.005,0,"25","Nudt17"
0,2.9771946999545,0.759,0.229,0,"25","Psme1"
0,2.54725804486013,0.739,0.21,0,"25","Bhlhe40"
0,2.74995814546564,0.67,0.141,0,"25","Arl5c"
0,2.67459223296886,0.798,0.269,0,"25","Psmb8"
0,2.67500860797557,0.718,0.193,0,"25","Ptger4"
0,5.33555004176154,0.546,0.023,0,"25","Ramp3"
0,3.76009950511235,0.602,0.079,0,"25","Gpr132"
0,2.06244245518562,0.71,0.187,0,"25","S100a11"
0,3.24028282452505,0.655,0.135,0,"25","Lrrk1"
0,4.6655309350306,0.556,0.039,0,"25","Traf1"
0,2.56354420188425,0.844,0.329,0,"25","Rab8b"
0,3.08721972351344,0.65,0.137,0,"25","Plaat3"
0,2.4046137466887,0.791,0.285,0,"25","Clic4"
0,2.57916853806263,0.758,0.252,0,"25","Swap70"
0,3.73790818692678,0.675,0.173,0,"25","Uap1"
0,2.43202883307919,0.836,0.341,0,"25","Rel"
0,2.2742959936523,0.764,0.272,0,"25","H2-Q7"
0,3.47158387177258,0.595,0.104,0,"25","Samsn1"
0,2.69153259488797,0.602,0.114,0,"25","Csrp1"
0,2.38383938527431,0.854,0.366,0,"25","Anxa3"
0,3.84497800897163,0.573,0.085,0,"25","Crip1"
0,3.44344605493471,0.563,0.076,0,"25","Cyria"
0,3.88632545886012,0.548,0.062,0,"25","Poglut1"
0,2.9775161260996,0.699,0.214,0,"25","Tspo"
0,2.18979753851708,0.628,0.143,0,"25","Tuba1a"
0,4.24955948366558,0.547,0.064,0,"25","Plxnc1"
0,3.00736860941976,0.595,0.115,0,"25","Sema4a"
0,4.42053052213127,0.548,0.069,0,"25","Tmem39a"
0,2.13786599971772,0.703,0.226,0,"25","Samhd1"
0,2.38906562539373,0.705,0.228,0,"25","Tap1"
0,2.39814306413198,0.757,0.281,0,"25","Il21r"
0,2.99771414189525,0.596,0.12,0,"25","Arhgef40"
0,2.7614276768991,0.6,0.126,0,"25","Adap1"
0,4.58451041872451,0.507,0.033,0,"25","Adora2a"
0,2.57803562024485,0.671,0.199,0,"25","Tubb5"
0,3.01690971976349,0.637,0.166,0,"25","Ctnna1"
0,3.41245242332967,0.538,0.068,0,"25","Cbfa2t3"
0,3.02294595172266,0.595,0.125,0,"25","Nr4a3"
0,3.18704279470994,0.594,0.127,0,"25","Tmem131l"
0,2.08851713951109,0.87,0.406,0,"25","Bmp2k"
0,2.47965450809006,0.747,0.284,0,"25","Uvrag"
0,1.66111587707071,0.774,0.311,0,"25","Gadd45b"
0,3.4914153807882,0.56,0.098,0,"25","Map3k14"
0,2.56913065809939,0.628,0.172,0,"25","Apobec3"
0,2.25893448135165,0.677,0.224,0,"25","Cd47"
0,2.6012010811713,0.661,0.209,0,"25","Nuak2"
0,2.21574994009775,0.737,0.285,0,"25","Arhgap30"
0,2.81021402496465,0.585,0.133,0,"25","Cd274"
0,1.46536878023866,0.877,0.426,0,"25","Id2"
0,0.879357039533848,0.676,0.229,0,"25","Cd74"
0,3.00750163988051,0.511,0.064,0,"25","S100a4"
0,3.44522046869981,0.538,0.092,0,"25","Rftn1"
0,2.90454510224234,0.642,0.199,0,"25","Smarce1"
0,2.063031163707,0.664,0.224,0,"25","Spred1"
0,1.53675902207694,0.806,0.366,0,"25","Srgn"
0,2.31916949546823,0.683,0.243,0,"25","Rab21"
0,1.79091117206912,0.909,0.47,0,"25","Marcks"
0,2.12640762067192,0.669,0.231,0,"25","Ktn1"
0,2.25140919101798,0.794,0.358,0,"25","Tapbp"
0,2.70513439687417,0.597,0.161,0,"25","Psmb9"
0,3.02035539017247,0.543,0.109,0,"25","Tes"
0,2.49847391010071,0.512,0.079,0,"25","Adam11"
0,2.68686879719552,0.581,0.148,0,"25","Nlrc5"
0,2.89687516580513,0.524,0.092,0,"25","Adam8"
0,1.81345216822089,0.761,0.33,0,"25","Npc2"
0,2.13779998297987,0.674,0.246,0,"25","Tmem176b"
0,2.71790625368038,0.549,0.123,0,"25","Aebp2"
0,2.7333651831772,0.58,0.155,0,"25","Etv6"
0,1.55732071425712,0.743,0.32,0,"25","Pim1"
0,2.60837400860337,0.576,0.153,0,"25","Cers6"
0,2.6193040170399,0.578,0.156,0,"25","Ccdc88a"
0,2.66734388468887,0.584,0.165,0,"25","Tmem176a"
0,1.51791278837111,0.722,0.306,0,"25","Pfkfb3"
0,2.46793972884769,0.584,0.168,0,"25","Arl5a"
0,2.25801503957478,0.609,0.194,0,"25","Rassf2"
0,2.66417192483314,0.543,0.129,0,"25","Tspan3"
0,2.13403239115314,0.679,0.266,0,"25","Tap2"
0,2.21932307575914,0.686,0.274,0,"25","Sod1"
0,1.64646373526683,0.762,0.353,0,"25","Basp1"
0,1.92121422416582,0.715,0.306,0,"25","Trafd1"
0,2.20823877928279,0.822,0.415,0,"25","Actg1"
0,2.67458805964197,0.546,0.141,0,"25","Zfc3h1"
0,1.75160700338925,0.69,0.287,0,"25","Pde4b"
0,2.28467341307778,0.548,0.151,0,"25","Anxa4"
0,2.20834042707697,0.641,0.245,0,"25","Rcsd1"
0,2.07608067943991,0.64,0.246,0,"25","Sri"
0,2.49933463353859,0.575,0.181,0,"25","Map4k4"
0,2.99199884377883,0.51,0.119,0,"25","Pgap2"
0,1.4542224972597,0.624,0.235,0,"25","Vim"
0,1.67903243999309,0.609,0.222,0,"25","Txn1"
0,2.46417188435457,0.723,0.336,0,"25","Irf8"
0,2.26359757581727,0.519,0.135,0,"25","Clec2d"
0,2.10186373427268,0.571,0.19,0,"25","H2az1"
0,1.62715577530041,0.708,0.327,0,"25","Nfkbib"
0,2.13491622531165,0.579,0.205,0,"25","Ifi30"
0,2.26409234136655,0.563,0.189,0,"25","Lpp"
0,2.1943936179865,0.526,0.153,0,"25","Hivep1"
0,2.89356494914577,0.517,0.145,0,"25","Vwa5a"
0,2.24255091570081,0.515,0.143,0,"25","Ccdc6"
0,2.1351062236347,0.539,0.177,0,"25","Uba7"
0,2.27958507183666,0.522,0.162,0,"25","Trim35"
0,2.13391129592264,0.527,0.168,0,"25","Csf2rb"
0,1.89847611646274,0.554,0.196,0,"25","Tank"
0,2.14120467438773,0.546,0.191,0,"25","Atxn7l1"
0,2.0347880967658,0.508,0.153,0,"25","Polb"
0,1.53091077393364,0.514,0.163,0,"25","H2-Eb1"
0,2.23927606592326,0.516,0.168,0,"25","Got1"
0,2.09410357088718,0.567,0.22,0,"25","Atl3"
0,2.42769405211742,0.968,0.644,0,"25","Tmsb4x"
4.52721758251145e-299,1.95675771445469,0.544,0.214,8.62661310347558e-295,"25","Clip2"
3.03153539198863e-296,0.865252361271156,0.909,0.552,5.77659068943434e-292,"25","Cst3"
5.35471018674948e-295,1.95723376421462,0.546,0.22,1.02034002608511e-290,"25","Map3k1"
4.73842325671293e-294,1.71582776384945,0.58,0.249,9.02906551566648e-290,"25","Zfp36l1"
8.96077151664073e-290,1.70939269285394,0.608,0.248,1.70747501249589e-285,"25","Fnbp1"
3.70234940867698e-287,1.55738406587134,0.667,0.311,7.05482679823399e-283,"25","H3f3a"
2.09291032603731e-286,1.82356287313785,0.529,0.192,3.98804062626409e-282,"25","Tpm4"
2.29778466026503e-286,1.84647511321458,0.577,0.227,4.37842867013501e-282,"25","Synj1"
4.49283560744145e-283,1.40846461320094,0.75,0.433,8.56109824997969e-279,"25","B2m"
3.93447352238936e-278,1.60850276646202,0.716,0.416,7.49713929691292e-274,"25","Wnk1"
5.03205983397824e-277,1.96184922919433,0.58,0.241,9.58859001364553e-273,"25","Pik3r1"
5.71456801224806e-274,1.69829608306078,0.578,0.251,1.08891093473387e-269,"25","Myo1c"
8.31068719277747e-270,1.52734131300202,0.574,0.247,1.58360144458375e-265,"25","Birc3"
1.38459588339635e-265,1.25660281975307,0.504,0.177,2.63834745581175e-261,"25","H2-Aa"
3.99403837746085e-265,1.13973811941229,0.661,0.326,7.61064012825164e-261,"25","Ncf1"
1.85214412536077e-264,0.838016925282836,0.602,0.24,3.52926063087495e-260,"25","Icam1"
2.10680981875918e-263,1.68940246780594,0.603,0.279,4.01452610964561e-259,"25","Gnai3"
5.25803024826998e-262,1.11896699962512,0.805,0.494,1.00191766380785e-257,"25","Arrb2"
4.40787304336486e-261,1.40394575055222,0.739,0.435,8.39920208413174e-257,"25","Cfl1"
1.10886497988073e-257,1.59257853026729,0.544,0.242,2.11294221916273e-253,"25","H2-K1"
6.05779251937211e-257,1.40290618798386,0.688,0.379,1.15431236456635e-252,"25","Prex1"
5.37622147944286e-243,1.77854065317675,0.502,0.183,1.02443900290784e-238,"25","Malt1"
2.53588136663969e-241,1.71442216194834,0.514,0.192,4.83212194413194e-237,"25","Epb41"
1.70660458859581e-219,1.21614223596059,0.711,0.409,3.25193504356931e-215,"25","Snd1"
9.8910722821154e-205,1.64362103360778,0.524,0.244,1.88474382335709e-200,"25","Vcp"
1.66276979435312e-203,1.4518877741066,0.552,0.265,3.16840784313987e-199,"25","Stat3"
7.93208581517747e-202,1.09667127131557,0.549,0.218,1.51145895208207e-197,"25","Mllt6"
4.48129150117562e-195,1.50518099083936,0.52,0.246,8.53910095549015e-191,"25","Myh9"
4.54258965749987e-191,1.39503278114115,0.583,0.309,8.655904592366e-187,"25","Scpep1"
8.62177139281683e-183,1.33872314478377,0.581,0.31,1.64287853890125e-178,"25","Ddx6"
9.78425540186617e-181,1.28405445176712,0.558,0.272,1.8643898668256e-176,"25","Mbd2"
2.38151649748197e-180,1.13298575475932,0.739,0.497,4.53797968595189e-176,"25","Itm2c"
1.461241573004e-179,1.15765013056649,0.599,0.329,2.78439581735913e-175,"25","Klf6"
1.6362015701949e-167,1.58719691671411,0.534,0.28,3.11778209200639e-163,"25","Nxf1"
1.21767967666445e-166,1.30923747545328,0.503,0.205,2.32028862388412e-162,"25","Map4"
9.82260857378247e-163,1.46986799633719,0.51,0.246,1.87169806373425e-158,"25","Nup98"
5.92273744588091e-161,1.1973678107314,0.567,0.307,1.12857762031261e-156,"25","Btg1"
1.34024970313962e-158,1.00280686774563,0.711,0.472,2.55384580933254e-154,"25","Cdc42"
9.85789763272273e-154,0.891140938110011,0.701,0.429,1.87842239391532e-149,"25","Ctsh"
2.51759118778962e-153,1.06409217271712,0.556,0.293,4.79727000833312e-149,"25","Tuba1c"
2.70314912483942e-153,0.967035934311615,0.531,0.249,5.15085065738151e-149,"25","Anxa5"
6.92720832739288e-143,0.789648974594834,0.638,0.375,1.31997954678471e-138,"25","Irf5"
2.0087289331527e-139,0.780918186220059,0.563,0.303,3.82763298212247e-135,"25","Cd63"
6.7775808333405e-137,0.648232179536754,0.61,0.342,1.29146802779303e-132,"25","Rgs1"
9.34262668990954e-136,1.22463767812921,0.519,0.269,1.78023751576226e-131,"25","Btf3"
7.11903995802606e-132,1.17027747208167,0.545,0.298,1.35653306400187e-127,"25","Ptms"
3.9512594954211e-129,1.05974036326116,0.593,0.368,7.52912496852491e-125,"25","Zfand3"
2.84877690243218e-128,1.05033574245427,0.54,0.285,5.42834438758453e-124,"25","Atp5e"
3.9992712262858e-122,1.1332679107444,0.521,0.291,7.6206113216876e-118,"25","Fbxw11"
7.97351433868719e-121,1.01366657197453,0.56,0.304,1.51935315723684e-116,"25","Fis1"
1.94087699781754e-118,0.960728365852882,0.602,0.38,3.69834111934131e-114,"25","Vamp8"
4.37565429927283e-114,0.694202680869281,0.533,0.296,8.33780926726438e-110,"25","Sbno2"
6.71114137660318e-111,0.76241712460191,0.524,0.297,1.27880798931174e-106,"25","Nfkbia"
7.8373055474996e-111,1.09255313704556,0.5,0.294,1.49339857207605e-106,"25","Lrch4"
4.92541029953221e-104,0.6767276495729,0.726,0.523,9.38536932575863e-100,"25","Pnrc1"
4.22079017033597e-100,0.909191445455214,0.508,0.276,8.04271566957519e-96,"25","Ndufa3"
2.14260372023737e-97,0.858899406162923,0.549,0.349,4.0827313889123e-93,"25","Syk"
1.52465741663035e-95,0.943642762542786,0.578,0.37,2.90523470738914e-91,"25","Lcp1"
1.14744913670989e-94,0.809749008452576,0.641,0.452,2.18646433000069e-90,"25","Gnai2"
2.10323293402313e-87,0.946574363921866,0.543,0.338,4.00771035578107e-83,"25","Gabarap"
2.56792129150842e-83,0.618721583855466,0.607,0.391,4.8931740209693e-79,"25","Arpc1b"
9.31070360051278e-82,0.546443764697593,0.589,0.362,1.77415457107771e-77,"25","Herpud1"
2.64207802166432e-80,0.605560240562387,0.614,0.418,5.03447967028137e-76,"25","Edem1"
4.27508101142743e-77,0.806064621199133,0.539,0.343,8.14616686727496e-73,"25","M6pr"
4.65424897685867e-73,0.847453383453556,0.503,0.329,8.86867142540419e-69,"25","Srrm2"
2.18715647170462e-72,0.74791335353808,0.515,0.328,4.16762665683316e-68,"25","Ppp1r12a"
3.53946873171479e-72,0.588757473817563,0.582,0.377,6.74445766828254e-68,"25","Etnk1"
1.32832038589453e-71,0.791527039252236,0.556,0.375,2.53111449532203e-67,"25","Rgs10"
5.42683088336156e-71,0.701097790677245,0.523,0.304,1.03408262482455e-66,"25","Ccni"
3.11408170667629e-70,0.782759538714109,0.504,0.3,5.93388269207168e-66,"25","Ppia"
2.12578048172526e-68,0.899690918323614,0.5,0.305,4.05067470792748e-64,"25","Dock10"
5.76520222284284e-68,0.76946919436906,0.509,0.319,1.0985592835627e-63,"25","Nono"
6.28755287816779e-66,0.690745441935013,0.578,0.395,1.19809320093487e-61,"25","Srsf7"
4.61173368142815e-65,0.747886172851954,0.532,0.363,8.78765852996135e-61,"25","Capzb"
3.47152875072759e-62,0.6420519264556,0.577,0.401,6.61499803451142e-58,"25","BC005537"
8.32681011768415e-62,0.571659980809911,0.677,0.505,1.58667366792472e-57,"25","Clta"
1.13999976226051e-58,0.636036094850754,0.5,0.319,2.17226954698739e-54,"25","Macroh2a1"
3.54593882352748e-53,0.692800017090599,0.529,0.367,6.75678642823161e-49,"25","Fxr1"
0,8.81864167962523,0.871,0.01,0,"26","Vtn"
0,8.40951821275021,0.848,0.011,0,"26","Notch3"
0,4.97092972321241,0.839,0.042,0,"26","Igfbp7"
0,5.51138835952427,0.839,0.047,0,"26","Dock6"
0,4.31174907356915,0.914,0.127,0,"26","Atp1a2"
0,9.01606621175594,0.787,0.008,0,"26","Atp13a5"
0,8.17759159736033,0.784,0.012,0,"26","Pdgfrb"
0,4.76495792213032,0.828,0.072,0,"26","Col4a1"
0,5.10169746765115,0.767,0.055,0,"26","Cald1"
0,6.62837310093141,0.706,0.013,0,"26","Rgs5"
0,5.60333164859944,0.717,0.028,0,"26","Nbl1"
0,8.94837989874844,0.694,0.008,0,"26","Abcc9"
0,2.4834962075658,0.811,0.133,0,"26","Atp1b2"
0,6.67799086221282,0.67,0.01,0,"26","Slc6a20a"
0,9.31827333259109,0.661,0.003,0,"26","Higd1b"
0,6.06131709269155,0.669,0.02,0,"26","Nid1"
0,2.81930399482913,0.734,0.094,0,"26","Septin4"
0,8.717272616992,0.641,0.004,0,"26","Ano1"
0,6.45557441849849,0.648,0.023,0,"26","Pth1r"
0,7.75252597651081,0.615,0.011,0,"26","Gper1"
0,4.58715967873265,0.648,0.047,0,"26","Dmd"
0,5.90337284502719,0.618,0.021,0,"26","Mcam"
0,4.56859535805389,0.665,0.07,0,"26","Myo1b"
0,3.80950036161721,0.671,0.079,0,"26","Col4a2"
0,2.213705480028,0.734,0.149,0,"26","Sparcl1"
0,5.28982149854067,0.609,0.032,0,"26","Itga1"
0,3.88615270830702,0.626,0.05,0,"26","Mfge8"
0,6.80207135071804,0.589,0.014,0,"26","Sod3"
0,5.9297742640329,0.608,0.039,0,"26","Slc19a1"
0,8.67948932454021,0.571,0.003,0,"26","Tbx2"
0,6.5667794547994,0.587,0.025,0,"26","Cspg4"
0,4.42930168809055,0.625,0.071,0,"26","Lamc1"
0,6.32458203062134,0.571,0.018,0,"26","Mylk"
0,3.77530637902431,0.587,0.035,0,"26","Esam"
0,8.37828784991978,0.554,0.004,0,"26","Art3"
0,2.33359523698904,0.714,0.172,0,"26","Septin8"
0,5.00912132679107,0.564,0.025,0,"26","Gucy1a1"
0,8.29466562103504,0.54,0.003,0,"26","Enpep"
0,5.55849635559131,0.549,0.017,0,"26","Rgs4"
0,6.25380715924972,0.538,0.012,0,"26","Il34"
0,4.7336115835409,0.548,0.028,0,"26","Plce1"
0,3.71844011912295,0.607,0.088,0,"26","Fry"
0,5.27228777932264,0.548,0.029,0,"26","Tns2"
0,5.39670635989347,0.537,0.019,0,"26","Gucy1b1"
0,3.38711407541437,0.607,0.099,0,"26","Vcl"
0,3.23415270329617,0.709,0.202,0,"26","Notch1"
0,7.42160091783842,0.51,0.006,0,"26","Heyl"
0,5.60413340486569,0.516,0.018,0,"26","Lama2"
0,3.57726768753069,0.578,0.084,0,"26","Ptn"
0,3.32978221755031,0.597,0.109,0,"26","Dtx3"
0,4.44152662992755,0.507,0.033,0,"26","Arhgef17"
0,3.42880844621692,0.519,0.047,0,"26","Epas1"
0,3.54812841100936,0.512,0.043,0,"26","Car4"
0,2.91764181656627,0.56,0.103,0,"26","Agrn"
0,3.78419938494365,0.506,0.063,0,"26","Tnks1bp1"
0,3.04901435676598,0.516,0.09,0,"26","Utrn"
0,2.29248601645077,0.571,0.149,0,"26","Septin11"
0,3.53311226697657,0.521,0.109,0,"26","Rbpms"
0,2.98237874705452,0.567,0.175,0,"26","Pitpnc1"
0,3.03121273541998,0.539,0.178,0,"26","Pald1"
9.85329612097679e-300,2.47742128130236,0.608,0.158,1.87754557585213e-295,"26","Mprip"
1.71119730864807e-256,1.86692144800828,0.625,0.24,3.26068647162891e-252,"26","Axl"
3.9145044081705e-239,1.58072332376779,0.621,0.18,7.45908814976889e-235,"26","Sptbn1"
2.13713657882514e-223,1.90026782045968,0.636,0.313,4.07231375095131e-219,"26","Adap2"
2.90985786279212e-142,2.04079198824312,0.529,0.248,5.54473415755039e-138,"26","Sdc3"
1.84612619860431e-140,1.81422540675922,0.605,0.335,3.51779347144051e-136,"26","Pten"
3.37610181783213e-138,0.707542019043348,0.795,0.428,6.43316201387912e-134,"26","Sparc"
7.13965926625859e-72,0.890980074489625,0.583,0.311,1.36046207318557e-67,"26","App"
2.69186383405579e-61,1.25273364268048,0.516,0.322,5.12934653579331e-57,"26","Ogt"
7.98635114596091e-40,0.933422282375081,0.504,0.365,1.52179921086285e-35,"26","Lrp1"
5.38093455271038e-31,0.615056071714279,0.574,0.423,1.02533707901896e-26,"26","Arglu1"
0,11.5146170167645,0.821,0.001,0,"27","Tmem212"
0,7.77209595640399,0.817,0.009,0,"27","Foxj1"
0,11.4652164920151,0.795,0,0,"27","Ccdc153"
0,6.63392446633046,0.795,0.021,0,"27","Cfap100"
0,3.3920457738829,0.877,0.118,0,"27","Clu"
0,4.02913846858773,0.837,0.114,0,"27","Mt3"
0,9.3366753811302,0.724,0.003,0,"27","Ttc21a"
0,9.17531597093209,0.714,0.003,0,"27","Cfap65"
0,4.84331782427599,0.76,0.05,0,"27","Ccdc30"
0,9.62677743760309,0.708,0.002,0,"27","Mapk15"
0,3.10251657261993,0.828,0.128,0,"27","Pltp"
0,7.91506498944899,0.697,0.005,0,"27","Spag16"
0,9.59353240219544,0.687,0.002,0,"27","Ak7"
0,6.44309244747169,0.659,0.012,0,"27","Odad1"
0,5.37024272813887,0.68,0.034,0,"27","Ubxn11"
0,8.06597947094507,0.642,0.005,0,"27","Ccdc162"
0,4.80343203326563,0.67,0.036,0,"27","Ttll3"
0,4.13126508192953,0.69,0.058,0,"27","Crocc"
0,3.38731177973216,0.758,0.128,0,"27","Mt2"
0,8.69145050182287,0.633,0.004,0,"27","Cfap54"
0,7.96994242019056,0.634,0.005,0,"27","Cfap44"
0,3.92552676787166,0.68,0.052,0,"27","Id4"
0,3.81670258504521,0.715,0.09,0,"27","Cd24a"
0,5.79988138874673,0.644,0.02,0,"27","Cfap69"
0,4.68602522770505,0.667,0.05,0,"27","Tppp3"
0,4.7105903321366,0.646,0.036,0,"27","Tm4sf1"
0,6.34230560761051,0.622,0.013,0,"27","Adamts20"
0,8.41516391805366,0.604,0.003,0,"27","T2"
0,8.37778028424958,0.594,0.004,0,"27","Dnah6"
0,9.2109732905975,0.589,0.001,0,"27","Lrrc43"
0,3.65684607334545,0.643,0.063,0,"27","Dnal1"
0,8.0232883960968,0.584,0.004,0,"27","Togaram2"
0,3.92183086481092,0.648,0.069,0,"27","Nrbp2"
0,8.05260070214699,0.58,0.003,0,"27","Ccdc146"
0,9.04663861902487,0.574,0.001,0,"27","Cfap299"
0,6.04077852362551,0.585,0.012,0,"27","Rsph10b"
0,5.87353019548056,0.602,0.035,0,"27","Endog"
0,11.1582442561149,0.567,0,0,"27","Lrrc36"
0,2.94098255646725,0.691,0.126,0,"27","Syne1"
0,7.80015244472911,0.571,0.007,0,"27","Rarres2"
0,5.48783752337264,0.579,0.02,0,"27","Aebp1"
0,8.01569438250704,0.554,0.003,0,"27","Cfap46"
0,7.74752049611751,0.55,0.003,0,"27","Wdr66"
0,3.1509481864782,0.691,0.145,0,"27","Tuba1a"
0,8.93237399806566,0.54,0.001,0,"27","Rgs22"
0,6.31638419327298,0.546,0.009,0,"27","Dnah11"
0,4.09189308513033,0.601,0.067,0,"27","Chchd10"
0,2.7192238399419,0.78,0.249,0,"27","Mt1"
0,4.72426005689159,0.568,0.037,0,"27","Fhl1"
0,10.4979806271687,0.527,0.001,0,"27","Cdhr4"
0,3.66425035741632,0.614,0.092,0,"27","Cnn3"
0,9.04904334815081,0.521,0.002,0,"27","Rsph4a"
0,4.55075396458895,0.554,0.047,0,"27","Dbi"
0,3.97443556202832,0.591,0.091,0,"27","Tubb4b"
0,2.96241867215274,0.561,0.065,0,"27","Kndc1"
0,3.47935133758882,0.554,0.062,0,"27","Ccn1"
0,1.30619331457736,0.627,0.135,0,"27","Atp1b2"
0,4.57499917764858,0.525,0.035,0,"27","Sox9"
0,5.11424318761895,0.501,0.016,0,"27","Dnai4"
0,4.10262925630534,0.533,0.06,0,"27","Arvcf"
0,4.64598924292217,0.516,0.047,0,"27","Dnaaf3"
0,2.60587147057904,0.647,0.181,0,"27","Gas6"
0,3.61116956594007,0.551,0.088,0,"27","Ift22"
0,2.84384496119981,0.511,0.109,0,"27","Hspa4l"
1.30363860311997e-294,2.80455152308717,0.542,0.097,2.48408335824511e-290,"27","Pygb"
4.40949589753833e-283,2.31148369568721,0.551,0.148,8.4022944327593e-279,"27","Lrrc45"
5.19889125067426e-247,2.25368144938093,0.547,0.127,9.9064872781598e-243,"27","Slc2a1"
3.61719212267704e-218,1.22541645326658,0.558,0.151,6.89255958976111e-214,"27","Sparcl1"
3.31964416086569e-209,2.13162438275723,0.599,0.223,6.32558194852957e-205,"27","Slc38a1"
4.51462895007472e-209,1.6747582369148,0.509,0.131,8.60262546436738e-205,"27","Phldb1"
4.38473221754795e-192,2.23621097863403,0.549,0.186,8.35510724053763e-188,"27","Lsm14b"
1.03670639896676e-191,1.89697248781169,0.778,0.498,1.97544404323117e-187,"27","Itm2c"
1.20331817741987e-186,2.03176030390786,0.66,0.33,2.29292278707357e-182,"27","Atp1a1"
7.54542725858331e-148,2.02712110254249,0.524,0.175,1.43778116412305e-143,"27","Atp2a2"
2.81728945270967e-141,1.48617295002594,0.623,0.238,5.36834505213827e-137,"27","Sptan1"
8.84070131389325e-126,1.73735323794387,0.562,0.25,1.68459563536236e-121,"27","Anxa5"
6.73191146943118e-125,1.47487232384506,0.7,0.496,1.28276573050011e-120,"27","Macf1"
8.3294883045726e-117,1.63256856174374,0.577,0.295,1.58718399643631e-112,"27","Itpkb"
4.46941802892274e-97,1.45808826899856,0.6,0.372,8.51647605411228e-93,"27","Plxnb2"
2.13982322571385e-65,0.557246317889412,0.657,0.391,4.07743315659775e-61,"27","Hsp90aa1"
3.00370341972545e-61,1.29412122039979,0.524,0.321,5.72355686628685e-57,"27","Leng8"
4.88964038289922e-48,1.02907886309993,0.506,0.302,9.31720974961446e-44,"27","Dst"
4.36351352743295e-36,0.552151542945796,0.604,0.423,8.31467502652348e-32,"27","Arglu1"
3.96915636307211e-15,0.66679307387749,0.501,0.408,7.56322744983391e-11,"27","Hnrnpa2b1"
3.97643687778386e-11,0.71504436731114,0.579,0.52,7.57710047061715e-07,"27","Per1"
5.56297166927268e-11,0.567135485246224,0.544,0.466,1.06002425157991e-06,"27","Ski"
0,12.1568535112283,0.995,0.01,0,"28","Ttr"
0,9.47732543739812,0.988,0.019,0,"28","Enpp2"
0,7.17730297588586,0.922,0.026,0,"28","Igfbp2"
0,6.10519991886652,0.861,0.049,0,"28","Col9a3"
0,3.64391826063286,0.925,0.118,0,"28","Clu"
0,5.06051954927356,0.827,0.034,0,"28","Vat1l"
0,3.32237754937516,0.904,0.119,0,"28","Atp1b1"
0,9.40743645138267,0.751,0.002,0,"28","Mfrp"
0,7.43334203411156,0.733,0.01,0,"28","Ace"
0,8.64388117198177,0.72,0.005,0,"28","Ecrg4"
0,10.867879942904,0.715,0.001,0,"28","Tmem72"
0,10.4727440360945,0.71,0.001,0,"28","Kcnj13"
0,5.20784847899308,0.763,0.055,0,"28","Slc22a17"
0,7.52650111036275,0.699,0.004,0,"28","Clic6"
0,5.38527169715822,0.735,0.05,0,"28","Trpv4"
0,5.70366976483871,0.771,0.089,0,"28","Slc4a2"
0,11.1532119225886,0.678,0.001,0,"28","Kl"
0,2.09339953881856,0.702,0.029,0,"28","Ptgds"
0,5.14180936721848,0.691,0.028,0,"28","Ppp1r1b"
0,3.92643595940929,0.69,0.034,0,"28","Igf2"
0,6.93468612968203,0.646,0.004,0,"28","Slc13a4"
0,5.14992783290467,0.673,0.032,0,"28","Stk39"
0,5.77745324738241,0.641,0.022,0,"28","Col8a2"
0,6.63055585162776,0.619,0.008,0,"28","Epn3"
0,3.2172099915039,0.72,0.114,0,"28","Abhd2"
0,3.7283353213802,0.657,0.058,0,"28","Ahcyl2"
0,5.42459744749338,0.597,0.011,0,"28","Foxj1"
0,3.85460732625527,0.65,0.066,0,"28","Chchd10"
0,9.52645311142014,0.585,0.001,0,"28","Folr1"
0,7.0445228038458,0.59,0.012,0,"28","Car12"
0,4.64081468263437,0.597,0.031,0,"28","Pcolce"
0,2.26841033622827,0.679,0.115,0,"28","Mt3"
0,10.4408394056058,0.553,0,0,"28","Slc4a5"
0,6.80972731432171,0.561,0.01,0,"28","F5"
0,4.75793863939028,0.584,0.035,0,"28","Sh3d19"
0,4.44750648901904,0.585,0.041,0,"28","Psd2"
0,5.66650277154901,0.556,0.013,0,"28","Odad1"
0,4.25055546560371,0.579,0.037,0,"28","Car14"
0,4.494336925619,0.569,0.031,0,"28","Cgnl1"
0,2.54224265415702,0.601,0.064,0,"28","Car2"
0,7.17120231636065,0.533,0.004,0,"28","Otx2"
0,3.98723348910027,0.55,0.027,0,"28","Slc4a10"
0,8.64139652885748,0.523,0.001,0,"28","Aqp1"
0,4.64285860852797,0.532,0.02,0,"28","Cfap69"
0,2.92509456555674,0.692,0.18,0,"28","Gas6"
0,5.15154828161274,0.523,0.018,0,"28","Bmp6"
0,7.45719631804779,0.504,0.003,0,"28","Col8a1"
0,4.31559679498012,0.525,0.027,0,"28","Hspb8"
0,5.11334288391225,0.514,0.016,0,"28","Strip2"
0,4.20901655617155,0.527,0.031,0,"28","Fhad1"
0,4.89557221529422,0.504,0.016,0,"28","Atp2b3"
0,3.14900885289843,0.531,0.05,0,"28","Dock6"
0,3.23324624049252,0.654,0.178,0,"28","Tbc1d9"
0,3.51205141472018,0.549,0.073,0,"28","Ltbp3"
0,2.1460188039737,0.784,0.31,0,"28","App"
0,2.8899196242633,0.536,0.063,0,"28","Slc38a3"
0,3.22644633346971,0.549,0.08,0,"28","Tmem132a"
0,3.65529297053931,0.504,0.036,0,"28","Itgb8"
0,3.61390011425275,0.528,0.064,0,"28","Acad8"
0,2.97749320067796,0.509,0.047,0,"28","Clmn"
0,1.8279863113602,0.559,0.099,0,"28","Id3"
0,2.36223875543166,0.617,0.165,0,"28","Rab3ip"
0,2.7150570487389,0.529,0.091,0,"28","Cuedc1"
0,2.78893465129269,0.528,0.116,0,"28","Slc12a2"
0,2.75109051052062,0.561,0.151,0,"28","Wls"
4.94587539783144e-308,2.75718586079144,0.503,0.091,9.42436557056781e-304,"28","Tubb4b"
1.42112960305565e-307,2.63505480818641,0.528,0.129,2.70796245862254e-303,"28","Ifi27"
2.41447767074912e-302,2.86533544172488,0.619,0.202,4.60078720161244e-298,"28","Slc23a2"
1.26998996542061e-295,1.06479266196772,0.605,0.143,2.41996587910898e-291,"28","Gpm6a"
4.46239141750595e-292,1.17528559504908,0.55,0.093,8.50308684605758e-288,"28","Itpr1"
1.9795693188866e-289,0.947629284792886,0.557,0.13,3.77206933713841e-285,"28","Pltp"
2.22631264296803e-289,2.42761168540633,0.72,0.33,4.24223874117558e-285,"28","Atp1a1"
6.54117508633223e-276,2.0470793927245,0.64,0.214,1.24642091270061e-271,"28","Aldh2"
2.61580677059011e-265,2.3176734690583,0.566,0.131,4.98441980135945e-261,"28","Tspan3"
8.62628311544728e-264,1.78072287325106,0.541,0.154,1.64373824764848e-259,"28","Pfkp"
9.29192220403079e-263,2.51929560988154,0.51,0.104,1.77057577597807e-258,"28","Idh3a"
1.0549197389461e-262,2.18415983887212,0.559,0.093,2.0101495625618e-258,"28","Bsg"
6.11970805476201e-256,2.01658091086035,0.524,0.133,1.1661103698349e-251,"28","Tusc3"
9.14003834636509e-230,0.888754678479439,0.512,0.136,1.74163430689987e-225,"28","Dab2"
1.7884656743004e-204,2.17104801908432,0.561,0.187,3.40792134237941e-200,"28","Tob1"
8.65565282480343e-193,1.91480232048977,0.547,0.172,1.64933464576629e-188,"28","Itpk1"
2.84371552722991e-179,2.15443050474844,0.543,0.181,5.41869993713659e-175,"28","Ldhb"
2.0558866737648e-178,1.77666828742833,0.5,0.154,3.91749205685883e-174,"28","Msi2"
1.72035422181374e-154,1.56444162942914,0.504,0.123,3.27813496966608e-150,"28","Chd3"
1.03782258210381e-147,1.85782438652344,0.533,0.197,1.9775709301988e-143,"28","Ogdh"
6.65666701743837e-141,1.42698696889849,0.714,0.436,1.26842790017288e-136,"28","Hsp90b1"
1.72540525211316e-137,1.42016616190061,0.508,0.184,3.28775970790163e-133,"28","H2bc4"
1.91105304758717e-127,1.38012941815524,0.556,0.229,3.64151158217735e-123,"28","Gtf2i"
1.60880843952825e-120,1.45436854448856,0.538,0.215,3.06558448152108e-116,"28","Atp5b"
2.80387474286124e-115,1.9547637034252,0.535,0.281,5.3427833225221e-111,"28","Lrp10"
4.08805966397883e-107,1.59122147312907,0.592,0.372,7.78979768971166e-103,"28","Plxnb2"
1.00038858626882e-104,1.5560927213844,0.515,0.243,1.90624045113523e-100,"28","Pdia4"
4.58210615393131e-102,1.15089672202748,0.524,0.24,8.73120327631611e-98,"28","Hdgfl2"
3.24937872372202e-92,1.22819527827026,0.636,0.411,6.19169115805232e-88,"28","Pabpn1"
2.84907227353181e-88,1.33041647976238,0.604,0.369,5.42890721721487e-84,"28","Snrnp70"
2.90904015830054e-82,1.12943161007168,0.611,0.365,5.54317602164168e-78,"28","Atp6ap2"
6.44057159812582e-81,1.0624584987191,0.597,0.364,1.22725091802287e-76,"28","Tcn2"
1.99341879675903e-75,0.975764685493176,0.707,0.557,3.79845951722433e-71,"28","Rsrp1"
3.14886102273553e-64,0.714917588214678,0.529,0.239,6.00015467882255e-60,"28","Sptan1"
3.64130543573191e-57,0.898169934709141,0.555,0.346,6.93850750778715e-53,"28","Nucb1"
3.77256172543706e-57,1.04684348975987,0.572,0.376,7.18861636782032e-53,"28","Nisch"
9.91886350694318e-55,0.802883498842755,0.564,0.336,1.89003944124802e-50,"28","Gde1"
7.03061451544655e-49,0.874626094336353,0.546,0.33,1.33968359591834e-44,"28","Ndfip1"
1.10105272711373e-36,0.817812621099713,0.588,0.423,2.09805597151521e-32,"28","Arglu1"
1.15773633394817e-35,0.803503400163886,0.545,0.361,2.20606658433823e-31,"28","Gnas"
3.93019035305688e-24,0.793684181612691,0.51,0.381,7.48897771774988e-20,"28","Vamp8"
0,4.26421850626267,0.914,0.055,0,"29","Trac"
0,3.45617175748855,0.897,0.065,0,"29","Itk"
0,3.98876236087011,0.883,0.056,0,"29","Lck"
0,3.68241147026061,0.872,0.094,0,"29","Thy1"
0,4.79760515791254,0.813,0.036,0,"29","Mki67"
0,3.58630402792705,0.83,0.055,0,"29","Sh2d2a"
0,3.36803126477224,0.851,0.081,0,"29","Septin1"
0,3.75715249823847,0.845,0.081,0,"29","Stmn1"
0,4.68387566148061,0.792,0.036,0,"29","Top2a"
0,3.22156453478058,0.833,0.087,0,"29","Ptpn22"
0,3.0135706883542,0.823,0.079,0,"29","Gimap4"
0,4.10625026953121,0.783,0.043,0,"29","Cd3e"
0,4.76585257887665,0.765,0.04,0,"29","H1f5"
0,3.84847866241339,0.77,0.046,0,"29","Cd3d"
0,3.70695617499037,0.775,0.064,0,"29","Ncapd2"
0,3.45598086467703,0.845,0.135,0,"29","S100a10"
0,3.95390798300274,0.747,0.046,0,"29","Zap70"
0,2.80011657851751,0.906,0.206,0,"29","Lmnb1"
0,4.57527804432566,0.734,0.038,0,"29","Cd5"
0,2.96432230992021,0.769,0.081,0,"29","Acap1"
0,3.55833228070218,0.887,0.2,0,"29","Tubb5"
0,3.12979099671885,0.802,0.117,0,"29","Nup210"
0,2.09700600915256,0.888,0.205,0,"29","Fam107b"
0,3.39414480416083,0.74,0.057,0,"29","Cd2"
0,5.14426701684201,0.72,0.04,0,"29","H2ac8"
0,4.63571706673073,0.709,0.032,0,"29","Ctla4"
0,3.39101307396182,0.72,0.047,0,"29","Il2rb"
0,3.08561811956847,0.814,0.143,0,"29","H2az2"
0,3.4274617270804,0.753,0.091,0,"29","Smc4"
0,2.60242665550084,0.824,0.163,0,"29","Ets1"
0,4.73530557710361,0.687,0.031,0,"29","Cdca3"
0,5.31985440606047,0.674,0.023,0,"29","Pclaf"
0,2.10674947232231,0.814,0.167,0,"29","Cytip"
0,2.73580732085611,0.907,0.263,0,"29","Rac2"
0,3.13168495100054,0.918,0.275,0,"29","H1f4"
0,2.72509142835237,0.794,0.157,0,"29","Tmsb10"
0,2.76464152616249,0.748,0.112,0,"29","Cnn2"
0,2.69882799629058,0.823,0.19,0,"29","H2az1"
0,3.38826257621871,0.697,0.07,0,"29","Dnajc9"
0,3.91490738887516,0.659,0.04,0,"29","Cd28"
0,3.86300500397007,0.662,0.045,0,"29","Tacc3"
0,2.6023436850287,0.682,0.067,0,"29","Gimap3"
0,2.53781856547212,0.7,0.086,0,"29","Tbc1d10c"
0,3.6064045646305,0.679,0.069,0,"29","H2ax"
0,1.92583185732061,0.831,0.223,0,"29","Txn1"
0,2.38076765580761,0.779,0.172,0,"29","Anxa6"
0,2.73793620723665,0.715,0.11,0,"29","Itgal"
0,2.32433956164093,0.768,0.165,0,"29","Il2rg"
0,3.86797054685451,0.637,0.036,0,"29","Icos"
0,2.01488121006837,0.918,0.317,0,"29","Shisa5"
0,4.27164961413165,0.632,0.034,0,"29","Cdk1"
0,4.76403152439157,0.625,0.028,0,"29","Tnfrsf4"
0,3.42050846864847,0.732,0.135,0,"29","H3c1"
0,5.11543673293698,0.617,0.023,0,"29","Ccna2"
0,4.98342363956683,0.617,0.023,0,"29","Rrm2"
0,1.79531370961784,0.782,0.19,0,"29","S100a11"
0,2.69960811194603,0.72,0.131,0,"29","Dnmt1"
0,2.63750830756604,0.713,0.124,0,"29","Prkch"
0,1.8084290660703,0.751,0.166,0,"29","Fyn"
0,2.24690363234298,0.766,0.181,0,"29","Esyt1"
0,2.6337706699376,0.698,0.115,0,"29","Lbr"
0,1.88380993361027,0.859,0.281,0,"29","Anp32a"
0,2.38284696611885,0.943,0.371,0,"29","Coro1a"
0,2.37682653459534,0.869,0.299,0,"29","Ppia"
0,2.26377012858172,0.719,0.15,0,"29","Snrpe"
0,5.33784768334872,0.587,0.018,0,"29","Nusap1"
0,1.69697706449444,0.677,0.111,0,"29","Fcho1"
0,3.83653987611054,0.603,0.039,0,"29","Spn"
0,3.05630166856693,0.621,0.057,0,"29","Ltb"
0,2.30685485767736,0.805,0.244,0,"29","Dek"
0,2.88673323856522,0.619,0.058,0,"29","Ikzf3"
0,2.70314157605987,0.664,0.106,0,"29","Anp32e"
0,2.87855008454496,0.654,0.096,0,"29","Tmpo"
0,3.09547608678772,0.62,0.065,0,"29","S100a4"
0,3.37802795912849,0.601,0.046,0,"29","Nkg7"
0,2.25471108040133,0.766,0.213,0,"29","Bhlhe40"
0,2.08114755455987,0.774,0.226,0,"29","Cbfb"
0,2.91456593242841,0.636,0.089,0,"29","D16Ertd472e"
0,4.31802230027916,0.579,0.033,0,"29","Smc2"
0,3.19849400494144,0.6,0.056,0,"29","Rnf125"
0,1.78735884074414,0.852,0.309,0,"29","Cd52"
0,5.26783086814672,0.562,0.022,0,"29","H2ac24"
0,4.42581869965619,0.567,0.027,0,"29","Il2ra"
0,1.81082258611342,0.814,0.275,0,"29","H2-Q7"
0,2.28268327821858,0.698,0.161,0,"29","Abracl"
0,1.39982525995466,0.709,0.173,0,"29","Psip1"
0,2.41248603495702,0.641,0.106,0,"29","Hjurp"
0,1.96763490262885,0.801,0.266,0,"29","Hnrnpa1"
0,4.04549550117727,0.57,0.035,0,"29","Cd4"
0,2.27025960515761,0.733,0.198,0,"29","Jpt1"
0,5.19538758608079,0.55,0.017,0,"29","Ccnb2"
0,1.86248282429747,0.804,0.272,0,"29","Psmb8"
0,2.3134714893534,0.677,0.146,0,"29","Snrpf"
0,2.4592951328548,0.648,0.121,0,"29","Cbx3"
0,1.27573486676492,0.692,0.165,0,"29","Cyfip2"
0,4.15123685670893,0.559,0.033,0,"29","Cip2a"
0,3.00567471661293,0.571,0.046,0,"29","Ctsw"
0,1.75477933967559,0.699,0.175,0,"29","Stk17b"
0,1.91194260529198,0.765,0.241,0,"29","Raly"
0,1.73990486244128,0.795,0.273,0,"29","Mbd2"
0,1.70566847617882,0.724,0.206,0,"29","Fxyd5"
0,3.29545195832165,0.575,0.057,0,"29","Incenp"
0,2.01632597639914,0.74,0.224,0,"29","Ybx1"
0,2.01761256964253,0.653,0.137,0,"29","Zdhhc18"
0,2.1939389678828,0.663,0.15,0,"29","Ybx3"
0,4.55413593769387,0.534,0.023,0,"29","Tpx2"
0,3.03306116834944,0.585,0.074,0,"29","Itgb7"
0,4.79599057666528,0.53,0.022,0,"29","Clspn"
0,4.02501291140114,0.539,0.031,0,"29","Kif23"
0,2.01117926229298,0.671,0.163,0,"29","Psmb9"
0,2.43191637907111,0.59,0.082,0,"29","Septin6"
0,2.00809402401808,0.875,0.368,0,"29","Arhgdib"
0,3.17223164633401,0.548,0.042,0,"29","Carmil2"
0,1.78314498865056,0.656,0.151,0,"29","Myo1g"
0,1.73334000289889,0.874,0.369,0,"29","Lcp1"
0,3.158355397081,0.564,0.06,0,"29","Pola1"
0,4.06939270810092,0.531,0.03,0,"29","Rgs16"
0,2.57141423109299,0.59,0.089,0,"29","Lsm2"
0,2.12456805852656,0.668,0.168,0,"29","Pcna"
0,1.60103709233187,0.652,0.152,0,"29","Lsp1"
0,2.25841659682121,0.635,0.137,0,"29","Crem"
0,3.81429566391234,0.534,0.037,0,"29","Hells"
0,1.65270001525629,0.727,0.231,0,"29","Tap1"
0,3.84991604475156,0.528,0.033,0,"29","Knstrn"
0,2.46010750511211,0.584,0.091,0,"29","Map4k1"
0,4.20461288020046,0.517,0.028,0,"29","Pdcd1"
0,2.04089008783954,0.615,0.127,0,"29","Cblb"
0,3.04578136999911,0.534,0.047,0,"29","Gimap9"
0,1.29511280982451,0.641,0.154,0,"29","Pfkp"
0,1.58499873809365,0.606,0.12,0,"29","Nsd2"
0,4.87396788015188,0.504,0.018,0,"29","Birc5"
0,2.19940918512223,0.619,0.133,0,"29","Snrpd1"
0,2.94444031312889,0.553,0.068,0,"29","Ttc39c"
0,4.2564896642242,0.516,0.033,0,"29","Gmnn"
0,2.12985502416987,0.609,0.126,0,"29","Rbbp7"
0,2.11184253088105,0.623,0.141,0,"29","Serbp1"
0,4.11849529038377,0.505,0.023,0,"29","Lat"
0,3.4086532917962,0.521,0.04,0,"29","Mcm7"
0,2.51364667210347,0.539,0.058,0,"29","Gimap8"
0,4.88881220017005,0.501,0.021,0,"29","Kif11"
0,2.14205737214053,0.587,0.108,0,"29","Lsm3"
0,2.28258124763482,0.607,0.132,0,"29","Pfn1"
0,3.77766043067224,0.508,0.034,0,"29","Rrm1"
0,1.71263534442719,0.649,0.176,0,"29","Zc3hav1"
0,1.75981305402475,0.572,0.099,0,"29","S100a6"
0,2.16410020643485,0.585,0.112,0,"29","Tes"
0,1.63690555756621,0.602,0.13,0,"29","Rabgap1l"
0,1.73849992816745,0.645,0.174,0,"29","Apobec3"
0,2.5473600980529,0.566,0.096,0,"29","Septin9"
0,1.87339120577085,0.593,0.123,0,"29","Fkbp3"
0,2.36753034986608,0.558,0.089,0,"29","Nudt21"
0,1.96306528040361,0.572,0.104,0,"29","Sae1"
0,1.99573765043423,0.579,0.114,0,"29","Dgka"
0,1.48655332750736,0.591,0.126,0,"29","Ly6a"
0,1.60397585348401,0.635,0.172,0,"29","Isy1"
0,3.26800510961642,0.509,0.046,0,"29","Dusp4"
0,1.98628057572844,0.577,0.117,0,"29","Sms"
0,2.39610697792475,0.546,0.087,0,"29","Slc1a5"
0,2.00244018125093,0.59,0.131,0,"29","B4galnt1"
0,1.94751976251913,0.619,0.161,0,"29","Arhgap9"
0,0.878750406425462,0.599,0.142,0,"29","Ablim1"
0,3.45300178884104,0.504,0.048,0,"29","Mcm4"
0,3.04522594073877,0.526,0.07,0,"29","Fen1"
0,2.10778848279566,0.571,0.118,0,"29","Itga4"
0,2.27177184949039,0.544,0.092,0,"29","Tubb4b"
0,2.37120068081657,0.551,0.104,0,"29","Med30"
0,1.76717128603599,0.533,0.087,0,"29","Acot7"
0,2.74032555567025,0.517,0.071,0,"29","Stx11"
0,2.5902331157146,0.534,0.091,0,"29","Ass1"
0,2.75028479656604,0.516,0.074,0,"29","Cks2"
0,1.90350297679427,0.545,0.104,0,"29","Nasp"
0,2.04759999575975,0.503,0.062,0,"29","Faah"
0,2.7628972365395,0.502,0.062,0,"29","Pold1"
0,2.31372097250897,0.525,0.086,0,"29","Exosc8"
0,2.06825824699556,0.562,0.125,0,"29","Aebp2"
0,2.19422504870158,0.52,0.084,0,"29","Cd69"
0,1.62613538893287,0.55,0.119,0,"29","Lbh"
0,2.36406815409928,0.531,0.101,0,"29","Emb"
0,1.99573359768487,0.549,0.119,0,"29","Ms4a6b"
0,2.13452974580676,0.513,0.088,0,"29","Inpp4b"
0,2.04549586245484,0.503,0.078,0,"29","Dusp10"
0,1.99033372798073,0.549,0.125,0,"29","Nt5c"
0,2.4020678963464,0.517,0.096,0,"29","Tagln2"
0,1.75626078970801,0.549,0.134,0,"29","Plekha2"
0,2.10951355369463,0.516,0.102,0,"29","Dpy30"
0,2.30452164795746,0.501,0.088,0,"29","Tfdp1"
0,1.95151403325358,0.506,0.094,0,"29","Ccnd3"
0,2.24702340283815,0.508,0.098,0,"29","Eri1"
0,1.90128763047361,0.526,0.118,0,"29","Nabp1"
0,2.16443563271267,0.507,0.099,0,"29","Cdt1"
0,1.96081409507229,0.511,0.105,0,"29","Runx3"
0,0.734663386665971,0.534,0.129,0,"29","Ppp1r16b"
0,1.87336495821614,0.515,0.11,0,"29","Lsm8"
0,1.94163514130841,0.506,0.102,0,"29","Ssrp1"
0,2.06993299265322,0.512,0.108,0,"29","Lsm4"
0,2.25444579611689,0.502,0.098,0,"29","Suz12"
0,1.43286166588476,0.54,0.137,0,"29","Ifi203"
5.00122183278726e-308,1.5129508488605,0.59,0.139,9.52982820237613e-304,"29","Grk6"
1.48206073862131e-305,1.62658350166762,0.586,0.141,2.82406673744291e-301,"29","Plaat3"
9.20394359917648e-304,1.8766880312283,0.829,0.328,1.75381145282308e-299,"29","Ndfip1"
7.54596437939862e-302,1.7543329969539,0.517,0.102,1.43788351249441e-297,"29","Foxo1"
4.11185014271538e-299,1.91645904047438,0.589,0.144,7.83513044694417e-295,"29","Magoh"
8.31721126148545e-297,1.88634796949186,0.564,0.142,1.58484460587605e-292,"29","Leprotl1"
9.60242025171373e-297,1.75446774352152,0.636,0.165,1.82974117896405e-292,"29","Smc6"
2.08327531820751e-296,1.59278319737267,0.516,0.121,3.96968111884441e-292,"29","Traf3ip3"
8.68093328026268e-296,1.66176881144818,0.769,0.262,1.65415183655405e-291,"29","Dazap1"
2.39911017559584e-295,1.68642948730641,0.88,0.436,4.57150443959787e-291,"29","Cfl1"
1.3904434535949e-292,1.51917541915227,0.564,0.15,2.64949000082507e-288,"29","Nlrc5"
1.39457219152543e-290,1.70430666069938,0.814,0.319,2.65735731095171e-286,"29","Nono"
1.74969380104619e-289,1.73909827124161,0.568,0.141,3.33404153789352e-285,"29","Hdac1"
1.68378340959398e-283,1.70185172296526,0.668,0.193,3.20844928698133e-279,"29","Tpm4"
4.90104498803548e-283,1.53701289560423,0.714,0.224,9.33894122470161e-279,"29","Dusp5"
7.80394828985798e-282,1.68742963200528,0.612,0.172,1.48704234663244e-277,"29","Cast"
9.50511350636915e-282,1.64261883751654,0.689,0.21,1.81119937863864e-277,"29","Rnf138"
1.24114190375089e-280,1.67396093276792,0.67,0.203,2.36499589759732e-276,"29","Xpo1"
1.35469661544404e-279,1.97830284667282,0.502,0.111,2.58137440072862e-275,"29","Dnajc15"
4.99778907265462e-279,2.09542958794265,0.528,0.111,9.52328707794339e-275,"29","Pgk1"
3.26273979671612e-277,1.72584542344859,0.573,0.141,6.21715068264257e-273,"29","Snrpa1"
3.43771738942584e-277,1.53970909856863,0.568,0.144,6.55057048555094e-273,"29","Ttc39b"
2.11272513191722e-276,1.26196148653699,0.885,0.368,4.02579773886826e-272,"29","Srgn"
2.88882663193373e-276,1.68525234165641,0.523,0.12,5.50465914714972e-272,"29","Nfatc3"
1.906284395271e-275,1.44034885364673,0.85,0.366,3.63242491518889e-271,"29","Ptprc"
3.00045991232796e-274,1.79068582185779,0.551,0.139,5.71737636294093e-270,"29","Vars"
6.52588322566848e-274,2.10906838382999,0.519,0.118,1.24350704865113e-269,"29","Ldha"
6.1601952591151e-272,1.58037563171526,0.687,0.216,1.17382520662438e-267,"29","Jak2"
2.06095504352791e-271,1.84801644008631,0.669,0.201,3.92714983544243e-267,"29","Sf3b6"
5.51568117445879e-271,1.48344481107743,0.512,0.131,1.05101304779312e-266,"29","Sp100"
1.49153404506683e-270,1.78485861178473,0.689,0.236,2.84211812287485e-266,"29","Cmtm7"
7.30161654806406e-270,1.25967692828744,0.962,0.625,1.39132303323361e-265,"29","Eef1a1"
1.08320578209807e-269,1.67711677120352,0.591,0.164,2.06404861778786e-265,"29","Stat5b"
1.8738400817065e-269,1.76970539922747,0.738,0.277,3.57060227569173e-265,"29","Cd82"
8.1785936844257e-269,1.91983942704938,0.63,0.197,1.55843102656732e-264,"29","Acsl5"
9.17817792268052e-269,1.3310564458468,0.76,0.236,1.74890180316677e-264,"29","Vim"
2.81352685721243e-268,1.73598622923185,0.569,0.141,5.36117542641829e-264,"29","Hpf1"
1.32345343458077e-267,1.77047320354513,0.626,0.185,2.52184051959365e-263,"29","Elf1"
4.90365930653083e-267,1.48309905653217,0.713,0.23,9.3439228085945e-263,"29","Emp3"
3.8535244964345e-266,1.83431034920267,0.563,0.148,7.34289092795595e-262,"29","Ppm1g"
4.69743184518403e-265,1.95842630910543,0.675,0.224,8.95095638099818e-261,"29","Odc1"
8.25539545856451e-265,1.15320460040117,0.555,0.15,1.57306560462947e-260,"29","Hip1r"
9.67682599675522e-264,1.54051671482545,0.805,0.317,1.84391919368171e-259,"29","Mbnl1"
1.33601601522097e-261,1.59380590137634,0.52,0.125,2.54577851700356e-257,"29","Ncbp1"
3.08753635743562e-261,1.47986008310192,0.674,0.212,5.88330052909356e-257,"29","Sik1"
9.78166613015587e-261,1.51468997690294,0.681,0.218,1.8638964811012e-256,"29","Rassf5"
6.3521484256305e-259,1.79717475829131,0.717,0.255,1.21040188250389e-254,"29","Sh3bgrl3"
9.9013988917894e-259,1.52240482996927,0.653,0.211,1.88671155883047e-254,"29","Smchd1"
1.07721398826469e-258,1.64551580740403,0.774,0.322,2.05263125463837e-254,"29","Ifngr1"
3.95707042779556e-258,1.52744098903762,0.732,0.25,7.54019770016443e-254,"29","Sec11c"
8.80083651540365e-258,1.49873698889817,0.803,0.318,1.67699939801017e-253,"29","Macroh2a1"
1.80769970657926e-257,1.59069693931335,0.559,0.15,3.44457179088679e-253,"29","Aip"
5.37464537548024e-257,1.54507305530946,0.635,0.194,1.02413867629776e-252,"29","Akap13"
2.19750357686681e-256,1.56557114688853,0.54,0.141,4.18734306571971e-252,"29","Cd2bp2"
4.74397872400191e-256,1.53462348709729,0.804,0.285,9.03965145858565e-252,"29","Atp5e"
6.22105873895419e-256,1.53235511362979,0.805,0.326,1.18542274270772e-251,"29","Hnrnpl"
1.08730990020949e-254,1.34772930935983,0.903,0.465,2.07186901484919e-250,"29","Arhgef1"
1.81230751421258e-254,1.65561209426892,0.603,0.159,3.45335196833207e-250,"29","Fundc2"
1.04411117453411e-253,1.24845132238707,0.938,0.646,1.98955384307475e-249,"29","Tmsb4x"
1.28922483994112e-253,1.53898787810573,0.635,0.181,2.45661793250781e-249,"29","Smc1a"
1.41654385259666e-253,1.54988982380984,0.507,0.127,2.69922431112294e-249,"29","Zc3h15"
8.03336708667792e-253,1.55501752613099,0.732,0.248,1.53075809836648e-248,"29","Sri"
1.40774091672159e-252,1.62886298536657,0.573,0.135,2.68245031681299e-248,"29","Ckap5"
8.33095789816124e-252,1.66420909133948,0.558,0.16,1.58746402749463e-247,"29","Scyl2"
1.17845702350671e-251,1.21464065331014,0.53,0.131,2.24554985829204e-247,"29","Map4k2"
7.11553065918942e-251,1.82161681038202,0.546,0.133,1.35586436710854e-246,"29","Cox5a"
1.99650554582781e-250,1.65252531136083,0.511,0.129,3.80434131757489e-246,"29","Pds5a"
8.71674308199719e-250,1.53604938544427,0.591,0.17,1.66097539427456e-245,"29","E2f4"
1.87644529942124e-249,1.63778336545916,0.634,0.189,3.57556651804718e-245,"29","Agfg1"
6.83059111967735e-249,1.6633853999695,0.607,0.181,1.30156913785452e-244,"29","Ubald2"
6.59838914325987e-248,1.44766513800862,0.515,0.104,1.25732305124817e-243,"29","Idh3a"
1.16412191456266e-247,1.71418188656899,0.555,0.14,2.21823430819914e-243,"29","Nol7"
2.04013620609028e-247,1.64932506388054,0.636,0.181,3.88747954070502e-243,"29","Ndufb7"
2.38851943469019e-247,1.64243899378229,0.626,0.186,4.55132378280216e-243,"29","Rnps1"
4.39616746366217e-247,1.65826848090728,0.531,0.137,8.37689710200826e-243,"29","Pole4"
1.12485751165279e-246,1.58429369969755,0.592,0.176,2.14341598845439e-242,"29","G3bp1"
5.42597393655798e-246,2.0321903288031,0.557,0.154,1.03391933361112e-241,"29","Dap"
6.30794428498379e-246,1.48165846968236,0.644,0.2,1.20197878350366e-241,"29","Stk24"
1.8748131114253e-245,1.6735352916475,0.766,0.302,3.57245638382091e-241,"29","Rack1"
1.08026183755214e-244,1.76443063058529,0.591,0.176,2.0584389314556e-240,"29","Rbpj"
9.44020092465715e-242,1.75147524776098,0.647,0.189,1.79883028619342e-237,"29","Tma7"
1.99503326146318e-241,1.41902868155712,0.65,0.204,3.8015358797181e-237,"29","Vbp1"
1.46803374429809e-240,1.06193205881827,0.599,0.196,2.79733829976002e-236,"29","Epsti1"
3.37584266404964e-239,1.55249359327067,0.733,0.269,6.43266819634659e-235,"29","Btf3"
2.04017722044721e-238,1.59507835055362,0.613,0.188,3.88755769356216e-234,"29","Rcc2"
2.25292390494115e-236,1.63395544468066,0.692,0.246,4.29294650086535e-232,"29","Myh9"
1.30801703781313e-234,1.50359093134203,0.506,0.133,2.49242646555291e-230,"29","Lta4h"
1.85549928550704e-233,1.52844608025511,0.54,0.14,3.53565388853367e-229,"29","Emg1"
8.18836829034267e-233,1.49187565395516,0.788,0.323,1.5602935777248e-228,"29","Hnrnpd"
1.64518793737932e-232,1.30556322745009,0.553,0.149,3.1349056146763e-228,"29","Tspan13"
2.23423622113372e-232,1.58438152582846,0.571,0.165,4.25733711937031e-228,"29","Srsf4"
3.2654497357688e-232,1.4438387083547,0.668,0.227,6.22231447150744e-228,"29","Cd47"
1.82219391334408e-230,1.50633850265536,0.599,0.183,3.47219050187714e-226,"29","Rfc2"
2.6684389934121e-230,1.62188702882331,0.592,0.167,5.08471050194675e-226,"29","Cct7"
3.103483065386e-230,1.42013207934352,0.586,0.181,5.91368698109303e-226,"29","Nsmaf"
4.50493171748023e-230,1.51784573394053,0.538,0.152,8.58414738765857e-226,"29","Snrpc"
1.69548426501818e-229,1.64877510252334,0.511,0.128,3.23074526699214e-225,"29","Tcp1"
2.47951153637381e-229,1.67366598475055,0.528,0.144,4.7247092325603e-225,"29","Ostc"
3.18337688414109e-228,1.39357345561078,0.529,0.147,6.06592465273084e-224,"29","Cntrl"
9.4960053810384e-228,1.42456096519658,0.54,0.156,1.80946382535687e-223,"29","Hmgb1"
1.17650473279944e-227,1.39827806589832,0.833,0.417,2.24182976834932e-223,"29","Actg1"
1.28115264404552e-227,1.36643539342749,0.716,0.268,2.44123636322874e-223,"29","Tap2"
1.71989699198764e-227,1.6417051847173,0.525,0.136,3.27726371823244e-223,"29","Hacd3"
1.9725616625969e-226,1.09522403029716,0.686,0.219,3.7587162480784e-222,"29","Srpk1"
1.52988401911173e-225,1.61802999134761,0.647,0.203,2.9151939984174e-221,"29","Eif3h"
1.57417636004035e-225,1.40828105814568,0.626,0.194,2.99959305405689e-221,"29","Diaph1"
3.40345819683589e-225,1.67798678064306,0.704,0.257,6.48528959407079e-221,"29","Actr3"
6.51831031642887e-225,1.67503870294231,0.504,0.129,1.24206403079552e-220,"29","Impdh2"
2.03038890322315e-224,1.37879146448375,0.691,0.254,3.86890605509171e-220,"29","Mknk2"
3.15065549057064e-224,1.42574051475845,0.73,0.248,6.00357403728236e-220,"29","Cox5b"
1.41603844450447e-223,1.35413294203355,0.622,0.21,2.69826125600327e-219,"29","Sec11a"
2.18937588942441e-223,1.62757459383967,0.579,0.163,4.17185575729822e-219,"29","Psmd14"
1.23364116105563e-222,1.45475695721891,0.684,0.243,2.3507032323915e-218,"29","Cwc15"
4.90219408042237e-222,1.26510637098145,0.901,0.525,9.34113082024482e-218,"29","Tpt1"
3.47282490336531e-221,1.62414498861295,0.532,0.134,6.6174678533626e-217,"29","Elob"
6.82131787110286e-221,1.63322418510093,0.597,0.185,1.29980212033865e-216,"29","Psma4"
1.89409595775923e-220,1.46085860820676,0.505,0.128,3.6091998475102e-216,"29","Vps36"
2.27149187482851e-220,1.45826190875101,0.547,0.165,4.32832776748573e-216,"29","Emd"
1.47515745926779e-218,1.38230632100712,0.577,0.163,2.81091253863477e-214,"29","Flna"
2.06894517980623e-218,1.26444093191236,0.684,0.241,3.94237504012077e-214,"29","Akna"
1.62996900563445e-217,1.59024253981379,0.545,0.156,3.10590594023645e-213,"29","Uba1"
1.85935590667327e-216,1.44394987164389,0.681,0.245,3.54300268016592e-212,"29","Cct2"
9.95380086244647e-215,1.43487822920801,0.658,0.209,1.89669675433917e-210,"29","Ndufb11"
1.47893992943523e-212,1.42505932373803,0.542,0.15,2.81812003553882e-208,"29","Smarcc1"
1.89797467655216e-212,1.55612323499157,0.673,0.214,3.61659074617013e-208,"29","Atp5j2"
2.96116782185963e-212,1.37670169117621,0.752,0.315,5.64250528455353e-208,"29","Limd2"
5.28050113319433e-211,1.03801387913195,0.581,0.171,1.00619949093018e-206,"29","Plcg1"
4.45248290725764e-210,1.37892302816349,0.709,0.28,8.48420617977944e-206,"29","Lrp10"
7.35977621012861e-210,1.40755745330168,0.627,0.204,1.40240535684001e-205,"29","Oaz1"
5.15500689360235e-208,1.32138891877327,0.506,0.135,9.82286563575929e-204,"29","Stip1"
9.66017982247168e-208,0.880292672116968,0.563,0.184,1.84074726517198e-203,"29","Adgre5"
1.41406208144512e-207,1.29007118551684,0.523,0.162,2.69449529619367e-203,"29","Med11"
2.57653614943682e-207,1.46205298300298,0.572,0.17,4.90958963275187e-203,"29","Nop10"
2.92762776729718e-207,1.53442491697809,0.516,0.151,5.57859471058478e-203,"29","Arf6"
9.83647130707009e-207,1.34695673560477,0.597,0.192,1.87433960756221e-202,"29","Supt4a"
3.3127608948123e-206,1.3235897501949,0.627,0.189,6.31246588506483e-202,"29","Cops6"
6.1392705670859e-206,1.62471697231802,0.505,0.136,1.16983800655822e-201,"29","Psma2"
9.66808879843556e-206,1.32444866377755,0.596,0.184,1.8422543205419e-201,"29","Uba2"
1.90476626304615e-204,1.37584505623656,0.59,0.204,3.62953211423444e-200,"29","Was"
6.68427068803965e-204,1.56159433722734,0.601,0.201,1.27368777960596e-199,"29","Vps54"
8.6208537054168e-204,1.41868885952906,0.504,0.148,1.64270367356717e-199,"29","Gng2"
1.40583144024432e-203,1.84797627768954,0.539,0.149,2.67881180938555e-199,"29","Sumo2"
2.80730526134303e-203,1.68595242604967,0.519,0.155,5.34932017548914e-199,"29","Ero1a"
8.13187763181697e-203,1.4480521784493,0.542,0.162,1.54952928274272e-198,"29","Ciao2a"
1.10281519576962e-202,1.35171400484906,0.511,0.133,2.10141435553901e-198,"29","Pdap1"
1.41270777462422e-202,1.15494983996658,0.879,0.441,2.69191466454644e-198,"29","Cotl1"
1.92427569978785e-202,1.3374267388605,0.742,0.314,3.66670734594575e-198,"29","Pak2"
3.08183984370314e-202,1.34934582054791,0.664,0.226,5.87244582217634e-198,"29","Tomm7"
7.66141133837918e-202,1.42646705609591,0.523,0.142,1.45988193052815e-197,"29","Cox20"
1.30013706690875e-201,1.4093693043864,0.509,0.144,2.47741118099462e-197,"29","Tomm22"
1.33226824705238e-201,0.644763220192042,0.551,0.15,2.53863714475831e-197,"29","Septin11"
2.32649926825363e-201,1.40622578067332,0.609,0.202,4.43314435565729e-197,"29","Hnrnpab"
1.40479423356512e-200,1.72447991395091,0.659,0.26,2.67683541205834e-196,"29","Hif1a"
1.57711055080254e-199,1.48990794575525,0.595,0.2,3.00518415455425e-195,"29","Vgll4"
4.33557843061212e-199,1.29882429930102,0.758,0.325,8.26144469953139e-195,"29","Ptbp1"
4.86401095067976e-199,1.41189276552072,0.573,0.175,9.26837286652028e-195,"29","Atp5d"
8.52574590763638e-199,1.31423167016913,0.723,0.276,1.62458088270011e-194,"29","Sod1"
1.89500949431702e-198,1.1093412235407,0.839,0.395,3.61094059142108e-194,"29","Srsf7"
5.45755220671283e-198,1.26398011300209,0.746,0.276,1.03993657298913e-193,"29","Ndufa3"
5.87616613491104e-196,1.14110362887626,0.678,0.267,1.1197034570073e-191,"29","Nfkb1"
8.86021807095747e-196,1.27974088490646,0.796,0.345,1.68831455342095e-191,"29","Ncl"
6.84031346684124e-195,1.39441716085499,0.58,0.193,1.3034217311066e-190,"29","Ssr2"
4.03533356389999e-194,1.23368196024755,0.701,0.271,7.68932810601142e-190,"29","Khdrbs1"
1.53700575760042e-193,1.4873878055488,0.574,0.181,2.92876447110759e-189,"29","Snrpb2"
3.32614765840407e-193,1.29134621631002,0.627,0.221,6.33797436308895e-189,"29","Atl3"
7.48568431393708e-193,1.25740470384853,0.664,0.261,1.42639714602071e-188,"29","Ptpn18"
1.26832971463459e-191,1.33889360533942,0.579,0.196,2.4168022712362e-187,"29","Cd48"
1.76090141803583e-191,1.16678697640385,0.77,0.32,3.35539765206727e-187,"29","Rnf4"
2.46115099745872e-191,1.3883596944249,0.573,0.18,4.68972322565759e-187,"29","Sumo1"
1.54629061697652e-190,1.33567547138858,0.726,0.296,2.94645677064876e-186,"29","Eef1b2"
2.73016224586754e-190,1.26262954050851,0.596,0.202,5.2023241595006e-186,"29","Smarce1"
7.23977159710432e-190,1.46473640368643,0.573,0.182,1.37953847782823e-185,"29","Tmem167"
1.89253332162846e-189,1.31034462329953,0.698,0.28,3.60622224436302e-185,"29","Gnai3"
3.77514381374507e-189,1.20454244449857,0.677,0.25,7.19353653709124e-185,"29","Mier1"
7.22664460377784e-189,1.47295004999825,0.551,0.172,1.37703712924987e-184,"29","Khsrp"
3.04308172063431e-188,1.30485630791245,0.501,0.145,5.79859221866867e-184,"29","Cdc34"
2.65878840288803e-187,1.31472439299932,0.532,0.174,5.06632130170315e-183,"29","Atf1"
7.15191539840516e-187,1.27317229919454,0.782,0.363,1.3627974791661e-182,"29","Prkar1a"
8.57103944013989e-187,0.998023607385926,0.562,0.197,1.63321156531866e-182,"29","Ptger4"
8.70476317251737e-187,1.32498198822948,0.767,0.363,1.65869262252319e-182,"29","Capzb"
9.44200895967576e-187,1.39435403915315,0.667,0.253,1.79917480726622e-182,"29","Hprt"
1.12587338098105e-186,1.27600604450994,0.608,0.198,2.14535172745939e-182,"29","Uqcrfs1"
1.15696628883023e-186,1.27085137619946,0.671,0.273,2.20459926336601e-182,"29","Mta2"
1.64450982000682e-186,1.18729162091318,0.65,0.233,3.133613462023e-182,"29","Nedd8"
5.03005114124966e-186,1.43089364350314,0.659,0.25,9.58476244965123e-182,"29","Vps37b"
1.26123801822962e-185,1.15855077523564,0.645,0.247,2.40328904373655e-181,"29","Baz1a"
1.00934815831919e-184,1.31333592811532,0.609,0.204,1.92331291567722e-180,"29","Cnot6l"
1.28007748634236e-184,1.21418568806852,0.57,0.182,2.43918765022536e-180,"29","Ndufv3"
1.6843907943717e-184,1.25299458644483,0.517,0.159,3.20960665867528e-180,"29","Ndufb1"
2.11628967435283e-184,1.19803820213627,0.654,0.24,4.03258997447931e-180,"29","Ssb"
3.18967920964136e-184,1.20118801782598,0.691,0.269,6.0779337339716e-180,"29","Hnrnpul1"
5.58729665502457e-184,0.871196894027153,0.56,0.166,1.06465937761493e-179,"29","Esyt2"
1.15908991590358e-183,1.11290435368674,0.631,0.241,2.20864583475427e-179,"29","Nfkb2"
4.52726131395e-181,1.10618269626407,0.592,0.201,8.62669643373173e-177,"29","Cdkn1b"
5.352616296865e-181,1.23458727697617,0.502,0.155,1.01994103536763e-176,"29","Tiprl"
8.15380978216705e-181,1.3603881700983,0.529,0.167,1.55370845399193e-176,"29","Tmem258"
2.57027162319052e-180,1.41443143053031,0.525,0.165,4.89765257798954e-176,"29","Eif3d"
3.80519754584544e-180,1.41612514383872,0.513,0.149,7.25080392360849e-176,"29","Psma6"
1.94542204161762e-179,1.04974393488439,0.519,0.152,3.70700170030238e-175,"29","Tsn"
6.37736866295102e-178,1.35021490729879,0.596,0.212,1.21520759872532e-173,"29","Ubl5"
2.548771525623e-177,1.23320856243318,0.54,0.169,4.85668414207463e-173,"29","Psme3"
8.00531472209676e-177,1.30191563021214,0.695,0.274,1.52541272029554e-172,"29","Naca"
1.17153135468595e-176,1.25262138151366,0.587,0.197,2.23235299635407e-172,"29","Srp9"
1.67853860146543e-176,1.33837366487323,0.547,0.178,3.19845530509237e-172,"29","Phb2"
3.40252498721709e-176,1.25350801297216,0.585,0.215,6.48351136314217e-172,"29","Cdc37"
1.82255002828333e-175,1.1966435767946,0.62,0.233,3.47286907889389e-171,"29","Psme1"
2.90353074731041e-175,1.08699654435445,0.556,0.181,5.53267783899999e-171,"29","Tmem123"
9.72560203917105e-175,1.1554564491884,0.617,0.243,1.85321346856404e-170,"29","H2-K1"
1.25231372884453e-174,1.24294221663216,0.559,0.187,2.38628381031325e-170,"29","Cnot1"
1.38838463056154e-174,1.17295854796218,0.634,0.236,2.64556691353502e-170,"29","Rab8a"
2.28757157006704e-174,1.0706543404993,0.597,0.217,4.35896762676274e-170,"29","Tspo"
1.56934250955018e-173,1.40949778473559,0.685,0.293,2.99038215194786e-169,"29","Tuba1c"
5.52395016188967e-173,1.30252946071854,0.543,0.189,1.05258870334808e-168,"29","Myl12b"
6.51536070317399e-173,1.15918541998944,0.545,0.182,1.2415019819898e-168,"29","Bud31"
2.1793848625041e-172,1.22932820990563,0.608,0.223,4.15281785550157e-168,"29","Hp1bp3"
2.71952415837196e-171,1.32635888877464,0.614,0.218,5.18205328377778e-167,"29","Tkt"
6.59522680606771e-170,1.1493817194557,0.715,0.28,1.2567204678962e-165,"29","Ndufa2"
6.74019322993223e-170,1.16491009980606,0.516,0.163,1.28434381996359e-165,"29","Ndufa1"
9.72348942931055e-170,1.27425340554753,0.543,0.18,1.85281091075513e-165,"29","Sf3b3"
4.23220797722858e-169,0.952468419058356,0.634,0.246,8.06447230060907e-165,"29","Rasal3"
6.46832687062149e-169,1.04360809123969,0.516,0.165,1.23253968519693e-164,"29","Wdr82"
5.11077774917591e-168,1.05630817140223,0.678,0.278,9.73858700105469e-164,"29","Ikzf1"
2.14183626494773e-167,0.54103017339029,0.553,0.163,4.0812690028579e-163,"29","Calm3"
2.65149537321625e-167,1.25889165306962,0.574,0.206,5.05242443366356e-163,"29","Uhrf2"
3.67780031747234e-167,1.0710600553818,0.626,0.228,7.00804850494354e-163,"29","Srrt"
4.75002480403594e-167,1.0797208450811,0.859,0.493,9.05117226409048e-163,"29","Cap1"
9.51275324219542e-167,1.23881062480962,0.562,0.181,1.81265513030034e-162,"29","Chchd2"
8.93178783593593e-166,1.16467677320961,0.658,0.284,1.70195217213759e-161,"29","Il21r"
1.02298830088649e-165,0.993997359146956,0.753,0.332,1.9493042073392e-161,"29","Rab8b"
1.81863237651067e-164,1.15186805948766,0.657,0.215,3.46540399344108e-160,"29","Atp5b"
7.49955231883053e-163,1.12168972982394,0.573,0.203,1.42903969435316e-158,"29","Ago2"
1.6662631525771e-162,1.25430112461185,0.523,0.174,3.17506443723566e-158,"29","Eif3c"
3.38671233548211e-162,1.10025265157343,0.731,0.312,6.45338035526116e-158,"29","H3f3a"
6.6137478472261e-162,1.31148701030969,0.651,0.261,1.26024965228893e-157,"29","Arpc2"
9.8470215983865e-162,1.19843438851904,0.518,0.172,1.87634996557255e-157,"29","Ube2l3"
1.50182459769534e-161,1.1577475112479,0.539,0.189,2.86172677090847e-157,"29","Puf60"
4.61633642031505e-161,1.07060875790716,0.69,0.295,8.79642904891032e-157,"29","Itpkb"
1.92496423558909e-160,1.09110783003519,0.602,0.232,3.66801935091501e-156,"29","Xpo6"
2.12346621981467e-160,1.1431023327593,0.507,0.167,4.04626488185685e-156,"29","Nop53"
2.67141167183284e-160,0.856512153794736,0.666,0.249,5.09037494067747e-156,"29","Fnbp1"
3.17016913409998e-160,1.54360525800551,0.507,0.171,6.04075728502751e-156,"29","Arl5a"
6.92816818378843e-160,1.01319763504576,0.624,0.24,1.32016244742089e-155,"29","Prpf40a"
4.20087016129547e-159,1.01882812519568,0.513,0.173,8.00475809234851e-155,"29","Sf3a1"
2.12578508024771e-158,0.991304507561306,0.529,0.173,4.05068347041201e-154,"29","Itpk1"
6.05715158260469e-157,1.20136380130683,0.573,0.19,1.15419023406532e-152,"29","Dynll1"
1.16341297121395e-156,1.12822139267567,0.573,0.212,2.21688341664818e-152,"29","Syncrip"
1.50749146622477e-156,1.20376095005576,0.633,0.267,2.8725249888913e-152,"29","Stat3"
3.23695563198376e-156,0.95739917736252,0.705,0.309,6.16801895674506e-152,"29","Lcp2"
4.42465828419182e-156,0.978839425322241,0.562,0.192,8.43118636052751e-152,"29","Dars"
1.76823763653226e-155,1.19201338946404,0.579,0.211,3.36937681641223e-151,"29","Nup153"
1.90542863540587e-154,1.02944961776684,0.75,0.364,3.63079426476588e-150,"29","Hcls1"
2.04940084623144e-154,1.18646387112535,0.607,0.211,3.90513331249402e-150,"29","Dynlrb1"
2.05098874926145e-154,1.09119097944912,0.719,0.324,3.90815906171769e-150,"29","Ddx21"
2.98303109680633e-154,1.07399158398442,0.567,0.221,5.68416575496447e-150,"29","Wipf1"
4.58132828505151e-154,1.06985794460737,0.537,0.197,8.72972104716566e-150,"29","Ppp4r3a"
4.65618402890129e-154,1.17397792942366,0.521,0.175,8.87235866707141e-150,"29","Psmb7"
1.29370484653055e-153,1.02199437814293,0.704,0.309,2.46515458506395e-149,"29","Vasp"
2.74871556433294e-153,1.06128146250043,0.584,0.196,5.23767750783642e-149,"29","Ndufa8"
2.5756258748051e-152,1.01886595003682,0.632,0.255,4.90785510444112e-148,"29","Raf1"
4.84286314284028e-151,0.931726904921839,0.501,0.153,9.22807571868215e-147,"29","Reps1"
1.1893447248519e-150,1.03772231896021,0.523,0.182,2.26629637320529e-146,"29","Dnajc8"
2.23204427285557e-150,0.923957056810392,0.674,0.287,4.2531603619263e-146,"29","Arhgap30"
1.84770539854708e-149,0.849122953205763,0.502,0.159,3.52080263693146e-145,"29","Csnk1g2"
3.81255121819351e-149,0.741668130129539,0.6,0.223,7.26481634626773e-145,"29","Slc38a1"
1.02947915594906e-148,1.00327028346122,0.508,0.181,1.96167253166093e-144,"29","Rp9"
6.18233684041514e-148,1.05630462116088,0.562,0.202,1.17804428494111e-143,"29","Tpr"
1.01564448296892e-147,0.900547906736379,0.684,0.281,1.93531056229728e-143,"29","Prpf8"
1.04664336302714e-146,0.991871573675017,0.623,0.215,1.99437892824822e-142,"29","Ndufa13"
1.17411322564846e-146,1.06699781065231,0.543,0.201,2.23727275147314e-142,"29","Ywhaz"
1.17981993928833e-146,1.04397973381335,0.509,0.172,2.24814689431392e-142,"29","Sfr1"
1.23612554217161e-146,0.936107059175537,0.588,0.224,2.355437220608e-142,"29","Dcaf7"
2.22850847408115e-146,0.988618712532681,0.627,0.251,4.24642289736162e-142,"29","Dhx9"
3.60857412838864e-146,1.05207147149846,0.763,0.389,6.87613800164455e-142,"29","Trir"
1.05507302121247e-145,1.09275177050498,0.618,0.243,2.01044164192036e-141,"29","Ak2"
1.23777386084175e-145,0.756468146475631,0.501,0.185,2.35857809183395e-141,"29","Malt1"
3.42019623535049e-145,1.04696346700149,0.503,0.175,6.51718392646037e-141,"29","Dnajb11"
4.96423743718585e-145,0.968151111004882,0.542,0.189,9.45935443655763e-141,"29","Ufc1"
1.27239376530008e-144,1.04994158994726,0.644,0.279,2.42454631977931e-140,"29","Ppp1r18"
1.57292187727273e-144,1.09123849183165,0.576,0.216,2.99720263714319e-140,"29","Manf"
8.87886049437782e-144,1.01105273544483,0.567,0.219,1.69186686720369e-139,"29","Trmt112"
2.17280672320942e-143,0.966102407417434,0.724,0.332,4.14028321107556e-139,"29","Tra2b"
2.83772223819392e-143,1.10650001611428,0.763,0.406,5.40727972487851e-139,"29","Hnrnpa2b1"
4.50029431365712e-143,1.07902352634563,0.506,0.163,8.57531081467365e-139,"29","Dap3"
8.82749001471878e-143,1.16965596134508,0.568,0.219,1.68207822230466e-138,"29","Hnrnpll"
1.27095324737327e-142,1.28825279905172,0.579,0.199,2.42180141286977e-138,"29","Eef1g"
2.33331319069223e-142,0.976371527655538,0.642,0.268,4.44612828486404e-138,"29","Rock1"
2.95675725163142e-142,1.04030747400032,0.503,0.176,5.63410094298368e-138,"29","Bag1"
3.01766681700409e-142,1.15943669037094,0.54,0.192,5.75016411980129e-138,"29","Psmc3"
8.753787556008e-142,1.06971315769146,0.503,0.166,1.66803421879733e-137,"29","Ech1"
1.03580476604637e-141,1.01381039365289,0.571,0.185,1.97372598170135e-137,"29","Cox7c"
1.88079471899166e-141,0.957858553667743,0.634,0.266,3.58385433703861e-137,"29","Dhx15"
1.02363412957948e-140,0.95248443166902,0.568,0.21,1.9505348339137e-136,"29","Eif3g"
3.15348579819538e-140,0.976689692452457,0.573,0.215,6.0089671884613e-136,"29","Smdt1"
4.0008231843442e-140,0.728666691276064,0.621,0.258,7.62356857776787e-136,"29","Map2k3"
7.55053647771091e-139,0.960686960357133,0.507,0.186,1.43875472582781e-134,"29","Rpf1"
1.03323338660219e-138,1.05363414023755,0.554,0.208,1.96882621817047e-134,"29","Rab1b"
1.95666277909832e-138,1.06970277764979,0.594,0.216,3.72842092557184e-134,"29","Rdx"
2.95565325858662e-138,0.909896995740753,0.597,0.253,5.63199728423681e-134,"29","Pik3cd"
4.49995735483222e-138,1.04869278138034,0.647,0.278,8.5746687396328e-134,"29","Pdcd6ip"
6.20763601797502e-138,1.00194422225145,0.658,0.292,1.18286504322514e-133,"29","Taf1d"
1.36304947887922e-137,1.0603856050775,0.732,0.351,2.59729078200435e-133,"29","Actr2"
3.25682697144183e-137,1.02089215222713,0.681,0.319,6.20588379408241e-133,"29","Ppib"
3.5623101459091e-136,0.948324319433555,0.62,0.258,6.78798198302979e-132,"29","Nsd3"
8.6566029401813e-136,1.02481982509528,0.523,0.194,1.64951569025155e-131,"29","Tbca"
9.22347163775335e-136,1.13130823136508,0.697,0.327,1.7575325205739e-131,"29","Sun2"
2.95977803623212e-135,0.93456608498511,0.63,0.264,5.63985704804031e-131,"29","Xrn2"
3.59730847929014e-135,0.957013388354743,0.553,0.21,6.85467130728735e-131,"29","Rbm17"
5.47866355167391e-135,0.935571889101316,0.56,0.211,1.04395933977146e-130,"29","G3bp2"
2.12996531405828e-134,0.877691751190208,0.702,0.32,4.05864890593805e-130,"29","Lsm14a"
2.17562054794174e-134,1.04196690199822,0.618,0.25,4.14564495410298e-130,"29","Pcbp1"
3.04142945701961e-134,1.20076293668341,0.534,0.185,5.79544383035086e-130,"29","Cct8"
8.28717343780324e-133,1.00653784739222,0.587,0.245,1.57912089857341e-128,"29","Vcp"
3.42527844522344e-132,0.847105789828355,0.621,0.268,6.52686807737327e-128,"29","Dbnl"
5.1656662434598e-132,1.18726366117539,0.533,0.202,9.84317702691264e-128,"29","Rap1a"
6.18858498158829e-132,0.888024519762727,0.563,0.221,1.17923486824165e-127,"29","Acadl"
1.2703363211899e-131,0.909602453789784,0.54,0.203,2.42062586002735e-127,"29","Tomm6"
1.40326960127727e-131,0.943343839535293,0.585,0.234,2.67393022523384e-127,"29","Csnk1a1"
1.62476713298961e-131,0.916122665938255,0.606,0.247,3.0959937719117e-127,"29","Hsp90ab1"
3.37789130820031e-131,0.889925404488492,0.578,0.231,6.4365718877757e-127,"29","Srsf10"
8.46210625759443e-131,1.05151376762218,0.556,0.22,1.61245434738462e-126,"29","Rer1"
4.42258358837574e-130,0.945202583215822,0.655,0.292,8.42723302764997e-126,"29","Cab39"
1.48477544660711e-129,0.615489671286935,0.502,0.165,2.82923961350985e-125,"29","Prrc2b"
1.19254004012082e-128,0.887044146760954,0.59,0.239,2.27238504645023e-124,"29","Edf1"
1.87427981322553e-128,0.96546687767315,0.561,0.223,3.57144018410125e-124,"29","Rbm42"
2.20757469186451e-128,0.885534044031879,0.663,0.294,4.20653357534782e-124,"29","Usp25"
4.32515841878945e-128,0.990310155817932,0.539,0.215,8.24158936700329e-124,"29","Psmc6"
5.09799007938822e-128,0.811579310366591,0.699,0.305,9.71422009627426e-124,"29","Fis1"
5.50614417073679e-127,1.03429608662772,0.63,0.282,1.0491957717339e-122,"29","Nr3c1"
3.64994903676942e-126,0.944086920910602,0.516,0.201,6.95497788956413e-122,"29","Wdr83os"
8.75039612072156e-124,0.919581415289112,0.584,0.251,1.66738798080349e-119,"29","Dock2"
2.03864315198911e-123,0.643077885454696,0.568,0.211,3.88463452611525e-119,"29","Srebf2"
3.50771482782532e-123,0.80692026851331,0.505,0.194,6.68395060442115e-119,"29","Gtf2f1"
3.57529350692918e-123,0.609171571900065,0.692,0.322,6.81272177745355e-119,"29","Pim1"
7.67010088590112e-122,0.768580586928014,0.775,0.399,1.46153772380846e-117,"29","Fyb"
4.6158821302891e-121,0.838360806599012,0.839,0.495,8.79556339926587e-117,"29","Eif4g2"
1.46063221658395e-120,0.705589122190921,0.629,0.279,2.78323468870071e-116,"29","Tnfaip3"
5.78348280831222e-120,0.790888473386574,0.51,0.195,1.10204264912389e-115,"29","Metap2"
1.03752482822197e-119,0.807201344059402,0.579,0.23,1.97700356017697e-115,"29","Cops9"
1.07574289243397e-119,0.677016824053237,0.667,0.294,2.04982808153293e-115,"29","Jak1"
7.05899675007606e-119,0.701368637593349,0.642,0.262,1.34509183072699e-114,"29","Ppp3cb"
3.10224868431142e-118,0.806191530781083,0.652,0.279,5.91133486795542e-114,"29","Sf3b2"
4.08993258395424e-118,0.813602460401415,0.805,0.447,7.79336653872481e-114,"29","Brd4"
1.16445141168192e-117,0.722289306048748,0.788,0.409,2.2188621649599e-113,"29","Arhgap45"
2.36534628737105e-117,0.74474647672554,0.579,0.244,4.50716735058553e-113,"29","Plekhj1"
2.94347253099347e-117,0.554205798260958,0.559,0.213,5.60878690780806e-113,"29","Hspd1"
3.15166760548741e-117,0.843269531610041,0.797,0.441,6.00550262225625e-113,"29","Ly6e"
3.96830822062033e-117,0.797523220286077,0.668,0.312,7.56161131439204e-113,"29","Cggbp1"
6.15031352404056e-117,0.893604054795942,0.535,0.22,1.17194224200593e-112,"29","Sp3"
1.08975524179877e-116,0.793378911636643,0.756,0.396,2.07652861324756e-112,"29","Sema4d"
1.33254251116989e-116,0.738171218411297,0.518,0.21,2.53915975503422e-112,"29","Hnrnpu"
2.0026976340624e-116,0.73105795867538,0.706,0.323,3.8161403417059e-112,"29","Prrc2c"
5.40668697988625e-116,1.14823791879213,0.583,0.251,1.03024420401732e-111,"29","Slc25a5"
1.11957189356123e-114,0.826115373899307,0.521,0.217,2.13334424318093e-110,"29","Cdc42se1"
1.70836760431608e-114,0.700373623974659,0.655,0.305,3.25529447002429e-110,"29","Itgb2"
9.34816764268554e-114,0.852058587934882,0.503,0.201,1.78129334431373e-109,"29","Ncor1"
1.32555992583329e-113,0.914184849473658,0.628,0.279,2.52585443867534e-109,"29","Slc25a3"
3.79169831481063e-113,0.70126155158332,0.703,0.328,7.22508113887166e-109,"29","Ppp1r12a"
5.95871737907444e-113,0.720196333413231,0.844,0.502,1.13543359658264e-108,"29","Msn"
7.88752386609129e-113,0.78600406481149,0.626,0.286,1.5029676726837e-108,"29","Pycard"
3.48569526613978e-112,0.865615452202126,0.811,0.472,6.64199232962935e-108,"29","Cdc42"
9.10318187125111e-112,0.800345957483538,0.522,0.226,1.7346113055669e-107,"29","Gpsm3"
9.63583146211246e-112,0.808357112256265,0.521,0.209,1.83610768510553e-107,"29","Ndufc2"
2.56808124882314e-111,0.811405724217382,0.51,0.206,4.8934788196325e-107,"29","Stk11"
5.94523012237875e-111,0.811400608711993,0.506,0.206,1.13286359981927e-106,"29","Naa15"
1.80004916577336e-110,0.75747256671194,0.612,0.281,3.42999368538114e-106,"29","Srsf2"
2.70731026685559e-110,0.876528955428707,0.527,0.22,5.15877971349332e-106,"29","Rpn1"
6.54696477902851e-110,0.935620877680476,0.572,0.235,1.24752413864388e-105,"29","Ywhah"
8.40532545761804e-109,0.691025789968527,0.719,0.363,1.60163476594912e-104,"29","Syf2"
8.79824940067599e-109,0.703642648141062,0.646,0.283,1.67650642329881e-104,"29","Zfp91"
1.10221727431569e-107,0.686106242777146,0.528,0.223,2.10027501620855e-103,"29","Eif4e2"
4.21808222379383e-107,0.687168045803535,0.566,0.249,8.03755567743914e-103,"29","Poldip3"
6.68527776288671e-107,0.858501564630615,0.636,0.301,1.27387967771806e-102,"29","Ddost"
7.27753130822778e-107,0.80068588122986,0.558,0.243,1.3867335907828e-102,"29","Pdia4"
1.00166462460942e-106,0.701039644490124,0.549,0.212,1.90867194219325e-102,"29","Uqcrc1"
1.22985618803599e-106,0.734441004565258,0.613,0.281,2.34349096630258e-102,"29","Mapre1"
1.28252727934244e-106,0.730559655376828,0.58,0.25,2.44385573078702e-102,"29","Ppp2r5a"
4.33326533877264e-106,0.812154856769572,0.631,0.301,8.25703710303127e-102,"29","Tgfb1"
2.22276261687347e-105,0.870540230015007,0.565,0.255,4.23547416645239e-101,"29","Eif4b"
6.91702400699332e-105,0.816096076822688,0.622,0.287,1.31803892453258e-100,"29","Ppp2ca"
1.15862385580113e-104,0.896865674149885,0.501,0.207,2.20775775722906e-100,"29","Polr2e"
1.24658686927718e-104,0.729859085522104,0.734,0.383,2.37537127940766e-100,"29","Pdia3"
1.59896813461093e-104,0.727253408787704,0.57,0.251,3.04683378050113e-100,"29","Ppp6r1"
6.22602382438001e-104,0.82160727184521,0.573,0.252,1.18636883973561e-99,"29","Bzw1"
7.61787623613527e-103,0.728375486613412,0.55,0.22,1.45158631679558e-98,"29","Gnb1"
1.34371988259928e-101,0.736095813574706,0.752,0.391,2.56045823629294e-97,"29","Arpc1b"
2.39135840472005e-101,0.769867729809826,0.551,0.229,4.55673344019406e-97,"29","Reep5"
8.54730986925874e-101,0.633277079785354,0.504,0.204,1.62868989558725e-96,"29","Rbms1"
8.85363107340031e-101,0.518019136114471,0.533,0.198,1.68705940103643e-96,"29","Calm1"
4.95240262307633e-100,0.719209086536044,0.512,0.219,9.43680319827195e-96,"29","Far1"
5.32127340278908e-100,0.537389956072884,0.578,0.26,1.01396864690146e-95,"29","Spata13"
6.56676707077253e-100,0.716327149864349,0.586,0.271,1.2512974653357e-95,"29","Tpp2"
6.56961426711779e-100,0.887861185052155,0.52,0.219,1.2518399985993e-95,"29","Cdv3"
6.69596489425624e-100,0.894912786553712,0.684,0.373,1.27591611060053e-95,"29","Zfp36l2"
4.95300995061707e-99,0.768741157467076,0.588,0.273,9.43796046090083e-95,"29","Arcn1"
5.30322293390761e-99,0.80410655295483,0.561,0.247,1.0105291300561e-94,"29","Rpn2"
8.15703186841796e-99,0.742057621390912,0.636,0.298,1.55432242252704e-94,"29","Chtop"
1.45329948213693e-98,0.766036550758613,0.605,0.275,2.76926216321191e-94,"29","Pomp"
1.62242400604505e-98,0.62600450207704,0.732,0.378,3.09152894351884e-94,"29","Ptbp3"
2.36920594729606e-98,0.703921698770557,0.59,0.273,4.51452193257264e-94,"29","Cul3"
2.39152810308406e-98,0.610603218566233,0.565,0.251,4.55705680042667e-94,"29","Pum2"
3.58127267564763e-98,0.702362015031355,0.71,0.367,6.82411508344656e-94,"29","Mlec"
6.00414454735465e-98,0.770351424028419,0.698,0.351,1.14408974349843e-93,"29","Srrm1"
6.70521981620196e-98,0.597963368386385,0.505,0.197,1.27767963597728e-93,"29","Ogdh"
9.96210389600148e-98,0.704441407169903,0.612,0.289,1.89827889738308e-93,"29","Arl6ip5"
1.27320129669676e-97,0.532961397422906,0.549,0.237,2.42608507085567e-93,"29","Tardbp"
1.38608151385339e-97,0.687770164011573,0.509,0.219,2.64117832464764e-93,"29","Cep120"
2.23565785250475e-97,0.694033161554353,0.601,0.266,4.2600460379478e-93,"29","Snx3"
2.22900011237782e-96,0.775772884095185,0.511,0.212,4.24735971413593e-92,"29","Ssr1"
2.28656341569235e-96,0.863789078951378,0.578,0.263,4.35704658860178e-92,"29","Tram1"
9.74977875965207e-96,0.701408238050467,0.564,0.257,1.8578203426517e-91,"29","Maea"
1.09559034401636e-94,0.667194976630476,0.55,0.245,2.08764740052318e-90,"29","Zfp207"
1.25054315261494e-94,0.631126273577442,0.529,0.232,2.38290997730776e-90,"29","Tle3"
1.6537506014176e-94,0.68379842334019,0.507,0.209,3.15122177100123e-90,"29","Ubtf"
7.50733041140816e-94,0.876692244511851,0.524,0.249,1.43052180989382e-89,"29","Itgav"
7.98700130791357e-94,0.669068343294192,0.513,0.221,1.52192309922293e-89,"29","Becn1"
2.78315150083182e-93,0.655973975260489,0.538,0.245,5.30329518483503e-89,"29","Capns1"
3.41881705957834e-93,0.792529581046726,0.546,0.25,6.51455590702653e-89,"29","Lman2"
7.01135622933771e-93,0.937456900982131,0.531,0.235,1.3360139295003e-88,"29","Psma3"
9.63738872361077e-93,0.570230543509765,0.611,0.265,1.83640442128403e-88,"29","Paip2"
1.50689646478418e-92,0.717188358253339,0.625,0.303,2.87139121364625e-88,"29","Hnrnpk"
3.09572567579943e-92,0.910540549907799,0.676,0.365,5.89890527523581e-88,"29","Gdi2"
4.86082803103882e-92,0.777854560440863,0.547,0.253,9.26230781314447e-88,"29","Tln1"
1.4262795821631e-91,0.636391753834165,0.627,0.299,2.71777574381179e-87,"29","Supt20"
1.98834337000073e-91,0.696378253662149,0.5,0.216,3.78878829153638e-87,"29","Wapl"
2.79415136006054e-91,0.607684688674084,0.541,0.251,5.32425541659537e-87,"29","Ccdc88b"
2.88628314160714e-91,0.755015500080832,0.533,0.227,5.4998125263324e-87,"29","Tomm20"
1.4810990094464e-90,0.712123420398666,0.581,0.268,2.82223416250012e-86,"29","Dnaja2"
2.13756749502768e-89,0.589348863905508,0.521,0.227,4.07313486177525e-85,"29","Cdc73"
5.50187846887446e-89,0.543836528495586,0.751,0.412,1.04838294224403e-84,"29","Hnrnpm"
2.38704609385664e-88,0.541926718782334,0.638,0.34,4.54851633184382e-84,"29","Ptk2b"
2.44036036368437e-88,0.625858676209594,0.511,0.231,4.65010667300057e-84,"29","Atp13a3"
2.47212366179871e-88,0.526488849398123,0.627,0.305,4.71063163755745e-84,"29","Dock10"
4.94669757879558e-88,0.703783447418984,0.528,0.247,9.42593223639498e-84,"29","Tax1bp1"
3.07164643957853e-87,0.567437577295238,0.537,0.248,5.85302229061689e-83,"29","Rcsd1"
3.66300406750283e-87,0.664001872505898,0.563,0.278,6.97985425062665e-83,"29","Tm9sf3"
1.83896685278081e-86,0.688497521654056,0.658,0.361,3.50415133797384e-82,"29","Tapbp"
3.47705833674013e-86,0.720122137744189,0.615,0.307,6.62553466065832e-82,"29","Psenen"
3.6501898425417e-86,0.602516555038558,0.584,0.281,6.9554367449632e-82,"29","Ranbp2"
8.51207181482426e-86,0.524106261065592,0.54,0.231,1.62197528431476e-81,"29","Taldo1"
9.84977129415377e-86,0.557487993114308,0.694,0.355,1.876873920101e-81,"29","Acly"
1.08863160489595e-85,0.66677931712289,0.573,0.28,2.07438752312923e-81,"29","Arf1"
8.86814556906136e-85,0.537776583321952,0.519,0.244,1.68982513818464e-80,"29","Chmp1b"
2.75366682890542e-84,0.734651415524942,0.762,0.453,5.24711214247928e-80,"29","Gnai2"
1.70317632330169e-83,0.593853854146954,0.697,0.36,3.24540248405138e-79,"29","Gnas"
2.84926201153161e-83,0.531743794291056,0.513,0.225,5.42926876297348e-79,"29","Ndufs3"
1.01483238641554e-82,0.576113323895668,0.592,0.279,1.93376311231482e-78,"29","Psmd8"
2.31892499282342e-82,0.50392944049907,0.507,0.23,4.41871157382503e-78,"29","Rbm14"
3.48162148871854e-82,0.558936225138882,0.545,0.269,6.63422974675318e-78,"29","Crlf3"
4.50098983448188e-82,0.628943200874033,0.589,0.285,8.57663612960523e-78,"29","Eloa"
1.80110474198951e-81,0.599568028489738,0.556,0.271,3.43200508586101e-77,"29","Grcc10"
2.50041934561324e-81,0.608433049230172,0.544,0.263,4.76454906306603e-77,"29","Lrrc59"
5.21432583648937e-81,0.578210339934524,0.587,0.299,9.9358978814305e-77,"29","Ankrd13a"
2.00987099497429e-80,0.527866071882407,0.532,0.259,3.82980918092352e-76,"29","Dhx38"
4.2646191704236e-80,0.65673678304783,0.579,0.286,8.12623182924217e-76,"29","Dnajb6"
4.60722673508042e-80,0.553807397544371,0.555,0.282,8.77907054369574e-76,"29","Nxf1"
6.10518650956018e-80,0.618897722191346,0.561,0.279,1.16334328939669e-75,"29","Mob1a"
1.77705585521456e-78,0.647660667585061,0.512,0.247,3.38617993211134e-74,"29","Nup98"
2.32199588525338e-78,0.510480894160168,0.67,0.35,4.42456315935032e-74,"29","Tial1"
1.48345166577194e-77,0.580840869127932,0.536,0.261,2.82671714912842e-73,"29","Tbl1xr1"
1.07128898172089e-76,0.501302281322039,0.588,0.285,2.04134115466916e-72,"29","Eif4a2"
2.54254937933252e-75,0.525208114560296,0.657,0.351,4.84482784231811e-71,"29","Hnrnph1"
1.54318783655681e-74,0.512447461097916,0.51,0.241,2.940544422559e-70,"29","Tra2a"
1.06311838569096e-73,0.519781306866227,0.568,0.285,2.02577208393412e-69,"29","Dusp11"
4.63322317447703e-72,0.518218572171957,0.707,0.395,8.82860675896599e-68,"29","Ube2b"
1.39141934392698e-69,0.567892642464755,0.744,0.442,2.65134955985286e-65,"29","Fus"
6.41394331449852e-68,0.505780010307024,0.523,0.257,1.22217689857769e-63,"29","Ppp1r15b"
6.74099577857519e-66,0.534739311075863,0.657,0.363,1.2844967456075e-61,"29","Morf4l1"
2.17249413634008e-62,0.643233941152313,0.568,0.317,4.13968757679602e-58,"29","Ap3b1"
0,7.81785742021208,0.993,0.009,0,"30","Ngp"
0,6.69205400336824,0.989,0.012,0,"30","Wfdc21"
0,8.6105656669769,0.982,0.006,0,"30","Camp"
0,6.58123840344914,0.996,0.023,0,"30","S100a8"
0,6.76654507465381,0.96,0.014,0,"30","Lcn2"
0,7.25125639009638,0.953,0.007,0,"30","Ltf"
0,6.54472631320208,0.975,0.032,0,"30","Chil3"
0,5.41943273154128,0.975,0.032,0,"30","Hp"
0,6.91719283562657,0.949,0.011,0,"30","Cd177"
0,5.53914304708413,0.942,0.024,0,"30","Rab44"
0,5.4279328971121,0.928,0.017,0,"30","Nfe2"
0,10.6730598681051,0.91,0.002,0,"30","Fcnb"
0,5.01255485158967,0.978,0.072,0,"30","Anxa1"
0,5.26653404225017,0.931,0.027,0,"30","Serpinb1a"
0,7.01732667007602,0.903,0.006,0,"30","Itgb2l"
0,4.3974513673197,0.931,0.039,0,"30","Mki67"
0,4.42984021871609,0.935,0.05,0,"30","Mcemp1"
0,8.04641781938942,0.884,0.004,0,"30","Cebpe"
0,3.50201546737189,0.968,0.093,0,"30","Cd24a"
0,4.31117326461869,0.953,0.082,0,"30","Gsr"
0,5.24057037424856,0.996,0.127,0,"30","Adpgk"
0,5.40880122392286,0.87,0.011,0,"30","Lrg1"
0,4.85918712272088,0.888,0.033,0,"30","Cdca3"
0,4.20739013379721,0.903,0.049,0,"30","Sgms2"
0,4.35745193303922,0.968,0.117,0,"30","Ckap4"
0,5.15965616572068,0.866,0.019,0,"30","Chil1"
0,4.35076919688042,0.881,0.04,0,"30","Top2a"
0,3.73497900224473,0.91,0.076,0,"30","Ceacam1"
0,5.84300759285642,0.848,0.015,0,"30","Ltb4r1"
0,4.56338776694745,0.964,0.134,0,"30","Lta4h"
0,3.16660808054281,0.852,0.024,0,"30","Hdc"
0,7.53687569395111,0.83,0.004,0,"30","Abca13"
0,3.84418725212377,0.917,0.095,0,"30","Ccnd3"
0,5.85330035023499,0.841,0.025,0,"30","Rrm2"
0,3.83613363622643,0.903,0.089,0,"30","C3"
0,3.87646516181877,0.856,0.047,0,"30","Alox5"
0,5.87496203592388,0.819,0.01,0,"30","Trem3"
0,3.24070759456934,0.866,0.067,0,"30","Ncapd2"
0,4.40737430790406,0.863,0.072,0,"30","H2ax"
0,3.31715351980387,0.874,0.09,0,"30","Tfdp1"
0,4.86066076109682,0.805,0.026,0,"30","Gca"
0,3.86833659261508,0.823,0.047,0,"30","Tacc3"
0,3.4632118908107,0.83,0.059,0,"30","Incenp"
0,3.81675580490973,0.848,0.078,0,"30","Agpat2"
0,4.1156463356491,0.798,0.032,0,"30","Hsd11b1"
0,7.19591331723641,0.769,0.005,0,"30","Orm1"
0,4.11036236407848,0.798,0.036,0,"30","Cdk1"
0,4.03336410359619,0.805,0.044,0,"30","Abhd5"
0,5.06742348387862,0.773,0.015,0,"30","Pram1"
0,3.19908038575092,0.812,0.058,0,"30","Gda"
0,3.3071838865384,0.819,0.068,0,"30","Pnkp"
0,3.64816941316792,0.805,0.057,0,"30","Plp2"
0,3.66965850685056,0.809,0.061,0,"30","G6pdx"
0,4.73301180591314,0.773,0.026,0,"30","Pclaf"
0,2.62719250695264,0.812,0.067,0,"30","Slc2a3"
0,5.21260290060426,0.758,0.014,0,"30","Pglyrp1"
0,2.03514066641017,0.823,0.083,0,"30","Acap1"
0,3.1515248472147,0.801,0.062,0,"30","Dgat1"
0,4.03099653257183,0.769,0.033,0,"30","Kif23"
0,5.53841785548757,0.747,0.016,0,"30","Ifitm6"
0,4.83303918481269,0.751,0.021,0,"30","Nusap1"
0,5.47009606280685,0.736,0.01,0,"30","Mapk13"
0,4.24292051176551,0.74,0.018,0,"30","Pi16"
0,4.65308220488144,0.733,0.016,0,"30","Padi4"
0,4.4610844334622,0.758,0.043,0,"30","H1f5"
0,3.22195285028517,0.765,0.053,0,"30","Cep128"
0,4.96303024988901,0.736,0.027,0,"30","Arhgap19"
0,4.57548680472789,0.733,0.026,0,"30","Mbnl3"
0,3.0293399032886,0.791,0.086,0,"30","Ncf4"
0,4.56571767923865,0.729,0.025,0,"30","Ccna2"
0,4.2463294723172,0.718,0.029,0,"30","Pygl"
0,4.75093608143159,0.697,0.021,0,"30","Cdca8"
0,2.60623316145547,0.751,0.076,0,"30","Rab27a"
0,3.43413147189419,0.711,0.049,0,"30","Cdkn2c"
0,2.93546017526249,0.708,0.046,0,"30","Atp2a3"
0,3.79125695158541,0.697,0.035,0,"30","Cip2a"
0,4.04898415784092,0.7,0.043,0,"30","H2ac8"
0,3.23651800802406,0.686,0.031,0,"30","Rnf144a"
0,4.08608214302329,0.679,0.026,0,"30","Tpx2"
0,5.17483861460617,0.661,0.008,0,"30","Klf5"
0,3.65792449131578,0.682,0.035,0,"30","Smc2"
0,4.8590500890434,0.671,0.024,0,"30","H2ac24"
0,5.21367220568849,0.657,0.011,0,"30","Adgrg3"
0,3.52499913612723,0.679,0.035,0,"30","Knstrn"
0,4.5383382499474,0.657,0.02,0,"30","Birc5"
0,2.94352685651126,0.679,0.044,0,"30","Ly75"
0,4.37822175302852,0.65,0.019,0,"30","Ccnb2"
0,4.04905683563764,0.646,0.024,0,"30","Dgat2"
0,3.36388893712946,0.635,0.026,0,"30","Megf9"
0,4.08871530798852,0.632,0.024,0,"30","Foxm1"
0,3.47861620560797,0.643,0.036,0,"30","Rrm1"
0,4.91863439806455,0.621,0.016,0,"30","Mgst2"
0,5.27023840267592,0.617,0.012,0,"30","Depdc1b"
0,3.21098631703969,0.646,0.044,0,"30","Cdkn2d"
0,3.90369266085798,0.614,0.014,0,"30","Inhba"
0,4.15323417506831,0.621,0.022,0,"30","Dlgap5"
0,6.18999706846871,0.599,0.004,0,"30","Slco4c1"
0,5.32191732307131,0.603,0.008,0,"30","Ly6g"
0,4.63638769661267,0.61,0.017,0,"30","Ube2c"
0,3.1818009386184,0.632,0.042,0,"30","Spn"
0,3.71199146766018,0.614,0.026,0,"30","Stk26"
0,3.98106050888919,0.606,0.023,0,"30","Hmmr"
0,3.86689374507112,0.606,0.023,0,"30","Kif11"
0,1.54044597957745,0.632,0.058,0,"30","Sell"
0,2.21979190606165,0.617,0.044,0,"30","Slfn4"
0,2.79642371890864,0.606,0.034,0,"30","Il18rap"
0,4.51467828474377,0.585,0.017,0,"30","Pilrb2"
0,3.01889625716776,0.599,0.032,0,"30","Trem1"
0,2.83847414330506,0.617,0.053,0,"30","S1pr4"
0,8.52848581758965,0.563,0.001,0,"30","Ms4a3"
0,4.12566648860367,0.585,0.024,0,"30","Clspn"
0,3.06169718425041,0.588,0.027,0,"30","Rhou"
0,2.27339156658804,0.603,0.043,0,"30","Ckap2l"
0,3.87145996608498,0.574,0.015,0,"30","Pxylp1"
0,3.24828028838342,0.599,0.042,0,"30","Mcm7"
0,3.06616593126656,0.596,0.042,0,"30","Plk4"
0,4.5378220470453,0.563,0.014,0,"30","Olfml2b"
0,4.46248328645,0.56,0.014,0,"30","Tmem216"
0,2.95122013696249,0.588,0.044,0,"30","Cpne2"
0,4.23820849302985,0.56,0.019,0,"30","Kif15"
0,3.96438206907154,0.567,0.026,0,"30","Uhrf1"
0,2.96421760374123,0.56,0.021,0,"30","Dach1"
0,2.50252990494668,0.581,0.043,0,"30","Gys1"
0,3.5912414293614,0.563,0.028,0,"30","Racgap1"
0,2.45479461264402,0.57,0.036,0,"30","Slpi"
0,3.49448602014878,0.556,0.025,0,"30","Cdca2"
0,3.68618569056653,0.538,0.013,0,"30","F5"
0,3.52342010554028,0.56,0.035,0,"30","Gmnn"
0,3.10424206204254,0.563,0.041,0,"30","Slc25a24"
0,2.90625316484722,0.549,0.031,0,"30","Tuba4a"
0,4.00724954830039,0.534,0.02,0,"30","Slc43a3"
0,3.25766425001137,0.534,0.026,0,"30","Ect2"
0,5.19137835247158,0.513,0.006,0,"30","Tmem40"
0,4.27742623340985,0.52,0.015,0,"30","Neil3"
0,3.56084387454721,0.531,0.028,0,"30","Fpr2"
0,4.11784680855598,0.52,0.018,0,"30","Depdc1a"
0,4.26891744195615,0.516,0.016,0,"30","Prr11"
0,4.00863670935623,0.523,0.028,0,"30","Tcf19"
8.69329357264971e-304,3.19826344552731,0.794,0.075,1.6565070902684e-299,"30","Cks2"
3.81201485379822e-302,2.91237405124895,0.787,0.082,7.2637943039125e-298,"30","Gpc1"
4.85093237381387e-302,6.25718537064141,0.996,0.026,9.24345163830232e-298,"30","S100a9"
4.08671672562711e-301,2.74451625250273,0.668,0.062,7.78723872068246e-297,"30","Plscr1"
8.55344276265804e-301,2.98627708857112,0.52,0.04,1.62985851842449e-296,"30","Ptpn7"
1.44972828533628e-296,3.14576093853769,0.939,0.101,2.76245724770828e-292,"30","Vcl"
1.16915427781416e-292,2.99960212867331,0.625,0.054,2.22782347637489e-288,"30","Ncapg2"
5.49644251907432e-287,3.30144020071915,0.924,0.117,1.04734712200961e-282,"30","Lbr"
5.88579387232718e-285,2.79507451693028,0.903,0.094,1.12153802237194e-280,"30","Msra"
1.15335811878464e-284,2.08415773988454,0.661,0.065,2.19772389534412e-280,"30","Rasgrp2"
1.1378280620989e-280,2.95403208866523,0.773,0.073,2.16813137232946e-276,"30","Flot2"
2.62991587989677e-275,1.41315145937799,0.715,0.084,5.01130470914329e-271,"30","Septin1"
2.8169049815731e-273,2.34122555720168,0.809,0.099,5.36761244238754e-269,"30","Mgst1"
1.41555818807858e-272,2.8502477413207,0.856,0.094,2.69734612738374e-268,"30","Smc4"
1.05167391400499e-271,3.81656393097435,0.924,0.126,2.0039646431365e-267,"30","Dstn"
7.19803050787804e-271,2.91970820207676,0.888,0.115,1.37158471327616e-266,"30","Cnn2"
1.44432388519532e-268,2.127023562165,0.505,0.04,2.75215916323967e-264,"30","Nxn"
1.16675355342949e-267,2.99281538232328,0.791,0.113,2.22324889605989e-263,"30","Cybb"
5.82387168039317e-266,2.42866629732768,0.787,0.107,1.10973874869892e-261,"30","Clec12a"
1.00891748144355e-265,2.6882640337684,0.827,0.095,1.92249226089069e-261,"30","Anxa11"
2.90340079861329e-265,2.64801808327483,0.585,0.056,5.53243022175763e-261,"30","Clec4a2"
1.47681077658927e-264,3.07591602509393,0.906,0.084,2.81406293479086e-260,"30","Stmn1"
6.69870406280957e-264,2.70096499451727,0.783,0.081,1.27643805916836e-259,"30","Slc27a4"
9.06237209812441e-264,2.87414254613576,0.505,0.042,1.72683500329761e-259,"30","Aldh3b1"
1.20159956700137e-260,2.9618145103497,0.531,0.044,2.28964797492112e-256,"30","Cdk2"
2.99442992085781e-255,2.89779912704198,0.704,0.08,5.70588621419455e-251,"30","Ethe1"
5.10691398022714e-255,2.23578085907646,0.563,0.053,9.73122458932281e-251,"30","Pilra"
1.78692492267349e-252,2.78256164946429,0.588,0.06,3.40498544015434e-248,"30","Acsl1"
3.24726492152537e-251,2.07244636447411,0.679,0.072,6.18766330796659e-247,"30","Larp1b"
4.18038092085381e-250,2.2937642493441,0.527,0.05,7.96571584468693e-246,"30","Fam241a"
1.77270069473301e-249,3.00523980166684,0.686,0.072,3.37788117381374e-245,"30","Fen1"
2.48435270458265e-249,2.36257902218125,0.747,0.084,4.73393407858224e-245,"30","Triobp"
4.39766433139556e-249,2.15981227181745,0.675,0.079,8.37974938347425e-245,"30","Pstpip2"
9.62422628940733e-248,2.32992326748236,0.711,0.082,1.83389631944657e-243,"30","Cebpd"
1.53452244415244e-247,2.47558186524746,0.776,0.106,2.92403251733248e-243,"30","Pstpip1"
3.18643863024803e-246,2.73726430837725,0.91,0.122,6.07175880993763e-242,"30","Gsn"
1.94462107265443e-245,2.83962299119197,0.819,0.103,3.70547545394301e-241,"30","Glrx"
4.72321768905616e-243,1.69974798171003,0.61,0.067,9.00009130649651e-239,"30","Plac8"
6.57123929254782e-242,2.68706429445636,0.747,0.099,1.25214964719499e-237,"30","Dhrs7"
4.45968836410793e-241,2.48593859154563,0.787,0.099,8.49793617780767e-237,"30","Adssl1"
9.76607772306498e-241,2.43811860603376,0.682,0.073,1.86092611013003e-236,"30","Dnajc9"
1.77564333479873e-239,2.54938379883378,0.834,0.106,3.38348837445897e-235,"30","Cdk2ap2"
1.4175255933313e-233,2.73498040673336,0.574,0.056,2.70109501809279e-229,"30","Gpi1"
1.50420992287871e-232,2.3124415140354,0.505,0.05,2.86627200804537e-228,"30","Rasgrp4"
1.10074377731593e-229,2.6356867856033,0.834,0.123,2.09746726767551e-225,"30","Chst12"
1.22034077009638e-229,2.48285658895516,0.823,0.108,2.32535933741865e-225,"30","Hjurp"
3.84922886668676e-229,2.49081258574388,0.56,0.055,7.33470560547163e-225,"30","Def6"
3.53041507189832e-227,2.42579725673193,0.596,0.063,6.72720591950225e-223,"30","Zfp367"
5.88502681475237e-227,3.02516310402848,0.686,0.084,1.12139185955106e-222,"30","Gadd45a"
9.60606734151843e-226,2.32337449062721,0.726,0.095,1.83043613192634e-221,"30","Ppm1m"
9.76435728579928e-223,2.99272112045088,0.993,0.192,1.86059828080905e-218,"30","S100a11"
8.1191783565181e-222,2.33866175700194,0.661,0.085,1.54710943583452e-217,"30","Plbd1"
1.16790752895348e-219,2.24397392028565,0.621,0.067,2.22544779642086e-215,"30","Me2"
8.05899750502694e-219,2.19853202476337,0.675,0.072,1.53564197458288e-214,"30","Lmo4"
7.78477062977976e-218,3.71980238834678,0.989,0.219,1.48338804350453e-213,"30","Tkt"
5.45027440708589e-216,2.13845312761196,0.903,0.129,1.03854978827022e-211,"30","Actn1"
1.3172393584553e-214,2.12838273884929,0.596,0.056,2.50999959753657e-210,"30","Golim4"
5.39066105174481e-214,2.29693688862695,0.628,0.074,1.02719046340997e-209,"30","Sqor"
2.03026605700465e-210,1.0538058165013,0.563,0.086,3.86867197162235e-206,"30","Septin5"
5.81856316308534e-210,2.6278809998688,0.91,0.145,1.10872721072591e-205,"30","Mxd1"
7.74373085533544e-205,1.66257869941226,0.736,0.101,1.47556791448417e-200,"30","Pde2a"
1.54385130797928e-204,2.32429425199622,0.643,0.085,2.94180866735451e-200,"30","Fgr"
1.68124933084431e-204,2.21507173641604,0.899,0.15,3.20362059992383e-200,"30","Nin"
4.37240255852635e-203,3.49940429926918,0.971,0.216,8.33161307527196e-199,"30","Aldh2"
6.52756314212567e-203,2.40865806296111,0.953,0.146,1.24382715673205e-198,"30","Msrb1"
7.91537545487943e-202,2.07047228676825,0.711,0.099,1.50827479292727e-197,"30","Tmpo"
4.32914031947297e-198,2.63228914067941,0.513,0.05,8.24917687875574e-194,"30","Mcm4"
2.85649400926439e-197,2.67998224450908,0.87,0.164,5.44304933465329e-193,"30","Cpne3"
1.55810454067655e-195,2.78351464867411,0.91,0.175,2.96896820225918e-191,"30","Plaur"
3.09221938044973e-194,2.01700412866526,0.736,0.099,5.89222402944696e-190,"30","Atrn"
3.35881544166798e-193,2.62630401564646,0.906,0.164,6.40022282409834e-189,"30","Flna"
7.34974880192371e-193,1.89173236103481,0.856,0.143,1.40049463420656e-188,"30","Tbc1d8"
9.01094310413143e-193,2.26111271651371,0.729,0.101,1.71703520849224e-188,"30","Rpia"
1.98443639391869e-192,2.45469657089106,0.888,0.156,3.78134354861206e-188,"30","Ero1a"
1.16102054436041e-191,3.25441361531929,0.971,0.218,2.21232464727877e-187,"30","Prdx5"
2.65556687425298e-191,3.28908277733166,0.975,0.265,5.06018267888906e-187,"30","Rac2"
3.31380014618623e-190,3.63386330619867,0.996,0.37,6.31444617855786e-186,"30","Arhgdib"
1.0492230502868e-187,2.26325119707147,0.505,0.054,1.9992945223215e-183,"30","Topbp1"
3.90446776764954e-187,1.51390164223243,0.668,0.082,7.43996333125619e-183,"30","Igf1r"
4.02240426931127e-187,1.0846728233433,0.769,0.129,7.66469133517262e-183,"30","Syne1"
4.30608590932504e-185,2.0674747911444,0.697,0.103,8.20524670021886e-181,"30","Kctd20"
3.11895058600252e-184,2.25037755782128,0.812,0.138,5.9431603416278e-180,"30","Sp140"
4.37063991142769e-184,2.19793659325868,0.83,0.152,8.32825435122546e-180,"30","Hk3"
1.99184550535727e-180,0.788543941866454,0.509,0.066,3.79546161045828e-176,"30","Ica1"
1.29518233577206e-179,1.98367195218272,0.646,0.093,2.46796994081367e-175,"30","Rgcc"
4.29243193632773e-179,2.16075493955103,0.542,0.06,8.1792290546725e-175,"30","Cdadc1"
3.1674392648203e-177,1.61964776849412,0.556,0.073,6.03555551911508e-173,"30","Stx11"
4.17807497319937e-177,2.30675990413364,0.83,0.156,7.96132186143141e-173,"30","Igsf6"
2.60784720481199e-176,2.03697754319169,0.542,0.058,4.96925284876926e-172,"30","Calcrl"
4.80914828689693e-174,2.640406846307,0.892,0.146,9.1638320606821e-170,"30","H2az2"
5.93750789610883e-174,1.87565609595578,0.549,0.075,1.13139212960354e-169,"30","Qsox1"
6.11308769028038e-173,2.10713219752501,0.523,0.064,1.16484885938293e-168,"30","Pold1"
1.3030099506253e-171,2.55063438014923,0.964,0.193,2.48288546091652e-167,"30","H2az1"
1.41465655431113e-169,1.8554809832328,0.711,0.105,2.69562806423985e-165,"30","Lnpk"
6.72126179682491e-169,1.96147159643417,0.509,0.066,1.28073643538499e-164,"30","Usp1"
4.57455189555762e-168,2.11616954305154,0.502,0.052,8.71680863698505e-164,"30","Igfbp4"
1.69394241720155e-167,2.43057174730101,0.975,0.208,3.22780727597755e-163,"30","Fam107b"
1.21311368571102e-166,2.34581643129094,0.87,0.18,2.31158812812234e-162,"30","Pgd"
5.00130715352615e-165,2.13590856038574,0.523,0.066,9.52999078104409e-161,"30","Bub3"
5.8724808722584e-165,2.0197950522929,0.747,0.134,1.11900123020884e-160,"30","Pfn1"
7.33690649086383e-164,1.99852443245087,0.516,0.062,1.3980475318341e-159,"30","Rad21"
1.69887918774022e-163,1.91833637624364,0.563,0.078,3.23721429223899e-159,"30","Slbp"
5.81848724093539e-163,2.21261403328541,0.827,0.164,1.10871274376024e-158,"30","Cyb5r4"
6.70520134796393e-163,2.86058668076197,0.758,0.137,1.27767611685453e-158,"30","Zmpste24"
7.94445684359711e-162,1.96077126245446,0.697,0.108,1.51381625154743e-157,"30","Anp32e"
1.38180944180226e-161,2.26456172672126,0.856,0.13,2.6330378913542e-157,"30","R3hdm4"
3.33679247616838e-161,2.3224044953685,0.949,0.209,6.35825806333884e-157,"30","Lmnb1"
7.99324703940971e-161,1.90876596670705,0.697,0.119,1.52311322335952e-156,"30","Ano10"
1.66032505196631e-160,2.14197554714118,0.621,0.098,3.16374938652181e-156,"30","Tagln2"
7.10222717822263e-160,2.38874211244492,0.968,0.244,1.35332938881032e-155,"30","Ak2"
1.2586784442417e-159,1.81376032434577,0.625,0.093,2.39841177550256e-155,"30","Apmap"
5.16963501900514e-158,1.98408323669356,0.585,0.082,9.85073952871429e-154,"30","Fbxl14"
1.04810120103394e-156,2.74714074610058,0.964,0.328,1.99715683857016e-152,"30","Sun2"
1.50493782676408e-156,1.89499121840487,0.711,0.124,2.86765902889896e-152,"30","Atg101"
4.17655774168142e-154,1.88130206952148,0.643,0.1,7.95843077677395e-150,"30","Wdr5"
4.03984586868709e-152,1.6093917241254,0.635,0.099,7.69792630278325e-148,"30","Prkag1"
2.31204894307839e-151,1.8527502247149,0.693,0.093,4.40560926103587e-147,"30","Tubb4b"
8.22224901624966e-151,1.88230330920488,0.516,0.071,1.56674955004637e-146,"30","Ugdh"
1.08581643335495e-150,1.90923392447184,0.729,0.137,2.06902321375786e-146,"30","Parvg"
2.27165846603926e-150,2.23017728511816,0.502,0.071,4.32864520703782e-146,"30","Casp7"
6.65927756249955e-148,1.83319637168263,0.639,0.103,1.26892533953429e-143,"30","Ppp1ca"
1.56231692402106e-146,1.59523941916963,0.682,0.119,2.97699489872213e-142,"30","Stxbp5"
2.34083829779135e-146,2.13797150536442,0.986,0.304,4.46046737644143e-142,"30","Alox5ap"
2.7170088443614e-146,1.56479512331872,0.736,0.14,5.17726035293064e-142,"30","Capn1"
5.59882383302235e-146,2.05654835161552,0.91,0.226,1.06685588138241e-141,"30","Gpsm3"
8.11197193787246e-145,2.36723909811053,0.917,0.232,1.5457362527616e-140,"30","Taldo1"
1.14790656124478e-142,1.51910804655977,0.585,0.084,2.18733595245192e-138,"30","Nudt4"
1.56586710666464e-142,1.59961014627904,0.516,0.082,2.98375977174946e-138,"30","Stim1"
2.31698522184071e-142,1.44305838645046,0.65,0.103,4.41501534021748e-138,"30","Ankrd28"
6.31904804824877e-141,1.77528713888592,0.538,0.076,1.2040946055938e-136,"30","Zfp414"
1.22161426683067e-140,1.52484454534267,0.755,0.142,2.32778598544584e-136,"30","Gyg"
1.61850088914023e-140,1.5483664095546,0.578,0.097,3.08405344425671e-136,"30","Nfu1"
3.55561869163599e-140,1.56843391434182,0.769,0.14,6.77523141691237e-136,"30","Grk6"
4.05445452199101e-140,2.11917894722591,0.841,0.186,7.72576309165386e-136,"30","Slc35e1"
5.61044335899152e-140,1.67358130974166,0.736,0.142,1.06906998205583e-135,"30","B3gnt2"
1.60357140633523e-139,1.61440431529461,0.736,0.146,3.05560531477177e-135,"30","Mtmr3"
1.35533027943393e-138,2.20392155702562,0.996,0.374,2.58258184746136e-134,"30","Coro1a"
3.13965373739217e-138,1.26705077429056,0.653,0.119,5.98261019660078e-134,"30","Slc16a3"
3.62196614422034e-138,1.78901185867317,0.682,0.139,6.90165648781187e-134,"30","Rbfa"
5.93757565066462e-138,1.65749407533866,0.538,0.087,1.13140504023414e-133,"30","Tmem38b"
9.47076793806888e-138,1.81394002048042,0.859,0.168,1.80465483059903e-133,"30","Cyfip2"
1.64418042312675e-137,1.63883010400471,0.531,0.086,3.13298579626802e-133,"30","Bin3"
2.21701485460989e-137,1.65867884285259,0.56,0.085,4.22452180545915e-133,"30","Micu1"
5.9388633190231e-137,2.2006153555145,0.744,0.154,1.13165040543985e-132,"30","Tmed3"
1.14138003641768e-135,1.85396836730296,0.556,0.097,2.17489965939389e-131,"30","Xdh"
2.45540579754261e-134,1.72710042379683,0.682,0.127,4.67877574721745e-130,"30","Asnsd1"
1.4043088470627e-133,1.90848039374284,0.801,0.149,2.67591050807797e-129,"30","Ppp2cb"
9.44129136888145e-133,1.40112842303947,0.523,0.086,1.79903807034036e-128,"30","Fhip1b"
9.95408519927431e-133,1.8952073432094,0.931,0.232,1.89675093472172e-128,"30","Emp3"
6.02153547349791e-132,2.44681682896008,0.87,0.203,1.14740358447503e-127,"30","Tubb5"
2.15783500134165e-130,1.73359849899204,0.704,0.134,4.11175459505652e-126,"30","Dnmt1"
2.17152760929453e-130,1.81158214539989,0.538,0.093,4.13784585951073e-126,"30","Ints12"
3.30976420881309e-130,1.70482921893405,0.791,0.17,6.30675569989333e-126,"30","Rab5if"
1.93761587594459e-129,1.61582405975793,0.765,0.162,3.69212705161242e-125,"30","Arhgap9"
2.35704008910865e-129,1.79332883265311,0.838,0.183,4.49133988979653e-125,"30","Ndufb7"
1.6255086012004e-128,3.18166759063745,0.888,0.278,3.09740663958737e-124,"30","H1f4"
4.37287528111511e-127,1.31223141215052,0.556,0.098,8.33251384816484e-123,"30","Carhsp1"
4.69464457710894e-127,1.45570601678599,0.621,0.117,8.94564524168109e-123,"30","Ap2s1"
6.58756734223775e-127,1.84043719763864,0.711,0.155,1.2552609570634e-122,"30","Hlx"
4.54915075848664e-126,1.70902507675043,0.686,0.14,8.66840677029628e-122,"30","Commd1"
6.15072414732969e-126,1.31287057313878,0.588,0.095,1.17202048627367e-121,"30","Strn"
9.09583549271253e-126,1.2221749671258,0.657,0.13,1.73321145313637e-121,"30","Arid3a"
4.6556851497226e-125,1.88260500374687,0.968,0.329,8.87140805279641e-121,"30","Ncf1"
5.67730430944994e-125,1.26003930025874,0.513,0.097,1.08181033616569e-120,"30","Atg9a"
1.00186201490816e-124,1.59242571118396,0.866,0.18,1.90904806940749e-120,"30","Sorl1"
1.39343137551301e-124,1.4292404488634,0.545,0.096,2.65518348604004e-120,"30","Ezr"
1.39704585292512e-124,1.22326449316806,0.704,0.139,2.66207087274882e-120,"30","Zdhhc18"
1.70582327784047e-124,2.1098432612065,0.971,0.314,3.25044625592502e-120,"30","H3f3a"
2.21392168883012e-123,1.79262995065902,0.841,0.206,4.2186277780658e-119,"30","Was"
1.44367734607942e-122,1.39163919892954,0.661,0.121,2.75092718295433e-118,"30","Mpc2"
2.29401142160721e-122,1.73467298646642,0.592,0.109,4.37123876387254e-118,"30","Nup62"
4.43973300532733e-122,1.60136828154936,0.549,0.095,8.45991124165122e-118,"30","Cdca4"
6.23577969066143e-122,1.5791968186038,0.96,0.226,1.18822782005554e-117,"30","Txn1"
1.14397881610256e-120,1.76294117541387,0.527,0.091,2.17985163408343e-116,"30","Mapkapk3"
1.75905083750966e-120,1.60074572147697,0.527,0.088,3.35187137087466e-116,"30","Rbbp8"
1.29394801313104e-118,1.13029013567132,0.657,0.132,2.4656179390212e-114,"30","Irag2"
2.12465064611175e-118,1.60558134876595,0.585,0.123,4.04852180616594e-114,"30","Stom"
5.83208992692008e-118,1.53121623714389,0.639,0.112,1.11130473557462e-113,"30","Pgk1"
1.57008508037185e-117,1.66434266934379,0.794,0.206,2.99179712064855e-113,"30","Rhog"
2.65747415055084e-117,1.70966844100574,0.563,0.093,5.06381699387462e-113,"30","Sephs2"
9.38313666018189e-116,1.53288787448854,0.661,0.127,1.78795669059766e-111,"30","Mettl9"
1.2599355225637e-115,1.99978763252578,0.921,0.295,2.40080713824514e-111,"30","Tuba1c"
1.50530893682388e-115,0.833113874061755,0.686,0.151,2.8683661791179e-111,"30","Lyz2"
1.54841922828998e-115,1.55704870646745,0.61,0.137,2.95051283950656e-111,"30","Ostf1"
8.84584019322903e-115,1.59598497900962,0.505,0.09,1.68557484881979e-110,"30","Tbrg1"
1.12131990623885e-114,1.47077948080191,0.542,0.105,2.13667508133812e-110,"30","Ap5b1"
4.89593810544168e-114,1.52090730099142,0.549,0.092,9.32921005991912e-110,"30","Lsm2"
1.28584262447775e-113,1.55385255100166,0.505,0.08,2.45017312094235e-109,"30","Pih1d1"
1.43326651649359e-113,1.28599494503208,0.538,0.109,2.73108934717853e-109,"30","Samsn1"
3.68439782853908e-112,1.42546601975604,0.556,0.106,7.02062006228122e-108,"30","Med30"
7.70755358196733e-112,0.813366016438645,0.545,0.113,1.46867433504387e-107,"30","Itgal"
1.57566710309164e-111,0.911552441575709,0.621,0.122,3.00243366494112e-107,"30","Nsd2"
2.00446489901769e-111,2.01674822261657,0.946,0.309,3.81950786507821e-107,"30","Gpx1"
2.24408566912142e-110,1.16856394446323,0.516,0.099,4.27610524251087e-106,"30","Ywhab"
2.3886983058476e-110,1.31103163554109,0.516,0.102,4.5516646217926e-106,"30","Clec5a"
2.40899523520088e-110,1.40078154241182,0.711,0.164,4.59034042067528e-106,"30","Abracl"
6.91740127457954e-110,1.39524924665608,0.69,0.173,1.31811081287113e-105,"30","Plcb2"
7.89664186147064e-110,1.44370945342877,0.7,0.157,1.50470510670323e-105,"30","Lyst"
1.35514761484926e-109,1.72406274156857,0.899,0.257,2.58223378009526e-105,"30","Sh3bgrl3"
1.8860083348644e-109,1.37354615786794,0.845,0.218,3.59378888208412e-105,"30","Tspo"
1.30769949235166e-108,0.947622869636338,0.57,0.126,2.49182138267609e-104,"30","Iqgap2"
1.13723113606667e-107,1.53391150003811,0.776,0.183,2.16699392977504e-103,"30","Npepps"
3.07706756395426e-107,1.26530908653067,0.751,0.166,5.86335224311485e-103,"30","Rab28"
3.2362062102777e-107,1.09555256077849,0.527,0.099,6.16659093368415e-103,"30","Rell1"
3.72274507788103e-107,1.69127647067386,0.935,0.283,7.0936907459023e-103,"30","Slfn2"
4.72896560234984e-107,1.15353429787495,0.52,0.098,9.01104395527761e-103,"30","Septin9"
5.19631508548489e-107,1.80466588346373,0.921,0.306,9.90157839539146e-103,"30","Itgb2"
3.97024498898253e-106,0.985858562195108,0.617,0.145,7.5653018265062e-102,"30","Cd44"
4.74525621326403e-106,1.67087954014096,0.906,0.281,9.04208571437461e-102,"30","Gnai3"
1.81590384398039e-105,1.46396795733756,0.527,0.1,3.46020477470464e-101,"30","Eri1"
3.01610359442717e-105,1.28642345841999,0.534,0.097,5.74718539918098e-101,"30","Psmd13"
4.11256209316846e-105,1.5611445173141,0.581,0.103,7.8364870685325e-101,"30","Ssrp1"
1.79466995619296e-104,1.6824968937472,0.841,0.248,3.41974360152569e-100,"30","Myh9"
2.71979448364047e-104,1.03372307136218,0.639,0.133,5.18256838857692e-100,"30","Map4k2"
2.7540038017421e-104,0.688197693525452,0.704,0.166,5.24775424421957e-100,"30","Ets1"
3.94615871242589e-104,1.40277581453171,0.718,0.168,7.51940542652753e-100,"30","Arfgef1"
7.35495308894173e-104,1.65682636471864,0.877,0.255,1.40148631109785e-99,"30","Cyba"
7.4442573795878e-104,1.13698548206403,0.787,0.183,1.41850324368045e-99,"30","Smc1a"
3.87922174961382e-103,1.55065515098692,0.895,0.251,7.39185704388914e-99,"30","Ppp2r5a"
4.56242858209349e-103,0.689437921938575,0.722,0.185,8.69370766317914e-99,"30","Adgre5"
1.09472741788568e-102,1.22950961786746,0.567,0.12,2.08600309478115e-98,"30","Ldha"
2.33949308190782e-102,0.962852997397621,0.552,0.11,4.45790406757535e-98,"30","Lsm3"
5.89843224197584e-102,1.67126727915389,0.917,0.31,1.1239462637085e-97,"30","Vasp"
7.05356876335478e-102,1.31146196846627,0.625,0.136,1.34405752785725e-97,"30","Ncoa4"
1.19663915041352e-101,0.553684141529453,0.563,0.128,2.28019590111297e-97,"30","Optn"
1.24520910490882e-101,1.26728439177962,0.592,0.106,2.37274594940376e-97,"30","Nasp"
7.73117041561513e-101,1.38953721199935,0.617,0.136,1.47317452269546e-96,"30","Klf11"
9.44945533773768e-101,1.26592500844487,0.549,0.11,1.80059371460592e-96,"30","Zdhhc3"
4.67482372913797e-100,1.41921309815549,0.866,0.241,8.90787661587241e-96,"30","Tecr"
8.98370642505967e-100,1.43743078649079,0.87,0.248,1.71184525929512e-95,"30","Baz1a"
1.88142797485966e-98,1.36138052074918,0.621,0.135,3.58506100609508e-94,"30","Snrpd1"
3.56074712137988e-98,1.50713392968143,0.534,0.103,6.78500363978936e-94,"30","Dpy30"
1.81330711237619e-97,1.25972146306596,0.783,0.193,3.45525670263284e-93,"30","Dars"
7.67820767406718e-97,1.15771911815769,0.534,0.12,1.4630824722935e-92,"30","Sema4a"
8.17582715291583e-97,0.888802197324776,0.56,0.121,1.55790386398811e-92,"30","Gtpbp1"
1.92391100267826e-96,1.24177797853246,0.653,0.153,3.66601241560342e-92,"30","Sort1"
4.07475090858349e-96,1.22615330513054,0.711,0.183,7.76443785630583e-92,"30","Ubald2"
3.82726290192233e-95,1.79958660083962,0.639,0.138,7.29284945961301e-91,"30","H3c1"
7.14615574482725e-95,1.09222167181282,0.585,0.135,1.36169997717683e-90,"30","Ssu72"
4.48182366215575e-94,1.35367546599583,0.856,0.248,8.54011498823779e-90,"30","Rcsd1"
1.29814704798571e-93,1.24718397390789,0.513,0.1,2.47361919993677e-89,"30","Rnf19a"
1.73658585319738e-92,0.862882656111595,0.509,0.1,3.3090643432676e-88,"30","Paxip1"
3.20164930123004e-92,1.25941470552695,0.513,0.104,6.10074274349385e-88,"30","Rbbp4"
5.81485021017555e-92,1.1609188686272,0.592,0.144,1.10801970754895e-87,"30","Antxr2"
1.77928181383602e-91,1.48298665027787,0.884,0.3,3.39042149626453e-87,"30","Ankrd13a"
2.65411076528301e-91,0.690152887324281,0.588,0.123,5.05740806324677e-87,"30","Lpgat1"
2.82745725336801e-91,1.21040301818711,0.617,0.138,5.38771979629274e-87,"30","Ap1m1"
2.82900992238844e-91,0.794490173787537,0.538,0.12,5.39067840711117e-87,"30","Nup210"
5.2430122168049e-91,0.944631362714825,0.628,0.148,9.99055977912174e-87,"30","Mctp1"
7.91189793002926e-91,1.23484179959399,0.606,0.153,1.50761215056708e-86,"30","Mpp1"
9.82646174784952e-91,1.15311430055231,0.596,0.139,1.87243228605273e-86,"30","Shc1"
1.08478936823356e-90,1.07900288186678,0.675,0.166,2.06706614116904e-86,"30","Mcmbp"
1.48973925699372e-90,0.978793115592882,0.603,0.135,2.83869815420153e-86,"30","Pkm"
2.6538454540901e-90,1.19637949934875,0.614,0.156,5.05690251276868e-86,"30","Dap"
2.80621477789518e-90,1.52185263685661,0.827,0.246,5.34724225927926e-86,"30","Dek"
3.91336787203603e-90,1.07076885782665,0.776,0.202,7.45692248016466e-86,"30","Stk24"
5.28663471595513e-90,1.03072981970754,0.549,0.106,1.00736824512525e-85,"30","Sae1"
8.05187027628502e-90,1.23194582621697,0.715,0.184,1.53428388114611e-85,"30","Ndufv3"
1.32963935338733e-89,1.26267792821703,0.671,0.176,2.53362778787956e-85,"30","Atf1"
3.03261762151833e-89,1.68716574260005,0.812,0.248,5.77865287780318e-85,"30","Degs1"
5.1419846658923e-89,1.21520724920854,0.664,0.174,9.79805178085777e-85,"30","Cast"
6.36695969054e-89,0.64034501910652,0.531,0.138,1.2132241690324e-84,"30","Cxcr4"
1.23161622161424e-88,0.75358208803672,0.578,0.141,2.34684471028593e-84,"30","Nherf1"
2.21957846479498e-88,1.2127147807878,0.823,0.251,4.22940676466684e-84,"30","Ccdc88b"
4.36648490786319e-88,1.08981666904295,0.567,0.146,8.32033699193331e-84,"30","Brpf1"
5.74365757613214e-87,1.06116412440476,0.617,0.146,1.09445395113198e-82,"30","Cdc34"
1.54318672965663e-86,1.55948728188668,0.946,0.392,2.94054231336071e-82,"30","Arpc1b"
1.766409648523e-86,1.25027067714858,0.534,0.121,3.36589358526059e-82,"30","Nfam1"
1.86133566293762e-86,1.16498932797985,0.625,0.146,3.54677510572763e-82,"30","Magoh"
5.44696327603443e-86,1.369836474063,0.859,0.249,1.03791885224836e-81,"30","Sri"
6.39068764313237e-86,0.669429460942954,0.513,0.122,1.21774553039887e-81,"30","Pcnt"
6.81482807733713e-86,1.08444579784913,0.603,0.152,1.29856549013659e-81,"30","Aip"
1.39090241032077e-85,0.768530040261037,0.57,0.13,2.65036454286622e-81,"30","Vps36"
1.90242307485488e-85,1.05465276309605,0.531,0.114,3.62506716913597e-81,"30","Actn4"
2.13086100808392e-85,1.50702888108409,0.964,0.438,4.06035565090392e-81,"30","Cfl1"
2.4119800185775e-85,1.07909797544587,0.755,0.196,4.59602792539943e-81,"30","Diaph1"
1.10967562438167e-84,0.938748618468601,0.704,0.184,2.11448690225927e-80,"30","Spacdr"
1.97339200030289e-83,1.24600494692881,0.614,0.163,3.76029845657715e-79,"30","Pdcd6"
2.16266067871835e-83,0.800202593302167,0.697,0.191,4.12094992329782e-79,"30","Ifitm2"
6.56228481603353e-83,0.5407279374406,0.545,0.132,1.25044337169519e-78,"30","Sp100"
1.35849064502838e-82,1.29194129601311,0.606,0.155,2.58860392410158e-78,"30","Tmem43"
1.79425028068803e-82,1.03633193472871,0.545,0.135,3.41894390985104e-78,"30","Cox5a"
2.70523512095055e-82,0.738089948353572,0.52,0.123,5.15482552297126e-78,"30","Lrrfip2"
1.73832499153027e-81,0.796208924921937,0.516,0.122,3.31237827136093e-77,"30","Traf3ip3"
3.21080639447195e-81,0.963284628715715,0.628,0.137,6.11819158466631e-77,"30","Ckap5"
3.91904253097801e-81,0.802649996717918,0.56,0.134,7.46773554277859e-77,"30","Zfp687"
5.96448666440923e-81,1.17833965175901,0.69,0.188,1.13653293390318e-76,"30","Rnps1"
1.12013441577064e-80,0.921686168114157,0.599,0.15,2.13441612925095e-76,"30","Arf5"
4.34435871149291e-80,1.25524949278586,0.866,0.291,8.27817552474973e-76,"30","Myo1f"
7.12368246926612e-80,1.09731508727428,0.773,0.226,1.35741769451866e-75,"30","Oser1"
7.51173509737763e-80,0.789112095827445,0.621,0.154,1.43136112280531e-75,"30","Il16"
1.09503236244146e-79,0.849732106863877,0.682,0.189,2.0865841666322e-75,"30","Rnf40"
1.43783791485958e-79,0.835715048454073,0.592,0.149,2.73980014676493e-75,"30","Kmt5c"
2.4712153243352e-79,1.05500395606055,0.523,0.119,4.70890080052073e-75,"30","Plrg1"
5.82951342466132e-79,0.85119901087929,0.664,0.183,1.11081378306921e-74,"30","Rp9"
5.9023633776652e-79,0.829389175336359,0.578,0.154,1.1246953416141e-74,"30","Mid1ip1"
9.45502417266211e-79,0.879426902948817,0.61,0.167,1.80165485610076e-74,"30","Srsf4"
1.1317308791172e-78,0.954182519458237,0.653,0.173,2.15651319015782e-74,"30","Larp4b"
8.59388788764252e-78,1.09327760574617,0.697,0.201,1.63756533699028e-73,"30","Zyx"
2.43514195636753e-77,0.913447191005775,0.545,0.146,4.64016299785833e-73,"30","Ptpn12"
3.15262904441924e-77,1.06683489505317,0.621,0.166,6.00733464414085e-73,"30","Gtf2b"
4.97013366561436e-77,0.888571515319026,0.635,0.178,9.47058969982816e-73,"30","Ranbp9"
1.66270041303929e-76,1.09650132208137,0.744,0.22,3.16827563704636e-72,"30","Rassf5"
2.33284897910221e-76,0.837856240018186,0.513,0.126,4.44524372967926e-72,"30","Ncbp1"
8.96990026653363e-76,0.934299772824237,0.502,0.112,1.70921449578798e-71,"30","Lsm8"
1.37144972359489e-75,1.19738937863946,0.783,0.228,2.61329744831007e-71,"30","Cd47"
2.18305961300972e-75,1.34695727313839,0.567,0.155,4.15982009259003e-71,"30","Ifitm3"
3.23980252180409e-75,0.679018564242478,0.542,0.133,6.17344370529769e-71,"30","Ctcf"
3.65149102876447e-75,0.883584377464985,0.545,0.135,6.95791615531069e-71,"30","Dock8"
6.37608862307658e-75,0.744849538783966,0.606,0.154,1.21496368712724e-70,"30","Stk16"
2.09288335099903e-74,0.998890913068517,0.56,0.135,3.98798922532865e-70,"30","Tor1a"
2.54979989897849e-74,1.06445059190217,0.805,0.243,4.85864370750352e-70,"30","Raly"
1.01613983999197e-73,0.985179091437854,0.578,0.156,1.93625446510469e-69,"30","Tmem164"
1.79340670759092e-73,1.27120572219651,0.845,0.259,3.4173364813145e-69,"30","Actr3"
3.47405400732599e-73,0.964646984204244,0.682,0.198,6.61980991095968e-69,"30","Adprh"
6.49866985976345e-73,0.958190726613958,0.671,0.19,1.23832154177793e-68,"30","Myl12b"
1.12015660667884e-72,0.765934442230701,0.682,0.206,2.13445841402653e-68,"30","Oaz1"
1.1378496323881e-72,1.11523432316654,0.899,0.283,2.16817247451552e-68,"30","Anp32a"
1.40230120499765e-72,0.997946303599246,0.675,0.196,2.67208494612301e-68,"30","Pgam1"
4.39639919865114e-72,0.720334266968908,0.592,0.148,8.37733867302975e-68,"30","Cntrl"
5.10194569302764e-72,1.11499516005047,0.765,0.235,9.72175751806416e-68,"30","Lims1"
5.74306493567919e-72,0.813541087708,0.697,0.214,1.09434102349367e-67,"30","Card9"
1.51198514632558e-71,0.887963074846255,0.621,0.174,2.88108769632339e-67,"30","Prpf38a"
2.44777146725059e-71,0.812288289642675,0.686,0.205,4.66422853084599e-67,"30","Rbms1"
3.13498346526764e-71,1.11801575996939,0.769,0.254,5.97371099306749e-67,"30","Tln1"
4.60451855043401e-71,1.19817638885351,0.834,0.263,8.773910097852e-67,"30","Arpc2"
1.24748626236751e-70,0.868608144883789,0.581,0.15,2.37708507294129e-66,"30","Ppm1g"
1.41547086847799e-70,0.967399646481285,0.588,0.164,2.69717973988482e-66,"30","Coro7"
2.23861739190776e-70,0.75003073932607,0.574,0.162,4.26568544028023e-66,"30","Scyl2"
5.89523012423116e-70,1.03509336481419,0.791,0.271,1.12333610017225e-65,"30","Hnrnpul1"
1.16817416107255e-69,0.576190624381492,0.661,0.171,2.22595586392374e-65,"30","Clasp1"
1.41253542304258e-69,0.785483397530238,0.628,0.191,2.69158624860764e-65,"30","Pxn"
1.45423073183217e-69,1.15426215203895,0.675,0.201,2.7710366595062e-65,"30","Jpt1"
1.77266010779485e-69,0.810640382867509,0.563,0.154,3.37780383540308e-65,"30","Snrpc"
2.34959568444008e-69,0.628666179503014,0.513,0.119,4.47715457670057e-65,"30","Hdac4"
2.70230853501333e-69,0.990922514368169,0.751,0.238,5.1492489134679e-65,"30","Sypl"
5.90004851680656e-69,1.36246422423442,0.509,0.122,1.12425424487749e-64,"30","St3gal5"
1.15844469301514e-68,0.85623120924508,0.671,0.202,2.20741636254035e-64,"30","Ywhaz"
3.26722477072502e-68,0.835945747199946,0.675,0.218,6.22569680061653e-64,"30","Cdc42se1"
4.14090126482627e-68,0.975414892402906,0.52,0.147,7.89048736012645e-64,"30","Arpc4"
4.35182865660138e-68,0.687335227778324,0.736,0.238,8.29240950515394e-64,"30","Vim"
5.30404510501037e-68,0.892506326256176,0.567,0.156,1.01068579475973e-63,"30","Tbc1d2b"
6.72264065190579e-68,0.671965715016261,0.581,0.161,1.28099917622065e-63,"30","Riok3"
8.12955823782049e-68,0.748515530583325,0.614,0.184,1.54908732221669e-63,"30","Atp6v1e1"
8.18082084716311e-68,1.29762184643671,0.949,0.454,1.55885541242693e-63,"30","Gnai2"
1.07764984943291e-67,0.823530618900481,0.542,0.143,2.05346178809442e-63,"30","Ccng2"
1.59927248803175e-67,1.11234006036578,0.516,0.135,3.04741372594451e-63,"30","Bak1"
1.91626880003938e-67,0.878393662848968,0.769,0.233,3.65145019847503e-63,"30","Plcg2"
4.19920787285933e-67,0.903124782584673,0.993,0.648,8.00159060173346e-63,"30","Tmsb4x"
7.55896952118389e-67,0.755641078401221,0.621,0.184,1.44036164226159e-62,"30","Fam32a"
1.15014121454282e-66,0.5270585423299,0.765,0.236,2.19159408431135e-62,"30","Stxbp2"
1.39835413599839e-66,1.16081745662992,0.964,0.494,2.66456380614494e-62,"30","Cap1"
1.51955612756401e-66,0.906461276155136,0.823,0.28,2.89551420107322e-62,"30","Ikzf1"
2.96149848514697e-66,0.873746844659741,0.841,0.275,5.64313536344755e-62,"30","Mbd2"
4.1778378945621e-66,0.667956290005964,0.711,0.211,7.96087010808809e-62,"30","Ndufb11"
5.62086823706941e-66,0.894808468793484,0.542,0.15,1.07105644257358e-61,"30","Psma6"
1.1194709972201e-65,0.847738540490303,0.74,0.257,2.1331519852029e-61,"30","Ppp1r15b"
2.0479357270761e-65,0.731574213006623,0.57,0.16,3.9023415279435e-61,"30","Ndufb1"
2.13856086495906e-65,1.16061936623338,0.848,0.302,4.07502772817949e-61,"30","Ppia"
2.2411926757458e-65,0.901067834538928,0.827,0.28,4.27059264363362e-61,"30","Ppp1r18"
3.58839483269897e-65,0.790364167489323,0.693,0.203,6.83768635370789e-61,"30","Sf3b6"
4.15446319449389e-65,0.720485529921656,0.668,0.193,7.9163296171081e-61,"30","Cbl"
9.92057635113402e-65,0.84116443797623,0.552,0.146,1.89036582370859e-60,"30","Rbm15"
1.04861901450761e-64,0.714392548878114,0.542,0.159,1.99814353214424e-60,"30","Sin3a"
1.98446341403192e-64,0.695723855874339,0.523,0.157,3.78139503543782e-60,"30","Stt3b"
2.53669589459537e-64,1.01913602915844,0.57,0.17,4.83367402715147e-60,"30","Pcna"
2.55759249713667e-64,0.97445123766379,0.794,0.264,4.87349250329393e-60,"30","Dazap1"
2.89677915910835e-64,0.804520279322706,0.69,0.205,5.51981268768096e-60,"30","Mapk3"
3.5697681233938e-64,0.769889161521342,0.715,0.238,6.80219315912688e-60,"30","Fes"
9.84341415589927e-64,0.88108712076118,0.574,0.158,1.87566256740661e-59,"30","Chd1"
1.24918280418934e-63,0.977974853895117,0.704,0.225,2.38031783338279e-59,"30","Twf2"
1.6594294336964e-63,0.730283710597265,0.744,0.242,3.16204278590849e-59,"30","Tra2a"
2.11005774514582e-63,0.98768973880909,0.787,0.274,4.02071503337537e-59,"30","Tnfrsf1a"
2.32333421849624e-63,0.59739390140585,0.617,0.186,4.42711335334459e-59,"30","Mark2"
2.81968939014137e-63,1.09437806488032,0.859,0.313,5.37291813291437e-59,"30","Cggbp1"
3.23928615147297e-63,1.06650146474955,0.964,0.497,6.17245976163174e-59,"30","Arrb2"
8.65385852197457e-63,1.05158460316623,0.765,0.246,1.64899274136225e-58,"30","Capns1"
1.10491227413136e-62,0.786731674573018,0.682,0.209,2.10541033835731e-58,"30","Rab1b"
1.83523067030199e-62,0.705209984065615,0.726,0.247,3.49703204226045e-58,"30","Rab21"
5.23028548975234e-62,0.557488308204578,0.502,0.143,9.96630900072309e-58,"30","Cd2bp2"
5.98118505886485e-62,0.857476809869003,0.747,0.26,1.1397148129667e-57,"30","Dhx38"
7.36992781124565e-62,0.508117314957066,0.606,0.198,1.40433974443286e-57,"30","Srp9"
8.6233168766314e-62,0.594949075182168,0.563,0.171,1.64317303084211e-57,"30","Smim14"
1.51545859797033e-60,0.674828531697206,0.592,0.166,2.88770635843247e-56,"30","Emd"
3.94490089565042e-60,0.81471343187057,0.704,0.216,7.51700865666187e-56,"30","Nadk"
8.31260865100635e-60,0.760894498564676,0.625,0.194,1.58396757844926e-55,"30","Psmc3"
9.88611168131149e-60,0.896827519593775,0.852,0.307,1.8837985808739e-55,"30","Fis1"
1.97685885630329e-59,0.76765061646711,0.866,0.318,3.76690455068593e-55,"30","Ncf2"
2.57297052926741e-59,0.944262111863754,0.848,0.322,4.90279534351905e-55,"30","Spi1"
4.1081937546449e-59,1.00835853873545,0.899,0.371,7.82816319947586e-55,"30","Lcp1"
7.24355183542584e-59,0.743609304359522,0.56,0.174,1.38025880224039e-54,"30","Khsrp"
1.19116203123415e-58,0.782424947975906,0.765,0.27,2.26975925051667e-54,"30","Dbnl"
2.95170431911908e-58,0.560523201294569,0.509,0.143,5.62447258008141e-54,"30","Hpf1"
3.90803324742931e-58,0.631673980480012,0.643,0.199,7.44675735297655e-54,"30","Nt5c2"
6.67601512235082e-58,0.803159127902007,0.693,0.229,1.27211468156395e-53,"30","Cbfb"
2.0479505890188e-57,0.716404931480332,0.628,0.189,3.90236984737532e-53,"30","Cnot1"
2.55240915412836e-57,0.653795728086435,0.679,0.221,4.86361564319159e-53,"30","Sp3"
3.73879172261592e-57,0.705107569903114,0.502,0.159,7.12426762744463e-53,"30","Kpnb1"
5.48949387107733e-57,0.898446023521211,0.78,0.293,1.04602305713379e-52,"30","Cab39"
6.87085638977586e-57,0.684346832620738,0.502,0.148,1.30924168507179e-52,"30","Tnfaip8"
8.7990968659724e-57,0.85543088046868,0.78,0.281,1.67666790781104e-52,"30","Arf1"
2.35268673942027e-56,0.802931827353695,0.733,0.258,4.48304458196533e-52,"30","Maea"
6.2125119618358e-56,0.682576706959528,0.556,0.187,1.18379415432781e-51,"30","Serf2"
8.87325162145819e-56,0.86478071844031,0.924,0.366,1.69079809646886e-51,"30","Itgam"
1.81305531422971e-55,0.565063120578103,0.65,0.224,3.45477690126472e-51,"30","Tmed10"
2.15025116692442e-55,0.747460217809579,0.527,0.162,4.09730359857448e-51,"30","Myd88"
1.02511819674316e-54,0.642232587563219,0.527,0.152,1.9533627238941e-50,"30","Rcor1"
1.09940565323769e-54,0.918641027786775,0.845,0.317,2.09491747224442e-50,"30","Limd2"
1.9765208447104e-54,0.795300946477938,0.758,0.282,3.76626046959567e-50,"30","Mapre1"
2.75325275116127e-54,0.797385149093172,0.664,0.226,5.2463231173378e-50,"30","Ybx1"
2.92322126729759e-54,0.665461222766482,0.509,0.164,5.57019812483556e-50,"30","Ciao2a"
4.60162540615865e-54,0.668910395956124,0.664,0.224,8.76839721143531e-50,"30","Rbm42"
2.98451778956029e-53,0.527679335045325,0.704,0.243,5.68699864800713e-49,"30","Ilk"
9.95347665861846e-53,0.524123903842093,0.639,0.217,1.89663497729975e-48,"30","Clint1"
1.13524903631966e-52,0.646254975789579,0.787,0.289,2.16321703870712e-48,"30","Arhgap30"
2.45915178211762e-52,0.594713000469328,0.726,0.248,4.68591372082513e-48,"30","Tax1bp1"
4.95488871115616e-52,0.527531434815504,0.545,0.169,9.44154043910806e-48,"30","Cct7"
9.72791000783669e-52,0.608928328194445,0.78,0.293,1.85365325199328e-47,"30","Ptpre"
1.44479769187306e-51,0.699328570189725,0.65,0.236,2.75306200186412e-47,"30","Pnp"
3.71167101010577e-51,0.608137677707836,0.744,0.251,7.07258910975654e-47,"30","Dlst"
8.85460673688392e-51,0.843189318410824,0.661,0.262,1.68724531371323e-46,"30","Ets2"
3.61689044605035e-50,0.547422780276322,0.686,0.238,6.89198474494894e-46,"30","Glyr1"
5.63240625853685e-50,0.618214462178485,0.621,0.224,1.0732550125642e-45,"30","Cited2"
1.17320544146223e-49,0.669201873587825,0.664,0.23,2.23554296870629e-45,"30","Tnrc6b"
1.91168638581451e-49,0.626418313630858,0.505,0.149,3.64271840816956e-45,"30","Snrpf"
2.04211094250116e-49,0.913365899547705,0.921,0.466,3.89124240093596e-45,"30","Arhgef1"
2.51335152277448e-49,0.76115083136311,0.852,0.328,4.78919132664676e-45,"30","Hnrnpl"
3.27982560738315e-49,0.684053977944679,0.809,0.315,6.24970769486859e-45,"30","Pak2"
8.53101502160147e-49,0.554669010712391,0.686,0.25,1.62558491236616e-44,"30","Poldip3"
2.01345251144234e-48,0.823135890189682,0.805,0.321,3.83663376055338e-44,"30","Nono"
4.43763298056325e-48,0.638949653120455,0.534,0.151,8.45590964446327e-44,"30","Sumo2"
5.6065460662545e-48,0.603702907877217,0.736,0.28,1.06832735292479e-43,"30","Sf3b2"
8.76801938886846e-48,0.523664639566177,0.513,0.158,1.67074609454889e-43,"30","Hmgb1"
2.14310344952089e-47,0.770274729612947,0.903,0.379,4.08368362306206e-43,"30","Ptbp3"
1.04832716928564e-46,0.816799011488765,0.841,0.345,1.99758742107378e-42,"30","Adipor1"
2.11665509733851e-46,0.529411691614576,0.567,0.209,4.03328628797853e-42,"30","Ttc7"
3.13861385783428e-46,0.76121604709505,0.812,0.325,5.98062870610322e-42,"30","Hnrnpd"
1.32843440468409e-43,0.541967689645227,0.675,0.252,2.53133175812553e-39,"30","Pcbp1"
8.16946130479594e-43,0.527491628671338,0.762,0.286,1.55669085162887e-38,"30","Rab7"
1.59122003290799e-42,0.519620427331428,0.765,0.293,3.03206977270617e-38,"30","Rtn3"
4.19940597055334e-42,0.780650867889451,0.877,0.408,8.00196807688939e-38,"30","Hnrnpa2b1"
9.5720958161001e-42,0.637953119949271,0.87,0.365,1.82396285775787e-37,"30","Hcls1"
8.19268413905785e-38,0.680085867097371,0.834,0.353,1.56111596269747e-33,"30","Actr2"
1.16074167112304e-36,0.639279799052573,0.928,0.442,2.21179325432495e-32,"30","Cotl1"
1.54284692129847e-35,0.573880806203589,0.838,0.381,2.93989480853423e-31,"30","Vamp8"
2.583081891896e-34,0.573012581881956,0.834,0.391,4.92206254500784e-30,"30","Trir"
6.61912746952323e-29,0.505718702486952,0.755,0.364,1.26127473931765e-24,"30","Capzb"
0,10.9975270379611,0.984,0.002,0,"31","Cma1"
0,11.0495651233061,0.965,0.001,0,"31","Cpa3"
0,11.3990370734211,0.965,0.001,0,"31","Tpsb2"
0,6.80265446021332,0.984,0.039,0,"31","Kit"
0,11.1160888013807,0.946,0.001,0,"31","Tpsab1"
0,8.09313601134204,0.969,0.027,0,"31","Serpinb1a"
0,6.57119833778176,0.949,0.024,0,"31","Hdc"
0,11.1782484536132,0.899,0.001,0,"31","Mcpt4"
0,10.2046230874311,0.895,0.001,0,"31","Tph1"
0,6.02079992443116,0.918,0.024,0,"31","Rab44"
0,7.49504573457964,0.895,0.009,0,"31","Rab27b"
0,7.68976315045025,0.895,0.012,0,"31","Il1rl1"
0,8.53003261528123,0.883,0.003,0,"31","Cyp11a1"
0,9.41692492455944,0.875,0.001,0,"31","Cd200r3"
0,6.56404188647235,0.887,0.022,0,"31","Sytl3"
0,5.25857673255831,0.879,0.063,0,"31","Ctla2a"
0,9.60732850084491,0.813,0.001,0,"31","Ms4a2"
0,4.88328575066955,0.895,0.095,0,"31","Gch1"
0,6.7470291986215,0.794,0.011,0,"31","Gata2"
0,6.5281379531971,0.794,0.013,0,"31","Creb3l1"
0,4.63173734582687,0.844,0.077,0,"31","Ndrg1"
0,9.90872140151608,0.759,0.001,0,"31","Tpsg1"
0,6.1414216478454,0.786,0.028,0,"31","Papss2"
0,7.23400901384734,0.759,0.01,0,"31","Slc45a3"
0,9.06522581880221,0.735,0.001,0,"31","Slc6a4"
0,10.7382247654276,0.732,0.001,0,"31","Mrgprb1"
0,5.60480952891907,0.743,0.027,0,"31","Phldb3"
0,10.0335380518419,0.708,0.001,0,"31","Mrgpra4"
0,5.34340674422538,0.751,0.048,0,"31","Alox5"
0,11.0579260323882,0.704,0.002,0,"31","Mcpt2"
0,5.0115971646073,0.704,0.014,0,"31","Cobl"
0,9.90036389028608,0.689,0.001,0,"31","Nphs2"
0,10.0921494780677,0.677,0.001,0,"31","Mrgprx2"
0,3.74461144425224,0.739,0.066,0,"31","Plpp5"
0,9.87835698673684,0.669,0.001,0,"31","Mrgprb2"
0,4.72429939176945,0.696,0.041,0,"31","Prkar2b"
0,6.99919564431985,0.658,0.005,0,"31","Itga2b"
0,9.62564192298747,0.65,0.001,0,"31","Fcer1a"
0,4.36397310536084,0.712,0.063,0,"31","Pakap.1"
0,4.34690670011779,0.689,0.053,0,"31","Ahnak2"
0,6.56715098083237,0.619,0.006,0,"31","Tiam2"
0,4.92557598662923,0.63,0.018,0,"31","Hs6st2"
0,6.14736310032853,0.611,0.012,0,"31","Rgs18"
0,6.92696621111129,0.591,0.005,0,"31","Gask1b"
0,4.3913628705117,0.611,0.035,0,"31","Sh2d1b1"
0,3.81781994098142,0.599,0.035,0,"31","Syne3"
0,8.30652117192288,0.564,0.001,0,"31","Rgs13"
0,3.69694922633606,0.584,0.022,0,"31","Gnaz"
0,4.53981285415209,0.572,0.016,0,"31","P2rx1"
0,4.5564690736982,0.564,0.026,0,"31","Smco4"
0,4.61787681719739,0.576,0.04,0,"31","Cd200r4"
0,3.08835257673548,0.56,0.033,0,"31","Car8"
0,7.08623167758994,0.521,0.003,0,"31","Rarres1"
0,3.87153484890569,0.553,0.04,0,"31","Ptpn7"
0,6.8643539471078,0.514,0.003,0,"31","Adamts5"
0,5.13344597640466,0.514,0.017,0,"31","Pilrb2"
0,4.17945335565195,0.506,0.022,0,"31","Ap1s3"
0,3.08172657627379,0.51,0.034,0,"31","Cd55"
6.88207577376537e-303,3.07099219987848,0.732,0.065,1.31137953869099e-298,"31","Carmil1"
1.84257252791438e-295,2.91942012926262,0.518,0.036,3.51102195194085e-291,"31","Myb"
6.27530825737828e-269,2.64306798345059,0.56,0.043,1.19575998844343e-264,"31","Rgs12"
1.30738355065359e-267,3.26789101550119,0.525,0.045,2.49121935577042e-263,"31","C77080"
3.59409696715392e-266,4.54921429378096,0.654,0.049,6.8485517709118e-262,"31","Ccl7"
7.34625322691916e-262,3.75752961615911,0.634,0.05,1.39982855238945e-257,"31","Arhgap18"
7.1118741030158e-261,4.13353199020808,0.837,0.107,1.35516761032966e-256,"31","Padi2"
3.05147588974376e-253,3.54429685376202,0.634,0.045,5.81458730790674e-249,"31","Lxn"
5.74185718102555e-245,3.57755509455659,0.677,0.074,1.09411088584442e-240,"31","Ndst2"
8.1613277169963e-242,3.92650225018324,0.584,0.053,1.55514099647365e-237,"31","Pilra"
8.15322362560801e-240,3.05566256112054,0.502,0.042,1.55359676185961e-235,"31","Spn"
3.21812549019353e-239,3.25972918331931,0.728,0.088,6.13213812156378e-235,"31","Emilin2"
7.13849955569417e-237,3.88750923612358,0.844,0.116,1.36024109033752e-232,"31","Tmem64"
3.94766872192869e-230,3.1617556536735,0.619,0.067,7.52228274963512e-226,"31","Galnt6"
1.50443136796151e-224,3.73251042425628,0.934,0.185,2.86669397165066e-220,"31","Adgre5"
3.48730500800399e-207,3.28684229846009,0.564,0.054,6.6450596927516e-203,"31","Cish"
1.15204377403604e-205,2.67490673665517,0.739,0.106,2.19521941142567e-201,"31","Runx3"
4.1631032778662e-199,6.25679998509475,0.755,0.095,7.93279329597404e-195,"31","Ube2v2"
6.25802024298368e-199,3.1123557241916,0.837,0.139,1.19246575730054e-194,"31","Dapp1"
3.17513211786794e-196,2.91926531127318,0.65,0.074,6.05021425059737e-192,"31","Tmem9"
7.86406955831872e-189,2.77567267780082,0.638,0.071,1.49849845433763e-184,"31","Chst11"
1.93562661500556e-185,3.45412052714557,0.802,0.149,3.6883365148931e-181,"31","Vwa5a"
3.2197539605895e-182,2.36824697628473,0.502,0.053,6.1352411719033e-178,"31","Hes1"
1.19551890469623e-179,3.40733781912541,0.903,0.224,2.27806127289867e-175,"31","Lat2"
1.07121863232872e-177,3.03451918155044,0.533,0.058,2.04120710390238e-173,"31","Rnf128"
4.33266469530017e-176,3.39734257421099,0.623,0.086,8.25589257689447e-172,"31","Csf2rb2"
4.97300695283777e-175,2.74294903051746,0.84,0.148,9.47606474863236e-171,"31","Mctp1"
3.78552546122119e-173,3.18264072033109,0.926,0.22,7.21331876635698e-169,"31","Osbpl8"
6.71681907501784e-173,1.99382971778579,0.521,0.079,1.27988987474465e-168,"31","Fgfr1"
8.10473537326917e-173,3.17877896202671,0.848,0.171,1.54435732537644e-168,"31","Csf2rb"
1.28742369378629e-166,3.14878475169486,0.576,0.069,2.45318584850978e-162,"31","Casp3"
2.96350381092157e-165,2.27861600317997,0.572,0.087,5.64695651171105e-161,"31","Anpep"
7.2728846355773e-160,3.19735834023292,0.556,0.063,1.38584816730925e-155,"31","Fdx1"
1.07612122672416e-158,1.74286772213303,0.603,0.08,2.0505489975229e-154,"31","Stx3"
1.10375030991985e-155,2.53707040160027,0.778,0.133,2.10319621555228e-151,"31","Nav1"
3.23924140167565e-152,2.428557480474,0.568,0.077,6.17237449089295e-148,"31","Stap1"
8.31671980926602e-151,2.03240532380342,0.584,0.089,1.58475095965564e-146,"31","Inpp4b"
6.0244533433098e-149,3.04113671307024,0.809,0.156,1.14795958456768e-144,"31","Dap"
2.85744674990234e-148,2.74203449169877,0.525,0.062,5.44486478193892e-144,"31","Slc35d1"
1.543857465844e-144,2.38882493423868,0.599,0.093,2.94182040116574e-140,"31","Btk"
1.19721823815889e-143,2.46040046590618,0.615,0.095,2.28129935281176e-139,"31","Ccl2"
3.53152238377682e-143,2.65600135763224,0.65,0.095,6.72931590228673e-139,"31","Anxa11"
5.44102810487723e-142,2.78603104661983,0.984,0.37,1.03678790538436e-137,"31","Srgn"
1.24612402350447e-137,3.48164153972659,0.84,0.198,2.37448932678778e-133,"31","Furin"
3.52003731100077e-136,2.76285136492683,0.646,0.099,6.70743109611197e-132,"31","St3gal1"
1.04057803596912e-134,2.69051007548815,0.576,0.086,1.98282144753916e-130,"31","Nedd9"
5.48856820950063e-134,2.29362357884573,0.626,0.105,1.04584667232035e-129,"31","Ctla2b"
1.21896700068049e-132,2.43208073435345,0.724,0.134,2.32274161979667e-128,"31","Cyth3"
6.79776731008186e-132,2.48400717782372,0.918,0.265,1.2953145609361e-127,"31","Rac2"
5.19125670479548e-127,2.62728146477041,0.65,0.123,9.89193965098779e-123,"31","Niban2"
4.9309960174356e-126,2.79627256671719,0.802,0.187,9.39601291122353e-122,"31","Elf1"
5.21194771422953e-123,2.62021655357943,0.848,0.204,9.93136636946437e-119,"31","Ago2"
4.98840829586299e-121,2.1983020417521,0.568,0.098,9.50541200776693e-117,"31","St3gal4"
7.13976288929873e-121,2.41268645750939,0.946,0.37,1.36048181855587e-116,"31","Arhgdib"
1.02634613813836e-120,2.74077379219645,0.759,0.157,1.95570256622264e-116,"31","Ero1a"
1.00542354453773e-118,2.12159203868482,0.774,0.168,1.91583456411665e-114,"31","Il2rg"
6.13547597519263e-118,2.48963672068969,0.903,0.304,1.16911494707296e-113,"31","Alox5ap"
1.49213340899109e-117,2.4799307517669,0.778,0.185,2.84326021083252e-113,"31","Eaf1"
1.7743325016623e-116,2.3391777835093,0.844,0.238,3.38099058191752e-112,"31","Cmtm7"
1.89297881278458e-116,2.55082648352502,0.79,0.184,3.60707112776102e-112,"31","Rfc2"
3.12035280937845e-115,2.4231120160857,0.802,0.209,5.94583227827063e-111,"31","Fxyd5"
5.06316180271168e-115,1.79072198756227,0.514,0.072,9.64785481506712e-111,"31","Bcr"
6.48028338585147e-115,2.57493792849454,0.872,0.223,1.234817999174e-110,"31","Prkcb"
5.55256229493979e-114,2.46404887746498,0.51,0.067,1.05804074530078e-109,"31","Me2"
6.26434664766306e-114,2.62873195244486,0.887,0.248,1.1936712537122e-109,"31","Tax1bp1"
2.73669666038843e-112,2.25995870352376,0.591,0.099,5.21477548637015e-108,"31","Flot1"
1.2890981613482e-110,2.20271983362108,0.689,0.162,2.456376546449e-106,"31","Gcnt1"
2.01419958789673e-110,1.84699502640745,0.891,0.247,3.83805731473722e-106,"31","Lilrb4a"
4.35589013591281e-110,2.240485958313,0.977,0.499,8.30014865398186e-106,"31","Itm2c"
1.13400530318783e-109,2.1047633816458,0.949,0.503,2.16084710522442e-105,"31","Msn"
2.94948149462128e-109,2.27429432740211,0.696,0.152,5.62023698800085e-105,"31","Gse1"
3.9272879619776e-109,1.91609173685586,0.634,0.102,7.48344721154832e-105,"31","Vcl"
3.83215142700033e-108,2.93218874732214,0.774,0.203,7.30216454414913e-104,"31","Lmna"
1.16350582532351e-107,1.78975268052973,0.514,0.084,2.21706035015395e-103,"31","Acap1"
1.49289698980423e-106,2.35602806688298,0.747,0.171,2.84471521407197e-102,"31","Ctnna1"
5.75891984770829e-106,1.91006893688042,0.813,0.191,1.09736217698081e-101,"31","Ifitm2"
1.08856192389611e-104,2.15634144042234,0.56,0.098,2.07425474598404e-100,"31","Septin9"
4.6900476038953e-103,1.90644377184551,0.879,0.235,8.9368857092225e-99,"31","Foxp1"
8.17529513406656e-103,1.97116697248906,0.572,0.11,1.55780248779638e-98,"31","Hs2st1"
1.7045558463842e-101,2.23764199992615,0.708,0.157,3.24803116528509e-97,"31","Ubash3b"
1.98212172152999e-100,2.11082883357426,0.537,0.104,3.7769329403754e-96,"31","Prrc1"
6.0274196439563e-100,1.99615996203719,0.568,0.115,1.14852481315587e-95,"31","Itga9"
3.21547321015405e-99,2.07013565470827,0.58,0.109,6.12708420194854e-95,"31","Samsn1"
6.45772798384102e-99,1.77873910397695,0.72,0.17,1.23052006732091e-94,"31","Eef2k"
8.47101261427348e-99,1.9546644193211,0.872,0.305,1.61415145364981e-94,"31","Cd63"
1.61619250994938e-98,1.95595838979271,0.704,0.188,3.07965482770855e-94,"31","Cd34"
1.46092879395331e-97,1.92977875345375,0.556,0.103,2.78379981687803e-93,"31","Slc2a6"
7.96568278041436e-97,1.76895382453305,0.564,0.107,1.51786085380796e-92,"31","Vat1"
2.23123650017237e-95,2.19390382138587,0.619,0.123,4.25162115107846e-91,"31","Gsn"
2.44638219722587e-92,1.86941185219612,0.809,0.228,4.6615812768139e-88,"31","Spred1"
3.39603749144386e-92,2.04679254731318,0.716,0.161,6.47114943994627e-88,"31","Fundc2"
1.07108608942489e-90,2.11577254594542,0.642,0.141,2.04095454339913e-86,"31","Tollip"
1.44739646546762e-90,1.76070957428282,0.623,0.146,2.75801396494856e-86,"31","Ptpn12"
2.15364005411993e-89,2.32138182238357,0.837,0.238,4.10376112312552e-85,"31","Vim"
4.45427204783951e-89,1.9534268508614,0.619,0.132,8.48761538715819e-85,"31","Irag2"
3.28920397734425e-88,1.91588573355428,0.852,0.282,6.26757817882947e-84,"31","Gnai3"
8.22395070956667e-88,1.83487633253695,0.677,0.161,1.56707380770793e-83,"31","Ext1"
9.04391572658723e-87,1.55332740568678,0.848,0.257,1.7233181417012e-82,"31","Swap70"
1.45350427859282e-85,1.64832314689098,0.809,0.208,2.76965240285863e-81,"31","Fam107b"
2.1938366350693e-85,2.09609449400861,0.626,0.142,4.18035570812455e-81,"31","Chsy1"
6.25495141644957e-85,2.13247006079419,0.591,0.133,1.19188099240447e-80,"31","Nfatc1"
1.24286159796291e-83,1.57360996166002,0.642,0.139,2.36827277491833e-79,"31","Tex2"
8.15670394765092e-83,1.8225079894198,0.564,0.12,1.55425993722488e-78,"31","Ldha"
1.29245781459175e-82,1.56605211851171,0.957,0.45,2.46277836570459e-78,"31","Inpp5d"
3.31352928353175e-82,2.03175180508138,0.521,0.094,6.31393004976975e-78,"31","Blmh"
2.21571400415727e-81,1.86751520988199,0.595,0.146,4.22204303492169e-77,"31","Plec"
5.28113804275453e-81,1.8547248310538,0.887,0.357,1.00632085404688e-76,"31","Basp1"
1.05378701787295e-79,1.23956144425387,0.681,0.168,2.0079911625569e-75,"31","Fyn"
2.07318369885196e-78,1.60235562779893,0.521,0.093,3.9504515381624e-74,"31","Prkacb"
1.97103263564665e-77,1.8508963742658,0.63,0.162,3.75580268722469e-73,"31","Rab32"
2.00445885388708e-77,1.88767899918892,0.872,0.345,3.81949634608184e-73,"31","Rgs1"
3.66540638613743e-75,1.50421576809092,0.626,0.143,6.98443186878487e-71,"31","Gyg"
5.88681792169901e-75,1.67426916577223,0.77,0.233,1.12173315497975e-70,"31","Tle3"
2.08326563200592e-74,1.84985520584067,0.556,0.117,3.96966266178728e-70,"31","Appl1"
2.99626636354353e-74,1.57932901731926,0.56,0.129,5.7093855557322e-70,"31","Mical1"
5.32618237938051e-74,1.82636415609294,0.732,0.239,1.01490405239096e-69,"31","Plgrkt"
6.64894152163766e-74,1.72574699371857,0.685,0.18,1.26695580694806e-69,"31","Morf4l2"
3.54649487094623e-72,1.90416607273263,0.782,0.251,6.75784597658804e-68,"31","Ppp2r5a"
1.12954388240669e-71,1.59448901125263,0.747,0.216,2.15234586792595e-67,"31","Aldh2"
1.2358222388563e-71,1.96060430841658,0.646,0.152,2.35485927614067e-67,"31","Selenof"
1.34021412275951e-71,1.66780086591795,0.665,0.178,2.55377801091824e-67,"31","Uap1"
4.76409147106243e-71,1.80235144734958,0.56,0.139,9.07797629810946e-67,"31","Sptlc2"
6.98146326844699e-71,1.67572767030854,0.518,0.104,1.33031782580257e-66,"31","Crtc3"
7.36646215303575e-71,1.12923695891197,0.669,0.173,1.40367936326096e-66,"31","Plcg1"
1.88095429955776e-69,0.992112910895967,0.591,0.117,3.58415841780731e-65,"31","Abhd2"
2.61497078698622e-69,1.60865109934031,0.778,0.245,4.98282683460225e-65,"31","Ak2"
7.82392634058002e-69,1.60119800471904,0.704,0.196,1.49084916419752e-64,"31","Diaph1"
9.82680562557112e-68,1.43464482832595,0.591,0.145,1.87249781195258e-63,"31","Cd44"
1.52276174683901e-67,1.63329141746054,0.786,0.248,2.90162250860174e-63,"31","Baz1a"
2.91725804026609e-67,1.96716451947019,0.514,0.117,5.55883519572703e-63,"31","Med10"
2.96998747355699e-66,1.30244930346314,0.724,0.215,5.65931113086285e-62,"31","Bhlhe40"
7.90679841840669e-66,1.44925873237641,0.619,0.167,1.5066404386274e-61,"31","Iqgap1"
8.15677591243713e-66,1.58201887647402,0.7,0.202,1.5542736501149e-61,"31","Ywhaz"
8.77398507657849e-66,1.89974683145809,0.794,0.347,1.67188285634203e-61,"31","Nucb1"
1.37255745451459e-65,1.50743176607908,0.891,0.399,2.61540822957754e-61,"31","Fosb"
4.52983213020184e-65,1.24433111906068,0.661,0.167,8.6315951240996e-61,"31","Esyt2"
8.61742610894491e-65,1.171118093694,0.525,0.136,1.64205054505945e-60,"31","Pdxk"
1.09972812796248e-64,1.47715857595084,0.681,0.184,2.09553194783251e-60,"31","Esyt1"
1.35025897309142e-64,1.7517693818937,0.506,0.111,2.5729184732257e-60,"31","Dock11"
2.30259901634995e-64,1.3591692850793,0.829,0.311,4.38760242565483e-60,"31","Lcp2"
4.89114994792764e-64,1.68644152756526,0.611,0.17,9.32008622577612e-60,"31","Selenos"
7.82209622853292e-64,1.98842930570858,0.693,0.221,1.49050043634695e-59,"31","Rpn1"
1.294385767328e-63,1.61662906472398,0.576,0.144,2.4664520796435e-59,"31","Leprotl1"
1.54709737920134e-63,0.690319774638734,0.661,0.168,2.94799405606816e-59,"31","Cyfip2"
1.90435613449592e-63,1.46366383133178,0.518,0.123,3.62875061428197e-59,"31","Por"
9.06297010779718e-63,1.4843131440914,0.572,0.159,1.72694895404075e-58,"31","Sec31a"
6.44622265617237e-62,1.57207467851493,0.685,0.199,1.22832772713364e-57,"31","Gramd1b"
6.86377525156465e-62,1.24166483354074,0.533,0.126,1.30789237418564e-57,"31","Rapgef2"
6.97849833254235e-62,1.71330803602677,0.755,0.256,1.32975285726595e-57,"31","Mboat7"
1.20104072808286e-61,1.49803586111445,0.665,0.197,2.28858310736189e-57,"31","Cuta"
2.85699067403714e-61,1.33237255357849,0.685,0.186,5.44399572937777e-57,"31","Malt1"
1.39921216988362e-60,1.70834927503594,0.685,0.232,2.66619878971325e-56,"31","Atp13a3"
2.13549773367851e-60,1.48946265278319,0.724,0.257,4.0691909315244e-56,"31","Ier3"
6.02197995128888e-60,1.6386552536288,0.665,0.203,1.1474882797181e-55,"31","Rap1a"
1.41005972465111e-59,1.4658417753834,0.829,0.327,2.68686880532268e-55,"31","Ptbp1"
2.03742673984211e-59,1.09947677876433,0.521,0.106,3.88231665276915e-55,"31","Hk1"
2.26873074186051e-59,1.18890163390718,0.529,0.14,4.3230664286152e-55,"31","Capn1"
8.5883080585105e-59,1.38507622940619,0.739,0.26,1.63650210054918e-54,"31","Map2k3"
1.54740447559499e-58,1.6723268652542,0.716,0.238,2.94857922824625e-54,"31","Fes"
2.30653134552844e-58,1.63656878252504,0.681,0.232,4.39509547890445e-54,"31","Arf4"
6.71600658653834e-58,1.37693595955739,0.704,0.218,1.27973505506488e-53,"31","Rdx"
1.0908643757352e-57,1.45542220282453,0.732,0.243,2.07864206796342e-53,"31","Atp13a2"
2.21805053892197e-57,1.4558607341388,0.86,0.392,4.22649530191581e-53,"31","Arpc1b"
9.14182926265312e-57,1.2141158471188,0.506,0.138,1.74197556599855e-52,"31","Ap1m1"
2.84828781852366e-56,1.4964082013396,0.63,0.177,5.42741243819683e-52,"31","Mapre2"
3.3104781459313e-56,1.14196213934683,0.634,0.175,6.30811610707209e-52,"31","Anxa6"
3.35393730937293e-56,1.35589255050736,0.728,0.219,6.39092754301013e-52,"31","Aff4"
3.79315815243199e-56,1.26285091877933,0.969,0.623,7.22786285945916e-52,"31","Jund"
1.14143880847982e-55,2.03541297519464,0.576,0.183,2.17501164955829e-51,"31","Fosl2"
3.12313715819472e-55,1.35603668570869,0.837,0.341,5.95113785494003e-51,"31","Ptk2b"
3.27680624366756e-55,1.05133646489094,0.525,0.129,6.24395429730853e-51,"31","Optn"
1.44902506149419e-54,1.4955789358574,0.599,0.176,2.76111725467718e-50,"31","Siah2"
7.13820299846382e-54,1.35724965163337,0.591,0.176,1.36018458135728e-49,"31","Mknk1"
8.22215322129186e-54,2.01752570106327,0.724,0.282,1.56673129631716e-49,"31","Nr4a1"
2.52348878638137e-53,1.33004915054256,0.576,0.171,4.8085078824497e-49,"31","Tnfsf12"
2.563712498938e-53,1.40219126173849,0.642,0.205,4.88515416672635e-49,"31","Bcap31"
4.11563207552089e-52,0.585305313084607,0.58,0.152,7.84233691990505e-48,"31","Septin11"
1.0191113486871e-51,1.39474968920135,0.805,0.364,1.94191667492327e-47,"31","Capzb"
1.37494831633993e-51,1.09171205305678,0.502,0.147,2.61996401678573e-47,"31","Pros1"
3.21807083185374e-51,1.16057638418163,0.514,0.147,6.13203397009731e-47,"31","Tbc1d1"
1.85718744708802e-50,1.32768234990503,0.599,0.202,3.53887068042622e-46,"31","Rab3gap2"
4.09498758083176e-50,1.52491655837671,0.529,0.141,7.80299883527493e-46,"31","Atp5pb"
9.10879001140227e-50,1.45623137819142,0.537,0.166,1.7356799366727e-45,"31","Gtf2b"
1.26104295863485e-49,0.996549613628837,0.977,0.627,2.40291735767872e-45,"31","Eef1a1"
7.64885673193142e-49,1.32691731815026,0.677,0.264,1.45748965026953e-44,"31","Lrrc59"
1.36102850937122e-48,1.00924311205507,0.564,0.174,2.59343982460687e-44,"31","Cast"
2.79301192820742e-48,1.31444996610171,0.51,0.146,5.32208422919923e-44,"31","Ostc"
1.27508385122466e-47,1.06631763997105,0.553,0.166,2.42967227850858e-43,"31","Stat5b"
2.74905818679148e-47,1.04201994433871,0.568,0.161,5.23833037493116e-43,"31","Tmem128"
4.29858573379195e-47,1.04526541438818,0.537,0.152,8.19095511574056e-43,"31","Gid8"
5.35844087075363e-47,1.1279665657894,0.735,0.252,1.0210509079221e-42,"31","Vps37b"
7.21732450661263e-47,1.098059330332,0.56,0.163,1.37526118473504e-42,"31","Arhgap9"
9.59243937889243e-47,1.12904273337024,0.514,0.157,1.82783932364795e-42,"31","Stt3b"
1.10147365730696e-46,1.47658656653031,0.735,0.287,2.09885805399841e-42,"31","Dnajb6"
1.2148461329534e-46,1.10775801968191,0.661,0.233,2.31488930634271e-42,"31","Emp3"
1.59119009522564e-46,1.23447509710815,0.759,0.3,3.03201272645245e-42,"31","Ankrd13a"
3.68391043352899e-46,0.983946068205523,0.619,0.178,7.0196913310895e-42,"31","Stk17b"
6.69721533406644e-46,1.18313381309033,0.805,0.37,1.27615438190636e-41,"31","Nfkbiz"
8.40218757938337e-46,1.01207994273029,0.626,0.196,1.6010368432515e-41,"31","Akap13"
1.36125765024209e-45,1.14409845756901,0.685,0.254,2.59387645253629e-41,"31","Tln1"
2.0679085568135e-45,1.06294099158277,0.774,0.344,3.94039975500812e-41,"31","Camk1"
2.42698344827277e-45,1.28700994830574,0.72,0.283,4.62461696068377e-41,"31","Nr3c1"
2.65633759877123e-45,1.26904839496808,0.529,0.161,5.06165129445858e-41,"31","Gorasp2"
3.44291666331518e-45,1.27278453450442,0.654,0.228,6.56047770194707e-41,"31","Fnip1"
4.66277933411467e-45,1.08806709660051,0.665,0.245,8.8849260211555e-41,"31","Bmpr2"
6.5203834924847e-45,1.26469423103185,0.693,0.251,1.24245907449296e-40,"31","Lman2"
7.64912265561797e-45,1.26529396571951,0.661,0.224,1.457540322028e-40,"31","P2rx4"
8.29510820454587e-45,1.38859887064335,0.7,0.246,1.58063286837621e-40,"31","Capns1"
1.40174956935159e-44,1.08593859926046,0.518,0.154,2.67103380439945e-40,"31","Fermt3"
3.75366165520466e-44,1.19046881616729,0.533,0.173,7.15260228399248e-40,"31","Sfr1"
8.2884665143692e-44,1.15073539111807,0.879,0.443,1.57936729431305e-39,"31","Cotl1"
1.94638688756411e-43,1.17392030651161,0.673,0.243,3.70884021425341e-39,"31","Raly"
4.51234924159888e-43,1.15992311195911,0.537,0.164,8.59828147986666e-39,"31","Abracl"
6.45021961514959e-43,1.0829812722583,0.704,0.271,1.22908934766675e-38,"31","Mvb12b"
6.7762275965372e-43,1.21245037932396,0.654,0.222,1.29121016852016e-38,"31","Acadl"
8.5903820199017e-43,0.969334213201155,0.673,0.237,1.63689729389227e-38,"31","Tm6sf1"
8.6608268918128e-43,1.32810533292571,0.65,0.295,1.65032056423493e-38,"31","Tuba1c"
9.77696343898656e-43,1.21096677804027,0.568,0.195,1.86300038329889e-38,"31","Ssr2"
1.26293142274283e-42,1.05628205463451,0.514,0.169,2.40651582603646e-38,"31","Cct7"
1.8941026228747e-42,1.09379477459333,0.716,0.269,3.60921254788774e-38,"31","Nfkb1"
2.88424087778512e-42,1.12939467124931,0.728,0.275,5.49592099261954e-38,"31","Mta2"
8.03419949716525e-42,1.23571247085033,0.603,0.205,1.53091671418484e-37,"31","Sar1a"
9.98563409648121e-42,1.16379595885168,0.786,0.34,1.90276257708449e-37,"31","Gabarap"
1.19058992547393e-41,1.21902248741846,0.584,0.183,2.26866910299056e-37,"31","Tmem167"
1.95687180746827e-41,0.923989001681912,0.502,0.152,3.72881922913078e-37,"31","Aip"
2.65226228637834e-41,0.882275165695899,0.599,0.217,5.05388578669392e-37,"31","Cdc37"
3.63685322567565e-41,1.01874568204718,0.533,0.171,6.93002382152495e-37,"31","Adcy7"
3.75143508124481e-41,1.31464964848096,0.634,0.25,7.14835954731198e-37,"31","Midn"
5.6688845502856e-41,1.09509184898112,0.84,0.365,1.08020595105692e-36,"31","Prkar1a"
6.02517750685077e-41,0.554729605617594,0.572,0.183,1.14809757393041e-36,"31","Tmem123"
7.26133950263128e-41,1.07856659063811,0.661,0.228,1.38364824222639e-36,"31","Tomm7"
8.66700023524528e-41,1.09955913405988,0.51,0.152,1.65149689482599e-36,"31","Rcor1"
1.67870032400165e-40,0.926827247128577,0.545,0.168,3.19876346738515e-36,"31","Sh2b3"
1.68281030699523e-40,1.29675853115341,0.564,0.193,3.20659503997942e-36,"31","H2az1"
1.77992124556256e-40,0.947406417297527,0.525,0.179,3.39163993341945e-36,"31","Isyna1"
2.10175305778604e-40,1.18008801679299,0.735,0.284,4.00489045161129e-36,"31","Zfp91"
5.22126302775868e-40,1.1024043774311,0.693,0.279,9.94911669939417e-36,"31","Tm9sf3"
8.40138883197322e-40,0.962581695376749,0.646,0.216,1.6008846419325e-35,"31","Atp5j2"
7.13346081550894e-39,1.13986137074262,0.588,0.217,1.35928095839523e-34,"31","Comt"
8.67621357416662e-39,0.962498333767524,0.549,0.186,1.65325249655745e-34,"31","Tnfrsf21"
9.15927797222828e-39,0.937260831298635,0.58,0.206,1.7453004176081e-34,"31","Rbms1"
1.67550452809598e-38,1.25807640316435,0.669,0.264,3.19267387828688e-34,"31","Tram1"
1.87522248887633e-38,0.928156192721655,0.646,0.236,3.57323645255385e-34,"31","Man2a2"
3.02760565826297e-38,0.794561516931838,0.79,0.348,5.76910258182009e-34,"31","Plekho2"
3.14474600774442e-38,0.828698331178316,0.599,0.22,5.99231351775699e-34,"31","Trmt112"
7.11083221145862e-38,0.962624906008598,0.689,0.274,1.35496907789344e-33,"31","Mapk6"
1.25388277592889e-37,0.944607354330462,0.599,0.203,2.38927362953249e-33,"31","Sf3b6"
4.67473502032166e-37,0.850282381983178,0.591,0.206,8.90770758122293e-33,"31","Was"
6.18930504877878e-37,1.01729871282331,0.533,0.171,1.1793720770448e-32,"31","Smim14"
7.10548726894772e-37,1.02621295837093,0.693,0.253,1.35395059909799e-32,"31","Sec11c"
8.19849530186828e-37,0.869709184484998,0.735,0.312,1.562223279771e-32,"31","B4galt1"
2.57692006866333e-36,0.727069144999349,0.599,0.235,4.91032119083798e-32,"31","Asph"
2.6190224997899e-36,1.12540410536591,0.51,0.166,4.99054737334965e-32,"31","Eif3d"
4.02673804469037e-36,0.644299578034651,0.588,0.204,7.6729493441575e-32,"31","Ap2b1"
4.29152581125325e-36,1.58947080701697,0.591,0.224,8.17750243334308e-32,"31","Cited2"
4.3067721098309e-36,0.82873989381407,0.623,0.217,8.20655425528278e-32,"31","Atp5b"
4.83601369721963e-36,0.965440392908301,0.51,0.165,9.21502410005201e-32,"31","Lamtor3"
6.54604975187314e-36,0.761258171397173,0.591,0.212,1.24734978021943e-31,"31","Glud1"
8.07770601572625e-36,0.775574425819115,0.732,0.284,1.53920688129664e-31,"31","Anp32a"
1.41424009593054e-35,0.985070171160611,0.911,0.505,2.69483450279564e-31,"31","Plek"
1.51107492697569e-35,0.801080422596192,0.658,0.258,2.87935327335218e-31,"31","Atp6v0d1"
1.51798143065098e-35,1.04030047863945,0.623,0.241,2.89251361610544e-31,"31","Spty2d1"
2.17068499141163e-35,0.848799579559102,0.665,0.252,4.13624025113486e-31,"31","Ppp6r1"
2.28183541791592e-35,0.831094278848408,0.642,0.241,4.34803738883878e-31,"31","Rab2a"
2.51435184745806e-35,0.893960314815147,0.681,0.271,4.79109744533133e-31,"31","Septin2"
2.77553470375454e-35,0.815653225151247,0.654,0.251,5.28878137800427e-31,"31","Anxa5"
2.83420100668349e-35,0.771246568891668,0.759,0.306,5.40057001823539e-31,"31","Dock10"
3.33959779844772e-35,0.954260892044416,0.576,0.202,6.36360360494213e-31,"31","Wdr83os"
9.0835644713395e-35,0.759497136309844,0.529,0.19,1.73087321001374e-30,"31","Puf60"
1.0499541300431e-34,0.891485698193583,0.86,0.474,2.00068759479712e-30,"31","Cdc42"
3.9976418183953e-34,0.976363665798755,0.584,0.22,7.61750648495224e-30,"31","Tkt"
4.05556393375637e-34,0.797737939835633,0.518,0.177,7.72787707577277e-30,"31","Atp6v1h"
5.00770149482964e-34,0.798229756745123,0.506,0.199,9.54217519839787e-30,"31","Ube2r2"
8.01945366585326e-34,0.824426599329176,0.693,0.293,1.52810689602834e-29,"31","Cab39"
9.64897228828888e-34,0.811758244626561,0.529,0.171,1.83861166953345e-29,"31","Tmem9b"
1.23013988817971e-33,0.784767432886067,0.65,0.252,2.34403155692643e-29,"31","Nrros"
1.6387419774052e-33,1.01641022891264,0.704,0.288,3.1226228379456e-29,"31","Atp5e"
1.85875298340496e-33,0.907135201506807,0.588,0.206,3.54185380987815e-29,"31","Oaz1"
1.91414967998976e-33,1.03036629354397,0.79,0.382,3.64741221522049e-29,"31","P4hb"
2.57080761468907e-33,1.02787940095785,0.591,0.224,4.89867390979003e-29,"31","Tmed10"
2.57741907998337e-33,0.903220264954204,0.564,0.223,4.91127205690831e-29,"31","Tor1aip2"
3.23845291073285e-33,0.744968445842771,0.708,0.289,6.17087202140145e-29,"31","Arhgap30"
3.71930911911993e-33,0.658662207724084,0.665,0.292,7.08714352648303e-29,"31","Ninj1"
4.76662157851928e-33,0.978226014820149,0.607,0.248,9.08279741786848e-29,"31","Cct2"
9.14937629585245e-33,0.859690297086573,0.681,0.28,1.74341365317468e-28,"31","Ppp1r18"
1.22514564469427e-32,0.682538803886023,0.556,0.209,2.33451502596493e-28,"31","Rab1b"
2.56857752593014e-32,0.897974343664285,0.541,0.198,4.89442447565989e-28,"31","Cd48"
9.53702659621467e-32,1.19017938684164,0.514,0.192,1.81728041790871e-27,"31","Sqstm1"
1.96617696377315e-31,0.731002387812721,0.732,0.307,3.74655020446973e-27,"31","Fli1"
2.77375527806292e-31,0.920741029766545,0.584,0.226,5.28539068234889e-27,"31","Acbd3"
3.4234252322532e-31,0.774277539005054,0.603,0.231,6.52333678005847e-27,"31","Reep5"
7.67997861565141e-31,0.686302997573901,0.696,0.28,1.46341992521238e-26,"31","Ikzf1"
1.14910088434068e-30,0.648047148389035,0.537,0.192,2.18961173511116e-26,"31","Tceal9"
1.2693913449263e-30,0.640348642255368,0.537,0.201,2.41882520775707e-26,"31","Copz1"
1.73948998507589e-30,1.28709311583767,0.615,0.252,3.31459816656211e-26,"31","Slc25a5"
1.82458094335239e-30,1.0742267279305,0.681,0.308,3.47673898755799e-26,"31","Ssr4"
2.81384826996992e-30,0.628448622072746,0.739,0.311,5.36178787842768e-26,"31","Vasp"
2.84834928020971e-30,0.859936533530165,0.634,0.274,5.42752955343959e-26,"31","Arcn1"
3.89452873073148e-30,0.868778022691229,0.732,0.326,7.42102449640884e-26,"31","Saraf"
5.81412221043647e-30,0.753331966314036,0.646,0.267,1.10788098719867e-25,"31","Snx3"
8.8119170440186e-30,0.594383100951358,0.576,0.216,1.67911079273775e-25,"31","Smdt1"
1.55462639997773e-29,0.710082057692478,0.58,0.251,2.96234060515756e-25,"31","Dot1l"
2.6348243514825e-29,0.604885795238667,0.533,0.198,5.02065780174991e-25,"31","Ndufa8"
2.91395566411152e-29,0.825790727452369,0.541,0.217,5.5525425179645e-25,"31","Clint1"
3.02958954936453e-29,0.899677026313702,0.533,0.199,5.77288288631411e-25,"31","Acsl5"
3.10682141051351e-29,0.874445835645903,0.611,0.231,5.9200481977335e-25,"31","Cops9"
4.85690750489903e-29,0.731081053719033,0.533,0.206,9.25483725058511e-25,"31","Cmpk1"
4.90173266436521e-29,0.756800805263066,0.514,0.202,9.3402515919479e-25,"31","Ncor1"
6.46502552437571e-29,0.622728203785826,0.521,0.195,1.23191061366979e-24,"31","Pik3cg"
6.76156065216964e-29,0.870616841685655,0.502,0.198,1.28841538227092e-24,"31","Srp9"
8.6521999735303e-29,0.659536212792699,0.568,0.231,1.6486767049562e-24,"31","Rbm14"
8.86020203766291e-29,1.01023663535783,0.607,0.262,1.68831149827667e-24,"31","Tet3"
1.90634305502811e-28,0.688792681931047,0.685,0.322,3.63253669135607e-24,"31","Rnf4"
2.01735472113654e-28,0.767379183932373,0.595,0.232,3.84406942112568e-24,"31","Taldo1"
2.57829517982262e-28,0.659444789425558,0.654,0.289,4.912941465152e-24,"31","Kras"
2.62420409119185e-28,0.970067093374997,0.521,0.22,5.00042089576606e-24,"31","Zfp131"
2.81945324607094e-28,0.556397917045744,0.642,0.27,5.37246816038818e-24,"31","Crlf3"
2.8421139355577e-28,0.612267672962188,0.584,0.256,5.41564810420519e-24,"31","Ssr3"
4.94392463680451e-28,0.866552021587581,0.521,0.215,9.42064839543099e-24,"31","Zbtb21"
5.30211533715154e-28,0.828877749216732,0.755,0.364,1.01031807749423e-23,"31","Morf4l1"
7.11471203780323e-28,0.724195118036744,0.673,0.29,1.35570837880341e-23,"31","Arl6ip5"
1.02893084587002e-27,0.614980516281862,0.572,0.258,1.96062772680531e-23,"31","Ppp1r15b"
1.5146708075905e-27,0.826729560073859,0.572,0.22,2.8862052238637e-23,"31","Rassf5"
1.89486898600092e-27,0.842315965435787,0.502,0.196,3.61067285282476e-23,"31","Wac"
4.07198348227603e-27,0.586256218714601,0.65,0.286,7.75916452547698e-23,"31","Rab7"
4.11595709609191e-27,0.57741940828051,0.65,0.303,7.84295624660314e-23,"31","Irak1"
4.12226765294991e-27,0.732246611565627,0.704,0.321,7.85498101269606e-23,"31","Nono"
4.36667763674885e-27,0.557455443073552,0.518,0.189,8.32070423682494e-23,"31","Copg1"
7.38179529622706e-27,0.818056227477139,0.514,0.221,1.40660109369607e-22,"31","Rer1"
2.74514699156528e-26,0.772296240823079,0.537,0.219,5.23087759242763e-22,"31","Kpna1"
3.13710836471221e-26,0.522341777696507,0.591,0.254,5.97775998895911e-22,"31","Fam50a"
3.24770681505721e-26,0.768636178064772,0.599,0.243,6.18850533609152e-22,"31","Ilk"
3.72122957023333e-26,0.521869528677159,0.537,0.188,7.09080294607961e-22,"31","Atpif1"
3.97670873623538e-26,0.720785626483415,0.529,0.212,7.57761849689651e-22,"31","Tmf1"
4.24450299019133e-26,0.583881161314796,0.615,0.245,8.08790044780958e-22,"31","Chmp1b"
5.62949082577878e-26,0.851923686193226,0.654,0.285,1.07269947685215e-21,"31","Tpp1"
6.5297056001238e-26,0.653680901064753,0.549,0.216,1.24423540210359e-21,"31","Sra1"
1.07306179172755e-25,0.769336085337054,0.549,0.213,2.04471924413684e-21,"31","Sertad1"
1.44842488196804e-25,0.679472254077472,0.669,0.281,2.75997361259009e-21,"31","Mob1a"
1.66514261798049e-25,0.594580082641382,0.576,0.243,3.17292925856183e-21,"31","Gls"
1.76054937786487e-25,0.778957155607917,0.518,0.224,3.3547268395215e-21,"31","Rbm42"
1.78584431700353e-25,0.613227095747523,0.521,0.205,3.40292634605023e-21,"31","Tomm6"
1.8770175603697e-25,0.786509456944745,0.502,0.196,3.57665696128447e-21,"31","Dnajc14"
2.16823444560396e-25,0.919344637855851,0.638,0.331,4.13157073609834e-21,"31","Rgs2"
3.42662541344007e-25,0.7054187659553,0.658,0.302,6.52943472531005e-21,"31","Ascc3"
7.96893632439092e-25,0.628672057750211,0.623,0.28,1.51848081661269e-20,"31","Pdcd6ip"
8.27698059813786e-25,0.73308286105622,0.634,0.263,1.57717865297517e-20,"31","Arpc2"
8.71854047158609e-25,0.597401292232077,0.525,0.205,1.66131788686073e-20,"31","Rtf2"
1.00951371502432e-24,0.543693135417544,0.541,0.225,1.92362838397885e-20,"31","Rab10"
1.72231764062942e-24,0.87083585651728,0.568,0.249,3.28187626421936e-20,"31","Rpn2"
1.75230390396238e-24,0.774483252599678,0.661,0.314,3.33901508900031e-20,"31","Cggbp1"
2.12408260338582e-24,0.584565208852798,0.518,0.205,4.04743940075168e-20,"31","Eif3h"
4.19665334293423e-24,0.685657643359044,0.802,0.379,7.99672294496117e-20,"31","Ptbp3"
4.6506281320325e-24,0.546608043366182,0.728,0.386,8.86177190558793e-20,"31","Kdm6b"
7.14794715013922e-24,0.601889834580241,0.553,0.229,1.36204132945903e-19,"31","Cbfb"
3.11100124331825e-23,0.55739245320329,0.576,0.254,5.92801286914293e-19,"31","Bzw1"
3.16831862739777e-23,0.597760794128955,0.599,0.257,6.03723114450645e-19,"31","Sh3bgrl3"
8.24565264165193e-23,0.629098376609867,0.514,0.214,1.57120911086678e-18,"31","Ubl5"
1.01703199245386e-22,0.716720957956244,0.677,0.302,1.93795446162083e-18,"31","Ppia"
1.75163981314491e-22,0.557180407691359,0.51,0.213,3.33774966394763e-18,"31","Chd2"
1.96490063488369e-22,0.572471922181029,0.778,0.417,3.74411815977086e-18,"31","Sdcbp"
2.3029320838613e-22,0.591957024429181,0.626,0.286,4.3882370857977e-18,"31","Dusp11"
2.79854139251388e-22,0.637158667788237,0.599,0.258,5.33262062343521e-18,"31","Maea"
2.93177644904409e-22,0.58847663932915,0.615,0.288,5.58650002365351e-18,"31","Derl1"
4.5028441221969e-22,0.67916658505081,0.537,0.225,8.5801694748462e-18,"31","Twf2"
4.48374241010812e-21,0.776787824399037,0.506,0.208,8.54377116246102e-17,"31","Uhrf2"
6.25719760895754e-21,0.565660693847162,0.564,0.248,1.19230900438686e-16,"31","Degs1"
8.74279663086556e-21,0.561781861749388,0.556,0.24,1.66593989801143e-16,"31","Edf1"
1.88741752982563e-20,0.644146093464762,0.518,0.234,3.59647410308274e-16,"31","Tmx3"
2.05779198221123e-20,0.557645280363578,0.514,0.228,3.92112262210349e-16,"31","Susd6"
8.59356922999174e-20,0.667243014106304,0.599,0.303,1.63750461677493e-15,"31","Ddost"
1.29008046707036e-19,0.509753246173648,0.763,0.414,2.45824833000258e-15,"31","Fcer1g"
3.5042373082854e-19,0.756309725647467,0.747,0.485,6.67732419093783e-15,"31","Jun"
8.32762114826185e-19,0.518842770028115,0.926,0.6,1.58682820980129e-14,"31","Laptm5"
9.0258276047807e-19,0.517455671121687,0.603,0.282,1.71987145009096e-14,"31","Lrp10"
1.31684006332012e-18,0.698708220183104,0.541,0.281,2.5092387406565e-14,"31","Slc25a3"
1.71744346944367e-18,0.582317814428895,0.595,0.281,3.27258853102491e-14,"31","Psmd8"
5.66493948846683e-18,0.506235211236527,0.564,0.27,1.07945421952735e-13,"31","Tap2"
2.31904089805446e-16,0.543005399643124,0.525,0.252,4.41893243124277e-12,"31","Ifnar2"
7.80565441217567e-16,0.543210991602855,0.72,0.414,1.48736744824007e-11,"31","Eif1"
3.28016959776822e-15,0.619615366413503,0.514,0.243,6.25036316854735e-11,"31","Nfkb2"
0,5.95273087561605,0.924,0.024,0,"32","Pou2af1"
0,4.16339929390898,0.902,0.034,0,"32","Cd19"
0,5.21024507315138,0.908,0.04,0,"32","Mki67"
0,5.4944672795142,0.891,0.04,0,"32","Top2a"
0,4.745030179968,0.875,0.027,0,"32","Pax5"
0,4.21562716565756,0.875,0.05,0,"32","Cd79b"
0,4.52666077357973,0.886,0.067,0,"32","Ncapd2"
0,4.23144363263359,0.848,0.03,0,"32","Cd79a"
0,5.46382873894043,0.837,0.034,0,"32","Cdca3"
0,6.14648594038651,0.804,0.026,0,"32","Pclaf"
0,5.69361506683641,0.783,0.018,0,"32","Mzb1"
0,6.10161587641968,0.788,0.026,0,"32","Rrm2"
0,5.18512579383384,0.75,0.036,0,"32","Myb"
0,6.04627811394863,0.739,0.026,0,"32","Uhrf1"
0,5.68440691537388,0.734,0.025,0,"32","Ccna2"
0,5.94701608003356,0.728,0.024,0,"32","H2ac24"
0,4.81062424940655,0.728,0.026,0,"32","Spib"
0,6.34393433076454,0.701,0.017,0,"32","H1f1"
0,5.59664419425108,0.701,0.024,0,"32","Clspn"
0,5.69492188005787,0.69,0.021,0,"32","Nusap1"
0,4.73036451214984,0.668,0.027,0,"32","Chst3"
0,4.10772662047858,0.668,0.032,0,"32","Siglecg"
0,3.85927466834514,0.674,0.041,0,"32","Ebf1"
0,4.40321938035779,0.663,0.036,0,"32","Rrm1"
0,4.46135939298518,0.652,0.03,0,"32","Nek2"
0,5.07148667759022,0.641,0.023,0,"32","Kif11"
0,5.14548012594124,0.641,0.024,0,"32","Foxm1"
0,4.78994907418443,0.647,0.033,0,"32","Kif23"
0,5.32619512442581,0.625,0.02,0,"32","Ccnb2"
0,5.14135151392758,0.63,0.028,0,"32","Tcf19"
0,4.72974500300943,0.63,0.031,0,"32","Ezh2"
0,5.15950043905096,0.62,0.021,0,"32","Birc5"
0,4.20960249241287,0.625,0.028,0,"32","Susd1"
0,4.20772380941986,0.625,0.033,0,"32","Pole"
0,5.00257056684048,0.603,0.02,0,"32","Fcrla"
0,4.82206907108242,0.582,0.02,0,"32","Bard1"
0,5.43423284652692,0.576,0.015,0,"32","Fbxo5"
0,4.5493416780156,0.582,0.025,0,"32","Cdca2"
0,4.5516888545159,0.56,0.021,0,"32","Dhfr"
0,4.62627244059718,0.565,0.026,0,"32","Tpx2"
0,4.34127923965893,0.565,0.026,0,"32","Ect2"
0,5.02199925234499,0.56,0.022,0,"32","Cdca8"
0,4.37644976773599,0.554,0.026,0,"32","Rad54l"
0,5.37532966165355,0.543,0.016,0,"32","Neil3"
0,4.51007151216687,0.549,0.024,0,"32","Gtse1"
0,5.89234794088388,0.538,0.014,0,"32","Esco2"
0,4.42516869393312,0.543,0.02,0,"32","Blk"
0,5.09307401444304,0.543,0.021,0,"32","Brip1"
0,6.79814755450251,0.522,0.003,0,"32","Vpreb3"
0,4.39274204468373,0.543,0.027,0,"32","Mbnl3"
0,4.97791937361316,0.522,0.019,0,"32","Kif15"
0,5.13548343842868,0.522,0.021,0,"32","Cecr2"
0,4.53358721282776,0.516,0.023,0,"32","Dlgap5"
0,5.43460104569417,0.5,0.012,0,"32","Cenpm"
0,4.72798343415419,0.505,0.021,0,"32","Slc43a3"
0,3.6158117979774,0.505,0.028,0,"32","Ly6d"
6.82699611922554e-308,4.59481891591055,0.668,0.035,1.30088411051843e-303,"32","Cip2a"
6.95494533627534e-303,4.63447133485811,0.717,0.037,1.32526483382727e-298,"32","Cdk1"
2.90757340992696e-299,4.4892272229233,0.728,0.043,5.54038113261582e-295,"32","Mcm7"
2.86601140327495e-291,5.92317663717869,0.837,0.043,5.46118472894042e-287,"32","H2ac8"
4.37540482844076e-284,4.2326873596033,0.772,0.047,8.33733390059386e-280,"32","Tacc3"
7.2687196987516e-279,4.49316791076173,0.62,0.035,1.38505453859712e-274,"32","Gmnn"
7.37379281221827e-278,5.61437104570724,0.848,0.043,1.40507622036819e-273,"32","H1f5"
2.2674915549387e-272,4.26767852956167,0.62,0.036,4.3207051579357e-268,"32","Smc2"
2.88020090754601e-270,4.24843748490881,0.663,0.039,5.48822282932892e-266,"32","Hells"
5.38484796934497e-260,4.91801664904088,0.576,0.036,1.02608278055868e-255,"32","Igkc"
2.72001563390806e-257,4.03064671550235,0.527,0.028,5.1829897904118e-253,"32","Wdr76"
1.04660223757186e-252,3.34519710842877,0.576,0.044,1.99430056369318e-248,"32","Carmil2"
3.18496181194091e-241,5.02180299336996,0.918,0.094,6.0689447326534e-237,"32","Cd24a"
1.20827870491119e-238,4.33790833912125,0.625,0.043,2.30237507220827e-234,"32","Mcm2"
2.36808652423442e-237,4.15083208870954,0.549,0.033,4.5123888719287e-233,"32","Atad5"
2.11894497036668e-235,5.16030752239862,0.875,0.072,4.0376496410337e-231,"32","H2ax"
1.30506211679596e-234,4.03090568149709,0.582,0.036,2.48679586355469e-230,"32","Knstrn"
8.75593671440458e-228,3.89613578767506,0.598,0.041,1.66844374092979e-223,"32","Rpa2"
2.24353117706639e-227,3.95775483777643,0.56,0.036,4.27504865790001e-223,"32","Mms22l"
2.24104240420588e-224,3.7891796881495,0.603,0.043,4.2703063012143e-220,"32","Plk4"
7.91787067910283e-222,4.03004243517677,0.75,0.06,1.50875025790305e-217,"32","Incenp"
3.54055168314138e-221,4.35039087782977,0.527,0.031,6.7465212322259e-217,"32","Lig1"
3.16516823643792e-218,3.72726194873808,0.647,0.054,6.03122807453245e-214,"32","Ncapg2"
3.99581324377019e-217,4.06539541887086,0.821,0.073,7.61402213600409e-213,"32","Dnajc9"
1.20300542882485e-216,2.80280207309247,0.609,0.061,2.29232684462575e-212,"32","Ikzf3"
1.79228008342664e-213,3.9620066676603,0.614,0.047,3.41518969896946e-209,"32","Xrcc6"
1.2019669612344e-211,2.90337956060684,0.565,0.047,2.29034804463215e-207,"32","Atp2a3"
1.7144932070557e-207,3.81905283792608,0.728,0.064,3.26696680604463e-203,"32","Pold1"
1.13628561800595e-193,3.92654660842404,0.614,0.05,2.16519224511034e-189,"32","Mcm4"
5.66339039206863e-193,3.72921920276825,0.853,0.094,1.07915903920868e-188,"32","Smc4"
5.79703254172052e-189,2.15509633949888,0.696,0.085,1.10462455082484e-184,"32","Septin1"
1.11228668363808e-184,3.53242906210953,0.609,0.043,2.11946227567236e-180,"32","Tipin"
2.36764792860208e-184,4.13929925672857,0.625,0.053,4.51155312795126e-180,"32","Mcm3"
3.72480950917246e-184,3.93447279463551,0.609,0.05,7.09762451972812e-180,"32","Cdkn2c"
3.75610313735732e-182,3.76688373048236,0.527,0.037,7.15725452823438e-178,"32","Haus4"
4.20970593253637e-181,3.6162646556597,0.674,0.063,8.02159465444805e-177,"32","Zfp367"
1.89484995641185e-179,3.51933696677177,0.679,0.063,3.61063659194278e-175,"32","Pola1"
3.61242336961204e-177,4.38247157924271,0.837,0.085,6.88347273079574e-173,"32","Stmn1"
1.53109665997694e-175,3.90237172636805,0.745,0.09,2.91750468558606e-171,"32","Bach2"
2.71170149691123e-175,3.63552582296492,0.755,0.089,5.16714720236435e-171,"32","Slc1a5"
3.42232320641127e-172,3.45345392364022,0.864,0.12,6.52123686981667e-168,"32","Nup210"
1.17872425669185e-171,2.74115142494727,0.62,0.07,2.24605907112632e-167,"32","Trp53i11"
2.32736796817553e-171,3.73089229162123,0.571,0.053,4.43479966335848e-167,"32","Tcf3"
3.01903980295542e-169,2.9206818575793,0.582,0.061,5.75278034453155e-165,"32","Slamf6"
9.79965133093809e-164,3.31888276611941,0.859,0.117,1.86732356111025e-159,"32","Lbr"
4.93018447680586e-162,3.51055697112136,0.527,0.05,9.39446652055356e-158,"32","Nrm"
1.59798599185246e-161,3.02997222583936,0.723,0.093,3.04496230747486e-157,"32","Map4k1"
1.16534515111017e-159,4.38971176099504,0.87,0.138,2.22056518544042e-155,"32","H3c1"
1.88785250614583e-155,2.98323650309103,0.516,0.046,3.59730295046088e-151,"32","Cntrob"
4.73220954662936e-154,3.10372283005253,0.728,0.104,9.01722529110224e-150,"32","Cd72"
2.13518894398026e-151,3.81701631297834,0.674,0.073,4.06860253275438e-147,"32","Fen1"
4.623356609823e-151,2.31176426635003,0.549,0.068,8.80980602001773e-147,"32","Plac8"
2.76707262326972e-150,4.330235549836,0.5,0.048,5.27265688364045e-146,"32","Pafah1b3"
1.15033965327121e-148,3.31787559816991,0.766,0.099,2.19197220930829e-144,"32","Tmpo"
3.82886745138871e-146,2.76483385031314,0.772,0.113,7.2959069286212e-142,"32","Fcho1"
4.83875847135812e-146,3.40040253500877,0.582,0.056,9.22025426717291e-142,"32","Rcc1"
1.91985783608667e-142,3.58538466077393,0.652,0.073,3.65828910666314e-138,"32","Bcl7a"
4.88388240222686e-141,3.10510248930173,0.565,0.057,9.30623791744329e-137,"32","Prim2"
6.37741865707157e-141,3.27433052363302,0.516,0.053,1.21521712510499e-136,"32","Nmral1"
1.17968336660959e-139,3.75446220570512,0.81,0.108,2.24788665507457e-135,"32","Anp32e"
2.39529523483652e-139,3.34244947004452,0.576,0.051,4.56423506998098e-135,"32","Selenoh"
4.10089265931096e-139,2.02831146329064,0.598,0.084,7.81425096231704e-135,"32","Acap1"
6.43332347014592e-139,3.19897423358875,0.761,0.092,1.2258697872363e-134,"32","Lsm2"
3.11666811164836e-138,2.99158904394121,0.641,0.076,5.93881108674595e-134,"32","Dtymk"
1.09546161507579e-136,3.81560763881719,0.777,0.132,2.08740210752692e-132,"32","Irag2"
4.74760606085245e-135,3.01028231815465,0.511,0.049,9.04656334895435e-131,"32","Mis18a"
1.15033148782067e-134,3.11037461824713,0.516,0.054,2.19195665004228e-130,"32","Cep128"
1.21002798678327e-134,3.01233057314131,0.799,0.136,2.30570832881553e-130,"32","Plekha2"
1.51211014573848e-134,3.06815808107618,0.571,0.065,2.88132588270467e-130,"32","Rbm38"
5.26767749825184e-134,3.52708271942097,0.614,0.075,1.00375594729189e-129,"32","Dck"
1.03996723645744e-133,4.25225517232483,0.891,0.146,1.98165756906966e-129,"32","H2az2"
1.08760130651528e-132,3.20805076562037,0.522,0.06,2.07242428956487e-128,"32","Neil1"
4.46973401998486e-131,3.20405602128675,0.587,0.066,8.51707817508115e-127,"32","Usp1"
8.18884330825177e-130,3.24093521572328,0.652,0.076,1.56038409238737e-125,"32","Cks2"
3.81398530599497e-129,3.88814111117649,0.94,0.203,7.26754900057341e-125,"32","Tubb5"
8.36926278550107e-126,2.96140436805426,0.527,0.054,1.59476302377723e-121,"32","Topbp1"
2.56348948289598e-125,3.80974102304992,0.571,0.064,4.8847292096583e-121,"32","Prep"
8.18953211450734e-125,4.82731481532614,0.967,0.26,1.56051534441937e-120,"32","Ighm"
2.25129902250759e-123,2.68983208128691,0.755,0.108,4.28985028738821e-119,"32","Hjurp"
1.12618757312678e-120,3.14133513047166,0.81,0.134,2.14595042059309e-116,"32","Dnmt1"
1.07520538192456e-119,2.83872325954981,0.804,0.141,2.04880385525724e-115,"32","Vars"
1.19277566047236e-119,2.88710375445707,0.505,0.058,2.27283402103008e-115,"32","Dbf4"
1.90078814801017e-119,2.82486127019737,0.505,0.055,3.62195181603338e-115,"32","Fam43a"
9.86176905411078e-119,2.50803793909374,0.766,0.129,1.87916009326081e-114,"32","Wdfy4"
9.99625256797763e-118,3.5257640009208,0.587,0.07,1.90478592682814e-113,"32","Chchd10"
1.021747244319e-117,3.32108388649889,0.924,0.209,1.94693937404986e-113,"32","Lmnb1"
1.26648493705927e-115,2.75203014687438,0.728,0.132,2.41328704756644e-111,"32","Tmem131l"
2.60217747216697e-115,2.83284996146087,0.587,0.078,4.95844917321417e-111,"32","Slbp"
9.62791900330993e-113,3.01192737460933,0.636,0.089,1.83459996608071e-108,"32","C1galt1"
2.79877274070263e-112,2.50986006296991,0.527,0.065,5.33306145740887e-108,"32","Rasgrp2"
6.10092721060779e-112,2.89941255135556,0.679,0.109,1.16253167998131e-107,"32","Nup62"
7.22191296646366e-112,2.46942055228814,0.538,0.063,1.37613551575965e-107,"32","Hirip3"
1.25355151558595e-110,3.45621313852884,0.625,0.101,2.38864241294902e-106,"32","Pgls"
5.10970412273422e-108,2.7976705597494,0.5,0.056,9.73654120587006e-104,"32","Rnaseh2b"
5.23461975056403e-107,2.12360758285501,0.636,0.093,9.97456793469975e-103,"32","Cbx5"
1.44454152477815e-106,2.78522039234466,0.87,0.168,2.75257387546477e-102,"32","Cyfip2"
2.64015960560078e-105,4.00672700853121,0.652,0.096,5.03082412847228e-101,"32","Ccnd3"
8.78921360842506e-105,2.81685278265354,0.783,0.124,1.6747846530854e-100,"32","Cbx3"
1.73560258502542e-104,2.545541725663,0.543,0.07,3.30719072576594e-100,"32","Ddx39a"
1.4114342133962e-103,3.69775309776454,0.957,0.278,2.68948789362645e-99,"32","H1f4"
3.57836598774268e-103,3.23975472539652,0.728,0.14,6.81857638964368e-99,"32","Smarca4"
3.68412755428582e-103,2.73343456911681,0.886,0.193,7.02010505469163e-99,"32","H2az1"
7.69324914236857e-103,2.65722992373347,0.788,0.158,1.46594862407833e-98,"32","Hmgb1"
1.00789103942773e-101,2.65535297709932,0.636,0.094,1.92053637562954e-97,"32","Arpc5l"
5.94699920313383e-101,3.43399641941272,0.549,0.057,1.13320069815715e-96,"32","Elof1"
7.98333623293287e-101,2.38078052231125,0.554,0.078,1.52122471918536e-96,"32","Ralgps2"
9.48608854108371e-101,2.62045627795409,0.652,0.106,1.8075741715035e-96,"32","Ptp4a3"
1.46561373969004e-100,2.22450254690523,0.603,0.096,2.79272698097938e-96,"32","Ezr"
6.00098590904862e-99,2.64819337980376,0.652,0.101,1.14348786496921e-94,"32","Rpia"
6.81316205088883e-99,2.85255754440934,0.625,0.1,1.29824802879687e-94,"32","Cdt1"
7.68666900266148e-99,2.49348069294286,0.63,0.104,1.46469477845715e-94,"32","Rbbp4"
2.40462595976876e-98,2.95022961415823,0.56,0.065,4.58201476633938e-94,"32","Rpa1"
3.32745923747321e-98,2.06276779347017,0.592,0.084,6.34047357700521e-94,"32","Septin6"
3.66024889245221e-98,2.58020317528029,0.804,0.176,6.97460426456769e-94,"32","Apobec3"
1.1287271104015e-97,2.76688626593171,0.647,0.104,2.15078950887006e-93,"32","Ssrp1"
5.47856104022763e-97,2.80433080789585,0.783,0.149,1.04393980621537e-92,"32","Snrpf"
5.98813788755644e-96,2.68025370726961,0.663,0.106,1.14103967447388e-91,"32","Nasp"
1.00221352843043e-95,2.79765767271227,0.75,0.135,1.90971787842418e-91,"32","Snrpd1"
2.03420904019306e-95,2.68484091164919,0.679,0.106,3.87618532608788e-91,"32","Sae1"
5.19119028659697e-95,2.64347542618365,0.685,0.109,9.89181309111052e-91,"32","Lsm4"
2.73136125834768e-94,2.49294328933212,0.587,0.067,5.2046088777815e-90,"32","Desi1"
3.10371251806931e-94,2.18044038389171,0.603,0.104,5.91412420318108e-90,"32","Sema4b"
1.49529415409276e-93,2.83363820302592,0.875,0.246,2.84928301062376e-89,"32","Dek"
2.12374820556239e-93,2.52708377165651,0.56,0.078,4.04680220569914e-89,"32","Fam111a"
7.60101289706755e-93,2.57596302928798,0.663,0.094,1.44837300753622e-88,"32","Tubb4b"
3.93746886802316e-92,2.36116059922546,0.745,0.122,7.50284692801814e-88,"32","Nsd2"
4.07781219760439e-92,2.36945653586744,0.674,0.122,7.77027114253516e-88,"32","Nfatc3"
9.9328004945504e-92,2.67058683796556,0.734,0.17,1.89269513423658e-87,"32","Pcna"
7.02342860374997e-91,2.49808814832834,0.761,0.142,1.33831432044456e-86,"32","Nol7"
6.07342135699107e-90,2.59738729658676,0.636,0.091,1.15729043957465e-85,"32","Nudt21"
1.13355625000034e-88,2.17900949069676,0.516,0.078,2.15999143437565e-84,"32","Ncaph2"
4.14436622263508e-88,2.53671915917345,0.772,0.152,7.89708983723115e-84,"32","Snrpe"
5.12054612149259e-87,2.26066276507132,0.598,0.103,9.75720063450414e-83,"32","Pkig"
1.06941807850684e-86,2.10977638407844,0.679,0.117,2.03777614859478e-82,"32","Maz"
7.40866417955877e-86,2.27707498994848,0.658,0.11,1.41172095941492e-81,"32","Lsm3"
3.05681975690255e-85,2.17293394571532,0.609,0.104,5.8247700467778e-81,"32","Foxo1"
5.38640372432808e-85,2.45970481914541,0.609,0.1,1.02637922967072e-80,"32","Suz12"
8.18037944281509e-85,2.44366186915741,0.75,0.152,1.55877130282841e-80,"32","Smarcc1"
1.80425034436108e-82,2.47773973637095,0.549,0.095,3.43799903118003e-78,"32","Cdca4"
2.55742263275226e-82,2.49550893844127,0.516,0.09,4.87316882670944e-78,"32","Rhoh"
2.74720082735612e-82,1.77136943770568,0.728,0.167,5.23479117652708e-78,"32","Ets1"
3.54745933071369e-82,2.26850654759031,0.63,0.139,6.75968375467494e-78,"32","Cxcr4"
5.34276735751694e-82,2.00941873348265,0.522,0.078,1.01806431997485e-77,"32","Aaas"
8.13244617614049e-82,2.50705198789311,0.685,0.128,1.54963761886357e-77,"32","Rbbp7"
1.19364351946111e-81,2.24686816308285,0.522,0.095,2.27448772633315e-77,"32","Klhl6"
3.29030378197031e-81,2.20640340679952,0.56,0.098,6.26967385654442e-77,"32","Pml"
3.74148967631682e-81,2.28657221006415,0.924,0.321,7.12940857822169e-77,"32","Nono"
8.44353254043887e-81,2.47449822497603,0.587,0.098,1.60891512558063e-76,"32","Carhsp1"
1.06782852997724e-80,2.27345120823054,0.755,0.167,2.03474726387163e-76,"32","Smc6"
1.49749361126065e-80,2.33259360912641,0.516,0.079,2.85347407625717e-76,"32","Trp53inp1"
6.6141270209646e-80,1.82532978880109,0.576,0.121,1.2603219038448e-75,"32","Itga4"
6.67060572705498e-80,2.50572807851636,0.554,0.09,1.27108392129033e-75,"32","Tfdp1"
1.43241503789992e-79,2.27964732489453,0.565,0.095,2.72946685471829e-75,"32","Ddx19a"
2.88241683586421e-79,2.07895544134924,0.793,0.183,5.49244528073924e-75,"32","Smc1a"
7.22756742939174e-79,2.47235000862644,0.549,0.098,1.3772129736706e-74,"32","Ifi209"
1.84668009795746e-78,2.24606147998881,0.609,0.107,3.51884892665793e-74,"32","Med30"
3.9508868316624e-78,2.01491555186748,0.543,0.08,7.52841485773271e-74,"32","Slc16a1"
2.71453018914237e-77,2.29346969045993,0.886,0.266,5.17253727541079e-73,"32","Rac2"
6.8564920922804e-77,2.84984038710998,0.886,0.314,1.30650456818403e-72,"32","H3f3a"
1.52747421218346e-76,2.12752990985501,0.859,0.235,2.91060211131557e-72,"32","Foxp1"
1.82579629392948e-76,1.89194993234211,0.799,0.175,3.47905483808263e-72,"32","Psip1"
6.82019920959668e-76,1.40419635107133,0.717,0.17,1.29958895938865e-71,"32","Cytip"
5.26798166450253e-75,2.01958776722316,0.821,0.208,1.00381390617096e-70,"32","Fam107b"
5.5282359244471e-75,1.93390518207505,0.538,0.094,1.0534053554034e-70,"32","Nfyb"
2.78660470433161e-74,2.51694465375615,0.859,0.268,5.30987526410388e-70,"32","Hnrnpa1"
4.81619327737571e-74,2.10441132753153,0.63,0.128,9.17725629003942e-70,"32","Xrcc1"
5.15030777485894e-73,2.0921684270454,0.658,0.142,9.81391146499371e-69,"32","Smarcd2"
6.69843765487406e-73,2.01604676504275,0.63,0.107,1.27638729513625e-68,"32","Smc3"
9.35258716350736e-73,2.33113113720928,0.766,0.188,1.78213548400633e-68,"32","Rnps1"
2.32501555265145e-72,2.02084358196608,0.614,0.129,4.43031713557733e-68,"32","Ero1b"
5.39677405705441e-72,2.39718692887944,0.826,0.226,1.02835529657172e-67,"32","Ybx1"
7.26227415323184e-71,2.21434003352818,0.543,0.089,1.38382633989833e-66,"32","Nsmce4a"
1.1693470975846e-70,2.06365183865011,0.788,0.203,2.22819089444745e-66,"32","Sf3b6"
2.20783264049092e-70,2.39761014271735,0.549,0.095,4.20702509645546e-66,"32","Pola2"
2.86181802398439e-70,2.44403147041979,0.87,0.32,5.45319424470225e-66,"32","Macroh2a1"
4.5382036151511e-70,2.13876455707323,0.897,0.325,8.64754698867042e-66,"32","Hnrnpd"
6.27211986019824e-70,2.29422289686645,0.69,0.143,1.19515243936077e-65,"32","Snrpa1"
8.25752308311219e-70,2.37095932587114,0.641,0.13,1.57347102348703e-65,"32","Prdx4"
1.11917375640959e-69,1.91073261155064,0.609,0.136,2.13258559283847e-65,"32","Limd1"
1.88444388616985e-69,2.21827926092248,0.696,0.161,3.59080782509664e-65,"32","Syvn1"
3.12554933658027e-69,2.06590938109352,0.511,0.083,5.95573426085371e-65,"32","Nup155"
4.93792804214543e-69,2.06333664466136,0.707,0.174,9.40922188430812e-65,"32","Khsrp"
8.91661630676324e-69,2.17206025018148,0.543,0.098,1.69906123725374e-64,"32","Psmd13"
1.13456638638902e-68,1.86279436955518,0.522,0.093,2.16191624926428e-64,"32","St8sia4"
4.99310168887589e-68,2.22780119707106,0.707,0.167,9.51435526815301e-64,"32","Srsf4"
1.28921408851123e-67,1.4406728242388,0.554,0.104,2.45659744565815e-63,"32","Myef2"
1.78743068662044e-67,2.11760889323141,0.533,0.098,3.40594917335524e-63,"32","Gtf2a2"
1.80222196452127e-67,2.70117614855,0.603,0.153,3.43413395339527e-63,"32","Lgals9"
7.50006166364824e-67,2.23698624460625,0.859,0.302,1.42913675000817e-62,"32","Ppia"
9.26082721836999e-67,2.03447776757054,0.582,0.13,1.7646506264604e-62,"32","Pds5a"
2.7347157170439e-66,2.05223547344289,0.587,0.127,5.21100079882716e-62,"32","Zfp706"
3.00073757630146e-66,2.2700307011586,0.745,0.19,5.71790545164243e-62,"32","Rcc2"
4.64995471161916e-66,1.92996668704722,0.75,0.205,8.86048870299032e-62,"32","Xpo1"
6.39116519317956e-66,1.74767581282126,0.516,0.099,1.21783652756036e-61,"32","Zw10"
7.24094886075483e-66,1.8296624518292,0.647,0.141,1.37976280541683e-61,"32","Grk6"
7.29808236565941e-66,1.95063689889823,0.549,0.1,1.3906495947764e-61,"32","Paxip1"
1.25011605138252e-65,1.980440013365,0.804,0.243,2.38209613590938e-61,"32","Raly"
3.68261450324055e-65,2.02884985237603,0.821,0.264,7.01722193592486e-61,"32","Dazap1"
4.50181767532612e-65,1.95338554990172,0.538,0.101,8.57821358033392e-61,"32","Pfdn6"
4.65432715263162e-65,2.27444255963162,0.56,0.103,8.86882038933956e-61,"32","Ppp1ca"
7.5971427148444e-65,2.01025783713676,0.625,0.146,1.4476355443136e-60,"32","Magoh"
2.82477173438641e-64,2.03505619140934,0.549,0.104,5.38260253987331e-60,"32","Dpy30"
3.04600213148297e-64,1.98092411085965,0.826,0.28,5.8041570615408e-60,"32","Ikzf1"
1.39196857684329e-63,2.30449973465953,0.505,0.1,2.65239612317489e-59,"32","Eri1"
1.48021234186378e-63,1.92599145949895,0.826,0.282,2.82054461742143e-59,"32","Snx2"
1.98908893508667e-63,2.38821801703091,0.505,0.092,3.79020896580765e-59,"32","Lyar"
3.15658363759057e-63,1.5507045064309,0.614,0.158,6.01487012142884e-59,"32","Brd8"
4.13945151184396e-63,1.75289381755069,0.723,0.182,7.88772485581866e-59,"32","Sf3b3"
6.95546521552153e-63,1.98228791276808,0.614,0.133,1.32536389681763e-58,"32","Ctcf"
1.2028738338187e-62,2.35950285887529,0.674,0.151,2.29207609034153e-58,"32","Sumo2"
1.40174525635902e-62,1.85197309940007,0.543,0.12,2.6710255859921e-58,"32","Frg1"
1.51050973269012e-62,1.88199480911662,0.587,0.133,2.87827629564103e-58,"32","Ccm2"
2.57912734038888e-62,2.11943639544946,0.505,0.092,4.91452714711102e-58,"32","Trim28"
7.97450548726015e-62,1.56492184480709,0.549,0.103,1.51954202059742e-57,"32","Polr3k"
2.32419638084538e-61,1.45285396207925,0.533,0.14,4.42875620370088e-57,"32","Slamf7"
3.5328090115209e-61,1.93422000056231,0.636,0.129,6.73176757145307e-57,"32","Snu13"
3.969540288651e-61,2.39095907153739,0.592,0.143,7.56395902002448e-57,"32","B3gnt2"
4.63149719294642e-61,1.92576556316197,0.543,0.112,8.8253179011594e-57,"32","Lsm8"
5.16604595513203e-61,2.11312542906727,0.641,0.143,9.84390056750409e-57,"32","Serbp1"
4.11188985132861e-60,1.86529636351036,0.821,0.271,7.83520611170666e-56,"32","Hnrnpul1"
7.3210145226932e-60,1.62124807687844,0.755,0.213,1.39501931729919e-55,"32","Smchd1"
1.10858080239093e-59,1.69505936936277,0.815,0.251,2.11240071895592e-55,"32","Ppp2r5a"
1.19564712128757e-59,2.15662131264554,0.712,0.185,2.27830558961347e-55,"32","Rfc2"
2.32662613622762e-59,2.0980203954842,0.658,0.151,4.43338610258173e-55,"32","Psma6"
3.56681209802919e-59,1.7152651153483,0.641,0.135,6.79656045279462e-55,"32","Pdap1"
6.06712190922558e-59,1.15053545092032,0.533,0.133,1.15609007980293e-54,"32","Rabgap1l"
6.56785020300548e-59,1.83898486330596,0.88,0.408,1.25150385618269e-54,"32","Hnrnpa2b1"
1.60598503969446e-58,1.73827895776456,0.897,0.374,3.0602044931378e-54,"32","Coro1a"
2.44959817982689e-58,1.97342605041832,0.505,0.088,4.66770933166013e-54,"32","Hdgf"
4.43328465273388e-58,2.06403091118776,0.511,0.099,8.44762390578442e-54,"32","Pold3"
6.88149624967791e-58,1.82486984676143,0.549,0.119,1.31126911037613e-53,"32","Sms"
4.98175305597793e-57,2.09839242889325,0.614,0.13,9.49273044816595e-53,"32","Tcp1"
5.02897484902983e-57,1.59540843936397,0.75,0.206,9.58271157482635e-53,"32","Vbp1"
5.36775446396958e-57,2.19285609678782,0.701,0.201,1.0228256131094e-52,"32","Jpt1"
8.18623881934878e-57,1.84816365053344,0.582,0.121,1.55988780702691e-52,"32","Lbh"
1.21801344761254e-56,1.38437625088764,0.522,0.114,2.32092462442569e-52,"32","Gabpb2"
1.41521608148979e-56,1.83920341468444,0.609,0.164,2.69669424327879e-52,"32","Coro7"
1.47882029059418e-56,1.63166639599654,0.554,0.139,2.8178920637272e-52,"32","Fmr1"
2.01765482851181e-56,1.97778832468951,0.527,0.109,3.84464127572926e-52,"32","Ints7"
3.20325502299591e-56,1.95382340497848,0.609,0.15,6.10380244631871e-52,"32","Ppm1g"
4.55053577949897e-56,1.95696843740631,0.62,0.142,8.67104592783529e-52,"32","Hibadh"
4.93968648065944e-56,1.6577326614272,0.614,0.13,9.41257258889657e-52,"32","Eftud2"
6.26594352989538e-56,1.84902144426532,0.614,0.137,1.19397553962156e-51,"32","Ckap5"
7.5200847656577e-56,1.61202170632512,0.712,0.203,1.43295215209608e-51,"32","Parp1"
8.5102206902797e-56,1.75402569101825,0.63,0.164,1.6216225525328e-51,"32","Ciao2a"
9.18056492701709e-56,2.05285434650799,0.793,0.253,1.74935664684311e-51,"32","Sec11c"
9.57808065461353e-56,1.49693437851677,0.62,0.16,1.82510326873661e-51,"32","Tmsb10"
1.31890399959715e-55,1.72326283778447,0.679,0.165,2.51317157123237e-51,"32","Psmd14"
1.40664361968474e-55,1.50474043830651,0.788,0.226,2.68035941730928e-51,"32","Txn1"
1.69395237387687e-55,1.9181442636184,0.598,0.144,3.22782624842237e-51,"32","Sf3b4"
1.90740590079643e-55,1.49772033263919,0.576,0.115,3.63456194396761e-51,"32","Ap1ar"
2.23598709329997e-55,2.31190354851763,0.924,0.507,4.2606734062831e-51,"32","Ucp2"
4.10675284255653e-55,1.75750383709412,0.745,0.211,7.82541754149146e-51,"32","Ndufb11"
1.4452664800414e-54,1.59563995998626,0.603,0.154,2.75395527771888e-50,"32","Il16"
2.87537596862013e-54,1.74117520219301,0.5,0.098,5.47902890820566e-50,"32","Ruvbl2"
4.9366375878349e-54,1.69536152239682,0.587,0.13,9.40676292361939e-50,"32","Cse1l"
5.47159421727407e-54,1.59726071849891,0.652,0.172,1.04261227810157e-49,"32","E2f4"
9.34113560574503e-54,1.54275100364143,0.69,0.195,1.77995338967472e-49,"32","Phip"
1.01137854327105e-53,1.82459563007537,0.609,0.151,1.92718181420298e-49,"32","Tspan13"
1.52359265039631e-53,1.57528501199421,0.554,0.146,2.90320579533016e-49,"32","Arl5c"
1.65689247293039e-53,1.73498248116968,0.543,0.119,3.15720860716886e-49,"32","Plrg1"
2.49109150151661e-53,1.72683571638305,0.625,0.142,4.7467748561399e-49,"32","Emg1"
2.61184232517262e-53,1.37594707335416,0.554,0.144,4.97686555061642e-49,"32","Etfa"
2.8926974706005e-53,1.58793376069316,0.538,0.122,5.51203503022925e-49,"32","Pcnt"
3.34380467705821e-53,1.58571530059874,0.69,0.187,6.37161981213441e-49,"32","Elf1"
4.63614952886122e-53,1.20620189095524,0.565,0.138,8.83418292724505e-49,"32","S100a10"
5.89136075079459e-53,1.61025644165111,0.614,0.165,1.12259879106391e-48,"32","Psmb9"
6.06783730344434e-53,1.64771050217985,0.658,0.183,1.15622639817132e-48,"32","Rp9"
9.05237091382187e-53,1.97996643104459,0.516,0.113,1.72492927762876e-48,"32","Brix1"
9.51246212831127e-53,1.58722896231646,0.734,0.216,1.81259965854971e-48,"32","Atp5j2"
9.79467577422661e-53,1.64457544580141,0.571,0.143,1.86637546877888e-48,"32","Hdac1"
1.01503497334102e-52,1.34786814150388,0.571,0.153,1.9341491417013e-48,"32","Nop56"
1.37771647195918e-52,1.55992258686247,0.788,0.252,2.62523873731821e-48,"32","Dhx9"
1.90754000243212e-52,1.47549444168133,0.663,0.204,3.6348174746344e-48,"32","Smarce1"
1.93443762128085e-52,1.79547584381256,0.571,0.141,3.68607088735066e-48,"32","Commd1"
4.04103023533884e-52,1.72749429824842,0.821,0.327,7.70018311343816e-48,"32","Ptbp1"
4.16550754496411e-52,1.89472007389366,0.685,0.186,7.93737462692911e-48,"32","Uba2"
1.12454904341497e-51,1.59533611458651,0.652,0.184,2.14282820222722e-47,"32","Esyt1"
1.23061976999461e-51,1.6563006957315,0.609,0.143,2.34494597172472e-47,"32","Hpf1"
3.42197512128144e-51,1.67785113390437,0.821,0.284,6.52057359360179e-47,"32","Anp32a"
4.07675668833768e-51,1.40028749467049,0.56,0.133,7.76825986962744e-47,"32","Map4k2"
6.84324183582504e-51,1.80227674356462,0.696,0.229,1.30397973181646e-46,"32","Cbfb"
8.17989860774824e-51,1.52068135604319,0.543,0.133,1.55867967970643e-46,"32","Cpsf4"
1.29100565162843e-50,1.45111778191059,0.75,0.234,2.46001126917797e-46,"32","Plcg2"
1.41318461496061e-50,1.56755698516676,0.674,0.198,2.69282328380745e-46,"32","Srp9"
5.78211942554159e-50,1.61993356216301,0.647,0.166,1.10178285653695e-45,"32","Ndufs8"
8.00103604048967e-50,1.74824509145434,0.837,0.351,1.52459741751531e-45,"32","Syk"
8.457678776995e-50,1.82445984211596,0.582,0.138,1.6116106909564e-45,"32","Psma2"
9.09914298495731e-50,1.41127677835301,0.592,0.137,1.73384169578362e-45,"32","Stip1"
1.24890496253447e-49,1.42240222634974,0.701,0.203,2.37978840610944e-45,"32","Cdkn1b"
1.45463660032301e-49,1.61245642966882,0.598,0.152,2.7718100419155e-45,"32","Eif4ebp2"
1.59109946963841e-49,1.90895251197969,0.674,0.226,3.03184003939599e-45,"32","Oser1"
2.28278497589173e-49,1.87643907937107,0.647,0.172,4.34984677156169e-45,"32","Nop10"
3.55350380556163e-49,1.8375966096222,0.717,0.22,6.77120150149768e-45,"32","Cdv3"
3.96018521623771e-49,1.40135495113542,0.728,0.23,7.54613292954096e-45,"32","Srrt"
4.84402201698455e-49,1.64883422372773,0.625,0.16,9.23028395336405e-45,"32","Ndufb1"
5.33801417947491e-49,1.97325004623361,0.549,0.13,1.01715860189894e-44,"32","Impdh2"
8.11715857825973e-49,1.7450585289203,0.837,0.329,1.54672456708739e-44,"32","Hnrnpl"
8.23770749858572e-49,1.59718967965489,0.614,0.169,1.56969516385551e-44,"32","Cct7"
9.49007115778672e-49,1.84487866323568,0.511,0.107,1.80833305911626e-44,"32","Dnajc2"
1.12108085311043e-48,1.67350591364275,0.668,0.183,2.13621956560193e-44,"32","Snrpb2"
1.88188782824101e-48,1.57275133977479,0.543,0.134,3.58593725671324e-44,"32","Nubp1"
3.39035019786726e-48,1.53289681806001,0.707,0.206,6.46031230203607e-44,"32","Cnot6l"
3.58763906064787e-48,1.54675946064274,0.837,0.334,6.83624623006452e-44,"32","Tra2b"
3.64356651793219e-48,1.6903977595046,0.658,0.189,6.94281599991978e-44,"32","Cnot1"
3.87018988929693e-48,1.47939821398955,0.674,0.211,7.37464683405529e-44,"32","Rbm17"
6.31151947369311e-48,1.44144118071422,0.598,0.161,1.20266003571222e-43,"32","Fryl"
6.5901254626534e-48,1.39489717993741,0.511,0.122,1.25574840690861e-43,"32","Phf2"
7.68572220464352e-48,1.06276818081548,0.516,0.119,1.46451436609482e-43,"32","Csrp1"
9.10870371581446e-48,1.59239297778318,0.625,0.175,1.73566349304845e-43,"32","Sf3a1"
1.66516729783356e-47,1.46847783657896,0.598,0.162,3.17297628602184e-43,"32","Stag2"
1.74819436351237e-47,1.00534274010704,0.679,0.164,3.33118435967282e-43,"32","Calm3"
2.37283689973105e-47,1.64914895764091,0.663,0.191,4.52144071243752e-43,"32","Tma7"
5.08871180284636e-47,1.44282650620528,0.696,0.221,9.69654034032374e-43,"32","Far1"
1.05804816281188e-46,1.6015759915208,0.674,0.214,2.01611077423804e-42,"32","Ubl5"
1.26278734337868e-46,1.56281752544624,0.614,0.161,2.40624128280807e-42,"32","Fundc2"
2.33208051332996e-46,1.41867647635256,0.533,0.139,4.44377941815024e-42,"32","Pole4"
2.91341299221365e-46,1.62089845642961,0.505,0.131,5.55150845666311e-42,"32","Prps1l3"
4.60929458029833e-46,1.56780560576156,0.745,0.275,8.78301082275847e-42,"32","Mta2"
7.5111234856512e-46,1.43146627052744,0.609,0.188,1.43124458019084e-41,"32","Scaf11"
1.35420891429506e-45,1.72061628031738,0.804,0.304,2.58044508618924e-41,"32","Rack1"
1.56071197924671e-45,1.61420627384484,0.728,0.277,2.97393667645461e-41,"32","Cd37"
2.25614828047416e-45,1.78941185398497,0.511,0.123,4.29909054844351e-41,"32","Timm13"
2.78720569709965e-45,1.42719128825023,0.647,0.206,5.31102045582338e-41,"32","Was"
3.01509856054701e-45,1.53452491384562,0.668,0.214,5.74527030712233e-41,"32","Syncrip"
3.02914044467203e-45,1.5963545825799,0.571,0.154,5.77202711732255e-41,"32","Snrpc"
3.81193164143896e-45,1.5512158420923,0.592,0.159,7.26363574276194e-41,"32","Kpnb1"
4.33068699979345e-45,1.4411538722614,0.641,0.194,8.25212407810642e-41,"32","Psmc3"
4.47453108747679e-45,1.63459685724403,0.554,0.15,8.52621898718703e-41,"32","Eif2a"
5.11051496187383e-45,1.5633054898694,0.875,0.438,9.73808625985058e-41,"32","Cfl1"
5.21059826988374e-45,1.50998595463401,0.75,0.235,9.92879500326347e-41,"32","Nedd8"
5.93798177713666e-45,1.32061629638935,0.761,0.264,1.13148242763339e-40,"32","Cnot2"
9.17766705491399e-45,1.60198871721571,0.652,0.184,1.74880445731386e-40,"32","Ndufb7"
9.29932570176203e-45,1.42089668583613,0.62,0.194,1.77198651247076e-40,"32","Supt4a"
9.58177279839959e-45,1.49191997011715,0.592,0.166,1.82580680673504e-40,"32","Mcmbp"
9.63180578527865e-45,1.65472225604365,0.685,0.204,1.83534059238485e-40,"32","Hnrnpab"
1.01061204675256e-44,1.59449380181525,0.549,0.138,1.925721255087e-40,"32","Ap1m1"
1.34621141725858e-44,1.18035922303492,0.734,0.239,2.56520585558622e-40,"32","Tardbp"
1.42191317177395e-44,1.5192795603119,0.554,0.126,2.70945554881525e-40,"32","Fkbp3"
1.42416224303226e-44,1.43327610420502,0.723,0.232,2.71374115409797e-40,"32","Srsf10"
2.00076251099751e-44,1.52912238561583,0.745,0.246,3.81245296470575e-40,"32","Dgkd"
2.07270179039782e-44,1.66220432477912,0.554,0.146,3.94953326160305e-40,"32","Tomm22"
2.37249732804525e-44,1.43913628293957,0.641,0.19,4.52079365859022e-40,"32","Puf60"
4.41934161995483e-44,1.39924711126329,0.864,0.371,8.42105545682394e-40,"32","Arhgdib"
6.64148540625009e-44,1.09720015116984,0.516,0.106,1.26553504416095e-39,"32","Idh3a"
8.12114595221269e-44,1.4267982090929,0.663,0.205,1.54748436119413e-39,"32","Eif3h"
1.11635288029054e-43,1.27683736108377,0.527,0.143,2.12721041339362e-39,"32","Cd2bp2"
1.16884054524081e-43,1.51589234655886,0.674,0.238,2.22722565895636e-39,"32","Cmtm7"
1.24797384502246e-43,1.43907703424038,0.587,0.166,2.3780141616903e-39,"32","Gtf2b"
1.54790570485063e-43,1.56461496853921,0.717,0.248,2.94953432059288e-39,"32","Cct2"
1.99607212987477e-43,1.44420393281277,0.587,0.159,3.80351544347637e-39,"32","Sin3a"
2.24679719231632e-43,1.48252739424914,0.543,0.143,4.28127204995876e-39,"32","Ccng2"
2.76442590622696e-43,1.27310016778503,0.891,0.397,5.26761356431547e-39,"32","Srsf7"
2.88355041845616e-43,1.56323987218034,0.636,0.184,5.49460532236821e-39,"32","Tmem167"
3.08084079689332e-43,1.59342478739065,0.62,0.203,5.87054213848022e-39,"32","Csk"
4.67149378228433e-43,1.55790717401126,0.511,0.128,8.90153140214278e-39,"32","Tcof1"
4.93331657821801e-43,1.49321097226239,0.832,0.364,9.40043473979441e-39,"32","Herpud1"
6.8031072997706e-43,1.48408757212325,0.614,0.176,1.29633209597129e-38,"32","Eif3c"
8.26389817961837e-43,1.16760257503047,0.505,0.149,1.57468579812628e-38,"32","Cntrl"
1.04541212697688e-42,1.52597331616754,0.505,0.134,1.99203280795445e-38,"32","Slc12a6"
1.17244126550369e-42,1.78444300214039,0.522,0.135,2.23408683141729e-38,"32","Cox5a"
1.18698266169103e-42,1.58593799240763,0.571,0.161,2.26179546185227e-38,"32","Sf3a2"
1.55324859149141e-42,1.24332893010187,0.663,0.206,2.95971519108688e-38,"32","Cmpk1"
1.62689479344215e-42,1.64399636405053,0.815,0.347,3.10004802890401e-38,"32","Ncl"
1.63407385683487e-42,1.60629025672304,0.554,0.131,3.11372773419884e-38,"32","Nudc"
1.69340020006386e-42,1.42056424302857,0.516,0.127,3.22677408122169e-38,"32","Ncbp1"
2.43897094550499e-42,1.38258411741072,0.538,0.13,4.64745913665975e-38,"32","Uqcrc2"
3.96995917278379e-42,1.25619736623351,0.554,0.141,7.56475720373952e-38,"32","Pqbp1"
4.49007694003321e-42,1.59945124755125,0.62,0.199,8.55584160923328e-38,"32","Arid1b"
6.39285104620805e-42,1.4641698911892,0.826,0.337,1.21815776685494e-37,"32","Pten"
6.56895431836329e-42,1.36492849189984,0.63,0.202,1.25171424536412e-37,"32","Stk24"
1.63393076793665e-41,1.20005314050002,0.543,0.154,3.11345507830329e-37,"32","Tsn"
2.14713293941221e-41,1.28839797102954,0.614,0.217,4.09136181604996e-37,"32","Smdt1"
3.75676961033137e-41,1.4812347234386,0.755,0.266,7.15852449248643e-37,"32","Paip2"
4.00785366727759e-41,1.51048202268225,0.701,0.245,7.63696516299744e-37,"32","Cwc15"
4.19419807918225e-41,1.54556467848406,0.5,0.143,7.99204443988178e-37,"32","Tfg"
4.2262255827537e-41,1.53051614801273,0.511,0.138,8.05307284793718e-37,"32","Srsf3"
4.46417588706494e-41,1.20185207994151,0.571,0.165,8.50648715280224e-37,"32","Polr1h"
6.70422604945579e-41,1.3989567668473,0.777,0.314,1.2774902737238e-36,"32","Cggbp1"
9.57594834773816e-41,1.90009753688286,0.625,0.2,1.82469695766151e-36,"32","Eef1g"
9.58039999408412e-41,1.14336044329483,0.598,0.196,1.82554521887273e-36,"32","Tpm4"
1.14597266602207e-40,1.204215445922,0.734,0.246,2.18365091510506e-36,"32","Zfp207"
1.25046397192021e-40,1.40329946198341,0.538,0.175,2.38275909849395e-36,"32","Dazap2"
2.49923066517232e-40,1.25148758764826,0.685,0.225,4.76228403248585e-36,"32","Hp1bp3"
3.37807982657497e-40,1.22495156260107,0.707,0.249,6.4369311095386e-36,"32","Baz1a"
4.76749003892012e-40,1.28461745332542,0.511,0.123,9.08445226916229e-36,"32","Ddx41"
5.20683013310144e-40,1.29512374026156,0.696,0.242,9.9216148186248e-36,"32","Prpf40a"
5.3685344253431e-40,1.45317709882489,0.56,0.159,1.02297423474913e-35,"32","Eif3k"
5.62334139096307e-40,1.35659506072946,0.734,0.217,1.07152770204801e-35,"32","Atp5b"
5.8436479733189e-40,1.5522847717899,0.712,0.249,1.11350712131592e-35,"32","Rcsd1"
6.70772679259744e-40,1.6987255830039,0.516,0.125,1.27815734032944e-35,"32","Eif2s1"
8.74408724680332e-40,1.57017395666067,0.641,0.195,1.66618582487837e-35,"32","Ssr2"
9.03202080053743e-40,1.28637550609831,0.712,0.25,1.72105156354241e-35,"32","Cox5b"
1.12490753334914e-39,1.34431038940517,0.603,0.184,2.14351130479679e-35,"32","Bud31"
1.43909920758875e-39,1.42865086739896,0.516,0.141,2.74220354006037e-35,"32","Elavl1"
1.76721850496002e-39,1.51827844147914,0.739,0.276,3.36743486120132e-35,"32","Naca"
2.14295262657984e-39,1.36664433777135,0.511,0.13,4.08339622994789e-35,"32","Vps36"
2.39028431608666e-39,1.41015404782728,0.663,0.223,4.55468676430312e-35,"32","Map3k1"
4.41545119425179e-39,1.23022425018683,0.641,0.22,8.41364225064679e-35,"32","Trmt112"
4.64663753802023e-39,1.36271663555961,0.739,0.271,8.85416782869755e-35,"32","Btf3"
4.66928229595666e-39,1.08537136651521,0.571,0.186,8.89731741494541e-35,"32","Adgre5"
4.7660928069816e-39,1.02329725515391,0.701,0.225,9.08178984370343e-35,"32","Slc38a1"
5.34469058256664e-39,1.30039390619761,0.527,0.179,1.01843079050807e-34,"32","Otud4"
5.47957643450063e-39,1.36418255283006,0.679,0.241,1.04413328959409e-34,"32","Nipbl"
6.34941496823492e-39,1.31428445227816,0.674,0.245,1.20988102219716e-34,"32","Ak2"
6.36749591131454e-39,1.44702740349672,0.549,0.17,1.21332634590099e-34,"32","Snx30"
7.07259008554327e-39,1.27388472815004,0.571,0.174,1.34768204080027e-34,"32","Prpf38a"
8.48497127585103e-39,1.74906054057822,0.576,0.179,1.61681127661341e-34,"32","Phb2"
1.09979545233909e-38,1.37163080815306,0.717,0.264,2.09566023443214e-34,"32","Tram1"
1.18603824693563e-38,1.39624750512913,0.527,0.14,2.25999587953585e-34,"32","Hnrnpr"
1.32828098301489e-38,1.15624149783927,0.815,0.379,2.53103941313487e-34,"32","Ptbp3"
1.51352997112493e-38,1.30228928015178,0.587,0.199,2.88403135997855e-34,"32","Mef2d"
1.71245360608213e-38,1.18195415527051,0.527,0.148,3.2630803463895e-34,"32","Atp5l"
2.87404796351282e-38,1.52840189564805,0.56,0.176,5.47649839447368e-34,"32","Atf1"
3.04970490513911e-38,1.80083894317464,0.565,0.157,5.81121269674257e-34,"32","Stt3b"
3.11031904141188e-38,1.25804273508179,0.5,0.122,5.92671293341034e-34,"32","Lsm7"
3.5789866324924e-38,1.07496844478641,0.56,0.168,6.81975902821426e-34,"32","Txlna"
3.5813862577427e-38,1.14674532146029,0.5,0.165,6.82433151412872e-34,"32","Aff1"
4.49822613407882e-38,1.17728385780427,0.663,0.212,8.57136989848719e-34,"32","Hnrnpu"
5.14795385679339e-38,1.16408478941096,0.647,0.204,9.8094260741198e-34,"32","Tpr"
7.38561632436052e-38,1.24863057624351,0.913,0.496,1.4073291906069e-33,"32","Eif4g2"
9.056245529153e-38,1.43278101329502,0.527,0.15,1.7256675855801e-33,"32","Hspa4"
9.24760978415001e-38,1.7275773178062,0.5,0.135,1.76213204436978e-33,"32","Pfn1"
1.05561145384418e-37,1.28833005492425,0.647,0.206,2.01146762530009e-33,"32","Oaz1"
1.09959480816095e-37,1.22341388119657,0.663,0.226,2.09527790695069e-33,"32","Dcaf7"
1.39781902720462e-37,1.36941864521624,0.625,0.2,2.66354415633839e-33,"32","Uqcrfs1"
1.40178086016218e-37,1.29645293799097,0.701,0.266,2.67109342903903e-33,"32","Xrn2"
1.74541562396257e-37,1.48856263922312,0.5,0.139,3.32588947146068e-33,"32","Elk4"
1.77396006982942e-37,1.24992576260958,0.641,0.224,3.38028091305995e-33,"32","Rbm42"
2.37603576384691e-37,1.28609367934479,0.728,0.317,4.52753614801029e-33,"32","Limd2"
2.95622072657828e-37,2.22484621735185,0.603,0.22,5.63307859449491e-33,"32","Fam53b"
4.36879267681743e-37,1.37743151144718,0.538,0.169,8.32473444567561e-33,"32","Tmem258"
5.03076561966574e-37,1.369129110739,0.56,0.166,9.58612388827306e-33,"32","Eif3d"
5.1943152200907e-37,1.14437663482174,0.793,0.322,9.89776765188283e-33,"32","Lsm14a"
5.60689617439279e-37,1.18341883930259,0.712,0.258,1.06839406603055e-32,"32","Cpsf7"
6.39362361901803e-37,1.25940137851038,0.636,0.216,1.21830498060389e-32,"32","Mef2c"
8.07987392376008e-37,1.14903276863873,0.712,0.242,1.53961997617248e-32,"32","Ssb"
8.41820986638649e-37,1.19744449803215,0.75,0.281,1.60408989003995e-32,"32","Sf3b2"
1.15037318144597e-36,1.2905987574394,0.685,0.254,2.19203609724529e-32,"32","Bzw1"
1.86490376778464e-36,1.33996803104083,0.587,0.183,3.55357412951364e-32,"32","Ubald2"
3.09942245265635e-36,1.59157432433786,0.592,0.177,5.90594948353667e-32,"32","Dnajb11"
6.54116284382883e-36,1.25234554234338,0.56,0.176,1.24641857989158e-31,"32","Slc44a2"
7.119154873259e-36,1.18459972242883,0.707,0.254,1.3565549610995e-31,"32","Myo1c"
8.33945156312163e-36,1.44653367486546,0.533,0.136,1.58908249535283e-31,"32","Ywhaq"
1.29401098795901e-35,1.35598732689981,0.576,0.179,2.4657379375559e-31,"32","Atf7ip"
1.74229280666506e-35,1.37376374944364,0.723,0.282,3.31993894310027e-31,"32","Srsf2"
1.78893224581027e-35,1.2414616947748,0.538,0.171,3.40881039439147e-31,"32","Smim14"
2.00192782863702e-35,0.997697027838688,0.636,0.207,3.81467347746783e-31,"32","Naa15"
2.12776434037188e-35,1.16261202236797,0.5,0.155,4.05445495057862e-31,"32","Usf1"
3.15988114815766e-35,1.09202174533266,0.603,0.188,6.02115352781442e-31,"32","Ints1"
3.19586511530293e-35,1.31860615128645,0.576,0.169,6.08972097720974e-31,"32","Nop53"
4.36355264939636e-35,0.553957061207397,0.641,0.229,8.31474957342477e-31,"32","Marcksl1"
4.97233163076811e-35,1.4948134163611,0.505,0.156,9.47477792242863e-31,"32","Dap"
5.36307016238766e-35,1.38718808968141,0.761,0.298,1.02193301944297e-30,"32","Eef1b2"
5.94903636185465e-35,1.3400309677168,0.549,0.182,1.1335888787514e-30,"32","Sumo1"
1.09794317895475e-34,1.00299482806162,0.582,0.191,2.09213072749828e-30,"32","Kansl2"
1.47686798449062e-34,1.16864685287317,0.679,0.268,2.81417194444687e-30,"32","Dhx15"
2.08688146358252e-34,1.03500604492103,0.804,0.352,3.97655262885649e-30,"32","Hnrnph1"
2.72263438195815e-34,1.56247019246245,0.549,0.152,5.18797981482125e-30,"32","Ybx3"
2.76029112717657e-34,1.15527462395785,0.739,0.284,5.25973474283496e-30,"32","Zfp91"
3.08948148457215e-34,1.16041010618102,0.576,0.187,5.88700696885223e-30,"32","Rpf1"
3.30677726602038e-34,1.29294510196265,0.543,0.164,6.30106408040183e-30,"32","Abracl"
3.31161932984669e-34,1.19538307450871,0.685,0.256,6.31029063302286e-30,"32","Mknk2"
3.53455123204672e-34,1.23753642376486,0.516,0.145,6.73508737266502e-30,"32","Abhd17b"
3.77626456898445e-34,1.17497941673313,0.652,0.21,7.19567213619986e-30,"32","Atrx"
3.93477174881127e-34,0.98968097623595,0.832,0.413,7.49770756735987e-30,"32","Hnrnpm"
6.01272778074996e-34,0.677124807696864,0.587,0.171,1.14572527862191e-29,"32","Clasp1"
6.09188716549226e-34,1.21602397920134,0.598,0.212,1.16080909938455e-29,"32","Zc3h4"
6.12718112064057e-34,1.07791930061991,0.87,0.449,1.16753436253806e-29,"32","Brd4"
1.04669921464755e-33,0.864603203541384,0.641,0.233,1.99448535351091e-29,"32","Tap1"
1.25294370110505e-33,1.16643988647976,0.522,0.155,2.38748422245567e-29,"32","U2af1"
1.53811834922477e-33,1.31218130711262,0.527,0.15,2.9308845144478e-29,"32","Vps16"
1.90879160129129e-33,1.40571777756852,0.652,0.255,3.63720239626056e-29,"32","Hprt"
2.45239716965084e-33,1.4260470720433,0.554,0.178,4.67304280676968e-29,"32","G3bp1"
2.61304904947491e-33,1.34646414460016,0.717,0.275,4.97916496377444e-29,"32","Mbd2"
2.92118556025881e-33,1.20707074043944,0.658,0.228,5.56631908507317e-29,"32","Tomm7"
3.19915259496671e-33,1.1987653086082,0.5,0.143,6.09598526970906e-29,"32","Cox20"
3.86435271822215e-33,1.15479863094495,0.62,0.233,7.36352410457231e-29,"32","Atp13a3"
4.42958179032335e-33,1.282656452144,0.717,0.3,8.44056810146114e-29,"32","Ankrd13a"
4.48926413976327e-33,0.876479113849838,0.587,0.191,8.5542928183189e-29,"32","Pspc1"
4.81306397181188e-33,1.40890704131192,0.576,0.2,9.17129339828753e-29,"32","Nt5c2"
5.110474500448e-33,1.12735314862985,0.652,0.229,9.73800916060366e-29,"32","Cd47"
6.22327747459785e-33,1.09046087253673,0.783,0.323,1.18584552278462e-28,"32","Rnf4"
8.2384246051379e-33,1.09946736973378,0.962,0.627,1.56983180850903e-28,"32","Eef1a1"
8.88793428366391e-33,1.01112726100699,0.69,0.275,1.69359587775216e-28,"32","Psmb8"
1.0519004765676e-32,1.12579119460273,0.766,0.282,2.00439635809956e-28,"32","Prpf8"
1.09043016092463e-32,1.14377076129222,0.636,0.211,2.07781467164188e-28,"32","Eif3g"
1.20119212536556e-32,1.03926183615366,0.533,0.177,2.28887159488408e-28,"32","Atp5d"
1.22559742256746e-32,0.895224373321678,0.766,0.307,2.33537588870229e-28,"32","Fli1"
1.41188983495497e-32,1.3250245597964,0.516,0.141,2.69035608050669e-28,"32","Atp5pb"
1.88703754822209e-32,1.1820517663651,0.5,0.148,3.59575004813718e-28,"32","Pdhb"
1.94657581258563e-32,1.11340997800441,0.603,0.222,3.70920021088192e-28,"32","Acadl"
2.23074926623666e-32,1.16020363704849,0.5,0.156,4.25069272681396e-28,"32","Drg1"
2.25964292666961e-32,0.82533992142989,0.554,0.178,4.30574959676893e-28,"32","Stk17b"
3.08461653479979e-32,1.01556488759009,0.587,0.192,5.877736807061e-28,"32","Cops6"
4.53226584066926e-32,1.23250887344744,0.685,0.252,8.63623255939527e-28,"32","Pcbp1"
4.71147021005683e-32,0.819660190314696,0.505,0.152,8.9777064852633e-28,"32","Ddx46"
5.29743968208782e-32,1.16720042189558,0.576,0.177,1.00942713142183e-27,"32","Psmb7"
6.41542043365898e-32,1.05186222348752,0.587,0.21,1.22245836363372e-27,"32","Ubtf"
6.51672897535347e-32,1.07779543867577,0.598,0.193,1.2417627062536e-27,"32","Dars"
7.78421313403332e-32,1.09132558322213,0.745,0.288,1.48328181269005e-27,"32","Atp5e"
9.29877777649151e-32,1.00742925980753,0.505,0.12,1.77188210531046e-27,"32","Ndufa4"
9.66521112987288e-32,1.1784028928499,0.712,0.292,1.84170598079728e-27,"32","Naa50"
1.09666891728973e-31,1.09189986861552,0.505,0.151,2.08970262189557e-27,"32","Ahctf1"
1.18970935159649e-31,0.890975788686955,0.516,0.167,2.26699116946712e-27,"32","Wdr33"
1.32626009952981e-31,1.09111155028874,0.565,0.184,2.52718861965406e-27,"32","Dnajc8"
1.38073063878067e-31,0.889367476262343,0.723,0.276,2.63098223219657e-27,"32","Setd5"
1.53266326589622e-31,1.01018301659518,0.587,0.212,2.92048985316525e-27,"32","Irf2"
1.57247535130639e-31,1.07372486865653,0.837,0.443,2.99635178191432e-27,"32","Fus"
2.65283951465603e-31,1.03430806716511,0.712,0.264,5.05498569517706e-27,"32","Ppp3cb"
3.40092483591532e-31,1.1005658437722,0.549,0.199,6.48046227483664e-27,"32","Ppp4r3a"
4.39408208553246e-31,1.04096159487069,0.897,0.503,8.3729234139821e-27,"32","Msn"
4.52193067118675e-31,1.06357034366532,0.538,0.175,8.61653889394636e-27,"32","Med1"
4.62246042131482e-31,1.15889721488894,0.533,0.171,8.80809833281539e-27,"32","Sart1"
4.72379811736355e-31,1.01980857120396,0.598,0.213,9.00119731263624e-27,"32","Dynlrb1"
5.01145743187375e-31,1.40330721511463,0.533,0.156,9.54933213643544e-27,"32","Imp4"
6.23031876083762e-31,1.38344694283908,0.533,0.163,1.18718723987761e-26,"32","Nhp2"
8.38642119321403e-31,1.0649965100942,0.63,0.252,1.59803255836693e-26,"32","Ppp6r1"
1.11184797910687e-30,1.12426669689475,0.69,0.273,2.11862632418813e-26,"32","Khdrbs1"
1.33306897814981e-30,0.912898027186828,0.641,0.26,2.54016293786446e-26,"32","Dhx38"
1.4794823389086e-30,1.04865385077463,0.516,0.173,2.81915359679033e-26,"32","Arl5a"
1.64197803727046e-30,0.958075531502557,0.772,0.324,3.12878915001885e-26,"32","Ddx39b"
1.82590475745144e-30,0.959932419487497,0.5,0.154,3.47926151532372e-26,"32","Hdac3"
1.96701993141352e-30,1.01188422444397,0.538,0.165,3.74815647930847e-26,"32","Dap3"
2.07709535344374e-30,1.06545648827602,0.707,0.279,3.95790519598704e-26,"32","Ndufa3"
2.17859418860793e-30,0.920022948812965,0.565,0.205,4.15131122639241e-26,"32","Ago2"
2.23007460933246e-30,0.989483881235115,0.685,0.27,4.24940716808301e-26,"32","Dbnl"
2.2378893907526e-30,1.17375947075334,0.647,0.247,4.26429823407907e-26,"32","Vcp"
2.40489079631697e-30,0.958470035015073,0.527,0.165,4.58251941238199e-26,"32","Ndufa1"
2.63909003404804e-30,1.074536025332,0.511,0.167,5.02878605987854e-26,"32","Pom121"
2.76622541476434e-30,0.804253204408639,0.505,0.149,5.27104252783345e-26,"32","Sympk"
4.20271784481857e-30,1.2064771795258,0.56,0.193,8.00827885330179e-26,"32","Aldh9a1"
5.51743262872716e-30,0.993368538561232,0.549,0.161,1.05134678740396e-25,"32","Csnk1g2"
5.57382388180428e-30,1.09526135246995,0.739,0.304,1.06209214067781e-25,"32","Hnrnpk"
5.95337324216071e-30,0.924851133658796,0.609,0.214,1.13441527129372e-25,"32","Mbd3"
8.76889764076866e-30,1.207764434371,0.62,0.257,1.67091344544847e-25,"32","Swap70"
8.86917110010771e-30,0.924577785447428,0.527,0.166,1.69002055312552e-25,"32","Prcc"
1.07236803740555e-29,1.40464958745239,0.549,0.171,2.04339729527628e-25,"32","Psme3"
1.35899863084453e-29,1.14820864745644,0.598,0.221,2.58957189107426e-25,"32","Sp3"
1.75753425733141e-29,1.17458060898987,0.663,0.264,3.34898152734501e-25,"32","Lrrc59"
1.98452468877266e-29,1.21016781950338,0.587,0.213,3.78151179445631e-25,"32","Nup153"
2.27697352267634e-29,1.43392147978904,0.62,0.22,4.33877304745976e-25,"32","Tkt"
2.43705970853267e-29,1.05819867019132,0.543,0.187,4.643817274609e-25,"32","Slc35e1"
2.51352051123802e-29,1.08629324704396,0.538,0.192,4.78951333416405e-25,"32","Tceal9"
2.51636321151265e-29,0.958624338546808,0.543,0.177,4.79493009953736e-25,"32","Hadhb"
2.75356621864899e-29,1.37388271574741,0.527,0.178,5.24692042963565e-25,"32","Seh1l"
3.43906420222511e-29,1.29800962968048,0.527,0.171,6.55313683733994e-25,"32","Fcf1"
3.71161867408572e-29,1.04767333999928,0.516,0.179,7.07248938347034e-25,"32","Osbpl9"
4.70488734625223e-29,1.0166891966617,0.712,0.278,8.96516283828363e-25,"32","Sod1"
4.71099744737277e-29,0.819386904953664,0.511,0.182,8.97680563596881e-25,"32","Cyth1"
4.92031091933726e-29,1.24473713039906,0.549,0.202,9.37565245679714e-25,"32","Elf2"
5.17059488246148e-29,0.942595474263063,0.63,0.231,9.85256854853035e-25,"32","Rbm14"
5.26347549992489e-29,1.07595255318971,0.625,0.214,1.00295525651069e-24,"32","Uqcrc1"
5.78503494569321e-29,0.847645316948908,0.505,0.161,1.10233840890184e-24,"32","Mta1"
8.12536756462105e-29,1.04278747633402,0.538,0.167,1.54828878943854e-24,"32","Wdr82"
1.36773457630865e-28,1.0601965478865,0.565,0.198,2.60621823515614e-24,"32","Wtap"
1.55239122180712e-28,1.11299581266645,0.543,0.183,2.95808147315347e-24,"32","Tmem123"
1.71788480812753e-28,0.846357500106319,0.712,0.272,3.273429501887e-24,"32","Matr3"
1.81935201734242e-28,0.926595552634049,0.522,0.173,3.46677526904598e-24,"32","Ube2l3"
1.99183970679745e-28,1.22610975083352,0.592,0.187,3.79545056130255e-24,"32","Cct8"
2.24249469280129e-28,1.00665651278564,0.571,0.204,4.27307363713286e-24,"32","Ube2d2a"
4.66580858929978e-28,1.03461736897512,0.576,0.223,8.89069826691074e-24,"32","Atl3"
5.4769359434644e-28,1.26772232332034,0.527,0.158,1.04363014402714e-23,"32","Rae1"
5.49567470191422e-28,0.629051039798424,0.505,0.17,1.04720081444975e-23,"32","Smg7"
8.77972898147968e-28,1.15299789518304,0.663,0.282,1.67297735742095e-23,"32","Lrp10"
8.86276672263528e-28,0.930146855260206,0.592,0.222,1.68880019899815e-23,"32","Ecpas"
9.38825121296268e-28,0.934108542973447,0.723,0.312,1.78893126863004e-23,"32","Acin1"
1.04657895308825e-27,0.800334988281829,0.576,0.186,1.99425619510966e-23,"32","Cox7c"
1.12170779033601e-27,1.03227606581835,0.69,0.3,2.13741419448528e-23,"32","Chtop"
2.65235308727955e-27,1.01272798889516,0.538,0.192,5.05405880781119e-23,"32","Dynll1"
3.00023885823359e-27,0.898446017482637,0.69,0.282,5.7169551443641e-23,"32","Ndufa2"
3.91398275733905e-27,1.08660716345607,0.592,0.207,7.45809414410957e-23,"32","Stk11"
4.92712359982772e-27,0.971054799021466,0.505,0.171,9.38863401947173e-23,"32","Smarcad1"
5.05792351643688e-27,0.959379520075255,0.5,0.162,9.63787326057048e-23,"32","Dr1"
5.63605985576591e-27,0.916454471565814,0.62,0.242,1.07395120551619e-22,"32","Tra2a"
6.49987688217543e-27,0.53240544602286,0.582,0.225,1.23855153989853e-22,"32","Setd1a"
8.75615208527321e-27,0.918214041564093,0.538,0.172,1.66848477984881e-22,"32","Pak1ip1"
9.96645256845492e-27,0.851414930123725,0.565,0.211,1.89910753691909e-22,"32","Ndufc2"
1.10672567604878e-26,0.747342891710396,0.777,0.331,2.10886577571095e-22,"32","Gtf3c2"
1.40643577994052e-26,1.01626362614507,0.609,0.254,2.67996337867666e-22,"32","Pik3cd"
1.67027823578528e-26,0.81365865314371,0.554,0.219,3.18271517828885e-22,"32","Cherp"
1.94729212167074e-26,0.922282800874442,0.783,0.368,3.71056513784359e-22,"32","Mlec"
1.98543214032993e-26,0.869533233885306,0.538,0.184,3.78324094339868e-22,"32","Pkn2"
2.15120542689645e-26,0.899372393858561,0.565,0.205,4.09912194095118e-22,"32","Tomm6"
3.38259600872608e-26,0.876571804435841,0.696,0.303,6.44553669462755e-22,"32","Med13"
3.69932623172022e-26,0.743933946049547,0.522,0.179,7.04906613454288e-22,"32","Rprd2"
4.16504117283278e-26,0.850710209370724,0.511,0.181,7.93648595483286e-22,"32","Cdk19"
4.46775618441471e-26,1.03525604095043,0.652,0.257,8.51330940940223e-22,"32","Sh3bgrl3"
5.38045049352167e-26,0.669733196525903,0.636,0.236,1.02524484154055e-21,"32","Sdha"
7.35903982514285e-26,1.02594614787114,0.658,0.282,1.40226503868097e-21,"32","Mapre1"
1.08795829614603e-25,0.685090433520949,0.522,0.193,2.07310453330627e-21,"32","Skp1"
1.43111776823228e-25,0.809403020189981,0.62,0.255,2.72699490736661e-21,"32","Rtcb"
1.60823482400915e-25,0.859884021361796,0.505,0.196,3.06449145714944e-21,"32","Ppp2r1a"
2.30197809521352e-25,0.870661940606776,0.913,0.527,4.38641926042936e-21,"32","Tpt1"
2.91902875439554e-25,0.96093985235017,0.565,0.217,5.5622092915007e-21,"32","Psmc6"
3.93993405454348e-25,0.817140152428269,0.522,0.196,7.50754434093259e-21,"32","Akap13"
4.16042591781908e-25,0.889694536199484,0.734,0.353,7.92769158640426e-21,"32","Srrm1"
4.16183004221632e-25,0.891240378464179,0.527,0.202,7.9303671454432e-21,"32","Ywhaz"
4.66072557955606e-25,0.87841251636481,0.647,0.263,8.88101259184407e-21,"32","Arid2"
5.05248280130988e-25,1.04673599707179,0.571,0.231,9.62750597789597e-21,"32","Nfya"
5.73252984147594e-25,1.31113247280795,0.5,0.203,1.09233356129324e-20,"32","Cat"
6.70897669289035e-25,0.856443631714862,0.603,0.25,1.27839550883026e-20,"32","Poldip3"
8.30413647913799e-25,0.802004863412736,0.543,0.198,1.58235320609974e-20,"32","Ogdh"
9.27249641409454e-25,0.726506599019587,0.69,0.307,1.76687419170572e-20,"32","Fis1"
1.09343491680279e-24,0.749392254951659,0.516,0.167,2.08354023396771e-20,"32","Ndufb10"
1.33991828706554e-24,0.661641218935425,0.712,0.32,2.55321429600338e-20,"32","Mbnl1"
1.55372569931776e-24,0.969728660204123,0.636,0.262,2.96062432005e-20,"32","Tbl1xr1"
2.20079515082735e-24,0.907439904322778,0.571,0.212,4.19361515990151e-20,"32","Sec11a"
3.42443409395149e-24,0.873739608670839,0.587,0.236,6.52525916602457e-20,"32","Csnk1a1"
3.55532465697695e-24,0.754066657956883,0.804,0.401,6.77467113386958e-20,"32","Srsf6"
3.74057091712105e-24,0.857427782290559,0.527,0.217,7.12765788257416e-20,"32","Aldh2"
4.02880166569463e-24,0.56068330820245,0.516,0.168,7.67688157398111e-20,"32","Pdpk1"
4.3870796773692e-24,0.894539233250493,0.603,0.233,8.35958032522702e-20,"32","Emp3"
4.63059378034225e-24,0.929245436952579,0.641,0.282,8.82359644844215e-20,"32","Gnai3"
5.95402326128431e-24,0.819841001140496,0.663,0.289,1.13453913243773e-19,"32","Arhgap30"
6.80342018210355e-24,0.837229629114103,0.815,0.443,1.29639171569983e-19,"32","Ly6e"
8.85809499657731e-24,0.769988019811666,0.609,0.225,1.68791000159781e-19,"32","Bclaf1"
9.65397775719873e-24,0.946772748988638,0.554,0.221,1.83956546163422e-19,"32","Rer1"
1.59501999386692e-23,0.75924886797204,0.543,0.222,3.03931059831342e-19,"32","Ankrd11"
2.08575202447419e-23,0.938338095681673,0.565,0.217,3.97440048263558e-19,"32","Clint1"
2.43791558685036e-23,0.674250401064505,0.511,0.172,4.64544815074336e-19,"32","Nap1l4"
2.44881534030971e-23,1.08174718805292,0.75,0.366,4.66621763096015e-19,"32","Gdi2"
6.70560830058393e-23,0.814959086223849,0.5,0.166,1.27775366167627e-18,"32","Thoc2"
7.40258732673851e-23,0.78486815690974,0.652,0.276,1.41056301511002e-18,"32","Pomp"
7.64089420682548e-23,0.909824045325452,0.636,0.303,1.45597239111059e-18,"32","Tgfb1"
7.69257773413955e-23,0.667177639621624,0.533,0.198,1.46582068724029e-18,"32","Ndufa8"
9.02021583044018e-23,0.68714989146624,0.538,0.228,1.71880212649038e-18,"32","Prrc2a"
9.41007489989497e-23,1.32650206415969,0.598,0.252,1.79308977217499e-18,"32","Slc25a5"
1.13183085023322e-22,0.709874368179817,0.701,0.341,2.1567036851194e-18,"32","Ptk2b"
1.24512850387615e-22,0.825734228062422,0.516,0.183,2.37259236413601e-18,"32","Chchd2"
1.25683837609688e-22,0.725208295928733,0.641,0.312,2.3949055256526e-18,"32","Ddx6"
1.38375587954639e-22,0.753805462263505,0.516,0.189,2.63674682847564e-18,"32","Ubqln1"
1.80816380627957e-22,0.86370895051366,0.647,0.274,3.44545613286572e-18,"32","Cul3"
2.94398883535815e-22,0.671434159765683,0.505,0.213,5.60977072577495e-18,"32","Ssr1"
4.02033980882678e-22,0.750687406834594,0.668,0.309,7.66075750571943e-18,"32","Psenen"
5.41900938581382e-22,0.78938123014385,0.636,0.281,1.03259223846682e-17,"32","Arf1"
5.47643312833029e-22,1.29724028065665,0.505,0.187,1.04353433260334e-17,"32","Psma4"
6.49702457979836e-22,0.558461722508948,0.707,0.324,1.23800803368058e-17,"32","Prrc2c"
6.9208789063443e-22,0.765244557873086,0.62,0.266,1.31877347560391e-17,"32","Csde1"
1.06669247546462e-21,0.608168753322034,0.527,0.213,2.03258251199783e-17,"32","Rnf138"
1.43429019217267e-21,0.562362287548118,0.62,0.27,2.73303996118503e-17,"32","Crlf3"
1.87351011524495e-21,0.72733514880804,0.603,0.249,3.56997352459925e-17,"32","Rbbp6"
2.03196614157613e-21,0.718704359234367,0.842,0.467,3.87191148277331e-17,"32","Arhgef1"
2.11344532997725e-21,0.76018269035029,0.576,0.251,4.02717007627164e-17,"32","Lman2"
2.49216932331196e-21,0.711244511997358,0.56,0.226,4.74882864557093e-17,"32","Ndufs3"
2.58385642846329e-21,0.649815265745079,0.592,0.247,4.9235384244368e-17,"32","Rab21"
3.57052569478483e-21,0.9342339215236,0.647,0.294,6.80363671141248e-17,"32","Taf1d"
4.23200141095143e-21,0.639107845671088,0.571,0.257,8.06407868856796e-17,"32","Raf1"
5.08796324852416e-21,1.03655513159635,0.625,0.295,9.69511397006279e-17,"32","Tuba1c"
5.6532704173206e-21,0.871928961360997,0.505,0.201,1.07723067802044e-16,"32","Fau"
6.18831122303939e-21,0.8922979549265,0.745,0.391,1.17918270355016e-16,"32","Trir"
6.58906180607038e-21,0.524890367588919,0.668,0.306,1.25554572714671e-16,"32","Ccni"
6.87847743003215e-21,0.622221668119291,0.576,0.245,1.31069387429263e-16,"32","Plekhj1"
7.11796912504419e-21,0.676672631082841,0.511,0.229,1.35632901677717e-16,"32","Lin7c"
7.40641582964587e-21,0.579606066722796,0.636,0.269,1.41129253633902e-16,"32","Rock1"
8.27893067595667e-21,0.577539905599461,0.745,0.355,1.57755024030354e-16,"32","Smarcc2"
1.01026463152263e-20,0.577199467235775,0.56,0.234,1.92505925536638e-16,"32","Sin3b"
1.06467043072238e-20,0.676476319071979,0.582,0.253,2.02872950574149e-16,"32","Pum2"
1.52959562583175e-20,0.823097333881547,0.5,0.196,2.91464446502241e-16,"32","Pik3cg"
2.04808876109162e-20,0.925117913791419,0.522,0.22,3.90263313426008e-16,"32","Cep120"
2.71380507396293e-20,0.592445634963678,0.554,0.232,5.17115556843636e-16,"32","Taldo1"
3.28284175244037e-20,0.698920125609951,0.549,0.238,6.25545495927513e-16,"32","Kbtbd2"
3.61204241230912e-20,0.5595340819787,0.511,0.194,6.88274681665503e-16,"32","Zc3h14"
4.0147320920748e-20,0.676326163353164,0.505,0.208,7.65007200144853e-16,"32","Ppp4r2"
4.11280528050507e-20,0.720842733725355,0.543,0.218,7.83695046200241e-16,"32","Rdx"
5.44025674211413e-20,0.60466420107578,0.712,0.321,1.03664092220985e-15,"32","Fubp1"
6.752850283041e-20,0.747888515012857,0.69,0.326,1.28675562143346e-15,"32","Cox7a2l"
6.80164230685432e-20,0.576418232145642,0.652,0.299,1.29605294157109e-15,"32","Ppp6r3"
6.96718424569399e-20,0.543588388477479,0.549,0.237,1.32759695801699e-15,"32","Ywhah"
1.2102722673871e-19,0.604289782371525,0.565,0.238,2.30617380550611e-15,"32","Rab8a"
1.2412649102793e-19,1.57302091531365,0.56,0.244,2.3652302865372e-15,"32","Pdia4"
1.24561812238437e-19,0.706975072298225,0.522,0.254,2.37352533220342e-15,"32","Cdk9"
1.38649433123786e-19,0.823963505888903,0.739,0.405,2.64196494817374e-15,"32","Cux1"
1.4781600746315e-19,0.839138993845904,0.522,0.222,2.81663402221033e-15,"32","Pnrc2"
1.50842326383431e-19,1.12630865567056,0.516,0.217,2.87430052923628e-15,"32","Manf"
1.55138417776987e-19,0.644780434094372,0.5,0.243,2.95616255074049e-15,"32","Tmem234"
2.85432361882887e-19,0.585292486851409,0.929,0.55,5.43891365567841e-15,"32","Serinc3"
3.04171463367727e-19,0.719205247978543,0.565,0.231,5.79598723447205e-15,"32","Akt1"
3.71594856452721e-19,0.729914990351799,0.592,0.259,7.0807399897066e-15,"32","Maea"
4.61480086510089e-19,0.719895616002041,0.5,0.219,8.79350304844975e-15,"32","Cdc42se1"
5.11094451266071e-19,0.549272429909871,0.554,0.224,9.73890476887498e-15,"32","Rapgef1"
5.44607604959635e-19,0.662479058097007,0.56,0.258,1.03774979125058e-14,"32","Numa1"
5.44749261823653e-19,0.851127920721566,0.614,0.274,1.03801971840497e-14,"32","Arcn1"
1.00074949466032e-18,0.932243564760085,0.582,0.259,1.90692816207524e-14,"32","Actr3"
1.10000121524516e-18,0.728317748609172,0.576,0.256,2.09605231564965e-14,"32","Eif4b"
1.39657473964932e-18,0.791546187222084,0.685,0.326,2.66117316640179e-14,"32","Ddx21"
1.48661554207245e-18,0.623252651163382,0.707,0.357,2.83274591541906e-14,"32","Acly"
1.98922107879609e-18,0.702287116751917,0.576,0.272,3.79046076564595e-14,"32","H3f3b"
2.88648288335385e-18,0.597173100041315,0.701,0.331,5.50019313423077e-14,"32","Srcap"
3.77268293622753e-18,0.537404044352622,0.543,0.252,7.18884733498156e-14,"32","Exoc5"
4.44963243550145e-18,0.806023209510419,0.543,0.249,8.47877460584801e-14,"32","Hsp90ab1"
4.68138856542441e-18,0.539626655431077,0.5,0.196,8.92038591141622e-14,"32","Metap2"
7.05890348844727e-18,0.750714298958723,0.582,0.25,1.34507405972363e-13,"32","Sri"
1.37930807100396e-17,0.686199409632401,0.685,0.364,2.62827152929804e-13,"32","Morf4l1"
1.84293194495077e-17,0.521626863985396,0.505,0.234,3.51170682110369e-13,"32","Xpo6"
2.25195513231962e-17,0.85555945549896,0.668,0.329,4.29110050463503e-13,"32","Sun2"
2.69834367649592e-17,0.603430541507689,0.598,0.281,5.14169387556297e-13,"32","Psmd8"
2.94891983317432e-17,0.538662078234034,0.598,0.277,5.61916674211367e-13,"32","Rab4b"
3.51590969806833e-17,0.635008584627381,0.571,0.262,6.6995659296692e-13,"32","Papola"
4.47326284234805e-17,0.573052532925785,0.853,0.492,8.52380234609421e-13,"32","Sf3b1"
4.93234803843342e-17,0.591005053039618,0.598,0.263,9.39858918723488e-13,"32","Arpc2"
6.0085957284407e-17,0.538701998634973,0.652,0.344,1.14493791605438e-12,"32","Fam168b"
6.71406145652658e-17,0.760695702583615,0.5,0.203,1.27936441054114e-12,"32","Cpsf1"
1.11181090510191e-16,0.54808468159078,0.565,0.269,2.11855567967168e-12,"32","Epc1"
1.20720683989346e-16,0.603212200874177,0.707,0.366,2.30033263341699e-12,"32","Hcls1"
1.23886772751766e-16,0.525895244911792,0.69,0.368,2.36066245478491e-12,"32","Fxr1"
1.8113505850982e-16,0.506030717175486,0.538,0.25,3.45152853990463e-12,"32","Zc3h7a"
2.2657691733664e-16,0.992128098370891,0.516,0.222,4.31742315984968e-12,"32","Rpn1"
4.22877402652453e-16,0.541080142495127,0.554,0.25,8.05792890754249e-12,"32","Wasf2"
4.36618770003803e-16,0.510596789146245,0.576,0.277,8.31977066242246e-12,"32","Otulin"
4.74250449317338e-16,0.610192249461013,0.652,0.34,9.03684231174188e-12,"32","Map1lc3b"
6.17505928380585e-16,0.536625799082354,0.663,0.331,1.17665754652920e-11,"32","Srrm2"
8.43345869642162e-16,0.738762387025117,0.658,0.365,1.60699555460314e-11,"32","Capzb"
9.19131487106328e-16,0.801067335006207,0.5,0.239,1.75140504868111e-11,"32","Sypl"
9.46391345067855e-16,0.560718478310062,0.63,0.314,1.8033487080268e-11,"32","Cul1"
1.22523293658329e-15,0.742610671914748,0.614,0.303,2.33468136065946e-11,"32","Ddost"
1.66008193892845e-15,0.547281572349427,0.505,0.234,3.16328613462816e-11,"32","Mlxip"
2.70403229273671e-15,0.566234959102079,0.543,0.257,5.15253353380981e-11,"32","Ssr3"
3.37714663557744e-15,0.516329482575026,0.565,0.267,6.43515291409281e-11,"32","Snx3"
4.59197309069649e-15,0.569856604754613,0.543,0.271,8.75000472432216e-11,"32","Ubap2l"
5.11299892770289e-15,0.579012842907985,0.505,0.209,9.74281945673785e-11,"32","Polr2e"
3.87663541281443e-14,0.587658695403074,0.603,0.321,7.38692877911789e-10,"32","Ppib"
3.87959061839627e-14,0.540367349285777,0.533,0.249,7.39255992335409e-10,"32","Tax1bp1"
1.30238542797904e-13,0.500351031622165,0.63,0.316,2.48169543301405e-09,"32","Pak2"
3.9454505146458e-13,0.568407971897974,0.505,0.228,7.51805595565756e-09,"32","Tomm20"
4.80418496185295e-11,0.559802165652679,0.565,0.336,9.1543744448108e-07,"32","Atp1b3"
4.40654762120401e-09,1.15071117645905,0.685,0.437,8.39667649220424e-05,"32","Hsp90b1"
2.84182247912385e-07,0.596982854683153,0.538,0.372,0.00541509273397049,"32","Lcp1"
