logFC	logCPM	F	PValue	FDR	Nhood	SpatialFDR	cell_group	cell_group_fraction	comparison	contrast
0.975253732844672	11.7636694692931	1.25658651600833	0.272080194056521	0.995401867708661	1	0.992372133480371	Naïve / central-memory T cells	0.536764705882353	41BB-L vs STOP	condition_miloX41BB.L - condition_miloSTOP
0.95575959897476	11.6071945457548	1.1747550185534	0.287923430515981	0.995401867708661	2	0.992372133480371	γδ T cells	0.984251968503937	41BB-L vs STOP	condition_miloX41BB.L - condition_miloSTOP
-1.38156786619316	10.380744319935	0.386297820348627	0.539417150627475	0.995401867708661	3	0.992372133480371	Antigen-presenting myeloid cells	0.955555555555556	41BB-L vs STOP	condition_miloX41BB.L - condition_miloSTOP
2.01986441834885	11.9445459434849	6.62868293756546	0.0157790125663978	0.62722110294254	4	0.817884360766214	NK-like cytotoxic lymphocytes	1	41BB-L vs STOP	condition_miloX41BB.L - condition_miloSTOP
-0.341903097541013	10.9716954640596	0.151252240064208	0.700363924280862	0.995401867708661	5	0.992372133480371	Activated effector CD8 T cells (stress)	0.6	41BB-L vs STOP	condition_miloX41BB.L - condition_miloSTOP
-0.0967247553962209	11.2752228189786	0.00841923613344376	0.927562806525051	0.997679356348532	6	0.997679356348532	γδ T cells	0.988505747126437	41BB-L vs STOP	condition_miloX41BB.L - condition_miloSTOP
-1.33860770242156	11.4722957165291	2.55934505427623	0.121175576135213	0.871881816478966	7	0.935016252575002	Activated effector CD8 T cells (stress)	0.38	41BB-L vs STOP	condition_miloX41BB.L - condition_miloSTOP
1.92627088649838	10.8452703006863	3.27626468445824	0.0813310640505285	0.81564063516474	8	0.935016252575002	Terminally differentiated cytotoxic T cells	0.865671641791045	41BB-L vs STOP	condition_miloX41BB.L - condition_miloSTOP
2.2916270545215	11.0920096547337	5.6158423059555	0.025132078600351	0.62722110294254	9	0.817884360766214	Treg	0.95	41BB-L vs STOP	condition_miloX41BB.L - condition_miloSTOP
1.88960682898582	12.1863055210078	6.53551578351981	0.0164548301784893	0.62722110294254	10	0.817884360766214	NK-like cytotoxic lymphocytes	1	41BB-L vs STOP	condition_miloX41BB.L - condition_miloSTOP
0.0901312256307203	11.2035805158761	0.0106871926653314	0.918419349162847	0.995401867708661	11	0.997679356348532	Naïve / central-memory T cells	0.516129032258065	41BB-L vs STOP	condition_miloX41BB.L - condition_miloSTOP
-0.913623550158056	11.1852917427584	1.26593722232698	0.270343133738432	0.995401867708661	12	0.992372133480371	Activated CD4 effector / helper-like T cells	0.919540229885057	41BB-L vs STOP	condition_miloX41BB.L - condition_miloSTOP
-0.304203425578547	11.4704092756611	0.128934673750038	0.722306574974272	0.995401867708661	13	0.992372133480371	Activated effector CD8 T cells (stress)	1	41BB-L vs STOP	condition_miloX41BB.L - condition_miloSTOP
-1.10630470128884	11.0092009539126	1.44465393707979	0.23972922351504	0.995401867708661	14	0.992372133480371	Activated effector CD8 T cells (stress)	1	41BB-L vs STOP	condition_miloX41BB.L - condition_miloSTOP
0.0219853549642007	11.0357489997098	0.000630451174186899	0.98015116435574	0.997679356348532	15	0.997679356348532	Naïve / central-memory T cells	0.605263157894737	41BB-L vs STOP	condition_miloX41BB.L - condition_miloSTOP
0.101887920118428	11.4162718468071	0.0140737143325906	0.906436578359156	0.995401867708661	16	0.997679356348532	Activated effector CD8 T cells (stress)	0.876288659793814	41BB-L vs STOP	condition_miloX41BB.L - condition_miloSTOP
0.142759323142896	11.4897627317043	0.0293335126929907	0.86527671416877	0.995401867708661	17	0.992372133480371	Naïve / central-memory T cells	1	41BB-L vs STOP	condition_miloX41BB.L - condition_miloSTOP
2.4848430933325	11.4424499475296	6.05015842012003	0.0205304613072566	0.62722110294254	18	0.817884360766214	Treg	0.775700934579439	41BB-L vs STOP	condition_miloX41BB.L - condition_miloSTOP
0.524199681475289	11.5985252579149	0.412486739182702	0.526076868002626	0.995401867708661	19	0.992372133480371	NK-like cytotoxic lymphocytes	1	41BB-L vs STOP	condition_miloX41BB.L - condition_miloSTOP
0.21711819645443	10.8513596813665	0.0452249285071992	0.833173820364492	0.995401867708661	20	0.992372133480371	Activated CD4 effector / helper-like T cells	0.953846153846154	41BB-L vs STOP	condition_miloX41BB.L - condition_miloSTOP
-0.165093513109202	11.0613417251166	0.0386061095732146	0.845689093404987	0.995401867708661	21	0.992372133480371	Quiescent T cells	0.878378378378378	41BB-L vs STOP	condition_miloX41BB.L - condition_miloSTOP
-0.841747922895164	11.1222226861029	0.841416169434843	0.367039681599311	0.995401867708661	22	0.992372133480371	Cycling / proliferating CAR T cells	0.848837209302326	41BB-L vs STOP	condition_miloX41BB.L - condition_miloSTOP
0.436107571227481	10.9018842833803	0.209297510852748	0.650945344215557	0.995401867708661	23	0.992372133480371	Cycling / proliferating CAR T cells	1	41BB-L vs STOP	condition_miloX41BB.L - condition_miloSTOP
-0.441753091973727	10.4764047217186	0.0987959883918514	0.755763891737059	0.995401867708661	24	0.992372133480371	Activated CD4 effector / helper-like T cells	0.976744186046512	41BB-L vs STOP	condition_miloX41BB.L - condition_miloSTOP
-0.358097680622995	11.2083744556728	0.173189378345934	0.680552218362786	0.995401867708661	25	0.992372133480371	Activated effector CD8 T cells (stress)	0.963855421686747	41BB-L vs STOP	condition_miloX41BB.L - condition_miloSTOP
-0.667845064499015	10.7709042359767	0.498000245989614	0.48636966083267	0.995401867708661	26	0.992372133480371	Activated effector CD8 T cells (stress)	0.827586206896552	41BB-L vs STOP	condition_miloX41BB.L - condition_miloSTOP
-0.383078040588827	10.844181104319	0.159295495750817	0.69303450985103	0.995401867708661	27	0.992372133480371	Cycling / proliferating CAR T cells	0.830985915492958	41BB-L vs STOP	condition_miloX41BB.L - condition_miloSTOP
-0.890854930067645	10.3462771458537	0.273851402121496	0.604989683427228	0.995401867708661	28	0.992372133480371	Cycling / proliferating CAR T cells	0.82051282051282	41BB-L vs STOP	condition_miloX41BB.L - condition_miloSTOP
2.24147485896838	11.8363824134416	5.79461586640902	0.0231130875275065	0.62722110294254	29	0.817884360766214	NK-like cytotoxic lymphocytes	1	41BB-L vs STOP	condition_miloX41BB.L - condition_miloSTOP
0.276433545309349	10.9354386824979	0.0865314619803958	0.770863000080092	0.995401867708661	30	0.992372133480371	Cycling / proliferating CAR T cells	1	41BB-L vs STOP	condition_miloX41BB.L - condition_miloSTOP
0.329817169437965	11.2778844292333	0.153406603942463	0.698347135051723	0.995401867708661	31	0.992372133480371	IFN-responsive T cells	1	41BB-L vs STOP	condition_miloX41BB.L - condition_miloSTOP
-0.281795781943082	11.6209861611248	0.115116257862392	0.736993840444671	0.995401867708661	32	0.992372133480371	Naïve / central-memory T cells	0.934579439252336	41BB-L vs STOP	condition_miloX41BB.L - condition_miloSTOP
0.984999873082208	11.3852519490551	1.31797380870777	0.260934867939368	0.995401867708661	33	0.992372133480371	Activated effector CD8 T cells (stress)	0.54	41BB-L vs STOP	condition_miloX41BB.L - condition_miloSTOP
-0.313791255650017	11.4421403158607	0.132029115004438	0.719141101713343	0.995401867708661	34	0.992372133480371	NK-like cytotoxic lymphocytes	0.752475247524752	41BB-L vs STOP	condition_miloX41BB.L - condition_miloSTOP
0.386322681047481	11.2771278915353	0.189436720433923	0.666813787402597	0.995401867708661	35	0.992372133480371	γδ T cells	0.989130434782609	41BB-L vs STOP	condition_miloX41BB.L - condition_miloSTOP
2.05938393136566	10.7990860966547	3.01940941415647	0.0935645622485757	0.839062848551743	36	0.935016252575002	Activated effector CD8 T cells (stress)	0.71875	41BB-L vs STOP	condition_miloX41BB.L - condition_miloSTOP
1.46878867401089	11.3670406970791	2.23956078671519	0.146012779319335	0.871881816478966	37	0.935016252575002	Treg	0.990196078431373	41BB-L vs STOP	condition_miloX41BB.L - condition_miloSTOP
0.130365316418183	11.3422299082947	0.0235194085439497	0.879244125525173	0.995401867708661	38	0.992372133480371	Naïve / central-memory T cells	0.435185185185185	41BB-L vs STOP	condition_miloX41BB.L - condition_miloSTOP
0.217110557998208	11.5585658802069	0.074530670328109	0.786909200421102	0.995401867708661	39	0.992372133480371	Naïve / central-memory T cells	0.81981981981982	41BB-L vs STOP	condition_miloX41BB.L - condition_miloSTOP
1.17128464318754	10.9774501673724	1.16998232630775	0.28888450949502	0.995401867708661	40	0.992372133480371	Antigen-presenting myeloid cells	1	41BB-L vs STOP	condition_miloX41BB.L - condition_miloSTOP
-1.12063967762387	10.8046202977463	1.27244814584483	0.26951290045815	0.995401867708661	41	0.992372133480371	Cycling / proliferating CAR T cells	0.938461538461538	41BB-L vs STOP	condition_miloX41BB.L - condition_miloSTOP
-0.304142548572444	11.1023799509081	0.12170231056637	0.72987668393558	0.995401867708661	42	0.992372133480371	Cycling / proliferating CAR T cells	1	41BB-L vs STOP	condition_miloX41BB.L - condition_miloSTOP
-2.58950388998502	11.3544446690095	6.37316790680201	0.0177096042199012	0.62722110294254	43	0.817884360766214	Antigen-presenting myeloid cells	0.915492957746479	41BB-L vs STOP	condition_miloX41BB.L - condition_miloSTOP
-1.99336206661403	11.89009332728	7.57947946838379	0.0103805951621565	0.62722110294254	44	0.817884360766214	Quiescent T cells	0.981366459627329	41BB-L vs STOP	condition_miloX41BB.L - condition_miloSTOP
1.73431663021243	11.142850115676	2.8840233156259	0.100854559445278	0.852272793066349	45	0.935016252575002	Treg	0.895348837209302	41BB-L vs STOP	condition_miloX41BB.L - condition_miloSTOP
1.45978471918702	11.5049433138187	1.26367697812907	0.271404039296849	0.995401867708661	46	0.992372133480371	Quiescent T cells	0.954545454545455	41BB-L vs STOP	condition_miloX41BB.L - condition_miloSTOP
-0.684664156042496	11.7809618419276	0.940576618209314	0.340659630681769	0.995401867708661	47	0.992372133480371	Activated effector CD8 T cells (stress)	0.84297520661157	41BB-L vs STOP	condition_miloX41BB.L - condition_miloSTOP
-0.190773778091209	10.9556281101724	0.0346434302159735	0.853723465966261	0.995401867708661	48	0.992372133480371	Cycling / proliferating CAR T cells	0.986666666666667	41BB-L vs STOP	condition_miloX41BB.L - condition_miloSTOP
0.259649467074992	11.1812377610308	0.0863278162715743	0.771124845337668	0.995401867708661	49	0.992372133480371	Treg	1	41BB-L vs STOP	condition_miloX41BB.L - condition_miloSTOP
0.0669739490446075	11.4589327442352	0.0068529004227249	0.934629791070584	0.997679356348532	50	0.997679356348532	NK-like cytotoxic lymphocytes	1	41BB-L vs STOP	condition_miloX41BB.L - condition_miloSTOP
-0.642199009642051	12.1580845058577	0.619105033355179	0.43816996255618	0.995401867708661	51	0.992372133480371	Activated effector CD8 T cells (stress)	1	41BB-L vs STOP	condition_miloX41BB.L - condition_miloSTOP
-0.258472253917328	10.9017506954203	0.0594149459638705	0.809248834560216	0.995401867708661	52	0.992372133480371	Antigen-presenting myeloid cells	1	41BB-L vs STOP	condition_miloX41BB.L - condition_miloSTOP
0.0170177042077328	11.1270516534773	0.000265063512834787	0.987129017567559	0.997679356348532	53	0.997679356348532	Cycling / proliferating CAR T cells	1	41BB-L vs STOP	condition_miloX41BB.L - condition_miloSTOP
-0.800602117154147	11.209675045888	0.934083196449665	0.342303984575559	0.995401867708661	54	0.992372133480371	Activated effector CD8 T cells (stress)	1	41BB-L vs STOP	condition_miloX41BB.L - condition_miloSTOP
1.51774685372706	11.6804178057009	2.95489466419054	0.0969600688363089	0.842340598015434	55	0.935016252575002	NK-like cytotoxic lymphocytes	1	41BB-L vs STOP	condition_miloX41BB.L - condition_miloSTOP
0.0478331284151128	11.4622506497409	0.00298795345917418	0.956806403348454	0.997679356348532	56	0.997679356348532	NK-like cytotoxic lymphocytes	0.979591836734694	41BB-L vs STOP	condition_miloX41BB.L - condition_miloSTOP
-0.137857779671102	11.1549564667381	0.0261273476221866	0.872782220326229	0.995401867708661	57	0.992372133480371	Quiescent T cells	0.743589743589744	41BB-L vs STOP	condition_miloX41BB.L - condition_miloSTOP
-0.357074272597418	11.1734119387548	0.157631688225682	0.694438987699558	0.995401867708661	58	0.992372133480371	NK-like cytotoxic lymphocytes	1	41BB-L vs STOP	condition_miloX41BB.L - condition_miloSTOP
0.289963071125376	11.2348185140148	0.0687716333177247	0.795106078702838	0.995401867708661	59	0.992372133480371	Antigen-presenting myeloid cells	0.526315789473684	41BB-L vs STOP	condition_miloX41BB.L - condition_miloSTOP
-0.110014046811701	10.6902446512388	0.00730668443756066	0.932505431479036	0.997679356348532	60	0.997679356348532	Activated CD4 effector / helper-like T cells	0.875	41BB-L vs STOP	condition_miloX41BB.L - condition_miloSTOP
-0.0284054300825947	11.0438215170424	0.000932509431874387	0.975861334305952	0.997679356348532	61	0.997679356348532	Cycling / proliferating CAR T cells	1	41BB-L vs STOP	condition_miloX41BB.L - condition_miloSTOP
0.485001022646771	11.1630634613066	0.191501867519656	0.665118519145051	0.995401867708661	62	0.992372133480371	Activated CD4 effector / helper-like T cells	0.629213483146067	41BB-L vs STOP	condition_miloX41BB.L - condition_miloSTOP
1.33796077256712	11.4591745258302	2.18819290331156	0.150540745291332	0.871881816478966	63	0.935016252575002	Treg	0.981132075471698	41BB-L vs STOP	condition_miloX41BB.L - condition_miloSTOP
-0.930269772425892	10.5822916657496	0.504800019230297	0.483435491907635	0.995401867708661	64	0.992372133480371	Th2-like inflammatory T cells	0.558139534883721	41BB-L vs STOP	condition_miloX41BB.L - condition_miloSTOP
-0.00385857077142998	10.6847893850393	8.6220064072773e-06	0.997679356348532	0.997679356348532	65	0.997679356348532	Antigen-presenting myeloid cells	0.759259259259259	41BB-L vs STOP	condition_miloX41BB.L - condition_miloSTOP
0.974382616564316	11.4179900647018	0.882029390284284	0.355897187463007	0.995401867708661	66	0.992372133480371	Quiescent T cells	0.92	41BB-L vs STOP	condition_miloX41BB.L - condition_miloSTOP
-1.3290287872165	11.3462253903727	2.4321584247723	0.130408803076719	0.871881816478966	67	0.935016252575002	Activated CD4 effector / helper-like T cells	0.951923076923077	41BB-L vs STOP	condition_miloX41BB.L - condition_miloSTOP
1.00710789765948	11.399587426129	1.22185250583555	0.27866164568321	0.995401867708661	68	0.992372133480371	Treg	1	41BB-L vs STOP	condition_miloX41BB.L - condition_miloSTOP
0.973261337972258	10.7108668531627	0.457626133859212	0.504437488851425	0.995401867708661	69	0.992372133480371	NK-like cytotoxic lymphocytes	0.719298245614035	41BB-L vs STOP	condition_miloX41BB.L - condition_miloSTOP
0.676462809179669	10.7947128254777	0.453510468393334	0.506344633443377	0.995401867708661	70	0.992372133480371	Treg	0.7	41BB-L vs STOP	condition_miloX41BB.L - condition_miloSTOP
-0.371337874924658	10.9735062828431	0.191729212402972	0.665063251248143	0.995401867708661	71	0.992372133480371	Activated effector CD8 T cells (stress)	0.5	41BB-L vs STOP	condition_miloX41BB.L - condition_miloSTOP
-1.5614046762167	11.7632805088082	4.10264010425519	0.0527119720516525	0.703735274175038	72	0.897886914672611	Quiescent T cells	0.986111111111111	41BB-L vs STOP	condition_miloX41BB.L - condition_miloSTOP
-0.334569120637058	11.6739400647325	0.180719135229881	0.674094211822256	0.995401867708661	73	0.992372133480371	Activated effector CD8 T cells (stress)	0.949640287769784	41BB-L vs STOP	condition_miloX41BB.L - condition_miloSTOP
0.428628222109325	10.7515658832623	0.144633167233251	0.70666613591462	0.995401867708661	74	0.992372133480371	Quiescent T cells	0.461538461538462	41BB-L vs STOP	condition_miloX41BB.L - condition_miloSTOP
0.737657267581858	11.9710631221665	0.889403393223336	0.353925821160665	0.995401867708661	75	0.992372133480371	Activated effector CD8 T cells (stress)	0.922077922077922	41BB-L vs STOP	condition_miloX41BB.L - condition_miloSTOP
-0.346136106580853	11.1373232967857	0.161795634660741	0.690646519825144	0.995401867708661	76	0.992372133480371	Activated CD4 effector / helper-like T cells	0.851351351351351	41BB-L vs STOP	condition_miloX41BB.L - condition_miloSTOP
-0.784334095228087	11.1744668043114	0.748090822696306	0.394631978159641	0.995401867708661	77	0.992372133480371	Quiescent T cells	0.5375	41BB-L vs STOP	condition_miloX41BB.L - condition_miloSTOP
-0.513628545275816	11.539840681176	0.21425398882326	0.647370526165979	0.995401867708661	78	0.992372133480371	Quiescent T cells	0.579545454545455	41BB-L vs STOP	condition_miloX41BB.L - condition_miloSTOP
0.215340513464007	11.7454680137268	0.0764688766981896	0.784227621772504	0.995401867708661	79	0.992372133480371	γδ T cells	1	41BB-L vs STOP	condition_miloX41BB.L - condition_miloSTOP
1.97549308715258	11.4737631626431	3.39024593865559	0.0764946623990261	0.81564063516474	80	0.935016252575002	Treg	0.990654205607477	41BB-L vs STOP	condition_miloX41BB.L - condition_miloSTOP
-1.66694643839564	11.0674336256356	3.90789361279182	0.0586526617281836	0.758392556299304	81	0.935016252575002	Terminally differentiated cytotoxic T cells	0.826666666666667	41BB-L vs STOP	condition_miloX41BB.L - condition_miloSTOP
-1.73581479388072	11.4907614645268	4.21929396541901	0.0496739035464717	0.703735274175038	82	0.897886914672611	Quiescent T cells	0.990196078431373	41BB-L vs STOP	condition_miloX41BB.L - condition_miloSTOP
1.8101465644685	11.1643098304445	2.66969513565913	0.113777820258241	0.871881816478966	83	0.935016252575002	Quiescent T cells	0.846153846153846	41BB-L vs STOP	condition_miloX41BB.L - condition_miloSTOP
0.829545680181943	11.213058857894	0.86665574150442	0.360057575891365	0.995401867708661	84	0.992372133480371	Treg	0.98876404494382	41BB-L vs STOP	condition_miloX41BB.L - condition_miloSTOP
-0.0650861424936667	10.9341154525469	0.00506434209021508	0.943786806003523	0.997679356348532	85	0.997679356348532	Treg	1	41BB-L vs STOP	condition_miloX41BB.L - condition_miloSTOP
-0.556902643712773	11.1455489181709	0.53748053270303	0.469739089407168	0.995401867708661	86	0.992372133480371	Treg	0.670886075949367	41BB-L vs STOP	condition_miloX41BB.L - condition_miloSTOP
2.10821686652468	11.514724342734	5.44270815161027	0.0272742275187121	0.62722110294254	87	0.817884360766214	NK-like cytotoxic lymphocytes	1	41BB-L vs STOP	condition_miloX41BB.L - condition_miloSTOP
0.331608882490183	10.7997237094002	0.10207390177328	0.751791439248113	0.995401867708661	88	0.992372133480371	Antigen-presenting myeloid cells	0.696428571428571	41BB-L vs STOP	condition_miloX41BB.L - condition_miloSTOP
0.935866648851454	11.4577342613468	1.13751052914856	0.295537592979017	0.995401867708661	89	0.992372133480371	γδ T cells	0.819047619047619	41BB-L vs STOP	condition_miloX41BB.L - condition_miloSTOP
-1.60432629027623	11.079438822635	3.02270191521523	0.0933949681378369	0.839062848551743	90	0.935016252575002	Activated CD4 effector / helper-like T cells	0.873239436619718	41BB-L vs STOP	condition_miloX41BB.L - condition_miloSTOP
-0.281365843139459	11.400151574716	0.123864306321519	0.727690269441999	0.995401867708661	91	0.992372133480371	Treg	1	41BB-L vs STOP	condition_miloX41BB.L - condition_miloSTOP
0.609283764624281	11.5459972281163	0.446936068796044	0.509417533775994	0.995401867708661	92	0.992372133480371	Naïve / central-memory T cells	0.552631578947368	41BB-L vs STOP	condition_miloX41BB.L - condition_miloSTOP
0.12818140529884	11.7364569311165	0.0221563685745142	0.882767974978404	0.995401867708661	93	0.992372133480371	γδ T cells	0.986928104575163	41BB-L vs STOP	condition_miloX41BB.L - condition_miloSTOP
-0.4081473103975	11.5000500109043	0.246803130967975	0.623470291988067	0.995401867708661	94	0.992372133480371	Terminally differentiated cytotoxic T cells	0.992	41BB-L vs STOP	condition_miloX41BB.L - condition_miloSTOP
-0.802892832402488	11.0318419441338	0.615864573292365	0.439357826246413	0.995401867708661	95	0.992372133480371	Antigen-presenting myeloid cells	1	41BB-L vs STOP	condition_miloX41BB.L - condition_miloSTOP
-1.60446861423718	11.2234257545599	3.38056596232648	0.0768924389871181	0.81564063516474	96	0.935016252575002	Cycling / proliferating CAR T cells	0.989473684210526	41BB-L vs STOP	condition_miloX41BB.L - condition_miloSTOP
1.81389385143907	11.5918813175203	3.23236475024089	0.0832859662636436	0.81564063516474	97	0.935016252575002	Quiescent T cells	0.627118644067797	41BB-L vs STOP	condition_miloX41BB.L - condition_miloSTOP
-1.44095128901234	11.8604781962619	4.0860811560496	0.0531598588405604	0.703735274175038	98	0.897886914672611	Activated effector CD8 T cells (stress)	1	41BB-L vs STOP	condition_miloX41BB.L - condition_miloSTOP
-0.44979799748098	10.73088037459	0.129730857892469	0.721488033989303	0.995401867708661	99	0.992372133480371	Activated CD4 effector / helper-like T cells	1	41BB-L vs STOP	condition_miloX41BB.L - condition_miloSTOP
-1.40827810567042	11.0503720462487	2.33902039216069	0.137695509964744	0.871881816478966	100	0.935016252575002	Activated CD4 effector / helper-like T cells	0.935897435897436	41BB-L vs STOP	condition_miloX41BB.L - condition_miloSTOP
-0.562023971646667	11.37876247923	0.338124329930858	0.565693386598494	0.995401867708661	101	0.992372133480371	NK-like cytotoxic lymphocytes	1	41BB-L vs STOP	condition_miloX41BB.L - condition_miloSTOP
-0.902314380438797	10.616076646965	0.603762950556767	0.44409214807821	0.995401867708661	102	0.992372133480371	Treg	0.745098039215686	41BB-L vs STOP	condition_miloX41BB.L - condition_miloSTOP
0.69801181408422	11.2422663521132	0.544358420062171	0.466938549086855	0.995401867708661	103	0.992372133480371	Cycling / proliferating CAR T cells	0.98	41BB-L vs STOP	condition_miloX41BB.L - condition_miloSTOP
-1.27536824787694	11.2422163490234	1.8223631452187	0.188139824625806	0.915701171656688	104	0.975370481874457	Activated CD4 effector / helper-like T cells	0.97752808988764	41BB-L vs STOP	condition_miloX41BB.L - condition_miloSTOP
1.40052965139735	10.8945121256728	1.40230304260798	0.246564985747602	0.995401867708661	105	0.992372133480371	Treg	0.639344262295082	41BB-L vs STOP	condition_miloX41BB.L - condition_miloSTOP
0.473026883462047	10.8556564361636	0.163386632531473	0.689212496707693	0.995401867708661	106	0.992372133480371	Cycling / proliferating CAR T cells	0.985714285714286	41BB-L vs STOP	condition_miloX41BB.L - condition_miloSTOP
0.407408602197072	11.4727870100612	0.217807806605658	0.644565662535033	0.995401867708661	107	0.992372133480371	Activated effector CD8 T cells (stress)	1	41BB-L vs STOP	condition_miloX41BB.L - condition_miloSTOP
-0.525682319177096	11.8390038435105	0.346035556821954	0.561210191641469	0.995401867708661	108	0.992372133480371	Quiescent T cells	0.963503649635037	41BB-L vs STOP	condition_miloX41BB.L - condition_miloSTOP
0.332459095442344	10.7968759975975	0.113830231330721	0.738409994927157	0.995401867708661	109	0.992372133480371	Antigen-presenting myeloid cells	0.637931034482759	41BB-L vs STOP	condition_miloX41BB.L - condition_miloSTOP
-1.16509276037244	10.3813683803158	0.579791852261183	0.452933693335953	0.995401867708661	110	0.992372133480371	Antigen-presenting myeloid cells	0.785714285714286	41BB-L vs STOP	condition_miloX41BB.L - condition_miloSTOP
-1.36838167559895	11.3548968881284	2.87843781302343	0.101169072558236	0.852272793066349	111	0.935016252575002	Activated CD4 effector / helper-like T cells	0.76	41BB-L vs STOP	condition_miloX41BB.L - condition_miloSTOP
0.2401698916656	11.2991637778758	0.0691598294128304	0.794542238698138	0.995401867708661	112	0.992372133480371	NK-like cytotoxic lymphocytes	1	41BB-L vs STOP	condition_miloX41BB.L - condition_miloSTOP
3.81144255776764	11.0671748134279	7.42607666635408	0.0110939858571729	0.62722110294254	113	0.817884360766214	Naïve / central-memory T cells	0.5	41BB-L vs STOP	condition_miloX41BB.L - condition_miloSTOP
0.913481371566813	11.1949595697172	0.927361245120873	0.3440179085029	0.995401867708661	114	0.992372133480371	Treg	0.685393258426966	41BB-L vs STOP	condition_miloX41BB.L - condition_miloSTOP
-0.607916354855059	11.2707127517562	0.374643983189687	0.545557511943259	0.995401867708661	115	0.992372133480371	Antigen-presenting myeloid cells	1	41BB-L vs STOP	condition_miloX41BB.L - condition_miloSTOP
0.129451021125304	10.9112665555868	0.019448102777141	0.890115067637515	0.995401867708661	116	0.995533453248142	Cycling / proliferating CAR T cells	1	41BB-L vs STOP	condition_miloX41BB.L - condition_miloSTOP
3.31725990724279	11.1654977757418	8.3345641365871	0.0075270846135882	0.62722110294254	117	0.817884360766214	Treg	0.761363636363636	41BB-L vs STOP	condition_miloX41BB.L - condition_miloSTOP
0.355581890356649	11.4102994723373	0.194063072236238	0.663031173961669	0.995401867708661	118	0.992372133480371	NK-like cytotoxic lymphocytes	1	41BB-L vs STOP	condition_miloX41BB.L - condition_miloSTOP
-0.216260796792038	11.7117503958353	0.0777421995124488	0.782485842636835	0.995401867708661	119	0.992372133480371	Activated effector CD8 T cells (stress)	1	41BB-L vs STOP	condition_miloX41BB.L - condition_miloSTOP
-0.464157730149189	11.2268934441454	0.170340482090262	0.683251275488497	0.995401867708661	120	0.992372133480371	Quiescent T cells	0.661971830985915	41BB-L vs STOP	condition_miloX41BB.L - condition_miloSTOP
-0.315167492055184	10.9512886824694	0.111095213514715	0.741451763139888	0.995401867708661	121	0.992372133480371	NK-like cytotoxic lymphocytes	1	41BB-L vs STOP	condition_miloX41BB.L - condition_miloSTOP
-0.25907669596533	11.3672228490113	0.0931576392058204	0.762519845707579	0.995401867708661	122	0.992372133480371	Treg	1	41BB-L vs STOP	condition_miloX41BB.L - condition_miloSTOP
-0.674555302730199	11.5320175225129	0.743642739684583	0.396022314937631	0.995401867708661	123	0.992372133480371	Terminally differentiated cytotoxic T cells	0.914529914529915	41BB-L vs STOP	condition_miloX41BB.L - condition_miloSTOP
0.115370803386122	11.8087553786849	0.0205766119915839	0.886993858086462	0.995401867708661	124	0.995533453248142	Activated effector CD8 T cells (stress)	0.693430656934307	41BB-L vs STOP	condition_miloX41BB.L - condition_miloSTOP
-1.36126803862768	11.4323937380468	2.39150912207062	0.133531848086473	0.871881816478966	125	0.935016252575002	Activated CD4 effector / helper-like T cells	0.518181818181818	41BB-L vs STOP	condition_miloX41BB.L - condition_miloSTOP
0.353657367957499	11.3136875567861	0.160035021682163	0.692243044230882	0.995401867708661	126	0.992372133480371	Naïve / central-memory T cells	0.763440860215054	41BB-L vs STOP	condition_miloX41BB.L - condition_miloSTOP
0.0489430847317078	11.1198675916178	0.00234312135204782	0.961745880372317	0.997679356348532	127	0.997679356348532	Activated effector CD8 T cells (stress)	1	41BB-L vs STOP	condition_miloX41BB.L - condition_miloSTOP
0.117502966394156	11.4844507315874	0.020156123908406	0.888146372333052	0.995401867708661	128	0.995533453248142	Antigen-presenting myeloid cells	1	41BB-L vs STOP	condition_miloX41BB.L - condition_miloSTOP
0.377829224821925	11.7314639059639	0.269309580476547	0.607984550595403	0.995401867708661	129	0.992372133480371	Treg	1	41BB-L vs STOP	condition_miloX41BB.L - condition_miloSTOP
1.34470179927842	10.4837577974768	0.819560574306234	0.373543273763436	0.995401867708661	130	0.992372133480371	Treg	0.869565217391304	41BB-L vs STOP	condition_miloX41BB.L - condition_miloSTOP
0.808744739197164	10.6764688542699	0.463617891225396	0.501900604831057	0.995401867708661	131	0.992372133480371	Treg	0.607142857142857	41BB-L vs STOP	condition_miloX41BB.L - condition_miloSTOP
-0.208935603304767	11.5352348563854	0.0606580869895139	0.807304616236765	0.995401867708661	132	0.992372133480371	Terminally differentiated cytotoxic T cells	1	41BB-L vs STOP	condition_miloX41BB.L - condition_miloSTOP
-1.37730829526616	10.315664342973	0.309384860137859	0.582768776547602	0.995401867708661	133	0.992372133480371	Antigen-presenting myeloid cells	0.976744186046512	41BB-L vs STOP	condition_miloX41BB.L - condition_miloSTOP
-0.233525830136377	10.8048189836253	0.0476292799849829	0.828867227760919	0.995401867708661	134	0.992372133480371	Th2-like inflammatory T cells	1	41BB-L vs STOP	condition_miloX41BB.L - condition_miloSTOP
-0.62610065050942	11.2898256033446	0.429569244199881	0.517695835019648	0.995401867708661	135	0.992372133480371	Antigen-presenting myeloid cells	1	41BB-L vs STOP	condition_miloX41BB.L - condition_miloSTOP
1.32101989245746	11.0677024996874	1.82201890638727	0.188180228036176	0.915701171656688	136	0.975370481874457	Treg	1	41BB-L vs STOP	condition_miloX41BB.L - condition_miloSTOP
0.257503909491089	10.8948680525526	0.0761831889740141	0.784620559622758	0.995401867708661	137	0.992372133480371	Quiescent T cells	0.833333333333333	41BB-L vs STOP	condition_miloX41BB.L - condition_miloSTOP
-0.56893253452985	11.0145275515764	0.384317898173092	0.540451196609407	0.995401867708661	138	0.992372133480371	Cycling / proliferating CAR T cells	1	41BB-L vs STOP	condition_miloX41BB.L - condition_miloSTOP
-0.90687972015067	11.256770900648	1.00165178422805	0.325716049516936	0.995401867708661	139	0.992372133480371	Activated effector CD8 T cells (stress)	1	41BB-L vs STOP	condition_miloX41BB.L - condition_miloSTOP
1.47372887161734	11.4906134085899	2.02739149272044	0.165836235948796	0.894510421458451	140	0.950378788852777	Treg	1	41BB-L vs STOP	condition_miloX41BB.L - condition_miloSTOP
0.86832038180512	10.7716003235322	0.483385890756921	0.492779370935999	0.995401867708661	141	0.992372133480371	Quiescent T cells	0.66	41BB-L vs STOP	condition_miloX41BB.L - condition_miloSTOP
-2.63949298398685	11.3425329072701	6.00075172528191	0.0210039179285417	0.62722110294254	142	0.817884360766214	Antigen-presenting myeloid cells	0.714285714285714	41BB-L vs STOP	condition_miloX41BB.L - condition_miloSTOP
-2.66315253003396	10.736628784359	4.15022311658061	0.0514483038223736	0.703735274175038	143	0.897886914672611	Terminally differentiated cytotoxic T cells	0.966666666666667	41BB-L vs STOP	condition_miloX41BB.L - condition_miloSTOP
0.669463686098102	10.8471046264904	0.365014676827046	0.550731654106894	0.995401867708661	144	0.992372133480371	Treg	0.569230769230769	41BB-L vs STOP	condition_miloX41BB.L - condition_miloSTOP
1.44372017595227	10.8454234522337	1.24124190442912	0.274962387024827	0.995401867708661	145	0.992372133480371	γδ / Th17-like T cells	1	41BB-L vs STOP	condition_miloX41BB.L - condition_miloSTOP
-0.703711770660459	11.8762698020604	0.953010349863778	0.337541560605289	0.995401867708661	146	0.992372133480371	Activated effector CD8 T cells (stress)	1	41BB-L vs STOP	condition_miloX41BB.L - condition_miloSTOP
1.16101962627045	11.193709229581	1.58739101769812	0.218383042190607	0.971367771663822	147	0.992372133480371	NK-like cytotoxic lymphocytes	1	41BB-L vs STOP	condition_miloX41BB.L - condition_miloSTOP
0.484169367537471	11.1162717249181	0.243551030013749	0.625607202270955	0.995401867708661	148	0.992372133480371	Antigen-presenting myeloid cells	1	41BB-L vs STOP	condition_miloX41BB.L - condition_miloSTOP
0.40151809004016	11.6976908897445	0.278478300756248	0.601971255252811	0.995401867708661	149	0.992372133480371	Quiescent T cells	0.81203007518797	41BB-L vs STOP	condition_miloX41BB.L - condition_miloSTOP
0.604494785949731	11.3058488966494	0.448698793236623	0.508590412143321	0.995401867708661	150	0.992372133480371	Treg	1	41BB-L vs STOP	condition_miloX41BB.L - condition_miloSTOP
0.633119349365818	11.2863211072821	0.549081683976105	0.465031197287325	0.995401867708661	151	0.992372133480371	Activated effector CD8 T cells (stress)	0.835164835164835	41BB-L vs STOP	condition_miloX41BB.L - condition_miloSTOP
0.950404939056938	11.7664338392923	1.45714071134684	0.237759797992719	0.995401867708661	152	0.992372133480371	Treg	1	41BB-L vs STOP	condition_miloX41BB.L - condition_miloSTOP
-0.028532535842345	11.5705097590931	0.000833960679991109	0.97717205461869	0.997679356348532	153	0.997679356348532	γδ / Th17-like T cells	1	41BB-L vs STOP	condition_miloX41BB.L - condition_miloSTOP
0.255537054235598	11.3428236546476	0.0668050688706141	0.797988967922409	0.995401867708661	154	0.992372133480371	γδ / Th17-like T cells	1	41BB-L vs STOP	condition_miloX41BB.L - condition_miloSTOP
4.77564659896484	10.4604851591987	2.42683024448384	0.131720626139768	0.871881816478966	155	0.935016252575002	Antigen-presenting myeloid cells	1	41BB-L vs STOP	condition_miloX41BB.L - condition_miloSTOP
-0.50054608936562	11.6504865090234	0.472946278594873	0.497447269739076	0.995401867708661	156	0.992372133480371	Quiescent T cells	0.983606557377049	41BB-L vs STOP	condition_miloX41BB.L - condition_miloSTOP
-0.0137890579843544	10.3746118970415	6.8709989123066e-05	0.993448968142661	0.997679356348532	157	0.997679356348532	Cycling / proliferating CAR T cells	0.714285714285714	41BB-L vs STOP	condition_miloX41BB.L - condition_miloSTOP
4.21143917813275	10.3640912553368	2.11120859440405	0.158539507831521	0.889665214527806	158	0.938052704229487	Antigen-presenting myeloid cells	0.934782608695652	41BB-L vs STOP	condition_miloX41BB.L - condition_miloSTOP
0.590922826980673	11.331848208169	0.368827247071655	0.548671918285454	0.995401867708661	159	0.992372133480371	Treg	1	41BB-L vs STOP	condition_miloX41BB.L - condition_miloSTOP
0.0633913386429582	11.159041849253	0.00369213971174805	0.951991437250427	0.997679356348532	160	0.997679356348532	Cycling / proliferating CAR T cells	1	41BB-L vs STOP	condition_miloX41BB.L - condition_miloSTOP
-1.96275406919929	11.4774088742682	5.42609990504026	0.0274900850233743	0.62722110294254	161	0.817884360766214	Terminally differentiated cytotoxic T cells	0.556603773584906	41BB-L vs STOP	condition_miloX41BB.L - condition_miloSTOP
-1.46920378159315	11.0583272463534	2.53245359548366	0.123062345528087	0.871881816478966	162	0.935016252575002	Cycling / proliferating CAR T cells	0.831325301204819	41BB-L vs STOP	condition_miloX41BB.L - condition_miloSTOP
0.158950299200943	11.6702973972695	0.0442665350916908	0.834923813472127	0.995401867708661	163	0.992372133480371	Activated effector CD8 T cells (stress)	1	41BB-L vs STOP	condition_miloX41BB.L - condition_miloSTOP
0.245439832714117	11.1760139218604	0.0627382408215008	0.804098136363758	0.995401867708661	164	0.992372133480371	γδ T cells	1	41BB-L vs STOP	condition_miloX41BB.L - condition_miloSTOP
0.338774494394132	10.6594079616418	0.0856990179749514	0.771935476225751	0.995401867708661	165	0.992372133480371	Treg	0.981818181818182	41BB-L vs STOP	condition_miloX41BB.L - condition_miloSTOP
0.38266389030488	11.0202823713124	0.148900456602436	0.702584571872003	0.995401867708661	166	0.992372133480371	Activated effector CD8 T cells (stress)	0.828571428571429	41BB-L vs STOP	condition_miloX41BB.L - condition_miloSTOP
-0.451673044965346	11.0439533767144	0.20717272681431	0.652598322783163	0.995401867708661	167	0.992372133480371	Quiescent T cells	0.974683544303797	41BB-L vs STOP	condition_miloX41BB.L - condition_miloSTOP
0.0064642212864772	11.022340080378	5.50350861719553e-05	0.994134942041811	0.997679356348532	168	0.997679356348532	Quiescent T cells	0.689189189189189	41BB-L vs STOP	condition_miloX41BB.L - condition_miloSTOP
0.0144734599547057	11.3634573915134	0.000206522540137342	0.988638783271725	0.997679356348532	169	0.997679356348532	γδ T cells	0.744897959183674	41BB-L vs STOP	condition_miloX41BB.L - condition_miloSTOP
0.141948993232387	11.580123862287	0.0245877951548297	0.876554574642496	0.995401867708661	170	0.992372133480371	Quiescent T cells	0.990476190476191	41BB-L vs STOP	condition_miloX41BB.L - condition_miloSTOP
-0.0949048067701709	11.3870840412242	0.0117671369344114	0.914412595137261	0.995401867708661	171	0.997679356348532	Cycling / proliferating CAR T cells	0.991071428571429	41BB-L vs STOP	condition_miloX41BB.L - condition_miloSTOP
-0.0846949790292724	11.5450863991873	0.00991294912585718	0.921419500085961	0.996710587641623	172	0.997679356348532	NK-like cytotoxic lymphocytes	0.9375	41BB-L vs STOP	condition_miloX41BB.L - condition_miloSTOP
0.588595416795645	11.6439174033761	0.5627800162329	0.459571019242986	0.995401867708661	173	0.992372133480371	NK-like cytotoxic lymphocytes	1	41BB-L vs STOP	condition_miloX41BB.L - condition_miloSTOP
0.357919957934312	10.3847002327551	0.0221987101021907	0.882656866800793	0.995401867708661	174	0.992372133480371	γδ / Th17-like T cells	0.7	41BB-L vs STOP	condition_miloX41BB.L - condition_miloSTOP
0.437187356161562	11.4285747468042	0.247296446958375	0.622974081448393	0.995401867708661	175	0.992372133480371	Naïve / central-memory T cells	0.97029702970297	41BB-L vs STOP	condition_miloX41BB.L - condition_miloSTOP
-0.115898942418118	10.9265237874659	0.0134823620916309	0.908414019403022	0.995401867708661	176	0.997679356348532	Cycling / proliferating CAR T cells	1	41BB-L vs STOP	condition_miloX41BB.L - condition_miloSTOP
-1.67735836690005	10.8307532087995	3.28859967914145	0.0807912228954176	0.81564063516474	177	0.935016252575002	Activated effector CD8 T cells (stress)	0.483333333333333	41BB-L vs STOP	condition_miloX41BB.L - condition_miloSTOP
-0.120729389557914	11.4065893282123	0.0155337819696048	0.901727720353646	0.995401867708661	178	0.997679356348532	Activated effector CD8 T cells (stress)	0.936936936936937	41BB-L vs STOP	condition_miloX41BB.L - condition_miloSTOP
-0.567477842480235	11.7566310473044	0.517859393990495	0.477883236266427	0.995401867708661	179	0.992372133480371	Naïve / central-memory T cells	1	41BB-L vs STOP	condition_miloX41BB.L - condition_miloSTOP
0.216740107637252	11.3357260843226	0.0411335154521811	0.840787166470564	0.995401867708661	180	0.992372133480371	NK-like cytotoxic lymphocytes	0.896551724137931	41BB-L vs STOP	condition_miloX41BB.L - condition_miloSTOP
0.467044198428368	10.9722602646222	0.205854313008983	0.653629161085261	0.995401867708661	181	0.992372133480371	Antigen-presenting myeloid cells	0.983333333333333	41BB-L vs STOP	condition_miloX41BB.L - condition_miloSTOP
-2.44814199060863	10.8520910638113	5.43400604992334	0.0273870944264618	0.62722110294254	182	0.817884360766214	Quiescent T cells	1	41BB-L vs STOP	condition_miloX41BB.L - condition_miloSTOP
-0.593355450078935	10.8503536803597	0.218096949868945	0.644206429835029	0.995401867708661	183	0.992372133480371	Cycling / proliferating CAR T cells	0.973333333333333	41BB-L vs STOP	condition_miloX41BB.L - condition_miloSTOP
0.647604147134332	10.9889296585328	0.404377692030452	0.530142061848887	0.995401867708661	184	0.992372133480371	Activated CD4 effector / helper-like T cells	0.647058823529412	41BB-L vs STOP	condition_miloX41BB.L - condition_miloSTOP
-1.21185608315642	10.6767919295654	1.14027576821701	0.2949631487057	0.995401867708661	185	0.992372133480371	Cycling / proliferating CAR T cells	0.963636363636364	41BB-L vs STOP	condition_miloX41BB.L - condition_miloSTOP
-0.720745443241875	10.628874663873	0.215649188892556	0.646064090979249	0.995401867708661	186	0.992372133480371	Cycling / proliferating CAR T cells	0.912280701754386	41BB-L vs STOP	condition_miloX41BB.L - condition_miloSTOP
-0.854089286330072	11.691034217734	1.0915077893534	0.305663386413772	0.995401867708661	187	0.992372133480371	Activated effector CD8 T cells (stress)	1	41BB-L vs STOP	condition_miloX41BB.L - condition_miloSTOP
0.319389986973337	11.6062820184635	0.0894877156615586	0.767248509968843	0.995401867708661	188	0.992372133480371	Quiescent T cells	0.965811965811966	41BB-L vs STOP	condition_miloX41BB.L - condition_miloSTOP
-4.08384299576012	11.2214373026123	7.84546542512678	0.00925943712966795	0.62722110294254	189	0.817884360766214	Quiescent T cells	0.957894736842105	41BB-L vs STOP	condition_miloX41BB.L - condition_miloSTOP
-0.480368152730138	11.3279716030474	0.29199210897189	0.593336244259885	0.995401867708661	190	0.992372133480371	Th2-like inflammatory T cells	1	41BB-L vs STOP	condition_miloX41BB.L - condition_miloSTOP
-0.236679164505219	11.6320915222465	0.0922679963293924	0.763620720832317	0.995401867708661	191	0.992372133480371	Naïve / central-memory T cells	1	41BB-L vs STOP	condition_miloX41BB.L - condition_miloSTOP
-1.51794741878317	10.3012133329152	0.704095190703392	0.408987910958344	0.995401867708661	192	0.992372133480371	Cycling / proliferating CAR T cells	0.9	41BB-L vs STOP	condition_miloX41BB.L - condition_miloSTOP
-0.33789477290136	11.6545319162713	0.219505290826579	0.643143385469714	0.995401867708661	193	0.992372133480371	Activated effector CD8 T cells (stress)	1	41BB-L vs STOP	condition_miloX41BB.L - condition_miloSTOP
-1.26037868043077	10.8900136060113	1.70436472866983	0.202633552111904	0.930787097276301	194	0.985760440103652	Th2-like inflammatory T cells	0.946428571428571	41BB-L vs STOP	condition_miloX41BB.L - condition_miloSTOP
0.389266057054241	11.8289846830574	0.29418314825739	0.591960769666981	0.995401867708661	195	0.992372133480371	NK-like cytotoxic lymphocytes	1	41BB-L vs STOP	condition_miloX41BB.L - condition_miloSTOP
-2.26013081285263	11.3585168190317	5.69243812930003	0.0245337984201251	0.62722110294254	196	0.817884360766214	Terminally differentiated cytotoxic T cells	1	41BB-L vs STOP	condition_miloX41BB.L - condition_miloSTOP
-1.19069109629532	11.4721666782561	2.27568527978549	0.142924988360763	0.871881816478966	197	0.935016252575002	Quiescent T cells	0.815533980582524	41BB-L vs STOP	condition_miloX41BB.L - condition_miloSTOP
-0.797307175990856	10.7766656140189	0.556491308400961	0.462064644679717	0.995401867708661	198	0.992372133480371	Activated CD4 effector / helper-like T cells	1	41BB-L vs STOP	condition_miloX41BB.L - condition_miloSTOP
0.628834023457235	11.6566811763996	0.319920628905256	0.57658786094809	0.995401867708661	199	0.992372133480371	Quiescent T cells	0.972972972972973	41BB-L vs STOP	condition_miloX41BB.L - condition_miloSTOP
-0.193371907253113	10.9832982893706	0.0455589804765501	0.832568420917637	0.995401867708661	200	0.992372133480371	Quiescent T cells	0.676470588235294	41BB-L vs STOP	condition_miloX41BB.L - condition_miloSTOP
-0.625344213722911	11.166293969317	0.521403491767376	0.476394870935239	0.995401867708661	201	0.992372133480371	Cycling / proliferating CAR T cells	1	41BB-L vs STOP	condition_miloX41BB.L - condition_miloSTOP
0.803072200932633	10.8384731670073	0.642780768652952	0.429641923233437	0.995401867708661	202	0.992372133480371	Treg	0.984375	41BB-L vs STOP	condition_miloX41BB.L - condition_miloSTOP
2.30910353762829	10.4944982310551	1.49281136073807	0.232639862090635	0.995401867708661	203	0.992372133480371	Antigen-presenting myeloid cells	1	41BB-L vs STOP	condition_miloX41BB.L - condition_miloSTOP
0.575072784494648	10.8803961697719	0.420271689501735	0.522227232118299	0.995401867708661	204	0.992372133480371	Treg	1	41BB-L vs STOP	condition_miloX41BB.L - condition_miloSTOP
-1.02168971167375	10.7548636260022	0.993061360447099	0.327762533418612	0.995401867708661	205	0.992372133480371	Activated effector CD8 T cells (stress)	0.516666666666667	41BB-L vs STOP	condition_miloX41BB.L - condition_miloSTOP
-1.92518664622582	11.4541097342745	4.6755358102701	0.039535276415905	0.703735274175038	206	0.897886914672611	Cycling / proliferating CAR T cells	0.974576271186441	41BB-L vs STOP	condition_miloX41BB.L - condition_miloSTOP
1.7523819612292	11.1222908287131	2.97378251966494	0.0959515351640716	0.842340598015434	207	0.935016252575002	Treg	1	41BB-L vs STOP	condition_miloX41BB.L - condition_miloSTOP
0.719198071525218	10.9676548349414	0.544687358795116	0.466805300855911	0.995401867708661	208	0.992372133480371	Terminally differentiated cytotoxic T cells	0.987012987012987	41BB-L vs STOP	condition_miloX41BB.L - condition_miloSTOP
0.797679686461397	11.3986593134974	0.767399356771517	0.388679776839787	0.995401867708661	209	0.992372133480371	Naïve / central-memory T cells	0.787878787878788	41BB-L vs STOP	condition_miloX41BB.L - condition_miloSTOP
1.7822848316392	11.6295650793014	4.19231298915659	0.0503587494527513	0.703735274175038	210	0.897886914672611	NK-like cytotoxic lymphocytes	1	41BB-L vs STOP	condition_miloX41BB.L - condition_miloSTOP
-0.0933890306581994	10.8400525285714	0.00832779143984915	0.927956128455725	0.997679356348532	211	0.997679356348532	IFN-responsive T cells	0.683333333333333	41BB-L vs STOP	condition_miloX41BB.L - condition_miloSTOP
-0.152189076563106	11.2889602290439	0.0273206131223645	0.869936267781519	0.995401867708661	212	0.992372133480371	Activated effector CD8 T cells (stress)	0.96	41BB-L vs STOP	condition_miloX41BB.L - condition_miloSTOP
-0.0996171352675966	11.6583190399945	0.0169856524284442	0.897263472700074	0.995401867708661	213	0.997679356348532	Quiescent T cells	0.8046875	41BB-L vs STOP	condition_miloX41BB.L - condition_miloSTOP
-1.04665777292116	10.9984756096005	1.27653847941153	0.268391170969662	0.995401867708661	214	0.992372133480371	Activated CD4 effector / helper-like T cells	0.933333333333333	41BB-L vs STOP	condition_miloX41BB.L - condition_miloSTOP
-1.15060320107603	11.1235482278297	2.06008167593745	0.162581598530996	0.889665214527806	215	0.942202975621534	Activated CD4 effector / helper-like T cells	0.975	41BB-L vs STOP	condition_miloX41BB.L - condition_miloSTOP
0.56055037115757	11.0094566124036	0.28475730369552	0.597926202445426	0.995401867708661	216	0.992372133480371	Antigen-presenting myeloid cells	1	41BB-L vs STOP	condition_miloX41BB.L - condition_miloSTOP
0.814484269213991	11.6768875135932	0.584294591281512	0.45163410278219	0.995401867708661	217	0.992372133480371	Quiescent T cells	0.965811965811966	41BB-L vs STOP	condition_miloX41BB.L - condition_miloSTOP
-0.517253492286494	11.1253890520278	0.295816621683545	0.590939651514223	0.995401867708661	218	0.992372133480371	Quiescent T cells	0.689189189189189	41BB-L vs STOP	condition_miloX41BB.L - condition_miloSTOP
-0.752651034097351	11.4217856741858	0.691456460498016	0.412896983219373	0.995401867708661	219	0.992372133480371	Activated CD4 effector / helper-like T cells	0.596153846153846	41BB-L vs STOP	condition_miloX41BB.L - condition_miloSTOP
3.77553753934161	11.0896952041873	9.41565698332126	0.00482442787307217	0.62722110294254	220	0.817884360766214	Treg	1	41BB-L vs STOP	condition_miloX41BB.L - condition_miloSTOP
-0.434895851322688	11.4732898102423	0.332933427317908	0.568673528989215	0.995401867708661	221	0.992372133480371	Activated effector CD8 T cells (stress)	0.980952380952381	41BB-L vs STOP	condition_miloX41BB.L - condition_miloSTOP
0.428651376923105	11.2608749225914	0.228118841142772	0.63673110140336	0.995401867708661	222	0.992372133480371	Cycling / proliferating CAR T cells	0.989795918367347	41BB-L vs STOP	condition_miloX41BB.L - condition_miloSTOP
0.274603061403669	11.4354636791688	0.118968709257518	0.732803818645464	0.995401867708661	223	0.992372133480371	Treg	0.991071428571429	41BB-L vs STOP	condition_miloX41BB.L - condition_miloSTOP
0.0555044199017092	11.2679560903421	0.00401161649425926	0.94996022052286	0.997679356348532	224	0.997679356348532	IFN-responsive T cells	1	41BB-L vs STOP	condition_miloX41BB.L - condition_miloSTOP
-0.193305903036725	11.0821802929065	0.044953090133335	0.833668200118446	0.995401867708661	225	0.992372133480371	Activated CD4 effector / helper-like T cells	0.986842105263158	41BB-L vs STOP	condition_miloX41BB.L - condition_miloSTOP
0.535114473149525	11.4940228869458	0.355310206735476	0.55604190219677	0.995401867708661	226	0.992372133480371	Quiescent T cells	0.818181818181818	41BB-L vs STOP	condition_miloX41BB.L - condition_miloSTOP
-0.424542324996497	11.2237498693473	0.190881102133757	0.665626947822789	0.995401867708661	227	0.992372133480371	IFN-responsive T cells	0.779069767441861	41BB-L vs STOP	condition_miloX41BB.L - condition_miloSTOP
-0.903046868347183	11.050249377955	0.906194622341247	0.349494046163552	0.995401867708661	228	0.992372133480371	Quiescent T cells	0.918918918918919	41BB-L vs STOP	condition_miloX41BB.L - condition_miloSTOP
-2.29128354902948	10.5454636896599	1.2141205023446	0.280518377557996	0.995401867708661	229	0.992372133480371	Activated CD4 effector / helper-like T cells	1	41BB-L vs STOP	condition_miloX41BB.L - condition_miloSTOP
-0.196148244108859	11.5196790182346	0.0588874797352702	0.81008029027903	0.995401867708661	230	0.992372133480371	IFN-responsive T cells	1	41BB-L vs STOP	condition_miloX41BB.L - condition_miloSTOP
0.365059023121095	11.2154611601329	0.16325407245578	0.689331665610851	0.995401867708661	231	0.992372133480371	NK-like cytotoxic lymphocytes	1	41BB-L vs STOP	condition_miloX41BB.L - condition_miloSTOP
-0.325903582428242	11.7339150960875	0.194012837164578	0.663071955541927	0.995401867708661	232	0.992372133480371	Terminally differentiated cytotoxic T cells	1	41BB-L vs STOP	condition_miloX41BB.L - condition_miloSTOP
-0.645175070882206	10.9652758676356	0.492273758003419	0.488864210719021	0.995401867708661	233	0.992372133480371	Quiescent T cells	0.575342465753425	41BB-L vs STOP	condition_miloX41BB.L - condition_miloSTOP
-0.0159929037386845	10.3311657814908	0.000121717263186145	0.991280895597431	0.997679356348532	234	0.997679356348532	Cycling / proliferating CAR T cells	1	41BB-L vs STOP	condition_miloX41BB.L - condition_miloSTOP
0.265217053043699	11.1559939105124	0.0969590897102168	0.757879588244946	0.995401867708661	235	0.992372133480371	Quiescent T cells	0.833333333333333	41BB-L vs STOP	condition_miloX41BB.L - condition_miloSTOP
-2.8326482110738	10.7788426343845	4.53736801838151	0.0423384940954135	0.703735274175038	236	0.897886914672611	Quiescent T cells	1	41BB-L vs STOP	condition_miloX41BB.L - condition_miloSTOP
0.335124015435354	11.5064484260913	0.186023306316602	0.669640214299616	0.995401867708661	237	0.992372133480371	Terminally differentiated cytotoxic T cells	0.909836065573771	41BB-L vs STOP	condition_miloX41BB.L - condition_miloSTOP
0.00730541796949104	11.2680240344511	6.48404736455634e-05	0.993633879772038	0.997679356348532	238	0.997679356348532	Naïve / central-memory T cells	0.96551724137931	41BB-L vs STOP	condition_miloX41BB.L - condition_miloSTOP
1.23916165255667	10.9900306319967	1.797833407756	0.191045568187367	0.915701171656688	239	0.975370481874457	Quiescent T cells	0.671232876712329	41BB-L vs STOP	condition_miloX41BB.L - condition_miloSTOP
-1.71863737488402	11.0540850353982	3.83438567346264	0.0609185656573967	0.769789147852558	240	0.935016252575002	Activated CD4 effector / helper-like T cells	1	41BB-L vs STOP	condition_miloX41BB.L - condition_miloSTOP
-0.601739632386996	11.0149302077887	0.394576778136324	0.535132999617447	0.995401867708661	241	0.992372133480371	Cycling / proliferating CAR T cells	0.975	41BB-L vs STOP	condition_miloX41BB.L - condition_miloSTOP
-0.588728878078064	10.9857187563206	0.329303027882979	0.570776342701993	0.995401867708661	242	0.992372133480371	Quiescent T cells	0.417721518987342	41BB-L vs STOP	condition_miloX41BB.L - condition_miloSTOP
-1.3524118152857	11.4895589240076	2.63352701120437	0.116143064104587	0.871881816478966	243	0.935016252575002	Quiescent T cells	0.456310679611651	41BB-L vs STOP	condition_miloX41BB.L - condition_miloSTOP
0.350415106697805	11.2983527091453	0.12335019888929	0.728129970326071	0.995401867708661	244	0.992372133480371	NK-like cytotoxic lymphocytes	1	41BB-L vs STOP	condition_miloX41BB.L - condition_miloSTOP
-4.5609048169623	10.4765927222532	2.79374745472783	0.107489421550508	0.871881816478966	245	0.935016252575002	Activated CD4 effector / helper-like T cells	1	41BB-L vs STOP	condition_miloX41BB.L - condition_miloSTOP
-2.31331301669419	10.6411715249325	3.1785976004482	0.0857536961731317	0.81564063516474	246	0.935016252575002	Th2-like inflammatory T cells	0.822222222222222	41BB-L vs STOP	condition_miloX41BB.L - condition_miloSTOP
1.46113299048782	11.1820318096534	2.01275747549467	0.167318496100142	0.894510421458451	247	0.950378788852777	Quiescent T cells	0.987012987012987	41BB-L vs STOP	condition_miloX41BB.L - condition_miloSTOP
0.628687535070126	11.0073412955841	0.517969626132548	0.477836826525785	0.995401867708661	248	0.992372133480371	Quiescent T cells	0.851351351351351	41BB-L vs STOP	condition_miloX41BB.L - condition_miloSTOP
-0.102252164007036	11.2265257043382	0.0115310308068005	0.915272146386523	0.995401867708661	249	0.997679356348532	Quiescent T cells	0.71264367816092	41BB-L vs STOP	condition_miloX41BB.L - condition_miloSTOP
-2.06167808673806	11.2951145965593	4.92126728451548	0.0350453511504027	0.671903973780135	250	0.873921432206625	Activated effector CD8 T cells (stress)	1	41BB-L vs STOP	condition_miloX41BB.L - condition_miloSTOP
-0.585420665251645	11.1505444999631	0.466436429334311	0.500396854083138	0.995401867708661	251	0.992372133480371	Activated effector CD8 T cells (stress)	0.988372093023256	41BB-L vs STOP	condition_miloX41BB.L - condition_miloSTOP
0.539676416692682	10.6695548544126	0.134153337056278	0.717099575368186	0.995401867708661	252	0.992372133480371	Activated effector CD8 T cells (stress)	1	41BB-L vs STOP	condition_miloX41BB.L - condition_miloSTOP
0.635065911791275	10.7541567841193	0.177464616458198	0.676865591415126	0.995401867708661	253	0.992372133480371	γδ / Th17-like T cells	0.982456140350877	41BB-L vs STOP	condition_miloX41BB.L - condition_miloSTOP
-0.120044384328401	11.0410677857621	0.0138616251438028	0.907140854197498	0.995401867708661	254	0.997679356348532	γδ T cells	0.577464788732394	41BB-L vs STOP	condition_miloX41BB.L - condition_miloSTOP
0.357327766247763	10.925225715702	0.120438536061452	0.731225287406815	0.995401867708661	255	0.992372133480371	Treg	0.985507246376812	41BB-L vs STOP	condition_miloX41BB.L - condition_miloSTOP
0.899271824867943	11.401531118854	0.635081052679492	0.432386682694899	0.995401867708661	256	0.992372133480371	γδ / Th17-like T cells	1	41BB-L vs STOP	condition_miloX41BB.L - condition_miloSTOP
4.61691251193912	10.7132196193878	3.3384710596478	0.0790689075218751	0.81564063516474	257	0.935016252575002	Terminally differentiated cytotoxic T cells	0.984848484848485	41BB-L vs STOP	condition_miloX41BB.L - condition_miloSTOP
-0.921949960397602	11.773426244214	1.60076659607645	0.216910885011039	0.971367771663822	258	0.992372133480371	Activated effector CD8 T cells (stress)	1	41BB-L vs STOP	condition_miloX41BB.L - condition_miloSTOP
0.192702416079219	11.3890863314302	0.0393155186465928	0.844296739838237	0.995401867708661	259	0.992372133480371	Antigen-presenting myeloid cells	1	41BB-L vs STOP	condition_miloX41BB.L - condition_miloSTOP
-2.88886062074587	11.3573565211843	9.45701820252972	0.00474461885132932	0.62722110294254	260	0.817884360766214	Quiescent T cells	0.483870967741935	41BB-L vs STOP	condition_miloX41BB.L - condition_miloSTOP
-0.692201395546822	11.1940573354953	0.653160364432078	0.425984512510141	0.995401867708661	261	0.992372133480371	Quiescent T cells	0.835294117647059	41BB-L vs STOP	condition_miloX41BB.L - condition_miloSTOP
-0.79896866080364	11.0885811253549	0.595599711262608	0.446903307128906	0.995401867708661	262	0.992372133480371	Activated effector CD8 T cells (stress)	0.928571428571429	41BB-L vs STOP	condition_miloX41BB.L - condition_miloSTOP
1.00129484359377	11.2561029018366	1.17913997633998	0.287044152184802	0.995401867708661	263	0.992372133480371	IFN-responsive T cells	1	41BB-L vs STOP	condition_miloX41BB.L - condition_miloSTOP
0.717406035078152	11.1073771712418	0.572841470601654	0.455626607398185	0.995401867708661	264	0.992372133480371	Activated effector CD8 T cells (stress)	0.6875	41BB-L vs STOP	condition_miloX41BB.L - condition_miloSTOP
-0.00434653281454177	11.0026015700834	9.92946585493263e-06	0.997508741401047	0.997679356348532	265	0.997679356348532	Activated CD4 effector / helper-like T cells	0.880597014925373	41BB-L vs STOP	condition_miloX41BB.L - condition_miloSTOP
-0.0392646497100688	10.6416874513692	0.00105104363252499	0.974373569183035	0.997679356348532	266	0.997679356348532	Activated CD4 effector / helper-like T cells	0.943396226415094	41BB-L vs STOP	condition_miloX41BB.L - condition_miloSTOP
2.1765111860892	11.6807704967186	5.11907488578029	0.0318407626997927	0.644466582720174	267	0.832481218696121	NK-like cytotoxic lymphocytes	1	41BB-L vs STOP	condition_miloX41BB.L - condition_miloSTOP
-0.303127518179878	10.5109286590701	0.0432711788000975	0.836821016184868	0.995401867708661	268	0.992372133480371	Activated CD4 effector / helper-like T cells	1	41BB-L vs STOP	condition_miloX41BB.L - condition_miloSTOP
0.593459468439102	10.8709230078974	0.280841510669572	0.600442000095072	0.995401867708661	269	0.992372133480371	Antigen-presenting myeloid cells	0.912280701754386	41BB-L vs STOP	condition_miloX41BB.L - condition_miloSTOP
0.908907506762499	11.1267779327552	0.867594992322928	0.359801419620229	0.995401867708661	270	0.992372133480371	Treg	1	41BB-L vs STOP	condition_miloX41BB.L - condition_miloSTOP
0.284054513315158	11.4437564997722	0.125302251786552	0.72607778623853	0.995401867708661	271	0.992372133480371	IFN-responsive T cells	1	41BB-L vs STOP	condition_miloX41BB.L - condition_miloSTOP
0.940476306701996	11.7331539026702	1.24689080916905	0.27389673520641	0.995401867708661	272	0.992372133480371	Treg	1	41BB-L vs STOP	condition_miloX41BB.L - condition_miloSTOP
-0.745262908546286	11.4172417947647	0.812624258685939	0.375244378053758	0.995401867708661	273	0.992372133480371	Activated effector CD8 T cells (stress)	0.990196078431373	41BB-L vs STOP	condition_miloX41BB.L - condition_miloSTOP
-0.491859830007353	11.5715190283604	0.409450712056115	0.527592186634111	0.995401867708661	274	0.992372133480371	Treg	1	41BB-L vs STOP	condition_miloX41BB.L - condition_miloSTOP
-1.15741450072416	11.4690648398542	2.10553837665578	0.158182077329012	0.889665214527806	275	0.938052704229487	Quiescent T cells	1	41BB-L vs STOP	condition_miloX41BB.L - condition_miloSTOP
1.4574818847812	10.7388122521251	0.690674165134682	0.413158143996951	0.995401867708661	276	0.992372133480371	Antigen-presenting myeloid cells	1	41BB-L vs STOP	condition_miloX41BB.L - condition_miloSTOP
0.356265406402147	11.169740721858	0.166974500819537	0.686008306417756	0.995401867708661	277	0.992372133480371	Cycling / proliferating CAR T cells	1	41BB-L vs STOP	condition_miloX41BB.L - condition_miloSTOP
0.693509511351975	11.213638882032	0.417910298813846	0.523389523319586	0.995401867708661	278	0.992372133480371	Terminally differentiated cytotoxic T cells	0.99	41BB-L vs STOP	condition_miloX41BB.L - condition_miloSTOP
0.217381650733409	10.8228318000481	0.035794909371579	0.851341778715856	0.995401867708661	279	0.992372133480371	Cycling / proliferating CAR T cells	1	41BB-L vs STOP	condition_miloX41BB.L - condition_miloSTOP
2.60484477169979	11.0977301315902	5.07948825779546	0.0324551516477786	0.644466582720174	280	0.832481218696121	Quiescent T cells	0.384615384615385	41BB-L vs STOP	condition_miloX41BB.L - condition_miloSTOP
0.585421666531839	10.948659538045	0.385759872980821	0.539697736043682	0.995401867708661	281	0.992372133480371	Antigen-presenting myeloid cells	0.746835443037975	41BB-L vs STOP	condition_miloX41BB.L - condition_miloSTOP
-0.607027423692483	11.5447472346912	0.592369712528818	0.448125002782461	0.995401867708661	282	0.992372133480371	Activated effector CD8 T cells (stress)	1	41BB-L vs STOP	condition_miloX41BB.L - condition_miloSTOP
1.79210428089718	11.2852777514646	2.65493036044776	0.11473655114577	0.871881816478966	283	0.935016252575002	Treg	1	41BB-L vs STOP	condition_miloX41BB.L - condition_miloSTOP
0.329949800986931	11.4210614593889	0.181114303258672	0.673759726930628	0.995401867708661	284	0.992372133480371	Treg	1	41BB-L vs STOP	condition_miloX41BB.L - condition_miloSTOP
1.6953692970732	11.4457750263089	3.69239612553164	0.0651770767053861	0.793472606929639	285	0.935016252575002	NK-like cytotoxic lymphocytes	1	41BB-L vs STOP	condition_miloX41BB.L - condition_miloSTOP
2.66316260723144	10.6707174151029	2.23553544435811	0.146361718085102	0.871881816478966	286	0.935016252575002	Antigen-presenting myeloid cells	1	41BB-L vs STOP	condition_miloX41BB.L - condition_miloSTOP
0.259874332111667	10.5764143733077	0.0360854814803158	0.850747067875552	0.995401867708661	287	0.992372133480371	Quiescent T cells	0.693877551020408	41BB-L vs STOP	condition_miloX41BB.L - condition_miloSTOP
-1.69758474868262	10.8076943731269	3.21379165893568	0.0845527520775073	0.81564063516474	288	0.935016252575002	Activated CD4 effector / helper-like T cells	0.949152542372881	41BB-L vs STOP	condition_miloX41BB.L - condition_miloSTOP
-0.102305934470759	11.9166713074665	0.0223764549668305	0.882191625957545	0.995401867708661	289	0.992372133480371	Activated effector CD8 T cells (stress)	1	41BB-L vs STOP	condition_miloX41BB.L - condition_miloSTOP
5.26563600595996	10.8909577071824	6.02320755931868	0.021057914949904	0.62722110294254	290	0.817884360766214	Terminally differentiated cytotoxic T cells	0.922077922077922	41BB-L vs STOP	condition_miloX41BB.L - condition_miloSTOP
0.634672356050012	10.8192616123007	0.323780167525823	0.574005235034029	0.995401867708661	291	0.992372133480371	Terminally differentiated cytotoxic T cells	0.741935483870968	41BB-L vs STOP	condition_miloX41BB.L - condition_miloSTOP
-1.06548027209487	11.0568087754965	1.14425559289055	0.294138994337493	0.995401867708661	292	0.992372133480371	Th2-like inflammatory T cells	0.967741935483871	41BB-L vs STOP	condition_miloX41BB.L - condition_miloSTOP
0.346379492568059	11.5810123189724	0.150986482837665	0.700613858832929	0.995401867708661	293	0.992372133480371	γδ T cells	0.814516129032258	41BB-L vs STOP	condition_miloX41BB.L - condition_miloSTOP
-2.27343213065098	11.4122354639439	7.0721493935356	0.0129529885667185	0.62722110294254	294	0.817884360766214	Terminally differentiated cytotoxic T cells	0.81	41BB-L vs STOP	condition_miloX41BB.L - condition_miloSTOP
0.488107914425575	10.9785914345636	0.299703221957526	0.588524750656565	0.995401867708661	295	0.992372133480371	Treg	1	41BB-L vs STOP	condition_miloX41BB.L - condition_miloSTOP
2.7469132700965	11.5907563496841	9.54495757871579	0.00457965792481171	0.62722110294254	296	0.817884360766214	Treg	0.983606557377049	41BB-L vs STOP	condition_miloX41BB.L - condition_miloSTOP
0.193807262084401	11.4225364633642	0.0517774957542387	0.821697311987914	0.995401867708661	297	0.992372133480371	Treg	1	41BB-L vs STOP	condition_miloX41BB.L - condition_miloSTOP
0.192266680504674	11.4401771354222	0.0471278103746631	0.829755867116923	0.995401867708661	298	0.992372133480371	γδ T cells	0.539130434782609	41BB-L vs STOP	condition_miloX41BB.L - condition_miloSTOP
0.110522112520492	10.7389137389328	0.010903893337539	0.917628469620912	0.995401867708661	299	0.997679356348532	Treg	0.946428571428571	41BB-L vs STOP	condition_miloX41BB.L - condition_miloSTOP
0.244745185486916	11.3227495042653	0.0838925838343717	0.774282453400209	0.995401867708661	300	0.992372133480371	IFN-responsive T cells	1	41BB-L vs STOP	condition_miloX41BB.L - condition_miloSTOP
0.371408174788117	11.6957537945389	0.248436950719318	0.622177247014606	0.995401867708661	301	0.992372133480371	NK-like cytotoxic lymphocytes	1	41BB-L vs STOP	condition_miloX41BB.L - condition_miloSTOP
-1.13929120665961	11.590808361227	2.34320477359387	0.137358031910907	0.871881816478966	302	0.935016252575002	Quiescent T cells	0.857142857142857	41BB-L vs STOP	condition_miloX41BB.L - condition_miloSTOP
-0.313494978008791	11.1387727221706	0.127077475418344	0.724227117829372	0.995401867708661	303	0.992372133480371	Activated CD4 effector / helper-like T cells	0.924050632911392	41BB-L vs STOP	condition_miloX41BB.L - condition_miloSTOP
-1.95854646397615	11.0479374485836	4.11294311601163	0.0524354311375215	0.703735274175038	304	0.897886914672611	Antigen-presenting myeloid cells	0.96551724137931	41BB-L vs STOP	condition_miloX41BB.L - condition_miloSTOP
0.886318528015465	10.5323474325646	0.263729932508626	0.611864883134491	0.995401867708661	305	0.992372133480371	Cycling / proliferating CAR T cells	0.981132075471698	41BB-L vs STOP	condition_miloX41BB.L - condition_miloSTOP
0.169321613030197	11.3280565121852	0.0235798547666699	0.879090308393783	0.995401867708661	306	0.992372133480371	Quiescent T cells	0.908163265306122	41BB-L vs STOP	condition_miloX41BB.L - condition_miloSTOP
-0.861904080424233	11.4930816259077	1.05129299570415	0.314225751713452	0.995401867708661	307	0.992372133480371	Quiescent T cells	0.956896551724138	41BB-L vs STOP	condition_miloX41BB.L - condition_miloSTOP
1.49181735687395	11.389341414378	2.21149231589059	0.148466611797531	0.871881816478966	308	0.935016252575002	Treg	1	41BB-L vs STOP	condition_miloX41BB.L - condition_miloSTOP
1.35989883376442	11.6831220440355	2.43228228414558	0.130399418936329	0.871881816478966	309	0.935016252575002	NK-like cytotoxic lymphocytes	1	41BB-L vs STOP	condition_miloX41BB.L - condition_miloSTOP
-1.83031776743679	10.9961304292147	2.34140970061528	0.137502688357789	0.871881816478966	310	0.935016252575002	Quiescent T cells	0.988095238095238	41BB-L vs STOP	condition_miloX41BB.L - condition_miloSTOP
0.762458140611564	11.7956106284954	0.554318403557303	0.463349918016475	0.995401867708661	311	0.992372133480371	Quiescent T cells	0.540740740740741	41BB-L vs STOP	condition_miloX41BB.L - condition_miloSTOP
-0.514271579143936	10.8787900931843	0.25254833879289	0.619323669417875	0.995401867708661	312	0.992372133480371	Quiescent T cells	0.882352941176471	41BB-L vs STOP	condition_miloX41BB.L - condition_miloSTOP
1.01049786750775	11.6750544751535	1.06922527692147	0.310210530949346	0.995401867708661	313	0.992372133480371	Quiescent T cells	0.826446280991736	41BB-L vs STOP	condition_miloX41BB.L - condition_miloSTOP
0.105764317633598	11.2877945555532	0.0126032040877627	0.911436999090286	0.995401867708661	314	0.997679356348532	Cycling / proliferating CAR T cells	1	41BB-L vs STOP	condition_miloX41BB.L - condition_miloSTOP
-0.552732487376034	11.1244355669474	0.326010827285005	0.572696709100095	0.995401867708661	315	0.992372133480371	Naïve / central-memory T cells	0.975	41BB-L vs STOP	condition_miloX41BB.L - condition_miloSTOP
0.0134691911231993	11.466711897241	0.000285767497596897	0.986635842499831	0.997679356348532	316	0.997679356348532	Treg	1	41BB-L vs STOP	condition_miloX41BB.L - condition_miloSTOP
0.433037208367391	11.2719637073562	0.222607654793087	0.640816321616952	0.995401867708661	317	0.992372133480371	Treg	0.989690721649485	41BB-L vs STOP	condition_miloX41BB.L - condition_miloSTOP
-0.251167480501589	11.0222217046823	0.0876437449587897	0.769438729362329	0.995401867708661	318	0.992372133480371	NK-like cytotoxic lymphocytes	1	41BB-L vs STOP	condition_miloX41BB.L - condition_miloSTOP
-1.20516547095995	11.1833005878613	1.80617380870815	0.190051476793333	0.915701171656688	319	0.975370481874457	Activated effector CD8 T cells (stress)	0.910112359550562	41BB-L vs STOP	condition_miloX41BB.L - condition_miloSTOP
0.429604392246281	11.558993463868	0.305047956577822	0.585237067238265	0.995401867708661	320	0.992372133480371	Treg	1	41BB-L vs STOP	condition_miloX41BB.L - condition_miloSTOP
-0.112660998917121	11.1169823578382	0.0135003343037585	0.908353280892754	0.995401867708661	321	0.997679356348532	γδ / Th17-like T cells	1	41BB-L vs STOP	condition_miloX41BB.L - condition_miloSTOP
0.0258139948412909	10.9606475334536	0.000742496764652034	0.978459876814605	0.997679356348532	322	0.997679356348532	Quiescent T cells	0.928571428571429	41BB-L vs STOP	condition_miloX41BB.L - condition_miloSTOP
0.211403069446366	11.1935021552925	0.0594964863901709	0.809120650812363	0.995401867708661	323	0.992372133480371	Cycling / proliferating CAR T cells	0.98936170212766	41BB-L vs STOP	condition_miloX41BB.L - condition_miloSTOP
1.36652846660081	11.5511525021234	1.9508203385899	0.173771189880699	0.902960575454848	324	0.950378788852777	IFN-responsive T cells	0.983606557377049	41BB-L vs STOP	condition_miloX41BB.L - condition_miloSTOP
-0.594136823961567	10.5376622078145	0.0822309017596836	0.776547912378437	0.995401867708661	325	0.992372133480371	Antigen-presenting myeloid cells	1	41BB-L vs STOP	condition_miloX41BB.L - condition_miloSTOP
-1.37817072541212	10.8305439550051	1.20964053271201	0.28102505872247	0.995401867708661	326	0.992372133480371	γδ T cells	0.985915492957746	41BB-L vs STOP	condition_miloX41BB.L - condition_miloSTOP
0.305821607063558	11.279308321803	0.11999408437647	0.731701462409005	0.995401867708661	327	0.992372133480371	Cycling / proliferating CAR T cells	1	41BB-L vs STOP	condition_miloX41BB.L - condition_miloSTOP
-1.13173686439037	11.5132966304156	1.88480050372269	0.180982918095591	0.911606231809264	328	0.960798840855577	Naïve / central-memory T cells	1	41BB-L vs STOP	condition_miloX41BB.L - condition_miloSTOP
1.81722505419643	11.7387467659925	3.61355587455886	0.0679357121557638	0.803665020395844	329	0.935016252575002	Treg	1	41BB-L vs STOP	condition_miloX41BB.L - condition_miloSTOP
2.26776955740913	11.0233854893319	4.20565147499758	0.0500188730796631	0.703735274175038	330	0.897886914672611	Treg	1	41BB-L vs STOP	condition_miloX41BB.L - condition_miloSTOP
1.7097357274223	10.6842045683249	1.66764956997059	0.207420885662028	0.937609857138923	331	0.992372133480371	Treg	0.803571428571429	41BB-L vs STOP	condition_miloX41BB.L - condition_miloSTOP
-0.517974038920604	10.3287291602263	0.0385776745411384	0.845800404872684	0.995401867708661	332	0.992372133480371	Cycling / proliferating CAR T cells	1	41BB-L vs STOP	condition_miloX41BB.L - condition_miloSTOP
0.100021810066837	11.5058447055418	0.0153778993466558	0.902219421285835	0.995401867708661	333	0.997679356348532	Treg	1	41BB-L vs STOP	condition_miloX41BB.L - condition_miloSTOP
-0.927956510954002	11.5690484508957	1.44998488575693	0.238885903276139	0.995401867708661	334	0.992372133480371	Quiescent T cells	0.952830188679245	41BB-L vs STOP	condition_miloX41BB.L - condition_miloSTOP
-0.19555861168528	11.0187783268777	0.046563775284952	0.830761322482874	0.995401867708661	335	0.992372133480371	Activated effector CD8 T cells (stress)	0.514705882352941	41BB-L vs STOP	condition_miloX41BB.L - condition_miloSTOP
0.499175749307032	11.1529126506753	0.312674644101934	0.580610566596703	0.995401867708661	336	0.992372133480371	NK-like cytotoxic lymphocytes	1	41BB-L vs STOP	condition_miloX41BB.L - condition_miloSTOP
-1.99197952190882	11.4256181661426	6.14954383301901	0.0196132057321614	0.62722110294254	337	0.817884360766214	Activated CD4 effector / helper-like T cells	0.915094339622642	41BB-L vs STOP	condition_miloX41BB.L - condition_miloSTOP
2.29032265637393	10.6215556885426	1.53182893085936	0.226794781417697	0.992896838332596	338	0.992372133480371	Antigen-presenting myeloid cells	1	41BB-L vs STOP	condition_miloX41BB.L - condition_miloSTOP
-0.617566104986657	10.626499402043	0.184479643954679	0.670928574278349	0.995401867708661	339	0.992372133480371	Quiescent T cells	0.511627906976744	41BB-L vs STOP	condition_miloX41BB.L - condition_miloSTOP
-1.44604385866221	11.0013226334298	2.38016095384143	0.134419347154294	0.871881816478966	340	0.935016252575002	Th2-like inflammatory T cells	0.967741935483871	41BB-L vs STOP	condition_miloX41BB.L - condition_miloSTOP
1.11467040080015	11.7461559281622	1.87580540109917	0.18199333045113	0.911606231809264	341	0.961884323634221	Treg	1	41BB-L vs STOP	condition_miloX41BB.L - condition_miloSTOP
-2.10378309360387	10.2950951958516	0.809698313519176	0.376390574510683	0.995401867708661	342	0.992372133480371	Terminally differentiated cytotoxic T cells	1	41BB-L vs STOP	condition_miloX41BB.L - condition_miloSTOP
1.9274973964993	10.75906740111	1.92066800441057	0.177020939264399	0.902969194779869	343	0.950378788852777	Treg	0.803571428571429	41BB-L vs STOP	condition_miloX41BB.L - condition_miloSTOP
-0.560429361264188	11.6298705957991	0.407446824523931	0.52879826837567	0.995401867708661	344	0.992372133480371	Activated effector CD8 T cells (stress)	1	41BB-L vs STOP	condition_miloX41BB.L - condition_miloSTOP
-0.0111754991336013	11.002837092149	0.000137834349422869	0.990718354009574	0.997679356348532	345	0.997679356348532	γδ T cells	0.455882352941176	41BB-L vs STOP	condition_miloX41BB.L - condition_miloSTOP
-0.927914314646065	11.3626954668901	0.979852252007436	0.330943974015721	0.995401867708661	346	0.992372133480371	γδ T cells	0.5	41BB-L vs STOP	condition_miloX41BB.L - condition_miloSTOP
-1.939661987277	10.8214179451475	2.63386800155379	0.116556794174917	0.871881816478966	347	0.935016252575002	Quiescent T cells	0.940298507462687	41BB-L vs STOP	condition_miloX41BB.L - condition_miloSTOP
0.802244995326633	10.8924168639273	0.596496553184907	0.446565033303099	0.995401867708661	348	0.992372133480371	Treg	0.619718309859155	41BB-L vs STOP	condition_miloX41BB.L - condition_miloSTOP
0.0529801299183458	11.1932421168414	0.00273462720111015	0.958676174457178	0.997679356348532	349	0.997679356348532	Treg	1	41BB-L vs STOP	condition_miloX41BB.L - condition_miloSTOP
-0.972451177688184	10.9781739759965	0.902053380144557	0.350579758283919	0.995401867708661	350	0.992372133480371	Activated CD4 effector / helper-like T cells	0.837837837837838	41BB-L vs STOP	condition_miloX41BB.L - condition_miloSTOP
-0.664298907731522	11.0512829674311	0.439357971326863	0.513000653814146	0.995401867708661	351	0.992372133480371	Activated CD4 effector / helper-like T cells	0.866666666666667	41BB-L vs STOP	condition_miloX41BB.L - condition_miloSTOP
0.199339869954695	10.9315587001159	0.0525971778742621	0.82031674966103	0.995401867708661	352	0.992372133480371	Treg	0.942028985507246	41BB-L vs STOP	condition_miloX41BB.L - condition_miloSTOP
-0.707892344443044	11.6801992301723	0.766580290632069	0.38892956648662	0.995401867708661	353	0.992372133480371	Naïve / central-memory T cells	1	41BB-L vs STOP	condition_miloX41BB.L - condition_miloSTOP
0.647777475276165	11.5431490021723	0.635155277573295	0.432360092933479	0.995401867708661	354	0.992372133480371	Treg	1	41BB-L vs STOP	condition_miloX41BB.L - condition_miloSTOP
-1.0928277276449	10.9206456033196	1.5166268009415	0.228653233890591	0.993212484712256	355	0.992372133480371	Cycling / proliferating CAR T cells	0.915492957746479	41BB-L vs STOP	condition_miloX41BB.L - condition_miloSTOP
-0.0084627133364474	11.4317022536228	8.58471311734235e-05	0.992674908331666	0.997679356348532	356	0.997679356348532	Quiescent T cells	0.872549019607843	41BB-L vs STOP	condition_miloX41BB.L - condition_miloSTOP
0.548462723940238	11.0598651534743	0.371333031748503	0.54732614159313	0.995401867708661	357	0.992372133480371	Cycling / proliferating CAR T cells	1	41BB-L vs STOP	condition_miloX41BB.L - condition_miloSTOP
-0.787970491349408	11.3888045297506	0.536163077634416	0.470278693539534	0.995401867708661	358	0.992372133480371	Quiescent T cells	0.779069767441861	41BB-L vs STOP	condition_miloX41BB.L - condition_miloSTOP
2.31497049297343	11.5055977902791	5.37229962670105	0.0282023877222365	0.62722110294254	359	0.818327213068195	Treg	0.991379310344828	41BB-L vs STOP	condition_miloX41BB.L - condition_miloSTOP
-0.146685546233295	11.1499599223977	0.0256542782646887	0.87392894072316	0.995401867708661	360	0.992372133480371	Quiescent T cells	0.711111111111111	41BB-L vs STOP	condition_miloX41BB.L - condition_miloSTOP
-1.42196439650575	11.0869486474932	2.74887342795257	0.108792314985603	0.871881816478966	361	0.935016252575002	Activated effector CD8 T cells (stress)	0.558441558441558	41BB-L vs STOP	condition_miloX41BB.L - condition_miloSTOP
2.47535675641225	10.7087139782823	2.19650556152033	0.149796821655257	0.871881816478966	362	0.935016252575002	Antigen-presenting myeloid cells	1	41BB-L vs STOP	condition_miloX41BB.L - condition_miloSTOP
0.254843882548713	11.5453523814989	0.0732881571293603	0.788648066457501	0.995401867708661	363	0.992372133480371	Naïve / central-memory T cells	0.845528455284553	41BB-L vs STOP	condition_miloX41BB.L - condition_miloSTOP
-1.39615606773264	11.0231047157207	2.1618702254951	0.15335813084989	0.879042481984934	364	0.935016252575002	Activated CD4 effector / helper-like T cells	0.957746478873239	41BB-L vs STOP	condition_miloX41BB.L - condition_miloSTOP
0.0228683020922687	11.8551982511114	0.000965954585327258	0.975432413809175	0.997679356348532	365	0.997679356348532	Quiescent T cells	0.993377483443709	41BB-L vs STOP	condition_miloX41BB.L - condition_miloSTOP
-0.298423923142733	10.9331960585758	0.106187225761874	0.747016625478441	0.995401867708661	366	0.992372133480371	Treg	0.590909090909091	41BB-L vs STOP	condition_miloX41BB.L - condition_miloSTOP
2.25069036075284	11.3505430053407	4.49099020241484	0.0433285135283572	0.703735274175038	367	0.897886914672611	Treg	1	41BB-L vs STOP	condition_miloX41BB.L - condition_miloSTOP
0.154261736362886	11.3557952201855	0.0327380844726364	0.857756295187331	0.995401867708661	368	0.992372133480371	Treg	1	41BB-L vs STOP	condition_miloX41BB.L - condition_miloSTOP
-0.556489523459799	11.3670804964971	0.420869972203527	0.521933494536608	0.995401867708661	369	0.992372133480371	Quiescent T cells	0.885714285714286	41BB-L vs STOP	condition_miloX41BB.L - condition_miloSTOP
1.66714673982115	11.0927768803178	2.30542175778672	0.14044103040992	0.871881816478966	370	0.935016252575002	Quiescent T cells	0.632911392405063	41BB-L vs STOP	condition_miloX41BB.L - condition_miloSTOP
-0.961270943522627	10.8074697613875	0.75365331333064	0.392903484156856	0.995401867708661	371	0.992372133480371	Cycling / proliferating CAR T cells	1	41BB-L vs STOP	condition_miloX41BB.L - condition_miloSTOP
-0.0524945317634909	10.8790176976639	0.0028077386979124	0.958127941231286	0.997679356348532	372	0.997679356348532	Activated effector CD8 T cells (stress)	0.779411764705882	41BB-L vs STOP	condition_miloX41BB.L - condition_miloSTOP
-1.51228605796466	11.5521780757554	3.16158567357037	0.0865517940192799	0.81564063516474	373	0.935016252575002	Naïve / central-memory T cells	0.991071428571429	41BB-L vs STOP	condition_miloX41BB.L - condition_miloSTOP
1.09463841098521	10.9199941585134	1.32454544314736	0.259777007861838	0.995401867708661	374	0.992372133480371	Treg	1	41BB-L vs STOP	condition_miloX41BB.L - condition_miloSTOP
-0.699950729371495	11.4347891309977	0.632336597181503	0.4333716320169	0.995401867708661	375	0.992372133480371	Quiescent T cells	0.716981132075472	41BB-L vs STOP	condition_miloX41BB.L - condition_miloSTOP
0.664758509391437	10.9532617336378	0.514544339178058	0.479282469256655	0.995401867708661	376	0.992372133480371	NK-like cytotoxic lymphocytes	1	41BB-L vs STOP	condition_miloX41BB.L - condition_miloSTOP
0.208992973496633	10.883131043645	0.0339302047282635	0.855219295974258	0.995401867708661	377	0.992372133480371	Activated CD4 effector / helper-like T cells	1	41BB-L vs STOP	condition_miloX41BB.L - condition_miloSTOP
0.845618616615187	11.1357351645715	0.675527419514836	0.418264762105947	0.995401867708661	378	0.992372133480371	NK-like cytotoxic lymphocytes	1	41BB-L vs STOP	condition_miloX41BB.L - condition_miloSTOP
0.267629832340646	11.4232475857905	0.0952208194382392	0.759988781369005	0.995401867708661	379	0.992372133480371	Activated effector CD8 T cells (stress)	0.603960396039604	41BB-L vs STOP	condition_miloX41BB.L - condition_miloSTOP
0.175015725766189	10.9927354284425	0.0369672780494031	0.848957357910548	0.995401867708661	380	0.992372133480371	Quiescent T cells	0.802816901408451	41BB-L vs STOP	condition_miloX41BB.L - condition_miloSTOP
0.75543494349703	10.9165942283733	0.434405199273742	0.515575911090568	0.995401867708661	381	0.992372133480371	Terminally differentiated cytotoxic T cells	0.960526315789474	41BB-L vs STOP	condition_miloX41BB.L - condition_miloSTOP
-0.237099008266204	11.6866311276952	0.0660054959928777	0.79917406715277	0.995401867708661	382	0.992372133480371	Quiescent T cells	0.767441860465116	41BB-L vs STOP	condition_miloX41BB.L - condition_miloSTOP
-1.57273638392918	10.6248855299482	0.777095349731926	0.385740659121525	0.995401867708661	383	0.992372133480371	Cycling / proliferating CAR T cells	1	41BB-L vs STOP	condition_miloX41BB.L - condition_miloSTOP
0.566185252340897	11.4099170560922	0.2297396661096	0.635792851218162	0.995401867708661	384	0.992372133480371	Quiescent T cells	0.894736842105263	41BB-L vs STOP	condition_miloX41BB.L - condition_miloSTOP
-0.588342467365896	10.8880420065755	0.422513712134006	0.521128005054768	0.995401867708661	385	0.992372133480371	Activated effector CD8 T cells (stress)	0.923076923076923	41BB-L vs STOP	condition_miloX41BB.L - condition_miloSTOP
0.677554031165883	11.4862491400576	0.664310173566284	0.422109108044357	0.995401867708661	386	0.992372133480371	Naïve / central-memory T cells	0.666666666666667	41BB-L vs STOP	condition_miloX41BB.L - condition_miloSTOP
-0.208848099580298	11.0041858186546	0.0502515789781306	0.824298367510218	0.995401867708661	387	0.992372133480371	Activated CD4 effector / helper-like T cells	0.783783783783784	41BB-L vs STOP	condition_miloX41BB.L - condition_miloSTOP
-0.0110818537904119	11.508605692039	0.000174282976825788	0.989563112088232	0.997679356348532	388	0.997679356348532	Treg	0.982300884955752	41BB-L vs STOP	condition_miloX41BB.L - condition_miloSTOP
0.440683382910992	10.7698107893466	0.179773995254469	0.675022021160743	0.995401867708661	389	0.992372133480371	Activated CD4 effector / helper-like T cells	0.7	41BB-L vs STOP	condition_miloX41BB.L - condition_miloSTOP
-1.02161908487163	11.1069437341724	1.0300251270742	0.319079773888643	0.995401867708661	390	0.992372133480371	Activated effector CD8 T cells (stress)	1	41BB-L vs STOP	condition_miloX41BB.L - condition_miloSTOP
0.578012819546735	11.7631302482918	0.513231943741838	0.479838309558955	0.995401867708661	391	0.992372133480371	γδ T cells	1	41BB-L vs STOP	condition_miloX41BB.L - condition_miloSTOP
-0.863376173398039	11.7383226044681	0.939980254769589	0.340810190048785	0.995401867708661	392	0.992372133480371	Naïve / central-memory T cells	1	41BB-L vs STOP	condition_miloX41BB.L - condition_miloSTOP
0.0751355794892576	10.8668434492575	0.00525930402950112	0.942716932503402	0.997679356348532	393	0.997679356348532	Cycling / proliferating CAR T cells	0.971014492753623	41BB-L vs STOP	condition_miloX41BB.L - condition_miloSTOP
-0.436492907922924	11.6921959419111	0.349780125809449	0.559112341253307	0.995401867708661	394	0.992372133480371	Activated effector CD8 T cells (stress)	1	41BB-L vs STOP	condition_miloX41BB.L - condition_miloSTOP
-0.914902081398345	11.0243048709529	0.944901343728059	0.339570567789044	0.995401867708661	395	0.992372133480371	Th2-like inflammatory T cells	1	41BB-L vs STOP	condition_miloX41BB.L - condition_miloSTOP
-0.744046749801895	11.0464537151229	0.691915889996679	0.412743724657292	0.995401867708661	396	0.992372133480371	Activated effector CD8 T cells (stress)	0.970588235294118	41BB-L vs STOP	condition_miloX41BB.L - condition_miloSTOP
-1.08136419060414	10.4799234263642	0.373262242715875	0.546294286043951	0.995401867708661	397	0.992372133480371	Cycling / proliferating CAR T cells	0.957446808510638	41BB-L vs STOP	condition_miloX41BB.L - condition_miloSTOP
0.398039519830388	10.7308638261014	0.120683861647162	0.730962874399254	0.995401867708661	398	0.992372133480371	Activated CD4 effector / helper-like T cells	0.67741935483871	41BB-L vs STOP	condition_miloX41BB.L - condition_miloSTOP
1.14529263953823	11.3918907640929	1.70705132763042	0.202288619933217	0.930787097276301	399	0.985760440103652	Activated effector CD8 T cells (stress)	0.854166666666667	41BB-L vs STOP	condition_miloX41BB.L - condition_miloSTOP
0.453324142896345	11.4459609476134	0.302724400251502	0.586661671853248	0.995401867708661	400	0.992372133480371	Activated effector CD8 T cells (stress)	0.973913043478261	41BB-L vs STOP	condition_miloX41BB.L - condition_miloSTOP
-0.869471177593451	11.1332460806915	0.621192943783516	0.437407268891134	0.995401867708661	401	0.992372133480371	Antigen-presenting myeloid cells	0.815384615384615	41BB-L vs STOP	condition_miloX41BB.L - condition_miloSTOP
0.10831497889976	11.1624782784189	0.0163725808783072	0.899123915073124	0.995401867708661	402	0.997679356348532	Quiescent T cells	0.951807228915663	41BB-L vs STOP	condition_miloX41BB.L - condition_miloSTOP
0.0508634932424982	11.3954613319184	0.00312998884694718	0.95579278087496	0.997679356348532	403	0.997679356348532	Quiescent T cells	0.961165048543689	41BB-L vs STOP	condition_miloX41BB.L - condition_miloSTOP
0.265430307707762	10.9994803962929	0.0948371842637104	0.760457122027276	0.995401867708661	404	0.992372133480371	Treg	0.53030303030303	41BB-L vs STOP	condition_miloX41BB.L - condition_miloSTOP
-0.628829251024992	10.9128935823567	0.476752843316262	0.495736437091542	0.995401867708661	405	0.992372133480371	Quiescent T cells	0.927536231884058	41BB-L vs STOP	condition_miloX41BB.L - condition_miloSTOP
0.622066926398665	10.7117628292161	0.309431129145628	0.582568964431613	0.995401867708661	406	0.992372133480371	Treg	0.981481481481482	41BB-L vs STOP	condition_miloX41BB.L - condition_miloSTOP
0.0250323696208355	11.1762028295348	0.000727722398154164	0.978675204288572	0.997679356348532	407	0.997679356348532	Quiescent T cells	0.91358024691358	41BB-L vs STOP	condition_miloX41BB.L - condition_miloSTOP
0.156231423261172	11.0852939907011	0.0292665375875467	0.865429054094656	0.995401867708661	408	0.992372133480371	Antigen-presenting myeloid cells	1	41BB-L vs STOP	condition_miloX41BB.L - condition_miloSTOP
-0.750125536717789	11.8910383813635	1.13800804935557	0.295434129498703	0.995401867708661	409	0.992372133480371	Quiescent T cells	0.981132075471698	41BB-L vs STOP	condition_miloX41BB.L - condition_miloSTOP
-1.06781641562414	10.6144829013661	0.438146736566376	0.51378774056	0.995401867708661	410	0.992372133480371	Cycling / proliferating CAR T cells	1	41BB-L vs STOP	condition_miloX41BB.L - condition_miloSTOP
0.0544684651747267	11.4108996762425	0.00349635856183943	0.953280056792801	0.997679356348532	411	0.997679356348532	Activated effector CD8 T cells (stress)	0.963963963963964	41BB-L vs STOP	condition_miloX41BB.L - condition_miloSTOP
0.384700716480862	10.5927702389181	0.0753882557514866	0.78571811956639	0.995401867708661	412	0.992372133480371	Cycling / proliferating CAR T cells	0.686274509803922	41BB-L vs STOP	condition_miloX41BB.L - condition_miloSTOP
1.4072977795222	11.0089190999442	1.34731155965243	0.255816649737909	0.995401867708661	413	0.992372133480371	Antigen-presenting myeloid cells	1	41BB-L vs STOP	condition_miloX41BB.L - condition_miloSTOP
-0.292024025726052	11.4944827980719	0.133728023916526	0.717421090455822	0.995401867708661	414	0.992372133480371	Quiescent T cells	0.645454545454546	41BB-L vs STOP	condition_miloX41BB.L - condition_miloSTOP
0.616084417944244	10.8417639975097	0.411060617537424	0.526787673362977	0.995401867708661	415	0.992372133480371	Naïve / central-memory T cells	0.563636363636364	41BB-L vs STOP	condition_miloX41BB.L - condition_miloSTOP
0.522434697190184	11.2472175761209	0.323555533025423	0.574137340211367	0.995401867708661	416	0.992372133480371	Activated effector CD8 T cells (stress)	0.989583333333333	41BB-L vs STOP	condition_miloX41BB.L - condition_miloSTOP
-0.468220294432847	11.3632632527656	0.232324777271319	0.633654207642754	0.995401867708661	417	0.992372133480371	Activated effector CD8 T cells (stress)	1	41BB-L vs STOP	condition_miloX41BB.L - condition_miloSTOP
0.735055416522738	10.9578102002591	0.497101202462982	0.486759865440655	0.995401867708661	418	0.992372133480371	Treg	1	41BB-L vs STOP	condition_miloX41BB.L - condition_miloSTOP
-1.14761914501723	11.8349124770561	2.41872494188941	0.131431302894368	0.871881816478966	419	0.935016252575002	Naïve / central-memory T cells	1	41BB-L vs STOP	condition_miloX41BB.L - condition_miloSTOP
-1.24771729274888	11.4516686699605	2.05368926213898	0.163211963816252	0.889665214527806	420	0.942202975621534	Activated effector CD8 T cells (stress)	0.795918367346939	41BB-L vs STOP	condition_miloX41BB.L - condition_miloSTOP
0.198889095968447	11.3442085778027	0.0617835565684455	0.805562611773771	0.995401867708661	421	0.992372133480371	Quiescent T cells	0.677083333333333	41BB-L vs STOP	condition_miloX41BB.L - condition_miloSTOP
0.368873564628874	10.6326105971118	0.080470389015631	0.778805142778544	0.995401867708661	422	0.992372133480371	IFN-responsive T cells	0.941176470588235	41BB-L vs STOP	condition_miloX41BB.L - condition_miloSTOP
-1.66077195249097	10.7669075833531	1.41713913406032	0.244142457009348	0.995401867708661	423	0.992372133480371	Activated effector CD8 T cells (stress)	0.625	41BB-L vs STOP	condition_miloX41BB.L - condition_miloSTOP
-0.282222111472134	10.8716915026217	0.0990737331093373	0.755341564629068	0.995401867708661	424	0.992372133480371	IFN-responsive T cells	0.939393939393939	41BB-L vs STOP	condition_miloX41BB.L - condition_miloSTOP
-1.07371522724669	11.3448254774958	0.875807743451891	0.35811165960876	0.995401867708661	425	0.992372133480371	Quiescent T cells	0.693333333333333	41BB-L vs STOP	condition_miloX41BB.L - condition_miloSTOP
-0.74048995714941	11.1706229448538	0.608415880253204	0.442107662456486	0.995401867708661	426	0.992372133480371	Th2-like inflammatory T cells	1	41BB-L vs STOP	condition_miloX41BB.L - condition_miloSTOP
0.471068879369665	11.5975740352181	0.316038842542069	0.578593421502837	0.995401867708661	427	0.992372133480371	γδ T cells	0.957627118644068	41BB-L vs STOP	condition_miloX41BB.L - condition_miloSTOP
-0.877162631088487	10.8815595584336	1.10283120706425	0.302870233430461	0.995401867708661	428	0.992372133480371	Activated CD4 effector / helper-like T cells	0.984126984126984	41BB-L vs STOP	condition_miloX41BB.L - condition_miloSTOP
-0.899111452522888	11.4748142756483	0.987429463407709	0.329113814244715	0.995401867708661	429	0.992372133480371	Activated effector CD8 T cells (stress)	0.94	41BB-L vs STOP	condition_miloX41BB.L - condition_miloSTOP
0.62445020457288	11.0352767814799	0.475754428821695	0.496184183649342	0.995401867708661	430	0.992372133480371	Treg	0.960526315789474	41BB-L vs STOP	condition_miloX41BB.L - condition_miloSTOP
-0.542324574971423	11.0994127160721	0.317317967291544	0.577830197056799	0.995401867708661	431	0.992372133480371	Antigen-presenting myeloid cells	1	41BB-L vs STOP	condition_miloX41BB.L - condition_miloSTOP
-1.25330960736698	10.9149521411552	1.9929139503087	0.169353929561726	0.89676937939352	432	0.950378788852777	Activated CD4 effector / helper-like T cells	0.72463768115942	41BB-L vs STOP	condition_miloX41BB.L - condition_miloSTOP
-0.885559694051349	11.0876985320155	1.00080846662628	0.325916173904004	0.995401867708661	433	0.992372133480371	Cycling / proliferating CAR T cells	1	41BB-L vs STOP	condition_miloX41BB.L - condition_miloSTOP
-0.497539969714029	10.3030352253746	0.0740054223878991	0.787720043841876	0.995401867708661	434	0.992372133480371	Treg	0.675	41BB-L vs STOP	condition_miloX41BB.L - condition_miloSTOP
-0.212817520357413	11.2517490435573	0.0503390734249715	0.824148111624954	0.995401867708661	435	0.992372133480371	Quiescent T cells	0.709677419354839	41BB-L vs STOP	condition_miloX41BB.L - condition_miloSTOP
0.243817096066843	10.996938763379	0.0727488250746288	0.789407782960285	0.995401867708661	436	0.992372133480371	Quiescent T cells	0.712328767123288	41BB-L vs STOP	condition_miloX41BB.L - condition_miloSTOP
0.309619560505157	10.8721244182778	0.115410189026896	0.736770073218955	0.995401867708661	437	0.992372133480371	Activated effector CD8 T cells (stress)	0.942028985507246	41BB-L vs STOP	condition_miloX41BB.L - condition_miloSTOP
-0.212589972160373	11.685771161583	0.0770862237452598	0.783381212823709	0.995401867708661	438	0.992372133480371	Activated effector CD8 T cells (stress)	0.870967741935484	41BB-L vs STOP	condition_miloX41BB.L - condition_miloSTOP
-1.57967264423256	10.5450681448797	1.3430565911635	0.256550905223079	0.995401867708661	439	0.992372133480371	Cycling / proliferating CAR T cells	1	41BB-L vs STOP	condition_miloX41BB.L - condition_miloSTOP
2.40555544106683	11.1830507207261	5.22739494304041	0.0302244428806113	0.644466582720174	440	0.822616911437752	NK-like cytotoxic lymphocytes	1	41BB-L vs STOP	condition_miloX41BB.L - condition_miloSTOP
0.746943724878917	11.4306393048019	0.781143955764824	0.384523074867912	0.995401867708661	441	0.992372133480371	Treg	1	41BB-L vs STOP	condition_miloX41BB.L - condition_miloSTOP
1.04878028865308	11.2577748543627	1.22248601693888	0.278539753254746	0.995401867708661	442	0.992372133480371	Treg	0.989247311827957	41BB-L vs STOP	condition_miloX41BB.L - condition_miloSTOP
0.616734532870017	10.7759296467031	0.331056752847234	0.569758615861372	0.995401867708661	443	0.992372133480371	Quiescent T cells	0.844827586206897	41BB-L vs STOP	condition_miloX41BB.L - condition_miloSTOP
0.587418495229279	10.9973045602946	0.410718232184832	0.526958585144947	0.995401867708661	444	0.992372133480371	Treg	1	41BB-L vs STOP	condition_miloX41BB.L - condition_miloSTOP
-0.194485057502514	10.9411267537312	0.0463151347544912	0.831206578730652	0.995401867708661	445	0.992372133480371	Antigen-presenting myeloid cells	1	41BB-L vs STOP	condition_miloX41BB.L - condition_miloSTOP
-2.23091715479965	11.2530029929851	5.96259943320297	0.0213777440710501	0.62722110294254	446	0.817884360766214	Quiescent T cells	0.921348314606742	41BB-L vs STOP	condition_miloX41BB.L - condition_miloSTOP
0.815851057241084	11.685084031937	1.20282505872165	0.282355525964399	0.995401867708661	447	0.992372133480371	Treg	1	41BB-L vs STOP	condition_miloX41BB.L - condition_miloSTOP
-1.48043322925025	10.9918368377179	2.31616600889401	0.139556097226739	0.871881816478966	448	0.935016252575002	Activated CD4 effector / helper-like T cells	0.915492957746479	41BB-L vs STOP	condition_miloX41BB.L - condition_miloSTOP
0.744836265161537	10.8799355790217	0.438748524501349	0.513290757859097	0.995401867708661	449	0.992372133480371	Activated CD4 effector / helper-like T cells	0.863636363636364	41BB-L vs STOP	condition_miloX41BB.L - condition_miloSTOP
1.82437258032629	10.9800941132125	2.33337621766682	0.138587994915674	0.871881816478966	450	0.935016252575002	Terminally differentiated cytotoxic T cells	0.879518072289157	41BB-L vs STOP	condition_miloX41BB.L - condition_miloSTOP
2.0444477265866	11.1692554325387	4.2221151786717	0.0496028978654909	0.703735274175038	451	0.897886914672611	Treg	0.975903614457831	41BB-L vs STOP	condition_miloX41BB.L - condition_miloSTOP
0.6169567107923	11.3841617980712	0.525113969458463	0.474844905572065	0.995401867708661	452	0.992372133480371	γδ T cells	0.990476190476191	41BB-L vs STOP	condition_miloX41BB.L - condition_miloSTOP
-0.0637933690116306	11.7841049165358	0.00747017467615717	0.931756424217941	0.997679356348532	453	0.997679356348532	Activated effector CD8 T cells (stress)	0.712121212121212	41BB-L vs STOP	condition_miloX41BB.L - condition_miloSTOP
-1.95444852292827	10.8780300353256	4.23931691265623	0.049172405285426	0.703735274175038	454	0.897886914672611	Activated CD4 effector / helper-like T cells	0.953846153846154	41BB-L vs STOP	condition_miloX41BB.L - condition_miloSTOP
0.0459171879377188	11.1768263006712	0.00255760734971745	0.960034829687711	0.997679356348532	455	0.997679356348532	Antigen-presenting myeloid cells	0.987654320987654	41BB-L vs STOP	condition_miloX41BB.L - condition_miloSTOP
2.35126907613151	10.6354883800968	1.9509651684621	0.173755755128948	0.902960575454848	456	0.950378788852777	Antigen-presenting myeloid cells	1	41BB-L vs STOP	condition_miloX41BB.L - condition_miloSTOP
-0.135978450303405	11.827080515109	0.0359018160964155	0.851122683765114	0.995401867708661	457	0.992372133480371	Activated effector CD8 T cells (stress)	0.757575757575758	41BB-L vs STOP	condition_miloX41BB.L - condition_miloSTOP
0.0730472115893396	10.9549855690382	0.00680224154418975	0.934871288784749	0.997679356348532	458	0.997679356348532	IFN-responsive T cells	1	41BB-L vs STOP	condition_miloX41BB.L - condition_miloSTOP
3.49761241977381	10.4455041625977	1.29028220751323	0.266260688175071	0.995401867708661	459	0.992372133480371	Terminally differentiated cytotoxic T cells	1	41BB-L vs STOP	condition_miloX41BB.L - condition_miloSTOP
-0.456813766285456	10.9709169193383	0.170549499554915	0.68285549363158	0.995401867708661	460	0.992372133480371	IFN-responsive T cells	0.863013698630137	41BB-L vs STOP	condition_miloX41BB.L - condition_miloSTOP
-0.583396991136765	10.8358479934877	0.371902449675968	0.547021199203577	0.995401867708661	461	0.992372133480371	Activated CD4 effector / helper-like T cells	0.901639344262295	41BB-L vs STOP	condition_miloX41BB.L - condition_miloSTOP
0.467761695123748	11.3575158676551	0.280727559505842	0.600515548482468	0.995401867708661	462	0.992372133480371	NK-like cytotoxic lymphocytes	1	41BB-L vs STOP	condition_miloX41BB.L - condition_miloSTOP
2.26776912329738	11.113499135674	3.21938235086214	0.0838743089245178	0.81564063516474	463	0.935016252575002	Quiescent T cells	0.943661971830986	41BB-L vs STOP	condition_miloX41BB.L - condition_miloSTOP
-0.512431922065919	11.2135266792263	0.432238044602938	0.516408151826704	0.995401867708661	464	0.992372133480371	Quiescent T cells	0.922222222222222	41BB-L vs STOP	condition_miloX41BB.L - condition_miloSTOP
1.09758411017578	10.6190480767455	0.475566633030695	0.496268480038365	0.995401867708661	465	0.992372133480371	NK-like cytotoxic lymphocytes	0.918367346938776	41BB-L vs STOP	condition_miloX41BB.L - condition_miloSTOP
1.26366714977099	11.0299866629675	1.71821478277233	0.200863063384322	0.930787097276301	466	0.985760440103652	Antigen-presenting myeloid cells	1	41BB-L vs STOP	condition_miloX41BB.L - condition_miloSTOP
0.81795606844929	10.8823902575628	0.554524031696193	0.46284924999876	0.995401867708661	467	0.992372133480371	Activated effector CD8 T cells (stress)	0.53968253968254	41BB-L vs STOP	condition_miloX41BB.L - condition_miloSTOP
0.605008180912836	11.4499021402534	0.442667206213089	0.511430487680016	0.995401867708661	468	0.992372133480371	Treg	1	41BB-L vs STOP	condition_miloX41BB.L - condition_miloSTOP
1.72439475013857	10.4950660308187	1.06580282282056	0.31097147202055	0.995401867708661	469	0.992372133480371	Quiescent T cells	0.512820512820513	41BB-L vs STOP	condition_miloX41BB.L - condition_miloSTOP
-1.4172098512013	11.0660324117957	1.3881839641184	0.248898963229855	0.995401867708661	470	0.992372133480371	Naïve / central-memory T cells	0.986842105263158	41BB-L vs STOP	condition_miloX41BB.L - condition_miloSTOP
-1.04799147107737	10.9836076333786	1.25948796123382	0.271539647662529	0.995401867708661	471	0.992372133480371	Activated effector CD8 T cells (stress)	0.545454545454545	41BB-L vs STOP	condition_miloX41BB.L - condition_miloSTOP
-1.10319155460521	11.962001067184	1.73140751123132	0.199194265694261	0.930787097276301	472	0.985760440103652	Quiescent T cells	0.952702702702703	41BB-L vs STOP	condition_miloX41BB.L - condition_miloSTOP
-1.07896604271734	10.8168586021747	1.06080558419005	0.312087085872487	0.995401867708661	473	0.992372133480371	Cycling / proliferating CAR T cells	0.403508771929825	41BB-L vs STOP	condition_miloX41BB.L - condition_miloSTOP
-1.09905243640317	10.9621967073346	1.07215335826265	0.309561502555264	0.995401867708661	474	0.992372133480371	Quiescent T cells	0.521739130434783	41BB-L vs STOP	condition_miloX41BB.L - condition_miloSTOP
-0.722366737415966	11.7677771484387	0.626847095892953	0.435352305715502	0.995401867708661	475	0.992372133480371	Quiescent T cells	1	41BB-L vs STOP	condition_miloX41BB.L - condition_miloSTOP
-1.5242202291623	11.2846092627305	3.53419832863338	0.0708465044269804	0.803890948191859	476	0.935016252575002	Quiescent T cells	0.726190476190476	41BB-L vs STOP	condition_miloX41BB.L - condition_miloSTOP
-0.247772421456796	10.6343646121629	0.0318440663010185	0.859690388471847	0.995401867708661	477	0.992372133480371	Activated CD4 effector / helper-like T cells	0.981132075471698	41BB-L vs STOP	condition_miloX41BB.L - condition_miloSTOP
-0.248717249884741	11.0248744082053	0.0419346039366009	0.839266383462942	0.995401867708661	478	0.992372133480371	γδ T cells	0.648648648648649	41BB-L vs STOP	condition_miloX41BB.L - condition_miloSTOP
-0.827762477927141	10.9337453331129	0.729339269537782	0.400542935368356	0.995401867708661	479	0.992372133480371	Cycling / proliferating CAR T cells	0.972972972972973	41BB-L vs STOP	condition_miloX41BB.L - condition_miloSTOP
-0.519442554128616	10.3562854767199	0.0449398054288447	0.833692400432579	0.995401867708661	480	0.992372133480371	Antigen-presenting myeloid cells	0.933333333333333	41BB-L vs STOP	condition_miloX41BB.L - condition_miloSTOP
-0.0111247221994021	11.0003374089936	0.000167492679357754	0.989768437553962	0.997679356348532	481	0.997679356348532	Cycling / proliferating CAR T cells	0.987341772151899	41BB-L vs STOP	condition_miloX41BB.L - condition_miloSTOP
-1.35397883713513	11.5477044307544	2.70526166296672	0.111506285511517	0.871881816478966	482	0.935016252575002	Terminally differentiated cytotoxic T cells	0.982758620689655	41BB-L vs STOP	condition_miloX41BB.L - condition_miloSTOP
1.68152874137757	10.6038902340888	1.33762561609056	0.257492038436021	0.995401867708661	483	0.992372133480371	Activated CD4 effector / helper-like T cells	0.607142857142857	41BB-L vs STOP	condition_miloX41BB.L - condition_miloSTOP
0.412294092718802	11.4156012426448	0.181336482362008	0.673571856399626	0.995401867708661	484	0.992372133480371	γδ T cells	0.963636363636364	41BB-L vs STOP	condition_miloX41BB.L - condition_miloSTOP
-0.199175616551923	10.6053144002856	0.0287700705541912	0.866563950095613	0.995401867708661	485	0.992372133480371	Activated effector CD8 T cells (stress)	1	41BB-L vs STOP	condition_miloX41BB.L - condition_miloSTOP
0.365946728157259	10.6353589834528	0.0683690903364789	0.795692560117553	0.995401867708661	486	0.992372133480371	NK-like cytotoxic lymphocytes	0.489795918367347	41BB-L vs STOP	condition_miloX41BB.L - condition_miloSTOP
-0.558419063497538	11.2018893199321	0.400121598398613	0.532298817876769	0.995401867708661	487	0.992372133480371	Cycling / proliferating CAR T cells	0.989010989010989	41BB-L vs STOP	condition_miloX41BB.L - condition_miloSTOP
-0.806538131776472	10.7107958058373	0.452508016758002	0.506811073022175	0.995401867708661	488	0.992372133480371	Activated effector CD8 T cells (stress)	0.793103448275862	41BB-L vs STOP	condition_miloX41BB.L - condition_miloSTOP
0.414856586543902	10.5689161549228	0.102422534350372	0.751382656788565	0.995401867708661	489	0.992372133480371	γδ T cells	0.804347826086957	41BB-L vs STOP	condition_miloX41BB.L - condition_miloSTOP
-0.292951474662241	10.9292863226323	0.087006399219234	0.770253632824163	0.995401867708661	490	0.992372133480371	Terminally differentiated cytotoxic T cells	0.308823529411765	41BB-L vs STOP	condition_miloX41BB.L - condition_miloSTOP
-0.113250733034266	11.2403690156758	0.0154377152293079	0.90203044584911	0.995401867708661	491	0.997679356348532	Antigen-presenting myeloid cells	1	41BB-L vs STOP	condition_miloX41BB.L - condition_miloSTOP
-0.0111596273166618	10.5292461080279	9.84257106702146e-05	0.992159354503322	0.997679356348532	492	0.997679356348532	Cycling / proliferating CAR T cells	0.923076923076923	41BB-L vs STOP	condition_miloX41BB.L - condition_miloSTOP
0.843041422107299	11.3401953449244	0.944315571593877	0.339717794167209	0.995401867708661	493	0.992372133480371	Treg	1	41BB-L vs STOP	condition_miloX41BB.L - condition_miloSTOP
-0.246898960786316	11.1441371180752	0.0781408796982021	0.781943659111917	0.995401867708661	494	0.992372133480371	Cycling / proliferating CAR T cells	0.988636363636364	41BB-L vs STOP	condition_miloX41BB.L - condition_miloSTOP
-0.246953326439564	10.8620891774399	0.0808267830935638	0.77841076143604	0.995401867708661	495	0.992372133480371	Treg	0.96969696969697	41BB-L vs STOP	condition_miloX41BB.L - condition_miloSTOP
-0.539742516588334	10.6024423081859	0.184481234315936	0.670927243647151	0.995401867708661	496	0.992372133480371	Activated effector CD8 T cells (stress)	0.306122448979592	41BB-L vs STOP	condition_miloX41BB.L - condition_miloSTOP
-2.04552565857064	10.9140522938835	3.02935641679863	0.0930532754579022	0.839062848551743	497	0.935016252575002	Quiescent T cells	0.986842105263158	41BB-L vs STOP	condition_miloX41BB.L - condition_miloSTOP
-0.127765534883599	11.1706850768677	0.0233414552846075	0.879698141271125	0.995401867708661	498	0.992372133480371	Treg	0.988235294117647	41BB-L vs STOP	condition_miloX41BB.L - condition_miloSTOP
-0.0175737957437583	11.1887586240575	0.000461231721025153	0.983022193184256	0.997679356348532	499	0.997679356348532	Cycling / proliferating CAR T cells	1	41BB-L vs STOP	condition_miloX41BB.L - condition_miloSTOP
2.36476512859703	10.6367868790853	2.84746880362978	0.102933550049817	0.854194833249225	500	0.935016252575002	Treg	0.87037037037037	41BB-L vs STOP	condition_miloX41BB.L - condition_miloSTOP
-0.0963471645711091	11.1950079881183	0.0134910300489182	0.908384720235508	0.995401867708661	501	0.997679356348532	Cycling / proliferating CAR T cells	0.98936170212766	41BB-L vs STOP	condition_miloX41BB.L - condition_miloSTOP
0.692928657888542	11.2914540739782	0.534726330797676	0.470868326175105	0.995401867708661	502	0.992372133480371	Treg	0.989247311827957	41BB-L vs STOP	condition_miloX41BB.L - condition_miloSTOP
0.656491902939467	11.4559507542861	0.410773884911293	0.526930797558121	0.995401867708661	503	0.992372133480371	Quiescent T cells	0.467289719626168	41BB-L vs STOP	condition_miloX41BB.L - condition_miloSTOP
-0.474423664153615	11.8051674421356	0.359592990858032	0.553686300569738	0.995401867708661	504	0.992372133480371	Quiescent T cells	0.971014492753623	41BB-L vs STOP	condition_miloX41BB.L - condition_miloSTOP
0.358644376219021	11.0437014460073	0.136392424157868	0.714748459165424	0.995401867708661	505	0.992372133480371	Activated effector CD8 T cells (stress)	0.5	41BB-L vs STOP	condition_miloX41BB.L - condition_miloSTOP
-0.641242559836183	11.0791972083456	0.476356252730186	0.495914207706834	0.995401867708661	506	0.992372133480371	Cycling / proliferating CAR T cells	0.963855421686747	41BB-L vs STOP	condition_miloX41BB.L - condition_miloSTOP
-0.270126119360054	11.4290777026238	0.10146837126874	0.752503280609251	0.995401867708661	507	0.992372133480371	Quiescent T cells	0.94392523364486	41BB-L vs STOP	condition_miloX41BB.L - condition_miloSTOP
1.45979116832871	11.3180706109801	2.20543822505125	0.149002272355449	0.871881816478966	508	0.935016252575002	Naïve / central-memory T cells	0.522727272727273	41BB-L vs STOP	condition_miloX41BB.L - condition_miloSTOP
-0.271486023300382	10.7019017634998	0.0698297385998102	0.793648528226212	0.995401867708661	509	0.992372133480371	Treg	0.821428571428571	41BB-L vs STOP	condition_miloX41BB.L - condition_miloSTOP
-0.419576706517571	11.3842263156838	0.213478250902391	0.647722474473854	0.995401867708661	510	0.992372133480371	NK-like cytotoxic lymphocytes	0.989473684210526	41BB-L vs STOP	condition_miloX41BB.L - condition_miloSTOP
0.902438003944397	10.927445998236	1.04249338495119	0.316221854436848	0.995401867708661	511	0.992372133480371	Quiescent T cells	0.376811594202899	41BB-L vs STOP	condition_miloX41BB.L - condition_miloSTOP
3.53585206210323	10.7279652037839	6.45217016442607	0.017086363393239	0.62722110294254	512	0.817884360766214	Treg	0.6	41BB-L vs STOP	condition_miloX41BB.L - condition_miloSTOP
-0.215215257275911	11.0109192657652	0.0375248602911938	0.847837096204306	0.995401867708661	513	0.992372133480371	Antigen-presenting myeloid cells	0.765625	41BB-L vs STOP	condition_miloX41BB.L - condition_miloSTOP
-1.09952266830867	11.5604862423205	1.84871328695623	0.185078213991333	0.915701171656688	514	0.972730868171676	Terminally differentiated cytotoxic T cells	0.991666666666667	41BB-L vs STOP	condition_miloX41BB.L - condition_miloSTOP
1.33046171285631	11.0279596589479	1.42343687853196	0.243123283155686	0.995401867708661	515	0.992372133480371	Treg	0.986301369863014	41BB-L vs STOP	condition_miloX41BB.L - condition_miloSTOP
2.02701133871216	11.038583295864	3.67870219074839	0.0656470142423802	0.793472606929639	516	0.935016252575002	Treg	0.987179487179487	41BB-L vs STOP	condition_miloX41BB.L - condition_miloSTOP
1.3975054106623	11.0904960889939	2.05563273398101	0.163020005991539	0.889665214527806	517	0.942202975621534	Treg	1	41BB-L vs STOP	condition_miloX41BB.L - condition_miloSTOP
0.40283095488227	11.1665413326496	0.231680108681167	0.634123572534594	0.995401867708661	518	0.992372133480371	NK-like cytotoxic lymphocytes	1	41BB-L vs STOP	condition_miloX41BB.L - condition_miloSTOP
-0.520195690011504	10.9446412434074	0.327280427217104	0.57195461421471	0.995401867708661	519	0.992372133480371	Cycling / proliferating CAR T cells	1	41BB-L vs STOP	condition_miloX41BB.L - condition_miloSTOP
-2.3572846551538	10.5810292425272	2.52519415300062	0.123577549247999	0.871881816478966	520	0.935016252575002	Th2-like inflammatory T cells	0.456521739130435	41BB-L vs STOP	condition_miloX41BB.L - condition_miloSTOP
0.439922551568255	10.7610280934233	0.164586131444324	0.688136730033975	0.995401867708661	521	0.992372133480371	Activated CD4 effector / helper-like T cells	0.854545454545454	41BB-L vs STOP	condition_miloX41BB.L - condition_miloSTOP
-0.367549293742374	11.3307903667032	0.132711060435189	0.718449182748407	0.995401867708661	522	0.992372133480371	Naïve / central-memory T cells	0.967032967032967	41BB-L vs STOP	condition_miloX41BB.L - condition_miloSTOP
0.824861665957363	11.6808522589639	1.14737568822397	0.2934950155166	0.995401867708661	523	0.992372133480371	NK-like cytotoxic lymphocytes	1	41BB-L vs STOP	condition_miloX41BB.L - condition_miloSTOP
-1.82761956781592	10.981761693121	1.78794666770728	0.192956668043746	0.916956473780534	524	0.975370481874457	Quiescent T cells	0.9125	41BB-L vs STOP	condition_miloX41BB.L - condition_miloSTOP
-3.17142275743935	10.7316953515605	5.9880287918571	0.0211277753129565	0.62722110294254	525	0.817884360766214	Terminally differentiated cytotoxic T cells	0.981481481481482	41BB-L vs STOP	condition_miloX41BB.L - condition_miloSTOP
-0.423166277793114	11.0045828468567	0.180585552123466	0.674207379617067	0.995401867708661	526	0.992372133480371	Activated effector CD8 T cells (stress)	0.949367088607595	41BB-L vs STOP	condition_miloX41BB.L - condition_miloSTOP
0.161420677755717	11.0951307408043	0.0263267597206248	0.872302041640109	0.995401867708661	527	0.992372133480371	Antigen-presenting myeloid cells	1	41BB-L vs STOP	condition_miloX41BB.L - condition_miloSTOP
0.00726843367922501	11.657587489872	5.57850340590096e-05	0.994098700548221	0.997679356348532	528	0.997679356348532	Quiescent T cells	0.74	41BB-L vs STOP	condition_miloX41BB.L - condition_miloSTOP
-0.211362875659713	10.7672954213018	0.0343549425938725	0.854326565429579	0.995401867708661	529	0.992372133480371	Cycling / proliferating CAR T cells	0.984375	41BB-L vs STOP	condition_miloX41BB.L - condition_miloSTOP
0.0487094234763698	11.3653024551774	0.00300739412939991	0.956666260335732	0.997679356348532	530	0.997679356348532	Treg	1	41BB-L vs STOP	condition_miloX41BB.L - condition_miloSTOP
-1.05669256584825	11.420346502784	1.56427172839996	0.221673740283908	0.978179361887723	531	0.992372133480371	Activated effector CD8 T cells (stress)	0.840425531914894	41BB-L vs STOP	condition_miloX41BB.L - condition_miloSTOP
0.782338103837678	11.2826709983634	0.717990520079186	0.404184839970604	0.995401867708661	532	0.992372133480371	Treg	1	41BB-L vs STOP	condition_miloX41BB.L - condition_miloSTOP
-1.50952194178015	10.991965466332	1.93192897620473	0.176223239368402	0.902969194779869	533	0.950378788852777	Cycling / proliferating CAR T cells	1	41BB-L vs STOP	condition_miloX41BB.L - condition_miloSTOP
-1.10363660056123	11.3558384310342	1.69194587350532	0.204237456596598	0.930787097276301	534	0.989234353370529	Quiescent T cells	1	41BB-L vs STOP	condition_miloX41BB.L - condition_miloSTOP
-0.547899487220425	11.6836505872981	0.428647824995762	0.518141751892411	0.995401867708661	535	0.992372133480371	Quiescent T cells	0.959016393442623	41BB-L vs STOP	condition_miloX41BB.L - condition_miloSTOP
0.287893112405499	10.6893102708263	0.0484348558738183	0.82744990710655	0.995401867708661	536	0.992372133480371	Naïve / central-memory T cells	0.684210526315789	41BB-L vs STOP	condition_miloX41BB.L - condition_miloSTOP
-0.719162972335926	11.1435581801011	0.511161743378638	0.480717306665699	0.995401867708661	537	0.992372133480371	Activated effector CD8 T cells (stress)	1	41BB-L vs STOP	condition_miloX41BB.L - condition_miloSTOP
0.0949243875903595	11.2786557493843	0.0113361829872067	0.915988225760737	0.995401867708661	538	0.997679356348532	Quiescent T cells	0.736263736263736	41BB-L vs STOP	condition_miloX41BB.L - condition_miloSTOP
-0.448032672631321	10.9632477530896	0.139004338474007	0.712157226179907	0.995401867708661	539	0.992372133480371	γδ T cells	1	41BB-L vs STOP	condition_miloX41BB.L - condition_miloSTOP
0.222002623427947	11.4894604161202	0.0689813627912694	0.794801243546442	0.995401867708661	540	0.992372133480371	NK-like cytotoxic lymphocytes	1	41BB-L vs STOP	condition_miloX41BB.L - condition_miloSTOP
1.01695503744127	11.3691645414189	1.18819565728491	0.285239485380405	0.995401867708661	541	0.992372133480371	Quiescent T cells	0.524271844660194	41BB-L vs STOP	condition_miloX41BB.L - condition_miloSTOP
1.06955306933888	10.8757648659879	0.956553523132768	0.336660287731836	0.995401867708661	542	0.992372133480371	Activated CD4 effector / helper-like T cells	0.555555555555556	41BB-L vs STOP	condition_miloX41BB.L - condition_miloSTOP
-0.702360143105564	11.0272803245193	0.541696085855966	0.468019327955206	0.995401867708661	543	0.992372133480371	Cycling / proliferating CAR T cells	0.951219512195122	41BB-L vs STOP	condition_miloX41BB.L - condition_miloSTOP
-1.48031952527058	11.5798903009291	3.55222191250145	0.0701732220903439	0.803890948191859	544	0.935016252575002	Quiescent T cells	1	41BB-L vs STOP	condition_miloX41BB.L - condition_miloSTOP
-0.529255027994613	11.4599590736207	0.478067367882337	0.495147989713672	0.995401867708661	545	0.992372133480371	Activated effector CD8 T cells (stress)	0.991071428571429	41BB-L vs STOP	condition_miloX41BB.L - condition_miloSTOP
-0.604949528253879	11.5744630503173	0.52353673175163	0.475735805961224	0.995401867708661	546	0.992372133480371	Activated effector CD8 T cells (stress)	1	41BB-L vs STOP	condition_miloX41BB.L - condition_miloSTOP
0.23555934732765	11.455224374951	0.0722089404691051	0.790171316496976	0.995401867708661	547	0.992372133480371	Activated effector CD8 T cells (stress)	0.99	41BB-L vs STOP	condition_miloX41BB.L - condition_miloSTOP
-0.677105559087772	11.2057753705208	0.628151253495094	0.434880468673414	0.995401867708661	548	0.992372133480371	Treg	1	41BB-L vs STOP	condition_miloX41BB.L - condition_miloSTOP
0.178877951249677	11.26074760851	0.0407326062292222	0.84155404949293	0.995401867708661	549	0.992372133480371	Activated effector CD8 T cells (stress)	0.63855421686747	41BB-L vs STOP	condition_miloX41BB.L - condition_miloSTOP
-1.77091706084382	11.6313632953783	4.6986505301431	0.0390867931889312	0.703735274175038	550	0.897886914672611	Terminally differentiated cytotoxic T cells	1	41BB-L vs STOP	condition_miloX41BB.L - condition_miloSTOP
0.0986491029646973	11.1208750063426	0.0113631275702315	0.915888833545689	0.995401867708661	551	0.997679356348532	Cycling / proliferating CAR T cells	1	41BB-L vs STOP	condition_miloX41BB.L - condition_miloSTOP
-0.885520342138569	10.9744971602317	1.06523766827714	0.311097369840032	0.995401867708661	552	0.992372133480371	Activated CD4 effector / helper-like T cells	0.929577464788732	41BB-L vs STOP	condition_miloX41BB.L - condition_miloSTOP
1.16659581491655	11.0002375600331	1.04787671121014	0.314998664824022	0.995401867708661	553	0.992372133480371	Treg	0.933333333333333	41BB-L vs STOP	condition_miloX41BB.L - condition_miloSTOP
1.02292792070835	11.3197888181824	1.06722208409342	0.310655610796034	0.995401867708661	554	0.992372133480371	Activated effector CD8 T cells (stress)	0.846153846153846	41BB-L vs STOP	condition_miloX41BB.L - condition_miloSTOP
-0.0278724476764474	11.5520384235588	0.00108378755183315	0.973977598528822	0.997679356348532	555	0.997679356348532	Activated effector CD8 T cells (stress)	0.883495145631068	41BB-L vs STOP	condition_miloX41BB.L - condition_miloSTOP
0.291179854721715	11.0781981067501	0.0905118065476014	0.765811080335338	0.995401867708661	556	0.992372133480371	Activated effector CD8 T cells (stress)	0.929577464788732	41BB-L vs STOP	condition_miloX41BB.L - condition_miloSTOP
0.421903837718339	11.7636694692931	0.237290113931481	0.630065863417214	0.988520613629585	1	0.981140282921039	Naïve / central-memory T cells	0.536764705882353	B7H3 vs STOP	condition_miloB7H3 - condition_miloSTOP
0.514962877658549	11.6071945457548	0.34435063368285	0.562159168637277	0.988520613629585	2	0.981140282921039	γδ T cells	0.984251968503937	B7H3 vs STOP	condition_miloB7H3 - condition_miloSTOP
0.573663376170393	10.380744319935	0.0990158240398358	0.755410668325852	0.988520613629585	3	0.981140282921039	Antigen-presenting myeloid cells	0.955555555555556	B7H3 vs STOP	condition_miloB7H3 - condition_miloSTOP
1.58321667351835	11.9445459434849	4.12106369324537	0.0522186139970432	0.988520613629585	4	0.978292788866908	NK-like cytotoxic lymphocytes	1	B7H3 vs STOP	condition_miloB7H3 - condition_miloSTOP
-1.38359408596585	10.9716954640596	2.36304921076416	0.135770745373499	0.988520613629585	5	0.981140282921039	Activated effector CD8 T cells (stress)	0.6	B7H3 vs STOP	condition_miloB7H3 - condition_miloSTOP
-0.602994273322234	11.2752228189786	0.33846782847245	0.56549726922999	0.988520613629585	6	0.981140282921039	γδ T cells	0.988505747126437	B7H3 vs STOP	condition_miloB7H3 - condition_miloSTOP
-0.825948234209877	11.4722957165291	1.11410480956968	0.300460113494956	0.988520613629585	7	0.981140282921039	Activated effector CD8 T cells (stress)	0.38	B7H3 vs STOP	condition_miloB7H3 - condition_miloSTOP
1.69731332996905	10.8452703006863	2.58973984911576	0.119083478736915	0.988520613629585	8	0.981140282921039	Terminally differentiated cytotoxic T cells	0.865671641791045	B7H3 vs STOP	condition_miloB7H3 - condition_miloSTOP
0.995410721371055	11.0920096547337	0.998776571361861	0.326399048592768	0.988520613629585	9	0.981140282921039	Treg	0.95	B7H3 vs STOP	condition_miloB7H3 - condition_miloSTOP
1.30659857527391	12.1863055210078	3.14830497642511	0.0871807462891812	0.988520613629585	10	0.981140282921039	NK-like cytotoxic lymphocytes	1	B7H3 vs STOP	condition_miloB7H3 - condition_miloSTOP
0.0433348139614559	11.2035805158761	0.0025772223687484	0.959882006174162	0.992183386070385	11	0.985295454660595	Naïve / central-memory T cells	0.516129032258065	B7H3 vs STOP	condition_miloB7H3 - condition_miloSTOP
-1.31272399800328	11.1852917427584	2.7109679178349	0.111146760257302	0.988520613629585	12	0.981140282921039	Activated CD4 effector / helper-like T cells	0.919540229885057	B7H3 vs STOP	condition_miloB7H3 - condition_miloSTOP
0.240527240032971	11.4704092756611	0.0888674762447354	0.767883090964338	0.988520613629585	13	0.981140282921039	Activated effector CD8 T cells (stress)	1	B7H3 vs STOP	condition_miloB7H3 - condition_miloSTOP
-0.585494478338864	11.0092009539126	0.469485494431936	0.499011572187774	0.988520613629585	14	0.981140282921039	Activated effector CD8 T cells (stress)	1	B7H3 vs STOP	condition_miloB7H3 - condition_miloSTOP
-0.136259723353994	11.0357489997098	0.0254896253249069	0.874330602759782	0.988520613629585	15	0.981140282921039	Naïve / central-memory T cells	0.605263157894737	B7H3 vs STOP	condition_miloB7H3 - condition_miloSTOP
-0.336151180363941	11.4162718468071	0.157415947777192	0.694637061068836	0.988520613629585	16	0.981140282921039	Activated effector CD8 T cells (stress)	0.876288659793814	B7H3 vs STOP	condition_miloB7H3 - condition_miloSTOP
-0.701544621373164	11.4897627317043	0.697960749170193	0.410735273802038	0.988520613629585	17	0.981140282921039	Naïve / central-memory T cells	1	B7H3 vs STOP	condition_miloB7H3 - condition_miloSTOP
1.65459334065725	11.4424499475296	2.64382055438575	0.11546414161469	0.988520613629585	18	0.981140282921039	Treg	0.775700934579439	B7H3 vs STOP	condition_miloB7H3 - condition_miloSTOP
0.40303504729168	11.5985252579149	0.25334653177897	0.618773064978547	0.988520613629585	19	0.981140282921039	NK-like cytotoxic lymphocytes	1	B7H3 vs STOP	condition_miloB7H3 - condition_miloSTOP
1.09138825609894	10.8513596813665	1.3490844442671	0.255511510169474	0.988520613629585	20	0.981140282921039	Activated CD4 effector / helper-like T cells	0.953846153846154	B7H3 vs STOP	condition_miloB7H3 - condition_miloSTOP
-0.76519998241337	11.0613417251166	0.8361409172271	0.368523471861356	0.988520613629585	21	0.981140282921039	Quiescent T cells	0.878378378378378	B7H3 vs STOP	condition_miloB7H3 - condition_miloSTOP
-0.557523649055694	11.1222226861029	0.412631274789672	0.526004926276223	0.988520613629585	22	0.981140282921039	Cycling / proliferating CAR T cells	0.848837209302326	B7H3 vs STOP	condition_miloB7H3 - condition_miloSTOP
0.263856945424543	10.9018842833803	0.0807431067324925	0.778440946623516	0.988520613629585	23	0.981140282921039	Cycling / proliferating CAR T cells	1	B7H3 vs STOP	condition_miloB7H3 - condition_miloSTOP
-1.00335877807395	10.4764047217186	0.518065402138771	0.47802817622814	0.988520613629585	24	0.981140282921039	Activated CD4 effector / helper-like T cells	0.976744186046512	B7H3 vs STOP	condition_miloB7H3 - condition_miloSTOP
-0.249376413496347	11.2083744556728	0.0911297721986862	0.765037709526659	0.988520613629585	25	0.981140282921039	Activated effector CD8 T cells (stress)	0.963855421686747	B7H3 vs STOP	condition_miloB7H3 - condition_miloSTOP
-0.155409478634184	10.7709042359767	0.0307873264098748	0.862013038967486	0.988520613629585	26	0.981140282921039	Activated effector CD8 T cells (stress)	0.827586206896552	B7H3 vs STOP	condition_miloB7H3 - condition_miloSTOP
0.452305410237	10.844181104319	0.256281067530623	0.616912254250786	0.988520613629585	27	0.981140282921039	Cycling / proliferating CAR T cells	0.830985915492958	B7H3 vs STOP	condition_miloB7H3 - condition_miloSTOP
0.117883692705975	10.3462771458537	0.00584572577014224	0.939613844410676	0.988520613629585	28	0.981140282921039	Cycling / proliferating CAR T cells	0.82051282051282	B7H3 vs STOP	condition_miloB7H3 - condition_miloSTOP
1.54411577105803	11.8363824134416	2.72849299932543	0.110050954962586	0.988520613629585	29	0.981140282921039	NK-like cytotoxic lymphocytes	1	B7H3 vs STOP	condition_miloB7H3 - condition_miloSTOP
0.333482364289646	10.9354386824979	0.137576847759592	0.713569934478017	0.988520613629585	30	0.981140282921039	Cycling / proliferating CAR T cells	1	B7H3 vs STOP	condition_miloB7H3 - condition_miloSTOP
0.515574387142714	11.2778844292333	0.399347794556623	0.532692674928463	0.988520613629585	31	0.981140282921039	IFN-responsive T cells	1	B7H3 vs STOP	condition_miloB7H3 - condition_miloSTOP
-0.597502236359345	11.6209861611248	0.540941646986651	0.468326342675534	0.988520613629585	32	0.981140282921039	Naïve / central-memory T cells	0.934579439252336	B7H3 vs STOP	condition_miloB7H3 - condition_miloSTOP
0.222406991966893	11.3852519490551	0.0672530649228373	0.797328275889699	0.988520613629585	33	0.981140282921039	Activated effector CD8 T cells (stress)	0.54	B7H3 vs STOP	condition_miloB7H3 - condition_miloSTOP
-0.841544033536673	11.4421403158607	0.969974150580394	0.33335102963232	0.988520613629585	34	0.981140282921039	NK-like cytotoxic lymphocytes	0.752475247524752	B7H3 vs STOP	condition_miloB7H3 - condition_miloSTOP
0.0170204285724678	11.2771278915353	0.000325537820712405	0.985736276513644	0.996949424612335	35	0.995047642772559	γδ T cells	0.989130434782609	B7H3 vs STOP	condition_miloB7H3 - condition_miloSTOP
2.40458349253243	10.7990860966547	4.46888936570667	0.0438093539956087	0.988520613629585	36	0.978292788866908	Activated effector CD8 T cells (stress)	0.71875	B7H3 vs STOP	condition_miloB7H3 - condition_miloSTOP
0.368200148485513	11.3670406970791	0.136495574644271	0.714645590854052	0.988520613629585	37	0.981140282921039	Treg	0.990196078431373	B7H3 vs STOP	condition_miloB7H3 - condition_miloSTOP
0.664029325050936	11.3422299082947	0.671788637978708	0.419540115860912	0.988520613629585	38	0.981140282921039	Naïve / central-memory T cells	0.435185185185185	B7H3 vs STOP	condition_miloB7H3 - condition_miloSTOP
-0.105162318169173	11.5585658802069	0.0180882853896819	0.894001441813732	0.988520613629585	39	0.981140282921039	Naïve / central-memory T cells	0.81981981981982	B7H3 vs STOP	condition_miloB7H3 - condition_miloSTOP
1.36050661965408	10.9774501673724	1.6762814389897	0.206282922808426	0.988520613629585	40	0.981140282921039	Antigen-presenting myeloid cells	1	B7H3 vs STOP	condition_miloB7H3 - condition_miloSTOP
-0.507224736897425	10.8046202977463	0.310611874429762	0.582026655332695	0.988520613629585	41	0.981140282921039	Cycling / proliferating CAR T cells	0.938461538461538	B7H3 vs STOP	condition_miloB7H3 - condition_miloSTOP
0.206567862886644	11.1023799509081	0.0629294720626464	0.803806218874358	0.988520613629585	42	0.981140282921039	Cycling / proliferating CAR T cells	1	B7H3 vs STOP	condition_miloB7H3 - condition_miloSTOP
-2.7765441832744	11.3544446690095	7.96230805624221	0.00880930106204199	0.988520613629585	43	0.978292788866908	Antigen-presenting myeloid cells	0.915492957746479	B7H3 vs STOP	condition_miloB7H3 - condition_miloSTOP
-0.804656553399139	11.89009332728	1.48826658072493	0.232938919439049	0.988520613629585	44	0.981140282921039	Quiescent T cells	0.981366459627329	B7H3 vs STOP	condition_miloB7H3 - condition_miloSTOP
0.583143115742992	11.142850115676	0.310728104244182	0.581784248906144	0.988520613629585	45	0.981140282921039	Treg	0.895348837209302	B7H3 vs STOP	condition_miloB7H3 - condition_miloSTOP
0.621614855519999	11.5049433138187	0.227488275769977	0.637445604576383	0.988520613629585	46	0.981140282921039	Quiescent T cells	0.954545454545455	B7H3 vs STOP	condition_miloB7H3 - condition_miloSTOP
-1.07677550929121	11.7809618419276	2.4009580103957	0.132798135398423	0.988520613629585	47	0.981140282921039	Activated effector CD8 T cells (stress)	0.84297520661157	B7H3 vs STOP	condition_miloB7H3 - condition_miloSTOP
0.969157837813702	10.9556281101724	1.06948643874891	0.310152568130896	0.988520613629585	48	0.981140282921039	Cycling / proliferating CAR T cells	0.986666666666667	B7H3 vs STOP	condition_miloB7H3 - condition_miloSTOP
0.492178489167633	11.1812377610308	0.340418077080952	0.564386326259438	0.988520613629585	49	0.981140282921039	Treg	1	B7H3 vs STOP	condition_miloB7H3 - condition_miloSTOP
-0.20261415398882	11.4589327442352	0.0662550190063569	0.798803413418791	0.988520613629585	50	0.981140282921039	NK-like cytotoxic lymphocytes	1	B7H3 vs STOP	condition_miloB7H3 - condition_miloSTOP
0.120048876853062	12.1580845058577	0.0240770983299226	0.877832565618455	0.988520613629585	51	0.981140282921039	Activated effector CD8 T cells (stress)	1	B7H3 vs STOP	condition_miloB7H3 - condition_miloSTOP
-1.23303184540888	10.9017506954203	1.31154034764205	0.262074841938317	0.988520613629585	52	0.981140282921039	Antigen-presenting myeloid cells	1	B7H3 vs STOP	condition_miloB7H3 - condition_miloSTOP
0.234198029489295	11.1270516534773	0.0642547883726767	0.801795961277154	0.988520613629585	53	0.981140282921039	Cycling / proliferating CAR T cells	1	B7H3 vs STOP	condition_miloB7H3 - condition_miloSTOP
-0.647079440743722	11.209675045888	0.665237691364151	0.421789176574781	0.988520613629585	54	0.981140282921039	Activated effector CD8 T cells (stress)	1	B7H3 vs STOP	condition_miloB7H3 - condition_miloSTOP
0.942063965106182	11.6804178057009	1.1409757754948	0.294817966587792	0.988520613629585	55	0.981140282921039	NK-like cytotoxic lymphocytes	1	B7H3 vs STOP	condition_miloB7H3 - condition_miloSTOP
-0.939597845787373	11.4622506497409	1.17621707493174	0.287629861726336	0.988520613629585	56	0.981140282921039	NK-like cytotoxic lymphocytes	0.979591836734694	B7H3 vs STOP	condition_miloB7H3 - condition_miloSTOP
-0.84215056991639	11.1549564667381	0.982986365409241	0.330185280007268	0.988520613629585	57	0.981140282921039	Quiescent T cells	0.743589743589744	B7H3 vs STOP	condition_miloB7H3 - condition_miloSTOP
-1.06034143232821	11.1734119387548	1.39527804173891	0.247722757856053	0.988520613629585	58	0.981140282921039	NK-like cytotoxic lymphocytes	1	B7H3 vs STOP	condition_miloB7H3 - condition_miloSTOP
-0.443025325427531	11.2348185140148	0.159974186110173	0.692298392459619	0.988520613629585	59	0.981140282921039	Antigen-presenting myeloid cells	0.526315789473684	B7H3 vs STOP	condition_miloB7H3 - condition_miloSTOP
0.567620487836431	10.6902446512388	0.241316297070944	0.627190355010998	0.988520613629585	60	0.981140282921039	Activated CD4 effector / helper-like T cells	0.875	B7H3 vs STOP	condition_miloB7H3 - condition_miloSTOP
0.59543435495566	11.0438215170424	0.411757952310434	0.526439890374351	0.988520613629585	61	0.981140282921039	Cycling / proliferating CAR T cells	1	B7H3 vs STOP	condition_miloB7H3 - condition_miloSTOP
1.23954864195051	11.1630634613066	1.39150591966257	0.24834729399174	0.988520613629585	62	0.981140282921039	Activated CD4 effector / helper-like T cells	0.629213483146067	B7H3 vs STOP	condition_miloB7H3 - condition_miloSTOP
0.32250092259066	11.4591745258302	0.124872703657001	0.726527811565488	0.988520613629585	63	0.981140282921039	Treg	0.981132075471698	B7H3 vs STOP	condition_miloB7H3 - condition_miloSTOP
-1.25344438997206	10.5822916657496	0.97037268373869	0.333253449172849	0.988520613629585	64	0.981140282921039	Th2-like inflammatory T cells	0.558139534883721	B7H3 vs STOP	condition_miloB7H3 - condition_miloSTOP
-0.989211438594427	10.6847893850393	0.695545198348026	0.411809955389698	0.988520613629585	65	0.981140282921039	Antigen-presenting myeloid cells	0.759259259259259	B7H3 vs STOP	condition_miloB7H3 - condition_miloSTOP
-0.100585498864508	11.4179900647018	0.00896106386719373	0.925275252659534	0.988520613629585	66	0.981140282921039	Quiescent T cells	0.92	B7H3 vs STOP	condition_miloB7H3 - condition_miloSTOP
-1.78312929681036	11.3462253903727	4.48936639739042	0.0433636411130827	0.988520613629585	67	0.978292788866908	Activated CD4 effector / helper-like T cells	0.951923076923077	B7H3 vs STOP	condition_miloB7H3 - condition_miloSTOP
0.151261591465032	11.399587426129	0.0273032385965273	0.869977242704967	0.988520613629585	68	0.981140282921039	Treg	1	B7H3 vs STOP	condition_miloB7H3 - condition_miloSTOP
1.12006335974653	10.7108668531627	0.66654787997705	0.42133788467457	0.988520613629585	69	0.981140282921039	NK-like cytotoxic lymphocytes	0.719298245614035	B7H3 vs STOP	condition_miloB7H3 - condition_miloSTOP
0.289522910645682	10.7947128254777	0.0852227324292138	0.772551648707721	0.988520613629585	70	0.981140282921039	Treg	0.7	B7H3 vs STOP	condition_miloB7H3 - condition_miloSTOP
-0.483929806279751	10.9735062828431	0.347378982614043	0.560639494431865	0.988520613629585	71	0.981140282921039	Activated effector CD8 T cells (stress)	0.5	B7H3 vs STOP	condition_miloB7H3 - condition_miloSTOP
-0.279177068801894	11.7632805088082	0.157660314307627	0.69441271766271	0.988520613629585	72	0.981140282921039	Quiescent T cells	0.986111111111111	B7H3 vs STOP	condition_miloB7H3 - condition_miloSTOP
0.692897530876144	11.6739400647325	0.86425530875376	0.360713413038266	0.988520613629585	73	0.981140282921039	Activated effector CD8 T cells (stress)	0.949640287769784	B7H3 vs STOP	condition_miloB7H3 - condition_miloSTOP
-1.16358205968113	10.7515658832623	0.980340732513822	0.330825566508431	0.988520613629585	74	0.981140282921039	Quiescent T cells	0.461538461538462	B7H3 vs STOP	condition_miloB7H3 - condition_miloSTOP
0.428801752950156	11.9710631221665	0.309063674103178	0.582791681430447	0.988520613629585	75	0.981140282921039	Activated effector CD8 T cells (stress)	0.922077922077922	B7H3 vs STOP	condition_miloB7H3 - condition_miloSTOP
-0.877635010220565	11.1373232967857	1.05934919841239	0.312413236941362	0.988520613629585	76	0.981140282921039	Activated CD4 effector / helper-like T cells	0.851351351351351	B7H3 vs STOP	condition_miloB7H3 - condition_miloSTOP
-0.632226210736039	11.1744668043114	0.535874951472198	0.470396840959602	0.988520613629585	77	0.981140282921039	Quiescent T cells	0.5375	B7H3 vs STOP	condition_miloB7H3 - condition_miloSTOP
-1.38194997412294	11.539840681176	1.53904396924798	0.226028282963956	0.988520613629585	78	0.981140282921039	Quiescent T cells	0.579545454545455	B7H3 vs STOP	condition_miloB7H3 - condition_miloSTOP
-0.250601096449387	11.7454680137268	0.105621778723984	0.747666855733054	0.988520613629585	79	0.981140282921039	γδ T cells	1	B7H3 vs STOP	condition_miloB7H3 - condition_miloSTOP
0.45066728336506	11.4737631626431	0.167130714253505	0.685869717986573	0.988520613629585	80	0.981140282921039	Treg	0.990654205607477	B7H3 vs STOP	condition_miloB7H3 - condition_miloSTOP
-1.59583402048208	11.0674336256356	3.89600794066154	0.0590125129531889	0.988520613629585	81	0.978292788866908	Terminally differentiated cytotoxic T cells	0.826666666666667	B7H3 vs STOP	condition_miloB7H3 - condition_miloSTOP
-1.33786508669966	11.4907614645268	2.83364741452835	0.103732469293308	0.988520613629585	82	0.981140282921039	Quiescent T cells	0.990196078431373	B7H3 vs STOP	condition_miloB7H3 - condition_miloSTOP
0.841923721403386	11.1643098304445	0.560148581575761	0.460611774315303	0.988520613629585	83	0.981140282921039	Quiescent T cells	0.846153846153846	B7H3 vs STOP	condition_miloB7H3 - condition_miloSTOP
0.457480767936306	11.213058857894	0.269909562763058	0.607587082432702	0.988520613629585	84	0.981140282921039	Treg	0.98876404494382	B7H3 vs STOP	condition_miloB7H3 - condition_miloSTOP
-0.710267253968324	10.9341154525469	0.603779740325151	0.443832967928729	0.988520613629585	85	0.981140282921039	Treg	1	B7H3 vs STOP	condition_miloB7H3 - condition_miloSTOP
-1.50047707907156	11.1455489181709	3.77856932906052	0.0623055005065354	0.988520613629585	86	0.978292788866908	Treg	0.670886075949367	B7H3 vs STOP	condition_miloB7H3 - condition_miloSTOP
1.40026360255204	11.514724342734	2.3829238787854	0.134202631830888	0.988520613629585	87	0.981140282921039	NK-like cytotoxic lymphocytes	1	B7H3 vs STOP	condition_miloB7H3 - condition_miloSTOP
-0.422109502503076	10.7997237094002	0.164930122200412	0.687829069329948	0.988520613629585	88	0.981140282921039	Antigen-presenting myeloid cells	0.696428571428571	B7H3 vs STOP	condition_miloB7H3 - condition_miloSTOP
0.275360790309929	11.4577342613468	0.0977044507766672	0.756981549719726	0.988520613629585	89	0.981140282921039	γδ T cells	0.819047619047619	B7H3 vs STOP	condition_miloB7H3 - condition_miloSTOP
-1.62282948867074	11.079438822635	3.38852660265952	0.0765651435281282	0.988520613629585	90	0.981140282921039	Activated CD4 effector / helper-like T cells	0.873239436619718	B7H3 vs STOP	condition_miloB7H3 - condition_miloSTOP
-0.365436320179871	11.400151574716	0.221501792839284	0.641785335447278	0.988520613629585	91	0.981140282921039	Treg	1	B7H3 vs STOP	condition_miloB7H3 - condition_miloSTOP
-0.121522370027302	11.5459972281163	0.0177847078330889	0.894889200523443	0.988520613629585	92	0.981140282921039	Naïve / central-memory T cells	0.552631578947368	B7H3 vs STOP	condition_miloB7H3 - condition_miloSTOP
0.0739659726838749	11.7364569311165	0.00759802081101031	0.931176452638983	0.988520613629585	93	0.981140282921039	γδ T cells	0.986928104575163	B7H3 vs STOP	condition_miloB7H3 - condition_miloSTOP
-0.139331809266849	11.5000500109043	0.0308774580933977	0.861862578861138	0.988520613629585	94	0.981140282921039	Terminally differentiated cytotoxic T cells	0.992	B7H3 vs STOP	condition_miloB7H3 - condition_miloSTOP
-2.29483276917902	11.0318419441338	4.51388082440197	0.042836683731817	0.988520613629585	95	0.978292788866908	Antigen-presenting myeloid cells	1	B7H3 vs STOP	condition_miloB7H3 - condition_miloSTOP
-0.300495659680518	11.2234257545599	0.150330203879538	0.701232155076641	0.988520613629585	96	0.981140282921039	Cycling / proliferating CAR T cells	0.989473684210526	B7H3 vs STOP	condition_miloB7H3 - condition_miloSTOP
0.872515019418678	11.5918813175203	0.734533348399499	0.398892482347608	0.988520613629585	97	0.981140282921039	Quiescent T cells	0.627118644067797	B7H3 vs STOP	condition_miloB7H3 - condition_miloSTOP
-0.232401357103592	11.8604781962619	0.123739333065488	0.727719421395767	0.988520613629585	98	0.981140282921039	Activated effector CD8 T cells (stress)	1	B7H3 vs STOP	condition_miloB7H3 - condition_miloSTOP
0.235600525159638	10.73088037459	0.0429030843404807	0.837447924128646	0.988520613629585	99	0.981140282921039	Activated CD4 effector / helper-like T cells	1	B7H3 vs STOP	condition_miloB7H3 - condition_miloSTOP
-2.06180487145909	11.0503720462487	5.04016321739654	0.0330785093155546	0.988520613629585	100	0.978292788866908	Activated CD4 effector / helper-like T cells	0.935897435897436	B7H3 vs STOP	condition_miloB7H3 - condition_miloSTOP
-0.984276882449155	11.37876247923	1.07673353728757	0.308549946007003	0.988520613629585	101	0.981140282921039	NK-like cytotoxic lymphocytes	1	B7H3 vs STOP	condition_miloB7H3 - condition_miloSTOP
-0.604193156778525	10.616076646965	0.30213834605226	0.587191561209889	0.988520613629585	102	0.981140282921039	Treg	0.745098039215686	B7H3 vs STOP	condition_miloB7H3 - condition_miloSTOP
1.64160828547237	11.2422663521132	3.46638887098855	0.0734459482056665	0.988520613629585	103	0.981140282921039	Cycling / proliferating CAR T cells	0.98	B7H3 vs STOP	condition_miloB7H3 - condition_miloSTOP
-1.55059476133362	11.2422163490234	2.80259098259063	0.1055538808783	0.988520613629585	104	0.981140282921039	Activated CD4 effector / helper-like T cells	0.97752808988764	B7H3 vs STOP	condition_miloB7H3 - condition_miloSTOP
0.195442465913794	10.8945121256728	0.0266985879867437	0.871411653330882	0.988520613629585	105	0.981140282921039	Treg	0.639344262295082	B7H3 vs STOP	condition_miloB7H3 - condition_miloSTOP
0.99134124653913	10.8556564361636	0.830376372746268	0.370154771930627	0.988520613629585	106	0.981140282921039	Cycling / proliferating CAR T cells	0.985714285714286	B7H3 vs STOP	condition_miloB7H3 - condition_miloSTOP
0.448808225627189	11.4727870100612	0.276002599349469	0.603743105859747	0.988520613629585	107	0.981140282921039	Activated effector CD8 T cells (stress)	1	B7H3 vs STOP	condition_miloB7H3 - condition_miloSTOP
-0.475481470019454	11.8390038435105	0.30003395260552	0.588320200828032	0.988520613629585	108	0.981140282921039	Quiescent T cells	0.963503649635037	B7H3 vs STOP	condition_miloB7H3 - condition_miloSTOP
-0.95689765006051	10.7968759975975	0.884832574288252	0.355145956543021	0.988520613629585	109	0.981140282921039	Antigen-presenting myeloid cells	0.637931034482759	B7H3 vs STOP	condition_miloB7H3 - condition_miloSTOP
-0.226297819656035	10.3813683803158	0.0261759445045032	0.872665027445675	0.988520613629585	110	0.981140282921039	Antigen-presenting myeloid cells	0.785714285714286	B7H3 vs STOP	condition_miloB7H3 - condition_miloSTOP
-1.58164761478487	11.3548968881284	4.01380621317789	0.0551653670851722	0.988520613629585	111	0.978292788866908	Activated CD4 effector / helper-like T cells	0.76	B7H3 vs STOP	condition_miloB7H3 - condition_miloSTOP
-0.563266030209224	11.2991637778758	0.379420058890331	0.543025198546044	0.988520613629585	112	0.981140282921039	NK-like cytotoxic lymphocytes	1	B7H3 vs STOP	condition_miloB7H3 - condition_miloSTOP
2.92620339965358	11.0671748134279	4.11755226239355	0.052312244696388	0.988520613629585	113	0.978292788866908	Naïve / central-memory T cells	0.5	B7H3 vs STOP	condition_miloB7H3 - condition_miloSTOP
0.379099500695064	11.1949595697172	0.161571946417512	0.690848796833482	0.988520613629585	114	0.981140282921039	Treg	0.685393258426966	B7H3 vs STOP	condition_miloB7H3 - condition_miloSTOP
-2.44082697501437	11.2707127517562	5.21305080723362	0.0304331705284002	0.988520613629585	115	0.978292788866908	Antigen-presenting myeloid cells	1	B7H3 vs STOP	condition_miloB7H3 - condition_miloSTOP
0.284666934563677	10.9112665555868	0.104721783128361	0.748705790274375	0.988520613629585	116	0.981140282921039	Cycling / proliferating CAR T cells	1	B7H3 vs STOP	condition_miloB7H3 - condition_miloSTOP
2.31535770768561	11.1654977757418	3.86055486493587	0.0597052043163358	0.988520613629585	117	0.978292788866908	Treg	0.761363636363636	B7H3 vs STOP	condition_miloB7H3 - condition_miloSTOP
0.0987212421456748	11.4102994723373	0.0154173127311127	0.902094861295132	0.988520613629585	118	0.981140282921039	NK-like cytotoxic lymphocytes	1	B7H3 vs STOP	condition_miloB7H3 - condition_miloSTOP
-0.36469367135968	11.7117503958353	0.230239742358408	0.635175191044847	0.988520613629585	119	0.981140282921039	Activated effector CD8 T cells (stress)	1	B7H3 vs STOP	condition_miloB7H3 - condition_miloSTOP
-1.64722231619096	11.2268934441454	2.05148556472703	0.164175846590991	0.988520613629585	120	0.981140282921039	Quiescent T cells	0.661971830985915	B7H3 vs STOP	condition_miloB7H3 - condition_miloSTOP
-0.473900035056327	10.9512886824694	0.270036192715847	0.607503266441229	0.988520613629585	121	0.981140282921039	NK-like cytotoxic lymphocytes	1	B7H3 vs STOP	condition_miloB7H3 - condition_miloSTOP
0.306332229082443	11.3672228490113	0.145575312079825	0.705759096281724	0.988520613629585	122	0.981140282921039	Treg	1	B7H3 vs STOP	condition_miloB7H3 - condition_miloSTOP
-0.570119800604061	11.5320175225129	0.562503705101437	0.459680122874979	0.988520613629585	123	0.981140282921039	Terminally differentiated cytotoxic T cells	0.914529914529915	B7H3 vs STOP	condition_miloB7H3 - condition_miloSTOP
0.048095033762279	11.8087553786849	0.003817479552928	0.951184403402569	0.988520613629585	124	0.981140282921039	Activated effector CD8 T cells (stress)	0.693430656934307	B7H3 vs STOP	condition_miloB7H3 - condition_miloSTOP
-0.549797105528517	11.4323937380468	0.452307481753598	0.506904472355474	0.988520613629585	125	0.981140282921039	Activated CD4 effector / helper-like T cells	0.518181818181818	B7H3 vs STOP	condition_miloB7H3 - condition_miloSTOP
0.383698363742801	11.3136875567861	0.20308961318426	0.655803876968708	0.988520613629585	126	0.981140282921039	Naïve / central-memory T cells	0.763440860215054	B7H3 vs STOP	condition_miloB7H3 - condition_miloSTOP
0.775144067286667	11.1198675916178	0.684651464260276	0.415177202951899	0.988520613629585	127	0.981140282921039	Activated effector CD8 T cells (stress)	1	B7H3 vs STOP	condition_miloB7H3 - condition_miloSTOP
-0.657622936639567	11.4844507315874	0.612830860961637	0.4404745117398	0.988520613629585	128	0.981140282921039	Antigen-presenting myeloid cells	1	B7H3 vs STOP	condition_miloB7H3 - condition_miloSTOP
-0.377239729560735	11.7314639059639	0.265684780944369	0.610397953251851	0.988520613629585	129	0.981140282921039	Treg	1	B7H3 vs STOP	condition_miloB7H3 - condition_miloSTOP
1.10492011544086	10.4837577974768	0.57410130732444	0.455382321876207	0.988520613629585	130	0.981140282921039	Treg	0.869565217391304	B7H3 vs STOP	condition_miloB7H3 - condition_miloSTOP
0.618440759725236	10.6764688542699	0.283256036194386	0.599051321511455	0.988520613629585	131	0.981140282921039	Treg	0.607142857142857	B7H3 vs STOP	condition_miloB7H3 - condition_miloSTOP
0.483985321903002	11.5352348563854	0.352377979318622	0.557665865785005	0.988520613629585	132	0.981140282921039	Terminally differentiated cytotoxic T cells	1	B7H3 vs STOP	condition_miloB7H3 - condition_miloSTOP
0.218353234278121	10.315664342973	0.0106928670323555	0.918426471261397	0.988520613629585	133	0.981140282921039	Antigen-presenting myeloid cells	0.976744186046512	B7H3 vs STOP	condition_miloB7H3 - condition_miloSTOP
-1.39408928364046	10.8048189836253	1.60183900299067	0.216357475285642	0.988520613629585	134	0.981140282921039	Th2-like inflammatory T cells	1	B7H3 vs STOP	condition_miloB7H3 - condition_miloSTOP
-0.594941007585145	11.2898256033446	0.414389883620561	0.525131021141928	0.988520613629585	135	0.981140282921039	Antigen-presenting myeloid cells	1	B7H3 vs STOP	condition_miloB7H3 - condition_miloSTOP
0.347822045413312	11.0677024996874	0.121376333321605	0.730223785044677	0.988520613629585	136	0.981140282921039	Treg	1	B7H3 vs STOP	condition_miloB7H3 - condition_miloSTOP
0.521911575296873	10.8948680525526	0.347639209918233	0.560309888924833	0.988520613629585	137	0.981140282921039	Quiescent T cells	0.833333333333333	B7H3 vs STOP	condition_miloB7H3 - condition_miloSTOP
0.528148477337574	11.0145275515764	0.402904462309814	0.530886793857348	0.988520613629585	138	0.981140282921039	Cycling / proliferating CAR T cells	1	B7H3 vs STOP	condition_miloB7H3 - condition_miloSTOP
0.22657484010664	11.256770900648	0.0735366133092633	0.788299096660513	0.988520613629585	139	0.981140282921039	Activated effector CD8 T cells (stress)	1	B7H3 vs STOP	condition_miloB7H3 - condition_miloSTOP
0.65994332333722	11.4906134085899	0.405353365657825	0.529649903743672	0.988520613629585	140	0.981140282921039	Treg	1	B7H3 vs STOP	condition_miloB7H3 - condition_miloSTOP
-0.153182322195811	10.7716003235322	0.0135793333914697	0.908086782118098	0.988520613629585	141	0.981140282921039	Quiescent T cells	0.66	B7H3 vs STOP	condition_miloB7H3 - condition_miloSTOP
-2.40446357722994	11.3425329072701	5.74976566781328	0.0236022464041744	0.988520613629585	142	0.978292788866908	Antigen-presenting myeloid cells	0.714285714285714	B7H3 vs STOP	condition_miloB7H3 - condition_miloSTOP
-2.52059262343947	10.736628784359	4.32811201060445	0.0470156053963058	0.988520613629585	143	0.978292788866908	Terminally differentiated cytotoxic T cells	0.966666666666667	B7H3 vs STOP	condition_miloB7H3 - condition_miloSTOP
1.21320344608075	10.8471046264904	1.36738554996754	0.25238875190951	0.988520613629585	144	0.981140282921039	Treg	0.569230769230769	B7H3 vs STOP	condition_miloB7H3 - condition_miloSTOP
0.415695559717206	10.8454234522337	0.0951526374362201	0.760071941940059	0.988520613629585	145	0.981140282921039	γδ / Th17-like T cells	1	B7H3 vs STOP	condition_miloB7H3 - condition_miloSTOP
-0.0938651539531166	11.8762698020604	0.0184521522447715	0.892947319145979	0.988520613629585	146	0.981140282921039	Activated effector CD8 T cells (stress)	1	B7H3 vs STOP	condition_miloB7H3 - condition_miloSTOP
0.305756777215761	11.193709229581	0.107038489445908	0.746041336225657	0.988520613629585	147	0.981140282921039	NK-like cytotoxic lymphocytes	1	B7H3 vs STOP	condition_miloB7H3 - condition_miloSTOP
0.596225293467122	11.1162717249181	0.391909547425382	0.536506297687142	0.988520613629585	148	0.981140282921039	Antigen-presenting myeloid cells	1	B7H3 vs STOP	condition_miloB7H3 - condition_miloSTOP
0.671180679046815	11.6976908897445	0.826474019708558	0.371265004443273	0.988520613629585	149	0.981140282921039	Quiescent T cells	0.81203007518797	B7H3 vs STOP	condition_miloB7H3 - condition_miloSTOP
-0.0126879104693749	11.3058488966494	0.000175629176114669	0.98952288367741	0.996949424612335	150	0.995047642772559	Treg	1	B7H3 vs STOP	condition_miloB7H3 - condition_miloSTOP
0.373404808647095	11.2863211072821	0.196729144980829	0.660875844148003	0.988520613629585	151	0.981140282921039	Activated effector CD8 T cells (stress)	0.835164835164835	B7H3 vs STOP	condition_miloB7H3 - condition_miloSTOP
0.00497742839165352	11.7664338392923	3.50001643775309e-05	0.995322766752697	0.998915989737364	152	0.998405509738465	Treg	1	B7H3 vs STOP	condition_miloB7H3 - condition_miloSTOP
-0.758291914046662	11.5705097590931	0.597872471948278	0.446046852389747	0.988520613629585	153	0.981140282921039	γδ / Th17-like T cells	1	B7H3 vs STOP	condition_miloB7H3 - condition_miloSTOP
-0.682484119589173	11.3428236546476	0.45609339641721	0.505146265412995	0.988520613629585	154	0.981140282921039	γδ / Th17-like T cells	1	B7H3 vs STOP	condition_miloB7H3 - condition_miloSTOP
5.40517505083804	10.4604851591987	3.42666626213163	0.075883105246677	0.988520613629585	155	0.981140282921039	Antigen-presenting myeloid cells	1	B7H3 vs STOP	condition_miloB7H3 - condition_miloSTOP
-0.524574877470389	11.6504865090234	0.545099438104325	0.466638461780741	0.988520613629585	156	0.981140282921039	Quiescent T cells	0.983606557377049	B7H3 vs STOP	condition_miloB7H3 - condition_miloSTOP
0.105791117582854	10.3746118970415	0.00431863119687083	0.948101643506281	0.988520613629585	157	0.981140282921039	Cycling / proliferating CAR T cells	0.714285714285714	B7H3 vs STOP	condition_miloB7H3 - condition_miloSTOP
5.21987034632891	10.3640912553368	3.75655826301354	0.0638586459299021	0.988520613629585	158	0.978292788866908	Antigen-presenting myeloid cells	0.934782608695652	B7H3 vs STOP	condition_miloB7H3 - condition_miloSTOP
0.444113627547647	11.331848208169	0.219410395871117	0.643214882599951	0.988520613629585	159	0.981140282921039	Treg	1	B7H3 vs STOP	condition_miloB7H3 - condition_miloSTOP
0.617527115182611	11.159041849253	0.415650143702316	0.52450638207505	0.988520613629585	160	0.981140282921039	Cycling / proliferating CAR T cells	1	B7H3 vs STOP	condition_miloB7H3 - condition_miloSTOP
-1.94010844952615	11.4774088742682	5.75295168672832	0.0235671243783264	0.988520613629585	161	0.978292788866908	Terminally differentiated cytotoxic T cells	0.556603773584906	B7H3 vs STOP	condition_miloB7H3 - condition_miloSTOP
-0.190207818063582	11.0583272463534	0.0549713611068149	0.816380841906527	0.988520613629585	162	0.981140282921039	Cycling / proliferating CAR T cells	0.831325301204819	B7H3 vs STOP	condition_miloB7H3 - condition_miloSTOP
0.696315022768482	11.6702973972695	0.925253004930358	0.34455792711813	0.988520613629585	163	0.981140282921039	Activated effector CD8 T cells (stress)	1	B7H3 vs STOP	condition_miloB7H3 - condition_miloSTOP
-0.952327304246352	11.1760139218604	0.881883873792296	0.355936246181835	0.988520613629585	164	0.981140282921039	γδ T cells	1	B7H3 vs STOP	condition_miloB7H3 - condition_miloSTOP
0.594744536086235	10.6594079616418	0.28589861600897	0.597197145753508	0.988520613629585	165	0.981140282921039	Treg	0.981818181818182	B7H3 vs STOP	condition_miloB7H3 - condition_miloSTOP
0.103365634007312	11.0202823713124	0.0118507231044778	0.914110392220448	0.988520613629585	166	0.981140282921039	Activated effector CD8 T cells (stress)	0.828571428571429	B7H3 vs STOP	condition_miloB7H3 - condition_miloSTOP
0.118993811887872	11.0439533767144	0.0167100600753229	0.898095492345869	0.988520613629585	167	0.981140282921039	Quiescent T cells	0.974683544303797	B7H3 vs STOP	condition_miloB7H3 - condition_miloSTOP
-0.861989479076279	11.022340080378	1.12770372180078	0.297586891566336	0.988520613629585	168	0.981140282921039	Quiescent T cells	0.689189189189189	B7H3 vs STOP	condition_miloB7H3 - condition_miloSTOP
0.341328681747498	11.3634573915134	0.108653604444518	0.74420267682045	0.988520613629585	169	0.981140282921039	γδ T cells	0.744897959183674	B7H3 vs STOP	condition_miloB7H3 - condition_miloSTOP
-0.455301919446135	11.580123862287	0.248658249984973	0.622022898156766	0.988520613629585	170	0.981140282921039	Quiescent T cells	0.990476190476191	B7H3 vs STOP	condition_miloB7H3 - condition_miloSTOP
1.07733129589027	11.3870840412242	1.75227811080995	0.196588897218295	0.988520613629585	171	0.981140282921039	Cycling / proliferating CAR T cells	0.991071428571429	B7H3 vs STOP	condition_miloB7H3 - condition_miloSTOP
-0.375003455092098	11.5450863991873	0.20041684002366	0.657923363515613	0.988520613629585	172	0.981140282921039	NK-like cytotoxic lymphocytes	0.9375	B7H3 vs STOP	condition_miloB7H3 - condition_miloSTOP
0.620308642853012	11.6439174033761	0.659025055619774	0.423939273944872	0.988520613629585	173	0.981140282921039	NK-like cytotoxic lymphocytes	1	B7H3 vs STOP	condition_miloB7H3 - condition_miloSTOP
1.11525090267329	10.3847002327551	0.285277646735534	0.597593579711061	0.988520613629585	174	0.981140282921039	γδ / Th17-like T cells	0.7	B7H3 vs STOP	condition_miloB7H3 - condition_miloSTOP
0.291084521640893	11.4285747468042	0.116061220394712	0.735958892294893	0.988520613629585	175	0.981140282921039	Naïve / central-memory T cells	0.97029702970297	B7H3 vs STOP	condition_miloB7H3 - condition_miloSTOP
0.383863054706107	10.9265237874659	0.167924060037314	0.685167051985934	0.988520613629585	176	0.981140282921039	Cycling / proliferating CAR T cells	1	B7H3 vs STOP	condition_miloB7H3 - condition_miloSTOP
-0.836325839190176	10.8307532087995	1.01401009104084	0.322802570148185	0.988520613629585	177	0.981140282921039	Activated effector CD8 T cells (stress)	0.483333333333333	B7H3 vs STOP	condition_miloB7H3 - condition_miloSTOP
0.597892082545853	11.4065893282123	0.428173196756352	0.518371715110485	0.988520613629585	178	0.981140282921039	Activated effector CD8 T cells (stress)	0.936936936936937	B7H3 vs STOP	condition_miloB7H3 - condition_miloSTOP
-0.0864796448181803	11.7566310473044	0.0134083891601025	0.908664449989137	0.988520613629585	179	0.981140282921039	Naïve / central-memory T cells	1	B7H3 vs STOP	condition_miloB7H3 - condition_miloSTOP
-0.690509788678629	11.3357260843226	0.413225935112821	0.52570912598713	0.988520613629585	180	0.981140282921039	NK-like cytotoxic lymphocytes	0.896551724137931	B7H3 vs STOP	condition_miloB7H3 - condition_miloSTOP
-0.0242288340905399	10.9722602646222	0.000522434514509027	0.981931032292363	0.996949424612335	181	0.993498983498487	Antigen-presenting myeloid cells	0.983333333333333	B7H3 vs STOP	condition_miloB7H3 - condition_miloSTOP
-1.10825502680407	10.8520910638113	1.58146944148124	0.219220054187578	0.988520613629585	182	0.981140282921039	Quiescent T cells	1	B7H3 vs STOP	condition_miloB7H3 - condition_miloSTOP
0.500403381176257	10.8503536803597	0.197359370913123	0.660368920023772	0.988520613629585	183	0.981140282921039	Cycling / proliferating CAR T cells	0.973333333333333	B7H3 vs STOP	condition_miloB7H3 - condition_miloSTOP
-0.175539879077508	10.9889296585328	0.0284500298865556	0.867300898372211	0.988520613629585	184	0.981140282921039	Activated CD4 effector / helper-like T cells	0.647058823529412	B7H3 vs STOP	condition_miloB7H3 - condition_miloSTOP
0.063042923795268	10.6767919295654	0.00382142668931965	0.951159206427086	0.988520613629585	185	0.981140282921039	Cycling / proliferating CAR T cells	0.963636363636364	B7H3 vs STOP	condition_miloB7H3 - condition_miloSTOP
1.19621078360017	10.628874663873	0.78664132132037	0.382878786751816	0.988520613629585	186	0.981140282921039	Cycling / proliferating CAR T cells	0.912280701754386	B7H3 vs STOP	condition_miloB7H3 - condition_miloSTOP
-0.192010594712308	11.691034217734	0.0608188271853785	0.807124808736576	0.988520613629585	187	0.981140282921039	Activated effector CD8 T cells (stress)	1	B7H3 vs STOP	condition_miloB7H3 - condition_miloSTOP
-0.152172940689046	11.6062820184635	0.0204970392674458	0.887280398184912	0.988520613629585	188	0.981140282921039	Quiescent T cells	0.965811965811966	B7H3 vs STOP	condition_miloB7H3 - condition_miloSTOP
-0.328936464651117	11.2214373026123	0.107258399677829	0.745790086465136	0.988520613629585	189	0.981140282921039	Quiescent T cells	0.957894736842105	B7H3 vs STOP	condition_miloB7H3 - condition_miloSTOP
-1.05404113314768	11.3279716030474	1.42885392089917	0.242250957894699	0.988520613629585	190	0.981140282921039	Th2-like inflammatory T cells	1	B7H3 vs STOP	condition_miloB7H3 - condition_miloSTOP
-0.602913783802682	11.6320915222465	0.617994188744013	0.438576597045521	0.988520613629585	191	0.981140282921039	Naïve / central-memory T cells	1	B7H3 vs STOP	condition_miloB7H3 - condition_miloSTOP
-0.648944579352077	10.3012133329152	0.160527150751501	0.691914072625055	0.988520613629585	192	0.981140282921039	Cycling / proliferating CAR T cells	0.9	B7H3 vs STOP	condition_miloB7H3 - condition_miloSTOP
-0.666105121877459	11.6545319162713	0.872658280378617	0.358424996938066	0.988520613629585	193	0.981140282921039	Activated effector CD8 T cells (stress)	1	B7H3 vs STOP	condition_miloB7H3 - condition_miloSTOP
-1.02581823212288	10.8900136060113	1.30355922926866	0.263498009696891	0.988520613629585	194	0.981140282921039	Th2-like inflammatory T cells	0.946428571428571	B7H3 vs STOP	condition_miloB7H3 - condition_miloSTOP
0.396009672563274	11.8289846830574	0.319860089351834	0.576319403104191	0.988520613629585	195	0.981140282921039	NK-like cytotoxic lymphocytes	1	B7H3 vs STOP	condition_miloB7H3 - condition_miloSTOP
-1.41233131085894	11.3585168190317	2.69311267208395	0.1127119924024	0.988520613629585	196	0.981140282921039	Terminally differentiated cytotoxic T cells	1	B7H3 vs STOP	condition_miloB7H3 - condition_miloSTOP
-0.96361339162108	11.4721666782561	1.61847858945151	0.214053533014899	0.988520613629585	197	0.981140282921039	Quiescent T cells	0.815533980582524	B7H3 vs STOP	condition_miloB7H3 - condition_miloSTOP
-0.2978165776529	10.7766656140189	0.0899832281443812	0.766474878901569	0.988520613629585	198	0.981140282921039	Activated CD4 effector / helper-like T cells	1	B7H3 vs STOP	condition_miloB7H3 - condition_miloSTOP
-0.59260996378211	11.6566811763996	0.274601658097909	0.604776685346044	0.988520613629585	199	0.981140282921039	Quiescent T cells	0.972972972972973	B7H3 vs STOP	condition_miloB7H3 - condition_miloSTOP
-0.227563826773209	10.9832982893706	0.0678228546980114	0.796491357227673	0.988520613629585	200	0.981140282921039	Quiescent T cells	0.676470588235294	B7H3 vs STOP	condition_miloB7H3 - condition_miloSTOP
0.238588651880804	11.166293969317	0.0886793333804528	0.768121499153291	0.988520613629585	201	0.981140282921039	Cycling / proliferating CAR T cells	1	B7H3 vs STOP	condition_miloB7H3 - condition_miloSTOP
0.673075162293426	10.8384731670073	0.470550574394493	0.498529241078029	0.988520613629585	202	0.981140282921039	Treg	0.984375	B7H3 vs STOP	condition_miloB7H3 - condition_miloSTOP
2.473070254302	10.4944982310551	1.78989742651042	0.192414420692219	0.988520613629585	203	0.981140282921039	Antigen-presenting myeloid cells	1	B7H3 vs STOP	condition_miloB7H3 - condition_miloSTOP
-0.171630112409091	10.8803961697719	0.0368606118697772	0.849172662828522	0.988520613629585	204	0.981140282921039	Treg	1	B7H3 vs STOP	condition_miloB7H3 - condition_miloSTOP
-0.092922548796383	10.7548636260022	0.0100317264593854	0.920951744357237	0.988520613629585	205	0.981140282921039	Activated effector CD8 T cells (stress)	0.516666666666667	B7H3 vs STOP	condition_miloB7H3 - condition_miloSTOP
0.284129995080539	11.4541097342745	0.141456529181456	0.709749666031408	0.988520613629585	206	0.981140282921039	Cycling / proliferating CAR T cells	0.974576271186441	B7H3 vs STOP	condition_miloB7H3 - condition_miloSTOP
1.76993857368915	11.1222908287131	3.17207367370488	0.0860587618737679	0.988520613629585	207	0.981140282921039	Treg	1	B7H3 vs STOP	condition_miloB7H3 - condition_miloSTOP
0.916027259223415	10.9676548349414	0.946592491576746	0.339146017319137	0.988520613629585	208	0.981140282921039	Terminally differentiated cytotoxic T cells	0.987012987012987	B7H3 vs STOP	condition_miloB7H3 - condition_miloSTOP
0.50673894452782	11.3986593134974	0.319955638935832	0.576262773170652	0.988520613629585	209	0.981140282921039	Naïve / central-memory T cells	0.787878787878788	B7H3 vs STOP	condition_miloB7H3 - condition_miloSTOP
1.30373216082708	11.6295650793014	2.25088358923285	0.1450365275583	0.988520613629585	210	0.981140282921039	NK-like cytotoxic lymphocytes	1	B7H3 vs STOP	condition_miloB7H3 - condition_miloSTOP
0.368308033450387	10.8400525285714	0.140654030934813	0.710534910041285	0.988520613629585	211	0.981140282921039	IFN-responsive T cells	0.683333333333333	B7H3 vs STOP	condition_miloB7H3 - condition_miloSTOP
0.431906019659386	11.2889602290439	0.239936505894568	0.628172414511998	0.988520613629585	212	0.981140282921039	Activated effector CD8 T cells (stress)	0.96	B7H3 vs STOP	condition_miloB7H3 - condition_miloSTOP
0.313503838038879	11.6583190399945	0.183552699354721	0.67170529888493	0.988520613629585	213	0.981140282921039	Quiescent T cells	0.8046875	B7H3 vs STOP	condition_miloB7H3 - condition_miloSTOP
-0.971543850055025	10.9984756096005	1.21935789335713	0.279142308773073	0.988520613629585	214	0.981140282921039	Activated CD4 effector / helper-like T cells	0.933333333333333	B7H3 vs STOP	condition_miloB7H3 - condition_miloSTOP
-0.767697726540779	11.1235482278297	1.04152227574663	0.316443194684588	0.988520613629585	215	0.981140282921039	Activated CD4 effector / helper-like T cells	0.975	B7H3 vs STOP	condition_miloB7H3 - condition_miloSTOP
0.125544342426242	11.0094566124036	0.0148028434162466	0.904055581255699	0.988520613629585	216	0.981140282921039	Antigen-presenting myeloid cells	1	B7H3 vs STOP	condition_miloB7H3 - condition_miloSTOP
0.0283624554539311	11.6768875135932	0.000744735980851597	0.978440526338982	0.996694667930944	217	0.993496329927818	Quiescent T cells	0.965811965811966	B7H3 vs STOP	condition_miloB7H3 - condition_miloSTOP
-0.469765980587663	11.1253890520278	0.265733670659034	0.61036526323338	0.988520613629585	218	0.981140282921039	Quiescent T cells	0.689189189189189	B7H3 vs STOP	condition_miloB7H3 - condition_miloSTOP
-1.09142399052592	11.4217856741858	1.4968909862532	0.231625013213489	0.988520613629585	219	0.981140282921039	Activated CD4 effector / helper-like T cells	0.596153846153846	B7H3 vs STOP	condition_miloB7H3 - condition_miloSTOP
3.19809814591397	11.0896952041873	6.54749552315496	0.0163661797270939	0.988520613629585	220	0.978292788866908	Treg	1	B7H3 vs STOP	condition_miloB7H3 - condition_miloSTOP
-0.890499122356382	11.4732898102423	1.42503862861048	0.242864932687771	0.988520613629585	221	0.981140282921039	Activated effector CD8 T cells (stress)	0.980952380952381	B7H3 vs STOP	condition_miloB7H3 - condition_miloSTOP
0.38050372717517	11.2608749225914	0.19135180727242	0.665241333264355	0.988520613629585	222	0.981140282921039	Cycling / proliferating CAR T cells	0.989795918367347	B7H3 vs STOP	condition_miloB7H3 - condition_miloSTOP
-0.383003510943892	11.4354636791688	0.231646103721368	0.634148353020638	0.988520613629585	223	0.981140282921039	Treg	0.991071428571429	B7H3 vs STOP	condition_miloB7H3 - condition_miloSTOP
0.209729518697571	11.2679560903421	0.061714359612304	0.805669225681183	0.988520613629585	224	0.981140282921039	IFN-responsive T cells	1	B7H3 vs STOP	condition_miloB7H3 - condition_miloSTOP
0.155431995666937	11.0821802929065	0.0319957976983884	0.859360178693748	0.988520613629585	225	0.981140282921039	Activated CD4 effector / helper-like T cells	0.986842105263158	B7H3 vs STOP	condition_miloB7H3 - condition_miloSTOP
0.199005829839209	11.4940228869458	0.0508045034674817	0.823351119371988	0.988520613629585	226	0.981140282921039	Quiescent T cells	0.818181818181818	B7H3 vs STOP	condition_miloB7H3 - condition_miloSTOP
0.588150999889841	11.2237498693473	0.428152054069033	0.518381963263199	0.988520613629585	227	0.981140282921039	IFN-responsive T cells	0.779069767441861	B7H3 vs STOP	condition_miloB7H3 - condition_miloSTOP
-0.967951186544537	11.050249377955	1.12711716826248	0.297710061558376	0.988520613629585	228	0.981140282921039	Quiescent T cells	0.918918918918919	B7H3 vs STOP	condition_miloB7H3 - condition_miloSTOP
-1.58263684520506	10.5454636896599	0.789647133558346	0.382277698813983	0.988520613629585	229	0.981140282921039	Activated CD4 effector / helper-like T cells	1	B7H3 vs STOP	condition_miloB7H3 - condition_miloSTOP
0.427330010946977	11.5196790182346	0.306424215683355	0.584396618964091	0.988520613629585	230	0.981140282921039	IFN-responsive T cells	1	B7H3 vs STOP	condition_miloB7H3 - condition_miloSTOP
-0.306025563033715	11.2154611601329	0.117006063900735	0.734928780967358	0.988520613629585	231	0.981140282921039	NK-like cytotoxic lymphocytes	1	B7H3 vs STOP	condition_miloB7H3 - condition_miloSTOP
-0.0122581624296443	11.7339150960875	0.000305235816133594	0.986188162675911	0.996949424612335	232	0.995047642772559	Terminally differentiated cytotoxic T cells	1	B7H3 vs STOP	condition_miloB7H3 - condition_miloSTOP
0.087032554148742	10.9652758676356	0.0106243568590399	0.918658649578385	0.988520613629585	233	0.981140282921039	Quiescent T cells	0.575342465753425	B7H3 vs STOP	condition_miloB7H3 - condition_miloSTOP
-0.674886701553548	10.3311657814908	0.102693861503126	0.751157652883688	0.988520613629585	234	0.981140282921039	Cycling / proliferating CAR T cells	1	B7H3 vs STOP	condition_miloB7H3 - condition_miloSTOP
0.0315555885811519	11.1559939105124	0.00143134430339154	0.970096551426818	0.995227948131026	235	0.991283201255254	Quiescent T cells	0.833333333333333	B7H3 vs STOP	condition_miloB7H3 - condition_miloSTOP
-0.719962581560741	10.7788426343845	0.468903975109794	0.499275259986738	0.988520613629585	236	0.981140282921039	Quiescent T cells	1	B7H3 vs STOP	condition_miloB7H3 - condition_miloSTOP
0.692854638644481	11.5064484260913	0.846494021767181	0.365619503402751	0.988520613629585	237	0.981140282921039	Terminally differentiated cytotoxic T cells	0.909836065573771	B7H3 vs STOP	condition_miloB7H3 - condition_miloSTOP
-0.579911246017095	11.2680240344511	0.490734198775069	0.489538583948042	0.988520613629585	238	0.981140282921039	Naïve / central-memory T cells	0.96551724137931	B7H3 vs STOP	condition_miloB7H3 - condition_miloSTOP
0.994060586502158	10.9900306319967	1.19295030023685	0.284297943048259	0.988520613629585	239	0.981140282921039	Quiescent T cells	0.671232876712329	B7H3 vs STOP	condition_miloB7H3 - condition_miloSTOP
-1.28175745897673	11.0540850353982	2.45400040189648	0.129202789403136	0.988520613629585	240	0.981140282921039	Activated CD4 effector / helper-like T cells	1	B7H3 vs STOP	condition_miloB7H3 - condition_miloSTOP
-0.408394158417186	11.0149302077887	0.203852146206929	0.655202287829945	0.988520613629585	241	0.981140282921039	Cycling / proliferating CAR T cells	0.975	B7H3 vs STOP	condition_miloB7H3 - condition_miloSTOP
0.350906807528302	10.9857187563206	0.141146382138671	0.710052841456334	0.988520613629585	242	0.981140282921039	Quiescent T cells	0.417721518987342	B7H3 vs STOP	condition_miloB7H3 - condition_miloSTOP
-2.12377663863062	11.4895589240076	6.38944743406455	0.0175791641493898	0.988520613629585	243	0.978292788866908	Quiescent T cells	0.456310679611651	B7H3 vs STOP	condition_miloB7H3 - condition_miloSTOP
-0.0262400795964143	11.2983527091453	0.000721366861642404	0.978768504838661	0.996694667930944	244	0.993496329927818	NK-like cytotoxic lymphocytes	1	B7H3 vs STOP	condition_miloB7H3 - condition_miloSTOP
-4.5609048169623	10.4765927222532	3.67764986689548	0.0669976446944496	0.988520613629585	245	0.978292788866908	Activated CD4 effector / helper-like T cells	1	B7H3 vs STOP	condition_miloB7H3 - condition_miloSTOP
-1.38554666153397	10.6411715249325	1.49096888328034	0.232526222484584	0.988520613629585	246	0.981140282921039	Th2-like inflammatory T cells	0.822222222222222	B7H3 vs STOP	condition_miloB7H3 - condition_miloSTOP
0.26029119250658	11.1820318096534	0.0614652478875881	0.806053567292276	0.988520613629585	247	0.981140282921039	Quiescent T cells	0.987012987012987	B7H3 vs STOP	condition_miloB7H3 - condition_miloSTOP
-0.191898247988178	11.0073412955841	0.0472792812582424	0.829486929512747	0.988520613629585	248	0.981140282921039	Quiescent T cells	0.851351351351351	B7H3 vs STOP	condition_miloB7H3 - condition_miloSTOP
-0.477303812416634	11.2265257043382	0.256083682909682	0.616893203600295	0.988520613629585	249	0.981140282921039	Quiescent T cells	0.71264367816092	B7H3 vs STOP	condition_miloB7H3 - condition_miloSTOP
-0.515546223395697	11.2951145965593	0.41117474019717	0.526730728115564	0.988520613629585	250	0.981140282921039	Activated effector CD8 T cells (stress)	1	B7H3 vs STOP	condition_miloB7H3 - condition_miloSTOP
0.0706599880695523	11.1505444999631	0.00777422280459713	0.930385116591108	0.988520613629585	251	0.981140282921039	Activated effector CD8 T cells (stress)	0.988372093023256	B7H3 vs STOP	condition_miloB7H3 - condition_miloSTOP
0.983100966272907	10.6695548544126	0.49280331673946	0.488857685217539	0.988520613629585	252	0.981140282921039	Activated effector CD8 T cells (stress)	1	B7H3 vs STOP	condition_miloB7H3 - condition_miloSTOP
0.61105411886522	10.7541567841193	0.180644164827311	0.674157718497107	0.988520613629585	253	0.981140282921039	γδ / Th17-like T cells	0.982456140350877	B7H3 vs STOP	condition_miloB7H3 - condition_miloSTOP
-0.59974992449901	11.0410677857621	0.35461414572775	0.556426574819803	0.988520613629585	254	0.981140282921039	γδ T cells	0.577464788732394	B7H3 vs STOP	condition_miloB7H3 - condition_miloSTOP
0.405882504501992	10.925225715702	0.168561552086138	0.684603835107514	0.988520613629585	255	0.981140282921039	Treg	0.985507246376812	B7H3 vs STOP	condition_miloB7H3 - condition_miloSTOP
-0.255696473413366	11.401531118854	0.0476910835919721	0.828758047803391	0.988520613629585	256	0.981140282921039	γδ / Th17-like T cells	1	B7H3 vs STOP	condition_miloB7H3 - condition_miloSTOP
5.2575869522172	10.7132196193878	4.9050518653346	0.0356598614607655	0.988520613629585	257	0.978292788866908	Terminally differentiated cytotoxic T cells	0.984848484848485	B7H3 vs STOP	condition_miloB7H3 - condition_miloSTOP
-0.22292628004327	11.773426244214	0.103559745560179	0.803874746493964	0.988520613629585	258	0.981140282921039	Activated effector CD8 T cells (stress)	1	B7H3 vs STOP	condition_miloB7H3 - condition_miloSTOP
0.0421220534613882	11.3890863314302	0.00202089288233374	0.964471519061389	0.99382311406207	259	0.988131957693814	Antigen-presenting myeloid cells	1	B7H3 vs STOP	condition_miloB7H3 - condition_miloSTOP
-1.83068931565652	11.3573565211843	4.90857297233007	0.0352628980022478	0.988520613629585	260	0.978292788866908	Quiescent T cells	0.483870967741935	B7H3 vs STOP	condition_miloB7H3 - condition_miloSTOP
-0.0805404253123215	11.1940573354953	0.00994263705829082	0.921302322152117	0.988520613629585	261	0.981140282921039	Quiescent T cells	0.835294117647059	B7H3 vs STOP	condition_miloB7H3 - condition_miloSTOP
0.184846200859031	11.0885811253549	0.0379010464077892	0.847086162533863	0.988520613629585	262	0.981140282921039	Activated effector CD8 T cells (stress)	0.928571428571429	B7H3 vs STOP	condition_miloB7H3 - condition_miloSTOP
1.37923624137343	11.2561029018366	2.40294543246073	0.132644414156621	0.988520613629585	263	0.981140282921039	IFN-responsive T cells	1	B7H3 vs STOP	condition_miloB7H3 - condition_miloSTOP
0.504523724581417	11.1073771712418	0.29715920983758	0.590103119422686	0.988520613629585	264	0.981140282921039	Activated effector CD8 T cells (stress)	0.6875	B7H3 vs STOP	condition_miloB7H3 - condition_miloSTOP
-0.145420806959265	11.0026015700834	0.0266496028872928	0.871528588185634	0.988520613629585	265	0.981140282921039	Activated CD4 effector / helper-like T cells	0.880597014925373	B7H3 vs STOP	condition_miloB7H3 - condition_miloSTOP
0.598947003186845	10.6416874513692	0.257971772869851	0.615603855068348	0.988520613629585	266	0.981140282921039	Activated CD4 effector / helper-like T cells	0.943396226415094	B7H3 vs STOP	condition_miloB7H3 - condition_miloSTOP
2.02950308524169	11.6807704967186	4.58776276795342	0.0412912004698803	0.988520613629585	267	0.978292788866908	NK-like cytotoxic lymphocytes	1	B7H3 vs STOP	condition_miloB7H3 - condition_miloSTOP
-0.281402775359005	10.5109286590701	0.04086734816311	0.841352770451178	0.988520613629585	268	0.981140282921039	Activated CD4 effector / helper-like T cells	1	B7H3 vs STOP	condition_miloB7H3 - condition_miloSTOP
0.101990302318489	10.8709230078974	0.00893590991705895	0.925379879714499	0.988520613629585	269	0.981140282921039	Antigen-presenting myeloid cells	0.912280701754386	B7H3 vs STOP	condition_miloB7H3 - condition_miloSTOP
0.256649867880778	11.1267779327552	0.0689100665324628	0.794904814639054	0.988520613629585	270	0.981140282921039	Treg	1	B7H3 vs STOP	condition_miloB7H3 - condition_miloSTOP
0.52305185316419	11.4437564997722	0.453668682242325	0.506271085612834	0.988520613629585	271	0.981140282921039	IFN-responsive T cells	1	B7H3 vs STOP	condition_miloB7H3 - condition_miloSTOP
0.628788993034903	11.7331539026702	0.572014463539442	0.455948749597048	0.988520613629585	272	0.981140282921039	Treg	1	B7H3 vs STOP	condition_miloB7H3 - condition_miloSTOP
-0.226075683890606	11.4172417947647	0.0828181043030414	0.775691497078056	0.988520613629585	273	0.981140282921039	Activated effector CD8 T cells (stress)	0.990196078431373	B7H3 vs STOP	condition_miloB7H3 - condition_miloSTOP
-0.437913970638143	11.5715190283604	0.345170022230533	0.561697283724477	0.988520613629585	274	0.981140282921039	Treg	1	B7H3 vs STOP	condition_miloB7H3 - condition_miloSTOP
-0.618018791556848	11.4690648398542	0.675357709336683	0.418322523983112	0.988520613629585	275	0.981140282921039	Quiescent T cells	1	B7H3 vs STOP	condition_miloB7H3 - condition_miloSTOP
1.45307378540107	10.7388122521251	0.742613495912566	0.396345062895927	0.988520613629585	276	0.981140282921039	Antigen-presenting myeloid cells	1	B7H3 vs STOP	condition_miloB7H3 - condition_miloSTOP
0.307324975936974	11.169740721858	0.131464848233408	0.719715157567513	0.988520613629585	277	0.981140282921039	Cycling / proliferating CAR T cells	1	B7H3 vs STOP	condition_miloB7H3 - condition_miloSTOP
0.633067596339787	11.213638882032	0.363015455063588	0.551817642923449	0.988520613629585	278	0.981140282921039	Terminally differentiated cytotoxic T cells	0.99	B7H3 vs STOP	condition_miloB7H3 - condition_miloSTOP
0.838482769360892	10.8228318000481	0.627418900659729	0.435145331148453	0.988520613629585	279	0.981140282921039	Cycling / proliferating CAR T cells	1	B7H3 vs STOP	condition_miloB7H3 - condition_miloSTOP
1.51414173046068	11.0977301315902	1.64172692193983	0.210885323253546	0.988520613629585	280	0.981140282921039	Quiescent T cells	0.384615384615385	B7H3 vs STOP	condition_miloB7H3 - condition_miloSTOP
1.01485855133488	10.948659538045	1.28402559681931	0.267023620680695	0.988520613629585	281	0.981140282921039	Antigen-presenting myeloid cells	0.746835443037975	B7H3 vs STOP	condition_miloB7H3 - condition_miloSTOP
-0.754516168973769	11.5447472346912	0.964329536961517	0.334737363190973	0.988520613629585	282	0.981140282921039	Activated effector CD8 T cells (stress)	1	B7H3 vs STOP	condition_miloB7H3 - condition_miloSTOP
1.91373590403601	11.2852777514646	3.18878222304055	0.0852799180433745	0.988520613629585	283	0.981140282921039	Treg	1	B7H3 vs STOP	condition_miloB7H3 - condition_miloSTOP
-0.0121594840295102	11.4210614593889	0.00025046394393235	0.987488469877695	0.996949424612335	284	0.995047642772559	Treg	1	B7H3 vs STOP	condition_miloB7H3 - condition_miloSTOP
0.949810462045843	11.4457750263089	1.15075448614177	0.292799752561887	0.988520613629585	285	0.981140282921039	NK-like cytotoxic lymphocytes	1	B7H3 vs STOP	condition_miloB7H3 - condition_miloSTOP
2.67443056703191	10.6707174151029	2.32960026767858	0.138458842599247	0.988520613629585	286	0.981140282921039	Antigen-presenting myeloid cells	1	B7H3 vs STOP	condition_miloB7H3 - condition_miloSTOP
0.806826340215787	10.5764143733077	0.390621174399162	0.537171998402652	0.988520613629585	287	0.981140282921039	Quiescent T cells	0.693877551020408	B7H3 vs STOP	condition_miloB7H3 - condition_miloSTOP
-1.0841135647721	10.8076943731269	1.54215527814537	0.225278836402887	0.988520613629585	288	0.981140282921039	Activated CD4 effector / helper-like T cells	0.949152542372881	B7H3 vs STOP	condition_miloB7H3 - condition_miloSTOP
0.386160900613178	11.9166713074665	0.344193365251779	0.562247905014945	0.988520613629585	289	0.981140282921039	Activated effector CD8 T cells (stress)	1	B7H3 vs STOP	condition_miloB7H3 - condition_miloSTOP
5.48289028094699	10.8909577071824	6.98891865747352	0.0136574351222207	0.988520613629585	290	0.978292788866908	Terminally differentiated cytotoxic T cells	0.922077922077922	B7H3 vs STOP	condition_miloB7H3 - condition_miloSTOP
0.274347538498128	10.8192616123007	0.0622788543626762	0.804801338713525	0.988520613629585	291	0.981140282921039	Terminally differentiated cytotoxic T cells	0.741935483870968	B7H3 vs STOP	condition_miloB7H3 - condition_miloSTOP
-0.860728390568834	11.0568087754965	0.855092118533214	0.363232673171529	0.988520613629585	292	0.981140282921039	Th2-like inflammatory T cells	0.967741935483871	B7H3 vs STOP	condition_miloB7H3 - condition_miloSTOP
0.133853341312891	11.5810123189724	0.0232057238914197	0.880045628371771	0.988520613629585	293	0.981140282921039	γδ T cells	0.814516129032258	B7H3 vs STOP	condition_miloB7H3 - condition_miloSTOP
-1.88744585516779	11.4122354639439	5.57901035051297	0.0255717566063241	0.988520613629585	294	0.978292788866908	Terminally differentiated cytotoxic T cells	0.81	B7H3 vs STOP	condition_miloB7H3 - condition_miloSTOP
0.189712001850123	10.9785914345636	0.0464791335752323	0.830912755528761	0.988520613629585	295	0.981140282921039	Treg	1	B7H3 vs STOP	condition_miloB7H3 - condition_miloSTOP
2.22396253301277	11.5907563496841	6.22739472956902	0.0189261362469122	0.988520613629585	296	0.978292788866908	Treg	0.983606557377049	B7H3 vs STOP	condition_miloB7H3 - condition_miloSTOP
-0.894508658248734	11.4225364633642	1.05882883599388	0.312529881632735	0.988520613629585	297	0.981140282921039	Treg	1	B7H3 vs STOP	condition_miloB7H3 - condition_miloSTOP
0.424192821413629	11.4401771354222	0.252201558250902	0.619563224893254	0.988520613629585	298	0.981140282921039	γδ T cells	0.539130434782609	B7H3 vs STOP	condition_miloB7H3 - condition_miloSTOP
-0.766523801749996	10.7389137389328	0.513747217279018	0.47985049705369	0.988520613629585	299	0.981140282921039	Treg	0.946428571428571	B7H3 vs STOP	condition_miloB7H3 - condition_miloSTOP
0.460325391427236	11.3227495042653	0.317949551746768	0.577454096567803	0.988520613629585	300	0.981140282921039	IFN-responsive T cells	1	B7H3 vs STOP	condition_miloB7H3 - condition_miloSTOP
0.137470265346521	11.6957537945389	0.0350826968486008	0.852810128968003	0.988520613629585	301	0.981140282921039	NK-like cytotoxic lymphocytes	1	B7H3 vs STOP	condition_miloB7H3 - condition_miloSTOP
-0.65763274903075	11.590808361227	0.877582634053741	0.357093511634073	0.988520613629585	302	0.981140282921039	Quiescent T cells	0.857142857142857	B7H3 vs STOP	condition_miloB7H3 - condition_miloSTOP
-0.33084623415211	11.1387727221706	0.151316401529074	0.700303620907392	0.988520613629585	303	0.981140282921039	Activated CD4 effector / helper-like T cells	0.924050632911392	B7H3 vs STOP	condition_miloB7H3 - condition_miloSTOP
-2.79209546103992	11.0479374485836	8.2151024917788	0.00791489617744574	0.988520613629585	304	0.978292788866908	Antigen-presenting myeloid cells	0.96551724137931	B7H3 vs STOP	condition_miloB7H3 - condition_miloSTOP
0.228761331998308	10.5323474325646	0.017063451094409	0.897066204271658	0.988520613629585	305	0.981140282921039	Cycling / proliferating CAR T cells	0.981132075471698	B7H3 vs STOP	condition_miloB7H3 - condition_miloSTOP
0.434856961989983	11.3280565121852	0.169179855482379	0.684058764052161	0.988520613629585	306	0.981140282921039	Quiescent T cells	0.908163265306122	B7H3 vs STOP	condition_miloB7H3 - condition_miloSTOP
-0.12104102599436	11.4930816259077	0.0232049529445422	0.880047605047589	0.988520613629585	307	0.981140282921039	Quiescent T cells	0.956896551724138	B7H3 vs STOP	condition_miloB7H3 - condition_miloSTOP
0.403863374326483	11.389341414378	0.157132298836799	0.694897722073007	0.988520613629585	308	0.981140282921039	Treg	1	B7H3 vs STOP	condition_miloB7H3 - condition_miloSTOP
1.63763258383963	11.6831220440355	3.76816478882153	0.062644525291914	0.988520613629585	309	0.978292788866908	NK-like cytotoxic lymphocytes	1	B7H3 vs STOP	condition_miloB7H3 - condition_miloSTOP
-1.02916347669313	10.9961304292147	0.952250027680383	0.337731088554383	0.988520613629585	310	0.981140282921039	Quiescent T cells	0.988095238095238	B7H3 vs STOP	condition_miloB7H3 - condition_miloSTOP
0.12209378975287	11.7956106284954	0.0144783552018603	0.905165817532455	0.988520613629585	311	0.981140282921039	Quiescent T cells	0.540740740740741	B7H3 vs STOP	condition_miloB7H3 - condition_miloSTOP
0.180782404263488	10.8787900931843	0.0371263455299862	0.848636879562617	0.988520613629585	312	0.981140282921039	Quiescent T cells	0.882352941176471	B7H3 vs STOP	condition_miloB7H3 - condition_miloSTOP
-0.334223218629385	11.6750544751535	0.112040745816102	0.740395505647627	0.988520613629585	313	0.981140282921039	Quiescent T cells	0.826446280991736	B7H3 vs STOP	condition_miloB7H3 - condition_miloSTOP
0.659565270321263	11.2877945555532	0.557017721958144	0.461855064256167	0.988520613629585	314	0.981140282921039	Cycling / proliferating CAR T cells	1	B7H3 vs STOP	condition_miloB7H3 - condition_miloSTOP
-0.762713546160547	11.1244355669474	0.668504221742008	0.420665407264053	0.988520613629585	315	0.981140282921039	Naïve / central-memory T cells	0.975	B7H3 vs STOP	condition_miloB7H3 - condition_miloSTOP
-0.0121601970394656	11.466711897241	0.000242225388577378	0.999853552162614	0.999853552162614	316	0.999853552162614	Treg	1	B7H3 vs STOP	condition_miloB7H3 - condition_miloSTOP
0.66260202349565	11.2719637073562	0.558759931942513	0.461162544553125	0.988520613629585	317	0.981140282921039	Treg	0.989690721649485	B7H3 vs STOP	condition_miloB7H3 - condition_miloSTOP
-0.510209057634995	11.0222217046823	0.378730244231036	0.543389573643223	0.988520613629585	318	0.981140282921039	NK-like cytotoxic lymphocytes	1	B7H3 vs STOP	condition_miloB7H3 - condition_miloSTOP
0.149554305177853	11.1833005878613	0.0345966525776357	0.853821080068953	0.988520613629585	319	0.981140282921039	Activated effector CD8 T cells (stress)	0.910112359550562	B7H3 vs STOP	condition_miloB7H3 - condition_miloSTOP
-0.451716147936058	11.558993463868	0.331782612415271	0.569338438780854	0.988520613629585	320	0.981140282921039	Treg	1	B7H3 vs STOP	condition_miloB7H3 - condition_miloSTOP
-0.754938005141122	11.1169823578382	0.610948724999498	0.44116956617312	0.988520613629585	321	0.981140282921039	γδ / Th17-like T cells	1	B7H3 vs STOP	condition_miloB7H3 - condition_miloSTOP
-0.220069352033736	10.9606475334536	0.0569100898573372	0.813232975217615	0.988520613629585	322	0.981140282921039	Quiescent T cells	0.928571428571429	B7H3 vs STOP	condition_miloB7H3 - condition_miloSTOP
0.783067644181422	11.1935021552925	0.915298374250961	0.347123879012459	0.988520613629585	323	0.981140282921039	Cycling / proliferating CAR T cells	0.98936170212766	B7H3 vs STOP	condition_miloB7H3 - condition_miloSTOP
1.40757331436807	11.5511525021234	2.15111017407663	0.153913352756714	0.988520613629585	324	0.981140282921039	IFN-responsive T cells	0.983606557377049	B7H3 vs STOP	condition_miloB7H3 - condition_miloSTOP
0.7549330194411	10.5376622078145	0.173495163482158	0.680410322131758	0.988520613629585	325	0.981140282921039	Antigen-presenting myeloid cells	1	B7H3 vs STOP	condition_miloB7H3 - condition_miloSTOP
-0.516473464255566	10.8305439550051	0.223229180395769	0.640352517661728	0.988520613629585	326	0.981140282921039	γδ T cells	0.985915492957746	B7H3 vs STOP	condition_miloB7H3 - condition_miloSTOP
0.319941834036022	11.279308321803	0.140089119042137	0.711089215588341	0.988520613629585	327	0.981140282921039	Cycling / proliferating CAR T cells	1	B7H3 vs STOP	condition_miloB7H3 - condition_miloSTOP
-1.08902523403219	11.5132966304156	1.90793749665049	0.178415033712194	0.988520613629585	328	0.981140282921039	Naïve / central-memory T cells	1	B7H3 vs STOP	condition_miloB7H3 - condition_miloSTOP
0.3607747023093	11.7387467659925	0.135930627858865	0.71520953698422	0.988520613629585	329	0.981140282921039	Treg	1	B7H3 vs STOP	condition_miloB7H3 - condition_miloSTOP
2.35452892923058	11.0233854893319	4.79985746184213	0.037188612287737	0.988520613629585	330	0.978292788866908	Treg	1	B7H3 vs STOP	condition_miloB7H3 - condition_miloSTOP
0.36809014741609	10.6842045683249	0.07343498667029	0.788441759852058	0.988520613629585	331	0.981140282921039	Treg	0.803571428571429	B7H3 vs STOP	condition_miloB7H3 - condition_miloSTOP
1.50199612941982	10.3287291602263	0.447568395503285	0.509333406987543	0.988520613629585	332	0.981140282921039	Cycling / proliferating CAR T cells	1	B7H3 vs STOP	condition_miloB7H3 - condition_miloSTOP
-0.160036498472618	11.5058447055418	0.0414479832211439	0.840188356512114	0.988520613629585	333	0.981140282921039	Treg	1	B7H3 vs STOP	condition_miloB7H3 - condition_miloSTOP
-1.14327910357262	11.5690484508957	2.30050187967031	0.140848458011672	0.988520613629585	334	0.981140282921039	Quiescent T cells	0.952830188679245	B7H3 vs STOP	condition_miloB7H3 - condition_miloSTOP
-0.00221201812001836	11.0187783268777	5.95771780655621e-06	0.998070271861029	0.999853552162614	335	0.999245638345793	Activated effector CD8 T cells (stress)	0.514705882352941	B7H3 vs STOP	condition_miloB7H3 - condition_miloSTOP
-0.3665410250864	11.1529126506753	0.165998408244477	0.686875995177892	0.988520613629585	336	0.981140282921039	NK-like cytotoxic lymphocytes	1	B7H3 vs STOP	condition_miloB7H3 - condition_miloSTOP
-1.8083302977309	11.4256181661426	5.61828296526906	0.0251032393938696	0.988520613629585	337	0.978292788866908	Activated CD4 effector / helper-like T cells	0.915094339622642	B7H3 vs STOP	condition_miloB7H3 - condition_miloSTOP
2.71115480858786	10.6215556885426	2.30043373819301	0.141289398910202	0.988520613629585	338	0.981140282921039	Antigen-presenting myeloid cells	1	B7H3 vs STOP	condition_miloB7H3 - condition_miloSTOP
-1.22909916049511	10.626499402043	0.754727225755013	0.392571068224457	0.988520613629585	339	0.981140282921039	Quiescent T cells	0.511627906976744	B7H3 vs STOP	condition_miloB7H3 - condition_miloSTOP
-0.92186275539563	11.0013226334298	1.15969587103058	0.290970381817789	0.988520613629585	340	0.981140282921039	Th2-like inflammatory T cells	0.967741935483871	B7H3 vs STOP	condition_miloB7H3 - condition_miloSTOP
0.117196874066462	11.7461559281622	0.0203936634369158	0.887493809102599	0.988520613629585	341	0.981140282921039	Treg	1	B7H3 vs STOP	condition_miloB7H3 - condition_miloSTOP
-1.30043782031401	10.2950951958516	0.411784238283784	0.526629579212386	0.988520613629585	342	0.981140282921039	Terminally differentiated cytotoxic T cells	1	B7H3 vs STOP	condition_miloB7H3 - condition_miloSTOP
0.325091902967073	10.75906740111	0.0511719052366993	0.822724698528645	0.988520613629585	343	0.981140282921039	Treg	0.803571428571429	B7H3 vs STOP	condition_miloB7H3 - condition_miloSTOP
-0.0363915049374064	11.6298705957991	0.00193750713981643	0.965223887758126	0.99382311406207	344	0.988131957693814	Activated effector CD8 T cells (stress)	1	B7H3 vs STOP	condition_miloB7H3 - condition_miloSTOP
-0.297117582969915	11.002837092149	0.0832925909308741	0.775068051401082	0.988520613629585	345	0.981140282921039	γδ T cells	0.455882352941176	B7H3 vs STOP	condition_miloB7H3 - condition_miloSTOP
-0.921217721427723	11.3626954668901	1.0500253138051	0.314512256352733	0.988520613629585	346	0.981140282921039	γδ T cells	0.5	B7H3 vs STOP	condition_miloB7H3 - condition_miloSTOP
-0.144330550216497	10.8214179451475	0.0218457052182818	0.883627765330221	0.988520613629585	347	0.981140282921039	Quiescent T cells	0.940298507462687	B7H3 vs STOP	condition_miloB7H3 - condition_miloSTOP
0.656234532626678	10.8924168639273	0.416455543785933	0.524107897246328	0.988520613629585	348	0.981140282921039	Treg	0.619718309859155	B7H3 vs STOP	condition_miloB7H3 - condition_miloSTOP
0.774940867759335	11.1932421168414	0.66108043026186	0.423226074272806	0.988520613629585	349	0.981140282921039	Treg	1	B7H3 vs STOP	condition_miloB7H3 - condition_miloSTOP
-1.21511067674388	10.9781739759965	1.4842721326925	0.233550646387864	0.988520613629585	350	0.981140282921039	Activated CD4 effector / helper-like T cells	0.837837837837838	B7H3 vs STOP	condition_miloB7H3 - condition_miloSTOP
-0.72953029269423	11.0512829674311	0.575229217317814	0.454698573835401	0.988520613629585	351	0.981140282921039	Activated CD4 effector / helper-like T cells	0.866666666666667	B7H3 vs STOP	condition_miloB7H3 - condition_miloSTOP
-0.393959264393077	10.9315587001159	0.203657234121243	0.655355931191755	0.988520613629585	352	0.981140282921039	Treg	0.942028985507246	B7H3 vs STOP	condition_miloB7H3 - condition_miloSTOP
-0.507937995957036	11.6801992301723	0.431984158607588	0.516530403768528	0.988520613629585	353	0.981140282921039	Naïve / central-memory T cells	1	B7H3 vs STOP	condition_miloB7H3 - condition_miloSTOP
0.654393219503499	11.5431490021723	0.680621376914786	0.416536667995516	0.988520613629585	354	0.981140282921039	Treg	1	B7H3 vs STOP	condition_miloB7H3 - condition_miloSTOP
-0.339275788778326	10.9206456033196	0.174463557299712	0.679447903062737	0.988520613629585	355	0.981140282921039	Cycling / proliferating CAR T cells	0.915492957746479	B7H3 vs STOP	condition_miloB7H3 - condition_miloSTOP
0.0266608106304826	11.4317022536228	0.00101370220253477	0.974832750947031	0.996336414570862	356	0.993244265130078	Quiescent T cells	0.872549019607843	B7H3 vs STOP	condition_miloB7H3 - condition_miloSTOP
0.372762369096465	11.0598651534743	0.181572326660047	0.673372580218842	0.988520613629585	357	0.981140282921039	Cycling / proliferating CAR T cells	1	B7H3 vs STOP	condition_miloB7H3 - condition_miloSTOP
-1.32278846141157	11.3888045297506	1.55431985358089	0.223109303040468	0.988520613629585	358	0.981140282921039	Quiescent T cells	0.779069767441861	B7H3 vs STOP	condition_miloB7H3 - condition_miloSTOP
1.65450144742974	11.5055977902791	2.72545318063435	0.110240127670365	0.988520613629585	359	0.981140282921039	Treg	0.991379310344828	B7H3 vs STOP	condition_miloB7H3 - condition_miloSTOP
-0.251611749451057	11.1499599223977	0.079431750323473	0.780198330023518	0.988520613629585	360	0.981140282921039	Quiescent T cells	0.711111111111111	B7H3 vs STOP	condition_miloB7H3 - condition_miloSTOP
-0.574707390736122	11.0869486474932	0.536722401636136	0.470049480201534	0.988520613629585	361	0.981140282921039	Activated effector CD8 T cells (stress)	0.558441558441558	B7H3 vs STOP	condition_miloB7H3 - condition_miloSTOP
3.0518127590029	10.7087139782823	3.68371992215689	0.0654743771369343	0.988520613629585	362	0.978292788866908	Antigen-presenting myeloid cells	1	B7H3 vs STOP	condition_miloB7H3 - condition_miloSTOP
0.85853427126532	11.5453523814989	0.935746034774938	0.341881844631232	0.988520613629585	363	0.981140282921039	Naïve / central-memory T cells	0.845528455284553	B7H3 vs STOP	condition_miloB7H3 - condition_miloSTOP
-1.16964427005038	11.0231047157207	1.68725907621878	0.205257216603624	0.988520613629585	364	0.981140282921039	Activated CD4 effector / helper-like T cells	0.957746478873239	B7H3 vs STOP	condition_miloB7H3 - condition_miloSTOP
0.59910636295651	11.8551982511114	0.702518832933762	0.409230598942935	0.988520613629585	365	0.981140282921039	Quiescent T cells	0.993377483443709	B7H3 vs STOP	condition_miloB7H3 - condition_miloSTOP
-0.831621056255163	10.9331960585758	0.835559739518491	0.368687468976301	0.988520613629585	366	0.981140282921039	Treg	0.590909090909091	B7H3 vs STOP	condition_miloB7H3 - condition_miloSTOP
1.29230670636595	11.3505430053407	1.44633136467949	0.239463459536129	0.988520613629585	367	0.981140282921039	Treg	1	B7H3 vs STOP	condition_miloB7H3 - condition_miloSTOP
0.470190858106118	11.3557952201855	0.328440679735577	0.571278112953842	0.988520613629585	368	0.981140282921039	Treg	1	B7H3 vs STOP	condition_miloB7H3 - condition_miloSTOP
0.219701790294305	11.3670804964971	0.0746425341840924	0.78675341804351	0.988520613629585	369	0.981140282921039	Quiescent T cells	0.885714285714286	B7H3 vs STOP	condition_miloB7H3 - condition_miloSTOP
1.04520823945234	11.0927768803178	0.905597213346614	0.349650376789281	0.988520613629585	370	0.981140282921039	Quiescent T cells	0.632911392405063	B7H3 vs STOP	condition_miloB7H3 - condition_miloSTOP
0.594672416918209	10.8074697613875	0.379015361276849	0.543238912842028	0.988520613629585	371	0.981140282921039	Cycling / proliferating CAR T cells	1	B7H3 vs STOP	condition_miloB7H3 - condition_miloSTOP
0.26863051832527	10.8790176976639	0.0817225750273555	0.777138398841934	0.988520613629585	372	0.981140282921039	Activated effector CD8 T cells (stress)	0.779411764705882	B7H3 vs STOP	condition_miloB7H3 - condition_miloSTOP
-1.36420289617557	11.5521780757554	2.88642190755696	0.100719843408149	0.988520613629585	373	0.981140282921039	Naïve / central-memory T cells	0.991071428571429	B7H3 vs STOP	condition_miloB7H3 - condition_miloSTOP
0.440124086541358	10.9199941585134	0.213070396627163	0.648035181664456	0.988520613629585	374	0.981140282921039	Treg	1	B7H3 vs STOP	condition_miloB7H3 - condition_miloSTOP
-0.407985133000274	11.4347891309977	0.236075867041467	0.630939034737873	0.988520613629585	375	0.981140282921039	Quiescent T cells	0.716981132075472	B7H3 vs STOP	condition_miloB7H3 - condition_miloSTOP
-1.00842325059349	10.9532617336378	1.05934981611979	0.312413098510792	0.988520613629585	376	0.981140282921039	NK-like cytotoxic lymphocytes	1	B7H3 vs STOP	condition_miloB7H3 - condition_miloSTOP
1.11903118976404	10.883131043645	1.10536726069329	0.302325813374313	0.988520613629585	377	0.981140282921039	Activated CD4 effector / helper-like T cells	1	B7H3 vs STOP	condition_miloB7H3 - condition_miloSTOP
1.12920277617899	11.1357351645715	1.32206368328916	0.260213490383691	0.988520613629585	378	0.981140282921039	NK-like cytotoxic lymphocytes	1	B7H3 vs STOP	condition_miloB7H3 - condition_miloSTOP
0.636296158261531	11.4232475857905	0.587015351057987	0.45016199784223	0.988520613629585	379	0.981140282921039	Activated effector CD8 T cells (stress)	0.603960396039604	B7H3 vs STOP	condition_miloB7H3 - condition_miloSTOP
0.072520458404842	10.9927354284425	0.0068841523286554	0.934481257164352	0.988520613629585	380	0.981140282921039	Quiescent T cells	0.802816901408451	B7H3 vs STOP	condition_miloB7H3 - condition_miloSTOP
1.41533832994877	10.9165942283733	1.74364115867215	0.198076177826501	0.988520613629585	381	0.981140282921039	Terminally differentiated cytotoxic T cells	0.960526315789474	B7H3 vs STOP	condition_miloB7H3 - condition_miloSTOP
-0.0790979498822079	11.6866311276952	0.00775213996245363	0.930483793255771	0.988520613629585	382	0.981140282921039	Quiescent T cells	0.767441860465116	B7H3 vs STOP	condition_miloB7H3 - condition_miloSTOP
1.08287553585181	10.6248855299482	0.568505691391099	0.457319619495768	0.988520613629585	383	0.981140282921039	Cycling / proliferating CAR T cells	1	B7H3 vs STOP	condition_miloB7H3 - condition_miloSTOP
0.0422171861189983	11.4099170560922	0.00142621808912157	0.970168251595352	0.995227948131026	384	0.991283201255254	Quiescent T cells	0.894736842105263	B7H3 vs STOP	condition_miloB7H3 - condition_miloSTOP
-0.220528017540681	10.8880420065755	0.0660847143865033	0.799056311291267	0.988520613629585	385	0.981140282921039	Activated effector CD8 T cells (stress)	0.923076923076923	B7H3 vs STOP	condition_miloB7H3 - condition_miloSTOP
0.419133091235338	11.4862491400576	0.265174624220017	0.610739297204696	0.988520613629585	386	0.981140282921039	Naïve / central-memory T cells	0.666666666666667	B7H3 vs STOP	condition_miloB7H3 - condition_miloSTOP
0.130632102072956	11.0041858186546	0.0212935647776337	0.885056165339972	0.988520613629585	387	0.981140282921039	Activated CD4 effector / helper-like T cells	0.783783783783784	B7H3 vs STOP	condition_miloB7H3 - condition_miloSTOP
-0.869991400341521	11.508605692039	1.06994429156808	0.31005098658275	0.988520613629585	388	0.981140282921039	Treg	0.982300884955752	B7H3 vs STOP	condition_miloB7H3 - condition_miloSTOP
0.0807970074873097	10.7698107893466	0.00605302589901271	0.938576211558935	0.988520613629585	389	0.981140282921039	Activated CD4 effector / helper-like T cells	0.7	B7H3 vs STOP	condition_miloB7H3 - condition_miloSTOP
0.675407321778106	11.1069437341724	0.589997048174977	0.449025827781213	0.988520613629585	390	0.981140282921039	Activated effector CD8 T cells (stress)	1	B7H3 vs STOP	condition_miloB7H3 - condition_miloSTOP
0.166445032629357	11.7631302482918	0.0427340769204042	0.837763704327708	0.988520613629585	391	0.981140282921039	γδ T cells	1	B7H3 vs STOP	condition_miloB7H3 - condition_miloSTOP
-0.167719784159499	11.7383226044681	0.0415824842940938	0.839932962835573	0.988520613629585	392	0.981140282921039	Naïve / central-memory T cells	1	B7H3 vs STOP	condition_miloB7H3 - condition_miloSTOP
0.79037075513591	10.8668434492575	0.711907977923002	0.406157282871527	0.988520613629585	393	0.981140282921039	Cycling / proliferating CAR T cells	0.971014492753623	B7H3 vs STOP	condition_miloB7H3 - condition_miloSTOP
-0.803976085423235	11.6921959419111	1.22155278160686	0.278719339304525	0.988520613629585	394	0.981140282921039	Activated effector CD8 T cells (stress)	1	B7H3 vs STOP	condition_miloB7H3 - condition_miloSTOP
-0.900560306934199	11.0243048709529	1.01596250745151	0.322345553534217	0.988520613629585	395	0.981140282921039	Th2-like inflammatory T cells	1	B7H3 vs STOP	condition_miloB7H3 - condition_miloSTOP
-0.345735892973029	11.0464537151229	0.17059674965568	0.682814084606289	0.988520613629585	396	0.981140282921039	Activated effector CD8 T cells (stress)	0.970588235294118	B7H3 vs STOP	condition_miloB7H3 - condition_miloSTOP
0.877499323153468	10.4799234263642	0.330630641500739	0.570005565628319	0.988520613629585	397	0.981140282921039	Cycling / proliferating CAR T cells	0.957446808510638	B7H3 vs STOP	condition_miloB7H3 - condition_miloSTOP
1.47474887561342	10.7308638261014	1.88178865818639	0.181320476641706	0.988520613629585	398	0.981140282921039	Activated CD4 effector / helper-like T cells	0.67741935483871	B7H3 vs STOP	condition_miloB7H3 - condition_miloSTOP
0.208631905789718	11.3918907640929	0.0557596406882458	0.815093958723867	0.988520613629585	399	0.981140282921039	Activated effector CD8 T cells (stress)	0.854166666666667	B7H3 vs STOP	condition_miloB7H3 - condition_miloSTOP
1.03740290687784	11.4459609476134	1.70633599011806	0.202380391368591	0.988520613629585	400	0.981140282921039	Activated effector CD8 T cells (stress)	0.973913043478261	B7H3 vs STOP	condition_miloB7H3 - condition_miloSTOP
-0.738932991101388	11.1332460806915	0.503725170393344	0.48389730444545	0.988520613629585	401	0.981140282921039	Antigen-presenting myeloid cells	0.815384615384615	B7H3 vs STOP	condition_miloB7H3 - condition_miloSTOP
-0.157231572166281	11.1624782784189	0.0360288056489521	0.850862870184654	0.988520613629585	402	0.981140282921039	Quiescent T cells	0.951807228915663	B7H3 vs STOP	condition_miloB7H3 - condition_miloSTOP
-0.405369847928646	11.3954613319184	0.201691405561331	0.656910528766961	0.988520613629585	403	0.981140282921039	Quiescent T cells	0.961165048543689	B7H3 vs STOP	condition_miloB7H3 - condition_miloSTOP
-1.45262069191446	10.9994803962929	2.49979870308539	0.125399801284914	0.988520613629585	404	0.981140282921039	Treg	0.53030303030303	B7H3 vs STOP	condition_miloB7H3 - condition_miloSTOP
-0.217588759179448	10.9128935823567	0.0635700348719592	0.802831816473242	0.988520613629585	405	0.981140282921039	Quiescent T cells	0.927536231884058	B7H3 vs STOP	condition_miloB7H3 - condition_miloSTOP
0.0838289130035922	10.7117628292161	0.00582234889309665	0.939734463357506	0.988520613629585	406	0.981140282921039	Treg	0.981481481481482	B7H3 vs STOP	condition_miloB7H3 - condition_miloSTOP
0.105836688867643	11.1762028295348	0.0125833256153526	0.911506566558794	0.988520613629585	407	0.981140282921039	Quiescent T cells	0.91358024691358	B7H3 vs STOP	condition_miloB7H3 - condition_miloSTOP
-0.786185280179126	11.0852939907011	0.710019011191654	0.406772786303525	0.988520613629585	408	0.981140282921039	Antigen-presenting myeloid cells	1	B7H3 vs STOP	condition_miloB7H3 - condition_miloSTOP
0.0433286030910155	11.8910383813635	0.00420481626286302	0.94877113822015	0.988520613629585	409	0.981140282921039	Quiescent T cells	0.981132075471698	B7H3 vs STOP	condition_miloB7H3 - condition_miloSTOP
-0.601481178215415	10.6144829013661	0.167410714974645	0.685742617793865	0.988520613629585	410	0.981140282921039	Cycling / proliferating CAR T cells	1	B7H3 vs STOP	condition_miloB7H3 - condition_miloSTOP
0.349488602718891	11.4108996762425	0.155902756627731	0.6960307894099	0.988520613629585	411	0.981140282921039	Activated effector CD8 T cells (stress)	0.963963963963964	B7H3 vs STOP	condition_miloB7H3 - condition_miloSTOP
0.862874301898453	10.5927702389181	0.430468140503963	0.517261480410582	0.988520613629585	412	0.981140282921039	Cycling / proliferating CAR T cells	0.686274509803922	B7H3 vs STOP	condition_miloB7H3 - condition_miloSTOP
0.999730384418959	11.0089190999442	0.680531563178994	0.41656704215372	0.988520613629585	413	0.981140282921039	Antigen-presenting myeloid cells	1	B7H3 vs STOP	condition_miloB7H3 - condition_miloSTOP
-0.198600857237655	11.4944827980719	0.0656810403180342	0.799657150600543	0.988520613629585	414	0.981140282921039	Quiescent T cells	0.645454545454546	B7H3 vs STOP	condition_miloB7H3 - condition_miloSTOP
-1.09832944047561	10.8417639975097	1.15306845695244	0.292324863067041	0.988520613629585	415	0.981140282921039	Naïve / central-memory T cells	0.563636363636364	B7H3 vs STOP	condition_miloB7H3 - condition_miloSTOP
1.23675512758544	11.2472175761209	2.04621697211496	0.163952532981909	0.988520613629585	416	0.981140282921039	Activated effector CD8 T cells (stress)	0.989583333333333	B7H3 vs STOP	condition_miloB7H3 - condition_miloSTOP
0.234076830728632	11.3632632527656	0.0658603048525132	0.799390085725808	0.988520613629585	417	0.981140282921039	Activated effector CD8 T cells (stress)	1	B7H3 vs STOP	condition_miloB7H3 - condition_miloSTOP
1.22109101459907	10.9578102002591	1.53562125769097	0.225838189882728	0.988520613629585	418	0.981140282921039	Treg	1	B7H3 vs STOP	condition_miloB7H3 - condition_miloSTOP
-0.947518552842056	11.8349124770561	1.80771440825483	0.18986854441072	0.988520613629585	419	0.981140282921039	Naïve / central-memory T cells	1	B7H3 vs STOP	condition_miloB7H3 - condition_miloSTOP
-0.705256727029516	11.4516686699605	0.744626799416904	0.395714101075402	0.988520613629585	420	0.981140282921039	Activated effector CD8 T cells (stress)	0.795918367346939	B7H3 vs STOP	condition_miloB7H3 - condition_miloSTOP
-0.178233853504882	11.3442085778027	0.0507192682991666	0.823496785952957	0.988520613629585	421	0.981140282921039	Quiescent T cells	0.677083333333333	B7H3 vs STOP	condition_miloB7H3 - condition_miloSTOP
0.955487732044567	10.6326105971118	0.600050024853673	0.445228724829047	0.988520613629585	422	0.981140282921039	IFN-responsive T cells	0.941176470588235	B7H3 vs STOP	condition_miloB7H3 - condition_miloSTOP
1.21832836612258	10.7669075833531	1.26523862153672	0.270472411416109	0.988520613629585	423	0.981140282921039	Activated effector CD8 T cells (stress)	0.625	B7H3 vs STOP	condition_miloB7H3 - condition_miloSTOP
0.242199859954427	10.8716915026217	0.0828966128532341	0.775588208134749	0.988520613629585	424	0.981140282921039	IFN-responsive T cells	0.939393939393939	B7H3 vs STOP	condition_miloB7H3 - condition_miloSTOP
-1.46516786342349	11.3448254774958	1.71606075630632	0.201853685745023	0.988520613629585	425	0.981140282921039	Quiescent T cells	0.693333333333333	B7H3 vs STOP	condition_miloB7H3 - condition_miloSTOP
-1.52117335034954	11.1706229448538	2.54640979381887	0.122078899656195	0.988520613629585	426	0.981140282921039	Th2-like inflammatory T cells	1	B7H3 vs STOP	condition_miloB7H3 - condition_miloSTOP
0.0596309021367701	11.5975740352181	0.00497217488806029	0.944299787281574	0.988520613629585	427	0.981140282921039	γδ T cells	0.957627118644068	B7H3 vs STOP	condition_miloB7H3 - condition_miloSTOP
-1.61684848134085	10.8815595584336	3.75945978235458	0.0629297699876878	0.988520613629585	428	0.978292788866908	Activated CD4 effector / helper-like T cells	0.984126984126984	B7H3 vs STOP	condition_miloB7H3 - condition_miloSTOP
-0.81969168795276	11.4748142756483	0.886252581597595	0.354766262819998	0.988520613629585	429	0.981140282921039	Activated effector CD8 T cells (stress)	0.94	B7H3 vs STOP	condition_miloB7H3 - condition_miloSTOP
-0.892299816615884	11.0352767814799	0.882219388957312	0.355846198231678	0.988520613629585	430	0.981140282921039	Treg	0.960526315789474	B7H3 vs STOP	condition_miloB7H3 - condition_miloSTOP
-0.448503150335626	11.0994127160721	0.235199278790333	0.631571129919317	0.988520613629585	431	0.981140282921039	Antigen-presenting myeloid cells	1	B7H3 vs STOP	condition_miloB7H3 - condition_miloSTOP
-0.561367552233265	10.9149521411552	0.471892945464693	0.497922485306764	0.988520613629585	432	0.981140282921039	Activated CD4 effector / helper-like T cells	0.72463768115942	B7H3 vs STOP	condition_miloB7H3 - condition_miloSTOP
0.145471901827074	11.0876985320155	0.0327009974314618	0.857835981539954	0.988520613629585	433	0.981140282921039	Cycling / proliferating CAR T cells	1	B7H3 vs STOP	condition_miloB7H3 - condition_miloSTOP
-2.95328542524942	10.3030352253746	2.0198294957961	0.1670283375896	0.988520613629585	434	0.981140282921039	Treg	0.675	B7H3 vs STOP	condition_miloB7H3 - condition_miloSTOP
0.305447626693507	11.2517490435573	0.117898620419587	0.733959948289175	0.988520613629585	435	0.981140282921039	Quiescent T cells	0.709677419354839	B7H3 vs STOP	condition_miloB7H3 - condition_miloSTOP
-0.439172270884968	10.996938763379	0.24009227000727	0.628061374144528	0.988520613629585	436	0.981140282921039	Quiescent T cells	0.712328767123288	B7H3 vs STOP	condition_miloB7H3 - condition_miloSTOP
0.533119441226958	10.8721244182778	0.368660611572184	0.548951794596456	0.988520613629585	437	0.981140282921039	Activated effector CD8 T cells (stress)	0.942028985507246	B7H3 vs STOP	condition_miloB7H3 - condition_miloSTOP
0.0719704599880233	11.685771161583	0.0096990347901688	0.922269111142632	0.988520613629585	438	0.981140282921039	Activated effector CD8 T cells (stress)	0.870967741935484	B7H3 vs STOP	condition_miloB7H3 - condition_miloSTOP
-0.539977851981059	10.5450681448797	0.195415431668047	0.661935680602356	0.988520613629585	439	0.981140282921039	Cycling / proliferating CAR T cells	1	B7H3 vs STOP	condition_miloB7H3 - condition_miloSTOP
2.11713460154969	11.1830507207261	4.11076700008263	0.0524937040845396	0.988520613629585	440	0.978292788866908	NK-like cytotoxic lymphocytes	1	B7H3 vs STOP	condition_miloB7H3 - condition_miloSTOP
0.703551732213786	11.4306393048019	0.721941122196936	0.402911445447276	0.988520613629585	441	0.981140282921039	Treg	1	B7H3 vs STOP	condition_miloB7H3 - condition_miloSTOP
0.220259035517925	11.2577748543627	0.0532411970700012	0.819239988129438	0.988520613629585	442	0.981140282921039	Treg	0.989247311827957	B7H3 vs STOP	condition_miloB7H3 - condition_miloSTOP
0.586005279478567	10.7759296467031	0.320421743632652	0.575986685035018	0.988520613629585	443	0.981140282921039	Quiescent T cells	0.844827586206897	B7H3 vs STOP	condition_miloB7H3 - condition_miloSTOP
0.266637834160546	10.9973045602946	0.0871273635790345	0.770098719531229	0.988520613629585	444	0.981140282921039	Treg	1	B7H3 vs STOP	condition_miloB7H3 - condition_miloSTOP
-0.802464741165468	10.9411267537312	0.80035161067744	0.378822482500168	0.988520613629585	445	0.981140282921039	Antigen-presenting myeloid cells	1	B7H3 vs STOP	condition_miloB7H3 - condition_miloSTOP
-0.680726966569373	11.2530029929851	0.741573301927143	0.396671642388776	0.988520613629585	446	0.981140282921039	Quiescent T cells	0.921348314606742	B7H3 vs STOP	condition_miloB7H3 - condition_miloSTOP
0.434889555051976	11.685084031937	0.346958438950577	0.560691734337471	0.988520613629585	447	0.981140282921039	Treg	1	B7H3 vs STOP	condition_miloB7H3 - condition_miloSTOP
-1.05527139031294	10.9918368377179	1.34575083431445	0.256085661147256	0.988520613629585	448	0.981140282921039	Activated CD4 effector / helper-like T cells	0.915492957746479	B7H3 vs STOP	condition_miloB7H3 - condition_miloSTOP
1.58209136679638	10.8799355790217	2.3068949384806	0.140319303327214	0.988520613629585	449	0.981140282921039	Activated CD4 effector / helper-like T cells	0.863636363636364	B7H3 vs STOP	condition_miloB7H3 - condition_miloSTOP
1.75692526103674	10.9800941132125	2.24530885147336	0.14595059231233	0.988520613629585	450	0.981140282921039	Terminally differentiated cytotoxic T cells	0.879518072289157	B7H3 vs STOP	condition_miloB7H3 - condition_miloSTOP
1.00956779250487	11.1692554325387	0.988662476233822	0.328817318617845	0.988520613629585	451	0.981140282921039	Treg	0.975903614457831	B7H3 vs STOP	condition_miloB7H3 - condition_miloSTOP
-0.557825918435864	11.3841617980712	0.406836932417911	0.528903152321792	0.988520613629585	452	0.981140282921039	γδ T cells	0.990476190476191	B7H3 vs STOP	condition_miloB7H3 - condition_miloSTOP
-0.202887171634498	11.7841049165358	0.0790854225938666	0.780665069487262	0.988520613629585	453	0.981140282921039	Activated effector CD8 T cells (stress)	0.712121212121212	B7H3 vs STOP	condition_miloB7H3 - condition_miloSTOP
-1.68306193618206	10.8780300353256	3.64747949397011	0.0667328655025802	0.988520613629585	454	0.978292788866908	Activated CD4 effector / helper-like T cells	0.953846153846154	B7H3 vs STOP	condition_miloB7H3 - condition_miloSTOP
-1.05166159150915	11.1768263006712	1.19611310047141	0.283673893903961	0.988520613629585	455	0.981140282921039	Antigen-presenting myeloid cells	0.987654320987654	B7H3 vs STOP	condition_miloB7H3 - condition_miloSTOP
2.8784874407631	10.6354883800968	3.20380023470361	0.0845867377211542	0.988520613629585	456	0.981140282921039	Antigen-presenting myeloid cells	1	B7H3 vs STOP	condition_miloB7H3 - condition_miloSTOP
-0.469713104934716	11.827080515109	0.442788318048018	0.511373184237591	0.988520613629585	457	0.981140282921039	Activated effector CD8 T cells (stress)	0.757575757575758	B7H3 vs STOP	condition_miloB7H3 - condition_miloSTOP
0.330543323794606	10.9549855690382	0.149983124281621	0.701559777495319	0.988520613629585	458	0.981140282921039	IFN-responsive T cells	1	B7H3 vs STOP	condition_miloB7H3 - condition_miloSTOP
3.66360411378724	10.4455041625977	1.49341191859194	0.232548465225973	0.988520613629585	459	0.981140282921039	Terminally differentiated cytotoxic T cells	1	B7H3 vs STOP	condition_miloB7H3 - condition_miloSTOP
0.938035650255719	10.9709169193383	0.878324133310246	0.356893627922408	0.988520613629585	460	0.981140282921039	IFN-responsive T cells	0.863013698630137	B7H3 vs STOP	condition_miloB7H3 - condition_miloSTOP
-0.372610795584666	10.8358479934877	0.168884039678706	0.684319397042243	0.988520613629585	461	0.981140282921039	Activated CD4 effector / helper-like T cells	0.901639344262295	B7H3 vs STOP	condition_miloB7H3 - condition_miloSTOP
-0.125277963519755	11.3575158676551	0.0207087375983082	0.886634203208903	0.988520613629585	462	0.981140282921039	NK-like cytotoxic lymphocytes	1	B7H3 vs STOP	condition_miloB7H3 - condition_miloSTOP
1.85153608955144	11.113499135674	2.16989300359252	0.15219398245593	0.988520613629585	463	0.981140282921039	Quiescent T cells	0.943661971830986	B7H3 vs STOP	condition_miloB7H3 - condition_miloSTOP
-0.912300709807564	11.2135266792263	1.40027065520843	0.246899227502038	0.988520613629585	464	0.981140282921039	Quiescent T cells	0.922222222222222	B7H3 vs STOP	condition_miloB7H3 - condition_miloSTOP
0.433328115177009	10.6190480767455	0.0744460809138456	0.787027083849621	0.988520613629585	465	0.981140282921039	NK-like cytotoxic lymphocytes	0.918367346938776	B7H3 vs STOP	condition_miloB7H3 - condition_miloSTOP
0.611729164169011	11.0299866629675	0.39999043743083	0.532365539487387	0.988520613629585	466	0.981140282921039	Antigen-presenting myeloid cells	1	B7H3 vs STOP	condition_miloB7H3 - condition_miloSTOP
0.50926239561478	10.8823902575628	0.223198818979063	0.640375155950463	0.988520613629585	467	0.981140282921039	Activated effector CD8 T cells (stress)	0.53968253968254	B7H3 vs STOP	condition_miloB7H3 - condition_miloSTOP
-0.688880984702814	11.4499021402534	0.543317609896178	0.467360578261939	0.988520613629585	468	0.981140282921039	Treg	1	B7H3 vs STOP	condition_miloB7H3 - condition_miloSTOP
0.839215563259724	10.4950660308187	0.247734390625967	0.622667831757499	0.988520613629585	469	0.981140282921039	Quiescent T cells	0.512820512820513	B7H3 vs STOP	condition_miloB7H3 - condition_miloSTOP
-0.358530842607286	11.0660324117957	0.118784104627432	0.733002848688401	0.988520613629585	470	0.981140282921039	Naïve / central-memory T cells	0.986842105263158	B7H3 vs STOP	condition_miloB7H3 - condition_miloSTOP
-0.630969951633775	10.9836076333786	0.525084516242476	0.474857175865074	0.988520613629585	471	0.981140282921039	Activated effector CD8 T cells (stress)	0.545454545454545	B7H3 vs STOP	condition_miloB7H3 - condition_miloSTOP
-0.855651564282567	11.962001067184	1.1377636091735	0.295484956847718	0.988520613629585	472	0.981140282921039	Quiescent T cells	0.952702702702703	B7H3 vs STOP	condition_miloB7H3 - condition_miloSTOP
0.246434303972189	10.8168586021747	0.0721596912897863	0.790241119779272	0.988520613629585	473	0.981140282921039	Cycling / proliferating CAR T cells	0.403508771929825	B7H3 vs STOP	condition_miloB7H3 - condition_miloSTOP
-0.600188006408374	10.9621967073346	0.370513652422036	0.547765513278552	0.988520613629585	474	0.981140282921039	Quiescent T cells	0.521739130434783	B7H3 vs STOP	condition_miloB7H3 - condition_miloSTOP
-0.0684296777623826	11.7677771484387	0.00623296323585092	0.937650006072297	0.988520613629585	475	0.981140282921039	Quiescent T cells	1	B7H3 vs STOP	condition_miloB7H3 - condition_miloSTOP
-1.68086143630967	11.2846092627305	4.58336277141036	0.0413814811966887	0.988520613629585	476	0.978292788866908	Quiescent T cells	0.726190476190476	B7H3 vs STOP	condition_miloB7H3 - condition_miloSTOP
0.830740374157418	10.6343646121629	0.430276113224413	0.517354214831316	0.988520613629585	477	0.981140282921039	Activated CD4 effector / helper-like T cells	0.981132075471698	B7H3 vs STOP	condition_miloB7H3 - condition_miloSTOP
0.899575895957727	11.0248744082053	0.694504904602677	0.411881683379817	0.988520613629585	478	0.981140282921039	γδ T cells	0.648648648648649	B7H3 vs STOP	condition_miloB7H3 - condition_miloSTOP
0.468606811025871	10.9337453331129	0.293875872423471	0.592153266419808	0.988520613629585	479	0.981140282921039	Cycling / proliferating CAR T cells	0.972972972972973	B7H3 vs STOP	condition_miloB7H3 - condition_miloSTOP
1.05783510920765	10.3562854767199	0.24730212230845	0.622970110557728	0.988520613629585	480	0.981140282921039	Antigen-presenting myeloid cells	0.933333333333333	B7H3 vs STOP	condition_miloB7H3 - condition_miloSTOP
0.486241901537175	11.0003374089936	0.290170572873428	0.594484869426078	0.988520613629585	481	0.981140282921039	Cycling / proliferating CAR T cells	0.987341772151899	B7H3 vs STOP	condition_miloB7H3 - condition_miloSTOP
-1.1609079831655	11.5477044307544	2.13061998591588	0.155815459704681	0.988520613629585	482	0.981140282921039	Terminally differentiated cytotoxic T cells	0.982758620689655	B7H3 vs STOP	condition_miloB7H3 - condition_miloSTOP
2.36556283532731	10.6038902340888	2.91650490929991	0.0990477213227956	0.988520613629585	483	0.981140282921039	Activated CD4 effector / helper-like T cells	0.607142857142857	B7H3 vs STOP	condition_miloB7H3 - condition_miloSTOP
0.287513728688104	11.4156012426448	0.0920154814001238	0.763934250036835	0.988520613629585	484	0.981140282921039	γδ T cells	0.963636363636364	B7H3 vs STOP	condition_miloB7H3 - condition_miloSTOP
-0.50826258976235	10.6053144002856	0.195453974547446	0.661904525334955	0.988520613629585	485	0.981140282921039	Activated effector CD8 T cells (stress)	1	B7H3 vs STOP	condition_miloB7H3 - condition_miloSTOP
0.243428633516345	10.6353589834528	0.0325598058361634	0.85813977840207	0.988520613629585	486	0.981140282921039	NK-like cytotoxic lymphocytes	0.489795918367347	B7H3 vs STOP	condition_miloB7H3 - condition_miloSTOP
-0.0847241793425973	11.2018893199321	0.0105870999563049	0.918800874672209	0.988520613629585	487	0.981140282921039	Cycling / proliferating CAR T cells	0.989010989010989	B7H3 vs STOP	condition_miloB7H3 - condition_miloSTOP
0.266331013986998	10.7107958058373	0.0604684929357696	0.807599756258857	0.988520613629585	488	0.981140282921039	Activated effector CD8 T cells (stress)	0.793103448275862	B7H3 vs STOP	condition_miloB7H3 - condition_miloSTOP
-0.828265309674599	10.5689161549228	0.388884043725256	0.538072007644442	0.988520613629585	489	0.981140282921039	γδ T cells	0.804347826086957	B7H3 vs STOP	condition_miloB7H3 - condition_miloSTOP
-1.05012702681779	10.9292863226323	1.09811430556875	0.303886322824957	0.988520613629585	490	0.981140282921039	Terminally differentiated cytotoxic T cells	0.308823529411765	B7H3 vs STOP	condition_miloB7H3 - condition_miloSTOP
-0.445390828213256	11.2403690156758	0.24909549741159	0.621718185980943	0.988520613629585	491	0.981140282921039	Antigen-presenting myeloid cells	1	B7H3 vs STOP	condition_miloB7H3 - condition_miloSTOP
-0.0451331743450691	10.5292461080279	0.0010818365286445	0.974010108100008	0.996336414570862	492	0.993165885569189	Cycling / proliferating CAR T cells	0.923076923076923	B7H3 vs STOP	condition_miloB7H3 - condition_miloSTOP
0.125592462130569	11.3401953449244	0.0210684878658645	0.885660836542129	0.988520613629585	493	0.981140282921039	Treg	1	B7H3 vs STOP	condition_miloB7H3 - condition_miloSTOP
0.12900348687792	11.1441371180752	0.0231745225083069	0.880125654298844	0.988520613629585	494	0.981140282921039	Cycling / proliferating CAR T cells	0.988636363636364	B7H3 vs STOP	condition_miloB7H3 - condition_miloSTOP
-0.523056859686618	10.8620891774399	0.380086860996673	0.542866978236796	0.988520613629585	495	0.981140282921039	Treg	0.96969696969697	B7H3 vs STOP	condition_miloB7H3 - condition_miloSTOP
-0.570919022118037	10.6024423081859	0.226137367325152	0.638192815666051	0.988520613629585	496	0.981140282921039	Activated effector CD8 T cells (stress)	0.306122448979592	B7H3 vs STOP	condition_miloB7H3 - condition_miloSTOP
-0.256108570742319	10.9140522938835	0.0709408019275269	0.791976934975321	0.988520613629585	497	0.981140282921039	Quiescent T cells	0.986842105263158	B7H3 vs STOP	condition_miloB7H3 - condition_miloSTOP
-0.286932960330735	11.1706850768677	0.124522988954363	0.726894843379582	0.988520613629585	498	0.981140282921039	Treg	0.988235294117647	B7H3 vs STOP	condition_miloB7H3 - condition_miloSTOP
0.074026017469648	11.1887586240575	0.00815943801190048	0.928685989093086	0.988520613629585	499	0.981140282921039	Cycling / proliferating CAR T cells	1	B7H3 vs STOP	condition_miloB7H3 - condition_miloSTOP
1.70380725347465	10.6367868790853	1.46793643642118	0.23607356552846	0.988520613629585	500	0.981140282921039	Treg	0.87037037037037	B7H3 vs STOP	condition_miloB7H3 - condition_miloSTOP
0.11048708064674	11.1950079881183	0.018839294968878	0.925515901663129	0.988520613629585	501	0.981140282921039	Cycling / proliferating CAR T cells	0.98936170212766	B7H3 vs STOP	condition_miloB7H3 - condition_miloSTOP
0.140495451262598	11.2914540739782	0.0223277570837475	0.882318902329767	0.988520613629585	502	0.981140282921039	Treg	0.989247311827957	B7H3 vs STOP	condition_miloB7H3 - condition_miloSTOP
0.724565480757495	11.4559507542861	0.530146305230771	0.472756135787604	0.988520613629585	503	0.981140282921039	Quiescent T cells	0.467289719626168	B7H3 vs STOP	condition_miloB7H3 - condition_miloSTOP
-0.0778355910681006	11.8051674421356	0.0105850752179177	0.918808611183407	0.988520613629585	504	0.981140282921039	Quiescent T cells	0.971014492753623	B7H3 vs STOP	condition_miloB7H3 - condition_miloSTOP
1.00005511753381	11.0437014460073	1.22359295422808	0.278326937643181	0.988520613629585	505	0.981140282921039	Activated effector CD8 T cells (stress)	0.5	B7H3 vs STOP	condition_miloB7H3 - condition_miloSTOP
0.358493831753675	11.0791972083456	0.179223587414392	0.675364040307557	0.988520613629585	506	0.981140282921039	Cycling / proliferating CAR T cells	0.963855421686747	B7H3 vs STOP	condition_miloB7H3 - condition_miloSTOP
-0.0771115589557013	11.4290777026238	0.00888547179257703	0.925590124234452	0.988520613629585	507	0.981140282921039	Quiescent T cells	0.94392523364486	B7H3 vs STOP	condition_miloB7H3 - condition_miloSTOP
-0.0782358761910329	11.3180706109801	0.00581842625293393	0.939754727070198	0.988520613629585	508	0.981140282921039	Naïve / central-memory T cells	0.522727272727273	B7H3 vs STOP	condition_miloB7H3 - condition_miloSTOP
-0.584915636901042	10.7019017634998	0.337941893391932	0.565978392601054	0.988520613629585	509	0.981140282921039	Treg	0.821428571428571	B7H3 vs STOP	condition_miloB7H3 - condition_miloSTOP
-0.403300150635388	11.3842263156838	0.216433339787868	0.645467583958324	0.988520613629585	510	0.981140282921039	NK-like cytotoxic lymphocytes	0.989473684210526	B7H3 vs STOP	condition_miloB7H3 - condition_miloSTOP
0.471097269326891	10.927445998236	0.290325223113081	0.594387168478486	0.988520613629585	511	0.981140282921039	Quiescent T cells	0.376811594202899	B7H3 vs STOP	condition_miloB7H3 - condition_miloSTOP
2.37989003861461	10.7279652037839	2.70551534758608	0.111490273383184	0.988520613629585	512	0.981140282921039	Treg	0.6	B7H3 vs STOP	condition_miloB7H3 - condition_miloSTOP
-0.26824077979746	11.0109192657652	0.0631339412953752	0.803494615505307	0.988520613629585	513	0.981140282921039	Antigen-presenting myeloid cells	0.765625	B7H3 vs STOP	condition_miloB7H3 - condition_miloSTOP
-1.01995177626838	11.5604862423205	1.68734542327996	0.204835578598833	0.988520613629585	514	0.981140282921039	Terminally differentiated cytotoxic T cells	0.991666666666667	B7H3 vs STOP	condition_miloB7H3 - condition_miloSTOP
0.462306114542696	11.0279596589479	0.168962052912529	0.684250636299179	0.988520613629585	515	0.981140282921039	Treg	0.986301369863014	B7H3 vs STOP	condition_miloB7H3 - condition_miloSTOP
1.31442136806753	11.038583295864	1.51903937947265	0.228293248746188	0.988520613629585	516	0.981140282921039	Treg	0.987179487179487	B7H3 vs STOP	condition_miloB7H3 - condition_miloSTOP
-0.107404437918377	11.0904960889939	0.0109447195142034	0.917445952026588	0.988520613629585	517	0.981140282921039	Treg	1	B7H3 vs STOP	condition_miloB7H3 - condition_miloSTOP
-0.242449087190084	11.1665413326496	0.0853802508869033	0.77234765955573	0.988520613629585	518	0.981140282921039	NK-like cytotoxic lymphocytes	1	B7H3 vs STOP	condition_miloB7H3 - condition_miloSTOP
0.329738574061587	10.9446412434074	0.156091422315836	0.695856591066127	0.988520613629585	519	0.981140282921039	Cycling / proliferating CAR T cells	1	B7H3 vs STOP	condition_miloB7H3 - condition_miloSTOP
-0.817117932488697	10.5810292425272	0.43701518346444	0.514117446339589	0.988520613629585	520	0.981140282921039	Th2-like inflammatory T cells	0.456521739130435	B7H3 vs STOP	condition_miloB7H3 - condition_miloSTOP
-0.0553546167712924	10.7610280934233	0.00293157304644764	0.95721544267238	0.992183386070385	521	0.985135370634522	Activated CD4 effector / helper-like T cells	0.854545454545454	B7H3 vs STOP	condition_miloB7H3 - condition_miloSTOP
-0.218505575385736	11.3307903667032	0.0525332855976547	0.820423951895301	0.988520613629585	522	0.981140282921039	Naïve / central-memory T cells	0.967032967032967	B7H3 vs STOP	condition_miloB7H3 - condition_miloSTOP
0.137163188349691	11.6808522589639	0.0315833528427338	0.860259676921741	0.988520613629585	523	0.981140282921039	NK-like cytotoxic lymphocytes	1	B7H3 vs STOP	condition_miloB7H3 - condition_miloSTOP
-0.436915108069436	10.981761693121	0.13957849811732	0.711781630258405	0.988520613629585	524	0.981140282921039	Quiescent T cells	0.9125	B7H3 vs STOP	condition_miloB7H3 - condition_miloSTOP
-1.09557853658182	10.7316953515605	1.11669016336128	0.299911026696137	0.988520613629585	525	0.981140282921039	Terminally differentiated cytotoxic T cells	0.981481481481482	B7H3 vs STOP	condition_miloB7H3 - condition_miloSTOP
0.348282213724439	11.0045828468567	0.140863761744243	0.710329441448894	0.988520613629585	526	0.981140282921039	Activated effector CD8 T cells (stress)	0.949367088607595	B7H3 vs STOP	condition_miloB7H3 - condition_miloSTOP
0.833922869223242	11.0951307408043	0.770036663765911	0.387877084182167	0.988520613629585	527	0.981140282921039	Antigen-presenting myeloid cells	1	B7H3 vs STOP	condition_miloB7H3 - condition_miloSTOP
-1.37135518018315	11.657587489872	1.55572335201084	0.223601377190747	0.988520613629585	528	0.981140282921039	Quiescent T cells	0.74	B7H3 vs STOP	condition_miloB7H3 - condition_miloSTOP
-0.00939266911643607	10.7672954213018	0.000110294289578791	0.991697194772965	0.997077107222005	529	0.99556437228247	Cycling / proliferating CAR T cells	0.984375	B7H3 vs STOP	condition_miloB7H3 - condition_miloSTOP
0.0438802624781887	11.3653024551774	0.0025540842053443	0.960062341197603	0.992183386070385	530	0.985295454660595	Treg	1	B7H3 vs STOP	condition_miloB7H3 - condition_miloSTOP
-0.853867601892387	11.420346502784	1.1234187022524	0.298488269079445	0.988520613629585	531	0.981140282921039	Activated effector CD8 T cells (stress)	0.840425531914894	B7H3 vs STOP	condition_miloB7H3 - condition_miloSTOP
-0.205034601711664	11.2826709983634	0.0488827795995432	0.826667186098172	0.988520613629585	532	0.981140282921039	Treg	1	B7H3 vs STOP	condition_miloB7H3 - condition_miloSTOP
-0.0123567504990337	10.991965466332	0.000167325157392073	0.989777126593541	0.996949424612335	533	0.995047642772559	Cycling / proliferating CAR T cells	1	B7H3 vs STOP	condition_miloB7H3 - condition_miloSTOP
-1.08898716600649	11.3558384310342	1.79949881038998	0.190846562707296	0.988520613629585	534	0.981140282921039	Quiescent T cells	1	B7H3 vs STOP	condition_miloB7H3 - condition_miloSTOP
-0.203637270251637	11.6836505872981	0.0644012800143692	0.801575122569295	0.988520613629585	535	0.981140282921039	Quiescent T cells	0.959016393442623	B7H3 vs STOP	condition_miloB7H3 - condition_miloSTOP
-0.114105241772028	10.6893102708263	0.00833771210675781	0.927913352695799	0.988520613629585	536	0.981140282921039	Naïve / central-memory T cells	0.684210526315789	B7H3 vs STOP	condition_miloB7H3 - condition_miloSTOP
0.564812450576363	11.1435581801011	0.393023808630016	0.535931795000259	0.988520613629585	537	0.981140282921039	Activated effector CD8 T cells (stress)	1	B7H3 vs STOP	condition_miloB7H3 - condition_miloSTOP
0.453131571822844	11.2786557493843	0.284713762259353	0.597954053561146	0.988520613629585	538	0.981140282921039	Quiescent T cells	0.736263736263736	B7H3 vs STOP	condition_miloB7H3 - condition_miloSTOP
0.124939098732084	10.9632477530896	0.0125344219729786	0.911677948923939	0.988520613629585	539	0.981140282921039	γδ T cells	1	B7H3 vs STOP	condition_miloB7H3 - condition_miloSTOP
0.0585905658671592	11.4894604161202	0.00501909488230988	0.944038049793779	0.988520613629585	540	0.981140282921039	NK-like cytotoxic lymphocytes	1	B7H3 vs STOP	condition_miloB7H3 - condition_miloSTOP
0.889436234877359	11.3691645414189	0.945381751805107	0.339449889617961	0.988520613629585	541	0.981140282921039	Quiescent T cells	0.524271844660194	B7H3 vs STOP	condition_miloB7H3 - condition_miloSTOP
0.545918452813123	10.8757648659879	0.253319521465114	0.618791679183906	0.988520613629585	542	0.981140282921039	Activated CD4 effector / helper-like T cells	0.555555555555556	B7H3 vs STOP	condition_miloB7H3 - condition_miloSTOP
0.0953894611310583	11.0272803245193	0.0116935778846746	0.914679445329904	0.988520613629585	543	0.981140282921039	Cycling / proliferating CAR T cells	0.951219512195122	B7H3 vs STOP	condition_miloB7H3 - condition_miloSTOP
-0.281478426696259	11.5798903009291	0.155601435531265	0.696309258379147	0.988520613629585	544	0.981140282921039	Quiescent T cells	1	B7H3 vs STOP	condition_miloB7H3 - condition_miloSTOP
-0.0770888427161507	11.4599590736207	0.0110978932857377	0.940762459792993	0.988520613629585	545	0.981140282921039	Activated effector CD8 T cells (stress)	0.991071428571429	B7H3 vs STOP	condition_miloB7H3 - condition_miloSTOP
-0.282554873768507	11.5744630503173	0.12301111796324	0.728590464421692	0.988520613629585	546	0.981140282921039	Activated effector CD8 T cells (stress)	1	B7H3 vs STOP	condition_miloB7H3 - condition_miloSTOP
-0.422700357367184	11.455224374951	0.235336418172568	0.631472144254537	0.988520613629585	547	0.981140282921039	Activated effector CD8 T cells (stress)	0.99	B7H3 vs STOP	condition_miloB7H3 - condition_miloSTOP
-1.0080862376368	11.2057753705208	1.44425431047621	0.239792593669024	0.988520613629585	548	0.981140282921039	Treg	1	B7H3 vs STOP	condition_miloB7H3 - condition_miloSTOP
-0.583542627128956	11.26074760851	0.437081852524098	0.514085605816998	0.988520613629585	549	0.981140282921039	Activated effector CD8 T cells (stress)	0.63855421686747	B7H3 vs STOP	condition_miloB7H3 - condition_miloSTOP
-1.49632646512715	11.6313632953783	3.64393513074663	0.0668574071552277	0.988520613629585	550	0.978292788866908	Terminally differentiated cytotoxic T cells	1	B7H3 vs STOP	condition_miloB7H3 - condition_miloSTOP
-0.0825844455997212	11.1208750063426	0.00861989264489228	0.926707225463132	0.988520613629585	551	0.981140282921039	Cycling / proliferating CAR T cells	1	B7H3 vs STOP	condition_miloB7H3 - condition_miloSTOP
-0.483790766331322	10.9744971602317	0.365201456944633	0.550630402794448	0.988520613629585	552	0.981140282921039	Activated CD4 effector / helper-like T cells	0.929577464788732	B7H3 vs STOP	condition_miloB7H3 - condition_miloSTOP
0.635901445652419	11.0002375600331	0.314468975216998	0.579532925105529	0.988520613629585	553	0.981140282921039	Treg	0.933333333333333	B7H3 vs STOP	condition_miloB7H3 - condition_miloSTOP
1.32577807327632	11.3197888181824	1.90568345891449	0.178663251735208	0.988520613629585	554	0.981140282921039	Activated effector CD8 T cells (stress)	0.846153846153846	B7H3 vs STOP	condition_miloB7H3 - condition_miloSTOP
-0.335160097825305	11.5520384235588	0.166751759627358	0.686206047990398	0.988520613629585	555	0.981140282921039	Activated effector CD8 T cells (stress)	0.883495145631068	B7H3 vs STOP	condition_miloB7H3 - condition_miloSTOP
-0.202651410613894	11.0781981067501	0.043744327062555	0.835885692951067	0.988520613629585	556	0.981140282921039	Activated effector CD8 T cells (stress)	0.929577464788732	B7H3 vs STOP	condition_miloB7H3 - condition_miloSTOP
0.263688280549909	11.7636694692931	0.0781857849119615	0.781882684192757	0.999411758030983	1	0.999411758030983	Naïve / central-memory T cells	0.536764705882353	CD28-41BB vs STOP	condition_miloCD28.41BB - condition_miloSTOP
1.1795953596138	11.6071945457548	1.67831844942768	0.20601550371751	0.999411758030983	2	0.999411758030983	γδ T cells	0.984251968503937	CD28-41BB vs STOP	condition_miloCD28.41BB - condition_miloSTOP
0.0067004396770706	10.380744319935	1.34174987670408e-05	0.997104047810215	0.999411758030983	3	0.999411758030983	Antigen-presenting myeloid cells	0.955555555555556	CD28-41BB vs STOP	condition_miloCD28.41BB - condition_miloSTOP
2.29404345816277	11.9445459434849	8.16380152293793	0.0080880704566988	0.999411758030983	4	0.999411758030983	NK-like cytotoxic lymphocytes	1	CD28-41BB vs STOP	condition_miloCD28.41BB - condition_miloSTOP
-1.17263965902434	10.9716954640596	1.34684736414543	0.255896621948596	0.999411758030983	5	0.999411758030983	Activated effector CD8 T cells (stress)	0.6	CD28-41BB vs STOP	condition_miloCD28.41BB - condition_miloSTOP
0.816707803140644	11.2752228189786	0.59110748535032	0.448603870143446	0.999411758030983	6	0.999411758030983	γδ T cells	0.988505747126437	CD28-41BB vs STOP	condition_miloCD28.41BB - condition_miloSTOP
-0.261147673654284	11.4722957165291	0.0975512453110377	0.757165828676729	0.999411758030983	7	0.999411758030983	Activated effector CD8 T cells (stress)	0.38	CD28-41BB vs STOP	condition_miloCD28.41BB - condition_miloSTOP
0.780183894307344	10.8452703006863	0.400254641305691	0.532231154660902	0.999411758030983	8	0.999411758030983	Terminally differentiated cytotoxic T cells	0.865671641791045	CD28-41BB vs STOP	condition_miloCD28.41BB - condition_miloSTOP
0.554326613243937	11.0920096547337	0.240668813229276	0.627650761122411	0.999411758030983	9	0.999411758030983	Treg	0.95	CD28-41BB vs STOP	condition_miloCD28.41BB - condition_miloSTOP
2.20494603559504	12.1863055210078	8.53631403951902	0.00691829465848181	0.999411758030983	10	0.999411758030983	NK-like cytotoxic lymphocytes	1	CD28-41BB vs STOP	condition_miloCD28.41BB - condition_miloSTOP
-0.258256954710284	11.2035805158761	0.0737093450877273	0.788056859431398	0.999411758030983	11	0.999411758030983	Naïve / central-memory T cells	0.516129032258065	CD28-41BB vs STOP	condition_miloCD28.41BB - condition_miloSTOP
-0.905199400540516	11.1852917427584	1.07326947669822	0.309314590122125	0.999411758030983	12	0.999411758030983	Activated CD4 effector / helper-like T cells	0.919540229885057	CD28-41BB vs STOP	condition_miloCD28.41BB - condition_miloSTOP
-0.210574609603711	11.4704092756611	0.0563064600253337	0.814206907475975	0.999411758030983	13	0.999411758030983	Activated effector CD8 T cells (stress)	1	CD28-41BB vs STOP	condition_miloCD28.41BB - condition_miloSTOP
-0.985232413317482	11.0092009539126	1.02413914289287	0.320441163161517	0.999411758030983	14	0.999411758030983	Activated effector CD8 T cells (stress)	1	CD28-41BB vs STOP	condition_miloCD28.41BB - condition_miloSTOP
0.437967196579553	11.0357489997098	0.233829288720241	0.632561945680942	0.999411758030983	15	0.999411758030983	Naïve / central-memory T cells	0.605263157894737	CD28-41BB vs STOP	condition_miloCD28.41BB - condition_miloSTOP
0.0153459661221371	11.4162718468071	0.000289022879824661	0.986559945273802	0.999411758030983	16	0.999411758030983	Activated effector CD8 T cells (stress)	0.876288659793814	CD28-41BB vs STOP	condition_miloCD28.41BB - condition_miloSTOP
0.446814592917047	11.4897627317043	0.270569476606135	0.607150562603586	0.999411758030983	17	0.999411758030983	Naïve / central-memory T cells	1	CD28-41BB vs STOP	condition_miloCD28.41BB - condition_miloSTOP
1.96839905480045	11.4424499475296	3.49909554757948	0.0721788980361629	0.999411758030983	18	0.999411758030983	Treg	0.775700934579439	CD28-41BB vs STOP	condition_miloCD28.41BB - condition_miloSTOP
0.635590147330471	11.5985252579149	0.544551719735204	0.466860238664456	0.999411758030983	19	0.999411758030983	NK-like cytotoxic lymphocytes	1	CD28-41BB vs STOP	condition_miloCD28.41BB - condition_miloSTOP
0.826871800098058	10.8513596813665	0.626392011695716	0.435517141614142	0.999411758030983	20	0.999411758030983	Activated CD4 effector / helper-like T cells	0.953846153846154	CD28-41BB vs STOP	condition_miloCD28.41BB - condition_miloSTOP
-0.252063123016447	11.0613417251166	0.0775287398370807	0.782776753772423	0.999411758030983	21	0.999411758030983	Quiescent T cells	0.878378378378378	CD28-41BB vs STOP	condition_miloCD28.41BB - condition_miloSTOP
-0.653065651564409	11.1222226861029	0.450465056070958	0.507764002115612	0.999411758030983	22	0.999411758030983	Cycling / proliferating CAR T cells	0.848837209302326	CD28-41BB vs STOP	condition_miloCD28.41BB - condition_miloSTOP
-0.25676662037525	10.9018842833803	0.0582880302395034	0.8110300251609	0.999411758030983	23	0.999411758030983	Cycling / proliferating CAR T cells	1	CD28-41BB vs STOP	condition_miloCD28.41BB - condition_miloSTOP
-3.01570071597329	10.4764047217186	2.45227647841835	0.12933154936875	0.999411758030983	24	0.999411758030983	Activated CD4 effector / helper-like T cells	0.976744186046512	CD28-41BB vs STOP	condition_miloCD28.41BB - condition_miloSTOP
-0.494072246503868	11.2083744556728	0.279506222174924	0.601305055589899	0.999411758030983	25	0.999411758030983	Activated effector CD8 T cells (stress)	0.963855421686747	CD28-41BB vs STOP	condition_miloCD28.41BB - condition_miloSTOP
-0.830546164625022	10.7709042359767	0.636404908610136	0.431912817618038	0.999411758030983	26	0.999411758030983	Activated effector CD8 T cells (stress)	0.827586206896552	CD28-41BB vs STOP	condition_miloCD28.41BB - condition_miloSTOP
-1.54272506698652	10.844181104319	1.78429818051591	0.193089111330566	0.999411758030983	27	0.999411758030983	Cycling / proliferating CAR T cells	0.830985915492958	CD28-41BB vs STOP	condition_miloCD28.41BB - condition_miloSTOP
-0.771620067175132	10.3462771458537	0.176638236336664	0.677574073587299	0.999411758030983	28	0.999411758030983	Cycling / proliferating CAR T cells	0.82051282051282	CD28-41BB vs STOP	condition_miloCD28.41BB - condition_miloSTOP
2.53343297286282	11.8363824134416	7.07215034048848	0.0129529831586609	0.999411758030983	29	0.999411758030983	NK-like cytotoxic lymphocytes	1	CD28-41BB vs STOP	condition_miloCD28.41BB - condition_miloSTOP
0.689068131663319	10.9354386824979	0.514296676671056	0.479387279323767	0.999411758030983	30	0.999411758030983	Cycling / proliferating CAR T cells	1	CD28-41BB vs STOP	condition_miloCD28.41BB - condition_miloSTOP
0.136430116361687	11.2778844292333	0.0229053262991843	0.880818397786608	0.999411758030983	31	0.999411758030983	IFN-responsive T cells	1	CD28-41BB vs STOP	condition_miloCD28.41BB - condition_miloSTOP
-0.122263489876989	11.6209861611248	0.0197393837289953	0.889300787657574	0.999411758030983	32	0.999411758030983	Naïve / central-memory T cells	0.934579439252336	CD28-41BB vs STOP	condition_miloCD28.41BB - condition_miloSTOP
0.459050522385974	11.3852519490551	0.250958355725587	0.620423735163521	0.999411758030983	33	0.999411758030983	Activated effector CD8 T cells (stress)	0.54	CD28-41BB vs STOP	condition_miloCD28.41BB - condition_miloSTOP
0.2159849014735	11.4421403158607	0.0563428602977174	0.814148021012307	0.999411758030983	34	0.999411758030983	NK-like cytotoxic lymphocytes	0.752475247524752	CD28-41BB vs STOP	condition_miloCD28.41BB - condition_miloSTOP
0.476647656736037	11.2771278915353	0.256373165938823	0.61669513096048	0.999411758030983	35	0.999411758030983	γδ T cells	0.989130434782609	CD28-41BB vs STOP	condition_miloCD28.41BB - condition_miloSTOP
1.6095786118098	10.7990860966547	1.55165990587606	0.22349496937253	0.999411758030983	36	0.999411758030983	Activated effector CD8 T cells (stress)	0.71875	CD28-41BB vs STOP	condition_miloCD28.41BB - condition_miloSTOP
-0.413066880845057	11.3670406970791	0.123593542030172	0.7278731501924	0.999411758030983	37	0.999411758030983	Treg	0.990196078431373	CD28-41BB vs STOP	condition_miloCD28.41BB - condition_miloSTOP
0.0287872445078053	11.3422299082947	0.00101763410434702	0.974784006524696	0.999411758030983	38	0.999411758030983	Naïve / central-memory T cells	0.435185185185185	CD28-41BB vs STOP	condition_miloCD28.41BB - condition_miloSTOP
0.0213988312919618	11.5585658802069	0.0006368334643714	0.980050970794798	0.999411758030983	39	0.999411758030983	Naïve / central-memory T cells	0.81981981981982	CD28-41BB vs STOP	condition_miloCD28.41BB - condition_miloSTOP
0.425213444480175	10.9774501673724	0.115293933370546	0.736798883576497	0.999411758030983	40	0.999411758030983	Antigen-presenting myeloid cells	1	CD28-41BB vs STOP	condition_miloCD28.41BB - condition_miloSTOP
-0.925170699170804	10.8046202977463	0.769075548254765	0.388458774167189	0.999411758030983	41	0.999411758030983	Cycling / proliferating CAR T cells	0.938461538461538	CD28-41BB vs STOP	condition_miloCD28.41BB - condition_miloSTOP
-0.477417928286881	11.1023799509081	0.248471961951783	0.622152822102787	0.999411758030983	42	0.999411758030983	Cycling / proliferating CAR T cells	1	CD28-41BB vs STOP	condition_miloCD28.41BB - condition_miloSTOP
-1.00295487001702	11.3544446690095	1.03286129736553	0.318426600110486	0.999411758030983	43	0.999411758030983	Antigen-presenting myeloid cells	0.915492957746479	CD28-41BB vs STOP	condition_miloCD28.41BB - condition_miloSTOP
-1.12293154737943	11.89009332728	2.40955277969791	0.13213485550316	0.999411758030983	44	0.999411758030983	Quiescent T cells	0.981366459627329	CD28-41BB vs STOP	condition_miloCD28.41BB - condition_miloSTOP
0.799358393693263	11.142850115676	0.517203661837419	0.478159467412806	0.999411758030983	45	0.999411758030983	Treg	0.895348837209302	CD28-41BB vs STOP	condition_miloCD28.41BB - condition_miloSTOP
0.909256216904238	11.5049433138187	0.431183494658588	0.517278221510416	0.999411758030983	46	0.999411758030983	Quiescent T cells	0.954545454545455	CD28-41BB vs STOP	condition_miloCD28.41BB - condition_miloSTOP
-0.50635338929307	11.7809618419276	0.477192222900573	0.495539614657613	0.999411758030983	47	0.999411758030983	Activated effector CD8 T cells (stress)	0.84297520661157	CD28-41BB vs STOP	condition_miloCD28.41BB - condition_miloSTOP
0.447077125902234	10.9556281101724	0.181217223498167	0.673672682494021	0.999411758030983	48	0.999411758030983	Cycling / proliferating CAR T cells	0.986666666666667	CD28-41BB vs STOP	condition_miloCD28.41BB - condition_miloSTOP
-0.875379947936881	11.1812377610308	0.703968540713265	0.408753782523278	0.999411758030983	49	0.999411758030983	Treg	1	CD28-41BB vs STOP	condition_miloCD28.41BB - condition_miloSTOP
0.354591230666752	11.4589327442352	0.179679858755564	0.67497596940067	0.999411758030983	50	0.999411758030983	NK-like cytotoxic lymphocytes	1	CD28-41BB vs STOP	condition_miloCD28.41BB - condition_miloSTOP
0.383772020902585	12.1580845058577	0.224022500983277	0.639761666286614	0.999411758030983	51	0.999411758030983	Activated effector CD8 T cells (stress)	1	CD28-41BB vs STOP	condition_miloCD28.41BB - condition_miloSTOP
-0.0360452734681776	10.9017506954203	0.00105953991763185	0.974270237681655	0.999411758030983	52	0.999411758030983	Antigen-presenting myeloid cells	1	CD28-41BB vs STOP	condition_miloCD28.41BB - condition_miloSTOP
-0.382935524145576	11.1270516534773	0.132389161841561	0.718775536742708	0.999411758030983	53	0.999411758030983	Cycling / proliferating CAR T cells	1	CD28-41BB vs STOP	condition_miloCD28.41BB - condition_miloSTOP
-1.28071435974244	11.209675045888	1.89181064342912	0.180200188859385	0.999411758030983	54	0.999411758030983	Activated effector CD8 T cells (stress)	1	CD28-41BB vs STOP	condition_miloCD28.41BB - condition_miloSTOP
1.19597307281444	11.6804178057009	1.64900520451639	0.20990543029938	0.999411758030983	55	0.999411758030983	NK-like cytotoxic lymphocytes	1	CD28-41BB vs STOP	condition_miloCD28.41BB - condition_miloSTOP
0.681452800662842	11.4622506497409	0.597205255808673	0.446298011079139	0.999411758030983	56	0.999411758030983	NK-like cytotoxic lymphocytes	0.979591836734694	CD28-41BB vs STOP	condition_miloCD28.41BB - condition_miloSTOP
-0.635202931697677	11.1549564667381	0.450137620307278	0.507917026120052	0.999411758030983	57	0.999411758030983	Quiescent T cells	0.743589743589744	CD28-41BB vs STOP	condition_miloCD28.41BB - condition_miloSTOP
0.0257926870837993	11.1734119387548	0.000649740485841088	0.979849871325736	0.999411758030983	58	0.999411758030983	NK-like cytotoxic lymphocytes	1	CD28-41BB vs STOP	condition_miloCD28.41BB - condition_miloSTOP
1.26493562137267	11.2348185140148	1.32051632485151	0.260486112640742	0.999411758030983	59	0.999411758030983	Antigen-presenting myeloid cells	0.526315789473684	CD28-41BB vs STOP	condition_miloCD28.41BB - condition_miloSTOP
-0.228689510801685	10.6902446512388	0.0273603812188131	0.869842531752818	0.999411758030983	60	0.999411758030983	Activated CD4 effector / helper-like T cells	0.875	CD28-41BB vs STOP	condition_miloCD28.41BB - condition_miloSTOP
0.0634015899931695	11.0438215170424	0.00363704521076515	0.952350524679404	0.999411758030983	61	0.999411758030983	Cycling / proliferating CAR T cells	1	CD28-41BB vs STOP	condition_miloCD28.41BB - condition_miloSTOP
0.387499564565017	11.1630634613066	0.109587823471997	0.743146085491225	0.999411758030983	62	0.999411758030983	Activated CD4 effector / helper-like T cells	0.629213483146067	CD28-41BB vs STOP	condition_miloCD28.41BB - condition_miloSTOP
1.19676200352633	11.4591745258302	1.63978195877882	0.211148137528383	0.999411758030983	63	0.999411758030983	Treg	0.981132075471698	CD28-41BB vs STOP	condition_miloCD28.41BB - condition_miloSTOP
-0.993232694359815	10.5822916657496	0.479233896879405	0.494626799238619	0.999411758030983	64	0.999411758030983	Th2-like inflammatory T cells	0.558139534883721	CD28-41BB vs STOP	condition_miloCD28.41BB - condition_miloSTOP
-0.0788717445006934	10.6847893850393	0.00381614985838267	0.951209980899126	0.999411758030983	65	0.999411758030983	Antigen-presenting myeloid cells	0.759259259259259	CD28-41BB vs STOP	condition_miloCD28.41BB - condition_miloSTOP
1.05084294087083	11.4179900647018	0.98063458017208	0.330754366083803	0.999411758030983	66	0.999411758030983	Quiescent T cells	0.92	CD28-41BB vs STOP	condition_miloCD28.41BB - condition_miloSTOP
-1.50724040626093	11.3462253903727	2.60973110026666	0.117730399030041	0.999411758030983	67	0.999411758030983	Activated CD4 effector / helper-like T cells	0.951923076923077	CD28-41BB vs STOP	condition_miloCD28.41BB - condition_miloSTOP
0.556601426006436	11.399587426129	0.325414773802907	0.573045773932737	0.999411758030983	68	0.999411758030983	Treg	1	CD28-41BB vs STOP	condition_miloCD28.41BB - condition_miloSTOP
1.14061848990482	10.7108668531627	0.540404426021279	0.468545164109464	0.999411758030983	69	0.999411758030983	NK-like cytotoxic lymphocytes	0.719298245614035	CD28-41BB vs STOP	condition_miloCD28.41BB - condition_miloSTOP
0.913222354189242	10.7947128254777	0.784473548543051	0.383525945925735	0.999411758030983	70	0.999411758030983	Treg	0.7	CD28-41BB vs STOP	condition_miloCD28.41BB - condition_miloSTOP
-0.318123856669803	10.9735062828431	0.122497560108886	0.729134014328321	0.999411758030983	71	0.999411758030983	Activated effector CD8 T cells (stress)	0.5	CD28-41BB vs STOP	condition_miloCD28.41BB - condition_miloSTOP
-0.581022202490967	11.7632805088082	0.57451453107856	0.454976027126997	0.999411758030983	72	0.999411758030983	Quiescent T cells	0.986111111111111	CD28-41BB vs STOP	condition_miloCD28.41BB - condition_miloSTOP
-0.612388233184255	11.6739400647325	0.529875298817503	0.472868233164295	0.999411758030983	73	0.999411758030983	Activated effector CD8 T cells (stress)	0.949640287769784	CD28-41BB vs STOP	condition_miloCD28.41BB - condition_miloSTOP
0.0118251442480307	10.7515658832623	6.42050429594621e-05	0.993665149573907	0.999411758030983	74	0.999411758030983	Quiescent T cells	0.461538461538462	CD28-41BB vs STOP	condition_miloCD28.41BB - condition_miloSTOP
0.952811349408025	11.9710631221665	1.3990211042848	0.247105012595109	0.999411758030983	75	0.999411758030983	Activated effector CD8 T cells (stress)	0.922077922077922	CD28-41BB vs STOP	condition_miloCD28.41BB - condition_miloSTOP
0.139035677856722	11.1373232967857	0.0245823788184165	0.876568056954533	0.999411758030983	76	0.999411758030983	Activated CD4 effector / helper-like T cells	0.851351351351351	CD28-41BB vs STOP	condition_miloCD28.41BB - condition_miloSTOP
0.0158385141160727	11.1744668043114	0.000253735621182352	0.987407026388736	0.999411758030983	77	0.999411758030983	Quiescent T cells	0.5375	CD28-41BB vs STOP	condition_miloCD28.41BB - condition_miloSTOP
0.338996807411928	11.539840681176	0.0916377024900834	0.764555527787125	0.999411758030983	78	0.999411758030983	Quiescent T cells	0.579545454545455	CD28-41BB vs STOP	condition_miloCD28.41BB - condition_miloSTOP
0.309344597707339	11.7454680137268	0.145944795008683	0.705404302198782	0.999411758030983	79	0.999411758030983	γδ T cells	1	CD28-41BB vs STOP	condition_miloCD28.41BB - condition_miloSTOP
0.688964632923627	11.4737631626431	0.338220294060632	0.565638583255401	0.999411758030983	80	0.999411758030983	Treg	0.990654205607477	CD28-41BB vs STOP	condition_miloCD28.41BB - condition_miloSTOP
-2.01391662464652	11.0674336256356	4.45263470806101	0.0445298592834496	0.999411758030983	81	0.999411758030983	Terminally differentiated cytotoxic T cells	0.826666666666667	CD28-41BB vs STOP	condition_miloCD28.41BB - condition_miloSTOP
-0.870611968403886	11.4907614645268	1.04530490543363	0.315582222848367	0.999411758030983	82	0.999411758030983	Quiescent T cells	0.990196078431373	CD28-41BB vs STOP	condition_miloCD28.41BB - condition_miloSTOP
0.867887345247128	11.1643098304445	0.499034119903894	0.485921592523596	0.999411758030983	83	0.999411758030983	Quiescent T cells	0.846153846153846	CD28-41BB vs STOP	condition_miloCD28.41BB - condition_miloSTOP
0.719431221093068	11.213058857894	0.590147741399817	0.448968528289104	0.999411758030983	84	0.999411758030983	Treg	0.98876404494382	CD28-41BB vs STOP	condition_miloCD28.41BB - condition_miloSTOP
-0.705323150703878	10.9341154525469	0.454029545363018	0.506103403708346	0.999411758030983	85	0.999411758030983	Treg	1	CD28-41BB vs STOP	condition_miloCD28.41BB - condition_miloSTOP
-1.5132067819713	11.1455489181709	3.00053989729668	0.0945433589182271	0.999411758030983	86	0.999411758030983	Treg	0.670886075949367	CD28-41BB vs STOP	condition_miloCD28.41BB - condition_miloSTOP
2.11465171158605	11.514724342734	5.07260306084939	0.0325633453668802	0.999411758030983	87	0.999411758030983	NK-like cytotoxic lymphocytes	1	CD28-41BB vs STOP	condition_miloCD28.41BB - condition_miloSTOP
0.37234701134844	10.7997237094002	0.115357045098609	0.736729673836491	0.999411758030983	88	0.999411758030983	Antigen-presenting myeloid cells	0.696428571428571	CD28-41BB vs STOP	condition_miloCD28.41BB - condition_miloSTOP
1.10717217917556	11.4577342613468	1.42932679630941	0.242174997967728	0.999411758030983	89	0.999411758030983	γδ T cells	0.819047619047619	CD28-41BB vs STOP	condition_miloCD28.41BB - condition_miloSTOP
-2.03571336240941	11.079438822635	3.88277121134263	0.0590217747107081	0.999411758030983	90	0.999411758030983	Activated CD4 effector / helper-like T cells	0.873239436619718	CD28-41BB vs STOP	condition_miloCD28.41BB - condition_miloSTOP
-0.363139052981767	11.400151574716	0.18107472791352	0.673919760866554	0.999411758030983	91	0.999411758030983	Treg	1	CD28-41BB vs STOP	condition_miloCD28.41BB - condition_miloSTOP
-0.882291618543382	11.5459972281163	0.706400703951488	0.407955715803121	0.999411758030983	92	0.999411758030983	Naïve / central-memory T cells	0.552631578947368	CD28-41BB vs STOP	condition_miloCD28.41BB - condition_miloSTOP
0.73605431277353	11.7364569311165	0.701092058804355	0.409700694497148	0.999411758030983	93	0.999411758030983	γδ T cells	0.986928104575163	CD28-41BB vs STOP	condition_miloCD28.41BB - condition_miloSTOP
-1.02602342964732	11.5000500109043	1.21187752985409	0.280953252741602	0.999411758030983	94	0.999411758030983	Terminally differentiated cytotoxic T cells	0.992	CD28-41BB vs STOP	condition_miloCD28.41BB - condition_miloSTOP
-1.47316464491226	11.0318419441338	1.58613347310061	0.218560461855529	0.999411758030983	95	0.999411758030983	Antigen-presenting myeloid cells	1	CD28-41BB vs STOP	condition_miloCD28.41BB - condition_miloSTOP
-0.749408759292891	11.2234257545599	0.737498757226044	0.397954753883782	0.999411758030983	96	0.999411758030983	Cycling / proliferating CAR T cells	0.989473684210526	CD28-41BB vs STOP	condition_miloCD28.41BB - condition_miloSTOP
1.67498594027254	11.5918813175203	2.5949883215426	0.118726498313784	0.999411758030983	97	0.999411758030983	Quiescent T cells	0.627118644067797	CD28-41BB vs STOP	condition_miloCD28.41BB - condition_miloSTOP
-0.876764103120661	11.8604781962619	1.45818685383998	0.237595731058464	0.999411758030983	98	0.999411758030983	Activated effector CD8 T cells (stress)	1	CD28-41BB vs STOP	condition_miloCD28.41BB - condition_miloSTOP
-0.0358616144672163	10.73088037459	0.000575008195363943	0.981043834840922	0.999411758030983	99	0.999411758030983	Activated CD4 effector / helper-like T cells	1	CD28-41BB vs STOP	condition_miloCD28.41BB - condition_miloSTOP
-1.86566129982571	11.0503720462487	3.20050821432006	0.0847381340791879	0.999411758030983	100	0.999411758030983	Activated CD4 effector / helper-like T cells	0.935897435897436	CD28-41BB vs STOP	condition_miloCD28.41BB - condition_miloSTOP
0.451434432361177	11.37876247923	0.213486163228597	0.647716411593674	0.999411758030983	101	0.999411758030983	NK-like cytotoxic lymphocytes	1	CD28-41BB vs STOP	condition_miloCD28.41BB - condition_miloSTOP
-1.35370926883405	10.616076646965	1.03752084713757	0.317695370872501	0.999411758030983	102	0.999411758030983	Treg	0.745098039215686	CD28-41BB vs STOP	condition_miloCD28.41BB - condition_miloSTOP
1.04661246852474	11.2422663521132	1.15310275442068	0.292317831990725	0.999411758030983	103	0.999411758030983	Cycling / proliferating CAR T cells	0.98	CD28-41BB vs STOP	condition_miloCD28.41BB - condition_miloSTOP
-0.801001512083746	11.2422163490234	0.6663783391529	0.421396240833332	0.999411758030983	104	0.999411758030983	Activated CD4 effector / helper-like T cells	0.97752808988764	CD28-41BB vs STOP	condition_miloCD28.41BB - condition_miloSTOP
0.504600575832052	10.8945121256728	0.144830985895348	0.7064754071339	0.999411758030983	105	0.999411758030983	Treg	0.639344262295082	CD28-41BB vs STOP	condition_miloCD28.41BB - condition_miloSTOP
-0.124449551909513	10.8556564361636	0.00850122543351837	0.927211982169807	0.999411758030983	106	0.999411758030983	Cycling / proliferating CAR T cells	0.985714285714286	CD28-41BB vs STOP	condition_miloCD28.41BB - condition_miloSTOP
0.0876729167962	11.4727870100612	0.00893335386383219	0.925416727404088	0.999411758030983	107	0.999411758030983	Activated effector CD8 T cells (stress)	1	CD28-41BB vs STOP	condition_miloCD28.41BB - condition_miloSTOP
0.15079032610415	11.8390038435105	0.0285868615856854	0.866985300453955	0.999411758030983	108	0.999411758030983	Quiescent T cells	0.963503649635037	CD28-41BB vs STOP	condition_miloCD28.41BB - condition_miloSTOP
-0.271314725960093	10.7968759975975	0.0630385504164155	0.80363992060371	0.999411758030983	109	0.999411758030983	Antigen-presenting myeloid cells	0.637931034482759	CD28-41BB vs STOP	condition_miloCD28.41BB - condition_miloSTOP
-2.62357844644395	10.3813683803158	1.82816592368789	0.18746033918183	0.999411758030983	110	0.999411758030983	Antigen-presenting myeloid cells	0.785714285714286	CD28-41BB vs STOP	condition_miloCD28.41BB - condition_miloSTOP
-1.69579183964748	11.3548968881284	3.60648230428691	0.068189599805141	0.999411758030983	111	0.999411758030983	Activated CD4 effector / helper-like T cells	0.76	CD28-41BB vs STOP	condition_miloCD28.41BB - condition_miloSTOP
0.789080393730617	11.2991637778758	0.690510994354033	0.413212648444606	0.999411758030983	112	0.999411758030983	NK-like cytotoxic lymphocytes	1	CD28-41BB vs STOP	condition_miloCD28.41BB - condition_miloSTOP
2.31795494982883	11.0671748134279	2.04341453264513	0.164231317163749	0.999411758030983	113	0.999411758030983	Naïve / central-memory T cells	0.5	CD28-41BB vs STOP	condition_miloCD28.41BB - condition_miloSTOP
0.19084145220725	11.1949595697172	0.0350593492623387	0.85285852440598	0.999411758030983	114	0.999411758030983	Treg	0.685393258426966	CD28-41BB vs STOP	condition_miloCD28.41BB - condition_miloSTOP
-0.695116645952572	11.2707127517562	0.413308463677964	0.525668097942424	0.999411758030983	115	0.999411758030983	Antigen-presenting myeloid cells	1	CD28-41BB vs STOP	condition_miloCD28.41BB - condition_miloSTOP
-0.178743172939562	10.9112665555868	0.0317075393434273	0.859988204417852	0.999411758030983	116	0.999411758030983	Cycling / proliferating CAR T cells	1	CD28-41BB vs STOP	condition_miloCD28.41BB - condition_miloSTOP
2.17080370413618	11.1654977757418	2.99810617909666	0.0946704539339342	0.999411758030983	117	0.999411758030983	Treg	0.761363636363636	CD28-41BB vs STOP	condition_miloCD28.41BB - condition_miloSTOP
0.617131927723201	11.4102994723373	0.53537088542032	0.470603653552466	0.999411758030983	118	0.999411758030983	NK-like cytotoxic lymphocytes	1	CD28-41BB vs STOP	condition_miloCD28.41BB - condition_miloSTOP
-0.0136275439375282	11.7117503958353	0.000282337501623704	0.986716280072063	0.999411758030983	119	0.999411758030983	Activated effector CD8 T cells (stress)	1	CD28-41BB vs STOP	condition_miloCD28.41BB - condition_miloSTOP
-0.0622299691611983	11.2268934441454	0.00283505673427406	0.957950514530634	0.999411758030983	120	0.999411758030983	Quiescent T cells	0.661971830985915	CD28-41BB vs STOP	condition_miloCD28.41BB - condition_miloSTOP
0.792301780862003	10.9512886824694	0.712307202597715	0.406027378658443	0.999411758030983	121	0.999411758030983	NK-like cytotoxic lymphocytes	1	CD28-41BB vs STOP	condition_miloCD28.41BB - condition_miloSTOP
0.727501472606633	11.3672228490113	0.737883493465452	0.397833332701173	0.999411758030983	122	0.999411758030983	Treg	1	CD28-41BB vs STOP	condition_miloCD28.41BB - condition_miloSTOP
-0.692643591996069	11.5320175225129	0.680160927844703	0.416692423332641	0.999411758030983	123	0.999411758030983	Terminally differentiated cytotoxic T cells	0.914529914529915	CD28-41BB vs STOP	condition_miloCD28.41BB - condition_miloSTOP
0.0155024125500732	11.8087553786849	0.000348916327908757	0.985233040710134	0.999411758030983	124	0.999411758030983	Activated effector CD8 T cells (stress)	0.693430656934307	CD28-41BB vs STOP	condition_miloCD28.41BB - condition_miloSTOP
-0.909778988298307	11.4323937380468	1.01328605510298	0.322972275879241	0.999411758030983	125	0.999411758030983	Activated CD4 effector / helper-like T cells	0.518181818181818	CD28-41BB vs STOP	condition_miloCD28.41BB - condition_miloSTOP
-0.0687928164402901	11.3136875567861	0.00526370726448403	0.942693001597771	0.999411758030983	126	0.999411758030983	Naïve / central-memory T cells	0.763440860215054	CD28-41BB vs STOP	condition_miloCD28.41BB - condition_miloSTOP
-0.229446904983109	11.1198675916178	0.0434640655573651	0.836404395459193	0.999411758030983	127	0.999411758030983	Activated effector CD8 T cells (stress)	1	CD28-41BB vs STOP	condition_miloCD28.41BB - condition_miloSTOP
0.169425670608404	11.4844507315874	0.0358804550189561	0.851166434144868	0.999411758030983	128	0.999411758030983	Antigen-presenting myeloid cells	1	CD28-41BB vs STOP	condition_miloCD28.41BB - condition_miloSTOP
0.410992343031013	11.7314639059639	0.295915236971072	0.590878122744352	0.999411758030983	129	0.999411758030983	Treg	1	CD28-41BB vs STOP	condition_miloCD28.41BB - condition_miloSTOP
0.499690388939765	10.4837577974768	0.0907761324590916	0.76556657651841	0.999411758030983	130	0.999411758030983	Treg	0.869565217391304	CD28-41BB vs STOP	condition_miloCD28.41BB - condition_miloSTOP
0.641829896308466	10.6764688542699	0.251704260708614	0.620059658596286	0.999411758030983	131	0.999411758030983	Treg	0.607142857142857	CD28-41BB vs STOP	condition_miloCD28.41BB - condition_miloSTOP
-0.617069725265581	11.5352348563854	0.424671610340821	0.520073958149524	0.999411758030983	132	0.999411758030983	Terminally differentiated cytotoxic T cells	1	CD28-41BB vs STOP	condition_miloCD28.41BB - condition_miloSTOP
-3.65797064604678	10.315664342973	1.04168568667583	0.316744515363102	0.999411758030983	133	0.999411758030983	Antigen-presenting myeloid cells	0.976744186046512	CD28-41BB vs STOP	condition_miloCD28.41BB - condition_miloSTOP
0.745255343346577	10.8048189836253	0.484045579057783	0.492486933211097	0.999411758030983	134	0.999411758030983	Th2-like inflammatory T cells	1	CD28-41BB vs STOP	condition_miloCD28.41BB - condition_miloSTOP
0.120155166176128	11.2898256033446	0.0147454040634118	0.904240960243645	0.999411758030983	135	0.999411758030983	Antigen-presenting myeloid cells	1	CD28-41BB vs STOP	condition_miloCD28.41BB - condition_miloSTOP
0.9198591595219	11.0677024996874	0.773208889389709	0.386914812141723	0.999411758030983	136	0.999411758030983	Treg	1	CD28-41BB vs STOP	condition_miloCD28.41BB - condition_miloSTOP
0.169698951006895	10.8948680525526	0.0279969239214266	0.868351587989129	0.999411758030983	137	0.999411758030983	Quiescent T cells	0.833333333333333	CD28-41BB vs STOP	condition_miloCD28.41BB - condition_miloSTOP
-0.178953107098004	11.0145275515764	0.034848186448881	0.853296988422412	0.999411758030983	138	0.999411758030983	Cycling / proliferating CAR T cells	1	CD28-41BB vs STOP	condition_miloCD28.41BB - condition_miloSTOP
-1.57894774002674	11.256770900648	2.36857285712222	0.13533277634939	0.999411758030983	139	0.999411758030983	Activated effector CD8 T cells (stress)	1	CD28-41BB vs STOP	condition_miloCD28.41BB - condition_miloSTOP
0.460107931125898	11.4906134085899	0.161437603164079	0.690970359390205	0.999411758030983	140	0.999411758030983	Treg	1	CD28-41BB vs STOP	condition_miloCD28.41BB - condition_miloSTOP
1.36556592617056	10.7716003235322	1.1354622765953	0.295964052776962	0.999411758030983	141	0.999411758030983	Quiescent T cells	0.66	CD28-41BB vs STOP	condition_miloCD28.41BB - condition_miloSTOP
-0.764890790694688	11.3425329072701	0.569504526204586	0.456928698349339	0.999411758030983	142	0.999411758030983	Antigen-presenting myeloid cells	0.714285714285714	CD28-41BB vs STOP	condition_miloCD28.41BB - condition_miloSTOP
-1.7343661722629	10.736628784359	1.65652725412778	0.208898636149137	0.999411758030983	143	0.999411758030983	Terminally differentiated cytotoxic T cells	0.966666666666667	CD28-41BB vs STOP	condition_miloCD28.41BB - condition_miloSTOP
1.27569014344691	10.8471046264904	1.28984543974976	0.265966843357259	0.999411758030983	144	0.999411758030983	Treg	0.569230769230769	CD28-41BB vs STOP	condition_miloCD28.41BB - condition_miloSTOP
0.238089604478016	10.8454234522337	0.0197804298988517	0.889186536604845	0.999411758030983	145	0.999411758030983	γδ / Th17-like T cells	1	CD28-41BB vs STOP	condition_miloCD28.41BB - condition_miloSTOP
-0.365703966451963	11.8762698020604	0.242672222415971	0.670920812936294	0.999411758030983	146	0.999411758030983	Activated effector CD8 T cells (stress)	1	CD28-41BB vs STOP	condition_miloCD28.41BB - condition_miloSTOP
1.14771451119878	11.193709229581	1.39156392277501	0.248337675428566	0.999411758030983	147	0.999411758030983	NK-like cytotoxic lymphocytes	1	CD28-41BB vs STOP	condition_miloCD28.41BB - condition_miloSTOP
0.0167247562014721	11.1162717249181	0.000231761610181	0.987964615443556	0.999411758030983	148	0.999411758030983	Antigen-presenting myeloid cells	1	CD28-41BB vs STOP	condition_miloCD28.41BB - condition_miloSTOP
0.411458526092082	11.6976908897445	0.273533209407787	0.605198459359764	0.999411758030983	149	0.999411758030983	Quiescent T cells	0.81203007518797	CD28-41BB vs STOP	condition_miloCD28.41BB - condition_miloSTOP
-0.0378707413731131	11.3058488966494	0.00134854501048354	0.970973935654286	0.999411758030983	150	0.999411758030983	Treg	1	CD28-41BB vs STOP	condition_miloCD28.41BB - condition_miloSTOP
-0.136842958160785	11.2863211072821	0.0205894666244227	0.886958815211727	0.999411758030983	151	0.999411758030983	Activated effector CD8 T cells (stress)	0.835164835164835	CD28-41BB vs STOP	condition_miloCD28.41BB - condition_miloSTOP
0.565574994904708	11.7664338392923	0.459860993472529	0.503407146713138	0.999411758030983	152	0.999411758030983	Treg	1	CD28-41BB vs STOP	condition_miloCD28.41BB - condition_miloSTOP
0.214233697627389	11.5705097590931	0.0421283156946693	0.838900922496707	0.999411758030983	153	0.999411758030983	γδ / Th17-like T cells	1	CD28-41BB vs STOP	condition_miloCD28.41BB - condition_miloSTOP
0.641879426620327	11.3428236546476	0.380974220148244	0.542205938613683	0.999411758030983	154	0.999411758030983	γδ / Th17-like T cells	1	CD28-41BB vs STOP	condition_miloCD28.41BB - condition_miloSTOP
3.0030955762991	10.4604851591987	0.685115763762764	0.415585503398658	0.999411758030983	155	0.999411758030983	Antigen-presenting myeloid cells	1	CD28-41BB vs STOP	condition_miloCD28.41BB - condition_miloSTOP
-0.690132675233664	11.6504865090234	0.770000474655087	0.387888082200301	0.999411758030983	156	0.999411758030983	Quiescent T cells	0.983606557377049	CD28-41BB vs STOP	condition_miloCD28.41BB - condition_miloSTOP
0.197970747350463	10.3746118970415	0.0110852909064336	0.916948729841975	0.999411758030983	157	0.999411758030983	Cycling / proliferating CAR T cells	0.714285714285714	CD28-41BB vs STOP	condition_miloCD28.41BB - condition_miloSTOP
2.81176828671606	10.3640912553368	0.759174921998402	0.391796139163806	0.999411758030983	158	0.999411758030983	Antigen-presenting myeloid cells	0.934782608695652	CD28-41BB vs STOP	condition_miloCD28.41BB - condition_miloSTOP
-0.310808011407661	11.331848208169	0.081866448250803	0.776947783046416	0.999411758030983	159	0.999411758030983	Treg	1	CD28-41BB vs STOP	condition_miloCD28.41BB - condition_miloSTOP
-0.162469594253049	11.159041849253	0.0223563054057636	0.882244271475572	0.999411758030983	160	0.999411758030983	Cycling / proliferating CAR T cells	1	CD28-41BB vs STOP	condition_miloCD28.41BB - condition_miloSTOP
-1.13107770924803	11.4774088742682	1.73007418544172	0.199362147007872	0.999411758030983	161	0.999411758030983	Terminally differentiated cytotoxic T cells	0.556603773584906	CD28-41BB vs STOP	condition_miloCD28.41BB - condition_miloSTOP
-0.916973529674753	11.0583272463534	0.914013749304352	0.347456960611876	0.999411758030983	162	0.999411758030983	Cycling / proliferating CAR T cells	0.831325301204819	CD28-41BB vs STOP	condition_miloCD28.41BB - condition_miloSTOP
0.424560139401497	11.6702973972695	0.299288505484143	0.588781452532396	0.999411758030983	163	0.999411758030983	Activated effector CD8 T cells (stress)	1	CD28-41BB vs STOP	condition_miloCD28.41BB - condition_miloSTOP
0.30270282799222	11.1760139218604	0.0865366700608942	0.770856307995556	0.999411758030983	164	0.999411758030983	γδ T cells	1	CD28-41BB vs STOP	condition_miloCD28.41BB - condition_miloSTOP
-2.03513042018511	10.6594079616418	1.59141540401961	0.217816469870101	0.999411758030983	165	0.999411758030983	Treg	0.981818181818182	CD28-41BB vs STOP	condition_miloCD28.41BB - condition_miloSTOP
0.588955314379949	11.0202823713124	0.326230027301989	0.572568446767236	0.999411758030983	166	0.999411758030983	Activated effector CD8 T cells (stress)	0.828571428571429	CD28-41BB vs STOP	condition_miloCD28.41BB - condition_miloSTOP
-0.733082123371852	11.0439533767144	0.446405437514015	0.50966698649659	0.999411758030983	167	0.999411758030983	Quiescent T cells	0.974683544303797	CD28-41BB vs STOP	condition_miloCD28.41BB - condition_miloSTOP
-0.593054734446917	11.022340080378	0.440925863493776	0.51225565530902	0.999411758030983	168	0.999411758030983	Quiescent T cells	0.689189189189189	CD28-41BB vs STOP	condition_miloCD28.41BB - condition_miloSTOP
0.64350767229404	11.3634573915134	0.325502040182726	0.572994641785664	0.999411758030983	169	0.999411758030983	γδ T cells	0.744897959183674	CD28-41BB vs STOP	condition_miloCD28.41BB - condition_miloSTOP
1.01228085994745	11.580123862287	1.24528577540899	0.274198971577415	0.999411758030983	170	0.999411758030983	Quiescent T cells	0.990476190476191	CD28-41BB vs STOP	condition_miloCD28.41BB - condition_miloSTOP
0.559499135014753	11.3870840412242	0.386903294709205	0.539101669914767	0.999411758030983	171	0.999411758030983	Cycling / proliferating CAR T cells	0.991071428571429	CD28-41BB vs STOP	condition_miloCD28.41BB - condition_miloSTOP
0.36713546046578	11.5450863991873	0.165677004571881	0.687162357779637	0.999411758030983	172	0.999411758030983	NK-like cytotoxic lymphocytes	0.9375	CD28-41BB vs STOP	condition_miloCD28.41BB - condition_miloSTOP
1.32044182356634	11.6439174033761	2.78085767431242	0.106850489077446	0.999411758030983	173	0.999411758030983	NK-like cytotoxic lymphocytes	1	CD28-41BB vs STOP	condition_miloCD28.41BB - condition_miloSTOP
1.21058392937798	10.3847002327551	0.254662565697369	0.617867628949391	0.999411758030983	174	0.999411758030983	γδ / Th17-like T cells	0.7	CD28-41BB vs STOP	condition_miloCD28.41BB - condition_miloSTOP
-0.013430195651969	11.4285747468042	0.000188885481990585	0.989134699842811	0.999411758030983	175	0.999411758030983	Naïve / central-memory T cells	0.97029702970297	CD28-41BB vs STOP	condition_miloCD28.41BB - condition_miloSTOP
-0.0313480928100277	10.9265237874659	0.000811341810176969	0.977483667007396	0.999411758030983	176	0.999411758030983	Cycling / proliferating CAR T cells	1	CD28-41BB vs STOP	condition_miloCD28.41BB - condition_miloSTOP
-0.843615472569184	10.8307532087995	0.802831392946464	0.378095513334786	0.999411758030983	177	0.999411758030983	Activated effector CD8 T cells (stress)	0.483333333333333	CD28-41BB vs STOP	condition_miloCD28.41BB - condition_miloSTOP
0.303139738890514	11.4065893282123	0.0976003844885132	0.75710670563443	0.999411758030983	178	0.999411758030983	Activated effector CD8 T cells (stress)	0.936936936936937	CD28-41BB vs STOP	condition_miloCD28.41BB - condition_miloSTOP
0.175767395502023	11.7566310473044	0.0485836090636112	0.827189549457026	0.999411758030983	179	0.999411758030983	Naïve / central-memory T cells	1	CD28-41BB vs STOP	condition_miloCD28.41BB - condition_miloSTOP
0.742391667029516	11.3357260843226	0.445982325749152	0.509866048358316	0.999411758030983	180	0.999411758030983	NK-like cytotoxic lymphocytes	0.896551724137931	CD28-41BB vs STOP	condition_miloCD28.41BB - condition_miloSTOP
1.15267500310336	10.9722602646222	1.20308085027936	0.282305442811592	0.999411758030983	181	0.999411758030983	Antigen-presenting myeloid cells	0.983333333333333	CD28-41BB vs STOP	condition_miloCD28.41BB - condition_miloSTOP
-0.506103946850256	10.8520910638113	0.280197406113891	0.600857982543344	0.999411758030983	182	0.999411758030983	Quiescent T cells	1	CD28-41BB vs STOP	condition_miloCD28.41BB - condition_miloSTOP
-0.725157538187497	10.8503536803597	0.267472160677211	0.609205305421854	0.999411758030983	183	0.999411758030983	Cycling / proliferating CAR T cells	0.973333333333333	CD28-41BB vs STOP	condition_miloCD28.41BB - condition_miloSTOP
0.344791753757908	10.9889296585328	0.0990069414049614	0.755421270067598	0.999411758030983	184	0.999411758030983	Activated CD4 effector / helper-like T cells	0.647058823529412	CD28-41BB vs STOP	condition_miloCD28.41BB - condition_miloSTOP
-1.98053575101159	10.6767919295654	2.17221866036854	0.151982686654982	0.999411758030983	185	0.999411758030983	Cycling / proliferating CAR T cells	0.963636363636364	CD28-41BB vs STOP	condition_miloCD28.41BB - condition_miloSTOP
-0.325426926820059	10.628874663873	0.0394482866498963	0.844037612783523	0.999411758030983	186	0.999411758030983	Cycling / proliferating CAR T cells	0.912280701754386	CD28-41BB vs STOP	condition_miloCD28.41BB - condition_miloSTOP
-0.83684442186125	11.691034217734	0.948504400915604	0.338990160784967	0.999411758030983	187	0.999411758030983	Activated effector CD8 T cells (stress)	1	CD28-41BB vs STOP	condition_miloCD28.41BB - condition_miloSTOP
-0.279161428274962	11.6062820184635	0.0565996787023301	0.813850309889613	0.999411758030983	188	0.999411758030983	Quiescent T cells	0.965811965811966	CD28-41BB vs STOP	condition_miloCD28.41BB - condition_miloSTOP
-1.06597278010814	11.2214373026123	0.83545649889563	0.368716612464405	0.999411758030983	189	0.999411758030983	Quiescent T cells	0.957894736842105	CD28-41BB vs STOP	condition_miloCD28.41BB - condition_miloSTOP
0.649873526767715	11.3279716030474	0.534606505663296	0.470917556957361	0.999411758030983	190	0.999411758030983	Th2-like inflammatory T cells	1	CD28-41BB vs STOP	condition_miloCD28.41BB - condition_miloSTOP
0.496457951569608	11.6320915222465	0.400002799592023	0.532359250195783	0.999411758030983	191	0.999411758030983	Naïve / central-memory T cells	1	CD28-41BB vs STOP	condition_miloCD28.41BB - condition_miloSTOP
-2.27568988447001	10.3012133329152	1.09555184419428	0.304787051186405	0.999411758030983	192	0.999411758030983	Cycling / proliferating CAR T cells	0.9	CD28-41BB vs STOP	condition_miloCD28.41BB - condition_miloSTOP
-0.601902874758791	11.6545319162713	0.614960192387776	0.439690253803065	0.999411758030983	193	0.999411758030983	Activated effector CD8 T cells (stress)	1	CD28-41BB vs STOP	condition_miloCD28.41BB - condition_miloSTOP
-0.169107412995355	10.8900136060113	0.0311324957491723	0.861249915012521	0.999411758030983	194	0.999411758030983	Th2-like inflammatory T cells	0.946428571428571	CD28-41BB vs STOP	condition_miloCD28.41BB - condition_miloSTOP
1.10570141487051	11.8289846830574	2.3127475278768	0.139836939442746	0.999411758030983	195	0.999411758030983	NK-like cytotoxic lymphocytes	1	CD28-41BB vs STOP	condition_miloCD28.41BB - condition_miloSTOP
-1.30738631558516	11.3585168190317	1.85314902729326	0.18498942979064	0.999411758030983	196	0.999411758030983	Terminally differentiated cytotoxic T cells	1	CD28-41BB vs STOP	condition_miloCD28.41BB - condition_miloSTOP
-1.19623162178052	11.4721666782561	2.0340100731105	0.165171027559808	0.999411758030983	197	0.999411758030983	Quiescent T cells	0.815533980582524	CD28-41BB vs STOP	condition_miloCD28.41BB - condition_miloSTOP
-0.0950500644163419	10.7766656140189	0.00748637542763367	0.931682654542009	0.999411758030983	198	0.999411758030983	Activated CD4 effector / helper-like T cells	1	CD28-41BB vs STOP	condition_miloCD28.41BB - condition_miloSTOP
0.46380631721903	11.6566811763996	0.156671930443296	0.695524207523972	0.999411758030983	199	0.999411758030983	Quiescent T cells	0.972972972972973	CD28-41BB vs STOP	condition_miloCD28.41BB - condition_miloSTOP
0.353020634549427	10.9832982893706	0.147655307381112	0.703768489995711	0.999411758030983	200	0.999411758030983	Quiescent T cells	0.676470588235294	CD28-41BB vs STOP	condition_miloCD28.41BB - condition_miloSTOP
0.0485384973024454	11.166293969317	0.00298963976865529	0.956794229078353	0.999411758030983	201	0.999411758030983	Cycling / proliferating CAR T cells	1	CD28-41BB vs STOP	condition_miloCD28.41BB - condition_miloSTOP
0.629537873281696	10.8384731670073	0.34772179378702	0.560263601996811	0.999411758030983	202	0.999411758030983	Treg	0.984375	CD28-41BB vs STOP	condition_miloCD28.41BB - condition_miloSTOP
2.01456046634283	10.4944982310551	0.946186316546694	0.339570742318615	0.999411758030983	203	0.999411758030983	Antigen-presenting myeloid cells	1	CD28-41BB vs STOP	condition_miloCD28.41BB - condition_miloSTOP
-0.570126161707418	10.8803961697719	0.305762951453096	0.584800127015739	0.999411758030983	204	0.999411758030983	Treg	1	CD28-41BB vs STOP	condition_miloCD28.41BB - condition_miloSTOP
-1.32307648120472	10.7548636260022	1.27618997596755	0.268455047684502	0.999411758030983	205	0.999411758030983	Activated effector CD8 T cells (stress)	0.516666666666667	CD28-41BB vs STOP	condition_miloCD28.41BB - condition_miloSTOP
-0.147615360998092	11.4541097342745	0.031978272072266	0.859398277959284	0.999411758030983	206	0.999411758030983	Cycling / proliferating CAR T cells	0.974576271186441	CD28-41BB vs STOP	condition_miloCD28.41BB - condition_miloSTOP
1.58232090413922	11.1222908287131	2.16870583931868	0.152301976049767	0.999411758030983	207	0.999411758030983	Treg	1	CD28-41BB vs STOP	condition_miloCD28.41BB - condition_miloSTOP
0.550495740077003	10.9676548349414	0.267365832239154	0.609276111920844	0.999411758030983	208	0.999411758030983	Terminally differentiated cytotoxic T cells	0.987012987012987	CD28-41BB vs STOP	condition_miloCD28.41BB - condition_miloSTOP
0.39663584211207	11.3986593134974	0.161945780655222	0.690510837156553	0.999411758030983	209	0.999411758030983	Naïve / central-memory T cells	0.787878787878788	CD28-41BB vs STOP	condition_miloCD28.41BB - condition_miloSTOP
2.7271125145129	11.6295650793014	9.84425247137302	0.00406325996145925	0.999411758030983	210	0.999411758030983	NK-like cytotoxic lymphocytes	1	CD28-41BB vs STOP	condition_miloCD28.41BB - condition_miloSTOP
0.018910358915555	10.8400525285714	0.000300956066143045	0.986285323106613	0.999411758030983	211	0.999411758030983	IFN-responsive T cells	0.683333333333333	CD28-41BB vs STOP	condition_miloCD28.41BB - condition_miloSTOP
-1.18707676485547	11.2889602290439	1.26807670296352	0.269947717674001	0.999411758030983	212	0.999411758030983	Activated effector CD8 T cells (stress)	0.96	CD28-41BB vs STOP	condition_miloCD28.41BB - condition_miloSTOP
0.256140329910483	11.6583190399945	0.107654270704464	0.745338519713184	0.999411758030983	213	0.999411758030983	Quiescent T cells	0.8046875	CD28-41BB vs STOP	condition_miloCD28.41BB - condition_miloSTOP
-1.10847096958332	10.9984756096005	1.2277934844909	0.277521294773911	0.999411758030983	214	0.999411758030983	Activated CD4 effector / helper-like T cells	0.933333333333333	CD28-41BB vs STOP	condition_miloCD28.41BB - condition_miloSTOP
-0.635635057131607	11.1235482278297	0.586368245752261	0.450409184264519	0.999411758030983	215	0.999411758030983	Activated CD4 effector / helper-like T cells	0.975	CD28-41BB vs STOP	condition_miloCD28.41BB - condition_miloSTOP
0.525451169438702	11.0094566124036	0.20876828622942	0.651356098753857	0.999411758030983	216	0.999411758030983	Antigen-presenting myeloid cells	1	CD28-41BB vs STOP	condition_miloCD28.41BB - condition_miloSTOP
0.744470787318926	11.6768875135932	0.440859423896789	0.51265382264863	0.999411758030983	217	0.999411758030983	Quiescent T cells	0.965811965811966	CD28-41BB vs STOP	condition_miloCD28.41BB - condition_miloSTOP
-0.679571868967173	11.1253890520278	0.435325972715345	0.514925371504999	0.999411758030983	218	0.999411758030983	Quiescent T cells	0.689189189189189	CD28-41BB vs STOP	condition_miloCD28.41BB - condition_miloSTOP
-0.699422959526778	11.4217856741858	0.528438583043853	0.473463244921281	0.999411758030983	219	0.999411758030983	Activated CD4 effector / helper-like T cells	0.596153846153846	CD28-41BB vs STOP	condition_miloCD28.41BB - condition_miloSTOP
2.68818635256638	11.0896952041873	3.82667853109925	0.0607645352453004	0.999411758030983	220	0.999411758030983	Treg	1	CD28-41BB vs STOP	condition_miloCD28.41BB - condition_miloSTOP
-0.926881020656715	11.4732898102423	1.27918860297358	0.267906078622623	0.999411758030983	221	0.999411758030983	Activated effector CD8 T cells (stress)	0.980952380952381	CD28-41BB vs STOP	condition_miloCD28.41BB - condition_miloSTOP
-0.322001102829316	11.2608749225914	0.106489336078818	0.746670003880693	0.999411758030983	222	0.999411758030983	Cycling / proliferating CAR T cells	0.989795918367347	CD28-41BB vs STOP	condition_miloCD28.41BB - condition_miloSTOP
-0.28647832970629	11.4354636791688	0.108070358201902	0.744864885530322	0.999411758030983	223	0.999411758030983	Treg	0.991071428571429	CD28-41BB vs STOP	condition_miloCD28.41BB - condition_miloSTOP
-0.584647794098041	11.2679560903421	0.359464935030934	0.553756454595591	0.999411758030983	224	0.999411758030983	IFN-responsive T cells	1	CD28-41BB vs STOP	condition_miloCD28.41BB - condition_miloSTOP
0.604119005701929	11.0821802929065	0.426311953494084	0.519275281198044	0.999411758030983	225	0.999411758030983	Activated CD4 effector / helper-like T cells	0.986842105263158	CD28-41BB vs STOP	condition_miloCD28.41BB - condition_miloSTOP
0.450361601092131	11.4940228869458	0.230482579608024	0.634997609712308	0.999411758030983	226	0.999411758030983	Quiescent T cells	0.818181818181818	CD28-41BB vs STOP	condition_miloCD28.41BB - condition_miloSTOP
0.514966313343155	11.2237498693473	0.281522202965273	0.60000305547138	0.999411758030983	227	0.999411758030983	IFN-responsive T cells	0.779069767441861	CD28-41BB vs STOP	condition_miloCD28.41BB - condition_miloSTOP
-1.23282944100794	11.050249377955	1.37293206920149	0.251452006409955	0.999411758030983	228	0.999411758030983	Quiescent T cells	0.918918918918919	CD28-41BB vs STOP	condition_miloCD28.41BB - condition_miloSTOP
-1.74748742489827	10.5454636896599	0.632612949359908	0.433531988476316	0.999411758030983	229	0.999411758030983	Activated CD4 effector / helper-like T cells	1	CD28-41BB vs STOP	condition_miloCD28.41BB - condition_miloSTOP
-0.765148995594302	11.5196790182346	0.728813337473288	0.400710622723014	0.999411758030983	230	0.999411758030983	IFN-responsive T cells	1	CD28-41BB vs STOP	condition_miloCD28.41BB - condition_miloSTOP
0.920014707340946	11.2154611601329	0.98716793806181	0.329176749076191	0.999411758030983	231	0.999411758030983	NK-like cytotoxic lymphocytes	1	CD28-41BB vs STOP	condition_miloCD28.41BB - condition_miloSTOP
-0.639417907463092	11.7339150960875	0.625054477122214	0.436002176768248	0.999411758030983	232	0.999411758030983	Terminally differentiated cytotoxic T cells	1	CD28-41BB vs STOP	condition_miloCD28.41BB - condition_miloSTOP
-3.07218440140362	10.9652758676356	5.44378372875137	0.0272603129061226	0.999411758030983	233	0.999411758030983	Quiescent T cells	0.575342465753425	CD28-41BB vs STOP	condition_miloCD28.41BB - condition_miloSTOP
-0.847742711070266	10.3311657814908	0.109712248925721	0.743101722190394	0.999411758030983	234	0.999411758030983	Cycling / proliferating CAR T cells	1	CD28-41BB vs STOP	condition_miloCD28.41BB - condition_miloSTOP
-0.44831499738567	11.1559939105124	0.220869875670229	0.642117348962664	0.999411758030983	235	0.999411758030983	Quiescent T cells	0.833333333333333	CD28-41BB vs STOP	condition_miloCD28.41BB - condition_miloSTOP
-0.6927225507478	10.7788426343845	0.349142629423328	0.559468411474065	0.999411758030983	236	0.999411758030983	Quiescent T cells	1	CD28-41BB vs STOP	condition_miloCD28.41BB - condition_miloSTOP
-0.0729661794971908	11.5064484260913	0.00751353109350498	0.931559182154191	0.999411758030983	237	0.999411758030983	Terminally differentiated cytotoxic T cells	0.909836065573771	CD28-41BB vs STOP	condition_miloCD28.41BB - condition_miloSTOP
0.51647102557676	11.2680240344511	0.366161613837359	0.550110473667813	0.999411758030983	238	0.999411758030983	Naïve / central-memory T cells	0.96551724137931	CD28-41BB vs STOP	condition_miloCD28.41BB - condition_miloSTOP
0.919635578508633	10.9900306319967	0.872929664327763	0.358351434518822	0.999411758030983	239	0.999411758030983	Quiescent T cells	0.671232876712329	CD28-41BB vs STOP	condition_miloCD28.41BB - condition_miloSTOP
-2.71041702184732	11.0540850353982	6.47645959861014	0.0171453772135542	0.999411758030983	240	0.999411758030983	Activated CD4 effector / helper-like T cells	1	CD28-41BB vs STOP	condition_miloCD28.41BB - condition_miloSTOP
-1.37817983271335	11.0149302077887	1.53773957550615	0.225526948894159	0.999411758030983	241	0.999411758030983	Cycling / proliferating CAR T cells	0.975	CD28-41BB vs STOP	condition_miloCD28.41BB - condition_miloSTOP
-1.65592886234972	10.9857187563206	1.6459067060453	0.210321897741468	0.999411758030983	242	0.999411758030983	Quiescent T cells	0.417721518987342	CD28-41BB vs STOP	condition_miloCD28.41BB - condition_miloSTOP
-1.95217952505113	11.4895589240076	4.43791885889476	0.0444932120716633	0.999411758030983	243	0.999411758030983	Quiescent T cells	0.456310679611651	CD28-41BB vs STOP	condition_miloCD28.41BB - condition_miloSTOP
0.392065349989201	11.2983527091453	0.131359341030841	0.719822650327312	0.999411758030983	244	0.999411758030983	NK-like cytotoxic lymphocytes	1	CD28-41BB vs STOP	condition_miloCD28.41BB - condition_miloSTOP
-1.74587487190518	10.4765927222532	0.56900045990838	0.457919364987668	0.999411758030983	245	0.999411758030983	Activated CD4 effector / helper-like T cells	1	CD28-41BB vs STOP	condition_miloCD28.41BB - condition_miloSTOP
-0.655048244151121	10.6411715249325	0.279119474676471	0.601555522868855	0.999411758030983	246	0.999411758030983	Th2-like inflammatory T cells	0.822222222222222	CD28-41BB vs STOP	condition_miloCD28.41BB - condition_miloSTOP
1.09493201090595	11.1820318096534	1.00678018341174	0.324502670579773	0.999411758030983	247	0.999411758030983	Quiescent T cells	0.987012987012987	CD28-41BB vs STOP	condition_miloCD28.41BB - condition_miloSTOP
-1.34151021681494	11.0073412955841	1.43986856713867	0.2404894535268	0.999411758030983	248	0.999411758030983	Quiescent T cells	0.851351351351351	CD28-41BB vs STOP	condition_miloCD28.41BB - condition_miloSTOP
-0.153332290236233	11.2265257043382	0.0228500470103401	0.880961167181896	0.999411758030983	249	0.999411758030983	Quiescent T cells	0.71264367816092	CD28-41BB vs STOP	condition_miloCD28.41BB - condition_miloSTOP
-0.528997405293146	11.2951145965593	0.362869683639538	0.551896987132061	0.999411758030983	250	0.999411758030983	Activated effector CD8 T cells (stress)	1	CD28-41BB vs STOP	condition_miloCD28.41BB - condition_miloSTOP
-0.741328159678926	11.1505444999631	0.63689072354017	0.431739126796655	0.999411758030983	251	0.999411758030983	Activated effector CD8 T cells (stress)	0.988372093023256	CD28-41BB vs STOP	condition_miloCD28.41BB - condition_miloSTOP
0.206272317462098	10.6695548544126	0.017471368099547	0.895850439126891	0.999411758030983	252	0.999411758030983	Activated effector CD8 T cells (stress)	1	CD28-41BB vs STOP	condition_miloCD28.41BB - condition_miloSTOP
0.261759409568436	10.7541567841193	0.0206441452262425	0.886809881159337	0.999411758030983	253	0.999411758030983	γδ / Th17-like T cells	0.982456140350877	CD28-41BB vs STOP	condition_miloCD28.41BB - condition_miloSTOP
0.623092329915492	11.0410677857621	0.348621382724139	0.559759879089497	0.999411758030983	254	0.999411758030983	γδ T cells	0.577464788732394	CD28-41BB vs STOP	condition_miloCD28.41BB - condition_miloSTOP
-0.443354550697822	10.925225715702	0.140417796840014	0.710766553480499	0.999411758030983	255	0.999411758030983	Treg	0.985507246376812	CD28-41BB vs STOP	condition_miloCD28.41BB - condition_miloSTOP
1.06584856904313	11.401531118854	0.769977502860193	0.387895063660506	0.999411758030983	256	0.999411758030983	γδ / Th17-like T cells	1	CD28-41BB vs STOP	condition_miloCD28.41BB - condition_miloSTOP
4.32742180723113	10.7132196193878	2.53108383029044	0.123596114802277	0.999411758030983	257	0.999411758030983	Terminally differentiated cytotoxic T cells	0.984848484848485	CD28-41BB vs STOP	condition_miloCD28.41BB - condition_miloSTOP
-0.562461614084467	11.773426244214	0.563332740753193	0.45959599798762	0.999411758030983	258	0.999411758030983	Activated effector CD8 T cells (stress)	1	CD28-41BB vs STOP	condition_miloCD28.41BB - condition_miloSTOP
0.315821780338929	11.3890863314302	0.0893781874537634	0.767237321120254	0.999411758030983	259	0.999411758030983	Antigen-presenting myeloid cells	1	CD28-41BB vs STOP	condition_miloCD28.41BB - condition_miloSTOP
-0.899297837385452	11.3573565211843	1.07964585042112	0.307909063576989	0.999411758030983	260	0.999411758030983	Quiescent T cells	0.483870967741935	CD28-41BB vs STOP	condition_miloCD28.41BB - condition_miloSTOP
-0.687435881987396	11.1940573354953	0.566797577069494	0.457989393286847	0.999411758030983	261	0.999411758030983	Quiescent T cells	0.835294117647059	CD28-41BB vs STOP	condition_miloCD28.41BB - condition_miloSTOP
0.00935986481139409	11.0885811253549	8.50801761159315e-05	0.992707701823202	0.999411758030983	262	0.999411758030983	Activated effector CD8 T cells (stress)	0.928571428571429	CD28-41BB vs STOP	condition_miloCD28.41BB - condition_miloSTOP
0.863527003361976	11.2561029018366	0.786432547908721	0.382941043646544	0.999411758030983	263	0.999411758030983	IFN-responsive T cells	1	CD28-41BB vs STOP	condition_miloCD28.41BB - condition_miloSTOP
0.680874824880428	11.1073771712418	0.46934292587994	0.499076197026837	0.999411758030983	264	0.999411758030983	Activated effector CD8 T cells (stress)	0.6875	CD28-41BB vs STOP	condition_miloCD28.41BB - condition_miloSTOP
0.107714004202088	11.0026015700834	0.0127596843908298	0.910891304195406	0.999411758030983	265	0.999411758030983	Activated CD4 effector / helper-like T cells	0.880597014925373	CD28-41BB vs STOP	condition_miloCD28.41BB - condition_miloSTOP
0.207146273578022	10.6416874513692	0.0233696091134239	0.879626194092465	0.999411758030983	266	0.999411758030983	Activated CD4 effector / helper-like T cells	0.943396226415094	CD28-41BB vs STOP	condition_miloCD28.41BB - condition_miloSTOP
2.05116933893386	11.6807704967186	4.09878882603298	0.0528157627772728	0.999411758030983	267	0.999411758030983	NK-like cytotoxic lymphocytes	1	CD28-41BB vs STOP	condition_miloCD28.41BB - condition_miloSTOP
-0.526000113131718	10.5109286590701	0.105712439357775	0.74765653907398	0.999411758030983	268	0.999411758030983	Activated CD4 effector / helper-like T cells	1	CD28-41BB vs STOP	condition_miloCD28.41BB - condition_miloSTOP
1.86308370046328	10.8709230078974	2.90640650552562	0.0996054375936819	0.999411758030983	269	0.999411758030983	Antigen-presenting myeloid cells	0.912280701754386	CD28-41BB vs STOP	condition_miloCD28.41BB - condition_miloSTOP
0.142633194256694	11.1267779327552	0.0167029755835817	0.898116972262804	0.999411758030983	270	0.999411758030983	Treg	1	CD28-41BB vs STOP	condition_miloCD28.41BB - condition_miloSTOP
0.19305487776498	11.4437564997722	0.0514968140188515	0.822172698315224	0.999411758030983	271	0.999411758030983	IFN-responsive T cells	1	CD28-41BB vs STOP	condition_miloCD28.41BB - condition_miloSTOP
0.86536020929065	11.7331539026702	0.975779363787267	0.331933521090137	0.999411758030983	272	0.999411758030983	Treg	1	CD28-41BB vs STOP	condition_miloCD28.41BB - condition_miloSTOP
-1.01872001941554	11.4172417947647	1.31345005564885	0.261735782241061	0.999411758030983	273	0.999411758030983	Activated effector CD8 T cells (stress)	0.990196078431373	CD28-41BB vs STOP	condition_miloCD28.41BB - condition_miloSTOP
-0.0581895197606724	11.5715190283604	0.00543546312986208	0.941767263740717	0.999411758030983	274	0.999411758030983	Treg	1	CD28-41BB vs STOP	condition_miloCD28.41BB - condition_miloSTOP
-0.822046172336954	11.4690648398542	0.999829631039315	0.326148669175134	0.999411758030983	275	0.999411758030983	Quiescent T cells	1	CD28-41BB vs STOP	condition_miloCD28.41BB - condition_miloSTOP
2.16106401646447	10.7388122521251	1.53354621158487	0.226143595285241	0.999411758030983	276	0.999411758030983	Antigen-presenting myeloid cells	1	CD28-41BB vs STOP	condition_miloCD28.41BB - condition_miloSTOP
-0.430939564231339	11.169740721858	0.191321912920348	0.665265806645916	0.999411758030983	277	0.999411758030983	Cycling / proliferating CAR T cells	1	CD28-41BB vs STOP	condition_miloCD28.41BB - condition_miloSTOP
0.714423365485315	11.213638882032	0.385289362583551	0.539943371056712	0.999411758030983	278	0.999411758030983	Terminally differentiated cytotoxic T cells	0.99	CD28-41BB vs STOP	condition_miloCD28.41BB - condition_miloSTOP
0.17814672050721	10.8228318000481	0.0224541018293748	0.881988981530919	0.999411758030983	279	0.999411758030983	Cycling / proliferating CAR T cells	1	CD28-41BB vs STOP	condition_miloCD28.41BB - condition_miloSTOP
1.57336558888425	11.0977301315902	1.47402854263071	0.235128682877356	0.999411758030983	280	0.999411758030983	Quiescent T cells	0.384615384615385	CD28-41BB vs STOP	condition_miloCD28.41BB - condition_miloSTOP
-1.20297134612402	10.948659538045	0.957116168669058	0.336520638145098	0.999411758030983	281	0.999411758030983	Antigen-presenting myeloid cells	0.746835443037975	CD28-41BB vs STOP	condition_miloCD28.41BB - condition_miloSTOP
-0.199668949229362	11.5447472346912	0.0595743665339571	0.80899830815822	0.999411758030983	282	0.999411758030983	Activated effector CD8 T cells (stress)	1	CD28-41BB vs STOP	condition_miloCD28.41BB - condition_miloSTOP
1.27208293442517	11.2852777514646	1.16811936799382	0.28926080574019	0.999411758030983	283	0.999411758030983	Treg	1	CD28-41BB vs STOP	condition_miloCD28.41BB - condition_miloSTOP
-0.311101944726303	11.4210614593889	0.13272910580004	0.718430900943064	0.999411758030983	284	0.999411758030983	Treg	1	CD28-41BB vs STOP	condition_miloCD28.41BB - condition_miloSTOP
1.22435209266393	11.4457750263089	1.66973934436169	0.207144674839235	0.999411758030983	285	0.999411758030983	NK-like cytotoxic lymphocytes	1	CD28-41BB vs STOP	condition_miloCD28.41BB - condition_miloSTOP
1.64313054038129	10.6707174151029	0.618524287586394	0.438382475571335	0.999411758030983	286	0.999411758030983	Antigen-presenting myeloid cells	1	CD28-41BB vs STOP	condition_miloCD28.41BB - condition_miloSTOP
-0.185781634946312	10.5764143733077	0.0152228496813642	0.902711012866686	0.999411758030983	287	0.999411758030983	Quiescent T cells	0.693877551020408	CD28-41BB vs STOP	condition_miloCD28.41BB - condition_miloSTOP
-3.90579453715659	10.8076943731269	8.69071782753854	0.00663595573911369	0.999411758030983	288	0.999411758030983	Activated CD4 effector / helper-like T cells	0.949152542372881	CD28-41BB vs STOP	condition_miloCD28.41BB - condition_miloSTOP
-0.0740370727587133	11.9166713074665	0.0106917101383586	0.918402172508156	0.999411758030983	289	0.999411758030983	Activated effector CD8 T cells (stress)	1	CD28-41BB vs STOP	condition_miloCD28.41BB - condition_miloSTOP
5.41282198361322	10.8909577071824	6.08646674389709	0.0204571095923209	0.999411758030983	290	0.999411758030983	Terminally differentiated cytotoxic T cells	0.922077922077922	CD28-41BB vs STOP	condition_miloCD28.41BB - condition_miloSTOP
-0.0941832763700147	10.8192616123007	0.00547705530409253	0.941545309541035	0.999411758030983	291	0.999411758030983	Terminally differentiated cytotoxic T cells	0.741935483870968	CD28-41BB vs STOP	condition_miloCD28.41BB - condition_miloSTOP
0.334435038661978	11.0568087754965	0.117515919768595	0.734374848459891	0.999411758030983	292	0.999411758030983	Th2-like inflammatory T cells	0.967741935483871	CD28-41BB vs STOP	condition_miloCD28.41BB - condition_miloSTOP
0.0037519403428976	11.5810123189724	2.64965190171523e-06	0.998713082149943	0.999411758030983	293	0.999411758030983	γδ T cells	0.814516129032258	CD28-41BB vs STOP	condition_miloCD28.41BB - condition_miloSTOP
-1.00704800112036	11.4122354639439	1.42435335471554	0.242975419581291	0.999411758030983	294	0.999411758030983	Terminally differentiated cytotoxic T cells	0.81	CD28-41BB vs STOP	condition_miloCD28.41BB - condition_miloSTOP
-1.91202580787836	10.9785914345636	2.51520403285512	0.124290674345689	0.999411758030983	295	0.999411758030983	Treg	1	CD28-41BB vs STOP	condition_miloCD28.41BB - condition_miloSTOP
2.41517065729794	11.5907563496841	6.75170863925131	0.0149327852723691	0.999411758030983	296	0.999411758030983	Treg	0.983606557377049	CD28-41BB vs STOP	condition_miloCD28.41BB - condition_miloSTOP
-0.0227597473577716	11.4225364633642	0.000613217087027095	0.980424280939074	0.999411758030983	297	0.999411758030983	Treg	1	CD28-41BB vs STOP	condition_miloCD28.41BB - condition_miloSTOP
-0.488773439423398	11.4401771354222	0.24258126852978	0.626293091684883	0.999411758030983	298	0.999411758030983	γδ T cells	0.539130434782609	CD28-41BB vs STOP	condition_miloCD28.41BB - condition_miloSTOP
-0.762605559524575	10.7389137389328	0.38086331900062	0.542458114129559	0.999411758030983	299	0.999411758030983	Treg	0.946428571428571	CD28-41BB vs STOP	condition_miloCD28.41BB - condition_miloSTOP
-0.294080000256375	11.3227495042653	0.102215812913214	0.751624951056697	0.999411758030983	300	0.999411758030983	IFN-responsive T cells	1	CD28-41BB vs STOP	condition_miloCD28.41BB - condition_miloSTOP
0.956416167346719	11.6957537945389	1.58326956770972	0.218965184694371	0.999411758030983	301	0.999411758030983	NK-like cytotoxic lymphocytes	1	CD28-41BB vs STOP	condition_miloCD28.41BB - condition_miloSTOP
-0.0809494685690937	11.590808361227	0.0120204020167044	0.913500224104331	0.999411758030983	302	0.999411758030983	Quiescent T cells	0.857142857142857	CD28-41BB vs STOP	condition_miloCD28.41BB - condition_miloSTOP
-0.150194423819433	11.1387727221706	0.0259331596847995	0.873251631482423	0.999411758030983	303	0.999411758030983	Activated CD4 effector / helper-like T cells	0.924050632911392	CD28-41BB vs STOP	condition_miloCD28.41BB - condition_miloSTOP
-1.89101637819779	11.0479374485836	3.23010551887546	0.0833880120389092	0.999411758030983	304	0.999411758030983	Antigen-presenting myeloid cells	0.96551724137931	CD28-41BB vs STOP	condition_miloCD28.41BB - condition_miloSTOP
1.02050064102792	10.5323474325646	0.31690854246131	0.578248451934045	0.999411758030983	305	0.999411758030983	Cycling / proliferating CAR T cells	0.981132075471698	CD28-41BB vs STOP	condition_miloCD28.41BB - condition_miloSTOP
0.10669080076954	11.3280565121852	0.00874530400300711	0.926177577628001	0.999411758030983	306	0.999411758030983	Quiescent T cells	0.908163265306122	CD28-41BB vs STOP	condition_miloCD28.41BB - condition_miloSTOP
-1.1556981729104	11.4930816259077	1.63797419436695	0.211392776864871	0.999411758030983	307	0.999411758030983	Quiescent T cells	0.956896551724138	CD28-41BB vs STOP	condition_miloCD28.41BB - condition_miloSTOP
0.489778431331077	11.389341414378	0.197449668010335	0.660296369065798	0.999411758030983	308	0.999411758030983	Treg	1	CD28-41BB vs STOP	condition_miloCD28.41BB - condition_miloSTOP
1.95458694397894	11.6831220440355	4.89570190879573	0.0354850048496851	0.999411758030983	309	0.999411758030983	NK-like cytotoxic lymphocytes	1	CD28-41BB vs STOP	condition_miloCD28.41BB - condition_miloSTOP
-1.96313375834194	10.9961304292147	2.04016414349281	0.164555375111263	0.999411758030983	310	0.999411758030983	Quiescent T cells	0.988095238095238	CD28-41BB vs STOP	condition_miloCD28.41BB - condition_miloSTOP
-0.237033459172297	11.7956106284954	0.0430235432338505	0.837324803613673	0.999411758030983	311	0.999411758030983	Quiescent T cells	0.540740740740741	CD28-41BB vs STOP	condition_miloCD28.41BB - condition_miloSTOP
-0.362367104944754	10.8787900931843	0.11247994075766	0.739906570442209	0.999411758030983	312	0.999411758030983	Quiescent T cells	0.882352941176471	CD28-41BB vs STOP	condition_miloCD28.41BB - condition_miloSTOP
0.971019946192732	11.6750544751535	0.915806769869569	0.346992184387662	0.999411758030983	313	0.999411758030983	Quiescent T cells	0.826446280991736	CD28-41BB vs STOP	condition_miloCD28.41BB - condition_miloSTOP
0.382188423040992	11.2877945555532	0.159674942502983	0.692570823025114	0.999411758030983	314	0.999411758030983	Cycling / proliferating CAR T cells	1	CD28-41BB vs STOP	condition_miloCD28.41BB - condition_miloSTOP
-0.0591667806562618	11.1244355669474	0.00344229185338794	0.953642263422541	0.999411758030983	315	0.999411758030983	Naïve / central-memory T cells	0.975	CD28-41BB vs STOP	condition_miloCD28.41BB - condition_miloSTOP
0.683565481016684	11.466711897241	0.704436182021486	0.408600152068272	0.999411758030983	316	0.999411758030983	Treg	1	CD28-41BB vs STOP	condition_miloCD28.41BB - condition_miloSTOP
0.38992843559857	11.2719637073562	0.166494362004442	0.686434749135417	0.999411758030983	317	0.999411758030983	Treg	0.989690721649485	CD28-41BB vs STOP	condition_miloCD28.41BB - condition_miloSTOP
-0.236140798284459	11.0222217046823	0.0668439894754008	0.797931475130714	0.999411758030983	318	0.999411758030983	NK-like cytotoxic lymphocytes	1	CD28-41BB vs STOP	condition_miloCD28.41BB - condition_miloSTOP
-0.815452374453271	11.1833005878613	0.756663410660609	0.39197279809548	0.999411758030983	319	0.999411758030983	Activated effector CD8 T cells (stress)	0.910112359550562	CD28-41BB vs STOP	condition_miloCD28.41BB - condition_miloSTOP
-0.620744992864361	11.558993463868	0.502925585400713	0.48424133264225	0.999411758030983	320	0.999411758030983	Treg	1	CD28-41BB vs STOP	condition_miloCD28.41BB - condition_miloSTOP
-0.124567426027513	11.1169823578382	0.0142270940692458	0.905930605597805	0.999411758030983	321	0.999411758030983	γδ / Th17-like T cells	1	CD28-41BB vs STOP	condition_miloCD28.41BB - condition_miloSTOP
0.0650443648426198	10.9606475334536	0.00403241208768172	0.949830869120584	0.999411758030983	322	0.999411758030983	Quiescent T cells	0.928571428571429	CD28-41BB vs STOP	condition_miloCD28.41BB - condition_miloSTOP
0.185198582473579	11.1935021552925	0.0408413571692323	0.841345636871044	0.999411758030983	323	0.999411758030983	Cycling / proliferating CAR T cells	0.98936170212766	CD28-41BB vs STOP	condition_miloCD28.41BB - condition_miloSTOP
0.816066710759602	11.5511525021234	0.614785869529024	0.439754376098143	0.999411758030983	324	0.999411758030983	IFN-responsive T cells	0.983606557377049	CD28-41BB vs STOP	condition_miloCD28.41BB - condition_miloSTOP
-3.66629480549799	10.5376622078145	1.24586961923348	0.274456445247732	0.999411758030983	325	0.999411758030983	Antigen-presenting myeloid cells	1	CD28-41BB vs STOP	condition_miloCD28.41BB - condition_miloSTOP
-0.351426391223664	10.8305439550051	0.0809430352178181	0.778174378718517	0.999411758030983	326	0.999411758030983	γδ T cells	0.985915492957746	CD28-41BB vs STOP	condition_miloCD28.41BB - condition_miloSTOP
0.0929174225906739	11.279308321803	0.00962114098095585	0.922580831851116	0.999411758030983	327	0.999411758030983	Cycling / proliferating CAR T cells	1	CD28-41BB vs STOP	condition_miloCD28.41BB - condition_miloSTOP
-0.538174479119511	11.5132966304156	0.409410595435922	0.527612262624405	0.999411758030983	328	0.999411758030983	Naïve / central-memory T cells	1	CD28-41BB vs STOP	condition_miloCD28.41BB - condition_miloSTOP
0.649139416356315	11.7387467659925	0.38972973054824	0.537633506057872	0.999411758030983	329	0.999411758030983	Treg	1	CD28-41BB vs STOP	condition_miloCD28.41BB - condition_miloSTOP
2.35257005384323	11.0233854893319	4.22391816745665	0.049557578837481	0.999411758030983	330	0.999411758030983	Treg	1	CD28-41BB vs STOP	condition_miloCD28.41BB - condition_miloSTOP
0.122116651108974	10.6842045683249	0.00721101650514348	0.932947640485719	0.999411758030983	331	0.999411758030983	Treg	0.803571428571429	CD28-41BB vs STOP	condition_miloCD28.41BB - condition_miloSTOP
0.0124672236278064	10.3287291602263	2.32977491542273e-05	0.996185301960083	0.999411758030983	332	0.999411758030983	Cycling / proliferating CAR T cells	1	CD28-41BB vs STOP	condition_miloCD28.41BB - condition_miloSTOP
-0.473984248783667	11.5058447055418	0.287140996889473	0.596405663963562	0.999411758030983	333	0.999411758030983	Treg	1	CD28-41BB vs STOP	condition_miloCD28.41BB - condition_miloSTOP
-0.18577580265549	11.5690484508957	0.0564038714813928	0.814049365429301	0.999411758030983	334	0.999411758030983	Quiescent T cells	0.952830188679245	CD28-41BB vs STOP	condition_miloCD28.41BB - condition_miloSTOP
-0.105242305587483	11.0187783268777	0.0119115300443143	0.913891224160284	0.999411758030983	335	0.999411758030983	Activated effector CD8 T cells (stress)	0.514705882352941	CD28-41BB vs STOP	condition_miloCD28.41BB - condition_miloSTOP
0.870237277511115	11.1529126506753	0.877674671037826	0.357068692867223	0.999411758030983	336	0.999411758030983	NK-like cytotoxic lymphocytes	1	CD28-41BB vs STOP	condition_miloCD28.41BB - condition_miloSTOP
-1.97118279733926	11.4256181661426	5.19716525423363	0.0306661909961358	0.999411758030983	337	0.999411758030983	Activated CD4 effector / helper-like T cells	0.915094339622642	CD28-41BB vs STOP	condition_miloCD28.41BB - condition_miloSTOP
1.53800412464873	10.6215556885426	0.525188100419217	0.475047523071369	0.999411758030983	338	0.999411758030983	Antigen-presenting myeloid cells	1	CD28-41BB vs STOP	condition_miloCD28.41BB - condition_miloSTOP
-0.644036918187712	10.626499402043	0.171316208404409	0.682184396927428	0.999411758030983	339	0.999411758030983	Quiescent T cells	0.511627906976744	CD28-41BB vs STOP	condition_miloCD28.41BB - condition_miloSTOP
0.0274849663587231	11.0013226334298	0.000801916866886038	0.977614792951185	0.999411758030983	340	0.999411758030983	Th2-like inflammatory T cells	0.967741935483871	CD28-41BB vs STOP	condition_miloCD28.41BB - condition_miloSTOP
0.768804372181212	11.7461559281622	0.807353577907122	0.376775010314301	0.999411758030983	341	0.999411758030983	Treg	1	CD28-41BB vs STOP	condition_miloCD28.41BB - condition_miloSTOP
-1.47457494950947	10.2950951958516	0.358480383914466	0.554483491970848	0.999411758030983	342	0.999411758030983	Terminally differentiated cytotoxic T cells	1	CD28-41BB vs STOP	condition_miloCD28.41BB - condition_miloSTOP
0.760893877382288	10.75906740111	0.24051838222273	0.627757838617102	0.999411758030983	343	0.999411758030983	Treg	0.803571428571429	CD28-41BB vs STOP	condition_miloCD28.41BB - condition_miloSTOP
0.00483559690105703	11.6298705957991	3.62947913477822e-05	0.995238713015454	0.999411758030983	344	0.999411758030983	Activated effector CD8 T cells (stress)	1	CD28-41BB vs STOP	condition_miloCD28.41BB - condition_miloSTOP
0.540743383296579	11.002837092149	0.232991951128831	0.633169306002418	0.999411758030983	345	0.999411758030983	γδ T cells	0.455882352941176	CD28-41BB vs STOP	condition_miloCD28.41BB - condition_miloSTOP
-0.756725547076763	11.3626954668901	0.564572484320016	0.458864269809164	0.999411758030983	346	0.999411758030983	γδ T cells	0.5	CD28-41BB vs STOP	condition_miloCD28.41BB - condition_miloSTOP
0.00274432369745453	10.8214179451475	5.53990385940871e-07	0.999411758030983	0.999411758030983	347	0.999411758030983	Quiescent T cells	0.940298507462687	CD28-41BB vs STOP	condition_miloCD28.41BB - condition_miloSTOP
0.385972368979883	10.8924168639273	0.118141997444435	0.733696486885792	0.999411758030983	348	0.999411758030983	Treg	0.619718309859155	CD28-41BB vs STOP	condition_miloCD28.41BB - condition_miloSTOP
0.0933578419766957	11.1932421168414	0.00824898953689296	0.928296821988053	0.999411758030983	349	0.999411758030983	Treg	1	CD28-41BB vs STOP	condition_miloCD28.41BB - condition_miloSTOP
-0.406438533521384	10.9781739759965	0.14725324305883	0.704152010654775	0.999411758030983	350	0.999411758030983	Activated CD4 effector / helper-like T cells	0.837837837837838	CD28-41BB vs STOP	condition_miloCD28.41BB - condition_miloSTOP
-0.0535988521370789	11.0512829674311	0.00277619360645177	0.958363596191407	0.999411758030983	351	0.999411758030983	Activated CD4 effector / helper-like T cells	0.866666666666667	CD28-41BB vs STOP	condition_miloCD28.41BB - condition_miloSTOP
-0.699666966676329	10.9315587001159	0.477749270880555	0.495290275542887	0.999411758030983	352	0.999411758030983	Treg	0.942028985507246	CD28-41BB vs STOP	condition_miloCD28.41BB - condition_miloSTOP
0.225291639065308	11.6801992301723	0.0763741221682305	0.784357860224351	0.999411758030983	353	0.999411758030983	Naïve / central-memory T cells	1	CD28-41BB vs STOP	condition_miloCD28.41BB - condition_miloSTOP
1.10501879549071	11.5431490021723	1.77818156452031	0.193413102225657	0.999411758030983	354	0.999411758030983	Treg	1	CD28-41BB vs STOP	condition_miloCD28.41BB - condition_miloSTOP
-1.89814449184486	10.9206456033196	3.25570897600362	0.0822398410045664	0.999411758030983	355	0.999411758030983	Cycling / proliferating CAR T cells	0.915492957746479	CD28-41BB vs STOP	condition_miloCD28.41BB - condition_miloSTOP
-0.303883455526337	11.4317022536228	0.102633044619521	0.751136199400668	0.999411758030983	356	0.999411758030983	Quiescent T cells	0.872549019607843	CD28-41BB vs STOP	condition_miloCD28.41BB - condition_miloSTOP
0.119600857626808	11.0598651534743	0.0155003161755729	0.90183306952089	0.999411758030983	357	0.999411758030983	Cycling / proliferating CAR T cells	1	CD28-41BB vs STOP	condition_miloCD28.41BB - condition_miloSTOP
0.386584452277077	11.3888045297506	0.131414624935597	0.719766319914643	0.999411758030983	358	0.999411758030983	Quiescent T cells	0.779069767441861	CD28-41BB vs STOP	condition_miloCD28.41BB - condition_miloSTOP
1.64390558143776	11.5055977902791	2.41226459824465	0.131926385557877	0.999411758030983	359	0.999411758030983	Treg	0.991379310344828	CD28-41BB vs STOP	condition_miloCD28.41BB - condition_miloSTOP
-0.856633922586521	11.1499599223977	0.679815185671297	0.416809435469371	0.999411758030983	360	0.999411758030983	Quiescent T cells	0.711111111111111	CD28-41BB vs STOP	condition_miloCD28.41BB - condition_miloSTOP
-1.50619533201522	11.0869486474932	2.49926287076716	0.125438586970566	0.999411758030983	361	0.999411758030983	Activated effector CD8 T cells (stress)	0.558441558441558	CD28-41BB vs STOP	condition_miloCD28.41BB - condition_miloSTOP
1.63603371827165	10.7087139782823	0.711071462083538	0.406429680986559	0.999411758030983	362	0.999411758030983	Antigen-presenting myeloid cells	1	CD28-41BB vs STOP	condition_miloCD28.41BB - condition_miloSTOP
0.257789536914027	11.5453523814989	0.0652299462955082	0.800330908559626	0.999411758030983	363	0.999411758030983	Naïve / central-memory T cells	0.845528455284553	CD28-41BB vs STOP	condition_miloCD28.41BB - condition_miloSTOP
-2.59828893951374	11.0231047157207	4.9138112478347	0.035508779480395	0.999411758030983	364	0.999411758030983	Activated CD4 effector / helper-like T cells	0.957746478873239	CD28-41BB vs STOP	condition_miloCD28.41BB - condition_miloSTOP
0.860775307622955	11.8551982511114	1.34079057140388	0.256943044881644	0.999411758030983	365	0.999411758030983	Quiescent T cells	0.993377483443709	CD28-41BB vs STOP	condition_miloCD28.41BB - condition_miloSTOP
-0.540773528368442	10.9331960585758	0.287758431063279	0.596013140317881	0.999411758030983	366	0.999411758030983	Treg	0.590909090909091	CD28-41BB vs STOP	condition_miloCD28.41BB - condition_miloSTOP
0.751740082853506	11.3505430053407	0.387613214707751	0.538732206539332	0.999411758030983	367	0.999411758030983	Treg	1	CD28-41BB vs STOP	condition_miloCD28.41BB - condition_miloSTOP
0.0606582537018908	11.3557952201855	0.00463935292834046	0.946193181100068	0.999411758030983	368	0.999411758030983	Treg	1	CD28-41BB vs STOP	condition_miloCD28.41BB - condition_miloSTOP
0.267631228313217	11.3670804964971	0.0934012952814254	0.762219343202253	0.999411758030983	369	0.999411758030983	Quiescent T cells	0.885714285714286	CD28-41BB vs STOP	condition_miloCD28.41BB - condition_miloSTOP
1.43279654369245	11.0927768803178	1.57093545968065	0.220718942794496	0.999411758030983	370	0.999411758030983	Quiescent T cells	0.632911392405063	CD28-41BB vs STOP	condition_miloCD28.41BB - condition_miloSTOP
0.541937294643165	10.8074697613875	0.258732754547056	0.615085879135277	0.999411758030983	371	0.999411758030983	Cycling / proliferating CAR T cells	1	CD28-41BB vs STOP	condition_miloCD28.41BB - condition_miloSTOP
0.543821320289119	10.8790176976639	0.292847504898065	0.592798454060119	0.999411758030983	372	0.999411758030983	Activated effector CD8 T cells (stress)	0.779411764705882	CD28-41BB vs STOP	condition_miloCD28.41BB - condition_miloSTOP
-0.270724414055044	11.5521780757554	0.105398406779624	0.747924251954355	0.999411758030983	373	0.999411758030983	Naïve / central-memory T cells	0.991071428571429	CD28-41BB vs STOP	condition_miloCD28.41BB - condition_miloSTOP
0.362528318640026	10.9199941585134	0.112425910735859	0.739966662009234	0.999411758030983	374	0.999411758030983	Treg	1	CD28-41BB vs STOP	condition_miloCD28.41BB - condition_miloSTOP
-0.348445682807061	11.4347891309977	0.1432402462443	0.708013396349903	0.999411758030983	375	0.999411758030983	Quiescent T cells	0.716981132075472	CD28-41BB vs STOP	condition_miloCD28.41BB - condition_miloSTOP
0.609748171878012	10.9532617336378	0.371619637937488	0.547172614069804	0.999411758030983	376	0.999411758030983	NK-like cytotoxic lymphocytes	1	CD28-41BB vs STOP	condition_miloCD28.41BB - condition_miloSTOP
-0.185543622976068	10.883131043645	0.0194383319807886	0.890142489509492	0.999411758030983	377	0.999411758030983	Activated CD4 effector / helper-like T cells	1	CD28-41BB vs STOP	condition_miloCD28.41BB - condition_miloSTOP
1.22864437623233	11.1357351645715	1.3214198972693	0.260326871479147	0.999411758030983	378	0.999411758030983	NK-like cytotoxic lymphocytes	1	CD28-41BB vs STOP	condition_miloCD28.41BB - condition_miloSTOP
0.785574876052181	11.4232475857905	0.792222456716069	0.381219945382411	0.999411758030983	379	0.999411758030983	Activated effector CD8 T cells (stress)	0.603960396039604	CD28-41BB vs STOP	condition_miloCD28.41BB - condition_miloSTOP
-2.10524916506196	10.9927354284425	2.94185505820217	0.0976634409378887	0.999411758030983	380	0.999411758030983	Quiescent T cells	0.802816901408451	CD28-41BB vs STOP	condition_miloCD28.41BB - condition_miloSTOP
1.03914010679553	10.9165942283733	0.732653476587219	0.399770516672011	0.999411758030983	381	0.999411758030983	Terminally differentiated cytotoxic T cells	0.960526315789474	CD28-41BB vs STOP	condition_miloCD28.41BB - condition_miloSTOP
-1.41437167076722	11.6866311276952	1.72221035767216	0.200355839765259	0.999411758030983	382	0.999411758030983	Quiescent T cells	0.767441860465116	CD28-41BB vs STOP	condition_miloCD28.41BB - condition_miloSTOP
0.727287840526475	10.6248855299482	0.217432086217762	0.644709743097136	0.999411758030983	383	0.999411758030983	Cycling / proliferating CAR T cells	1	CD28-41BB vs STOP	condition_miloCD28.41BB - condition_miloSTOP
0.402782585075235	11.4099170560922	0.106711766798078	0.746579451390745	0.999411758030983	384	0.999411758030983	Quiescent T cells	0.894736842105263	CD28-41BB vs STOP	condition_miloCD28.41BB - condition_miloSTOP
-1.85403491981259	10.8880420065755	2.85493763268582	0.102504783922122	0.999411758030983	385	0.999411758030983	Activated effector CD8 T cells (stress)	0.923076923076923	CD28-41BB vs STOP	condition_miloCD28.41BB - condition_miloSTOP
0.167199846553839	11.4862491400576	0.0333877976868922	0.856367799756511	0.999411758030983	386	0.999411758030983	Naïve / central-memory T cells	0.666666666666667	CD28-41BB vs STOP	condition_miloCD28.41BB - condition_miloSTOP
0.0781718256103793	11.0041858186546	0.00628027927370917	0.937414307185847	0.999411758030983	387	0.999411758030983	Activated CD4 effector / helper-like T cells	0.783783783783784	CD28-41BB vs STOP	condition_miloCD28.41BB - condition_miloSTOP
-1.24171141035052	11.508605692039	1.65868397802918	0.208611070944421	0.999411758030983	388	0.999411758030983	Treg	0.982300884955752	CD28-41BB vs STOP	condition_miloCD28.41BB - condition_miloSTOP
0.613566154706187	10.7698107893466	0.322197000187158	0.575113442513943	0.999411758030983	389	0.999411758030983	Activated CD4 effector / helper-like T cells	0.7	CD28-41BB vs STOP	condition_miloCD28.41BB - condition_miloSTOP
-0.781356840085422	11.1069437341724	0.533572612938935	0.471342691248903	0.999411758030983	390	0.999411758030983	Activated effector CD8 T cells (stress)	1	CD28-41BB vs STOP	condition_miloCD28.41BB - condition_miloSTOP
1.07888051309766	11.7631302482918	1.71313579353009	0.201510104647032	0.999411758030983	391	0.999411758030983	γδ T cells	1	CD28-41BB vs STOP	condition_miloCD28.41BB - condition_miloSTOP
0.339449591287618	11.7383226044681	0.150373984285761	0.701190860021917	0.999411758030983	392	0.999411758030983	Naïve / central-memory T cells	1	CD28-41BB vs STOP	condition_miloCD28.41BB - condition_miloSTOP
-0.645937672087117	10.8668434492575	0.315133899920514	0.579134616028908	0.999411758030983	393	0.999411758030983	Cycling / proliferating CAR T cells	0.971014492753623	CD28-41BB vs STOP	condition_miloCD28.41BB - condition_miloSTOP
-0.468857113296072	11.6921959419111	0.365622034275051	0.55040254289586	0.999411758030983	394	0.999411758030983	Activated effector CD8 T cells (stress)	1	CD28-41BB vs STOP	condition_miloCD28.41BB - condition_miloSTOP
0.590555759884103	11.0243048709529	0.41915640774873	0.522775598126146	0.999411758030983	395	0.999411758030983	Th2-like inflammatory T cells	1	CD28-41BB vs STOP	condition_miloCD28.41BB - condition_miloSTOP
-0.312446726594498	11.0464537151229	0.11296085553186	0.739372410977674	0.999411758030983	396	0.999411758030983	Activated effector CD8 T cells (stress)	0.970588235294118	CD28-41BB vs STOP	condition_miloCD28.41BB - condition_miloSTOP
0.196360765125599	10.4799234263642	0.0137602030518543	0.907479573884055	0.999411758030983	397	0.999411758030983	Cycling / proliferating CAR T cells	0.957446808510638	CD28-41BB vs STOP	condition_miloCD28.41BB - condition_miloSTOP
0.474369050953531	10.7308638261014	0.151851431793194	0.69980133707634	0.999411758030983	398	0.999411758030983	Activated CD4 effector / helper-like T cells	0.67741935483871	CD28-41BB vs STOP	condition_miloCD28.41BB - condition_miloSTOP
0.270815747168564	11.3918907640929	0.0772545201278611	0.783151106559289	0.999411758030983	399	0.999411758030983	Activated effector CD8 T cells (stress)	0.854166666666667	CD28-41BB vs STOP	condition_miloCD28.41BB - condition_miloSTOP
-0.0200137463505563	11.4459609476134	0.000425804420424879	0.983687153686641	0.999411758030983	400	0.999411758030983	Activated effector CD8 T cells (stress)	0.973913043478261	CD28-41BB vs STOP	condition_miloCD28.41BB - condition_miloSTOP
0.937217518855404	11.1332460806915	0.805070063740231	0.377440969759269	0.999411758030983	401	0.999411758030983	Antigen-presenting myeloid cells	0.815384615384615	CD28-41BB vs STOP	condition_miloCD28.41BB - condition_miloSTOP
0.0614529290346179	11.1624782784189	0.00487396794881258	0.944851671508915	0.999411758030983	402	0.999411758030983	Quiescent T cells	0.951807228915663	CD28-41BB vs STOP	condition_miloCD28.41BB - condition_miloSTOP
-1.02553558091508	11.3954613319184	0.996576641376311	0.326922964439193	0.999411758030983	403	0.999411758030983	Quiescent T cells	0.961165048543689	CD28-41BB vs STOP	condition_miloCD28.41BB - condition_miloSTOP
-0.447648799999382	10.9994803962929	0.214825437115558	0.646692151420915	0.999411758030983	404	0.999411758030983	Treg	0.53030303030303	CD28-41BB vs STOP	condition_miloCD28.41BB - condition_miloSTOP
-1.0580968493489	10.9128935823567	1.06867188083981	0.310333401222761	0.999411758030983	405	0.999411758030983	Quiescent T cells	0.927536231884058	CD28-41BB vs STOP	condition_miloCD28.41BB - condition_miloSTOP
1.26757824774232	10.7117628292161	1.2487107680062	0.273554553117403	0.999411758030983	406	0.999411758030983	Treg	0.981481481481482	CD28-41BB vs STOP	condition_miloCD28.41BB - condition_miloSTOP
0.498047577533134	11.1762028295348	0.244304077266644	0.625075766349767	0.999411758030983	407	0.999411758030983	Quiescent T cells	0.91358024691358	CD28-41BB vs STOP	condition_miloCD28.41BB - condition_miloSTOP
-1.04821698237937	11.0852939907011	0.922430461237211	0.345282771730009	0.999411758030983	408	0.999411758030983	Antigen-presenting myeloid cells	1	CD28-41BB vs STOP	condition_miloCD28.41BB - condition_miloSTOP
-0.625574386768722	11.8910383813635	0.706844507650903	0.407810344308846	0.999411758030983	409	0.999411758030983	Quiescent T cells	0.981132075471698	CD28-41BB vs STOP	condition_miloCD28.41BB - condition_miloSTOP
-1.49366790147254	10.6144829013661	0.669482957393701	0.420597697322625	0.999411758030983	410	0.999411758030983	Cycling / proliferating CAR T cells	1	CD28-41BB vs STOP	condition_miloCD28.41BB - condition_miloSTOP
0.525627682475507	11.4108996762425	0.320856843318815	0.575729202726435	0.999411758030983	411	0.999411758030983	Activated effector CD8 T cells (stress)	0.963963963963964	CD28-41BB vs STOP	condition_miloCD28.41BB - condition_miloSTOP
0.288252154242123	10.5927702389181	0.0386583402890128	0.845586128982187	0.999411758030983	412	0.999411758030983	Cycling / proliferating CAR T cells	0.686274509803922	CD28-41BB vs STOP	condition_miloCD28.41BB - condition_miloSTOP
0.681508570380729	11.0089190999442	0.239709892740677	0.628334041661539	0.999411758030983	413	0.999411758030983	Antigen-presenting myeloid cells	1	CD28-41BB vs STOP	condition_miloCD28.41BB - condition_miloSTOP
-0.480028966617634	11.4944827980719	0.320696799052085	0.575823886378398	0.999411758030983	414	0.999411758030983	Quiescent T cells	0.645454545454546	CD28-41BB vs STOP	condition_miloCD28.41BB - condition_miloSTOP
-0.121554317282092	10.8417639975097	0.0127677160069797	0.910863387202915	0.999411758030983	415	0.999411758030983	Naïve / central-memory T cells	0.563636363636364	CD28-41BB vs STOP	condition_miloCD28.41BB - condition_miloSTOP
0.408543205185556	11.2472175761209	0.174553605364444	0.679370039691337	0.999411758030983	416	0.999411758030983	Activated effector CD8 T cells (stress)	0.989583333333333	CD28-41BB vs STOP	condition_miloCD28.41BB - condition_miloSTOP
0.539701469689383	11.3632632527656	0.316520317965009	0.578305896475162	0.999411758030983	417	0.999411758030983	Activated effector CD8 T cells (stress)	1	CD28-41BB vs STOP	condition_miloCD28.41BB - condition_miloSTOP
1.20747964154942	10.9578102002591	1.31678811019268	0.261144485359973	0.999411758030983	418	0.999411758030983	Treg	1	CD28-41BB vs STOP	condition_miloCD28.41BB - condition_miloSTOP
0.163392843293448	11.8349124770561	0.0510962519951877	0.82285349342751	0.999411758030983	419	0.999411758030983	Naïve / central-memory T cells	1	CD28-41BB vs STOP	condition_miloCD28.41BB - condition_miloSTOP
-0.676482344150269	11.4516686699605	0.574734001605955	0.454890795892583	0.999411758030983	420	0.999411758030983	Activated effector CD8 T cells (stress)	0.795918367346939	CD28-41BB vs STOP	condition_miloCD28.41BB - condition_miloSTOP
-0.200062508564178	11.3442085778027	0.0528451206290052	0.81990138550921	0.999411758030983	421	0.999411758030983	Quiescent T cells	0.677083333333333	CD28-41BB vs STOP	condition_miloCD28.41BB - condition_miloSTOP
0.15199454535476	10.6326105971118	0.0107391509595866	0.918222010783621	0.999411758030983	422	0.999411758030983	IFN-responsive T cells	0.941176470588235	CD28-41BB vs STOP	condition_miloCD28.41BB - condition_miloSTOP
-0.037594416702464	10.7669075833531	0.000771742617510886	0.978039867943553	0.999411758030983	423	0.999411758030983	Activated effector CD8 T cells (stress)	0.625	CD28-41BB vs STOP	condition_miloCD28.41BB - condition_miloSTOP
-0.290802236703966	10.8716915026217	0.0897608266703754	0.766754811684597	0.999411758030983	424	0.999411758030983	IFN-responsive T cells	0.939393939393939	CD28-41BB vs STOP	condition_miloCD28.41BB - condition_miloSTOP
0.0793031929910484	11.3448254774958	0.00497054309966662	0.94434281810644	0.999411758030983	425	0.999411758030983	Quiescent T cells	0.693333333333333	CD28-41BB vs STOP	condition_miloCD28.41BB - condition_miloSTOP
0.36270332867435	11.1706229448538	0.146830437443956	0.704555967108497	0.999411758030983	426	0.999411758030983	Th2-like inflammatory T cells	1	CD28-41BB vs STOP	condition_miloCD28.41BB - condition_miloSTOP
0.68837581698509	11.5975740352181	0.622717275253953	0.436851763149396	0.999411758030983	427	0.999411758030983	γδ T cells	0.957627118644068	CD28-41BB vs STOP	condition_miloCD28.41BB - condition_miloSTOP
-2.8109749241729	10.8815595584336	6.48493769514929	0.0168349578394393	0.999411758030983	428	0.999411758030983	Activated CD4 effector / helper-like T cells	0.984126984126984	CD28-41BB vs STOP	condition_miloCD28.41BB - condition_miloSTOP
-0.763934051105306	11.4748142756483	0.649835614674563	0.427150765558467	0.999411758030983	429	0.999411758030983	Activated effector CD8 T cells (stress)	0.94	CD28-41BB vs STOP	condition_miloCD28.41BB - condition_miloSTOP
0.299164370049073	11.0352767814799	0.0913355527500084	0.764780816556037	0.999411758030983	430	0.999411758030983	Treg	0.960526315789474	CD28-41BB vs STOP	condition_miloCD28.41BB - condition_miloSTOP
0.234763615692693	11.0994127160721	0.0563314922862105	0.814166409426621	0.999411758030983	431	0.999411758030983	Antigen-presenting myeloid cells	1	CD28-41BB vs STOP	condition_miloCD28.41BB - condition_miloSTOP
-1.07077334391795	10.9149521411552	1.27685330087131	0.268333484749071	0.999411758030983	432	0.999411758030983	Activated CD4 effector / helper-like T cells	0.72463768115942	CD28-41BB vs STOP	condition_miloCD28.41BB - condition_miloSTOP
-0.0811357274351616	11.0876985320155	0.0082629043808563	0.928236543370221	0.999411758030983	433	0.999411758030983	Cycling / proliferating CAR T cells	1	CD28-41BB vs STOP	condition_miloCD28.41BB - condition_miloSTOP
-0.983927025353312	10.3030352253746	0.224271677691864	0.639719165272631	0.999411758030983	434	0.999411758030983	Treg	0.675	CD28-41BB vs STOP	condition_miloCD28.41BB - condition_miloSTOP
-0.661958557490344	11.2517490435573	0.396611059389818	0.53408996429307	0.999411758030983	435	0.999411758030983	Quiescent T cells	0.709677419354839	CD28-41BB vs STOP	condition_miloCD28.41BB - condition_miloSTOP
-0.773652739539852	10.996938763379	0.561330174079891	0.460143970497731	0.999411758030983	436	0.999411758030983	Quiescent T cells	0.712328767123288	CD28-41BB vs STOP	condition_miloCD28.41BB - condition_miloSTOP
-0.231166371052548	10.8721244182778	0.0516228059231234	0.822023399906428	0.999411758030983	437	0.999411758030983	Activated effector CD8 T cells (stress)	0.942028985507246	CD28-41BB vs STOP	condition_miloCD28.41BB - condition_miloSTOP
-0.157777718519549	11.685771161583	0.0386299458638425	0.845642095026929	0.999411758030983	438	0.999411758030983	Activated effector CD8 T cells (stress)	0.870967741935484	CD28-41BB vs STOP	condition_miloCD28.41BB - condition_miloSTOP
-2.75415543073976	10.5450681448797	2.63571260688981	0.115998523408161	0.999411758030983	439	0.999411758030983	Cycling / proliferating CAR T cells	1	CD28-41BB vs STOP	condition_miloCD28.41BB - condition_miloSTOP
1.96129009953764	11.1830507207261	2.96157651401281	0.0966018994109199	0.999411758030983	440	0.999411758030983	NK-like cytotoxic lymphocytes	1	CD28-41BB vs STOP	condition_miloCD28.41BB - condition_miloSTOP
0.681976052027466	11.4306393048019	0.596098779477468	0.446715016521654	0.999411758030983	441	0.999411758030983	Treg	1	CD28-41BB vs STOP	condition_miloCD28.41BB - condition_miloSTOP
-0.00983544201159355	11.2577748543627	7.60420786126048e-05	0.993105894956781	0.999411758030983	442	0.999411758030983	Treg	0.989247311827957	CD28-41BB vs STOP	condition_miloCD28.41BB - condition_miloSTOP
0.997894001779093	10.7759296467031	0.827199465685324	0.371058249572911	0.999411758030983	443	0.999411758030983	Quiescent T cells	0.844827586206897	CD28-41BB vs STOP	condition_miloCD28.41BB - condition_miloSTOP
0.610959314974002	10.9973045602946	0.396941757850043	0.53392076083739	0.999411758030983	444	0.999411758030983	Treg	1	CD28-41BB vs STOP	condition_miloCD28.41BB - condition_miloSTOP
0.172831254709744	10.9411267537312	0.0338353436176183	0.855419467655263	0.999411758030983	445	0.999411758030983	Antigen-presenting myeloid cells	1	CD28-41BB vs STOP	condition_miloCD28.41BB - condition_miloSTOP
-0.798226025462713	11.2530029929851	0.818049438542503	0.373678275121527	0.999411758030983	446	0.999411758030983	Quiescent T cells	0.921348314606742	CD28-41BB vs STOP	condition_miloCD28.41BB - condition_miloSTOP
0.588679376336642	11.685084031937	0.564927491329405	0.458724504075552	0.999411758030983	447	0.999411758030983	Treg	1	CD28-41BB vs STOP	condition_miloCD28.41BB - condition_miloSTOP
-1.4811062244082	10.9918368377179	1.99143618245173	0.169506698263568	0.999411758030983	448	0.999411758030983	Activated CD4 effector / helper-like T cells	0.915492957746479	CD28-41BB vs STOP	condition_miloCD28.41BB - condition_miloSTOP
1.51534561860398	10.8799355790217	1.81237912529857	0.189315959697055	0.999411758030983	449	0.999411758030983	Activated CD4 effector / helper-like T cells	0.863636363636364	CD28-41BB vs STOP	condition_miloCD28.41BB - condition_miloSTOP
1.72335213927342	10.9800941132125	1.81355453127926	0.189595471592407	0.999411758030983	450	0.999411758030983	Terminally differentiated cytotoxic T cells	0.879518072289157	CD28-41BB vs STOP	condition_miloCD28.41BB - condition_miloSTOP
1.00956129850596	11.1692554325387	0.855399177614009	0.363147846343916	0.999411758030983	451	0.999411758030983	Treg	0.975903614457831	CD28-41BB vs STOP	condition_miloCD28.41BB - condition_miloSTOP
0.741333122571537	11.3841617980712	0.705476126286924	0.40825882021005	0.999411758030983	452	0.999411758030983	γδ T cells	0.990476190476191	CD28-41BB vs STOP	condition_miloCD28.41BB - condition_miloSTOP
-0.0587302277176745	11.7841049165358	0.0057758842802749	0.939974934828284	0.999411758030983	453	0.999411758030983	Activated effector CD8 T cells (stress)	0.712121212121212	CD28-41BB vs STOP	condition_miloCD28.41BB - condition_miloSTOP
-2.77538700868347	10.8780300353256	5.64112586503024	0.0248350862173786	0.999411758030983	454	0.999411758030983	Activated CD4 effector / helper-like T cells	0.953846153846154	CD28-41BB vs STOP	condition_miloCD28.41BB - condition_miloSTOP
-1.0677739856144	11.1768263006712	0.963837305402651	0.334858634816605	0.999411758030983	455	0.999411758030983	Antigen-presenting myeloid cells	0.987654320987654	CD28-41BB vs STOP	condition_miloCD28.41BB - condition_miloSTOP
1.99733159152212	10.6354883800968	1.16732157293546	0.289422149604965	0.999411758030983	456	0.999411758030983	Antigen-presenting myeloid cells	1	CD28-41BB vs STOP	condition_miloCD28.41BB - condition_miloSTOP
0.108965566555096	11.827080515109	0.0215711619005187	0.884314879017746	0.999411758030983	457	0.999411758030983	Activated effector CD8 T cells (stress)	0.757575757575758	CD28-41BB vs STOP	condition_miloCD28.41BB - condition_miloSTOP
0.158322772148254	10.9549855690382	0.0281379598329028	0.868023613485487	0.999411758030983	458	0.999411758030983	IFN-responsive T cells	1	CD28-41BB vs STOP	condition_miloCD28.41BB - condition_miloSTOP
4.47805531023281	10.4455041625977	2.11191110273185	0.158007925506121	0.999411758030983	459	0.999411758030983	Terminally differentiated cytotoxic T cells	1	CD28-41BB vs STOP	condition_miloCD28.41BB - condition_miloSTOP
0.21516669135979	10.9709169193383	0.0366845520658215	0.84952874692225	0.999411758030983	460	0.999411758030983	IFN-responsive T cells	0.863013698630137	CD28-41BB vs STOP	condition_miloCD28.41BB - condition_miloSTOP
-0.748616563182746	10.8358479934877	0.504071527620548	0.483748409511601	0.999411758030983	461	0.999411758030983	Activated CD4 effector / helper-like T cells	0.901639344262295	CD28-41BB vs STOP	condition_miloCD28.41BB - condition_miloSTOP
0.435664352671601	11.3575158676551	0.208084881533035	0.651887455960196	0.999411758030983	462	0.999411758030983	NK-like cytotoxic lymphocytes	1	CD28-41BB vs STOP	condition_miloCD28.41BB - condition_miloSTOP
2.55850633645709	11.113499135674	3.95968536683692	0.0567227653612656	0.999411758030983	463	0.999411758030983	Quiescent T cells	0.943661971830986	CD28-41BB vs STOP	condition_miloCD28.41BB - condition_miloSTOP
-1.68283774669067	11.2135266792263	3.34949314105622	0.0781852792387392	0.999411758030983	464	0.999411758030983	Quiescent T cells	0.922222222222222	CD28-41BB vs STOP	condition_miloCD28.41BB - condition_miloSTOP
0.687758455966791	10.6190480767455	0.145120897369491	0.70619615646097	0.999411758030983	465	0.999411758030983	NK-like cytotoxic lymphocytes	0.918367346938776	CD28-41BB vs STOP	condition_miloCD28.41BB - condition_miloSTOP
0.440299594824877	11.0299866629675	0.157781656093308	0.694301393581842	0.999411758030983	466	0.999411758030983	Antigen-presenting myeloid cells	1	CD28-41BB vs STOP	condition_miloCD28.41BB - condition_miloSTOP
0.475656507123728	10.8823902575628	0.158631989998387	0.693522654343561	0.999411758030983	467	0.999411758030983	Activated effector CD8 T cells (stress)	0.53968253968254	CD28-41BB vs STOP	condition_miloCD28.41BB - condition_miloSTOP
0.277619991470823	11.4499021402534	0.0812275537819183	0.777795639860276	0.999411758030983	468	0.999411758030983	Treg	1	CD28-41BB vs STOP	condition_miloCD28.41BB - condition_miloSTOP
1.53466654419239	10.4950660308187	0.725847956824969	0.401658069397203	0.999411758030983	469	0.999411758030983	Quiescent T cells	0.512820512820513	CD28-41BB vs STOP	condition_miloCD28.41BB - condition_miloSTOP
-0.0736699840550128	11.0660324117957	0.00421626402515584	0.948701550817336	0.999411758030983	470	0.999411758030983	Naïve / central-memory T cells	0.986842105263158	CD28-41BB vs STOP	condition_miloCD28.41BB - condition_miloSTOP
-1.64739186198862	10.9836076333786	2.37416494018525	0.134891073187183	0.999411758030983	471	0.999411758030983	Activated effector CD8 T cells (stress)	0.545454545454545	CD28-41BB vs STOP	condition_miloCD28.41BB - condition_miloSTOP
-0.273133560968793	11.962001067184	0.103341271793639	0.750309080383088	0.999411758030983	472	0.999411758030983	Quiescent T cells	0.952702702702703	CD28-41BB vs STOP	condition_miloCD28.41BB - condition_miloSTOP
-0.236738562233756	10.8168586021747	0.0494757586715732	0.825636762179474	0.999411758030983	473	0.999411758030983	Cycling / proliferating CAR T cells	0.403508771929825	CD28-41BB vs STOP	condition_miloCD28.41BB - condition_miloSTOP
-1.14672650407405	10.9621967073346	1.00130727985927	0.325797782119321	0.999411758030983	474	0.999411758030983	Quiescent T cells	0.521739130434783	CD28-41BB vs STOP	condition_miloCD28.41BB - condition_miloSTOP
-0.610745872131487	11.7677771484387	0.404122243036197	0.530271056328282	0.999411758030983	475	0.999411758030983	Quiescent T cells	1	CD28-41BB vs STOP	condition_miloCD28.41BB - condition_miloSTOP
-1.12060325250453	11.2846092627305	1.75379513849655	0.196401154740884	0.999411758030983	476	0.999411758030983	Quiescent T cells	0.726190476190476	CD28-41BB vs STOP	condition_miloCD28.41BB - condition_miloSTOP
-0.0795017881308459	10.6343646121629	0.00274279868082586	0.958614537996714	0.999411758030983	477	0.999411758030983	Activated CD4 effector / helper-like T cells	0.981132075471698	CD28-41BB vs STOP	condition_miloCD28.41BB - condition_miloSTOP
0.737423893564933	11.0248744082053	0.372944060039127	0.546464214864883	0.999411758030983	478	0.999411758030983	γδ T cells	0.648648648648649	CD28-41BB vs STOP	condition_miloCD28.41BB - condition_miloSTOP
-0.275415555562409	10.9337453331129	0.0756646678933563	0.785335774347578	0.999411758030983	479	0.999411758030983	Cycling / proliferating CAR T cells	0.972972972972973	CD28-41BB vs STOP	condition_miloCD28.41BB - condition_miloSTOP
0.0126093922388471	10.3562854767199	2.75070650061718e-05	0.995853547684865	0.999411758030983	480	0.999411758030983	Antigen-presenting myeloid cells	0.933333333333333	CD28-41BB vs STOP	condition_miloCD28.41BB - condition_miloSTOP
0.0194710454565446	11.0003374089936	0.000368317927618808	0.984828084878679	0.999411758030983	481	0.999411758030983	Cycling / proliferating CAR T cells	0.987341772151899	CD28-41BB vs STOP	condition_miloCD28.41BB - condition_miloSTOP
-1.50477630915312	11.5477044307544	2.72232347724951	0.110435287778826	0.999411758030983	482	0.999411758030983	Terminally differentiated cytotoxic T cells	0.982758620689655	CD28-41BB vs STOP	condition_miloCD28.41BB - condition_miloSTOP
1.18820887509563	10.6038902340888	0.576735009930383	0.454114892239181	0.999411758030983	483	0.999411758030983	Activated CD4 effector / helper-like T cells	0.607142857142857	CD28-41BB vs STOP	condition_miloCD28.41BB - condition_miloSTOP
0.938867522958991	11.4156012426448	0.892286166368384	0.353159340365049	0.999411758030983	484	0.999411758030983	γδ T cells	0.963636363636364	CD28-41BB vs STOP	condition_miloCD28.41BB - condition_miloSTOP
-1.15768918219066	10.6053144002856	0.759371146594522	0.391138382963798	0.999411758030983	485	0.999411758030983	Activated effector CD8 T cells (stress)	1	CD28-41BB vs STOP	condition_miloCD28.41BB - condition_miloSTOP
0.449211409454515	10.6353589834528	0.0882592801258787	0.768654774361259	0.999411758030983	486	0.999411758030983	NK-like cytotoxic lymphocytes	0.489795918367347	CD28-41BB vs STOP	condition_miloCD28.41BB - condition_miloSTOP
-0.553750198859512	11.2018893199321	0.34466974404802	0.561979199543899	0.999411758030983	487	0.999411758030983	Cycling / proliferating CAR T cells	0.989010989010989	CD28-41BB vs STOP	condition_miloCD28.41BB - condition_miloSTOP
-0.510288943417166	10.7107958058373	0.158991455251236	0.693194184836063	0.999411758030983	488	0.999411758030983	Activated effector CD8 T cells (stress)	0.793103448275862	CD28-41BB vs STOP	condition_miloCD28.41BB - condition_miloSTOP
0.254544580594548	10.5689161549228	0.0316204699459989	0.860178481028475	0.999411758030983	489	0.999411758030983	γδ T cells	0.804347826086957	CD28-41BB vs STOP	condition_miloCD28.41BB - condition_miloSTOP
-0.391373458202454	10.9292863226323	0.134940292295499	0.716201351438756	0.999411758030983	490	0.999411758030983	Terminally differentiated cytotoxic T cells	0.308823529411765	CD28-41BB vs STOP	condition_miloCD28.41BB - condition_miloSTOP
0.155769339895595	11.2403690156758	0.0269001904710881	0.870931554303588	0.999411758030983	491	0.999411758030983	Antigen-presenting myeloid cells	1	CD28-41BB vs STOP	condition_miloCD28.41BB - condition_miloSTOP
-0.733117666810309	10.5292461080279	0.174186484454972	0.679811467923702	0.999411758030983	492	0.999411758030983	Cycling / proliferating CAR T cells	0.923076923076923	CD28-41BB vs STOP	condition_miloCD28.41BB - condition_miloSTOP
0.41257546560851	11.3401953449244	0.193440481831986	0.663537049956716	0.999411758030983	493	0.999411758030983	Treg	1	CD28-41BB vs STOP	condition_miloCD28.41BB - condition_miloSTOP
-0.575256296705363	11.1441371180752	0.352485556345406	0.557606123848541	0.999411758030983	494	0.999411758030983	Cycling / proliferating CAR T cells	0.988636363636364	CD28-41BB vs STOP	condition_miloCD28.41BB - condition_miloSTOP
-0.521807221640635	10.8620891774399	0.297295621727803	0.590186128945472	0.999411758030983	495	0.999411758030983	Treg	0.96969696969697	CD28-41BB vs STOP	condition_miloCD28.41BB - condition_miloSTOP
-1.69355619203913	10.6024423081859	1.25805291087281	0.271806826049084	0.999411758030983	496	0.999411758030983	Activated effector CD8 T cells (stress)	0.306122448979592	CD28-41BB vs STOP	condition_miloCD28.41BB - condition_miloSTOP
-1.34139994566278	10.9140522938835	1.22841790839236	0.277401793940612	0.999411758030983	497	0.999411758030983	Quiescent T cells	0.986842105263158	CD28-41BB vs STOP	condition_miloCD28.41BB - condition_miloSTOP
-0.0388330597737209	11.1706850768677	0.0018985787455944	0.965562749103327	0.999411758030983	498	0.999411758030983	Treg	0.988235294117647	CD28-41BB vs STOP	condition_miloCD28.41BB - condition_miloSTOP
-0.658771214289153	11.1887586240575	0.489492115012373	0.490083811299085	0.999411758030983	499	0.999411758030983	Cycling / proliferating CAR T cells	1	CD28-41BB vs STOP	condition_miloCD28.41BB - condition_miloSTOP
1.6282993087118	10.6367868790853	1.17673978138572	0.287525002613349	0.999411758030983	500	0.999411758030983	Treg	0.87037037037037	CD28-41BB vs STOP	condition_miloCD28.41BB - condition_miloSTOP
-0.542936477856878	11.1950079881183	0.346000724473393	0.561229778110283	0.999411758030983	501	0.999411758030983	Cycling / proliferating CAR T cells	0.98936170212766	CD28-41BB vs STOP	condition_miloCD28.41BB - condition_miloSTOP
0.219415216200327	11.2914540739782	0.0464219492290333	0.831015146238556	0.999411758030983	502	0.999411758030983	Treg	0.989247311827957	CD28-41BB vs STOP	condition_miloCD28.41BB - condition_miloSTOP
-0.421729533852831	11.4559507542861	0.128104867855532	0.723162734997567	0.999411758030983	503	0.999411758030983	Quiescent T cells	0.467289719626168	CD28-41BB vs STOP	condition_miloCD28.41BB - condition_miloSTOP
0.357261160171641	11.8051674421356	0.200008157393721	0.658248945985745	0.999411758030983	504	0.999411758030983	Quiescent T cells	0.971014492753623	CD28-41BB vs STOP	condition_miloCD28.41BB - condition_miloSTOP
-0.182396833758425	11.0437014460073	0.0284107294992582	0.867391687814606	0.999411758030983	505	0.999411758030983	Activated effector CD8 T cells (stress)	0.5	CD28-41BB vs STOP	condition_miloCD28.41BB - condition_miloSTOP
-0.356348924610896	11.0791972083456	0.134295984175569	0.71684884983203	0.999411758030983	506	0.999411758030983	Cycling / proliferating CAR T cells	0.963855421686747	CD28-41BB vs STOP	condition_miloCD28.41BB - condition_miloSTOP
-0.199916055840622	11.4290777026238	0.050950628613669	0.82310169099744	0.999411758030983	507	0.999411758030983	Quiescent T cells	0.94392523364486	CD28-41BB vs STOP	condition_miloCD28.41BB - condition_miloSTOP
0.691208225524239	11.3180706109801	0.405120367241197	0.529767358741979	0.999411758030983	508	0.999411758030983	Naïve / central-memory T cells	0.522727272727273	CD28-41BB vs STOP	condition_miloCD28.41BB - condition_miloSTOP
-2.04854412055117	10.7019017634998	2.44023384031676	0.130235230642839	0.999411758030983	509	0.999411758030983	Treg	0.821428571428571	CD28-41BB vs STOP	condition_miloCD28.41BB - condition_miloSTOP
0.681403072829666	11.3842263156838	0.56128345895909	0.460162450781157	0.999411758030983	510	0.999411758030983	NK-like cytotoxic lymphocytes	0.989473684210526	CD28-41BB vs STOP	condition_miloCD28.41BB - condition_miloSTOP
0.688974860799112	10.927445998236	0.537853394475522	0.46958655808981	0.999411758030983	511	0.999411758030983	Quiescent T cells	0.376811594202899	CD28-41BB vs STOP	condition_miloCD28.41BB - condition_miloSTOP
1.96453177702111	10.7279652037839	1.52249781574627	0.227778449968482	0.999411758030983	512	0.999411758030983	Treg	0.6	CD28-41BB vs STOP	condition_miloCD28.41BB - condition_miloSTOP
0.920880164741993	11.0109192657652	0.721057835236861	0.403195631283646	0.999411758030983	513	0.999411758030983	Antigen-presenting myeloid cells	0.765625	CD28-41BB vs STOP	condition_miloCD28.41BB - condition_miloSTOP
-1.08314266596964	11.5604862423205	1.54106774592283	0.225039031211567	0.999411758030983	514	0.999411758030983	Terminally differentiated cytotoxic T cells	0.991666666666667	CD28-41BB vs STOP	condition_miloCD28.41BB - condition_miloSTOP
1.014414299678	11.0279596589479	0.732458632325308	0.39955051612629	0.999411758030983	515	0.999411758030983	Treg	0.986301369863014	CD28-41BB vs STOP	condition_miloCD28.41BB - condition_miloSTOP
0.92912567743523	11.038583295864	0.599411944032398	0.44546821037985	0.999411758030983	516	0.999411758030983	Treg	0.987179487179487	CD28-41BB vs STOP	condition_miloCD28.41BB - condition_miloSTOP
0.575309275291071	11.0904960889939	0.286776303592312	0.596637768466086	0.999411758030983	517	0.999411758030983	Treg	1	CD28-41BB vs STOP	condition_miloCD28.41BB - condition_miloSTOP
0.145209202307377	11.1665413326496	0.025363199226	0.874639917012259	0.999411758030983	518	0.999411758030983	NK-like cytotoxic lymphocytes	1	CD28-41BB vs STOP	condition_miloCD28.41BB - condition_miloSTOP
-0.324126438582636	10.9446412434074	0.112099976761645	0.740329504298265	0.999411758030983	519	0.999411758030983	Cycling / proliferating CAR T cells	1	CD28-41BB vs STOP	condition_miloCD28.41BB - condition_miloSTOP
-0.537366450249807	10.5810292425272	0.15698176523763	0.6950361669349	0.999411758030983	520	0.999411758030983	Th2-like inflammatory T cells	0.456521739130435	CD28-41BB vs STOP	condition_miloCD28.41BB - condition_miloSTOP
0.503448910323848	10.7610280934233	0.184302804375459	0.671076575870786	0.999411758030983	521	0.999411758030983	Activated CD4 effector / helper-like T cells	0.854545454545454	CD28-41BB vs STOP	condition_miloCD28.41BB - condition_miloSTOP
0.575118856905101	11.3307903667032	0.317321933066817	0.577827833941196	0.999411758030983	522	0.999411758030983	Naïve / central-memory T cells	0.967032967032967	CD28-41BB vs STOP	condition_miloCD28.41BB - condition_miloSTOP
1.52650057819226	11.6808522589639	3.78668897963956	0.0620423634165733	0.999411758030983	523	0.999411758030983	NK-like cytotoxic lymphocytes	1	CD28-41BB vs STOP	condition_miloCD28.41BB - condition_miloSTOP
-1.48701298448658	10.981761693121	1.03337027102829	0.318895597395979	0.999411758030983	524	0.999411758030983	Quiescent T cells	0.9125	CD28-41BB vs STOP	condition_miloCD28.41BB - condition_miloSTOP
-0.434886213662867	10.7316953515605	0.150397769210027	0.701168428244737	0.999411758030983	525	0.999411758030983	Terminally differentiated cytotoxic T cells	0.981481481481482	CD28-41BB vs STOP	condition_miloCD28.41BB - condition_miloSTOP
-0.961298716738325	11.0045828468567	0.737058986276521	0.398093611481176	0.999411758030983	526	0.999411758030983	Activated effector CD8 T cells (stress)	0.949367088607595	CD28-41BB vs STOP	condition_miloCD28.41BB - condition_miloSTOP
-0.291205453510091	11.0951307408043	0.0648631167030553	0.800880644079553	0.999411758030983	527	0.999411758030983	Antigen-presenting myeloid cells	1	CD28-41BB vs STOP	condition_miloCD28.41BB - condition_miloSTOP
0.187706892601054	11.657587489872	0.0286322187283962	0.866963157935243	0.999411758030983	528	0.999411758030983	Quiescent T cells	0.74	CD28-41BB vs STOP	condition_miloCD28.41BB - condition_miloSTOP
-0.684623319381779	10.7672954213018	0.267314585151126	0.60931024491827	0.999411758030983	529	0.999411758030983	Cycling / proliferating CAR T cells	0.984375	CD28-41BB vs STOP	condition_miloCD28.41BB - condition_miloSTOP
-0.403430518903735	11.3653024551774	0.178295099931767	0.676155554218341	0.999411758030983	530	0.999411758030983	Treg	1	CD28-41BB vs STOP	condition_miloCD28.41BB - condition_miloSTOP
-0.545279125522189	11.420346502784	0.381740114432295	0.541803059119509	0.999411758030983	531	0.999411758030983	Activated effector CD8 T cells (stress)	0.840425531914894	CD28-41BB vs STOP	condition_miloCD28.41BB - condition_miloSTOP
-0.647465701120891	11.2826709983634	0.36374188226168	0.551422569916137	0.999411758030983	532	0.999411758030983	Treg	1	CD28-41BB vs STOP	condition_miloCD28.41BB - condition_miloSTOP
-1.53722238443131	10.991965466332	1.64156278606803	0.211314536816689	0.999411758030983	533	0.999411758030983	Cycling / proliferating CAR T cells	1	CD28-41BB vs STOP	condition_miloCD28.41BB - condition_miloSTOP
-0.0278917097992013	11.3558384310342	0.00113341133933211	0.97338874557513	0.999411758030983	534	0.999411758030983	Quiescent T cells	1	CD28-41BB vs STOP	condition_miloCD28.41BB - condition_miloSTOP
-0.0592523469630045	11.6836505872981	0.00475172210251695	0.945546512166619	0.999411758030983	535	0.999411758030983	Quiescent T cells	0.959016393442623	CD28-41BB vs STOP	condition_miloCD28.41BB - condition_miloSTOP
-0.664931727164076	10.6893102708263	0.191708475123999	0.664949519075036	0.999411758030983	536	0.999411758030983	Naïve / central-memory T cells	0.684210526315789	CD28-41BB vs STOP	condition_miloCD28.41BB - condition_miloSTOP
-0.685123417972044	11.1435581801011	0.397674862422438	0.533546017336638	0.999411758030983	537	0.999411758030983	Activated effector CD8 T cells (stress)	1	CD28-41BB vs STOP	condition_miloCD28.41BB - condition_miloSTOP
0.0723013733338681	11.2786557493843	0.00607758141658022	0.938430422450928	0.999411758030983	538	0.999411758030983	Quiescent T cells	0.736263736263736	CD28-41BB vs STOP	condition_miloCD28.41BB - condition_miloSTOP
-0.0538218475080743	10.9632477530896	0.00173545006440395	0.967074493411193	0.999411758030983	539	0.999411758030983	γδ T cells	1	CD28-41BB vs STOP	condition_miloCD28.41BB - condition_miloSTOP
0.887225234573185	11.4894604161202	1.06409797908449	0.311351464713938	0.999411758030983	540	0.999411758030983	NK-like cytotoxic lymphocytes	1	CD28-41BB vs STOP	condition_miloCD28.41BB - condition_miloSTOP
1.52941526490977	11.3691645414189	2.64148643967071	0.115617685502935	0.999411758030983	541	0.999411758030983	Quiescent T cells	0.524271844660194	CD28-41BB vs STOP	condition_miloCD28.41BB - condition_miloSTOP
0.475533063043469	10.8757648659879	0.155699984635604	0.696218148810624	0.999411758030983	542	0.999411758030983	Activated CD4 effector / helper-like T cells	0.555555555555556	CD28-41BB vs STOP	condition_miloCD28.41BB - condition_miloSTOP
-0.800198444594896	11.0272803245193	0.582894316527013	0.451739912589153	0.999411758030983	543	0.999411758030983	Cycling / proliferating CAR T cells	0.951219512195122	CD28-41BB vs STOP	condition_miloCD28.41BB - condition_miloSTOP
-0.226817415589836	11.5798903009291	0.0880547369032685	0.768914951930566	0.999411758030983	544	0.999411758030983	Quiescent T cells	1	CD28-41BB vs STOP	condition_miloCD28.41BB - condition_miloSTOP
-0.740197437088022	11.4599590736207	0.800211156622216	0.37886371865827	0.999411758030983	545	0.999411758030983	Activated effector CD8 T cells (stress)	0.991071428571429	CD28-41BB vs STOP	condition_miloCD28.41BB - condition_miloSTOP
-0.588833388404824	11.5744630503173	0.449703631046026	0.508333413269597	0.999411758030983	546	0.999411758030983	Activated effector CD8 T cells (stress)	1	CD28-41BB vs STOP	condition_miloCD28.41BB - condition_miloSTOP
-0.553482118808687	11.455224374951	0.323645220008468	0.574084588922847	0.999411758030983	547	0.999411758030983	Activated effector CD8 T cells (stress)	0.99	CD28-41BB vs STOP	condition_miloCD28.41BB - condition_miloSTOP
-0.226463090889641	11.2057753705208	0.065548918504693	0.799854232382215	0.999411758030983	548	0.999411758030983	Treg	1	CD28-41BB vs STOP	condition_miloCD28.41BB - condition_miloSTOP
0.125608167802367	11.26074760851	0.0181849395590675	0.893720388939405	0.999411758030983	549	0.999411758030983	Activated effector CD8 T cells (stress)	0.63855421686747	CD28-41BB vs STOP	condition_miloCD28.41BB - condition_miloSTOP
-1.32379143526945	11.6313632953783	2.37513292888033	0.134814786724489	0.999411758030983	550	0.999411758030983	Terminally differentiated cytotoxic T cells	1	CD28-41BB vs STOP	condition_miloCD28.41BB - condition_miloSTOP
0.0370751586895094	11.1208750063426	0.00140618200550701	0.970360431661101	0.999411758030983	551	0.999411758030983	Cycling / proliferating CAR T cells	1	CD28-41BB vs STOP	condition_miloCD28.41BB - condition_miloSTOP
-0.0808728272563436	10.9744971602317	0.00873916736281714	0.926203404887579	0.999411758030983	552	0.999411758030983	Activated CD4 effector / helper-like T cells	0.929577464788732	CD28-41BB vs STOP	condition_miloCD28.41BB - condition_miloSTOP
0.538823878814002	11.0002375600331	0.184817597935286	0.670645966536861	0.999411758030983	553	0.999411758030983	Treg	0.933333333333333	CD28-41BB vs STOP	condition_miloCD28.41BB - condition_miloSTOP
1.4379915815015	11.3197888181824	2.05759724601855	0.162826244783914	0.999411758030983	554	0.999411758030983	Activated effector CD8 T cells (stress)	0.846153846153846	CD28-41BB vs STOP	condition_miloCD28.41BB - condition_miloSTOP
0.696437108859873	11.5520384235588	0.669896768762436	0.42018773413456	0.999411758030983	555	0.999411758030983	Activated effector CD8 T cells (stress)	0.883495145631068	CD28-41BB vs STOP	condition_miloCD28.41BB - condition_miloSTOP
0.0540698161376487	11.0781981067501	0.0025626169183643	0.959995743689113	0.999411758030983	556	0.999411758030983	Activated effector CD8 T cells (stress)	0.929577464788732	CD28-41BB vs STOP	condition_miloCD28.41BB - condition_miloSTOP
-0.29840077119604	11.7636694692931	0.109390150049317	0.743369232668729	0.965352316170341	1	0.941880877980678	Naïve / central-memory T cells	0.536764705882353	CD8-41BB vs STOP	condition_miloCD8.41BB - condition_miloSTOP
1.41341771475371	11.6071945457548	2.70540793399376	0.111497052815335	0.890970943953516	2	0.673935764623848	γδ T cells	0.984251968503937	CD8-41BB vs STOP	condition_miloCD8.41BB - condition_miloSTOP
2.61152151986316	10.380744319935	2.34522926559021	0.13719510272034	0.922729047863824	3	0.715203177692161	Antigen-presenting myeloid cells	0.955555555555556	CD8-41BB vs STOP	condition_miloCD8.41BB - condition_miloSTOP
1.9996196028982	11.9445459434849	6.65495474387659	0.0155939843828846	0.699878670172238	4	0.413968593364618	NK-like cytotoxic lymphocytes	1	CD8-41BB vs STOP	condition_miloCD8.41BB - condition_miloSTOP
-0.111413056135683	10.9716954640596	0.0172138608978192	0.89657969074498	0.986127181350228	5	0.976664699437794	Activated effector CD8 T cells (stress)	0.6	CD8-41BB vs STOP	condition_miloCD8.41BB - condition_miloSTOP
0.461448032569542	11.2752228189786	0.210658046164062	0.649892262009047	0.954726700794823	6	0.93647420805299	γδ T cells	0.988505747126437	CD8-41BB vs STOP	condition_miloCD8.41BB - condition_miloSTOP
-1.05424753229451	11.4722957165291	1.72412123556678	0.200113817585909	0.922729047863824	7	0.769821141971736	Activated effector CD8 T cells (stress)	0.38	CD8-41BB vs STOP	condition_miloCD8.41BB - condition_miloSTOP
0.608831165638177	10.8452703006863	0.28766209237556	0.596074350128438	0.954726700794823	8	0.93647420805299	Terminally differentiated cytotoxic T cells	0.865671641791045	CD8-41BB vs STOP	condition_miloCD8.41BB - condition_miloSTOP
0.0829223454912834	11.0920096547337	0.00615298067658824	0.938050485905954	0.993727043584695	9	0.987330828908677	Treg	0.95	CD8-41BB vs STOP	condition_miloCD8.41BB - condition_miloSTOP
0.918034159596516	12.1863055210078	1.49311851114885	0.232198588170026	0.922729047863824	10	0.787145192373818	NK-like cytotoxic lymphocytes	1	CD8-41BB vs STOP	condition_miloCD8.41BB - condition_miloSTOP
0.0966502849329864	11.2035805158761	0.0127679936738789	0.910862422223198	0.986127181350228	11	0.977747063728969	Naïve / central-memory T cells	0.516129032258065	CD8-41BB vs STOP	condition_miloCD8.41BB - condition_miloSTOP
-0.338888007270414	11.1852917427584	0.194698057572688	0.662516228507411	0.954726700794823	12	0.93647420805299	Activated CD4 effector / helper-like T cells	0.919540229885057	CD8-41BB vs STOP	condition_miloCD8.41BB - condition_miloSTOP
-0.511125845755174	11.4704092756611	0.370364901585349	0.547845349040415	0.954726700794823	13	0.935560136136708	Activated effector CD8 T cells (stress)	1	CD8-41BB vs STOP	condition_miloCD8.41BB - condition_miloSTOP
-1.28139520122641	11.0092009539126	2.01886380180867	0.166698068320252	0.922729047863824	14	0.733845982457443	Activated effector CD8 T cells (stress)	1	CD8-41BB vs STOP	condition_miloCD8.41BB - condition_miloSTOP
0.19456559273872	11.0357489997098	0.0519924293885419	0.821334199269463	0.969632070483221	15	0.949348823331375	Naïve / central-memory T cells	0.605263157894737	CD8-41BB vs STOP	condition_miloCD8.41BB - condition_miloSTOP
-1.24308850052908	11.4162718468071	1.90172507006737	0.17910016809517	0.922729047863824	16	0.734528429302276	Activated effector CD8 T cells (stress)	0.876288659793814	CD8-41BB vs STOP	condition_miloCD8.41BB - condition_miloSTOP
-0.151307100673217	11.4897627317043	0.0331397623249203	0.8568962103931	0.978607753319053	17	0.963228057703767	Naïve / central-memory T cells	1	CD8-41BB vs STOP	condition_miloCD8.41BB - condition_miloSTOP
-0.550738246567751	11.4424499475296	0.222438560471228	0.640942643334254	0.954726700794823	18	0.93647420805299	Treg	0.775700934579439	CD8-41BB vs STOP	condition_miloCD8.41BB - condition_miloSTOP
0.308643813843165	11.5985252579149	0.145199941085139	0.706120075030614	0.958496581149515	19	0.941880877980678	NK-like cytotoxic lymphocytes	1	CD8-41BB vs STOP	condition_miloCD8.41BB - condition_miloSTOP
1.04023547413152	10.8513596813665	1.19926279181041	0.283054222609127	0.922729047863824	20	0.787145192373818	Activated CD4 effector / helper-like T cells	0.953846153846154	CD8-41BB vs STOP	condition_miloCD8.41BB - condition_miloSTOP
0.0975915182813666	11.0613417251166	0.0141851587580627	0.90606866677651	0.986127181350228	21	0.976664699437794	Quiescent T cells	0.878378378378378	CD8-41BB vs STOP	condition_miloCD8.41BB - condition_miloSTOP
-0.145988208055843	11.1222226861029	0.0290327401483575	0.865962256534126	0.978607753319053	22	0.964470942294605	Cycling / proliferating CAR T cells	0.848837209302326	CD8-41BB vs STOP	condition_miloCD8.41BB - condition_miloSTOP
0.403278630328273	10.9018842833803	0.188115872863791	0.667903862249396	0.954726700794823	23	0.93647420805299	Cycling / proliferating CAR T cells	1	CD8-41BB vs STOP	condition_miloCD8.41BB - condition_miloSTOP
-1.00803069540281	10.4764047217186	0.502363463176835	0.484711024136695	0.954726700794823	24	0.905732173399445	Activated CD4 effector / helper-like T cells	0.976744186046512	CD8-41BB vs STOP	condition_miloCD8.41BB - condition_miloSTOP
-1.18562447225009	11.2083744556728	1.83149231034249	0.187072178756709	0.922729047863824	25	0.748967313871193	Activated effector CD8 T cells (stress)	0.963855421686747	CD8-41BB vs STOP	condition_miloCD8.41BB - condition_miloSTOP
-1.36141301681265	10.7709042359767	1.9961260941236	0.169022435388055	0.922729047863824	26	0.733845982457443	Activated effector CD8 T cells (stress)	0.827586206896552	CD8-41BB vs STOP	condition_miloCD8.41BB - condition_miloSTOP
-0.46889594824599	10.844181104319	0.251393826059968	0.620274441508805	0.954726700794823	27	0.93647420805299	Cycling / proliferating CAR T cells	0.830985915492958	CD8-41BB vs STOP	condition_miloCD8.41BB - condition_miloSTOP
-0.579558678871114	10.3462771458537	0.127710424321424	0.723570806873711	0.965352316170341	28	0.941880877980678	Cycling / proliferating CAR T cells	0.82051282051282	CD8-41BB vs STOP	condition_miloCD8.41BB - condition_miloSTOP
1.64743259969433	11.8363824134416	3.08738033189634	0.0901338469512676	0.820609808356842	29	0.627692739848886	NK-like cytotoxic lymphocytes	1	CD8-41BB vs STOP	condition_miloCD8.41BB - condition_miloSTOP
0.486714888608072	10.9354386824979	0.291450287310303	0.593677419089579	0.954726700794823	30	0.93647420805299	Cycling / proliferating CAR T cells	1	CD8-41BB vs STOP	condition_miloCD8.41BB - condition_miloSTOP
-0.621802559173278	11.2778844292333	0.510404448627033	0.481039526536454	0.954726700794823	31	0.905732173399445	IFN-responsive T cells	1	CD8-41BB vs STOP	condition_miloCD8.41BB - condition_miloSTOP
-0.792736519467424	11.6209861611248	0.914710504753189	0.347276248008592	0.922729047863824	32	0.843314942218463	Naïve / central-memory T cells	0.934579439252336	CD8-41BB vs STOP	condition_miloCD8.41BB - condition_miloSTOP
-0.922320130256684	11.3852519490551	0.998075881165144	0.326565793551201	0.922729047863824	33	0.836044516969402	Activated effector CD8 T cells (stress)	0.54	CD8-41BB vs STOP	condition_miloCD8.41BB - condition_miloSTOP
0.509731749704816	11.4421403158607	0.387180149468726	0.538957530272944	0.954726700794823	34	0.93170335661621	NK-like cytotoxic lymphocytes	0.752475247524752	CD8-41BB vs STOP	condition_miloCD8.41BB - condition_miloSTOP
1.23541096880752	11.2771278915353	2.15702788079884	0.153369166523234	0.922729047863824	35	0.733845982457443	γδ T cells	0.989130434782609	CD8-41BB vs STOP	condition_miloCD8.41BB - condition_miloSTOP
1.18667917390292	10.7990860966547	0.931879539260402	0.342864542883293	0.922729047863824	36	0.843314942218463	Activated effector CD8 T cells (stress)	0.71875	CD8-41BB vs STOP	condition_miloCD8.41BB - condition_miloSTOP
0.985849071644906	11.3670406970791	0.998444311673142	0.326478102665453	0.922729047863824	37	0.836044516969402	Treg	0.990196078431373	CD8-41BB vs STOP	condition_miloCD8.41BB - condition_miloSTOP
0.261050530387569	11.3422299082947	0.0997178544043369	0.754574422179162	0.965352316170341	38	0.94246794032783	Naïve / central-memory T cells	0.435185185185185	CD8-41BB vs STOP	condition_miloCD8.41BB - condition_miloSTOP
0.025460626155556	11.5585658802069	0.00108675595082316	0.97394199972239	0.996475849929803	39	0.994417242264562	Naïve / central-memory T cells	0.81981981981982	CD8-41BB vs STOP	condition_miloCD8.41BB - condition_miloSTOP
0.856789150853049	10.9774501673724	0.632553960000021	0.433293495519847	0.942411533426351	40	0.87117244226829	Antigen-presenting myeloid cells	1	CD8-41BB vs STOP	condition_miloCD8.41BB - condition_miloSTOP
0.106449499283128	10.8046202977463	0.0140851294479223	0.906431815609882	0.986127181350228	41	0.976664699437794	Cycling / proliferating CAR T cells	0.938461538461538	CD8-41BB vs STOP	condition_miloCD8.41BB - condition_miloSTOP
0.558268605337405	11.1023799509081	0.466323798690913	0.500448153437332	0.954726700794823	42	0.917731787560799	Cycling / proliferating CAR T cells	1	CD8-41BB vs STOP	condition_miloCD8.41BB - condition_miloSTOP
-3.72572689955668	11.3544446690095	11.8696355984869	0.00186370693250688	0.345407018157941	43	0.254469261287813	Antigen-presenting myeloid cells	0.915492957746479	CD8-41BB vs STOP	condition_miloCD8.41BB - condition_miloSTOP
-0.509440208308924	11.89009332728	0.601031117225528	0.444860898935173	0.954726700794823	44	0.888810356970645	Quiescent T cells	0.981366459627329	CD8-41BB vs STOP	condition_miloCD8.41BB - condition_miloSTOP
0.337412619524613	11.142850115676	0.100813059844251	0.753276291691514	0.965352316170341	45	0.94246794032783	Treg	0.895348837209302	CD8-41BB vs STOP	condition_miloCD8.41BB - condition_miloSTOP
0.52945015794952	11.5049433138187	0.157669036178536	0.694608275107012	0.954726700794823	46	0.938063623035667	Quiescent T cells	0.954545454545455	CD8-41BB vs STOP	condition_miloCD8.41BB - condition_miloSTOP
-1.59049571926595	11.7809618419276	4.8319818850452	0.0366076966705817	0.805008709933751	47	0.518233714308742	Activated effector CD8 T cells (stress)	0.84297520661157	CD8-41BB vs STOP	condition_miloCD8.41BB - condition_miloSTOP
0.493836159647307	10.9556281101724	0.262543253055122	0.612506601508845	0.954726700794823	48	0.93647420805299	Cycling / proliferating CAR T cells	0.986666666666667	CD8-41BB vs STOP	condition_miloCD8.41BB - condition_miloSTOP
0.582040899035171	11.1812377610308	0.468377058419768	0.499514397184808	0.954726700794823	49	0.917731787560799	Treg	1	CD8-41BB vs STOP	condition_miloCD8.41BB - condition_miloSTOP
-0.0397014122673706	11.4589327442352	0.00258892164802711	0.959791132877313	0.993750223239825	50	0.987882255468428	NK-like cytotoxic lymphocytes	1	CD8-41BB vs STOP	condition_miloCD8.41BB - condition_miloSTOP
-0.971441356242147	12.1580845058577	1.4303978074269	0.242003068854162	0.922729047863824	51	0.787145192373818	Activated effector CD8 T cells (stress)	1	CD8-41BB vs STOP	condition_miloCD8.41BB - condition_miloSTOP
-2.52083740950591	10.9017506954203	4.33310424367023	0.0468975231511914	0.820609808356842	52	0.573871320900694	Antigen-presenting myeloid cells	1	CD8-41BB vs STOP	condition_miloCD8.41BB - condition_miloSTOP
0.509562203587907	11.1270516534773	0.307965804945087	0.583458147563977	0.954726700794823	53	0.93647420805299	Cycling / proliferating CAR T cells	1	CD8-41BB vs STOP	condition_miloCD8.41BB - condition_miloSTOP
-0.904926994433557	11.209675045888	1.24886440523294	0.273525692339882	0.922729047863824	54	0.787145192373818	Activated effector CD8 T cells (stress)	1	CD8-41BB vs STOP	condition_miloCD8.41BB - condition_miloSTOP
1.37737290296734	11.6804178057009	2.4757596698865	0.127153731722939	0.920690191131545	55	0.715133433210838	NK-like cytotoxic lymphocytes	1	CD8-41BB vs STOP	condition_miloCD8.41BB - condition_miloSTOP
0.683845788318294	11.4622506497409	0.699931716299639	0.410083608806443	0.936387167424095	56	0.85796286050828	NK-like cytotoxic lymphocytes	0.979591836734694	CD8-41BB vs STOP	condition_miloCD8.41BB - condition_miloSTOP
-0.513658641295061	11.1549564667381	0.365827999840107	0.550291020788381	0.954726700794823	57	0.935560136136708	Quiescent T cells	0.743589743589744	CD8-41BB vs STOP	condition_miloCD8.41BB - condition_miloSTOP
0.934325633899878	11.1734119387548	1.27710673892639	0.268287057797955	0.922729047863824	58	0.787145192373818	NK-like cytotoxic lymphocytes	1	CD8-41BB vs STOP	condition_miloCD8.41BB - condition_miloSTOP
-2.20136572896854	11.2348185140148	2.9465314745676	0.0974105168193374	0.820609808356842	59	0.627692739848886	Antigen-presenting myeloid cells	0.526315789473684	CD8-41BB vs STOP	condition_miloCD8.41BB - condition_miloSTOP
0.890433728319734	10.6902446512388	0.595863265186519	0.446803856603516	0.954726700794823	60	0.888810356970645	Activated CD4 effector / helper-like T cells	0.875	CD8-41BB vs STOP	condition_miloCD8.41BB - condition_miloSTOP
0.393282317216721	11.0438215170424	0.174028255463901	0.679824637455434	0.954726700794823	61	0.938063623035667	Cycling / proliferating CAR T cells	1	CD8-41BB vs STOP	condition_miloCD8.41BB - condition_miloSTOP
0.468628326786935	11.1630634613066	0.186574326967314	0.66918186828523	0.954726700794823	62	0.93647420805299	Activated CD4 effector / helper-like T cells	0.629213483146067	CD8-41BB vs STOP	condition_miloCD8.41BB - condition_miloSTOP
-0.24827348550881	11.4591745258302	0.0674284357817132	0.797070284987258	0.969632070483221	63	0.947638465880981	Treg	0.981132075471698	CD8-41BB vs STOP	condition_miloCD8.41BB - condition_miloSTOP
-1.31446736238206	10.5822916657496	1.01531589518285	0.322496812822073	0.922729047863824	64	0.836044516969402	Th2-like inflammatory T cells	0.558139534883721	CD8-41BB vs STOP	condition_miloCD8.41BB - condition_miloSTOP
-0.103816162260899	10.6847893850393	0.00799774098360645	0.929418962129662	0.993727043584695	65	0.984691099890854	Antigen-presenting myeloid cells	0.759259259259259	CD8-41BB vs STOP	condition_miloCD8.41BB - condition_miloSTOP
-0.362181084886424	11.4179900647018	0.111003938687741	0.74155399139889	0.965352316170341	66	0.941880877980678	Quiescent T cells	0.92	CD8-41BB vs STOP	condition_miloCD8.41BB - condition_miloSTOP
-0.207374291224816	11.3462253903727	0.0689827362518392	0.794799248902279	0.969632070483221	67	0.947638465880981	Activated CD4 effector / helper-like T cells	0.951923076923077	CD8-41BB vs STOP	condition_miloCD8.41BB - condition_miloSTOP
0.754670736444953	11.399587426129	0.688476176679423	0.413893264790404	0.936387167424095	68	0.85796286050828	Treg	1	CD8-41BB vs STOP	condition_miloCD8.41BB - condition_miloSTOP
2.33297049285725	10.7108668531627	3.16555534670625	0.0863648044161986	0.820609808356842	69	0.627692739848886	NK-like cytotoxic lymphocytes	0.719298245614035	CD8-41BB vs STOP	condition_miloCD8.41BB - condition_miloSTOP
0.30168830189194	10.7947128254777	0.0909828242860699	0.765221351110208	0.965352316170341	70	0.94246794032783	Treg	0.7	CD8-41BB vs STOP	condition_miloCD8.41BB - condition_miloSTOP
-0.670387151823669	10.9735062828431	0.639311514447133	0.431136499494551	0.942411533426351	71	0.87117244226829	Activated effector CD8 T cells (stress)	0.5	CD8-41BB vs STOP	condition_miloCD8.41BB - condition_miloSTOP
-0.503168181569719	11.7632805088082	0.496440525200623	0.48704695278216	0.954726700794823	72	0.908826777129656	Quiescent T cells	0.986111111111111	CD8-41BB vs STOP	condition_miloCD8.41BB - condition_miloSTOP
-0.892298117606106	11.6739400647325	1.27744393512923	0.268225303484613	0.922729047863824	73	0.787145192373818	Activated effector CD8 T cells (stress)	0.949640287769784	CD8-41BB vs STOP	condition_miloCD8.41BB - condition_miloSTOP
-1.12025509286454	10.7515658832623	0.865855282215276	0.360276085416675	0.922729047863824	74	0.843314942218463	Quiescent T cells	0.461538461538462	CD8-41BB vs STOP	condition_miloCD8.41BB - condition_miloSTOP
-0.546847806622496	11.9710631221665	0.454917730111705	0.505691106702509	0.954726700794823	75	0.918089282434269	Activated effector CD8 T cells (stress)	0.922077922077922	CD8-41BB vs STOP	condition_miloCD8.41BB - condition_miloSTOP
-0.443531019528956	11.1373232967857	0.275440678418444	0.603949231067782	0.954726700794823	76	0.93647420805299	Activated CD4 effector / helper-like T cells	0.851351351351351	CD8-41BB vs STOP	condition_miloCD8.41BB - condition_miloSTOP
-1.00794349012439	11.1744668043114	1.25859140031934	0.271706529694955	0.922729047863824	77	0.787145192373818	Quiescent T cells	0.5375	CD8-41BB vs STOP	condition_miloCD8.41BB - condition_miloSTOP
-3.45983943877951	11.539840681176	6.60499306557409	0.0163640696263293	0.699878670172238	78	0.416610127125228	Quiescent T cells	0.579545454545455	CD8-41BB vs STOP	condition_miloCD8.41BB - condition_miloSTOP
0.749771167800573	11.7454680137268	0.982455666864361	0.330313580673459	0.922729047863824	79	0.838529786542487	γδ T cells	1	CD8-41BB vs STOP	condition_miloCD8.41BB - condition_miloSTOP
0.837181130564822	11.4737631626431	0.574431564425114	0.455008253886065	0.954726700794823	80	0.897124826465718	Treg	0.990654205607477	CD8-41BB vs STOP	condition_miloCD8.41BB - condition_miloSTOP
-1.55966157084169	11.0674336256356	3.61866952271079	0.0681601163271384	0.820609808356842	81	0.627692739848886	Terminally differentiated cytotoxic T cells	0.826666666666667	CD8-41BB vs STOP	condition_miloCD8.41BB - condition_miloSTOP
-1.59184907626828	11.4907614645268	3.7909513597599	0.0619047319441701	0.820609808356842	82	0.627692739848886	Quiescent T cells	0.990196078431373	CD8-41BB vs STOP	condition_miloCD8.41BB - condition_miloSTOP
-0.614918486604194	11.1643098304445	0.235864312835476	0.631091449793092	0.954726700794823	83	0.93647420805299	Quiescent T cells	0.846153846153846	CD8-41BB vs STOP	condition_miloCD8.41BB - condition_miloSTOP
0.186013276278159	11.213058857894	0.0424825088486402	0.838234954198089	0.972366275770371	84	0.956032148157464	Treg	0.98876404494382	CD8-41BB vs STOP	condition_miloCD8.41BB - condition_miloSTOP
0.42408321839378	10.9341154525469	0.233685427084728	0.632666199239723	0.954726700794823	85	0.93647420805299	Treg	1	CD8-41BB vs STOP	condition_miloCD8.41BB - condition_miloSTOP
-1.15281255577326	11.1455489181709	2.24995477145985	0.145116318610565	0.922729047863824	86	0.733845982457443	Treg	0.670886075949367	CD8-41BB vs STOP	condition_miloCD8.41BB - condition_miloSTOP
1.4207750387701	11.514724342734	2.41997038122217	0.131336110664486	0.920690191131545	87	0.715133433210838	NK-like cytotoxic lymphocytes	1	CD8-41BB vs STOP	condition_miloCD8.41BB - condition_miloSTOP
-1.38712400553538	10.7997237094002	1.51446695686619	0.22897611329949	0.922729047863824	88	0.787145192373818	Antigen-presenting myeloid cells	0.696428571428571	CD8-41BB vs STOP	condition_miloCD8.41BB - condition_miloSTOP
1.62966400353293	11.4577342613468	3.73516081265487	0.0637337756145635	0.820609808356842	89	0.627692739848886	γδ T cells	0.819047619047619	CD8-41BB vs STOP	condition_miloCD8.41BB - condition_miloSTOP
-1.50288154804853	11.079438822635	2.82600253634613	0.104177439697118	0.851803771641141	90	0.637232608543412	Activated CD4 effector / helper-like T cells	0.873239436619718	CD8-41BB vs STOP	condition_miloCD8.41BB - condition_miloSTOP
0.422767169774025	11.400151574716	0.307714261480044	0.583782308880085	0.954726700794823	91	0.93647420805299	Treg	1	CD8-41BB vs STOP	condition_miloCD8.41BB - condition_miloSTOP
-0.300766017746403	11.5459972281163	0.104625518755065	0.748817208173773	0.965352316170341	92	0.941880877980678	Naïve / central-memory T cells	0.552631578947368	CD8-41BB vs STOP	condition_miloCD8.41BB - condition_miloSTOP
1.81232082536332	11.7364569311165	5.05936477404992	0.0327724957899949	0.805008709933751	93	0.494746812752736	γδ T cells	0.986928104575163	CD8-41BB vs STOP	condition_miloCD8.41BB - condition_miloSTOP
-0.0255457375821907	11.5000500109043	0.0010377043567868	0.974545545873894	0.996475849929803	94	0.994417242264562	Terminally differentiated cytotoxic T cells	0.992	CD8-41BB vs STOP	condition_miloCD8.41BB - condition_miloSTOP
-1.95403874861747	11.0318419441338	3.26747426187927	0.0817182848238632	0.820609808356842	95	0.627692739848886	Antigen-presenting myeloid cells	1	CD8-41BB vs STOP	condition_miloCD8.41BB - condition_miloSTOP
-0.363876818093754	11.2234257545599	0.216075402799522	0.64573970407159	0.954726700794823	96	0.93647420805299	Cycling / proliferating CAR T cells	0.989473684210526	CD8-41BB vs STOP	condition_miloCD8.41BB - condition_miloSTOP
-0.116253654522211	11.5918813175203	0.0115554657007897	0.91518277981424	0.986127181350228	97	0.978945708479533	Quiescent T cells	0.627118644067797	CD8-41BB vs STOP	condition_miloCD8.41BB - condition_miloSTOP
-0.930102099261174	11.8604781962619	1.87095496669496	0.182541016113309	0.922729047863824	98	0.746676407648313	Activated effector CD8 T cells (stress)	1	CD8-41BB vs STOP	condition_miloCD8.41BB - condition_miloSTOP
0.0307009339560083	10.73088037459	0.000849827613815825	0.97695597879116	0.996475849929803	99	0.994417242264562	Activated CD4 effector / helper-like T cells	1	CD8-41BB vs STOP	condition_miloCD8.41BB - condition_miloSTOP
-0.706184740247018	11.0503720462487	0.672203188303371	0.419398412957591	0.936488022507712	100	0.861230330414934	Activated CD4 effector / helper-like T cells	0.935897435897436	CD8-41BB vs STOP	condition_miloCD8.41BB - condition_miloSTOP
0.743062604153597	11.37876247923	0.696202031953933	0.411318088441126	0.936387167424095	101	0.85796286050828	NK-like cytotoxic lymphocytes	1	CD8-41BB vs STOP	condition_miloCD8.41BB - condition_miloSTOP
-0.409554643614083	10.616076646965	0.137666140513025	0.713589989971157	0.960470567456672	102	0.941880877980678	Treg	0.745098039215686	CD8-41BB vs STOP	condition_miloCD8.41BB - condition_miloSTOP
1.28807213290691	11.2422663521132	2.05988567904311	0.162600882694451	0.922729047863824	103	0.733845982457443	Cycling / proliferating CAR T cells	0.98	CD8-41BB vs STOP	condition_miloCD8.41BB - condition_miloSTOP
-0.482345648420189	11.2422163490234	0.293196824569128	0.592579129318205	0.954726700794823	104	0.93647420805299	Activated CD4 effector / helper-like T cells	0.97752808988764	CD8-41BB vs STOP	condition_miloCD8.41BB - condition_miloSTOP
0.473155092216014	10.8945121256728	0.15137617359304	0.700247456291844	0.956603404664042	105	0.940315175610175	Treg	0.639344262295082	CD8-41BB vs STOP	condition_miloCD8.41BB - condition_miloSTOP
1.38634728860722	10.8556564361636	1.65711068028003	0.208820797081837	0.922729047863824	106	0.769821141971736	Cycling / proliferating CAR T cells	0.985714285714286	CD8-41BB vs STOP	condition_miloCD8.41BB - condition_miloSTOP
1.03382846775039	11.4727870100612	1.49680506960594	0.232032923621678	0.922729047863824	107	0.787145192373818	Activated effector CD8 T cells (stress)	1	CD8-41BB vs STOP	condition_miloCD8.41BB - condition_miloSTOP
-2.10191360935645	11.8390038435105	4.79709869667467	0.0372389753066238	0.805008709933751	108	0.522197359181888	Quiescent T cells	0.963503649635037	CD8-41BB vs STOP	condition_miloCD8.41BB - condition_miloSTOP
-0.856345317376645	10.7968759975975	0.696288152159497	0.411289520193951	0.936387167424095	109	0.85796286050828	Antigen-presenting myeloid cells	0.637931034482759	CD8-41BB vs STOP	condition_miloCD8.41BB - condition_miloSTOP
-0.497126153131824	10.3813683803158	0.121691050005601	0.729888665468946	0.965352316170341	110	0.941880877980678	Antigen-presenting myeloid cells	0.785714285714286	CD8-41BB vs STOP	condition_miloCD8.41BB - condition_miloSTOP
-0.910194335420557	11.3548968881284	1.38962400645245	0.248659626881843	0.922729047863824	111	0.787145192373818	Activated CD4 effector / helper-like T cells	0.76	CD8-41BB vs STOP	condition_miloCD8.41BB - condition_miloSTOP
0.504022574557759	11.2991637778758	0.326022109032101	0.572690106313488	0.954726700794823	112	0.93647420805299	NK-like cytotoxic lymphocytes	1	CD8-41BB vs STOP	condition_miloCD8.41BB - condition_miloSTOP
1.86241390643957	11.0671748134279	1.39838086713214	0.247210536236727	0.922729047863824	113	0.787145192373818	Naïve / central-memory T cells	0.5	CD8-41BB vs STOP	condition_miloCD8.41BB - condition_miloSTOP
-0.284912459539383	11.1949595697172	0.0839595551830913	0.774194954384308	0.965352316170341	114	0.94246794032783	Treg	0.685393258426966	CD8-41BB vs STOP	condition_miloCD8.41BB - condition_miloSTOP
-2.76429916425201	11.2707127517562	6.18435582188124	0.0193026447243164	0.715484697781327	115	0.425551301682489	Antigen-presenting myeloid cells	1	CD8-41BB vs STOP	condition_miloCD8.41BB - condition_miloSTOP
0.495098586095249	10.9112665555868	0.317893330194895	0.577487555696795	0.954726700794823	116	0.93647420805299	Cycling / proliferating CAR T cells	1	CD8-41BB vs STOP	condition_miloCD8.41BB - condition_miloSTOP
-0.20070442570555	11.1654977757418	0.0198545193517339	0.888980616176123	0.986127181350228	117	0.973758953115471	Treg	0.761363636363636	CD8-41BB vs STOP	condition_miloCD8.41BB - condition_miloSTOP
0.566977908752708	11.4102994723373	0.518661427108688	0.477545737764249	0.954726700794823	118	0.905732173399445	NK-like cytotoxic lymphocytes	1	CD8-41BB vs STOP	condition_miloCD8.41BB - condition_miloSTOP
-1.04438977151738	11.7117503958353	1.73835431712961	0.198322385489745	0.922729047863824	119	0.769821141971736	Activated effector CD8 T cells (stress)	1	CD8-41BB vs STOP	condition_miloCD8.41BB - condition_miloSTOP
-1.47992054040417	11.2268934441454	1.60163585635198	0.217087645949388	0.922729047863824	120	0.784681465211823	Quiescent T cells	0.661971830985915	CD8-41BB vs STOP	condition_miloCD8.41BB - condition_miloSTOP
0.383354790946544	10.9512886824694	0.188559549086458	0.667537194899605	0.954726700794823	121	0.93647420805299	NK-like cytotoxic lymphocytes	1	CD8-41BB vs STOP	condition_miloCD8.41BB - condition_miloSTOP
0.140598217180283	11.3672228490113	0.0299543117970339	0.863873104583593	0.978607753319053	122	0.964470942294605	Treg	1	CD8-41BB vs STOP	condition_miloCD8.41BB - condition_miloSTOP
-0.722788546861298	11.5320175225129	0.877700840988607	0.357061636304395	0.922729047863824	123	0.843314942218463	Terminally differentiated cytotoxic T cells	0.914529914529915	CD8-41BB vs STOP	condition_miloCD8.41BB - condition_miloSTOP
-0.833181722413755	11.8087553786849	1.01601507971884	0.322333259789076	0.922729047863824	124	0.836044516969402	Activated effector CD8 T cells (stress)	0.693430656934307	CD8-41BB vs STOP	condition_miloCD8.41BB - condition_miloSTOP
-0.765982701666137	11.4323937380468	0.842609973650836	0.366705086672941	0.922729047863824	125	0.843314942218463	Activated CD4 effector / helper-like T cells	0.518181818181818	CD8-41BB vs STOP	condition_miloCD8.41BB - condition_miloSTOP
0.0104246757883619	11.3136875567861	0.000110310260025657	0.991696593700796	0.996475849929803	126	0.996475849929803	Naïve / central-memory T cells	0.763440860215054	CD8-41BB vs STOP	condition_miloCD8.41BB - condition_miloSTOP
0.840610695360388	11.1198675916178	0.803467345212688	0.377909405581807	0.922729047863824	127	0.843314942218463	Activated effector CD8 T cells (stress)	1	CD8-41BB vs STOP	condition_miloCD8.41BB - condition_miloSTOP
-1.00213352496646	11.4844507315874	1.34391077666372	0.256403286254029	0.922729047863824	128	0.787145192373818	Antigen-presenting myeloid cells	1	CD8-41BB vs STOP	condition_miloCD8.41BB - condition_miloSTOP
0.120789758106538	11.7314639059639	0.0275897625895205	0.869303226878486	0.980390657493789	129	0.967141048012112	Treg	1	CD8-41BB vs STOP	condition_miloCD8.41BB - condition_miloSTOP
0.698866948821217	10.4837577974768	0.215175460469444	0.646564596380805	0.954726700794823	130	0.93647420805299	Treg	0.869565217391304	CD8-41BB vs STOP	condition_miloCD8.41BB - condition_miloSTOP
0.964843912436276	10.6764688542699	0.689505297802348	0.413821379388433	0.936387167424095	131	0.85796286050828	Treg	0.607142857142857	CD8-41BB vs STOP	condition_miloCD8.41BB - condition_miloSTOP
-0.282575178844184	11.5352348563854	0.114422527789599	0.737756661147279	0.965352316170341	132	0.941880877980678	Terminally differentiated cytotoxic T cells	1	CD8-41BB vs STOP	condition_miloCD8.41BB - condition_miloSTOP
2.64254695442848	10.315664342973	1.91353670925576	0.178223893688246	0.922729047863824	133	0.733845982457443	Antigen-presenting myeloid cells	0.976744186046512	CD8-41BB vs STOP	condition_miloCD8.41BB - condition_miloSTOP
-0.335947178553445	10.8048189836253	0.10368165650311	0.74991267033145	0.965352316170341	134	0.941880877980678	Th2-like inflammatory T cells	1	CD8-41BB vs STOP	condition_miloCD8.41BB - condition_miloSTOP
-0.834192071520779	11.2898256033446	0.78166670898619	0.38436627226456	0.922729047863824	135	0.843314942218463	Antigen-presenting myeloid cells	1	CD8-41BB vs STOP	condition_miloCD8.41BB - condition_miloSTOP
0.813165156189502	11.0677024996874	0.677279640816467	0.417669096261107	0.936387167424095	136	0.8605119937996	Treg	1	CD8-41BB vs STOP	condition_miloCD8.41BB - condition_miloSTOP
-0.381951750629009	10.8948680525526	0.166859201540244	0.686110645636765	0.954726700794823	137	0.938063623035667	Quiescent T cells	0.833333333333333	CD8-41BB vs STOP	condition_miloCD8.41BB - condition_miloSTOP
0.0169788205848654	11.0145275515764	0.000399094177206728	0.984207009952561	0.996475849929803	138	0.996153660783452	Cycling / proliferating CAR T cells	1	CD8-41BB vs STOP	condition_miloCD8.41BB - condition_miloSTOP
-0.50490366010821	11.256770900648	0.340577100344742	0.564295929310597	0.954726700794823	139	0.93647420805299	Activated effector CD8 T cells (stress)	1	CD8-41BB vs STOP	condition_miloCD8.41BB - condition_miloSTOP
0.652123045457551	11.4906134085899	0.384777085527075	0.540211048632344	0.954726700794823	140	0.932123934766671	Treg	1	CD8-41BB vs STOP	condition_miloCD8.41BB - condition_miloSTOP
0.375392261147221	10.7716003235322	0.0910291471629349	0.765163443665412	0.965352316170341	141	0.94246794032783	Quiescent T cells	0.66	CD8-41BB vs STOP	condition_miloCD8.41BB - condition_miloSTOP
-4.21151145040387	11.3425329072701	12.5647659759836	0.00144228332176523	0.345407018157941	142	0.254469261287813	Antigen-presenting myeloid cells	0.714285714285714	CD8-41BB vs STOP	condition_miloCD8.41BB - condition_miloSTOP
0.280439270409422	10.736628784359	0.0713349909624801	0.791413832186499	0.969632070483221	143	0.947638465880981	Terminally differentiated cytotoxic T cells	0.966666666666667	CD8-41BB vs STOP	condition_miloCD8.41BB - condition_miloSTOP
1.01925189157218	10.8471046264904	0.925004745715292	0.344621595937866	0.922729047863824	144	0.843314942218463	Treg	0.569230769230769	CD8-41BB vs STOP	condition_miloCD8.41BB - condition_miloSTOP
3.1509666413993	10.8454234522337	7.32208304816741	0.0116079842150315	0.699878670172238	145	0.383995355376608	γδ / Th17-like T cells	1	CD8-41BB vs STOP	condition_miloCD8.41BB - condition_miloSTOP
-0.702369941608882	11.8762698020604	0.983600364502407	0.330036926452951	0.922729047863824	146	0.838529786542487	Activated effector CD8 T cells (stress)	1	CD8-41BB vs STOP	condition_miloCD8.41BB - condition_miloSTOP
0.712194062097964	11.193709229581	0.59536186448141	0.446993087522138	0.954726700794823	147	0.888810356970645	NK-like cytotoxic lymphocytes	1	CD8-41BB vs STOP	condition_miloCD8.41BB - condition_miloSTOP
0.471761489349696	11.1162717249181	0.241353132048308	0.627164185958334	0.954726700794823	148	0.93647420805299	Antigen-presenting myeloid cells	1	CD8-41BB vs STOP	condition_miloCD8.41BB - condition_miloSTOP
-0.529228524494948	11.6976908897445	0.46187472824418	0.502481894997401	0.954726700794823	149	0.918089282434269	Quiescent T cells	0.81203007518797	CD8-41BB vs STOP	condition_miloCD8.41BB - condition_miloSTOP
0.220590721802785	11.3058488966494	0.0595286639826362	0.8090700924293	0.969632070483221	150	0.947638465880981	Treg	1	CD8-41BB vs STOP	condition_miloCD8.41BB - condition_miloSTOP
-1.30018626818415	11.2863211072821	1.92364942543768	0.176696355862973	0.922729047863824	151	0.733845982457443	Activated effector CD8 T cells (stress)	0.835164835164835	CD8-41BB vs STOP	condition_miloCD8.41BB - condition_miloSTOP
0.699598198046385	11.7664338392923	0.792437846478819	0.381156137201184	0.922729047863824	152	0.843314942218463	Treg	1	CD8-41BB vs STOP	condition_miloCD8.41BB - condition_miloSTOP
1.08690415680044	11.5705097590931	1.38042563826482	0.250193480783802	0.922729047863824	153	0.787145192373818	γδ / Th17-like T cells	1	CD8-41BB vs STOP	condition_miloCD8.41BB - condition_miloSTOP
1.20548984742911	11.3428236546476	1.64737329379362	0.210124647065091	0.922729047863824	154	0.769821141971736	γδ / Th17-like T cells	1	CD8-41BB vs STOP	condition_miloCD8.41BB - condition_miloSTOP
5.91678977481352	10.4604851591987	4.33889228210504	0.0475300272211047	0.820609808356842	155	0.573871320900694	Antigen-presenting myeloid cells	1	CD8-41BB vs STOP	condition_miloCD8.41BB - condition_miloSTOP
-0.816592716027939	11.6504865090234	1.26640279115781	0.270257023797492	0.922729047863824	156	0.787145192373818	Quiescent T cells	0.983606557377049	CD8-41BB vs STOP	condition_miloCD8.41BB - condition_miloSTOP
1.5471469325992	10.3746118970415	0.998258341326922	0.326853963804024	0.922729047863824	157	0.836044516969402	Cycling / proliferating CAR T cells	0.714285714285714	CD8-41BB vs STOP	condition_miloCD8.41BB - condition_miloSTOP
5.94599119413962	10.3640912553368	5.23810370671393	0.0307285500391379	0.805008709933751	158	0.487244071548301	Antigen-presenting myeloid cells	0.934782608695652	CD8-41BB vs STOP	condition_miloCD8.41BB - condition_miloSTOP
0.19920587249002	11.331848208169	0.041835920800395	0.839452899945644	0.972366275770371	159	0.956415030370569	Treg	1	CD8-41BB vs STOP	condition_miloCD8.41BB - condition_miloSTOP
0.321919820991673	11.159041849253	0.108455476646986	0.744427405898855	0.965352316170341	160	0.941880877980678	Cycling / proliferating CAR T cells	1	CD8-41BB vs STOP	condition_miloCD8.41BB - condition_miloSTOP
-0.581894483414624	11.4774088742682	0.57707032020409	0.453985082327994	0.954726700794823	161	0.897124826465718	Terminally differentiated cytotoxic T cells	0.556603773584906	CD8-41BB vs STOP	condition_miloCD8.41BB - condition_miloSTOP
0.00438378940689589	11.0583272463534	1.98700310055336e-05	0.996475849929803	0.996475849929803	162	0.996475849929803	Cycling / proliferating CAR T cells	0.831325301204819	CD8-41BB vs STOP	condition_miloCD8.41BB - condition_miloSTOP
-0.164615046442244	11.6702973972695	0.047876600358336	0.828430765910873	0.969632070483221	163	0.952005922895316	Activated effector CD8 T cells (stress)	1	CD8-41BB vs STOP	condition_miloCD8.41BB - condition_miloSTOP
1.14242266853255	11.1760139218604	1.51239812121992	0.229285925130985	0.922729047863824	164	0.787145192373818	γδ T cells	1	CD8-41BB vs STOP	condition_miloCD8.41BB - condition_miloSTOP
0.211271776712162	10.6594079616418	0.0346562230458381	0.853696782180995	0.978607753319053	165	0.963228057703767	Treg	0.981818181818182	CD8-41BB vs STOP	condition_miloCD8.41BB - condition_miloSTOP
0.108041591220984	11.0202823713124	0.0123868598090277	0.912197142026697	0.986127181350228	166	0.977747063728969	Activated effector CD8 T cells (stress)	0.828571428571429	CD8-41BB vs STOP	condition_miloCD8.41BB - condition_miloSTOP
0.421427446273265	11.0439533767144	0.212865670716465	0.648192285254451	0.954726700794823	167	0.93647420805299	Quiescent T cells	0.974683544303797	CD8-41BB vs STOP	condition_miloCD8.41BB - condition_miloSTOP
-1.09319294004296	11.022340080378	1.71466069041167	0.201315570335318	0.922729047863824	168	0.769821141971736	Quiescent T cells	0.689189189189189	CD8-41BB vs STOP	condition_miloCD8.41BB - condition_miloSTOP
0.608490002784068	11.3634573915134	0.34069538358717	0.564228709529332	0.954726700794823	169	0.93647420805299	γδ T cells	0.744897959183674	CD8-41BB vs STOP	condition_miloCD8.41BB - condition_miloSTOP
-1.15877879244132	11.580123862287	1.45612908100549	0.237918588762423	0.922729047863824	170	0.787145192373818	Quiescent T cells	0.990476190476191	CD8-41BB vs STOP	condition_miloCD8.41BB - condition_miloSTOP
0.92865900610156	11.3870840412242	1.27344530512247	0.268958805490371	0.922729047863824	171	0.787145192373818	Cycling / proliferating CAR T cells	0.991071428571429	CD8-41BB vs STOP	condition_miloCD8.41BB - condition_miloSTOP
0.529779222936247	11.5450863991873	0.415244994823135	0.524707044038409	0.954726700794823	172	0.920263887925667	NK-like cytotoxic lymphocytes	0.9375	CD8-41BB vs STOP	condition_miloCD8.41BB - condition_miloSTOP
0.93413095145837	11.6439174033761	1.50548343016747	0.230325244410145	0.922729047863824	173	0.787145192373818	NK-like cytotoxic lymphocytes	1	CD8-41BB vs STOP	condition_miloCD8.41BB - condition_miloSTOP
3.45389597331308	10.3847002327551	3.30738357405362	0.0799769648779674	0.820609808356842	174	0.627692739848886	γδ / Th17-like T cells	0.7	CD8-41BB vs STOP	condition_miloCD8.41BB - condition_miloSTOP
0.0123580139271512	11.4285747468042	0.000199686810183909	0.988828375796149	0.996475849929803	175	0.996421288667307	Naïve / central-memory T cells	0.97029702970297	CD8-41BB vs STOP	condition_miloCD8.41BB - condition_miloSTOP
1.0076884769284	10.9265237874659	1.20746247806766	0.281449345156448	0.922729047863824	176	0.787145192373818	Cycling / proliferating CAR T cells	1	CD8-41BB vs STOP	condition_miloCD8.41BB - condition_miloSTOP
-0.779711798123974	10.8307532087995	0.864860892963128	0.360547797178381	0.922729047863824	177	0.843314942218463	Activated effector CD8 T cells (stress)	0.483333333333333	CD8-41BB vs STOP	condition_miloCD8.41BB - condition_miloSTOP
0.0717879168810681	11.4065893282123	0.00592734762275921	0.939194587000886	0.993727043584695	178	0.987330828908677	Activated effector CD8 T cells (stress)	0.936936936936937	CD8-41BB vs STOP	condition_miloCD8.41BB - condition_miloSTOP
-0.243829092562052	11.7566310473044	0.103912546128598	0.749644187509162	0.965352316170341	179	0.941880877980678	Naïve / central-memory T cells	1	CD8-41BB vs STOP	condition_miloCD8.41BB - condition_miloSTOP
0.293874603266555	11.3357260843226	0.0788289806869818	0.781011384301406	0.969290914445495	180	0.945158770349157	NK-like cytotoxic lymphocytes	0.896551724137931	CD8-41BB vs STOP	condition_miloCD8.41BB - condition_miloSTOP
-2.62434704659639	10.9722602646222	4.19013451833421	0.0504145039865918	0.820609808356842	181	0.586187331678757	Antigen-presenting myeloid cells	0.983333333333333	CD8-41BB vs STOP	condition_miloCD8.41BB - condition_miloSTOP
-0.214238750139238	10.8520910638113	0.0635420618519577	0.802874258558395	0.969632070483221	182	0.947638465880981	Quiescent T cells	1	CD8-41BB vs STOP	condition_miloCD8.41BB - condition_miloSTOP
1.72436278344732	10.8503536803597	2.54353441385598	0.122280765426649	0.909357787666931	183	0.6979283646364	Cycling / proliferating CAR T cells	0.973333333333333	CD8-41BB vs STOP	condition_miloCD8.41BB - condition_miloSTOP
0.852879848858253	10.9889296585328	0.742563441419037	0.396360768848776	0.930859486751175	184	0.8511607884898	Activated CD4 effector / helper-like T cells	0.647058823529412	CD8-41BB vs STOP	condition_miloCD8.41BB - condition_miloSTOP
-0.615537143700121	10.6767919295654	0.335637227779375	0.567117389191944	0.954726700794823	185	0.93647420805299	Cycling / proliferating CAR T cells	0.963636363636364	CD8-41BB vs STOP	condition_miloCD8.41BB - condition_miloSTOP
0.891662764820709	10.628874663873	0.427446609755793	0.518724110497164	0.954726700794823	186	0.918089282434269	Cycling / proliferating CAR T cells	0.912280701754386	CD8-41BB vs STOP	condition_miloCD8.41BB - condition_miloSTOP
-0.334338485215764	11.691034217734	0.181152544712116	0.673853966852983	0.954726700794823	187	0.938063623035667	Activated effector CD8 T cells (stress)	1	CD8-41BB vs STOP	condition_miloCD8.41BB - condition_miloSTOP
-0.0699383608233957	11.6062820184635	0.00424894200226377	0.948534768967578	0.993733031414065	188	0.987330828908677	Quiescent T cells	0.965811965811966	CD8-41BB vs STOP	condition_miloCD8.41BB - condition_miloSTOP
0.560737005294568	11.2214373026123	0.331572259462573	0.569460142023072	0.954726700794823	189	0.93647420805299	Quiescent T cells	0.957894736842105	CD8-41BB vs STOP	condition_miloCD8.41BB - condition_miloSTOP
-0.574280192714978	11.3279716030474	0.437900056045502	0.513695125158624	0.954726700794823	190	0.918089282434269	Th2-like inflammatory T cells	1	CD8-41BB vs STOP	condition_miloCD8.41BB - condition_miloSTOP
-0.74004235447784	11.6320915222465	0.896620934257292	0.352011206593706	0.922729047863824	191	0.843314942218463	Naïve / central-memory T cells	1	CD8-41BB vs STOP	condition_miloCD8.41BB - condition_miloSTOP
0.626335995017271	10.3012133329152	0.159374558481588	0.692962435212952	0.954726700794823	192	0.938063623035667	Cycling / proliferating CAR T cells	0.9	CD8-41BB vs STOP	condition_miloCD8.41BB - condition_miloSTOP
-0.46531966740325	11.6545319162713	0.424500057442441	0.520157614300698	0.954726700794823	193	0.918089282434269	Activated effector CD8 T cells (stress)	1	CD8-41BB vs STOP	condition_miloCD8.41BB - condition_miloSTOP
-1.05118767196394	10.8900136060113	1.31177667374179	0.262032852603946	0.922729047863824	194	0.787145192373818	Th2-like inflammatory T cells	0.946428571428571	CD8-41BB vs STOP	condition_miloCD8.41BB - condition_miloSTOP
0.668859560063901	11.8289846830574	0.915987473496365	0.346945391874965	0.922729047863824	195	0.843314942218463	NK-like cytotoxic lymphocytes	1	CD8-41BB vs STOP	condition_miloCD8.41BB - condition_miloSTOP
-0.334111891087561	11.3585168190317	0.162915325560438	0.689755744058921	0.954726700794823	196	0.938063623035667	Terminally differentiated cytotoxic T cells	1	CD8-41BB vs STOP	condition_miloCD8.41BB - condition_miloSTOP
-1.34726206940684	11.4721666782561	2.96868118208323	0.0962227323731919	0.820609808356842	197	0.627692739848886	Quiescent T cells	0.815533980582524	CD8-41BB vs STOP	condition_miloCD8.41BB - condition_miloSTOP
0.469623767930422	10.7766656140189	0.235784856715968	0.631148716203036	0.954726700794823	198	0.93647420805299	Activated CD4 effector / helper-like T cells	1	CD8-41BB vs STOP	condition_miloCD8.41BB - condition_miloSTOP
-0.939865331119014	11.6566811763996	0.635672311168037	0.43262742862359	0.942411533426351	199	0.87117244226829	Quiescent T cells	0.972972972972973	CD8-41BB vs STOP	condition_miloCD8.41BB - condition_miloSTOP
-0.523292525976427	10.9832982893706	0.338359260612459	0.56555924057413	0.954726700794823	200	0.93647420805299	Quiescent T cells	0.676470588235294	CD8-41BB vs STOP	condition_miloCD8.41BB - condition_miloSTOP
0.103426185352737	11.166293969317	0.0162236140021075	0.899581299269621	0.986127181350228	201	0.976664699437794	Cycling / proliferating CAR T cells	1	CD8-41BB vs STOP	condition_miloCD8.41BB - condition_miloSTOP
0.148097786039824	10.8384731670073	0.0206604193944469	0.886765592350243	0.986127181350228	202	0.973758953115471	Treg	0.984375	CD8-41BB vs STOP	condition_miloCD8.41BB - condition_miloSTOP
2.30802262167777	10.4944982310551	1.53216596739611	0.226745101314381	0.922729047863824	203	0.787145192373818	Antigen-presenting myeloid cells	1	CD8-41BB vs STOP	condition_miloCD8.41BB - condition_miloSTOP
-0.944807146586747	10.8803961697719	1.00217391191988	0.325592229943595	0.922729047863824	204	0.836044516969402	Treg	1	CD8-41BB vs STOP	condition_miloCD8.41BB - condition_miloSTOP
-0.282897574154127	10.7548636260022	0.0890875040945299	0.767604628498359	0.965352316170341	205	0.94246794032783	Activated effector CD8 T cells (stress)	0.516666666666667	CD8-41BB vs STOP	condition_miloCD8.41BB - condition_miloSTOP
0.0917368484042678	11.4541097342745	0.0143096578456104	0.905659387819218	0.986127181350228	206	0.976664699437794	Cycling / proliferating CAR T cells	0.974576271186441	CD8-41BB vs STOP	condition_miloCD8.41BB - condition_miloSTOP
1.7735849148925	11.1222908287131	3.15764962967398	0.0867376563927139	0.820609808356842	207	0.627692739848886	Treg	1	CD8-41BB vs STOP	condition_miloCD8.41BB - condition_miloSTOP
0.874595217638192	10.9676548349414	0.852098749574659	0.364061094790542	0.922729047863824	208	0.843314942218463	Terminally differentiated cytotoxic T cells	0.987012987012987	CD8-41BB vs STOP	condition_miloCD8.41BB - condition_miloSTOP
-0.0900094777208882	11.3986593134974	0.00942056789844243	0.923389414550392	0.991128406351386	209	0.984115959826654	Naïve / central-memory T cells	0.787878787878788	CD8-41BB vs STOP	condition_miloCD8.41BB - condition_miloSTOP
1.85118278603738	11.6295650793014	4.67064825323084	0.0396308385443818	0.805008709933751	210	0.538634070407525	NK-like cytotoxic lymphocytes	1	CD8-41BB vs STOP	condition_miloCD8.41BB - condition_miloSTOP
-1.24609381451397	10.8400525285714	1.29585624757262	0.264881073356189	0.922729047863824	211	0.787145192373818	IFN-responsive T cells	0.683333333333333	CD8-41BB vs STOP	condition_miloCD8.41BB - condition_miloSTOP
-1.0406583208967	11.2889602290439	1.19925119364504	0.283056501165805	0.922729047863824	212	0.787145192373818	Activated effector CD8 T cells (stress)	0.96	CD8-41BB vs STOP	condition_miloCD8.41BB - condition_miloSTOP
-1.04368325417776	11.6583190399945	1.77540130511505	0.193750940923369	0.922729047863824	213	0.759034648335115	Quiescent T cells	0.8046875	CD8-41BB vs STOP	condition_miloCD8.41BB - condition_miloSTOP
-0.129527023542766	10.9984756096005	0.0230782092075484	0.880373029136146	0.986127181350228	214	0.973110625988909	Activated CD4 effector / helper-like T cells	0.933333333333333	CD8-41BB vs STOP	condition_miloCD8.41BB - condition_miloSTOP
-0.723092800618398	11.1235482278297	0.905437697322808	0.349692135762321	0.922729047863824	215	0.843314942218463	Activated CD4 effector / helper-like T cells	0.975	CD8-41BB vs STOP	condition_miloCD8.41BB - condition_miloSTOP
-0.689924028277009	11.0094566124036	0.381315710484851	0.54202623671343	0.954726700794823	216	0.932381314336058	Antigen-presenting myeloid cells	1	CD8-41BB vs STOP	condition_miloCD8.41BB - condition_miloSTOP
0.316623498980896	11.6768875135932	0.0867751656818266	0.770697063033241	0.965352316170341	217	0.94246794032783	Quiescent T cells	0.965811965811966	CD8-41BB vs STOP	condition_miloCD8.41BB - condition_miloSTOP
-0.927187422269283	11.1253890520278	0.954587483343463	0.337148894279291	0.922729047863824	218	0.843314942218463	Quiescent T cells	0.689189189189189	CD8-41BB vs STOP	condition_miloCD8.41BB - condition_miloSTOP
-0.677643803173349	11.4217856741858	0.584022020042623	0.451307241950653	0.954726700794823	219	0.895490789530759	Activated CD4 effector / helper-like T cells	0.596153846153846	CD8-41BB vs STOP	condition_miloCD8.41BB - condition_miloSTOP
2.48160996788103	11.0896952041873	3.5493527080779	0.0702799165874006	0.820609808356842	220	0.627692739848886	Treg	1	CD8-41BB vs STOP	condition_miloCD8.41BB - condition_miloSTOP
-0.89718231592168	11.4732898102423	1.40957491093121	0.245373783762849	0.922729047863824	221	0.787145192373818	Activated effector CD8 T cells (stress)	0.980952380952381	CD8-41BB vs STOP	condition_miloCD8.41BB - condition_miloSTOP
0.0653917295222343	11.2608749225914	0.00541142025262427	0.941895956779018	0.993727043584695	222	0.987330828908677	Cycling / proliferating CAR T cells	0.989795918367347	CD8-41BB vs STOP	condition_miloCD8.41BB - condition_miloSTOP
0.340014954658413	11.4354636791688	0.187010904253439	0.668819290275959	0.954726700794823	223	0.93647420805299	Treg	0.991071428571429	CD8-41BB vs STOP	condition_miloCD8.41BB - condition_miloSTOP
-0.65251899668868	11.2679560903421	0.541538661350258	0.468083363608345	0.954726700794823	224	0.901421983262695	IFN-responsive T cells	1	CD8-41BB vs STOP	condition_miloCD8.41BB - condition_miloSTOP
0.478282990947967	11.0821802929065	0.31016107681897	0.582127054386804	0.954726700794823	225	0.93647420805299	Activated CD4 effector / helper-like T cells	0.986842105263158	CD8-41BB vs STOP	condition_miloCD8.41BB - condition_miloSTOP
-0.112111353158614	11.4940228869458	0.015033444646853	0.903314993166202	0.986127181350228	226	0.976664699437794	Quiescent T cells	0.818181818181818	CD8-41BB vs STOP	condition_miloCD8.41BB - condition_miloSTOP
-1.68939989743262	11.2237498693473	2.64513874736013	0.115377532310527	0.890970943953516	227	0.673935764623848	IFN-responsive T cells	0.779069767441861	CD8-41BB vs STOP	condition_miloCD8.41BB - condition_miloSTOP
-0.693888576545501	11.050249377955	0.572485228562752	0.455765328446755	0.954726700794823	228	0.897124826465718	Quiescent T cells	0.918918918918919	CD8-41BB vs STOP	condition_miloCD8.41BB - condition_miloSTOP
2.26490841359784	10.5454636896599	2.19201114253131	0.150631776744052	0.922729047863824	229	0.733845982457443	Activated CD4 effector / helper-like T cells	1	CD8-41BB vs STOP	condition_miloCD8.41BB - condition_miloSTOP
-0.932398402710972	11.5196790182346	1.29256058683773	0.265475676679852	0.922729047863824	230	0.787145192373818	IFN-responsive T cells	1	CD8-41BB vs STOP	condition_miloCD8.41BB - condition_miloSTOP
0.376982589743172	11.2154611601329	0.183510362850261	0.671740830006139	0.954726700794823	231	0.93647420805299	NK-like cytotoxic lymphocytes	1	CD8-41BB vs STOP	condition_miloCD8.41BB - condition_miloSTOP
-0.455028553136315	11.7339150960875	0.386719887176972	0.539197197508789	0.954726700794823	232	0.93170335661621	Terminally differentiated cytotoxic T cells	1	CD8-41BB vs STOP	condition_miloCD8.41BB - condition_miloSTOP
-0.0505947717848478	10.9652758676356	0.00332870044912482	0.954412659667466	0.993733031414065	233	0.987330828908677	Quiescent T cells	0.575342465753425	CD8-41BB vs STOP	condition_miloCD8.41BB - condition_miloSTOP
2.72452513389082	10.3311657814908	2.14495338193644	0.15491408791379	0.922729047863824	234	0.733845982457443	Cycling / proliferating CAR T cells	1	CD8-41BB vs STOP	condition_miloCD8.41BB - condition_miloSTOP
-0.195920726884315	11.1559939105124	0.0524902029958274	0.820496277233414	0.969632070483221	235	0.949348823331375	Quiescent T cells	0.833333333333333	CD8-41BB vs STOP	condition_miloCD8.41BB - condition_miloSTOP
-0.0192710721644572	10.7788426343845	0.000359681047780237	0.985007004845849	0.996475849929803	236	0.996153660783452	Quiescent T cells	1	CD8-41BB vs STOP	condition_miloCD8.41BB - condition_miloSTOP
0.0328245578623429	11.5064484260913	0.00178928678986388	0.966568001098091	0.996475849929803	237	0.993731029330999	Terminally differentiated cytotoxic T cells	0.909836065573771	CD8-41BB vs STOP	condition_miloCD8.41BB - condition_miloSTOP
0.0254549300348598	11.2680240344511	0.000956768177438343	0.975549475240939	0.996475849929803	238	0.994417242264562	Naïve / central-memory T cells	0.96551724137931	CD8-41BB vs STOP	condition_miloCD8.41BB - condition_miloSTOP
-0.674739624345929	10.9900306319967	0.441101408308301	0.512172363129959	0.954726700794823	239	0.918089282434269	Quiescent T cells	0.671232876712329	CD8-41BB vs STOP	condition_miloCD8.41BB - condition_miloSTOP
-2.09882051955649	11.0540850353982	5.73739282489813	0.0240262059607486	0.805008709933751	240	0.484804644555305	Activated CD4 effector / helper-like T cells	1	CD8-41BB vs STOP	condition_miloCD8.41BB - condition_miloSTOP
0.201275003346588	11.0149302077887	0.0514548664763703	0.822243861328023	0.969632070483221	241	0.949348823331375	Cycling / proliferating CAR T cells	0.975	CD8-41BB vs STOP	condition_miloCD8.41BB - condition_miloSTOP
0.88182405517023	10.9857187563206	0.916374890562725	0.346845101548223	0.922729047863824	242	0.843314942218463	Quiescent T cells	0.417721518987342	CD8-41BB vs STOP	condition_miloCD8.41BB - condition_miloSTOP
-1.82300892237982	11.4895589240076	4.6965352114802	0.0391275995443555	0.805008709933751	243	0.538634070407525	Quiescent T cells	0.456310679611651	CD8-41BB vs STOP	condition_miloCD8.41BB - condition_miloSTOP
1.8111732694627	11.2983527091453	3.85400255161355	0.059908466632785	0.820609808356842	244	0.627692739848886	NK-like cytotoxic lymphocytes	1	CD8-41BB vs STOP	condition_miloCD8.41BB - condition_miloSTOP
2.26772637243968	10.4765927222532	1.94051765855177	0.176252099332898	0.922729047863824	245	0.733845982457443	Activated CD4 effector / helper-like T cells	1	CD8-41BB vs STOP	condition_miloCD8.41BB - condition_miloSTOP
-0.816712118655058	10.6411715249325	0.531734324533676	0.472100162601917	0.954726700794823	246	0.901421983262695	Th2-like inflammatory T cells	0.822222222222222	CD8-41BB vs STOP	condition_miloCD8.41BB - condition_miloSTOP
-1.19101979147254	11.1820318096534	0.993593860778614	0.3276351638741	0.922729047863824	247	0.836044516969402	Quiescent T cells	0.987012987012987	CD8-41BB vs STOP	condition_miloCD8.41BB - condition_miloSTOP
-0.126271139325034	11.0073412955841	0.020101753871842	0.888296287726774	0.986127181350228	248	0.973758953115471	Quiescent T cells	0.851351351351351	CD8-41BB vs STOP	condition_miloCD8.41BB - condition_miloSTOP
-0.614777198756337	11.2265257043382	0.404074456748436	0.530295193440249	0.954726700794823	249	0.925269127954697	Quiescent T cells	0.71264367816092	CD8-41BB vs STOP	condition_miloCD8.41BB - condition_miloSTOP
-0.37858035215804	11.2951145965593	0.221106602578627	0.641939749215191	0.954726700794823	250	0.93647420805299	Activated effector CD8 T cells (stress)	1	CD8-41BB vs STOP	condition_miloCD8.41BB - condition_miloSTOP
-0.422173234600449	11.1505444999631	0.260109646470156	0.614151118133664	0.954726700794823	251	0.93647420805299	Activated effector CD8 T cells (stress)	0.988372093023256	CD8-41BB vs STOP	condition_miloCD8.41BB - condition_miloSTOP
1.77254963222165	10.6695548544126	1.68623533691571	0.205390547366263	0.922729047863824	252	0.769821141971736	Activated effector CD8 T cells (stress)	1	CD8-41BB vs STOP	condition_miloCD8.41BB - condition_miloSTOP
3.01056483081425	10.7541567841193	5.47631283593248	0.0268431685769875	0.805008709933751	253	0.484804644555305	γδ / Th17-like T cells	0.982456140350877	CD8-41BB vs STOP	condition_miloCD8.41BB - condition_miloSTOP
0.826617348462032	11.0410677857621	0.753592083486542	0.392922449638545	0.930859486751175	254	0.8511607884898	γδ T cells	0.577464788732394	CD8-41BB vs STOP	condition_miloCD8.41BB - condition_miloSTOP
0.645017806588875	10.925225715702	0.427441927302674	0.518726382886182	0.954726700794823	255	0.918089282434269	Treg	0.985507246376812	CD8-41BB vs STOP	condition_miloCD8.41BB - condition_miloSTOP
2.78627779735051	11.401531118854	7.22922965305246	0.0120889607756707	0.699878670172238	256	0.383995355376608	γδ / Th17-like T cells	1	CD8-41BB vs STOP	condition_miloCD8.41BB - condition_miloSTOP
6.5903053770698	10.7132196193878	9.21388804068364	0.00536505188740014	0.497161474899079	257	0.383995355376608	Terminally differentiated cytotoxic T cells	0.984848484848485	CD8-41BB vs STOP	condition_miloCD8.41BB - condition_miloSTOP
-1.48217885438486	11.773426244214	4.06991700413757	0.0539857511959364	0.820609808356842	258	0.613650987563882	Activated effector CD8 T cells (stress)	1	CD8-41BB vs STOP	condition_miloCD8.41BB - condition_miloSTOP
-0.994452544214241	11.3890863314302	0.93878370582839	0.341112553624349	0.922729047863824	259	0.843314942218463	Antigen-presenting myeloid cells	1	CD8-41BB vs STOP	condition_miloCD8.41BB - condition_miloSTOP
-0.563512702115907	11.3573565211843	0.515468716637655	0.478891614471718	0.954726700794823	260	0.905732173399445	Quiescent T cells	0.483870967741935	CD8-41BB vs STOP	condition_miloCD8.41BB - condition_miloSTOP
-0.842349632418324	11.1940573354953	1.00412049948344	0.325131176529668	0.922729047863824	261	0.836044516969402	Quiescent T cells	0.835294117647059	CD8-41BB vs STOP	condition_miloCD8.41BB - condition_miloSTOP
0.133215655832356	11.0885811253549	0.0194849811798353	0.890011631165557	0.986127181350228	262	0.973758953115471	Activated effector CD8 T cells (stress)	0.928571428571429	CD8-41BB vs STOP	condition_miloCD8.41BB - condition_miloSTOP
-0.0494456213191383	11.2561029018366	0.00289561461155744	0.957478384152421	0.993750223239825	263	0.987882255468428	IFN-responsive T cells	1	CD8-41BB vs STOP	condition_miloCD8.41BB - condition_miloSTOP
0.455675735754518	11.1073771712418	0.234372514350433	0.632168639609003	0.954726700794823	264	0.93647420805299	Activated effector CD8 T cells (stress)	0.6875	CD8-41BB vs STOP	condition_miloCD8.41BB - condition_miloSTOP
-0.413685240766607	11.0026015700834	0.205807695788672	0.653665683196803	0.954726700794823	265	0.93647420805299	Activated CD4 effector / helper-like T cells	0.880597014925373	CD8-41BB vs STOP	condition_miloCD8.41BB - condition_miloSTOP
0.310263195408171	10.6416874513692	0.065613089416502	0.799758484270372	0.969632070483221	266	0.947638465880981	Activated CD4 effector / helper-like T cells	0.943396226415094	CD8-41BB vs STOP	condition_miloCD8.41BB - condition_miloSTOP
2.95141952807802	11.6807704967186	10.2267198227381	0.00349331927819844	0.388457103735667	267	0.309108101979138	NK-like cytotoxic lymphocytes	1	CD8-41BB vs STOP	condition_miloCD8.41BB - condition_miloSTOP
1.1656223747165	10.5109286590701	0.745813843675084	0.395627421446381	0.930859486751175	268	0.8511607884898	Activated CD4 effector / helper-like T cells	1	CD8-41BB vs STOP	condition_miloCD8.41BB - condition_miloSTOP
-0.339708008021292	10.8709230078974	0.0838291641247005	0.774365347143835	0.965352316170341	269	0.94246794032783	Antigen-presenting myeloid cells	0.912280701754386	CD8-41BB vs STOP	condition_miloCD8.41BB - condition_miloSTOP
0.634585367113142	11.1267779327552	0.427130036001993	0.518877783635463	0.954726700794823	270	0.918089282434269	Treg	1	CD8-41BB vs STOP	condition_miloCD8.41BB - condition_miloSTOP
-0.610823219822299	11.4437564997722	0.552796861670791	0.463539889890074	0.954726700794823	271	0.899260808416187	IFN-responsive T cells	1	CD8-41BB vs STOP	condition_miloCD8.41BB - condition_miloSTOP
0.248891226835749	11.7331539026702	0.0849580103044817	0.772894931025368	0.965352316170341	272	0.94246794032783	Treg	1	CD8-41BB vs STOP	condition_miloCD8.41BB - condition_miloSTOP
-1.33553767142549	11.4172417947647	2.5603828484398	0.121103441076864	0.909357787666931	273	0.6979283646364	Activated effector CD8 T cells (stress)	0.990196078431373	CD8-41BB vs STOP	condition_miloCD8.41BB - condition_miloSTOP
-0.162136465148571	11.5715190283604	0.0475993824850627	0.828920070249316	0.969632070483221	274	0.952005922895316	Treg	1	CD8-41BB vs STOP	condition_miloCD8.41BB - condition_miloSTOP
-0.826986531680895	11.4690648398542	1.16672569738146	0.289542735558455	0.922729047863824	275	0.795159284932025	Quiescent T cells	1	CD8-41BB vs STOP	condition_miloCD8.41BB - condition_miloSTOP
3.92234182112889	10.7388122521251	6.99420733216393	0.0134065980988962	0.699878670172238	276	0.383995355376608	Antigen-presenting myeloid cells	1	CD8-41BB vs STOP	condition_miloCD8.41BB - condition_miloSTOP
0.598159942283316	11.169740721858	0.504909083371081	0.483388673716943	0.954726700794823	277	0.905732173399445	Cycling / proliferating CAR T cells	1	CD8-41BB vs STOP	condition_miloCD8.41BB - condition_miloSTOP
1.94148234396076	11.213638882032	3.71494436471802	0.0644115338833447	0.820609808356842	278	0.627692739848886	Terminally differentiated cytotoxic T cells	0.99	CD8-41BB vs STOP	condition_miloCD8.41BB - condition_miloSTOP
0.974621956534657	10.8228318000481	0.849131927752373	0.36488483941981	0.922729047863824	279	0.843314942218463	Cycling / proliferating CAR T cells	1	CD8-41BB vs STOP	condition_miloCD8.41BB - condition_miloSTOP
0.461893235641747	11.0977301315902	0.128944350958948	0.722296608860503	0.965352316170341	280	0.941880877980678	Quiescent T cells	0.384615384615385	CD8-41BB vs STOP	condition_miloCD8.41BB - condition_miloSTOP
1.26808914805142	10.948659538045	2.02259486093069	0.166320337044964	0.922729047863824	281	0.733845982457443	Antigen-presenting myeloid cells	0.746835443037975	CD8-41BB vs STOP	condition_miloCD8.41BB - condition_miloSTOP
-0.204251973666306	11.5447472346912	0.0726716060135987	0.789516803167814	0.969632070483221	282	0.947638465880981	Activated effector CD8 T cells (stress)	1	CD8-41BB vs STOP	condition_miloCD8.41BB - condition_miloSTOP
1.08376635471252	11.2852777514646	0.950476027024604	0.338173874795225	0.922729047863824	283	0.843314942218463	Treg	1	CD8-41BB vs STOP	condition_miloCD8.41BB - condition_miloSTOP
0.399005537433575	11.4210614593889	0.274798269589194	0.604369332655901	0.954726700794823	284	0.93647420805299	Treg	1	CD8-41BB vs STOP	condition_miloCD8.41BB - condition_miloSTOP
1.54890548896495	11.4457750263089	3.1528774158278	0.0869636152413596	0.820609808356842	285	0.627692739848886	NK-like cytotoxic lymphocytes	1	CD8-41BB vs STOP	condition_miloCD8.41BB - condition_miloSTOP
3.05916852202969	10.6707174151029	3.15080570020244	0.0870619179564726	0.820609808356842	286	0.627692739848886	Antigen-presenting myeloid cells	1	CD8-41BB vs STOP	condition_miloCD8.41BB - condition_miloSTOP
0.505710648730077	10.5764143733077	0.145249785759214	0.706072110602838	0.958496581149515	287	0.941880877980678	Quiescent T cells	0.693877551020408	CD8-41BB vs STOP	condition_miloCD8.41BB - condition_miloSTOP
-2.72020494335458	10.8076943731269	7.593366155646	0.0105096413642601	0.699878670172238	288	0.383995355376608	Activated CD4 effector / helper-like T cells	0.949152542372881	CD8-41BB vs STOP	condition_miloCD8.41BB - condition_miloSTOP
-0.755601509189881	11.9166713074665	1.20718633323262	0.281503198454488	0.922729047863824	289	0.787145192373818	Activated effector CD8 T cells (stress)	1	CD8-41BB vs STOP	condition_miloCD8.41BB - condition_miloSTOP
6.60690574469236	10.8909577071824	12.0796869802863	0.00178769159401944	0.345407018157941	290	0.254469261287813	Terminally differentiated cytotoxic T cells	0.922077922077922	CD8-41BB vs STOP	condition_miloCD8.41BB - condition_miloSTOP
-0.356215763530935	10.8192616123007	0.0941963975101045	0.761241717693669	0.965352316170341	291	0.94246794032783	Terminally differentiated cytotoxic T cells	0.741935483870968	CD8-41BB vs STOP	condition_miloCD8.41BB - condition_miloSTOP
-1.39717709861672	11.0568087754965	2.02955518362967	0.165618418529666	0.922729047863824	292	0.733845982457443	Th2-like inflammatory T cells	0.967741935483871	CD8-41BB vs STOP	condition_miloCD8.41BB - condition_miloSTOP
0.395227963460361	11.5810123189724	0.201295332269778	0.657224854087014	0.954726700794823	293	0.93647420805299	γδ T cells	0.814516129032258	CD8-41BB vs STOP	condition_miloCD8.41BB - condition_miloSTOP
-0.792800855345968	11.4122354639439	1.07508252500252	0.308914066046516	0.922729047863824	294	0.835007256077547	Terminally differentiated cytotoxic T cells	0.81	CD8-41BB vs STOP	condition_miloCD8.41BB - condition_miloSTOP
0.288845440907671	10.9785914345636	0.105967777822193	0.747268748886595	0.965352316170341	295	0.941880877980678	Treg	1	CD8-41BB vs STOP	condition_miloCD8.41BB - condition_miloSTOP
1.27119774017095	11.5907563496841	1.83632754550553	0.18650969269192	0.922729047863824	296	0.748967313871193	Treg	0.983606557377049	CD8-41BB vs STOP	condition_miloCD8.41BB - condition_miloSTOP
-0.147274802511725	11.4225364633642	0.0297347742887389	0.86436774411831	0.978607753319053	297	0.964470942294605	Treg	1	CD8-41BB vs STOP	condition_miloCD8.41BB - condition_miloSTOP
0.893610748800796	11.4401771354222	1.13943394336736	0.295137869947363	0.922729047863824	298	0.807989925619751	γδ T cells	0.539130434782609	CD8-41BB vs STOP	condition_miloCD8.41BB - condition_miloSTOP
-0.103682725595485	10.7389137389328	0.00977616114012143	0.921989132090068	0.991128406351386	299	0.983835422044228	Treg	0.946428571428571	CD8-41BB vs STOP	condition_miloCD8.41BB - condition_miloSTOP
-0.591152204845487	11.3227495042653	0.470874750386161	0.498382595348213	0.954726700794823	300	0.917731787560799	IFN-responsive T cells	1	CD8-41BB vs STOP	condition_miloCD8.41BB - condition_miloSTOP
0.693467560439382	11.6957537945389	0.916538251645913	0.346802824597097	0.922729047863824	301	0.843314942218463	NK-like cytotoxic lymphocytes	1	CD8-41BB vs STOP	condition_miloCD8.41BB - condition_miloSTOP
-0.258933033598895	11.590808361227	0.137647567020581	0.713499750963374	0.960470567456672	302	0.941880877980678	Quiescent T cells	0.857142857142857	CD8-41BB vs STOP	condition_miloCD8.41BB - condition_miloSTOP
-0.171429206267522	11.1387727221706	0.0401102836323238	0.842752297762771	0.974158581197715	303	0.958274496871591	Activated CD4 effector / helper-like T cells	0.924050632911392	CD8-41BB vs STOP	condition_miloCD8.41BB - condition_miloSTOP
-3.49637626304618	11.0479374485836	11.0232322619057	0.00256549170804364	0.356603347418066	304	0.254469261287813	Antigen-presenting myeloid cells	0.96551724137931	CD8-41BB vs STOP	condition_miloCD8.41BB - condition_miloSTOP
2.73354416033465	10.5323474325646	3.07059049521521	0.091395806913772	0.820609808356842	305	0.627692739848886	Cycling / proliferating CAR T cells	0.981132075471698	CD8-41BB vs STOP	condition_miloCD8.41BB - condition_miloSTOP
0.566154941655162	11.3280565121852	0.279563262405001	0.601268133792249	0.954726700794823	306	0.93647420805299	Quiescent T cells	0.908163265306122	CD8-41BB vs STOP	condition_miloCD8.41BB - condition_miloSTOP
-0.84991770596947	11.4930816259077	1.06920301862567	0.31021547168	0.922729047863824	307	0.836044516969402	Quiescent T cells	0.956896551724138	CD8-41BB vs STOP	condition_miloCD8.41BB - condition_miloSTOP
1.23860837760552	11.389341414378	1.5333022152698	0.2261795406931	0.922729047863824	308	0.787145192373818	Treg	1	CD8-41BB vs STOP	condition_miloCD8.41BB - condition_miloSTOP
1.87333242318394	11.6831220440355	4.96353729784672	0.0343316183031348	0.805008709933751	309	0.50974982686533	NK-like cytotoxic lymphocytes	1	CD8-41BB vs STOP	condition_miloCD8.41BB - condition_miloSTOP
1.34543864893874	10.9961304292147	1.96043817897544	0.172749783146878	0.922729047863824	310	0.733845982457443	Quiescent T cells	0.988095238095238	CD8-41BB vs STOP	condition_miloCD8.41BB - condition_miloSTOP
-0.0396882031666671	11.7956106284954	0.00142899249874623	0.970139264317088	0.996475849929803	311	0.994417242264562	Quiescent T cells	0.540740740740741	CD8-41BB vs STOP	condition_miloCD8.41BB - condition_miloSTOP
0.391072289010459	10.8787900931843	0.17352232134275	0.680263199789319	0.954726700794823	312	0.938063623035667	Quiescent T cells	0.882352941176471	CD8-41BB vs STOP	condition_miloCD8.41BB - condition_miloSTOP
-0.247432723572316	11.6750544751535	0.0599521812323319	0.808405997007927	0.969632070483221	313	0.947638465880981	Quiescent T cells	0.826446280991736	CD8-41BB vs STOP	condition_miloCD8.41BB - condition_miloSTOP
0.306496424707618	11.2877945555532	0.115037188653925	0.737080654334225	0.965352316170341	314	0.941880877980678	Cycling / proliferating CAR T cells	1	CD8-41BB vs STOP	condition_miloCD8.41BB - condition_miloSTOP
0.746867321522739	11.1244355669474	0.730640512122667	0.400128500048419	0.930859486751175	315	0.8511607884898	Naïve / central-memory T cells	0.975	CD8-41BB vs STOP	condition_miloCD8.41BB - condition_miloSTOP
0.333333293791058	11.466711897241	0.18437910524546	0.671012707352394	0.954726700794823	316	0.93647420805299	Treg	1	CD8-41BB vs STOP	condition_miloCD8.41BB - condition_miloSTOP
-0.101370022319313	11.2719637073562	0.0118887903125961	0.913973119137993	0.986127181350228	317	0.978442092074085	Treg	0.989690721649485	CD8-41BB vs STOP	condition_miloCD8.41BB - condition_miloSTOP
-0.45260183816126	11.0222217046823	0.292934162223424	0.592744029310567	0.954726700794823	318	0.93647420805299	NK-like cytotoxic lymphocytes	1	CD8-41BB vs STOP	condition_miloCD8.41BB - condition_miloSTOP
-0.538161337200625	11.1833005878613	0.417767344264925	0.523460036758325	0.954726700794823	319	0.9200630331871	Activated effector CD8 T cells (stress)	0.910112359550562	CD8-41BB vs STOP	condition_miloCD8.41BB - condition_miloSTOP
0.0140258187402697	11.558993463868	0.000323547915866496	0.98577993315715	0.996475849929803	320	0.996153660783452	Treg	1	CD8-41BB vs STOP	condition_miloCD8.41BB - condition_miloSTOP
0.992056732709164	11.1169823578382	1.22055316413202	0.278911867920493	0.922729047863824	321	0.787145192373818	γδ / Th17-like T cells	1	CD8-41BB vs STOP	condition_miloCD8.41BB - condition_miloSTOP
0.449254985749635	10.9606475334536	0.248857504073332	0.621883998829024	0.954726700794823	322	0.93647420805299	Quiescent T cells	0.928571428571429	CD8-41BB vs STOP	condition_miloCD8.41BB - condition_miloSTOP
0.328170202125058	11.1935021552925	0.152996081318939	0.698730172343831	0.956603404664042	323	0.940315175610175	Cycling / proliferating CAR T cells	0.98936170212766	CD8-41BB vs STOP	condition_miloCD8.41BB - condition_miloSTOP
0.0186122183804221	11.5511525021234	0.000250027718381213	0.987499369162431	0.996475849929803	324	0.996250816708127	IFN-responsive T cells	0.983606557377049	CD8-41BB vs STOP	condition_miloCD8.41BB - condition_miloSTOP
2.90725247560494	10.5376622078145	2.97426194482033	0.0963567875427736	0.820609808356842	325	0.627692739848886	Antigen-presenting myeloid cells	1	CD8-41BB vs STOP	condition_miloCD8.41BB - condition_miloSTOP
1.94557678149708	10.8305439550051	3.84443648457703	0.0602066199460716	0.820609808356842	326	0.627692739848886	γδ T cells	0.985915492957746	CD8-41BB vs STOP	condition_miloCD8.41BB - condition_miloSTOP
0.104714198441494	11.279308321803	0.0146044201863175	0.904697529758209	0.986127181350228	327	0.976664699437794	Cycling / proliferating CAR T cells	1	CD8-41BB vs STOP	condition_miloCD8.41BB - condition_miloSTOP
0.14442169952397	11.5132966304156	0.0366080816961697	0.849683685859706	0.978103787449268	328	0.962031410659001	Naïve / central-memory T cells	1	CD8-41BB vs STOP	condition_miloCD8.41BB - condition_miloSTOP
1.11945014357285	11.7387467659925	1.34016880351787	0.257050777903223	0.922729047863824	329	0.787145192373818	Treg	1	CD8-41BB vs STOP	condition_miloCD8.41BB - condition_miloSTOP
1.67403858251844	11.0233854893319	2.20627594554011	0.148928015043475	0.922729047863824	330	0.733845982457443	Treg	1	CD8-41BB vs STOP	condition_miloCD8.41BB - condition_miloSTOP
0.812631539902103	10.6842045683249	0.364532233404651	0.550993345756354	0.954726700794823	331	0.935560136136708	Treg	0.803571428571429	CD8-41BB vs STOP	condition_miloCD8.41BB - condition_miloSTOP
3.54421195766336	10.3287291602263	2.89401522907113	0.100727260284067	0.8358859211633	332	0.627692739848886	Cycling / proliferating CAR T cells	1	CD8-41BB vs STOP	condition_miloCD8.41BB - condition_miloSTOP
0.372934127665038	11.5058447055418	0.225862654809256	0.638396090899286	0.954726700794823	333	0.93647420805299	Treg	1	CD8-41BB vs STOP	condition_miloCD8.41BB - condition_miloSTOP
-1.44664655160019	11.5690484508957	3.46344834801188	0.0735610936517669	0.820609808356842	334	0.627692739848886	Quiescent T cells	0.952830188679245	CD8-41BB vs STOP	condition_miloCD8.41BB - condition_miloSTOP
-0.59220530885173	11.0187783268777	0.431236629778663	0.516890656879066	0.954726700794823	335	0.918089282434269	Activated effector CD8 T cells (stress)	0.514705882352941	CD8-41BB vs STOP	condition_miloCD8.41BB - condition_miloSTOP
0.931591722589048	11.1529126506753	1.1826873909946	0.286335413069044	0.922729047863824	336	0.791885882144738	NK-like cytotoxic lymphocytes	1	CD8-41BB vs STOP	condition_miloCD8.41BB - condition_miloSTOP
-0.995101905650289	11.4256181661426	1.80135916357098	0.190624561053953	0.922729047863824	337	0.754853129889851	Activated CD4 effector / helper-like T cells	0.915094339622642	CD8-41BB vs STOP	condition_miloCD8.41BB - condition_miloSTOP
2.90309830055374	10.6215556885426	2.67367043669493	0.113957233328428	0.890970943953516	338	0.673935764623848	Antigen-presenting myeloid cells	1	CD8-41BB vs STOP	condition_miloCD8.41BB - condition_miloSTOP
-0.512920440023298	10.626499402043	0.135969660604207	0.715170530444357	0.960470567456672	339	0.941880877980678	Quiescent T cells	0.511627906976744	CD8-41BB vs STOP	condition_miloCD8.41BB - condition_miloSTOP
-1.40537464582213	11.0013226334298	2.44970894339798	0.129086954630137	0.920690191131545	340	0.715133433210838	Th2-like inflammatory T cells	0.967741935483871	CD8-41BB vs STOP	condition_miloCD8.41BB - condition_miloSTOP
0.419561238830166	11.7461559281622	0.259094679729912	0.614839866464307	0.954726700794823	341	0.93647420805299	Treg	1	CD8-41BB vs STOP	condition_miloCD8.41BB - condition_miloSTOP
2.05763383136426	10.2950951958516	1.33739915298489	0.257909816393968	0.922729047863824	342	0.787145192373818	Terminally differentiated cytotoxic T cells	1	CD8-41BB vs STOP	condition_miloCD8.41BB - condition_miloSTOP
0.646686944872852	10.75906740111	0.196067943681991	0.661408734041138	0.954726700794823	343	0.93647420805299	Treg	0.803571428571429	CD8-41BB vs STOP	condition_miloCD8.41BB - condition_miloSTOP
0.478215218178	11.6298705957991	0.332285041380394	0.569226988897608	0.954726700794823	344	0.93647420805299	Activated effector CD8 T cells (stress)	1	CD8-41BB vs STOP	condition_miloCD8.41BB - condition_miloSTOP
0.419503583391221	11.002837092149	0.171227012151658	0.682262379082572	0.954726700794823	345	0.938063623035667	γδ T cells	0.455882352941176	CD8-41BB vs STOP	condition_miloCD8.41BB - condition_miloSTOP
-0.443222681231085	11.3626954668901	0.246013102283253	0.623873474395538	0.954726700794823	346	0.93647420805299	γδ T cells	0.5	CD8-41BB vs STOP	condition_miloCD8.41BB - condition_miloSTOP
0.719059107653417	10.8214179451475	0.562442300251319	0.459947254632695	0.954726700794823	347	0.898709325443374	Quiescent T cells	0.940298507462687	CD8-41BB vs STOP	condition_miloCD8.41BB - condition_miloSTOP
0.746972816995453	10.8924168639273	0.537486382382539	0.469736695772531	0.954726700794823	348	0.901421983262695	Treg	0.619718309859155	CD8-41BB vs STOP	condition_miloCD8.41BB - condition_miloSTOP
-0.257355019315627	11.1932421168414	0.0651511981730994	0.80044878215724	0.969632070483221	349	0.947638465880981	Treg	1	CD8-41BB vs STOP	condition_miloCD8.41BB - condition_miloSTOP
-0.0773497453888517	10.9781739759965	0.00669101864529922	0.935404700435624	0.993727043584695	350	0.987330828908677	Activated CD4 effector / helper-like T cells	0.837837837837838	CD8-41BB vs STOP	condition_miloCD8.41BB - condition_miloSTOP
-0.0830992006095149	11.0512829674311	0.00790578182866786	0.929800153652552	0.993727043584695	351	0.984691099890854	Activated CD4 effector / helper-like T cells	0.866666666666667	CD8-41BB vs STOP	condition_miloCD8.41BB - condition_miloSTOP
0.050446130068136	10.9315587001159	0.00351473491965789	0.953157589689772	0.993733031414065	352	0.987330828908677	Treg	0.942028985507246	CD8-41BB vs STOP	condition_miloCD8.41BB - condition_miloSTOP
-0.475555826852379	11.6801992301723	0.374723238127045	0.545515308492031	0.954726700794823	353	0.935221017694368	Naïve / central-memory T cells	1	CD8-41BB vs STOP	condition_miloCD8.41BB - condition_miloSTOP
0.839505527239069	11.5431490021723	1.12006361246748	0.29919657687877	0.922729047863824	354	0.811919124027939	Treg	1	CD8-41BB vs STOP	condition_miloCD8.41BB - condition_miloSTOP
-0.574284650016577	10.9206456033196	0.479426846215728	0.494540682895844	0.954726700794823	355	0.914290167517543	Cycling / proliferating CAR T cells	0.915492957746479	CD8-41BB vs STOP	condition_miloCD8.41BB - condition_miloSTOP
-0.929495758447701	11.4317022536228	1.05474239969886	0.313447952370974	0.922729047863824	356	0.836044516969402	Quiescent T cells	0.872549019607843	CD8-41BB vs STOP	condition_miloCD8.41BB - condition_miloSTOP
-0.156002066751209	11.0598651534743	0.0298134618180379	0.864190237642892	0.978607753319053	357	0.964470942294605	Cycling / proliferating CAR T cells	1	CD8-41BB vs STOP	condition_miloCD8.41BB - condition_miloSTOP
-0.408801123661047	11.3888045297506	0.156543785591139	0.695439413348747	0.954726700794823	358	0.938063623035667	Quiescent T cells	0.779069767441861	CD8-41BB vs STOP	condition_miloCD8.41BB - condition_miloSTOP
1.15346923021489	11.5055977902791	1.24565715453231	0.274129000220757	0.922729047863824	359	0.787145192373818	Treg	0.991379310344828	CD8-41BB vs STOP	condition_miloCD8.41BB - condition_miloSTOP
0.187933549210031	11.1499599223977	0.0449911804284277	0.833598833006882	0.969632070483221	360	0.952005922895316	Quiescent T cells	0.711111111111111	CD8-41BB vs STOP	condition_miloCD8.41BB - condition_miloSTOP
-1.43555176020241	11.0869486474932	2.96448128544008	0.0964466683658236	0.820609808356842	361	0.627692739848886	Activated effector CD8 T cells (stress)	0.558441558441558	CD8-41BB vs STOP	condition_miloCD8.41BB - condition_miloSTOP
2.87587996431835	10.7087139782823	3.20867118827642	0.0843632939415749	0.820609808356842	362	0.627692739848886	Antigen-presenting myeloid cells	1	CD8-41BB vs STOP	condition_miloCD8.41BB - condition_miloSTOP
1.02579163515286	11.5453523814989	1.33813975297217	0.257402753610546	0.922729047863824	363	0.787145192373818	Naïve / central-memory T cells	0.845528455284553	CD8-41BB vs STOP	condition_miloCD8.41BB - condition_miloSTOP
-2.23315668349965	11.0231047157207	5.15486872853868	0.0316177296434643	0.805008709933751	364	0.487244071548301	Activated CD4 effector / helper-like T cells	0.957746478873239	CD8-41BB vs STOP	condition_miloCD8.41BB - condition_miloSTOP
-0.726571479327748	11.8551982511114	0.919779160387797	0.345965587335679	0.922729047863824	365	0.843314942218463	Quiescent T cells	0.993377483443709	CD8-41BB vs STOP	condition_miloCD8.41BB - condition_miloSTOP
-0.790431363089471	10.9331960585758	0.73665195221492	0.39822219680552	0.930859486751175	366	0.8511607884898	Treg	0.590909090909091	CD8-41BB vs STOP	condition_miloCD8.41BB - condition_miloSTOP
0.777464546694945	11.3505430053407	0.484156171209053	0.492437937183463	0.954726700794823	367	0.914084167445907	Treg	1	CD8-41BB vs STOP	condition_miloCD8.41BB - condition_miloSTOP
-0.105903174334703	11.3557952201855	0.0156615085247725	0.901326697666298	0.986127181350228	368	0.976664699437794	Treg	1	CD8-41BB vs STOP	condition_miloCD8.41BB - condition_miloSTOP
0.448155279814265	11.3670804964971	0.309669047917526	0.582424853130733	0.954726700794823	369	0.93647420805299	Quiescent T cells	0.885714285714286	CD8-41BB vs STOP	condition_miloCD8.41BB - condition_miloSTOP
0.262990842015312	11.0927768803178	0.0509185483372099	0.823156418148369	0.969632070483221	370	0.949348823331375	Quiescent T cells	0.632911392405063	CD8-41BB vs STOP	condition_miloCD8.41BB - condition_miloSTOP
0.510247025117028	10.8074697613875	0.273592536739919	0.605159521097754	0.954726700794823	371	0.93647420805299	Cycling / proliferating CAR T cells	1	CD8-41BB vs STOP	condition_miloCD8.41BB - condition_miloSTOP
0.621924191155835	10.8790176976639	0.445917309169589	0.509896648957461	0.954726700794823	372	0.918089282434269	Activated effector CD8 T cells (stress)	0.779411764705882	CD8-41BB vs STOP	condition_miloCD8.41BB - condition_miloSTOP
0.403863178945392	11.5521780757554	0.288071033319299	0.595814616500052	0.954726700794823	373	0.93647420805299	Naïve / central-memory T cells	0.991071428571429	CD8-41BB vs STOP	condition_miloCD8.41BB - condition_miloSTOP
0.789497522873693	10.9199941585134	0.686351025592775	0.414605919989441	0.936387167424095	374	0.85796286050828	Treg	1	CD8-41BB vs STOP	condition_miloCD8.41BB - condition_miloSTOP
-0.206936663889938	11.4347891309977	0.0601602826240565	0.808080596674776	0.969632070483221	375	0.947638465880981	Quiescent T cells	0.716981132075472	CD8-41BB vs STOP	condition_miloCD8.41BB - condition_miloSTOP
0.509794266134138	10.9532617336378	0.310422598078531	0.581968896257553	0.954726700794823	376	0.93647420805299	NK-like cytotoxic lymphocytes	1	CD8-41BB vs STOP	condition_miloCD8.41BB - condition_miloSTOP
0.490289308908624	10.883131043645	0.199054412988921	0.659010322467691	0.954726700794823	377	0.93647420805299	Activated CD4 effector / helper-like T cells	1	CD8-41BB vs STOP	condition_miloCD8.41BB - condition_miloSTOP
1.32525206064126	11.1357351645715	1.8315416077065	0.187066433547764	0.922729047863824	378	0.748967313871193	NK-like cytotoxic lymphocytes	1	CD8-41BB vs STOP	condition_miloCD8.41BB - condition_miloSTOP
-0.2062103732684	11.4232475857905	0.0557039625290744	0.815184537542892	0.969632070483221	379	0.948479778438057	Activated effector CD8 T cells (stress)	0.603960396039604	CD8-41BB vs STOP	condition_miloCD8.41BB - condition_miloSTOP
-0.715232128899768	10.9927354284425	0.571816141511527	0.456026056257708	0.954726700794823	380	0.897124826465718	Quiescent T cells	0.802816901408451	CD8-41BB vs STOP	condition_miloCD8.41BB - condition_miloSTOP
1.42163786650034	10.9165942283733	1.74838231550847	0.19748653699826	0.922729047863824	381	0.768649468163047	Terminally differentiated cytotoxic T cells	0.960526315789474	CD8-41BB vs STOP	condition_miloCD8.41BB - condition_miloSTOP
-0.469399594307111	11.6866311276952	0.261367381109802	0.613299987797044	0.954726700794823	382	0.93647420805299	Quiescent T cells	0.767441860465116	CD8-41BB vs STOP	condition_miloCD8.41BB - condition_miloSTOP
0.649195161106144	10.6248855299482	0.196710693981987	0.660890699967881	0.954726700794823	383	0.93647420805299	Cycling / proliferating CAR T cells	1	CD8-41BB vs STOP	condition_miloCD8.41BB - condition_miloSTOP
-0.327688029167973	11.4099170560922	0.0722085202957173	0.790305168473437	0.969632070483221	384	0.947638465880981	Quiescent T cells	0.894736842105263	CD8-41BB vs STOP	condition_miloCD8.41BB - condition_miloSTOP
-1.0084157911843	10.8880420065755	1.24662408897609	0.273946929895901	0.922729047863824	385	0.787145192373818	Activated effector CD8 T cells (stress)	0.923076923076923	CD8-41BB vs STOP	condition_miloCD8.41BB - condition_miloSTOP
0.389614905813954	11.4862491400576	0.224040273293414	0.639748444528218	0.954726700794823	386	0.93647420805299	Naïve / central-memory T cells	0.666666666666667	CD8-41BB vs STOP	condition_miloCD8.41BB - condition_miloSTOP
-0.268313938030737	11.0041858186546	0.0861352043869649	0.771372813164798	0.965352316170341	387	0.94246794032783	Activated CD4 effector / helper-like T cells	0.783783783783784	CD8-41BB vs STOP	condition_miloCD8.41BB - condition_miloSTOP
-0.344265031424187	11.508605692039	0.17002058679703	0.683319482923041	0.954726700794823	388	0.938063623035667	Treg	0.982300884955752	CD8-41BB vs STOP	condition_miloCD8.41BB - condition_miloSTOP
0.217578609418061	10.7698107893466	0.0451905849884026	0.833296144760909	0.969632070483221	389	0.952005922895316	Activated CD4 effector / helper-like T cells	0.7	CD8-41BB vs STOP	condition_miloCD8.41BB - condition_miloSTOP
0.619509198274712	11.1069437341724	0.491825482520917	0.489060405362684	0.954726700794823	390	0.910745350937977	Activated effector CD8 T cells (stress)	1	CD8-41BB vs STOP	condition_miloCD8.41BB - condition_miloSTOP
1.4094853361566	11.7631302482918	3.27549461197193	0.0813649023069641	0.820609808356842	391	0.627692739848886	γδ T cells	1	CD8-41BB vs STOP	condition_miloCD8.41BB - condition_miloSTOP
0.375389390774751	11.7383226044681	0.214068004781637	0.647270946114219	0.954726700794823	392	0.93647420805299	Naïve / central-memory T cells	1	CD8-41BB vs STOP	condition_miloCD8.41BB - condition_miloSTOP
0.0608521605991443	10.8668434492575	0.00361417598032424	0.95250037994293	0.993733031414065	393	0.987330828908677	Cycling / proliferating CAR T cells	0.971014492753623	CD8-41BB vs STOP	condition_miloCD8.41BB - condition_miloSTOP
-0.648062556921352	11.6921959419111	0.790425867601209	0.381752784549667	0.922729047863824	394	0.843314942218463	Activated effector CD8 T cells (stress)	1	CD8-41BB vs STOP	condition_miloCD8.41BB - condition_miloSTOP
-1.20417357236368	11.0243048709529	1.68953794341747	0.204550251650357	0.922729047863824	395	0.769821141971736	Th2-like inflammatory T cells	1	CD8-41BB vs STOP	condition_miloCD8.41BB - condition_miloSTOP
-1.12061014039738	11.0464537151229	1.60423614354411	0.216023668818737	0.922729047863824	396	0.784681465211823	Activated effector CD8 T cells (stress)	0.970588235294118	CD8-41BB vs STOP	condition_miloCD8.41BB - condition_miloSTOP
0.370816373508493	10.4799234263642	0.0569949217045986	0.813096541530199	0.969632070483221	397	0.947638465880981	Cycling / proliferating CAR T cells	0.957446808510638	CD8-41BB vs STOP	condition_miloCD8.41BB - condition_miloSTOP
-0.0426036080191616	10.7308638261014	0.00131619716443597	0.971324015784048	0.996475849929803	398	0.994417242264562	Activated CD4 effector / helper-like T cells	0.67741935483871	CD8-41BB vs STOP	condition_miloCD8.41BB - condition_miloSTOP
0.0686533898753739	11.3918907640929	0.00569100149129517	0.940416760498816	0.993727043584695	399	0.987330828908677	Activated effector CD8 T cells (stress)	0.854166666666667	CD8-41BB vs STOP	condition_miloCD8.41BB - condition_miloSTOP
-0.594978544080778	11.4459609476134	0.486629336757794	0.491344419523852	0.954726700794823	400	0.913542608092178	Activated effector CD8 T cells (stress)	0.973913043478261	CD8-41BB vs STOP	condition_miloCD8.41BB - condition_miloSTOP
-2.75537276527714	11.1332460806915	4.86685786440071	0.035988406101675	0.805008709933751	401	0.51610622963035	Antigen-presenting myeloid cells	0.815384615384615	CD8-41BB vs STOP	condition_miloCD8.41BB - condition_miloSTOP
-0.364275362002172	11.1624782784189	0.184553906531238	0.670866447184468	0.954726700794823	402	0.93647420805299	Quiescent T cells	0.951807228915663	CD8-41BB vs STOP	condition_miloCD8.41BB - condition_miloSTOP
-0.926397647926493	11.3954613319184	0.971722153119288	0.332923326036913	0.922729047863824	403	0.843314942218463	Quiescent T cells	0.961165048543689	CD8-41BB vs STOP	condition_miloCD8.41BB - condition_miloSTOP
-0.424115809374663	10.9994803962929	0.233392296213104	0.632878748358345	0.954726700794823	404	0.93647420805299	Treg	0.53030303030303	CD8-41BB vs STOP	condition_miloCD8.41BB - condition_miloSTOP
-0.480190837984569	10.9128935823567	0.295840548643624	0.590924721602602	0.954726700794823	405	0.93647420805299	Quiescent T cells	0.927536231884058	CD8-41BB vs STOP	condition_miloCD8.41BB - condition_miloSTOP
0.62859063984363	10.7117628292161	0.329896967933872	0.570431260454501	0.954726700794823	406	0.93647420805299	Treg	0.981481481481482	CD8-41BB vs STOP	condition_miloCD8.41BB - condition_miloSTOP
-1.15173328329471	11.1762028295348	1.20365933894514	0.282192219697837	0.922729047863824	407	0.787145192373818	Quiescent T cells	0.91358024691358	CD8-41BB vs STOP	condition_miloCD8.41BB - condition_miloSTOP
-1.94605839876899	11.0852939907011	3.64051074997259	0.0669779823445546	0.820609808356842	408	0.627692739848886	Antigen-presenting myeloid cells	1	CD8-41BB vs STOP	condition_miloCD8.41BB - condition_miloSTOP
-0.020240880402102	11.8910383813635	0.000935562241155326	0.975821867279856	0.996475849929803	409	0.994417242264562	Quiescent T cells	0.981132075471698	CD8-41BB vs STOP	condition_miloCD8.41BB - condition_miloSTOP
1.25382113250074	10.6144829013661	0.815262963587433	0.374780167463465	0.922729047863824	410	0.843314942218463	Cycling / proliferating CAR T cells	1	CD8-41BB vs STOP	condition_miloCD8.41BB - condition_miloSTOP
0.164115496892201	11.4108996762425	0.0333714055929901	0.856402658425254	0.978607753319053	411	0.963228057703767	Activated effector CD8 T cells (stress)	0.963963963963964	CD8-41BB vs STOP	condition_miloCD8.41BB - condition_miloSTOP
0.456050088250106	10.5927702389181	0.113623239619179	0.738638765368973	0.965352316170341	412	0.941880877980678	Cycling / proliferating CAR T cells	0.686274509803922	CD8-41BB vs STOP	condition_miloCD8.41BB - condition_miloSTOP
0.653800593883443	11.0089190999442	0.278078843042148	0.602230571869795	0.954726700794823	413	0.93647420805299	Antigen-presenting myeloid cells	1	CD8-41BB vs STOP	condition_miloCD8.41BB - condition_miloSTOP
-0.91080527094272	11.4944827980719	1.27727839437703	0.26825561840955	0.922729047863824	414	0.787145192373818	Quiescent T cells	0.645454545454546	CD8-41BB vs STOP	condition_miloCD8.41BB - condition_miloSTOP
-0.067171307277653	10.8417639975097	0.00500731178478207	0.944103664328926	0.993733031414065	415	0.987330828908677	Naïve / central-memory T cells	0.563636363636364	CD8-41BB vs STOP	condition_miloCD8.41BB - condition_miloSTOP
0.807623986388011	11.2472175761209	0.838418521436239	0.367881786007796	0.922729047863824	416	0.843314942218463	Activated effector CD8 T cells (stress)	0.989583333333333	CD8-41BB vs STOP	condition_miloCD8.41BB - condition_miloSTOP
0.7315071690339	11.3632632527656	0.660436489733305	0.423449317635037	0.937999285279205	417	0.864077626823756	Activated effector CD8 T cells (stress)	1	CD8-41BB vs STOP	condition_miloCD8.41BB - condition_miloSTOP
0.452824990845093	10.9578102002591	0.190788167017103	0.66570315005304	0.954726700794823	418	0.93647420805299	Treg	1	CD8-41BB vs STOP	condition_miloCD8.41BB - condition_miloSTOP
-1.14293998295326	11.8349124770561	2.53807424676414	0.122665169199676	0.909357787666931	419	0.6979283646364	Naïve / central-memory T cells	1	CD8-41BB vs STOP	condition_miloCD8.41BB - condition_miloSTOP
-1.85247556364201	11.4516686699605	4.40854405665159	0.0451528555242589	0.820609808356842	420	0.573871320900694	Activated effector CD8 T cells (stress)	0.795918367346939	CD8-41BB vs STOP	condition_miloCD8.41BB - condition_miloSTOP
-0.763037163260929	11.3442085778027	0.859020585626542	0.362149543466859	0.922729047863824	421	0.843314942218463	Quiescent T cells	0.677083333333333	CD8-41BB vs STOP	condition_miloCD8.41BB - condition_miloSTOP
-0.0769107714079916	10.6326105971118	0.00366327775826974	0.95217921176873	0.993733031414065	422	0.987330828908677	IFN-responsive T cells	0.941176470588235	CD8-41BB vs STOP	condition_miloCD8.41BB - condition_miloSTOP
1.24797496692716	10.7669075833531	1.32403463342483	0.259866769945262	0.922729047863824	423	0.787145192373818	Activated effector CD8 T cells (stress)	0.625	CD8-41BB vs STOP	condition_miloCD8.41BB - condition_miloSTOP
-0.353416678741773	10.8716915026217	0.162655303614645	0.689870652422073	0.954726700794823	424	0.938063623035667	IFN-responsive T cells	0.939393939393939	CD8-41BB vs STOP	condition_miloCD8.41BB - condition_miloSTOP
-2.71170063330988	11.3448254774958	4.65547029336608	0.040540006975081	0.805008709933751	425	0.539401661901585	Quiescent T cells	0.693333333333333	CD8-41BB vs STOP	condition_miloCD8.41BB - condition_miloSTOP
-0.81462873945225	11.1706229448538	0.781985520313917	0.384270689122271	0.922729047863824	426	0.843314942218463	Th2-like inflammatory T cells	1	CD8-41BB vs STOP	condition_miloCD8.41BB - condition_miloSTOP
0.436128001412087	11.5975740352181	0.276067603066874	0.603539860737286	0.954726700794823	427	0.93647420805299	γδ T cells	0.957627118644068	CD8-41BB vs STOP	condition_miloCD8.41BB - condition_miloSTOP
-1.11980639161301	10.8815595584336	1.84205182985768	0.18584644199082	0.922729047863824	428	0.748967313871193	Activated CD4 effector / helper-like T cells	0.984126984126984	CD8-41BB vs STOP	condition_miloCD8.41BB - condition_miloSTOP
-1.88173235872474	11.4748142756483	4.03206348575361	0.0546508638813933	0.820609808356842	429	0.614288363078792	Activated effector CD8 T cells (stress)	0.94	CD8-41BB vs STOP	condition_miloCD8.41BB - condition_miloSTOP
0.642393251538792	11.0352767814799	0.515847032463884	0.478731805125082	0.954726700794823	430	0.905732173399445	Treg	0.960526315789474	CD8-41BB vs STOP	condition_miloCD8.41BB - condition_miloSTOP
-1.15969728745233	11.0994127160721	1.41153638537558	0.245053731365735	0.922729047863824	431	0.787145192373818	Antigen-presenting myeloid cells	1	CD8-41BB vs STOP	condition_miloCD8.41BB - condition_miloSTOP
-0.672808659627432	10.9149521411552	0.650058787092857	0.427072326521446	0.942270688674301	432	0.866798114051286	Activated CD4 effector / helper-like T cells	0.72463768115942	CD8-41BB vs STOP	condition_miloCD8.41BB - condition_miloSTOP
-0.00470858404199258	11.0876985320155	3.467711112948e-05	0.99534440208004	0.996475849929803	433	0.996475849929803	Cycling / proliferating CAR T cells	1	CD8-41BB vs STOP	condition_miloCD8.41BB - condition_miloSTOP
1.47102136986894	10.3030352253746	0.788964768703432	0.38248040477335	0.922729047863824	434	0.843314942218463	Treg	0.675	CD8-41BB vs STOP	condition_miloCD8.41BB - condition_miloSTOP
0.11740800560403	11.2517490435573	0.0169248759416814	0.897446364566283	0.986127181350228	435	0.976664699437794	Quiescent T cells	0.709677419354839	CD8-41BB vs STOP	condition_miloCD8.41BB - condition_miloSTOP
-0.513277447052849	10.996938763379	0.314293266743595	0.579638272557133	0.954726700794823	436	0.93647420805299	Quiescent T cells	0.712328767123288	CD8-41BB vs STOP	condition_miloCD8.41BB - condition_miloSTOP
-0.110760650066685	10.8721244182778	0.0148773140536646	0.90384969620529	0.986127181350228	437	0.976664699437794	Activated effector CD8 T cells (stress)	0.942028985507246	CD8-41BB vs STOP	condition_miloCD8.41BB - condition_miloSTOP
-1.04650260996477	11.685771161583	1.81292318954544	0.189251637407954	0.922729047863824	438	0.754853129889851	Activated effector CD8 T cells (stress)	0.870967741935484	CD8-41BB vs STOP	condition_miloCD8.41BB - condition_miloSTOP
0.337555149309239	10.5450681448797	0.0806999757569856	0.778498500732676	0.968333705609324	439	0.943815319585612	Cycling / proliferating CAR T cells	1	CD8-41BB vs STOP	condition_miloCD8.41BB - condition_miloSTOP
2.36819188819928	11.1830507207261	5.21021121117327	0.0304746795171871	0.805008709933751	440	0.487244071548301	NK-like cytotoxic lymphocytes	1	CD8-41BB vs STOP	condition_miloCD8.41BB - condition_miloSTOP
-0.203696145152459	11.4306393048019	0.0553476623212242	0.815765313709277	0.969632070483221	441	0.948479778438057	Treg	1	CD8-41BB vs STOP	condition_miloCD8.41BB - condition_miloSTOP
0.782450115599702	11.2577748543627	0.679861129082197	0.416793883600754	0.936387167424095	442	0.8605119937996	Treg	0.989247311827957	CD8-41BB vs STOP	condition_miloCD8.41BB - condition_miloSTOP
0.493292462161915	10.7759296467031	0.220003583959523	0.642768264832583	0.954726700794823	443	0.93647420805299	Quiescent T cells	0.844827586206897	CD8-41BB vs STOP	condition_miloCD8.41BB - condition_miloSTOP
0.72964067447699	10.9973045602946	0.664799175925817	0.421940388478941	0.937999285279205	444	0.863469497055491	Treg	1	CD8-41BB vs STOP	condition_miloCD8.41BB - condition_miloSTOP
-1.25720734645842	10.9411267537312	1.78896809976071	0.192109195010615	0.922729047863824	445	0.754853129889851	Antigen-presenting myeloid cells	1	CD8-41BB vs STOP	condition_miloCD8.41BB - condition_miloSTOP
-0.74966455934504	11.2530029929851	0.880799263635426	0.356227562687108	0.922729047863824	446	0.843314942218463	Quiescent T cells	0.921348314606742	CD8-41BB vs STOP	condition_miloCD8.41BB - condition_miloSTOP
0.190225262661951	11.685084031937	0.0638957630060908	0.802338336101019	0.969632070483221	447	0.947638465880981	Treg	1	CD8-41BB vs STOP	condition_miloCD8.41BB - condition_miloSTOP
-1.16348462010358	10.9918368377179	1.55420370485326	0.223126126074397	0.922729047863824	448	0.787145192373818	Activated CD4 effector / helper-like T cells	0.915492957746479	CD8-41BB vs STOP	condition_miloCD8.41BB - condition_miloSTOP
1.28891863845467	10.8799355790217	1.44823332441215	0.239162573249284	0.922729047863824	449	0.787145192373818	Activated CD4 effector / helper-like T cells	0.863636363636364	CD8-41BB vs STOP	condition_miloCD8.41BB - condition_miloSTOP
2.91802333844863	10.9800941132125	6.83717139799942	0.0146012530533472	0.699878670172238	450	0.396050843111886	Terminally differentiated cytotoxic T cells	0.879518072289157	CD8-41BB vs STOP	condition_miloCD8.41BB - condition_miloSTOP
0.231802548170723	11.1692554325387	0.0468367120950191	0.830273989659623	0.969632070483221	451	0.952005922895316	Treg	0.975903614457831	CD8-41BB vs STOP	condition_miloCD8.41BB - condition_miloSTOP
1.26457811963911	11.3841617980712	2.36962381593965	0.135249634337118	0.922729047863824	452	0.715203177692161	γδ T cells	0.990476190476191	CD8-41BB vs STOP	condition_miloCD8.41BB - condition_miloSTOP
-1.39900879178262	11.7841049165358	3.29255729751891	0.0806188832830906	0.820609808356842	453	0.627692739848886	Activated effector CD8 T cells (stress)	0.712121212121212	CD8-41BB vs STOP	condition_miloCD8.41BB - condition_miloSTOP
-0.724729289032803	10.8780300353256	0.731552884116357	0.39983829914594	0.930859486751175	454	0.8511607884898	Activated CD4 effector / helper-like T cells	0.953846153846154	CD8-41BB vs STOP	condition_miloCD8.41BB - condition_miloSTOP
-0.610781421315912	11.1768263006712	0.40958495905834	0.527525014109676	0.954726700794823	455	0.921884150635785	Antigen-presenting myeloid cells	0.987654320987654	CD8-41BB vs STOP	condition_miloCD8.41BB - condition_miloSTOP
2.82699354047523	10.6354883800968	3.06541338130259	0.0912265751038835	0.820609808356842	456	0.627692739848886	Antigen-presenting myeloid cells	1	CD8-41BB vs STOP	condition_miloCD8.41BB - condition_miloSTOP
-1.11127307758617	11.827080515109	2.2818772956099	0.142403503560511	0.922729047863824	457	0.733845982457443	Activated effector CD8 T cells (stress)	0.757575757575758	CD8-41BB vs STOP	condition_miloCD8.41BB - condition_miloSTOP
-0.533147622038926	10.9549855690382	0.346441923202026	0.560981787618545	0.954726700794823	458	0.93647420805299	IFN-responsive T cells	1	CD8-41BB vs STOP	condition_miloCD8.41BB - condition_miloSTOP
6.46244697535408	10.4455041625977	6.26991752346044	0.0188189852434178	0.715484697781327	459	0.425551301682489	Terminally differentiated cytotoxic T cells	1	CD8-41BB vs STOP	condition_miloCD8.41BB - condition_miloSTOP
-2.27765381678925	10.9709169193383	3.28064739938524	0.0811387852944777	0.820609808356842	460	0.627692739848886	IFN-responsive T cells	0.863013698630137	CD8-41BB vs STOP	condition_miloCD8.41BB - condition_miloSTOP
-0.480742797489781	10.8358479934877	0.269556780794764	0.607820720263856	0.954726700794823	461	0.93647420805299	Activated CD4 effector / helper-like T cells	0.901639344262295	CD8-41BB vs STOP	condition_miloCD8.41BB - condition_miloSTOP
0.96622049971849	11.3575158676551	1.29081820451384	0.265790736183295	0.922729047863824	462	0.787145192373818	NK-like cytotoxic lymphocytes	1	CD8-41BB vs STOP	condition_miloCD8.41BB - condition_miloSTOP
-1.04605946278186	11.113499135674	0.424111188330446	0.520347332393345	0.954726700794823	463	0.918089282434269	Quiescent T cells	0.943661971830986	CD8-41BB vs STOP	condition_miloCD8.41BB - condition_miloSTOP
-0.717524494508388	11.2135266792263	0.864913452456772	0.360533428259098	0.922729047863824	464	0.843314942218463	Quiescent T cells	0.922222222222222	CD8-41BB vs STOP	condition_miloCD8.41BB - condition_miloSTOP
2.1078007649543	10.6190480767455	1.98327799398942	0.170353066378952	0.922729047863824	465	0.733845982457443	NK-like cytotoxic lymphocytes	0.918367346938776	CD8-41BB vs STOP	condition_miloCD8.41BB - condition_miloSTOP
0.178759153045165	11.0299866629675	0.032571068051533	0.858115520939474	0.978607753319053	466	0.963228057703767	Antigen-presenting myeloid cells	1	CD8-41BB vs STOP	condition_miloCD8.41BB - condition_miloSTOP
0.197671899258905	10.8823902575628	0.0307176128497015	0.862167701452479	0.978607753319053	467	0.964470942294605	Activated effector CD8 T cells (stress)	0.53968253968254	CD8-41BB vs STOP	condition_miloCD8.41BB - condition_miloSTOP
0.205926228775434	11.4499021402534	0.0506861142977404	0.823553480813426	0.969632070483221	468	0.949348823331375	Treg	1	CD8-41BB vs STOP	condition_miloCD8.41BB - condition_miloSTOP
-0.445056861824024	10.4950660308187	0.0594999699719393	0.809115176605411	0.969632070483221	469	0.947638465880981	Quiescent T cells	0.512820512820513	CD8-41BB vs STOP	condition_miloCD8.41BB - condition_miloSTOP
1.0798841106856	11.0660324117957	1.20807947915289	0.281329067558819	0.922729047863824	470	0.787145192373818	Naïve / central-memory T cells	0.986842105263158	CD8-41BB vs STOP	condition_miloCD8.41BB - condition_miloSTOP
-1.45024803468524	10.9836076333786	2.42665360418106	0.13082667401814	0.920690191131545	471	0.715133433210838	Activated effector CD8 T cells (stress)	0.545454545454545	CD8-41BB vs STOP	condition_miloCD8.41BB - condition_miloSTOP
-0.796913895180952	11.962001067184	0.964294538338074	0.334745983830942	0.922729047863824	472	0.843314942218463	Quiescent T cells	0.952702702702703	CD8-41BB vs STOP	condition_miloCD8.41BB - condition_miloSTOP
-0.22912187827321	10.8168586021747	0.0574424755466357	0.812378521686575	0.969632070483221	473	0.947638465880981	Cycling / proliferating CAR T cells	0.403508771929825	CD8-41BB vs STOP	condition_miloCD8.41BB - condition_miloSTOP
-0.929275735289377	10.9621967073346	0.823203989678242	0.372199042478012	0.922729047863824	474	0.843314942218463	Quiescent T cells	0.521739130434783	CD8-41BB vs STOP	condition_miloCD8.41BB - condition_miloSTOP
-0.385399734574689	11.7677771484387	0.190246575459151	0.666147670840657	0.954726700794823	475	0.93647420805299	Quiescent T cells	1	CD8-41BB vs STOP	condition_miloCD8.41BB - condition_miloSTOP
-1.20629838617341	11.2846092627305	2.40515949742337	0.132473408795906	0.920690191131545	476	0.715203177692161	Quiescent T cells	0.726190476190476	CD8-41BB vs STOP	condition_miloCD8.41BB - condition_miloSTOP
0.831071768422786	10.6343646121629	0.422711650973087	0.521031159494457	0.954726700794823	477	0.918089282434269	Activated CD4 effector / helper-like T cells	0.981132075471698	CD8-41BB vs STOP	condition_miloCD8.41BB - condition_miloSTOP
0.688249217345702	11.0248744082053	0.387272176456824	0.538909633941428	0.954726700794823	478	0.93170335661621	γδ T cells	0.648648648648649	CD8-41BB vs STOP	condition_miloCD8.41BB - condition_miloSTOP
0.346678543580359	10.9337453331129	0.157271182052465	0.694770060324912	0.954726700794823	479	0.938063623035667	Cycling / proliferating CAR T cells	0.972972972972973	CD8-41BB vs STOP	condition_miloCD8.41BB - condition_miloSTOP
3.61084707923009	10.3562854767199	3.51102199804146	0.0717230483301748	0.820609808356842	480	0.627692739848886	Antigen-presenting myeloid cells	0.933333333333333	CD8-41BB vs STOP	condition_miloCD8.41BB - condition_miloSTOP
0.745977008874676	11.0003374089936	0.69051830937262	0.413210204751868	0.936387167424095	481	0.85796286050828	Cycling / proliferating CAR T cells	0.987341772151899	CD8-41BB vs STOP	condition_miloCD8.41BB - condition_miloSTOP
-1.41252530245081	11.5477044307544	3.01958400775877	0.0935555602054341	0.820609808356842	482	0.627692739848886	Terminally differentiated cytotoxic T cells	0.982758620689655	CD8-41BB vs STOP	condition_miloCD8.41BB - condition_miloSTOP
0.806478327230444	10.6038902340888	0.290266671240487	0.594424154900131	0.954726700794823	483	0.93647420805299	Activated CD4 effector / helper-like T cells	0.607142857142857	CD8-41BB vs STOP	condition_miloCD8.41BB - condition_miloSTOP
1.68660989560298	11.4156012426448	3.46329134504009	0.0735672473530087	0.820609808356842	484	0.627692739848886	γδ T cells	0.963636363636364	CD8-41BB vs STOP	condition_miloCD8.41BB - condition_miloSTOP
-1.18327766760213	10.6053144002856	0.960393750127041	0.335708732272338	0.922729047863824	485	0.843314942218463	Activated effector CD8 T cells (stress)	1	CD8-41BB vs STOP	condition_miloCD8.41BB - condition_miloSTOP
0.56503340786092	10.6353589834528	0.171585550788219	0.681949062164507	0.954726700794823	486	0.938063623035667	NK-like cytotoxic lymphocytes	0.489795918367347	CD8-41BB vs STOP	condition_miloCD8.41BB - condition_miloSTOP
-0.193164137115671	11.2018893199321	0.0529061924646571	0.819799233219856	0.969632070483221	487	0.949348823331375	Cycling / proliferating CAR T cells	0.989010989010989	CD8-41BB vs STOP	condition_miloCD8.41BB - condition_miloSTOP
0.348088676856737	10.7107958058373	0.103611880116902	0.749993872744793	0.965352316170341	488	0.941880877980678	Activated effector CD8 T cells (stress)	0.793103448275862	CD8-41BB vs STOP	condition_miloCD8.41BB - condition_miloSTOP
0.375630850195762	10.5689161549228	0.0875822111867881	0.769517264589169	0.965352316170341	489	0.94246794032783	γδ T cells	0.804347826086957	CD8-41BB vs STOP	condition_miloCD8.41BB - condition_miloSTOP
-0.140523905346043	10.9292863226323	0.021361099071371	0.884875371508304	0.986127181350228	490	0.973758953115471	Terminally differentiated cytotoxic T cells	0.308823529411765	CD8-41BB vs STOP	condition_miloCD8.41BB - condition_miloSTOP
-0.949203989068979	11.2403690156758	1.05137650125363	0.314206891324592	0.922729047863824	491	0.836044516969402	Antigen-presenting myeloid cells	1	CD8-41BB vs STOP	condition_miloCD8.41BB - condition_miloSTOP
1.69455964127583	10.5292461080279	1.50202418230622	0.231242764347339	0.922729047863824	492	0.787145192373818	Cycling / proliferating CAR T cells	0.923076923076923	CD8-41BB vs STOP	condition_miloCD8.41BB - condition_miloSTOP
0.52737633072782	11.3401953449244	0.369444162328511	0.548340009592589	0.954726700794823	493	0.935560136136708	Treg	1	CD8-41BB vs STOP	condition_miloCD8.41BB - condition_miloSTOP
-0.0433481562002129	11.1441371180752	0.00267663761013433	0.959116262391671	0.993750223239825	494	0.987882255468428	Cycling / proliferating CAR T cells	0.988636363636364	CD8-41BB vs STOP	condition_miloCD8.41BB - condition_miloSTOP
0.0446278044658094	10.8620891774399	0.00281668894568434	0.98072708674802	0.996475849929803	495	0.996053115387696	Treg	0.96969696969697	CD8-41BB vs STOP	condition_miloCD8.41BB - condition_miloSTOP
0.298051622139494	10.6024423081859	0.0635349279867414	0.802885084013864	0.969632070483221	496	0.947638465880981	Activated effector CD8 T cells (stress)	0.306122448979592	CD8-41BB vs STOP	condition_miloCD8.41BB - condition_miloSTOP
1.06253337280516	10.9140522938835	1.33604293351786	0.257767136770504	0.922729047863824	497	0.787145192373818	Quiescent T cells	0.986842105263158	CD8-41BB vs STOP	condition_miloCD8.41BB - condition_miloSTOP
-0.00797679881473901	11.1706850768677	8.61758758157914e-05	0.992660896727278	0.996475849929803	498	0.996475849929803	Treg	0.988235294117647	CD8-41BB vs STOP	condition_miloCD8.41BB - condition_miloSTOP
0.00511207595477535	11.1887586240575	3.82369794181966e-05	0.995111275857641	0.996475849929803	499	0.996475849929803	Cycling / proliferating CAR T cells	1	CD8-41BB vs STOP	condition_miloCD8.41BB - condition_miloSTOP
0.923673399999124	10.6367868790853	0.393048665559224	0.535918992019646	0.954726700794823	500	0.93170335661621	Treg	0.87037037037037	CD8-41BB vs STOP	condition_miloCD8.41BB - condition_miloSTOP
0.171303870215178	11.1950079881183	0.0449880406297645	0.83360454980392	0.969632070483221	501	0.952005922895316	Cycling / proliferating CAR T cells	0.98936170212766	CD8-41BB vs STOP	condition_miloCD8.41BB - condition_miloSTOP
0.324090121403195	11.2914540739782	0.116232355132829	0.735771966044694	0.965352316170341	502	0.941880877980678	Treg	0.989247311827957	CD8-41BB vs STOP	condition_miloCD8.41BB - condition_miloSTOP
0.118167653588667	11.4559507542861	0.0130105267890682	0.910023565822538	0.986127181350228	503	0.977747063728969	Quiescent T cells	0.467289719626168	CD8-41BB vs STOP	condition_miloCD8.41BB - condition_miloSTOP
-0.478360592272223	11.8051674421356	0.37769091391591	0.543939440727486	0.954726700794823	504	0.934798994996175	Quiescent T cells	0.971014492753623	CD8-41BB vs STOP	condition_miloCD8.41BB - condition_miloSTOP
0.453974649552195	11.0437014460073	0.23852027687335	0.629184075977635	0.954726700794823	505	0.93647420805299	Activated effector CD8 T cells (stress)	0.5	CD8-41BB vs STOP	condition_miloCD8.41BB - condition_miloSTOP
0.325238971284902	11.0791972083456	0.144489204882381	0.706805032862052	0.958496581149515	506	0.941880877980678	Cycling / proliferating CAR T cells	0.963855421686747	CD8-41BB vs STOP	condition_miloCD8.41BB - condition_miloSTOP
-1.0465966034802	11.4290777026238	1.45157903737174	0.238634449479178	0.922729047863824	507	0.787145192373818	Quiescent T cells	0.94392523364486	CD8-41BB vs STOP	condition_miloCD8.41BB - condition_miloSTOP
0.348376022994964	11.3180706109801	0.117440876222892	0.734456294794784	0.965352316170341	508	0.941880877980678	Naïve / central-memory T cells	0.522727272727273	CD8-41BB vs STOP	condition_miloCD8.41BB - condition_miloSTOP
-0.443146438450811	10.7019017634998	0.19095368778685	0.665697837409898	0.954726700794823	509	0.93647420805299	Treg	0.821428571428571	CD8-41BB vs STOP	condition_miloCD8.41BB - condition_miloSTOP
0.635101107085234	11.3842263156838	0.565911562915298	0.458337437582273	0.954726700794823	510	0.898709325443374	NK-like cytotoxic lymphocytes	0.989473684210526	CD8-41BB vs STOP	condition_miloCD8.41BB - condition_miloSTOP
-0.403219528723504	10.927445998236	0.18777589374695	0.66818518064232	0.954726700794823	511	0.93647420805299	Quiescent T cells	0.376811594202899	CD8-41BB vs STOP	condition_miloCD8.41BB - condition_miloSTOP
0.653468111052111	10.7279652037839	0.159721352793339	0.692528551754539	0.954726700794823	512	0.938063623035667	Treg	0.6	CD8-41BB vs STOP	condition_miloCD8.41BB - condition_miloSTOP
-1.75304726146975	11.0109192657652	2.13083797490665	0.155795076840262	0.922729047863824	513	0.733845982457443	Antigen-presenting myeloid cells	0.765625	CD8-41BB vs STOP	condition_miloCD8.41BB - condition_miloSTOP
-0.832465991597229	11.5604862423205	1.12741598096853	0.297647305577491	0.922729047863824	514	0.810106190678896	Terminally differentiated cytotoxic T cells	0.991666666666667	CD8-41BB vs STOP	condition_miloCD8.41BB - condition_miloSTOP
1.30025478243876	11.0279596589479	1.40273486386993	0.246494043732835	0.922729047863824	515	0.787145192373818	Treg	0.986301369863014	CD8-41BB vs STOP	condition_miloCD8.41BB - condition_miloSTOP
1.85563005309509	11.038583295864	3.11241196764421	0.0889068915272576	0.820609808356842	516	0.627692739848886	Treg	0.987179487179487	CD8-41BB vs STOP	condition_miloCD8.41BB - condition_miloSTOP
1.21503196490395	11.0904960889939	1.57103606633018	0.220704567000008	0.922729047863824	517	0.787145192373818	Treg	1	CD8-41BB vs STOP	condition_miloCD8.41BB - condition_miloSTOP
0.442945753424	11.1665413326496	0.293079886255612	0.592652531576926	0.954726700794823	518	0.93647420805299	NK-like cytotoxic lymphocytes	1	CD8-41BB vs STOP	condition_miloCD8.41BB - condition_miloSTOP
0.255302967228929	10.9446412434074	0.091347877205077	0.76476544097016	0.965352316170341	519	0.94246794032783	Cycling / proliferating CAR T cells	1	CD8-41BB vs STOP	condition_miloCD8.41BB - condition_miloSTOP
0.188065159827015	10.5810292425272	0.024483458636846	0.87681455692405	0.986127181350228	520	0.970904707808436	Th2-like inflammatory T cells	0.456521739130435	CD8-41BB vs STOP	condition_miloCD8.41BB - condition_miloSTOP
0.47836699400172	10.7610280934233	0.203941165370808	0.655132146246425	0.954726700794823	521	0.93647420805299	Activated CD4 effector / helper-like T cells	0.854545454545454	CD8-41BB vs STOP	condition_miloCD8.41BB - condition_miloSTOP
0.69321817573386	11.3307903667032	0.553706510441685	0.463175940726641	0.954726700794823	522	0.899260808416187	Naïve / central-memory T cells	0.967032967032967	CD8-41BB vs STOP	condition_miloCD8.41BB - condition_miloSTOP
0.607533142757023	11.6808522589639	0.630823672424262	0.433916101721486	0.942411533426351	523	0.87117244226829	NK-like cytotoxic lymphocytes	1	CD8-41BB vs STOP	condition_miloCD8.41BB - condition_miloSTOP
1.0210546661443	10.981761693121	0.856301328217438	0.363431505349835	0.922729047863824	524	0.843314942218463	Quiescent T cells	0.9125	CD8-41BB vs STOP	condition_miloCD8.41BB - condition_miloSTOP
-0.583772479883723	10.7316953515605	0.327077730970333	0.572072963325508	0.954726700794823	525	0.93647420805299	Terminally differentiated cytotoxic T cells	0.981481481481482	CD8-41BB vs STOP	condition_miloCD8.41BB - condition_miloSTOP
-0.065003166522917	11.0045828468567	0.00460138229305116	0.946413472277522	0.993733031414065	526	0.987330828908677	Activated effector CD8 T cells (stress)	0.949367088607595	CD8-41BB vs STOP	condition_miloCD8.41BB - condition_miloSTOP
0.188134773009296	11.0951307408043	0.03736080712193	0.848165799426871	0.978103787449268	527	0.962031410659001	Antigen-presenting myeloid cells	1	CD8-41BB vs STOP	condition_miloCD8.41BB - condition_miloSTOP
-2.50004453046516	11.657587489872	4.17952016867861	0.0513453598683932	0.820609808356842	528	0.588154436582183	Quiescent T cells	0.74	CD8-41BB vs STOP	condition_miloCD8.41BB - condition_miloSTOP
1.13935539169498	10.7672954213018	1.17264162792111	0.288348482359859	0.922729047863824	529	0.794350508324357	Cycling / proliferating CAR T cells	0.984375	CD8-41BB vs STOP	condition_miloCD8.41BB - condition_miloSTOP
0.885030244508189	11.3653024551774	1.12752051538017	0.297625355659733	0.922729047863824	530	0.810106190678896	Treg	1	CD8-41BB vs STOP	condition_miloCD8.41BB - condition_miloSTOP
-1.1859777753407	11.420346502784	2.05638491968928	0.162945784774782	0.922729047863824	531	0.733845982457443	Activated effector CD8 T cells (stress)	0.840425531914894	CD8-41BB vs STOP	condition_miloCD8.41BB - condition_miloSTOP
0.0763820146334383	11.2826709983634	0.00642296614352991	0.936708890909677	0.993727043584695	532	0.987330828908677	Treg	1	CD8-41BB vs STOP	condition_miloCD8.41BB - condition_miloSTOP
0.802774935146985	10.991965466332	0.782437286162614	0.384427468600193	0.922729047863824	533	0.843314942218463	Cycling / proliferating CAR T cells	1	CD8-41BB vs STOP	condition_miloCD8.41BB - condition_miloSTOP
-0.689495544774278	11.3558384310342	0.730618068626783	0.400135642686207	0.930859486751175	534	0.8511607884898	Quiescent T cells	1	CD8-41BB vs STOP	condition_miloCD8.41BB - condition_miloSTOP
-0.763403530454983	11.6836505872981	0.841402243397056	0.367043587322103	0.922729047863824	535	0.843314942218463	Quiescent T cells	0.959016393442623	CD8-41BB vs STOP	condition_miloCD8.41BB - condition_miloSTOP
1.14706452442487	10.6893102708263	0.867817938965715	0.359740654820706	0.922729047863824	536	0.843314942218463	Naïve / central-memory T cells	0.684210526315789	CD8-41BB vs STOP	condition_miloCD8.41BB - condition_miloSTOP
0.891343276223688	11.1435581801011	0.991809211132563	0.328062305262185	0.922729047863824	537	0.836044516969402	Activated effector CD8 T cells (stress)	1	CD8-41BB vs STOP	condition_miloCD8.41BB - condition_miloSTOP
-0.404354429100094	11.2786557493843	0.2045767307909	0.654631897488721	0.954726700794823	538	0.93647420805299	Quiescent T cells	0.736263736263736	CD8-41BB vs STOP	condition_miloCD8.41BB - condition_miloSTOP
1.8776544610489	10.9632477530896	3.32546690782829	0.0792018898131731	0.820609808356842	539	0.627692739848886	γδ T cells	1	CD8-41BB vs STOP	condition_miloCD8.41BB - condition_miloSTOP
0.737670390916459	11.4894604161202	0.816277622905871	0.374188707862171	0.922729047863824	540	0.843314942218463	NK-like cytotoxic lymphocytes	1	CD8-41BB vs STOP	condition_miloCD8.41BB - condition_miloSTOP
-0.303702765680759	11.3691645414189	0.096595781657292	0.758318692093624	0.965352316170341	541	0.94246794032783	Quiescent T cells	0.524271844660194	CD8-41BB vs STOP	condition_miloCD8.41BB - condition_miloSTOP
-0.392087469436465	10.8757648659879	0.112770281893797	0.73958393192472	0.965352316170341	542	0.941880877980678	Activated CD4 effector / helper-like T cells	0.555555555555556	CD8-41BB vs STOP	condition_miloCD8.41BB - condition_miloSTOP
0.402984749381908	11.0272803245193	0.214490934924192	0.646947608683196	0.954726700794823	543	0.93647420805299	Cycling / proliferating CAR T cells	0.951219512195122	CD8-41BB vs STOP	condition_miloCD8.41BB - condition_miloSTOP
-0.266546786897145	11.5798903009291	0.13762954564671	0.713517633857969	0.960470567456672	544	0.941880877980678	Quiescent T cells	1	CD8-41BB vs STOP	condition_miloCD8.41BB - condition_miloSTOP
-0.442713331601189	11.4599590736207	0.35306444575345	0.557284855640906	0.954726700794823	545	0.93647420805299	Activated effector CD8 T cells (stress)	0.991071428571429	CD8-41BB vs STOP	condition_miloCD8.41BB - condition_miloSTOP
-0.0948210513524992	11.5744630503173	0.013853818673668	0.907199594869948	0.986127181350228	546	0.976664699437794	Activated effector CD8 T cells (stress)	1	CD8-41BB vs STOP	condition_miloCD8.41BB - condition_miloSTOP
-1.32713412101307	11.455224374951	2.03669043465661	0.164902545549062	0.922729047863824	547	0.733845982457443	Activated effector CD8 T cells (stress)	0.99	CD8-41BB vs STOP	condition_miloCD8.41BB - condition_miloSTOP
-0.241168506891444	11.2057753705208	0.086421996486913	0.771003707755021	0.965352316170341	548	0.94246794032783	Treg	1	CD8-41BB vs STOP	condition_miloCD8.41BB - condition_miloSTOP
-0.802390479996127	11.26074760851	0.779477274493166	0.385023631482747	0.922729047863824	549	0.843314942218463	Activated effector CD8 T cells (stress)	0.63855421686747	CD8-41BB vs STOP	condition_miloCD8.41BB - condition_miloSTOP
-1.27882670846501	11.6313632953783	2.66712043497349	0.113944333289463	0.890970943953516	550	0.673935764623848	Terminally differentiated cytotoxic T cells	1	CD8-41BB vs STOP	condition_miloCD8.41BB - condition_miloSTOP
0.881049401361586	11.1208750063426	1.03382760809411	0.31820447340231	0.922729047863824	551	0.836044516969402	Cycling / proliferating CAR T cells	1	CD8-41BB vs STOP	condition_miloCD8.41BB - condition_miloSTOP
-0.0620487708635977	10.9744971602317	0.00613595444659729	0.938136075314953	0.993727043584695	552	0.987330828908677	Activated CD4 effector / helper-like T cells	0.929577464788732	CD8-41BB vs STOP	condition_miloCD8.41BB - condition_miloSTOP
1.61367924322528	11.0002375600331	2.20069940856362	0.149423159422637	0.922729047863824	553	0.733845982457443	Treg	0.933333333333333	CD8-41BB vs STOP	condition_miloCD8.41BB - condition_miloSTOP
0.592826796907326	11.3197888181824	0.352041689949823	0.55785270112164	0.954726700794823	554	0.93647420805299	Activated effector CD8 T cells (stress)	0.846153846153846	CD8-41BB vs STOP	condition_miloCD8.41BB - condition_miloSTOP
-0.969982475223939	11.5520384235588	1.27156905035314	0.269303880935749	0.922729047863824	555	0.787145192373818	Activated effector CD8 T cells (stress)	0.883495145631068	CD8-41BB vs STOP	condition_miloCD8.41BB - condition_miloSTOP
-0.968832342241155	11.0781981067501	0.896316053228584	0.352091786853446	0.922729047863824	556	0.843314942218463	Activated effector CD8 T cells (stress)	0.929577464788732	CD8-41BB vs STOP	condition_miloCD8.41BB - condition_miloSTOP
0.892173809457362	11.7636694692931	0.912952249683365	0.34773252830174	0.774970638753382	1	0.811794242082699	Naïve / central-memory T cells	0.536764705882353	tumor vs STOP	condition_milotumor - condition_miloSTOP
0.259944085534685	11.6071945457548	0.0589933200274065	0.80991313616905	0.967702567160631	2	0.994545784141264	γδ T cells	0.984251968503937	tumor vs STOP	condition_milotumor - condition_miloSTOP
-0.00171055101446539	10.380744319935	3.71054836884144e-05	0.995184150828107	1	3	1	Antigen-presenting myeloid cells	0.955555555555556	tumor vs STOP	condition_milotumor - condition_miloSTOP
1.52538811918461	11.9445459434849	3.03879672820685	0.0925709948375992	0.67346229601819	4	0.76374131013109	NK-like cytotoxic lymphocytes	1	tumor vs STOP	condition_milotumor - condition_miloSTOP
-0.365319956794426	10.9716954640596	0.127668709096909	0.723614005076586	0.92706849768319	5	0.953744283430259	Activated effector CD8 T cells (stress)	0.6	tumor vs STOP	condition_milotumor - condition_miloSTOP
-0.448628517150104	11.2752228189786	0.127082472285549	0.7242219292957	0.92706849768319	6	0.953744283430259	γδ T cells	0.988505747126437	tumor vs STOP	condition_milotumor - condition_miloSTOP
-0.270484975576442	11.4722957165291	0.0951981267628813	0.760016455654964	0.937492460163025	7	0.962029989999432	Activated effector CD8 T cells (stress)	0.38	tumor vs STOP	condition_milotumor - condition_miloSTOP
-0.78779955135626	10.8452703006863	0.224454046899804	0.639440798754897	0.882986653842694	8	0.90549678395088	Terminally differentiated cytotoxic T cells	0.865671641791045	tumor vs STOP	condition_milotumor - condition_miloSTOP
0.971936243043515	11.0920096547337	0.69739761604136	0.410921751987312	0.796071408031169	9	0.821384486126178	Treg	0.95	tumor vs STOP	condition_milotumor - condition_miloSTOP
1.17443680760628	12.1863055210078	2.04628955504949	0.163945320035538	0.724235246740201	10	0.76459022058366	NK-like cytotoxic lymphocytes	1	tumor vs STOP	condition_milotumor - condition_miloSTOP
-2.38873907522669	11.2035805158761	2.93617505043744	0.0979716606913027	0.67346229601819	11	0.76374131013109	Naïve / central-memory T cells	0.516129032258065	tumor vs STOP	condition_milotumor - condition_miloSTOP
-3.1294866613581	11.1852917427584	6.2101399181139	0.0190761053735325	0.374678971314551	12	0.441732861967648	Activated CD4 effector / helper-like T cells	0.919540229885057	tumor vs STOP	condition_milotumor - condition_miloSTOP
-2.8702148651173	11.4704092756611	4.57735257613339	0.0415051559572553	0.461537334244679	13	0.55000277541758	Activated effector CD8 T cells (stress)	1	tumor vs STOP	condition_milotumor - condition_miloSTOP
-1.06386441163448	11.0092009539126	0.991538895461109	0.328127069889566	0.770762741314491	14	0.803027189894527	Activated effector CD8 T cells (stress)	1	tumor vs STOP	condition_milotumor - condition_miloSTOP
-0.581716304163979	11.0357489997098	0.276058623576474	0.603545719967966	0.876165588256369	15	0.896351578643257	Naïve / central-memory T cells	0.605263157894737	tumor vs STOP	condition_milotumor - condition_miloSTOP
-0.105205881727532	11.4162718468071	0.0117694123969252	0.914404353922145	0.987201593748956	16	1	Activated effector CD8 T cells (stress)	0.876288659793814	tumor vs STOP	condition_milotumor - condition_miloSTOP
-0.428510294617467	11.4897627317043	0.193538924208054	0.663456997239316	0.886816798943708	17	0.910502435142331	Naïve / central-memory T cells	1	tumor vs STOP	condition_milotumor - condition_miloSTOP
1.41817517070716	11.4424499475296	1.49729021635537	0.231564417909812	0.747460801678703	18	0.76459022058366	Treg	0.775700934579439	tumor vs STOP	condition_milotumor - condition_miloSTOP
0.157884026892411	11.5985252579149	0.0284759462101593	0.867241063323444	0.97608508341667	19	1	NK-like cytotoxic lymphocytes	1	tumor vs STOP	condition_milotumor - condition_miloSTOP
0.839455379251912	10.8513596813665	0.540435629860928	0.468532449517981	0.843055151883486	20	0.868998692380409	Activated CD4 effector / helper-like T cells	0.953846153846154	tumor vs STOP	condition_milotumor - condition_miloSTOP
-0.412033413896851	11.0613417251166	0.165440055575021	0.68737368169106	0.906848746740973	21	0.935209302513687	Quiescent T cells	0.878378378378378	tumor vs STOP	condition_milotumor - condition_miloSTOP
-2.70467935525299	11.1222226861029	3.63795260861908	0.0670682168890858	0.564998918035329	22	0.637632491482673	Cycling / proliferating CAR T cells	0.848837209302326	tumor vs STOP	condition_milotumor - condition_miloSTOP
-1.89251083235362	10.9018842833803	1.62962680012266	0.212526973861473	0.744465806965671	23	0.76459022058366	Cycling / proliferating CAR T cells	1	tumor vs STOP	condition_milotumor - condition_miloSTOP
-5.83072527287302	10.4764047217186	3.39992381351934	0.0765160112606688	0.599195806491998	24	0.671516959645542	Activated CD4 effector / helper-like T cells	0.976744186046512	tumor vs STOP	condition_milotumor - condition_miloSTOP
-1.23581548164568	11.2083744556728	1.26084245244563	0.271287781527233	0.76566500776214	25	0.790346327542064	Activated effector CD8 T cells (stress)	0.963855421686747	tumor vs STOP	condition_milotumor - condition_miloSTOP
-1.39016010463615	10.7709042359767	1.28010567118562	0.267738478851205	0.760190222679342	26	0.783238835237559	Activated effector CD8 T cells (stress)	0.827586206896552	tumor vs STOP	condition_milotumor - condition_miloSTOP
-5.76831976131073	10.844181104319	6.00855091343316	0.021199875423436	0.374678971314551	27	0.441732861967648	Cycling / proliferating CAR T cells	0.830985915492958	tumor vs STOP	condition_milotumor - condition_miloSTOP
-1.44111604873702	10.3462771458537	0.419080417760301	0.522812999074618	0.846551103718821	28	0.868998692380409	Cycling / proliferating CAR T cells	0.82051282051282	tumor vs STOP	condition_milotumor - condition_miloSTOP
1.1855402563821	11.8363824134416	1.20903873281184	0.281142205662086	0.770762741314491	29	0.803027189894527	NK-like cytotoxic lymphocytes	1	tumor vs STOP	condition_milotumor - condition_miloSTOP
-0.836119135133907	10.9354386824979	0.447381328823446	0.509208380851627	0.846551103718821	30	0.868998692380409	Cycling / proliferating CAR T cells	1	tumor vs STOP	condition_milotumor - condition_miloSTOP
-0.156422464046215	11.2778844292333	0.0243504422553059	0.877146827788856	0.977287066767702	31	1	IFN-responsive T cells	1	tumor vs STOP	condition_milotumor - condition_miloSTOP
0.574012858006201	11.6209861611248	0.442962787188087	0.511290655056308	0.846551103718821	32	0.868998692380409	Naïve / central-memory T cells	0.934579439252336	tumor vs STOP	condition_milotumor - condition_miloSTOP
0.0116728328610347	11.3852519490551	0.000178493244255419	0.989437806721669	1	33	1	Activated effector CD8 T cells (stress)	0.54	tumor vs STOP	condition_milotumor - condition_miloSTOP
0.330927915001729	11.4421403158607	0.128376245624277	0.722882393764588	0.92706849768319	34	0.953744283430259	NK-like cytotoxic lymphocytes	0.752475247524752	tumor vs STOP	condition_milotumor - condition_miloSTOP
0.88858289720715	11.2771278915353	0.829664344798204	0.370356988941104	0.78491767550733	35	0.813022870361747	γδ T cells	0.989130434782609	tumor vs STOP	condition_milotumor - condition_miloSTOP
0.823471927082822	10.7990860966547	0.280148869866122	0.600889353673516	0.874592881263024	36	0.895016202823064	Activated effector CD8 T cells (stress)	0.71875	tumor vs STOP	condition_milotumor - condition_miloSTOP
0.685771444172746	11.3670406970791	0.37170004260721	0.547129558043471	0.850977297751953	37	0.872387843673888	Treg	0.990196078431373	tumor vs STOP	condition_milotumor - condition_miloSTOP
-1.49646347678772	11.3422299082947	1.62547588059764	0.213093787910459	0.744465806965671	38	0.76459022058366	Naïve / central-memory T cells	0.435185185185185	tumor vs STOP	condition_milotumor - condition_miloSTOP
0.747319982701481	11.5585658802069	0.790628246986769	0.381692707755199	0.786004242636632	39	0.814245298632572	Naïve / central-memory T cells	0.81981981981982	tumor vs STOP	condition_milotumor - condition_miloSTOP
0.312877910438112	10.9774501673724	0.0526085913073362	0.820297606757898	0.968334329845841	40	0.995207251801509	Antigen-presenting myeloid cells	1	tumor vs STOP	condition_milotumor - condition_miloSTOP
-5.9024533612875	10.8046202977463	6.61436711237883	0.0161193263119626	0.358493817178049	41	0.43987101969558	Cycling / proliferating CAR T cells	0.938461538461538	tumor vs STOP	condition_milotumor - condition_miloSTOP
-1.35941797723025	11.1023799509081	1.34605550913567	0.256033117917598	0.747460801678703	42	0.76459022058366	Cycling / proliferating CAR T cells	1	tumor vs STOP	condition_milotumor - condition_miloSTOP
-1.09772694844874	11.3544446690095	1.15380063384729	0.292174813510241	0.770762741314491	43	0.803027189894527	Antigen-presenting myeloid cells	0.915492957746479	tumor vs STOP	condition_milotumor - condition_miloSTOP
-2.63684354349472	11.89009332728	8.56332824957071	0.00684093265624166	0.223738738639433	44	0.271071374260125	Quiescent T cells	0.981366459627329	tumor vs STOP	condition_milotumor - condition_miloSTOP
0.403433067614877	11.142850115676	0.100302835536198	0.753880079592958	0.937492460163025	45	0.962029989999432	Treg	0.895348837209302	tumor vs STOP	condition_milotumor - condition_miloSTOP
1.00170619996632	11.5049433138187	0.486258988320296	0.491895988457119	0.846289296168543	46	0.868998692380409	Quiescent T cells	0.954545454545455	tumor vs STOP	condition_milotumor - condition_miloSTOP
-0.0781256277484386	11.7809618419276	0.010826458830375	0.91789149809595	0.989045877793311	47	1	Activated effector CD8 T cells (stress)	0.84297520661157	tumor vs STOP	condition_milotumor - condition_miloSTOP
0.276176775706229	10.9556281101724	0.0548878623793567	0.816517725109052	0.967702567160631	48	0.994545784141264	Cycling / proliferating CAR T cells	0.986666666666667	tumor vs STOP	condition_milotumor - condition_miloSTOP
0.577167973045251	11.1812377610308	0.355394276159526	0.555995476673423	0.852176125131246	49	0.873624306306687	Treg	1	tumor vs STOP	condition_milotumor - condition_miloSTOP
-1.12059759323578	11.4589327442352	1.13350397937566	0.296372550106434	0.770762741314491	50	0.803027189894527	NK-like cytotoxic lymphocytes	1	tumor vs STOP	condition_milotumor - condition_miloSTOP
-0.64944337850453	12.1580845058577	0.527555820559191	0.473829455605591	0.844388388835605	51	0.868998692380409	Activated effector CD8 T cells (stress)	1	tumor vs STOP	condition_milotumor - condition_miloSTOP
-0.0319817937445488	10.9017506954203	0.000657784491672386	0.979725550501876	1	52	1	Antigen-presenting myeloid cells	1	tumor vs STOP	condition_milotumor - condition_miloSTOP
-0.773750535676502	11.1270516534773	0.404105120167803	0.530279704949763	0.846551103718821	53	0.868998692380409	Cycling / proliferating CAR T cells	1	tumor vs STOP	condition_milotumor - condition_miloSTOP
-2.14966264057268	11.209675045888	3.60835893010902	0.0681221387460962	0.565312076758649	54	0.639347820800427	Activated effector CD8 T cells (stress)	1	tumor vs STOP	condition_milotumor - condition_miloSTOP
0.906217179916709	11.6804178057009	0.831231231643125	0.369912200821723	0.78491767550733	55	0.813022870361747	NK-like cytotoxic lymphocytes	1	tumor vs STOP	condition_milotumor - condition_miloSTOP
1.09248138643457	11.4622506497409	1.51270178556796	0.229240417874996	0.747460801678703	56	0.76459022058366	NK-like cytotoxic lymphocytes	0.979591836734694	tumor vs STOP	condition_milotumor - condition_miloSTOP
-0.251115118668987	11.1549564667381	0.0661114141488066	0.799016639854095	0.959915987083506	57	0.988576830136036	Quiescent T cells	0.743589743589744	tumor vs STOP	condition_milotumor - condition_miloSTOP
0.0125123788876164	11.1734119387548	0.000129258173190685	0.991011733925886	1	58	1	NK-like cytotoxic lymphocytes	1	tumor vs STOP	condition_milotumor - condition_miloSTOP
0.647938800415736	11.2348185140148	0.300539312100609	0.588007931349014	0.869366354684911	59	0.890454390370442	Antigen-presenting myeloid cells	0.526315789473684	tumor vs STOP	condition_milotumor - condition_miloSTOP
0.599046073642616	10.6902446512388	0.196751767581202	0.660857630706754	0.886816798943708	60	0.910502435142331	Activated CD4 effector / helper-like T cells	0.875	tumor vs STOP	condition_milotumor - condition_miloSTOP
-1.11150450113012	11.0438215170424	0.69990614162792	0.410092054579873	0.796071408031169	61	0.821384486126178	Cycling / proliferating CAR T cells	1	tumor vs STOP	condition_milotumor - condition_miloSTOP
1.15220936060199	11.1630634613066	0.910163260050412	0.348458021022204	0.774970638753382	62	0.811794242082699	Activated CD4 effector / helper-like T cells	0.629213483146067	tumor vs STOP	condition_milotumor - condition_miloSTOP
0.597188224689077	11.4591745258302	0.331377962063875	0.569572602008105	0.858217795979693	63	0.877836871393338	Treg	0.981132075471698	tumor vs STOP	condition_milotumor - condition_miloSTOP
-1.00987052333346	10.5822916657496	0.446760950778481	0.509499833889735	0.846551103718821	64	0.868998692380409	Th2-like inflammatory T cells	0.558139534883721	tumor vs STOP	condition_milotumor - condition_miloSTOP
-5.56291114279226	10.6847893850393	4.05036261344479	0.0545261972817125	0.507595242211568	65	0.55933241763953	Antigen-presenting myeloid cells	0.759259259259259	tumor vs STOP	condition_milotumor - condition_miloSTOP
0.541605248588729	11.4179900647018	0.217660305286719	0.644536871297211	0.884567485733577	66	0.908796437002868	Quiescent T cells	0.92	tumor vs STOP	condition_milotumor - condition_miloSTOP
-3.49351129659476	11.3462253903727	7.12038168776415	0.012680709877508	0.306542377908455	67	0.382465536102376	Activated CD4 effector / helper-like T cells	0.951923076923077	tumor vs STOP	condition_milotumor - condition_miloSTOP
-0.716650988867375	11.399587426129	0.35685135050625	0.555192026147355	0.852176125131246	68	0.873624306306687	Treg	1	tumor vs STOP	condition_milotumor - condition_miloSTOP
1.83905661618471	10.7108668531627	1.51383191191873	0.229071156419119	0.747460801678703	69	0.76459022058366	NK-like cytotoxic lymphocytes	0.719298245614035	tumor vs STOP	condition_milotumor - condition_miloSTOP
-0.439324238713445	10.7947128254777	0.110950309720268	0.741614077958529	0.937492460163025	70	0.962029989999432	Treg	0.7	tumor vs STOP	condition_milotumor - condition_miloSTOP
-6.11447111560078	10.9735062828431	8.26861457221905	0.00790159574533784	0.244071513022658	71	0.291953463552271	Activated effector CD8 T cells (stress)	0.5	tumor vs STOP	condition_milotumor - condition_miloSTOP
-1.25327183438243	11.7632805088082	2.12098180959885	0.156719855286358	0.710210286604476	72	0.76459022058366	Quiescent T cells	0.986111111111111	tumor vs STOP	condition_milotumor - condition_miloSTOP
-0.827002146973386	11.6739400647325	0.770072412662426	0.387866220397674	0.792062401806995	73	0.821384486126178	Activated effector CD8 T cells (stress)	0.949640287769784	tumor vs STOP	condition_milotumor - condition_miloSTOP
-0.240686733619855	10.7515658832623	0.0321427448883675	0.859041150849653	0.97608508341667	74	1	Quiescent T cells	0.461538461538462	tumor vs STOP	condition_milotumor - condition_miloSTOP
0.595912280747618	11.9710631221665	0.495800728111154	0.48732524119063	0.845807082653851	75	0.868998692380409	Activated effector CD8 T cells (stress)	0.922077922077922	tumor vs STOP	condition_milotumor - condition_miloSTOP
0.109794532959445	11.1373232967857	0.0139059796336382	0.906993118494145	0.983017882812367	76	1	Activated CD4 effector / helper-like T cells	0.851351351351351	tumor vs STOP	condition_milotumor - condition_miloSTOP
-1.34432503635766	11.1744668043114	1.39174247748325	0.248308068972761	0.747460801678703	77	0.76459022058366	Quiescent T cells	0.5375	tumor vs STOP	condition_milotumor - condition_miloSTOP
0.56675191734769	11.539840681176	0.252230440451178	0.619808652365815	0.882986653842694	78	0.90549678395088	Quiescent T cells	0.579545454545455	tumor vs STOP	condition_milotumor - condition_miloSTOP
-0.488228812046512	11.7454680137268	0.265069846962404	0.610809454978401	0.882986653842694	79	0.90549678395088	γδ T cells	1	tumor vs STOP	condition_milotumor - condition_miloSTOP
0.833168856942437	11.4737631626431	0.453329060000406	0.506428986661889	0.846551103718821	80	0.868998692380409	Treg	0.990654205607477	tumor vs STOP	condition_milotumor - condition_miloSTOP
-7.07848430457658	11.0674336256356	12.5029315685987	0.00153271562452917	0.184056005133833	81	0.211417680699886	Terminally differentiated cytotoxic T cells	0.826666666666667	tumor vs STOP	condition_milotumor - condition_miloSTOP
-2.40933887850503	11.4907614645268	5.2745300890724	0.0295496318382927	0.402266534364314	82	0.478185176921373	Quiescent T cells	0.990196078431373	tumor vs STOP	condition_milotumor - condition_miloSTOP
2.01036622791119	11.1643098304445	2.95308841332793	0.0970571518317836	0.67346229601819	83	0.76374131013109	Quiescent T cells	0.846153846153846	tumor vs STOP	condition_milotumor - condition_miloSTOP
0.186091556736464	11.213058857894	0.0317534884101213	0.859887898651763	0.97608508341667	84	1	Treg	0.98876404494382	tumor vs STOP	condition_milotumor - condition_miloSTOP
-2.16444203674492	10.9341154525469	2.29072763206696	0.14166203624196	0.704337569969492	85	0.76459022058366	Treg	1	tumor vs STOP	condition_milotumor - condition_miloSTOP
-1.6923741099775	11.1455489181709	2.9335898756096	0.0981123129091248	0.67346229601819	86	0.76374131013109	Treg	0.670886075949367	tumor vs STOP	condition_milotumor - condition_miloSTOP
1.6594058483281	11.514724342734	2.71669453999208	0.110787302001803	0.704337569969492	87	0.76459022058366	NK-like cytotoxic lymphocytes	1	tumor vs STOP	condition_milotumor - condition_miloSTOP
-0.175567460689175	10.7997237094002	0.0199350690249658	0.888757184934431	0.977287066767702	88	1	Antigen-presenting myeloid cells	0.696428571428571	tumor vs STOP	condition_milotumor - condition_miloSTOP
1.40395462785105	11.4577342613468	2.19794028881915	0.149668866000634	0.704337569969492	89	0.76459022058366	γδ T cells	0.819047619047619	tumor vs STOP	condition_milotumor - condition_miloSTOP
-2.51333906817219	11.079438822635	4.22768693160225	0.0494629985958916	0.491096914630638	90	0.55933241763953	Activated CD4 effector / helper-like T cells	0.873239436619718	tumor vs STOP	condition_milotumor - condition_miloSTOP
-6.36283518667079	11.400151574716	9.9308538880624	0.00403479146226872	0.184056005133833	91	0.211417680699886	Treg	1	tumor vs STOP	condition_milotumor - condition_miloSTOP
0.680623396988646	11.5459972281163	0.486767672718006	0.491283376639219	0.846289296168543	92	0.868998692380409	Naïve / central-memory T cells	0.552631578947368	tumor vs STOP	condition_milotumor - condition_miloSTOP
-0.742055853116484	11.7364569311165	0.447365736536034	0.509215702488108	0.846551103718821	93	0.868998692380409	γδ T cells	0.986928104575163	tumor vs STOP	condition_milotumor - condition_miloSTOP
-6.66412703903392	11.5000500109043	10.18714826179	0.00365027871344307	0.184056005133833	94	0.211417680699886	Terminally differentiated cytotoxic T cells	0.992	tumor vs STOP	condition_milotumor - condition_miloSTOP
-1.50921772331448	11.0318419441338	1.45356342014286	0.238321910650088	0.747460801678703	95	0.76459022058366	Antigen-presenting myeloid cells	1	tumor vs STOP	condition_milotumor - condition_miloSTOP
-3.05123959017013	11.2234257545599	5.74545612020653	0.0236498457707626	0.374678971314551	96	0.441732861967648	Cycling / proliferating CAR T cells	0.989473684210526	tumor vs STOP	condition_milotumor - condition_miloSTOP
0.958439215137277	11.5918813175203	0.702434757199598	0.409258277696849	0.796071408031169	97	0.821384486126178	Quiescent T cells	0.627118644067797	tumor vs STOP	condition_milotumor - condition_miloSTOP
-3.01494092353899	11.8604781962619	9.50845129973657	0.00464736955524882	0.184056005133833	98	0.211417680699886	Activated effector CD8 T cells (stress)	1	tumor vs STOP	condition_milotumor - condition_miloSTOP
0.783922532450183	10.73088037459	0.378814498619904	0.543345043972749	0.850977297751953	99	0.868998692380409	Activated CD4 effector / helper-like T cells	1	tumor vs STOP	condition_milotumor - condition_miloSTOP
-3.34528219416097	11.0503720462487	5.67140068586434	0.0244845440488223	0.374678971314551	100	0.441732861967648	Activated CD4 effector / helper-like T cells	0.935897435897436	tumor vs STOP	condition_milotumor - condition_miloSTOP
0.710415125526381	11.37876247923	0.493526408898352	0.488316679014184	0.845807082653851	101	0.868998692380409	NK-like cytotoxic lymphocytes	1	tumor vs STOP	condition_milotumor - condition_miloSTOP
-5.81449385908556	10.616076646965	5.00751354300488	0.0339363717991438	0.438805179542418	102	0.515811898213413	Treg	0.745098039215686	tumor vs STOP	condition_milotumor - condition_miloSTOP
-0.543004126490758	11.2422663521132	0.184709996404745	0.670735912925635	0.890045746030198	103	0.914845836170466	Cycling / proliferating CAR T cells	0.98	tumor vs STOP	condition_milotumor - condition_miloSTOP
-1.32186247741529	11.2422163490234	1.37882144477213	0.250462221922534	0.747460801678703	104	0.76459022058366	Activated CD4 effector / helper-like T cells	0.97752808988764	tumor vs STOP	condition_milotumor - condition_miloSTOP
1.0838306180199	10.8945121256728	0.667470683444054	0.421020472362563	0.800846641403832	105	0.826794552156386	Treg	0.639344262295082	tumor vs STOP	condition_milotumor - condition_miloSTOP
0.220334257626776	10.8556564361636	0.0261495878244791	0.872728573512544	0.977222118618394	106	1	Cycling / proliferating CAR T cells	0.985714285714286	tumor vs STOP	condition_milotumor - condition_miloSTOP
-5.90698325355104	11.4727870100612	6.67936780275088	0.0156592706136752	0.358493817178049	107	0.43987101969558	Activated effector CD8 T cells (stress)	1	tumor vs STOP	condition_milotumor - condition_miloSTOP
-1.07223863879573	11.8390038435105	1.08325317638636	0.307117721255328	0.770762741314491	108	0.803027189894527	Quiescent T cells	0.963503649635037	tumor vs STOP	condition_milotumor - condition_miloSTOP
-2.27550894882804	10.7968759975975	2.23360947024775	0.146529021476404	0.704337569969492	109	0.76459022058366	Antigen-presenting myeloid cells	0.637931034482759	tumor vs STOP	condition_milotumor - condition_miloSTOP
-1.9576009536945	10.3813683803158	0.946516784250696	0.339165007297304	0.772578455163675	110	0.803027189894527	Antigen-presenting myeloid cells	0.785714285714286	tumor vs STOP	condition_milotumor - condition_miloSTOP
-2.77306583540578	11.3548968881284	6.34634952484792	0.0179268095165867	0.374678971314551	111	0.441732861967648	Activated CD4 effector / helper-like T cells	0.76	tumor vs STOP	condition_milotumor - condition_miloSTOP
0.490042357029574	11.2991637778758	0.233014012137616	0.633153286775885	0.882986653842694	112	0.90549678395088	NK-like cytotoxic lymphocytes	1	tumor vs STOP	condition_milotumor - condition_miloSTOP
3.36172124929534	11.0671748134279	4.78125091184117	0.0375297586122213	0.451073527674529	113	0.525479102982208	Naïve / central-memory T cells	0.5	tumor vs STOP	condition_milotumor - condition_miloSTOP
-0.283706281349325	11.1949595697172	0.0575143158310585	0.812263543173464	0.967702567160631	114	0.994545784141264	Treg	0.685393258426966	tumor vs STOP	condition_milotumor - condition_miloSTOP
-1.06881009391333	11.2707127517562	0.847206395147779	0.365420896735467	0.78491767550733	115	0.813022870361747	Antigen-presenting myeloid cells	1	tumor vs STOP	condition_milotumor - condition_miloSTOP
-0.983720333517417	10.9112665555868	0.64402143279716	0.429202195707147	0.806204124368829	116	0.832126565022936	Cycling / proliferating CAR T cells	1	tumor vs STOP	condition_milotumor - condition_miloSTOP
1.57067290096716	11.1654977757418	1.20482640374774	0.281963980813832	0.770762741314491	117	0.803027189894527	Treg	0.761363636363636	tumor vs STOP	condition_milotumor - condition_miloSTOP
-0.0331440332053352	11.4102994723373	0.0012328837850477	0.972246025938287	1	118	1	NK-like cytotoxic lymphocytes	1	tumor vs STOP	condition_milotumor - condition_miloSTOP
-1.96940133585832	11.7117503958353	3.66454387860914	0.0661369144760508	0.564998918035329	119	0.637632491482673	Activated effector CD8 T cells (stress)	1	tumor vs STOP	condition_milotumor - condition_miloSTOP
0.189181081370591	11.2268934441454	0.0258529763985346	0.873524088045579	0.977222118618394	120	1	Quiescent T cells	0.661971830985915	tumor vs STOP	condition_milotumor - condition_miloSTOP
-0.0309512198698475	10.9512886824694	0.000813555991310469	0.977452972621882	1	121	1	NK-like cytotoxic lymphocytes	1	tumor vs STOP	condition_milotumor - condition_miloSTOP
-0.823958465322458	11.3672228490113	0.592300909330115	0.448151084483353	0.827813963364598	122	0.860358827565555	Treg	1	tumor vs STOP	condition_milotumor - condition_miloSTOP
-2.51963736046744	11.5320175225129	5.26649070491529	0.0296635394045627	0.402266534364314	123	0.478185176921373	Terminally differentiated cytotoxic T cells	0.914529914529915	tumor vs STOP	condition_milotumor - condition_miloSTOP
-0.233613492191716	11.8087553786849	0.0661054255192724	0.799025537223889	0.959915987083506	124	0.988576830136036	Activated effector CD8 T cells (stress)	0.693430656934307	tumor vs STOP	condition_milotumor - condition_miloSTOP
-1.5702058135335	11.4323937380468	2.24624921035819	0.145435166365516	0.704337569969492	125	0.76459022058366	Activated CD4 effector / helper-like T cells	0.518181818181818	tumor vs STOP	condition_milotumor - condition_miloSTOP
0.945342520948672	11.3136875567861	1.01993092570387	0.321419358619461	0.770762741314491	126	0.803027189894527	Naïve / central-memory T cells	0.763440860215054	tumor vs STOP	condition_milotumor - condition_miloSTOP
-0.845288688990253	11.1198675916178	0.395959850260184	0.534423448570695	0.846551103718821	127	0.868998692380409	Activated effector CD8 T cells (stress)	1	tumor vs STOP	condition_milotumor - condition_miloSTOP
0.503534871091678	11.4844507315874	0.313426754037538	0.580158367461047	0.864741077884014	128	0.885572191704908	Antigen-presenting myeloid cells	1	tumor vs STOP	condition_milotumor - condition_miloSTOP
-1.07517146777706	11.7314639059639	1.33463729658666	0.258011778628238	0.747460801678703	129	0.76459022058366	Treg	1	tumor vs STOP	condition_milotumor - condition_miloSTOP
-4.18616063923769	10.4837577974768	1.54393884820728	0.22501829173742	0.747460801678703	130	0.76459022058366	Treg	0.869565217391304	tumor vs STOP	condition_milotumor - condition_miloSTOP
-4.65528676027849	10.6764688542699	2.70743590275151	0.111804730043837	0.704337569969492	131	0.76459022058366	Treg	0.607142857142857	tumor vs STOP	condition_milotumor - condition_miloSTOP
-2.98283925374728	11.5352348563854	4.74894788369758	0.0381303161883145	0.451073527674529	132	0.526281431319186	Terminally differentiated cytotoxic T cells	1	tumor vs STOP	condition_milotumor - condition_miloSTOP
0.00487761014544597	10.315664342973	1.00831520071708e-05	0.997490412549981	1	133	1	Antigen-presenting myeloid cells	0.976744186046512	tumor vs STOP	condition_milotumor - condition_miloSTOP
0.0957572443288116	10.8048189836253	0.00581055176737386	0.939795426119195	0.997591563616782	134	1	Th2-like inflammatory T cells	1	tumor vs STOP	condition_milotumor - condition_miloSTOP
0.429533631159739	11.2898256033446	0.186695109543377	0.669081507634051	0.889974445561082	135	0.913863251380476	Antigen-presenting myeloid cells	1	tumor vs STOP	condition_milotumor - condition_miloSTOP
0.680037325736664	11.0677024996874	0.349241911686431	0.559412928895971	0.852585121459107	136	0.873624306306687	Treg	1	tumor vs STOP	condition_milotumor - condition_miloSTOP
-0.887970770447884	10.8948680525526	0.506672610555125	0.482632701637151	0.845807082653851	137	0.868998692380409	Quiescent T cells	0.833333333333333	tumor vs STOP	condition_milotumor - condition_miloSTOP
-0.714667262731507	11.0145275515764	0.416754951033689	0.523959900636536	0.846551103718821	138	0.868998692380409	Cycling / proliferating CAR T cells	1	tumor vs STOP	condition_milotumor - condition_miloSTOP
-2.97568424135645	11.256770900648	4.64884516939371	0.0400602767575496	0.455518988129539	139	0.538537195560979	Activated effector CD8 T cells (stress)	1	tumor vs STOP	condition_milotumor - condition_miloSTOP
1.56001944381524	11.4906134085899	2.02218086968815	0.166362198668835	0.724235246740201	140	0.76459022058366	Treg	1	tumor vs STOP	condition_milotumor - condition_miloSTOP
2.47957070493921	10.7716003235322	4.02758875721662	0.0547764649868599	0.507595242211568	141	0.55933241763953	Quiescent T cells	0.66	tumor vs STOP	condition_milotumor - condition_miloSTOP
-0.682100278813301	11.3425329072701	0.43588813627864	0.514656245702721	0.846551103718821	142	0.868998692380409	Antigen-presenting myeloid cells	0.714285714285714	tumor vs STOP	condition_milotumor - condition_miloSTOP
-2.68413977861002	10.736628784359	2.60736707716085	0.117889467967672	0.704337569969492	143	0.76459022058366	Terminally differentiated cytotoxic T cells	0.966666666666667	tumor vs STOP	condition_milotumor - condition_miloSTOP
-0.984394060365187	10.8471046264904	0.363039240825227	0.551804698272475	0.852176125131246	144	0.873028754238883	Treg	0.569230769230769	tumor vs STOP	condition_milotumor - condition_miloSTOP
1.72470311612042	10.8454234522337	1.43675873809344	0.240985137641141	0.747460801678703	145	0.76459022058366	γδ / Th17-like T cells	1	tumor vs STOP	condition_milotumor - condition_miloSTOP
-2.77119767274983	11.8762698020604	7.41600656536176	0.0111426543324483	0.304921554339739	146	0.378232438239429	Activated effector CD8 T cells (stress)	1	tumor vs STOP	condition_milotumor - condition_miloSTOP
0.14233946708319	11.193709229581	0.0160346435506177	0.90016459271628	0.979435447260767	147	1	NK-like cytotoxic lymphocytes	1	tumor vs STOP	condition_milotumor - condition_miloSTOP
0.590952464962288	11.1162717249181	0.28679730690304	0.596624395988639	0.872955695183378	148	0.892882792580412	Antigen-presenting myeloid cells	1	tumor vs STOP	condition_milotumor - condition_miloSTOP
0.399495505872029	11.6976908897445	0.223069087112324	0.640471908850893	0.882986653842694	149	0.90549678395088	Quiescent T cells	0.81203007518797	tumor vs STOP	condition_milotumor - condition_miloSTOP
-0.959520139758335	11.3058488966494	0.659477886291968	0.423781985920424	0.800846641403832	150	0.827754966093186	Treg	1	tumor vs STOP	condition_milotumor - condition_miloSTOP
0.457363425638473	11.2863211072821	0.22984185143007	0.6354664100979	0.882986653842694	151	0.90549678395088	Activated effector CD8 T cells (stress)	0.835164835164835	tumor vs STOP	condition_milotumor - condition_miloSTOP
-1.23144327556378	11.7664338392923	1.34065381513193	0.256966735504936	0.747460801678703	152	0.76459022058366	Treg	1	tumor vs STOP	condition_milotumor - condition_miloSTOP
0.497308420973664	11.5705097590931	0.22389113346783	0.639859417524478	0.882986653842694	153	0.90549678395088	γδ / Th17-like T cells	1	tumor vs STOP	condition_milotumor - condition_miloSTOP
0.899471049926666	11.3428236546476	0.708695202409228	0.407204976562615	0.796071408031169	154	0.821384486126178	γδ / Th17-like T cells	1	tumor vs STOP	condition_milotumor - condition_miloSTOP
0	10.4604851591987	0	1	1	155	1	Antigen-presenting myeloid cells	1	tumor vs STOP	condition_milotumor - condition_miloSTOP
-0.712561719343941	11.6504865090234	0.725889327916472	0.401644828164279	0.796071408031169	156	0.821384486126178	Quiescent T cells	0.983606557377049	tumor vs STOP	condition_milotumor - condition_miloSTOP
-4.28455046634561	10.3746118970415	1.45542441596138	0.238420192847262	0.747460801678703	157	0.76459022058366	Cycling / proliferating CAR T cells	0.714285714285714	tumor vs STOP	condition_milotumor - condition_miloSTOP
0	10.3640912553368	0	1	1	158	1	Antigen-presenting myeloid cells	0.934782608695652	tumor vs STOP	condition_milotumor - condition_miloSTOP
0.689772850233364	11.331848208169	0.427969547398657	0.518470441887644	0.846551103718821	159	0.868998692380409	Treg	1	tumor vs STOP	condition_milotumor - condition_miloSTOP
-0.728273637035373	11.159041849253	0.324869441442363	0.573365508719278	0.861597899588969	160	0.881233710555894	Cycling / proliferating CAR T cells	1	tumor vs STOP	condition_milotumor - condition_miloSTOP
-1.92446922037772	11.4774088742682	3.83765043638822	0.0604191388324425	0.541823245013517	161	0.602253648711475	Terminally differentiated cytotoxic T cells	0.556603773584906	tumor vs STOP	condition_milotumor - condition_miloSTOP
-2.70857166226133	11.0583272463534	4.08892649381936	0.0530825954798012	0.507595242211568	162	0.55933241763953	Cycling / proliferating CAR T cells	0.831325301204819	tumor vs STOP	condition_milotumor - condition_miloSTOP
0.380687993872407	11.6702973972695	0.211740677535461	0.649057235436833	0.884567485733577	163	0.910405685411604	Activated effector CD8 T cells (stress)	1	tumor vs STOP	condition_milotumor - condition_miloSTOP
-0.0733272422603753	11.1760139218604	0.00403521379521499	0.949813467746815	0.999554791248826	164	1	γδ T cells	1	tumor vs STOP	condition_milotumor - condition_miloSTOP
0.0235840326639428	10.6594079616418	0.000297115802769872	0.986373096089673	1	165	1	Treg	0.981818181818182	tumor vs STOP	condition_milotumor - condition_miloSTOP
0.00445028052544541	11.0202823713124	3.55854928190015e-05	0.995283819323288	1	166	1	Activated effector CD8 T cells (stress)	0.828571428571429	tumor vs STOP	condition_milotumor - condition_miloSTOP
-0.2191179399307	11.0439533767144	0.0364098626120459	0.85008608721878	0.974531679368333	167	0.998615965785462	Quiescent T cells	0.974683544303797	tumor vs STOP	condition_milotumor - condition_miloSTOP
-2.74660556374285	11.022340080378	4.49952118289281	0.0431444841473523	0.46605416162533	168	0.55000277541758	Quiescent T cells	0.689189189189189	tumor vs STOP	condition_milotumor - condition_miloSTOP
0.364009590991355	11.3634573915134	0.094629257196313	0.760711393471985	0.937492460163025	169	0.962029989999432	γδ T cells	0.744897959183674	tumor vs STOP	condition_milotumor - condition_miloSTOP
0.63562575283248	11.580123862287	0.424216528169677	0.520295927800256	0.846551103718821	170	0.868998692380409	Quiescent T cells	0.990476190476191	tumor vs STOP	condition_milotumor - condition_miloSTOP
-1.20765524422316	11.3870840412242	1.04848576492716	0.314860681436557	0.770762741314491	171	0.803027189894527	Cycling / proliferating CAR T cells	0.991071428571429	tumor vs STOP	condition_milotumor - condition_miloSTOP
0.331201146646234	11.5450863991873	0.127424276827508	0.723867287580626	0.92706849768319	172	0.953744283430259	NK-like cytotoxic lymphocytes	0.9375	tumor vs STOP	condition_milotumor - condition_miloSTOP
0.614401948423063	11.6439174033761	0.478622873193828	0.494899679094649	0.846393031294817	173	0.868998692380409	NK-like cytotoxic lymphocytes	1	tumor vs STOP	condition_milotumor - condition_miloSTOP
1.72696485394629	10.3847002327551	0.519178209351837	0.477328484995105	0.845205852411715	174	0.868998692380409	γδ / Th17-like T cells	0.7	tumor vs STOP	condition_milotumor - condition_miloSTOP
1.13720005439887	11.4285747468042	1.55465282713237	0.223061083795211	0.747460801678703	175	0.76459022058366	Naïve / central-memory T cells	0.97029702970297	tumor vs STOP	condition_milotumor - condition_miloSTOP
-0.836275401534855	10.9265237874659	0.41309912081409	0.525772181486268	0.846551103718821	176	0.868998692380409	Cycling / proliferating CAR T cells	1	tumor vs STOP	condition_milotumor - condition_miloSTOP
-1.71525450264164	10.8307532087995	2.25673174168145	0.14453532712407	0.704337569969492	177	0.76459022058366	Activated effector CD8 T cells (stress)	0.483333333333333	tumor vs STOP	condition_milotumor - condition_miloSTOP
-1.53363745980733	11.4065893282123	1.33812821284943	0.257404757227099	0.747460801678703	178	0.76459022058366	Activated effector CD8 T cells (stress)	0.936936936936937	tumor vs STOP	condition_milotumor - condition_miloSTOP
0.219512272313453	11.7566310473044	0.0671787307875451	0.79743773859771	0.959915987083506	179	0.988576830136036	Naïve / central-memory T cells	1	tumor vs STOP	condition_milotumor - condition_miloSTOP
0.910331413796357	11.3357260843226	0.664694250355253	0.421976582003686	0.800846641403832	180	0.826794552156386	NK-like cytotoxic lymphocytes	0.896551724137931	tumor vs STOP	condition_milotumor - condition_miloSTOP
1.11443519076298	10.9722602646222	1.06400344622754	0.311372553511833	0.770762741314491	181	0.803027189894527	Antigen-presenting myeloid cells	0.983333333333333	tumor vs STOP	condition_milotumor - condition_miloSTOP
-0.571390384571151	10.8520910638113	0.296884094802159	0.590274335434665	0.869366354684911	182	0.890454390370442	Quiescent T cells	1	tumor vs STOP	condition_milotumor - condition_miloSTOP
-1.45175601063167	10.8503536803597	0.681198533575303	0.416341559762062	0.800846641403832	183	0.826794552156386	Cycling / proliferating CAR T cells	0.973333333333333	tumor vs STOP	condition_milotumor - condition_miloSTOP
1.25231671244129	10.9889296585328	1.3340392214725	0.258115960291926	0.747460801678703	184	0.76459022058366	Activated CD4 effector / helper-like T cells	0.647058823529412	tumor vs STOP	condition_milotumor - condition_miloSTOP
-0.25895520505549	10.6767919295654	0.0443994840330896	0.834679877380017	0.973492181399312	185	0.997281956014801	Cycling / proliferating CAR T cells	0.963636363636364	tumor vs STOP	condition_milotumor - condition_miloSTOP
-0.000576357811688775	10.628874663873	1.56993560935098e-05	0.996867461952818	1	186	1	Cycling / proliferating CAR T cells	0.912280701754386	tumor vs STOP	condition_milotumor - condition_miloSTOP
-7.04996758560709	11.691034217734	11.8855680383268	0.00191971604157475	0.184056005133833	187	0.211417680699886	Activated effector CD8 T cells (stress)	1	tumor vs STOP	condition_milotumor - condition_miloSTOP
0.214774750055618	11.6062820184635	0.0341198752784533	0.854909998786942	0.97608508341667	188	1	Quiescent T cells	0.965811965811966	tumor vs STOP	condition_milotumor - condition_miloSTOP
-0.699162573808319	11.2214373026123	0.310903405897354	0.581678350950758	0.864741077884014	189	0.885572191704908	Quiescent T cells	0.957894736842105	tumor vs STOP	condition_milotumor - condition_miloSTOP
0.127287655929603	11.3279716030474	0.0166534848037522	0.898267155916675	0.979287330764062	190	1	Th2-like inflammatory T cells	1	tumor vs STOP	condition_milotumor - condition_miloSTOP
0.413077375462044	11.6320915222465	0.252424516571473	0.619409181834994	0.882986653842694	191	0.90549678395088	Naïve / central-memory T cells	1	tumor vs STOP	condition_milotumor - condition_miloSTOP
-5.08559571031102	10.3012133329152	1.98464016712349	0.170638160652817	0.724235246740201	192	0.76459022058366	Cycling / proliferating CAR T cells	0.9	tumor vs STOP	condition_milotumor - condition_miloSTOP
-2.45905484045787	11.6545319162713	5.63269621334086	0.0249336725515079	0.374678971314551	193	0.441732861967648	Activated effector CD8 T cells (stress)	1	tumor vs STOP	condition_milotumor - condition_miloSTOP
0.051093473454432	10.8900136060113	0.00253654101333895	0.9601996164817	1	194	1	Th2-like inflammatory T cells	0.946428571428571	tumor vs STOP	condition_milotumor - condition_miloSTOP
0.522311010275562	11.8289846830574	0.431346163128	0.516837841871175	0.846551103718821	195	0.868998692380409	NK-like cytotoxic lymphocytes	1	tumor vs STOP	condition_milotumor - condition_miloSTOP
-7.10481372830077	11.3585168190317	11.0592257790731	0.00261277056294988	0.184056005133833	196	0.211417680699886	Terminally differentiated cytotoxic T cells	1	tumor vs STOP	condition_milotumor - condition_miloSTOP
-1.34832675526444	11.4721666782561	2.11679296297909	0.157114865561782	0.710210286604476	197	0.76459022058366	Quiescent T cells	0.815533980582524	tumor vs STOP	condition_milotumor - condition_miloSTOP
-1.8817134398523	10.7766656140189	1.53242469977887	0.226308875043356	0.747460801678703	198	0.76459022058366	Activated CD4 effector / helper-like T cells	1	tumor vs STOP	condition_milotumor - condition_miloSTOP
0.91972865318644	11.6566811763996	0.620220592904214	0.438208428125693	0.817596933013038	199	0.847190382904451	Quiescent T cells	0.972972972972973	tumor vs STOP	condition_milotumor - condition_miloSTOP
-0.72668220666668	10.9832982893706	0.417919156335287	0.523385154844618	0.846551103718821	200	0.868998692380409	Quiescent T cells	0.676470588235294	tumor vs STOP	condition_milotumor - condition_miloSTOP
-1.5399108152667	11.166293969317	1.79219465201522	0.191721249805677	0.744465806965671	201	0.76459022058366	Cycling / proliferating CAR T cells	1	tumor vs STOP	condition_milotumor - condition_miloSTOP
-0.0057850629572735	10.8384731670073	1.38441872290459e-05	0.99705836146785	1	202	1	Treg	0.984375	tumor vs STOP	condition_milotumor - condition_miloSTOP
-2.9320334081944	10.4944982310551	0.551848298060359	0.464160152389854	0.843055151883486	203	0.868998692380409	Antigen-presenting myeloid cells	1	tumor vs STOP	condition_milotumor - condition_miloSTOP
0.155696166809392	10.8803961697719	0.0230219883161189	0.880517673421495	0.977287066767702	204	1	Treg	1	tumor vs STOP	condition_milotumor - condition_miloSTOP
-1.25308653949924	10.7548636260022	0.957969536053989	0.336308984263977	0.772578455163675	205	0.803027189894527	Activated effector CD8 T cells (stress)	0.516666666666667	tumor vs STOP	condition_milotumor - condition_miloSTOP
-2.05925858688637	11.4541097342745	3.48455229641928	0.0727392157882774	0.577757199689746	206	0.661691968393817	Cycling / proliferating CAR T cells	0.974576271186441	tumor vs STOP	condition_milotumor - condition_miloSTOP
-0.852067117071206	11.1222908287131	0.282707089526999	0.599240609873406	0.874482359815259	207	0.895016202823064	Treg	1	tumor vs STOP	condition_milotumor - condition_miloSTOP
-1.50971712125274	10.9676548349414	0.991316768271826	0.328180302255803	0.770762741314491	208	0.803027189894527	Terminally differentiated cytotoxic T cells	0.987012987012987	tumor vs STOP	condition_milotumor - condition_miloSTOP
0.887260801008447	11.3986593134974	0.816562933758421	0.374106446060148	0.78491767550733	209	0.813022870361747	Naïve / central-memory T cells	0.787878787878788	tumor vs STOP	condition_milotumor - condition_miloSTOP
1.55212072436594	11.6295650793014	2.50473975574388	0.125042808142776	0.704337569969492	210	0.76459022058366	NK-like cytotoxic lymphocytes	1	tumor vs STOP	condition_milotumor - condition_miloSTOP
0.682056950615295	10.8400525285714	0.3846367999212	0.540284394675014	0.850977297751953	211	0.868998692380409	IFN-responsive T cells	0.683333333333333	tumor vs STOP	condition_milotumor - condition_miloSTOP
-1.8190541440082	11.2889602290439	1.99696608613357	0.168935876731716	0.724235246740201	212	0.76459022058366	Activated effector CD8 T cells (stress)	0.96	tumor vs STOP	condition_milotumor - condition_miloSTOP
-1.06659579749114	11.6583190399945	1.25175610561472	0.27298322615201	0.766558958285442	213	0.793526631077687	Quiescent T cells	0.8046875	tumor vs STOP	condition_milotumor - condition_miloSTOP
-1.21173621615355	10.9984756096005	1.13735471237044	0.295570006299266	0.770762741314491	214	0.803027189894527	Activated CD4 effector / helper-like T cells	0.933333333333333	tumor vs STOP	condition_milotumor - condition_miloSTOP
-2.00143905679181	11.1235482278297	3.50426692407878	0.0719808371017399	0.577757199689746	215	0.661513549911052	Activated CD4 effector / helper-like T cells	0.975	tumor vs STOP	condition_milotumor - condition_miloSTOP
0.606243289535842	11.0094566124036	0.257662978081336	0.615814317484396	0.882986653842694	216	0.90549678395088	Antigen-presenting myeloid cells	1	tumor vs STOP	condition_milotumor - condition_miloSTOP
1.14592132967671	11.6768875135932	1.03613805744074	0.318261005814461	0.770762741314491	217	0.803027189894527	Quiescent T cells	0.965811965811966	tumor vs STOP	condition_milotumor - condition_miloSTOP
0.217813515452245	11.1253890520278	0.0467697067739754	0.83039349051405	0.973492181399312	218	0.997281956014801	Quiescent T cells	0.689189189189189	tumor vs STOP	condition_milotumor - condition_miloSTOP
-1.10907604891714	11.4217856741858	1.05943369208614	0.312394302359931	0.770762741314491	219	0.803027189894527	Activated CD4 effector / helper-like T cells	0.596153846153846	tumor vs STOP	condition_milotumor - condition_miloSTOP
2.05355034952507	11.0896952041873	1.69199224017671	0.204231439261704	0.744465806965671	220	0.76459022058366	Treg	1	tumor vs STOP	condition_milotumor - condition_miloSTOP
-1.15562497894689	11.4732898102423	1.62929766128654	0.212571849893242	0.744465806965671	221	0.76459022058366	Activated effector CD8 T cells (stress)	0.980952380952381	tumor vs STOP	condition_milotumor - condition_miloSTOP
-1.49656441891137	11.2608749225914	1.43620055734165	0.241074244763391	0.747460801678703	222	0.76459022058366	Cycling / proliferating CAR T cells	0.989795918367347	tumor vs STOP	condition_milotumor - condition_miloSTOP
-2.78461297228157	11.4354636791688	4.64459155471299	0.0401446590258047	0.455518988129539	223	0.538537195560979	Treg	0.991071428571429	tumor vs STOP	condition_milotumor - condition_miloSTOP
0.00690249999918931	11.2679560903421	6.66808088494784e-05	0.993544170701396	1	224	1	IFN-responsive T cells	1	tumor vs STOP	condition_milotumor - condition_miloSTOP
0.885797693845904	11.0821802929065	0.830077029967009	0.370239766340513	0.78491767550733	225	0.813022870361747	Activated CD4 effector / helper-like T cells	0.986842105263158	tumor vs STOP	condition_milotumor - condition_miloSTOP
0.826998747478512	11.4940228869458	0.737206696093392	0.39804696407675	0.796071408031169	226	0.821384486126178	Quiescent T cells	0.818181818181818	tumor vs STOP	condition_milotumor - condition_miloSTOP
0.393986489283626	11.2237498693473	0.148851582480432	0.702630934715904	0.914901170262395	227	0.945267054696582	IFN-responsive T cells	0.779069767441861	tumor vs STOP	condition_milotumor - condition_miloSTOP
-3.02442931963496	11.050249377955	4.32298047413205	0.0471373289078804	0.485339905051509	228	0.55933241763953	Quiescent T cells	0.918918918918919	tumor vs STOP	condition_milotumor - condition_miloSTOP
-4.56494818173029	10.5454636896599	1.51380969916458	0.229470910661118	0.747460801678703	229	0.76459022058366	Activated CD4 effector / helper-like T cells	1	tumor vs STOP	condition_milotumor - condition_miloSTOP
-0.615695994075429	11.5196790182346	0.431629290887748	0.516701367498754	0.846551103718821	230	0.868998692380409	IFN-responsive T cells	1	tumor vs STOP	condition_milotumor - condition_miloSTOP
0.447672146785096	11.2154611601329	0.191769697821573	0.66489946131895	0.886816798943708	231	0.910502435142331	NK-like cytotoxic lymphocytes	1	tumor vs STOP	condition_milotumor - condition_miloSTOP
-3.43226323526668	11.7339150960875	8.08355139614627	0.00836730342648877	0.244853721322514	232	0.300232873504169	Terminally differentiated cytotoxic T cells	1	tumor vs STOP	condition_milotumor - condition_miloSTOP
-0.412211462309802	10.9652758676356	0.14974566949927	0.701784172874118	0.914901170262395	233	0.945267054696582	Quiescent T cells	0.575342465753425	tumor vs STOP	condition_milotumor - condition_miloSTOP
-3.65853937384037	10.3311657814908	0.752057441870796	0.393684174222803	0.79595782133774	234	0.821384486126178	Cycling / proliferating CAR T cells	1	tumor vs STOP	condition_milotumor - condition_miloSTOP
-0.155212599853101	11.1559939105124	0.0235014510483703	0.879289860855319	0.977287066767702	235	1	Quiescent T cells	0.833333333333333	tumor vs STOP	condition_milotumor - condition_miloSTOP
-0.657151273271397	10.7788426343845	0.248790735312267	0.621930535318259	0.882986653842694	236	0.90549678395088	Quiescent T cells	1	tumor vs STOP	condition_milotumor - condition_miloSTOP
-0.657832011182127	11.5064484260913	0.460454737903812	0.503134029663897	0.846551103718821	237	0.868998692380409	Terminally differentiated cytotoxic T cells	0.909836065573771	tumor vs STOP	condition_milotumor - condition_miloSTOP
-0.00576406617408191	11.2680240344511	3.11364598666073e-05	0.995588473498727	1	238	1	Naïve / central-memory T cells	0.96551724137931	tumor vs STOP	condition_milotumor - condition_miloSTOP
0.542150996159742	10.9900306319967	0.228756353935624	0.636262480925069	0.882986653842694	239	0.90549678395088	Quiescent T cells	0.671232876712329	tumor vs STOP	condition_milotumor - condition_miloSTOP
-7.1320948998568	11.0540850353982	12.0333260478003	0.00181830209957181	0.184056005133833	240	0.211417680699886	Activated CD4 effector / helper-like T cells	1	tumor vs STOP	condition_milotumor - condition_miloSTOP
-2.57069426725147	11.0149302077887	3.10036884973065	0.0894947970461414	0.67346229601819	241	0.76374131013109	Cycling / proliferating CAR T cells	0.975	tumor vs STOP	condition_milotumor - condition_miloSTOP
-1.15905219483896	10.9857187563206	0.766649870573882	0.388908337577895	0.792062401806995	242	0.821384486126178	Quiescent T cells	0.417721518987342	tumor vs STOP	condition_milotumor - condition_miloSTOP
-2.65714996443229	11.4895589240076	6.08272207798482	0.0202248303446578	0.374678971314551	243	0.441732861967648	Quiescent T cells	0.456310679611651	tumor vs STOP	condition_milotumor - condition_miloSTOP
0.698458867583813	11.2983527091453	0.402192221407087	0.531247528073816	0.846551103718821	244	0.868998692380409	NK-like cytotoxic lymphocytes	1	tumor vs STOP	condition_milotumor - condition_miloSTOP
-4.5609048169623	10.4765927222532	1.37198982471527	0.252851188590384	0.747460801678703	245	0.76459022058366	Activated CD4 effector / helper-like T cells	1	tumor vs STOP	condition_milotumor - condition_miloSTOP
-0.251348403535556	10.6411715249325	0.0401957949276834	0.842587079322437	0.973492181399312	246	0.997281956014801	Th2-like inflammatory T cells	0.822222222222222	tumor vs STOP	condition_milotumor - condition_miloSTOP
1.77959812966375	11.1820318096534	2.67008112059397	0.11375288190227	0.704337569969492	247	0.76459022058366	Quiescent T cells	0.987012987012987	tumor vs STOP	condition_milotumor - condition_miloSTOP
-0.0326539751788354	11.0073412955841	0.000886859369380737	0.976459404343159	1	248	1	Quiescent T cells	0.851351351351351	tumor vs STOP	condition_milotumor - condition_miloSTOP
-0.577325040191736	11.2265257043382	0.25824430033879	0.615418243356503	0.882986653842694	249	0.90549678395088	Quiescent T cells	0.71264367816092	tumor vs STOP	condition_milotumor - condition_miloSTOP
-1.60835104336233	11.2951145965593	2.27022495713136	0.143386724823334	0.704337569969492	250	0.76459022058366	Activated effector CD8 T cells (stress)	1	tumor vs STOP	condition_milotumor - condition_miloSTOP
-1.03030819203979	11.1505444999631	0.919441977136699	0.346052561075512	0.774970638753382	251	0.811794242082699	Activated effector CD8 T cells (stress)	0.988372093023256	tumor vs STOP	condition_milotumor - condition_miloSTOP
-4.3727704940122	10.6695548544126	1.68978294189897	0.204928967633855	0.744465806965671	252	0.76459022058366	Activated effector CD8 T cells (stress)	1	tumor vs STOP	condition_milotumor - condition_miloSTOP
2.01772887018472	10.7541567841193	1.79933441685708	0.190866195469462	0.744465806965671	253	0.76459022058366	γδ / Th17-like T cells	0.982456140350877	tumor vs STOP	condition_milotumor - condition_miloSTOP
0.188139646241092	11.0410677857621	0.0274535339729236	0.86962323842394	0.976788930431739	254	1	γδ T cells	0.577464788732394	tumor vs STOP	condition_milotumor - condition_miloSTOP
0.942050062102462	10.925225715702	0.735019357021684	0.398738569832647	0.796071408031169	255	0.821384486126178	Treg	0.985507246376812	tumor vs STOP	condition_milotumor - condition_miloSTOP
1.22061990835499	11.401531118854	0.974166006547794	0.33232663128771	0.772578455163675	256	0.803027189894527	γδ / Th17-like T cells	1	tumor vs STOP	condition_milotumor - condition_miloSTOP
3.62567306448503	10.7132196193878	1.35551664866778	0.254788822331848	0.747460801678703	257	0.76459022058366	Terminally differentiated cytotoxic T cells	0.984848484848485	tumor vs STOP	condition_milotumor - condition_miloSTOP
-7.31294213403002	11.773426244214	16.5907278755227	0.000380562368833095	0.184056005133833	258	0.211417680699886	Activated effector CD8 T cells (stress)	1	tumor vs STOP	condition_milotumor - condition_miloSTOP
0.844703163138873	11.3890863314302	0.65623710977938	0.424909638874335	0.800846641403832	259	0.827754966093186	Antigen-presenting myeloid cells	1	tumor vs STOP	condition_milotumor - condition_miloSTOP
-1.29333790027249	11.3573565211843	1.78728919601825	0.192311437850538	0.744465806965671	260	0.76459022058366	Quiescent T cells	0.483870967741935	tumor vs STOP	condition_milotumor - condition_miloSTOP
-1.21630848256089	11.1940573354953	1.2870565865983	0.266472570215702	0.760190222679342	261	0.783238835237559	Quiescent T cells	0.835294117647059	tumor vs STOP	condition_milotumor - condition_miloSTOP
-1.26388503135849	11.0885811253549	0.865102416652229	0.360481775230624	0.78491767550733	262	0.813022870361747	Activated effector CD8 T cells (stress)	0.928571428571429	tumor vs STOP	condition_milotumor - condition_miloSTOP
0.515007916180822	11.2561029018366	0.225437889292224	0.638710698848521	0.882986653842694	263	0.90549678395088	IFN-responsive T cells	1	tumor vs STOP	condition_milotumor - condition_miloSTOP
0.954981955836011	11.1073771712418	0.838242751015037	0.367931249857776	0.78491767550733	264	0.813022870361747	Activated effector CD8 T cells (stress)	0.6875	tumor vs STOP	condition_milotumor - condition_miloSTOP
0.963842141496198	11.0026015700834	0.98979817051686	0.328544549804918	0.770762741314491	265	0.803027189894527	Activated CD4 effector / helper-like T cells	0.880597014925373	tumor vs STOP	condition_milotumor - condition_miloSTOP
0.169590140643296	10.6416874513692	0.0132725805862715	0.909126051261131	0.983412615761068	266	1	Activated CD4 effector / helper-like T cells	0.943396226415094	tumor vs STOP	condition_milotumor - condition_miloSTOP
2.18939371768277	11.6807704967186	4.42852743815974	0.0447029301333456	0.468959040644154	267	0.555525029918521	NK-like cytotoxic lymphocytes	1	tumor vs STOP	condition_milotumor - condition_miloSTOP
-4.85552645072345	10.5109286590701	2.27535591832807	0.143387693459717	0.704337569969492	268	0.76459022058366	Activated CD4 effector / helper-like T cells	1	tumor vs STOP	condition_milotumor - condition_miloSTOP
1.08003049316262	10.8709230078974	0.802888905108662	0.378078677250877	0.785997382229828	269	0.813022870361747	Antigen-presenting myeloid cells	0.912280701754386	tumor vs STOP	condition_milotumor - condition_miloSTOP
0.288862303717442	11.1267779327552	0.062912286944972	0.803832432891062	0.963213001481531	270	0.992755095301995	Treg	1	tumor vs STOP	condition_milotumor - condition_miloSTOP
0.183629730526901	11.4437564997722	0.0404404187290871	0.842115444095377	0.973492181399312	271	0.997281956014801	IFN-responsive T cells	1	tumor vs STOP	condition_milotumor - condition_miloSTOP
0.707460254262857	11.7331539026702	0.581741725037705	0.452182821012061	0.82974801479441	272	0.865617152300169	Treg	1	tumor vs STOP	condition_milotumor - condition_miloSTOP
-0.893667102735897	11.4172417947647	0.845733237620274	0.36583177768041	0.78491767550733	273	0.813022870361747	Activated effector CD8 T cells (stress)	0.990196078431373	tumor vs STOP	condition_milotumor - condition_miloSTOP
-1.62728236128354	11.5715190283604	2.6400818344976	0.115710198310313	0.704337569969492	274	0.76459022058366	Treg	1	tumor vs STOP	condition_milotumor - condition_miloSTOP
-2.57666998330653	11.4690648398542	5.68127152086817	0.0243714348082524	0.374678971314551	275	0.441732861967648	Quiescent T cells	1	tumor vs STOP	condition_milotumor - condition_miloSTOP
1.81810553375942	10.7388122521251	0.804389630252612	0.377639740812734	0.785997382229828	276	0.813022870361747	Antigen-presenting myeloid cells	1	tumor vs STOP	condition_milotumor - condition_miloSTOP
-2.22316321404159	11.169740721858	2.58790363049949	0.119208666179239	0.704337569969492	277	0.76459022058366	Cycling / proliferating CAR T cells	1	tumor vs STOP	condition_milotumor - condition_miloSTOP
-1.40543308403957	11.213638882032	0.709345451148987	0.406992600196007	0.796071408031169	278	0.821384486126178	Terminally differentiated cytotoxic T cells	0.99	tumor vs STOP	condition_milotumor - condition_miloSTOP
-1.45175910730786	10.8228318000481	0.757557946203706	0.391696847309321	0.794830098919643	279	0.821384486126178	Cycling / proliferating CAR T cells	1	tumor vs STOP	condition_milotumor - condition_miloSTOP
1.41209851232776	11.0977301315902	1.04655545549713	0.315298282468089	0.770762741314491	280	0.803027189894527	Quiescent T cells	0.384615384615385	tumor vs STOP	condition_milotumor - condition_miloSTOP
-1.5099895822936	10.948659538045	1.08944230205215	0.305766373476439	0.770762741314491	281	0.803027189894527	Antigen-presenting myeloid cells	0.746835443037975	tumor vs STOP	condition_milotumor - condition_miloSTOP
-0.905018425590313	11.5447472346912	0.941626732908559	0.340394741419454	0.772578455163675	282	0.803027189894527	Activated effector CD8 T cells (stress)	1	tumor vs STOP	condition_milotumor - condition_miloSTOP
1.27471414398735	11.2852777514646	1.03075381778415	0.318911781349609	0.770762741314491	283	0.803027189894527	Treg	1	tumor vs STOP	condition_milotumor - condition_miloSTOP
-1.07721665308284	11.4210614593889	1.12234382150366	0.298714947840365	0.770762741314491	284	0.803027189894527	Treg	1	tumor vs STOP	condition_milotumor - condition_miloSTOP
1.19336466110932	11.4457750263089	1.42562126062981	0.242771044988505	0.747460801678703	285	0.76459022058366	NK-like cytotoxic lymphocytes	1	tumor vs STOP	condition_milotumor - condition_miloSTOP
0.820915399370302	10.6707174151029	0.101896819270349	0.751999369519861	0.937492460163025	286	0.962029989999432	Antigen-presenting myeloid cells	1	tumor vs STOP	condition_milotumor - condition_miloSTOP
0.264945254939802	10.5764143733077	0.0292564523169602	0.865452009355064	0.97608508341667	287	1	Quiescent T cells	0.693877551020408	tumor vs STOP	condition_milotumor - condition_miloSTOP
-6.86590965153469	10.8076943731269	10.2009456663781	0.00363074101111956	0.184056005133833	288	0.211417680699886	Activated CD4 effector / helper-like T cells	0.949152542372881	tumor vs STOP	condition_milotumor - condition_miloSTOP
-0.43861838752559	11.9166713074665	0.317623780415031	0.57764802734881	0.864741077884014	289	0.885572191704908	Activated effector CD8 T cells (stress)	1	tumor vs STOP	condition_milotumor - condition_miloSTOP
3.60732740831324	10.8909577071824	1.61585553623672	0.2148197597095	0.744465806965671	290	0.76459022058366	Terminally differentiated cytotoxic T cells	0.922077922077922	tumor vs STOP	condition_milotumor - condition_miloSTOP
-0.900111909786216	10.8192616123007	0.354722270579711	0.556366786731371	0.852176125131246	291	0.873624306306687	Terminally differentiated cytotoxic T cells	0.741935483870968	tumor vs STOP	condition_milotumor - condition_miloSTOP
0.367248823291616	11.0568087754965	0.131470276239274	0.719709628736183	0.92706849768319	292	0.953744283430259	Th2-like inflammatory T cells	0.967741935483871	tumor vs STOP	condition_milotumor - condition_miloSTOP
-1.29691698873102	11.5810123189724	1.2079720445634	0.281350005897176	0.770762741314491	293	0.803027189894527	γδ T cells	0.814516129032258	tumor vs STOP	condition_milotumor - condition_miloSTOP
-3.80472715038314	11.4122354639439	9.38001323941207	0.00489437495931334	0.184056005133833	294	0.211417680699886	Terminally differentiated cytotoxic T cells	0.81	tumor vs STOP	condition_milotumor - condition_miloSTOP
-1.20714302183716	10.9785914345636	0.948209286607361	0.338740822910267	0.772578455163675	295	0.803027189894527	Treg	1	tumor vs STOP	condition_milotumor - condition_miloSTOP
2.24825418906294	11.5907563496841	5.20017756406287	0.0306218530676586	0.405375007276623	296	0.486828490809535	Treg	0.983606557377049	tumor vs STOP	condition_milotumor - condition_miloSTOP
-1.45055717915492	11.4225364633642	1.66294089303267	0.208044914049795	0.744465806965671	297	0.76459022058366	Treg	1	tumor vs STOP	condition_milotumor - condition_miloSTOP
0.082405708291236	11.4401771354222	0.00670854177416854	0.93532036695105	0.997591563616782	298	1	γδ T cells	0.539130434782609	tumor vs STOP	condition_milotumor - condition_miloSTOP
-5.66776279672689	10.7389137389328	4.79880294136873	0.0375505458887211	0.451073527674529	299	0.525479102982208	Treg	0.946428571428571	tumor vs STOP	condition_milotumor - condition_miloSTOP
-0.323533169838211	11.3227495042653	0.103773563193819	0.749805759879684	0.937492460163025	300	0.962029989999432	IFN-responsive T cells	1	tumor vs STOP	condition_milotumor - condition_miloSTOP
-0.290565702263203	11.6957537945389	0.104752158804099	0.748670644768658	0.937492460163025	301	0.962029989999432	NK-like cytotoxic lymphocytes	1	tumor vs STOP	condition_milotumor - condition_miloSTOP
-1.4162225661791	11.590808361227	2.5120421040092	0.124517383344579	0.704337569969492	302	0.76459022058366	Quiescent T cells	0.857142857142857	tumor vs STOP	condition_milotumor - condition_miloSTOP
0.0628143302036027	11.1387727221706	0.00423576868936669	0.948583206195001	0.999554791248826	303	1	Activated CD4 effector / helper-like T cells	0.924050632911392	tumor vs STOP	condition_milotumor - condition_miloSTOP
-1.63498017775966	11.0479374485836	2.26641049479376	0.143710330529693	0.704337569969492	304	0.76459022058366	Antigen-presenting myeloid cells	0.96551724137931	tumor vs STOP	condition_milotumor - condition_miloSTOP
-3.66587547924263	10.5323474325646	1.00988708578047	0.32410409013186	0.770762741314491	305	0.803027189894527	Cycling / proliferating CAR T cells	0.981132075471698	tumor vs STOP	condition_milotumor - condition_miloSTOP
-0.0582462346593409	11.3280565121852	0.0019413655946646	0.965177125149312	1	306	1	Quiescent T cells	0.908163265306122	tumor vs STOP	condition_milotumor - condition_miloSTOP
-1.32909231134728	11.4930816259077	1.68276646148753	0.205433054074938	0.744465806965671	307	0.76459022058366	Quiescent T cells	0.956896551724138	tumor vs STOP	condition_milotumor - condition_miloSTOP
0.833205102418867	11.389341414378	0.533755394379146	0.471267485727263	0.844388388835605	308	0.868998692380409	Treg	1	tumor vs STOP	condition_milotumor - condition_miloSTOP
1.26002171934257	11.6831220440355	1.65791058393035	0.20871413452191	0.744465806965671	309	0.76459022058366	NK-like cytotoxic lymphocytes	1	tumor vs STOP	condition_milotumor - condition_miloSTOP
-2.16672152992273	10.9961304292147	1.78674469559099	0.192377084935902	0.744465806965671	310	0.76459022058366	Quiescent T cells	0.988095238095238	tumor vs STOP	condition_milotumor - condition_miloSTOP
1.1047232000735	11.7956106284954	1.06380011446244	0.312012194177453	0.770762741314491	311	0.803027189894527	Quiescent T cells	0.540740740740741	tumor vs STOP	condition_milotumor - condition_miloSTOP
-0.549186051395905	10.8787900931843	0.204303535931141	0.654846811703905	0.886400386832443	312	0.910405685411604	Quiescent T cells	0.882352941176471	tumor vs STOP	condition_milotumor - condition_miloSTOP
0.652746030350347	11.6750544751535	0.368992008001791	0.548583237291641	0.850977297751953	313	0.872387843673888	Quiescent T cells	0.826446280991736	tumor vs STOP	condition_milotumor - condition_miloSTOP
-0.390243019512578	11.2877945555532	0.121289296838887	0.73031655033316	0.92706849768319	314	0.953744283430259	Cycling / proliferating CAR T cells	1	tumor vs STOP	condition_milotumor - condition_miloSTOP
0.499360509376544	11.1244355669474	0.242594257243986	0.626283893765266	0.882986653842694	315	0.90549678395088	Naïve / central-memory T cells	0.975	tumor vs STOP	condition_milotumor - condition_miloSTOP
-1.70395290401555	11.466711897241	2.3467196480911	0.137075303622258	0.704337569969492	316	0.76459022058366	Treg	1	tumor vs STOP	condition_milotumor - condition_miloSTOP
-0.588675189602846	11.2719637073562	0.248687483720151	0.622002515049719	0.882986653842694	317	0.90549678395088	Treg	0.989690721649485	tumor vs STOP	condition_milotumor - condition_miloSTOP
-1.52731971068477	11.0222217046823	1.70784133040661	0.20218732914495	0.744465806965671	318	0.76459022058366	NK-like cytotoxic lymphocytes	1	tumor vs STOP	condition_milotumor - condition_miloSTOP
-1.2660756383064	11.1833005878613	1.36999420227292	0.251947623903002	0.747460801678703	319	0.76459022058366	Activated effector CD8 T cells (stress)	0.910112359550562	tumor vs STOP	condition_milotumor - condition_miloSTOP
-1.53969045448104	11.558993463868	2.18833878777665	0.150527651893086	0.704337569969492	320	0.76459022058366	Treg	1	tumor vs STOP	condition_milotumor - condition_miloSTOP
0.951501777674976	11.1169823578382	0.8765860476183	0.357362408817684	0.782257871270205	321	0.813022870361747	γδ / Th17-like T cells	1	tumor vs STOP	condition_milotumor - condition_miloSTOP
-0.162079682410938	10.9606475334536	0.0207421040205143	0.886543563027536	0.977287066767702	322	1	Quiescent T cells	0.928571428571429	tumor vs STOP	condition_milotumor - condition_miloSTOP
-1.20751919132387	11.1935021552925	1.05001198056984	0.314515271636059	0.770762741314491	323	0.803027189894527	Cycling / proliferating CAR T cells	0.98936170212766	tumor vs STOP	condition_milotumor - condition_miloSTOP
1.08052484431747	11.5511525021234	0.989805705355304	0.328542741142257	0.770762741314491	324	0.803027189894527	IFN-responsive T cells	0.983606557377049	tumor vs STOP	condition_milotumor - condition_miloSTOP
1.00552309424712	10.5376622078145	0.203982631284903	0.655234818323982	0.886400386832443	325	0.910405685411604	Antigen-presenting myeloid cells	1	tumor vs STOP	condition_milotumor - condition_miloSTOP
-0.442447789815788	10.8305439550051	0.0992018361370379	0.755188776562682	0.937492460163025	326	0.962029989999432	γδ T cells	0.985915492957746	tumor vs STOP	condition_milotumor - condition_miloSTOP
-1.49654072797903	11.279308321803	1.49598770389135	0.231762187492049	0.747460801678703	327	0.76459022058366	Cycling / proliferating CAR T cells	1	tumor vs STOP	condition_milotumor - condition_miloSTOP
-0.206024203273678	11.5132966304156	0.0551430483645489	0.816099732104544	0.967702567160631	328	0.994545784141264	Naïve / central-memory T cells	1	tumor vs STOP	condition_milotumor - condition_miloSTOP
0.465000977406638	11.7387467659925	0.172420432973617	0.681220971856801	0.901806810362812	329	0.928240733019493	Treg	1	tumor vs STOP	condition_milotumor - condition_miloSTOP
0.647584025052144	11.0233854893319	0.191509102564904	0.665112599207781	0.886816798943708	330	0.910502435142331	Treg	1	tumor vs STOP	condition_milotumor - condition_miloSTOP
-0.0651321357075921	10.6842045683249	0.00107319847223312	0.974104988338927	1	331	1	Treg	0.803571428571429	tumor vs STOP	condition_milotumor - condition_miloSTOP
-2.79825721662183	10.3287291602263	0.396883393521792	0.534149106613543	0.846551103718821	332	0.868998692380409	Cycling / proliferating CAR T cells	1	tumor vs STOP	condition_milotumor - condition_miloSTOP
-1.39371276174339	11.5058447055418	1.74474285068555	0.197524705370934	0.744465806965671	333	0.76459022058366	Treg	1	tumor vs STOP	condition_milotumor - condition_miloSTOP
-1.369543869415	11.5690484508957	2.23866336586788	0.146090487243688	0.704337569969492	334	0.76459022058366	Quiescent T cells	0.952830188679245	tumor vs STOP	condition_milotumor - condition_miloSTOP
0.718439641057399	11.0187783268777	0.564145294569591	0.459032545465686	0.839546366049083	335	0.868998692380409	Activated effector CD8 T cells (stress)	0.514705882352941	tumor vs STOP	condition_milotumor - condition_miloSTOP
1.4635504993623	11.1529126506753	2.41806415486711	0.131481841475815	0.704337569969492	336	0.76459022058366	NK-like cytotoxic lymphocytes	1	tumor vs STOP	condition_milotumor - condition_miloSTOP
-3.95743749055504	11.4256181661426	10.8820054338193	0.00270826198370777	0.184056005133833	337	0.211417680699886	Activated CD4 effector / helper-like T cells	0.915094339622642	tumor vs STOP	condition_milotumor - condition_miloSTOP
-2.92201412888569	10.6215556885426	0.544281084818439	0.467208232750804	0.843055151883486	338	0.868998692380409	Antigen-presenting myeloid cells	1	tumor vs STOP	condition_milotumor - condition_miloSTOP
0.768820807136674	10.626499402043	0.291109522577342	0.593892203249443	0.871250831152218	339	0.891387397415924	Quiescent T cells	0.511627906976744	tumor vs STOP	condition_milotumor - condition_miloSTOP
-0.135596249523144	11.0013226334298	0.0192598113938028	0.890644753205973	0.977287066767702	340	1	Th2-like inflammatory T cells	0.967741935483871	tumor vs STOP	condition_milotumor - condition_miloSTOP
-1.16104950279435	11.7461559281622	1.11250883304682	0.300799744216709	0.770762741314491	341	0.803027189894527	Treg	1	tumor vs STOP	condition_milotumor - condition_miloSTOP
-4.28429800101074	10.2950951958516	1.1035675303345	0.303060035593439	0.770762741314491	342	0.803027189894527	Terminally differentiated cytotoxic T cells	1	tumor vs STOP	condition_milotumor - condition_miloSTOP
-0.0460155286920031	10.75906740111	0.000420605001220225	0.983787041609892	1	343	1	Treg	0.803571428571429	tumor vs STOP	condition_milotumor - condition_miloSTOP
-6.55396044806087	11.6298705957991	8.68668060082332	0.00664695751751082	0.223738738639433	344	0.271071374260125	Activated effector CD8 T cells (stress)	1	tumor vs STOP	condition_milotumor - condition_miloSTOP
0.687097140160411	11.002837092149	0.368073003176066	0.549078231448224	0.850977297751953	345	0.872387843673888	γδ T cells	0.455882352941176	tumor vs STOP	condition_milotumor - condition_miloSTOP
-1.06499397304711	11.3626954668901	0.966372408253067	0.334234708243145	0.772578455163675	346	0.803027189894527	γδ T cells	0.5	tumor vs STOP	condition_milotumor - condition_miloSTOP
-5.56415237445328	10.8214179451475	4.88754296781752	0.0359640030291259	0.451073527674529	347	0.525479102982208	Quiescent T cells	0.940298507462687	tumor vs STOP	condition_milotumor - condition_miloSTOP
-0.00344727819024581	10.8924168639273	3.28267461740754e-06	0.998567580301714	1	348	1	Treg	0.619718309859155	tumor vs STOP	condition_milotumor - condition_miloSTOP
-0.381207282440798	11.1932421168414	0.0983540309777534	0.756201981959581	0.937492460163025	349	0.962029989999432	Treg	1	tumor vs STOP	condition_milotumor - condition_miloSTOP
-2.70821374343906	10.9781739759965	3.01293406217172	0.0938991342730656	0.67346229601819	350	0.76374131013109	Activated CD4 effector / helper-like T cells	0.837837837837838	tumor vs STOP	condition_milotumor - condition_miloSTOP
-0.356111177150775	11.0512829674311	0.0983806604911089	0.756170084199492	0.937492460163025	351	0.962029989999432	Activated CD4 effector / helper-like T cells	0.866666666666667	tumor vs STOP	condition_milotumor - condition_miloSTOP
-2.26338340181068	10.9315587001159	2.73159600890938	0.109858237535724	0.704337569969492	352	0.76459022058366	Treg	0.942028985507246	tumor vs STOP	condition_milotumor - condition_miloSTOP
0.176450833214252	11.6801992301723	0.0415667462739333	0.839962824266913	0.973492181399312	353	0.997281956014801	Naïve / central-memory T cells	1	tumor vs STOP	condition_milotumor - condition_miloSTOP
-0.170272350767121	11.5431490021723	0.0288956894453085	0.866275845282425	0.97608508341667	354	1	Treg	1	tumor vs STOP	condition_milotumor - condition_miloSTOP
-1.81337385959313	10.9206456033196	2.47528732179909	0.127188481561923	0.704337569969492	355	0.76459022058366	Cycling / proliferating CAR T cells	0.915492957746479	tumor vs STOP	condition_milotumor - condition_miloSTOP
0.170929293353573	11.4317022536228	0.0320707809398582	0.859197292915538	0.97608508341667	356	1	Quiescent T cells	0.872549019607843	tumor vs STOP	condition_milotumor - condition_miloSTOP
-2.1164711243899	11.0598651534743	2.19543361047128	0.149892508022046	0.704337569969492	357	0.76459022058366	Cycling / proliferating CAR T cells	1	tumor vs STOP	condition_milotumor - condition_miloSTOP
-0.117913382155366	11.3888045297506	0.0103118918445975	0.919859391491492	0.989249171507291	358	1	Quiescent T cells	0.779069767441861	tumor vs STOP	condition_milotumor - condition_miloSTOP
1.75285677592469	11.5055977902791	2.51597688003596	0.124235334896259	0.704337569969492	359	0.76459022058366	Treg	0.991379310344828	tumor vs STOP	condition_milotumor - condition_miloSTOP
-1.66139731085628	11.1499599223977	1.71757385441447	0.200944573817356	0.744465806965671	360	0.76459022058366	Quiescent T cells	0.711111111111111	tumor vs STOP	condition_milotumor - condition_miloSTOP
-1.61767291394489	11.0869486474932	2.38000298504609	0.134431750170661	0.704337569969492	361	0.76459022058366	Activated effector CD8 T cells (stress)	0.558441558441558	tumor vs STOP	condition_milotumor - condition_miloSTOP
1.70192593689924	10.7087139782823	0.669663567824738	0.420267668910805	0.800846641403832	362	0.826794552156386	Antigen-presenting myeloid cells	1	tumor vs STOP	condition_milotumor - condition_miloSTOP
0.833409023524259	11.5453523814989	0.663708444231613	0.422316864155455	0.800846641403832	363	0.826794552156386	Naïve / central-memory T cells	0.845528455284553	tumor vs STOP	condition_milotumor - condition_miloSTOP
-7.01998153996022	11.0231047157207	9.51952771371494	0.00474718661889581	0.184056005133833	364	0.211417680699886	Activated CD4 effector / helper-like T cells	0.957746478873239	tumor vs STOP	condition_milotumor - condition_miloSTOP
-1.11060248976308	11.8551982511114	1.40787481737733	0.24565161759128	0.747460801678703	365	0.76459022058366	Quiescent T cells	0.993377483443709	tumor vs STOP	condition_milotumor - condition_miloSTOP
-1.69286704790179	10.9331960585758	1.81047921353924	0.189540787054063	0.744465806965671	366	0.76459022058366	Treg	0.590909090909091	tumor vs STOP	condition_milotumor - condition_miloSTOP
2.13481962455621	11.3505430053407	3.56045500941286	0.0698680818403711	0.571274316224211	367	0.650376902024777	Treg	1	tumor vs STOP	condition_milotumor - condition_miloSTOP
-0.660730561098069	11.3557952201855	0.399437398138171	0.532647040263793	0.846551103718821	368	0.868998692380409	Treg	1	tumor vs STOP	condition_milotumor - condition_miloSTOP
-1.5672754090065	11.3670804964971	1.82839588005107	0.18743347372559	0.744465806965671	369	0.76459022058366	Quiescent T cells	0.885714285714286	tumor vs STOP	condition_milotumor - condition_miloSTOP
0.910254441852058	11.0927768803178	0.499082947356162	0.485900448614729	0.845807082653851	370	0.868998692380409	Quiescent T cells	0.632911392405063	tumor vs STOP	condition_milotumor - condition_miloSTOP
-0.783034540020723	10.8074697613875	0.345993055253452	0.561234090744664	0.852585121459107	371	0.873624306306687	Cycling / proliferating CAR T cells	1	tumor vs STOP	condition_milotumor - condition_miloSTOP
-0.153729934013055	10.8790176976639	0.0167545853314956	0.897960599328736	0.979287330764062	372	1	Activated effector CD8 T cells (stress)	0.779411764705882	tumor vs STOP	condition_milotumor - condition_miloSTOP
0.0461563464727287	11.5521780757554	0.00282679554517122	0.95798622157194	1	373	1	Naïve / central-memory T cells	0.991071428571429	tumor vs STOP	condition_milotumor - condition_miloSTOP
-1.51041012060954	10.9199941585134	1.01112136874016	0.32348038221673	0.770762741314491	374	0.803027189894527	Treg	1	tumor vs STOP	condition_milotumor - condition_miloSTOP
-1.63666734739564	11.4347891309977	2.12767236137824	0.156091387066618	0.710210286604476	375	0.76459022058366	Quiescent T cells	0.716981132075472	tumor vs STOP	condition_milotumor - condition_miloSTOP
-0.889702327670298	10.9532617336378	0.48252513706111	0.493161388414763	0.846289296168543	376	0.868998692380409	NK-like cytotoxic lymphocytes	1	tumor vs STOP	condition_milotumor - condition_miloSTOP
1.72427540396303	10.883131043645	2.15734069339864	0.15334046438509	0.710210286604476	377	0.76459022058366	Activated CD4 effector / helper-like T cells	1	tumor vs STOP	condition_milotumor - condition_miloSTOP
-0.485602891299878	11.1357351645715	0.122776182793954	0.728736910391119	0.92706849768319	378	0.953744283430259	NK-like cytotoxic lymphocytes	1	tumor vs STOP	condition_milotumor - condition_miloSTOP
0.585833921584312	11.4232475857905	0.367361658254296	0.549461960239121	0.850977297751953	379	0.872387843673888	Activated effector CD8 T cells (stress)	0.603960396039604	tumor vs STOP	condition_milotumor - condition_miloSTOP
0.20487783384084	10.9927354284425	0.0391629311442046	0.844595112179056	0.973492181399312	380	0.997281956014801	Quiescent T cells	0.802816901408451	tumor vs STOP	condition_milotumor - condition_miloSTOP
-4.59966888865325	10.9165942283733	2.58028403398657	0.120166397099647	0.704337569969492	381	0.76459022058366	Terminally differentiated cytotoxic T cells	0.960526315789474	tumor vs STOP	condition_milotumor - condition_miloSTOP
-0.309156808248596	11.6866311276952	0.0907323389695185	0.765534758293977	0.938201258345635	382	0.962029989999432	Quiescent T cells	0.767441860465116	tumor vs STOP	condition_milotumor - condition_miloSTOP
1.05095109599422	10.6248855299482	0.381717352080559	0.541815024580451	0.850977297751953	383	0.868998692380409	Cycling / proliferating CAR T cells	1	tumor vs STOP	condition_milotumor - condition_miloSTOP
0.806410177978974	11.4099170560922	0.401170340930862	0.532112950619005	0.846551103718821	384	0.868998692380409	Quiescent T cells	0.894736842105263	tumor vs STOP	condition_milotumor - condition_miloSTOP
-0.955399703993924	10.8880420065755	0.727078406132902	0.401264531024876	0.796071408031169	385	0.821384486126178	Activated effector CD8 T cells (stress)	0.923076923076923	tumor vs STOP	condition_milotumor - condition_miloSTOP
0.899126266342644	11.4862491400576	1.00220692705482	0.325584402765329	0.770762741314491	386	0.803027189894527	Naïve / central-memory T cells	0.666666666666667	tumor vs STOP	condition_milotumor - condition_miloSTOP
-0.688821314041994	11.0041858186546	0.346185514124988	0.561125884862362	0.852585121459107	387	0.873624306306687	Activated CD4 effector / helper-like T cells	0.783783783783784	tumor vs STOP	condition_milotumor - condition_miloSTOP
-1.09719332543085	11.508605692039	1.16109425772403	0.290685649709303	0.770762741314491	388	0.803027189894527	Treg	0.982300884955752	tumor vs STOP	condition_milotumor - condition_miloSTOP
-5.18497678924288	10.7698107893466	4.11654084536013	0.0527212787781338	0.507595242211568	389	0.55933241763953	Activated CD4 effector / helper-like T cells	0.7	tumor vs STOP	condition_milotumor - condition_miloSTOP
-2.26097787310341	11.1069437341724	2.43150300947418	0.130458473460156	0.704337569969492	390	0.76459022058366	Activated effector CD8 T cells (stress)	1	tumor vs STOP	condition_milotumor - condition_miloSTOP
-0.00766023072795572	11.7631302482918	0.000102094964836398	0.992011759834244	1	391	1	γδ T cells	1	tumor vs STOP	condition_milotumor - condition_miloSTOP
0.93003420298553	11.7383226044681	1.11168010819103	0.300976303109541	0.770762741314491	392	0.803027189894527	Naïve / central-memory T cells	1	tumor vs STOP	condition_milotumor - condition_miloSTOP
-0.931472699579393	10.8668434492575	0.494603554466792	0.487846694636887	0.845807082653851	393	0.868998692380409	Cycling / proliferating CAR T cells	0.971014492753623	tumor vs STOP	condition_milotumor - condition_miloSTOP
-1.38475530980372	11.6921959419111	2.39317116367586	0.13340244486163	0.704337569969492	394	0.76459022058366	Activated effector CD8 T cells (stress)	1	tumor vs STOP	condition_milotumor - condition_miloSTOP
0.793430657009187	11.0243048709529	0.706658294644775	0.407871330358613	0.796071408031169	395	0.821384486126178	Th2-like inflammatory T cells	1	tumor vs STOP	condition_milotumor - condition_miloSTOP
0.310807888654012	11.0464537151229	0.106248174977527	0.746946652319498	0.937492460163025	396	0.962029989999432	Activated effector CD8 T cells (stress)	0.970588235294118	tumor vs STOP	condition_milotumor - condition_miloSTOP
0.027978200286788	10.4799234263642	0.000113707826944806	0.991569695528732	1	397	1	Cycling / proliferating CAR T cells	0.957446808510638	tumor vs STOP	condition_milotumor - condition_miloSTOP
-1.2370581594509	10.7308638261014	0.547233279094142	0.465776095683936	0.843055151883486	398	0.868998692380409	Activated CD4 effector / helper-like T cells	0.67741935483871	tumor vs STOP	condition_milotumor - condition_miloSTOP
0.547174998756493	11.3918907640929	0.295649373957735	0.591044032501612	0.869366354684911	399	0.890454390370442	Activated effector CD8 T cells (stress)	0.854166666666667	tumor vs STOP	condition_milotumor - condition_miloSTOP
-0.918519569403145	11.4459609476134	0.729146230582196	0.400604471409281	0.796071408031169	400	0.821384486126178	Activated effector CD8 T cells (stress)	0.973913043478261	tumor vs STOP	condition_milotumor - condition_miloSTOP
0.613872159269272	11.1332460806915	0.313081391875871	0.58036592417764	0.864741077884014	401	0.885572191704908	Antigen-presenting myeloid cells	0.815384615384615	tumor vs STOP	condition_milotumor - condition_miloSTOP
-1.49000407922568	11.1624782784189	1.60937913314903	0.215309656634559	0.744465806965671	402	0.76459022058366	Quiescent T cells	0.951807228915663	tumor vs STOP	condition_milotumor - condition_miloSTOP
-1.66032642512347	11.3954613319184	1.90529476484399	0.178706097561655	0.744442025292134	403	0.76459022058366	Quiescent T cells	0.961165048543689	tumor vs STOP	condition_milotumor - condition_miloSTOP
0.285507003592765	10.9994803962929	0.0876270572455394	0.769460024830233	0.938201258345635	404	0.962029989999432	Treg	0.53030303030303	tumor vs STOP	condition_milotumor - condition_miloSTOP
-2.43236407855367	10.9128935823567	3.06572040469246	0.091211198280279	0.67346229601819	405	0.76374131013109	Quiescent T cells	0.927536231884058	tumor vs STOP	condition_milotumor - condition_miloSTOP
-0.335555922456947	10.7117628292161	0.053974698307087	0.81802195425449	0.967702567160631	406	0.994545784141264	Treg	0.981481481481482	tumor vs STOP	condition_milotumor - condition_miloSTOP
0.0838089541457477	11.1762028295348	0.00590151442677627	0.939326965435654	0.997591563616782	407	1	Quiescent T cells	0.91358024691358	tumor vs STOP	condition_milotumor - condition_miloSTOP
0.0636051452701284	11.0852939907011	0.00407631794681429	0.949558864278383	0.999554791248826	408	1	Antigen-presenting myeloid cells	1	tumor vs STOP	condition_milotumor - condition_miloSTOP
-0.749085003213207	11.8910383813635	0.876609374106044	0.35735611162116	0.782257871270205	409	0.813022870361747	Quiescent T cells	0.981132075471698	tumor vs STOP	condition_milotumor - condition_miloSTOP
-5.17537125220995	10.6144829013661	2.27513234850842	0.143406565148252	0.704337569969492	410	0.76459022058366	Cycling / proliferating CAR T cells	1	tumor vs STOP	condition_milotumor - condition_miloSTOP
-1.62004532316158	11.4108996762425	1.61478213516027	0.214562704327411	0.744465806965671	411	0.76459022058366	Activated effector CD8 T cells (stress)	0.963963963963964	tumor vs STOP	condition_milotumor - condition_miloSTOP
0.591897300312081	10.5927702389181	0.133936886027838	0.717210493776298	0.92706849768319	412	0.953744283430259	Cycling / proliferating CAR T cells	0.686274509803922	tumor vs STOP	condition_milotumor - condition_miloSTOP
-0.4385942551652	11.0089190999442	0.0658842110802855	0.799354500035366	0.959915987083506	413	0.988576830136036	Antigen-presenting myeloid cells	1	tumor vs STOP	condition_milotumor - condition_miloSTOP
-1.06393963610509	11.4944827980719	1.14998591224967	0.292957711369805	0.770762741314491	414	0.803027189894527	Quiescent T cells	0.645454545454546	tumor vs STOP	condition_milotumor - condition_miloSTOP
1.41762792554512	10.8417639975097	2.0026896029751	0.168347502328101	0.724235246740201	415	0.76459022058366	Naïve / central-memory T cells	0.563636363636364	tumor vs STOP	condition_milotumor - condition_miloSTOP
0.459991825737955	11.2472175761209	0.192438378730742	0.664353347048304	0.886816798943708	416	0.910502435142331	Activated effector CD8 T cells (stress)	0.989583333333333	tumor vs STOP	condition_milotumor - condition_miloSTOP
-1.30276666514661	11.3632632527656	0.99359672425726	0.327634479138346	0.770762741314491	417	0.803027189894527	Activated effector CD8 T cells (stress)	1	tumor vs STOP	condition_milotumor - condition_miloSTOP
0.249164169744682	10.9578102002591	0.0387409116276378	0.845423500390893	0.973492181399312	418	0.997281956014801	Treg	1	tumor vs STOP	condition_milotumor - condition_miloSTOP
-0.044866443020865	11.8349124770561	0.00344109378085033	0.953650321824901	1	419	1	Naïve / central-memory T cells	1	tumor vs STOP	condition_milotumor - condition_miloSTOP
-1.07126304252938	11.4516686699605	1.20258849480181	0.282401854810101	0.770762741314491	420	0.803027189894527	Activated effector CD8 T cells (stress)	0.795918367346939	tumor vs STOP	condition_milotumor - condition_miloSTOP
-0.76644863972699	11.3442085778027	0.588002810635654	0.449785218898279	0.828081396382263	421	0.862123717638454	Quiescent T cells	0.677083333333333	tumor vs STOP	condition_milotumor - condition_miloSTOP
0.944491740541058	10.6326105971118	0.457038041436938	0.504709231641123	0.846551103718821	422	0.868998692380409	IFN-responsive T cells	0.941176470588235	tumor vs STOP	condition_milotumor - condition_miloSTOP
0.411167905787819	10.7669075833531	0.0888911914961172	0.767853059371991	0.938201258345635	423	0.962029989999432	Activated effector CD8 T cells (stress)	0.625	tumor vs STOP	condition_milotumor - condition_miloSTOP
-2.16667798492883	10.8716915026217	2.56563132221595	0.120739395953374	0.704337569969492	424	0.76459022058366	IFN-responsive T cells	0.939393939393939	tumor vs STOP	condition_milotumor - condition_miloSTOP
0.523551858602035	11.3448254774958	0.211988167655748	0.649107075862049	0.884567485733577	425	0.910405685411604	Quiescent T cells	0.693333333333333	tumor vs STOP	condition_milotumor - condition_miloSTOP
-0.101691866412644	11.1706229448538	0.00950275781810442	0.923057036093085	0.990771644918446	426	1	Th2-like inflammatory T cells	1	tumor vs STOP	condition_milotumor - condition_miloSTOP
0.458593346493004	11.5975740352181	0.234891905385176	0.631793118822776	0.882986653842694	427	0.90549678395088	γδ T cells	0.957627118644068	tumor vs STOP	condition_milotumor - condition_miloSTOP
-3.11998765069698	10.8815595584336	5.9097251862704	0.0219079762340174	0.374678971314551	428	0.441732861967648	Activated CD4 effector / helper-like T cells	0.984126984126984	tumor vs STOP	condition_milotumor - condition_miloSTOP
-1.17118621157421	11.4748142756483	1.2787803891425	0.267980725980488	0.760190222679342	429	0.783238835237559	Activated effector CD8 T cells (stress)	0.94	tumor vs STOP	condition_milotumor - condition_miloSTOP
-2.06864748274545	11.0352767814799	2.01739379900183	0.166847173763432	0.724235246740201	430	0.76459022058366	Treg	0.960526315789474	tumor vs STOP	condition_milotumor - condition_miloSTOP
0.582164800062264	11.0994127160721	0.339603482542483	0.564849830394641	0.855739797546104	431	0.875487280196676	Antigen-presenting myeloid cells	1	tumor vs STOP	condition_milotumor - condition_miloSTOP
-2.78461997744533	10.9149521411552	4.47903889465003	0.0435877992886999	0.46605416162533	432	0.55000277541758	Activated CD4 effector / helper-like T cells	0.72463768115942	tumor vs STOP	condition_milotumor - condition_miloSTOP
-1.53934896218222	11.0876985320155	1.78111156100736	0.193057848066699	0.744465806965671	433	0.76459022058366	Cycling / proliferating CAR T cells	1	tumor vs STOP	condition_milotumor - condition_miloSTOP
-4.64747271218204	10.3030352253746	1.4847075163953	0.233877606157962	0.747460801678703	434	0.76459022058366	Treg	0.675	tumor vs STOP	condition_milotumor - condition_miloSTOP
-0.0823071699010345	11.2517490435573	0.00573713498123683	0.940176221825888	0.997591563616782	435	1	Quiescent T cells	0.709677419354839	tumor vs STOP	condition_milotumor - condition_miloSTOP
-2.48788786338546	10.996938763379	2.96158179276707	0.0966016170538789	0.67346229601819	436	0.76374131013109	Quiescent T cells	0.712328767123288	tumor vs STOP	condition_milotumor - condition_miloSTOP
-5.44514896913481	10.8721244182778	5.51947137719373	0.0266003091352799	0.379224919979888	437	0.442697363362489	Activated effector CD8 T cells (stress)	0.942028985507246	tumor vs STOP	condition_milotumor - condition_miloSTOP
-0.229692156645438	11.685771161583	0.0715394347410345	0.791122440088705	0.958309535270849	438	0.984923231526662	Activated effector CD8 T cells (stress)	0.870967741935484	tumor vs STOP	condition_milotumor - condition_miloSTOP
-2.08831034363041	10.5450681448797	1.40720801070529	0.245760698316793	0.747460801678703	439	0.76459022058366	Cycling / proliferating CAR T cells	1	tumor vs STOP	condition_milotumor - condition_miloSTOP
2.38239865064144	11.1830507207261	4.28385229135232	0.0480771412433687	0.486016191478418	440	0.55933241763953	NK-like cytotoxic lymphocytes	1	tumor vs STOP	condition_milotumor - condition_miloSTOP
-0.866430859515673	11.4306393048019	0.609716578628661	0.441625525563385	0.821216696365357	441	0.852244394369272	Treg	1	tumor vs STOP	condition_milotumor - condition_miloSTOP
-0.163968733849443	11.2577748543627	0.0189404183123027	0.891549318131095	0.977287066767702	442	1	Treg	0.989247311827957	tumor vs STOP	condition_milotumor - condition_miloSTOP
-0.290482370005727	10.7759296467031	0.0434873936579138	0.836361153707379	0.973492181399312	443	0.997281956014801	Quiescent T cells	0.844827586206897	tumor vs STOP	condition_milotumor - condition_miloSTOP
-0.155957281165665	10.9973045602946	0.0184626863585725	0.892916960284159	0.977287066767702	444	1	Treg	1	tumor vs STOP	condition_milotumor - condition_miloSTOP
0.620094791962307	10.9411267537312	0.421988542287356	0.521385112413663	0.846551103718821	445	0.868998692380409	Antigen-presenting myeloid cells	1	tumor vs STOP	condition_milotumor - condition_miloSTOP
-1.23882159607541	11.2530029929851	1.5316001070355	0.226430493806153	0.747460801678703	446	0.76459022058366	Quiescent T cells	0.921348314606742	tumor vs STOP	condition_milotumor - condition_miloSTOP
-0.699037269537464	11.685084031937	0.541255037618928	0.468198769819405	0.843055151883486	447	0.868998692380409	Treg	1	tumor vs STOP	condition_milotumor - condition_miloSTOP
-1.58413605536672	10.9918368377179	1.77296450217299	0.194047639043099	0.744465806965671	448	0.76459022058366	Activated CD4 effector / helper-like T cells	0.915492957746479	tumor vs STOP	condition_milotumor - condition_miloSTOP
1.12696412908393	10.8799355790217	0.797306089449021	0.379718090669633	0.785997382229828	449	0.813022870361747	Activated CD4 effector / helper-like T cells	0.863636363636364	tumor vs STOP	condition_milotumor - condition_miloSTOP
-3.76458777560454	10.9800941132125	1.61039408101759	0.215573731873153	0.744465806965671	450	0.76459022058366	Terminally differentiated cytotoxic T cells	0.879518072289157	tumor vs STOP	condition_milotumor - condition_miloSTOP
1.81329072785709	11.1692554325387	2.75825591456415	0.108218485262192	0.704337569969492	451	0.76459022058366	Treg	0.975903614457831	tumor vs STOP	condition_milotumor - condition_miloSTOP
-0.203461757378505	11.3841617980712	0.0377293351941806	0.847428445678538	0.973492181399312	452	0.997281956014801	γδ T cells	0.990476190476191	tumor vs STOP	condition_milotumor - condition_miloSTOP
-0.31945616658029	11.7841049165358	0.149212006130387	0.702289236667341	0.914901170262395	453	0.945267054696582	Activated effector CD8 T cells (stress)	0.712121212121212	tumor vs STOP	condition_milotumor - condition_miloSTOP
-3.19576555344413	10.8780300353256	5.56958203741875	0.0256856654555301	0.375821841928283	454	0.441732861967648	Activated CD4 effector / helper-like T cells	0.953846153846154	tumor vs STOP	condition_milotumor - condition_miloSTOP
-1.02691138736662	11.1768263006712	0.776139353744347	0.386028992672331	0.792000442530686	455	0.819901984988934	Antigen-presenting myeloid cells	0.987654320987654	tumor vs STOP	condition_milotumor - condition_miloSTOP
0.827078997585514	10.6354883800968	0.122088616659183	0.729466021354025	0.92706849768319	456	0.953744283430259	Antigen-presenting myeloid cells	1	tumor vs STOP	condition_milotumor - condition_miloSTOP
0.0431702667990635	11.827080515109	0.00317668297188169	0.955464612371201	1	457	1	Activated effector CD8 T cells (stress)	0.757575757575758	tumor vs STOP	condition_milotumor - condition_miloSTOP
0.210040897472552	10.9549855690382	0.0429270013201899	0.837403289192192	0.973492181399312	458	0.997281956014801	IFN-responsive T cells	1	tumor vs STOP	condition_milotumor - condition_miloSTOP
3.65452266510432	10.4455041625977	1.09616570669197	0.304654324580191	0.770762741314491	459	0.803027189894527	Terminally differentiated cytotoxic T cells	1	tumor vs STOP	condition_milotumor - condition_miloSTOP
0.35377748010997	10.9709169193383	0.0884273507358694	0.768441235816419	0.938201258345635	460	0.962029989999432	IFN-responsive T cells	0.863013698630137	tumor vs STOP	condition_milotumor - condition_miloSTOP
-0.48854134667256	10.8358479934877	0.195900200702793	0.661544096848557	0.886816798943708	461	0.910502435142331	Activated CD4 effector / helper-like T cells	0.901639344262295	tumor vs STOP	condition_milotumor - condition_miloSTOP
0.965584116599779	11.3575158676551	1.02899366147558	0.319317774447583	0.770762741314491	462	0.803027189894527	NK-like cytotoxic lymphocytes	1	tumor vs STOP	condition_milotumor - condition_miloSTOP
3.37886243358434	11.113499135674	7.25824213978705	0.011936378220065	0.304921554339739	463	0.378232438239429	Quiescent T cells	0.943661971830986	tumor vs STOP	condition_milotumor - condition_miloSTOP
-2.15864817371763	11.2135266792263	3.91299023803951	0.058106242920641	0.529624115801252	464	0.587181692716875	Quiescent T cells	0.922222222222222	tumor vs STOP	condition_milotumor - condition_miloSTOP
2.26883265495309	10.6190480767455	1.99057527596436	0.169595773490637	0.724235246740201	465	0.76459022058366	NK-like cytotoxic lymphocytes	0.918367346938776	tumor vs STOP	condition_milotumor - condition_miloSTOP
0.935056177622444	11.0299866629675	0.718338438279778	0.404072453192704	0.796071408031169	466	0.821384486126178	Antigen-presenting myeloid cells	1	tumor vs STOP	condition_milotumor - condition_miloSTOP
0.402349855933982	10.8823902575628	0.0952250292392116	0.759983647809584	0.937492460163025	467	0.962029989999432	Activated effector CD8 T cells (stress)	0.53968253968254	tumor vs STOP	condition_milotumor - condition_miloSTOP
-1.20595441096257	11.4499021402534	1.00230175324189	0.325561922951598	0.770762741314491	468	0.803027189894527	Treg	1	tumor vs STOP	condition_milotumor - condition_miloSTOP
2.62402499574304	10.4950660308187	2.35753464460848	0.136209659280534	0.704337569969492	469	0.76459022058366	Quiescent T cells	0.512820512820513	tumor vs STOP	condition_milotumor - condition_miloSTOP
1.0658795059199	11.0660324117957	0.901188607379155	0.350807075814831	0.77708659025118	470	0.812251299549777	Naïve / central-memory T cells	0.986842105263158	tumor vs STOP	condition_milotumor - condition_miloSTOP
-0.194390109476782	10.9836076333786	0.0379768400863369	0.846935334412212	0.973492181399312	471	0.997281956014801	Activated effector CD8 T cells (stress)	0.545454545454545	tumor vs STOP	condition_milotumor - condition_miloSTOP
-0.616855765325698	11.962001067184	0.473902858693263	0.497016383692773	0.846393031294817	472	0.868998692380409	Quiescent T cells	0.952702702702703	tumor vs STOP	condition_milotumor - condition_miloSTOP
1.22670070770008	10.8168586021747	1.53847525347631	0.225418982719013	0.747460801678703	473	0.76459022058366	Cycling / proliferating CAR T cells	0.403508771929825	tumor vs STOP	condition_milotumor - condition_miloSTOP
-1.9515420923248	10.9621967073346	1.95898405431553	0.172903744453801	0.728291529669039	474	0.76459022058366	Quiescent T cells	0.521739130434783	tumor vs STOP	condition_milotumor - condition_miloSTOP
-0.473354192594891	11.7677771484387	0.226012874458835	0.638284916071963	0.882986653842694	475	0.90549678395088	Quiescent T cells	1	tumor vs STOP	condition_milotumor - condition_miloSTOP
-0.974029857858967	11.2846092627305	1.17603133075371	0.287667135670869	0.770762741314491	476	0.803027189894527	Quiescent T cells	0.726190476190476	tumor vs STOP	condition_milotumor - condition_miloSTOP
0.860473117761905	10.6343646121629	0.335672597596709	0.567097088387706	0.856809731368382	477	0.875487280196676	Activated CD4 effector / helper-like T cells	0.981132075471698	tumor vs STOP	condition_milotumor - condition_miloSTOP
0.505834157695729	11.0248744082053	0.155946230893138	0.695990638013408	0.912666968715696	478	0.941790920961574	γδ T cells	0.648648648648649	tumor vs STOP	condition_milotumor - condition_miloSTOP
-1.15901959512013	10.9337453331129	0.891468761655291	0.353376435962421	0.779671819028198	479	0.813022870361747	Cycling / proliferating CAR T cells	0.972972972972973	tumor vs STOP	condition_milotumor - condition_miloSTOP
0.861284756984461	10.3562854767199	0.0953673062849105	0.759810224085227	0.937492460163025	480	0.962029989999432	Antigen-presenting myeloid cells	0.933333333333333	tumor vs STOP	condition_milotumor - condition_miloSTOP
-0.983596784061864	11.0003374089936	0.595104306842432	0.447090340649475	0.827813963364598	481	0.860358827565555	Cycling / proliferating CAR T cells	0.987341772151899	tumor vs STOP	condition_milotumor - condition_miloSTOP
-3.94111893433945	11.5477044307544	9.34431237543562	0.00496553970684801	0.184056005133833	482	0.211417680699886	Terminally differentiated cytotoxic T cells	0.982758620689655	tumor vs STOP	condition_milotumor - condition_miloSTOP
-0.184711576470597	10.6038902340888	0.00822800057962749	0.928387842503339	0.99266084698434	483	1	Activated CD4 effector / helper-like T cells	0.607142857142857	tumor vs STOP	condition_milotumor - condition_miloSTOP
0.518476778137087	11.4156012426448	0.211872724837611	0.648955566192255	0.884567485733577	484	0.910405685411604	γδ T cells	0.963636363636364	tumor vs STOP	condition_milotumor - condition_miloSTOP
-2.24149358504052	10.6053144002856	1.75376236756042	0.196405208043046	0.744465806965671	485	0.76459022058366	Activated effector CD8 T cells (stress)	1	tumor vs STOP	condition_milotumor - condition_miloSTOP
0.568977701351212	10.6353589834528	0.135418350993777	0.715722062827453	0.92706849768319	486	0.953744283430259	NK-like cytotoxic lymphocytes	0.489795918367347	tumor vs STOP	condition_milotumor - condition_miloSTOP
-1.25870575973994	11.2018893199321	1.28662824026059	0.266550356375947	0.760190222679342	487	0.783238835237559	Cycling / proliferating CAR T cells	0.989010989010989	tumor vs STOP	condition_milotumor - condition_miloSTOP
-0.796044848416579	10.7107958058373	0.299037178443785	0.588937132486664	0.869366354684911	488	0.890454390370442	Activated effector CD8 T cells (stress)	0.793103448275862	tumor vs STOP	condition_milotumor - condition_miloSTOP
-0.0216945273337832	10.5689161549228	0.000175806902246662	0.989517584234856	1	489	1	γδ T cells	0.804347826086957	tumor vs STOP	condition_milotumor - condition_miloSTOP
-0.572712238505791	10.9292863226323	0.231950035914481	0.633926947885546	0.882986653842694	490	0.90549678395088	Terminally differentiated cytotoxic T cells	0.308823529411765	tumor vs STOP	condition_milotumor - condition_miloSTOP
0.390622398130076	11.2403690156758	0.162597553810171	0.689922697610488	0.906848746740973	491	0.935542197007933	Antigen-presenting myeloid cells	1	tumor vs STOP	condition_milotumor - condition_miloSTOP
-4.56339132771539	10.5292461080279	1.9026971647274	0.179415883793428	0.744442025292134	492	0.76459022058366	Cycling / proliferating CAR T cells	0.923076923076923	tumor vs STOP	condition_milotumor - condition_miloSTOP
-2.26362940059891	11.3401953449244	2.59624353111755	0.118641308662238	0.704337569969492	493	0.76459022058366	Treg	1	tumor vs STOP	condition_milotumor - condition_miloSTOP
-1.03815164397993	11.1441371180752	0.856489754269092	0.362846797037928	0.78491767550733	494	0.813022870361747	Cycling / proliferating CAR T cells	0.988636363636364	tumor vs STOP	condition_milotumor - condition_miloSTOP
-5.81652984940952	10.8620891774399	7.2730145810101	0.0120652413587666	0.304921554339739	495	0.378232438239429	Treg	0.96969696969697	tumor vs STOP	condition_milotumor - condition_miloSTOP
-0.213528767722529	10.6024423081859	0.0224005757742681	0.882128636497636	0.977287066767702	496	1	Activated effector CD8 T cells (stress)	0.306122448979592	tumor vs STOP	condition_milotumor - condition_miloSTOP
-2.06035001949192	10.9140522938835	1.82695203566042	0.187602233660395	0.744465806965671	497	0.76459022058366	Quiescent T cells	0.986842105263158	tumor vs STOP	condition_milotumor - condition_miloSTOP
-1.62735503209964	11.1706850768677	2.02825927002197	0.165748836083827	0.724235246740201	498	0.76459022058366	Treg	0.988235294117647	tumor vs STOP	condition_milotumor - condition_miloSTOP
-2.57092480492108	11.1887586240575	3.68952388687604	0.0652753283151593	0.564998918035329	499	0.637632491482673	Cycling / proliferating CAR T cells	1	tumor vs STOP	condition_milotumor - condition_miloSTOP
-0.185352582696055	10.6367868790853	0.00829431468870288	0.928100662930788	0.99266084698434	500	1	Treg	0.87037037037037	tumor vs STOP	condition_milotumor - condition_miloSTOP
-2.52907520024073	11.1950079881183	3.70089030763989	0.0648874887964356	0.564998918035329	501	0.637632491482673	Cycling / proliferating CAR T cells	0.98936170212766	tumor vs STOP	condition_milotumor - condition_miloSTOP
-0.0847506137024385	11.2914540739782	0.00536474312440379	0.942146626489179	0.997778141577111	502	1	Treg	0.989247311827957	tumor vs STOP	condition_milotumor - condition_miloSTOP
1.18706113280869	11.4559507542861	1.22766627717479	0.277545647686571	0.770762741314491	503	0.803027189894527	Quiescent T cells	0.467289719626168	tumor vs STOP	condition_milotumor - condition_miloSTOP
-0.620063785479978	11.8051674421356	0.472189293631039	0.497788707254326	0.846393031294817	504	0.868998692380409	Quiescent T cells	0.971014492753623	tumor vs STOP	condition_milotumor - condition_miloSTOP
0.168271559795475	11.0437014460073	0.0219654498987905	0.883270317689981	0.977287066767702	505	1	Activated effector CD8 T cells (stress)	0.5	tumor vs STOP	condition_milotumor - condition_miloSTOP
-0.819148686965506	11.0791972083456	0.531011050332116	0.472398742735568	0.844388388835605	506	0.868998692380409	Cycling / proliferating CAR T cells	0.963855421686747	tumor vs STOP	condition_milotumor - condition_miloSTOP
-1.00800020319854	11.4290777026238	0.917009187615573	0.34668098941421	0.774970638753382	507	0.811794242082699	Quiescent T cells	0.94392523364486	tumor vs STOP	condition_milotumor - condition_miloSTOP
1.60257319318187	11.3180706109801	2.33633474102912	0.137912627421299	0.704337569969492	508	0.76459022058366	Naïve / central-memory T cells	0.522727272727273	tumor vs STOP	condition_milotumor - condition_miloSTOP
-5.86813805198952	10.7019017634998	5.80838074131306	0.0232481211707457	0.374678971314551	509	0.441732861967648	Treg	0.821428571428571	tumor vs STOP	condition_milotumor - condition_miloSTOP
0.672109026692922	11.3842263156838	0.503576793357157	0.483961113697206	0.845807082653851	510	0.868998692380409	NK-like cytotoxic lymphocytes	0.989473684210526	tumor vs STOP	condition_milotumor - condition_miloSTOP
-1.74524132933681	10.927445998236	1.55511300596197	0.222994464894996	0.747460801678703	511	0.76459022058366	Quiescent T cells	0.376811594202899	tumor vs STOP	condition_milotumor - condition_miloSTOP
2.78662959493536	10.7279652037839	3.10222957976587	0.089403672393315	0.67346229601819	512	0.76374131013109	Treg	0.6	tumor vs STOP	condition_milotumor - condition_miloSTOP
0.817517939249865	11.0109192657652	0.520899485079783	0.476606058915543	0.845205852411715	513	0.868998692380409	Antigen-presenting myeloid cells	0.765625	tumor vs STOP	condition_milotumor - condition_miloSTOP
-2.7983655950039	11.5604862423205	6.17935007594817	0.0193469669518312	0.374678971314551	514	0.441732861967648	Terminally differentiated cytotoxic T cells	0.991666666666667	tumor vs STOP	condition_milotumor - condition_miloSTOP
0.910215085996234	11.0279596589479	0.502230982351518	0.484540527253907	0.845807082653851	515	0.868998692380409	Treg	0.986301369863014	tumor vs STOP	condition_milotumor - condition_miloSTOP
0.664703606195205	11.038583295864	0.244481940159444	0.624950395643017	0.882986653842694	516	0.90549678395088	Treg	0.987179487179487	tumor vs STOP	condition_milotumor - condition_miloSTOP
0.324850991762221	11.0904960889939	0.0744881991139715	0.786968379103722	0.956090934146691	517	0.981581850543106	Treg	1	tumor vs STOP	condition_milotumor - condition_miloSTOP
-0.687950945032758	11.1665413326496	0.406776029493861	0.528933769774582	0.846551103718821	518	0.868998692380409	NK-like cytotoxic lymphocytes	1	tumor vs STOP	condition_milotumor - condition_miloSTOP
-1.207481173673	10.9446412434074	1.04126921123822	0.316500909039839	0.770762741314491	519	0.803027189894527	Cycling / proliferating CAR T cells	1	tumor vs STOP	condition_milotumor - condition_miloSTOP
-0.34087572917207	10.5810292425272	0.0541934797126513	0.817660345136488	0.967702567160631	520	0.994545784141264	Th2-like inflammatory T cells	0.456521739130435	tumor vs STOP	condition_milotumor - condition_miloSTOP
1.13571135180866	10.7610280934233	0.941468048074623	0.340434750926439	0.772578455163675	521	0.803027189894527	Activated CD4 effector / helper-like T cells	0.854545454545454	tumor vs STOP	condition_milotumor - condition_miloSTOP
0.932882827827079	11.3307903667032	0.795415177569468	0.380275711906158	0.785997382229828	522	0.813022870361747	Naïve / central-memory T cells	0.967032967032967	tumor vs STOP	condition_milotumor - condition_miloSTOP
0.130070194162977	11.6808522589639	0.0207567269060279	0.886503863300219	0.977287066767702	523	1	NK-like cytotoxic lymphocytes	1	tumor vs STOP	condition_milotumor - condition_miloSTOP
-2.20752627086269	10.981761693121	1.44405093268595	0.240502128192442	0.747460801678703	524	0.76459022058366	Quiescent T cells	0.9125	tumor vs STOP	condition_milotumor - condition_miloSTOP
-2.68423021819872	10.7316953515605	2.95782686956523	0.0968027052405574	0.67346229601819	525	0.76374131013109	Terminally differentiated cytotoxic T cells	0.981481481481482	tumor vs STOP	condition_milotumor - condition_miloSTOP
-2.25817861603699	11.0045828468567	2.18588005356508	0.150748508680521	0.704337569969492	526	0.76459022058366	Activated effector CD8 T cells (stress)	0.949367088607595	tumor vs STOP	condition_milotumor - condition_miloSTOP
0.966905980848003	11.0951307408043	0.820008277771966	0.373115135581735	0.78491767550733	527	0.813022870361747	Antigen-presenting myeloid cells	1	tumor vs STOP	condition_milotumor - condition_miloSTOP
0.679515038166741	11.657587489872	0.380230106409992	0.542934324651737	0.850977297751953	528	0.868998692380409	Quiescent T cells	0.74	tumor vs STOP	condition_milotumor - condition_miloSTOP
-0.723326361538943	10.7672954213018	0.247379878562866	0.622915712339549	0.882986653842694	529	0.90549678395088	Cycling / proliferating CAR T cells	0.984375	tumor vs STOP	condition_milotumor - condition_miloSTOP
-1.57806551308649	11.3653024551774	1.69367629256833	0.204013035805237	0.744465806965671	530	0.76459022058366	Treg	1	tumor vs STOP	condition_milotumor - condition_miloSTOP
-0.415310007653495	11.420346502784	0.207214215642548	0.652565948241319	0.886400386832443	531	0.910405685411604	Activated effector CD8 T cells (stress)	0.840425531914894	tumor vs STOP	condition_milotumor - condition_miloSTOP
0.216759393947877	11.2826709983634	0.0422831573442552	0.838609424872508	0.973492181399312	532	0.997281956014801	Treg	1	tumor vs STOP	condition_milotumor - condition_miloSTOP
-5.86268953215017	10.991965466332	5.73618539712022	0.0240396866850762	0.374678971314551	533	0.441732861967648	Cycling / proliferating CAR T cells	1	tumor vs STOP	condition_milotumor - condition_miloSTOP
-0.947922708124928	11.3558384310342	0.96055549470201	0.335668736092723	0.772578455163675	534	0.803027189894527	Quiescent T cells	1	tumor vs STOP	condition_milotumor - condition_miloSTOP
-0.376016208716245	11.6836505872981	0.162682154792728	0.689846457319372	0.906848746740973	535	0.935542197007933	Quiescent T cells	0.959016393442623	tumor vs STOP	condition_milotumor - condition_miloSTOP
0.27602494588463	10.6893102708263	0.0305976888322984	0.862434182247151	0.97608508341667	536	1	Naïve / central-memory T cells	0.684210526315789	tumor vs STOP	condition_milotumor - condition_miloSTOP
-1.06522972134854	11.1435581801011	0.676834294747636	0.41782036807683	0.800846641403832	537	0.826794552156386	Activated effector CD8 T cells (stress)	1	tumor vs STOP	condition_milotumor - condition_miloSTOP
0.226801569241829	11.2786557493843	0.0502298424333418	0.82433571742987	0.971039531548745	538	0.997281956014801	Quiescent T cells	0.736263736263736	tumor vs STOP	condition_milotumor - condition_miloSTOP
0.172251574403802	10.9632477530896	0.0150263284635842	0.903337760562066	0.980968349360369	539	1	γδ T cells	1	tumor vs STOP	condition_milotumor - condition_miloSTOP
-0.281582381574265	11.4894604161202	0.0740562326127172	0.787571309063281	0.956090934146691	540	0.981581850543106	NK-like cytotoxic lymphocytes	1	tumor vs STOP	condition_milotumor - condition_miloSTOP
-1.03515139051352	11.3691645414189	0.622846965135802	0.436804552003629	0.817596933013038	541	0.845613559286041	Quiescent T cells	0.524271844660194	tumor vs STOP	condition_milotumor - condition_miloSTOP
0.402128686045796	10.8757648659879	0.0934704291594324	0.762134158262027	0.937492460163025	542	0.962029989999432	Activated CD4 effector / helper-like T cells	0.555555555555556	tumor vs STOP	condition_milotumor - condition_miloSTOP
-2.3623346731613	11.0272803245193	2.72629352964835	0.110187793775809	0.704337569969492	543	0.76459022058366	Cycling / proliferating CAR T cells	0.951219512195122	tumor vs STOP	condition_milotumor - condition_miloSTOP
-1.39118322245802	11.5798903009291	2.27448510249025	0.143026326979787	0.704337569969492	544	0.76459022058366	Quiescent T cells	1	tumor vs STOP	condition_milotumor - condition_miloSTOP
-1.57345708371885	11.4599590736207	2.5558521318423	0.12141873082896	0.704337569969492	545	0.76459022058366	Activated effector CD8 T cells (stress)	0.991071428571429	tumor vs STOP	condition_milotumor - condition_miloSTOP
-6.80018645590542	11.5744630503173	10.4322185705138	0.00331961993211494	0.184056005133833	546	0.211417680699886	Activated effector CD8 T cells (stress)	1	tumor vs STOP	condition_milotumor - condition_miloSTOP
-0.170428188855145	11.455224374951	0.0293437182585629	0.86525351657966	0.97608508341667	547	1	Activated effector CD8 T cells (stress)	0.99	tumor vs STOP	condition_milotumor - condition_miloSTOP
-0.928398966391423	11.2057753705208	0.826087691492392	0.371375177292469	0.78491767550733	548	0.813022870361747	Treg	1	tumor vs STOP	condition_milotumor - condition_miloSTOP
-0.372654183379684	11.26074760851	0.125725464160609	0.725635249829383	0.92706849768319	549	0.953744283430259	Activated effector CD8 T cells (stress)	0.63855421686747	tumor vs STOP	condition_milotumor - condition_miloSTOP
-4.11832846942453	11.6313632953783	10.6855922538485	0.00292131964588728	0.184056005133833	550	0.211417680699886	Terminally differentiated cytotoxic T cells	1	tumor vs STOP	condition_milotumor - condition_miloSTOP
-1.20687850895522	11.1208750063426	0.930617855571706	0.34318606284831	0.774970638753382	551	0.80744530096961	Cycling / proliferating CAR T cells	1	tumor vs STOP	condition_milotumor - condition_miloSTOP
-1.44645627642663	10.9744971602317	1.66968265900562	0.207152161087555	0.744465806965671	552	0.76459022058366	Activated CD4 effector / helper-like T cells	0.929577464788732	tumor vs STOP	condition_milotumor - condition_miloSTOP
1.48088328318379	11.0002375600331	1.44908968945189	0.239027254392034	0.747460801678703	553	0.76459022058366	Treg	0.933333333333333	tumor vs STOP	condition_milotumor - condition_miloSTOP
-1.69050383369538	11.3197888181824	1.1446005313318	0.294067707723178	0.770762741314491	554	0.803027189894527	Activated effector CD8 T cells (stress)	0.846153846153846	tumor vs STOP	condition_milotumor - condition_miloSTOP
0.424548312171177	11.5520384235588	0.221567080018401	0.641594618979224	0.882986653842694	555	0.905925454978423	Activated effector CD8 T cells (stress)	0.883495145631068	tumor vs STOP	condition_milotumor - condition_miloSTOP
0.0656390897048351	11.0781981067501	0.00384401532973654	0.951015260019117	0.999554791248826	556	1	Activated effector CD8 T cells (stress)	0.929577464788732	tumor vs STOP	condition_milotumor - condition_miloSTOP
