"cell","lineage","pseudotime","condition","score_column","aucell_score","program"
"AACCTTTAGCGAGTTGAAGTAGAG-1","slingPseudotime_1",25.0461456766034,"CD28-41BB","aucell_exhausted_score",0.217482885729331,"exhausted"
"AACCTTTAGCGAGTTGAAGTAGAG-1","slingPseudotime_1",25.0461456766034,"CD28-41BB","aucell_proliferating_score",0,"proliferating"
"AACCTTTAGCGAGTTGAAGTAGAG-1","slingPseudotime_1",25.0461456766034,"CD28-41BB","aucell_naive_memory_score",0,"naive_memory"
"AACCTTTAGCGAGTTGAAGTAGAG-1","slingPseudotime_1",25.0461456766034,"CD28-41BB","aucell_cytotoxic_score",0.329998244690188,"cytotoxic"
"AACCTTTAGCGAGTTGAAGTAGAG-1","slingPseudotime_3",17.3317654561718,"CD28-41BB","aucell_exhausted_score",0.217482885729331,"exhausted"
"AACCTTTAGCGAGTTGAAGTAGAG-1","slingPseudotime_3",17.3317654561718,"CD28-41BB","aucell_proliferating_score",0,"proliferating"
"AACCTTTAGCGAGTTGAAGTAGAG-1","slingPseudotime_3",17.3317654561718,"CD28-41BB","aucell_naive_memory_score",0,"naive_memory"
"AACCTTTAGCGAGTTGAAGTAGAG-1","slingPseudotime_3",17.3317654561718,"CD28-41BB","aucell_cytotoxic_score",0.329998244690188,"cytotoxic"
"AACCTTTAGCGAGTTGAAGTAGAG-1","slingPseudotime_4",18.7940082675139,"CD28-41BB","aucell_exhausted_score",0.217482885729331,"exhausted"
"AACCTTTAGCGAGTTGAAGTAGAG-1","slingPseudotime_4",18.7940082675139,"CD28-41BB","aucell_proliferating_score",0,"proliferating"
"AACCTTTAGCGAGTTGAAGTAGAG-1","slingPseudotime_4",18.7940082675139,"CD28-41BB","aucell_naive_memory_score",0,"naive_memory"
"AACCTTTAGCGAGTTGAAGTAGAG-1","slingPseudotime_4",18.7940082675139,"CD28-41BB","aucell_cytotoxic_score",0.329998244690188,"cytotoxic"
"ACAATCAAGACTAACAAAGTAGAG-1","slingPseudotime_1",6.05930171867614,"CD28-41BB","aucell_exhausted_score",0.00737230121116377,"exhausted"
"ACAATCAAGACTAACAAAGTAGAG-1","slingPseudotime_1",6.05930171867614,"CD28-41BB","aucell_proliferating_score",0,"proliferating"
"ACAATCAAGACTAACAAAGTAGAG-1","slingPseudotime_1",6.05930171867614,"CD28-41BB","aucell_naive_memory_score",0.554947368421053,"naive_memory"
"ACAATCAAGACTAACAAAGTAGAG-1","slingPseudotime_1",6.05930171867614,"CD28-41BB","aucell_cytotoxic_score",0.159382130946112,"cytotoxic"
"ACAATCAAGACTAACAAAGTAGAG-1","slingPseudotime_2",6.03610634456911,"CD28-41BB","aucell_exhausted_score",0.00737230121116377,"exhausted"
"ACAATCAAGACTAACAAAGTAGAG-1","slingPseudotime_2",6.03610634456911,"CD28-41BB","aucell_proliferating_score",0,"proliferating"
"ACAATCAAGACTAACAAAGTAGAG-1","slingPseudotime_2",6.03610634456911,"CD28-41BB","aucell_naive_memory_score",0.554947368421053,"naive_memory"
"ACAATCAAGACTAACAAAGTAGAG-1","slingPseudotime_2",6.03610634456911,"CD28-41BB","aucell_cytotoxic_score",0.159382130946112,"cytotoxic"
"ACAATCAAGACTAACAAAGTAGAG-1","slingPseudotime_3",6.17390749910502,"CD28-41BB","aucell_exhausted_score",0.00737230121116377,"exhausted"
"ACAATCAAGACTAACAAAGTAGAG-1","slingPseudotime_3",6.17390749910502,"CD28-41BB","aucell_proliferating_score",0,"proliferating"
"ACAATCAAGACTAACAAAGTAGAG-1","slingPseudotime_3",6.17390749910502,"CD28-41BB","aucell_naive_memory_score",0.554947368421053,"naive_memory"
"ACAATCAAGACTAACAAAGTAGAG-1","slingPseudotime_3",6.17390749910502,"CD28-41BB","aucell_cytotoxic_score",0.159382130946112,"cytotoxic"
"ACAATCAAGACTAACAAAGTAGAG-1","slingPseudotime_4",6.128311530376,"CD28-41BB","aucell_exhausted_score",0.00737230121116377,"exhausted"
"ACAATCAAGACTAACAAAGTAGAG-1","slingPseudotime_4",6.128311530376,"CD28-41BB","aucell_proliferating_score",0,"proliferating"
"ACAATCAAGACTAACAAAGTAGAG-1","slingPseudotime_4",6.128311530376,"CD28-41BB","aucell_naive_memory_score",0.554947368421053,"naive_memory"
"ACAATCAAGACTAACAAAGTAGAG-1","slingPseudotime_4",6.128311530376,"CD28-41BB","aucell_cytotoxic_score",0.159382130946112,"cytotoxic"
"ACACTTGTCCCATAATAAGTAGAG-1","slingPseudotime_2",37.3709197998229,"CD28-41BB","aucell_exhausted_score",0.313673863436897,"exhausted"
"ACACTTGTCCCATAATAAGTAGAG-1","slingPseudotime_2",37.3709197998229,"CD28-41BB","aucell_proliferating_score",0.261473684210526,"proliferating"
"ACACTTGTCCCATAATAAGTAGAG-1","slingPseudotime_2",37.3709197998229,"CD28-41BB","aucell_naive_memory_score",0,"naive_memory"
"ACACTTGTCCCATAATAAGTAGAG-1","slingPseudotime_2",37.3709197998229,"CD28-41BB","aucell_cytotoxic_score",0.490082499561173,"cytotoxic"
"ACGCCCATCGGCTAAGAAGTAGAG-1","slingPseudotime_3",14.8743707260015,"CD28-41BB","aucell_exhausted_score",0,"exhausted"
"ACGCCCATCGGCTAAGAAGTAGAG-1","slingPseudotime_3",14.8743707260015,"CD28-41BB","aucell_proliferating_score",0,"proliferating"
"ACGCCCATCGGCTAAGAAGTAGAG-1","slingPseudotime_3",14.8743707260015,"CD28-41BB","aucell_naive_memory_score",0,"naive_memory"
"ACGCCCATCGGCTAAGAAGTAGAG-1","slingPseudotime_3",14.8743707260015,"CD28-41BB","aucell_cytotoxic_score",0.170265051781639,"cytotoxic"
"ACTCCCACACAATACGAAGTAGAG-1","slingPseudotime_2",21.6241488919025,"CD28-41BB","aucell_exhausted_score",0.164823591363876,"exhausted"
"ACTCCCACACAATACGAAGTAGAG-1","slingPseudotime_2",21.6241488919025,"CD28-41BB","aucell_proliferating_score",0,"proliferating"
"ACTCCCACACAATACGAAGTAGAG-1","slingPseudotime_2",21.6241488919025,"CD28-41BB","aucell_naive_memory_score",0.0421052631578947,"naive_memory"
"ACTCCCACACAATACGAAGTAGAG-1","slingPseudotime_2",21.6241488919025,"CD28-41BB","aucell_cytotoxic_score",0.185185185185185,"cytotoxic"
"ACTTCAAGTCCGCTAAAAGTAGAG-1","slingPseudotime_1",25.9875739305386,"CD28-41BB","aucell_exhausted_score",0,"exhausted"
"ACTTCAAGTCCGCTAAAAGTAGAG-1","slingPseudotime_1",25.9875739305386,"CD28-41BB","aucell_proliferating_score",0,"proliferating"
"ACTTCAAGTCCGCTAAAAGTAGAG-1","slingPseudotime_1",25.9875739305386,"CD28-41BB","aucell_naive_memory_score",0.0286315789473684,"naive_memory"
"ACTTCAAGTCCGCTAAAAGTAGAG-1","slingPseudotime_1",25.9875739305386,"CD28-41BB","aucell_cytotoxic_score",0.161312971739512,"cytotoxic"
"ACTTCAAGTCCGCTAAAAGTAGAG-1","slingPseudotime_2",12.583561249958,"CD28-41BB","aucell_exhausted_score",0,"exhausted"
"ACTTCAAGTCCGCTAAAAGTAGAG-1","slingPseudotime_2",12.583561249958,"CD28-41BB","aucell_proliferating_score",0,"proliferating"
"ACTTCAAGTCCGCTAAAAGTAGAG-1","slingPseudotime_2",12.583561249958,"CD28-41BB","aucell_naive_memory_score",0.0286315789473684,"naive_memory"
"ACTTCAAGTCCGCTAAAAGTAGAG-1","slingPseudotime_2",12.583561249958,"CD28-41BB","aucell_cytotoxic_score",0.161312971739512,"cytotoxic"
"ACTTCAAGTCCGCTAAAAGTAGAG-1","slingPseudotime_3",17.6198467345909,"CD28-41BB","aucell_exhausted_score",0,"exhausted"
"ACTTCAAGTCCGCTAAAAGTAGAG-1","slingPseudotime_3",17.6198467345909,"CD28-41BB","aucell_proliferating_score",0,"proliferating"
"ACTTCAAGTCCGCTAAAAGTAGAG-1","slingPseudotime_3",17.6198467345909,"CD28-41BB","aucell_naive_memory_score",0.0286315789473684,"naive_memory"
"ACTTCAAGTCCGCTAAAAGTAGAG-1","slingPseudotime_3",17.6198467345909,"CD28-41BB","aucell_cytotoxic_score",0.161312971739512,"cytotoxic"
"ACTTCAAGTCCGCTAAAAGTAGAG-1","slingPseudotime_4",18.9018301580824,"CD28-41BB","aucell_exhausted_score",0,"exhausted"
"ACTTCAAGTCCGCTAAAAGTAGAG-1","slingPseudotime_4",18.9018301580824,"CD28-41BB","aucell_proliferating_score",0,"proliferating"
"ACTTCAAGTCCGCTAAAAGTAGAG-1","slingPseudotime_4",18.9018301580824,"CD28-41BB","aucell_naive_memory_score",0.0286315789473684,"naive_memory"
"ACTTCAAGTCCGCTAAAAGTAGAG-1","slingPseudotime_4",18.9018301580824,"CD28-41BB","aucell_cytotoxic_score",0.161312971739512,"cytotoxic"
"AGTATCCGTATTTGTGAAGTAGAG-1","slingPseudotime_1",19.8483277237405,"CD28-41BB","aucell_exhausted_score",0.158504476040021,"exhausted"
"AGTATCCGTATTTGTGAAGTAGAG-1","slingPseudotime_1",19.8483277237405,"CD28-41BB","aucell_proliferating_score",0,"proliferating"
"AGTATCCGTATTTGTGAAGTAGAG-1","slingPseudotime_1",19.8483277237405,"CD28-41BB","aucell_naive_memory_score",0.128,"naive_memory"
"AGTATCCGTATTTGTGAAGTAGAG-1","slingPseudotime_1",19.8483277237405,"CD28-41BB","aucell_cytotoxic_score",0.313498332455678,"cytotoxic"
"ATGCAACAGGTTCGAGAAGTAGAG-1","slingPseudotime_2",36.5617165520098,"CD28-41BB","aucell_exhausted_score",0,"exhausted"
"ATGCAACAGGTTCGAGAAGTAGAG-1","slingPseudotime_2",36.5617165520098,"CD28-41BB","aucell_proliferating_score",0,"proliferating"
"ATGCAACAGGTTCGAGAAGTAGAG-1","slingPseudotime_2",36.5617165520098,"CD28-41BB","aucell_naive_memory_score",0,"naive_memory"
"ATGCAACAGGTTCGAGAAGTAGAG-1","slingPseudotime_2",36.5617165520098,"CD28-41BB","aucell_cytotoxic_score",0.318062137967351,"cytotoxic"
"ATTGGCGAGAACCTAAAAGTAGAG-1","slingPseudotime_4",45.0734308275844,"CD28-41BB","aucell_exhausted_score",0.570651219940319,"exhausted"
"ATTGGCGAGAACCTAAAAGTAGAG-1","slingPseudotime_4",45.0734308275844,"CD28-41BB","aucell_proliferating_score",0.0568421052631579,"proliferating"
"ATTGGCGAGAACCTAAAAGTAGAG-1","slingPseudotime_4",45.0734308275844,"CD28-41BB","aucell_naive_memory_score",0.244842105263158,"naive_memory"
"ATTGGCGAGAACCTAAAAGTAGAG-1","slingPseudotime_4",45.0734308275844,"CD28-41BB","aucell_cytotoxic_score",0.47481130419519,"cytotoxic"
"CATCCTTTCTTAAGGAAAGTAGAG-1","slingPseudotime_1",17.2049874593805,"CD28-41BB","aucell_exhausted_score",0,"exhausted"
"CATCCTTTCTTAAGGAAAGTAGAG-1","slingPseudotime_1",17.2049874593805,"CD28-41BB","aucell_proliferating_score",0,"proliferating"
"CATCCTTTCTTAAGGAAAGTAGAG-1","slingPseudotime_1",17.2049874593805,"CD28-41BB","aucell_naive_memory_score",0,"naive_memory"
"CATCCTTTCTTAAGGAAAGTAGAG-1","slingPseudotime_1",17.2049874593805,"CD28-41BB","aucell_cytotoxic_score",0.281200631911532,"cytotoxic"
"CATCCTTTCTTAAGGAAAGTAGAG-1","slingPseudotime_2",17.7293542244189,"CD28-41BB","aucell_exhausted_score",0,"exhausted"
"CATCCTTTCTTAAGGAAAGTAGAG-1","slingPseudotime_2",17.7293542244189,"CD28-41BB","aucell_proliferating_score",0,"proliferating"
"CATCCTTTCTTAAGGAAAGTAGAG-1","slingPseudotime_2",17.7293542244189,"CD28-41BB","aucell_naive_memory_score",0,"naive_memory"
"CATCCTTTCTTAAGGAAAGTAGAG-1","slingPseudotime_2",17.7293542244189,"CD28-41BB","aucell_cytotoxic_score",0.281200631911532,"cytotoxic"
"CATCCTTTCTTAAGGAAAGTAGAG-1","slingPseudotime_3",13.6444386407483,"CD28-41BB","aucell_exhausted_score",0,"exhausted"
"CATCCTTTCTTAAGGAAAGTAGAG-1","slingPseudotime_3",13.6444386407483,"CD28-41BB","aucell_proliferating_score",0,"proliferating"
"CATCCTTTCTTAAGGAAAGTAGAG-1","slingPseudotime_3",13.6444386407483,"CD28-41BB","aucell_naive_memory_score",0,"naive_memory"
"CATCCTTTCTTAAGGAAAGTAGAG-1","slingPseudotime_3",13.6444386407483,"CD28-41BB","aucell_cytotoxic_score",0.281200631911532,"cytotoxic"
"CATCCTTTCTTAAGGAAAGTAGAG-1","slingPseudotime_4",14.2071265463986,"CD28-41BB","aucell_exhausted_score",0,"exhausted"
"CATCCTTTCTTAAGGAAAGTAGAG-1","slingPseudotime_4",14.2071265463986,"CD28-41BB","aucell_proliferating_score",0,"proliferating"
"CATCCTTTCTTAAGGAAAGTAGAG-1","slingPseudotime_4",14.2071265463986,"CD28-41BB","aucell_naive_memory_score",0,"naive_memory"
"CATCCTTTCTTAAGGAAAGTAGAG-1","slingPseudotime_4",14.2071265463986,"CD28-41BB","aucell_cytotoxic_score",0.281200631911532,"cytotoxic"
"CATGCTCAGACTTAAGAAGTAGAG-1","slingPseudotime_4",23.636189724436,"CD28-41BB","aucell_exhausted_score",0.32596103212217,"exhausted"
"CATGCTCAGACTTAAGAAGTAGAG-1","slingPseudotime_4",23.636189724436,"CD28-41BB","aucell_proliferating_score",0,"proliferating"
"CATGCTCAGACTTAAGAAGTAGAG-1","slingPseudotime_4",23.636189724436,"CD28-41BB","aucell_naive_memory_score",0,"naive_memory"
"CATGCTCAGACTTAAGAAGTAGAG-1","slingPseudotime_4",23.636189724436,"CD28-41BB","aucell_cytotoxic_score",0.310514305774969,"cytotoxic"
"CCCGTAAGTAATGAACAAGTAGAG-1","slingPseudotime_4",21.7356448546063,"CD28-41BB","aucell_exhausted_score",0.143759873617694,"exhausted"
"CCCGTAAGTAATGAACAAGTAGAG-1","slingPseudotime_4",21.7356448546063,"CD28-41BB","aucell_proliferating_score",0,"proliferating"
"CCCGTAAGTAATGAACAAGTAGAG-1","slingPseudotime_4",21.7356448546063,"CD28-41BB","aucell_naive_memory_score",0,"naive_memory"
"CCCGTAAGTAATGAACAAGTAGAG-1","slingPseudotime_4",21.7356448546063,"CD28-41BB","aucell_cytotoxic_score",0.319817447779533,"cytotoxic"
"CCCTTGCTCAGCACCTAAGTAGAG-1","slingPseudotime_4",29.9869371478383,"CD28-41BB","aucell_exhausted_score",0.0710900473933649,"exhausted"
"CCCTTGCTCAGCACCTAAGTAGAG-1","slingPseudotime_4",29.9869371478383,"CD28-41BB","aucell_proliferating_score",0,"proliferating"
"CCCTTGCTCAGCACCTAAGTAGAG-1","slingPseudotime_4",29.9869371478383,"CD28-41BB","aucell_naive_memory_score",0,"naive_memory"
"CCCTTGCTCAGCACCTAAGTAGAG-1","slingPseudotime_4",29.9869371478383,"CD28-41BB","aucell_cytotoxic_score",0.313849394418115,"cytotoxic"
"CGTGCTTAGGACTTGGAAGTAGAG-1","slingPseudotime_1",22.8980548536511,"CD28-41BB","aucell_exhausted_score",0.360540635422152,"exhausted"
"CGTGCTTAGGACTTGGAAGTAGAG-1","slingPseudotime_1",22.8980548536511,"CD28-41BB","aucell_proliferating_score",0,"proliferating"
"CGTGCTTAGGACTTGGAAGTAGAG-1","slingPseudotime_1",22.8980548536511,"CD28-41BB","aucell_naive_memory_score",0.316210526315789,"naive_memory"
"CGTGCTTAGGACTTGGAAGTAGAG-1","slingPseudotime_1",22.8980548536511,"CD28-41BB","aucell_cytotoxic_score",0.166929963138494,"cytotoxic"
"CGTTATGTCAACTTGTAAGTAGAG-1","slingPseudotime_1",20.8402208096943,"CD28-41BB","aucell_exhausted_score",0,"exhausted"
"CGTTATGTCAACTTGTAAGTAGAG-1","slingPseudotime_1",20.8402208096943,"CD28-41BB","aucell_proliferating_score",0,"proliferating"
"CGTTATGTCAACTTGTAAGTAGAG-1","slingPseudotime_1",20.8402208096943,"CD28-41BB","aucell_naive_memory_score",0.161052631578947,"naive_memory"
"CGTTATGTCAACTTGTAAGTAGAG-1","slingPseudotime_1",20.8402208096943,"CD28-41BB","aucell_cytotoxic_score",0.29594523433386,"cytotoxic"
"CGTTATGTCAACTTGTAAGTAGAG-1","slingPseudotime_2",10.5814882915753,"CD28-41BB","aucell_exhausted_score",0,"exhausted"
"CGTTATGTCAACTTGTAAGTAGAG-1","slingPseudotime_2",10.5814882915753,"CD28-41BB","aucell_proliferating_score",0,"proliferating"
"CGTTATGTCAACTTGTAAGTAGAG-1","slingPseudotime_2",10.5814882915753,"CD28-41BB","aucell_naive_memory_score",0.161052631578947,"naive_memory"
"CGTTATGTCAACTTGTAAGTAGAG-1","slingPseudotime_2",10.5814882915753,"CD28-41BB","aucell_cytotoxic_score",0.29594523433386,"cytotoxic"
"CGTTATGTCAACTTGTAAGTAGAG-1","slingPseudotime_3",10.9910864211217,"CD28-41BB","aucell_exhausted_score",0,"exhausted"
"CGTTATGTCAACTTGTAAGTAGAG-1","slingPseudotime_3",10.9910864211217,"CD28-41BB","aucell_proliferating_score",0,"proliferating"
"CGTTATGTCAACTTGTAAGTAGAG-1","slingPseudotime_3",10.9910864211217,"CD28-41BB","aucell_naive_memory_score",0.161052631578947,"naive_memory"
"CGTTATGTCAACTTGTAAGTAGAG-1","slingPseudotime_3",10.9910864211217,"CD28-41BB","aucell_cytotoxic_score",0.29594523433386,"cytotoxic"
"CGTTATGTCAACTTGTAAGTAGAG-1","slingPseudotime_4",10.4394271355575,"CD28-41BB","aucell_exhausted_score",0,"exhausted"
"CGTTATGTCAACTTGTAAGTAGAG-1","slingPseudotime_4",10.4394271355575,"CD28-41BB","aucell_proliferating_score",0,"proliferating"
"CGTTATGTCAACTTGTAAGTAGAG-1","slingPseudotime_4",10.4394271355575,"CD28-41BB","aucell_naive_memory_score",0.161052631578947,"naive_memory"
"CGTTATGTCAACTTGTAAGTAGAG-1","slingPseudotime_4",10.4394271355575,"CD28-41BB","aucell_cytotoxic_score",0.29594523433386,"cytotoxic"
"CTAATCTAGTTGCGCTAAGTAGAG-1","slingPseudotime_4",22.4552484207564,"CD28-41BB","aucell_exhausted_score",0.314727049324206,"exhausted"
"CTAATCTAGTTGCGCTAAGTAGAG-1","slingPseudotime_4",22.4552484207564,"CD28-41BB","aucell_proliferating_score",0,"proliferating"
"CTAATCTAGTTGCGCTAAGTAGAG-1","slingPseudotime_4",22.4552484207564,"CD28-41BB","aucell_naive_memory_score",0,"naive_memory"
"CTAATCTAGTTGCGCTAAGTAGAG-1","slingPseudotime_4",22.4552484207564,"CD28-41BB","aucell_cytotoxic_score",0.610321221695629,"cytotoxic"
"CTGCAACTCGTAACTTAAGTAGAG-1","slingPseudotime_1",7.46113873296853,"CD28-41BB","aucell_exhausted_score",0,"exhausted"
"CTGCAACTCGTAACTTAAGTAGAG-1","slingPseudotime_1",7.46113873296853,"CD28-41BB","aucell_proliferating_score",0,"proliferating"
"CTGCAACTCGTAACTTAAGTAGAG-1","slingPseudotime_1",7.46113873296853,"CD28-41BB","aucell_naive_memory_score",0.340210526315789,"naive_memory"
"CTGCAACTCGTAACTTAAGTAGAG-1","slingPseudotime_1",7.46113873296853,"CD28-41BB","aucell_cytotoxic_score",0.133754607688257,"cytotoxic"
"CTGCAACTCGTAACTTAAGTAGAG-1","slingPseudotime_2",7.23383566654946,"CD28-41BB","aucell_exhausted_score",0,"exhausted"
"CTGCAACTCGTAACTTAAGTAGAG-1","slingPseudotime_2",7.23383566654946,"CD28-41BB","aucell_proliferating_score",0,"proliferating"
"CTGCAACTCGTAACTTAAGTAGAG-1","slingPseudotime_2",7.23383566654946,"CD28-41BB","aucell_naive_memory_score",0.340210526315789,"naive_memory"
"CTGCAACTCGTAACTTAAGTAGAG-1","slingPseudotime_2",7.23383566654946,"CD28-41BB","aucell_cytotoxic_score",0.133754607688257,"cytotoxic"
"CTGCAACTCGTAACTTAAGTAGAG-1","slingPseudotime_3",7.39775610322818,"CD28-41BB","aucell_exhausted_score",0,"exhausted"
"CTGCAACTCGTAACTTAAGTAGAG-1","slingPseudotime_3",7.39775610322818,"CD28-41BB","aucell_proliferating_score",0,"proliferating"
"CTGCAACTCGTAACTTAAGTAGAG-1","slingPseudotime_3",7.39775610322818,"CD28-41BB","aucell_naive_memory_score",0.340210526315789,"naive_memory"
"CTGCAACTCGTAACTTAAGTAGAG-1","slingPseudotime_3",7.39775610322818,"CD28-41BB","aucell_cytotoxic_score",0.133754607688257,"cytotoxic"
"CTGCAACTCGTAACTTAAGTAGAG-1","slingPseudotime_4",7.47313864926065,"CD28-41BB","aucell_exhausted_score",0,"exhausted"
"CTGCAACTCGTAACTTAAGTAGAG-1","slingPseudotime_4",7.47313864926065,"CD28-41BB","aucell_proliferating_score",0,"proliferating"
"CTGCAACTCGTAACTTAAGTAGAG-1","slingPseudotime_4",7.47313864926065,"CD28-41BB","aucell_naive_memory_score",0.340210526315789,"naive_memory"
"CTGCAACTCGTAACTTAAGTAGAG-1","slingPseudotime_4",7.47313864926065,"CD28-41BB","aucell_cytotoxic_score",0.133754607688257,"cytotoxic"
"CTGTCATCAACTTAGGAAGTAGAG-1","slingPseudotime_3",18.7703183080545,"CD28-41BB","aucell_exhausted_score",0.14024925399333,"exhausted"
"CTGTCATCAACTTAGGAAGTAGAG-1","slingPseudotime_3",18.7703183080545,"CD28-41BB","aucell_proliferating_score",0.144,"proliferating"
"CTGTCATCAACTTAGGAAGTAGAG-1","slingPseudotime_3",18.7703183080545,"CD28-41BB","aucell_naive_memory_score",0,"naive_memory"
"CTGTCATCAACTTAGGAAGTAGAG-1","slingPseudotime_3",18.7703183080545,"CD28-41BB","aucell_cytotoxic_score",0.239248727400386,"cytotoxic"
"CTTAGCGGTTTCCTCAAAGTAGAG-1","slingPseudotime_1",12.1986681211058,"CD28-41BB","aucell_exhausted_score",0.0282604879761278,"exhausted"
"CTTAGCGGTTTCCTCAAAGTAGAG-1","slingPseudotime_1",12.1986681211058,"CD28-41BB","aucell_proliferating_score",0,"proliferating"
"CTTAGCGGTTTCCTCAAAGTAGAG-1","slingPseudotime_1",12.1986681211058,"CD28-41BB","aucell_naive_memory_score",0,"naive_memory"
"CTTAGCGGTTTCCTCAAAGTAGAG-1","slingPseudotime_1",12.1986681211058,"CD28-41BB","aucell_cytotoxic_score",0.325434439178515,"cytotoxic"
"CTTAGCGGTTTCCTCAAAGTAGAG-1","slingPseudotime_2",12.1836053921141,"CD28-41BB","aucell_exhausted_score",0.0282604879761278,"exhausted"
"CTTAGCGGTTTCCTCAAAGTAGAG-1","slingPseudotime_2",12.1836053921141,"CD28-41BB","aucell_proliferating_score",0,"proliferating"
"CTTAGCGGTTTCCTCAAAGTAGAG-1","slingPseudotime_2",12.1836053921141,"CD28-41BB","aucell_naive_memory_score",0,"naive_memory"
"CTTAGCGGTTTCCTCAAAGTAGAG-1","slingPseudotime_2",12.1836053921141,"CD28-41BB","aucell_cytotoxic_score",0.325434439178515,"cytotoxic"
"CTTAGCGGTTTCCTCAAAGTAGAG-1","slingPseudotime_3",12.3920071146906,"CD28-41BB","aucell_exhausted_score",0.0282604879761278,"exhausted"
"CTTAGCGGTTTCCTCAAAGTAGAG-1","slingPseudotime_3",12.3920071146906,"CD28-41BB","aucell_proliferating_score",0,"proliferating"
"CTTAGCGGTTTCCTCAAAGTAGAG-1","slingPseudotime_3",12.3920071146906,"CD28-41BB","aucell_naive_memory_score",0,"naive_memory"
"CTTAGCGGTTTCCTCAAAGTAGAG-1","slingPseudotime_3",12.3920071146906,"CD28-41BB","aucell_cytotoxic_score",0.325434439178515,"cytotoxic"
"CTTAGCGGTTTCCTCAAAGTAGAG-1","slingPseudotime_4",12.5842890724853,"CD28-41BB","aucell_exhausted_score",0.0282604879761278,"exhausted"
"CTTAGCGGTTTCCTCAAAGTAGAG-1","slingPseudotime_4",12.5842890724853,"CD28-41BB","aucell_proliferating_score",0,"proliferating"
"CTTAGCGGTTTCCTCAAAGTAGAG-1","slingPseudotime_4",12.5842890724853,"CD28-41BB","aucell_naive_memory_score",0,"naive_memory"
"CTTAGCGGTTTCCTCAAAGTAGAG-1","slingPseudotime_4",12.5842890724853,"CD28-41BB","aucell_cytotoxic_score",0.325434439178515,"cytotoxic"
"GAGACCCAGCGAAGAAAAGTAGAG-1","slingPseudotime_1",9.81176733529602,"CD28-41BB","aucell_exhausted_score",0,"exhausted"
"GAGACCCAGCGAAGAAAAGTAGAG-1","slingPseudotime_1",9.81176733529602,"CD28-41BB","aucell_proliferating_score",0,"proliferating"
"GAGACCCAGCGAAGAAAAGTAGAG-1","slingPseudotime_1",9.81176733529602,"CD28-41BB","aucell_naive_memory_score",0.0164210526315789,"naive_memory"
"GAGACCCAGCGAAGAAAAGTAGAG-1","slingPseudotime_1",9.81176733529602,"CD28-41BB","aucell_cytotoxic_score",0.12761102334562,"cytotoxic"
"GAGACCCAGCGAAGAAAAGTAGAG-1","slingPseudotime_2",9.19112980180187,"CD28-41BB","aucell_exhausted_score",0,"exhausted"
"GAGACCCAGCGAAGAAAAGTAGAG-1","slingPseudotime_2",9.19112980180187,"CD28-41BB","aucell_proliferating_score",0,"proliferating"
"GAGACCCAGCGAAGAAAAGTAGAG-1","slingPseudotime_2",9.19112980180187,"CD28-41BB","aucell_naive_memory_score",0.0164210526315789,"naive_memory"
"GAGACCCAGCGAAGAAAAGTAGAG-1","slingPseudotime_2",9.19112980180187,"CD28-41BB","aucell_cytotoxic_score",0.12761102334562,"cytotoxic"
"GAGACCCAGCGAAGAAAAGTAGAG-1","slingPseudotime_3",9.2677307405451,"CD28-41BB","aucell_exhausted_score",0,"exhausted"
"GAGACCCAGCGAAGAAAAGTAGAG-1","slingPseudotime_3",9.2677307405451,"CD28-41BB","aucell_proliferating_score",0,"proliferating"
"GAGACCCAGCGAAGAAAAGTAGAG-1","slingPseudotime_3",9.2677307405451,"CD28-41BB","aucell_naive_memory_score",0.0164210526315789,"naive_memory"
"GAGACCCAGCGAAGAAAAGTAGAG-1","slingPseudotime_3",9.2677307405451,"CD28-41BB","aucell_cytotoxic_score",0.12761102334562,"cytotoxic"
"GAGACCCAGCGAAGAAAAGTAGAG-1","slingPseudotime_4",9.4143084157652,"CD28-41BB","aucell_exhausted_score",0,"exhausted"
"GAGACCCAGCGAAGAAAAGTAGAG-1","slingPseudotime_4",9.4143084157652,"CD28-41BB","aucell_proliferating_score",0,"proliferating"
"GAGACCCAGCGAAGAAAAGTAGAG-1","slingPseudotime_4",9.4143084157652,"CD28-41BB","aucell_naive_memory_score",0.0164210526315789,"naive_memory"
"GAGACCCAGCGAAGAAAAGTAGAG-1","slingPseudotime_4",9.4143084157652,"CD28-41BB","aucell_cytotoxic_score",0.12761102334562,"cytotoxic"
"GAGCATGTCGGTTCCGAAGTAGAG-1","slingPseudotime_1",22.9966591231607,"CD28-41BB","aucell_exhausted_score",0.11409513779182,"exhausted"
"GAGCATGTCGGTTCCGAAGTAGAG-1","slingPseudotime_1",22.9966591231607,"CD28-41BB","aucell_proliferating_score",0,"proliferating"
"GAGCATGTCGGTTCCGAAGTAGAG-1","slingPseudotime_1",22.9966591231607,"CD28-41BB","aucell_naive_memory_score",0,"naive_memory"
"GAGCATGTCGGTTCCGAAGTAGAG-1","slingPseudotime_1",22.9966591231607,"CD28-41BB","aucell_cytotoxic_score",0,"cytotoxic"
"GCAGCTAAGTGTGCAGAAGTAGAG-1","slingPseudotime_4",22.377630413867,"CD28-41BB","aucell_exhausted_score",0.138493944181148,"exhausted"
"GCAGCTAAGTGTGCAGAAGTAGAG-1","slingPseudotime_4",22.377630413867,"CD28-41BB","aucell_proliferating_score",0,"proliferating"
"GCAGCTAAGTGTGCAGAAGTAGAG-1","slingPseudotime_4",22.377630413867,"CD28-41BB","aucell_naive_memory_score",0,"naive_memory"
"GCAGCTAAGTGTGCAGAAGTAGAG-1","slingPseudotime_4",22.377630413867,"CD28-41BB","aucell_cytotoxic_score",0.165174653326312,"cytotoxic"
"GCCACAAAGTTTCGGCAAGTAGAG-1","slingPseudotime_1",14.9870556578268,"CD28-41BB","aucell_exhausted_score",0,"exhausted"
"GCCACAAAGTTTCGGCAAGTAGAG-1","slingPseudotime_1",14.9870556578268,"CD28-41BB","aucell_proliferating_score",0.0703157894736842,"proliferating"
"GCCACAAAGTTTCGGCAAGTAGAG-1","slingPseudotime_1",14.9870556578268,"CD28-41BB","aucell_naive_memory_score",0,"naive_memory"
"GCCACAAAGTTTCGGCAAGTAGAG-1","slingPseudotime_1",14.9870556578268,"CD28-41BB","aucell_cytotoxic_score",0.661576268211339,"cytotoxic"
"GCCACAAAGTTTCGGCAAGTAGAG-1","slingPseudotime_2",13.2762541920701,"CD28-41BB","aucell_exhausted_score",0,"exhausted"
"GCCACAAAGTTTCGGCAAGTAGAG-1","slingPseudotime_2",13.2762541920701,"CD28-41BB","aucell_proliferating_score",0.0703157894736842,"proliferating"
"GCCACAAAGTTTCGGCAAGTAGAG-1","slingPseudotime_2",13.2762541920701,"CD28-41BB","aucell_naive_memory_score",0,"naive_memory"
"GCCACAAAGTTTCGGCAAGTAGAG-1","slingPseudotime_2",13.2762541920701,"CD28-41BB","aucell_cytotoxic_score",0.661576268211339,"cytotoxic"
"GCCACAAAGTTTCGGCAAGTAGAG-1","slingPseudotime_3",13.6586716470498,"CD28-41BB","aucell_exhausted_score",0,"exhausted"
"GCCACAAAGTTTCGGCAAGTAGAG-1","slingPseudotime_3",13.6586716470498,"CD28-41BB","aucell_proliferating_score",0.0703157894736842,"proliferating"
"GCCACAAAGTTTCGGCAAGTAGAG-1","slingPseudotime_3",13.6586716470498,"CD28-41BB","aucell_naive_memory_score",0,"naive_memory"
"GCCACAAAGTTTCGGCAAGTAGAG-1","slingPseudotime_3",13.6586716470498,"CD28-41BB","aucell_cytotoxic_score",0.661576268211339,"cytotoxic"
"GCCACAAAGTTTCGGCAAGTAGAG-1","slingPseudotime_4",14.137340590176,"CD28-41BB","aucell_exhausted_score",0,"exhausted"
"GCCACAAAGTTTCGGCAAGTAGAG-1","slingPseudotime_4",14.137340590176,"CD28-41BB","aucell_proliferating_score",0.0703157894736842,"proliferating"
"GCCACAAAGTTTCGGCAAGTAGAG-1","slingPseudotime_4",14.137340590176,"CD28-41BB","aucell_naive_memory_score",0,"naive_memory"
"GCCACAAAGTTTCGGCAAGTAGAG-1","slingPseudotime_4",14.137340590176,"CD28-41BB","aucell_cytotoxic_score",0.661576268211339,"cytotoxic"
"GCCCTTGAGGAGTCATAAGTAGAG-1","slingPseudotime_3",13.173798049578,"CD28-41BB","aucell_exhausted_score",0.266456029489205,"exhausted"
"GCCCTTGAGGAGTCATAAGTAGAG-1","slingPseudotime_3",13.173798049578,"CD28-41BB","aucell_proliferating_score",0,"proliferating"
"GCCCTTGAGGAGTCATAAGTAGAG-1","slingPseudotime_3",13.173798049578,"CD28-41BB","aucell_naive_memory_score",0.0132631578947368,"naive_memory"
"GCCCTTGAGGAGTCATAAGTAGAG-1","slingPseudotime_3",13.173798049578,"CD28-41BB","aucell_cytotoxic_score",0.403019132876953,"cytotoxic"
"GGAACCGGTTTACGACAAGTAGAG-1","slingPseudotime_1",11.9109991021311,"CD28-41BB","aucell_exhausted_score",0,"exhausted"
"GGAACCGGTTTACGACAAGTAGAG-1","slingPseudotime_1",11.9109991021311,"CD28-41BB","aucell_proliferating_score",0,"proliferating"
"GGAACCGGTTTACGACAAGTAGAG-1","slingPseudotime_1",11.9109991021311,"CD28-41BB","aucell_naive_memory_score",0.312210526315789,"naive_memory"
"GGAACCGGTTTACGACAAGTAGAG-1","slingPseudotime_1",11.9109991021311,"CD28-41BB","aucell_cytotoxic_score",0.168158680007021,"cytotoxic"
"GGAACCGGTTTACGACAAGTAGAG-1","slingPseudotime_2",12.6179444129628,"CD28-41BB","aucell_exhausted_score",0,"exhausted"
"GGAACCGGTTTACGACAAGTAGAG-1","slingPseudotime_2",12.6179444129628,"CD28-41BB","aucell_proliferating_score",0,"proliferating"
"GGAACCGGTTTACGACAAGTAGAG-1","slingPseudotime_2",12.6179444129628,"CD28-41BB","aucell_naive_memory_score",0.312210526315789,"naive_memory"
"GGAACCGGTTTACGACAAGTAGAG-1","slingPseudotime_2",12.6179444129628,"CD28-41BB","aucell_cytotoxic_score",0.168158680007021,"cytotoxic"
"GGAACCGGTTTACGACAAGTAGAG-1","slingPseudotime_3",12.178219333041,"CD28-41BB","aucell_exhausted_score",0,"exhausted"
"GGAACCGGTTTACGACAAGTAGAG-1","slingPseudotime_3",12.178219333041,"CD28-41BB","aucell_proliferating_score",0,"proliferating"
"GGAACCGGTTTACGACAAGTAGAG-1","slingPseudotime_3",12.178219333041,"CD28-41BB","aucell_naive_memory_score",0.312210526315789,"naive_memory"
"GGAACCGGTTTACGACAAGTAGAG-1","slingPseudotime_3",12.178219333041,"CD28-41BB","aucell_cytotoxic_score",0.168158680007021,"cytotoxic"
"GGAACCGGTTTACGACAAGTAGAG-1","slingPseudotime_4",11.7580641651762,"CD28-41BB","aucell_exhausted_score",0,"exhausted"
"GGAACCGGTTTACGACAAGTAGAG-1","slingPseudotime_4",11.7580641651762,"CD28-41BB","aucell_proliferating_score",0,"proliferating"
"GGAACCGGTTTACGACAAGTAGAG-1","slingPseudotime_4",11.7580641651762,"CD28-41BB","aucell_naive_memory_score",0.312210526315789,"naive_memory"
"GGAACCGGTTTACGACAAGTAGAG-1","slingPseudotime_4",11.7580641651762,"CD28-41BB","aucell_cytotoxic_score",0.168158680007021,"cytotoxic"
"GGCATTTGTGCTTCGAAAGTAGAG-1","slingPseudotime_1",12.242456900857,"CD28-41BB","aucell_exhausted_score",0,"exhausted"
"GGCATTTGTGCTTCGAAAGTAGAG-1","slingPseudotime_1",12.242456900857,"CD28-41BB","aucell_proliferating_score",0,"proliferating"
"GGCATTTGTGCTTCGAAAGTAGAG-1","slingPseudotime_1",12.242456900857,"CD28-41BB","aucell_naive_memory_score",0.170736842105263,"naive_memory"
"GGCATTTGTGCTTCGAAAGTAGAG-1","slingPseudotime_1",12.242456900857,"CD28-41BB","aucell_cytotoxic_score",0.328242934878006,"cytotoxic"
"GGCATTTGTGCTTCGAAAGTAGAG-1","slingPseudotime_2",11.93441728737,"CD28-41BB","aucell_exhausted_score",0,"exhausted"
"GGCATTTGTGCTTCGAAAGTAGAG-1","slingPseudotime_2",11.93441728737,"CD28-41BB","aucell_proliferating_score",0,"proliferating"
"GGCATTTGTGCTTCGAAAGTAGAG-1","slingPseudotime_2",11.93441728737,"CD28-41BB","aucell_naive_memory_score",0.170736842105263,"naive_memory"
"GGCATTTGTGCTTCGAAAGTAGAG-1","slingPseudotime_2",11.93441728737,"CD28-41BB","aucell_cytotoxic_score",0.328242934878006,"cytotoxic"
"GGCATTTGTGCTTCGAAAGTAGAG-1","slingPseudotime_3",11.7800383871864,"CD28-41BB","aucell_exhausted_score",0,"exhausted"
"GGCATTTGTGCTTCGAAAGTAGAG-1","slingPseudotime_3",11.7800383871864,"CD28-41BB","aucell_proliferating_score",0,"proliferating"
"GGCATTTGTGCTTCGAAAGTAGAG-1","slingPseudotime_3",11.7800383871864,"CD28-41BB","aucell_naive_memory_score",0.170736842105263,"naive_memory"
"GGCATTTGTGCTTCGAAAGTAGAG-1","slingPseudotime_3",11.7800383871864,"CD28-41BB","aucell_cytotoxic_score",0.328242934878006,"cytotoxic"
"GGCATTTGTGCTTCGAAAGTAGAG-1","slingPseudotime_4",12.1005479868324,"CD28-41BB","aucell_exhausted_score",0,"exhausted"
"GGCATTTGTGCTTCGAAAGTAGAG-1","slingPseudotime_4",12.1005479868324,"CD28-41BB","aucell_proliferating_score",0,"proliferating"
"GGCATTTGTGCTTCGAAAGTAGAG-1","slingPseudotime_4",12.1005479868324,"CD28-41BB","aucell_naive_memory_score",0.170736842105263,"naive_memory"
"GGCATTTGTGCTTCGAAAGTAGAG-1","slingPseudotime_4",12.1005479868324,"CD28-41BB","aucell_cytotoxic_score",0.328242934878006,"cytotoxic"
"GGGAAGTAGAATGGCTAAGTAGAG-1","slingPseudotime_3",14.187736633019,"CD28-41BB","aucell_exhausted_score",0,"exhausted"
"GGGAAGTAGAATGGCTAAGTAGAG-1","slingPseudotime_3",14.187736633019,"CD28-41BB","aucell_proliferating_score",0,"proliferating"
"GGGAAGTAGAATGGCTAAGTAGAG-1","slingPseudotime_3",14.187736633019,"CD28-41BB","aucell_naive_memory_score",0.0456842105263158,"naive_memory"
"GGGAAGTAGAATGGCTAAGTAGAG-1","slingPseudotime_3",14.187736633019,"CD28-41BB","aucell_cytotoxic_score",0.329296120765315,"cytotoxic"
"GTCCGTTAGCACGCAAAAGTAGAG-1","slingPseudotime_1",14.5577393782179,"CD28-41BB","aucell_exhausted_score",0,"exhausted"
"GTCCGTTAGCACGCAAAAGTAGAG-1","slingPseudotime_1",14.5577393782179,"CD28-41BB","aucell_proliferating_score",0,"proliferating"
"GTCCGTTAGCACGCAAAAGTAGAG-1","slingPseudotime_1",14.5577393782179,"CD28-41BB","aucell_naive_memory_score",0,"naive_memory"
"GTCCGTTAGCACGCAAAAGTAGAG-1","slingPseudotime_1",14.5577393782179,"CD28-41BB","aucell_cytotoxic_score",0.239248727400386,"cytotoxic"
"GTCCGTTAGCACGCAAAAGTAGAG-1","slingPseudotime_2",13.8286657294365,"CD28-41BB","aucell_exhausted_score",0,"exhausted"
"GTCCGTTAGCACGCAAAAGTAGAG-1","slingPseudotime_2",13.8286657294365,"CD28-41BB","aucell_proliferating_score",0,"proliferating"
"GTCCGTTAGCACGCAAAAGTAGAG-1","slingPseudotime_2",13.8286657294365,"CD28-41BB","aucell_naive_memory_score",0,"naive_memory"
"GTCCGTTAGCACGCAAAAGTAGAG-1","slingPseudotime_2",13.8286657294365,"CD28-41BB","aucell_cytotoxic_score",0.239248727400386,"cytotoxic"
"GTCCGTTAGCACGCAAAAGTAGAG-1","slingPseudotime_3",13.9168761383161,"CD28-41BB","aucell_exhausted_score",0,"exhausted"
"GTCCGTTAGCACGCAAAAGTAGAG-1","slingPseudotime_3",13.9168761383161,"CD28-41BB","aucell_proliferating_score",0,"proliferating"
"GTCCGTTAGCACGCAAAAGTAGAG-1","slingPseudotime_3",13.9168761383161,"CD28-41BB","aucell_naive_memory_score",0,"naive_memory"
"GTCCGTTAGCACGCAAAAGTAGAG-1","slingPseudotime_3",13.9168761383161,"CD28-41BB","aucell_cytotoxic_score",0.239248727400386,"cytotoxic"
"GTCCGTTAGCACGCAAAAGTAGAG-1","slingPseudotime_4",14.9697410651546,"CD28-41BB","aucell_exhausted_score",0,"exhausted"
"GTCCGTTAGCACGCAAAAGTAGAG-1","slingPseudotime_4",14.9697410651546,"CD28-41BB","aucell_proliferating_score",0,"proliferating"
"GTCCGTTAGCACGCAAAAGTAGAG-1","slingPseudotime_4",14.9697410651546,"CD28-41BB","aucell_naive_memory_score",0,"naive_memory"
"GTCCGTTAGCACGCAAAAGTAGAG-1","slingPseudotime_4",14.9697410651546,"CD28-41BB","aucell_cytotoxic_score",0.239248727400386,"cytotoxic"
"GTCCGTTAGCGCGAACAAGTAGAG-1","slingPseudotime_1",13.6287354264209,"CD28-41BB","aucell_exhausted_score",0,"exhausted"
"GTCCGTTAGCGCGAACAAGTAGAG-1","slingPseudotime_1",13.6287354264209,"CD28-41BB","aucell_proliferating_score",0,"proliferating"
"GTCCGTTAGCGCGAACAAGTAGAG-1","slingPseudotime_1",13.6287354264209,"CD28-41BB","aucell_naive_memory_score",0,"naive_memory"
"GTCCGTTAGCGCGAACAAGTAGAG-1","slingPseudotime_1",13.6287354264209,"CD28-41BB","aucell_cytotoxic_score",0.162190626645603,"cytotoxic"
"GTCCGTTAGCGCGAACAAGTAGAG-1","slingPseudotime_2",12.9537137037844,"CD28-41BB","aucell_exhausted_score",0,"exhausted"
"GTCCGTTAGCGCGAACAAGTAGAG-1","slingPseudotime_2",12.9537137037844,"CD28-41BB","aucell_proliferating_score",0,"proliferating"
"GTCCGTTAGCGCGAACAAGTAGAG-1","slingPseudotime_2",12.9537137037844,"CD28-41BB","aucell_naive_memory_score",0,"naive_memory"
"GTCCGTTAGCGCGAACAAGTAGAG-1","slingPseudotime_2",12.9537137037844,"CD28-41BB","aucell_cytotoxic_score",0.162190626645603,"cytotoxic"
"GTCCGTTAGCGCGAACAAGTAGAG-1","slingPseudotime_3",13.2918243504571,"CD28-41BB","aucell_exhausted_score",0,"exhausted"
"GTCCGTTAGCGCGAACAAGTAGAG-1","slingPseudotime_3",13.2918243504571,"CD28-41BB","aucell_proliferating_score",0,"proliferating"
"GTCCGTTAGCGCGAACAAGTAGAG-1","slingPseudotime_3",13.2918243504571,"CD28-41BB","aucell_naive_memory_score",0,"naive_memory"
"GTCCGTTAGCGCGAACAAGTAGAG-1","slingPseudotime_3",13.2918243504571,"CD28-41BB","aucell_cytotoxic_score",0.162190626645603,"cytotoxic"
"GTCCGTTAGCGCGAACAAGTAGAG-1","slingPseudotime_4",13.947840573894,"CD28-41BB","aucell_exhausted_score",0,"exhausted"
"GTCCGTTAGCGCGAACAAGTAGAG-1","slingPseudotime_4",13.947840573894,"CD28-41BB","aucell_proliferating_score",0,"proliferating"
"GTCCGTTAGCGCGAACAAGTAGAG-1","slingPseudotime_4",13.947840573894,"CD28-41BB","aucell_naive_memory_score",0,"naive_memory"
"GTCCGTTAGCGCGAACAAGTAGAG-1","slingPseudotime_4",13.947840573894,"CD28-41BB","aucell_cytotoxic_score",0.162190626645603,"cytotoxic"
"GTCCTTAAGTCTGTGCAAGTAGAG-1","slingPseudotime_4",21.0711710387634,"CD28-41BB","aucell_exhausted_score",0.339827979638406,"exhausted"
"GTCCTTAAGTCTGTGCAAGTAGAG-1","slingPseudotime_4",21.0711710387634,"CD28-41BB","aucell_proliferating_score",0,"proliferating"
"GTCCTTAAGTCTGTGCAAGTAGAG-1","slingPseudotime_4",21.0711710387634,"CD28-41BB","aucell_naive_memory_score",0.205263157894737,"naive_memory"
"GTCCTTAAGTCTGTGCAAGTAGAG-1","slingPseudotime_4",21.0711710387634,"CD28-41BB","aucell_cytotoxic_score",0.630156222573284,"cytotoxic"
"TAAAGGGAGCAAATTGAAGTAGAG-1","slingPseudotime_4",28.4704174448389,"CD28-41BB","aucell_exhausted_score",0,"exhausted"
"TAAAGGGAGCAAATTGAAGTAGAG-1","slingPseudotime_4",28.4704174448389,"CD28-41BB","aucell_proliferating_score",0,"proliferating"
"TAAAGGGAGCAAATTGAAGTAGAG-1","slingPseudotime_4",28.4704174448389,"CD28-41BB","aucell_naive_memory_score",0,"naive_memory"
"TAAAGGGAGCAAATTGAAGTAGAG-1","slingPseudotime_4",28.4704174448389,"CD28-41BB","aucell_cytotoxic_score",0.239248727400386,"cytotoxic"
"TAACGTTTCATAGGCGAAGTAGAG-1","slingPseudotime_2",31.0766528338774,"CD28-41BB","aucell_exhausted_score",0.134105669650693,"exhausted"
"TAACGTTTCATAGGCGAAGTAGAG-1","slingPseudotime_2",31.0766528338774,"CD28-41BB","aucell_proliferating_score",0,"proliferating"
"TAACGTTTCATAGGCGAAGTAGAG-1","slingPseudotime_2",31.0766528338774,"CD28-41BB","aucell_naive_memory_score",0.00273684210526316,"naive_memory"
"TAACGTTTCATAGGCGAAGTAGAG-1","slingPseudotime_2",31.0766528338774,"CD28-41BB","aucell_cytotoxic_score",0.655432683868703,"cytotoxic"
"TACAAACCAGAAACTTAAGTAGAG-1","slingPseudotime_2",28.5348692267691,"CD28-41BB","aucell_exhausted_score",0,"exhausted"
"TACAAACCAGAAACTTAAGTAGAG-1","slingPseudotime_2",28.5348692267691,"CD28-41BB","aucell_proliferating_score",0.0652631578947368,"proliferating"
"TACAAACCAGAAACTTAAGTAGAG-1","slingPseudotime_2",28.5348692267691,"CD28-41BB","aucell_naive_memory_score",0.0446315789473684,"naive_memory"
"TACAAACCAGAAACTTAAGTAGAG-1","slingPseudotime_2",28.5348692267691,"CD28-41BB","aucell_cytotoxic_score",0.363173600140425,"cytotoxic"
"TACCGGCGTTAAGCTCAAGTAGAG-1","slingPseudotime_2",59.510477940864,"CD28-41BB","aucell_exhausted_score",0,"exhausted"
"TACCGGCGTTAAGCTCAAGTAGAG-1","slingPseudotime_2",59.510477940864,"CD28-41BB","aucell_proliferating_score",0.246105263157895,"proliferating"
"TACCGGCGTTAAGCTCAAGTAGAG-1","slingPseudotime_2",59.510477940864,"CD28-41BB","aucell_naive_memory_score",0.115789473684211,"naive_memory"
"TACCGGCGTTAAGCTCAAGTAGAG-1","slingPseudotime_2",59.510477940864,"CD28-41BB","aucell_cytotoxic_score",0.0101807969106547,"cytotoxic"
"TATCTTGCAAATGACTAAGTAGAG-1","slingPseudotime_1",14.0937769344372,"CD28-41BB","aucell_exhausted_score",0.0235211514832368,"exhausted"
"TATCTTGCAAATGACTAAGTAGAG-1","slingPseudotime_1",14.0937769344372,"CD28-41BB","aucell_proliferating_score",0,"proliferating"
"TATCTTGCAAATGACTAAGTAGAG-1","slingPseudotime_1",14.0937769344372,"CD28-41BB","aucell_naive_memory_score",0.0728421052631579,"naive_memory"
"TATCTTGCAAATGACTAAGTAGAG-1","slingPseudotime_1",14.0937769344372,"CD28-41BB","aucell_cytotoxic_score",0.60154467263472,"cytotoxic"
"TATCTTGCAAATGACTAAGTAGAG-1","slingPseudotime_2",12.8489312364381,"CD28-41BB","aucell_exhausted_score",0.0235211514832368,"exhausted"
"TATCTTGCAAATGACTAAGTAGAG-1","slingPseudotime_2",12.8489312364381,"CD28-41BB","aucell_proliferating_score",0,"proliferating"
"TATCTTGCAAATGACTAAGTAGAG-1","slingPseudotime_2",12.8489312364381,"CD28-41BB","aucell_naive_memory_score",0.0728421052631579,"naive_memory"
"TATCTTGCAAATGACTAAGTAGAG-1","slingPseudotime_2",12.8489312364381,"CD28-41BB","aucell_cytotoxic_score",0.60154467263472,"cytotoxic"
"TATCTTGCAAATGACTAAGTAGAG-1","slingPseudotime_3",13.6737427434585,"CD28-41BB","aucell_exhausted_score",0.0235211514832368,"exhausted"
"TATCTTGCAAATGACTAAGTAGAG-1","slingPseudotime_3",13.6737427434585,"CD28-41BB","aucell_proliferating_score",0,"proliferating"
"TATCTTGCAAATGACTAAGTAGAG-1","slingPseudotime_3",13.6737427434585,"CD28-41BB","aucell_naive_memory_score",0.0728421052631579,"naive_memory"
"TATCTTGCAAATGACTAAGTAGAG-1","slingPseudotime_3",13.6737427434585,"CD28-41BB","aucell_cytotoxic_score",0.60154467263472,"cytotoxic"
"TATCTTGCAAATGACTAAGTAGAG-1","slingPseudotime_4",14.2698958263234,"CD28-41BB","aucell_exhausted_score",0.0235211514832368,"exhausted"
"TATCTTGCAAATGACTAAGTAGAG-1","slingPseudotime_4",14.2698958263234,"CD28-41BB","aucell_proliferating_score",0,"proliferating"
"TATCTTGCAAATGACTAAGTAGAG-1","slingPseudotime_4",14.2698958263234,"CD28-41BB","aucell_naive_memory_score",0.0728421052631579,"naive_memory"
"TATCTTGCAAATGACTAAGTAGAG-1","slingPseudotime_4",14.2698958263234,"CD28-41BB","aucell_cytotoxic_score",0.60154467263472,"cytotoxic"
"TCCATTACACTAACGAAAGTAGAG-1","slingPseudotime_1",9.1792915533805,"CD28-41BB","aucell_exhausted_score",0,"exhausted"
"TCCATTACACTAACGAAAGTAGAG-1","slingPseudotime_1",9.1792915533805,"CD28-41BB","aucell_proliferating_score",0,"proliferating"
"TCCATTACACTAACGAAAGTAGAG-1","slingPseudotime_1",9.1792915533805,"CD28-41BB","aucell_naive_memory_score",0.274947368421053,"naive_memory"
"TCCATTACACTAACGAAAGTAGAG-1","slingPseudotime_1",9.1792915533805,"CD28-41BB","aucell_cytotoxic_score",0,"cytotoxic"
"TCCATTACACTAACGAAAGTAGAG-1","slingPseudotime_2",8.94600069331177,"CD28-41BB","aucell_exhausted_score",0,"exhausted"
"TCCATTACACTAACGAAAGTAGAG-1","slingPseudotime_2",8.94600069331177,"CD28-41BB","aucell_proliferating_score",0,"proliferating"
"TCCATTACACTAACGAAAGTAGAG-1","slingPseudotime_2",8.94600069331177,"CD28-41BB","aucell_naive_memory_score",0.274947368421053,"naive_memory"
"TCCATTACACTAACGAAAGTAGAG-1","slingPseudotime_2",8.94600069331177,"CD28-41BB","aucell_cytotoxic_score",0,"cytotoxic"
"TCCATTACACTAACGAAAGTAGAG-1","slingPseudotime_3",8.89623790191333,"CD28-41BB","aucell_exhausted_score",0,"exhausted"
"TCCATTACACTAACGAAAGTAGAG-1","slingPseudotime_3",8.89623790191333,"CD28-41BB","aucell_proliferating_score",0,"proliferating"
"TCCATTACACTAACGAAAGTAGAG-1","slingPseudotime_3",8.89623790191333,"CD28-41BB","aucell_naive_memory_score",0.274947368421053,"naive_memory"
"TCCATTACACTAACGAAAGTAGAG-1","slingPseudotime_3",8.89623790191333,"CD28-41BB","aucell_cytotoxic_score",0,"cytotoxic"
"TCCATTACACTAACGAAAGTAGAG-1","slingPseudotime_4",8.96516253201109,"CD28-41BB","aucell_exhausted_score",0,"exhausted"
"TCCATTACACTAACGAAAGTAGAG-1","slingPseudotime_4",8.96516253201109,"CD28-41BB","aucell_proliferating_score",0,"proliferating"
"TCCATTACACTAACGAAAGTAGAG-1","slingPseudotime_4",8.96516253201109,"CD28-41BB","aucell_naive_memory_score",0.274947368421053,"naive_memory"
"TCCATTACACTAACGAAAGTAGAG-1","slingPseudotime_4",8.96516253201109,"CD28-41BB","aucell_cytotoxic_score",0,"cytotoxic"
"TCGAAGTAGTGTAATGAAGTAGAG-1","slingPseudotime_2",20.5013392956586,"CD28-41BB","aucell_exhausted_score",0.0198350008776549,"exhausted"
"TCGAAGTAGTGTAATGAAGTAGAG-1","slingPseudotime_2",20.5013392956586,"CD28-41BB","aucell_proliferating_score",0.160210526315789,"proliferating"
"TCGAAGTAGTGTAATGAAGTAGAG-1","slingPseudotime_2",20.5013392956586,"CD28-41BB","aucell_naive_memory_score",0,"naive_memory"
"TCGAAGTAGTGTAATGAAGTAGAG-1","slingPseudotime_2",20.5013392956586,"CD28-41BB","aucell_cytotoxic_score",0.164999122345094,"cytotoxic"
"TCTAAGTTCGCGTTACAAGTAGAG-1","slingPseudotime_1",22.7685245432802,"CD28-41BB","aucell_exhausted_score",0.326136563103388,"exhausted"
"TCTAAGTTCGCGTTACAAGTAGAG-1","slingPseudotime_1",22.7685245432802,"CD28-41BB","aucell_proliferating_score",0,"proliferating"
"TCTAAGTTCGCGTTACAAGTAGAG-1","slingPseudotime_1",22.7685245432802,"CD28-41BB","aucell_naive_memory_score",0.338736842105263,"naive_memory"
"TCTAAGTTCGCGTTACAAGTAGAG-1","slingPseudotime_1",22.7685245432802,"CD28-41BB","aucell_cytotoxic_score",0.154467263472003,"cytotoxic"
"TCTATTGCAAACGGTCAAGTAGAG-1","slingPseudotime_1",7.78377323505799,"CD28-41BB","aucell_exhausted_score",0,"exhausted"
"TCTATTGCAAACGGTCAAGTAGAG-1","slingPseudotime_1",7.78377323505799,"CD28-41BB","aucell_proliferating_score",0,"proliferating"
"TCTATTGCAAACGGTCAAGTAGAG-1","slingPseudotime_1",7.78377323505799,"CD28-41BB","aucell_naive_memory_score",0.292631578947368,"naive_memory"
"TCTATTGCAAACGGTCAAGTAGAG-1","slingPseudotime_1",7.78377323505799,"CD28-41BB","aucell_cytotoxic_score",0.286642092329296,"cytotoxic"
"TCTATTGCAAACGGTCAAGTAGAG-1","slingPseudotime_2",7.96986927927076,"CD28-41BB","aucell_exhausted_score",0,"exhausted"
"TCTATTGCAAACGGTCAAGTAGAG-1","slingPseudotime_2",7.96986927927076,"CD28-41BB","aucell_proliferating_score",0,"proliferating"
"TCTATTGCAAACGGTCAAGTAGAG-1","slingPseudotime_2",7.96986927927076,"CD28-41BB","aucell_naive_memory_score",0.292631578947368,"naive_memory"
"TCTATTGCAAACGGTCAAGTAGAG-1","slingPseudotime_2",7.96986927927076,"CD28-41BB","aucell_cytotoxic_score",0.286642092329296,"cytotoxic"
"TCTATTGCAAACGGTCAAGTAGAG-1","slingPseudotime_3",8.15127441787458,"CD28-41BB","aucell_exhausted_score",0,"exhausted"
"TCTATTGCAAACGGTCAAGTAGAG-1","slingPseudotime_3",8.15127441787458,"CD28-41BB","aucell_proliferating_score",0,"proliferating"
"TCTATTGCAAACGGTCAAGTAGAG-1","slingPseudotime_3",8.15127441787458,"CD28-41BB","aucell_naive_memory_score",0.292631578947368,"naive_memory"
"TCTATTGCAAACGGTCAAGTAGAG-1","slingPseudotime_3",8.15127441787458,"CD28-41BB","aucell_cytotoxic_score",0.286642092329296,"cytotoxic"
"TCTATTGCAAACGGTCAAGTAGAG-1","slingPseudotime_4",8.03791075387783,"CD28-41BB","aucell_exhausted_score",0,"exhausted"
"TCTATTGCAAACGGTCAAGTAGAG-1","slingPseudotime_4",8.03791075387783,"CD28-41BB","aucell_proliferating_score",0,"proliferating"
"TCTATTGCAAACGGTCAAGTAGAG-1","slingPseudotime_4",8.03791075387783,"CD28-41BB","aucell_naive_memory_score",0.292631578947368,"naive_memory"
"TCTATTGCAAACGGTCAAGTAGAG-1","slingPseudotime_4",8.03791075387783,"CD28-41BB","aucell_cytotoxic_score",0.286642092329296,"cytotoxic"
"TCTTGACCAAGCCACGAAGTAGAG-1","slingPseudotime_1",13.6585437961821,"CD28-41BB","aucell_exhausted_score",0,"exhausted"
"TCTTGACCAAGCCACGAAGTAGAG-1","slingPseudotime_1",13.6585437961821,"CD28-41BB","aucell_proliferating_score",0,"proliferating"
"TCTTGACCAAGCCACGAAGTAGAG-1","slingPseudotime_1",13.6585437961821,"CD28-41BB","aucell_naive_memory_score",0.227157894736842,"naive_memory"
"TCTTGACCAAGCCACGAAGTAGAG-1","slingPseudotime_1",13.6585437961821,"CD28-41BB","aucell_cytotoxic_score",0.160435316833421,"cytotoxic"
"TCTTGACCAAGCCACGAAGTAGAG-1","slingPseudotime_2",13.5103613176951,"CD28-41BB","aucell_exhausted_score",0,"exhausted"
"TCTTGACCAAGCCACGAAGTAGAG-1","slingPseudotime_2",13.5103613176951,"CD28-41BB","aucell_proliferating_score",0,"proliferating"
"TCTTGACCAAGCCACGAAGTAGAG-1","slingPseudotime_2",13.5103613176951,"CD28-41BB","aucell_naive_memory_score",0.227157894736842,"naive_memory"
"TCTTGACCAAGCCACGAAGTAGAG-1","slingPseudotime_2",13.5103613176951,"CD28-41BB","aucell_cytotoxic_score",0.160435316833421,"cytotoxic"
"TCTTGACCAAGCCACGAAGTAGAG-1","slingPseudotime_3",13.6575454423485,"CD28-41BB","aucell_exhausted_score",0,"exhausted"
"TCTTGACCAAGCCACGAAGTAGAG-1","slingPseudotime_3",13.6575454423485,"CD28-41BB","aucell_proliferating_score",0,"proliferating"
"TCTTGACCAAGCCACGAAGTAGAG-1","slingPseudotime_3",13.6575454423485,"CD28-41BB","aucell_naive_memory_score",0.227157894736842,"naive_memory"
"TCTTGACCAAGCCACGAAGTAGAG-1","slingPseudotime_3",13.6575454423485,"CD28-41BB","aucell_cytotoxic_score",0.160435316833421,"cytotoxic"
"TCTTGACCAAGCCACGAAGTAGAG-1","slingPseudotime_4",13.2507238218088,"CD28-41BB","aucell_exhausted_score",0,"exhausted"
"TCTTGACCAAGCCACGAAGTAGAG-1","slingPseudotime_4",13.2507238218088,"CD28-41BB","aucell_proliferating_score",0,"proliferating"
"TCTTGACCAAGCCACGAAGTAGAG-1","slingPseudotime_4",13.2507238218088,"CD28-41BB","aucell_naive_memory_score",0.227157894736842,"naive_memory"
"TCTTGACCAAGCCACGAAGTAGAG-1","slingPseudotime_4",13.2507238218088,"CD28-41BB","aucell_cytotoxic_score",0.160435316833421,"cytotoxic"
"TGGCATGAGGCGAGAGAAGTAGAG-1","slingPseudotime_1",23.8767853066051,"CD28-41BB","aucell_exhausted_score",0,"exhausted"
"TGGCATGAGGCGAGAGAAGTAGAG-1","slingPseudotime_1",23.8767853066051,"CD28-41BB","aucell_proliferating_score",0,"proliferating"
"TGGCATGAGGCGAGAGAAGTAGAG-1","slingPseudotime_1",23.8767853066051,"CD28-41BB","aucell_naive_memory_score",0,"naive_memory"
"TGGCATGAGGCGAGAGAAGTAGAG-1","slingPseudotime_1",23.8767853066051,"CD28-41BB","aucell_cytotoxic_score",0.314200456380551,"cytotoxic"
"TGTACCTCACAAGCGTAAGTAGAG-1","slingPseudotime_1",20.4107209796182,"CD28-41BB","aucell_exhausted_score",0.298227137089696,"exhausted"
"TGTACCTCACAAGCGTAAGTAGAG-1","slingPseudotime_1",20.4107209796182,"CD28-41BB","aucell_proliferating_score",0,"proliferating"
"TGTACCTCACAAGCGTAAGTAGAG-1","slingPseudotime_1",20.4107209796182,"CD28-41BB","aucell_naive_memory_score",0.221684210526316,"naive_memory"
"TGTACCTCACAAGCGTAAGTAGAG-1","slingPseudotime_1",20.4107209796182,"CD28-41BB","aucell_cytotoxic_score",0.158855538002457,"cytotoxic"
"TGTACCTCACAAGCGTAAGTAGAG-1","slingPseudotime_2",10.9415621862441,"CD28-41BB","aucell_exhausted_score",0.298227137089696,"exhausted"
"TGTACCTCACAAGCGTAAGTAGAG-1","slingPseudotime_2",10.9415621862441,"CD28-41BB","aucell_proliferating_score",0,"proliferating"
"TGTACCTCACAAGCGTAAGTAGAG-1","slingPseudotime_2",10.9415621862441,"CD28-41BB","aucell_naive_memory_score",0.221684210526316,"naive_memory"
"TGTACCTCACAAGCGTAAGTAGAG-1","slingPseudotime_2",10.9415621862441,"CD28-41BB","aucell_cytotoxic_score",0.158855538002457,"cytotoxic"
"TGTACCTCACAAGCGTAAGTAGAG-1","slingPseudotime_3",11.5000254824596,"CD28-41BB","aucell_exhausted_score",0.298227137089696,"exhausted"
"TGTACCTCACAAGCGTAAGTAGAG-1","slingPseudotime_3",11.5000254824596,"CD28-41BB","aucell_proliferating_score",0,"proliferating"
"TGTACCTCACAAGCGTAAGTAGAG-1","slingPseudotime_3",11.5000254824596,"CD28-41BB","aucell_naive_memory_score",0.221684210526316,"naive_memory"
"TGTACCTCACAAGCGTAAGTAGAG-1","slingPseudotime_3",11.5000254824596,"CD28-41BB","aucell_cytotoxic_score",0.158855538002457,"cytotoxic"
"TGTACCTCACAAGCGTAAGTAGAG-1","slingPseudotime_4",10.8650502469385,"CD28-41BB","aucell_exhausted_score",0.298227137089696,"exhausted"
"TGTACCTCACAAGCGTAAGTAGAG-1","slingPseudotime_4",10.8650502469385,"CD28-41BB","aucell_proliferating_score",0,"proliferating"
"TGTACCTCACAAGCGTAAGTAGAG-1","slingPseudotime_4",10.8650502469385,"CD28-41BB","aucell_naive_memory_score",0.221684210526316,"naive_memory"
"TGTACCTCACAAGCGTAAGTAGAG-1","slingPseudotime_4",10.8650502469385,"CD28-41BB","aucell_cytotoxic_score",0.158855538002457,"cytotoxic"
"TGTCTTGAGGCGCGATAAGTAGAG-1","slingPseudotime_2",63.9885637421631,"CD28-41BB","aucell_exhausted_score",0,"exhausted"
"TGTCTTGAGGCGCGATAAGTAGAG-1","slingPseudotime_2",63.9885637421631,"CD28-41BB","aucell_proliferating_score",0.498736842105263,"proliferating"
"TGTCTTGAGGCGCGATAAGTAGAG-1","slingPseudotime_2",63.9885637421631,"CD28-41BB","aucell_naive_memory_score",0.0343157894736842,"naive_memory"
"TGTCTTGAGGCGCGATAAGTAGAG-1","slingPseudotime_2",63.9885637421631,"CD28-41BB","aucell_cytotoxic_score",0.401439354045989,"cytotoxic"
"TTAGAGCAGCTAAACAAAGTAGAG-1","slingPseudotime_1",21.1841321761378,"CD28-41BB","aucell_exhausted_score",0,"exhausted"
"TTAGAGCAGCTAAACAAAGTAGAG-1","slingPseudotime_1",21.1841321761378,"CD28-41BB","aucell_proliferating_score",0,"proliferating"
"TTAGAGCAGCTAAACAAAGTAGAG-1","slingPseudotime_1",21.1841321761378,"CD28-41BB","aucell_naive_memory_score",0.176,"naive_memory"
"TTAGAGCAGCTAAACAAAGTAGAG-1","slingPseudotime_1",21.1841321761378,"CD28-41BB","aucell_cytotoxic_score",0,"cytotoxic"
"TTAGAGCAGCTAAACAAAGTAGAG-1","slingPseudotime_3",11.5283156390275,"CD28-41BB","aucell_exhausted_score",0,"exhausted"
"TTAGAGCAGCTAAACAAAGTAGAG-1","slingPseudotime_3",11.5283156390275,"CD28-41BB","aucell_proliferating_score",0,"proliferating"
"TTAGAGCAGCTAAACAAAGTAGAG-1","slingPseudotime_3",11.5283156390275,"CD28-41BB","aucell_naive_memory_score",0.176,"naive_memory"
"TTAGAGCAGCTAAACAAAGTAGAG-1","slingPseudotime_3",11.5283156390275,"CD28-41BB","aucell_cytotoxic_score",0,"cytotoxic"
"TTGAGTAAGGTTGGGCAAGTAGAG-1","slingPseudotime_1",19.2237494067462,"CD28-41BB","aucell_exhausted_score",0,"exhausted"
"TTGAGTAAGGTTGGGCAAGTAGAG-1","slingPseudotime_1",19.2237494067462,"CD28-41BB","aucell_proliferating_score",0,"proliferating"
"TTGAGTAAGGTTGGGCAAGTAGAG-1","slingPseudotime_1",19.2237494067462,"CD28-41BB","aucell_naive_memory_score",0.156421052631579,"naive_memory"
"TTGAGTAAGGTTGGGCAAGTAGAG-1","slingPseudotime_1",19.2237494067462,"CD28-41BB","aucell_cytotoxic_score",0,"cytotoxic"
"TTGAGTAAGGTTGGGCAAGTAGAG-1","slingPseudotime_2",16.3337016258166,"CD28-41BB","aucell_exhausted_score",0,"exhausted"
"TTGAGTAAGGTTGGGCAAGTAGAG-1","slingPseudotime_2",16.3337016258166,"CD28-41BB","aucell_proliferating_score",0,"proliferating"
"TTGAGTAAGGTTGGGCAAGTAGAG-1","slingPseudotime_2",16.3337016258166,"CD28-41BB","aucell_naive_memory_score",0.156421052631579,"naive_memory"
"TTGAGTAAGGTTGGGCAAGTAGAG-1","slingPseudotime_2",16.3337016258166,"CD28-41BB","aucell_cytotoxic_score",0,"cytotoxic"
"TTGAGTAAGGTTGGGCAAGTAGAG-1","slingPseudotime_3",11.5109681121962,"CD28-41BB","aucell_exhausted_score",0,"exhausted"
"TTGAGTAAGGTTGGGCAAGTAGAG-1","slingPseudotime_3",11.5109681121962,"CD28-41BB","aucell_proliferating_score",0,"proliferating"
"TTGAGTAAGGTTGGGCAAGTAGAG-1","slingPseudotime_3",11.5109681121962,"CD28-41BB","aucell_naive_memory_score",0.156421052631579,"naive_memory"
"TTGAGTAAGGTTGGGCAAGTAGAG-1","slingPseudotime_3",11.5109681121962,"CD28-41BB","aucell_cytotoxic_score",0,"cytotoxic"
"TTGAGTAAGGTTGGGCAAGTAGAG-1","slingPseudotime_4",10.7960300219744,"CD28-41BB","aucell_exhausted_score",0,"exhausted"
"TTGAGTAAGGTTGGGCAAGTAGAG-1","slingPseudotime_4",10.7960300219744,"CD28-41BB","aucell_proliferating_score",0,"proliferating"
"TTGAGTAAGGTTGGGCAAGTAGAG-1","slingPseudotime_4",10.7960300219744,"CD28-41BB","aucell_naive_memory_score",0.156421052631579,"naive_memory"
"TTGAGTAAGGTTGGGCAAGTAGAG-1","slingPseudotime_4",10.7960300219744,"CD28-41BB","aucell_cytotoxic_score",0,"cytotoxic"
"TTTGGCGGTGTAATGGAAGTAGAG-1","slingPseudotime_1",15.9062349895121,"CD28-41BB","aucell_exhausted_score",0,"exhausted"
"TTTGGCGGTGTAATGGAAGTAGAG-1","slingPseudotime_1",15.9062349895121,"CD28-41BB","aucell_proliferating_score",0,"proliferating"
"TTTGGCGGTGTAATGGAAGTAGAG-1","slingPseudotime_1",15.9062349895121,"CD28-41BB","aucell_naive_memory_score",0,"naive_memory"
"TTTGGCGGTGTAATGGAAGTAGAG-1","slingPseudotime_1",15.9062349895121,"CD28-41BB","aucell_cytotoxic_score",0.156047042302966,"cytotoxic"
"TTTGGCGGTGTAATGGAAGTAGAG-1","slingPseudotime_2",13.7423742523936,"CD28-41BB","aucell_exhausted_score",0,"exhausted"
"TTTGGCGGTGTAATGGAAGTAGAG-1","slingPseudotime_2",13.7423742523936,"CD28-41BB","aucell_proliferating_score",0,"proliferating"
"TTTGGCGGTGTAATGGAAGTAGAG-1","slingPseudotime_2",13.7423742523936,"CD28-41BB","aucell_naive_memory_score",0,"naive_memory"
"TTTGGCGGTGTAATGGAAGTAGAG-1","slingPseudotime_2",13.7423742523936,"CD28-41BB","aucell_cytotoxic_score",0.156047042302966,"cytotoxic"
"TTTGGCGGTGTAATGGAAGTAGAG-1","slingPseudotime_3",13.300061805496,"CD28-41BB","aucell_exhausted_score",0,"exhausted"
"TTTGGCGGTGTAATGGAAGTAGAG-1","slingPseudotime_3",13.300061805496,"CD28-41BB","aucell_proliferating_score",0,"proliferating"
"TTTGGCGGTGTAATGGAAGTAGAG-1","slingPseudotime_3",13.300061805496,"CD28-41BB","aucell_naive_memory_score",0,"naive_memory"
"TTTGGCGGTGTAATGGAAGTAGAG-1","slingPseudotime_3",13.300061805496,"CD28-41BB","aucell_cytotoxic_score",0.156047042302966,"cytotoxic"
"TTTGGCGGTGTAATGGAAGTAGAG-1","slingPseudotime_4",13.7374837710126,"CD28-41BB","aucell_exhausted_score",0,"exhausted"
"TTTGGCGGTGTAATGGAAGTAGAG-1","slingPseudotime_4",13.7374837710126,"CD28-41BB","aucell_proliferating_score",0,"proliferating"
"TTTGGCGGTGTAATGGAAGTAGAG-1","slingPseudotime_4",13.7374837710126,"CD28-41BB","aucell_naive_memory_score",0,"naive_memory"
"TTTGGCGGTGTAATGGAAGTAGAG-1","slingPseudotime_4",13.7374837710126,"CD28-41BB","aucell_cytotoxic_score",0.156047042302966,"cytotoxic"
"AAACTGGGTACGTTACACTACTCA-1","slingPseudotime_1",21.4389324589094,"CD28-41BB","aucell_exhausted_score",0.191153238546603,"exhausted"
"AAACTGGGTACGTTACACTACTCA-1","slingPseudotime_1",21.4389324589094,"CD28-41BB","aucell_proliferating_score",0,"proliferating"
"AAACTGGGTACGTTACACTACTCA-1","slingPseudotime_1",21.4389324589094,"CD28-41BB","aucell_naive_memory_score",0,"naive_memory"
"AAACTGGGTACGTTACACTACTCA-1","slingPseudotime_1",21.4389324589094,"CD28-41BB","aucell_cytotoxic_score",0.0510795155344918,"cytotoxic"
"AAACTGGGTACGTTACACTACTCA-1","slingPseudotime_2",9.00900603741548,"CD28-41BB","aucell_exhausted_score",0.191153238546603,"exhausted"
"AAACTGGGTACGTTACACTACTCA-1","slingPseudotime_2",9.00900603741548,"CD28-41BB","aucell_proliferating_score",0,"proliferating"
"AAACTGGGTACGTTACACTACTCA-1","slingPseudotime_2",9.00900603741548,"CD28-41BB","aucell_naive_memory_score",0,"naive_memory"
"AAACTGGGTACGTTACACTACTCA-1","slingPseudotime_2",9.00900603741548,"CD28-41BB","aucell_cytotoxic_score",0.0510795155344918,"cytotoxic"
"AAACTGGGTACGTTACACTACTCA-1","slingPseudotime_3",9.35867546510513,"CD28-41BB","aucell_exhausted_score",0.191153238546603,"exhausted"
"AAACTGGGTACGTTACACTACTCA-1","slingPseudotime_3",9.35867546510513,"CD28-41BB","aucell_proliferating_score",0,"proliferating"
"AAACTGGGTACGTTACACTACTCA-1","slingPseudotime_3",9.35867546510513,"CD28-41BB","aucell_naive_memory_score",0,"naive_memory"
"AAACTGGGTACGTTACACTACTCA-1","slingPseudotime_3",9.35867546510513,"CD28-41BB","aucell_cytotoxic_score",0.0510795155344918,"cytotoxic"
"AAACTGGGTACGTTACACTACTCA-1","slingPseudotime_4",9.13222572101583,"CD28-41BB","aucell_exhausted_score",0.191153238546603,"exhausted"
"AAACTGGGTACGTTACACTACTCA-1","slingPseudotime_4",9.13222572101583,"CD28-41BB","aucell_proliferating_score",0,"proliferating"
"AAACTGGGTACGTTACACTACTCA-1","slingPseudotime_4",9.13222572101583,"CD28-41BB","aucell_naive_memory_score",0,"naive_memory"
"AAACTGGGTACGTTACACTACTCA-1","slingPseudotime_4",9.13222572101583,"CD28-41BB","aucell_cytotoxic_score",0.0510795155344918,"cytotoxic"
"AAACTGGGTATTTACGACTACTCA-1","slingPseudotime_1",29.3016955767588,"CD28-41BB","aucell_exhausted_score",0,"exhausted"
"AAACTGGGTATTTACGACTACTCA-1","slingPseudotime_1",29.3016955767588,"CD28-41BB","aucell_proliferating_score",0,"proliferating"
"AAACTGGGTATTTACGACTACTCA-1","slingPseudotime_1",29.3016955767588,"CD28-41BB","aucell_naive_memory_score",0.592,"naive_memory"
"AAACTGGGTATTTACGACTACTCA-1","slingPseudotime_1",29.3016955767588,"CD28-41BB","aucell_cytotoxic_score",0.297173951202387,"cytotoxic"
"AAACTGGGTATTTACGACTACTCA-1","slingPseudotime_3",21.6621691916886,"CD28-41BB","aucell_exhausted_score",0,"exhausted"
"AAACTGGGTATTTACGACTACTCA-1","slingPseudotime_3",21.6621691916886,"CD28-41BB","aucell_proliferating_score",0,"proliferating"
"AAACTGGGTATTTACGACTACTCA-1","slingPseudotime_3",21.6621691916886,"CD28-41BB","aucell_naive_memory_score",0.592,"naive_memory"
"AAACTGGGTATTTACGACTACTCA-1","slingPseudotime_3",21.6621691916886,"CD28-41BB","aucell_cytotoxic_score",0.297173951202387,"cytotoxic"
"AACCTATTCCTTTGAGACTACTCA-1","slingPseudotime_2",23.074552381005,"CD28-41BB","aucell_exhausted_score",0.142531156749166,"exhausted"
"AACCTATTCCTTTGAGACTACTCA-1","slingPseudotime_2",23.074552381005,"CD28-41BB","aucell_proliferating_score",0.141894736842105,"proliferating"
"AACCTATTCCTTTGAGACTACTCA-1","slingPseudotime_2",23.074552381005,"CD28-41BB","aucell_naive_memory_score",0,"naive_memory"
"AACCTATTCCTTTGAGACTACTCA-1","slingPseudotime_2",23.074552381005,"CD28-41BB","aucell_cytotoxic_score",0.327189748990697,"cytotoxic"
"AACTGGCCAACATAGTACTACTCA-1","slingPseudotime_1",3.52462854170528,"CD28-41BB","aucell_exhausted_score",0,"exhausted"
"AACTGGCCAACATAGTACTACTCA-1","slingPseudotime_1",3.52462854170528,"CD28-41BB","aucell_proliferating_score",0,"proliferating"
"AACTGGCCAACATAGTACTACTCA-1","slingPseudotime_1",3.52462854170528,"CD28-41BB","aucell_naive_memory_score",0.357052631578947,"naive_memory"
"AACTGGCCAACATAGTACTACTCA-1","slingPseudotime_1",3.52462854170528,"CD28-41BB","aucell_cytotoxic_score",0.0997015973319291,"cytotoxic"
"AACTGGCCAACATAGTACTACTCA-1","slingPseudotime_2",3.55232585081494,"CD28-41BB","aucell_exhausted_score",0,"exhausted"
"AACTGGCCAACATAGTACTACTCA-1","slingPseudotime_2",3.55232585081494,"CD28-41BB","aucell_proliferating_score",0,"proliferating"
"AACTGGCCAACATAGTACTACTCA-1","slingPseudotime_2",3.55232585081494,"CD28-41BB","aucell_naive_memory_score",0.357052631578947,"naive_memory"
"AACTGGCCAACATAGTACTACTCA-1","slingPseudotime_2",3.55232585081494,"CD28-41BB","aucell_cytotoxic_score",0.0997015973319291,"cytotoxic"
"AACTGGCCAACATAGTACTACTCA-1","slingPseudotime_3",3.53398999898521,"CD28-41BB","aucell_exhausted_score",0,"exhausted"
"AACTGGCCAACATAGTACTACTCA-1","slingPseudotime_3",3.53398999898521,"CD28-41BB","aucell_proliferating_score",0,"proliferating"
"AACTGGCCAACATAGTACTACTCA-1","slingPseudotime_3",3.53398999898521,"CD28-41BB","aucell_naive_memory_score",0.357052631578947,"naive_memory"
"AACTGGCCAACATAGTACTACTCA-1","slingPseudotime_3",3.53398999898521,"CD28-41BB","aucell_cytotoxic_score",0.0997015973319291,"cytotoxic"
"AACTGGCCAACATAGTACTACTCA-1","slingPseudotime_4",3.51593443874319,"CD28-41BB","aucell_exhausted_score",0,"exhausted"
"AACTGGCCAACATAGTACTACTCA-1","slingPseudotime_4",3.51593443874319,"CD28-41BB","aucell_proliferating_score",0,"proliferating"
"AACTGGCCAACATAGTACTACTCA-1","slingPseudotime_4",3.51593443874319,"CD28-41BB","aucell_naive_memory_score",0.357052631578947,"naive_memory"
"AACTGGCCAACATAGTACTACTCA-1","slingPseudotime_4",3.51593443874319,"CD28-41BB","aucell_cytotoxic_score",0.0997015973319291,"cytotoxic"
"AAGCTTAAGTCCTGACACTACTCA-1","slingPseudotime_1",28.0203464299929,"CD28-41BB","aucell_exhausted_score",0.452694400561699,"exhausted"
"AAGCTTAAGTCCTGACACTACTCA-1","slingPseudotime_1",28.0203464299929,"CD28-41BB","aucell_proliferating_score",0,"proliferating"
"AAGCTTAAGTCCTGACACTACTCA-1","slingPseudotime_1",28.0203464299929,"CD28-41BB","aucell_naive_memory_score",0,"naive_memory"
"AAGCTTAAGTCCTGACACTACTCA-1","slingPseudotime_1",28.0203464299929,"CD28-41BB","aucell_cytotoxic_score",0.320695102685624,"cytotoxic"
"AAGCTTAAGTCCTGACACTACTCA-1","slingPseudotime_3",19.2134237439439,"CD28-41BB","aucell_exhausted_score",0.452694400561699,"exhausted"
"AAGCTTAAGTCCTGACACTACTCA-1","slingPseudotime_3",19.2134237439439,"CD28-41BB","aucell_proliferating_score",0,"proliferating"
"AAGCTTAAGTCCTGACACTACTCA-1","slingPseudotime_3",19.2134237439439,"CD28-41BB","aucell_naive_memory_score",0,"naive_memory"
"AAGCTTAAGTCCTGACACTACTCA-1","slingPseudotime_3",19.2134237439439,"CD28-41BB","aucell_cytotoxic_score",0.320695102685624,"cytotoxic"
"AAGCTTAAGTCCTGACACTACTCA-1","slingPseudotime_4",20.5860843061688,"CD28-41BB","aucell_exhausted_score",0.452694400561699,"exhausted"
"AAGCTTAAGTCCTGACACTACTCA-1","slingPseudotime_4",20.5860843061688,"CD28-41BB","aucell_proliferating_score",0,"proliferating"
"AAGCTTAAGTCCTGACACTACTCA-1","slingPseudotime_4",20.5860843061688,"CD28-41BB","aucell_naive_memory_score",0,"naive_memory"
"AAGCTTAAGTCCTGACACTACTCA-1","slingPseudotime_4",20.5860843061688,"CD28-41BB","aucell_cytotoxic_score",0.320695102685624,"cytotoxic"
"AAGGAGCAGTTTCGGCACTACTCA-1","slingPseudotime_4",42.4277045715046,"CD28-41BB","aucell_exhausted_score",0.304546252413551,"exhausted"
"AAGGAGCAGTTTCGGCACTACTCA-1","slingPseudotime_4",42.4277045715046,"CD28-41BB","aucell_proliferating_score",0,"proliferating"
"AAGGAGCAGTTTCGGCACTACTCA-1","slingPseudotime_4",42.4277045715046,"CD28-41BB","aucell_naive_memory_score",0.654105263157895,"naive_memory"
"AAGGAGCAGTTTCGGCACTACTCA-1","slingPseudotime_4",42.4277045715046,"CD28-41BB","aucell_cytotoxic_score",0.0119361067228366,"cytotoxic"
"AAGGCCGGTAAGTCGAACTACTCA-1","slingPseudotime_4",16.5857807395415,"CD28-41BB","aucell_exhausted_score",0.127435492364402,"exhausted"
"AAGGCCGGTAAGTCGAACTACTCA-1","slingPseudotime_4",16.5857807395415,"CD28-41BB","aucell_proliferating_score",0,"proliferating"
"AAGGCCGGTAAGTCGAACTACTCA-1","slingPseudotime_4",16.5857807395415,"CD28-41BB","aucell_naive_memory_score",0.0654736842105263,"naive_memory"
"AAGGCCGGTAAGTCGAACTACTCA-1","slingPseudotime_4",16.5857807395415,"CD28-41BB","aucell_cytotoxic_score",0.194839389152185,"cytotoxic"
"AATGGATGTGATAAACACTACTCA-1","slingPseudotime_1",3.06966875088858,"CD28-41BB","aucell_exhausted_score",0,"exhausted"
"AATGGATGTGATAAACACTACTCA-1","slingPseudotime_1",3.06966875088858,"CD28-41BB","aucell_proliferating_score",0,"proliferating"
"AATGGATGTGATAAACACTACTCA-1","slingPseudotime_1",3.06966875088858,"CD28-41BB","aucell_naive_memory_score",0.338105263157895,"naive_memory"
"AATGGATGTGATAAACACTACTCA-1","slingPseudotime_1",3.06966875088858,"CD28-41BB","aucell_cytotoxic_score",0.309812181850097,"cytotoxic"
"AATGGATGTGATAAACACTACTCA-1","slingPseudotime_2",3.01492451525857,"CD28-41BB","aucell_exhausted_score",0,"exhausted"
"AATGGATGTGATAAACACTACTCA-1","slingPseudotime_2",3.01492451525857,"CD28-41BB","aucell_proliferating_score",0,"proliferating"
"AATGGATGTGATAAACACTACTCA-1","slingPseudotime_2",3.01492451525857,"CD28-41BB","aucell_naive_memory_score",0.338105263157895,"naive_memory"
"AATGGATGTGATAAACACTACTCA-1","slingPseudotime_2",3.01492451525857,"CD28-41BB","aucell_cytotoxic_score",0.309812181850097,"cytotoxic"
"AATGGATGTGATAAACACTACTCA-1","slingPseudotime_3",3.05784846529588,"CD28-41BB","aucell_exhausted_score",0,"exhausted"
"AATGGATGTGATAAACACTACTCA-1","slingPseudotime_3",3.05784846529588,"CD28-41BB","aucell_proliferating_score",0,"proliferating"
"AATGGATGTGATAAACACTACTCA-1","slingPseudotime_3",3.05784846529588,"CD28-41BB","aucell_naive_memory_score",0.338105263157895,"naive_memory"
"AATGGATGTGATAAACACTACTCA-1","slingPseudotime_3",3.05784846529588,"CD28-41BB","aucell_cytotoxic_score",0.309812181850097,"cytotoxic"
"AATGGATGTGATAAACACTACTCA-1","slingPseudotime_4",3.07425630228572,"CD28-41BB","aucell_exhausted_score",0,"exhausted"
"AATGGATGTGATAAACACTACTCA-1","slingPseudotime_4",3.07425630228572,"CD28-41BB","aucell_proliferating_score",0,"proliferating"
"AATGGATGTGATAAACACTACTCA-1","slingPseudotime_4",3.07425630228572,"CD28-41BB","aucell_naive_memory_score",0.338105263157895,"naive_memory"
"AATGGATGTGATAAACACTACTCA-1","slingPseudotime_4",3.07425630228572,"CD28-41BB","aucell_cytotoxic_score",0.309812181850097,"cytotoxic"
"ACAACATCACCAGCCTACTACTCA-1","slingPseudotime_1",19.1674823129432,"CD28-41BB","aucell_exhausted_score",0.119010005265929,"exhausted"
"ACAACATCACCAGCCTACTACTCA-1","slingPseudotime_1",19.1674823129432,"CD28-41BB","aucell_proliferating_score",0,"proliferating"
"ACAACATCACCAGCCTACTACTCA-1","slingPseudotime_1",19.1674823129432,"CD28-41BB","aucell_naive_memory_score",0.146105263157895,"naive_memory"
"ACAACATCACCAGCCTACTACTCA-1","slingPseudotime_1",19.1674823129432,"CD28-41BB","aucell_cytotoxic_score",0.164472529401439,"cytotoxic"
"ACAACATCACCAGCCTACTACTCA-1","slingPseudotime_2",11.5689153196259,"CD28-41BB","aucell_exhausted_score",0.119010005265929,"exhausted"
"ACAACATCACCAGCCTACTACTCA-1","slingPseudotime_2",11.5689153196259,"CD28-41BB","aucell_proliferating_score",0,"proliferating"
"ACAACATCACCAGCCTACTACTCA-1","slingPseudotime_2",11.5689153196259,"CD28-41BB","aucell_naive_memory_score",0.146105263157895,"naive_memory"
"ACAACATCACCAGCCTACTACTCA-1","slingPseudotime_2",11.5689153196259,"CD28-41BB","aucell_cytotoxic_score",0.164472529401439,"cytotoxic"
"ACAACATCACCAGCCTACTACTCA-1","slingPseudotime_3",11.7731682996362,"CD28-41BB","aucell_exhausted_score",0.119010005265929,"exhausted"
"ACAACATCACCAGCCTACTACTCA-1","slingPseudotime_3",11.7731682996362,"CD28-41BB","aucell_proliferating_score",0,"proliferating"
"ACAACATCACCAGCCTACTACTCA-1","slingPseudotime_3",11.7731682996362,"CD28-41BB","aucell_naive_memory_score",0.146105263157895,"naive_memory"
"ACAACATCACCAGCCTACTACTCA-1","slingPseudotime_3",11.7731682996362,"CD28-41BB","aucell_cytotoxic_score",0.164472529401439,"cytotoxic"
"ACAACATCACCAGCCTACTACTCA-1","slingPseudotime_4",11.6127992045032,"CD28-41BB","aucell_exhausted_score",0.119010005265929,"exhausted"
"ACAACATCACCAGCCTACTACTCA-1","slingPseudotime_4",11.6127992045032,"CD28-41BB","aucell_proliferating_score",0,"proliferating"
"ACAACATCACCAGCCTACTACTCA-1","slingPseudotime_4",11.6127992045032,"CD28-41BB","aucell_naive_memory_score",0.146105263157895,"naive_memory"
"ACAACATCACCAGCCTACTACTCA-1","slingPseudotime_4",11.6127992045032,"CD28-41BB","aucell_cytotoxic_score",0.164472529401439,"cytotoxic"
"ACCCGTTAGTCATGAAACTACTCA-1","slingPseudotime_2",14.4441828238825,"CD28-41BB","aucell_exhausted_score",0,"exhausted"
"ACCCGTTAGTCATGAAACTACTCA-1","slingPseudotime_2",14.4441828238825,"CD28-41BB","aucell_proliferating_score",0,"proliferating"
"ACCCGTTAGTCATGAAACTACTCA-1","slingPseudotime_2",14.4441828238825,"CD28-41BB","aucell_naive_memory_score",0,"naive_memory"
"ACCCGTTAGTCATGAAACTACTCA-1","slingPseudotime_2",14.4441828238825,"CD28-41BB","aucell_cytotoxic_score",0.481481481481481,"cytotoxic"
"ACCCTCCTCACCCTGGACTACTCA-1","slingPseudotime_4",33.8224897482527,"CD28-41BB","aucell_exhausted_score",0.204318062137967,"exhausted"
"ACCCTCCTCACCCTGGACTACTCA-1","slingPseudotime_4",33.8224897482527,"CD28-41BB","aucell_proliferating_score",0,"proliferating"
"ACCCTCCTCACCCTGGACTACTCA-1","slingPseudotime_4",33.8224897482527,"CD28-41BB","aucell_naive_memory_score",0,"naive_memory"
"ACCCTCCTCACCCTGGACTACTCA-1","slingPseudotime_4",33.8224897482527,"CD28-41BB","aucell_cytotoxic_score",0.229594523433386,"cytotoxic"
"ACCTAGTGTTGTCCAGACTACTCA-1","slingPseudotime_3",30.2009842564164,"CD28-41BB","aucell_exhausted_score",0.417939266280498,"exhausted"
"ACCTAGTGTTGTCCAGACTACTCA-1","slingPseudotime_3",30.2009842564164,"CD28-41BB","aucell_proliferating_score",0,"proliferating"
"ACCTAGTGTTGTCCAGACTACTCA-1","slingPseudotime_3",30.2009842564164,"CD28-41BB","aucell_naive_memory_score",0,"naive_memory"
"ACCTAGTGTTGTCCAGACTACTCA-1","slingPseudotime_3",30.2009842564164,"CD28-41BB","aucell_cytotoxic_score",0.319641916798315,"cytotoxic"
"ACGAGGGAGCGGGACTACTACTCA-1","slingPseudotime_1",19.0280679842338,"CD28-41BB","aucell_exhausted_score",0.120063191153239,"exhausted"
"ACGAGGGAGCGGGACTACTACTCA-1","slingPseudotime_1",19.0280679842338,"CD28-41BB","aucell_proliferating_score",0,"proliferating"
"ACGAGGGAGCGGGACTACTACTCA-1","slingPseudotime_1",19.0280679842338,"CD28-41BB","aucell_naive_memory_score",0,"naive_memory"
"ACGAGGGAGCGGGACTACTACTCA-1","slingPseudotime_1",19.0280679842338,"CD28-41BB","aucell_cytotoxic_score",0.317711076004915,"cytotoxic"
"ACGAGGGAGCGGGACTACTACTCA-1","slingPseudotime_2",15.3860746965035,"CD28-41BB","aucell_exhausted_score",0.120063191153239,"exhausted"
"ACGAGGGAGCGGGACTACTACTCA-1","slingPseudotime_2",15.3860746965035,"CD28-41BB","aucell_proliferating_score",0,"proliferating"
"ACGAGGGAGCGGGACTACTACTCA-1","slingPseudotime_2",15.3860746965035,"CD28-41BB","aucell_naive_memory_score",0,"naive_memory"
"ACGAGGGAGCGGGACTACTACTCA-1","slingPseudotime_2",15.3860746965035,"CD28-41BB","aucell_cytotoxic_score",0.317711076004915,"cytotoxic"
"ACGAGGGAGCGGGACTACTACTCA-1","slingPseudotime_3",15.0199572497393,"CD28-41BB","aucell_exhausted_score",0.120063191153239,"exhausted"
"ACGAGGGAGCGGGACTACTACTCA-1","slingPseudotime_3",15.0199572497393,"CD28-41BB","aucell_proliferating_score",0,"proliferating"
"ACGAGGGAGCGGGACTACTACTCA-1","slingPseudotime_3",15.0199572497393,"CD28-41BB","aucell_naive_memory_score",0,"naive_memory"
"ACGAGGGAGCGGGACTACTACTCA-1","slingPseudotime_3",15.0199572497393,"CD28-41BB","aucell_cytotoxic_score",0.317711076004915,"cytotoxic"
"ACGAGGGAGCGGGACTACTACTCA-1","slingPseudotime_4",16.5782037617768,"CD28-41BB","aucell_exhausted_score",0.120063191153239,"exhausted"
"ACGAGGGAGCGGGACTACTACTCA-1","slingPseudotime_4",16.5782037617768,"CD28-41BB","aucell_proliferating_score",0,"proliferating"
"ACGAGGGAGCGGGACTACTACTCA-1","slingPseudotime_4",16.5782037617768,"CD28-41BB","aucell_naive_memory_score",0,"naive_memory"
"ACGAGGGAGCGGGACTACTACTCA-1","slingPseudotime_4",16.5782037617768,"CD28-41BB","aucell_cytotoxic_score",0.317711076004915,"cytotoxic"
"ACGGTAAGTTCACCAGACTACTCA-1","slingPseudotime_1",23.4375816049505,"CD28-41BB","aucell_exhausted_score",0,"exhausted"
"ACGGTAAGTTCACCAGACTACTCA-1","slingPseudotime_1",23.4375816049505,"CD28-41BB","aucell_proliferating_score",0,"proliferating"
"ACGGTAAGTTCACCAGACTACTCA-1","slingPseudotime_1",23.4375816049505,"CD28-41BB","aucell_naive_memory_score",0,"naive_memory"
"ACGGTAAGTTCACCAGACTACTCA-1","slingPseudotime_1",23.4375816049505,"CD28-41BB","aucell_cytotoxic_score",0.106898367561875,"cytotoxic"
"ACGTAATCACCTTCTCACTACTCA-1","slingPseudotime_1",27.6150879889142,"CD28-41BB","aucell_exhausted_score",0.124275934702475,"exhausted"
"ACGTAATCACCTTCTCACTACTCA-1","slingPseudotime_1",27.6150879889142,"CD28-41BB","aucell_proliferating_score",0.0604210526315789,"proliferating"
"ACGTAATCACCTTCTCACTACTCA-1","slingPseudotime_1",27.6150879889142,"CD28-41BB","aucell_naive_memory_score",0.132842105263158,"naive_memory"
"ACGTAATCACCTTCTCACTACTCA-1","slingPseudotime_1",27.6150879889142,"CD28-41BB","aucell_cytotoxic_score",0.39845532736528,"cytotoxic"
"ACGTAATCACCTTCTCACTACTCA-1","slingPseudotime_3",18.7703183080545,"CD28-41BB","aucell_exhausted_score",0.124275934702475,"exhausted"
"ACGTAATCACCTTCTCACTACTCA-1","slingPseudotime_3",18.7703183080545,"CD28-41BB","aucell_proliferating_score",0.0604210526315789,"proliferating"
"ACGTAATCACCTTCTCACTACTCA-1","slingPseudotime_3",18.7703183080545,"CD28-41BB","aucell_naive_memory_score",0.132842105263158,"naive_memory"
"ACGTAATCACCTTCTCACTACTCA-1","slingPseudotime_3",18.7703183080545,"CD28-41BB","aucell_cytotoxic_score",0.39845532736528,"cytotoxic"
"ACGTAATCACCTTCTCACTACTCA-1","slingPseudotime_4",20.036665568263,"CD28-41BB","aucell_exhausted_score",0.124275934702475,"exhausted"
"ACGTAATCACCTTCTCACTACTCA-1","slingPseudotime_4",20.036665568263,"CD28-41BB","aucell_proliferating_score",0.0604210526315789,"proliferating"
"ACGTAATCACCTTCTCACTACTCA-1","slingPseudotime_4",20.036665568263,"CD28-41BB","aucell_naive_memory_score",0.132842105263158,"naive_memory"
"ACGTAATCACCTTCTCACTACTCA-1","slingPseudotime_4",20.036665568263,"CD28-41BB","aucell_cytotoxic_score",0.39845532736528,"cytotoxic"
"ACTGGGTCAACCGGATACTACTCA-1","slingPseudotime_3",18.7703183080545,"CD28-41BB","aucell_exhausted_score",0.429699842022117,"exhausted"
"ACTGGGTCAACCGGATACTACTCA-1","slingPseudotime_3",18.7703183080545,"CD28-41BB","aucell_proliferating_score",0,"proliferating"
"ACTGGGTCAACCGGATACTACTCA-1","slingPseudotime_3",18.7703183080545,"CD28-41BB","aucell_naive_memory_score",0,"naive_memory"
"ACTGGGTCAACCGGATACTACTCA-1","slingPseudotime_3",18.7703183080545,"CD28-41BB","aucell_cytotoxic_score",0.499385641565736,"cytotoxic"
"AGAAAGGTCAAGCTCCACTACTCA-1","slingPseudotime_1",0,"CD28-41BB","aucell_exhausted_score",0,"exhausted"
"AGAAAGGTCAAGCTCCACTACTCA-1","slingPseudotime_1",0,"CD28-41BB","aucell_proliferating_score",0,"proliferating"
"AGAAAGGTCAAGCTCCACTACTCA-1","slingPseudotime_1",0,"CD28-41BB","aucell_naive_memory_score",0.260210526315789,"naive_memory"
"AGAAAGGTCAAGCTCCACTACTCA-1","slingPseudotime_1",0,"CD28-41BB","aucell_cytotoxic_score",0,"cytotoxic"
"AGAAAGGTCAAGCTCCACTACTCA-1","slingPseudotime_2",0,"CD28-41BB","aucell_exhausted_score",0,"exhausted"
"AGAAAGGTCAAGCTCCACTACTCA-1","slingPseudotime_2",0,"CD28-41BB","aucell_proliferating_score",0,"proliferating"
"AGAAAGGTCAAGCTCCACTACTCA-1","slingPseudotime_2",0,"CD28-41BB","aucell_naive_memory_score",0.260210526315789,"naive_memory"
"AGAAAGGTCAAGCTCCACTACTCA-1","slingPseudotime_2",0,"CD28-41BB","aucell_cytotoxic_score",0,"cytotoxic"
"AGAAAGGTCAAGCTCCACTACTCA-1","slingPseudotime_3",0,"CD28-41BB","aucell_exhausted_score",0,"exhausted"
"AGAAAGGTCAAGCTCCACTACTCA-1","slingPseudotime_3",0,"CD28-41BB","aucell_proliferating_score",0,"proliferating"
"AGAAAGGTCAAGCTCCACTACTCA-1","slingPseudotime_3",0,"CD28-41BB","aucell_naive_memory_score",0.260210526315789,"naive_memory"
"AGAAAGGTCAAGCTCCACTACTCA-1","slingPseudotime_3",0,"CD28-41BB","aucell_cytotoxic_score",0,"cytotoxic"
"AGAAAGGTCAAGCTCCACTACTCA-1","slingPseudotime_4",0,"CD28-41BB","aucell_exhausted_score",0,"exhausted"
"AGAAAGGTCAAGCTCCACTACTCA-1","slingPseudotime_4",0,"CD28-41BB","aucell_proliferating_score",0,"proliferating"
"AGAAAGGTCAAGCTCCACTACTCA-1","slingPseudotime_4",0,"CD28-41BB","aucell_naive_memory_score",0.260210526315789,"naive_memory"
"AGAAAGGTCAAGCTCCACTACTCA-1","slingPseudotime_4",0,"CD28-41BB","aucell_cytotoxic_score",0,"cytotoxic"
"AGCCATTGTTAGCATCACTACTCA-1","slingPseudotime_1",10.9689087514443,"CD28-41BB","aucell_exhausted_score",0,"exhausted"
"AGCCATTGTTAGCATCACTACTCA-1","slingPseudotime_1",10.9689087514443,"CD28-41BB","aucell_proliferating_score",0,"proliferating"
"AGCCATTGTTAGCATCACTACTCA-1","slingPseudotime_1",10.9689087514443,"CD28-41BB","aucell_naive_memory_score",0.182736842105263,"naive_memory"
"AGCCATTGTTAGCATCACTACTCA-1","slingPseudotime_1",10.9689087514443,"CD28-41BB","aucell_cytotoxic_score",0,"cytotoxic"
"AGCCATTGTTAGCATCACTACTCA-1","slingPseudotime_2",10.1199173133789,"CD28-41BB","aucell_exhausted_score",0,"exhausted"
"AGCCATTGTTAGCATCACTACTCA-1","slingPseudotime_2",10.1199173133789,"CD28-41BB","aucell_proliferating_score",0,"proliferating"
"AGCCATTGTTAGCATCACTACTCA-1","slingPseudotime_2",10.1199173133789,"CD28-41BB","aucell_naive_memory_score",0.182736842105263,"naive_memory"
"AGCCATTGTTAGCATCACTACTCA-1","slingPseudotime_2",10.1199173133789,"CD28-41BB","aucell_cytotoxic_score",0,"cytotoxic"
"AGCCATTGTTAGCATCACTACTCA-1","slingPseudotime_3",9.90153352574234,"CD28-41BB","aucell_exhausted_score",0,"exhausted"
"AGCCATTGTTAGCATCACTACTCA-1","slingPseudotime_3",9.90153352574234,"CD28-41BB","aucell_proliferating_score",0,"proliferating"
"AGCCATTGTTAGCATCACTACTCA-1","slingPseudotime_3",9.90153352574234,"CD28-41BB","aucell_naive_memory_score",0.182736842105263,"naive_memory"
"AGCCATTGTTAGCATCACTACTCA-1","slingPseudotime_3",9.90153352574234,"CD28-41BB","aucell_cytotoxic_score",0,"cytotoxic"
"AGCCATTGTTAGCATCACTACTCA-1","slingPseudotime_4",10.6382896260726,"CD28-41BB","aucell_exhausted_score",0,"exhausted"
"AGCCATTGTTAGCATCACTACTCA-1","slingPseudotime_4",10.6382896260726,"CD28-41BB","aucell_proliferating_score",0,"proliferating"
"AGCCATTGTTAGCATCACTACTCA-1","slingPseudotime_4",10.6382896260726,"CD28-41BB","aucell_naive_memory_score",0.182736842105263,"naive_memory"
"AGCCATTGTTAGCATCACTACTCA-1","slingPseudotime_4",10.6382896260726,"CD28-41BB","aucell_cytotoxic_score",0,"cytotoxic"
"AGCCTAGAGGGTTAACACTACTCA-1","slingPseudotime_3",23.8352633225315,"CD28-41BB","aucell_exhausted_score",0,"exhausted"
"AGCCTAGAGGGTTAACACTACTCA-1","slingPseudotime_3",23.8352633225315,"CD28-41BB","aucell_proliferating_score",0.0945263157894737,"proliferating"
"AGCCTAGAGGGTTAACACTACTCA-1","slingPseudotime_3",23.8352633225315,"CD28-41BB","aucell_naive_memory_score",0.152631578947368,"naive_memory"
"AGCCTAGAGGGTTAACACTACTCA-1","slingPseudotime_3",23.8352633225315,"CD28-41BB","aucell_cytotoxic_score",0.16535018430753,"cytotoxic"
"AGGGCTTCAGGTTTCTACTACTCA-1","slingPseudotime_1",15.3353577082941,"CD28-41BB","aucell_exhausted_score",0,"exhausted"
"AGGGCTTCAGGTTTCTACTACTCA-1","slingPseudotime_1",15.3353577082941,"CD28-41BB","aucell_proliferating_score",0.0749473684210526,"proliferating"
"AGGGCTTCAGGTTTCTACTACTCA-1","slingPseudotime_1",15.3353577082941,"CD28-41BB","aucell_naive_memory_score",0.0785263157894737,"naive_memory"
"AGGGCTTCAGGTTTCTACTACTCA-1","slingPseudotime_1",15.3353577082941,"CD28-41BB","aucell_cytotoxic_score",0.449534842899772,"cytotoxic"
"AGGGCTTCAGGTTTCTACTACTCA-1","slingPseudotime_2",16.8167324370385,"CD28-41BB","aucell_exhausted_score",0,"exhausted"
"AGGGCTTCAGGTTTCTACTACTCA-1","slingPseudotime_2",16.8167324370385,"CD28-41BB","aucell_proliferating_score",0.0749473684210526,"proliferating"
"AGGGCTTCAGGTTTCTACTACTCA-1","slingPseudotime_2",16.8167324370385,"CD28-41BB","aucell_naive_memory_score",0.0785263157894737,"naive_memory"
"AGGGCTTCAGGTTTCTACTACTCA-1","slingPseudotime_2",16.8167324370385,"CD28-41BB","aucell_cytotoxic_score",0.449534842899772,"cytotoxic"
"AGGGCTTCAGGTTTCTACTACTCA-1","slingPseudotime_3",14.7651160586151,"CD28-41BB","aucell_exhausted_score",0,"exhausted"
"AGGGCTTCAGGTTTCTACTACTCA-1","slingPseudotime_3",14.7651160586151,"CD28-41BB","aucell_proliferating_score",0.0749473684210526,"proliferating"
"AGGGCTTCAGGTTTCTACTACTCA-1","slingPseudotime_3",14.7651160586151,"CD28-41BB","aucell_naive_memory_score",0.0785263157894737,"naive_memory"
"AGGGCTTCAGGTTTCTACTACTCA-1","slingPseudotime_3",14.7651160586151,"CD28-41BB","aucell_cytotoxic_score",0.449534842899772,"cytotoxic"
"AGGGCTTCAGGTTTCTACTACTCA-1","slingPseudotime_4",13.7864925280505,"CD28-41BB","aucell_exhausted_score",0,"exhausted"
"AGGGCTTCAGGTTTCTACTACTCA-1","slingPseudotime_4",13.7864925280505,"CD28-41BB","aucell_proliferating_score",0.0749473684210526,"proliferating"
"AGGGCTTCAGGTTTCTACTACTCA-1","slingPseudotime_4",13.7864925280505,"CD28-41BB","aucell_naive_memory_score",0.0785263157894737,"naive_memory"
"AGGGCTTCAGGTTTCTACTACTCA-1","slingPseudotime_4",13.7864925280505,"CD28-41BB","aucell_cytotoxic_score",0.449534842899772,"cytotoxic"
"ATAAACCCAAACGGGAACTACTCA-1","slingPseudotime_4",27.6110777952332,"CD28-41BB","aucell_exhausted_score",0.128137616289275,"exhausted"
"ATAAACCCAAACGGGAACTACTCA-1","slingPseudotime_4",27.6110777952332,"CD28-41BB","aucell_proliferating_score",0,"proliferating"
"ATAAACCCAAACGGGAACTACTCA-1","slingPseudotime_4",27.6110777952332,"CD28-41BB","aucell_naive_memory_score",0,"naive_memory"
"ATAAACCCAAACGGGAACTACTCA-1","slingPseudotime_4",27.6110777952332,"CD28-41BB","aucell_cytotoxic_score",0.312971739512024,"cytotoxic"
"ATACTGGCAGCCTTCAACTACTCA-1","slingPseudotime_1",5.08132630615605,"CD28-41BB","aucell_exhausted_score",0.0214147797086186,"exhausted"
"ATACTGGCAGCCTTCAACTACTCA-1","slingPseudotime_1",5.08132630615605,"CD28-41BB","aucell_proliferating_score",0,"proliferating"
"ATACTGGCAGCCTTCAACTACTCA-1","slingPseudotime_1",5.08132630615605,"CD28-41BB","aucell_naive_memory_score",0.369052631578947,"naive_memory"
"ATACTGGCAGCCTTCAACTACTCA-1","slingPseudotime_1",5.08132630615605,"CD28-41BB","aucell_cytotoxic_score",0,"cytotoxic"
"ATACTGGCAGCCTTCAACTACTCA-1","slingPseudotime_2",5.14356274254758,"CD28-41BB","aucell_exhausted_score",0.0214147797086186,"exhausted"
"ATACTGGCAGCCTTCAACTACTCA-1","slingPseudotime_2",5.14356274254758,"CD28-41BB","aucell_proliferating_score",0,"proliferating"
"ATACTGGCAGCCTTCAACTACTCA-1","slingPseudotime_2",5.14356274254758,"CD28-41BB","aucell_naive_memory_score",0.369052631578947,"naive_memory"
"ATACTGGCAGCCTTCAACTACTCA-1","slingPseudotime_2",5.14356274254758,"CD28-41BB","aucell_cytotoxic_score",0,"cytotoxic"
"ATACTGGCAGCCTTCAACTACTCA-1","slingPseudotime_3",4.99433260552559,"CD28-41BB","aucell_exhausted_score",0.0214147797086186,"exhausted"
"ATACTGGCAGCCTTCAACTACTCA-1","slingPseudotime_3",4.99433260552559,"CD28-41BB","aucell_proliferating_score",0,"proliferating"
"ATACTGGCAGCCTTCAACTACTCA-1","slingPseudotime_3",4.99433260552559,"CD28-41BB","aucell_naive_memory_score",0.369052631578947,"naive_memory"
"ATACTGGCAGCCTTCAACTACTCA-1","slingPseudotime_3",4.99433260552559,"CD28-41BB","aucell_cytotoxic_score",0,"cytotoxic"
"ATACTGGCAGCCTTCAACTACTCA-1","slingPseudotime_4",4.99422964795413,"CD28-41BB","aucell_exhausted_score",0.0214147797086186,"exhausted"
"ATACTGGCAGCCTTCAACTACTCA-1","slingPseudotime_4",4.99422964795413,"CD28-41BB","aucell_proliferating_score",0,"proliferating"
"ATACTGGCAGCCTTCAACTACTCA-1","slingPseudotime_4",4.99422964795413,"CD28-41BB","aucell_naive_memory_score",0.369052631578947,"naive_memory"
"ATACTGGCAGCCTTCAACTACTCA-1","slingPseudotime_4",4.99422964795413,"CD28-41BB","aucell_cytotoxic_score",0,"cytotoxic"
"ATCAGGTAGGTCGAGCACTACTCA-1","slingPseudotime_1",12.8178242130495,"CD28-41BB","aucell_exhausted_score",0,"exhausted"
"ATCAGGTAGGTCGAGCACTACTCA-1","slingPseudotime_1",12.8178242130495,"CD28-41BB","aucell_proliferating_score",0,"proliferating"
"ATCAGGTAGGTCGAGCACTACTCA-1","slingPseudotime_1",12.8178242130495,"CD28-41BB","aucell_naive_memory_score",0.133894736842105,"naive_memory"
"ATCAGGTAGGTCGAGCACTACTCA-1","slingPseudotime_1",12.8178242130495,"CD28-41BB","aucell_cytotoxic_score",0.493944181147973,"cytotoxic"
"ATCAGGTAGGTCGAGCACTACTCA-1","slingPseudotime_2",11.4076089117736,"CD28-41BB","aucell_exhausted_score",0,"exhausted"
"ATCAGGTAGGTCGAGCACTACTCA-1","slingPseudotime_2",11.4076089117736,"CD28-41BB","aucell_proliferating_score",0,"proliferating"
"ATCAGGTAGGTCGAGCACTACTCA-1","slingPseudotime_2",11.4076089117736,"CD28-41BB","aucell_naive_memory_score",0.133894736842105,"naive_memory"
"ATCAGGTAGGTCGAGCACTACTCA-1","slingPseudotime_2",11.4076089117736,"CD28-41BB","aucell_cytotoxic_score",0.493944181147973,"cytotoxic"
"ATCAGGTAGGTCGAGCACTACTCA-1","slingPseudotime_3",24.3712128143192,"CD28-41BB","aucell_exhausted_score",0,"exhausted"
"ATCAGGTAGGTCGAGCACTACTCA-1","slingPseudotime_3",24.3712128143192,"CD28-41BB","aucell_proliferating_score",0,"proliferating"
"ATCAGGTAGGTCGAGCACTACTCA-1","slingPseudotime_3",24.3712128143192,"CD28-41BB","aucell_naive_memory_score",0.133894736842105,"naive_memory"
"ATCAGGTAGGTCGAGCACTACTCA-1","slingPseudotime_3",24.3712128143192,"CD28-41BB","aucell_cytotoxic_score",0.493944181147973,"cytotoxic"
"ATCAGGTAGGTCGAGCACTACTCA-1","slingPseudotime_4",12.742471350439,"CD28-41BB","aucell_exhausted_score",0,"exhausted"
"ATCAGGTAGGTCGAGCACTACTCA-1","slingPseudotime_4",12.742471350439,"CD28-41BB","aucell_proliferating_score",0,"proliferating"
"ATCAGGTAGGTCGAGCACTACTCA-1","slingPseudotime_4",12.742471350439,"CD28-41BB","aucell_naive_memory_score",0.133894736842105,"naive_memory"
"ATCAGGTAGGTCGAGCACTACTCA-1","slingPseudotime_4",12.742471350439,"CD28-41BB","aucell_cytotoxic_score",0.493944181147973,"cytotoxic"
"ATCGATGCATCCGTCAACTACTCA-1","slingPseudotime_1",13.1436479913981,"CD28-41BB","aucell_exhausted_score",0.110057925223802,"exhausted"
"ATCGATGCATCCGTCAACTACTCA-1","slingPseudotime_1",13.1436479913981,"CD28-41BB","aucell_proliferating_score",0,"proliferating"
"ATCGATGCATCCGTCAACTACTCA-1","slingPseudotime_1",13.1436479913981,"CD28-41BB","aucell_naive_memory_score",0.177473684210526,"naive_memory"
"ATCGATGCATCCGTCAACTACTCA-1","slingPseudotime_1",13.1436479913981,"CD28-41BB","aucell_cytotoxic_score",0.394769176759698,"cytotoxic"
"ATCGATGCATCCGTCAACTACTCA-1","slingPseudotime_2",11.7339162607786,"CD28-41BB","aucell_exhausted_score",0.110057925223802,"exhausted"
"ATCGATGCATCCGTCAACTACTCA-1","slingPseudotime_2",11.7339162607786,"CD28-41BB","aucell_proliferating_score",0,"proliferating"
"ATCGATGCATCCGTCAACTACTCA-1","slingPseudotime_2",11.7339162607786,"CD28-41BB","aucell_naive_memory_score",0.177473684210526,"naive_memory"
"ATCGATGCATCCGTCAACTACTCA-1","slingPseudotime_2",11.7339162607786,"CD28-41BB","aucell_cytotoxic_score",0.394769176759698,"cytotoxic"
"ATCGATGCATCCGTCAACTACTCA-1","slingPseudotime_3",24.6439115489565,"CD28-41BB","aucell_exhausted_score",0.110057925223802,"exhausted"
"ATCGATGCATCCGTCAACTACTCA-1","slingPseudotime_3",24.6439115489565,"CD28-41BB","aucell_proliferating_score",0,"proliferating"
"ATCGATGCATCCGTCAACTACTCA-1","slingPseudotime_3",24.6439115489565,"CD28-41BB","aucell_naive_memory_score",0.177473684210526,"naive_memory"
"ATCGATGCATCCGTCAACTACTCA-1","slingPseudotime_3",24.6439115489565,"CD28-41BB","aucell_cytotoxic_score",0.394769176759698,"cytotoxic"
"ATCGATGCATCCGTCAACTACTCA-1","slingPseudotime_4",12.9798268475261,"CD28-41BB","aucell_exhausted_score",0.110057925223802,"exhausted"
"ATCGATGCATCCGTCAACTACTCA-1","slingPseudotime_4",12.9798268475261,"CD28-41BB","aucell_proliferating_score",0,"proliferating"
"ATCGATGCATCCGTCAACTACTCA-1","slingPseudotime_4",12.9798268475261,"CD28-41BB","aucell_naive_memory_score",0.177473684210526,"naive_memory"
"ATCGATGCATCCGTCAACTACTCA-1","slingPseudotime_4",12.9798268475261,"CD28-41BB","aucell_cytotoxic_score",0.394769176759698,"cytotoxic"
"ATGGAGGCATTCAACCACTACTCA-1","slingPseudotime_3",31.3091982246902,"CD28-41BB","aucell_exhausted_score",0,"exhausted"
"ATGGAGGCATTCAACCACTACTCA-1","slingPseudotime_3",31.3091982246902,"CD28-41BB","aucell_proliferating_score",0,"proliferating"
"ATGGAGGCATTCAACCACTACTCA-1","slingPseudotime_3",31.3091982246902,"CD28-41BB","aucell_naive_memory_score",0.163789473684211,"naive_memory"
"ATGGAGGCATTCAACCACTACTCA-1","slingPseudotime_3",31.3091982246902,"CD28-41BB","aucell_cytotoxic_score",0.484465508162191,"cytotoxic"
"ATGGGTTAGGATCCAGACTACTCA-1","slingPseudotime_2",82.533712374256,"CD28-41BB","aucell_exhausted_score",0,"exhausted"
"ATGGGTTAGGATCCAGACTACTCA-1","slingPseudotime_2",82.533712374256,"CD28-41BB","aucell_proliferating_score",0.584842105263158,"proliferating"
"ATGGGTTAGGATCCAGACTACTCA-1","slingPseudotime_2",82.533712374256,"CD28-41BB","aucell_naive_memory_score",0,"naive_memory"
"ATGGGTTAGGATCCAGACTACTCA-1","slingPseudotime_2",82.533712374256,"CD28-41BB","aucell_cytotoxic_score",0.490609092504827,"cytotoxic"
"CACCCATAGCAAGACTACTACTCA-1","slingPseudotime_4",31.4372051204878,"CD28-41BB","aucell_exhausted_score",0,"exhausted"
"CACCCATAGCAAGACTACTACTCA-1","slingPseudotime_4",31.4372051204878,"CD28-41BB","aucell_proliferating_score",0,"proliferating"
"CACCCATAGCAAGACTACTACTCA-1","slingPseudotime_4",31.4372051204878,"CD28-41BB","aucell_naive_memory_score",0,"naive_memory"
"CACCCATAGCAAGACTACTACTCA-1","slingPseudotime_4",31.4372051204878,"CD28-41BB","aucell_cytotoxic_score",0.165525715288748,"cytotoxic"
"CAGTTAAAGCTCAACCACTACTCA-1","slingPseudotime_1",13.8169297208708,"CD28-41BB","aucell_exhausted_score",0,"exhausted"
"CAGTTAAAGCTCAACCACTACTCA-1","slingPseudotime_1",13.8169297208708,"CD28-41BB","aucell_proliferating_score",0,"proliferating"
"CAGTTAAAGCTCAACCACTACTCA-1","slingPseudotime_1",13.8169297208708,"CD28-41BB","aucell_naive_memory_score",0.100842105263158,"naive_memory"
"CAGTTAAAGCTCAACCACTACTCA-1","slingPseudotime_1",13.8169297208708,"CD28-41BB","aucell_cytotoxic_score",0.247674214498859,"cytotoxic"
"CAGTTAAAGCTCAACCACTACTCA-1","slingPseudotime_2",12.7911680818928,"CD28-41BB","aucell_exhausted_score",0,"exhausted"
"CAGTTAAAGCTCAACCACTACTCA-1","slingPseudotime_2",12.7911680818928,"CD28-41BB","aucell_proliferating_score",0,"proliferating"
"CAGTTAAAGCTCAACCACTACTCA-1","slingPseudotime_2",12.7911680818928,"CD28-41BB","aucell_naive_memory_score",0.100842105263158,"naive_memory"
"CAGTTAAAGCTCAACCACTACTCA-1","slingPseudotime_2",12.7911680818928,"CD28-41BB","aucell_cytotoxic_score",0.247674214498859,"cytotoxic"
"CAGTTAAAGCTCAACCACTACTCA-1","slingPseudotime_3",15.7105314014378,"CD28-41BB","aucell_exhausted_score",0,"exhausted"
"CAGTTAAAGCTCAACCACTACTCA-1","slingPseudotime_3",15.7105314014378,"CD28-41BB","aucell_proliferating_score",0,"proliferating"
"CAGTTAAAGCTCAACCACTACTCA-1","slingPseudotime_3",15.7105314014378,"CD28-41BB","aucell_naive_memory_score",0.100842105263158,"naive_memory"
"CAGTTAAAGCTCAACCACTACTCA-1","slingPseudotime_3",15.7105314014378,"CD28-41BB","aucell_cytotoxic_score",0.247674214498859,"cytotoxic"
"CAGTTAAAGCTCAACCACTACTCA-1","slingPseudotime_4",13.6630451156963,"CD28-41BB","aucell_exhausted_score",0,"exhausted"
"CAGTTAAAGCTCAACCACTACTCA-1","slingPseudotime_4",13.6630451156963,"CD28-41BB","aucell_proliferating_score",0,"proliferating"
"CAGTTAAAGCTCAACCACTACTCA-1","slingPseudotime_4",13.6630451156963,"CD28-41BB","aucell_naive_memory_score",0.100842105263158,"naive_memory"
"CAGTTAAAGCTCAACCACTACTCA-1","slingPseudotime_4",13.6630451156963,"CD28-41BB","aucell_cytotoxic_score",0.247674214498859,"cytotoxic"
"CATTCGCAGTACGGGCACTACTCA-1","slingPseudotime_1",12.242456900857,"CD28-41BB","aucell_exhausted_score",0,"exhausted"
"CATTCGCAGTACGGGCACTACTCA-1","slingPseudotime_1",12.242456900857,"CD28-41BB","aucell_proliferating_score",0,"proliferating"
"CATTCGCAGTACGGGCACTACTCA-1","slingPseudotime_1",12.242456900857,"CD28-41BB","aucell_naive_memory_score",0.130105263157895,"naive_memory"
"CATTCGCAGTACGGGCACTACTCA-1","slingPseudotime_1",12.242456900857,"CD28-41BB","aucell_cytotoxic_score",0.313673863436897,"cytotoxic"
"CATTCGCAGTACGGGCACTACTCA-1","slingPseudotime_2",10.8045232597388,"CD28-41BB","aucell_exhausted_score",0,"exhausted"
"CATTCGCAGTACGGGCACTACTCA-1","slingPseudotime_2",10.8045232597388,"CD28-41BB","aucell_proliferating_score",0,"proliferating"
"CATTCGCAGTACGGGCACTACTCA-1","slingPseudotime_2",10.8045232597388,"CD28-41BB","aucell_naive_memory_score",0.130105263157895,"naive_memory"
"CATTCGCAGTACGGGCACTACTCA-1","slingPseudotime_2",10.8045232597388,"CD28-41BB","aucell_cytotoxic_score",0.313673863436897,"cytotoxic"
"CATTCGCAGTACGGGCACTACTCA-1","slingPseudotime_3",24.8231391243768,"CD28-41BB","aucell_exhausted_score",0,"exhausted"
"CATTCGCAGTACGGGCACTACTCA-1","slingPseudotime_3",24.8231391243768,"CD28-41BB","aucell_proliferating_score",0,"proliferating"
"CATTCGCAGTACGGGCACTACTCA-1","slingPseudotime_3",24.8231391243768,"CD28-41BB","aucell_naive_memory_score",0.130105263157895,"naive_memory"
"CATTCGCAGTACGGGCACTACTCA-1","slingPseudotime_3",24.8231391243768,"CD28-41BB","aucell_cytotoxic_score",0.313673863436897,"cytotoxic"
"CATTCGCAGTACGGGCACTACTCA-1","slingPseudotime_4",11.9914699665124,"CD28-41BB","aucell_exhausted_score",0,"exhausted"
"CATTCGCAGTACGGGCACTACTCA-1","slingPseudotime_4",11.9914699665124,"CD28-41BB","aucell_proliferating_score",0,"proliferating"
"CATTCGCAGTACGGGCACTACTCA-1","slingPseudotime_4",11.9914699665124,"CD28-41BB","aucell_naive_memory_score",0.130105263157895,"naive_memory"
"CATTCGCAGTACGGGCACTACTCA-1","slingPseudotime_4",11.9914699665124,"CD28-41BB","aucell_cytotoxic_score",0.313673863436897,"cytotoxic"
"CCATCCCTCTCACCTTACTACTCA-1","slingPseudotime_1",2.77619519333068,"CD28-41BB","aucell_exhausted_score",0,"exhausted"
"CCATCCCTCTCACCTTACTACTCA-1","slingPseudotime_1",2.77619519333068,"CD28-41BB","aucell_proliferating_score",0,"proliferating"
"CCATCCCTCTCACCTTACTACTCA-1","slingPseudotime_1",2.77619519333068,"CD28-41BB","aucell_naive_memory_score",0.390526315789474,"naive_memory"
"CCATCCCTCTCACCTTACTACTCA-1","slingPseudotime_1",2.77619519333068,"CD28-41BB","aucell_cytotoxic_score",0.0596805336141829,"cytotoxic"
"CCATCCCTCTCACCTTACTACTCA-1","slingPseudotime_2",2.7857528279472,"CD28-41BB","aucell_exhausted_score",0,"exhausted"
"CCATCCCTCTCACCTTACTACTCA-1","slingPseudotime_2",2.7857528279472,"CD28-41BB","aucell_proliferating_score",0,"proliferating"
"CCATCCCTCTCACCTTACTACTCA-1","slingPseudotime_2",2.7857528279472,"CD28-41BB","aucell_naive_memory_score",0.390526315789474,"naive_memory"
"CCATCCCTCTCACCTTACTACTCA-1","slingPseudotime_2",2.7857528279472,"CD28-41BB","aucell_cytotoxic_score",0.0596805336141829,"cytotoxic"
"CCATCCCTCTCACCTTACTACTCA-1","slingPseudotime_3",2.77689122456738,"CD28-41BB","aucell_exhausted_score",0,"exhausted"
"CCATCCCTCTCACCTTACTACTCA-1","slingPseudotime_3",2.77689122456738,"CD28-41BB","aucell_proliferating_score",0,"proliferating"
"CCATCCCTCTCACCTTACTACTCA-1","slingPseudotime_3",2.77689122456738,"CD28-41BB","aucell_naive_memory_score",0.390526315789474,"naive_memory"
"CCATCCCTCTCACCTTACTACTCA-1","slingPseudotime_3",2.77689122456738,"CD28-41BB","aucell_cytotoxic_score",0.0596805336141829,"cytotoxic"
"CCATCCCTCTCACCTTACTACTCA-1","slingPseudotime_4",2.77433263580825,"CD28-41BB","aucell_exhausted_score",0,"exhausted"
"CCATCCCTCTCACCTTACTACTCA-1","slingPseudotime_4",2.77433263580825,"CD28-41BB","aucell_proliferating_score",0,"proliferating"
"CCATCCCTCTCACCTTACTACTCA-1","slingPseudotime_4",2.77433263580825,"CD28-41BB","aucell_naive_memory_score",0.390526315789474,"naive_memory"
"CCATCCCTCTCACCTTACTACTCA-1","slingPseudotime_4",2.77433263580825,"CD28-41BB","aucell_cytotoxic_score",0.0596805336141829,"cytotoxic"
"CCATGGTTCTACTACGACTACTCA-1","slingPseudotime_1",2.26058745433421,"CD28-41BB","aucell_exhausted_score",0.243812532912059,"exhausted"
"CCATGGTTCTACTACGACTACTCA-1","slingPseudotime_1",2.26058745433421,"CD28-41BB","aucell_proliferating_score",0,"proliferating"
"CCATGGTTCTACTACGACTACTCA-1","slingPseudotime_1",2.26058745433421,"CD28-41BB","aucell_naive_memory_score",0.390526315789474,"naive_memory"
"CCATGGTTCTACTACGACTACTCA-1","slingPseudotime_1",2.26058745433421,"CD28-41BB","aucell_cytotoxic_score",0,"cytotoxic"
"CCATGGTTCTACTACGACTACTCA-1","slingPseudotime_2",2.19858898048222,"CD28-41BB","aucell_exhausted_score",0.243812532912059,"exhausted"
"CCATGGTTCTACTACGACTACTCA-1","slingPseudotime_2",2.19858898048222,"CD28-41BB","aucell_proliferating_score",0,"proliferating"
"CCATGGTTCTACTACGACTACTCA-1","slingPseudotime_2",2.19858898048222,"CD28-41BB","aucell_naive_memory_score",0.390526315789474,"naive_memory"
"CCATGGTTCTACTACGACTACTCA-1","slingPseudotime_2",2.19858898048222,"CD28-41BB","aucell_cytotoxic_score",0,"cytotoxic"
"CCATGGTTCTACTACGACTACTCA-1","slingPseudotime_3",2.23137379527397,"CD28-41BB","aucell_exhausted_score",0.243812532912059,"exhausted"
"CCATGGTTCTACTACGACTACTCA-1","slingPseudotime_3",2.23137379527397,"CD28-41BB","aucell_proliferating_score",0,"proliferating"
"CCATGGTTCTACTACGACTACTCA-1","slingPseudotime_3",2.23137379527397,"CD28-41BB","aucell_naive_memory_score",0.390526315789474,"naive_memory"
"CCATGGTTCTACTACGACTACTCA-1","slingPseudotime_3",2.23137379527397,"CD28-41BB","aucell_cytotoxic_score",0,"cytotoxic"
"CCATGGTTCTACTACGACTACTCA-1","slingPseudotime_4",2.2212478259163,"CD28-41BB","aucell_exhausted_score",0.243812532912059,"exhausted"
"CCATGGTTCTACTACGACTACTCA-1","slingPseudotime_4",2.2212478259163,"CD28-41BB","aucell_proliferating_score",0,"proliferating"
"CCATGGTTCTACTACGACTACTCA-1","slingPseudotime_4",2.2212478259163,"CD28-41BB","aucell_naive_memory_score",0.390526315789474,"naive_memory"
"CCATGGTTCTACTACGACTACTCA-1","slingPseudotime_4",2.2212478259163,"CD28-41BB","aucell_cytotoxic_score",0,"cytotoxic"
"CCCAACTAGGGTTTCCACTACTCA-1","slingPseudotime_1",16.667038172294,"CD28-41BB","aucell_exhausted_score",0.196594698964367,"exhausted"
"CCCAACTAGGGTTTCCACTACTCA-1","slingPseudotime_1",16.667038172294,"CD28-41BB","aucell_proliferating_score",0.158105263157895,"proliferating"
"CCCAACTAGGGTTTCCACTACTCA-1","slingPseudotime_1",16.667038172294,"CD28-41BB","aucell_naive_memory_score",0,"naive_memory"
"CCCAACTAGGGTTTCCACTACTCA-1","slingPseudotime_1",16.667038172294,"CD28-41BB","aucell_cytotoxic_score",0.198174477795331,"cytotoxic"
"CCCAACTAGGGTTTCCACTACTCA-1","slingPseudotime_2",14.3396461020625,"CD28-41BB","aucell_exhausted_score",0.196594698964367,"exhausted"
"CCCAACTAGGGTTTCCACTACTCA-1","slingPseudotime_2",14.3396461020625,"CD28-41BB","aucell_proliferating_score",0.158105263157895,"proliferating"
"CCCAACTAGGGTTTCCACTACTCA-1","slingPseudotime_2",14.3396461020625,"CD28-41BB","aucell_naive_memory_score",0,"naive_memory"
"CCCAACTAGGGTTTCCACTACTCA-1","slingPseudotime_2",14.3396461020625,"CD28-41BB","aucell_cytotoxic_score",0.198174477795331,"cytotoxic"
"CCCAACTAGGGTTTCCACTACTCA-1","slingPseudotime_3",14.411114903729,"CD28-41BB","aucell_exhausted_score",0.196594698964367,"exhausted"
"CCCAACTAGGGTTTCCACTACTCA-1","slingPseudotime_3",14.411114903729,"CD28-41BB","aucell_proliferating_score",0.158105263157895,"proliferating"
"CCCAACTAGGGTTTCCACTACTCA-1","slingPseudotime_3",14.411114903729,"CD28-41BB","aucell_naive_memory_score",0,"naive_memory"
"CCCAACTAGGGTTTCCACTACTCA-1","slingPseudotime_3",14.411114903729,"CD28-41BB","aucell_cytotoxic_score",0.198174477795331,"cytotoxic"
"CCCAACTAGGGTTTCCACTACTCA-1","slingPseudotime_4",15.0091720375692,"CD28-41BB","aucell_exhausted_score",0.196594698964367,"exhausted"
"CCCAACTAGGGTTTCCACTACTCA-1","slingPseudotime_4",15.0091720375692,"CD28-41BB","aucell_proliferating_score",0.158105263157895,"proliferating"
"CCCAACTAGGGTTTCCACTACTCA-1","slingPseudotime_4",15.0091720375692,"CD28-41BB","aucell_naive_memory_score",0,"naive_memory"
"CCCAACTAGGGTTTCCACTACTCA-1","slingPseudotime_4",15.0091720375692,"CD28-41BB","aucell_cytotoxic_score",0.198174477795331,"cytotoxic"
"CCGATTGGTGTTAGAGACTACTCA-1","slingPseudotime_4",30.6490562799369,"CD28-41BB","aucell_exhausted_score",0.0100052659294365,"exhausted"
"CCGATTGGTGTTAGAGACTACTCA-1","slingPseudotime_4",30.6490562799369,"CD28-41BB","aucell_proliferating_score",0,"proliferating"
"CCGATTGGTGTTAGAGACTACTCA-1","slingPseudotime_4",30.6490562799369,"CD28-41BB","aucell_naive_memory_score",0.124842105263158,"naive_memory"
"CCGATTGGTGTTAGAGACTACTCA-1","slingPseudotime_4",30.6490562799369,"CD28-41BB","aucell_cytotoxic_score",0.152009829734948,"cytotoxic"
"CCGCCATCATAACCAGACTACTCA-1","slingPseudotime_4",20.3418287909002,"CD28-41BB","aucell_exhausted_score",0.228541337546077,"exhausted"
"CCGCCATCATAACCAGACTACTCA-1","slingPseudotime_4",20.3418287909002,"CD28-41BB","aucell_proliferating_score",0,"proliferating"
"CCGCCATCATAACCAGACTACTCA-1","slingPseudotime_4",20.3418287909002,"CD28-41BB","aucell_naive_memory_score",0,"naive_memory"
"CCGCCATCATAACCAGACTACTCA-1","slingPseudotime_4",20.3418287909002,"CD28-41BB","aucell_cytotoxic_score",0.452694400561699,"cytotoxic"
"CCGCTTACAGGATTATACTACTCA-1","slingPseudotime_3",30.3655655711086,"CD28-41BB","aucell_exhausted_score",0,"exhausted"
"CCGCTTACAGGATTATACTACTCA-1","slingPseudotime_3",30.3655655711086,"CD28-41BB","aucell_proliferating_score",0.265684210526316,"proliferating"
"CCGCTTACAGGATTATACTACTCA-1","slingPseudotime_3",30.3655655711086,"CD28-41BB","aucell_naive_memory_score",0.00673684210526316,"naive_memory"
"CCGCTTACAGGATTATACTACTCA-1","slingPseudotime_3",30.3655655711086,"CD28-41BB","aucell_cytotoxic_score",0.654555028962612,"cytotoxic"
"CCTACTTTCGCGGATAACTACTCA-1","slingPseudotime_1",13.1542334714458,"CD28-41BB","aucell_exhausted_score",0,"exhausted"
"CCTACTTTCGCGGATAACTACTCA-1","slingPseudotime_1",13.1542334714458,"CD28-41BB","aucell_proliferating_score",0,"proliferating"
"CCTACTTTCGCGGATAACTACTCA-1","slingPseudotime_1",13.1542334714458,"CD28-41BB","aucell_naive_memory_score",0.162947368421053,"naive_memory"
"CCTACTTTCGCGGATAACTACTCA-1","slingPseudotime_1",13.1542334714458,"CD28-41BB","aucell_cytotoxic_score",0.46708794102159,"cytotoxic"
"CCTACTTTCGCGGATAACTACTCA-1","slingPseudotime_2",11.6318411280547,"CD28-41BB","aucell_exhausted_score",0,"exhausted"
"CCTACTTTCGCGGATAACTACTCA-1","slingPseudotime_2",11.6318411280547,"CD28-41BB","aucell_proliferating_score",0,"proliferating"
"CCTACTTTCGCGGATAACTACTCA-1","slingPseudotime_2",11.6318411280547,"CD28-41BB","aucell_naive_memory_score",0.162947368421053,"naive_memory"
"CCTACTTTCGCGGATAACTACTCA-1","slingPseudotime_2",11.6318411280547,"CD28-41BB","aucell_cytotoxic_score",0.46708794102159,"cytotoxic"
"CCTACTTTCGCGGATAACTACTCA-1","slingPseudotime_3",25.8993656870166,"CD28-41BB","aucell_exhausted_score",0,"exhausted"
"CCTACTTTCGCGGATAACTACTCA-1","slingPseudotime_3",25.8993656870166,"CD28-41BB","aucell_proliferating_score",0,"proliferating"
"CCTACTTTCGCGGATAACTACTCA-1","slingPseudotime_3",25.8993656870166,"CD28-41BB","aucell_naive_memory_score",0.162947368421053,"naive_memory"
"CCTACTTTCGCGGATAACTACTCA-1","slingPseudotime_3",25.8993656870166,"CD28-41BB","aucell_cytotoxic_score",0.46708794102159,"cytotoxic"
"CCTACTTTCGCGGATAACTACTCA-1","slingPseudotime_4",13.1818853327609,"CD28-41BB","aucell_exhausted_score",0,"exhausted"
"CCTACTTTCGCGGATAACTACTCA-1","slingPseudotime_4",13.1818853327609,"CD28-41BB","aucell_proliferating_score",0,"proliferating"
"CCTACTTTCGCGGATAACTACTCA-1","slingPseudotime_4",13.1818853327609,"CD28-41BB","aucell_naive_memory_score",0.162947368421053,"naive_memory"
"CCTACTTTCGCGGATAACTACTCA-1","slingPseudotime_4",13.1818853327609,"CD28-41BB","aucell_cytotoxic_score",0.46708794102159,"cytotoxic"
"CGCAATTGTCAAACTCACTACTCA-1","slingPseudotime_4",19.5688051598631,"CD28-41BB","aucell_exhausted_score",0.301913287695278,"exhausted"
"CGCAATTGTCAAACTCACTACTCA-1","slingPseudotime_4",19.5688051598631,"CD28-41BB","aucell_proliferating_score",0,"proliferating"
"CGCAATTGTCAAACTCACTACTCA-1","slingPseudotime_4",19.5688051598631,"CD28-41BB","aucell_naive_memory_score",0.0522105263157895,"naive_memory"
"CGCAATTGTCAAACTCACTACTCA-1","slingPseudotime_4",19.5688051598631,"CD28-41BB","aucell_cytotoxic_score",0.488853782692645,"cytotoxic"
"CGCACAAAGACAGACTACTACTCA-1","slingPseudotime_1",7.68744871403084,"CD28-41BB","aucell_exhausted_score",0,"exhausted"
"CGCACAAAGACAGACTACTACTCA-1","slingPseudotime_1",7.68744871403084,"CD28-41BB","aucell_proliferating_score",0,"proliferating"
"CGCACAAAGACAGACTACTACTCA-1","slingPseudotime_1",7.68744871403084,"CD28-41BB","aucell_naive_memory_score",0.176842105263158,"naive_memory"
"CGCACAAAGACAGACTACTACTCA-1","slingPseudotime_1",7.68744871403084,"CD28-41BB","aucell_cytotoxic_score",0.0449359311918554,"cytotoxic"
"CGCACAAAGACAGACTACTACTCA-1","slingPseudotime_2",7.72468066611431,"CD28-41BB","aucell_exhausted_score",0,"exhausted"
"CGCACAAAGACAGACTACTACTCA-1","slingPseudotime_2",7.72468066611431,"CD28-41BB","aucell_proliferating_score",0,"proliferating"
"CGCACAAAGACAGACTACTACTCA-1","slingPseudotime_2",7.72468066611431,"CD28-41BB","aucell_naive_memory_score",0.176842105263158,"naive_memory"
"CGCACAAAGACAGACTACTACTCA-1","slingPseudotime_2",7.72468066611431,"CD28-41BB","aucell_cytotoxic_score",0.0449359311918554,"cytotoxic"
"CGCACAAAGACAGACTACTACTCA-1","slingPseudotime_3",8.25751440822867,"CD28-41BB","aucell_exhausted_score",0,"exhausted"
"CGCACAAAGACAGACTACTACTCA-1","slingPseudotime_3",8.25751440822867,"CD28-41BB","aucell_proliferating_score",0,"proliferating"
"CGCACAAAGACAGACTACTACTCA-1","slingPseudotime_3",8.25751440822867,"CD28-41BB","aucell_naive_memory_score",0.176842105263158,"naive_memory"
"CGCACAAAGACAGACTACTACTCA-1","slingPseudotime_3",8.25751440822867,"CD28-41BB","aucell_cytotoxic_score",0.0449359311918554,"cytotoxic"
"CGCACAAAGACAGACTACTACTCA-1","slingPseudotime_4",8.05109637205745,"CD28-41BB","aucell_exhausted_score",0,"exhausted"
"CGCACAAAGACAGACTACTACTCA-1","slingPseudotime_4",8.05109637205745,"CD28-41BB","aucell_proliferating_score",0,"proliferating"
"CGCACAAAGACAGACTACTACTCA-1","slingPseudotime_4",8.05109637205745,"CD28-41BB","aucell_naive_memory_score",0.176842105263158,"naive_memory"
"CGCACAAAGACAGACTACTACTCA-1","slingPseudotime_4",8.05109637205745,"CD28-41BB","aucell_cytotoxic_score",0.0449359311918554,"cytotoxic"
"CTCAATAGTATATTCGACTACTCA-1","slingPseudotime_1",15.2676951126798,"CD28-41BB","aucell_exhausted_score",0,"exhausted"
"CTCAATAGTATATTCGACTACTCA-1","slingPseudotime_1",15.2676951126798,"CD28-41BB","aucell_proliferating_score",0,"proliferating"
"CTCAATAGTATATTCGACTACTCA-1","slingPseudotime_1",15.2676951126798,"CD28-41BB","aucell_naive_memory_score",0,"naive_memory"
"CTCAATAGTATATTCGACTACTCA-1","slingPseudotime_1",15.2676951126798,"CD28-41BB","aucell_cytotoxic_score",0.490784623486045,"cytotoxic"
"CTCAATAGTATATTCGACTACTCA-1","slingPseudotime_2",18.0932433131967,"CD28-41BB","aucell_exhausted_score",0,"exhausted"
"CTCAATAGTATATTCGACTACTCA-1","slingPseudotime_2",18.0932433131967,"CD28-41BB","aucell_proliferating_score",0,"proliferating"
"CTCAATAGTATATTCGACTACTCA-1","slingPseudotime_2",18.0932433131967,"CD28-41BB","aucell_naive_memory_score",0,"naive_memory"
"CTCAATAGTATATTCGACTACTCA-1","slingPseudotime_2",18.0932433131967,"CD28-41BB","aucell_cytotoxic_score",0.490784623486045,"cytotoxic"
"CTCAATAGTATATTCGACTACTCA-1","slingPseudotime_3",14.9823079412089,"CD28-41BB","aucell_exhausted_score",0,"exhausted"
"CTCAATAGTATATTCGACTACTCA-1","slingPseudotime_3",14.9823079412089,"CD28-41BB","aucell_proliferating_score",0,"proliferating"
"CTCAATAGTATATTCGACTACTCA-1","slingPseudotime_3",14.9823079412089,"CD28-41BB","aucell_naive_memory_score",0,"naive_memory"
"CTCAATAGTATATTCGACTACTCA-1","slingPseudotime_3",14.9823079412089,"CD28-41BB","aucell_cytotoxic_score",0.490784623486045,"cytotoxic"
"CTCAATAGTATATTCGACTACTCA-1","slingPseudotime_4",15.3752950071302,"CD28-41BB","aucell_exhausted_score",0,"exhausted"
"CTCAATAGTATATTCGACTACTCA-1","slingPseudotime_4",15.3752950071302,"CD28-41BB","aucell_proliferating_score",0,"proliferating"
"CTCAATAGTATATTCGACTACTCA-1","slingPseudotime_4",15.3752950071302,"CD28-41BB","aucell_naive_memory_score",0,"naive_memory"
"CTCAATAGTATATTCGACTACTCA-1","slingPseudotime_4",15.3752950071302,"CD28-41BB","aucell_cytotoxic_score",0.490784623486045,"cytotoxic"
"CTCGATCAGACTATTCACTACTCA-1","slingPseudotime_3",22.4275336209263,"CD28-41BB","aucell_exhausted_score",0,"exhausted"
"CTCGATCAGACTATTCACTACTCA-1","slingPseudotime_3",22.4275336209263,"CD28-41BB","aucell_proliferating_score",0,"proliferating"
"CTCGATCAGACTATTCACTACTCA-1","slingPseudotime_3",22.4275336209263,"CD28-41BB","aucell_naive_memory_score",0.250736842105263,"naive_memory"
"CTCGATCAGACTATTCACTACTCA-1","slingPseudotime_3",22.4275336209263,"CD28-41BB","aucell_cytotoxic_score",0.330700368615061,"cytotoxic"
"CTGTGCAGTGAACGACACTACTCA-1","slingPseudotime_3",22.7154377875498,"CD28-41BB","aucell_exhausted_score",0,"exhausted"
"CTGTGCAGTGAACGACACTACTCA-1","slingPseudotime_3",22.7154377875498,"CD28-41BB","aucell_proliferating_score",0,"proliferating"
"CTGTGCAGTGAACGACACTACTCA-1","slingPseudotime_3",22.7154377875498,"CD28-41BB","aucell_naive_memory_score",0.466526315789474,"naive_memory"
"CTGTGCAGTGAACGACACTACTCA-1","slingPseudotime_3",22.7154377875498,"CD28-41BB","aucell_cytotoxic_score",0.43619448832719,"cytotoxic"
"CTTAACGTCCGAATTTACTACTCA-1","slingPseudotime_3",34.0050402480205,"CD28-41BB","aucell_exhausted_score",0.0263296471827278,"exhausted"
"CTTAACGTCCGAATTTACTACTCA-1","slingPseudotime_3",34.0050402480205,"CD28-41BB","aucell_proliferating_score",0,"proliferating"
"CTTAACGTCCGAATTTACTACTCA-1","slingPseudotime_3",34.0050402480205,"CD28-41BB","aucell_naive_memory_score",0.226947368421053,"naive_memory"
"CTTAACGTCCGAATTTACTACTCA-1","slingPseudotime_3",34.0050402480205,"CD28-41BB","aucell_cytotoxic_score",0.252589081972968,"cytotoxic"
"CTTCGCCTCATGCGGAACTACTCA-1","slingPseudotime_1",7.54116835637964,"CD28-41BB","aucell_exhausted_score",0,"exhausted"
"CTTCGCCTCATGCGGAACTACTCA-1","slingPseudotime_1",7.54116835637964,"CD28-41BB","aucell_proliferating_score",0,"proliferating"
"CTTCGCCTCATGCGGAACTACTCA-1","slingPseudotime_1",7.54116835637964,"CD28-41BB","aucell_naive_memory_score",0.502315789473684,"naive_memory"
"CTTCGCCTCATGCGGAACTACTCA-1","slingPseudotime_1",7.54116835637964,"CD28-41BB","aucell_cytotoxic_score",0.0184307530279094,"cytotoxic"
"CTTCGCCTCATGCGGAACTACTCA-1","slingPseudotime_2",7.21844465261025,"CD28-41BB","aucell_exhausted_score",0,"exhausted"
"CTTCGCCTCATGCGGAACTACTCA-1","slingPseudotime_2",7.21844465261025,"CD28-41BB","aucell_proliferating_score",0,"proliferating"
"CTTCGCCTCATGCGGAACTACTCA-1","slingPseudotime_2",7.21844465261025,"CD28-41BB","aucell_naive_memory_score",0.502315789473684,"naive_memory"
"CTTCGCCTCATGCGGAACTACTCA-1","slingPseudotime_2",7.21844465261025,"CD28-41BB","aucell_cytotoxic_score",0.0184307530279094,"cytotoxic"
"CTTCGCCTCATGCGGAACTACTCA-1","slingPseudotime_3",7.72776227500503,"CD28-41BB","aucell_exhausted_score",0,"exhausted"
"CTTCGCCTCATGCGGAACTACTCA-1","slingPseudotime_3",7.72776227500503,"CD28-41BB","aucell_proliferating_score",0,"proliferating"
"CTTCGCCTCATGCGGAACTACTCA-1","slingPseudotime_3",7.72776227500503,"CD28-41BB","aucell_naive_memory_score",0.502315789473684,"naive_memory"
"CTTCGCCTCATGCGGAACTACTCA-1","slingPseudotime_3",7.72776227500503,"CD28-41BB","aucell_cytotoxic_score",0.0184307530279094,"cytotoxic"
"CTTCGCCTCATGCGGAACTACTCA-1","slingPseudotime_4",7.54087873102688,"CD28-41BB","aucell_exhausted_score",0,"exhausted"
"CTTCGCCTCATGCGGAACTACTCA-1","slingPseudotime_4",7.54087873102688,"CD28-41BB","aucell_proliferating_score",0,"proliferating"
"CTTCGCCTCATGCGGAACTACTCA-1","slingPseudotime_4",7.54087873102688,"CD28-41BB","aucell_naive_memory_score",0.502315789473684,"naive_memory"
"CTTCGCCTCATGCGGAACTACTCA-1","slingPseudotime_4",7.54087873102688,"CD28-41BB","aucell_cytotoxic_score",0.0184307530279094,"cytotoxic"
"CTTGAGGAGGAAGCAAACTACTCA-1","slingPseudotime_4",20.5898202524075,"CD28-41BB","aucell_exhausted_score",0.383886255924171,"exhausted"
"CTTGAGGAGGAAGCAAACTACTCA-1","slingPseudotime_4",20.5898202524075,"CD28-41BB","aucell_proliferating_score",0,"proliferating"
"CTTGAGGAGGAAGCAAACTACTCA-1","slingPseudotime_4",20.5898202524075,"CD28-41BB","aucell_naive_memory_score",0.109473684210526,"naive_memory"
"CTTGAGGAGGAAGCAAACTACTCA-1","slingPseudotime_4",20.5898202524075,"CD28-41BB","aucell_cytotoxic_score",0.332982271370897,"cytotoxic"
"CTTGTGATCACCTTTCACTACTCA-1","slingPseudotime_1",28.1729777714771,"CD28-41BB","aucell_exhausted_score",0.137967351237493,"exhausted"
"CTTGTGATCACCTTTCACTACTCA-1","slingPseudotime_1",28.1729777714771,"CD28-41BB","aucell_proliferating_score",0,"proliferating"
"CTTGTGATCACCTTTCACTACTCA-1","slingPseudotime_1",28.1729777714771,"CD28-41BB","aucell_naive_memory_score",0,"naive_memory"
"CTTGTGATCACCTTTCACTACTCA-1","slingPseudotime_1",28.1729777714771,"CD28-41BB","aucell_cytotoxic_score",0.331051430577497,"cytotoxic"
"CTTGTGATCACCTTTCACTACTCA-1","slingPseudotime_3",19.1304835537941,"CD28-41BB","aucell_exhausted_score",0.137967351237493,"exhausted"
"CTTGTGATCACCTTTCACTACTCA-1","slingPseudotime_3",19.1304835537941,"CD28-41BB","aucell_proliferating_score",0,"proliferating"
"CTTGTGATCACCTTTCACTACTCA-1","slingPseudotime_3",19.1304835537941,"CD28-41BB","aucell_naive_memory_score",0,"naive_memory"
"CTTGTGATCACCTTTCACTACTCA-1","slingPseudotime_3",19.1304835537941,"CD28-41BB","aucell_cytotoxic_score",0.331051430577497,"cytotoxic"
"CTTGTGATCACCTTTCACTACTCA-1","slingPseudotime_4",16.8149218135893,"CD28-41BB","aucell_exhausted_score",0.137967351237493,"exhausted"
"CTTGTGATCACCTTTCACTACTCA-1","slingPseudotime_4",16.8149218135893,"CD28-41BB","aucell_proliferating_score",0,"proliferating"
"CTTGTGATCACCTTTCACTACTCA-1","slingPseudotime_4",16.8149218135893,"CD28-41BB","aucell_naive_memory_score",0,"naive_memory"
"CTTGTGATCACCTTTCACTACTCA-1","slingPseudotime_4",16.8149218135893,"CD28-41BB","aucell_cytotoxic_score",0.331051430577497,"cytotoxic"
"GAACAATGTGCTCATGACTACTCA-1","slingPseudotime_4",22.2009432270503,"CD28-41BB","aucell_exhausted_score",0.46322625943479,"exhausted"
"GAACAATGTGCTCATGACTACTCA-1","slingPseudotime_4",22.2009432270503,"CD28-41BB","aucell_proliferating_score",0,"proliferating"
"GAACAATGTGCTCATGACTACTCA-1","slingPseudotime_4",22.2009432270503,"CD28-41BB","aucell_naive_memory_score",0,"naive_memory"
"GAACAATGTGCTCATGACTACTCA-1","slingPseudotime_4",22.2009432270503,"CD28-41BB","aucell_cytotoxic_score",0.480954888537827,"cytotoxic"
"GAAGAATAGTGTTTCGACTACTCA-1","slingPseudotime_1",4.59110261474865,"CD28-41BB","aucell_exhausted_score",0,"exhausted"
"GAAGAATAGTGTTTCGACTACTCA-1","slingPseudotime_1",4.59110261474865,"CD28-41BB","aucell_proliferating_score",0.100631578947368,"proliferating"
"GAAGAATAGTGTTTCGACTACTCA-1","slingPseudotime_1",4.59110261474865,"CD28-41BB","aucell_naive_memory_score",0,"naive_memory"
"GAAGAATAGTGTTTCGACTACTCA-1","slingPseudotime_1",4.59110261474865,"CD28-41BB","aucell_cytotoxic_score",0,"cytotoxic"
"GAAGAATAGTGTTTCGACTACTCA-1","slingPseudotime_2",4.58036824269739,"CD28-41BB","aucell_exhausted_score",0,"exhausted"
"GAAGAATAGTGTTTCGACTACTCA-1","slingPseudotime_2",4.58036824269739,"CD28-41BB","aucell_proliferating_score",0.100631578947368,"proliferating"
"GAAGAATAGTGTTTCGACTACTCA-1","slingPseudotime_2",4.58036824269739,"CD28-41BB","aucell_naive_memory_score",0,"naive_memory"
"GAAGAATAGTGTTTCGACTACTCA-1","slingPseudotime_2",4.58036824269739,"CD28-41BB","aucell_cytotoxic_score",0,"cytotoxic"
"GAAGAATAGTGTTTCGACTACTCA-1","slingPseudotime_3",4.60388692386798,"CD28-41BB","aucell_exhausted_score",0,"exhausted"
"GAAGAATAGTGTTTCGACTACTCA-1","slingPseudotime_3",4.60388692386798,"CD28-41BB","aucell_proliferating_score",0.100631578947368,"proliferating"
"GAAGAATAGTGTTTCGACTACTCA-1","slingPseudotime_3",4.60388692386798,"CD28-41BB","aucell_naive_memory_score",0,"naive_memory"
"GAAGAATAGTGTTTCGACTACTCA-1","slingPseudotime_3",4.60388692386798,"CD28-41BB","aucell_cytotoxic_score",0,"cytotoxic"
"GAAGAATAGTGTTTCGACTACTCA-1","slingPseudotime_4",4.60365456768975,"CD28-41BB","aucell_exhausted_score",0,"exhausted"
"GAAGAATAGTGTTTCGACTACTCA-1","slingPseudotime_4",4.60365456768975,"CD28-41BB","aucell_proliferating_score",0.100631578947368,"proliferating"
"GAAGAATAGTGTTTCGACTACTCA-1","slingPseudotime_4",4.60365456768975,"CD28-41BB","aucell_naive_memory_score",0,"naive_memory"
"GAAGAATAGTGTTTCGACTACTCA-1","slingPseudotime_4",4.60365456768975,"CD28-41BB","aucell_cytotoxic_score",0,"cytotoxic"
"GACCAAGTCCAAATAGACTACTCA-1","slingPseudotime_1",25.2502499787223,"CD28-41BB","aucell_exhausted_score",0,"exhausted"
"GACCAAGTCCAAATAGACTACTCA-1","slingPseudotime_1",25.2502499787223,"CD28-41BB","aucell_proliferating_score",0,"proliferating"
"GACCAAGTCCAAATAGACTACTCA-1","slingPseudotime_1",25.2502499787223,"CD28-41BB","aucell_naive_memory_score",0,"naive_memory"
"GACCAAGTCCAAATAGACTACTCA-1","slingPseudotime_1",25.2502499787223,"CD28-41BB","aucell_cytotoxic_score",0.410215903106898,"cytotoxic"
"GACCAAGTCCAAATAGACTACTCA-1","slingPseudotime_2",17.179466340253,"CD28-41BB","aucell_exhausted_score",0,"exhausted"
"GACCAAGTCCAAATAGACTACTCA-1","slingPseudotime_2",17.179466340253,"CD28-41BB","aucell_proliferating_score",0,"proliferating"
"GACCAAGTCCAAATAGACTACTCA-1","slingPseudotime_2",17.179466340253,"CD28-41BB","aucell_naive_memory_score",0,"naive_memory"
"GACCAAGTCCAAATAGACTACTCA-1","slingPseudotime_2",17.179466340253,"CD28-41BB","aucell_cytotoxic_score",0.410215903106898,"cytotoxic"
"GACCAAGTCCAAATAGACTACTCA-1","slingPseudotime_3",17.3101998571983,"CD28-41BB","aucell_exhausted_score",0,"exhausted"
"GACCAAGTCCAAATAGACTACTCA-1","slingPseudotime_3",17.3101998571983,"CD28-41BB","aucell_proliferating_score",0,"proliferating"
"GACCAAGTCCAAATAGACTACTCA-1","slingPseudotime_3",17.3101998571983,"CD28-41BB","aucell_naive_memory_score",0,"naive_memory"
"GACCAAGTCCAAATAGACTACTCA-1","slingPseudotime_3",17.3101998571983,"CD28-41BB","aucell_cytotoxic_score",0.410215903106898,"cytotoxic"
"GACCAAGTCCAAATAGACTACTCA-1","slingPseudotime_4",18.68860167739,"CD28-41BB","aucell_exhausted_score",0,"exhausted"
"GACCAAGTCCAAATAGACTACTCA-1","slingPseudotime_4",18.68860167739,"CD28-41BB","aucell_proliferating_score",0,"proliferating"
"GACCAAGTCCAAATAGACTACTCA-1","slingPseudotime_4",18.68860167739,"CD28-41BB","aucell_naive_memory_score",0,"naive_memory"
"GACCAAGTCCAAATAGACTACTCA-1","slingPseudotime_4",18.68860167739,"CD28-41BB","aucell_cytotoxic_score",0.410215903106898,"cytotoxic"
"GACTCAACATGGTCAAACTACTCA-1","slingPseudotime_1",12.8444964006097,"CD28-41BB","aucell_exhausted_score",0,"exhausted"
"GACTCAACATGGTCAAACTACTCA-1","slingPseudotime_1",12.8444964006097,"CD28-41BB","aucell_proliferating_score",0,"proliferating"
"GACTCAACATGGTCAAACTACTCA-1","slingPseudotime_1",12.8444964006097,"CD28-41BB","aucell_naive_memory_score",0,"naive_memory"
"GACTCAACATGGTCAAACTACTCA-1","slingPseudotime_1",12.8444964006097,"CD28-41BB","aucell_cytotoxic_score",0.484816570124627,"cytotoxic"
"GACTCAACATGGTCAAACTACTCA-1","slingPseudotime_2",11.7339162607786,"CD28-41BB","aucell_exhausted_score",0,"exhausted"
"GACTCAACATGGTCAAACTACTCA-1","slingPseudotime_2",11.7339162607786,"CD28-41BB","aucell_proliferating_score",0,"proliferating"
"GACTCAACATGGTCAAACTACTCA-1","slingPseudotime_2",11.7339162607786,"CD28-41BB","aucell_naive_memory_score",0,"naive_memory"
"GACTCAACATGGTCAAACTACTCA-1","slingPseudotime_2",11.7339162607786,"CD28-41BB","aucell_cytotoxic_score",0.484816570124627,"cytotoxic"
"GACTCAACATGGTCAAACTACTCA-1","slingPseudotime_3",12.0507553815625,"CD28-41BB","aucell_exhausted_score",0,"exhausted"
"GACTCAACATGGTCAAACTACTCA-1","slingPseudotime_3",12.0507553815625,"CD28-41BB","aucell_proliferating_score",0,"proliferating"
"GACTCAACATGGTCAAACTACTCA-1","slingPseudotime_3",12.0507553815625,"CD28-41BB","aucell_naive_memory_score",0,"naive_memory"
"GACTCAACATGGTCAAACTACTCA-1","slingPseudotime_3",12.0507553815625,"CD28-41BB","aucell_cytotoxic_score",0.484816570124627,"cytotoxic"
"GACTCAACATGGTCAAACTACTCA-1","slingPseudotime_4",12.9261912552171,"CD28-41BB","aucell_exhausted_score",0,"exhausted"
"GACTCAACATGGTCAAACTACTCA-1","slingPseudotime_4",12.9261912552171,"CD28-41BB","aucell_proliferating_score",0,"proliferating"
"GACTCAACATGGTCAAACTACTCA-1","slingPseudotime_4",12.9261912552171,"CD28-41BB","aucell_naive_memory_score",0,"naive_memory"
"GACTCAACATGGTCAAACTACTCA-1","slingPseudotime_4",12.9261912552171,"CD28-41BB","aucell_cytotoxic_score",0.484816570124627,"cytotoxic"
"GATCGATAGGATTAGCACTACTCA-1","slingPseudotime_1",14.4158786620459,"CD28-41BB","aucell_exhausted_score",0.124451465683693,"exhausted"
"GATCGATAGGATTAGCACTACTCA-1","slingPseudotime_1",14.4158786620459,"CD28-41BB","aucell_proliferating_score",0,"proliferating"
"GATCGATAGGATTAGCACTACTCA-1","slingPseudotime_1",14.4158786620459,"CD28-41BB","aucell_naive_memory_score",0,"naive_memory"
"GATCGATAGGATTAGCACTACTCA-1","slingPseudotime_1",14.4158786620459,"CD28-41BB","aucell_cytotoxic_score",0.695980340530104,"cytotoxic"
"GATCGATAGGATTAGCACTACTCA-1","slingPseudotime_2",13.6683963278963,"CD28-41BB","aucell_exhausted_score",0.124451465683693,"exhausted"
"GATCGATAGGATTAGCACTACTCA-1","slingPseudotime_2",13.6683963278963,"CD28-41BB","aucell_proliferating_score",0,"proliferating"
"GATCGATAGGATTAGCACTACTCA-1","slingPseudotime_2",13.6683963278963,"CD28-41BB","aucell_naive_memory_score",0,"naive_memory"
"GATCGATAGGATTAGCACTACTCA-1","slingPseudotime_2",13.6683963278963,"CD28-41BB","aucell_cytotoxic_score",0.695980340530104,"cytotoxic"
"GATCGATAGGATTAGCACTACTCA-1","slingPseudotime_3",15.2240374003228,"CD28-41BB","aucell_exhausted_score",0.124451465683693,"exhausted"
"GATCGATAGGATTAGCACTACTCA-1","slingPseudotime_3",15.2240374003228,"CD28-41BB","aucell_proliferating_score",0,"proliferating"
"GATCGATAGGATTAGCACTACTCA-1","slingPseudotime_3",15.2240374003228,"CD28-41BB","aucell_naive_memory_score",0,"naive_memory"
"GATCGATAGGATTAGCACTACTCA-1","slingPseudotime_3",15.2240374003228,"CD28-41BB","aucell_cytotoxic_score",0.695980340530104,"cytotoxic"
"GATCGATAGGATTAGCACTACTCA-1","slingPseudotime_4",15.6386827937112,"CD28-41BB","aucell_exhausted_score",0.124451465683693,"exhausted"
"GATCGATAGGATTAGCACTACTCA-1","slingPseudotime_4",15.6386827937112,"CD28-41BB","aucell_proliferating_score",0,"proliferating"
"GATCGATAGGATTAGCACTACTCA-1","slingPseudotime_4",15.6386827937112,"CD28-41BB","aucell_naive_memory_score",0,"naive_memory"
"GATCGATAGGATTAGCACTACTCA-1","slingPseudotime_4",15.6386827937112,"CD28-41BB","aucell_cytotoxic_score",0.695980340530104,"cytotoxic"
"GCACGAATCTTGATCGACTACTCA-1","slingPseudotime_1",14.802856412899,"CD28-41BB","aucell_exhausted_score",0.301562225732842,"exhausted"
"GCACGAATCTTGATCGACTACTCA-1","slingPseudotime_1",14.802856412899,"CD28-41BB","aucell_proliferating_score",0,"proliferating"
"GCACGAATCTTGATCGACTACTCA-1","slingPseudotime_1",14.802856412899,"CD28-41BB","aucell_naive_memory_score",0,"naive_memory"
"GCACGAATCTTGATCGACTACTCA-1","slingPseudotime_1",14.802856412899,"CD28-41BB","aucell_cytotoxic_score",0.329296120765315,"cytotoxic"
"GCACGAATCTTGATCGACTACTCA-1","slingPseudotime_2",13.3717975921857,"CD28-41BB","aucell_exhausted_score",0.301562225732842,"exhausted"
"GCACGAATCTTGATCGACTACTCA-1","slingPseudotime_2",13.3717975921857,"CD28-41BB","aucell_proliferating_score",0,"proliferating"
"GCACGAATCTTGATCGACTACTCA-1","slingPseudotime_2",13.3717975921857,"CD28-41BB","aucell_naive_memory_score",0,"naive_memory"
"GCACGAATCTTGATCGACTACTCA-1","slingPseudotime_2",13.3717975921857,"CD28-41BB","aucell_cytotoxic_score",0.329296120765315,"cytotoxic"
"GCACGAATCTTGATCGACTACTCA-1","slingPseudotime_3",14.6019937083335,"CD28-41BB","aucell_exhausted_score",0.301562225732842,"exhausted"
"GCACGAATCTTGATCGACTACTCA-1","slingPseudotime_3",14.6019937083335,"CD28-41BB","aucell_proliferating_score",0,"proliferating"
"GCACGAATCTTGATCGACTACTCA-1","slingPseudotime_3",14.6019937083335,"CD28-41BB","aucell_naive_memory_score",0,"naive_memory"
"GCACGAATCTTGATCGACTACTCA-1","slingPseudotime_3",14.6019937083335,"CD28-41BB","aucell_cytotoxic_score",0.329296120765315,"cytotoxic"
"GCACGAATCTTGATCGACTACTCA-1","slingPseudotime_4",15.4212986521605,"CD28-41BB","aucell_exhausted_score",0.301562225732842,"exhausted"
"GCACGAATCTTGATCGACTACTCA-1","slingPseudotime_4",15.4212986521605,"CD28-41BB","aucell_proliferating_score",0,"proliferating"
"GCACGAATCTTGATCGACTACTCA-1","slingPseudotime_4",15.4212986521605,"CD28-41BB","aucell_naive_memory_score",0,"naive_memory"
"GCACGAATCTTGATCGACTACTCA-1","slingPseudotime_4",15.4212986521605,"CD28-41BB","aucell_cytotoxic_score",0.329296120765315,"cytotoxic"
"GCAGGCTAGGCGGATCACTACTCA-1","slingPseudotime_1",13.8266256838714,"CD28-41BB","aucell_exhausted_score",0,"exhausted"
"GCAGGCTAGGCGGATCACTACTCA-1","slingPseudotime_1",13.8266256838714,"CD28-41BB","aucell_proliferating_score",0,"proliferating"
"GCAGGCTAGGCGGATCACTACTCA-1","slingPseudotime_1",13.8266256838714,"CD28-41BB","aucell_naive_memory_score",0.111368421052632,"naive_memory"
"GCAGGCTAGGCGGATCACTACTCA-1","slingPseudotime_1",13.8266256838714,"CD28-41BB","aucell_cytotoxic_score",0.62190626645603,"cytotoxic"
"GCAGGCTAGGCGGATCACTACTCA-1","slingPseudotime_2",13.0827778338486,"CD28-41BB","aucell_exhausted_score",0,"exhausted"
"GCAGGCTAGGCGGATCACTACTCA-1","slingPseudotime_2",13.0827778338486,"CD28-41BB","aucell_proliferating_score",0,"proliferating"
"GCAGGCTAGGCGGATCACTACTCA-1","slingPseudotime_2",13.0827778338486,"CD28-41BB","aucell_naive_memory_score",0.111368421052632,"naive_memory"
"GCAGGCTAGGCGGATCACTACTCA-1","slingPseudotime_2",13.0827778338486,"CD28-41BB","aucell_cytotoxic_score",0.62190626645603,"cytotoxic"
"GCAGGCTAGGCGGATCACTACTCA-1","slingPseudotime_3",13.6355865397565,"CD28-41BB","aucell_exhausted_score",0,"exhausted"
"GCAGGCTAGGCGGATCACTACTCA-1","slingPseudotime_3",13.6355865397565,"CD28-41BB","aucell_proliferating_score",0,"proliferating"
"GCAGGCTAGGCGGATCACTACTCA-1","slingPseudotime_3",13.6355865397565,"CD28-41BB","aucell_naive_memory_score",0.111368421052632,"naive_memory"
"GCAGGCTAGGCGGATCACTACTCA-1","slingPseudotime_3",13.6355865397565,"CD28-41BB","aucell_cytotoxic_score",0.62190626645603,"cytotoxic"
"GCAGGCTAGGCGGATCACTACTCA-1","slingPseudotime_4",13.6403051806326,"CD28-41BB","aucell_exhausted_score",0,"exhausted"
"GCAGGCTAGGCGGATCACTACTCA-1","slingPseudotime_4",13.6403051806326,"CD28-41BB","aucell_proliferating_score",0,"proliferating"
"GCAGGCTAGGCGGATCACTACTCA-1","slingPseudotime_4",13.6403051806326,"CD28-41BB","aucell_naive_memory_score",0.111368421052632,"naive_memory"
"GCAGGCTAGGCGGATCACTACTCA-1","slingPseudotime_4",13.6403051806326,"CD28-41BB","aucell_cytotoxic_score",0.62190626645603,"cytotoxic"
"GCAGTAAGTTTACTGAACTACTCA-1","slingPseudotime_2",89.9950724666433,"CD28-41BB","aucell_exhausted_score",0.105845181674566,"exhausted"
"GCAGTAAGTTTACTGAACTACTCA-1","slingPseudotime_2",89.9950724666433,"CD28-41BB","aucell_proliferating_score",0.617894736842105,"proliferating"
"GCAGTAAGTTTACTGAACTACTCA-1","slingPseudotime_2",89.9950724666433,"CD28-41BB","aucell_naive_memory_score",0,"naive_memory"
"GCAGTAAGTTTACTGAACTACTCA-1","slingPseudotime_2",89.9950724666433,"CD28-41BB","aucell_cytotoxic_score",0.431104089871862,"cytotoxic"
"GCCCATAGTTGTCAGTACTACTCA-1","slingPseudotime_1",2.14967576935826,"CD28-41BB","aucell_exhausted_score",0,"exhausted"
"GCCCATAGTTGTCAGTACTACTCA-1","slingPseudotime_1",2.14967576935826,"CD28-41BB","aucell_proliferating_score",0,"proliferating"
"GCCCATAGTTGTCAGTACTACTCA-1","slingPseudotime_1",2.14967576935826,"CD28-41BB","aucell_naive_memory_score",0.318526315789474,"naive_memory"
"GCCCATAGTTGTCAGTACTACTCA-1","slingPseudotime_1",2.14967576935826,"CD28-41BB","aucell_cytotoxic_score",0.0287870809197823,"cytotoxic"
"GCCCATAGTTGTCAGTACTACTCA-1","slingPseudotime_2",2.16441361489323,"CD28-41BB","aucell_exhausted_score",0,"exhausted"
"GCCCATAGTTGTCAGTACTACTCA-1","slingPseudotime_2",2.16441361489323,"CD28-41BB","aucell_proliferating_score",0,"proliferating"
"GCCCATAGTTGTCAGTACTACTCA-1","slingPseudotime_2",2.16441361489323,"CD28-41BB","aucell_naive_memory_score",0.318526315789474,"naive_memory"
"GCCCATAGTTGTCAGTACTACTCA-1","slingPseudotime_2",2.16441361489323,"CD28-41BB","aucell_cytotoxic_score",0.0287870809197823,"cytotoxic"
"GCCCATAGTTGTCAGTACTACTCA-1","slingPseudotime_3",2.14618793541996,"CD28-41BB","aucell_exhausted_score",0,"exhausted"
"GCCCATAGTTGTCAGTACTACTCA-1","slingPseudotime_3",2.14618793541996,"CD28-41BB","aucell_proliferating_score",0,"proliferating"
"GCCCATAGTTGTCAGTACTACTCA-1","slingPseudotime_3",2.14618793541996,"CD28-41BB","aucell_naive_memory_score",0.318526315789474,"naive_memory"
"GCCCATAGTTGTCAGTACTACTCA-1","slingPseudotime_3",2.14618793541996,"CD28-41BB","aucell_cytotoxic_score",0.0287870809197823,"cytotoxic"
"GCCCATAGTTGTCAGTACTACTCA-1","slingPseudotime_4",2.1490770580285,"CD28-41BB","aucell_exhausted_score",0,"exhausted"
"GCCCATAGTTGTCAGTACTACTCA-1","slingPseudotime_4",2.1490770580285,"CD28-41BB","aucell_proliferating_score",0,"proliferating"
"GCCCATAGTTGTCAGTACTACTCA-1","slingPseudotime_4",2.1490770580285,"CD28-41BB","aucell_naive_memory_score",0.318526315789474,"naive_memory"
"GCCCATAGTTGTCAGTACTACTCA-1","slingPseudotime_4",2.1490770580285,"CD28-41BB","aucell_cytotoxic_score",0.0287870809197823,"cytotoxic"
"GGAGCGAAGCATCCCGACTACTCA-1","slingPseudotime_1",9.53775515104904,"CD28-41BB","aucell_exhausted_score",0.00210637177461822,"exhausted"
"GGAGCGAAGCATCCCGACTACTCA-1","slingPseudotime_1",9.53775515104904,"CD28-41BB","aucell_proliferating_score",0,"proliferating"
"GGAGCGAAGCATCCCGACTACTCA-1","slingPseudotime_1",9.53775515104904,"CD28-41BB","aucell_naive_memory_score",0.0863157894736842,"naive_memory"
"GGAGCGAAGCATCCCGACTACTCA-1","slingPseudotime_1",9.53775515104904,"CD28-41BB","aucell_cytotoxic_score",0.145866245392312,"cytotoxic"
"GGAGCGAAGCATCCCGACTACTCA-1","slingPseudotime_2",9.00056702703655,"CD28-41BB","aucell_exhausted_score",0.00210637177461822,"exhausted"
"GGAGCGAAGCATCCCGACTACTCA-1","slingPseudotime_2",9.00056702703655,"CD28-41BB","aucell_proliferating_score",0,"proliferating"
"GGAGCGAAGCATCCCGACTACTCA-1","slingPseudotime_2",9.00056702703655,"CD28-41BB","aucell_naive_memory_score",0.0863157894736842,"naive_memory"
"GGAGCGAAGCATCCCGACTACTCA-1","slingPseudotime_2",9.00056702703655,"CD28-41BB","aucell_cytotoxic_score",0.145866245392312,"cytotoxic"
"GGAGCGAAGCATCCCGACTACTCA-1","slingPseudotime_3",8.49934227604947,"CD28-41BB","aucell_exhausted_score",0.00210637177461822,"exhausted"
"GGAGCGAAGCATCCCGACTACTCA-1","slingPseudotime_3",8.49934227604947,"CD28-41BB","aucell_proliferating_score",0,"proliferating"
"GGAGCGAAGCATCCCGACTACTCA-1","slingPseudotime_3",8.49934227604947,"CD28-41BB","aucell_naive_memory_score",0.0863157894736842,"naive_memory"
"GGAGCGAAGCATCCCGACTACTCA-1","slingPseudotime_3",8.49934227604947,"CD28-41BB","aucell_cytotoxic_score",0.145866245392312,"cytotoxic"
"GGAGCGAAGCATCCCGACTACTCA-1","slingPseudotime_4",8.86365216835854,"CD28-41BB","aucell_exhausted_score",0.00210637177461822,"exhausted"
"GGAGCGAAGCATCCCGACTACTCA-1","slingPseudotime_4",8.86365216835854,"CD28-41BB","aucell_proliferating_score",0,"proliferating"
"GGAGCGAAGCATCCCGACTACTCA-1","slingPseudotime_4",8.86365216835854,"CD28-41BB","aucell_naive_memory_score",0.0863157894736842,"naive_memory"
"GGAGCGAAGCATCCCGACTACTCA-1","slingPseudotime_4",8.86365216835854,"CD28-41BB","aucell_cytotoxic_score",0.145866245392312,"cytotoxic"
"GGAGGATAGCTGATGGACTACTCA-1","slingPseudotime_1",20.5932474712394,"CD28-41BB","aucell_exhausted_score",0,"exhausted"
"GGAGGATAGCTGATGGACTACTCA-1","slingPseudotime_1",20.5932474712394,"CD28-41BB","aucell_proliferating_score",0,"proliferating"
"GGAGGATAGCTGATGGACTACTCA-1","slingPseudotime_1",20.5932474712394,"CD28-41BB","aucell_naive_memory_score",0.124,"naive_memory"
"GGAGGATAGCTGATGGACTACTCA-1","slingPseudotime_1",20.5932474712394,"CD28-41BB","aucell_cytotoxic_score",0,"cytotoxic"
"GGAGGATAGCTGATGGACTACTCA-1","slingPseudotime_2",11.6537271290286,"CD28-41BB","aucell_exhausted_score",0,"exhausted"
"GGAGGATAGCTGATGGACTACTCA-1","slingPseudotime_2",11.6537271290286,"CD28-41BB","aucell_proliferating_score",0,"proliferating"
"GGAGGATAGCTGATGGACTACTCA-1","slingPseudotime_2",11.6537271290286,"CD28-41BB","aucell_naive_memory_score",0.124,"naive_memory"
"GGAGGATAGCTGATGGACTACTCA-1","slingPseudotime_2",11.6537271290286,"CD28-41BB","aucell_cytotoxic_score",0,"cytotoxic"
"GGAGGATAGCTGATGGACTACTCA-1","slingPseudotime_3",11.6960149929049,"CD28-41BB","aucell_exhausted_score",0,"exhausted"
"GGAGGATAGCTGATGGACTACTCA-1","slingPseudotime_3",11.6960149929049,"CD28-41BB","aucell_proliferating_score",0,"proliferating"
"GGAGGATAGCTGATGGACTACTCA-1","slingPseudotime_3",11.6960149929049,"CD28-41BB","aucell_naive_memory_score",0.124,"naive_memory"
"GGAGGATAGCTGATGGACTACTCA-1","slingPseudotime_3",11.6960149929049,"CD28-41BB","aucell_cytotoxic_score",0,"cytotoxic"
"GGAGGATAGCTGATGGACTACTCA-1","slingPseudotime_4",11.0139745277712,"CD28-41BB","aucell_exhausted_score",0,"exhausted"
"GGAGGATAGCTGATGGACTACTCA-1","slingPseudotime_4",11.0139745277712,"CD28-41BB","aucell_proliferating_score",0,"proliferating"
"GGAGGATAGCTGATGGACTACTCA-1","slingPseudotime_4",11.0139745277712,"CD28-41BB","aucell_naive_memory_score",0.124,"naive_memory"
"GGAGGATAGCTGATGGACTACTCA-1","slingPseudotime_4",11.0139745277712,"CD28-41BB","aucell_cytotoxic_score",0,"cytotoxic"
"GGATGGCTCCAAAGGTACTACTCA-1","slingPseudotime_3",28.8071164619777,"CD28-41BB","aucell_exhausted_score",0,"exhausted"
"GGATGGCTCCAAAGGTACTACTCA-1","slingPseudotime_3",28.8071164619777,"CD28-41BB","aucell_proliferating_score",0,"proliferating"
"GGATGGCTCCAAAGGTACTACTCA-1","slingPseudotime_3",28.8071164619777,"CD28-41BB","aucell_naive_memory_score",0.392,"naive_memory"
"GGATGGCTCCAAAGGTACTACTCA-1","slingPseudotime_3",28.8071164619777,"CD28-41BB","aucell_cytotoxic_score",0.487625065824118,"cytotoxic"
"GGCCTTTAGATGCCTCACTACTCA-1","slingPseudotime_3",36.854011572769,"CD28-41BB","aucell_exhausted_score",0,"exhausted"
"GGCCTTTAGATGCCTCACTACTCA-1","slingPseudotime_3",36.854011572769,"CD28-41BB","aucell_proliferating_score",0,"proliferating"
"GGCCTTTAGATGCCTCACTACTCA-1","slingPseudotime_3",36.854011572769,"CD28-41BB","aucell_naive_memory_score",0,"naive_memory"
"GGCCTTTAGATGCCTCACTACTCA-1","slingPseudotime_3",36.854011572769,"CD28-41BB","aucell_cytotoxic_score",0.166227839213621,"cytotoxic"
"GGCGTAATCAGCCCTGACTACTCA-1","slingPseudotime_1",14.8348853865616,"CD28-41BB","aucell_exhausted_score",0,"exhausted"
"GGCGTAATCAGCCCTGACTACTCA-1","slingPseudotime_1",14.8348853865616,"CD28-41BB","aucell_proliferating_score",0,"proliferating"
"GGCGTAATCAGCCCTGACTACTCA-1","slingPseudotime_1",14.8348853865616,"CD28-41BB","aucell_naive_memory_score",0.0991578947368421,"naive_memory"
"GGCGTAATCAGCCCTGACTACTCA-1","slingPseudotime_1",14.8348853865616,"CD28-41BB","aucell_cytotoxic_score",0.486045286993154,"cytotoxic"
"GGCGTAATCAGCCCTGACTACTCA-1","slingPseudotime_2",15.2834996084444,"CD28-41BB","aucell_exhausted_score",0,"exhausted"
"GGCGTAATCAGCCCTGACTACTCA-1","slingPseudotime_2",15.2834996084444,"CD28-41BB","aucell_proliferating_score",0,"proliferating"
"GGCGTAATCAGCCCTGACTACTCA-1","slingPseudotime_2",15.2834996084444,"CD28-41BB","aucell_naive_memory_score",0.0991578947368421,"naive_memory"
"GGCGTAATCAGCCCTGACTACTCA-1","slingPseudotime_2",15.2834996084444,"CD28-41BB","aucell_cytotoxic_score",0.486045286993154,"cytotoxic"
"GGCGTAATCAGCCCTGACTACTCA-1","slingPseudotime_3",15.4317946647748,"CD28-41BB","aucell_exhausted_score",0,"exhausted"
"GGCGTAATCAGCCCTGACTACTCA-1","slingPseudotime_3",15.4317946647748,"CD28-41BB","aucell_proliferating_score",0,"proliferating"
"GGCGTAATCAGCCCTGACTACTCA-1","slingPseudotime_3",15.4317946647748,"CD28-41BB","aucell_naive_memory_score",0.0991578947368421,"naive_memory"
"GGCGTAATCAGCCCTGACTACTCA-1","slingPseudotime_3",15.4317946647748,"CD28-41BB","aucell_cytotoxic_score",0.486045286993154,"cytotoxic"
"GGCGTAATCAGCCCTGACTACTCA-1","slingPseudotime_4",14.5966991790291,"CD28-41BB","aucell_exhausted_score",0,"exhausted"
"GGCGTAATCAGCCCTGACTACTCA-1","slingPseudotime_4",14.5966991790291,"CD28-41BB","aucell_proliferating_score",0,"proliferating"
"GGCGTAATCAGCCCTGACTACTCA-1","slingPseudotime_4",14.5966991790291,"CD28-41BB","aucell_naive_memory_score",0.0991578947368421,"naive_memory"
"GGCGTAATCAGCCCTGACTACTCA-1","slingPseudotime_4",14.5966991790291,"CD28-41BB","aucell_cytotoxic_score",0.486045286993154,"cytotoxic"
"GGCTGTGCACTAGCGGACTACTCA-1","slingPseudotime_1",29.3016955767588,"CD28-41BB","aucell_exhausted_score",0,"exhausted"
"GGCTGTGCACTAGCGGACTACTCA-1","slingPseudotime_1",29.3016955767588,"CD28-41BB","aucell_proliferating_score",0.00484210526315789,"proliferating"
"GGCTGTGCACTAGCGGACTACTCA-1","slingPseudotime_1",29.3016955767588,"CD28-41BB","aucell_naive_memory_score",0.221894736842105,"naive_memory"
"GGCTGTGCACTAGCGGACTACTCA-1","slingPseudotime_1",29.3016955767588,"CD28-41BB","aucell_cytotoxic_score",0.446726347200281,"cytotoxic"
"GGCTGTGCACTAGCGGACTACTCA-1","slingPseudotime_3",21.4280135503554,"CD28-41BB","aucell_exhausted_score",0,"exhausted"
"GGCTGTGCACTAGCGGACTACTCA-1","slingPseudotime_3",21.4280135503554,"CD28-41BB","aucell_proliferating_score",0.00484210526315789,"proliferating"
"GGCTGTGCACTAGCGGACTACTCA-1","slingPseudotime_3",21.4280135503554,"CD28-41BB","aucell_naive_memory_score",0.221894736842105,"naive_memory"
"GGCTGTGCACTAGCGGACTACTCA-1","slingPseudotime_3",21.4280135503554,"CD28-41BB","aucell_cytotoxic_score",0.446726347200281,"cytotoxic"
"GGCTTGCGTTAAGCCTACTACTCA-1","slingPseudotime_1",13.2715468946983,"CD28-41BB","aucell_exhausted_score",0,"exhausted"
"GGCTTGCGTTAAGCCTACTACTCA-1","slingPseudotime_1",13.2715468946983,"CD28-41BB","aucell_proliferating_score",0,"proliferating"
"GGCTTGCGTTAAGCCTACTACTCA-1","slingPseudotime_1",13.2715468946983,"CD28-41BB","aucell_naive_memory_score",0.0783157894736842,"naive_memory"
"GGCTTGCGTTAAGCCTACTACTCA-1","slingPseudotime_1",13.2715468946983,"CD28-41BB","aucell_cytotoxic_score",0,"cytotoxic"
"GGCTTGCGTTAAGCCTACTACTCA-1","slingPseudotime_2",12.0810932753706,"CD28-41BB","aucell_exhausted_score",0,"exhausted"
"GGCTTGCGTTAAGCCTACTACTCA-1","slingPseudotime_2",12.0810932753706,"CD28-41BB","aucell_proliferating_score",0,"proliferating"
"GGCTTGCGTTAAGCCTACTACTCA-1","slingPseudotime_2",12.0810932753706,"CD28-41BB","aucell_naive_memory_score",0.0783157894736842,"naive_memory"
"GGCTTGCGTTAAGCCTACTACTCA-1","slingPseudotime_2",12.0810932753706,"CD28-41BB","aucell_cytotoxic_score",0,"cytotoxic"
"GGCTTGCGTTAAGCCTACTACTCA-1","slingPseudotime_3",26.2821382699129,"CD28-41BB","aucell_exhausted_score",0,"exhausted"
"GGCTTGCGTTAAGCCTACTACTCA-1","slingPseudotime_3",26.2821382699129,"CD28-41BB","aucell_proliferating_score",0,"proliferating"
"GGCTTGCGTTAAGCCTACTACTCA-1","slingPseudotime_3",26.2821382699129,"CD28-41BB","aucell_naive_memory_score",0.0783157894736842,"naive_memory"
"GGCTTGCGTTAAGCCTACTACTCA-1","slingPseudotime_3",26.2821382699129,"CD28-41BB","aucell_cytotoxic_score",0,"cytotoxic"
"GGCTTGCGTTAAGCCTACTACTCA-1","slingPseudotime_4",13.1221753574516,"CD28-41BB","aucell_exhausted_score",0,"exhausted"
"GGCTTGCGTTAAGCCTACTACTCA-1","slingPseudotime_4",13.1221753574516,"CD28-41BB","aucell_proliferating_score",0,"proliferating"
"GGCTTGCGTTAAGCCTACTACTCA-1","slingPseudotime_4",13.1221753574516,"CD28-41BB","aucell_naive_memory_score",0.0783157894736842,"naive_memory"
"GGCTTGCGTTAAGCCTACTACTCA-1","slingPseudotime_4",13.1221753574516,"CD28-41BB","aucell_cytotoxic_score",0,"cytotoxic"
"GGGATGACATTACTTGACTACTCA-1","slingPseudotime_1",19.3455117238445,"CD28-41BB","aucell_exhausted_score",0.22731262067755,"exhausted"
"GGGATGACATTACTTGACTACTCA-1","slingPseudotime_1",19.3455117238445,"CD28-41BB","aucell_proliferating_score",0.0797894736842105,"proliferating"
"GGGATGACATTACTTGACTACTCA-1","slingPseudotime_1",19.3455117238445,"CD28-41BB","aucell_naive_memory_score",0,"naive_memory"
"GGGATGACATTACTTGACTACTCA-1","slingPseudotime_1",19.3455117238445,"CD28-41BB","aucell_cytotoxic_score",0.237142355625768,"cytotoxic"
"GGGATGACATTACTTGACTACTCA-1","slingPseudotime_2",20.6606593967669,"CD28-41BB","aucell_exhausted_score",0.22731262067755,"exhausted"
"GGGATGACATTACTTGACTACTCA-1","slingPseudotime_2",20.6606593967669,"CD28-41BB","aucell_proliferating_score",0.0797894736842105,"proliferating"
"GGGATGACATTACTTGACTACTCA-1","slingPseudotime_2",20.6606593967669,"CD28-41BB","aucell_naive_memory_score",0,"naive_memory"
"GGGATGACATTACTTGACTACTCA-1","slingPseudotime_2",20.6606593967669,"CD28-41BB","aucell_cytotoxic_score",0.237142355625768,"cytotoxic"
"GGGATGACATTACTTGACTACTCA-1","slingPseudotime_3",14.433905881328,"CD28-41BB","aucell_exhausted_score",0.22731262067755,"exhausted"
"GGGATGACATTACTTGACTACTCA-1","slingPseudotime_3",14.433905881328,"CD28-41BB","aucell_proliferating_score",0.0797894736842105,"proliferating"
"GGGATGACATTACTTGACTACTCA-1","slingPseudotime_3",14.433905881328,"CD28-41BB","aucell_naive_memory_score",0,"naive_memory"
"GGGATGACATTACTTGACTACTCA-1","slingPseudotime_3",14.433905881328,"CD28-41BB","aucell_cytotoxic_score",0.237142355625768,"cytotoxic"
"GGGATGACATTACTTGACTACTCA-1","slingPseudotime_4",15.9297943180359,"CD28-41BB","aucell_exhausted_score",0.22731262067755,"exhausted"
"GGGATGACATTACTTGACTACTCA-1","slingPseudotime_4",15.9297943180359,"CD28-41BB","aucell_proliferating_score",0.0797894736842105,"proliferating"
"GGGATGACATTACTTGACTACTCA-1","slingPseudotime_4",15.9297943180359,"CD28-41BB","aucell_naive_memory_score",0,"naive_memory"
"GGGATGACATTACTTGACTACTCA-1","slingPseudotime_4",15.9297943180359,"CD28-41BB","aucell_cytotoxic_score",0.237142355625768,"cytotoxic"
"GGGCTTAAGTACCCACACTACTCA-1","slingPseudotime_1",29.3016955767588,"CD28-41BB","aucell_exhausted_score",0,"exhausted"
"GGGCTTAAGTACCCACACTACTCA-1","slingPseudotime_1",29.3016955767588,"CD28-41BB","aucell_proliferating_score",0,"proliferating"
"GGGCTTAAGTACCCACACTACTCA-1","slingPseudotime_1",29.3016955767588,"CD28-41BB","aucell_naive_memory_score",0.561052631578947,"naive_memory"
"GGGCTTAAGTACCCACACTACTCA-1","slingPseudotime_1",29.3016955767588,"CD28-41BB","aucell_cytotoxic_score",0.319290854835879,"cytotoxic"
"GGGCTTAAGTACCCACACTACTCA-1","slingPseudotime_2",7.24872199378922,"CD28-41BB","aucell_exhausted_score",0,"exhausted"
"GGGCTTAAGTACCCACACTACTCA-1","slingPseudotime_2",7.24872199378922,"CD28-41BB","aucell_proliferating_score",0,"proliferating"
"GGGCTTAAGTACCCACACTACTCA-1","slingPseudotime_2",7.24872199378922,"CD28-41BB","aucell_naive_memory_score",0.561052631578947,"naive_memory"
"GGGCTTAAGTACCCACACTACTCA-1","slingPseudotime_2",7.24872199378922,"CD28-41BB","aucell_cytotoxic_score",0.319290854835879,"cytotoxic"
"GGGCTTAAGTACCCACACTACTCA-1","slingPseudotime_3",21.8671466147002,"CD28-41BB","aucell_exhausted_score",0,"exhausted"
"GGGCTTAAGTACCCACACTACTCA-1","slingPseudotime_3",21.8671466147002,"CD28-41BB","aucell_proliferating_score",0,"proliferating"
"GGGCTTAAGTACCCACACTACTCA-1","slingPseudotime_3",21.8671466147002,"CD28-41BB","aucell_naive_memory_score",0.561052631578947,"naive_memory"
"GGGCTTAAGTACCCACACTACTCA-1","slingPseudotime_3",21.8671466147002,"CD28-41BB","aucell_cytotoxic_score",0.319290854835879,"cytotoxic"
"GGGCTTAAGTACCCACACTACTCA-1","slingPseudotime_4",6.46141904734737,"CD28-41BB","aucell_exhausted_score",0,"exhausted"
"GGGCTTAAGTACCCACACTACTCA-1","slingPseudotime_4",6.46141904734737,"CD28-41BB","aucell_proliferating_score",0,"proliferating"
"GGGCTTAAGTACCCACACTACTCA-1","slingPseudotime_4",6.46141904734737,"CD28-41BB","aucell_naive_memory_score",0.561052631578947,"naive_memory"
"GGGCTTAAGTACCCACACTACTCA-1","slingPseudotime_4",6.46141904734737,"CD28-41BB","aucell_cytotoxic_score",0.319290854835879,"cytotoxic"
"GGGTTGGGTTAGAGGCACTACTCA-1","slingPseudotime_1",19.4806444216012,"CD28-41BB","aucell_exhausted_score",0.0621379673512375,"exhausted"
"GGGTTGGGTTAGAGGCACTACTCA-1","slingPseudotime_1",19.4806444216012,"CD28-41BB","aucell_proliferating_score",0,"proliferating"
"GGGTTGGGTTAGAGGCACTACTCA-1","slingPseudotime_1",19.4806444216012,"CD28-41BB","aucell_naive_memory_score",0.0818947368421053,"naive_memory"
"GGGTTGGGTTAGAGGCACTACTCA-1","slingPseudotime_1",19.4806444216012,"CD28-41BB","aucell_cytotoxic_score",0.127786554326839,"cytotoxic"
"GGGTTGGGTTAGAGGCACTACTCA-1","slingPseudotime_2",17.0074518630677,"CD28-41BB","aucell_exhausted_score",0.0621379673512375,"exhausted"
"GGGTTGGGTTAGAGGCACTACTCA-1","slingPseudotime_2",17.0074518630677,"CD28-41BB","aucell_proliferating_score",0,"proliferating"
"GGGTTGGGTTAGAGGCACTACTCA-1","slingPseudotime_2",17.0074518630677,"CD28-41BB","aucell_naive_memory_score",0.0818947368421053,"naive_memory"
"GGGTTGGGTTAGAGGCACTACTCA-1","slingPseudotime_2",17.0074518630677,"CD28-41BB","aucell_cytotoxic_score",0.127786554326839,"cytotoxic"
"GGGTTGGGTTAGAGGCACTACTCA-1","slingPseudotime_3",13.6498916899454,"CD28-41BB","aucell_exhausted_score",0.0621379673512375,"exhausted"
"GGGTTGGGTTAGAGGCACTACTCA-1","slingPseudotime_3",13.6498916899454,"CD28-41BB","aucell_proliferating_score",0,"proliferating"
"GGGTTGGGTTAGAGGCACTACTCA-1","slingPseudotime_3",13.6498916899454,"CD28-41BB","aucell_naive_memory_score",0.0818947368421053,"naive_memory"
"GGGTTGGGTTAGAGGCACTACTCA-1","slingPseudotime_3",13.6498916899454,"CD28-41BB","aucell_cytotoxic_score",0.127786554326839,"cytotoxic"
"GGGTTGGGTTAGAGGCACTACTCA-1","slingPseudotime_4",14.8003104821331,"CD28-41BB","aucell_exhausted_score",0.0621379673512375,"exhausted"
"GGGTTGGGTTAGAGGCACTACTCA-1","slingPseudotime_4",14.8003104821331,"CD28-41BB","aucell_proliferating_score",0,"proliferating"
"GGGTTGGGTTAGAGGCACTACTCA-1","slingPseudotime_4",14.8003104821331,"CD28-41BB","aucell_naive_memory_score",0.0818947368421053,"naive_memory"
"GGGTTGGGTTAGAGGCACTACTCA-1","slingPseudotime_4",14.8003104821331,"CD28-41BB","aucell_cytotoxic_score",0.127786554326839,"cytotoxic"
"GGTGTTACAATAGAAGACTACTCA-1","slingPseudotime_1",19.6326752179871,"CD28-41BB","aucell_exhausted_score",0.125855713533439,"exhausted"
"GGTGTTACAATAGAAGACTACTCA-1","slingPseudotime_1",19.6326752179871,"CD28-41BB","aucell_proliferating_score",0,"proliferating"
"GGTGTTACAATAGAAGACTACTCA-1","slingPseudotime_1",19.6326752179871,"CD28-41BB","aucell_naive_memory_score",0,"naive_memory"
"GGTGTTACAATAGAAGACTACTCA-1","slingPseudotime_1",19.6326752179871,"CD28-41BB","aucell_cytotoxic_score",0.167105494119712,"cytotoxic"
"GGTGTTACAATAGAAGACTACTCA-1","slingPseudotime_2",14.4495804674783,"CD28-41BB","aucell_exhausted_score",0.125855713533439,"exhausted"
"GGTGTTACAATAGAAGACTACTCA-1","slingPseudotime_2",14.4495804674783,"CD28-41BB","aucell_proliferating_score",0,"proliferating"
"GGTGTTACAATAGAAGACTACTCA-1","slingPseudotime_2",14.4495804674783,"CD28-41BB","aucell_naive_memory_score",0,"naive_memory"
"GGTGTTACAATAGAAGACTACTCA-1","slingPseudotime_2",14.4495804674783,"CD28-41BB","aucell_cytotoxic_score",0.167105494119712,"cytotoxic"
"GGTGTTACAATAGAAGACTACTCA-1","slingPseudotime_3",14.097254192756,"CD28-41BB","aucell_exhausted_score",0.125855713533439,"exhausted"
"GGTGTTACAATAGAAGACTACTCA-1","slingPseudotime_3",14.097254192756,"CD28-41BB","aucell_proliferating_score",0,"proliferating"
"GGTGTTACAATAGAAGACTACTCA-1","slingPseudotime_3",14.097254192756,"CD28-41BB","aucell_naive_memory_score",0,"naive_memory"
"GGTGTTACAATAGAAGACTACTCA-1","slingPseudotime_3",14.097254192756,"CD28-41BB","aucell_cytotoxic_score",0.167105494119712,"cytotoxic"
"GGTGTTACAATAGAAGACTACTCA-1","slingPseudotime_4",15.7807733034028,"CD28-41BB","aucell_exhausted_score",0.125855713533439,"exhausted"
"GGTGTTACAATAGAAGACTACTCA-1","slingPseudotime_4",15.7807733034028,"CD28-41BB","aucell_proliferating_score",0,"proliferating"
"GGTGTTACAATAGAAGACTACTCA-1","slingPseudotime_4",15.7807733034028,"CD28-41BB","aucell_naive_memory_score",0,"naive_memory"
"GGTGTTACAATAGAAGACTACTCA-1","slingPseudotime_4",15.7807733034028,"CD28-41BB","aucell_cytotoxic_score",0.167105494119712,"cytotoxic"
"GGTTTACGTACTTCCCACTACTCA-1","slingPseudotime_4",28.2608627754654,"CD28-41BB","aucell_exhausted_score",0.0672283658065649,"exhausted"
"GGTTTACGTACTTCCCACTACTCA-1","slingPseudotime_4",28.2608627754654,"CD28-41BB","aucell_proliferating_score",0,"proliferating"
"GGTTTACGTACTTCCCACTACTCA-1","slingPseudotime_4",28.2608627754654,"CD28-41BB","aucell_naive_memory_score",0,"naive_memory"
"GGTTTACGTACTTCCCACTACTCA-1","slingPseudotime_4",28.2608627754654,"CD28-41BB","aucell_cytotoxic_score",0.251009303142005,"cytotoxic"
"GTAAGGTTCGCGAGTAACTACTCA-1","slingPseudotime_1",29.3016955767588,"CD28-41BB","aucell_exhausted_score",0.147797086185712,"exhausted"
"GTAAGGTTCGCGAGTAACTACTCA-1","slingPseudotime_1",29.3016955767588,"CD28-41BB","aucell_proliferating_score",0,"proliferating"
"GTAAGGTTCGCGAGTAACTACTCA-1","slingPseudotime_1",29.3016955767588,"CD28-41BB","aucell_naive_memory_score",0.181263157894737,"naive_memory"
"GTAAGGTTCGCGAGTAACTACTCA-1","slingPseudotime_1",29.3016955767588,"CD28-41BB","aucell_cytotoxic_score",0.344742847112515,"cytotoxic"
"GTAAGGTTCGCGAGTAACTACTCA-1","slingPseudotime_3",20.1417877386122,"CD28-41BB","aucell_exhausted_score",0.147797086185712,"exhausted"
"GTAAGGTTCGCGAGTAACTACTCA-1","slingPseudotime_3",20.1417877386122,"CD28-41BB","aucell_proliferating_score",0,"proliferating"
"GTAAGGTTCGCGAGTAACTACTCA-1","slingPseudotime_3",20.1417877386122,"CD28-41BB","aucell_naive_memory_score",0.181263157894737,"naive_memory"
"GTAAGGTTCGCGAGTAACTACTCA-1","slingPseudotime_3",20.1417877386122,"CD28-41BB","aucell_cytotoxic_score",0.344742847112515,"cytotoxic"
"GTAGTAGGTGACATGAACTACTCA-1","slingPseudotime_1",4.55553001421818,"CD28-41BB","aucell_exhausted_score",0,"exhausted"
"GTAGTAGGTGACATGAACTACTCA-1","slingPseudotime_1",4.55553001421818,"CD28-41BB","aucell_proliferating_score",0,"proliferating"
"GTAGTAGGTGACATGAACTACTCA-1","slingPseudotime_1",4.55553001421818,"CD28-41BB","aucell_naive_memory_score",0.300210526315789,"naive_memory"
"GTAGTAGGTGACATGAACTACTCA-1","slingPseudotime_1",4.55553001421818,"CD28-41BB","aucell_cytotoxic_score",0,"cytotoxic"
"GTAGTAGGTGACATGAACTACTCA-1","slingPseudotime_2",4.56614241047525,"CD28-41BB","aucell_exhausted_score",0,"exhausted"
"GTAGTAGGTGACATGAACTACTCA-1","slingPseudotime_2",4.56614241047525,"CD28-41BB","aucell_proliferating_score",0,"proliferating"
"GTAGTAGGTGACATGAACTACTCA-1","slingPseudotime_2",4.56614241047525,"CD28-41BB","aucell_naive_memory_score",0.300210526315789,"naive_memory"
"GTAGTAGGTGACATGAACTACTCA-1","slingPseudotime_2",4.56614241047525,"CD28-41BB","aucell_cytotoxic_score",0,"cytotoxic"
"GTAGTAGGTGACATGAACTACTCA-1","slingPseudotime_3",4.52827705242483,"CD28-41BB","aucell_exhausted_score",0,"exhausted"
"GTAGTAGGTGACATGAACTACTCA-1","slingPseudotime_3",4.52827705242483,"CD28-41BB","aucell_proliferating_score",0,"proliferating"
"GTAGTAGGTGACATGAACTACTCA-1","slingPseudotime_3",4.52827705242483,"CD28-41BB","aucell_naive_memory_score",0.300210526315789,"naive_memory"
"GTAGTAGGTGACATGAACTACTCA-1","slingPseudotime_3",4.52827705242483,"CD28-41BB","aucell_cytotoxic_score",0,"cytotoxic"
"GTAGTAGGTGACATGAACTACTCA-1","slingPseudotime_4",4.53969112971378,"CD28-41BB","aucell_exhausted_score",0,"exhausted"
"GTAGTAGGTGACATGAACTACTCA-1","slingPseudotime_4",4.53969112971378,"CD28-41BB","aucell_proliferating_score",0,"proliferating"
"GTAGTAGGTGACATGAACTACTCA-1","slingPseudotime_4",4.53969112971378,"CD28-41BB","aucell_naive_memory_score",0.300210526315789,"naive_memory"
"GTAGTAGGTGACATGAACTACTCA-1","slingPseudotime_4",4.53969112971378,"CD28-41BB","aucell_cytotoxic_score",0,"cytotoxic"
"GTATGTAAGTTTCCAGACTACTCA-1","slingPseudotime_1",29.3016955767588,"CD28-41BB","aucell_exhausted_score",0.104967526768475,"exhausted"
"GTATGTAAGTTTCCAGACTACTCA-1","slingPseudotime_1",29.3016955767588,"CD28-41BB","aucell_proliferating_score",0,"proliferating"
"GTATGTAAGTTTCCAGACTACTCA-1","slingPseudotime_1",29.3016955767588,"CD28-41BB","aucell_naive_memory_score",0,"naive_memory"
"GTATGTAAGTTTCCAGACTACTCA-1","slingPseudotime_1",29.3016955767588,"CD28-41BB","aucell_cytotoxic_score",0.492890995260663,"cytotoxic"
"GTATGTAAGTTTCCAGACTACTCA-1","slingPseudotime_2",10.9085761682614,"CD28-41BB","aucell_exhausted_score",0.104967526768475,"exhausted"
"GTATGTAAGTTTCCAGACTACTCA-1","slingPseudotime_2",10.9085761682614,"CD28-41BB","aucell_proliferating_score",0,"proliferating"
"GTATGTAAGTTTCCAGACTACTCA-1","slingPseudotime_2",10.9085761682614,"CD28-41BB","aucell_naive_memory_score",0,"naive_memory"
"GTATGTAAGTTTCCAGACTACTCA-1","slingPseudotime_2",10.9085761682614,"CD28-41BB","aucell_cytotoxic_score",0.492890995260663,"cytotoxic"
"GTATGTAAGTTTCCAGACTACTCA-1","slingPseudotime_3",22.5167483532273,"CD28-41BB","aucell_exhausted_score",0.104967526768475,"exhausted"
"GTATGTAAGTTTCCAGACTACTCA-1","slingPseudotime_3",22.5167483532273,"CD28-41BB","aucell_proliferating_score",0,"proliferating"
"GTATGTAAGTTTCCAGACTACTCA-1","slingPseudotime_3",22.5167483532273,"CD28-41BB","aucell_naive_memory_score",0,"naive_memory"
"GTATGTAAGTTTCCAGACTACTCA-1","slingPseudotime_3",22.5167483532273,"CD28-41BB","aucell_cytotoxic_score",0.492890995260663,"cytotoxic"
"GTATGTAAGTTTCCAGACTACTCA-1","slingPseudotime_4",12.9464738119454,"CD28-41BB","aucell_exhausted_score",0.104967526768475,"exhausted"
"GTATGTAAGTTTCCAGACTACTCA-1","slingPseudotime_4",12.9464738119454,"CD28-41BB","aucell_proliferating_score",0,"proliferating"
"GTATGTAAGTTTCCAGACTACTCA-1","slingPseudotime_4",12.9464738119454,"CD28-41BB","aucell_naive_memory_score",0,"naive_memory"
"GTATGTAAGTTTCCAGACTACTCA-1","slingPseudotime_4",12.9464738119454,"CD28-41BB","aucell_cytotoxic_score",0.492890995260663,"cytotoxic"
"GTCACTCAGTTTACCGACTACTCA-1","slingPseudotime_4",32.4722272506391,"CD28-41BB","aucell_exhausted_score",0.135685448481657,"exhausted"
"GTCACTCAGTTTACCGACTACTCA-1","slingPseudotime_4",32.4722272506391,"CD28-41BB","aucell_proliferating_score",0.0351578947368421,"proliferating"
"GTCACTCAGTTTACCGACTACTCA-1","slingPseudotime_4",32.4722272506391,"CD28-41BB","aucell_naive_memory_score",0.365894736842105,"naive_memory"
"GTCACTCAGTTTACCGACTACTCA-1","slingPseudotime_4",32.4722272506391,"CD28-41BB","aucell_cytotoxic_score",0,"cytotoxic"
"GTCATCCAGGTTGTGGACTACTCA-1","slingPseudotime_4",17.8555965258496,"CD28-41BB","aucell_exhausted_score",0,"exhausted"
"GTCATCCAGGTTGTGGACTACTCA-1","slingPseudotime_4",17.8555965258496,"CD28-41BB","aucell_proliferating_score",0,"proliferating"
"GTCATCCAGGTTGTGGACTACTCA-1","slingPseudotime_4",17.8555965258496,"CD28-41BB","aucell_naive_memory_score",0.159157894736842,"naive_memory"
"GTCATCCAGGTTGTGGACTACTCA-1","slingPseudotime_4",17.8555965258496,"CD28-41BB","aucell_cytotoxic_score",0.157275759171494,"cytotoxic"
"GTCCGTTAGAGGAGTAACTACTCA-1","slingPseudotime_1",29.3016955767588,"CD28-41BB","aucell_exhausted_score",0,"exhausted"
"GTCCGTTAGAGGAGTAACTACTCA-1","slingPseudotime_1",29.3016955767588,"CD28-41BB","aucell_proliferating_score",0,"proliferating"
"GTCCGTTAGAGGAGTAACTACTCA-1","slingPseudotime_1",29.3016955767588,"CD28-41BB","aucell_naive_memory_score",0.112,"naive_memory"
"GTCCGTTAGAGGAGTAACTACTCA-1","slingPseudotime_1",29.3016955767588,"CD28-41BB","aucell_cytotoxic_score",0.540459891170792,"cytotoxic"
"GTCCGTTAGAGGAGTAACTACTCA-1","slingPseudotime_3",20.4858572020895,"CD28-41BB","aucell_exhausted_score",0,"exhausted"
"GTCCGTTAGAGGAGTAACTACTCA-1","slingPseudotime_3",20.4858572020895,"CD28-41BB","aucell_proliferating_score",0,"proliferating"
"GTCCGTTAGAGGAGTAACTACTCA-1","slingPseudotime_3",20.4858572020895,"CD28-41BB","aucell_naive_memory_score",0.112,"naive_memory"
"GTCCGTTAGAGGAGTAACTACTCA-1","slingPseudotime_3",20.4858572020895,"CD28-41BB","aucell_cytotoxic_score",0.540459891170792,"cytotoxic"
"GTCCTGAGTTAGTAGGACTACTCA-1","slingPseudotime_1",20.0194259977418,"CD28-41BB","aucell_exhausted_score",0,"exhausted"
"GTCCTGAGTTAGTAGGACTACTCA-1","slingPseudotime_1",20.0194259977418,"CD28-41BB","aucell_proliferating_score",0,"proliferating"
"GTCCTGAGTTAGTAGGACTACTCA-1","slingPseudotime_1",20.0194259977418,"CD28-41BB","aucell_naive_memory_score",0,"naive_memory"
"GTCCTGAGTTAGTAGGACTACTCA-1","slingPseudotime_1",20.0194259977418,"CD28-41BB","aucell_cytotoxic_score",0.126382306477093,"cytotoxic"
"GTCCTGAGTTAGTAGGACTACTCA-1","slingPseudotime_2",10.5562956379183,"CD28-41BB","aucell_exhausted_score",0,"exhausted"
"GTCCTGAGTTAGTAGGACTACTCA-1","slingPseudotime_2",10.5562956379183,"CD28-41BB","aucell_proliferating_score",0,"proliferating"
"GTCCTGAGTTAGTAGGACTACTCA-1","slingPseudotime_2",10.5562956379183,"CD28-41BB","aucell_naive_memory_score",0,"naive_memory"
"GTCCTGAGTTAGTAGGACTACTCA-1","slingPseudotime_2",10.5562956379183,"CD28-41BB","aucell_cytotoxic_score",0.126382306477093,"cytotoxic"
"GTCCTGAGTTAGTAGGACTACTCA-1","slingPseudotime_3",11.2017032287697,"CD28-41BB","aucell_exhausted_score",0,"exhausted"
"GTCCTGAGTTAGTAGGACTACTCA-1","slingPseudotime_3",11.2017032287697,"CD28-41BB","aucell_proliferating_score",0,"proliferating"
"GTCCTGAGTTAGTAGGACTACTCA-1","slingPseudotime_3",11.2017032287697,"CD28-41BB","aucell_naive_memory_score",0,"naive_memory"
"GTCCTGAGTTAGTAGGACTACTCA-1","slingPseudotime_3",11.2017032287697,"CD28-41BB","aucell_cytotoxic_score",0.126382306477093,"cytotoxic"
"GTCCTGAGTTAGTAGGACTACTCA-1","slingPseudotime_4",9.93819942332208,"CD28-41BB","aucell_exhausted_score",0,"exhausted"
"GTCCTGAGTTAGTAGGACTACTCA-1","slingPseudotime_4",9.93819942332208,"CD28-41BB","aucell_proliferating_score",0,"proliferating"
"GTCCTGAGTTAGTAGGACTACTCA-1","slingPseudotime_4",9.93819942332208,"CD28-41BB","aucell_naive_memory_score",0,"naive_memory"
"GTCCTGAGTTAGTAGGACTACTCA-1","slingPseudotime_4",9.93819942332208,"CD28-41BB","aucell_cytotoxic_score",0.126382306477093,"cytotoxic"
"GTGAGTTAGGACAACTACTACTCA-1","slingPseudotime_1",29.3016955767588,"CD28-41BB","aucell_exhausted_score",0.139196068106021,"exhausted"
"GTGAGTTAGGACAACTACTACTCA-1","slingPseudotime_1",29.3016955767588,"CD28-41BB","aucell_proliferating_score",0,"proliferating"
"GTGAGTTAGGACAACTACTACTCA-1","slingPseudotime_1",29.3016955767588,"CD28-41BB","aucell_naive_memory_score",0,"naive_memory"
"GTGAGTTAGGACAACTACTACTCA-1","slingPseudotime_1",29.3016955767588,"CD28-41BB","aucell_cytotoxic_score",0.154818325434439,"cytotoxic"
"GTGAGTTAGGACAACTACTACTCA-1","slingPseudotime_2",12.9090619725256,"CD28-41BB","aucell_exhausted_score",0.139196068106021,"exhausted"
"GTGAGTTAGGACAACTACTACTCA-1","slingPseudotime_2",12.9090619725256,"CD28-41BB","aucell_proliferating_score",0,"proliferating"
"GTGAGTTAGGACAACTACTACTCA-1","slingPseudotime_2",12.9090619725256,"CD28-41BB","aucell_naive_memory_score",0,"naive_memory"
"GTGAGTTAGGACAACTACTACTCA-1","slingPseudotime_2",12.9090619725256,"CD28-41BB","aucell_cytotoxic_score",0.154818325434439,"cytotoxic"
"GTGAGTTAGGACAACTACTACTCA-1","slingPseudotime_3",19.6483864857554,"CD28-41BB","aucell_exhausted_score",0.139196068106021,"exhausted"
"GTGAGTTAGGACAACTACTACTCA-1","slingPseudotime_3",19.6483864857554,"CD28-41BB","aucell_proliferating_score",0,"proliferating"
"GTGAGTTAGGACAACTACTACTCA-1","slingPseudotime_3",19.6483864857554,"CD28-41BB","aucell_naive_memory_score",0,"naive_memory"
"GTGAGTTAGGACAACTACTACTCA-1","slingPseudotime_3",19.6483864857554,"CD28-41BB","aucell_cytotoxic_score",0.154818325434439,"cytotoxic"
"GTGAGTTAGGACAACTACTACTCA-1","slingPseudotime_4",19.4850899926323,"CD28-41BB","aucell_exhausted_score",0.139196068106021,"exhausted"
"GTGAGTTAGGACAACTACTACTCA-1","slingPseudotime_4",19.4850899926323,"CD28-41BB","aucell_proliferating_score",0,"proliferating"
"GTGAGTTAGGACAACTACTACTCA-1","slingPseudotime_4",19.4850899926323,"CD28-41BB","aucell_naive_memory_score",0,"naive_memory"
"GTGAGTTAGGACAACTACTACTCA-1","slingPseudotime_4",19.4850899926323,"CD28-41BB","aucell_cytotoxic_score",0.154818325434439,"cytotoxic"
"GTTCGTTCATGGCCGAACTACTCA-1","slingPseudotime_1",19.7992681668429,"CD28-41BB","aucell_exhausted_score",0.0800421274354924,"exhausted"
"GTTCGTTCATGGCCGAACTACTCA-1","slingPseudotime_1",19.7992681668429,"CD28-41BB","aucell_proliferating_score",0,"proliferating"
"GTTCGTTCATGGCCGAACTACTCA-1","slingPseudotime_1",19.7992681668429,"CD28-41BB","aucell_naive_memory_score",0.112631578947368,"naive_memory"
"GTTCGTTCATGGCCGAACTACTCA-1","slingPseudotime_1",19.7992681668429,"CD28-41BB","aucell_cytotoxic_score",0,"cytotoxic"
"GTTCGTTCATGGCCGAACTACTCA-1","slingPseudotime_2",11.1539023464694,"CD28-41BB","aucell_exhausted_score",0.0800421274354924,"exhausted"
"GTTCGTTCATGGCCGAACTACTCA-1","slingPseudotime_2",11.1539023464694,"CD28-41BB","aucell_proliferating_score",0,"proliferating"
"GTTCGTTCATGGCCGAACTACTCA-1","slingPseudotime_2",11.1539023464694,"CD28-41BB","aucell_naive_memory_score",0.112631578947368,"naive_memory"
"GTTCGTTCATGGCCGAACTACTCA-1","slingPseudotime_2",11.1539023464694,"CD28-41BB","aucell_cytotoxic_score",0,"cytotoxic"
"GTTCGTTCATGGCCGAACTACTCA-1","slingPseudotime_3",11.5382629268644,"CD28-41BB","aucell_exhausted_score",0.0800421274354924,"exhausted"
"GTTCGTTCATGGCCGAACTACTCA-1","slingPseudotime_3",11.5382629268644,"CD28-41BB","aucell_proliferating_score",0,"proliferating"
"GTTCGTTCATGGCCGAACTACTCA-1","slingPseudotime_3",11.5382629268644,"CD28-41BB","aucell_naive_memory_score",0.112631578947368,"naive_memory"
"GTTCGTTCATGGCCGAACTACTCA-1","slingPseudotime_3",11.5382629268644,"CD28-41BB","aucell_cytotoxic_score",0,"cytotoxic"
"GTTCGTTCATGGCCGAACTACTCA-1","slingPseudotime_4",11.1134887234393,"CD28-41BB","aucell_exhausted_score",0.0800421274354924,"exhausted"
"GTTCGTTCATGGCCGAACTACTCA-1","slingPseudotime_4",11.1134887234393,"CD28-41BB","aucell_proliferating_score",0,"proliferating"
"GTTCGTTCATGGCCGAACTACTCA-1","slingPseudotime_4",11.1134887234393,"CD28-41BB","aucell_naive_memory_score",0.112631578947368,"naive_memory"
"GTTCGTTCATGGCCGAACTACTCA-1","slingPseudotime_4",11.1134887234393,"CD28-41BB","aucell_cytotoxic_score",0,"cytotoxic"
"TAGAAAGCAGCTAGCGACTACTCA-1","slingPseudotime_1",15.2676951126798,"CD28-41BB","aucell_exhausted_score",0.429699842022117,"exhausted"
"TAGAAAGCAGCTAGCGACTACTCA-1","slingPseudotime_1",15.2676951126798,"CD28-41BB","aucell_proliferating_score",0,"proliferating"
"TAGAAAGCAGCTAGCGACTACTCA-1","slingPseudotime_1",15.2676951126798,"CD28-41BB","aucell_naive_memory_score",0.0833684210526316,"naive_memory"
"TAGAAAGCAGCTAGCGACTACTCA-1","slingPseudotime_1",15.2676951126798,"CD28-41BB","aucell_cytotoxic_score",0.444619975425663,"cytotoxic"
"TAGAAAGCAGCTAGCGACTACTCA-1","slingPseudotime_2",14.3513596103067,"CD28-41BB","aucell_exhausted_score",0.429699842022117,"exhausted"
"TAGAAAGCAGCTAGCGACTACTCA-1","slingPseudotime_2",14.3513596103067,"CD28-41BB","aucell_proliferating_score",0,"proliferating"
"TAGAAAGCAGCTAGCGACTACTCA-1","slingPseudotime_2",14.3513596103067,"CD28-41BB","aucell_naive_memory_score",0.0833684210526316,"naive_memory"
"TAGAAAGCAGCTAGCGACTACTCA-1","slingPseudotime_2",14.3513596103067,"CD28-41BB","aucell_cytotoxic_score",0.444619975425663,"cytotoxic"
"TAGAAAGCAGCTAGCGACTACTCA-1","slingPseudotime_3",15.8029212499816,"CD28-41BB","aucell_exhausted_score",0.429699842022117,"exhausted"
"TAGAAAGCAGCTAGCGACTACTCA-1","slingPseudotime_3",15.8029212499816,"CD28-41BB","aucell_proliferating_score",0,"proliferating"
"TAGAAAGCAGCTAGCGACTACTCA-1","slingPseudotime_3",15.8029212499816,"CD28-41BB","aucell_naive_memory_score",0.0833684210526316,"naive_memory"
"TAGAAAGCAGCTAGCGACTACTCA-1","slingPseudotime_3",15.8029212499816,"CD28-41BB","aucell_cytotoxic_score",0.444619975425663,"cytotoxic"
"TAGAAAGCAGCTAGCGACTACTCA-1","slingPseudotime_4",18.08635877401,"CD28-41BB","aucell_exhausted_score",0.429699842022117,"exhausted"
"TAGAAAGCAGCTAGCGACTACTCA-1","slingPseudotime_4",18.08635877401,"CD28-41BB","aucell_proliferating_score",0,"proliferating"
"TAGAAAGCAGCTAGCGACTACTCA-1","slingPseudotime_4",18.08635877401,"CD28-41BB","aucell_naive_memory_score",0.0833684210526316,"naive_memory"
"TAGAAAGCAGCTAGCGACTACTCA-1","slingPseudotime_4",18.08635877401,"CD28-41BB","aucell_cytotoxic_score",0.444619975425663,"cytotoxic"
"TAGCCAGAGCCATCGTACTACTCA-1","slingPseudotime_1",6.29569342688207,"CD28-41BB","aucell_exhausted_score",0.00403721256801825,"exhausted"
"TAGCCAGAGCCATCGTACTACTCA-1","slingPseudotime_1",6.29569342688207,"CD28-41BB","aucell_proliferating_score",0,"proliferating"
"TAGCCAGAGCCATCGTACTACTCA-1","slingPseudotime_1",6.29569342688207,"CD28-41BB","aucell_naive_memory_score",0.0734736842105263,"naive_memory"
"TAGCCAGAGCCATCGTACTACTCA-1","slingPseudotime_1",6.29569342688207,"CD28-41BB","aucell_cytotoxic_score",0.162892750570476,"cytotoxic"
"TAGCCAGAGCCATCGTACTACTCA-1","slingPseudotime_2",6.46968746018155,"CD28-41BB","aucell_exhausted_score",0.00403721256801825,"exhausted"
"TAGCCAGAGCCATCGTACTACTCA-1","slingPseudotime_2",6.46968746018155,"CD28-41BB","aucell_proliferating_score",0,"proliferating"
"TAGCCAGAGCCATCGTACTACTCA-1","slingPseudotime_2",6.46968746018155,"CD28-41BB","aucell_naive_memory_score",0.0734736842105263,"naive_memory"
"TAGCCAGAGCCATCGTACTACTCA-1","slingPseudotime_2",6.46968746018155,"CD28-41BB","aucell_cytotoxic_score",0.162892750570476,"cytotoxic"
"TAGCCAGAGCCATCGTACTACTCA-1","slingPseudotime_3",6.17562587274822,"CD28-41BB","aucell_exhausted_score",0.00403721256801825,"exhausted"
"TAGCCAGAGCCATCGTACTACTCA-1","slingPseudotime_3",6.17562587274822,"CD28-41BB","aucell_proliferating_score",0,"proliferating"
"TAGCCAGAGCCATCGTACTACTCA-1","slingPseudotime_3",6.17562587274822,"CD28-41BB","aucell_naive_memory_score",0.0734736842105263,"naive_memory"
"TAGCCAGAGCCATCGTACTACTCA-1","slingPseudotime_3",6.17562587274822,"CD28-41BB","aucell_cytotoxic_score",0.162892750570476,"cytotoxic"
"TAGCCAGAGCCATCGTACTACTCA-1","slingPseudotime_4",6.2013012758336,"CD28-41BB","aucell_exhausted_score",0.00403721256801825,"exhausted"
"TAGCCAGAGCCATCGTACTACTCA-1","slingPseudotime_4",6.2013012758336,"CD28-41BB","aucell_proliferating_score",0,"proliferating"
"TAGCCAGAGCCATCGTACTACTCA-1","slingPseudotime_4",6.2013012758336,"CD28-41BB","aucell_naive_memory_score",0.0734736842105263,"naive_memory"
"TAGCCAGAGCCATCGTACTACTCA-1","slingPseudotime_4",6.2013012758336,"CD28-41BB","aucell_cytotoxic_score",0.162892750570476,"cytotoxic"
"TAGCTGCTCTATGGCCACTACTCA-1","slingPseudotime_2",30.6844025723503,"CD28-41BB","aucell_exhausted_score",0,"exhausted"
"TAGCTGCTCTATGGCCACTACTCA-1","slingPseudotime_2",30.6844025723503,"CD28-41BB","aucell_proliferating_score",0,"proliferating"
"TAGCTGCTCTATGGCCACTACTCA-1","slingPseudotime_2",30.6844025723503,"CD28-41BB","aucell_naive_memory_score",0,"naive_memory"
"TAGCTGCTCTATGGCCACTACTCA-1","slingPseudotime_2",30.6844025723503,"CD28-41BB","aucell_cytotoxic_score",0.0514305774969282,"cytotoxic"
"TATTGCAGTTGCACGCACTACTCA-1","slingPseudotime_1",4.99019500136093,"CD28-41BB","aucell_exhausted_score",0.165525715288748,"exhausted"
"TATTGCAGTTGCACGCACTACTCA-1","slingPseudotime_1",4.99019500136093,"CD28-41BB","aucell_proliferating_score",0,"proliferating"
"TATTGCAGTTGCACGCACTACTCA-1","slingPseudotime_1",4.99019500136093,"CD28-41BB","aucell_naive_memory_score",0.255789473684211,"naive_memory"
"TATTGCAGTTGCACGCACTACTCA-1","slingPseudotime_1",4.99019500136093,"CD28-41BB","aucell_cytotoxic_score",0.0198350008776549,"cytotoxic"
"TATTGCAGTTGCACGCACTACTCA-1","slingPseudotime_2",4.98398206801422,"CD28-41BB","aucell_exhausted_score",0.165525715288748,"exhausted"
"TATTGCAGTTGCACGCACTACTCA-1","slingPseudotime_2",4.98398206801422,"CD28-41BB","aucell_proliferating_score",0,"proliferating"
"TATTGCAGTTGCACGCACTACTCA-1","slingPseudotime_2",4.98398206801422,"CD28-41BB","aucell_naive_memory_score",0.255789473684211,"naive_memory"
"TATTGCAGTTGCACGCACTACTCA-1","slingPseudotime_2",4.98398206801422,"CD28-41BB","aucell_cytotoxic_score",0.0198350008776549,"cytotoxic"
"TATTGCAGTTGCACGCACTACTCA-1","slingPseudotime_3",5.01152195185467,"CD28-41BB","aucell_exhausted_score",0.165525715288748,"exhausted"
"TATTGCAGTTGCACGCACTACTCA-1","slingPseudotime_3",5.01152195185467,"CD28-41BB","aucell_proliferating_score",0,"proliferating"
"TATTGCAGTTGCACGCACTACTCA-1","slingPseudotime_3",5.01152195185467,"CD28-41BB","aucell_naive_memory_score",0.255789473684211,"naive_memory"
"TATTGCAGTTGCACGCACTACTCA-1","slingPseudotime_3",5.01152195185467,"CD28-41BB","aucell_cytotoxic_score",0.0198350008776549,"cytotoxic"
"TATTGCAGTTGCACGCACTACTCA-1","slingPseudotime_4",4.98981168272384,"CD28-41BB","aucell_exhausted_score",0.165525715288748,"exhausted"
"TATTGCAGTTGCACGCACTACTCA-1","slingPseudotime_4",4.98981168272384,"CD28-41BB","aucell_proliferating_score",0,"proliferating"
"TATTGCAGTTGCACGCACTACTCA-1","slingPseudotime_4",4.98981168272384,"CD28-41BB","aucell_naive_memory_score",0.255789473684211,"naive_memory"
"TATTGCAGTTGCACGCACTACTCA-1","slingPseudotime_4",4.98981168272384,"CD28-41BB","aucell_cytotoxic_score",0.0198350008776549,"cytotoxic"
"TCATGAAAGAAAGGCAACTACTCA-1","slingPseudotime_3",38.6862300814367,"CD28-41BB","aucell_exhausted_score",0,"exhausted"
"TCATGAAAGAAAGGCAACTACTCA-1","slingPseudotime_3",38.6862300814367,"CD28-41BB","aucell_proliferating_score",0,"proliferating"
"TCATGAAAGAAAGGCAACTACTCA-1","slingPseudotime_3",38.6862300814367,"CD28-41BB","aucell_naive_memory_score",0,"naive_memory"
"TCATGAAAGAAAGGCAACTACTCA-1","slingPseudotime_3",38.6862300814367,"CD28-41BB","aucell_cytotoxic_score",0.4951728980165,"cytotoxic"
"TCCCGCAAGTAAACCAACTACTCA-1","slingPseudotime_1",12.9631892999319,"CD28-41BB","aucell_exhausted_score",0,"exhausted"
"TCCCGCAAGTAAACCAACTACTCA-1","slingPseudotime_1",12.9631892999319,"CD28-41BB","aucell_proliferating_score",0,"proliferating"
"TCCCGCAAGTAAACCAACTACTCA-1","slingPseudotime_1",12.9631892999319,"CD28-41BB","aucell_naive_memory_score",0.377894736842105,"naive_memory"
"TCCCGCAAGTAAACCAACTACTCA-1","slingPseudotime_1",12.9631892999319,"CD28-41BB","aucell_cytotoxic_score",0.36843952957697,"cytotoxic"
"TCCCGCAAGTAAACCAACTACTCA-1","slingPseudotime_2",11.4076089117736,"CD28-41BB","aucell_exhausted_score",0,"exhausted"
"TCCCGCAAGTAAACCAACTACTCA-1","slingPseudotime_2",11.4076089117736,"CD28-41BB","aucell_proliferating_score",0,"proliferating"
"TCCCGCAAGTAAACCAACTACTCA-1","slingPseudotime_2",11.4076089117736,"CD28-41BB","aucell_naive_memory_score",0.377894736842105,"naive_memory"
"TCCCGCAAGTAAACCAACTACTCA-1","slingPseudotime_2",11.4076089117736,"CD28-41BB","aucell_cytotoxic_score",0.36843952957697,"cytotoxic"
"TCCCGCAAGTAAACCAACTACTCA-1","slingPseudotime_3",24.3514700740366,"CD28-41BB","aucell_exhausted_score",0,"exhausted"
"TCCCGCAAGTAAACCAACTACTCA-1","slingPseudotime_3",24.3514700740366,"CD28-41BB","aucell_proliferating_score",0,"proliferating"
"TCCCGCAAGTAAACCAACTACTCA-1","slingPseudotime_3",24.3514700740366,"CD28-41BB","aucell_naive_memory_score",0.377894736842105,"naive_memory"
"TCCCGCAAGTAAACCAACTACTCA-1","slingPseudotime_3",24.3514700740366,"CD28-41BB","aucell_cytotoxic_score",0.36843952957697,"cytotoxic"
"TCCCGCAAGTAAACCAACTACTCA-1","slingPseudotime_4",13.036549138557,"CD28-41BB","aucell_exhausted_score",0,"exhausted"
"TCCCGCAAGTAAACCAACTACTCA-1","slingPseudotime_4",13.036549138557,"CD28-41BB","aucell_proliferating_score",0,"proliferating"
"TCCCGCAAGTAAACCAACTACTCA-1","slingPseudotime_4",13.036549138557,"CD28-41BB","aucell_naive_memory_score",0.377894736842105,"naive_memory"
"TCCCGCAAGTAAACCAACTACTCA-1","slingPseudotime_4",13.036549138557,"CD28-41BB","aucell_cytotoxic_score",0.36843952957697,"cytotoxic"
"TCGAACCTCAATCGCCACTACTCA-1","slingPseudotime_4",21.7210071376612,"CD28-41BB","aucell_exhausted_score",0.455853958223626,"exhausted"
"TCGAACCTCAATCGCCACTACTCA-1","slingPseudotime_4",21.7210071376612,"CD28-41BB","aucell_proliferating_score",0,"proliferating"
"TCGAACCTCAATCGCCACTACTCA-1","slingPseudotime_4",21.7210071376612,"CD28-41BB","aucell_naive_memory_score",0.0402105263157895,"naive_memory"
"TCGAACCTCAATCGCCACTACTCA-1","slingPseudotime_4",21.7210071376612,"CD28-41BB","aucell_cytotoxic_score",0.437949798139372,"cytotoxic"
"TCGGCTAGTAGCTTTAACTACTCA-1","slingPseudotime_1",2.75024931608862,"CD28-41BB","aucell_exhausted_score",0,"exhausted"
"TCGGCTAGTAGCTTTAACTACTCA-1","slingPseudotime_1",2.75024931608862,"CD28-41BB","aucell_proliferating_score",0,"proliferating"
"TCGGCTAGTAGCTTTAACTACTCA-1","slingPseudotime_1",2.75024931608862,"CD28-41BB","aucell_naive_memory_score",0.661052631578947,"naive_memory"
"TCGGCTAGTAGCTTTAACTACTCA-1","slingPseudotime_1",2.75024931608862,"CD28-41BB","aucell_cytotoxic_score",0,"cytotoxic"
"TCGGCTAGTAGCTTTAACTACTCA-1","slingPseudotime_2",2.76222972783593,"CD28-41BB","aucell_exhausted_score",0,"exhausted"
"TCGGCTAGTAGCTTTAACTACTCA-1","slingPseudotime_2",2.76222972783593,"CD28-41BB","aucell_proliferating_score",0,"proliferating"
"TCGGCTAGTAGCTTTAACTACTCA-1","slingPseudotime_2",2.76222972783593,"CD28-41BB","aucell_naive_memory_score",0.661052631578947,"naive_memory"
"TCGGCTAGTAGCTTTAACTACTCA-1","slingPseudotime_2",2.76222972783593,"CD28-41BB","aucell_cytotoxic_score",0,"cytotoxic"
"TCGGCTAGTAGCTTTAACTACTCA-1","slingPseudotime_3",2.75612407116682,"CD28-41BB","aucell_exhausted_score",0,"exhausted"
"TCGGCTAGTAGCTTTAACTACTCA-1","slingPseudotime_3",2.75612407116682,"CD28-41BB","aucell_proliferating_score",0,"proliferating"
"TCGGCTAGTAGCTTTAACTACTCA-1","slingPseudotime_3",2.75612407116682,"CD28-41BB","aucell_naive_memory_score",0.661052631578947,"naive_memory"
"TCGGCTAGTAGCTTTAACTACTCA-1","slingPseudotime_3",2.75612407116682,"CD28-41BB","aucell_cytotoxic_score",0,"cytotoxic"
"TCGGCTAGTAGCTTTAACTACTCA-1","slingPseudotime_4",2.75386733712583,"CD28-41BB","aucell_exhausted_score",0,"exhausted"
"TCGGCTAGTAGCTTTAACTACTCA-1","slingPseudotime_4",2.75386733712583,"CD28-41BB","aucell_proliferating_score",0,"proliferating"
"TCGGCTAGTAGCTTTAACTACTCA-1","slingPseudotime_4",2.75386733712583,"CD28-41BB","aucell_naive_memory_score",0.661052631578947,"naive_memory"
"TCGGCTAGTAGCTTTAACTACTCA-1","slingPseudotime_4",2.75386733712583,"CD28-41BB","aucell_cytotoxic_score",0,"cytotoxic"
"TCTATCTGTAAGCGTAACTACTCA-1","slingPseudotime_3",29.120357012205,"CD28-41BB","aucell_exhausted_score",0.0217658416710549,"exhausted"
"TCTATCTGTAAGCGTAACTACTCA-1","slingPseudotime_3",29.120357012205,"CD28-41BB","aucell_proliferating_score",0,"proliferating"
"TCTATCTGTAAGCGTAACTACTCA-1","slingPseudotime_3",29.120357012205,"CD28-41BB","aucell_naive_memory_score",0.173052631578947,"naive_memory"
"TCTATCTGTAAGCGTAACTACTCA-1","slingPseudotime_3",29.120357012205,"CD28-41BB","aucell_cytotoxic_score",0.453220993505354,"cytotoxic"
"TGAATGTCACAATCGAACTACTCA-1","slingPseudotime_4",18.7784434577859,"CD28-41BB","aucell_exhausted_score",0.471476215552045,"exhausted"
"TGAATGTCACAATCGAACTACTCA-1","slingPseudotime_4",18.7784434577859,"CD28-41BB","aucell_proliferating_score",0.0663157894736842,"proliferating"
"TGAATGTCACAATCGAACTACTCA-1","slingPseudotime_4",18.7784434577859,"CD28-41BB","aucell_naive_memory_score",0,"naive_memory"
"TGAATGTCACAATCGAACTACTCA-1","slingPseudotime_4",18.7784434577859,"CD28-41BB","aucell_cytotoxic_score",0.621204142531157,"cytotoxic"
"TGAGTCTGTCAAAGGCACTACTCA-1","slingPseudotime_3",22.7616795610528,"CD28-41BB","aucell_exhausted_score",0,"exhausted"
"TGAGTCTGTCAAAGGCACTACTCA-1","slingPseudotime_3",22.7616795610528,"CD28-41BB","aucell_proliferating_score",0,"proliferating"
"TGAGTCTGTCAAAGGCACTACTCA-1","slingPseudotime_3",22.7616795610528,"CD28-41BB","aucell_naive_memory_score",0,"naive_memory"
"TGAGTCTGTCAAAGGCACTACTCA-1","slingPseudotime_3",22.7616795610528,"CD28-41BB","aucell_cytotoxic_score",0.302966473582587,"cytotoxic"
"TGCAGGTCAATAGAGAACTACTCA-1","slingPseudotime_3",35.2164864557823,"CD28-41BB","aucell_exhausted_score",0,"exhausted"
"TGCAGGTCAATAGAGAACTACTCA-1","slingPseudotime_3",35.2164864557823,"CD28-41BB","aucell_proliferating_score",0,"proliferating"
"TGCAGGTCAATAGAGAACTACTCA-1","slingPseudotime_3",35.2164864557823,"CD28-41BB","aucell_naive_memory_score",0.0856842105263158,"naive_memory"
"TGCAGGTCAATAGAGAACTACTCA-1","slingPseudotime_3",35.2164864557823,"CD28-41BB","aucell_cytotoxic_score",0.124451465683693,"cytotoxic"
"TGGTCAACATCCCTCTACTACTCA-1","slingPseudotime_4",18.8653629718172,"CD28-41BB","aucell_exhausted_score",0.292785676671933,"exhausted"
"TGGTCAACATCCCTCTACTACTCA-1","slingPseudotime_4",18.8653629718172,"CD28-41BB","aucell_proliferating_score",0,"proliferating"
"TGGTCAACATCCCTCTACTACTCA-1","slingPseudotime_4",18.8653629718172,"CD28-41BB","aucell_naive_memory_score",0,"naive_memory"
"TGGTCAACATCCCTCTACTACTCA-1","slingPseudotime_4",18.8653629718172,"CD28-41BB","aucell_cytotoxic_score",0.324381253291206,"cytotoxic"
"TGTGTGACAGGTTTCTACTACTCA-1","slingPseudotime_1",26.6624743563425,"CD28-41BB","aucell_exhausted_score",0,"exhausted"
"TGTGTGACAGGTTTCTACTACTCA-1","slingPseudotime_1",26.6624743563425,"CD28-41BB","aucell_proliferating_score",0,"proliferating"
"TGTGTGACAGGTTTCTACTACTCA-1","slingPseudotime_1",26.6624743563425,"CD28-41BB","aucell_naive_memory_score",0,"naive_memory"
"TGTGTGACAGGTTTCTACTACTCA-1","slingPseudotime_1",26.6624743563425,"CD28-41BB","aucell_cytotoxic_score",0.651044409338248,"cytotoxic"
"TGTGTGACAGGTTTCTACTACTCA-1","slingPseudotime_3",18.7583433086001,"CD28-41BB","aucell_exhausted_score",0,"exhausted"
"TGTGTGACAGGTTTCTACTACTCA-1","slingPseudotime_3",18.7583433086001,"CD28-41BB","aucell_proliferating_score",0,"proliferating"
"TGTGTGACAGGTTTCTACTACTCA-1","slingPseudotime_3",18.7583433086001,"CD28-41BB","aucell_naive_memory_score",0,"naive_memory"
"TGTGTGACAGGTTTCTACTACTCA-1","slingPseudotime_3",18.7583433086001,"CD28-41BB","aucell_cytotoxic_score",0.651044409338248,"cytotoxic"
"TTACACCCATAGCCGGACTACTCA-1","slingPseudotime_1",19.7992681668429,"CD28-41BB","aucell_exhausted_score",0.00386168158680007,"exhausted"
"TTACACCCATAGCCGGACTACTCA-1","slingPseudotime_1",19.7992681668429,"CD28-41BB","aucell_proliferating_score",0.0366315789473684,"proliferating"
"TTACACCCATAGCCGGACTACTCA-1","slingPseudotime_1",19.7992681668429,"CD28-41BB","aucell_naive_memory_score",0,"naive_memory"
"TTACACCCATAGCCGGACTACTCA-1","slingPseudotime_1",19.7992681668429,"CD28-41BB","aucell_cytotoxic_score",0,"cytotoxic"
"TTACACCCATAGCCGGACTACTCA-1","slingPseudotime_2",10.2005468987672,"CD28-41BB","aucell_exhausted_score",0.00386168158680007,"exhausted"
"TTACACCCATAGCCGGACTACTCA-1","slingPseudotime_2",10.2005468987672,"CD28-41BB","aucell_proliferating_score",0.0366315789473684,"proliferating"
"TTACACCCATAGCCGGACTACTCA-1","slingPseudotime_2",10.2005468987672,"CD28-41BB","aucell_naive_memory_score",0,"naive_memory"
"TTACACCCATAGCCGGACTACTCA-1","slingPseudotime_2",10.2005468987672,"CD28-41BB","aucell_cytotoxic_score",0,"cytotoxic"
"TTACACCCATAGCCGGACTACTCA-1","slingPseudotime_3",10.7766945662561,"CD28-41BB","aucell_exhausted_score",0.00386168158680007,"exhausted"
"TTACACCCATAGCCGGACTACTCA-1","slingPseudotime_3",10.7766945662561,"CD28-41BB","aucell_proliferating_score",0.0366315789473684,"proliferating"
"TTACACCCATAGCCGGACTACTCA-1","slingPseudotime_3",10.7766945662561,"CD28-41BB","aucell_naive_memory_score",0,"naive_memory"
"TTACACCCATAGCCGGACTACTCA-1","slingPseudotime_3",10.7766945662561,"CD28-41BB","aucell_cytotoxic_score",0,"cytotoxic"
"TTACACCCATAGCCGGACTACTCA-1","slingPseudotime_4",10.2610772713379,"CD28-41BB","aucell_exhausted_score",0.00386168158680007,"exhausted"
"TTACACCCATAGCCGGACTACTCA-1","slingPseudotime_4",10.2610772713379,"CD28-41BB","aucell_proliferating_score",0.0366315789473684,"proliferating"
"TTACACCCATAGCCGGACTACTCA-1","slingPseudotime_4",10.2610772713379,"CD28-41BB","aucell_naive_memory_score",0,"naive_memory"
"TTACACCCATAGCCGGACTACTCA-1","slingPseudotime_4",10.2610772713379,"CD28-41BB","aucell_cytotoxic_score",0,"cytotoxic"
"TTCCTCAGTGGCGTAGACTACTCA-1","slingPseudotime_1",11.0156919222609,"CD28-41BB","aucell_exhausted_score",0.0589784096893102,"exhausted"
"TTCCTCAGTGGCGTAGACTACTCA-1","slingPseudotime_1",11.0156919222609,"CD28-41BB","aucell_proliferating_score",0,"proliferating"
"TTCCTCAGTGGCGTAGACTACTCA-1","slingPseudotime_1",11.0156919222609,"CD28-41BB","aucell_naive_memory_score",0.174526315789474,"naive_memory"
"TTCCTCAGTGGCGTAGACTACTCA-1","slingPseudotime_1",11.0156919222609,"CD28-41BB","aucell_cytotoxic_score",0.0963665086887836,"cytotoxic"
"TTCCTCAGTGGCGTAGACTACTCA-1","slingPseudotime_2",11.4670276809273,"CD28-41BB","aucell_exhausted_score",0.0589784096893102,"exhausted"
"TTCCTCAGTGGCGTAGACTACTCA-1","slingPseudotime_2",11.4670276809273,"CD28-41BB","aucell_proliferating_score",0,"proliferating"
"TTCCTCAGTGGCGTAGACTACTCA-1","slingPseudotime_2",11.4670276809273,"CD28-41BB","aucell_naive_memory_score",0.174526315789474,"naive_memory"
"TTCCTCAGTGGCGTAGACTACTCA-1","slingPseudotime_2",11.4670276809273,"CD28-41BB","aucell_cytotoxic_score",0.0963665086887836,"cytotoxic"
"TTCCTCAGTGGCGTAGACTACTCA-1","slingPseudotime_3",11.1668209085741,"CD28-41BB","aucell_exhausted_score",0.0589784096893102,"exhausted"
"TTCCTCAGTGGCGTAGACTACTCA-1","slingPseudotime_3",11.1668209085741,"CD28-41BB","aucell_proliferating_score",0,"proliferating"
"TTCCTCAGTGGCGTAGACTACTCA-1","slingPseudotime_3",11.1668209085741,"CD28-41BB","aucell_naive_memory_score",0.174526315789474,"naive_memory"
"TTCCTCAGTGGCGTAGACTACTCA-1","slingPseudotime_3",11.1668209085741,"CD28-41BB","aucell_cytotoxic_score",0.0963665086887836,"cytotoxic"
"TTCCTCAGTGGCGTAGACTACTCA-1","slingPseudotime_4",11.0422567871,"CD28-41BB","aucell_exhausted_score",0.0589784096893102,"exhausted"
"TTCCTCAGTGGCGTAGACTACTCA-1","slingPseudotime_4",11.0422567871,"CD28-41BB","aucell_proliferating_score",0,"proliferating"
"TTCCTCAGTGGCGTAGACTACTCA-1","slingPseudotime_4",11.0422567871,"CD28-41BB","aucell_naive_memory_score",0.174526315789474,"naive_memory"
"TTCCTCAGTGGCGTAGACTACTCA-1","slingPseudotime_4",11.0422567871,"CD28-41BB","aucell_cytotoxic_score",0.0963665086887836,"cytotoxic"
"TTGCACGGTCCATAGTACTACTCA-1","slingPseudotime_1",12.8178242130495,"CD28-41BB","aucell_exhausted_score",0,"exhausted"
"TTGCACGGTCCATAGTACTACTCA-1","slingPseudotime_1",12.8178242130495,"CD28-41BB","aucell_proliferating_score",0,"proliferating"
"TTGCACGGTCCATAGTACTACTCA-1","slingPseudotime_1",12.8178242130495,"CD28-41BB","aucell_naive_memory_score",0.0787368421052632,"naive_memory"
"TTGCACGGTCCATAGTACTACTCA-1","slingPseudotime_1",12.8178242130495,"CD28-41BB","aucell_cytotoxic_score",0.209408460593295,"cytotoxic"
"TTGCACGGTCCATAGTACTACTCA-1","slingPseudotime_2",11.8472519706088,"CD28-41BB","aucell_exhausted_score",0,"exhausted"
"TTGCACGGTCCATAGTACTACTCA-1","slingPseudotime_2",11.8472519706088,"CD28-41BB","aucell_proliferating_score",0,"proliferating"
"TTGCACGGTCCATAGTACTACTCA-1","slingPseudotime_2",11.8472519706088,"CD28-41BB","aucell_naive_memory_score",0.0787368421052632,"naive_memory"
"TTGCACGGTCCATAGTACTACTCA-1","slingPseudotime_2",11.8472519706088,"CD28-41BB","aucell_cytotoxic_score",0.209408460593295,"cytotoxic"
"TTGCACGGTCCATAGTACTACTCA-1","slingPseudotime_3",23.1136677539349,"CD28-41BB","aucell_exhausted_score",0,"exhausted"
"TTGCACGGTCCATAGTACTACTCA-1","slingPseudotime_3",23.1136677539349,"CD28-41BB","aucell_proliferating_score",0,"proliferating"
"TTGCACGGTCCATAGTACTACTCA-1","slingPseudotime_3",23.1136677539349,"CD28-41BB","aucell_naive_memory_score",0.0787368421052632,"naive_memory"
"TTGCACGGTCCATAGTACTACTCA-1","slingPseudotime_3",23.1136677539349,"CD28-41BB","aucell_cytotoxic_score",0.209408460593295,"cytotoxic"
"TTGCACGGTCCATAGTACTACTCA-1","slingPseudotime_4",12.720678097402,"CD28-41BB","aucell_exhausted_score",0,"exhausted"
"TTGCACGGTCCATAGTACTACTCA-1","slingPseudotime_4",12.720678097402,"CD28-41BB","aucell_proliferating_score",0,"proliferating"
"TTGCACGGTCCATAGTACTACTCA-1","slingPseudotime_4",12.720678097402,"CD28-41BB","aucell_naive_memory_score",0.0787368421052632,"naive_memory"
"TTGCACGGTCCATAGTACTACTCA-1","slingPseudotime_4",12.720678097402,"CD28-41BB","aucell_cytotoxic_score",0.209408460593295,"cytotoxic"
"TTTCCTGGTAAGAATCACTACTCA-1","slingPseudotime_1",13.9541671255861,"CD28-41BB","aucell_exhausted_score",0,"exhausted"
"TTTCCTGGTAAGAATCACTACTCA-1","slingPseudotime_1",13.9541671255861,"CD28-41BB","aucell_proliferating_score",0,"proliferating"
"TTTCCTGGTAAGAATCACTACTCA-1","slingPseudotime_1",13.9541671255861,"CD28-41BB","aucell_naive_memory_score",0,"naive_memory"
"TTTCCTGGTAAGAATCACTACTCA-1","slingPseudotime_1",13.9541671255861,"CD28-41BB","aucell_cytotoxic_score",0.166052308232403,"cytotoxic"
"TTTCCTGGTAAGAATCACTACTCA-1","slingPseudotime_2",13.0651004247848,"CD28-41BB","aucell_exhausted_score",0,"exhausted"
"TTTCCTGGTAAGAATCACTACTCA-1","slingPseudotime_2",13.0651004247848,"CD28-41BB","aucell_proliferating_score",0,"proliferating"
"TTTCCTGGTAAGAATCACTACTCA-1","slingPseudotime_2",13.0651004247848,"CD28-41BB","aucell_naive_memory_score",0,"naive_memory"
"TTTCCTGGTAAGAATCACTACTCA-1","slingPseudotime_2",13.0651004247848,"CD28-41BB","aucell_cytotoxic_score",0.166052308232403,"cytotoxic"
"TTTCCTGGTAAGAATCACTACTCA-1","slingPseudotime_3",19.5240923148072,"CD28-41BB","aucell_exhausted_score",0,"exhausted"
"TTTCCTGGTAAGAATCACTACTCA-1","slingPseudotime_3",19.5240923148072,"CD28-41BB","aucell_proliferating_score",0,"proliferating"
"TTTCCTGGTAAGAATCACTACTCA-1","slingPseudotime_3",19.5240923148072,"CD28-41BB","aucell_naive_memory_score",0,"naive_memory"
"TTTCCTGGTAAGAATCACTACTCA-1","slingPseudotime_3",19.5240923148072,"CD28-41BB","aucell_cytotoxic_score",0.166052308232403,"cytotoxic"
"TTTCCTGGTAAGAATCACTACTCA-1","slingPseudotime_4",14.2777113574734,"CD28-41BB","aucell_exhausted_score",0,"exhausted"
"TTTCCTGGTAAGAATCACTACTCA-1","slingPseudotime_4",14.2777113574734,"CD28-41BB","aucell_proliferating_score",0,"proliferating"
"TTTCCTGGTAAGAATCACTACTCA-1","slingPseudotime_4",14.2777113574734,"CD28-41BB","aucell_naive_memory_score",0,"naive_memory"
"TTTCCTGGTAAGAATCACTACTCA-1","slingPseudotime_4",14.2777113574734,"CD28-41BB","aucell_cytotoxic_score",0.166052308232403,"cytotoxic"
"TTTCGCGCATGCAATGACTACTCA-1","slingPseudotime_3",41.198720803256,"CD28-41BB","aucell_exhausted_score",0.0961909777075654,"exhausted"
"TTTCGCGCATGCAATGACTACTCA-1","slingPseudotime_3",41.198720803256,"CD28-41BB","aucell_proliferating_score",0,"proliferating"
"TTTCGCGCATGCAATGACTACTCA-1","slingPseudotime_3",41.198720803256,"CD28-41BB","aucell_naive_memory_score",0,"naive_memory"
"TTTCGCGCATGCAATGACTACTCA-1","slingPseudotime_3",41.198720803256,"CD28-41BB","aucell_cytotoxic_score",0.516587677725118,"cytotoxic"
