"cell","lineage","pseudotime","condition","score_column","aucell_score","program"
"AAGACAACAGATAACTATGTTGAC-1","slingPseudotime_1",28.6534041557014,"STOP","aucell_exhausted_score",0.0695102685624013,"exhausted"
"AAGACAACAGATAACTATGTTGAC-1","slingPseudotime_1",28.6534041557014,"STOP","aucell_proliferating_score",0.0842105263157895,"proliferating"
"AAGACAACAGATAACTATGTTGAC-1","slingPseudotime_1",28.6534041557014,"STOP","aucell_naive_memory_score",0.0770526315789474,"naive_memory"
"AAGACAACAGATAACTATGTTGAC-1","slingPseudotime_1",28.6534041557014,"STOP","aucell_cytotoxic_score",0.33175355450237,"cytotoxic"
"AAGACAACAGATAACTATGTTGAC-1","slingPseudotime_2",28.6820357555499,"STOP","aucell_exhausted_score",0.0695102685624013,"exhausted"
"AAGACAACAGATAACTATGTTGAC-1","slingPseudotime_2",28.6820357555499,"STOP","aucell_proliferating_score",0.0842105263157895,"proliferating"
"AAGACAACAGATAACTATGTTGAC-1","slingPseudotime_2",28.6820357555499,"STOP","aucell_naive_memory_score",0.0770526315789474,"naive_memory"
"AAGACAACAGATAACTATGTTGAC-1","slingPseudotime_2",28.6820357555499,"STOP","aucell_cytotoxic_score",0.33175355450237,"cytotoxic"
"AAGACAACATATAGGTATGTTGAC-1","slingPseudotime_1",17.3547171806984,"STOP","aucell_exhausted_score",0.143408811655257,"exhausted"
"AAGACAACATATAGGTATGTTGAC-1","slingPseudotime_1",17.3547171806984,"STOP","aucell_proliferating_score",0,"proliferating"
"AAGACAACATATAGGTATGTTGAC-1","slingPseudotime_1",17.3547171806984,"STOP","aucell_naive_memory_score",0,"naive_memory"
"AAGACAACATATAGGTATGTTGAC-1","slingPseudotime_1",17.3547171806984,"STOP","aucell_cytotoxic_score",0.4758644900825,"cytotoxic"
"AAGACAACATATAGGTATGTTGAC-1","slingPseudotime_2",16.9029384553231,"STOP","aucell_exhausted_score",0.143408811655257,"exhausted"
"AAGACAACATATAGGTATGTTGAC-1","slingPseudotime_2",16.9029384553231,"STOP","aucell_proliferating_score",0,"proliferating"
"AAGACAACATATAGGTATGTTGAC-1","slingPseudotime_2",16.9029384553231,"STOP","aucell_naive_memory_score",0,"naive_memory"
"AAGACAACATATAGGTATGTTGAC-1","slingPseudotime_2",16.9029384553231,"STOP","aucell_cytotoxic_score",0.4758644900825,"cytotoxic"
"AAGACAACATATAGGTATGTTGAC-1","slingPseudotime_3",26.3114803846608,"STOP","aucell_exhausted_score",0.143408811655257,"exhausted"
"AAGACAACATATAGGTATGTTGAC-1","slingPseudotime_3",26.3114803846608,"STOP","aucell_proliferating_score",0,"proliferating"
"AAGACAACATATAGGTATGTTGAC-1","slingPseudotime_3",26.3114803846608,"STOP","aucell_naive_memory_score",0,"naive_memory"
"AAGACAACATATAGGTATGTTGAC-1","slingPseudotime_3",26.3114803846608,"STOP","aucell_cytotoxic_score",0.4758644900825,"cytotoxic"
"AAGACAACATATAGGTATGTTGAC-1","slingPseudotime_4",25.5838432907111,"STOP","aucell_exhausted_score",0.143408811655257,"exhausted"
"AAGACAACATATAGGTATGTTGAC-1","slingPseudotime_4",25.5838432907111,"STOP","aucell_proliferating_score",0,"proliferating"
"AAGACAACATATAGGTATGTTGAC-1","slingPseudotime_4",25.5838432907111,"STOP","aucell_naive_memory_score",0,"naive_memory"
"AAGACAACATATAGGTATGTTGAC-1","slingPseudotime_4",25.5838432907111,"STOP","aucell_cytotoxic_score",0.4758644900825,"cytotoxic"
"AAGCGATTCAGCGGGTATGTTGAC-1","slingPseudotime_1",32.9718623512823,"STOP","aucell_exhausted_score",0.148850272073021,"exhausted"
"AAGCGATTCAGCGGGTATGTTGAC-1","slingPseudotime_1",32.9718623512823,"STOP","aucell_proliferating_score",0,"proliferating"
"AAGCGATTCAGCGGGTATGTTGAC-1","slingPseudotime_1",32.9718623512823,"STOP","aucell_naive_memory_score",0,"naive_memory"
"AAGCGATTCAGCGGGTATGTTGAC-1","slingPseudotime_1",32.9718623512823,"STOP","aucell_cytotoxic_score",0.546779006494646,"cytotoxic"
"AAGCGATTCAGCGGGTATGTTGAC-1","slingPseudotime_2",22.2665115147499,"STOP","aucell_exhausted_score",0.148850272073021,"exhausted"
"AAGCGATTCAGCGGGTATGTTGAC-1","slingPseudotime_2",22.2665115147499,"STOP","aucell_proliferating_score",0,"proliferating"
"AAGCGATTCAGCGGGTATGTTGAC-1","slingPseudotime_2",22.2665115147499,"STOP","aucell_naive_memory_score",0,"naive_memory"
"AAGCGATTCAGCGGGTATGTTGAC-1","slingPseudotime_2",22.2665115147499,"STOP","aucell_cytotoxic_score",0.546779006494646,"cytotoxic"
"AAGGCCATCATTGCATATGTTGAC-1","slingPseudotime_2",34.1212268835016,"STOP","aucell_exhausted_score",0,"exhausted"
"AAGGCCATCATTGCATATGTTGAC-1","slingPseudotime_2",34.1212268835016,"STOP","aucell_proliferating_score",0.332210526315789,"proliferating"
"AAGGCCATCATTGCATATGTTGAC-1","slingPseudotime_2",34.1212268835016,"STOP","aucell_naive_memory_score",0,"naive_memory"
"AAGGCCATCATTGCATATGTTGAC-1","slingPseudotime_2",34.1212268835016,"STOP","aucell_cytotoxic_score",0.746006670177286,"cytotoxic"
"AAGGGAGGTACCTCAGATGTTGAC-1","slingPseudotime_1",31.2018794524553,"STOP","aucell_exhausted_score",0,"exhausted"
"AAGGGAGGTACCTCAGATGTTGAC-1","slingPseudotime_1",31.2018794524553,"STOP","aucell_proliferating_score",0.167368421052632,"proliferating"
"AAGGGAGGTACCTCAGATGTTGAC-1","slingPseudotime_1",31.2018794524553,"STOP","aucell_naive_memory_score",0.0884210526315789,"naive_memory"
"AAGGGAGGTACCTCAGATGTTGAC-1","slingPseudotime_1",31.2018794524553,"STOP","aucell_cytotoxic_score",0.341934351413024,"cytotoxic"
"AAGGGAGGTACCTCAGATGTTGAC-1","slingPseudotime_2",22.5098466054877,"STOP","aucell_exhausted_score",0,"exhausted"
"AAGGGAGGTACCTCAGATGTTGAC-1","slingPseudotime_2",22.5098466054877,"STOP","aucell_proliferating_score",0.167368421052632,"proliferating"
"AAGGGAGGTACCTCAGATGTTGAC-1","slingPseudotime_2",22.5098466054877,"STOP","aucell_naive_memory_score",0.0884210526315789,"naive_memory"
"AAGGGAGGTACCTCAGATGTTGAC-1","slingPseudotime_2",22.5098466054877,"STOP","aucell_cytotoxic_score",0.341934351413024,"cytotoxic"
"AAGTGAGAGGATGTTAATGTTGAC-1","slingPseudotime_1",23.0156499192548,"STOP","aucell_exhausted_score",0,"exhausted"
"AAGTGAGAGGATGTTAATGTTGAC-1","slingPseudotime_1",23.0156499192548,"STOP","aucell_proliferating_score",0,"proliferating"
"AAGTGAGAGGATGTTAATGTTGAC-1","slingPseudotime_1",23.0156499192548,"STOP","aucell_naive_memory_score",0,"naive_memory"
"AAGTGAGAGGATGTTAATGTTGAC-1","slingPseudotime_1",23.0156499192548,"STOP","aucell_cytotoxic_score",0.111813235035984,"cytotoxic"
"AAGTGAGAGGATGTTAATGTTGAC-1","slingPseudotime_2",21.9055463656884,"STOP","aucell_exhausted_score",0,"exhausted"
"AAGTGAGAGGATGTTAATGTTGAC-1","slingPseudotime_2",21.9055463656884,"STOP","aucell_proliferating_score",0,"proliferating"
"AAGTGAGAGGATGTTAATGTTGAC-1","slingPseudotime_2",21.9055463656884,"STOP","aucell_naive_memory_score",0,"naive_memory"
"AAGTGAGAGGATGTTAATGTTGAC-1","slingPseudotime_2",21.9055463656884,"STOP","aucell_cytotoxic_score",0.111813235035984,"cytotoxic"
"AAGTTGCAGCAACTTTATGTTGAC-1","slingPseudotime_1",18.9316034430003,"STOP","aucell_exhausted_score",0.0119361067228366,"exhausted"
"AAGTTGCAGCAACTTTATGTTGAC-1","slingPseudotime_1",18.9316034430003,"STOP","aucell_proliferating_score",0,"proliferating"
"AAGTTGCAGCAACTTTATGTTGAC-1","slingPseudotime_1",18.9316034430003,"STOP","aucell_naive_memory_score",0.165263157894737,"naive_memory"
"AAGTTGCAGCAACTTTATGTTGAC-1","slingPseudotime_1",18.9316034430003,"STOP","aucell_cytotoxic_score",0.662804985079867,"cytotoxic"
"AAGTTGCAGCAACTTTATGTTGAC-1","slingPseudotime_2",17.9040926412349,"STOP","aucell_exhausted_score",0.0119361067228366,"exhausted"
"AAGTTGCAGCAACTTTATGTTGAC-1","slingPseudotime_2",17.9040926412349,"STOP","aucell_proliferating_score",0,"proliferating"
"AAGTTGCAGCAACTTTATGTTGAC-1","slingPseudotime_2",17.9040926412349,"STOP","aucell_naive_memory_score",0.165263157894737,"naive_memory"
"AAGTTGCAGCAACTTTATGTTGAC-1","slingPseudotime_2",17.9040926412349,"STOP","aucell_cytotoxic_score",0.662804985079867,"cytotoxic"
"AAGTTGCAGCAACTTTATGTTGAC-1","slingPseudotime_3",21.8919079860431,"STOP","aucell_exhausted_score",0.0119361067228366,"exhausted"
"AAGTTGCAGCAACTTTATGTTGAC-1","slingPseudotime_3",21.8919079860431,"STOP","aucell_proliferating_score",0,"proliferating"
"AAGTTGCAGCAACTTTATGTTGAC-1","slingPseudotime_3",21.8919079860431,"STOP","aucell_naive_memory_score",0.165263157894737,"naive_memory"
"AAGTTGCAGCAACTTTATGTTGAC-1","slingPseudotime_3",21.8919079860431,"STOP","aucell_cytotoxic_score",0.662804985079867,"cytotoxic"
"AAGTTGCAGCAACTTTATGTTGAC-1","slingPseudotime_4",21.934535784199,"STOP","aucell_exhausted_score",0.0119361067228366,"exhausted"
"AAGTTGCAGCAACTTTATGTTGAC-1","slingPseudotime_4",21.934535784199,"STOP","aucell_proliferating_score",0,"proliferating"
"AAGTTGCAGCAACTTTATGTTGAC-1","slingPseudotime_4",21.934535784199,"STOP","aucell_naive_memory_score",0.165263157894737,"naive_memory"
"AAGTTGCAGCAACTTTATGTTGAC-1","slingPseudotime_4",21.934535784199,"STOP","aucell_cytotoxic_score",0.662804985079867,"cytotoxic"
"AAGTTGCAGGCTTAGGATGTTGAC-1","slingPseudotime_1",27.4675638642747,"STOP","aucell_exhausted_score",0,"exhausted"
"AAGTTGCAGGCTTAGGATGTTGAC-1","slingPseudotime_1",27.4675638642747,"STOP","aucell_proliferating_score",0,"proliferating"
"AAGTTGCAGGCTTAGGATGTTGAC-1","slingPseudotime_1",27.4675638642747,"STOP","aucell_naive_memory_score",0.124631578947368,"naive_memory"
"AAGTTGCAGGCTTAGGATGTTGAC-1","slingPseudotime_1",27.4675638642747,"STOP","aucell_cytotoxic_score",0.271370896963314,"cytotoxic"
"AAGTTGCAGGCTTAGGATGTTGAC-1","slingPseudotime_2",24.1063768849199,"STOP","aucell_exhausted_score",0,"exhausted"
"AAGTTGCAGGCTTAGGATGTTGAC-1","slingPseudotime_2",24.1063768849199,"STOP","aucell_proliferating_score",0,"proliferating"
"AAGTTGCAGGCTTAGGATGTTGAC-1","slingPseudotime_2",24.1063768849199,"STOP","aucell_naive_memory_score",0.124631578947368,"naive_memory"
"AAGTTGCAGGCTTAGGATGTTGAC-1","slingPseudotime_2",24.1063768849199,"STOP","aucell_cytotoxic_score",0.271370896963314,"cytotoxic"
"AATGCGCCATGGCGCAATGTTGAC-1","slingPseudotime_1",26.1756800498732,"STOP","aucell_exhausted_score",0,"exhausted"
"AATGCGCCATGGCGCAATGTTGAC-1","slingPseudotime_1",26.1756800498732,"STOP","aucell_proliferating_score",0,"proliferating"
"AATGCGCCATGGCGCAATGTTGAC-1","slingPseudotime_1",26.1756800498732,"STOP","aucell_naive_memory_score",0,"naive_memory"
"AATGCGCCATGGCGCAATGTTGAC-1","slingPseudotime_1",26.1756800498732,"STOP","aucell_cytotoxic_score",0.32982271370897,"cytotoxic"
"AATGCGCCATGGCGCAATGTTGAC-1","slingPseudotime_2",22.9284014254251,"STOP","aucell_exhausted_score",0,"exhausted"
"AATGCGCCATGGCGCAATGTTGAC-1","slingPseudotime_2",22.9284014254251,"STOP","aucell_proliferating_score",0,"proliferating"
"AATGCGCCATGGCGCAATGTTGAC-1","slingPseudotime_2",22.9284014254251,"STOP","aucell_naive_memory_score",0,"naive_memory"
"AATGCGCCATGGCGCAATGTTGAC-1","slingPseudotime_2",22.9284014254251,"STOP","aucell_cytotoxic_score",0.32982271370897,"cytotoxic"
"AATTGACCATCCGTCAATGTTGAC-1","slingPseudotime_1",25.7080046017674,"STOP","aucell_exhausted_score",0.0921537651395471,"exhausted"
"AATTGACCATCCGTCAATGTTGAC-1","slingPseudotime_1",25.7080046017674,"STOP","aucell_proliferating_score",0,"proliferating"
"AATTGACCATCCGTCAATGTTGAC-1","slingPseudotime_1",25.7080046017674,"STOP","aucell_naive_memory_score",0.0568421052631579,"naive_memory"
"AATTGACCATCCGTCAATGTTGAC-1","slingPseudotime_1",25.7080046017674,"STOP","aucell_cytotoxic_score",0.165174653326312,"cytotoxic"
"AATTGACCATCCGTCAATGTTGAC-1","slingPseudotime_2",25.5054563302167,"STOP","aucell_exhausted_score",0.0921537651395471,"exhausted"
"AATTGACCATCCGTCAATGTTGAC-1","slingPseudotime_2",25.5054563302167,"STOP","aucell_proliferating_score",0,"proliferating"
"AATTGACCATCCGTCAATGTTGAC-1","slingPseudotime_2",25.5054563302167,"STOP","aucell_naive_memory_score",0.0568421052631579,"naive_memory"
"AATTGACCATCCGTCAATGTTGAC-1","slingPseudotime_2",25.5054563302167,"STOP","aucell_cytotoxic_score",0.165174653326312,"cytotoxic"
"ACAACATCATCAGGACATGTTGAC-1","slingPseudotime_1",22.2191795300967,"STOP","aucell_exhausted_score",0,"exhausted"
"ACAACATCATCAGGACATGTTGAC-1","slingPseudotime_1",22.2191795300967,"STOP","aucell_proliferating_score",0,"proliferating"
"ACAACATCATCAGGACATGTTGAC-1","slingPseudotime_1",22.2191795300967,"STOP","aucell_naive_memory_score",0.166526315789474,"naive_memory"
"ACAACATCATCAGGACATGTTGAC-1","slingPseudotime_1",22.2191795300967,"STOP","aucell_cytotoxic_score",0.746357732139723,"cytotoxic"
"ACAACATCATCAGGACATGTTGAC-1","slingPseudotime_2",22.1126506558287,"STOP","aucell_exhausted_score",0,"exhausted"
"ACAACATCATCAGGACATGTTGAC-1","slingPseudotime_2",22.1126506558287,"STOP","aucell_proliferating_score",0,"proliferating"
"ACAACATCATCAGGACATGTTGAC-1","slingPseudotime_2",22.1126506558287,"STOP","aucell_naive_memory_score",0.166526315789474,"naive_memory"
"ACAACATCATCAGGACATGTTGAC-1","slingPseudotime_2",22.1126506558287,"STOP","aucell_cytotoxic_score",0.746357732139723,"cytotoxic"
"ACCAATTTCTGTGATTATGTTGAC-1","slingPseudotime_1",30.1625301941101,"STOP","aucell_exhausted_score",0,"exhausted"
"ACCAATTTCTGTGATTATGTTGAC-1","slingPseudotime_1",30.1625301941101,"STOP","aucell_proliferating_score",0,"proliferating"
"ACCAATTTCTGTGATTATGTTGAC-1","slingPseudotime_1",30.1625301941101,"STOP","aucell_naive_memory_score",0.130526315789474,"naive_memory"
"ACCAATTTCTGTGATTATGTTGAC-1","slingPseudotime_1",30.1625301941101,"STOP","aucell_cytotoxic_score",0.32104616464806,"cytotoxic"
"ACCAATTTCTGTGATTATGTTGAC-1","slingPseudotime_2",22.7365695837523,"STOP","aucell_exhausted_score",0,"exhausted"
"ACCAATTTCTGTGATTATGTTGAC-1","slingPseudotime_2",22.7365695837523,"STOP","aucell_proliferating_score",0,"proliferating"
"ACCAATTTCTGTGATTATGTTGAC-1","slingPseudotime_2",22.7365695837523,"STOP","aucell_naive_memory_score",0.130526315789474,"naive_memory"
"ACCAATTTCTGTGATTATGTTGAC-1","slingPseudotime_2",22.7365695837523,"STOP","aucell_cytotoxic_score",0.32104616464806,"cytotoxic"
"ACCGAAGTCAATCCTGATGTTGAC-1","slingPseudotime_1",31.6691261341756,"STOP","aucell_exhausted_score",0.10444093382482,"exhausted"
"ACCGAAGTCAATCCTGATGTTGAC-1","slingPseudotime_1",31.6691261341756,"STOP","aucell_proliferating_score",0.144421052631579,"proliferating"
"ACCGAAGTCAATCCTGATGTTGAC-1","slingPseudotime_1",31.6691261341756,"STOP","aucell_naive_memory_score",0,"naive_memory"
"ACCGAAGTCAATCCTGATGTTGAC-1","slingPseudotime_1",31.6691261341756,"STOP","aucell_cytotoxic_score",0.0677549587502194,"cytotoxic"
"ACCTATCCACTCCCAAATGTTGAC-1","slingPseudotime_1",26.0786594658408,"STOP","aucell_exhausted_score",0,"exhausted"
"ACCTATCCACTCCCAAATGTTGAC-1","slingPseudotime_1",26.0786594658408,"STOP","aucell_proliferating_score",0.00631578947368421,"proliferating"
"ACCTATCCACTCCCAAATGTTGAC-1","slingPseudotime_1",26.0786594658408,"STOP","aucell_naive_memory_score",0,"naive_memory"
"ACCTATCCACTCCCAAATGTTGAC-1","slingPseudotime_1",26.0786594658408,"STOP","aucell_cytotoxic_score",0.289977180972442,"cytotoxic"
"ACCTATCCACTCCCAAATGTTGAC-1","slingPseudotime_2",22.4045399014303,"STOP","aucell_exhausted_score",0,"exhausted"
"ACCTATCCACTCCCAAATGTTGAC-1","slingPseudotime_2",22.4045399014303,"STOP","aucell_proliferating_score",0.00631578947368421,"proliferating"
"ACCTATCCACTCCCAAATGTTGAC-1","slingPseudotime_2",22.4045399014303,"STOP","aucell_naive_memory_score",0,"naive_memory"
"ACCTATCCACTCCCAAATGTTGAC-1","slingPseudotime_2",22.4045399014303,"STOP","aucell_cytotoxic_score",0.289977180972442,"cytotoxic"
"ACCTCATCAACAGCTAATGTTGAC-1","slingPseudotime_1",23.0657482554666,"STOP","aucell_exhausted_score",0,"exhausted"
"ACCTCATCAACAGCTAATGTTGAC-1","slingPseudotime_1",23.0657482554666,"STOP","aucell_proliferating_score",0,"proliferating"
"ACCTCATCAACAGCTAATGTTGAC-1","slingPseudotime_1",23.0657482554666,"STOP","aucell_naive_memory_score",0.202315789473684,"naive_memory"
"ACCTCATCAACAGCTAATGTTGAC-1","slingPseudotime_1",23.0657482554666,"STOP","aucell_cytotoxic_score",0,"cytotoxic"
"ACCTCATCAACAGCTAATGTTGAC-1","slingPseudotime_2",22.4655533734748,"STOP","aucell_exhausted_score",0,"exhausted"
"ACCTCATCAACAGCTAATGTTGAC-1","slingPseudotime_2",22.4655533734748,"STOP","aucell_proliferating_score",0,"proliferating"
"ACCTCATCAACAGCTAATGTTGAC-1","slingPseudotime_2",22.4655533734748,"STOP","aucell_naive_memory_score",0.202315789473684,"naive_memory"
"ACCTCATCAACAGCTAATGTTGAC-1","slingPseudotime_2",22.4655533734748,"STOP","aucell_cytotoxic_score",0,"cytotoxic"
"ACCTCCCTCCTGGTTAATGTTGAC-1","slingPseudotime_1",23.8708486858254,"STOP","aucell_exhausted_score",0.113217482885729,"exhausted"
"ACCTCCCTCCTGGTTAATGTTGAC-1","slingPseudotime_1",23.8708486858254,"STOP","aucell_proliferating_score",0,"proliferating"
"ACCTCCCTCCTGGTTAATGTTGAC-1","slingPseudotime_1",23.8708486858254,"STOP","aucell_naive_memory_score",0,"naive_memory"
"ACCTCCCTCCTGGTTAATGTTGAC-1","slingPseudotime_1",23.8708486858254,"STOP","aucell_cytotoxic_score",0.353343865192206,"cytotoxic"
"ACCTCCCTCCTGGTTAATGTTGAC-1","slingPseudotime_2",23.2723616093028,"STOP","aucell_exhausted_score",0.113217482885729,"exhausted"
"ACCTCCCTCCTGGTTAATGTTGAC-1","slingPseudotime_2",23.2723616093028,"STOP","aucell_proliferating_score",0,"proliferating"
"ACCTCCCTCCTGGTTAATGTTGAC-1","slingPseudotime_2",23.2723616093028,"STOP","aucell_naive_memory_score",0,"naive_memory"
"ACCTCCCTCCTGGTTAATGTTGAC-1","slingPseudotime_2",23.2723616093028,"STOP","aucell_cytotoxic_score",0.353343865192206,"cytotoxic"
"ACGAGGGAGCTGATTTATGTTGAC-1","slingPseudotime_1",31.9438068113181,"STOP","aucell_exhausted_score",0,"exhausted"
"ACGAGGGAGCTGATTTATGTTGAC-1","slingPseudotime_1",31.9438068113181,"STOP","aucell_proliferating_score",0,"proliferating"
"ACGAGGGAGCTGATTTATGTTGAC-1","slingPseudotime_1",31.9438068113181,"STOP","aucell_naive_memory_score",0,"naive_memory"
"ACGAGGGAGCTGATTTATGTTGAC-1","slingPseudotime_1",31.9438068113181,"STOP","aucell_cytotoxic_score",0.526417412673337,"cytotoxic"
"ACTAAACCAAACCTGAATGTTGAC-1","slingPseudotime_3",25.825570948897,"STOP","aucell_exhausted_score",0.283658065648587,"exhausted"
"ACTAAACCAAACCTGAATGTTGAC-1","slingPseudotime_3",25.825570948897,"STOP","aucell_proliferating_score",0.0585263157894737,"proliferating"
"ACTAAACCAAACCTGAATGTTGAC-1","slingPseudotime_3",25.825570948897,"STOP","aucell_naive_memory_score",0.162947368421053,"naive_memory"
"ACTAAACCAAACCTGAATGTTGAC-1","slingPseudotime_3",25.825570948897,"STOP","aucell_cytotoxic_score",0.167632087063367,"cytotoxic"
"ACTAATGAGCTAAACAATGTTGAC-1","slingPseudotime_2",31.9190401309856,"STOP","aucell_exhausted_score",0,"exhausted"
"ACTAATGAGCTAAACAATGTTGAC-1","slingPseudotime_2",31.9190401309856,"STOP","aucell_proliferating_score",0.220210526315789,"proliferating"
"ACTAATGAGCTAAACAATGTTGAC-1","slingPseudotime_2",31.9190401309856,"STOP","aucell_naive_memory_score",0.166736842105263,"naive_memory"
"ACTAATGAGCTAAACAATGTTGAC-1","slingPseudotime_2",31.9190401309856,"STOP","aucell_cytotoxic_score",0.209408460593295,"cytotoxic"
"AGAAGCAAGCACGGTAATGTTGAC-1","slingPseudotime_1",30.1858378664225,"STOP","aucell_exhausted_score",0,"exhausted"
"AGAAGCAAGCACGGTAATGTTGAC-1","slingPseudotime_1",30.1858378664225,"STOP","aucell_proliferating_score",0.0941052631578947,"proliferating"
"AGAAGCAAGCACGGTAATGTTGAC-1","slingPseudotime_1",30.1858378664225,"STOP","aucell_naive_memory_score",0,"naive_memory"
"AGAAGCAAGCACGGTAATGTTGAC-1","slingPseudotime_1",30.1858378664225,"STOP","aucell_cytotoxic_score",0.332455678427242,"cytotoxic"
"AGCGCGAGTTCCTTCAATGTTGAC-1","slingPseudotime_1",25.7080046017674,"STOP","aucell_exhausted_score",0.0977707565385291,"exhausted"
"AGCGCGAGTTCCTTCAATGTTGAC-1","slingPseudotime_1",25.7080046017674,"STOP","aucell_proliferating_score",0,"proliferating"
"AGCGCGAGTTCCTTCAATGTTGAC-1","slingPseudotime_1",25.7080046017674,"STOP","aucell_naive_memory_score",0,"naive_memory"
"AGCGCGAGTTCCTTCAATGTTGAC-1","slingPseudotime_1",25.7080046017674,"STOP","aucell_cytotoxic_score",0.443742320519572,"cytotoxic"
"AGCGCGAGTTCCTTCAATGTTGAC-1","slingPseudotime_2",23.673993222627,"STOP","aucell_exhausted_score",0.0977707565385291,"exhausted"
"AGCGCGAGTTCCTTCAATGTTGAC-1","slingPseudotime_2",23.673993222627,"STOP","aucell_proliferating_score",0,"proliferating"
"AGCGCGAGTTCCTTCAATGTTGAC-1","slingPseudotime_2",23.673993222627,"STOP","aucell_naive_memory_score",0,"naive_memory"
"AGCGCGAGTTCCTTCAATGTTGAC-1","slingPseudotime_2",23.673993222627,"STOP","aucell_cytotoxic_score",0.443742320519572,"cytotoxic"
"AGGCGAGAGGCAAGTTATGTTGAC-1","slingPseudotime_1",0,"STOP","aucell_exhausted_score",0,"exhausted"
"AGGCGAGAGGCAAGTTATGTTGAC-1","slingPseudotime_1",0,"STOP","aucell_proliferating_score",0.00357894736842105,"proliferating"
"AGGCGAGAGGCAAGTTATGTTGAC-1","slingPseudotime_1",0,"STOP","aucell_naive_memory_score",0.562947368421053,"naive_memory"
"AGGCGAGAGGCAAGTTATGTTGAC-1","slingPseudotime_1",0,"STOP","aucell_cytotoxic_score",0,"cytotoxic"
"AGGCGAGAGGCAAGTTATGTTGAC-1","slingPseudotime_2",0,"STOP","aucell_exhausted_score",0,"exhausted"
"AGGCGAGAGGCAAGTTATGTTGAC-1","slingPseudotime_2",0,"STOP","aucell_proliferating_score",0.00357894736842105,"proliferating"
"AGGCGAGAGGCAAGTTATGTTGAC-1","slingPseudotime_2",0,"STOP","aucell_naive_memory_score",0.562947368421053,"naive_memory"
"AGGCGAGAGGCAAGTTATGTTGAC-1","slingPseudotime_2",0,"STOP","aucell_cytotoxic_score",0,"cytotoxic"
"AGGCGAGAGGCAAGTTATGTTGAC-1","slingPseudotime_3",0.41557982159599,"STOP","aucell_exhausted_score",0,"exhausted"
"AGGCGAGAGGCAAGTTATGTTGAC-1","slingPseudotime_3",0.41557982159599,"STOP","aucell_proliferating_score",0.00357894736842105,"proliferating"
"AGGCGAGAGGCAAGTTATGTTGAC-1","slingPseudotime_3",0.41557982159599,"STOP","aucell_naive_memory_score",0.562947368421053,"naive_memory"
"AGGCGAGAGGCAAGTTATGTTGAC-1","slingPseudotime_3",0.41557982159599,"STOP","aucell_cytotoxic_score",0,"cytotoxic"
"AGGCGAGAGGCAAGTTATGTTGAC-1","slingPseudotime_4",0.222413263552172,"STOP","aucell_exhausted_score",0,"exhausted"
"AGGCGAGAGGCAAGTTATGTTGAC-1","slingPseudotime_4",0.222413263552172,"STOP","aucell_proliferating_score",0.00357894736842105,"proliferating"
"AGGCGAGAGGCAAGTTATGTTGAC-1","slingPseudotime_4",0.222413263552172,"STOP","aucell_naive_memory_score",0.562947368421053,"naive_memory"
"AGGCGAGAGGCAAGTTATGTTGAC-1","slingPseudotime_4",0.222413263552172,"STOP","aucell_cytotoxic_score",0,"cytotoxic"
"AGGTGAGCATTCAACCATGTTGAC-1","slingPseudotime_1",27.256246065038,"STOP","aucell_exhausted_score",0,"exhausted"
"AGGTGAGCATTCAACCATGTTGAC-1","slingPseudotime_1",27.256246065038,"STOP","aucell_proliferating_score",0,"proliferating"
"AGGTGAGCATTCAACCATGTTGAC-1","slingPseudotime_1",27.256246065038,"STOP","aucell_naive_memory_score",0.175368421052632,"naive_memory"
"AGGTGAGCATTCAACCATGTTGAC-1","slingPseudotime_1",27.256246065038,"STOP","aucell_cytotoxic_score",0.247849745480077,"cytotoxic"
"AGGTGAGCATTCAACCATGTTGAC-1","slingPseudotime_2",23.673993222627,"STOP","aucell_exhausted_score",0,"exhausted"
"AGGTGAGCATTCAACCATGTTGAC-1","slingPseudotime_2",23.673993222627,"STOP","aucell_proliferating_score",0,"proliferating"
"AGGTGAGCATTCAACCATGTTGAC-1","slingPseudotime_2",23.673993222627,"STOP","aucell_naive_memory_score",0.175368421052632,"naive_memory"
"AGGTGAGCATTCAACCATGTTGAC-1","slingPseudotime_2",23.673993222627,"STOP","aucell_cytotoxic_score",0.247849745480077,"cytotoxic"
"AGGTTAATCATGAATGATGTTGAC-1","slingPseudotime_1",22.2741665825537,"STOP","aucell_exhausted_score",0.0280849569949096,"exhausted"
"AGGTTAATCATGAATGATGTTGAC-1","slingPseudotime_1",22.2741665825537,"STOP","aucell_proliferating_score",0,"proliferating"
"AGGTTAATCATGAATGATGTTGAC-1","slingPseudotime_1",22.2741665825537,"STOP","aucell_naive_memory_score",0,"naive_memory"
"AGGTTAATCATGAATGATGTTGAC-1","slingPseudotime_1",22.2741665825537,"STOP","aucell_cytotoxic_score",0.131823766894857,"cytotoxic"
"AGGTTAATCATGAATGATGTTGAC-1","slingPseudotime_2",21.2303732941989,"STOP","aucell_exhausted_score",0.0280849569949096,"exhausted"
"AGGTTAATCATGAATGATGTTGAC-1","slingPseudotime_2",21.2303732941989,"STOP","aucell_proliferating_score",0,"proliferating"
"AGGTTAATCATGAATGATGTTGAC-1","slingPseudotime_2",21.2303732941989,"STOP","aucell_naive_memory_score",0,"naive_memory"
"AGGTTAATCATGAATGATGTTGAC-1","slingPseudotime_2",21.2303732941989,"STOP","aucell_cytotoxic_score",0.131823766894857,"cytotoxic"
"AGTACTGCACCAGCCTATGTTGAC-1","slingPseudotime_1",22.7945384746472,"STOP","aucell_exhausted_score",0.156398104265403,"exhausted"
"AGTACTGCACCAGCCTATGTTGAC-1","slingPseudotime_1",22.7945384746472,"STOP","aucell_proliferating_score",0,"proliferating"
"AGTACTGCACCAGCCTATGTTGAC-1","slingPseudotime_1",22.7945384746472,"STOP","aucell_naive_memory_score",0,"naive_memory"
"AGTACTGCACCAGCCTATGTTGAC-1","slingPseudotime_1",22.7945384746472,"STOP","aucell_cytotoxic_score",0.164999122345094,"cytotoxic"
"AGTACTGCACCAGCCTATGTTGAC-1","slingPseudotime_2",21.1287605303744,"STOP","aucell_exhausted_score",0.156398104265403,"exhausted"
"AGTACTGCACCAGCCTATGTTGAC-1","slingPseudotime_2",21.1287605303744,"STOP","aucell_proliferating_score",0,"proliferating"
"AGTACTGCACCAGCCTATGTTGAC-1","slingPseudotime_2",21.1287605303744,"STOP","aucell_naive_memory_score",0,"naive_memory"
"AGTACTGCACCAGCCTATGTTGAC-1","slingPseudotime_2",21.1287605303744,"STOP","aucell_cytotoxic_score",0.164999122345094,"cytotoxic"
"AGTGATTCAAGCCAGTATGTTGAC-1","slingPseudotime_1",22.7729582716459,"STOP","aucell_exhausted_score",0,"exhausted"
"AGTGATTCAAGCCAGTATGTTGAC-1","slingPseudotime_1",22.7729582716459,"STOP","aucell_proliferating_score",0,"proliferating"
"AGTGATTCAAGCCAGTATGTTGAC-1","slingPseudotime_1",22.7729582716459,"STOP","aucell_naive_memory_score",0.0330526315789474,"naive_memory"
"AGTGATTCAAGCCAGTATGTTGAC-1","slingPseudotime_1",22.7729582716459,"STOP","aucell_cytotoxic_score",0.326663156047042,"cytotoxic"
"AGTGATTCAAGCCAGTATGTTGAC-1","slingPseudotime_2",21.6700855240382,"STOP","aucell_exhausted_score",0,"exhausted"
"AGTGATTCAAGCCAGTATGTTGAC-1","slingPseudotime_2",21.6700855240382,"STOP","aucell_proliferating_score",0,"proliferating"
"AGTGATTCAAGCCAGTATGTTGAC-1","slingPseudotime_2",21.6700855240382,"STOP","aucell_naive_memory_score",0.0330526315789474,"naive_memory"
"AGTGATTCAAGCCAGTATGTTGAC-1","slingPseudotime_2",21.6700855240382,"STOP","aucell_cytotoxic_score",0.326663156047042,"cytotoxic"
"AGTGCGGGTTACCGTGATGTTGAC-1","slingPseudotime_1",31.5430633035184,"STOP","aucell_exhausted_score",0,"exhausted"
"AGTGCGGGTTACCGTGATGTTGAC-1","slingPseudotime_1",31.5430633035184,"STOP","aucell_proliferating_score",0,"proliferating"
"AGTGCGGGTTACCGTGATGTTGAC-1","slingPseudotime_1",31.5430633035184,"STOP","aucell_naive_memory_score",0.169473684210526,"naive_memory"
"AGTGCGGGTTACCGTGATGTTGAC-1","slingPseudotime_1",31.5430633035184,"STOP","aucell_cytotoxic_score",0.33368439529577,"cytotoxic"
"AGTGCTGAGGTTGCAGATGTTGAC-1","slingPseudotime_1",23.8796357244841,"STOP","aucell_exhausted_score",0.0933824820080744,"exhausted"
"AGTGCTGAGGTTGCAGATGTTGAC-1","slingPseudotime_1",23.8796357244841,"STOP","aucell_proliferating_score",0,"proliferating"
"AGTGCTGAGGTTGCAGATGTTGAC-1","slingPseudotime_1",23.8796357244841,"STOP","aucell_naive_memory_score",0.176,"naive_memory"
"AGTGCTGAGGTTGCAGATGTTGAC-1","slingPseudotime_1",23.8796357244841,"STOP","aucell_cytotoxic_score",0.359838511497279,"cytotoxic"
"AGTGCTGAGGTTGCAGATGTTGAC-1","slingPseudotime_2",22.1937954752894,"STOP","aucell_exhausted_score",0.0933824820080744,"exhausted"
"AGTGCTGAGGTTGCAGATGTTGAC-1","slingPseudotime_2",22.1937954752894,"STOP","aucell_proliferating_score",0,"proliferating"
"AGTGCTGAGGTTGCAGATGTTGAC-1","slingPseudotime_2",22.1937954752894,"STOP","aucell_naive_memory_score",0.176,"naive_memory"
"AGTGCTGAGGTTGCAGATGTTGAC-1","slingPseudotime_2",22.1937954752894,"STOP","aucell_cytotoxic_score",0.359838511497279,"cytotoxic"
"ATAATGGTCTCACCGGATGTTGAC-1","slingPseudotime_1",29.4407053346803,"STOP","aucell_exhausted_score",0,"exhausted"
"ATAATGGTCTCACCGGATGTTGAC-1","slingPseudotime_1",29.4407053346803,"STOP","aucell_proliferating_score",0,"proliferating"
"ATAATGGTCTCACCGGATGTTGAC-1","slingPseudotime_1",29.4407053346803,"STOP","aucell_naive_memory_score",0,"naive_memory"
"ATAATGGTCTCACCGGATGTTGAC-1","slingPseudotime_1",29.4407053346803,"STOP","aucell_cytotoxic_score",0.508162190626646,"cytotoxic"
"ATAATGGTCTCACCGGATGTTGAC-1","slingPseudotime_2",25.1133243018318,"STOP","aucell_exhausted_score",0,"exhausted"
"ATAATGGTCTCACCGGATGTTGAC-1","slingPseudotime_2",25.1133243018318,"STOP","aucell_proliferating_score",0,"proliferating"
"ATAATGGTCTCACCGGATGTTGAC-1","slingPseudotime_2",25.1133243018318,"STOP","aucell_naive_memory_score",0,"naive_memory"
"ATAATGGTCTCACCGGATGTTGAC-1","slingPseudotime_2",25.1133243018318,"STOP","aucell_cytotoxic_score",0.508162190626646,"cytotoxic"
"ATAGAAGCATTTGGCTATGTTGAC-1","slingPseudotime_1",25.0757955494429,"STOP","aucell_exhausted_score",0,"exhausted"
"ATAGAAGCATTTGGCTATGTTGAC-1","slingPseudotime_1",25.0757955494429,"STOP","aucell_proliferating_score",0,"proliferating"
"ATAGAAGCATTTGGCTATGTTGAC-1","slingPseudotime_1",25.0757955494429,"STOP","aucell_naive_memory_score",0,"naive_memory"
"ATAGAAGCATTTGGCTATGTTGAC-1","slingPseudotime_1",25.0757955494429,"STOP","aucell_cytotoxic_score",0.382130946111989,"cytotoxic"
"ATAGAAGCATTTGGCTATGTTGAC-1","slingPseudotime_2",23.3333290052762,"STOP","aucell_exhausted_score",0,"exhausted"
"ATAGAAGCATTTGGCTATGTTGAC-1","slingPseudotime_2",23.3333290052762,"STOP","aucell_proliferating_score",0,"proliferating"
"ATAGAAGCATTTGGCTATGTTGAC-1","slingPseudotime_2",23.3333290052762,"STOP","aucell_naive_memory_score",0,"naive_memory"
"ATAGAAGCATTTGGCTATGTTGAC-1","slingPseudotime_2",23.3333290052762,"STOP","aucell_cytotoxic_score",0.382130946111989,"cytotoxic"
"ATGAGGCGTTAATGCCATGTTGAC-1","slingPseudotime_1",25.2152427778895,"STOP","aucell_exhausted_score",0,"exhausted"
"ATGAGGCGTTAATGCCATGTTGAC-1","slingPseudotime_1",25.2152427778895,"STOP","aucell_proliferating_score",0,"proliferating"
"ATGAGGCGTTAATGCCATGTTGAC-1","slingPseudotime_1",25.2152427778895,"STOP","aucell_naive_memory_score",0,"naive_memory"
"ATGAGGCGTTAATGCCATGTTGAC-1","slingPseudotime_1",25.2152427778895,"STOP","aucell_cytotoxic_score",0.269264525188696,"cytotoxic"
"ATGAGGCGTTAATGCCATGTTGAC-1","slingPseudotime_2",23.2380985248526,"STOP","aucell_exhausted_score",0,"exhausted"
"ATGAGGCGTTAATGCCATGTTGAC-1","slingPseudotime_2",23.2380985248526,"STOP","aucell_proliferating_score",0,"proliferating"
"ATGAGGCGTTAATGCCATGTTGAC-1","slingPseudotime_2",23.2380985248526,"STOP","aucell_naive_memory_score",0,"naive_memory"
"ATGAGGCGTTAATGCCATGTTGAC-1","slingPseudotime_2",23.2380985248526,"STOP","aucell_cytotoxic_score",0.269264525188696,"cytotoxic"
"ATGGATTCATATTTCGATGTTGAC-1","slingPseudotime_1",24.0310706563987,"STOP","aucell_exhausted_score",0,"exhausted"
"ATGGATTCATATTTCGATGTTGAC-1","slingPseudotime_1",24.0310706563987,"STOP","aucell_proliferating_score",0,"proliferating"
"ATGGATTCATATTTCGATGTTGAC-1","slingPseudotime_1",24.0310706563987,"STOP","aucell_naive_memory_score",0.125894736842105,"naive_memory"
"ATGGATTCATATTTCGATGTTGAC-1","slingPseudotime_1",24.0310706563987,"STOP","aucell_cytotoxic_score",0.662278392136212,"cytotoxic"
"ATGGATTCATATTTCGATGTTGAC-1","slingPseudotime_2",22.3484413598658,"STOP","aucell_exhausted_score",0,"exhausted"
"ATGGATTCATATTTCGATGTTGAC-1","slingPseudotime_2",22.3484413598658,"STOP","aucell_proliferating_score",0,"proliferating"
"ATGGATTCATATTTCGATGTTGAC-1","slingPseudotime_2",22.3484413598658,"STOP","aucell_naive_memory_score",0.125894736842105,"naive_memory"
"ATGGATTCATATTTCGATGTTGAC-1","slingPseudotime_2",22.3484413598658,"STOP","aucell_cytotoxic_score",0.662278392136212,"cytotoxic"
"ATTCGTTAGGATCCCTATGTTGAC-1","slingPseudotime_1",35.2698343150002,"STOP","aucell_exhausted_score",0,"exhausted"
"ATTCGTTAGGATCCCTATGTTGAC-1","slingPseudotime_1",35.2698343150002,"STOP","aucell_proliferating_score",0,"proliferating"
"ATTCGTTAGGATCCCTATGTTGAC-1","slingPseudotime_1",35.2698343150002,"STOP","aucell_naive_memory_score",0,"naive_memory"
"ATTCGTTAGGATCCCTATGTTGAC-1","slingPseudotime_1",35.2698343150002,"STOP","aucell_cytotoxic_score",0.542390731964192,"cytotoxic"
"ATTCGTTAGGATCCCTATGTTGAC-1","slingPseudotime_2",20.4706629449516,"STOP","aucell_exhausted_score",0,"exhausted"
"ATTCGTTAGGATCCCTATGTTGAC-1","slingPseudotime_2",20.4706629449516,"STOP","aucell_proliferating_score",0,"proliferating"
"ATTCGTTAGGATCCCTATGTTGAC-1","slingPseudotime_2",20.4706629449516,"STOP","aucell_naive_memory_score",0,"naive_memory"
"ATTCGTTAGGATCCCTATGTTGAC-1","slingPseudotime_2",20.4706629449516,"STOP","aucell_cytotoxic_score",0.542390731964192,"cytotoxic"
"CAACCGGCAGGATTGCATGTTGAC-1","slingPseudotime_2",45.8068008087786,"STOP","aucell_exhausted_score",0.273828330700369,"exhausted"
"CAACCGGCAGGATTGCATGTTGAC-1","slingPseudotime_2",45.8068008087786,"STOP","aucell_proliferating_score",0,"proliferating"
"CAACCGGCAGGATTGCATGTTGAC-1","slingPseudotime_2",45.8068008087786,"STOP","aucell_naive_memory_score",0,"naive_memory"
"CAACCGGCAGGATTGCATGTTGAC-1","slingPseudotime_2",45.8068008087786,"STOP","aucell_cytotoxic_score",0.381779884149552,"cytotoxic"
"CAAGACTAGTTTACCGATGTTGAC-1","slingPseudotime_1",22.8816668370123,"STOP","aucell_exhausted_score",0,"exhausted"
"CAAGACTAGTTTACCGATGTTGAC-1","slingPseudotime_1",22.8816668370123,"STOP","aucell_proliferating_score",0,"proliferating"
"CAAGACTAGTTTACCGATGTTGAC-1","slingPseudotime_1",22.8816668370123,"STOP","aucell_naive_memory_score",0,"naive_memory"
"CAAGACTAGTTTACCGATGTTGAC-1","slingPseudotime_1",22.8816668370123,"STOP","aucell_cytotoxic_score",0.373705459013516,"cytotoxic"
"CAAGACTAGTTTACCGATGTTGAC-1","slingPseudotime_2",21.9129837040527,"STOP","aucell_exhausted_score",0,"exhausted"
"CAAGACTAGTTTACCGATGTTGAC-1","slingPseudotime_2",21.9129837040527,"STOP","aucell_proliferating_score",0,"proliferating"
"CAAGACTAGTTTACCGATGTTGAC-1","slingPseudotime_2",21.9129837040527,"STOP","aucell_naive_memory_score",0,"naive_memory"
"CAAGACTAGTTTACCGATGTTGAC-1","slingPseudotime_2",21.9129837040527,"STOP","aucell_cytotoxic_score",0.373705459013516,"cytotoxic"
"CAAGGTCCAGCTTAAGATGTTGAC-1","slingPseudotime_1",27.4215878102406,"STOP","aucell_exhausted_score",0.0591539406705284,"exhausted"
"CAAGGTCCAGCTTAAGATGTTGAC-1","slingPseudotime_1",27.4215878102406,"STOP","aucell_proliferating_score",0,"proliferating"
"CAAGGTCCAGCTTAAGATGTTGAC-1","slingPseudotime_1",27.4215878102406,"STOP","aucell_naive_memory_score",0.012,"naive_memory"
"CAAGGTCCAGCTTAAGATGTTGAC-1","slingPseudotime_1",27.4215878102406,"STOP","aucell_cytotoxic_score",0.158855538002457,"cytotoxic"
"CAAGGTCCAGCTTAAGATGTTGAC-1","slingPseudotime_2",26.9846419316436,"STOP","aucell_exhausted_score",0.0591539406705284,"exhausted"
"CAAGGTCCAGCTTAAGATGTTGAC-1","slingPseudotime_2",26.9846419316436,"STOP","aucell_proliferating_score",0,"proliferating"
"CAAGGTCCAGCTTAAGATGTTGAC-1","slingPseudotime_2",26.9846419316436,"STOP","aucell_naive_memory_score",0.012,"naive_memory"
"CAAGGTCCAGCTTAAGATGTTGAC-1","slingPseudotime_2",26.9846419316436,"STOP","aucell_cytotoxic_score",0.158855538002457,"cytotoxic"
"CAAGGTCCAGCTTAAGATGTTGAC-1","slingPseudotime_3",1.17985712082836,"STOP","aucell_exhausted_score",0.0591539406705284,"exhausted"
"CAAGGTCCAGCTTAAGATGTTGAC-1","slingPseudotime_3",1.17985712082836,"STOP","aucell_proliferating_score",0,"proliferating"
"CAAGGTCCAGCTTAAGATGTTGAC-1","slingPseudotime_3",1.17985712082836,"STOP","aucell_naive_memory_score",0.012,"naive_memory"
"CAAGGTCCAGCTTAAGATGTTGAC-1","slingPseudotime_3",1.17985712082836,"STOP","aucell_cytotoxic_score",0.158855538002457,"cytotoxic"
"CAAGGTCCAGCTTAAGATGTTGAC-1","slingPseudotime_4",0.986675159033885,"STOP","aucell_exhausted_score",0.0591539406705284,"exhausted"
"CAAGGTCCAGCTTAAGATGTTGAC-1","slingPseudotime_4",0.986675159033885,"STOP","aucell_proliferating_score",0,"proliferating"
"CAAGGTCCAGCTTAAGATGTTGAC-1","slingPseudotime_4",0.986675159033885,"STOP","aucell_naive_memory_score",0.012,"naive_memory"
"CAAGGTCCAGCTTAAGATGTTGAC-1","slingPseudotime_4",0.986675159033885,"STOP","aucell_cytotoxic_score",0.158855538002457,"cytotoxic"
"CAATCGCTCGGCTAAGATGTTGAC-1","slingPseudotime_1",27.9957044588392,"STOP","aucell_exhausted_score",0.43619448832719,"exhausted"
"CAATCGCTCGGCTAAGATGTTGAC-1","slingPseudotime_1",27.9957044588392,"STOP","aucell_proliferating_score",0,"proliferating"
"CAATCGCTCGGCTAAGATGTTGAC-1","slingPseudotime_1",27.9957044588392,"STOP","aucell_naive_memory_score",0,"naive_memory"
"CAATCGCTCGGCTAAGATGTTGAC-1","slingPseudotime_1",27.9957044588392,"STOP","aucell_cytotoxic_score",0.142882218711603,"cytotoxic"
"CAATCGCTCGGCTAAGATGTTGAC-1","slingPseudotime_2",25.7775478598672,"STOP","aucell_exhausted_score",0.43619448832719,"exhausted"
"CAATCGCTCGGCTAAGATGTTGAC-1","slingPseudotime_2",25.7775478598672,"STOP","aucell_proliferating_score",0,"proliferating"
"CAATCGCTCGGCTAAGATGTTGAC-1","slingPseudotime_2",25.7775478598672,"STOP","aucell_naive_memory_score",0,"naive_memory"
"CAATCGCTCGGCTAAGATGTTGAC-1","slingPseudotime_2",25.7775478598672,"STOP","aucell_cytotoxic_score",0.142882218711603,"cytotoxic"
"CATCTTGAGGCGCAACATGTTGAC-1","slingPseudotime_1",25.8974406358244,"STOP","aucell_exhausted_score",0,"exhausted"
"CATCTTGAGGCGCAACATGTTGAC-1","slingPseudotime_1",25.8974406358244,"STOP","aucell_proliferating_score",0,"proliferating"
"CATCTTGAGGCGCAACATGTTGAC-1","slingPseudotime_1",25.8974406358244,"STOP","aucell_naive_memory_score",0.152210526315789,"naive_memory"
"CATCTTGAGGCGCAACATGTTGAC-1","slingPseudotime_1",25.8974406358244,"STOP","aucell_cytotoxic_score",0.134983324556784,"cytotoxic"
"CATCTTGAGGCGCAACATGTTGAC-1","slingPseudotime_2",24.1063768849199,"STOP","aucell_exhausted_score",0,"exhausted"
"CATCTTGAGGCGCAACATGTTGAC-1","slingPseudotime_2",24.1063768849199,"STOP","aucell_proliferating_score",0,"proliferating"
"CATCTTGAGGCGCAACATGTTGAC-1","slingPseudotime_2",24.1063768849199,"STOP","aucell_naive_memory_score",0.152210526315789,"naive_memory"
"CATCTTGAGGCGCAACATGTTGAC-1","slingPseudotime_2",24.1063768849199,"STOP","aucell_cytotoxic_score",0.134983324556784,"cytotoxic"
"CCAACTGGTGAGAAGGATGTTGAC-1","slingPseudotime_1",25.9649331232151,"STOP","aucell_exhausted_score",0,"exhausted"
"CCAACTGGTGAGAAGGATGTTGAC-1","slingPseudotime_1",25.9649331232151,"STOP","aucell_proliferating_score",0,"proliferating"
"CCAACTGGTGAGAAGGATGTTGAC-1","slingPseudotime_1",25.9649331232151,"STOP","aucell_naive_memory_score",0.165263157894737,"naive_memory"
"CCAACTGGTGAGAAGGATGTTGAC-1","slingPseudotime_1",25.9649331232151,"STOP","aucell_cytotoxic_score",0.331226961558715,"cytotoxic"
"CCAACTGGTGAGAAGGATGTTGAC-1","slingPseudotime_2",24.9968655255159,"STOP","aucell_exhausted_score",0,"exhausted"
"CCAACTGGTGAGAAGGATGTTGAC-1","slingPseudotime_2",24.9968655255159,"STOP","aucell_proliferating_score",0,"proliferating"
"CCAACTGGTGAGAAGGATGTTGAC-1","slingPseudotime_2",24.9968655255159,"STOP","aucell_naive_memory_score",0.165263157894737,"naive_memory"
"CCAACTGGTGAGAAGGATGTTGAC-1","slingPseudotime_2",24.9968655255159,"STOP","aucell_cytotoxic_score",0.331226961558715,"cytotoxic"
"CCAATTAGTACGAATGATGTTGAC-1","slingPseudotime_1",22.8970071847408,"STOP","aucell_exhausted_score",0,"exhausted"
"CCAATTAGTACGAATGATGTTGAC-1","slingPseudotime_1",22.8970071847408,"STOP","aucell_proliferating_score",0,"proliferating"
"CCAATTAGTACGAATGATGTTGAC-1","slingPseudotime_1",22.8970071847408,"STOP","aucell_naive_memory_score",0,"naive_memory"
"CCAATTAGTACGAATGATGTTGAC-1","slingPseudotime_1",22.8970071847408,"STOP","aucell_cytotoxic_score",0.32789187291557,"cytotoxic"
"CCAATTAGTACGAATGATGTTGAC-1","slingPseudotime_2",21.6206795443362,"STOP","aucell_exhausted_score",0,"exhausted"
"CCAATTAGTACGAATGATGTTGAC-1","slingPseudotime_2",21.6206795443362,"STOP","aucell_proliferating_score",0,"proliferating"
"CCAATTAGTACGAATGATGTTGAC-1","slingPseudotime_2",21.6206795443362,"STOP","aucell_naive_memory_score",0,"naive_memory"
"CCAATTAGTACGAATGATGTTGAC-1","slingPseudotime_2",21.6206795443362,"STOP","aucell_cytotoxic_score",0.32789187291557,"cytotoxic"
"CCATCACAGTTTGGTTATGTTGAC-1","slingPseudotime_1",26.0444137265011,"STOP","aucell_exhausted_score",0.117079164472529,"exhausted"
"CCATCACAGTTTGGTTATGTTGAC-1","slingPseudotime_1",26.0444137265011,"STOP","aucell_proliferating_score",0.0781052631578947,"proliferating"
"CCATCACAGTTTGGTTATGTTGAC-1","slingPseudotime_1",26.0444137265011,"STOP","aucell_naive_memory_score",0,"naive_memory"
"CCATCACAGTTTGGTTATGTTGAC-1","slingPseudotime_1",26.0444137265011,"STOP","aucell_cytotoxic_score",0.37335439705108,"cytotoxic"
"CCATCACAGTTTGGTTATGTTGAC-1","slingPseudotime_2",22.7984130984555,"STOP","aucell_exhausted_score",0.117079164472529,"exhausted"
"CCATCACAGTTTGGTTATGTTGAC-1","slingPseudotime_2",22.7984130984555,"STOP","aucell_proliferating_score",0.0781052631578947,"proliferating"
"CCATCACAGTTTGGTTATGTTGAC-1","slingPseudotime_2",22.7984130984555,"STOP","aucell_naive_memory_score",0,"naive_memory"
"CCATCACAGTTTGGTTATGTTGAC-1","slingPseudotime_2",22.7984130984555,"STOP","aucell_cytotoxic_score",0.37335439705108,"cytotoxic"
"CCATTCGCATCGTTCGATGTTGAC-1","slingPseudotime_1",20.2598511115314,"STOP","aucell_exhausted_score",0,"exhausted"
"CCATTCGCATCGTTCGATGTTGAC-1","slingPseudotime_1",20.2598511115314,"STOP","aucell_proliferating_score",0,"proliferating"
"CCATTCGCATCGTTCGATGTTGAC-1","slingPseudotime_1",20.2598511115314,"STOP","aucell_naive_memory_score",0,"naive_memory"
"CCATTCGCATCGTTCGATGTTGAC-1","slingPseudotime_1",20.2598511115314,"STOP","aucell_cytotoxic_score",0.16535018430753,"cytotoxic"
"CCATTCGCATCGTTCGATGTTGAC-1","slingPseudotime_2",19.1177006871542,"STOP","aucell_exhausted_score",0,"exhausted"
"CCATTCGCATCGTTCGATGTTGAC-1","slingPseudotime_2",19.1177006871542,"STOP","aucell_proliferating_score",0,"proliferating"
"CCATTCGCATCGTTCGATGTTGAC-1","slingPseudotime_2",19.1177006871542,"STOP","aucell_naive_memory_score",0,"naive_memory"
"CCATTCGCATCGTTCGATGTTGAC-1","slingPseudotime_2",19.1177006871542,"STOP","aucell_cytotoxic_score",0.16535018430753,"cytotoxic"
"CCATTCGCATCGTTCGATGTTGAC-1","slingPseudotime_3",22.8555506974284,"STOP","aucell_exhausted_score",0,"exhausted"
"CCATTCGCATCGTTCGATGTTGAC-1","slingPseudotime_3",22.8555506974284,"STOP","aucell_proliferating_score",0,"proliferating"
"CCATTCGCATCGTTCGATGTTGAC-1","slingPseudotime_3",22.8555506974284,"STOP","aucell_naive_memory_score",0,"naive_memory"
"CCATTCGCATCGTTCGATGTTGAC-1","slingPseudotime_3",22.8555506974284,"STOP","aucell_cytotoxic_score",0.16535018430753,"cytotoxic"
"CCATTCGCATCGTTCGATGTTGAC-1","slingPseudotime_4",21.3794968079965,"STOP","aucell_exhausted_score",0,"exhausted"
"CCATTCGCATCGTTCGATGTTGAC-1","slingPseudotime_4",21.3794968079965,"STOP","aucell_proliferating_score",0,"proliferating"
"CCATTCGCATCGTTCGATGTTGAC-1","slingPseudotime_4",21.3794968079965,"STOP","aucell_naive_memory_score",0,"naive_memory"
"CCATTCGCATCGTTCGATGTTGAC-1","slingPseudotime_4",21.3794968079965,"STOP","aucell_cytotoxic_score",0.16535018430753,"cytotoxic"
"CCCTGAGTCAGCGGGTATGTTGAC-1","slingPseudotime_2",30.9246814277558,"STOP","aucell_exhausted_score",0.152360891697385,"exhausted"
"CCCTGAGTCAGCGGGTATGTTGAC-1","slingPseudotime_2",30.9246814277558,"STOP","aucell_proliferating_score",0,"proliferating"
"CCCTGAGTCAGCGGGTATGTTGAC-1","slingPseudotime_2",30.9246814277558,"STOP","aucell_naive_memory_score",0.0528421052631579,"naive_memory"
"CCCTGAGTCAGCGGGTATGTTGAC-1","slingPseudotime_2",30.9246814277558,"STOP","aucell_cytotoxic_score",0,"cytotoxic"
"CCCTGGATCTACTACGATGTTGAC-1","slingPseudotime_1",22.0059183389161,"STOP","aucell_exhausted_score",0.0619624363700193,"exhausted"
"CCCTGGATCTACTACGATGTTGAC-1","slingPseudotime_1",22.0059183389161,"STOP","aucell_proliferating_score",0,"proliferating"
"CCCTGGATCTACTACGATGTTGAC-1","slingPseudotime_1",22.0059183389161,"STOP","aucell_naive_memory_score",0,"naive_memory"
"CCCTGGATCTACTACGATGTTGAC-1","slingPseudotime_1",22.0059183389161,"STOP","aucell_cytotoxic_score",0.501492013340355,"cytotoxic"
"CCCTGGATCTACTACGATGTTGAC-1","slingPseudotime_2",20.8025618239471,"STOP","aucell_exhausted_score",0.0619624363700193,"exhausted"
"CCCTGGATCTACTACGATGTTGAC-1","slingPseudotime_2",20.8025618239471,"STOP","aucell_proliferating_score",0,"proliferating"
"CCCTGGATCTACTACGATGTTGAC-1","slingPseudotime_2",20.8025618239471,"STOP","aucell_naive_memory_score",0,"naive_memory"
"CCCTGGATCTACTACGATGTTGAC-1","slingPseudotime_2",20.8025618239471,"STOP","aucell_cytotoxic_score",0.501492013340355,"cytotoxic"
"CCTCGATAGTTACACTATGTTGAC-1","slingPseudotime_1",23.5651158537365,"STOP","aucell_exhausted_score",0,"exhausted"
"CCTCGATAGTTACACTATGTTGAC-1","slingPseudotime_1",23.5651158537365,"STOP","aucell_proliferating_score",0.00968421052631579,"proliferating"
"CCTCGATAGTTACACTATGTTGAC-1","slingPseudotime_1",23.5651158537365,"STOP","aucell_naive_memory_score",0,"naive_memory"
"CCTCGATAGTTACACTATGTTGAC-1","slingPseudotime_1",23.5651158537365,"STOP","aucell_cytotoxic_score",0.64121467439003,"cytotoxic"
"CCTCGATAGTTACACTATGTTGAC-1","slingPseudotime_2",25.6779925124694,"STOP","aucell_exhausted_score",0,"exhausted"
"CCTCGATAGTTACACTATGTTGAC-1","slingPseudotime_2",25.6779925124694,"STOP","aucell_proliferating_score",0.00968421052631579,"proliferating"
"CCTCGATAGTTACACTATGTTGAC-1","slingPseudotime_2",25.6779925124694,"STOP","aucell_naive_memory_score",0,"naive_memory"
"CCTCGATAGTTACACTATGTTGAC-1","slingPseudotime_2",25.6779925124694,"STOP","aucell_cytotoxic_score",0.64121467439003,"cytotoxic"
"CCTTAAAGTCCTGACAATGTTGAC-1","slingPseudotime_3",29.1385482146037,"STOP","aucell_exhausted_score",0.0928558890644199,"exhausted"
"CCTTAAAGTCCTGACAATGTTGAC-1","slingPseudotime_3",29.1385482146037,"STOP","aucell_proliferating_score",0,"proliferating"
"CCTTAAAGTCCTGACAATGTTGAC-1","slingPseudotime_3",29.1385482146037,"STOP","aucell_naive_memory_score",0,"naive_memory"
"CCTTAAAGTCCTGACAATGTTGAC-1","slingPseudotime_3",29.1385482146037,"STOP","aucell_cytotoxic_score",0.461997542566263,"cytotoxic"
"CGAAGAAAGCTAGCCTATGTTGAC-1","slingPseudotime_1",25.4611147126795,"STOP","aucell_exhausted_score",0,"exhausted"
"CGAAGAAAGCTAGCCTATGTTGAC-1","slingPseudotime_1",25.4611147126795,"STOP","aucell_proliferating_score",0,"proliferating"
"CGAAGAAAGCTAGCCTATGTTGAC-1","slingPseudotime_1",25.4611147126795,"STOP","aucell_naive_memory_score",0,"naive_memory"
"CGAAGAAAGCTAGCCTATGTTGAC-1","slingPseudotime_1",25.4611147126795,"STOP","aucell_cytotoxic_score",0.489555906617518,"cytotoxic"
"CGAAGAAAGCTAGCCTATGTTGAC-1","slingPseudotime_2",23.673993222627,"STOP","aucell_exhausted_score",0,"exhausted"
"CGAAGAAAGCTAGCCTATGTTGAC-1","slingPseudotime_2",23.673993222627,"STOP","aucell_proliferating_score",0,"proliferating"
"CGAAGAAAGCTAGCCTATGTTGAC-1","slingPseudotime_2",23.673993222627,"STOP","aucell_naive_memory_score",0,"naive_memory"
"CGAAGAAAGCTAGCCTATGTTGAC-1","slingPseudotime_2",23.673993222627,"STOP","aucell_cytotoxic_score",0.489555906617518,"cytotoxic"
"CGACCGTGTATTCGGTATGTTGAC-1","slingPseudotime_2",64.4042948893768,"STOP","aucell_exhausted_score",0,"exhausted"
"CGACCGTGTATTCGGTATGTTGAC-1","slingPseudotime_2",64.4042948893768,"STOP","aucell_proliferating_score",0,"proliferating"
"CGACCGTGTATTCGGTATGTTGAC-1","slingPseudotime_2",64.4042948893768,"STOP","aucell_naive_memory_score",0,"naive_memory"
"CGACCGTGTATTCGGTATGTTGAC-1","slingPseudotime_2",64.4042948893768,"STOP","aucell_cytotoxic_score",0.306126031244515,"cytotoxic"
"CGCTCAGTCCTCACTTATGTTGAC-1","slingPseudotime_1",30.625368488559,"STOP","aucell_exhausted_score",0,"exhausted"
"CGCTCAGTCCTCACTTATGTTGAC-1","slingPseudotime_1",30.625368488559,"STOP","aucell_proliferating_score",0,"proliferating"
"CGCTCAGTCCTCACTTATGTTGAC-1","slingPseudotime_1",30.625368488559,"STOP","aucell_naive_memory_score",0,"naive_memory"
"CGCTCAGTCCTCACTTATGTTGAC-1","slingPseudotime_1",30.625368488559,"STOP","aucell_cytotoxic_score",0.32683868702826,"cytotoxic"
"CGCTCAGTCCTCACTTATGTTGAC-1","slingPseudotime_2",26.062746056596,"STOP","aucell_exhausted_score",0,"exhausted"
"CGCTCAGTCCTCACTTATGTTGAC-1","slingPseudotime_2",26.062746056596,"STOP","aucell_proliferating_score",0,"proliferating"
"CGCTCAGTCCTCACTTATGTTGAC-1","slingPseudotime_2",26.062746056596,"STOP","aucell_naive_memory_score",0,"naive_memory"
"CGCTCAGTCCTCACTTATGTTGAC-1","slingPseudotime_2",26.062746056596,"STOP","aucell_cytotoxic_score",0.32683868702826,"cytotoxic"
"CGGGATGGTGATTACCATGTTGAC-1","slingPseudotime_3",26.0790215502551,"STOP","aucell_exhausted_score",0.0477444268913463,"exhausted"
"CGGGATGGTGATTACCATGTTGAC-1","slingPseudotime_3",26.0790215502551,"STOP","aucell_proliferating_score",0,"proliferating"
"CGGGATGGTGATTACCATGTTGAC-1","slingPseudotime_3",26.0790215502551,"STOP","aucell_naive_memory_score",0.0633684210526316,"naive_memory"
"CGGGATGGTGATTACCATGTTGAC-1","slingPseudotime_3",26.0790215502551,"STOP","aucell_cytotoxic_score",0.492539933298227,"cytotoxic"
"CGGGATGGTTGTTTGAATGTTGAC-1","slingPseudotime_3",34.3614711977046,"STOP","aucell_exhausted_score",0.14218009478673,"exhausted"
"CGGGATGGTTGTTTGAATGTTGAC-1","slingPseudotime_3",34.3614711977046,"STOP","aucell_proliferating_score",0,"proliferating"
"CGGGATGGTTGTTTGAATGTTGAC-1","slingPseudotime_3",34.3614711977046,"STOP","aucell_naive_memory_score",0,"naive_memory"
"CGGGATGGTTGTTTGAATGTTGAC-1","slingPseudotime_3",34.3614711977046,"STOP","aucell_cytotoxic_score",0.317886606986133,"cytotoxic"
"CGGGCTACATTGCCGCATGTTGAC-1","slingPseudotime_3",35.4622377568452,"STOP","aucell_exhausted_score",0.228892399508513,"exhausted"
"CGGGCTACATTGCCGCATGTTGAC-1","slingPseudotime_3",35.4622377568452,"STOP","aucell_proliferating_score",0,"proliferating"
"CGGGCTACATTGCCGCATGTTGAC-1","slingPseudotime_3",35.4622377568452,"STOP","aucell_naive_memory_score",0,"naive_memory"
"CGGGCTACATTGCCGCATGTTGAC-1","slingPseudotime_3",35.4622377568452,"STOP","aucell_cytotoxic_score",0.444268913463226,"cytotoxic"
"CGTAACGAGCGCTCCAATGTTGAC-1","slingPseudotime_1",25.6678067138397,"STOP","aucell_exhausted_score",0,"exhausted"
"CGTAACGAGCGCTCCAATGTTGAC-1","slingPseudotime_1",25.6678067138397,"STOP","aucell_proliferating_score",0,"proliferating"
"CGTAACGAGCGCTCCAATGTTGAC-1","slingPseudotime_1",25.6678067138397,"STOP","aucell_naive_memory_score",0.0909473684210526,"naive_memory"
"CGTAACGAGCGCTCCAATGTTGAC-1","slingPseudotime_1",25.6678067138397,"STOP","aucell_cytotoxic_score",0.475162366157627,"cytotoxic"
"CGTAACGAGCGCTCCAATGTTGAC-1","slingPseudotime_2",26.6965598258656,"STOP","aucell_exhausted_score",0,"exhausted"
"CGTAACGAGCGCTCCAATGTTGAC-1","slingPseudotime_2",26.6965598258656,"STOP","aucell_proliferating_score",0,"proliferating"
"CGTAACGAGCGCTCCAATGTTGAC-1","slingPseudotime_2",26.6965598258656,"STOP","aucell_naive_memory_score",0.0909473684210526,"naive_memory"
"CGTAACGAGCGCTCCAATGTTGAC-1","slingPseudotime_2",26.6965598258656,"STOP","aucell_cytotoxic_score",0.475162366157627,"cytotoxic"
"CGTCCATAGCTCGATCATGTTGAC-1","slingPseudotime_1",28.5006225885457,"STOP","aucell_exhausted_score",0.0368615060558189,"exhausted"
"CGTCCATAGCTCGATCATGTTGAC-1","slingPseudotime_1",28.5006225885457,"STOP","aucell_proliferating_score",0,"proliferating"
"CGTCCATAGCTCGATCATGTTGAC-1","slingPseudotime_1",28.5006225885457,"STOP","aucell_naive_memory_score",0,"naive_memory"
"CGTCCATAGCTCGATCATGTTGAC-1","slingPseudotime_1",28.5006225885457,"STOP","aucell_cytotoxic_score",0,"cytotoxic"
"CGTCCATAGCTCGATCATGTTGAC-1","slingPseudotime_2",24.5357179690828,"STOP","aucell_exhausted_score",0.0368615060558189,"exhausted"
"CGTCCATAGCTCGATCATGTTGAC-1","slingPseudotime_2",24.5357179690828,"STOP","aucell_proliferating_score",0,"proliferating"
"CGTCCATAGCTCGATCATGTTGAC-1","slingPseudotime_2",24.5357179690828,"STOP","aucell_naive_memory_score",0,"naive_memory"
"CGTCCATAGCTCGATCATGTTGAC-1","slingPseudotime_2",24.5357179690828,"STOP","aucell_cytotoxic_score",0,"cytotoxic"
"CGTGAGGGTTGAGGACATGTTGAC-1","slingPseudotime_1",33.5073266919275,"STOP","aucell_exhausted_score",0,"exhausted"
"CGTGAGGGTTGAGGACATGTTGAC-1","slingPseudotime_1",33.5073266919275,"STOP","aucell_proliferating_score",0,"proliferating"
"CGTGAGGGTTGAGGACATGTTGAC-1","slingPseudotime_1",33.5073266919275,"STOP","aucell_naive_memory_score",0.0604210526315789,"naive_memory"
"CGTGAGGGTTGAGGACATGTTGAC-1","slingPseudotime_1",33.5073266919275,"STOP","aucell_cytotoxic_score",0.400035106196244,"cytotoxic"
"CGTTACATCCCTCATTATGTTGAC-1","slingPseudotime_1",32.9028041097339,"STOP","aucell_exhausted_score",0,"exhausted"
"CGTTACATCCCTCATTATGTTGAC-1","slingPseudotime_1",32.9028041097339,"STOP","aucell_proliferating_score",0,"proliferating"
"CGTTACATCCCTCATTATGTTGAC-1","slingPseudotime_1",32.9028041097339,"STOP","aucell_naive_memory_score",0,"naive_memory"
"CGTTACATCCCTCATTATGTTGAC-1","slingPseudotime_1",32.9028041097339,"STOP","aucell_cytotoxic_score",0.511146217307355,"cytotoxic"
"CGTTGCGTCGAGGCACATGTTGAC-1","slingPseudotime_1",25.7080046017674,"STOP","aucell_exhausted_score",0,"exhausted"
"CGTTGCGTCGAGGCACATGTTGAC-1","slingPseudotime_1",25.7080046017674,"STOP","aucell_proliferating_score",0,"proliferating"
"CGTTGCGTCGAGGCACATGTTGAC-1","slingPseudotime_1",25.7080046017674,"STOP","aucell_naive_memory_score",0.181263157894737,"naive_memory"
"CGTTGCGTCGAGGCACATGTTGAC-1","slingPseudotime_1",25.7080046017674,"STOP","aucell_cytotoxic_score",0.331578023521152,"cytotoxic"
"CGTTGCGTCGAGGCACATGTTGAC-1","slingPseudotime_2",22.7984130984555,"STOP","aucell_exhausted_score",0,"exhausted"
"CGTTGCGTCGAGGCACATGTTGAC-1","slingPseudotime_2",22.7984130984555,"STOP","aucell_proliferating_score",0,"proliferating"
"CGTTGCGTCGAGGCACATGTTGAC-1","slingPseudotime_2",22.7984130984555,"STOP","aucell_naive_memory_score",0.181263157894737,"naive_memory"
"CGTTGCGTCGAGGCACATGTTGAC-1","slingPseudotime_2",22.7984130984555,"STOP","aucell_cytotoxic_score",0.331578023521152,"cytotoxic"
"CTAGATGCACTCCCAAATGTTGAC-1","slingPseudotime_1",31.3777502030273,"STOP","aucell_exhausted_score",0.209232929612077,"exhausted"
"CTAGATGCACTCCCAAATGTTGAC-1","slingPseudotime_1",31.3777502030273,"STOP","aucell_proliferating_score",0,"proliferating"
"CTAGATGCACTCCCAAATGTTGAC-1","slingPseudotime_1",31.3777502030273,"STOP","aucell_naive_memory_score",0.0183157894736842,"naive_memory"
"CTAGATGCACTCCCAAATGTTGAC-1","slingPseudotime_1",31.3777502030273,"STOP","aucell_cytotoxic_score",0.484816570124627,"cytotoxic"
"CTATATCAGCTTACATATGTTGAC-1","slingPseudotime_1",26.7062035735113,"STOP","aucell_exhausted_score",0,"exhausted"
"CTATATCAGCTTACATATGTTGAC-1","slingPseudotime_1",26.7062035735113,"STOP","aucell_proliferating_score",0,"proliferating"
"CTATATCAGCTTACATATGTTGAC-1","slingPseudotime_1",26.7062035735113,"STOP","aucell_naive_memory_score",0.112,"naive_memory"
"CTATATCAGCTTACATATGTTGAC-1","slingPseudotime_1",26.7062035735113,"STOP","aucell_cytotoxic_score",0.322801474460242,"cytotoxic"
"CTATATCAGCTTACATATGTTGAC-1","slingPseudotime_2",25.9783918433128,"STOP","aucell_exhausted_score",0,"exhausted"
"CTATATCAGCTTACATATGTTGAC-1","slingPseudotime_2",25.9783918433128,"STOP","aucell_proliferating_score",0,"proliferating"
"CTATATCAGCTTACATATGTTGAC-1","slingPseudotime_2",25.9783918433128,"STOP","aucell_naive_memory_score",0.112,"naive_memory"
"CTATATCAGCTTACATATGTTGAC-1","slingPseudotime_2",25.9783918433128,"STOP","aucell_cytotoxic_score",0.322801474460242,"cytotoxic"
"CTATTAGGTGAGTAATATGTTGAC-1","slingPseudotime_1",24.6531019913112,"STOP","aucell_exhausted_score",0,"exhausted"
"CTATTAGGTGAGTAATATGTTGAC-1","slingPseudotime_1",24.6531019913112,"STOP","aucell_proliferating_score",0,"proliferating"
"CTATTAGGTGAGTAATATGTTGAC-1","slingPseudotime_1",24.6531019913112,"STOP","aucell_naive_memory_score",0.281894736842105,"naive_memory"
"CTATTAGGTGAGTAATATGTTGAC-1","slingPseudotime_1",24.6531019913112,"STOP","aucell_cytotoxic_score",0.223626470071968,"cytotoxic"
"CTATTAGGTGAGTAATATGTTGAC-1","slingPseudotime_2",22.7813318435264,"STOP","aucell_exhausted_score",0,"exhausted"
"CTATTAGGTGAGTAATATGTTGAC-1","slingPseudotime_2",22.7813318435264,"STOP","aucell_proliferating_score",0,"proliferating"
"CTATTAGGTGAGTAATATGTTGAC-1","slingPseudotime_2",22.7813318435264,"STOP","aucell_naive_memory_score",0.281894736842105,"naive_memory"
"CTATTAGGTGAGTAATATGTTGAC-1","slingPseudotime_2",22.7813318435264,"STOP","aucell_cytotoxic_score",0.223626470071968,"cytotoxic"
"CTCTCGACAAGCCTCCATGTTGAC-1","slingPseudotime_1",24.1746855619202,"STOP","aucell_exhausted_score",0,"exhausted"
"CTCTCGACAAGCCTCCATGTTGAC-1","slingPseudotime_1",24.1746855619202,"STOP","aucell_proliferating_score",0,"proliferating"
"CTCTCGACAAGCCTCCATGTTGAC-1","slingPseudotime_1",24.1746855619202,"STOP","aucell_naive_memory_score",0,"naive_memory"
"CTCTCGACAAGCCTCCATGTTGAC-1","slingPseudotime_1",24.1746855619202,"STOP","aucell_cytotoxic_score",0.328242934878006,"cytotoxic"
"CTCTCGACAAGCCTCCATGTTGAC-1","slingPseudotime_2",22.3543424971519,"STOP","aucell_exhausted_score",0,"exhausted"
"CTCTCGACAAGCCTCCATGTTGAC-1","slingPseudotime_2",22.3543424971519,"STOP","aucell_proliferating_score",0,"proliferating"
"CTCTCGACAAGCCTCCATGTTGAC-1","slingPseudotime_2",22.3543424971519,"STOP","aucell_naive_memory_score",0,"naive_memory"
"CTCTCGACAAGCCTCCATGTTGAC-1","slingPseudotime_2",22.3543424971519,"STOP","aucell_cytotoxic_score",0.328242934878006,"cytotoxic"
"CTGGTGAAGGTCTTTGATGTTGAC-1","slingPseudotime_1",29.2733805235695,"STOP","aucell_exhausted_score",0.266104967526768,"exhausted"
"CTGGTGAAGGTCTTTGATGTTGAC-1","slingPseudotime_1",29.2733805235695,"STOP","aucell_proliferating_score",0,"proliferating"
"CTGGTGAAGGTCTTTGATGTTGAC-1","slingPseudotime_1",29.2733805235695,"STOP","aucell_naive_memory_score",0.113684210526316,"naive_memory"
"CTGGTGAAGGTCTTTGATGTTGAC-1","slingPseudotime_1",29.2733805235695,"STOP","aucell_cytotoxic_score",0.366684219764788,"cytotoxic"
"GAAGCACGTCCTCATCATGTTGAC-1","slingPseudotime_1",29.1286712095968,"STOP","aucell_exhausted_score",0.112690889942075,"exhausted"
"GAAGCACGTCCTCATCATGTTGAC-1","slingPseudotime_1",29.1286712095968,"STOP","aucell_proliferating_score",0,"proliferating"
"GAAGCACGTCCTCATCATGTTGAC-1","slingPseudotime_1",29.1286712095968,"STOP","aucell_naive_memory_score",0,"naive_memory"
"GAAGCACGTCCTCATCATGTTGAC-1","slingPseudotime_1",29.1286712095968,"STOP","aucell_cytotoxic_score",0.575917149376865,"cytotoxic"
"GAAGCACGTCCTCATCATGTTGAC-1","slingPseudotime_2",26.1986955401677,"STOP","aucell_exhausted_score",0.112690889942075,"exhausted"
"GAAGCACGTCCTCATCATGTTGAC-1","slingPseudotime_2",26.1986955401677,"STOP","aucell_proliferating_score",0,"proliferating"
"GAAGCACGTCCTCATCATGTTGAC-1","slingPseudotime_2",26.1986955401677,"STOP","aucell_naive_memory_score",0,"naive_memory"
"GAAGCACGTCCTCATCATGTTGAC-1","slingPseudotime_2",26.1986955401677,"STOP","aucell_cytotoxic_score",0.575917149376865,"cytotoxic"
"GAATCACAGTTACTCGATGTTGAC-1","slingPseudotime_1",27.2123940860891,"STOP","aucell_exhausted_score",0,"exhausted"
"GAATCACAGTTACTCGATGTTGAC-1","slingPseudotime_1",27.2123940860891,"STOP","aucell_proliferating_score",0,"proliferating"
"GAATCACAGTTACTCGATGTTGAC-1","slingPseudotime_1",27.2123940860891,"STOP","aucell_naive_memory_score",0,"naive_memory"
"GAATCACAGTTACTCGATGTTGAC-1","slingPseudotime_1",27.2123940860891,"STOP","aucell_cytotoxic_score",0.107776022467966,"cytotoxic"
"GAATCACAGTTACTCGATGTTGAC-1","slingPseudotime_2",25.5754384850792,"STOP","aucell_exhausted_score",0,"exhausted"
"GAATCACAGTTACTCGATGTTGAC-1","slingPseudotime_2",25.5754384850792,"STOP","aucell_proliferating_score",0,"proliferating"
"GAATCACAGTTACTCGATGTTGAC-1","slingPseudotime_2",25.5754384850792,"STOP","aucell_naive_memory_score",0,"naive_memory"
"GAATCACAGTTACTCGATGTTGAC-1","slingPseudotime_2",25.5754384850792,"STOP","aucell_cytotoxic_score",0.107776022467966,"cytotoxic"
"GACCTCAGTGACCTGCATGTTGAC-1","slingPseudotime_1",18.5213608502936,"STOP","aucell_exhausted_score",0.0556433210461647,"exhausted"
"GACCTCAGTGACCTGCATGTTGAC-1","slingPseudotime_1",18.5213608502936,"STOP","aucell_proliferating_score",0,"proliferating"
"GACCTCAGTGACCTGCATGTTGAC-1","slingPseudotime_1",18.5213608502936,"STOP","aucell_naive_memory_score",0,"naive_memory"
"GACCTCAGTGACCTGCATGTTGAC-1","slingPseudotime_1",18.5213608502936,"STOP","aucell_cytotoxic_score",0.512725996138318,"cytotoxic"
"GACCTCAGTGACCTGCATGTTGAC-1","slingPseudotime_2",17.9802754497975,"STOP","aucell_exhausted_score",0.0556433210461647,"exhausted"
"GACCTCAGTGACCTGCATGTTGAC-1","slingPseudotime_2",17.9802754497975,"STOP","aucell_proliferating_score",0,"proliferating"
"GACCTCAGTGACCTGCATGTTGAC-1","slingPseudotime_2",17.9802754497975,"STOP","aucell_naive_memory_score",0,"naive_memory"
"GACCTCAGTGACCTGCATGTTGAC-1","slingPseudotime_2",17.9802754497975,"STOP","aucell_cytotoxic_score",0.512725996138318,"cytotoxic"
"GACCTCAGTGACCTGCATGTTGAC-1","slingPseudotime_3",24.4275060477522,"STOP","aucell_exhausted_score",0.0556433210461647,"exhausted"
"GACCTCAGTGACCTGCATGTTGAC-1","slingPseudotime_3",24.4275060477522,"STOP","aucell_proliferating_score",0,"proliferating"
"GACCTCAGTGACCTGCATGTTGAC-1","slingPseudotime_3",24.4275060477522,"STOP","aucell_naive_memory_score",0,"naive_memory"
"GACCTCAGTGACCTGCATGTTGAC-1","slingPseudotime_3",24.4275060477522,"STOP","aucell_cytotoxic_score",0.512725996138318,"cytotoxic"
"GACCTCAGTGACCTGCATGTTGAC-1","slingPseudotime_4",18.4931619161564,"STOP","aucell_exhausted_score",0.0556433210461647,"exhausted"
"GACCTCAGTGACCTGCATGTTGAC-1","slingPseudotime_4",18.4931619161564,"STOP","aucell_proliferating_score",0,"proliferating"
"GACCTCAGTGACCTGCATGTTGAC-1","slingPseudotime_4",18.4931619161564,"STOP","aucell_naive_memory_score",0,"naive_memory"
"GACCTCAGTGACCTGCATGTTGAC-1","slingPseudotime_4",18.4931619161564,"STOP","aucell_cytotoxic_score",0.512725996138318,"cytotoxic"
"GACGAGGAGGACTTAAATGTTGAC-1","slingPseudotime_2",29.882221332662,"STOP","aucell_exhausted_score",0.406003159557662,"exhausted"
"GACGAGGAGGACTTAAATGTTGAC-1","slingPseudotime_2",29.882221332662,"STOP","aucell_proliferating_score",0,"proliferating"
"GACGAGGAGGACTTAAATGTTGAC-1","slingPseudotime_2",29.882221332662,"STOP","aucell_naive_memory_score",0,"naive_memory"
"GACGAGGAGGACTTAAATGTTGAC-1","slingPseudotime_2",29.882221332662,"STOP","aucell_cytotoxic_score",0.544848165701246,"cytotoxic"
"GAGGCAACACGTGCTCATGTTGAC-1","slingPseudotime_1",24.1786192316672,"STOP","aucell_exhausted_score",0.0988239424258382,"exhausted"
"GAGGCAACACGTGCTCATGTTGAC-1","slingPseudotime_1",24.1786192316672,"STOP","aucell_proliferating_score",0,"proliferating"
"GAGGCAACACGTGCTCATGTTGAC-1","slingPseudotime_1",24.1786192316672,"STOP","aucell_naive_memory_score",0,"naive_memory"
"GAGGCAACACGTGCTCATGTTGAC-1","slingPseudotime_1",24.1786192316672,"STOP","aucell_cytotoxic_score",0.20308934526944,"cytotoxic"
"GAGGCAACACGTGCTCATGTTGAC-1","slingPseudotime_2",28.3148100080444,"STOP","aucell_exhausted_score",0.0988239424258382,"exhausted"
"GAGGCAACACGTGCTCATGTTGAC-1","slingPseudotime_2",28.3148100080444,"STOP","aucell_proliferating_score",0,"proliferating"
"GAGGCAACACGTGCTCATGTTGAC-1","slingPseudotime_2",28.3148100080444,"STOP","aucell_naive_memory_score",0,"naive_memory"
"GAGGCAACACGTGCTCATGTTGAC-1","slingPseudotime_2",28.3148100080444,"STOP","aucell_cytotoxic_score",0.20308934526944,"cytotoxic"
"GAGTTACAGGGTTAACATGTTGAC-1","slingPseudotime_1",24.1249033929881,"STOP","aucell_exhausted_score",0.202738283307004,"exhausted"
"GAGTTACAGGGTTAACATGTTGAC-1","slingPseudotime_1",24.1249033929881,"STOP","aucell_proliferating_score",0,"proliferating"
"GAGTTACAGGGTTAACATGTTGAC-1","slingPseudotime_1",24.1249033929881,"STOP","aucell_naive_memory_score",0,"naive_memory"
"GAGTTACAGGGTTAACATGTTGAC-1","slingPseudotime_1",24.1249033929881,"STOP","aucell_cytotoxic_score",0.450412497805863,"cytotoxic"
"GAGTTACAGGGTTAACATGTTGAC-1","slingPseudotime_2",23.3801164391199,"STOP","aucell_exhausted_score",0.202738283307004,"exhausted"
"GAGTTACAGGGTTAACATGTTGAC-1","slingPseudotime_2",23.3801164391199,"STOP","aucell_proliferating_score",0,"proliferating"
"GAGTTACAGGGTTAACATGTTGAC-1","slingPseudotime_2",23.3801164391199,"STOP","aucell_naive_memory_score",0,"naive_memory"
"GAGTTACAGGGTTAACATGTTGAC-1","slingPseudotime_2",23.3801164391199,"STOP","aucell_cytotoxic_score",0.450412497805863,"cytotoxic"
"GATCATAAGGGTTAACATGTTGAC-1","slingPseudotime_4",25.1836197086213,"STOP","aucell_exhausted_score",0,"exhausted"
"GATCATAAGGGTTAACATGTTGAC-1","slingPseudotime_4",25.1836197086213,"STOP","aucell_proliferating_score",0,"proliferating"
"GATCATAAGGGTTAACATGTTGAC-1","slingPseudotime_4",25.1836197086213,"STOP","aucell_naive_memory_score",0.111789473684211,"naive_memory"
"GATCATAAGGGTTAACATGTTGAC-1","slingPseudotime_4",25.1836197086213,"STOP","aucell_cytotoxic_score",0.589257503949447,"cytotoxic"
"GATGGCCAGCAATCGGATGTTGAC-1","slingPseudotime_1",27.7242275967047,"STOP","aucell_exhausted_score",0,"exhausted"
"GATGGCCAGCAATCGGATGTTGAC-1","slingPseudotime_1",27.7242275967047,"STOP","aucell_proliferating_score",0.147578947368421,"proliferating"
"GATGGCCAGCAATCGGATGTTGAC-1","slingPseudotime_1",27.7242275967047,"STOP","aucell_naive_memory_score",0.165263157894737,"naive_memory"
"GATGGCCAGCAATCGGATGTTGAC-1","slingPseudotime_1",27.7242275967047,"STOP","aucell_cytotoxic_score",0.161839564683167,"cytotoxic"
"GATGGCCAGCAATCGGATGTTGAC-1","slingPseudotime_2",29.145313001904,"STOP","aucell_exhausted_score",0,"exhausted"
"GATGGCCAGCAATCGGATGTTGAC-1","slingPseudotime_2",29.145313001904,"STOP","aucell_proliferating_score",0.147578947368421,"proliferating"
"GATGGCCAGCAATCGGATGTTGAC-1","slingPseudotime_2",29.145313001904,"STOP","aucell_naive_memory_score",0.165263157894737,"naive_memory"
"GATGGCCAGCAATCGGATGTTGAC-1","slingPseudotime_2",29.145313001904,"STOP","aucell_cytotoxic_score",0.161839564683167,"cytotoxic"
"GCAAATGGTATCCGCAATGTTGAC-1","slingPseudotime_1",28.1018878465116,"STOP","aucell_exhausted_score",0,"exhausted"
"GCAAATGGTATCCGCAATGTTGAC-1","slingPseudotime_1",28.1018878465116,"STOP","aucell_proliferating_score",0,"proliferating"
"GCAAATGGTATCCGCAATGTTGAC-1","slingPseudotime_1",28.1018878465116,"STOP","aucell_naive_memory_score",0,"naive_memory"
"GCAAATGGTATCCGCAATGTTGAC-1","slingPseudotime_1",28.1018878465116,"STOP","aucell_cytotoxic_score",0.24469018781815,"cytotoxic"
"GCAAATGGTATCCGCAATGTTGAC-1","slingPseudotime_2",22.8352863033754,"STOP","aucell_exhausted_score",0,"exhausted"
"GCAAATGGTATCCGCAATGTTGAC-1","slingPseudotime_2",22.8352863033754,"STOP","aucell_proliferating_score",0,"proliferating"
"GCAAATGGTATCCGCAATGTTGAC-1","slingPseudotime_2",22.8352863033754,"STOP","aucell_naive_memory_score",0,"naive_memory"
"GCAAATGGTATCCGCAATGTTGAC-1","slingPseudotime_2",22.8352863033754,"STOP","aucell_cytotoxic_score",0.24469018781815,"cytotoxic"
"GCACAGCAGCCTAGTCATGTTGAC-1","slingPseudotime_2",28.7301006867106,"STOP","aucell_exhausted_score",0,"exhausted"
"GCACAGCAGCCTAGTCATGTTGAC-1","slingPseudotime_2",28.7301006867106,"STOP","aucell_proliferating_score",0,"proliferating"
"GCACAGCAGCCTAGTCATGTTGAC-1","slingPseudotime_2",28.7301006867106,"STOP","aucell_naive_memory_score",0,"naive_memory"
"GCACAGCAGCCTAGTCATGTTGAC-1","slingPseudotime_2",28.7301006867106,"STOP","aucell_cytotoxic_score",0.164121467439003,"cytotoxic"
"GCATCTATCAGGCTGAATGTTGAC-1","slingPseudotime_1",23.53867571273,"STOP","aucell_exhausted_score",0,"exhausted"
"GCATCTATCAGGCTGAATGTTGAC-1","slingPseudotime_1",23.53867571273,"STOP","aucell_proliferating_score",0.0661052631578947,"proliferating"
"GCATCTATCAGGCTGAATGTTGAC-1","slingPseudotime_1",23.53867571273,"STOP","aucell_naive_memory_score",0,"naive_memory"
"GCATCTATCAGGCTGAATGTTGAC-1","slingPseudotime_1",23.53867571273,"STOP","aucell_cytotoxic_score",0.322274881516588,"cytotoxic"
"GCATCTATCAGGCTGAATGTTGAC-1","slingPseudotime_2",22.3543424971519,"STOP","aucell_exhausted_score",0,"exhausted"
"GCATCTATCAGGCTGAATGTTGAC-1","slingPseudotime_2",22.3543424971519,"STOP","aucell_proliferating_score",0.0661052631578947,"proliferating"
"GCATCTATCAGGCTGAATGTTGAC-1","slingPseudotime_2",22.3543424971519,"STOP","aucell_naive_memory_score",0,"naive_memory"
"GCATCTATCAGGCTGAATGTTGAC-1","slingPseudotime_2",22.3543424971519,"STOP","aucell_cytotoxic_score",0.322274881516588,"cytotoxic"
"GCCCAATTCCTTTCTAATGTTGAC-1","slingPseudotime_1",33.0865831559696,"STOP","aucell_exhausted_score",0.118658943303493,"exhausted"
"GCCCAATTCCTTTCTAATGTTGAC-1","slingPseudotime_1",33.0865831559696,"STOP","aucell_proliferating_score",0.103157894736842,"proliferating"
"GCCCAATTCCTTTCTAATGTTGAC-1","slingPseudotime_1",33.0865831559696,"STOP","aucell_naive_memory_score",0,"naive_memory"
"GCCCAATTCCTTTCTAATGTTGAC-1","slingPseudotime_1",33.0865831559696,"STOP","aucell_cytotoxic_score",0.329120589784097,"cytotoxic"
"GCCCTTTGTCGTTGCAATGTTGAC-1","slingPseudotime_3",38.1732400068984,"STOP","aucell_exhausted_score",0.22731262067755,"exhausted"
"GCCCTTTGTCGTTGCAATGTTGAC-1","slingPseudotime_3",38.1732400068984,"STOP","aucell_proliferating_score",0,"proliferating"
"GCCCTTTGTCGTTGCAATGTTGAC-1","slingPseudotime_3",38.1732400068984,"STOP","aucell_naive_memory_score",0.151157894736842,"naive_memory"
"GCCCTTTGTCGTTGCAATGTTGAC-1","slingPseudotime_3",38.1732400068984,"STOP","aucell_cytotoxic_score",0.158855538002457,"cytotoxic"
"GCTAACGAGCTGATTTATGTTGAC-1","slingPseudotime_1",19.6514533479311,"STOP","aucell_exhausted_score",0,"exhausted"
"GCTAACGAGCTGATTTATGTTGAC-1","slingPseudotime_1",19.6514533479311,"STOP","aucell_proliferating_score",0,"proliferating"
"GCTAACGAGCTGATTTATGTTGAC-1","slingPseudotime_1",19.6514533479311,"STOP","aucell_naive_memory_score",0,"naive_memory"
"GCTAACGAGCTGATTTATGTTGAC-1","slingPseudotime_1",19.6514533479311,"STOP","aucell_cytotoxic_score",0.300333508864315,"cytotoxic"
"GCTAACGAGCTGATTTATGTTGAC-1","slingPseudotime_2",19.0184087313311,"STOP","aucell_exhausted_score",0,"exhausted"
"GCTAACGAGCTGATTTATGTTGAC-1","slingPseudotime_2",19.0184087313311,"STOP","aucell_proliferating_score",0,"proliferating"
"GCTAACGAGCTGATTTATGTTGAC-1","slingPseudotime_2",19.0184087313311,"STOP","aucell_naive_memory_score",0,"naive_memory"
"GCTAACGAGCTGATTTATGTTGAC-1","slingPseudotime_2",19.0184087313311,"STOP","aucell_cytotoxic_score",0.300333508864315,"cytotoxic"
"GCTAACGAGCTGATTTATGTTGAC-1","slingPseudotime_3",25.100943977155,"STOP","aucell_exhausted_score",0,"exhausted"
"GCTAACGAGCTGATTTATGTTGAC-1","slingPseudotime_3",25.100943977155,"STOP","aucell_proliferating_score",0,"proliferating"
"GCTAACGAGCTGATTTATGTTGAC-1","slingPseudotime_3",25.100943977155,"STOP","aucell_naive_memory_score",0,"naive_memory"
"GCTAACGAGCTGATTTATGTTGAC-1","slingPseudotime_3",25.100943977155,"STOP","aucell_cytotoxic_score",0.300333508864315,"cytotoxic"
"GCTAACGAGCTGATTTATGTTGAC-1","slingPseudotime_4",23.1626097354713,"STOP","aucell_exhausted_score",0,"exhausted"
"GCTAACGAGCTGATTTATGTTGAC-1","slingPseudotime_4",23.1626097354713,"STOP","aucell_proliferating_score",0,"proliferating"
"GCTAACGAGCTGATTTATGTTGAC-1","slingPseudotime_4",23.1626097354713,"STOP","aucell_naive_memory_score",0,"naive_memory"
"GCTAACGAGCTGATTTATGTTGAC-1","slingPseudotime_4",23.1626097354713,"STOP","aucell_cytotoxic_score",0.300333508864315,"cytotoxic"
"GCTAGTCTCACTTCGAATGTTGAC-1","slingPseudotime_1",37.7228312020556,"STOP","aucell_exhausted_score",0.0623134983324557,"exhausted"
"GCTAGTCTCACTTCGAATGTTGAC-1","slingPseudotime_1",37.7228312020556,"STOP","aucell_proliferating_score",0,"proliferating"
"GCTAGTCTCACTTCGAATGTTGAC-1","slingPseudotime_1",37.7228312020556,"STOP","aucell_naive_memory_score",0,"naive_memory"
"GCTAGTCTCACTTCGAATGTTGAC-1","slingPseudotime_1",37.7228312020556,"STOP","aucell_cytotoxic_score",0.342812006319115,"cytotoxic"
"GCTAGTCTCACTTCGAATGTTGAC-1","slingPseudotime_2",14.9723222536764,"STOP","aucell_exhausted_score",0.0623134983324557,"exhausted"
"GCTAGTCTCACTTCGAATGTTGAC-1","slingPseudotime_2",14.9723222536764,"STOP","aucell_proliferating_score",0,"proliferating"
"GCTAGTCTCACTTCGAATGTTGAC-1","slingPseudotime_2",14.9723222536764,"STOP","aucell_naive_memory_score",0,"naive_memory"
"GCTAGTCTCACTTCGAATGTTGAC-1","slingPseudotime_2",14.9723222536764,"STOP","aucell_cytotoxic_score",0.342812006319115,"cytotoxic"
"GCTAGTCTCACTTCGAATGTTGAC-1","slingPseudotime_3",15.964132372928,"STOP","aucell_exhausted_score",0.0623134983324557,"exhausted"
"GCTAGTCTCACTTCGAATGTTGAC-1","slingPseudotime_3",15.964132372928,"STOP","aucell_proliferating_score",0,"proliferating"
"GCTAGTCTCACTTCGAATGTTGAC-1","slingPseudotime_3",15.964132372928,"STOP","aucell_naive_memory_score",0,"naive_memory"
"GCTAGTCTCACTTCGAATGTTGAC-1","slingPseudotime_3",15.964132372928,"STOP","aucell_cytotoxic_score",0.342812006319115,"cytotoxic"
"GCTAGTCTCACTTCGAATGTTGAC-1","slingPseudotime_4",23.6517892493547,"STOP","aucell_exhausted_score",0.0623134983324557,"exhausted"
"GCTAGTCTCACTTCGAATGTTGAC-1","slingPseudotime_4",23.6517892493547,"STOP","aucell_proliferating_score",0,"proliferating"
"GCTAGTCTCACTTCGAATGTTGAC-1","slingPseudotime_4",23.6517892493547,"STOP","aucell_naive_memory_score",0,"naive_memory"
"GCTAGTCTCACTTCGAATGTTGAC-1","slingPseudotime_4",23.6517892493547,"STOP","aucell_cytotoxic_score",0.342812006319115,"cytotoxic"
"GCTATGCTCCAGCTACATGTTGAC-1","slingPseudotime_2",28.3266423751585,"STOP","aucell_exhausted_score",0.0433561523608917,"exhausted"
"GCTATGCTCCAGCTACATGTTGAC-1","slingPseudotime_2",28.3266423751585,"STOP","aucell_proliferating_score",0,"proliferating"
"GCTATGCTCCAGCTACATGTTGAC-1","slingPseudotime_2",28.3266423751585,"STOP","aucell_naive_memory_score",0,"naive_memory"
"GCTATGCTCCAGCTACATGTTGAC-1","slingPseudotime_2",28.3266423751585,"STOP","aucell_cytotoxic_score",0.378620326487625,"cytotoxic"
"GCTTGGTTCTACTACGATGTTGAC-1","slingPseudotime_2",28.2605088677652,"STOP","aucell_exhausted_score",0.146568369317184,"exhausted"
"GCTTGGTTCTACTACGATGTTGAC-1","slingPseudotime_2",28.2605088677652,"STOP","aucell_proliferating_score",0,"proliferating"
"GCTTGGTTCTACTACGATGTTGAC-1","slingPseudotime_2",28.2605088677652,"STOP","aucell_naive_memory_score",0.339368421052632,"naive_memory"
"GCTTGGTTCTACTACGATGTTGAC-1","slingPseudotime_2",28.2605088677652,"STOP","aucell_cytotoxic_score",0.472704932420572,"cytotoxic"
"GGAAATTGTTCGGTATATGTTGAC-1","slingPseudotime_1",28.7840961650307,"STOP","aucell_exhausted_score",0,"exhausted"
"GGAAATTGTTCGGTATATGTTGAC-1","slingPseudotime_1",28.7840961650307,"STOP","aucell_proliferating_score",0.0595789473684211,"proliferating"
"GGAAATTGTTCGGTATATGTTGAC-1","slingPseudotime_1",28.7840961650307,"STOP","aucell_naive_memory_score",0,"naive_memory"
"GGAAATTGTTCGGTATATGTTGAC-1","slingPseudotime_1",28.7840961650307,"STOP","aucell_cytotoxic_score",0.27365279971915,"cytotoxic"
"GGAAATTGTTCGGTATATGTTGAC-1","slingPseudotime_2",23.7870579732594,"STOP","aucell_exhausted_score",0,"exhausted"
"GGAAATTGTTCGGTATATGTTGAC-1","slingPseudotime_2",23.7870579732594,"STOP","aucell_proliferating_score",0.0595789473684211,"proliferating"
"GGAAATTGTTCGGTATATGTTGAC-1","slingPseudotime_2",23.7870579732594,"STOP","aucell_naive_memory_score",0,"naive_memory"
"GGAAATTGTTCGGTATATGTTGAC-1","slingPseudotime_2",23.7870579732594,"STOP","aucell_cytotoxic_score",0.27365279971915,"cytotoxic"
"GGCATGATCAGCACAGATGTTGAC-1","slingPseudotime_1",20.47100070572,"STOP","aucell_exhausted_score",0.0549411971212919,"exhausted"
"GGCATGATCAGCACAGATGTTGAC-1","slingPseudotime_1",20.47100070572,"STOP","aucell_proliferating_score",0,"proliferating"
"GGCATGATCAGCACAGATGTTGAC-1","slingPseudotime_1",20.47100070572,"STOP","aucell_naive_memory_score",0,"naive_memory"
"GGCATGATCAGCACAGATGTTGAC-1","slingPseudotime_1",20.47100070572,"STOP","aucell_cytotoxic_score",0.463577321397227,"cytotoxic"
"GGCATGATCAGCACAGATGTTGAC-1","slingPseudotime_2",29.5539545979484,"STOP","aucell_exhausted_score",0.0549411971212919,"exhausted"
"GGCATGATCAGCACAGATGTTGAC-1","slingPseudotime_2",29.5539545979484,"STOP","aucell_proliferating_score",0,"proliferating"
"GGCATGATCAGCACAGATGTTGAC-1","slingPseudotime_2",29.5539545979484,"STOP","aucell_naive_memory_score",0,"naive_memory"
"GGCATGATCAGCACAGATGTTGAC-1","slingPseudotime_2",29.5539545979484,"STOP","aucell_cytotoxic_score",0.463577321397227,"cytotoxic"
"GGCCTAAAGTGTGAGTATGTTGAC-1","slingPseudotime_1",37.0495470328373,"STOP","aucell_exhausted_score",0,"exhausted"
"GGCCTAAAGTGTGAGTATGTTGAC-1","slingPseudotime_1",37.0495470328373,"STOP","aucell_proliferating_score",0,"proliferating"
"GGCCTAAAGTGTGAGTATGTTGAC-1","slingPseudotime_1",37.0495470328373,"STOP","aucell_naive_memory_score",0.0351578947368421,"naive_memory"
"GGCCTAAAGTGTGAGTATGTTGAC-1","slingPseudotime_1",37.0495470328373,"STOP","aucell_cytotoxic_score",0.271019835000878,"cytotoxic"
"GGCCTAAAGTGTGAGTATGTTGAC-1","slingPseudotime_2",18.2635439645144,"STOP","aucell_exhausted_score",0,"exhausted"
"GGCCTAAAGTGTGAGTATGTTGAC-1","slingPseudotime_2",18.2635439645144,"STOP","aucell_proliferating_score",0,"proliferating"
"GGCCTAAAGTGTGAGTATGTTGAC-1","slingPseudotime_2",18.2635439645144,"STOP","aucell_naive_memory_score",0.0351578947368421,"naive_memory"
"GGCCTAAAGTGTGAGTATGTTGAC-1","slingPseudotime_2",18.2635439645144,"STOP","aucell_cytotoxic_score",0.271019835000878,"cytotoxic"
"GGCCTAAAGTGTGAGTATGTTGAC-1","slingPseudotime_3",23.8520227858391,"STOP","aucell_exhausted_score",0,"exhausted"
"GGCCTAAAGTGTGAGTATGTTGAC-1","slingPseudotime_3",23.8520227858391,"STOP","aucell_proliferating_score",0,"proliferating"
"GGCCTAAAGTGTGAGTATGTTGAC-1","slingPseudotime_3",23.8520227858391,"STOP","aucell_naive_memory_score",0.0351578947368421,"naive_memory"
"GGCCTAAAGTGTGAGTATGTTGAC-1","slingPseudotime_3",23.8520227858391,"STOP","aucell_cytotoxic_score",0.271019835000878,"cytotoxic"
"GGCCTAAAGTGTGAGTATGTTGAC-1","slingPseudotime_4",22.8107216745123,"STOP","aucell_exhausted_score",0,"exhausted"
"GGCCTAAAGTGTGAGTATGTTGAC-1","slingPseudotime_4",22.8107216745123,"STOP","aucell_proliferating_score",0,"proliferating"
"GGCCTAAAGTGTGAGTATGTTGAC-1","slingPseudotime_4",22.8107216745123,"STOP","aucell_naive_memory_score",0.0351578947368421,"naive_memory"
"GGCCTAAAGTGTGAGTATGTTGAC-1","slingPseudotime_4",22.8107216745123,"STOP","aucell_cytotoxic_score",0.271019835000878,"cytotoxic"
"GGGAGTCTCACAATGAATGTTGAC-1","slingPseudotime_1",25.4348022074477,"STOP","aucell_exhausted_score",0,"exhausted"
"GGGAGTCTCACAATGAATGTTGAC-1","slingPseudotime_1",25.4348022074477,"STOP","aucell_proliferating_score",0,"proliferating"
"GGGAGTCTCACAATGAATGTTGAC-1","slingPseudotime_1",25.4348022074477,"STOP","aucell_naive_memory_score",0,"naive_memory"
"GGGAGTCTCACAATGAATGTTGAC-1","slingPseudotime_1",25.4348022074477,"STOP","aucell_cytotoxic_score",0.326487625065824,"cytotoxic"
"GGGAGTCTCACAATGAATGTTGAC-1","slingPseudotime_2",23.673993222627,"STOP","aucell_exhausted_score",0,"exhausted"
"GGGAGTCTCACAATGAATGTTGAC-1","slingPseudotime_2",23.673993222627,"STOP","aucell_proliferating_score",0,"proliferating"
"GGGAGTCTCACAATGAATGTTGAC-1","slingPseudotime_2",23.673993222627,"STOP","aucell_naive_memory_score",0,"naive_memory"
"GGGAGTCTCACAATGAATGTTGAC-1","slingPseudotime_2",23.673993222627,"STOP","aucell_cytotoxic_score",0.326487625065824,"cytotoxic"
"GGGATGGAGGTTAGTAATGTTGAC-1","slingPseudotime_1",3.21769184728517,"STOP","aucell_exhausted_score",0,"exhausted"
"GGGATGGAGGTTAGTAATGTTGAC-1","slingPseudotime_1",3.21769184728517,"STOP","aucell_proliferating_score",0,"proliferating"
"GGGATGGAGGTTAGTAATGTTGAC-1","slingPseudotime_1",3.21769184728517,"STOP","aucell_naive_memory_score",0.0648421052631579,"naive_memory"
"GGGATGGAGGTTAGTAATGTTGAC-1","slingPseudotime_1",3.21769184728517,"STOP","aucell_cytotoxic_score",0.195541513077058,"cytotoxic"
"GGGATGGAGGTTAGTAATGTTGAC-1","slingPseudotime_2",3.18215288047691,"STOP","aucell_exhausted_score",0,"exhausted"
"GGGATGGAGGTTAGTAATGTTGAC-1","slingPseudotime_2",3.18215288047691,"STOP","aucell_proliferating_score",0,"proliferating"
"GGGATGGAGGTTAGTAATGTTGAC-1","slingPseudotime_2",3.18215288047691,"STOP","aucell_naive_memory_score",0.0648421052631579,"naive_memory"
"GGGATGGAGGTTAGTAATGTTGAC-1","slingPseudotime_2",3.18215288047691,"STOP","aucell_cytotoxic_score",0.195541513077058,"cytotoxic"
"GGGATGGAGGTTAGTAATGTTGAC-1","slingPseudotime_3",3.61722061270213,"STOP","aucell_exhausted_score",0,"exhausted"
"GGGATGGAGGTTAGTAATGTTGAC-1","slingPseudotime_3",3.61722061270213,"STOP","aucell_proliferating_score",0,"proliferating"
"GGGATGGAGGTTAGTAATGTTGAC-1","slingPseudotime_3",3.61722061270213,"STOP","aucell_naive_memory_score",0.0648421052631579,"naive_memory"
"GGGATGGAGGTTAGTAATGTTGAC-1","slingPseudotime_3",3.61722061270213,"STOP","aucell_cytotoxic_score",0.195541513077058,"cytotoxic"
"GGGATGGAGGTTAGTAATGTTGAC-1","slingPseudotime_4",3.4658265837676,"STOP","aucell_exhausted_score",0,"exhausted"
"GGGATGGAGGTTAGTAATGTTGAC-1","slingPseudotime_4",3.4658265837676,"STOP","aucell_proliferating_score",0,"proliferating"
"GGGATGGAGGTTAGTAATGTTGAC-1","slingPseudotime_4",3.4658265837676,"STOP","aucell_naive_memory_score",0.0648421052631579,"naive_memory"
"GGGATGGAGGTTAGTAATGTTGAC-1","slingPseudotime_4",3.4658265837676,"STOP","aucell_cytotoxic_score",0.195541513077058,"cytotoxic"
"GGTGTGATCCGGACAAATGTTGAC-1","slingPseudotime_1",30.3663738138451,"STOP","aucell_exhausted_score",0,"exhausted"
"GGTGTGATCCGGACAAATGTTGAC-1","slingPseudotime_1",30.3663738138451,"STOP","aucell_proliferating_score",0.0223157894736842,"proliferating"
"GGTGTGATCCGGACAAATGTTGAC-1","slingPseudotime_1",30.3663738138451,"STOP","aucell_naive_memory_score",0,"naive_memory"
"GGTGTGATCCGGACAAATGTTGAC-1","slingPseudotime_1",30.3663738138451,"STOP","aucell_cytotoxic_score",0.166052308232403,"cytotoxic"
"GGTTAATCATGAGGGAATGTTGAC-1","slingPseudotime_1",26.6634114483602,"STOP","aucell_exhausted_score",0.0423029664735826,"exhausted"
"GGTTAATCATGAGGGAATGTTGAC-1","slingPseudotime_1",26.6634114483602,"STOP","aucell_proliferating_score",0,"proliferating"
"GGTTAATCATGAGGGAATGTTGAC-1","slingPseudotime_1",26.6634114483602,"STOP","aucell_naive_memory_score",0.193684210526316,"naive_memory"
"GGTTAATCATGAGGGAATGTTGAC-1","slingPseudotime_1",26.6634114483602,"STOP","aucell_cytotoxic_score",0.138142882218712,"cytotoxic"
"GGTTAATCATGAGGGAATGTTGAC-1","slingPseudotime_2",24.2573859417529,"STOP","aucell_exhausted_score",0.0423029664735826,"exhausted"
"GGTTAATCATGAGGGAATGTTGAC-1","slingPseudotime_2",24.2573859417529,"STOP","aucell_proliferating_score",0,"proliferating"
"GGTTAATCATGAGGGAATGTTGAC-1","slingPseudotime_2",24.2573859417529,"STOP","aucell_naive_memory_score",0.193684210526316,"naive_memory"
"GGTTAATCATGAGGGAATGTTGAC-1","slingPseudotime_2",24.2573859417529,"STOP","aucell_cytotoxic_score",0.138142882218712,"cytotoxic"
"GGTTTACGTAAGGTTGATGTTGAC-1","slingPseudotime_1",30.9786784424649,"STOP","aucell_exhausted_score",0,"exhausted"
"GGTTTACGTAAGGTTGATGTTGAC-1","slingPseudotime_1",30.9786784424649,"STOP","aucell_proliferating_score",0,"proliferating"
"GGTTTACGTAAGGTTGATGTTGAC-1","slingPseudotime_1",30.9786784424649,"STOP","aucell_naive_memory_score",0.0389473684210526,"naive_memory"
"GGTTTACGTAAGGTTGATGTTGAC-1","slingPseudotime_1",30.9786784424649,"STOP","aucell_cytotoxic_score",0.328945058802879,"cytotoxic"
"GGTTTAGCAAACGGGAATGTTGAC-1","slingPseudotime_1",30.5045102571791,"STOP","aucell_exhausted_score",0,"exhausted"
"GGTTTAGCAAACGGGAATGTTGAC-1","slingPseudotime_1",30.5045102571791,"STOP","aucell_proliferating_score",0,"proliferating"
"GGTTTAGCAAACGGGAATGTTGAC-1","slingPseudotime_1",30.5045102571791,"STOP","aucell_naive_memory_score",0,"naive_memory"
"GGTTTAGCAAACGGGAATGTTGAC-1","slingPseudotime_1",30.5045102571791,"STOP","aucell_cytotoxic_score",0.257679480428296,"cytotoxic"
"GGTTTAGCAAACGGGAATGTTGAC-1","slingPseudotime_2",21.6823597672952,"STOP","aucell_exhausted_score",0,"exhausted"
"GGTTTAGCAAACGGGAATGTTGAC-1","slingPseudotime_2",21.6823597672952,"STOP","aucell_proliferating_score",0,"proliferating"
"GGTTTAGCAAACGGGAATGTTGAC-1","slingPseudotime_2",21.6823597672952,"STOP","aucell_naive_memory_score",0,"naive_memory"
"GGTTTAGCAAACGGGAATGTTGAC-1","slingPseudotime_2",21.6823597672952,"STOP","aucell_cytotoxic_score",0.257679480428296,"cytotoxic"
"GTCAACTGTCAACTACATGTTGAC-1","slingPseudotime_1",25.2506860944598,"STOP","aucell_exhausted_score",0.14411093558013,"exhausted"
"GTCAACTGTCAACTACATGTTGAC-1","slingPseudotime_1",25.2506860944598,"STOP","aucell_proliferating_score",0.0166315789473684,"proliferating"
"GTCAACTGTCAACTACATGTTGAC-1","slingPseudotime_1",25.2506860944598,"STOP","aucell_naive_memory_score",0,"naive_memory"
"GTCAACTGTCAACTACATGTTGAC-1","slingPseudotime_1",25.2506860944598,"STOP","aucell_cytotoxic_score",0.396875548534316,"cytotoxic"
"GTCAACTGTCAACTACATGTTGAC-1","slingPseudotime_2",22.7984130984555,"STOP","aucell_exhausted_score",0.14411093558013,"exhausted"
"GTCAACTGTCAACTACATGTTGAC-1","slingPseudotime_2",22.7984130984555,"STOP","aucell_proliferating_score",0.0166315789473684,"proliferating"
"GTCAACTGTCAACTACATGTTGAC-1","slingPseudotime_2",22.7984130984555,"STOP","aucell_naive_memory_score",0,"naive_memory"
"GTCAACTGTCAACTACATGTTGAC-1","slingPseudotime_2",22.7984130984555,"STOP","aucell_cytotoxic_score",0.396875548534316,"cytotoxic"
"GTCAAGCCATGCGCAGATGTTGAC-1","slingPseudotime_4",27.1158845134219,"STOP","aucell_exhausted_score",0,"exhausted"
"GTCAAGCCATGCGCAGATGTTGAC-1","slingPseudotime_4",27.1158845134219,"STOP","aucell_proliferating_score",0,"proliferating"
"GTCAAGCCATGCGCAGATGTTGAC-1","slingPseudotime_4",27.1158845134219,"STOP","aucell_naive_memory_score",0,"naive_memory"
"GTCAAGCCATGCGCAGATGTTGAC-1","slingPseudotime_4",27.1158845134219,"STOP","aucell_cytotoxic_score",0.292434614709496,"cytotoxic"
"GTGGACATCAGGCCAAATGTTGAC-1","slingPseudotime_1",25.4207707772547,"STOP","aucell_exhausted_score",0,"exhausted"
"GTGGACATCAGGCCAAATGTTGAC-1","slingPseudotime_1",25.4207707772547,"STOP","aucell_proliferating_score",0,"proliferating"
"GTGGACATCAGGCCAAATGTTGAC-1","slingPseudotime_1",25.4207707772547,"STOP","aucell_naive_memory_score",0,"naive_memory"
"GTGGACATCAGGCCAAATGTTGAC-1","slingPseudotime_1",25.4207707772547,"STOP","aucell_cytotoxic_score",0.376865016675443,"cytotoxic"
"GTGGACATCAGGCCAAATGTTGAC-1","slingPseudotime_2",23.673993222627,"STOP","aucell_exhausted_score",0,"exhausted"
"GTGGACATCAGGCCAAATGTTGAC-1","slingPseudotime_2",23.673993222627,"STOP","aucell_proliferating_score",0,"proliferating"
"GTGGACATCAGGCCAAATGTTGAC-1","slingPseudotime_2",23.673993222627,"STOP","aucell_naive_memory_score",0,"naive_memory"
"GTGGACATCAGGCCAAATGTTGAC-1","slingPseudotime_2",23.673993222627,"STOP","aucell_cytotoxic_score",0.376865016675443,"cytotoxic"
"TAATAGCCACGAACGTATGTTGAC-1","slingPseudotime_1",17.883718865003,"STOP","aucell_exhausted_score",0.0126382306477093,"exhausted"
"TAATAGCCACGAACGTATGTTGAC-1","slingPseudotime_1",17.883718865003,"STOP","aucell_proliferating_score",0,"proliferating"
"TAATAGCCACGAACGTATGTTGAC-1","slingPseudotime_1",17.883718865003,"STOP","aucell_naive_memory_score",0.0618947368421053,"naive_memory"
"TAATAGCCACGAACGTATGTTGAC-1","slingPseudotime_1",17.883718865003,"STOP","aucell_cytotoxic_score",0.162541688608039,"cytotoxic"
"TAATAGCCACGAACGTATGTTGAC-1","slingPseudotime_2",17.2989833013088,"STOP","aucell_exhausted_score",0.0126382306477093,"exhausted"
"TAATAGCCACGAACGTATGTTGAC-1","slingPseudotime_2",17.2989833013088,"STOP","aucell_proliferating_score",0,"proliferating"
"TAATAGCCACGAACGTATGTTGAC-1","slingPseudotime_2",17.2989833013088,"STOP","aucell_naive_memory_score",0.0618947368421053,"naive_memory"
"TAATAGCCACGAACGTATGTTGAC-1","slingPseudotime_2",17.2989833013088,"STOP","aucell_cytotoxic_score",0.162541688608039,"cytotoxic"
"TAATAGCCACGAACGTATGTTGAC-1","slingPseudotime_3",17.9968940716992,"STOP","aucell_exhausted_score",0.0126382306477093,"exhausted"
"TAATAGCCACGAACGTATGTTGAC-1","slingPseudotime_3",17.9968940716992,"STOP","aucell_proliferating_score",0,"proliferating"
"TAATAGCCACGAACGTATGTTGAC-1","slingPseudotime_3",17.9968940716992,"STOP","aucell_naive_memory_score",0.0618947368421053,"naive_memory"
"TAATAGCCACGAACGTATGTTGAC-1","slingPseudotime_3",17.9968940716992,"STOP","aucell_cytotoxic_score",0.162541688608039,"cytotoxic"
"TAATAGCCACGAACGTATGTTGAC-1","slingPseudotime_4",18.9358987120033,"STOP","aucell_exhausted_score",0.0126382306477093,"exhausted"
"TAATAGCCACGAACGTATGTTGAC-1","slingPseudotime_4",18.9358987120033,"STOP","aucell_proliferating_score",0,"proliferating"
"TAATAGCCACGAACGTATGTTGAC-1","slingPseudotime_4",18.9358987120033,"STOP","aucell_naive_memory_score",0.0618947368421053,"naive_memory"
"TAATAGCCACGAACGTATGTTGAC-1","slingPseudotime_4",18.9358987120033,"STOP","aucell_cytotoxic_score",0.162541688608039,"cytotoxic"
"TATGAGCAGGTAATGCATGTTGAC-1","slingPseudotime_2",29.9757362690134,"STOP","aucell_exhausted_score",0.421800947867299,"exhausted"
"TATGAGCAGGTAATGCATGTTGAC-1","slingPseudotime_2",29.9757362690134,"STOP","aucell_proliferating_score",0,"proliferating"
"TATGAGCAGGTAATGCATGTTGAC-1","slingPseudotime_2",29.9757362690134,"STOP","aucell_naive_memory_score",0,"naive_memory"
"TATGAGCAGGTAATGCATGTTGAC-1","slingPseudotime_2",29.9757362690134,"STOP","aucell_cytotoxic_score",0.162190626645603,"cytotoxic"
"TATGTCCCAAACCTGAATGTTGAC-1","slingPseudotime_1",31.142853796785,"STOP","aucell_exhausted_score",0.160610847814639,"exhausted"
"TATGTCCCAAACCTGAATGTTGAC-1","slingPseudotime_1",31.142853796785,"STOP","aucell_proliferating_score",0,"proliferating"
"TATGTCCCAAACCTGAATGTTGAC-1","slingPseudotime_1",31.142853796785,"STOP","aucell_naive_memory_score",0,"naive_memory"
"TATGTCCCAAACCTGAATGTTGAC-1","slingPseudotime_1",31.142853796785,"STOP","aucell_cytotoxic_score",0.537826926452519,"cytotoxic"
"TATTTGCAGCTCATTGATGTTGAC-1","slingPseudotime_1",34.8251111853367,"STOP","aucell_exhausted_score",0,"exhausted"
"TATTTGCAGCTCATTGATGTTGAC-1","slingPseudotime_1",34.8251111853367,"STOP","aucell_proliferating_score",0,"proliferating"
"TATTTGCAGCTCATTGATGTTGAC-1","slingPseudotime_1",34.8251111853367,"STOP","aucell_naive_memory_score",0.145052631578947,"naive_memory"
"TATTTGCAGCTCATTGATGTTGAC-1","slingPseudotime_1",34.8251111853367,"STOP","aucell_cytotoxic_score",0.570475688959101,"cytotoxic"
"TCAACCGGTTGCACTGATGTTGAC-1","slingPseudotime_1",27.4396513187495,"STOP","aucell_exhausted_score",0.0498507986659645,"exhausted"
"TCAACCGGTTGCACTGATGTTGAC-1","slingPseudotime_1",27.4396513187495,"STOP","aucell_proliferating_score",0.107157894736842,"proliferating"
"TCAACCGGTTGCACTGATGTTGAC-1","slingPseudotime_1",27.4396513187495,"STOP","aucell_naive_memory_score",0,"naive_memory"
"TCAACCGGTTGCACTGATGTTGAC-1","slingPseudotime_1",27.4396513187495,"STOP","aucell_cytotoxic_score",0.321397226610497,"cytotoxic"
"TCAACCGGTTGCACTGATGTTGAC-1","slingPseudotime_2",25.3624493732123,"STOP","aucell_exhausted_score",0.0498507986659645,"exhausted"
"TCAACCGGTTGCACTGATGTTGAC-1","slingPseudotime_2",25.3624493732123,"STOP","aucell_proliferating_score",0.107157894736842,"proliferating"
"TCAACCGGTTGCACTGATGTTGAC-1","slingPseudotime_2",25.3624493732123,"STOP","aucell_naive_memory_score",0,"naive_memory"
"TCAACCGGTTGCACTGATGTTGAC-1","slingPseudotime_2",25.3624493732123,"STOP","aucell_cytotoxic_score",0.321397226610497,"cytotoxic"
"TCAACTAGTTAATCCAATGTTGAC-1","slingPseudotime_1",37.6394554250956,"STOP","aucell_exhausted_score",0.261014569071441,"exhausted"
"TCAACTAGTTAATCCAATGTTGAC-1","slingPseudotime_1",37.6394554250956,"STOP","aucell_proliferating_score",0,"proliferating"
"TCAACTAGTTAATCCAATGTTGAC-1","slingPseudotime_1",37.6394554250956,"STOP","aucell_naive_memory_score",0,"naive_memory"
"TCAACTAGTTAATCCAATGTTGAC-1","slingPseudotime_1",37.6394554250956,"STOP","aucell_cytotoxic_score",0.318413199929788,"cytotoxic"
"TCAACTAGTTAATCCAATGTTGAC-1","slingPseudotime_2",20.5303991270657,"STOP","aucell_exhausted_score",0.261014569071441,"exhausted"
"TCAACTAGTTAATCCAATGTTGAC-1","slingPseudotime_2",20.5303991270657,"STOP","aucell_proliferating_score",0,"proliferating"
"TCAACTAGTTAATCCAATGTTGAC-1","slingPseudotime_2",20.5303991270657,"STOP","aucell_naive_memory_score",0,"naive_memory"
"TCAACTAGTTAATCCAATGTTGAC-1","slingPseudotime_2",20.5303991270657,"STOP","aucell_cytotoxic_score",0.318413199929788,"cytotoxic"
"TCAGGCTTCAATTTGCATGTTGAC-1","slingPseudotime_1",34.3091546205699,"STOP","aucell_exhausted_score",0,"exhausted"
"TCAGGCTTCAATTTGCATGTTGAC-1","slingPseudotime_1",34.3091546205699,"STOP","aucell_proliferating_score",0,"proliferating"
"TCAGGCTTCAATTTGCATGTTGAC-1","slingPseudotime_1",34.3091546205699,"STOP","aucell_naive_memory_score",0,"naive_memory"
"TCAGGCTTCAATTTGCATGTTGAC-1","slingPseudotime_1",34.3091546205699,"STOP","aucell_cytotoxic_score",0.348077935755661,"cytotoxic"
"TCAGGCTTCAATTTGCATGTTGAC-1","slingPseudotime_2",18.3685688823669,"STOP","aucell_exhausted_score",0,"exhausted"
"TCAGGCTTCAATTTGCATGTTGAC-1","slingPseudotime_2",18.3685688823669,"STOP","aucell_proliferating_score",0,"proliferating"
"TCAGGCTTCAATTTGCATGTTGAC-1","slingPseudotime_2",18.3685688823669,"STOP","aucell_naive_memory_score",0,"naive_memory"
"TCAGGCTTCAATTTGCATGTTGAC-1","slingPseudotime_2",18.3685688823669,"STOP","aucell_cytotoxic_score",0.348077935755661,"cytotoxic"
"TCAGGCTTCAATTTGCATGTTGAC-1","slingPseudotime_3",27.3639787486443,"STOP","aucell_exhausted_score",0,"exhausted"
"TCAGGCTTCAATTTGCATGTTGAC-1","slingPseudotime_3",27.3639787486443,"STOP","aucell_proliferating_score",0,"proliferating"
"TCAGGCTTCAATTTGCATGTTGAC-1","slingPseudotime_3",27.3639787486443,"STOP","aucell_naive_memory_score",0,"naive_memory"
"TCAGGCTTCAATTTGCATGTTGAC-1","slingPseudotime_3",27.3639787486443,"STOP","aucell_cytotoxic_score",0.348077935755661,"cytotoxic"
"TCAGGCTTCAATTTGCATGTTGAC-1","slingPseudotime_4",24.7811661089519,"STOP","aucell_exhausted_score",0,"exhausted"
"TCAGGCTTCAATTTGCATGTTGAC-1","slingPseudotime_4",24.7811661089519,"STOP","aucell_proliferating_score",0,"proliferating"
"TCAGGCTTCAATTTGCATGTTGAC-1","slingPseudotime_4",24.7811661089519,"STOP","aucell_naive_memory_score",0,"naive_memory"
"TCAGGCTTCAATTTGCATGTTGAC-1","slingPseudotime_4",24.7811661089519,"STOP","aucell_cytotoxic_score",0.348077935755661,"cytotoxic"
"TCATTACAGTTTGCATATGTTGAC-1","slingPseudotime_1",18.3946276470613,"STOP","aucell_exhausted_score",0,"exhausted"
"TCATTACAGTTTGCATATGTTGAC-1","slingPseudotime_1",18.3946276470613,"STOP","aucell_proliferating_score",0,"proliferating"
"TCATTACAGTTTGCATATGTTGAC-1","slingPseudotime_1",18.3946276470613,"STOP","aucell_naive_memory_score",0.0981052631578947,"naive_memory"
"TCATTACAGTTTGCATATGTTGAC-1","slingPseudotime_1",18.3946276470613,"STOP","aucell_cytotoxic_score",0.533789713884501,"cytotoxic"
"TCATTACAGTTTGCATATGTTGAC-1","slingPseudotime_2",17.944851763322,"STOP","aucell_exhausted_score",0,"exhausted"
"TCATTACAGTTTGCATATGTTGAC-1","slingPseudotime_2",17.944851763322,"STOP","aucell_proliferating_score",0,"proliferating"
"TCATTACAGTTTGCATATGTTGAC-1","slingPseudotime_2",17.944851763322,"STOP","aucell_naive_memory_score",0.0981052631578947,"naive_memory"
"TCATTACAGTTTGCATATGTTGAC-1","slingPseudotime_2",17.944851763322,"STOP","aucell_cytotoxic_score",0.533789713884501,"cytotoxic"
"TCATTACAGTTTGCATATGTTGAC-1","slingPseudotime_3",25.1660207156775,"STOP","aucell_exhausted_score",0,"exhausted"
"TCATTACAGTTTGCATATGTTGAC-1","slingPseudotime_3",25.1660207156775,"STOP","aucell_proliferating_score",0,"proliferating"
"TCATTACAGTTTGCATATGTTGAC-1","slingPseudotime_3",25.1660207156775,"STOP","aucell_naive_memory_score",0.0981052631578947,"naive_memory"
"TCATTACAGTTTGCATATGTTGAC-1","slingPseudotime_3",25.1660207156775,"STOP","aucell_cytotoxic_score",0.533789713884501,"cytotoxic"
"TCATTACAGTTTGCATATGTTGAC-1","slingPseudotime_4",24.498546271025,"STOP","aucell_exhausted_score",0,"exhausted"
"TCATTACAGTTTGCATATGTTGAC-1","slingPseudotime_4",24.498546271025,"STOP","aucell_proliferating_score",0,"proliferating"
"TCATTACAGTTTGCATATGTTGAC-1","slingPseudotime_4",24.498546271025,"STOP","aucell_naive_memory_score",0.0981052631578947,"naive_memory"
"TCATTACAGTTTGCATATGTTGAC-1","slingPseudotime_4",24.498546271025,"STOP","aucell_cytotoxic_score",0.533789713884501,"cytotoxic"
"TCTAAGGCAATGGCCGATGTTGAC-1","slingPseudotime_1",26.2049799876988,"STOP","aucell_exhausted_score",0.128839740214148,"exhausted"
"TCTAAGGCAATGGCCGATGTTGAC-1","slingPseudotime_1",26.2049799876988,"STOP","aucell_proliferating_score",0,"proliferating"
"TCTAAGGCAATGGCCGATGTTGAC-1","slingPseudotime_1",26.2049799876988,"STOP","aucell_naive_memory_score",0,"naive_memory"
"TCTAAGGCAATGGCCGATGTTGAC-1","slingPseudotime_1",26.2049799876988,"STOP","aucell_cytotoxic_score",0.326663156047042,"cytotoxic"
"TCTAAGGCAATGGCCGATGTTGAC-1","slingPseudotime_2",24.6767094477986,"STOP","aucell_exhausted_score",0.128839740214148,"exhausted"
"TCTAAGGCAATGGCCGATGTTGAC-1","slingPseudotime_2",24.6767094477986,"STOP","aucell_proliferating_score",0,"proliferating"
"TCTAAGGCAATGGCCGATGTTGAC-1","slingPseudotime_2",24.6767094477986,"STOP","aucell_naive_memory_score",0,"naive_memory"
"TCTAAGGCAATGGCCGATGTTGAC-1","slingPseudotime_2",24.6767094477986,"STOP","aucell_cytotoxic_score",0.326663156047042,"cytotoxic"
"TCTAGTTAGCTTGAGGATGTTGAC-1","slingPseudotime_1",25.4611147126795,"STOP","aucell_exhausted_score",0.0566965069334738,"exhausted"
"TCTAGTTAGCTTGAGGATGTTGAC-1","slingPseudotime_1",25.4611147126795,"STOP","aucell_proliferating_score",0,"proliferating"
"TCTAGTTAGCTTGAGGATGTTGAC-1","slingPseudotime_1",25.4611147126795,"STOP","aucell_naive_memory_score",0,"naive_memory"
"TCTAGTTAGCTTGAGGATGTTGAC-1","slingPseudotime_1",25.4611147126795,"STOP","aucell_cytotoxic_score",0.334386519220642,"cytotoxic"
"TCTAGTTAGCTTGAGGATGTTGAC-1","slingPseudotime_2",23.4062964814083,"STOP","aucell_exhausted_score",0.0566965069334738,"exhausted"
"TCTAGTTAGCTTGAGGATGTTGAC-1","slingPseudotime_2",23.4062964814083,"STOP","aucell_proliferating_score",0,"proliferating"
"TCTAGTTAGCTTGAGGATGTTGAC-1","slingPseudotime_2",23.4062964814083,"STOP","aucell_naive_memory_score",0,"naive_memory"
"TCTAGTTAGCTTGAGGATGTTGAC-1","slingPseudotime_2",23.4062964814083,"STOP","aucell_cytotoxic_score",0.334386519220642,"cytotoxic"
"TCTATCGAGATAGCCGATGTTGAC-1","slingPseudotime_1",21.9228532247394,"STOP","aucell_exhausted_score",0,"exhausted"
"TCTATCGAGATAGCCGATGTTGAC-1","slingPseudotime_1",21.9228532247394,"STOP","aucell_proliferating_score",0,"proliferating"
"TCTATCGAGATAGCCGATGTTGAC-1","slingPseudotime_1",21.9228532247394,"STOP","aucell_naive_memory_score",0,"naive_memory"
"TCTATCGAGATAGCCGATGTTGAC-1","slingPseudotime_1",21.9228532247394,"STOP","aucell_cytotoxic_score",0.177812883974021,"cytotoxic"
"TCTATCGAGATAGCCGATGTTGAC-1","slingPseudotime_2",20.1471369055532,"STOP","aucell_exhausted_score",0,"exhausted"
"TCTATCGAGATAGCCGATGTTGAC-1","slingPseudotime_2",20.1471369055532,"STOP","aucell_proliferating_score",0,"proliferating"
"TCTATCGAGATAGCCGATGTTGAC-1","slingPseudotime_2",20.1471369055532,"STOP","aucell_naive_memory_score",0,"naive_memory"
"TCTATCGAGATAGCCGATGTTGAC-1","slingPseudotime_2",20.1471369055532,"STOP","aucell_cytotoxic_score",0.177812883974021,"cytotoxic"
"TCTGGCCCAAGTGCACATGTTGAC-1","slingPseudotime_1",35.0921178722198,"STOP","aucell_exhausted_score",0,"exhausted"
"TCTGGCCCAAGTGCACATGTTGAC-1","slingPseudotime_1",35.0921178722198,"STOP","aucell_proliferating_score",0.153052631578947,"proliferating"
"TCTGGCCCAAGTGCACATGTTGAC-1","slingPseudotime_1",35.0921178722198,"STOP","aucell_naive_memory_score",0,"naive_memory"
"TCTGGCCCAAGTGCACATGTTGAC-1","slingPseudotime_1",35.0921178722198,"STOP","aucell_cytotoxic_score",0.433385992627699,"cytotoxic"
"TCTGGCCCAAGTGCACATGTTGAC-1","slingPseudotime_2",14.2390475570235,"STOP","aucell_exhausted_score",0,"exhausted"
"TCTGGCCCAAGTGCACATGTTGAC-1","slingPseudotime_2",14.2390475570235,"STOP","aucell_proliferating_score",0.153052631578947,"proliferating"
"TCTGGCCCAAGTGCACATGTTGAC-1","slingPseudotime_2",14.2390475570235,"STOP","aucell_naive_memory_score",0,"naive_memory"
"TCTGGCCCAAGTGCACATGTTGAC-1","slingPseudotime_2",14.2390475570235,"STOP","aucell_cytotoxic_score",0.433385992627699,"cytotoxic"
"TCTGGCCCAAGTGCACATGTTGAC-1","slingPseudotime_3",13.8939287221012,"STOP","aucell_exhausted_score",0,"exhausted"
"TCTGGCCCAAGTGCACATGTTGAC-1","slingPseudotime_3",13.8939287221012,"STOP","aucell_proliferating_score",0.153052631578947,"proliferating"
"TCTGGCCCAAGTGCACATGTTGAC-1","slingPseudotime_3",13.8939287221012,"STOP","aucell_naive_memory_score",0,"naive_memory"
"TCTGGCCCAAGTGCACATGTTGAC-1","slingPseudotime_3",13.8939287221012,"STOP","aucell_cytotoxic_score",0.433385992627699,"cytotoxic"
"TCTGGCCCAAGTGCACATGTTGAC-1","slingPseudotime_4",13.6775480201458,"STOP","aucell_exhausted_score",0,"exhausted"
"TCTGGCCCAAGTGCACATGTTGAC-1","slingPseudotime_4",13.6775480201458,"STOP","aucell_proliferating_score",0.153052631578947,"proliferating"
"TCTGGCCCAAGTGCACATGTTGAC-1","slingPseudotime_4",13.6775480201458,"STOP","aucell_naive_memory_score",0,"naive_memory"
"TCTGGCCCAAGTGCACATGTTGAC-1","slingPseudotime_4",13.6775480201458,"STOP","aucell_cytotoxic_score",0.433385992627699,"cytotoxic"
"TCTTCATGTCGCAACCATGTTGAC-1","slingPseudotime_1",21.7753502915395,"STOP","aucell_exhausted_score",0,"exhausted"
"TCTTCATGTCGCAACCATGTTGAC-1","slingPseudotime_1",21.7753502915395,"STOP","aucell_proliferating_score",0,"proliferating"
"TCTTCATGTCGCAACCATGTTGAC-1","slingPseudotime_1",21.7753502915395,"STOP","aucell_naive_memory_score",0,"naive_memory"
"TCTTCATGTCGCAACCATGTTGAC-1","slingPseudotime_1",21.7753502915395,"STOP","aucell_cytotoxic_score",0.148674741091803,"cytotoxic"
"TCTTCATGTCGCAACCATGTTGAC-1","slingPseudotime_2",20.6941664994469,"STOP","aucell_exhausted_score",0,"exhausted"
"TCTTCATGTCGCAACCATGTTGAC-1","slingPseudotime_2",20.6941664994469,"STOP","aucell_proliferating_score",0,"proliferating"
"TCTTCATGTCGCAACCATGTTGAC-1","slingPseudotime_2",20.6941664994469,"STOP","aucell_naive_memory_score",0,"naive_memory"
"TCTTCATGTCGCAACCATGTTGAC-1","slingPseudotime_2",20.6941664994469,"STOP","aucell_cytotoxic_score",0.148674741091803,"cytotoxic"
"TCTTCATGTCGCAACCATGTTGAC-1","slingPseudotime_3",22.4117301510355,"STOP","aucell_exhausted_score",0,"exhausted"
"TCTTCATGTCGCAACCATGTTGAC-1","slingPseudotime_3",22.4117301510355,"STOP","aucell_proliferating_score",0,"proliferating"
"TCTTCATGTCGCAACCATGTTGAC-1","slingPseudotime_3",22.4117301510355,"STOP","aucell_naive_memory_score",0,"naive_memory"
"TCTTCATGTCGCAACCATGTTGAC-1","slingPseudotime_3",22.4117301510355,"STOP","aucell_cytotoxic_score",0.148674741091803,"cytotoxic"
"TCTTCATGTCGCAACCATGTTGAC-1","slingPseudotime_4",20.9607965361265,"STOP","aucell_exhausted_score",0,"exhausted"
"TCTTCATGTCGCAACCATGTTGAC-1","slingPseudotime_4",20.9607965361265,"STOP","aucell_proliferating_score",0,"proliferating"
"TCTTCATGTCGCAACCATGTTGAC-1","slingPseudotime_4",20.9607965361265,"STOP","aucell_naive_memory_score",0,"naive_memory"
"TCTTCATGTCGCAACCATGTTGAC-1","slingPseudotime_4",20.9607965361265,"STOP","aucell_cytotoxic_score",0.148674741091803,"cytotoxic"
"TCTTGACCAAGTTGCAATGTTGAC-1","slingPseudotime_1",25.0465581947677,"STOP","aucell_exhausted_score",0.109882394242584,"exhausted"
"TCTTGACCAAGTTGCAATGTTGAC-1","slingPseudotime_1",25.0465581947677,"STOP","aucell_proliferating_score",0,"proliferating"
"TCTTGACCAAGTTGCAATGTTGAC-1","slingPseudotime_1",25.0465581947677,"STOP","aucell_naive_memory_score",0,"naive_memory"
"TCTTGACCAAGTTGCAATGTTGAC-1","slingPseudotime_1",25.0465581947677,"STOP","aucell_cytotoxic_score",0.323854660347551,"cytotoxic"
"TCTTGACCAAGTTGCAATGTTGAC-1","slingPseudotime_2",22.7984130984555,"STOP","aucell_exhausted_score",0.109882394242584,"exhausted"
"TCTTGACCAAGTTGCAATGTTGAC-1","slingPseudotime_2",22.7984130984555,"STOP","aucell_proliferating_score",0,"proliferating"
"TCTTGACCAAGTTGCAATGTTGAC-1","slingPseudotime_2",22.7984130984555,"STOP","aucell_naive_memory_score",0,"naive_memory"
"TCTTGACCAAGTTGCAATGTTGAC-1","slingPseudotime_2",22.7984130984555,"STOP","aucell_cytotoxic_score",0.323854660347551,"cytotoxic"
"TGATTGTTCCGCAATCATGTTGAC-1","slingPseudotime_1",33.1037008763736,"STOP","aucell_exhausted_score",0.0874144286466561,"exhausted"
"TGATTGTTCCGCAATCATGTTGAC-1","slingPseudotime_1",33.1037008763736,"STOP","aucell_proliferating_score",0,"proliferating"
"TGATTGTTCCGCAATCATGTTGAC-1","slingPseudotime_1",33.1037008763736,"STOP","aucell_naive_memory_score",0,"naive_memory"
"TGATTGTTCCGCAATCATGTTGAC-1","slingPseudotime_1",33.1037008763736,"STOP","aucell_cytotoxic_score",0.586273477268738,"cytotoxic"
"TGCCCATAGCGATGGCATGTTGAC-1","slingPseudotime_3",28.703003040029,"STOP","aucell_exhausted_score",0.213972266104968,"exhausted"
"TGCCCATAGCGATGGCATGTTGAC-1","slingPseudotime_3",28.703003040029,"STOP","aucell_proliferating_score",0.138947368421053,"proliferating"
"TGCCCATAGCGATGGCATGTTGAC-1","slingPseudotime_3",28.703003040029,"STOP","aucell_naive_memory_score",0,"naive_memory"
"TGCCCATAGCGATGGCATGTTGAC-1","slingPseudotime_3",28.703003040029,"STOP","aucell_cytotoxic_score",0.447077409162717,"cytotoxic"
"TGCGATACACCTTCTCATGTTGAC-1","slingPseudotime_1",30.3010102071056,"STOP","aucell_exhausted_score",0.162190626645603,"exhausted"
"TGCGATACACCTTCTCATGTTGAC-1","slingPseudotime_1",30.3010102071056,"STOP","aucell_proliferating_score",0,"proliferating"
"TGCGATACACCTTCTCATGTTGAC-1","slingPseudotime_1",30.3010102071056,"STOP","aucell_naive_memory_score",0,"naive_memory"
"TGCGATACACCTTCTCATGTTGAC-1","slingPseudotime_1",30.3010102071056,"STOP","aucell_cytotoxic_score",0.103563278918729,"cytotoxic"
"TGGATTAAGCCTATATATGTTGAC-1","slingPseudotime_1",27.0665910108966,"STOP","aucell_exhausted_score",0.132174828857293,"exhausted"
"TGGATTAAGCCTATATATGTTGAC-1","slingPseudotime_1",27.0665910108966,"STOP","aucell_proliferating_score",0,"proliferating"
"TGGATTAAGCCTATATATGTTGAC-1","slingPseudotime_1",27.0665910108966,"STOP","aucell_naive_memory_score",0.284,"naive_memory"
"TGGATTAAGCCTATATATGTTGAC-1","slingPseudotime_1",27.0665910108966,"STOP","aucell_cytotoxic_score",0.575741618395647,"cytotoxic"
"TGGATTAAGCCTATATATGTTGAC-1","slingPseudotime_2",23.9627109296208,"STOP","aucell_exhausted_score",0.132174828857293,"exhausted"
"TGGATTAAGCCTATATATGTTGAC-1","slingPseudotime_2",23.9627109296208,"STOP","aucell_proliferating_score",0,"proliferating"
"TGGATTAAGCCTATATATGTTGAC-1","slingPseudotime_2",23.9627109296208,"STOP","aucell_naive_memory_score",0.284,"naive_memory"
"TGGATTAAGCCTATATATGTTGAC-1","slingPseudotime_2",23.9627109296208,"STOP","aucell_cytotoxic_score",0.575741618395647,"cytotoxic"
"TGTATTGGTGGTTATCATGTTGAC-1","slingPseudotime_1",38.8517637852129,"STOP","aucell_exhausted_score",0,"exhausted"
"TGTATTGGTGGTTATCATGTTGAC-1","slingPseudotime_1",38.8517637852129,"STOP","aucell_proliferating_score",0,"proliferating"
"TGTATTGGTGGTTATCATGTTGAC-1","slingPseudotime_1",38.8517637852129,"STOP","aucell_naive_memory_score",0.114526315789474,"naive_memory"
"TGTATTGGTGGTTATCATGTTGAC-1","slingPseudotime_1",38.8517637852129,"STOP","aucell_cytotoxic_score",0.450412497805863,"cytotoxic"
"TGTATTGGTGGTTATCATGTTGAC-1","slingPseudotime_2",17.4613441036258,"STOP","aucell_exhausted_score",0,"exhausted"
"TGTATTGGTGGTTATCATGTTGAC-1","slingPseudotime_2",17.4613441036258,"STOP","aucell_proliferating_score",0,"proliferating"
"TGTATTGGTGGTTATCATGTTGAC-1","slingPseudotime_2",17.4613441036258,"STOP","aucell_naive_memory_score",0.114526315789474,"naive_memory"
"TGTATTGGTGGTTATCATGTTGAC-1","slingPseudotime_2",17.4613441036258,"STOP","aucell_cytotoxic_score",0.450412497805863,"cytotoxic"
"TGTATTGGTGGTTATCATGTTGAC-1","slingPseudotime_3",23.9137235926686,"STOP","aucell_exhausted_score",0,"exhausted"
"TGTATTGGTGGTTATCATGTTGAC-1","slingPseudotime_3",23.9137235926686,"STOP","aucell_proliferating_score",0,"proliferating"
"TGTATTGGTGGTTATCATGTTGAC-1","slingPseudotime_3",23.9137235926686,"STOP","aucell_naive_memory_score",0.114526315789474,"naive_memory"
"TGTATTGGTGGTTATCATGTTGAC-1","slingPseudotime_3",23.9137235926686,"STOP","aucell_cytotoxic_score",0.450412497805863,"cytotoxic"
"TGTATTGGTGGTTATCATGTTGAC-1","slingPseudotime_4",22.6510843259868,"STOP","aucell_exhausted_score",0,"exhausted"
"TGTATTGGTGGTTATCATGTTGAC-1","slingPseudotime_4",22.6510843259868,"STOP","aucell_proliferating_score",0,"proliferating"
"TGTATTGGTGGTTATCATGTTGAC-1","slingPseudotime_4",22.6510843259868,"STOP","aucell_naive_memory_score",0.114526315789474,"naive_memory"
"TGTATTGGTGGTTATCATGTTGAC-1","slingPseudotime_4",22.6510843259868,"STOP","aucell_cytotoxic_score",0.450412497805863,"cytotoxic"
"TGTTAGCGTTTATGGCATGTTGAC-1","slingPseudotime_1",34.3953304987235,"STOP","aucell_exhausted_score",0.16341934351413,"exhausted"
"TGTTAGCGTTTATGGCATGTTGAC-1","slingPseudotime_1",34.3953304987235,"STOP","aucell_proliferating_score",0,"proliferating"
"TGTTAGCGTTTATGGCATGTTGAC-1","slingPseudotime_1",34.3953304987235,"STOP","aucell_naive_memory_score",0,"naive_memory"
"TGTTAGCGTTTATGGCATGTTGAC-1","slingPseudotime_1",34.3953304987235,"STOP","aucell_cytotoxic_score",0.160786378795857,"cytotoxic"
"TTAAGGATCGTCCATAATGTTGAC-1","slingPseudotime_1",26.8356716489445,"STOP","aucell_exhausted_score",0,"exhausted"
"TTAAGGATCGTCCATAATGTTGAC-1","slingPseudotime_1",26.8356716489445,"STOP","aucell_proliferating_score",0.158315789473684,"proliferating"
"TTAAGGATCGTCCATAATGTTGAC-1","slingPseudotime_1",26.8356716489445,"STOP","aucell_naive_memory_score",0.164210526315789,"naive_memory"
"TTAAGGATCGTCCATAATGTTGAC-1","slingPseudotime_1",26.8356716489445,"STOP","aucell_cytotoxic_score",0.332982271370897,"cytotoxic"
"TTAAGGATCGTCCATAATGTTGAC-1","slingPseudotime_2",25.8412917550477,"STOP","aucell_exhausted_score",0,"exhausted"
"TTAAGGATCGTCCATAATGTTGAC-1","slingPseudotime_2",25.8412917550477,"STOP","aucell_proliferating_score",0.158315789473684,"proliferating"
"TTAAGGATCGTCCATAATGTTGAC-1","slingPseudotime_2",25.8412917550477,"STOP","aucell_naive_memory_score",0.164210526315789,"naive_memory"
"TTAAGGATCGTCCATAATGTTGAC-1","slingPseudotime_2",25.8412917550477,"STOP","aucell_cytotoxic_score",0.332982271370897,"cytotoxic"
"TTCGAACGTGATTAGGATGTTGAC-1","slingPseudotime_1",18.800960044596,"STOP","aucell_exhausted_score",0.149201334035457,"exhausted"
"TTCGAACGTGATTAGGATGTTGAC-1","slingPseudotime_1",18.800960044596,"STOP","aucell_proliferating_score",0,"proliferating"
"TTCGAACGTGATTAGGATGTTGAC-1","slingPseudotime_1",18.800960044596,"STOP","aucell_naive_memory_score",0.107578947368421,"naive_memory"
"TTCGAACGTGATTAGGATGTTGAC-1","slingPseudotime_1",18.800960044596,"STOP","aucell_cytotoxic_score",0,"cytotoxic"
"TTCGAACGTGATTAGGATGTTGAC-1","slingPseudotime_2",17.6711090358898,"STOP","aucell_exhausted_score",0.149201334035457,"exhausted"
"TTCGAACGTGATTAGGATGTTGAC-1","slingPseudotime_2",17.6711090358898,"STOP","aucell_proliferating_score",0,"proliferating"
"TTCGAACGTGATTAGGATGTTGAC-1","slingPseudotime_2",17.6711090358898,"STOP","aucell_naive_memory_score",0.107578947368421,"naive_memory"
"TTCGAACGTGATTAGGATGTTGAC-1","slingPseudotime_2",17.6711090358898,"STOP","aucell_cytotoxic_score",0,"cytotoxic"
"TTCGAACGTGATTAGGATGTTGAC-1","slingPseudotime_3",18.1707826192083,"STOP","aucell_exhausted_score",0.149201334035457,"exhausted"
"TTCGAACGTGATTAGGATGTTGAC-1","slingPseudotime_3",18.1707826192083,"STOP","aucell_proliferating_score",0,"proliferating"
"TTCGAACGTGATTAGGATGTTGAC-1","slingPseudotime_3",18.1707826192083,"STOP","aucell_naive_memory_score",0.107578947368421,"naive_memory"
"TTCGAACGTGATTAGGATGTTGAC-1","slingPseudotime_3",18.1707826192083,"STOP","aucell_cytotoxic_score",0,"cytotoxic"
"TTCGAACGTGATTAGGATGTTGAC-1","slingPseudotime_4",18.882340731101,"STOP","aucell_exhausted_score",0.149201334035457,"exhausted"
"TTCGAACGTGATTAGGATGTTGAC-1","slingPseudotime_4",18.882340731101,"STOP","aucell_proliferating_score",0,"proliferating"
"TTCGAACGTGATTAGGATGTTGAC-1","slingPseudotime_4",18.882340731101,"STOP","aucell_naive_memory_score",0.107578947368421,"naive_memory"
"TTCGAACGTGATTAGGATGTTGAC-1","slingPseudotime_4",18.882340731101,"STOP","aucell_cytotoxic_score",0,"cytotoxic"
"TTTCAAGGTATTGTCAATGTTGAC-1","slingPseudotime_1",32.5793064575088,"STOP","aucell_exhausted_score",0.104967526768475,"exhausted"
"TTTCAAGGTATTGTCAATGTTGAC-1","slingPseudotime_1",32.5793064575088,"STOP","aucell_proliferating_score",0.134736842105263,"proliferating"
"TTTCAAGGTATTGTCAATGTTGAC-1","slingPseudotime_1",32.5793064575088,"STOP","aucell_naive_memory_score",0,"naive_memory"
"TTTCAAGGTATTGTCAATGTTGAC-1","slingPseudotime_1",32.5793064575088,"STOP","aucell_cytotoxic_score",0.294540986484114,"cytotoxic"
"TTTGGACGTTTGAGCTATGTTGAC-1","slingPseudotime_1",28.7616018238489,"STOP","aucell_exhausted_score",0,"exhausted"
"TTTGGACGTTTGAGCTATGTTGAC-1","slingPseudotime_1",28.7616018238489,"STOP","aucell_proliferating_score",0,"proliferating"
"TTTGGACGTTTGAGCTATGTTGAC-1","slingPseudotime_1",28.7616018238489,"STOP","aucell_naive_memory_score",0,"naive_memory"
"TTTGGACGTTTGAGCTATGTTGAC-1","slingPseudotime_1",28.7616018238489,"STOP","aucell_cytotoxic_score",0.246972090573986,"cytotoxic"
"TTTGGACGTTTGAGCTATGTTGAC-1","slingPseudotime_2",25.0932344932619,"STOP","aucell_exhausted_score",0,"exhausted"
"TTTGGACGTTTGAGCTATGTTGAC-1","slingPseudotime_2",25.0932344932619,"STOP","aucell_proliferating_score",0,"proliferating"
"TTTGGACGTTTGAGCTATGTTGAC-1","slingPseudotime_2",25.0932344932619,"STOP","aucell_naive_memory_score",0,"naive_memory"
"TTTGGACGTTTGAGCTATGTTGAC-1","slingPseudotime_2",25.0932344932619,"STOP","aucell_cytotoxic_score",0.246972090573986,"cytotoxic"
"AACGGCTCAACTAAGTACAGTCTG-1","slingPseudotime_1",12.1934676693271,"STOP","aucell_exhausted_score",0.14990345796033,"exhausted"
"AACGGCTCAACTAAGTACAGTCTG-1","slingPseudotime_1",12.1934676693271,"STOP","aucell_proliferating_score",0,"proliferating"
"AACGGCTCAACTAAGTACAGTCTG-1","slingPseudotime_1",12.1934676693271,"STOP","aucell_naive_memory_score",0.189473684210526,"naive_memory"
"AACGGCTCAACTAAGTACAGTCTG-1","slingPseudotime_1",12.1934676693271,"STOP","aucell_cytotoxic_score",0.161312971739512,"cytotoxic"
"AACGGCTCAACTAAGTACAGTCTG-1","slingPseudotime_2",12.0070613829713,"STOP","aucell_exhausted_score",0.14990345796033,"exhausted"
"AACGGCTCAACTAAGTACAGTCTG-1","slingPseudotime_2",12.0070613829713,"STOP","aucell_proliferating_score",0,"proliferating"
"AACGGCTCAACTAAGTACAGTCTG-1","slingPseudotime_2",12.0070613829713,"STOP","aucell_naive_memory_score",0.189473684210526,"naive_memory"
"AACGGCTCAACTAAGTACAGTCTG-1","slingPseudotime_2",12.0070613829713,"STOP","aucell_cytotoxic_score",0.161312971739512,"cytotoxic"
"AACGGCTCAACTAAGTACAGTCTG-1","slingPseudotime_3",13.1542930651809,"STOP","aucell_exhausted_score",0.14990345796033,"exhausted"
"AACGGCTCAACTAAGTACAGTCTG-1","slingPseudotime_3",13.1542930651809,"STOP","aucell_proliferating_score",0,"proliferating"
"AACGGCTCAACTAAGTACAGTCTG-1","slingPseudotime_3",13.1542930651809,"STOP","aucell_naive_memory_score",0.189473684210526,"naive_memory"
"AACGGCTCAACTAAGTACAGTCTG-1","slingPseudotime_3",13.1542930651809,"STOP","aucell_cytotoxic_score",0.161312971739512,"cytotoxic"
"AACGGCTCAACTAAGTACAGTCTG-1","slingPseudotime_4",13.0484032997937,"STOP","aucell_exhausted_score",0.14990345796033,"exhausted"
"AACGGCTCAACTAAGTACAGTCTG-1","slingPseudotime_4",13.0484032997937,"STOP","aucell_proliferating_score",0,"proliferating"
"AACGGCTCAACTAAGTACAGTCTG-1","slingPseudotime_4",13.0484032997937,"STOP","aucell_naive_memory_score",0.189473684210526,"naive_memory"
"AACGGCTCAACTAAGTACAGTCTG-1","slingPseudotime_4",13.0484032997937,"STOP","aucell_cytotoxic_score",0.161312971739512,"cytotoxic"
"AAGACAACACCTTTGGACAGTCTG-1","slingPseudotime_1",12.2927784951651,"STOP","aucell_exhausted_score",0.0210637177461822,"exhausted"
"AAGACAACACCTTTGGACAGTCTG-1","slingPseudotime_1",12.2927784951651,"STOP","aucell_proliferating_score",0,"proliferating"
"AAGACAACACCTTTGGACAGTCTG-1","slingPseudotime_1",12.2927784951651,"STOP","aucell_naive_memory_score",0,"naive_memory"
"AAGACAACACCTTTGGACAGTCTG-1","slingPseudotime_1",12.2927784951651,"STOP","aucell_cytotoxic_score",0.406705283482535,"cytotoxic"
"AAGACAACACCTTTGGACAGTCTG-1","slingPseudotime_2",12.0070613829713,"STOP","aucell_exhausted_score",0.0210637177461822,"exhausted"
"AAGACAACACCTTTGGACAGTCTG-1","slingPseudotime_2",12.0070613829713,"STOP","aucell_proliferating_score",0,"proliferating"
"AAGACAACACCTTTGGACAGTCTG-1","slingPseudotime_2",12.0070613829713,"STOP","aucell_naive_memory_score",0,"naive_memory"
"AAGACAACACCTTTGGACAGTCTG-1","slingPseudotime_2",12.0070613829713,"STOP","aucell_cytotoxic_score",0.406705283482535,"cytotoxic"
"AAGACAACACCTTTGGACAGTCTG-1","slingPseudotime_3",13.1253293123795,"STOP","aucell_exhausted_score",0.0210637177461822,"exhausted"
"AAGACAACACCTTTGGACAGTCTG-1","slingPseudotime_3",13.1253293123795,"STOP","aucell_proliferating_score",0,"proliferating"
"AAGACAACACCTTTGGACAGTCTG-1","slingPseudotime_3",13.1253293123795,"STOP","aucell_naive_memory_score",0,"naive_memory"
"AAGACAACACCTTTGGACAGTCTG-1","slingPseudotime_3",13.1253293123795,"STOP","aucell_cytotoxic_score",0.406705283482535,"cytotoxic"
"AAGACAACACCTTTGGACAGTCTG-1","slingPseudotime_4",12.9113021183415,"STOP","aucell_exhausted_score",0.0210637177461822,"exhausted"
"AAGACAACACCTTTGGACAGTCTG-1","slingPseudotime_4",12.9113021183415,"STOP","aucell_proliferating_score",0,"proliferating"
"AAGACAACACCTTTGGACAGTCTG-1","slingPseudotime_4",12.9113021183415,"STOP","aucell_naive_memory_score",0,"naive_memory"
"AAGACAACACCTTTGGACAGTCTG-1","slingPseudotime_4",12.9113021183415,"STOP","aucell_cytotoxic_score",0.406705283482535,"cytotoxic"
"AAGCTTAAGCGCAAGCACAGTCTG-1","slingPseudotime_4",26.8366261298788,"STOP","aucell_exhausted_score",0.0947867298578199,"exhausted"
"AAGCTTAAGCGCAAGCACAGTCTG-1","slingPseudotime_4",26.8366261298788,"STOP","aucell_proliferating_score",0,"proliferating"
"AAGCTTAAGCGCAAGCACAGTCTG-1","slingPseudotime_4",26.8366261298788,"STOP","aucell_naive_memory_score",0,"naive_memory"
"AAGCTTAAGCGCAAGCACAGTCTG-1","slingPseudotime_4",26.8366261298788,"STOP","aucell_cytotoxic_score",0.331402492539933,"cytotoxic"
"AAGGACAAGCCATTTGACAGTCTG-1","slingPseudotime_1",8.69188128411917,"STOP","aucell_exhausted_score",0,"exhausted"
"AAGGACAAGCCATTTGACAGTCTG-1","slingPseudotime_1",8.69188128411917,"STOP","aucell_proliferating_score",0,"proliferating"
"AAGGACAAGCCATTTGACAGTCTG-1","slingPseudotime_1",8.69188128411917,"STOP","aucell_naive_memory_score",0,"naive_memory"
"AAGGACAAGCCATTTGACAGTCTG-1","slingPseudotime_1",8.69188128411917,"STOP","aucell_cytotoxic_score",0.330700368615061,"cytotoxic"
"AAGGACAAGCCATTTGACAGTCTG-1","slingPseudotime_2",8.59572490055561,"STOP","aucell_exhausted_score",0,"exhausted"
"AAGGACAAGCCATTTGACAGTCTG-1","slingPseudotime_2",8.59572490055561,"STOP","aucell_proliferating_score",0,"proliferating"
"AAGGACAAGCCATTTGACAGTCTG-1","slingPseudotime_2",8.59572490055561,"STOP","aucell_naive_memory_score",0,"naive_memory"
"AAGGACAAGCCATTTGACAGTCTG-1","slingPseudotime_2",8.59572490055561,"STOP","aucell_cytotoxic_score",0.330700368615061,"cytotoxic"
"AAGGACAAGCCATTTGACAGTCTG-1","slingPseudotime_3",9.05186073243786,"STOP","aucell_exhausted_score",0,"exhausted"
"AAGGACAAGCCATTTGACAGTCTG-1","slingPseudotime_3",9.05186073243786,"STOP","aucell_proliferating_score",0,"proliferating"
"AAGGACAAGCCATTTGACAGTCTG-1","slingPseudotime_3",9.05186073243786,"STOP","aucell_naive_memory_score",0,"naive_memory"
"AAGGACAAGCCATTTGACAGTCTG-1","slingPseudotime_3",9.05186073243786,"STOP","aucell_cytotoxic_score",0.330700368615061,"cytotoxic"
"AAGGACAAGCCATTTGACAGTCTG-1","slingPseudotime_4",8.90478096093301,"STOP","aucell_exhausted_score",0,"exhausted"
"AAGGACAAGCCATTTGACAGTCTG-1","slingPseudotime_4",8.90478096093301,"STOP","aucell_proliferating_score",0,"proliferating"
"AAGGACAAGCCATTTGACAGTCTG-1","slingPseudotime_4",8.90478096093301,"STOP","aucell_naive_memory_score",0,"naive_memory"
"AAGGACAAGCCATTTGACAGTCTG-1","slingPseudotime_4",8.90478096093301,"STOP","aucell_cytotoxic_score",0.330700368615061,"cytotoxic"
"AAGGAGCAGAAACCCGACAGTCTG-1","slingPseudotime_1",12.4581686284663,"STOP","aucell_exhausted_score",0,"exhausted"
"AAGGAGCAGAAACCCGACAGTCTG-1","slingPseudotime_1",12.4581686284663,"STOP","aucell_proliferating_score",0,"proliferating"
"AAGGAGCAGAAACCCGACAGTCTG-1","slingPseudotime_1",12.4581686284663,"STOP","aucell_naive_memory_score",0.0105263157894737,"naive_memory"
"AAGGAGCAGAAACCCGACAGTCTG-1","slingPseudotime_1",12.4581686284663,"STOP","aucell_cytotoxic_score",0.150956643847639,"cytotoxic"
"AAGGAGCAGAAACCCGACAGTCTG-1","slingPseudotime_2",12.0070613829713,"STOP","aucell_exhausted_score",0,"exhausted"
"AAGGAGCAGAAACCCGACAGTCTG-1","slingPseudotime_2",12.0070613829713,"STOP","aucell_proliferating_score",0,"proliferating"
"AAGGAGCAGAAACCCGACAGTCTG-1","slingPseudotime_2",12.0070613829713,"STOP","aucell_naive_memory_score",0.0105263157894737,"naive_memory"
"AAGGAGCAGAAACCCGACAGTCTG-1","slingPseudotime_2",12.0070613829713,"STOP","aucell_cytotoxic_score",0.150956643847639,"cytotoxic"
"AAGGAGCAGAAACCCGACAGTCTG-1","slingPseudotime_3",13.4268825232316,"STOP","aucell_exhausted_score",0,"exhausted"
"AAGGAGCAGAAACCCGACAGTCTG-1","slingPseudotime_3",13.4268825232316,"STOP","aucell_proliferating_score",0,"proliferating"
"AAGGAGCAGAAACCCGACAGTCTG-1","slingPseudotime_3",13.4268825232316,"STOP","aucell_naive_memory_score",0.0105263157894737,"naive_memory"
"AAGGAGCAGAAACCCGACAGTCTG-1","slingPseudotime_3",13.4268825232316,"STOP","aucell_cytotoxic_score",0.150956643847639,"cytotoxic"
"AAGGAGCAGAAACCCGACAGTCTG-1","slingPseudotime_4",13.3164427607097,"STOP","aucell_exhausted_score",0,"exhausted"
"AAGGAGCAGAAACCCGACAGTCTG-1","slingPseudotime_4",13.3164427607097,"STOP","aucell_proliferating_score",0,"proliferating"
"AAGGAGCAGAAACCCGACAGTCTG-1","slingPseudotime_4",13.3164427607097,"STOP","aucell_naive_memory_score",0.0105263157894737,"naive_memory"
"AAGGAGCAGAAACCCGACAGTCTG-1","slingPseudotime_4",13.3164427607097,"STOP","aucell_cytotoxic_score",0.150956643847639,"cytotoxic"
"AATCCGGAGGTTGCAGACAGTCTG-1","slingPseudotime_1",23.1891964534764,"STOP","aucell_exhausted_score",0,"exhausted"
"AATCCGGAGGTTGCAGACAGTCTG-1","slingPseudotime_1",23.1891964534764,"STOP","aucell_proliferating_score",0,"proliferating"
"AATCCGGAGGTTGCAGACAGTCTG-1","slingPseudotime_1",23.1891964534764,"STOP","aucell_naive_memory_score",0.0309473684210526,"naive_memory"
"AATCCGGAGGTTGCAGACAGTCTG-1","slingPseudotime_1",23.1891964534764,"STOP","aucell_cytotoxic_score",0.255573108653677,"cytotoxic"
"AATCCGGAGGTTGCAGACAGTCTG-1","slingPseudotime_2",21.9055463656884,"STOP","aucell_exhausted_score",0,"exhausted"
"AATCCGGAGGTTGCAGACAGTCTG-1","slingPseudotime_2",21.9055463656884,"STOP","aucell_proliferating_score",0,"proliferating"
"AATCCGGAGGTTGCAGACAGTCTG-1","slingPseudotime_2",21.9055463656884,"STOP","aucell_naive_memory_score",0.0309473684210526,"naive_memory"
"AATCCGGAGGTTGCAGACAGTCTG-1","slingPseudotime_2",21.9055463656884,"STOP","aucell_cytotoxic_score",0.255573108653677,"cytotoxic"
"AATCCGTGTTGTTGGTACAGTCTG-1","slingPseudotime_1",14.7442155923314,"STOP","aucell_exhausted_score",0.154642794453221,"exhausted"
"AATCCGTGTTGTTGGTACAGTCTG-1","slingPseudotime_1",14.7442155923314,"STOP","aucell_proliferating_score",0,"proliferating"
"AATCCGTGTTGTTGGTACAGTCTG-1","slingPseudotime_1",14.7442155923314,"STOP","aucell_naive_memory_score",0.115157894736842,"naive_memory"
"AATCCGTGTTGTTGGTACAGTCTG-1","slingPseudotime_1",14.7442155923314,"STOP","aucell_cytotoxic_score",0.441635948744953,"cytotoxic"
"AATCCGTGTTGTTGGTACAGTCTG-1","slingPseudotime_2",14.9669173958312,"STOP","aucell_exhausted_score",0.154642794453221,"exhausted"
"AATCCGTGTTGTTGGTACAGTCTG-1","slingPseudotime_2",14.9669173958312,"STOP","aucell_proliferating_score",0,"proliferating"
"AATCCGTGTTGTTGGTACAGTCTG-1","slingPseudotime_2",14.9669173958312,"STOP","aucell_naive_memory_score",0.115157894736842,"naive_memory"
"AATCCGTGTTGTTGGTACAGTCTG-1","slingPseudotime_2",14.9669173958312,"STOP","aucell_cytotoxic_score",0.441635948744953,"cytotoxic"
"ACAATGTCAGTAAGTTACAGTCTG-1","slingPseudotime_1",24.9700492985519,"STOP","aucell_exhausted_score",0.0296647358258733,"exhausted"
"ACAATGTCAGTAAGTTACAGTCTG-1","slingPseudotime_1",24.9700492985519,"STOP","aucell_proliferating_score",0,"proliferating"
"ACAATGTCAGTAAGTTACAGTCTG-1","slingPseudotime_1",24.9700492985519,"STOP","aucell_naive_memory_score",0,"naive_memory"
"ACAATGTCAGTAAGTTACAGTCTG-1","slingPseudotime_1",24.9700492985519,"STOP","aucell_cytotoxic_score",0.0719677022994559,"cytotoxic"
"ACAATGTCAGTAAGTTACAGTCTG-1","slingPseudotime_2",23.233012643538,"STOP","aucell_exhausted_score",0.0296647358258733,"exhausted"
"ACAATGTCAGTAAGTTACAGTCTG-1","slingPseudotime_2",23.233012643538,"STOP","aucell_proliferating_score",0,"proliferating"
"ACAATGTCAGTAAGTTACAGTCTG-1","slingPseudotime_2",23.233012643538,"STOP","aucell_naive_memory_score",0,"naive_memory"
"ACAATGTCAGTAAGTTACAGTCTG-1","slingPseudotime_2",23.233012643538,"STOP","aucell_cytotoxic_score",0.0719677022994559,"cytotoxic"
"ACACCAACACCTGGTCACAGTCTG-1","slingPseudotime_1",31.142853796785,"STOP","aucell_exhausted_score",0,"exhausted"
"ACACCAACACCTGGTCACAGTCTG-1","slingPseudotime_1",31.142853796785,"STOP","aucell_proliferating_score",0,"proliferating"
"ACACCAACACCTGGTCACAGTCTG-1","slingPseudotime_1",31.142853796785,"STOP","aucell_naive_memory_score",0,"naive_memory"
"ACACCAACACCTGGTCACAGTCTG-1","slingPseudotime_1",31.142853796785,"STOP","aucell_cytotoxic_score",0.162541688608039,"cytotoxic"
"ACACCAACATTGTACCACAGTCTG-1","slingPseudotime_1",21.0815155802679,"STOP","aucell_exhausted_score",0,"exhausted"
"ACACCAACATTGTACCACAGTCTG-1","slingPseudotime_1",21.0815155802679,"STOP","aucell_proliferating_score",0,"proliferating"
"ACACCAACATTGTACCACAGTCTG-1","slingPseudotime_1",21.0815155802679,"STOP","aucell_naive_memory_score",0.180421052631579,"naive_memory"
"ACACCAACATTGTACCACAGTCTG-1","slingPseudotime_1",21.0815155802679,"STOP","aucell_cytotoxic_score",0.279094260136914,"cytotoxic"
"ACACCAACATTGTACCACAGTCTG-1","slingPseudotime_2",19.8786100227701,"STOP","aucell_exhausted_score",0,"exhausted"
"ACACCAACATTGTACCACAGTCTG-1","slingPseudotime_2",19.8786100227701,"STOP","aucell_proliferating_score",0,"proliferating"
"ACACCAACATTGTACCACAGTCTG-1","slingPseudotime_2",19.8786100227701,"STOP","aucell_naive_memory_score",0.180421052631579,"naive_memory"
"ACACCAACATTGTACCACAGTCTG-1","slingPseudotime_2",19.8786100227701,"STOP","aucell_cytotoxic_score",0.279094260136914,"cytotoxic"
"ACATTGTTCACCACACACAGTCTG-1","slingPseudotime_2",39.8365998127553,"STOP","aucell_exhausted_score",0.0760049148674741,"exhausted"
"ACATTGTTCACCACACACAGTCTG-1","slingPseudotime_2",39.8365998127553,"STOP","aucell_proliferating_score",0.626947368421053,"proliferating"
"ACATTGTTCACCACACACAGTCTG-1","slingPseudotime_2",39.8365998127553,"STOP","aucell_naive_memory_score",0,"naive_memory"
"ACATTGTTCACCACACACAGTCTG-1","slingPseudotime_2",39.8365998127553,"STOP","aucell_cytotoxic_score",0.480428295594172,"cytotoxic"
"ACCGGTTTCTATTGACACAGTCTG-1","slingPseudotime_4",29.9476670454276,"STOP","aucell_exhausted_score",0.159206599964894,"exhausted"
"ACCGGTTTCTATTGACACAGTCTG-1","slingPseudotime_4",29.9476670454276,"STOP","aucell_proliferating_score",0,"proliferating"
"ACCGGTTTCTATTGACACAGTCTG-1","slingPseudotime_4",29.9476670454276,"STOP","aucell_naive_memory_score",0.0848421052631579,"naive_memory"
"ACCGGTTTCTATTGACACAGTCTG-1","slingPseudotime_4",29.9476670454276,"STOP","aucell_cytotoxic_score",0.487098472880463,"cytotoxic"
"ACGGAACGTCGTTATAACAGTCTG-1","slingPseudotime_1",14.829006586825,"STOP","aucell_exhausted_score",0.0981218185009654,"exhausted"
"ACGGAACGTCGTTATAACAGTCTG-1","slingPseudotime_1",14.829006586825,"STOP","aucell_proliferating_score",0,"proliferating"
"ACGGAACGTCGTTATAACAGTCTG-1","slingPseudotime_1",14.829006586825,"STOP","aucell_naive_memory_score",0,"naive_memory"
"ACGGAACGTCGTTATAACAGTCTG-1","slingPseudotime_1",14.829006586825,"STOP","aucell_cytotoxic_score",0.212216956292786,"cytotoxic"
"ACGGAACGTCGTTATAACAGTCTG-1","slingPseudotime_2",14.3172884361488,"STOP","aucell_exhausted_score",0.0981218185009654,"exhausted"
"ACGGAACGTCGTTATAACAGTCTG-1","slingPseudotime_2",14.3172884361488,"STOP","aucell_proliferating_score",0,"proliferating"
"ACGGAACGTCGTTATAACAGTCTG-1","slingPseudotime_2",14.3172884361488,"STOP","aucell_naive_memory_score",0,"naive_memory"
"ACGGAACGTCGTTATAACAGTCTG-1","slingPseudotime_2",14.3172884361488,"STOP","aucell_cytotoxic_score",0.212216956292786,"cytotoxic"
"ACGGAACGTCGTTATAACAGTCTG-1","slingPseudotime_3",15.2309972927153,"STOP","aucell_exhausted_score",0.0981218185009654,"exhausted"
"ACGGAACGTCGTTATAACAGTCTG-1","slingPseudotime_3",15.2309972927153,"STOP","aucell_proliferating_score",0,"proliferating"
"ACGGAACGTCGTTATAACAGTCTG-1","slingPseudotime_3",15.2309972927153,"STOP","aucell_naive_memory_score",0,"naive_memory"
"ACGGAACGTCGTTATAACAGTCTG-1","slingPseudotime_3",15.2309972927153,"STOP","aucell_cytotoxic_score",0.212216956292786,"cytotoxic"
"ACGGAACGTCGTTATAACAGTCTG-1","slingPseudotime_4",27.2016336438248,"STOP","aucell_exhausted_score",0.0981218185009654,"exhausted"
"ACGGAACGTCGTTATAACAGTCTG-1","slingPseudotime_4",27.2016336438248,"STOP","aucell_proliferating_score",0,"proliferating"
"ACGGAACGTCGTTATAACAGTCTG-1","slingPseudotime_4",27.2016336438248,"STOP","aucell_naive_memory_score",0,"naive_memory"
"ACGGAACGTCGTTATAACAGTCTG-1","slingPseudotime_4",27.2016336438248,"STOP","aucell_cytotoxic_score",0.212216956292786,"cytotoxic"
"ACTAAGTCAATGGATTACAGTCTG-1","slingPseudotime_1",8.60689678202987,"STOP","aucell_exhausted_score",0,"exhausted"
"ACTAAGTCAATGGATTACAGTCTG-1","slingPseudotime_1",8.60689678202987,"STOP","aucell_proliferating_score",0,"proliferating"
"ACTAAGTCAATGGATTACAGTCTG-1","slingPseudotime_1",8.60689678202987,"STOP","aucell_naive_memory_score",0.374947368421053,"naive_memory"
"ACTAAGTCAATGGATTACAGTCTG-1","slingPseudotime_1",8.60689678202987,"STOP","aucell_cytotoxic_score",0.153063015622257,"cytotoxic"
"ACTAAGTCAATGGATTACAGTCTG-1","slingPseudotime_2",8.75217452356518,"STOP","aucell_exhausted_score",0,"exhausted"
"ACTAAGTCAATGGATTACAGTCTG-1","slingPseudotime_2",8.75217452356518,"STOP","aucell_proliferating_score",0,"proliferating"
"ACTAAGTCAATGGATTACAGTCTG-1","slingPseudotime_2",8.75217452356518,"STOP","aucell_naive_memory_score",0.374947368421053,"naive_memory"
"ACTAAGTCAATGGATTACAGTCTG-1","slingPseudotime_2",8.75217452356518,"STOP","aucell_cytotoxic_score",0.153063015622257,"cytotoxic"
"ACTAAGTCAATGGATTACAGTCTG-1","slingPseudotime_3",8.74492327512519,"STOP","aucell_exhausted_score",0,"exhausted"
"ACTAAGTCAATGGATTACAGTCTG-1","slingPseudotime_3",8.74492327512519,"STOP","aucell_proliferating_score",0,"proliferating"
"ACTAAGTCAATGGATTACAGTCTG-1","slingPseudotime_3",8.74492327512519,"STOP","aucell_naive_memory_score",0.374947368421053,"naive_memory"
"ACTAAGTCAATGGATTACAGTCTG-1","slingPseudotime_3",8.74492327512519,"STOP","aucell_cytotoxic_score",0.153063015622257,"cytotoxic"
"ACTAAGTCAATGGATTACAGTCTG-1","slingPseudotime_4",8.52756893489018,"STOP","aucell_exhausted_score",0,"exhausted"
"ACTAAGTCAATGGATTACAGTCTG-1","slingPseudotime_4",8.52756893489018,"STOP","aucell_proliferating_score",0,"proliferating"
"ACTAAGTCAATGGATTACAGTCTG-1","slingPseudotime_4",8.52756893489018,"STOP","aucell_naive_memory_score",0.374947368421053,"naive_memory"
"ACTAAGTCAATGGATTACAGTCTG-1","slingPseudotime_4",8.52756893489018,"STOP","aucell_cytotoxic_score",0.153063015622257,"cytotoxic"
"ACTAGTCGTTGAGCTTACAGTCTG-1","slingPseudotime_1",15.2037684985713,"STOP","aucell_exhausted_score",0.305423907319642,"exhausted"
"ACTAGTCGTTGAGCTTACAGTCTG-1","slingPseudotime_1",15.2037684985713,"STOP","aucell_proliferating_score",0,"proliferating"
"ACTAGTCGTTGAGCTTACAGTCTG-1","slingPseudotime_1",15.2037684985713,"STOP","aucell_naive_memory_score",0,"naive_memory"
"ACTAGTCGTTGAGCTTACAGTCTG-1","slingPseudotime_1",15.2037684985713,"STOP","aucell_cytotoxic_score",0.320519571704406,"cytotoxic"
"ACTAGTCGTTGAGCTTACAGTCTG-1","slingPseudotime_2",15.1403129213096,"STOP","aucell_exhausted_score",0.305423907319642,"exhausted"
"ACTAGTCGTTGAGCTTACAGTCTG-1","slingPseudotime_2",15.1403129213096,"STOP","aucell_proliferating_score",0,"proliferating"
"ACTAGTCGTTGAGCTTACAGTCTG-1","slingPseudotime_2",15.1403129213096,"STOP","aucell_naive_memory_score",0,"naive_memory"
"ACTAGTCGTTGAGCTTACAGTCTG-1","slingPseudotime_2",15.1403129213096,"STOP","aucell_cytotoxic_score",0.320519571704406,"cytotoxic"
"ACTAGTCGTTGAGCTTACAGTCTG-1","slingPseudotime_3",14.7806463289577,"STOP","aucell_exhausted_score",0.305423907319642,"exhausted"
"ACTAGTCGTTGAGCTTACAGTCTG-1","slingPseudotime_3",14.7806463289577,"STOP","aucell_proliferating_score",0,"proliferating"
"ACTAGTCGTTGAGCTTACAGTCTG-1","slingPseudotime_3",14.7806463289577,"STOP","aucell_naive_memory_score",0,"naive_memory"
"ACTAGTCGTTGAGCTTACAGTCTG-1","slingPseudotime_3",14.7806463289577,"STOP","aucell_cytotoxic_score",0.320519571704406,"cytotoxic"
"ACTAGTCGTTGAGCTTACAGTCTG-1","slingPseudotime_4",26.504812755698,"STOP","aucell_exhausted_score",0.305423907319642,"exhausted"
"ACTAGTCGTTGAGCTTACAGTCTG-1","slingPseudotime_4",26.504812755698,"STOP","aucell_proliferating_score",0,"proliferating"
"ACTAGTCGTTGAGCTTACAGTCTG-1","slingPseudotime_4",26.504812755698,"STOP","aucell_naive_memory_score",0,"naive_memory"
"ACTAGTCGTTGAGCTTACAGTCTG-1","slingPseudotime_4",26.504812755698,"STOP","aucell_cytotoxic_score",0.320519571704406,"cytotoxic"
"ACTCGAACAGGATCCGACAGTCTG-1","slingPseudotime_1",39.3768498893349,"STOP","aucell_exhausted_score",0.133579076707039,"exhausted"
"ACTCGAACAGGATCCGACAGTCTG-1","slingPseudotime_1",39.3768498893349,"STOP","aucell_proliferating_score",0,"proliferating"
"ACTCGAACAGGATCCGACAGTCTG-1","slingPseudotime_1",39.3768498893349,"STOP","aucell_naive_memory_score",0,"naive_memory"
"ACTCGAACAGGATCCGACAGTCTG-1","slingPseudotime_1",39.3768498893349,"STOP","aucell_cytotoxic_score",0.421449885904862,"cytotoxic"
"ACTCGAACAGGATCCGACAGTCTG-1","slingPseudotime_2",14.7929054506395,"STOP","aucell_exhausted_score",0.133579076707039,"exhausted"
"ACTCGAACAGGATCCGACAGTCTG-1","slingPseudotime_2",14.7929054506395,"STOP","aucell_proliferating_score",0,"proliferating"
"ACTCGAACAGGATCCGACAGTCTG-1","slingPseudotime_2",14.7929054506395,"STOP","aucell_naive_memory_score",0,"naive_memory"
"ACTCGAACAGGATCCGACAGTCTG-1","slingPseudotime_2",14.7929054506395,"STOP","aucell_cytotoxic_score",0.421449885904862,"cytotoxic"
"ACTCGAACAGGATCCGACAGTCTG-1","slingPseudotime_3",20.1052169982175,"STOP","aucell_exhausted_score",0.133579076707039,"exhausted"
"ACTCGAACAGGATCCGACAGTCTG-1","slingPseudotime_3",20.1052169982175,"STOP","aucell_proliferating_score",0,"proliferating"
"ACTCGAACAGGATCCGACAGTCTG-1","slingPseudotime_3",20.1052169982175,"STOP","aucell_naive_memory_score",0,"naive_memory"
"ACTCGAACAGGATCCGACAGTCTG-1","slingPseudotime_3",20.1052169982175,"STOP","aucell_cytotoxic_score",0.421449885904862,"cytotoxic"
"ACTCGAACAGGATCCGACAGTCTG-1","slingPseudotime_4",19.7617555511022,"STOP","aucell_exhausted_score",0.133579076707039,"exhausted"
"ACTCGAACAGGATCCGACAGTCTG-1","slingPseudotime_4",19.7617555511022,"STOP","aucell_proliferating_score",0,"proliferating"
"ACTCGAACAGGATCCGACAGTCTG-1","slingPseudotime_4",19.7617555511022,"STOP","aucell_naive_memory_score",0,"naive_memory"
"ACTCGAACAGGATCCGACAGTCTG-1","slingPseudotime_4",19.7617555511022,"STOP","aucell_cytotoxic_score",0.421449885904862,"cytotoxic"
"ACTTCCCGTCAATGTCACAGTCTG-1","slingPseudotime_4",29.6392173236725,"STOP","aucell_exhausted_score",0.122169562927857,"exhausted"
"ACTTCCCGTCAATGTCACAGTCTG-1","slingPseudotime_4",29.6392173236725,"STOP","aucell_proliferating_score",0,"proliferating"
"ACTTCCCGTCAATGTCACAGTCTG-1","slingPseudotime_4",29.6392173236725,"STOP","aucell_naive_memory_score",0,"naive_memory"
"ACTTCCCGTCAATGTCACAGTCTG-1","slingPseudotime_4",29.6392173236725,"STOP","aucell_cytotoxic_score",0.386343689661225,"cytotoxic"
"AGACTGAGTCCGTGACACAGTCTG-1","slingPseudotime_2",34.5365218119305,"STOP","aucell_exhausted_score",0,"exhausted"
"AGACTGAGTCCGTGACACAGTCTG-1","slingPseudotime_2",34.5365218119305,"STOP","aucell_proliferating_score",0.346315789473684,"proliferating"
"AGACTGAGTCCGTGACACAGTCTG-1","slingPseudotime_2",34.5365218119305,"STOP","aucell_naive_memory_score",0,"naive_memory"
"AGACTGAGTCCGTGACACAGTCTG-1","slingPseudotime_2",34.5365218119305,"STOP","aucell_cytotoxic_score",0.71950149201334,"cytotoxic"
"AGCCTCTAGCATTACTACAGTCTG-1","slingPseudotime_1",4.71927173072692,"STOP","aucell_exhausted_score",0,"exhausted"
"AGCCTCTAGCATTACTACAGTCTG-1","slingPseudotime_1",4.71927173072692,"STOP","aucell_proliferating_score",0.0644210526315789,"proliferating"
"AGCCTCTAGCATTACTACAGTCTG-1","slingPseudotime_1",4.71927173072692,"STOP","aucell_naive_memory_score",0.217263157894737,"naive_memory"
"AGCCTCTAGCATTACTACAGTCTG-1","slingPseudotime_1",4.71927173072692,"STOP","aucell_cytotoxic_score",0.0124626996664911,"cytotoxic"
"AGCCTCTAGCATTACTACAGTCTG-1","slingPseudotime_2",4.64653397775428,"STOP","aucell_exhausted_score",0,"exhausted"
"AGCCTCTAGCATTACTACAGTCTG-1","slingPseudotime_2",4.64653397775428,"STOP","aucell_proliferating_score",0.0644210526315789,"proliferating"
"AGCCTCTAGCATTACTACAGTCTG-1","slingPseudotime_2",4.64653397775428,"STOP","aucell_naive_memory_score",0.217263157894737,"naive_memory"
"AGCCTCTAGCATTACTACAGTCTG-1","slingPseudotime_2",4.64653397775428,"STOP","aucell_cytotoxic_score",0.0124626996664911,"cytotoxic"
"AGCCTCTAGCATTACTACAGTCTG-1","slingPseudotime_3",5.05902398329635,"STOP","aucell_exhausted_score",0,"exhausted"
"AGCCTCTAGCATTACTACAGTCTG-1","slingPseudotime_3",5.05902398329635,"STOP","aucell_proliferating_score",0.0644210526315789,"proliferating"
"AGCCTCTAGCATTACTACAGTCTG-1","slingPseudotime_3",5.05902398329635,"STOP","aucell_naive_memory_score",0.217263157894737,"naive_memory"
"AGCCTCTAGCATTACTACAGTCTG-1","slingPseudotime_3",5.05902398329635,"STOP","aucell_cytotoxic_score",0.0124626996664911,"cytotoxic"
"AGCCTCTAGCATTACTACAGTCTG-1","slingPseudotime_4",4.83259201327381,"STOP","aucell_exhausted_score",0,"exhausted"
"AGCCTCTAGCATTACTACAGTCTG-1","slingPseudotime_4",4.83259201327381,"STOP","aucell_proliferating_score",0.0644210526315789,"proliferating"
"AGCCTCTAGCATTACTACAGTCTG-1","slingPseudotime_4",4.83259201327381,"STOP","aucell_naive_memory_score",0.217263157894737,"naive_memory"
"AGCCTCTAGCATTACTACAGTCTG-1","slingPseudotime_4",4.83259201327381,"STOP","aucell_cytotoxic_score",0.0124626996664911,"cytotoxic"
"AGCCTGTTCTAAGTAGACAGTCTG-1","slingPseudotime_1",19.2969908620889,"STOP","aucell_exhausted_score",0.103563278918729,"exhausted"
"AGCCTGTTCTAAGTAGACAGTCTG-1","slingPseudotime_1",19.2969908620889,"STOP","aucell_proliferating_score",0,"proliferating"
"AGCCTGTTCTAAGTAGACAGTCTG-1","slingPseudotime_1",19.2969908620889,"STOP","aucell_naive_memory_score",0.175368421052632,"naive_memory"
"AGCCTGTTCTAAGTAGACAGTCTG-1","slingPseudotime_1",19.2969908620889,"STOP","aucell_cytotoxic_score",0.266280498507987,"cytotoxic"
"AGCCTGTTCTAAGTAGACAGTCTG-1","slingPseudotime_2",18.1615125591389,"STOP","aucell_exhausted_score",0.103563278918729,"exhausted"
"AGCCTGTTCTAAGTAGACAGTCTG-1","slingPseudotime_2",18.1615125591389,"STOP","aucell_proliferating_score",0,"proliferating"
"AGCCTGTTCTAAGTAGACAGTCTG-1","slingPseudotime_2",18.1615125591389,"STOP","aucell_naive_memory_score",0.175368421052632,"naive_memory"
"AGCCTGTTCTAAGTAGACAGTCTG-1","slingPseudotime_2",18.1615125591389,"STOP","aucell_cytotoxic_score",0.266280498507987,"cytotoxic"
"AGCCTGTTCTAAGTAGACAGTCTG-1","slingPseudotime_3",21.1240637554463,"STOP","aucell_exhausted_score",0.103563278918729,"exhausted"
"AGCCTGTTCTAAGTAGACAGTCTG-1","slingPseudotime_3",21.1240637554463,"STOP","aucell_proliferating_score",0,"proliferating"
"AGCCTGTTCTAAGTAGACAGTCTG-1","slingPseudotime_3",21.1240637554463,"STOP","aucell_naive_memory_score",0.175368421052632,"naive_memory"
"AGCCTGTTCTAAGTAGACAGTCTG-1","slingPseudotime_3",21.1240637554463,"STOP","aucell_cytotoxic_score",0.266280498507987,"cytotoxic"
"AGCCTGTTCTAAGTAGACAGTCTG-1","slingPseudotime_4",20.1146034207467,"STOP","aucell_exhausted_score",0.103563278918729,"exhausted"
"AGCCTGTTCTAAGTAGACAGTCTG-1","slingPseudotime_4",20.1146034207467,"STOP","aucell_proliferating_score",0,"proliferating"
"AGCCTGTTCTAAGTAGACAGTCTG-1","slingPseudotime_4",20.1146034207467,"STOP","aucell_naive_memory_score",0.175368421052632,"naive_memory"
"AGCCTGTTCTAAGTAGACAGTCTG-1","slingPseudotime_4",20.1146034207467,"STOP","aucell_cytotoxic_score",0.266280498507987,"cytotoxic"
"AGCGAACGTGGTGCAGACAGTCTG-1","slingPseudotime_1",15.3324004829508,"STOP","aucell_exhausted_score",0,"exhausted"
"AGCGAACGTGGTGCAGACAGTCTG-1","slingPseudotime_1",15.3324004829508,"STOP","aucell_proliferating_score",0.02,"proliferating"
"AGCGAACGTGGTGCAGACAGTCTG-1","slingPseudotime_1",15.3324004829508,"STOP","aucell_naive_memory_score",0,"naive_memory"
"AGCGAACGTGGTGCAGACAGTCTG-1","slingPseudotime_1",15.3324004829508,"STOP","aucell_cytotoxic_score",0.496401614885027,"cytotoxic"
"AGCGAACGTGGTGCAGACAGTCTG-1","slingPseudotime_2",14.9177934714021,"STOP","aucell_exhausted_score",0,"exhausted"
"AGCGAACGTGGTGCAGACAGTCTG-1","slingPseudotime_2",14.9177934714021,"STOP","aucell_proliferating_score",0.02,"proliferating"
"AGCGAACGTGGTGCAGACAGTCTG-1","slingPseudotime_2",14.9177934714021,"STOP","aucell_naive_memory_score",0,"naive_memory"
"AGCGAACGTGGTGCAGACAGTCTG-1","slingPseudotime_2",14.9177934714021,"STOP","aucell_cytotoxic_score",0.496401614885027,"cytotoxic"
"AGCGAACGTGGTGCAGACAGTCTG-1","slingPseudotime_3",17.2551822651507,"STOP","aucell_exhausted_score",0,"exhausted"
"AGCGAACGTGGTGCAGACAGTCTG-1","slingPseudotime_3",17.2551822651507,"STOP","aucell_proliferating_score",0.02,"proliferating"
"AGCGAACGTGGTGCAGACAGTCTG-1","slingPseudotime_3",17.2551822651507,"STOP","aucell_naive_memory_score",0,"naive_memory"
"AGCGAACGTGGTGCAGACAGTCTG-1","slingPseudotime_3",17.2551822651507,"STOP","aucell_cytotoxic_score",0.496401614885027,"cytotoxic"
"AGCGAACGTGGTGCAGACAGTCTG-1","slingPseudotime_4",17.0767223641848,"STOP","aucell_exhausted_score",0,"exhausted"
"AGCGAACGTGGTGCAGACAGTCTG-1","slingPseudotime_4",17.0767223641848,"STOP","aucell_proliferating_score",0.02,"proliferating"
"AGCGAACGTGGTGCAGACAGTCTG-1","slingPseudotime_4",17.0767223641848,"STOP","aucell_naive_memory_score",0,"naive_memory"
"AGCGAACGTGGTGCAGACAGTCTG-1","slingPseudotime_4",17.0767223641848,"STOP","aucell_cytotoxic_score",0.496401614885027,"cytotoxic"
"AGCTGGCAGTTTGCATACAGTCTG-1","slingPseudotime_1",15.9656362042974,"STOP","aucell_exhausted_score",0,"exhausted"
"AGCTGGCAGTTTGCATACAGTCTG-1","slingPseudotime_1",15.9656362042974,"STOP","aucell_proliferating_score",0,"proliferating"
"AGCTGGCAGTTTGCATACAGTCTG-1","slingPseudotime_1",15.9656362042974,"STOP","aucell_naive_memory_score",0.202315789473684,"naive_memory"
"AGCTGGCAGTTTGCATACAGTCTG-1","slingPseudotime_1",15.9656362042974,"STOP","aucell_cytotoxic_score",0.441811479726172,"cytotoxic"
"AGCTGGCAGTTTGCATACAGTCTG-1","slingPseudotime_2",15.320742136497,"STOP","aucell_exhausted_score",0,"exhausted"
"AGCTGGCAGTTTGCATACAGTCTG-1","slingPseudotime_2",15.320742136497,"STOP","aucell_proliferating_score",0,"proliferating"
"AGCTGGCAGTTTGCATACAGTCTG-1","slingPseudotime_2",15.320742136497,"STOP","aucell_naive_memory_score",0.202315789473684,"naive_memory"
"AGCTGGCAGTTTGCATACAGTCTG-1","slingPseudotime_2",15.320742136497,"STOP","aucell_cytotoxic_score",0.441811479726172,"cytotoxic"
"AGCTGGCAGTTTGCATACAGTCTG-1","slingPseudotime_3",17.3263796300723,"STOP","aucell_exhausted_score",0,"exhausted"
"AGCTGGCAGTTTGCATACAGTCTG-1","slingPseudotime_3",17.3263796300723,"STOP","aucell_proliferating_score",0,"proliferating"
"AGCTGGCAGTTTGCATACAGTCTG-1","slingPseudotime_3",17.3263796300723,"STOP","aucell_naive_memory_score",0.202315789473684,"naive_memory"
"AGCTGGCAGTTTGCATACAGTCTG-1","slingPseudotime_3",17.3263796300723,"STOP","aucell_cytotoxic_score",0.441811479726172,"cytotoxic"
"AGCTGGCAGTTTGCATACAGTCTG-1","slingPseudotime_4",17.0681116306333,"STOP","aucell_exhausted_score",0,"exhausted"
"AGCTGGCAGTTTGCATACAGTCTG-1","slingPseudotime_4",17.0681116306333,"STOP","aucell_proliferating_score",0,"proliferating"
"AGCTGGCAGTTTGCATACAGTCTG-1","slingPseudotime_4",17.0681116306333,"STOP","aucell_naive_memory_score",0.202315789473684,"naive_memory"
"AGCTGGCAGTTTGCATACAGTCTG-1","slingPseudotime_4",17.0681116306333,"STOP","aucell_cytotoxic_score",0.441811479726172,"cytotoxic"
"AGCTTCCAGCTTATCGACAGTCTG-1","slingPseudotime_4",29.3010344403037,"STOP","aucell_exhausted_score",0.29208355274706,"exhausted"
"AGCTTCCAGCTTATCGACAGTCTG-1","slingPseudotime_4",29.3010344403037,"STOP","aucell_proliferating_score",0,"proliferating"
"AGCTTCCAGCTTATCGACAGTCTG-1","slingPseudotime_4",29.3010344403037,"STOP","aucell_naive_memory_score",0.0581052631578947,"naive_memory"
"AGCTTCCAGCTTATCGACAGTCTG-1","slingPseudotime_4",29.3010344403037,"STOP","aucell_cytotoxic_score",0.665262418816921,"cytotoxic"
"AGGCGAGAGATGCAACACAGTCTG-1","slingPseudotime_1",19.547657686799,"STOP","aucell_exhausted_score",0,"exhausted"
"AGGCGAGAGATGCAACACAGTCTG-1","slingPseudotime_1",19.547657686799,"STOP","aucell_proliferating_score",0,"proliferating"
"AGGCGAGAGATGCAACACAGTCTG-1","slingPseudotime_1",19.547657686799,"STOP","aucell_naive_memory_score",0,"naive_memory"
"AGGCGAGAGATGCAACACAGTCTG-1","slingPseudotime_1",19.547657686799,"STOP","aucell_cytotoxic_score",0.772160786378796,"cytotoxic"
"AGGCGAGAGATGCAACACAGTCTG-1","slingPseudotime_2",18.7097409641227,"STOP","aucell_exhausted_score",0,"exhausted"
"AGGCGAGAGATGCAACACAGTCTG-1","slingPseudotime_2",18.7097409641227,"STOP","aucell_proliferating_score",0,"proliferating"
"AGGCGAGAGATGCAACACAGTCTG-1","slingPseudotime_2",18.7097409641227,"STOP","aucell_naive_memory_score",0,"naive_memory"
"AGGCGAGAGATGCAACACAGTCTG-1","slingPseudotime_2",18.7097409641227,"STOP","aucell_cytotoxic_score",0.772160786378796,"cytotoxic"
"AGGCGCAGTGCACTATACAGTCTG-1","slingPseudotime_1",10.7466603212038,"STOP","aucell_exhausted_score",0.156398104265403,"exhausted"
"AGGCGCAGTGCACTATACAGTCTG-1","slingPseudotime_1",10.7466603212038,"STOP","aucell_proliferating_score",0,"proliferating"
"AGGCGCAGTGCACTATACAGTCTG-1","slingPseudotime_1",10.7466603212038,"STOP","aucell_naive_memory_score",0,"naive_memory"
"AGGCGCAGTGCACTATACAGTCTG-1","slingPseudotime_1",10.7466603212038,"STOP","aucell_cytotoxic_score",0.434965771458662,"cytotoxic"
"AGGCGCAGTGCACTATACAGTCTG-1","slingPseudotime_2",11.2945661677676,"STOP","aucell_exhausted_score",0.156398104265403,"exhausted"
"AGGCGCAGTGCACTATACAGTCTG-1","slingPseudotime_2",11.2945661677676,"STOP","aucell_proliferating_score",0,"proliferating"
"AGGCGCAGTGCACTATACAGTCTG-1","slingPseudotime_2",11.2945661677676,"STOP","aucell_naive_memory_score",0,"naive_memory"
"AGGCGCAGTGCACTATACAGTCTG-1","slingPseudotime_2",11.2945661677676,"STOP","aucell_cytotoxic_score",0.434965771458662,"cytotoxic"
"AGGCGCAGTGCACTATACAGTCTG-1","slingPseudotime_3",11.0000546799392,"STOP","aucell_exhausted_score",0.156398104265403,"exhausted"
"AGGCGCAGTGCACTATACAGTCTG-1","slingPseudotime_3",11.0000546799392,"STOP","aucell_proliferating_score",0,"proliferating"
"AGGCGCAGTGCACTATACAGTCTG-1","slingPseudotime_3",11.0000546799392,"STOP","aucell_naive_memory_score",0,"naive_memory"
"AGGCGCAGTGCACTATACAGTCTG-1","slingPseudotime_3",11.0000546799392,"STOP","aucell_cytotoxic_score",0.434965771458662,"cytotoxic"
"AGGCGCAGTGCACTATACAGTCTG-1","slingPseudotime_4",10.7358855230406,"STOP","aucell_exhausted_score",0.156398104265403,"exhausted"
"AGGCGCAGTGCACTATACAGTCTG-1","slingPseudotime_4",10.7358855230406,"STOP","aucell_proliferating_score",0,"proliferating"
"AGGCGCAGTGCACTATACAGTCTG-1","slingPseudotime_4",10.7358855230406,"STOP","aucell_naive_memory_score",0,"naive_memory"
"AGGCGCAGTGCACTATACAGTCTG-1","slingPseudotime_4",10.7358855230406,"STOP","aucell_cytotoxic_score",0.434965771458662,"cytotoxic"
"AGTGATCAGCAAAGCTACAGTCTG-1","slingPseudotime_1",15.4628582741367,"STOP","aucell_exhausted_score",0,"exhausted"
"AGTGATCAGCAAAGCTACAGTCTG-1","slingPseudotime_1",15.4628582741367,"STOP","aucell_proliferating_score",0,"proliferating"
"AGTGATCAGCAAAGCTACAGTCTG-1","slingPseudotime_1",15.4628582741367,"STOP","aucell_naive_memory_score",0,"naive_memory"
"AGTGATCAGCAAAGCTACAGTCTG-1","slingPseudotime_1",15.4628582741367,"STOP","aucell_cytotoxic_score",0.488151658767773,"cytotoxic"
"AGTGATCAGCAAAGCTACAGTCTG-1","slingPseudotime_2",14.9921549069832,"STOP","aucell_exhausted_score",0,"exhausted"
"AGTGATCAGCAAAGCTACAGTCTG-1","slingPseudotime_2",14.9921549069832,"STOP","aucell_proliferating_score",0,"proliferating"
"AGTGATCAGCAAAGCTACAGTCTG-1","slingPseudotime_2",14.9921549069832,"STOP","aucell_naive_memory_score",0,"naive_memory"
"AGTGATCAGCAAAGCTACAGTCTG-1","slingPseudotime_2",14.9921549069832,"STOP","aucell_cytotoxic_score",0.488151658767773,"cytotoxic"
"AGTGATCAGCAAAGCTACAGTCTG-1","slingPseudotime_3",15.487006807639,"STOP","aucell_exhausted_score",0,"exhausted"
"AGTGATCAGCAAAGCTACAGTCTG-1","slingPseudotime_3",15.487006807639,"STOP","aucell_proliferating_score",0,"proliferating"
"AGTGATCAGCAAAGCTACAGTCTG-1","slingPseudotime_3",15.487006807639,"STOP","aucell_naive_memory_score",0,"naive_memory"
"AGTGATCAGCAAAGCTACAGTCTG-1","slingPseudotime_3",15.487006807639,"STOP","aucell_cytotoxic_score",0.488151658767773,"cytotoxic"
"AGTGATCAGCAAAGCTACAGTCTG-1","slingPseudotime_4",15.3884920775179,"STOP","aucell_exhausted_score",0,"exhausted"
"AGTGATCAGCAAAGCTACAGTCTG-1","slingPseudotime_4",15.3884920775179,"STOP","aucell_proliferating_score",0,"proliferating"
"AGTGATCAGCAAAGCTACAGTCTG-1","slingPseudotime_4",15.3884920775179,"STOP","aucell_naive_memory_score",0,"naive_memory"
"AGTGATCAGCAAAGCTACAGTCTG-1","slingPseudotime_4",15.3884920775179,"STOP","aucell_cytotoxic_score",0.488151658767773,"cytotoxic"
"AGTGGCGGTTGGCCACACAGTCTG-1","slingPseudotime_1",10.1857729573722,"STOP","aucell_exhausted_score",0,"exhausted"
"AGTGGCGGTTGGCCACACAGTCTG-1","slingPseudotime_1",10.1857729573722,"STOP","aucell_proliferating_score",0,"proliferating"
"AGTGGCGGTTGGCCACACAGTCTG-1","slingPseudotime_1",10.1857729573722,"STOP","aucell_naive_memory_score",0,"naive_memory"
"AGTGGCGGTTGGCCACACAGTCTG-1","slingPseudotime_1",10.1857729573722,"STOP","aucell_cytotoxic_score",0.330349306652624,"cytotoxic"
"AGTGGCGGTTGGCCACACAGTCTG-1","slingPseudotime_2",10.2956154344757,"STOP","aucell_exhausted_score",0,"exhausted"
"AGTGGCGGTTGGCCACACAGTCTG-1","slingPseudotime_2",10.2956154344757,"STOP","aucell_proliferating_score",0,"proliferating"
"AGTGGCGGTTGGCCACACAGTCTG-1","slingPseudotime_2",10.2956154344757,"STOP","aucell_naive_memory_score",0,"naive_memory"
"AGTGGCGGTTGGCCACACAGTCTG-1","slingPseudotime_2",10.2956154344757,"STOP","aucell_cytotoxic_score",0.330349306652624,"cytotoxic"
"AGTGGCGGTTGGCCACACAGTCTG-1","slingPseudotime_3",10.5478345938489,"STOP","aucell_exhausted_score",0,"exhausted"
"AGTGGCGGTTGGCCACACAGTCTG-1","slingPseudotime_3",10.5478345938489,"STOP","aucell_proliferating_score",0,"proliferating"
"AGTGGCGGTTGGCCACACAGTCTG-1","slingPseudotime_3",10.5478345938489,"STOP","aucell_naive_memory_score",0,"naive_memory"
"AGTGGCGGTTGGCCACACAGTCTG-1","slingPseudotime_3",10.5478345938489,"STOP","aucell_cytotoxic_score",0.330349306652624,"cytotoxic"
"AGTGGCGGTTGGCCACACAGTCTG-1","slingPseudotime_4",10.1685198085698,"STOP","aucell_exhausted_score",0,"exhausted"
"AGTGGCGGTTGGCCACACAGTCTG-1","slingPseudotime_4",10.1685198085698,"STOP","aucell_proliferating_score",0,"proliferating"
"AGTGGCGGTTGGCCACACAGTCTG-1","slingPseudotime_4",10.1685198085698,"STOP","aucell_naive_memory_score",0,"naive_memory"
"AGTGGCGGTTGGCCACACAGTCTG-1","slingPseudotime_4",10.1685198085698,"STOP","aucell_cytotoxic_score",0.330349306652624,"cytotoxic"
"ATAACCAAGAGCAAGAACAGTCTG-1","slingPseudotime_1",34.9605483702721,"STOP","aucell_exhausted_score",0.456731613129717,"exhausted"
"ATAACCAAGAGCAAGAACAGTCTG-1","slingPseudotime_1",34.9605483702721,"STOP","aucell_proliferating_score",0,"proliferating"
"ATAACCAAGAGCAAGAACAGTCTG-1","slingPseudotime_1",34.9605483702721,"STOP","aucell_naive_memory_score",0,"naive_memory"
"ATAACCAAGAGCAAGAACAGTCTG-1","slingPseudotime_1",34.9605483702721,"STOP","aucell_cytotoxic_score",0.33175355450237,"cytotoxic"
"ATAACCAAGAGCAAGAACAGTCTG-1","slingPseudotime_2",14.1273387893985,"STOP","aucell_exhausted_score",0.456731613129717,"exhausted"
"ATAACCAAGAGCAAGAACAGTCTG-1","slingPseudotime_2",14.1273387893985,"STOP","aucell_proliferating_score",0,"proliferating"
"ATAACCAAGAGCAAGAACAGTCTG-1","slingPseudotime_2",14.1273387893985,"STOP","aucell_naive_memory_score",0,"naive_memory"
"ATAACCAAGAGCAAGAACAGTCTG-1","slingPseudotime_2",14.1273387893985,"STOP","aucell_cytotoxic_score",0.33175355450237,"cytotoxic"
"ATAACCAAGAGCAAGAACAGTCTG-1","slingPseudotime_3",12.9668614675873,"STOP","aucell_exhausted_score",0.456731613129717,"exhausted"
"ATAACCAAGAGCAAGAACAGTCTG-1","slingPseudotime_3",12.9668614675873,"STOP","aucell_proliferating_score",0,"proliferating"
"ATAACCAAGAGCAAGAACAGTCTG-1","slingPseudotime_3",12.9668614675873,"STOP","aucell_naive_memory_score",0,"naive_memory"
"ATAACCAAGAGCAAGAACAGTCTG-1","slingPseudotime_3",12.9668614675873,"STOP","aucell_cytotoxic_score",0.33175355450237,"cytotoxic"
"ATAACCAAGAGCAAGAACAGTCTG-1","slingPseudotime_4",12.3516318171111,"STOP","aucell_exhausted_score",0.456731613129717,"exhausted"
"ATAACCAAGAGCAAGAACAGTCTG-1","slingPseudotime_4",12.3516318171111,"STOP","aucell_proliferating_score",0,"proliferating"
"ATAACCAAGAGCAAGAACAGTCTG-1","slingPseudotime_4",12.3516318171111,"STOP","aucell_naive_memory_score",0,"naive_memory"
"ATAACCAAGAGCAAGAACAGTCTG-1","slingPseudotime_4",12.3516318171111,"STOP","aucell_cytotoxic_score",0.33175355450237,"cytotoxic"
"ATAACCAAGGATGGTTACAGTCTG-1","slingPseudotime_1",12.9870345907619,"STOP","aucell_exhausted_score",0,"exhausted"
"ATAACCAAGGATGGTTACAGTCTG-1","slingPseudotime_1",12.9870345907619,"STOP","aucell_proliferating_score",0,"proliferating"
"ATAACCAAGGATGGTTACAGTCTG-1","slingPseudotime_1",12.9870345907619,"STOP","aucell_naive_memory_score",0,"naive_memory"
"ATAACCAAGGATGGTTACAGTCTG-1","slingPseudotime_1",12.9870345907619,"STOP","aucell_cytotoxic_score",0.495875021941373,"cytotoxic"
"ATAACCAAGGATGGTTACAGTCTG-1","slingPseudotime_2",12.460363605603,"STOP","aucell_exhausted_score",0,"exhausted"
"ATAACCAAGGATGGTTACAGTCTG-1","slingPseudotime_2",12.460363605603,"STOP","aucell_proliferating_score",0,"proliferating"
"ATAACCAAGGATGGTTACAGTCTG-1","slingPseudotime_2",12.460363605603,"STOP","aucell_naive_memory_score",0,"naive_memory"
"ATAACCAAGGATGGTTACAGTCTG-1","slingPseudotime_2",12.460363605603,"STOP","aucell_cytotoxic_score",0.495875021941373,"cytotoxic"
"ATAACCAAGGATGGTTACAGTCTG-1","slingPseudotime_3",13.6904985523381,"STOP","aucell_exhausted_score",0,"exhausted"
"ATAACCAAGGATGGTTACAGTCTG-1","slingPseudotime_3",13.6904985523381,"STOP","aucell_proliferating_score",0,"proliferating"
"ATAACCAAGGATGGTTACAGTCTG-1","slingPseudotime_3",13.6904985523381,"STOP","aucell_naive_memory_score",0,"naive_memory"
"ATAACCAAGGATGGTTACAGTCTG-1","slingPseudotime_3",13.6904985523381,"STOP","aucell_cytotoxic_score",0.495875021941373,"cytotoxic"
"ATAACCAAGGATGGTTACAGTCTG-1","slingPseudotime_4",14.1165380367854,"STOP","aucell_exhausted_score",0,"exhausted"
"ATAACCAAGGATGGTTACAGTCTG-1","slingPseudotime_4",14.1165380367854,"STOP","aucell_proliferating_score",0,"proliferating"
"ATAACCAAGGATGGTTACAGTCTG-1","slingPseudotime_4",14.1165380367854,"STOP","aucell_naive_memory_score",0,"naive_memory"
"ATAACCAAGGATGGTTACAGTCTG-1","slingPseudotime_4",14.1165380367854,"STOP","aucell_cytotoxic_score",0.495875021941373,"cytotoxic"
"ATAAGCCAGATTGAGCACAGTCTG-1","slingPseudotime_1",12.1852253601295,"STOP","aucell_exhausted_score",0.131999297876075,"exhausted"
"ATAAGCCAGATTGAGCACAGTCTG-1","slingPseudotime_1",12.1852253601295,"STOP","aucell_proliferating_score",0,"proliferating"
"ATAAGCCAGATTGAGCACAGTCTG-1","slingPseudotime_1",12.1852253601295,"STOP","aucell_naive_memory_score",0.0549473684210526,"naive_memory"
"ATAAGCCAGATTGAGCACAGTCTG-1","slingPseudotime_1",12.1852253601295,"STOP","aucell_cytotoxic_score",0.165701246269967,"cytotoxic"
"ATAAGCCAGATTGAGCACAGTCTG-1","slingPseudotime_2",12.0070613829713,"STOP","aucell_exhausted_score",0.131999297876075,"exhausted"
"ATAAGCCAGATTGAGCACAGTCTG-1","slingPseudotime_2",12.0070613829713,"STOP","aucell_proliferating_score",0,"proliferating"
"ATAAGCCAGATTGAGCACAGTCTG-1","slingPseudotime_2",12.0070613829713,"STOP","aucell_naive_memory_score",0.0549473684210526,"naive_memory"
"ATAAGCCAGATTGAGCACAGTCTG-1","slingPseudotime_2",12.0070613829713,"STOP","aucell_cytotoxic_score",0.165701246269967,"cytotoxic"
"ATAAGCCAGATTGAGCACAGTCTG-1","slingPseudotime_3",12.7523460606594,"STOP","aucell_exhausted_score",0.131999297876075,"exhausted"
"ATAAGCCAGATTGAGCACAGTCTG-1","slingPseudotime_3",12.7523460606594,"STOP","aucell_proliferating_score",0,"proliferating"
"ATAAGCCAGATTGAGCACAGTCTG-1","slingPseudotime_3",12.7523460606594,"STOP","aucell_naive_memory_score",0.0549473684210526,"naive_memory"
"ATAAGCCAGATTGAGCACAGTCTG-1","slingPseudotime_3",12.7523460606594,"STOP","aucell_cytotoxic_score",0.165701246269967,"cytotoxic"
"ATAAGCCAGATTGAGCACAGTCTG-1","slingPseudotime_4",12.3395459220856,"STOP","aucell_exhausted_score",0.131999297876075,"exhausted"
"ATAAGCCAGATTGAGCACAGTCTG-1","slingPseudotime_4",12.3395459220856,"STOP","aucell_proliferating_score",0,"proliferating"
"ATAAGCCAGATTGAGCACAGTCTG-1","slingPseudotime_4",12.3395459220856,"STOP","aucell_naive_memory_score",0.0549473684210526,"naive_memory"
"ATAAGCCAGATTGAGCACAGTCTG-1","slingPseudotime_4",12.3395459220856,"STOP","aucell_cytotoxic_score",0.165701246269967,"cytotoxic"
"ATAGGCTAGACGCATGACAGTCTG-1","slingPseudotime_1",10.0700858757522,"STOP","aucell_exhausted_score",0,"exhausted"
"ATAGGCTAGACGCATGACAGTCTG-1","slingPseudotime_1",10.0700858757522,"STOP","aucell_proliferating_score",0,"proliferating"
"ATAGGCTAGACGCATGACAGTCTG-1","slingPseudotime_1",10.0700858757522,"STOP","aucell_naive_memory_score",0.184210526315789,"naive_memory"
"ATAGGCTAGACGCATGACAGTCTG-1","slingPseudotime_1",10.0700858757522,"STOP","aucell_cytotoxic_score",0.326136563103388,"cytotoxic"
"ATAGGCTAGACGCATGACAGTCTG-1","slingPseudotime_2",9.78188010836215,"STOP","aucell_exhausted_score",0,"exhausted"
"ATAGGCTAGACGCATGACAGTCTG-1","slingPseudotime_2",9.78188010836215,"STOP","aucell_proliferating_score",0,"proliferating"
"ATAGGCTAGACGCATGACAGTCTG-1","slingPseudotime_2",9.78188010836215,"STOP","aucell_naive_memory_score",0.184210526315789,"naive_memory"
"ATAGGCTAGACGCATGACAGTCTG-1","slingPseudotime_2",9.78188010836215,"STOP","aucell_cytotoxic_score",0.326136563103388,"cytotoxic"
"ATAGGCTAGACGCATGACAGTCTG-1","slingPseudotime_3",10.6006698197865,"STOP","aucell_exhausted_score",0,"exhausted"
"ATAGGCTAGACGCATGACAGTCTG-1","slingPseudotime_3",10.6006698197865,"STOP","aucell_proliferating_score",0,"proliferating"
"ATAGGCTAGACGCATGACAGTCTG-1","slingPseudotime_3",10.6006698197865,"STOP","aucell_naive_memory_score",0.184210526315789,"naive_memory"
"ATAGGCTAGACGCATGACAGTCTG-1","slingPseudotime_3",10.6006698197865,"STOP","aucell_cytotoxic_score",0.326136563103388,"cytotoxic"
"ATAGGCTAGACGCATGACAGTCTG-1","slingPseudotime_4",10.4671058514423,"STOP","aucell_exhausted_score",0,"exhausted"
"ATAGGCTAGACGCATGACAGTCTG-1","slingPseudotime_4",10.4671058514423,"STOP","aucell_proliferating_score",0,"proliferating"
"ATAGGCTAGACGCATGACAGTCTG-1","slingPseudotime_4",10.4671058514423,"STOP","aucell_naive_memory_score",0.184210526315789,"naive_memory"
"ATAGGCTAGACGCATGACAGTCTG-1","slingPseudotime_4",10.4671058514423,"STOP","aucell_cytotoxic_score",0.326136563103388,"cytotoxic"
"ATCGATGCAACAGGGAACAGTCTG-1","slingPseudotime_1",23.1420198352124,"STOP","aucell_exhausted_score",0.136036510444093,"exhausted"
"ATCGATGCAACAGGGAACAGTCTG-1","slingPseudotime_1",23.1420198352124,"STOP","aucell_proliferating_score",0,"proliferating"
"ATCGATGCAACAGGGAACAGTCTG-1","slingPseudotime_1",23.1420198352124,"STOP","aucell_naive_memory_score",0,"naive_memory"
"ATCGATGCAACAGGGAACAGTCTG-1","slingPseudotime_1",23.1420198352124,"STOP","aucell_cytotoxic_score",0.300509039845533,"cytotoxic"
"ATCGATGCAACAGGGAACAGTCTG-1","slingPseudotime_2",20.9720721573495,"STOP","aucell_exhausted_score",0.136036510444093,"exhausted"
"ATCGATGCAACAGGGAACAGTCTG-1","slingPseudotime_2",20.9720721573495,"STOP","aucell_proliferating_score",0,"proliferating"
"ATCGATGCAACAGGGAACAGTCTG-1","slingPseudotime_2",20.9720721573495,"STOP","aucell_naive_memory_score",0,"naive_memory"
"ATCGATGCAACAGGGAACAGTCTG-1","slingPseudotime_2",20.9720721573495,"STOP","aucell_cytotoxic_score",0.300509039845533,"cytotoxic"
"ATCGGGCAGGCTTATTACAGTCTG-1","slingPseudotime_1",21.6416638938253,"STOP","aucell_exhausted_score",0,"exhausted"
"ATCGGGCAGGCTTATTACAGTCTG-1","slingPseudotime_1",21.6416638938253,"STOP","aucell_proliferating_score",0,"proliferating"
"ATCGGGCAGGCTTATTACAGTCTG-1","slingPseudotime_1",21.6416638938253,"STOP","aucell_naive_memory_score",0.287368421052632,"naive_memory"
"ATCGGGCAGGCTTATTACAGTCTG-1","slingPseudotime_1",21.6416638938253,"STOP","aucell_cytotoxic_score",0.12761102334562,"cytotoxic"
"ATCGGGCAGGCTTATTACAGTCTG-1","slingPseudotime_2",20.2870722861736,"STOP","aucell_exhausted_score",0,"exhausted"
"ATCGGGCAGGCTTATTACAGTCTG-1","slingPseudotime_2",20.2870722861736,"STOP","aucell_proliferating_score",0,"proliferating"
"ATCGGGCAGGCTTATTACAGTCTG-1","slingPseudotime_2",20.2870722861736,"STOP","aucell_naive_memory_score",0.287368421052632,"naive_memory"
"ATCGGGCAGGCTTATTACAGTCTG-1","slingPseudotime_2",20.2870722861736,"STOP","aucell_cytotoxic_score",0.12761102334562,"cytotoxic"
"ATGGATTCACTAACAGACAGTCTG-1","slingPseudotime_1",32.8969820116877,"STOP","aucell_exhausted_score",0,"exhausted"
"ATGGATTCACTAACAGACAGTCTG-1","slingPseudotime_1",32.8969820116877,"STOP","aucell_proliferating_score",0,"proliferating"
"ATGGATTCACTAACAGACAGTCTG-1","slingPseudotime_1",32.8969820116877,"STOP","aucell_naive_memory_score",0,"naive_memory"
"ATGGATTCACTAACAGACAGTCTG-1","slingPseudotime_1",32.8969820116877,"STOP","aucell_cytotoxic_score",0.492715464279445,"cytotoxic"
"ATGGATTCACTAACAGACAGTCTG-1","slingPseudotime_2",16.5196143277376,"STOP","aucell_exhausted_score",0,"exhausted"
"ATGGATTCACTAACAGACAGTCTG-1","slingPseudotime_2",16.5196143277376,"STOP","aucell_proliferating_score",0,"proliferating"
"ATGGATTCACTAACAGACAGTCTG-1","slingPseudotime_2",16.5196143277376,"STOP","aucell_naive_memory_score",0,"naive_memory"
"ATGGATTCACTAACAGACAGTCTG-1","slingPseudotime_2",16.5196143277376,"STOP","aucell_cytotoxic_score",0.492715464279445,"cytotoxic"
"ATGGATTCACTAACAGACAGTCTG-1","slingPseudotime_3",10.4214001239479,"STOP","aucell_exhausted_score",0,"exhausted"
"ATGGATTCACTAACAGACAGTCTG-1","slingPseudotime_3",10.4214001239479,"STOP","aucell_proliferating_score",0,"proliferating"
"ATGGATTCACTAACAGACAGTCTG-1","slingPseudotime_3",10.4214001239479,"STOP","aucell_naive_memory_score",0,"naive_memory"
"ATGGATTCACTAACAGACAGTCTG-1","slingPseudotime_3",10.4214001239479,"STOP","aucell_cytotoxic_score",0.492715464279445,"cytotoxic"
"ATGGATTCACTAACAGACAGTCTG-1","slingPseudotime_4",9.94603316994017,"STOP","aucell_exhausted_score",0,"exhausted"
"ATGGATTCACTAACAGACAGTCTG-1","slingPseudotime_4",9.94603316994017,"STOP","aucell_proliferating_score",0,"proliferating"
"ATGGATTCACTAACAGACAGTCTG-1","slingPseudotime_4",9.94603316994017,"STOP","aucell_naive_memory_score",0,"naive_memory"
"ATGGATTCACTAACAGACAGTCTG-1","slingPseudotime_4",9.94603316994017,"STOP","aucell_cytotoxic_score",0.492715464279445,"cytotoxic"
"CAATGGGTCTGTCAGCACAGTCTG-1","slingPseudotime_1",11.558969794572,"STOP","aucell_exhausted_score",0.0826750921537651,"exhausted"
"CAATGGGTCTGTCAGCACAGTCTG-1","slingPseudotime_1",11.558969794572,"STOP","aucell_proliferating_score",0,"proliferating"
"CAATGGGTCTGTCAGCACAGTCTG-1","slingPseudotime_1",11.558969794572,"STOP","aucell_naive_memory_score",0.184,"naive_memory"
"CAATGGGTCTGTCAGCACAGTCTG-1","slingPseudotime_1",11.558969794572,"STOP","aucell_cytotoxic_score",0.0828506231349833,"cytotoxic"
"CAATGGGTCTGTCAGCACAGTCTG-1","slingPseudotime_2",11.3094788822474,"STOP","aucell_exhausted_score",0.0826750921537651,"exhausted"
"CAATGGGTCTGTCAGCACAGTCTG-1","slingPseudotime_2",11.3094788822474,"STOP","aucell_proliferating_score",0,"proliferating"
"CAATGGGTCTGTCAGCACAGTCTG-1","slingPseudotime_2",11.3094788822474,"STOP","aucell_naive_memory_score",0.184,"naive_memory"
"CAATGGGTCTGTCAGCACAGTCTG-1","slingPseudotime_2",11.3094788822474,"STOP","aucell_cytotoxic_score",0.0828506231349833,"cytotoxic"
"CAATGGGTCTGTCAGCACAGTCTG-1","slingPseudotime_3",12.1714657256745,"STOP","aucell_exhausted_score",0.0826750921537651,"exhausted"
"CAATGGGTCTGTCAGCACAGTCTG-1","slingPseudotime_3",12.1714657256745,"STOP","aucell_proliferating_score",0,"proliferating"
"CAATGGGTCTGTCAGCACAGTCTG-1","slingPseudotime_3",12.1714657256745,"STOP","aucell_naive_memory_score",0.184,"naive_memory"
"CAATGGGTCTGTCAGCACAGTCTG-1","slingPseudotime_3",12.1714657256745,"STOP","aucell_cytotoxic_score",0.0828506231349833,"cytotoxic"
"CAATGGGTCTGTCAGCACAGTCTG-1","slingPseudotime_4",12.0105152951377,"STOP","aucell_exhausted_score",0.0826750921537651,"exhausted"
"CAATGGGTCTGTCAGCACAGTCTG-1","slingPseudotime_4",12.0105152951377,"STOP","aucell_proliferating_score",0,"proliferating"
"CAATGGGTCTGTCAGCACAGTCTG-1","slingPseudotime_4",12.0105152951377,"STOP","aucell_naive_memory_score",0.184,"naive_memory"
"CAATGGGTCTGTCAGCACAGTCTG-1","slingPseudotime_4",12.0105152951377,"STOP","aucell_cytotoxic_score",0.0828506231349833,"cytotoxic"
"CAATTGCGTTGTCATAACAGTCTG-1","slingPseudotime_1",18.4808251321411,"STOP","aucell_exhausted_score",0,"exhausted"
"CAATTGCGTTGTCATAACAGTCTG-1","slingPseudotime_1",18.4808251321411,"STOP","aucell_proliferating_score",0,"proliferating"
"CAATTGCGTTGTCATAACAGTCTG-1","slingPseudotime_1",18.4808251321411,"STOP","aucell_naive_memory_score",0,"naive_memory"
"CAATTGCGTTGTCATAACAGTCTG-1","slingPseudotime_1",18.4808251321411,"STOP","aucell_cytotoxic_score",0.32297700544146,"cytotoxic"
"CAATTGCGTTGTCATAACAGTCTG-1","slingPseudotime_2",17.1984540103299,"STOP","aucell_exhausted_score",0,"exhausted"
"CAATTGCGTTGTCATAACAGTCTG-1","slingPseudotime_2",17.1984540103299,"STOP","aucell_proliferating_score",0,"proliferating"
"CAATTGCGTTGTCATAACAGTCTG-1","slingPseudotime_2",17.1984540103299,"STOP","aucell_naive_memory_score",0,"naive_memory"
"CAATTGCGTTGTCATAACAGTCTG-1","slingPseudotime_2",17.1984540103299,"STOP","aucell_cytotoxic_score",0.32297700544146,"cytotoxic"
"CAATTGCGTTGTCATAACAGTCTG-1","slingPseudotime_3",18.5648611085253,"STOP","aucell_exhausted_score",0,"exhausted"
"CAATTGCGTTGTCATAACAGTCTG-1","slingPseudotime_3",18.5648611085253,"STOP","aucell_proliferating_score",0,"proliferating"
"CAATTGCGTTGTCATAACAGTCTG-1","slingPseudotime_3",18.5648611085253,"STOP","aucell_naive_memory_score",0,"naive_memory"
"CAATTGCGTTGTCATAACAGTCTG-1","slingPseudotime_3",18.5648611085253,"STOP","aucell_cytotoxic_score",0.32297700544146,"cytotoxic"
"CAATTGCGTTGTCATAACAGTCTG-1","slingPseudotime_4",17.8853337446881,"STOP","aucell_exhausted_score",0,"exhausted"
"CAATTGCGTTGTCATAACAGTCTG-1","slingPseudotime_4",17.8853337446881,"STOP","aucell_proliferating_score",0,"proliferating"
"CAATTGCGTTGTCATAACAGTCTG-1","slingPseudotime_4",17.8853337446881,"STOP","aucell_naive_memory_score",0,"naive_memory"
"CAATTGCGTTGTCATAACAGTCTG-1","slingPseudotime_4",17.8853337446881,"STOP","aucell_cytotoxic_score",0.32297700544146,"cytotoxic"
"CACCAACTCCACAACCACAGTCTG-1","slingPseudotime_1",18.8061627708101,"STOP","aucell_exhausted_score",0,"exhausted"
"CACCAACTCCACAACCACAGTCTG-1","slingPseudotime_1",18.8061627708101,"STOP","aucell_proliferating_score",0.0545263157894737,"proliferating"
"CACCAACTCCACAACCACAGTCTG-1","slingPseudotime_1",18.8061627708101,"STOP","aucell_naive_memory_score",0.117052631578947,"naive_memory"
"CACCAACTCCACAACCACAGTCTG-1","slingPseudotime_1",18.8061627708101,"STOP","aucell_cytotoxic_score",0.161839564683167,"cytotoxic"
"CACCAACTCCACAACCACAGTCTG-1","slingPseudotime_2",17.7855471420233,"STOP","aucell_exhausted_score",0,"exhausted"
"CACCAACTCCACAACCACAGTCTG-1","slingPseudotime_2",17.7855471420233,"STOP","aucell_proliferating_score",0.0545263157894737,"proliferating"
"CACCAACTCCACAACCACAGTCTG-1","slingPseudotime_2",17.7855471420233,"STOP","aucell_naive_memory_score",0.117052631578947,"naive_memory"
"CACCAACTCCACAACCACAGTCTG-1","slingPseudotime_2",17.7855471420233,"STOP","aucell_cytotoxic_score",0.161839564683167,"cytotoxic"
"CACTTGATCCCAGTACACAGTCTG-1","slingPseudotime_1",25.5380705460493,"STOP","aucell_exhausted_score",0,"exhausted"
"CACTTGATCCCAGTACACAGTCTG-1","slingPseudotime_1",25.5380705460493,"STOP","aucell_proliferating_score",0,"proliferating"
"CACTTGATCCCAGTACACAGTCTG-1","slingPseudotime_1",25.5380705460493,"STOP","aucell_naive_memory_score",0,"naive_memory"
"CACTTGATCCCAGTACACAGTCTG-1","slingPseudotime_1",25.5380705460493,"STOP","aucell_cytotoxic_score",0.162190626645603,"cytotoxic"
"CACTTGATCCCAGTACACAGTCTG-1","slingPseudotime_2",23.3569491517451,"STOP","aucell_exhausted_score",0,"exhausted"
"CACTTGATCCCAGTACACAGTCTG-1","slingPseudotime_2",23.3569491517451,"STOP","aucell_proliferating_score",0,"proliferating"
"CACTTGATCCCAGTACACAGTCTG-1","slingPseudotime_2",23.3569491517451,"STOP","aucell_naive_memory_score",0,"naive_memory"
"CACTTGATCCCAGTACACAGTCTG-1","slingPseudotime_2",23.3569491517451,"STOP","aucell_cytotoxic_score",0.162190626645603,"cytotoxic"
"CAGGATTAGCCATCGTACAGTCTG-1","slingPseudotime_4",23.2166831030233,"STOP","aucell_exhausted_score",0.413726522731262,"exhausted"
"CAGGATTAGCCATCGTACAGTCTG-1","slingPseudotime_4",23.2166831030233,"STOP","aucell_proliferating_score",0,"proliferating"
"CAGGATTAGCCATCGTACAGTCTG-1","slingPseudotime_4",23.2166831030233,"STOP","aucell_naive_memory_score",0,"naive_memory"
"CAGGATTAGCCATCGTACAGTCTG-1","slingPseudotime_4",23.2166831030233,"STOP","aucell_cytotoxic_score",0.31332280147446,"cytotoxic"
"CAGGTATAGCGCCTTGACAGTCTG-1","slingPseudotime_1",16.7729847397639,"STOP","aucell_exhausted_score",0,"exhausted"
"CAGGTATAGCGCCTTGACAGTCTG-1","slingPseudotime_1",16.7729847397639,"STOP","aucell_proliferating_score",0,"proliferating"
"CAGGTATAGCGCCTTGACAGTCTG-1","slingPseudotime_1",16.7729847397639,"STOP","aucell_naive_memory_score",0,"naive_memory"
"CAGGTATAGCGCCTTGACAGTCTG-1","slingPseudotime_1",16.7729847397639,"STOP","aucell_cytotoxic_score",0.28436018957346,"cytotoxic"
"CAGGTATAGCGCCTTGACAGTCTG-1","slingPseudotime_2",15.7633902972166,"STOP","aucell_exhausted_score",0,"exhausted"
"CAGGTATAGCGCCTTGACAGTCTG-1","slingPseudotime_2",15.7633902972166,"STOP","aucell_proliferating_score",0,"proliferating"
"CAGGTATAGCGCCTTGACAGTCTG-1","slingPseudotime_2",15.7633902972166,"STOP","aucell_naive_memory_score",0,"naive_memory"
"CAGGTATAGCGCCTTGACAGTCTG-1","slingPseudotime_2",15.7633902972166,"STOP","aucell_cytotoxic_score",0.28436018957346,"cytotoxic"
"CAGGTATAGCGCCTTGACAGTCTG-1","slingPseudotime_3",19.1158384135064,"STOP","aucell_exhausted_score",0,"exhausted"
"CAGGTATAGCGCCTTGACAGTCTG-1","slingPseudotime_3",19.1158384135064,"STOP","aucell_proliferating_score",0,"proliferating"
"CAGGTATAGCGCCTTGACAGTCTG-1","slingPseudotime_3",19.1158384135064,"STOP","aucell_naive_memory_score",0,"naive_memory"
"CAGGTATAGCGCCTTGACAGTCTG-1","slingPseudotime_3",19.1158384135064,"STOP","aucell_cytotoxic_score",0.28436018957346,"cytotoxic"
"CAGGTATAGCGCCTTGACAGTCTG-1","slingPseudotime_4",18.8202050539356,"STOP","aucell_exhausted_score",0,"exhausted"
"CAGGTATAGCGCCTTGACAGTCTG-1","slingPseudotime_4",18.8202050539356,"STOP","aucell_proliferating_score",0,"proliferating"
"CAGGTATAGCGCCTTGACAGTCTG-1","slingPseudotime_4",18.8202050539356,"STOP","aucell_naive_memory_score",0,"naive_memory"
"CAGGTATAGCGCCTTGACAGTCTG-1","slingPseudotime_4",18.8202050539356,"STOP","aucell_cytotoxic_score",0.28436018957346,"cytotoxic"
"CATAATCTCACAGATAACAGTCTG-1","slingPseudotime_1",15.0067736465657,"STOP","aucell_exhausted_score",0.163243812532912,"exhausted"
"CATAATCTCACAGATAACAGTCTG-1","slingPseudotime_1",15.0067736465657,"STOP","aucell_proliferating_score",0,"proliferating"
"CATAATCTCACAGATAACAGTCTG-1","slingPseudotime_1",15.0067736465657,"STOP","aucell_naive_memory_score",0.156,"naive_memory"
"CATAATCTCACAGATAACAGTCTG-1","slingPseudotime_1",15.0067736465657,"STOP","aucell_cytotoxic_score",0.324732315253642,"cytotoxic"
"CATAATCTCACAGATAACAGTCTG-1","slingPseudotime_2",14.6735171658723,"STOP","aucell_exhausted_score",0.163243812532912,"exhausted"
"CATAATCTCACAGATAACAGTCTG-1","slingPseudotime_2",14.6735171658723,"STOP","aucell_proliferating_score",0,"proliferating"
"CATAATCTCACAGATAACAGTCTG-1","slingPseudotime_2",14.6735171658723,"STOP","aucell_naive_memory_score",0.156,"naive_memory"
"CATAATCTCACAGATAACAGTCTG-1","slingPseudotime_2",14.6735171658723,"STOP","aucell_cytotoxic_score",0.324732315253642,"cytotoxic"
"CATAATCTCACAGATAACAGTCTG-1","slingPseudotime_3",14.5902577244607,"STOP","aucell_exhausted_score",0.163243812532912,"exhausted"
"CATAATCTCACAGATAACAGTCTG-1","slingPseudotime_3",14.5902577244607,"STOP","aucell_proliferating_score",0,"proliferating"
"CATAATCTCACAGATAACAGTCTG-1","slingPseudotime_3",14.5902577244607,"STOP","aucell_naive_memory_score",0.156,"naive_memory"
"CATAATCTCACAGATAACAGTCTG-1","slingPseudotime_3",14.5902577244607,"STOP","aucell_cytotoxic_score",0.324732315253642,"cytotoxic"
"CATAATCTCACAGATAACAGTCTG-1","slingPseudotime_4",13.6978368386356,"STOP","aucell_exhausted_score",0.163243812532912,"exhausted"
"CATAATCTCACAGATAACAGTCTG-1","slingPseudotime_4",13.6978368386356,"STOP","aucell_proliferating_score",0,"proliferating"
"CATAATCTCACAGATAACAGTCTG-1","slingPseudotime_4",13.6978368386356,"STOP","aucell_naive_memory_score",0.156,"naive_memory"
"CATAATCTCACAGATAACAGTCTG-1","slingPseudotime_4",13.6978368386356,"STOP","aucell_cytotoxic_score",0.324732315253642,"cytotoxic"
"CATCGGTTCATCCAGCACAGTCTG-1","slingPseudotime_1",19.1331286197027,"STOP","aucell_exhausted_score",0.293487800596805,"exhausted"
"CATCGGTTCATCCAGCACAGTCTG-1","slingPseudotime_1",19.1331286197027,"STOP","aucell_proliferating_score",0,"proliferating"
"CATCGGTTCATCCAGCACAGTCTG-1","slingPseudotime_1",19.1331286197027,"STOP","aucell_naive_memory_score",0,"naive_memory"
"CATCGGTTCATCCAGCACAGTCTG-1","slingPseudotime_1",19.1331286197027,"STOP","aucell_cytotoxic_score",0.701597331929085,"cytotoxic"
"CATCGGTTCATCCAGCACAGTCTG-1","slingPseudotime_2",18.3643143580031,"STOP","aucell_exhausted_score",0.293487800596805,"exhausted"
"CATCGGTTCATCCAGCACAGTCTG-1","slingPseudotime_2",18.3643143580031,"STOP","aucell_proliferating_score",0,"proliferating"
"CATCGGTTCATCCAGCACAGTCTG-1","slingPseudotime_2",18.3643143580031,"STOP","aucell_naive_memory_score",0,"naive_memory"
"CATCGGTTCATCCAGCACAGTCTG-1","slingPseudotime_2",18.3643143580031,"STOP","aucell_cytotoxic_score",0.701597331929085,"cytotoxic"
"CATCGGTTCATCCAGCACAGTCTG-1","slingPseudotime_3",29.6919883951742,"STOP","aucell_exhausted_score",0.293487800596805,"exhausted"
"CATCGGTTCATCCAGCACAGTCTG-1","slingPseudotime_3",29.6919883951742,"STOP","aucell_proliferating_score",0,"proliferating"
"CATCGGTTCATCCAGCACAGTCTG-1","slingPseudotime_3",29.6919883951742,"STOP","aucell_naive_memory_score",0,"naive_memory"
"CATCGGTTCATCCAGCACAGTCTG-1","slingPseudotime_3",29.6919883951742,"STOP","aucell_cytotoxic_score",0.701597331929085,"cytotoxic"
"CATGAGGTCCAATACTACAGTCTG-1","slingPseudotime_4",32.3318105921952,"STOP","aucell_exhausted_score",0.106722836580656,"exhausted"
"CATGAGGTCCAATACTACAGTCTG-1","slingPseudotime_4",32.3318105921952,"STOP","aucell_proliferating_score",0,"proliferating"
"CATGAGGTCCAATACTACAGTCTG-1","slingPseudotime_4",32.3318105921952,"STOP","aucell_naive_memory_score",0,"naive_memory"
"CATGAGGTCCAATACTACAGTCTG-1","slingPseudotime_4",32.3318105921952,"STOP","aucell_cytotoxic_score",0.638581709671757,"cytotoxic"
"CCATTCGCACTCAGTTACAGTCTG-1","slingPseudotime_4",30.9268152991266,"STOP","aucell_exhausted_score",0.269615587151132,"exhausted"
"CCATTCGCACTCAGTTACAGTCTG-1","slingPseudotime_4",30.9268152991266,"STOP","aucell_proliferating_score",0,"proliferating"
"CCATTCGCACTCAGTTACAGTCTG-1","slingPseudotime_4",30.9268152991266,"STOP","aucell_naive_memory_score",0,"naive_memory"
"CCATTCGCACTCAGTTACAGTCTG-1","slingPseudotime_4",30.9268152991266,"STOP","aucell_cytotoxic_score",0.569773565034228,"cytotoxic"
"CCCGAAGCAGAGGCTTACAGTCTG-1","slingPseudotime_3",36.7492260694427,"STOP","aucell_exhausted_score",0.296822889239951,"exhausted"
"CCCGAAGCAGAGGCTTACAGTCTG-1","slingPseudotime_3",36.7492260694427,"STOP","aucell_proliferating_score",0,"proliferating"
"CCCGAAGCAGAGGCTTACAGTCTG-1","slingPseudotime_3",36.7492260694427,"STOP","aucell_naive_memory_score",0,"naive_memory"
"CCCGAAGCAGAGGCTTACAGTCTG-1","slingPseudotime_3",36.7492260694427,"STOP","aucell_cytotoxic_score",0.076882569773565,"cytotoxic"
"CCCGTAGTCTGTGATTACAGTCTG-1","slingPseudotime_4",33.9168469940247,"STOP","aucell_exhausted_score",0.365806564858698,"exhausted"
"CCCGTAGTCTGTGATTACAGTCTG-1","slingPseudotime_4",33.9168469940247,"STOP","aucell_proliferating_score",0,"proliferating"
"CCCGTAGTCTGTGATTACAGTCTG-1","slingPseudotime_4",33.9168469940247,"STOP","aucell_naive_memory_score",0.0151578947368421,"naive_memory"
"CCCGTAGTCTGTGATTACAGTCTG-1","slingPseudotime_4",33.9168469940247,"STOP","aucell_cytotoxic_score",0.511848341232227,"cytotoxic"
"CCGATACTCGGCTAAGACAGTCTG-1","slingPseudotime_1",11.1328462565272,"STOP","aucell_exhausted_score",0,"exhausted"
"CCGATACTCGGCTAAGACAGTCTG-1","slingPseudotime_1",11.1328462565272,"STOP","aucell_proliferating_score",0,"proliferating"
"CCGATACTCGGCTAAGACAGTCTG-1","slingPseudotime_1",11.1328462565272,"STOP","aucell_naive_memory_score",0.165684210526316,"naive_memory"
"CCGATACTCGGCTAAGACAGTCTG-1","slingPseudotime_1",11.1328462565272,"STOP","aucell_cytotoxic_score",0.427242408285062,"cytotoxic"
"CCGATACTCGGCTAAGACAGTCTG-1","slingPseudotime_2",10.8819301267604,"STOP","aucell_exhausted_score",0,"exhausted"
"CCGATACTCGGCTAAGACAGTCTG-1","slingPseudotime_2",10.8819301267604,"STOP","aucell_proliferating_score",0,"proliferating"
"CCGATACTCGGCTAAGACAGTCTG-1","slingPseudotime_2",10.8819301267604,"STOP","aucell_naive_memory_score",0.165684210526316,"naive_memory"
"CCGATACTCGGCTAAGACAGTCTG-1","slingPseudotime_2",10.8819301267604,"STOP","aucell_cytotoxic_score",0.427242408285062,"cytotoxic"
"CCGATACTCGGCTAAGACAGTCTG-1","slingPseudotime_3",11.8601470641017,"STOP","aucell_exhausted_score",0,"exhausted"
"CCGATACTCGGCTAAGACAGTCTG-1","slingPseudotime_3",11.8601470641017,"STOP","aucell_proliferating_score",0,"proliferating"
"CCGATACTCGGCTAAGACAGTCTG-1","slingPseudotime_3",11.8601470641017,"STOP","aucell_naive_memory_score",0.165684210526316,"naive_memory"
"CCGATACTCGGCTAAGACAGTCTG-1","slingPseudotime_3",11.8601470641017,"STOP","aucell_cytotoxic_score",0.427242408285062,"cytotoxic"
"CCGATACTCGGCTAAGACAGTCTG-1","slingPseudotime_4",11.697187393902,"STOP","aucell_exhausted_score",0,"exhausted"
"CCGATACTCGGCTAAGACAGTCTG-1","slingPseudotime_4",11.697187393902,"STOP","aucell_proliferating_score",0,"proliferating"
"CCGATACTCGGCTAAGACAGTCTG-1","slingPseudotime_4",11.697187393902,"STOP","aucell_naive_memory_score",0.165684210526316,"naive_memory"
"CCGATACTCGGCTAAGACAGTCTG-1","slingPseudotime_4",11.697187393902,"STOP","aucell_cytotoxic_score",0.427242408285062,"cytotoxic"
"CGCATTATCCATCCTTACAGTCTG-1","slingPseudotime_4",27.6283081384418,"STOP","aucell_exhausted_score",0.148323679129366,"exhausted"
"CGCATTATCCATCCTTACAGTCTG-1","slingPseudotime_4",27.6283081384418,"STOP","aucell_proliferating_score",0,"proliferating"
"CGCATTATCCATCCTTACAGTCTG-1","slingPseudotime_4",27.6283081384418,"STOP","aucell_naive_memory_score",0,"naive_memory"
"CGCATTATCCATCCTTACAGTCTG-1","slingPseudotime_4",27.6283081384418,"STOP","aucell_cytotoxic_score",0.4913112164297,"cytotoxic"
"CGCTAAACATTCGGTTACAGTCTG-1","slingPseudotime_1",29.1176621586327,"STOP","aucell_exhausted_score",0,"exhausted"
"CGCTAAACATTCGGTTACAGTCTG-1","slingPseudotime_1",29.1176621586327,"STOP","aucell_proliferating_score",0.0551578947368421,"proliferating"
"CGCTAAACATTCGGTTACAGTCTG-1","slingPseudotime_1",29.1176621586327,"STOP","aucell_naive_memory_score",0,"naive_memory"
"CGCTAAACATTCGGTTACAGTCTG-1","slingPseudotime_1",29.1176621586327,"STOP","aucell_cytotoxic_score",0.247147621555205,"cytotoxic"
"CGGAACCAGACTATTCACAGTCTG-1","slingPseudotime_4",31.3472781416303,"STOP","aucell_exhausted_score",0.306652624188169,"exhausted"
"CGGAACCAGACTATTCACAGTCTG-1","slingPseudotime_4",31.3472781416303,"STOP","aucell_proliferating_score",0,"proliferating"
"CGGAACCAGACTATTCACAGTCTG-1","slingPseudotime_4",31.3472781416303,"STOP","aucell_naive_memory_score",0,"naive_memory"
"CGGAACCAGACTATTCACAGTCTG-1","slingPseudotime_4",31.3472781416303,"STOP","aucell_cytotoxic_score",0.160961909777076,"cytotoxic"
"CGTAATCGTCGGTTTGACAGTCTG-1","slingPseudotime_1",29.8142809732797,"STOP","aucell_exhausted_score",0.14604177637353,"exhausted"
"CGTAATCGTCGGTTTGACAGTCTG-1","slingPseudotime_1",29.8142809732797,"STOP","aucell_proliferating_score",0,"proliferating"
"CGTAATCGTCGGTTTGACAGTCTG-1","slingPseudotime_1",29.8142809732797,"STOP","aucell_naive_memory_score",0.08,"naive_memory"
"CGTAATCGTCGGTTTGACAGTCTG-1","slingPseudotime_1",29.8142809732797,"STOP","aucell_cytotoxic_score",0.495523959978936,"cytotoxic"
"CGTTATTAGGGTTATAACAGTCTG-1","slingPseudotime_1",25.5747805981161,"STOP","aucell_exhausted_score",0,"exhausted"
"CGTTATTAGGGTTATAACAGTCTG-1","slingPseudotime_1",25.5747805981161,"STOP","aucell_proliferating_score",0,"proliferating"
"CGTTATTAGGGTTATAACAGTCTG-1","slingPseudotime_1",25.5747805981161,"STOP","aucell_naive_memory_score",0.189684210526316,"naive_memory"
"CGTTATTAGGGTTATAACAGTCTG-1","slingPseudotime_1",25.5747805981161,"STOP","aucell_cytotoxic_score",0.311743022643497,"cytotoxic"
"CGTTATTAGGGTTATAACAGTCTG-1","slingPseudotime_2",22.7984130984555,"STOP","aucell_exhausted_score",0,"exhausted"
"CGTTATTAGGGTTATAACAGTCTG-1","slingPseudotime_2",22.7984130984555,"STOP","aucell_proliferating_score",0,"proliferating"
"CGTTATTAGGGTTATAACAGTCTG-1","slingPseudotime_2",22.7984130984555,"STOP","aucell_naive_memory_score",0.189684210526316,"naive_memory"
"CGTTATTAGGGTTATAACAGTCTG-1","slingPseudotime_2",22.7984130984555,"STOP","aucell_cytotoxic_score",0.311743022643497,"cytotoxic"
"CGTTGTCAGCATCTATACAGTCTG-1","slingPseudotime_1",12.8151005175054,"STOP","aucell_exhausted_score",0,"exhausted"
"CGTTGTCAGCATCTATACAGTCTG-1","slingPseudotime_1",12.8151005175054,"STOP","aucell_proliferating_score",0,"proliferating"
"CGTTGTCAGCATCTATACAGTCTG-1","slingPseudotime_1",12.8151005175054,"STOP","aucell_naive_memory_score",0,"naive_memory"
"CGTTGTCAGCATCTATACAGTCTG-1","slingPseudotime_1",12.8151005175054,"STOP","aucell_cytotoxic_score",0.541688608039319,"cytotoxic"
"CGTTGTCAGCATCTATACAGTCTG-1","slingPseudotime_2",12.460363605603,"STOP","aucell_exhausted_score",0,"exhausted"
"CGTTGTCAGCATCTATACAGTCTG-1","slingPseudotime_2",12.460363605603,"STOP","aucell_proliferating_score",0,"proliferating"
"CGTTGTCAGCATCTATACAGTCTG-1","slingPseudotime_2",12.460363605603,"STOP","aucell_naive_memory_score",0,"naive_memory"
"CGTTGTCAGCATCTATACAGTCTG-1","slingPseudotime_2",12.460363605603,"STOP","aucell_cytotoxic_score",0.541688608039319,"cytotoxic"
"CGTTGTCAGCATCTATACAGTCTG-1","slingPseudotime_3",13.6423706072944,"STOP","aucell_exhausted_score",0,"exhausted"
"CGTTGTCAGCATCTATACAGTCTG-1","slingPseudotime_3",13.6423706072944,"STOP","aucell_proliferating_score",0,"proliferating"
"CGTTGTCAGCATCTATACAGTCTG-1","slingPseudotime_3",13.6423706072944,"STOP","aucell_naive_memory_score",0,"naive_memory"
"CGTTGTCAGCATCTATACAGTCTG-1","slingPseudotime_3",13.6423706072944,"STOP","aucell_cytotoxic_score",0.541688608039319,"cytotoxic"
"CGTTGTCAGCATCTATACAGTCTG-1","slingPseudotime_4",13.3164427607097,"STOP","aucell_exhausted_score",0,"exhausted"
"CGTTGTCAGCATCTATACAGTCTG-1","slingPseudotime_4",13.3164427607097,"STOP","aucell_proliferating_score",0,"proliferating"
"CGTTGTCAGCATCTATACAGTCTG-1","slingPseudotime_4",13.3164427607097,"STOP","aucell_naive_memory_score",0,"naive_memory"
"CGTTGTCAGCATCTATACAGTCTG-1","slingPseudotime_4",13.3164427607097,"STOP","aucell_cytotoxic_score",0.541688608039319,"cytotoxic"
"CTAAGTGCAATCATCCACAGTCTG-1","slingPseudotime_1",12.3846444248345,"STOP","aucell_exhausted_score",0,"exhausted"
"CTAAGTGCAATCATCCACAGTCTG-1","slingPseudotime_1",12.3846444248345,"STOP","aucell_proliferating_score",0,"proliferating"
"CTAAGTGCAATCATCCACAGTCTG-1","slingPseudotime_1",12.3846444248345,"STOP","aucell_naive_memory_score",0.264842105263158,"naive_memory"
"CTAAGTGCAATCATCCACAGTCTG-1","slingPseudotime_1",12.3846444248345,"STOP","aucell_cytotoxic_score",0.16535018430753,"cytotoxic"
"CTAAGTGCAATCATCCACAGTCTG-1","slingPseudotime_2",12.0070613829713,"STOP","aucell_exhausted_score",0,"exhausted"
"CTAAGTGCAATCATCCACAGTCTG-1","slingPseudotime_2",12.0070613829713,"STOP","aucell_proliferating_score",0,"proliferating"
"CTAAGTGCAATCATCCACAGTCTG-1","slingPseudotime_2",12.0070613829713,"STOP","aucell_naive_memory_score",0.264842105263158,"naive_memory"
"CTAAGTGCAATCATCCACAGTCTG-1","slingPseudotime_2",12.0070613829713,"STOP","aucell_cytotoxic_score",0.16535018430753,"cytotoxic"
"CTAAGTGCAATCATCCACAGTCTG-1","slingPseudotime_3",13.0307885704089,"STOP","aucell_exhausted_score",0,"exhausted"
"CTAAGTGCAATCATCCACAGTCTG-1","slingPseudotime_3",13.0307885704089,"STOP","aucell_proliferating_score",0,"proliferating"
"CTAAGTGCAATCATCCACAGTCTG-1","slingPseudotime_3",13.0307885704089,"STOP","aucell_naive_memory_score",0.264842105263158,"naive_memory"
"CTAAGTGCAATCATCCACAGTCTG-1","slingPseudotime_3",13.0307885704089,"STOP","aucell_cytotoxic_score",0.16535018430753,"cytotoxic"
"CTAAGTGCAATCATCCACAGTCTG-1","slingPseudotime_4",12.7415778891758,"STOP","aucell_exhausted_score",0,"exhausted"
"CTAAGTGCAATCATCCACAGTCTG-1","slingPseudotime_4",12.7415778891758,"STOP","aucell_proliferating_score",0,"proliferating"
"CTAAGTGCAATCATCCACAGTCTG-1","slingPseudotime_4",12.7415778891758,"STOP","aucell_naive_memory_score",0.264842105263158,"naive_memory"
"CTAAGTGCAATCATCCACAGTCTG-1","slingPseudotime_4",12.7415778891758,"STOP","aucell_cytotoxic_score",0.16535018430753,"cytotoxic"
"CTCAAATTCGATGAACACAGTCTG-1","slingPseudotime_1",7.89200943887267,"STOP","aucell_exhausted_score",0,"exhausted"
"CTCAAATTCGATGAACACAGTCTG-1","slingPseudotime_1",7.89200943887267,"STOP","aucell_proliferating_score",0,"proliferating"
"CTCAAATTCGATGAACACAGTCTG-1","slingPseudotime_1",7.89200943887267,"STOP","aucell_naive_memory_score",0.0882105263157895,"naive_memory"
"CTCAAATTCGATGAACACAGTCTG-1","slingPseudotime_1",7.89200943887267,"STOP","aucell_cytotoxic_score",0.327365279971915,"cytotoxic"
"CTCAAATTCGATGAACACAGTCTG-1","slingPseudotime_2",7.89185796139945,"STOP","aucell_exhausted_score",0,"exhausted"
"CTCAAATTCGATGAACACAGTCTG-1","slingPseudotime_2",7.89185796139945,"STOP","aucell_proliferating_score",0,"proliferating"
"CTCAAATTCGATGAACACAGTCTG-1","slingPseudotime_2",7.89185796139945,"STOP","aucell_naive_memory_score",0.0882105263157895,"naive_memory"
"CTCAAATTCGATGAACACAGTCTG-1","slingPseudotime_2",7.89185796139945,"STOP","aucell_cytotoxic_score",0.327365279971915,"cytotoxic"
"CTCAAATTCGATGAACACAGTCTG-1","slingPseudotime_3",8.41577851295257,"STOP","aucell_exhausted_score",0,"exhausted"
"CTCAAATTCGATGAACACAGTCTG-1","slingPseudotime_3",8.41577851295257,"STOP","aucell_proliferating_score",0,"proliferating"
"CTCAAATTCGATGAACACAGTCTG-1","slingPseudotime_3",8.41577851295257,"STOP","aucell_naive_memory_score",0.0882105263157895,"naive_memory"
"CTCAAATTCGATGAACACAGTCTG-1","slingPseudotime_3",8.41577851295257,"STOP","aucell_cytotoxic_score",0.327365279971915,"cytotoxic"
"CTCAAATTCGATGAACACAGTCTG-1","slingPseudotime_4",8.22947988246611,"STOP","aucell_exhausted_score",0,"exhausted"
"CTCAAATTCGATGAACACAGTCTG-1","slingPseudotime_4",8.22947988246611,"STOP","aucell_proliferating_score",0,"proliferating"
"CTCAAATTCGATGAACACAGTCTG-1","slingPseudotime_4",8.22947988246611,"STOP","aucell_naive_memory_score",0.0882105263157895,"naive_memory"
"CTCAAATTCGATGAACACAGTCTG-1","slingPseudotime_4",8.22947988246611,"STOP","aucell_cytotoxic_score",0.327365279971915,"cytotoxic"
"CTGATCCAGGTCAAACACAGTCTG-1","slingPseudotime_1",15.6137034341185,"STOP","aucell_exhausted_score",0.292610145690714,"exhausted"
"CTGATCCAGGTCAAACACAGTCTG-1","slingPseudotime_1",15.6137034341185,"STOP","aucell_proliferating_score",0,"proliferating"
"CTGATCCAGGTCAAACACAGTCTG-1","slingPseudotime_1",15.6137034341185,"STOP","aucell_naive_memory_score",0,"naive_memory"
"CTGATCCAGGTCAAACACAGTCTG-1","slingPseudotime_1",15.6137034341185,"STOP","aucell_cytotoxic_score",0.445146568369317,"cytotoxic"
"CTGATCCAGGTCAAACACAGTCTG-1","slingPseudotime_2",15.2138133880039,"STOP","aucell_exhausted_score",0.292610145690714,"exhausted"
"CTGATCCAGGTCAAACACAGTCTG-1","slingPseudotime_2",15.2138133880039,"STOP","aucell_proliferating_score",0,"proliferating"
"CTGATCCAGGTCAAACACAGTCTG-1","slingPseudotime_2",15.2138133880039,"STOP","aucell_naive_memory_score",0,"naive_memory"
"CTGATCCAGGTCAAACACAGTCTG-1","slingPseudotime_2",15.2138133880039,"STOP","aucell_cytotoxic_score",0.445146568369317,"cytotoxic"
"CTGATCCAGGTCAAACACAGTCTG-1","slingPseudotime_3",28.425612569426,"STOP","aucell_exhausted_score",0.292610145690714,"exhausted"
"CTGATCCAGGTCAAACACAGTCTG-1","slingPseudotime_3",28.425612569426,"STOP","aucell_proliferating_score",0,"proliferating"
"CTGATCCAGGTCAAACACAGTCTG-1","slingPseudotime_3",28.425612569426,"STOP","aucell_naive_memory_score",0,"naive_memory"
"CTGATCCAGGTCAAACACAGTCTG-1","slingPseudotime_3",28.425612569426,"STOP","aucell_cytotoxic_score",0.445146568369317,"cytotoxic"
"CTGATCCAGGTCAAACACAGTCTG-1","slingPseudotime_4",26.2637205652057,"STOP","aucell_exhausted_score",0.292610145690714,"exhausted"
"CTGATCCAGGTCAAACACAGTCTG-1","slingPseudotime_4",26.2637205652057,"STOP","aucell_proliferating_score",0,"proliferating"
"CTGATCCAGGTCAAACACAGTCTG-1","slingPseudotime_4",26.2637205652057,"STOP","aucell_naive_memory_score",0,"naive_memory"
"CTGATCCAGGTCAAACACAGTCTG-1","slingPseudotime_4",26.2637205652057,"STOP","aucell_cytotoxic_score",0.445146568369317,"cytotoxic"
"CTGCAACTCGAGCTAGACAGTCTG-1","slingPseudotime_1",5.46590156173723,"STOP","aucell_exhausted_score",0.0396700017553098,"exhausted"
"CTGCAACTCGAGCTAGACAGTCTG-1","slingPseudotime_1",5.46590156173723,"STOP","aucell_proliferating_score",0,"proliferating"
"CTGCAACTCGAGCTAGACAGTCTG-1","slingPseudotime_1",5.46590156173723,"STOP","aucell_naive_memory_score",0.715789473684211,"naive_memory"
"CTGCAACTCGAGCTAGACAGTCTG-1","slingPseudotime_1",5.46590156173723,"STOP","aucell_cytotoxic_score",0.147797086185712,"cytotoxic"
"CTGCAACTCGAGCTAGACAGTCTG-1","slingPseudotime_2",5.43857680001516,"STOP","aucell_exhausted_score",0.0396700017553098,"exhausted"
"CTGCAACTCGAGCTAGACAGTCTG-1","slingPseudotime_2",5.43857680001516,"STOP","aucell_proliferating_score",0,"proliferating"
"CTGCAACTCGAGCTAGACAGTCTG-1","slingPseudotime_2",5.43857680001516,"STOP","aucell_naive_memory_score",0.715789473684211,"naive_memory"
"CTGCAACTCGAGCTAGACAGTCTG-1","slingPseudotime_2",5.43857680001516,"STOP","aucell_cytotoxic_score",0.147797086185712,"cytotoxic"
"CTGCAACTCGAGCTAGACAGTCTG-1","slingPseudotime_3",5.87759087385372,"STOP","aucell_exhausted_score",0.0396700017553098,"exhausted"
"CTGCAACTCGAGCTAGACAGTCTG-1","slingPseudotime_3",5.87759087385372,"STOP","aucell_proliferating_score",0,"proliferating"
"CTGCAACTCGAGCTAGACAGTCTG-1","slingPseudotime_3",5.87759087385372,"STOP","aucell_naive_memory_score",0.715789473684211,"naive_memory"
"CTGCAACTCGAGCTAGACAGTCTG-1","slingPseudotime_3",5.87759087385372,"STOP","aucell_cytotoxic_score",0.147797086185712,"cytotoxic"
"CTGCAACTCGAGCTAGACAGTCTG-1","slingPseudotime_4",5.62587260291345,"STOP","aucell_exhausted_score",0.0396700017553098,"exhausted"
"CTGCAACTCGAGCTAGACAGTCTG-1","slingPseudotime_4",5.62587260291345,"STOP","aucell_proliferating_score",0,"proliferating"
"CTGCAACTCGAGCTAGACAGTCTG-1","slingPseudotime_4",5.62587260291345,"STOP","aucell_naive_memory_score",0.715789473684211,"naive_memory"
"CTGCAACTCGAGCTAGACAGTCTG-1","slingPseudotime_4",5.62587260291345,"STOP","aucell_cytotoxic_score",0.147797086185712,"cytotoxic"
"CTTAGAAAGAGGTTTAACAGTCTG-1","slingPseudotime_4",33.0147271925621,"STOP","aucell_exhausted_score",0.189924521678076,"exhausted"
"CTTAGAAAGAGGTTTAACAGTCTG-1","slingPseudotime_4",33.0147271925621,"STOP","aucell_proliferating_score",0,"proliferating"
"CTTAGAAAGAGGTTTAACAGTCTG-1","slingPseudotime_4",33.0147271925621,"STOP","aucell_naive_memory_score",0,"naive_memory"
"CTTAGAAAGAGGTTTAACAGTCTG-1","slingPseudotime_4",33.0147271925621,"STOP","aucell_cytotoxic_score",0.474284711251536,"cytotoxic"
"CTTAGTCCACGGTCGAACAGTCTG-1","slingPseudotime_1",26.7062035735113,"STOP","aucell_exhausted_score",0,"exhausted"
"CTTAGTCCACGGTCGAACAGTCTG-1","slingPseudotime_1",26.7062035735113,"STOP","aucell_proliferating_score",0,"proliferating"
"CTTAGTCCACGGTCGAACAGTCTG-1","slingPseudotime_1",26.7062035735113,"STOP","aucell_naive_memory_score",0,"naive_memory"
"CTTAGTCCACGGTCGAACAGTCTG-1","slingPseudotime_1",26.7062035735113,"STOP","aucell_cytotoxic_score",0.79691065473056,"cytotoxic"
"CTTAGTCCACGGTCGAACAGTCTG-1","slingPseudotime_2",23.9607252686476,"STOP","aucell_exhausted_score",0,"exhausted"
"CTTAGTCCACGGTCGAACAGTCTG-1","slingPseudotime_2",23.9607252686476,"STOP","aucell_proliferating_score",0,"proliferating"
"CTTAGTCCACGGTCGAACAGTCTG-1","slingPseudotime_2",23.9607252686476,"STOP","aucell_naive_memory_score",0,"naive_memory"
"CTTAGTCCACGGTCGAACAGTCTG-1","slingPseudotime_2",23.9607252686476,"STOP","aucell_cytotoxic_score",0.79691065473056,"cytotoxic"
"CTTGAGGAGCGCTCCAACAGTCTG-1","slingPseudotime_1",0.0452995912325546,"STOP","aucell_exhausted_score",0,"exhausted"
"CTTGAGGAGCGCTCCAACAGTCTG-1","slingPseudotime_1",0.0452995912325546,"STOP","aucell_proliferating_score",0,"proliferating"
"CTTGAGGAGCGCTCCAACAGTCTG-1","slingPseudotime_1",0.0452995912325546,"STOP","aucell_naive_memory_score",0.151578947368421,"naive_memory"
"CTTGAGGAGCGCTCCAACAGTCTG-1","slingPseudotime_1",0.0452995912325546,"STOP","aucell_cytotoxic_score",0.0772336317360014,"cytotoxic"
"CTTGAGGAGCGCTCCAACAGTCTG-1","slingPseudotime_2",0.0452815201391564,"STOP","aucell_exhausted_score",0,"exhausted"
"CTTGAGGAGCGCTCCAACAGTCTG-1","slingPseudotime_2",0.0452815201391564,"STOP","aucell_proliferating_score",0,"proliferating"
"CTTGAGGAGCGCTCCAACAGTCTG-1","slingPseudotime_2",0.0452815201391564,"STOP","aucell_naive_memory_score",0.151578947368421,"naive_memory"
"CTTGAGGAGCGCTCCAACAGTCTG-1","slingPseudotime_2",0.0452815201391564,"STOP","aucell_cytotoxic_score",0.0772336317360014,"cytotoxic"
"CTTGAGGAGCGCTCCAACAGTCTG-1","slingPseudotime_3",0.461123831610455,"STOP","aucell_exhausted_score",0,"exhausted"
"CTTGAGGAGCGCTCCAACAGTCTG-1","slingPseudotime_3",0.461123831610455,"STOP","aucell_proliferating_score",0,"proliferating"
"CTTGAGGAGCGCTCCAACAGTCTG-1","slingPseudotime_3",0.461123831610455,"STOP","aucell_naive_memory_score",0.151578947368421,"naive_memory"
"CTTGAGGAGCGCTCCAACAGTCTG-1","slingPseudotime_3",0.461123831610455,"STOP","aucell_cytotoxic_score",0.0772336317360014,"cytotoxic"
"CTTGAGGAGCGCTCCAACAGTCTG-1","slingPseudotime_4",0.267958140983124,"STOP","aucell_exhausted_score",0,"exhausted"
"CTTGAGGAGCGCTCCAACAGTCTG-1","slingPseudotime_4",0.267958140983124,"STOP","aucell_proliferating_score",0,"proliferating"
"CTTGAGGAGCGCTCCAACAGTCTG-1","slingPseudotime_4",0.267958140983124,"STOP","aucell_naive_memory_score",0.151578947368421,"naive_memory"
"CTTGAGGAGCGCTCCAACAGTCTG-1","slingPseudotime_4",0.267958140983124,"STOP","aucell_cytotoxic_score",0.0772336317360014,"cytotoxic"
"CTTGATGTCTAATTGCACAGTCTG-1","slingPseudotime_4",31.8926004623312,"STOP","aucell_exhausted_score",0.011409513779182,"exhausted"
"CTTGATGTCTAATTGCACAGTCTG-1","slingPseudotime_4",31.8926004623312,"STOP","aucell_proliferating_score",0,"proliferating"
"CTTGATGTCTAATTGCACAGTCTG-1","slingPseudotime_4",31.8926004623312,"STOP","aucell_naive_memory_score",0,"naive_memory"
"CTTGATGTCTAATTGCACAGTCTG-1","slingPseudotime_4",31.8926004623312,"STOP","aucell_cytotoxic_score",0.792522380200105,"cytotoxic"
"CTTGGTTCATACTTCAACAGTCTG-1","slingPseudotime_1",7.67934632933606,"STOP","aucell_exhausted_score",0,"exhausted"
"CTTGGTTCATACTTCAACAGTCTG-1","slingPseudotime_1",7.67934632933606,"STOP","aucell_proliferating_score",0,"proliferating"
"CTTGGTTCATACTTCAACAGTCTG-1","slingPseudotime_1",7.67934632933606,"STOP","aucell_naive_memory_score",0.146736842105263,"naive_memory"
"CTTGGTTCATACTTCAACAGTCTG-1","slingPseudotime_1",7.67934632933606,"STOP","aucell_cytotoxic_score",0.166227839213621,"cytotoxic"
"CTTGGTTCATACTTCAACAGTCTG-1","slingPseudotime_2",7.58816664323582,"STOP","aucell_exhausted_score",0,"exhausted"
"CTTGGTTCATACTTCAACAGTCTG-1","slingPseudotime_2",7.58816664323582,"STOP","aucell_proliferating_score",0,"proliferating"
"CTTGGTTCATACTTCAACAGTCTG-1","slingPseudotime_2",7.58816664323582,"STOP","aucell_naive_memory_score",0.146736842105263,"naive_memory"
"CTTGGTTCATACTTCAACAGTCTG-1","slingPseudotime_2",7.58816664323582,"STOP","aucell_cytotoxic_score",0.166227839213621,"cytotoxic"
"CTTGGTTCATACTTCAACAGTCTG-1","slingPseudotime_3",8.11552039482562,"STOP","aucell_exhausted_score",0,"exhausted"
"CTTGGTTCATACTTCAACAGTCTG-1","slingPseudotime_3",8.11552039482562,"STOP","aucell_proliferating_score",0,"proliferating"
"CTTGGTTCATACTTCAACAGTCTG-1","slingPseudotime_3",8.11552039482562,"STOP","aucell_naive_memory_score",0.146736842105263,"naive_memory"
"CTTGGTTCATACTTCAACAGTCTG-1","slingPseudotime_3",8.11552039482562,"STOP","aucell_cytotoxic_score",0.166227839213621,"cytotoxic"
"CTTGGTTCATACTTCAACAGTCTG-1","slingPseudotime_4",7.96414566052127,"STOP","aucell_exhausted_score",0,"exhausted"
"CTTGGTTCATACTTCAACAGTCTG-1","slingPseudotime_4",7.96414566052127,"STOP","aucell_proliferating_score",0,"proliferating"
"CTTGGTTCATACTTCAACAGTCTG-1","slingPseudotime_4",7.96414566052127,"STOP","aucell_naive_memory_score",0.146736842105263,"naive_memory"
"CTTGGTTCATACTTCAACAGTCTG-1","slingPseudotime_4",7.96414566052127,"STOP","aucell_cytotoxic_score",0.166227839213621,"cytotoxic"
"CTTTAACAGTAGCCTCACAGTCTG-1","slingPseudotime_1",17.1571484891486,"STOP","aucell_exhausted_score",0,"exhausted"
"CTTTAACAGTAGCCTCACAGTCTG-1","slingPseudotime_1",17.1571484891486,"STOP","aucell_proliferating_score",0,"proliferating"
"CTTTAACAGTAGCCTCACAGTCTG-1","slingPseudotime_1",17.1571484891486,"STOP","aucell_naive_memory_score",0,"naive_memory"
"CTTTAACAGTAGCCTCACAGTCTG-1","slingPseudotime_1",17.1571484891486,"STOP","aucell_cytotoxic_score",0.487098472880463,"cytotoxic"
"CTTTAACAGTAGCCTCACAGTCTG-1","slingPseudotime_2",16.0178384491437,"STOP","aucell_exhausted_score",0,"exhausted"
"CTTTAACAGTAGCCTCACAGTCTG-1","slingPseudotime_2",16.0178384491437,"STOP","aucell_proliferating_score",0,"proliferating"
"CTTTAACAGTAGCCTCACAGTCTG-1","slingPseudotime_2",16.0178384491437,"STOP","aucell_naive_memory_score",0,"naive_memory"
"CTTTAACAGTAGCCTCACAGTCTG-1","slingPseudotime_2",16.0178384491437,"STOP","aucell_cytotoxic_score",0.487098472880463,"cytotoxic"
"CTTTAACAGTAGCCTCACAGTCTG-1","slingPseudotime_3",17.5003464349392,"STOP","aucell_exhausted_score",0,"exhausted"
"CTTTAACAGTAGCCTCACAGTCTG-1","slingPseudotime_3",17.5003464349392,"STOP","aucell_proliferating_score",0,"proliferating"
"CTTTAACAGTAGCCTCACAGTCTG-1","slingPseudotime_3",17.5003464349392,"STOP","aucell_naive_memory_score",0,"naive_memory"
"CTTTAACAGTAGCCTCACAGTCTG-1","slingPseudotime_3",17.5003464349392,"STOP","aucell_cytotoxic_score",0.487098472880463,"cytotoxic"
"CTTTAACAGTAGCCTCACAGTCTG-1","slingPseudotime_4",17.2641310602044,"STOP","aucell_exhausted_score",0,"exhausted"
"CTTTAACAGTAGCCTCACAGTCTG-1","slingPseudotime_4",17.2641310602044,"STOP","aucell_proliferating_score",0,"proliferating"
"CTTTAACAGTAGCCTCACAGTCTG-1","slingPseudotime_4",17.2641310602044,"STOP","aucell_naive_memory_score",0,"naive_memory"
"CTTTAACAGTAGCCTCACAGTCTG-1","slingPseudotime_4",17.2641310602044,"STOP","aucell_cytotoxic_score",0.487098472880463,"cytotoxic"
"GAACTTAAGCTGATTTACAGTCTG-1","slingPseudotime_1",39.3768498893349,"STOP","aucell_exhausted_score",0.131823766894857,"exhausted"
"GAACTTAAGCTGATTTACAGTCTG-1","slingPseudotime_1",39.3768498893349,"STOP","aucell_proliferating_score",0,"proliferating"
"GAACTTAAGCTGATTTACAGTCTG-1","slingPseudotime_1",39.3768498893349,"STOP","aucell_naive_memory_score",0,"naive_memory"
"GAACTTAAGCTGATTTACAGTCTG-1","slingPseudotime_1",39.3768498893349,"STOP","aucell_cytotoxic_score",0.217131823766895,"cytotoxic"
"GAACTTAAGCTGATTTACAGTCTG-1","slingPseudotime_2",16.3191001734904,"STOP","aucell_exhausted_score",0.131823766894857,"exhausted"
"GAACTTAAGCTGATTTACAGTCTG-1","slingPseudotime_2",16.3191001734904,"STOP","aucell_proliferating_score",0,"proliferating"
"GAACTTAAGCTGATTTACAGTCTG-1","slingPseudotime_2",16.3191001734904,"STOP","aucell_naive_memory_score",0,"naive_memory"
"GAACTTAAGCTGATTTACAGTCTG-1","slingPseudotime_2",16.3191001734904,"STOP","aucell_cytotoxic_score",0.217131823766895,"cytotoxic"
"GAACTTAAGCTGATTTACAGTCTG-1","slingPseudotime_3",19.8674758342535,"STOP","aucell_exhausted_score",0.131823766894857,"exhausted"
"GAACTTAAGCTGATTTACAGTCTG-1","slingPseudotime_3",19.8674758342535,"STOP","aucell_proliferating_score",0,"proliferating"
"GAACTTAAGCTGATTTACAGTCTG-1","slingPseudotime_3",19.8674758342535,"STOP","aucell_naive_memory_score",0,"naive_memory"
"GAACTTAAGCTGATTTACAGTCTG-1","slingPseudotime_3",19.8674758342535,"STOP","aucell_cytotoxic_score",0.217131823766895,"cytotoxic"
"GAACTTAAGCTGATTTACAGTCTG-1","slingPseudotime_4",21.5181998851187,"STOP","aucell_exhausted_score",0.131823766894857,"exhausted"
"GAACTTAAGCTGATTTACAGTCTG-1","slingPseudotime_4",21.5181998851187,"STOP","aucell_proliferating_score",0,"proliferating"
"GAACTTAAGCTGATTTACAGTCTG-1","slingPseudotime_4",21.5181998851187,"STOP","aucell_naive_memory_score",0,"naive_memory"
"GAACTTAAGCTGATTTACAGTCTG-1","slingPseudotime_4",21.5181998851187,"STOP","aucell_cytotoxic_score",0.217131823766895,"cytotoxic"
"GACAAACTCTATGGCCACAGTCTG-1","slingPseudotime_1",9.70019570264851,"STOP","aucell_exhausted_score",0.137791820256275,"exhausted"
"GACAAACTCTATGGCCACAGTCTG-1","slingPseudotime_1",9.70019570264851,"STOP","aucell_proliferating_score",0,"proliferating"
"GACAAACTCTATGGCCACAGTCTG-1","slingPseudotime_1",9.70019570264851,"STOP","aucell_naive_memory_score",0.300842105263158,"naive_memory"
"GACAAACTCTATGGCCACAGTCTG-1","slingPseudotime_1",9.70019570264851,"STOP","aucell_cytotoxic_score",0.166403370194839,"cytotoxic"
"GACAAACTCTATGGCCACAGTCTG-1","slingPseudotime_2",9.61749048486423,"STOP","aucell_exhausted_score",0.137791820256275,"exhausted"
"GACAAACTCTATGGCCACAGTCTG-1","slingPseudotime_2",9.61749048486423,"STOP","aucell_proliferating_score",0,"proliferating"
"GACAAACTCTATGGCCACAGTCTG-1","slingPseudotime_2",9.61749048486423,"STOP","aucell_naive_memory_score",0.300842105263158,"naive_memory"
"GACAAACTCTATGGCCACAGTCTG-1","slingPseudotime_2",9.61749048486423,"STOP","aucell_cytotoxic_score",0.166403370194839,"cytotoxic"
"GACAAACTCTATGGCCACAGTCTG-1","slingPseudotime_3",10.1592941456041,"STOP","aucell_exhausted_score",0.137791820256275,"exhausted"
"GACAAACTCTATGGCCACAGTCTG-1","slingPseudotime_3",10.1592941456041,"STOP","aucell_proliferating_score",0,"proliferating"
"GACAAACTCTATGGCCACAGTCTG-1","slingPseudotime_3",10.1592941456041,"STOP","aucell_naive_memory_score",0.300842105263158,"naive_memory"
"GACAAACTCTATGGCCACAGTCTG-1","slingPseudotime_3",10.1592941456041,"STOP","aucell_cytotoxic_score",0.166403370194839,"cytotoxic"
"GACAAACTCTATGGCCACAGTCTG-1","slingPseudotime_4",10.1725929487807,"STOP","aucell_exhausted_score",0.137791820256275,"exhausted"
"GACAAACTCTATGGCCACAGTCTG-1","slingPseudotime_4",10.1725929487807,"STOP","aucell_proliferating_score",0,"proliferating"
"GACAAACTCTATGGCCACAGTCTG-1","slingPseudotime_4",10.1725929487807,"STOP","aucell_naive_memory_score",0.300842105263158,"naive_memory"
"GACAAACTCTATGGCCACAGTCTG-1","slingPseudotime_4",10.1725929487807,"STOP","aucell_cytotoxic_score",0.166403370194839,"cytotoxic"
"GACAACTAGTTAACAGACAGTCTG-1","slingPseudotime_1",13.1366759387722,"STOP","aucell_exhausted_score",0.152009829734948,"exhausted"
"GACAACTAGTTAACAGACAGTCTG-1","slingPseudotime_1",13.1366759387722,"STOP","aucell_proliferating_score",0,"proliferating"
"GACAACTAGTTAACAGACAGTCTG-1","slingPseudotime_1",13.1366759387722,"STOP","aucell_naive_memory_score",0,"naive_memory"
"GACAACTAGTTAACAGACAGTCTG-1","slingPseudotime_1",13.1366759387722,"STOP","aucell_cytotoxic_score",0.170616113744076,"cytotoxic"
"GACAACTAGTTAACAGACAGTCTG-1","slingPseudotime_2",12.794699713903,"STOP","aucell_exhausted_score",0.152009829734948,"exhausted"
"GACAACTAGTTAACAGACAGTCTG-1","slingPseudotime_2",12.794699713903,"STOP","aucell_proliferating_score",0,"proliferating"
"GACAACTAGTTAACAGACAGTCTG-1","slingPseudotime_2",12.794699713903,"STOP","aucell_naive_memory_score",0,"naive_memory"
"GACAACTAGTTAACAGACAGTCTG-1","slingPseudotime_2",12.794699713903,"STOP","aucell_cytotoxic_score",0.170616113744076,"cytotoxic"
"GACAACTAGTTAACAGACAGTCTG-1","slingPseudotime_3",13.8905878756867,"STOP","aucell_exhausted_score",0.152009829734948,"exhausted"
"GACAACTAGTTAACAGACAGTCTG-1","slingPseudotime_3",13.8905878756867,"STOP","aucell_proliferating_score",0,"proliferating"
"GACAACTAGTTAACAGACAGTCTG-1","slingPseudotime_3",13.8905878756867,"STOP","aucell_naive_memory_score",0,"naive_memory"
"GACAACTAGTTAACAGACAGTCTG-1","slingPseudotime_3",13.8905878756867,"STOP","aucell_cytotoxic_score",0.170616113744076,"cytotoxic"
"GACAACTAGTTAACAGACAGTCTG-1","slingPseudotime_4",29.8239086150805,"STOP","aucell_exhausted_score",0.152009829734948,"exhausted"
"GACAACTAGTTAACAGACAGTCTG-1","slingPseudotime_4",29.8239086150805,"STOP","aucell_proliferating_score",0,"proliferating"
"GACAACTAGTTAACAGACAGTCTG-1","slingPseudotime_4",29.8239086150805,"STOP","aucell_naive_memory_score",0,"naive_memory"
"GACAACTAGTTAACAGACAGTCTG-1","slingPseudotime_4",29.8239086150805,"STOP","aucell_cytotoxic_score",0.170616113744076,"cytotoxic"
"GACAGGCTCCGTCAACACAGTCTG-1","slingPseudotime_4",41.4485547973893,"STOP","aucell_exhausted_score",0.134807793575566,"exhausted"
"GACAGGCTCCGTCAACACAGTCTG-1","slingPseudotime_4",41.4485547973893,"STOP","aucell_proliferating_score",0,"proliferating"
"GACAGGCTCCGTCAACACAGTCTG-1","slingPseudotime_4",41.4485547973893,"STOP","aucell_naive_memory_score",0.156210526315789,"naive_memory"
"GACAGGCTCCGTCAACACAGTCTG-1","slingPseudotime_4",41.4485547973893,"STOP","aucell_cytotoxic_score",0.324556784272424,"cytotoxic"
"GACATTAAGCGGGACTACAGTCTG-1","slingPseudotime_1",4.55103699294873,"STOP","aucell_exhausted_score",0,"exhausted"
"GACATTAAGCGGGACTACAGTCTG-1","slingPseudotime_1",4.55103699294873,"STOP","aucell_proliferating_score",0,"proliferating"
"GACATTAAGCGGGACTACAGTCTG-1","slingPseudotime_1",4.55103699294873,"STOP","aucell_naive_memory_score",0.119789473684211,"naive_memory"
"GACATTAAGCGGGACTACAGTCTG-1","slingPseudotime_1",4.55103699294873,"STOP","aucell_cytotoxic_score",0,"cytotoxic"
"GACATTAAGCGGGACTACAGTCTG-1","slingPseudotime_2",4.53220685126801,"STOP","aucell_exhausted_score",0,"exhausted"
"GACATTAAGCGGGACTACAGTCTG-1","slingPseudotime_2",4.53220685126801,"STOP","aucell_proliferating_score",0,"proliferating"
"GACATTAAGCGGGACTACAGTCTG-1","slingPseudotime_2",4.53220685126801,"STOP","aucell_naive_memory_score",0.119789473684211,"naive_memory"
"GACATTAAGCGGGACTACAGTCTG-1","slingPseudotime_2",4.53220685126801,"STOP","aucell_cytotoxic_score",0,"cytotoxic"
"GACATTAAGCGGGACTACAGTCTG-1","slingPseudotime_3",4.99403132354353,"STOP","aucell_exhausted_score",0,"exhausted"
"GACATTAAGCGGGACTACAGTCTG-1","slingPseudotime_3",4.99403132354353,"STOP","aucell_proliferating_score",0,"proliferating"
"GACATTAAGCGGGACTACAGTCTG-1","slingPseudotime_3",4.99403132354353,"STOP","aucell_naive_memory_score",0.119789473684211,"naive_memory"
"GACATTAAGCGGGACTACAGTCTG-1","slingPseudotime_3",4.99403132354353,"STOP","aucell_cytotoxic_score",0,"cytotoxic"
"GACATTAAGCGGGACTACAGTCTG-1","slingPseudotime_4",4.82036523767967,"STOP","aucell_exhausted_score",0,"exhausted"
"GACATTAAGCGGGACTACAGTCTG-1","slingPseudotime_4",4.82036523767967,"STOP","aucell_proliferating_score",0,"proliferating"
"GACATTAAGCGGGACTACAGTCTG-1","slingPseudotime_4",4.82036523767967,"STOP","aucell_naive_memory_score",0.119789473684211,"naive_memory"
"GACATTAAGCGGGACTACAGTCTG-1","slingPseudotime_4",4.82036523767967,"STOP","aucell_cytotoxic_score",0,"cytotoxic"
"GACATTCGTTGGTTTAACAGTCTG-1","slingPseudotime_1",20.0631293231361,"STOP","aucell_exhausted_score",0,"exhausted"
"GACATTCGTTGGTTTAACAGTCTG-1","slingPseudotime_1",20.0631293231361,"STOP","aucell_proliferating_score",0,"proliferating"
"GACATTCGTTGGTTTAACAGTCTG-1","slingPseudotime_1",20.0631293231361,"STOP","aucell_naive_memory_score",0.356631578947368,"naive_memory"
"GACATTCGTTGGTTTAACAGTCTG-1","slingPseudotime_1",20.0631293231361,"STOP","aucell_cytotoxic_score",0.0380902229243461,"cytotoxic"
"GACATTCGTTGGTTTAACAGTCTG-1","slingPseudotime_2",18.7543062921571,"STOP","aucell_exhausted_score",0,"exhausted"
"GACATTCGTTGGTTTAACAGTCTG-1","slingPseudotime_2",18.7543062921571,"STOP","aucell_proliferating_score",0,"proliferating"
"GACATTCGTTGGTTTAACAGTCTG-1","slingPseudotime_2",18.7543062921571,"STOP","aucell_naive_memory_score",0.356631578947368,"naive_memory"
"GACATTCGTTGGTTTAACAGTCTG-1","slingPseudotime_2",18.7543062921571,"STOP","aucell_cytotoxic_score",0.0380902229243461,"cytotoxic"
"GACCCAAAGGCTGTGAACAGTCTG-1","slingPseudotime_3",41.0502553845276,"STOP","aucell_exhausted_score",0.513252589081973,"exhausted"
"GACCCAAAGGCTGTGAACAGTCTG-1","slingPseudotime_3",41.0502553845276,"STOP","aucell_proliferating_score",0,"proliferating"
"GACCCAAAGGCTGTGAACAGTCTG-1","slingPseudotime_3",41.0502553845276,"STOP","aucell_naive_memory_score",0,"naive_memory"
"GACCCAAAGGCTGTGAACAGTCTG-1","slingPseudotime_3",41.0502553845276,"STOP","aucell_cytotoxic_score",0.165876777251185,"cytotoxic"
"GACTGAGTCCAGCTACACAGTCTG-1","slingPseudotime_1",26.5537767392608,"STOP","aucell_exhausted_score",0,"exhausted"
"GACTGAGTCCAGCTACACAGTCTG-1","slingPseudotime_1",26.5537767392608,"STOP","aucell_proliferating_score",0.179789473684211,"proliferating"
"GACTGAGTCCAGCTACACAGTCTG-1","slingPseudotime_1",26.5537767392608,"STOP","aucell_naive_memory_score",0,"naive_memory"
"GACTGAGTCCAGCTACACAGTCTG-1","slingPseudotime_1",26.5537767392608,"STOP","aucell_cytotoxic_score",0.315780235211515,"cytotoxic"
"GACTGAGTCCAGCTACACAGTCTG-1","slingPseudotime_2",37.0258408003275,"STOP","aucell_exhausted_score",0,"exhausted"
"GACTGAGTCCAGCTACACAGTCTG-1","slingPseudotime_2",37.0258408003275,"STOP","aucell_proliferating_score",0.179789473684211,"proliferating"
"GACTGAGTCCAGCTACACAGTCTG-1","slingPseudotime_2",37.0258408003275,"STOP","aucell_naive_memory_score",0,"naive_memory"
"GACTGAGTCCAGCTACACAGTCTG-1","slingPseudotime_2",37.0258408003275,"STOP","aucell_cytotoxic_score",0.315780235211515,"cytotoxic"
"GACTTCGGTCCATTAAACAGTCTG-1","slingPseudotime_4",23.734061336279,"STOP","aucell_exhausted_score",0.28822187116026,"exhausted"
"GACTTCGGTCCATTAAACAGTCTG-1","slingPseudotime_4",23.734061336279,"STOP","aucell_proliferating_score",0,"proliferating"
"GACTTCGGTCCATTAAACAGTCTG-1","slingPseudotime_4",23.734061336279,"STOP","aucell_naive_memory_score",0,"naive_memory"
"GACTTCGGTCCATTAAACAGTCTG-1","slingPseudotime_4",23.734061336279,"STOP","aucell_cytotoxic_score",0.160610847814639,"cytotoxic"
"GACTTTGTCTATTGCGACAGTCTG-1","slingPseudotime_1",18.2633939205597,"STOP","aucell_exhausted_score",0.0761804458486923,"exhausted"
"GACTTTGTCTATTGCGACAGTCTG-1","slingPseudotime_1",18.2633939205597,"STOP","aucell_proliferating_score",0,"proliferating"
"GACTTTGTCTATTGCGACAGTCTG-1","slingPseudotime_1",18.2633939205597,"STOP","aucell_naive_memory_score",0.470736842105263,"naive_memory"
"GACTTTGTCTATTGCGACAGTCTG-1","slingPseudotime_1",18.2633939205597,"STOP","aucell_cytotoxic_score",0.153589608565912,"cytotoxic"
"GACTTTGTCTATTGCGACAGTCTG-1","slingPseudotime_2",16.4626372062326,"STOP","aucell_exhausted_score",0.0761804458486923,"exhausted"
"GACTTTGTCTATTGCGACAGTCTG-1","slingPseudotime_2",16.4626372062326,"STOP","aucell_proliferating_score",0,"proliferating"
"GACTTTGTCTATTGCGACAGTCTG-1","slingPseudotime_2",16.4626372062326,"STOP","aucell_naive_memory_score",0.470736842105263,"naive_memory"
"GACTTTGTCTATTGCGACAGTCTG-1","slingPseudotime_2",16.4626372062326,"STOP","aucell_cytotoxic_score",0.153589608565912,"cytotoxic"
"GACTTTGTCTATTGCGACAGTCTG-1","slingPseudotime_3",19.6994312120284,"STOP","aucell_exhausted_score",0.0761804458486923,"exhausted"
"GACTTTGTCTATTGCGACAGTCTG-1","slingPseudotime_3",19.6994312120284,"STOP","aucell_proliferating_score",0,"proliferating"
"GACTTTGTCTATTGCGACAGTCTG-1","slingPseudotime_3",19.6994312120284,"STOP","aucell_naive_memory_score",0.470736842105263,"naive_memory"
"GACTTTGTCTATTGCGACAGTCTG-1","slingPseudotime_3",19.6994312120284,"STOP","aucell_cytotoxic_score",0.153589608565912,"cytotoxic"
"GACTTTGTCTATTGCGACAGTCTG-1","slingPseudotime_4",18.8202050539356,"STOP","aucell_exhausted_score",0.0761804458486923,"exhausted"
"GACTTTGTCTATTGCGACAGTCTG-1","slingPseudotime_4",18.8202050539356,"STOP","aucell_proliferating_score",0,"proliferating"
"GACTTTGTCTATTGCGACAGTCTG-1","slingPseudotime_4",18.8202050539356,"STOP","aucell_naive_memory_score",0.470736842105263,"naive_memory"
"GACTTTGTCTATTGCGACAGTCTG-1","slingPseudotime_4",18.8202050539356,"STOP","aucell_cytotoxic_score",0.153589608565912,"cytotoxic"
"GCAAGGTGTTTGACTAACAGTCTG-1","slingPseudotime_1",18.2818987306134,"STOP","aucell_exhausted_score",0.0681060207126558,"exhausted"
"GCAAGGTGTTTGACTAACAGTCTG-1","slingPseudotime_1",18.2818987306134,"STOP","aucell_proliferating_score",0,"proliferating"
"GCAAGGTGTTTGACTAACAGTCTG-1","slingPseudotime_1",18.2818987306134,"STOP","aucell_naive_memory_score",0,"naive_memory"
"GCAAGGTGTTTGACTAACAGTCTG-1","slingPseudotime_1",18.2818987306134,"STOP","aucell_cytotoxic_score",0.465683693171845,"cytotoxic"
"GCAAGGTGTTTGACTAACAGTCTG-1","slingPseudotime_2",17.3213924248386,"STOP","aucell_exhausted_score",0.0681060207126558,"exhausted"
"GCAAGGTGTTTGACTAACAGTCTG-1","slingPseudotime_2",17.3213924248386,"STOP","aucell_proliferating_score",0,"proliferating"
"GCAAGGTGTTTGACTAACAGTCTG-1","slingPseudotime_2",17.3213924248386,"STOP","aucell_naive_memory_score",0,"naive_memory"
"GCAAGGTGTTTGACTAACAGTCTG-1","slingPseudotime_2",17.3213924248386,"STOP","aucell_cytotoxic_score",0.465683693171845,"cytotoxic"
"GCAAGGTGTTTGACTAACAGTCTG-1","slingPseudotime_3",24.1429411162346,"STOP","aucell_exhausted_score",0.0681060207126558,"exhausted"
"GCAAGGTGTTTGACTAACAGTCTG-1","slingPseudotime_3",24.1429411162346,"STOP","aucell_proliferating_score",0,"proliferating"
"GCAAGGTGTTTGACTAACAGTCTG-1","slingPseudotime_3",24.1429411162346,"STOP","aucell_naive_memory_score",0,"naive_memory"
"GCAAGGTGTTTGACTAACAGTCTG-1","slingPseudotime_3",24.1429411162346,"STOP","aucell_cytotoxic_score",0.465683693171845,"cytotoxic"
"GCAAGGTGTTTGACTAACAGTCTG-1","slingPseudotime_4",18.8042761753897,"STOP","aucell_exhausted_score",0.0681060207126558,"exhausted"
"GCAAGGTGTTTGACTAACAGTCTG-1","slingPseudotime_4",18.8042761753897,"STOP","aucell_proliferating_score",0,"proliferating"
"GCAAGGTGTTTGACTAACAGTCTG-1","slingPseudotime_4",18.8042761753897,"STOP","aucell_naive_memory_score",0,"naive_memory"
"GCAAGGTGTTTGACTAACAGTCTG-1","slingPseudotime_4",18.8042761753897,"STOP","aucell_cytotoxic_score",0.465683693171845,"cytotoxic"
"GCATAATCAAGTGCACACAGTCTG-1","slingPseudotime_1",19.0012285981248,"STOP","aucell_exhausted_score",0.131999297876075,"exhausted"
"GCATAATCAAGTGCACACAGTCTG-1","slingPseudotime_1",19.0012285981248,"STOP","aucell_proliferating_score",0,"proliferating"
"GCATAATCAAGTGCACACAGTCTG-1","slingPseudotime_1",19.0012285981248,"STOP","aucell_naive_memory_score",0,"naive_memory"
"GCATAATCAAGTGCACACAGTCTG-1","slingPseudotime_1",19.0012285981248,"STOP","aucell_cytotoxic_score",0.164999122345094,"cytotoxic"
"GCATAATCAAGTGCACACAGTCTG-1","slingPseudotime_2",18.1222061313359,"STOP","aucell_exhausted_score",0.131999297876075,"exhausted"
"GCATAATCAAGTGCACACAGTCTG-1","slingPseudotime_2",18.1222061313359,"STOP","aucell_proliferating_score",0,"proliferating"
"GCATAATCAAGTGCACACAGTCTG-1","slingPseudotime_2",18.1222061313359,"STOP","aucell_naive_memory_score",0,"naive_memory"
"GCATAATCAAGTGCACACAGTCTG-1","slingPseudotime_2",18.1222061313359,"STOP","aucell_cytotoxic_score",0.164999122345094,"cytotoxic"
"GCATAATCAAGTGCACACAGTCTG-1","slingPseudotime_3",21.4441896236828,"STOP","aucell_exhausted_score",0.131999297876075,"exhausted"
"GCATAATCAAGTGCACACAGTCTG-1","slingPseudotime_3",21.4441896236828,"STOP","aucell_proliferating_score",0,"proliferating"
"GCATAATCAAGTGCACACAGTCTG-1","slingPseudotime_3",21.4441896236828,"STOP","aucell_naive_memory_score",0,"naive_memory"
"GCATAATCAAGTGCACACAGTCTG-1","slingPseudotime_3",21.4441896236828,"STOP","aucell_cytotoxic_score",0.164999122345094,"cytotoxic"
"GCATAATCAAGTGCACACAGTCTG-1","slingPseudotime_4",20.6719500658439,"STOP","aucell_exhausted_score",0.131999297876075,"exhausted"
"GCATAATCAAGTGCACACAGTCTG-1","slingPseudotime_4",20.6719500658439,"STOP","aucell_proliferating_score",0,"proliferating"
"GCATAATCAAGTGCACACAGTCTG-1","slingPseudotime_4",20.6719500658439,"STOP","aucell_naive_memory_score",0,"naive_memory"
"GCATAATCAAGTGCACACAGTCTG-1","slingPseudotime_4",20.6719500658439,"STOP","aucell_cytotoxic_score",0.164999122345094,"cytotoxic"
"GCGAACGGTGCCCTTTACAGTCTG-1","slingPseudotime_1",10.1588478432642,"STOP","aucell_exhausted_score",0,"exhausted"
"GCGAACGGTGCCCTTTACAGTCTG-1","slingPseudotime_1",10.1588478432642,"STOP","aucell_proliferating_score",0,"proliferating"
"GCGAACGGTGCCCTTTACAGTCTG-1","slingPseudotime_1",10.1588478432642,"STOP","aucell_naive_memory_score",0.242526315789474,"naive_memory"
"GCGAACGGTGCCCTTTACAGTCTG-1","slingPseudotime_1",10.1588478432642,"STOP","aucell_cytotoxic_score",0.381253291205898,"cytotoxic"
"GCGAACGGTGCCCTTTACAGTCTG-1","slingPseudotime_2",10.1071777652043,"STOP","aucell_exhausted_score",0,"exhausted"
"GCGAACGGTGCCCTTTACAGTCTG-1","slingPseudotime_2",10.1071777652043,"STOP","aucell_proliferating_score",0,"proliferating"
"GCGAACGGTGCCCTTTACAGTCTG-1","slingPseudotime_2",10.1071777652043,"STOP","aucell_naive_memory_score",0.242526315789474,"naive_memory"
"GCGAACGGTGCCCTTTACAGTCTG-1","slingPseudotime_2",10.1071777652043,"STOP","aucell_cytotoxic_score",0.381253291205898,"cytotoxic"
"GCGAACGGTGCCCTTTACAGTCTG-1","slingPseudotime_3",10.7539920335174,"STOP","aucell_exhausted_score",0,"exhausted"
"GCGAACGGTGCCCTTTACAGTCTG-1","slingPseudotime_3",10.7539920335174,"STOP","aucell_proliferating_score",0,"proliferating"
"GCGAACGGTGCCCTTTACAGTCTG-1","slingPseudotime_3",10.7539920335174,"STOP","aucell_naive_memory_score",0.242526315789474,"naive_memory"
"GCGAACGGTGCCCTTTACAGTCTG-1","slingPseudotime_3",10.7539920335174,"STOP","aucell_cytotoxic_score",0.381253291205898,"cytotoxic"
"GCGAACGGTGCCCTTTACAGTCTG-1","slingPseudotime_4",10.4992247527671,"STOP","aucell_exhausted_score",0,"exhausted"
"GCGAACGGTGCCCTTTACAGTCTG-1","slingPseudotime_4",10.4992247527671,"STOP","aucell_proliferating_score",0,"proliferating"
"GCGAACGGTGCCCTTTACAGTCTG-1","slingPseudotime_4",10.4992247527671,"STOP","aucell_naive_memory_score",0.242526315789474,"naive_memory"
"GCGAACGGTGCCCTTTACAGTCTG-1","slingPseudotime_4",10.4992247527671,"STOP","aucell_cytotoxic_score",0.381253291205898,"cytotoxic"
"GCGAATGTCTTGAGGGACAGTCTG-1","slingPseudotime_4",30.9839127287788,"STOP","aucell_exhausted_score",0.213094611198877,"exhausted"
"GCGAATGTCTTGAGGGACAGTCTG-1","slingPseudotime_4",30.9839127287788,"STOP","aucell_proliferating_score",0,"proliferating"
"GCGAATGTCTTGAGGGACAGTCTG-1","slingPseudotime_4",30.9839127287788,"STOP","aucell_naive_memory_score",0.165473684210526,"naive_memory"
"GCGAATGTCTTGAGGGACAGTCTG-1","slingPseudotime_4",30.9839127287788,"STOP","aucell_cytotoxic_score",0.628751974723539,"cytotoxic"
"GCGATAAGTAGCTTTAACAGTCTG-1","slingPseudotime_1",1.18987483115301,"STOP","aucell_exhausted_score",0,"exhausted"
"GCGATAAGTAGCTTTAACAGTCTG-1","slingPseudotime_1",1.18987483115301,"STOP","aucell_proliferating_score",0,"proliferating"
"GCGATAAGTAGCTTTAACAGTCTG-1","slingPseudotime_1",1.18987483115301,"STOP","aucell_naive_memory_score",0.528210526315789,"naive_memory"
"GCGATAAGTAGCTTTAACAGTCTG-1","slingPseudotime_1",1.18987483115301,"STOP","aucell_cytotoxic_score",0.391785150078989,"cytotoxic"
"GCGATAAGTAGCTTTAACAGTCTG-1","slingPseudotime_2",1.18328455520204,"STOP","aucell_exhausted_score",0,"exhausted"
"GCGATAAGTAGCTTTAACAGTCTG-1","slingPseudotime_2",1.18328455520204,"STOP","aucell_proliferating_score",0,"proliferating"
"GCGATAAGTAGCTTTAACAGTCTG-1","slingPseudotime_2",1.18328455520204,"STOP","aucell_naive_memory_score",0.528210526315789,"naive_memory"
"GCGATAAGTAGCTTTAACAGTCTG-1","slingPseudotime_2",1.18328455520204,"STOP","aucell_cytotoxic_score",0.391785150078989,"cytotoxic"
"GCGATAAGTAGCTTTAACAGTCTG-1","slingPseudotime_3",1.59688085485434,"STOP","aucell_exhausted_score",0,"exhausted"
"GCGATAAGTAGCTTTAACAGTCTG-1","slingPseudotime_3",1.59688085485434,"STOP","aucell_proliferating_score",0,"proliferating"
"GCGATAAGTAGCTTTAACAGTCTG-1","slingPseudotime_3",1.59688085485434,"STOP","aucell_naive_memory_score",0.528210526315789,"naive_memory"
"GCGATAAGTAGCTTTAACAGTCTG-1","slingPseudotime_3",1.59688085485434,"STOP","aucell_cytotoxic_score",0.391785150078989,"cytotoxic"
"GCGATAAGTAGCTTTAACAGTCTG-1","slingPseudotime_4",1.40299159245616,"STOP","aucell_exhausted_score",0,"exhausted"
"GCGATAAGTAGCTTTAACAGTCTG-1","slingPseudotime_4",1.40299159245616,"STOP","aucell_proliferating_score",0,"proliferating"
"GCGATAAGTAGCTTTAACAGTCTG-1","slingPseudotime_4",1.40299159245616,"STOP","aucell_naive_memory_score",0.528210526315789,"naive_memory"
"GCGATAAGTAGCTTTAACAGTCTG-1","slingPseudotime_4",1.40299159245616,"STOP","aucell_cytotoxic_score",0.391785150078989,"cytotoxic"
"GCGCACACATGTTTCAACAGTCTG-1","slingPseudotime_4",14.381827201805,"STOP","aucell_exhausted_score",0,"exhausted"
"GCGCACACATGTTTCAACAGTCTG-1","slingPseudotime_4",14.381827201805,"STOP","aucell_proliferating_score",0,"proliferating"
"GCGCACACATGTTTCAACAGTCTG-1","slingPseudotime_4",14.381827201805,"STOP","aucell_naive_memory_score",0,"naive_memory"
"GCGCACACATGTTTCAACAGTCTG-1","slingPseudotime_4",14.381827201805,"STOP","aucell_cytotoxic_score",0.31332280147446,"cytotoxic"
"GCGTTACTCCATGATTACAGTCTG-1","slingPseudotime_1",11.7320251620919,"STOP","aucell_exhausted_score",0.129190802176584,"exhausted"
"GCGTTACTCCATGATTACAGTCTG-1","slingPseudotime_1",11.7320251620919,"STOP","aucell_proliferating_score",0,"proliferating"
"GCGTTACTCCATGATTACAGTCTG-1","slingPseudotime_1",11.7320251620919,"STOP","aucell_naive_memory_score",0.474526315789474,"naive_memory"
"GCGTTACTCCATGATTACAGTCTG-1","slingPseudotime_1",11.7320251620919,"STOP","aucell_cytotoxic_score",0.276285764437423,"cytotoxic"
"GCGTTACTCCATGATTACAGTCTG-1","slingPseudotime_2",11.1660476928925,"STOP","aucell_exhausted_score",0.129190802176584,"exhausted"
"GCGTTACTCCATGATTACAGTCTG-1","slingPseudotime_2",11.1660476928925,"STOP","aucell_proliferating_score",0,"proliferating"
"GCGTTACTCCATGATTACAGTCTG-1","slingPseudotime_2",11.1660476928925,"STOP","aucell_naive_memory_score",0.474526315789474,"naive_memory"
"GCGTTACTCCATGATTACAGTCTG-1","slingPseudotime_2",11.1660476928925,"STOP","aucell_cytotoxic_score",0.276285764437423,"cytotoxic"
"GCGTTACTCCATGATTACAGTCTG-1","slingPseudotime_3",12.6416389089874,"STOP","aucell_exhausted_score",0.129190802176584,"exhausted"
"GCGTTACTCCATGATTACAGTCTG-1","slingPseudotime_3",12.6416389089874,"STOP","aucell_proliferating_score",0,"proliferating"
"GCGTTACTCCATGATTACAGTCTG-1","slingPseudotime_3",12.6416389089874,"STOP","aucell_naive_memory_score",0.474526315789474,"naive_memory"
"GCGTTACTCCATGATTACAGTCTG-1","slingPseudotime_3",12.6416389089874,"STOP","aucell_cytotoxic_score",0.276285764437423,"cytotoxic"
"GCGTTACTCCATGATTACAGTCTG-1","slingPseudotime_4",12.7795661300941,"STOP","aucell_exhausted_score",0.129190802176584,"exhausted"
"GCGTTACTCCATGATTACAGTCTG-1","slingPseudotime_4",12.7795661300941,"STOP","aucell_proliferating_score",0,"proliferating"
"GCGTTACTCCATGATTACAGTCTG-1","slingPseudotime_4",12.7795661300941,"STOP","aucell_naive_memory_score",0.474526315789474,"naive_memory"
"GCGTTACTCCATGATTACAGTCTG-1","slingPseudotime_4",12.7795661300941,"STOP","aucell_cytotoxic_score",0.276285764437423,"cytotoxic"
"GCGTTTGGTACGTCCAACAGTCTG-1","slingPseudotime_1",3.62393524776427,"STOP","aucell_exhausted_score",0.0150956643847639,"exhausted"
"GCGTTTGGTACGTCCAACAGTCTG-1","slingPseudotime_1",3.62393524776427,"STOP","aucell_proliferating_score",0,"proliferating"
"GCGTTTGGTACGTCCAACAGTCTG-1","slingPseudotime_1",3.62393524776427,"STOP","aucell_naive_memory_score",0.486315789473684,"naive_memory"
"GCGTTTGGTACGTCCAACAGTCTG-1","slingPseudotime_1",3.62393524776427,"STOP","aucell_cytotoxic_score",0,"cytotoxic"
"GCGTTTGGTACGTCCAACAGTCTG-1","slingPseudotime_2",3.65194623445505,"STOP","aucell_exhausted_score",0.0150956643847639,"exhausted"
"GCGTTTGGTACGTCCAACAGTCTG-1","slingPseudotime_2",3.65194623445505,"STOP","aucell_proliferating_score",0,"proliferating"
"GCGTTTGGTACGTCCAACAGTCTG-1","slingPseudotime_2",3.65194623445505,"STOP","aucell_naive_memory_score",0.486315789473684,"naive_memory"
"GCGTTTGGTACGTCCAACAGTCTG-1","slingPseudotime_2",3.65194623445505,"STOP","aucell_cytotoxic_score",0,"cytotoxic"
"GCGTTTGGTACGTCCAACAGTCTG-1","slingPseudotime_3",3.98993375354294,"STOP","aucell_exhausted_score",0.0150956643847639,"exhausted"
"GCGTTTGGTACGTCCAACAGTCTG-1","slingPseudotime_3",3.98993375354294,"STOP","aucell_proliferating_score",0,"proliferating"
"GCGTTTGGTACGTCCAACAGTCTG-1","slingPseudotime_3",3.98993375354294,"STOP","aucell_naive_memory_score",0.486315789473684,"naive_memory"
"GCGTTTGGTACGTCCAACAGTCTG-1","slingPseudotime_3",3.98993375354294,"STOP","aucell_cytotoxic_score",0,"cytotoxic"
"GCGTTTGGTACGTCCAACAGTCTG-1","slingPseudotime_4",3.82262191361017,"STOP","aucell_exhausted_score",0.0150956643847639,"exhausted"
"GCGTTTGGTACGTCCAACAGTCTG-1","slingPseudotime_4",3.82262191361017,"STOP","aucell_proliferating_score",0,"proliferating"
"GCGTTTGGTACGTCCAACAGTCTG-1","slingPseudotime_4",3.82262191361017,"STOP","aucell_naive_memory_score",0.486315789473684,"naive_memory"
"GCGTTTGGTACGTCCAACAGTCTG-1","slingPseudotime_4",3.82262191361017,"STOP","aucell_cytotoxic_score",0,"cytotoxic"
"GCTCCATAGCATTACTACAGTCTG-1","slingPseudotime_1",13.4519419787055,"STOP","aucell_exhausted_score",0.131297173951202,"exhausted"
"GCTCCATAGCATTACTACAGTCTG-1","slingPseudotime_1",13.4519419787055,"STOP","aucell_proliferating_score",0,"proliferating"
"GCTCCATAGCATTACTACAGTCTG-1","slingPseudotime_1",13.4519419787055,"STOP","aucell_naive_memory_score",0.04,"naive_memory"
"GCTCCATAGCATTACTACAGTCTG-1","slingPseudotime_1",13.4519419787055,"STOP","aucell_cytotoxic_score",0.149376865016675,"cytotoxic"
"GCTCCATAGCATTACTACAGTCTG-1","slingPseudotime_2",12.9170509430503,"STOP","aucell_exhausted_score",0.131297173951202,"exhausted"
"GCTCCATAGCATTACTACAGTCTG-1","slingPseudotime_2",12.9170509430503,"STOP","aucell_proliferating_score",0,"proliferating"
"GCTCCATAGCATTACTACAGTCTG-1","slingPseudotime_2",12.9170509430503,"STOP","aucell_naive_memory_score",0.04,"naive_memory"
"GCTCCATAGCATTACTACAGTCTG-1","slingPseudotime_2",12.9170509430503,"STOP","aucell_cytotoxic_score",0.149376865016675,"cytotoxic"
"GCTCCATAGCATTACTACAGTCTG-1","slingPseudotime_3",14.7603098506506,"STOP","aucell_exhausted_score",0.131297173951202,"exhausted"
"GCTCCATAGCATTACTACAGTCTG-1","slingPseudotime_3",14.7603098506506,"STOP","aucell_proliferating_score",0,"proliferating"
"GCTCCATAGCATTACTACAGTCTG-1","slingPseudotime_3",14.7603098506506,"STOP","aucell_naive_memory_score",0.04,"naive_memory"
"GCTCCATAGCATTACTACAGTCTG-1","slingPseudotime_3",14.7603098506506,"STOP","aucell_cytotoxic_score",0.149376865016675,"cytotoxic"
"GCTCCATAGCATTACTACAGTCTG-1","slingPseudotime_4",14.158370743786,"STOP","aucell_exhausted_score",0.131297173951202,"exhausted"
"GCTCCATAGCATTACTACAGTCTG-1","slingPseudotime_4",14.158370743786,"STOP","aucell_proliferating_score",0,"proliferating"
"GCTCCATAGCATTACTACAGTCTG-1","slingPseudotime_4",14.158370743786,"STOP","aucell_naive_memory_score",0.04,"naive_memory"
"GCTCCATAGCATTACTACAGTCTG-1","slingPseudotime_4",14.158370743786,"STOP","aucell_cytotoxic_score",0.149376865016675,"cytotoxic"
"GCTTAGGAGAAACTCAACAGTCTG-1","slingPseudotime_1",24.5640519866828,"STOP","aucell_exhausted_score",0.113393013866948,"exhausted"
"GCTTAGGAGAAACTCAACAGTCTG-1","slingPseudotime_1",24.5640519866828,"STOP","aucell_proliferating_score",0,"proliferating"
"GCTTAGGAGAAACTCAACAGTCTG-1","slingPseudotime_1",24.5640519866828,"STOP","aucell_naive_memory_score",0,"naive_memory"
"GCTTAGGAGAAACTCAACAGTCTG-1","slingPseudotime_1",24.5640519866828,"STOP","aucell_cytotoxic_score",0.141302439880639,"cytotoxic"
"GCTTAGGAGAAACTCAACAGTCTG-1","slingPseudotime_2",22.3543424971519,"STOP","aucell_exhausted_score",0.113393013866948,"exhausted"
"GCTTAGGAGAAACTCAACAGTCTG-1","slingPseudotime_2",22.3543424971519,"STOP","aucell_proliferating_score",0,"proliferating"
"GCTTAGGAGAAACTCAACAGTCTG-1","slingPseudotime_2",22.3543424971519,"STOP","aucell_naive_memory_score",0,"naive_memory"
"GCTTAGGAGAAACTCAACAGTCTG-1","slingPseudotime_2",22.3543424971519,"STOP","aucell_cytotoxic_score",0.141302439880639,"cytotoxic"
"GCTTGAACACTAGCGGACAGTCTG-1","slingPseudotime_1",23.6377086731687,"STOP","aucell_exhausted_score",0,"exhausted"
"GCTTGAACACTAGCGGACAGTCTG-1","slingPseudotime_1",23.6377086731687,"STOP","aucell_proliferating_score",0,"proliferating"
"GCTTGAACACTAGCGGACAGTCTG-1","slingPseudotime_1",23.6377086731687,"STOP","aucell_naive_memory_score",0,"naive_memory"
"GCTTGAACACTAGCGGACAGTCTG-1","slingPseudotime_1",23.6377086731687,"STOP","aucell_cytotoxic_score",0.458486922941899,"cytotoxic"
"GCTTGAACACTAGCGGACAGTCTG-1","slingPseudotime_2",22.2284414925815,"STOP","aucell_exhausted_score",0,"exhausted"
"GCTTGAACACTAGCGGACAGTCTG-1","slingPseudotime_2",22.2284414925815,"STOP","aucell_proliferating_score",0,"proliferating"
"GCTTGAACACTAGCGGACAGTCTG-1","slingPseudotime_2",22.2284414925815,"STOP","aucell_naive_memory_score",0,"naive_memory"
"GCTTGAACACTAGCGGACAGTCTG-1","slingPseudotime_2",22.2284414925815,"STOP","aucell_cytotoxic_score",0.458486922941899,"cytotoxic"
"GGAACAAAGGTGTCCTACAGTCTG-1","slingPseudotime_1",20.0052251599203,"STOP","aucell_exhausted_score",0.127962085308057,"exhausted"
"GGAACAAAGGTGTCCTACAGTCTG-1","slingPseudotime_1",20.0052251599203,"STOP","aucell_proliferating_score",0,"proliferating"
"GGAACAAAGGTGTCCTACAGTCTG-1","slingPseudotime_1",20.0052251599203,"STOP","aucell_naive_memory_score",0.142736842105263,"naive_memory"
"GGAACAAAGGTGTCCTACAGTCTG-1","slingPseudotime_1",20.0052251599203,"STOP","aucell_cytotoxic_score",0.730559943830086,"cytotoxic"
"GGAACAAAGGTGTCCTACAGTCTG-1","slingPseudotime_2",18.6406798865844,"STOP","aucell_exhausted_score",0.127962085308057,"exhausted"
"GGAACAAAGGTGTCCTACAGTCTG-1","slingPseudotime_2",18.6406798865844,"STOP","aucell_proliferating_score",0,"proliferating"
"GGAACAAAGGTGTCCTACAGTCTG-1","slingPseudotime_2",18.6406798865844,"STOP","aucell_naive_memory_score",0.142736842105263,"naive_memory"
"GGAACAAAGGTGTCCTACAGTCTG-1","slingPseudotime_2",18.6406798865844,"STOP","aucell_cytotoxic_score",0.730559943830086,"cytotoxic"
"GGAACAAAGGTGTCCTACAGTCTG-1","slingPseudotime_3",21.1240637554463,"STOP","aucell_exhausted_score",0.127962085308057,"exhausted"
"GGAACAAAGGTGTCCTACAGTCTG-1","slingPseudotime_3",21.1240637554463,"STOP","aucell_proliferating_score",0,"proliferating"
"GGAACAAAGGTGTCCTACAGTCTG-1","slingPseudotime_3",21.1240637554463,"STOP","aucell_naive_memory_score",0.142736842105263,"naive_memory"
"GGAACAAAGGTGTCCTACAGTCTG-1","slingPseudotime_3",21.1240637554463,"STOP","aucell_cytotoxic_score",0.730559943830086,"cytotoxic"
"GGAACAAAGGTGTCCTACAGTCTG-1","slingPseudotime_4",20.1146034207467,"STOP","aucell_exhausted_score",0.127962085308057,"exhausted"
"GGAACAAAGGTGTCCTACAGTCTG-1","slingPseudotime_4",20.1146034207467,"STOP","aucell_proliferating_score",0,"proliferating"
"GGAACAAAGGTGTCCTACAGTCTG-1","slingPseudotime_4",20.1146034207467,"STOP","aucell_naive_memory_score",0.142736842105263,"naive_memory"
"GGAACAAAGGTGTCCTACAGTCTG-1","slingPseudotime_4",20.1146034207467,"STOP","aucell_cytotoxic_score",0.730559943830086,"cytotoxic"
"GGCAACATCCATTAGTACAGTCTG-1","slingPseudotime_1",13.7781922477351,"STOP","aucell_exhausted_score",0.167105494119712,"exhausted"
"GGCAACATCCATTAGTACAGTCTG-1","slingPseudotime_1",13.7781922477351,"STOP","aucell_proliferating_score",0,"proliferating"
"GGCAACATCCATTAGTACAGTCTG-1","slingPseudotime_1",13.7781922477351,"STOP","aucell_naive_memory_score",0.0743157894736842,"naive_memory"
"GGCAACATCCATTAGTACAGTCTG-1","slingPseudotime_1",13.7781922477351,"STOP","aucell_cytotoxic_score",0.626294540986484,"cytotoxic"
"GGCAACATCCATTAGTACAGTCTG-1","slingPseudotime_2",13.5536816206711,"STOP","aucell_exhausted_score",0.167105494119712,"exhausted"
"GGCAACATCCATTAGTACAGTCTG-1","slingPseudotime_2",13.5536816206711,"STOP","aucell_proliferating_score",0,"proliferating"
"GGCAACATCCATTAGTACAGTCTG-1","slingPseudotime_2",13.5536816206711,"STOP","aucell_naive_memory_score",0.0743157894736842,"naive_memory"
"GGCAACATCCATTAGTACAGTCTG-1","slingPseudotime_2",13.5536816206711,"STOP","aucell_cytotoxic_score",0.626294540986484,"cytotoxic"
"GGCAACATCCATTAGTACAGTCTG-1","slingPseudotime_3",14.2053357037514,"STOP","aucell_exhausted_score",0.167105494119712,"exhausted"
"GGCAACATCCATTAGTACAGTCTG-1","slingPseudotime_3",14.2053357037514,"STOP","aucell_proliferating_score",0,"proliferating"
"GGCAACATCCATTAGTACAGTCTG-1","slingPseudotime_3",14.2053357037514,"STOP","aucell_naive_memory_score",0.0743157894736842,"naive_memory"
"GGCAACATCCATTAGTACAGTCTG-1","slingPseudotime_3",14.2053357037514,"STOP","aucell_cytotoxic_score",0.626294540986484,"cytotoxic"
"GGCAACATCCATTAGTACAGTCTG-1","slingPseudotime_4",13.8033817360218,"STOP","aucell_exhausted_score",0.167105494119712,"exhausted"
"GGCAACATCCATTAGTACAGTCTG-1","slingPseudotime_4",13.8033817360218,"STOP","aucell_proliferating_score",0,"proliferating"
"GGCAACATCCATTAGTACAGTCTG-1","slingPseudotime_4",13.8033817360218,"STOP","aucell_naive_memory_score",0.0743157894736842,"naive_memory"
"GGCAACATCCATTAGTACAGTCTG-1","slingPseudotime_4",13.8033817360218,"STOP","aucell_cytotoxic_score",0.626294540986484,"cytotoxic"
"GGCTGGTAGTTTACCGACAGTCTG-1","slingPseudotime_1",15.8746495662164,"STOP","aucell_exhausted_score",0,"exhausted"
"GGCTGGTAGTTTACCGACAGTCTG-1","slingPseudotime_1",15.8746495662164,"STOP","aucell_proliferating_score",0,"proliferating"
"GGCTGGTAGTTTACCGACAGTCTG-1","slingPseudotime_1",15.8746495662164,"STOP","aucell_naive_memory_score",0.250736842105263,"naive_memory"
"GGCTGGTAGTTTACCGACAGTCTG-1","slingPseudotime_1",15.8746495662164,"STOP","aucell_cytotoxic_score",0,"cytotoxic"
"GGCTGGTAGTTTACCGACAGTCTG-1","slingPseudotime_2",14.9907071164877,"STOP","aucell_exhausted_score",0,"exhausted"
"GGCTGGTAGTTTACCGACAGTCTG-1","slingPseudotime_2",14.9907071164877,"STOP","aucell_proliferating_score",0,"proliferating"
"GGCTGGTAGTTTACCGACAGTCTG-1","slingPseudotime_2",14.9907071164877,"STOP","aucell_naive_memory_score",0.250736842105263,"naive_memory"
"GGCTGGTAGTTTACCGACAGTCTG-1","slingPseudotime_2",14.9907071164877,"STOP","aucell_cytotoxic_score",0,"cytotoxic"
"GGCTGGTAGTTTACCGACAGTCTG-1","slingPseudotime_3",19.8505377617813,"STOP","aucell_exhausted_score",0,"exhausted"
"GGCTGGTAGTTTACCGACAGTCTG-1","slingPseudotime_3",19.8505377617813,"STOP","aucell_proliferating_score",0,"proliferating"
"GGCTGGTAGTTTACCGACAGTCTG-1","slingPseudotime_3",19.8505377617813,"STOP","aucell_naive_memory_score",0.250736842105263,"naive_memory"
"GGCTGGTAGTTTACCGACAGTCTG-1","slingPseudotime_3",19.8505377617813,"STOP","aucell_cytotoxic_score",0,"cytotoxic"
"GGCTGGTAGTTTACCGACAGTCTG-1","slingPseudotime_4",19.9436724623685,"STOP","aucell_exhausted_score",0,"exhausted"
"GGCTGGTAGTTTACCGACAGTCTG-1","slingPseudotime_4",19.9436724623685,"STOP","aucell_proliferating_score",0,"proliferating"
"GGCTGGTAGTTTACCGACAGTCTG-1","slingPseudotime_4",19.9436724623685,"STOP","aucell_naive_memory_score",0.250736842105263,"naive_memory"
"GGCTGGTAGTTTACCGACAGTCTG-1","slingPseudotime_4",19.9436724623685,"STOP","aucell_cytotoxic_score",0,"cytotoxic"
"GGTTAATCATTCAGGAACAGTCTG-1","slingPseudotime_1",3.40541431715818,"STOP","aucell_exhausted_score",0.0949622608390381,"exhausted"
"GGTTAATCATTCAGGAACAGTCTG-1","slingPseudotime_1",3.40541431715818,"STOP","aucell_proliferating_score",0,"proliferating"
"GGTTAATCATTCAGGAACAGTCTG-1","slingPseudotime_1",3.40541431715818,"STOP","aucell_naive_memory_score",0.342105263157895,"naive_memory"
"GGTTAATCATTCAGGAACAGTCTG-1","slingPseudotime_1",3.40541431715818,"STOP","aucell_cytotoxic_score",0,"cytotoxic"
"GGTTAATCATTCAGGAACAGTCTG-1","slingPseudotime_2",3.37562382578742,"STOP","aucell_exhausted_score",0.0949622608390381,"exhausted"
"GGTTAATCATTCAGGAACAGTCTG-1","slingPseudotime_2",3.37562382578742,"STOP","aucell_proliferating_score",0,"proliferating"
"GGTTAATCATTCAGGAACAGTCTG-1","slingPseudotime_2",3.37562382578742,"STOP","aucell_naive_memory_score",0.342105263157895,"naive_memory"
"GGTTAATCATTCAGGAACAGTCTG-1","slingPseudotime_2",3.37562382578742,"STOP","aucell_cytotoxic_score",0,"cytotoxic"
"GGTTAATCATTCAGGAACAGTCTG-1","slingPseudotime_3",3.80100340900311,"STOP","aucell_exhausted_score",0.0949622608390381,"exhausted"
"GGTTAATCATTCAGGAACAGTCTG-1","slingPseudotime_3",3.80100340900311,"STOP","aucell_proliferating_score",0,"proliferating"
"GGTTAATCATTCAGGAACAGTCTG-1","slingPseudotime_3",3.80100340900311,"STOP","aucell_naive_memory_score",0.342105263157895,"naive_memory"
"GGTTAATCATTCAGGAACAGTCTG-1","slingPseudotime_3",3.80100340900311,"STOP","aucell_cytotoxic_score",0,"cytotoxic"
"GGTTAATCATTCAGGAACAGTCTG-1","slingPseudotime_4",3.62246029729098,"STOP","aucell_exhausted_score",0.0949622608390381,"exhausted"
"GGTTAATCATTCAGGAACAGTCTG-1","slingPseudotime_4",3.62246029729098,"STOP","aucell_proliferating_score",0,"proliferating"
"GGTTAATCATTCAGGAACAGTCTG-1","slingPseudotime_4",3.62246029729098,"STOP","aucell_naive_memory_score",0.342105263157895,"naive_memory"
"GGTTAATCATTCAGGAACAGTCTG-1","slingPseudotime_4",3.62246029729098,"STOP","aucell_cytotoxic_score",0,"cytotoxic"
"GTCCCTGAGCGATAACACAGTCTG-1","slingPseudotime_1",18.7236683437643,"STOP","aucell_exhausted_score",0.323503598385115,"exhausted"
"GTCCCTGAGCGATAACACAGTCTG-1","slingPseudotime_1",18.7236683437643,"STOP","aucell_proliferating_score",0,"proliferating"
"GTCCCTGAGCGATAACACAGTCTG-1","slingPseudotime_1",18.7236683437643,"STOP","aucell_naive_memory_score",0.0583157894736842,"naive_memory"
"GTCCCTGAGCGATAACACAGTCTG-1","slingPseudotime_1",18.7236683437643,"STOP","aucell_cytotoxic_score",0.562225732841847,"cytotoxic"
"GTCCCTGAGCGATAACACAGTCTG-1","slingPseudotime_2",17.6970445953796,"STOP","aucell_exhausted_score",0.323503598385115,"exhausted"
"GTCCCTGAGCGATAACACAGTCTG-1","slingPseudotime_2",17.6970445953796,"STOP","aucell_proliferating_score",0,"proliferating"
"GTCCCTGAGCGATAACACAGTCTG-1","slingPseudotime_2",17.6970445953796,"STOP","aucell_naive_memory_score",0.0583157894736842,"naive_memory"
"GTCCCTGAGCGATAACACAGTCTG-1","slingPseudotime_2",17.6970445953796,"STOP","aucell_cytotoxic_score",0.562225732841847,"cytotoxic"
"GTCCCTGAGCGATAACACAGTCTG-1","slingPseudotime_3",21.7425793290116,"STOP","aucell_exhausted_score",0.323503598385115,"exhausted"
"GTCCCTGAGCGATAACACAGTCTG-1","slingPseudotime_3",21.7425793290116,"STOP","aucell_proliferating_score",0,"proliferating"
"GTCCCTGAGCGATAACACAGTCTG-1","slingPseudotime_3",21.7425793290116,"STOP","aucell_naive_memory_score",0.0583157894736842,"naive_memory"
"GTCCCTGAGCGATAACACAGTCTG-1","slingPseudotime_3",21.7425793290116,"STOP","aucell_cytotoxic_score",0.562225732841847,"cytotoxic"
"GTCCCTGAGCGATAACACAGTCTG-1","slingPseudotime_4",20.375691321784,"STOP","aucell_exhausted_score",0.323503598385115,"exhausted"
"GTCCCTGAGCGATAACACAGTCTG-1","slingPseudotime_4",20.375691321784,"STOP","aucell_proliferating_score",0,"proliferating"
"GTCCCTGAGCGATAACACAGTCTG-1","slingPseudotime_4",20.375691321784,"STOP","aucell_naive_memory_score",0.0583157894736842,"naive_memory"
"GTCCCTGAGCGATAACACAGTCTG-1","slingPseudotime_4",20.375691321784,"STOP","aucell_cytotoxic_score",0.562225732841847,"cytotoxic"
"GTCCTGAGTTAGCGGGACAGTCTG-1","slingPseudotime_1",22.3677797920558,"STOP","aucell_exhausted_score",0,"exhausted"
"GTCCTGAGTTAGCGGGACAGTCTG-1","slingPseudotime_1",22.3677797920558,"STOP","aucell_proliferating_score",0,"proliferating"
"GTCCTGAGTTAGCGGGACAGTCTG-1","slingPseudotime_1",22.3677797920558,"STOP","aucell_naive_memory_score",0.102526315789474,"naive_memory"
"GTCCTGAGTTAGCGGGACAGTCTG-1","slingPseudotime_1",22.3677797920558,"STOP","aucell_cytotoxic_score",0.238722134456732,"cytotoxic"
"GTCCTGAGTTAGCGGGACAGTCTG-1","slingPseudotime_2",20.6346682862287,"STOP","aucell_exhausted_score",0,"exhausted"
"GTCCTGAGTTAGCGGGACAGTCTG-1","slingPseudotime_2",20.6346682862287,"STOP","aucell_proliferating_score",0,"proliferating"
"GTCCTGAGTTAGCGGGACAGTCTG-1","slingPseudotime_2",20.6346682862287,"STOP","aucell_naive_memory_score",0.102526315789474,"naive_memory"
"GTCCTGAGTTAGCGGGACAGTCTG-1","slingPseudotime_2",20.6346682862287,"STOP","aucell_cytotoxic_score",0.238722134456732,"cytotoxic"
"GTGGCGAGTATTCGACACAGTCTG-1","slingPseudotime_1",20.0095751810567,"STOP","aucell_exhausted_score",0.112866420923293,"exhausted"
"GTGGCGAGTATTCGACACAGTCTG-1","slingPseudotime_1",20.0095751810567,"STOP","aucell_proliferating_score",0,"proliferating"
"GTGGCGAGTATTCGACACAGTCTG-1","slingPseudotime_1",20.0095751810567,"STOP","aucell_naive_memory_score",0,"naive_memory"
"GTGGCGAGTATTCGACACAGTCTG-1","slingPseudotime_1",20.0095751810567,"STOP","aucell_cytotoxic_score",0.490784623486045,"cytotoxic"
"GTGGCGAGTATTCGACACAGTCTG-1","slingPseudotime_2",19.0326154175148,"STOP","aucell_exhausted_score",0.112866420923293,"exhausted"
"GTGGCGAGTATTCGACACAGTCTG-1","slingPseudotime_2",19.0326154175148,"STOP","aucell_proliferating_score",0,"proliferating"
"GTGGCGAGTATTCGACACAGTCTG-1","slingPseudotime_2",19.0326154175148,"STOP","aucell_naive_memory_score",0,"naive_memory"
"GTGGCGAGTATTCGACACAGTCTG-1","slingPseudotime_2",19.0326154175148,"STOP","aucell_cytotoxic_score",0.490784623486045,"cytotoxic"
"GTGGCGAGTATTCGACACAGTCTG-1","slingPseudotime_3",21.1240637554463,"STOP","aucell_exhausted_score",0.112866420923293,"exhausted"
"GTGGCGAGTATTCGACACAGTCTG-1","slingPseudotime_3",21.1240637554463,"STOP","aucell_proliferating_score",0,"proliferating"
"GTGGCGAGTATTCGACACAGTCTG-1","slingPseudotime_3",21.1240637554463,"STOP","aucell_naive_memory_score",0,"naive_memory"
"GTGGCGAGTATTCGACACAGTCTG-1","slingPseudotime_3",21.1240637554463,"STOP","aucell_cytotoxic_score",0.490784623486045,"cytotoxic"
"GTGGCGAGTATTCGACACAGTCTG-1","slingPseudotime_4",20.1146034207467,"STOP","aucell_exhausted_score",0.112866420923293,"exhausted"
"GTGGCGAGTATTCGACACAGTCTG-1","slingPseudotime_4",20.1146034207467,"STOP","aucell_proliferating_score",0,"proliferating"
"GTGGCGAGTATTCGACACAGTCTG-1","slingPseudotime_4",20.1146034207467,"STOP","aucell_naive_memory_score",0,"naive_memory"
"GTGGCGAGTATTCGACACAGTCTG-1","slingPseudotime_4",20.1146034207467,"STOP","aucell_cytotoxic_score",0.490784623486045,"cytotoxic"
"GTTATCTAGGGATTTAACAGTCTG-1","slingPseudotime_1",0.508818216974038,"STOP","aucell_exhausted_score",0,"exhausted"
"GTTATCTAGGGATTTAACAGTCTG-1","slingPseudotime_1",0.508818216974038,"STOP","aucell_proliferating_score",0,"proliferating"
"GTTATCTAGGGATTTAACAGTCTG-1","slingPseudotime_1",0.508818216974038,"STOP","aucell_naive_memory_score",0.0231578947368421,"naive_memory"
"GTTATCTAGGGATTTAACAGTCTG-1","slingPseudotime_1",0.508818216974038,"STOP","aucell_cytotoxic_score",0,"cytotoxic"
"GTTATCTAGGGATTTAACAGTCTG-1","slingPseudotime_2",0.50860360356518,"STOP","aucell_exhausted_score",0,"exhausted"
"GTTATCTAGGGATTTAACAGTCTG-1","slingPseudotime_2",0.50860360356518,"STOP","aucell_proliferating_score",0,"proliferating"
"GTTATCTAGGGATTTAACAGTCTG-1","slingPseudotime_2",0.50860360356518,"STOP","aucell_naive_memory_score",0.0231578947368421,"naive_memory"
"GTTATCTAGGGATTTAACAGTCTG-1","slingPseudotime_2",0.50860360356518,"STOP","aucell_cytotoxic_score",0,"cytotoxic"
"GTTATCTAGGGATTTAACAGTCTG-1","slingPseudotime_3",0.924389587467456,"STOP","aucell_exhausted_score",0,"exhausted"
"GTTATCTAGGGATTTAACAGTCTG-1","slingPseudotime_3",0.924389587467456,"STOP","aucell_proliferating_score",0,"proliferating"
"GTTATCTAGGGATTTAACAGTCTG-1","slingPseudotime_3",0.924389587467456,"STOP","aucell_naive_memory_score",0.0231578947368421,"naive_memory"
"GTTATCTAGGGATTTAACAGTCTG-1","slingPseudotime_3",0.924389587467456,"STOP","aucell_cytotoxic_score",0,"cytotoxic"
"GTTATCTAGGGATTTAACAGTCTG-1","slingPseudotime_4",0.731318475065058,"STOP","aucell_exhausted_score",0,"exhausted"
"GTTATCTAGGGATTTAACAGTCTG-1","slingPseudotime_4",0.731318475065058,"STOP","aucell_proliferating_score",0,"proliferating"
"GTTATCTAGGGATTTAACAGTCTG-1","slingPseudotime_4",0.731318475065058,"STOP","aucell_naive_memory_score",0.0231578947368421,"naive_memory"
"GTTATCTAGGGATTTAACAGTCTG-1","slingPseudotime_4",0.731318475065058,"STOP","aucell_cytotoxic_score",0,"cytotoxic"
"GTTGAGGTCTCCATCTACAGTCTG-1","slingPseudotime_4",28.4304510876984,"STOP","aucell_exhausted_score",0.13831841319993,"exhausted"
"GTTGAGGTCTCCATCTACAGTCTG-1","slingPseudotime_4",28.4304510876984,"STOP","aucell_proliferating_score",0,"proliferating"
"GTTGAGGTCTCCATCTACAGTCTG-1","slingPseudotime_4",28.4304510876984,"STOP","aucell_naive_memory_score",0,"naive_memory"
"GTTGAGGTCTCCATCTACAGTCTG-1","slingPseudotime_4",28.4304510876984,"STOP","aucell_cytotoxic_score",0.164648060382658,"cytotoxic"
"TAACACGCATCGTTCGACAGTCTG-1","slingPseudotime_1",10.1678496852687,"STOP","aucell_exhausted_score",0,"exhausted"
"TAACACGCATCGTTCGACAGTCTG-1","slingPseudotime_1",10.1678496852687,"STOP","aucell_proliferating_score",0,"proliferating"
"TAACACGCATCGTTCGACAGTCTG-1","slingPseudotime_1",10.1678496852687,"STOP","aucell_naive_memory_score",0.0218947368421053,"naive_memory"
"TAACACGCATCGTTCGACAGTCTG-1","slingPseudotime_1",10.1678496852687,"STOP","aucell_cytotoxic_score",0.32596103212217,"cytotoxic"
"TAACACGCATCGTTCGACAGTCTG-1","slingPseudotime_2",10.1013587939003,"STOP","aucell_exhausted_score",0,"exhausted"
"TAACACGCATCGTTCGACAGTCTG-1","slingPseudotime_2",10.1013587939003,"STOP","aucell_proliferating_score",0,"proliferating"
"TAACACGCATCGTTCGACAGTCTG-1","slingPseudotime_2",10.1013587939003,"STOP","aucell_naive_memory_score",0.0218947368421053,"naive_memory"
"TAACACGCATCGTTCGACAGTCTG-1","slingPseudotime_2",10.1013587939003,"STOP","aucell_cytotoxic_score",0.32596103212217,"cytotoxic"
"TAACACGCATCGTTCGACAGTCTG-1","slingPseudotime_3",10.7250968892056,"STOP","aucell_exhausted_score",0,"exhausted"
"TAACACGCATCGTTCGACAGTCTG-1","slingPseudotime_3",10.7250968892056,"STOP","aucell_proliferating_score",0,"proliferating"
"TAACACGCATCGTTCGACAGTCTG-1","slingPseudotime_3",10.7250968892056,"STOP","aucell_naive_memory_score",0.0218947368421053,"naive_memory"
"TAACACGCATCGTTCGACAGTCTG-1","slingPseudotime_3",10.7250968892056,"STOP","aucell_cytotoxic_score",0.32596103212217,"cytotoxic"
"TAACACGCATCGTTCGACAGTCTG-1","slingPseudotime_4",10.5531724132923,"STOP","aucell_exhausted_score",0,"exhausted"
"TAACACGCATCGTTCGACAGTCTG-1","slingPseudotime_4",10.5531724132923,"STOP","aucell_proliferating_score",0,"proliferating"
"TAACACGCATCGTTCGACAGTCTG-1","slingPseudotime_4",10.5531724132923,"STOP","aucell_naive_memory_score",0.0218947368421053,"naive_memory"
"TAACACGCATCGTTCGACAGTCTG-1","slingPseudotime_4",10.5531724132923,"STOP","aucell_cytotoxic_score",0.32596103212217,"cytotoxic"
"TAACGTTTCAACATTCACAGTCTG-1","slingPseudotime_1",18.402924802856,"STOP","aucell_exhausted_score",0.160786378795857,"exhausted"
"TAACGTTTCAACATTCACAGTCTG-1","slingPseudotime_1",18.402924802856,"STOP","aucell_proliferating_score",0,"proliferating"
"TAACGTTTCAACATTCACAGTCTG-1","slingPseudotime_1",18.402924802856,"STOP","aucell_naive_memory_score",0.0633684210526316,"naive_memory"
"TAACGTTTCAACATTCACAGTCTG-1","slingPseudotime_1",18.402924802856,"STOP","aucell_cytotoxic_score",0.164121467439003,"cytotoxic"
"TAACGTTTCAACATTCACAGTCTG-1","slingPseudotime_2",17.4026236549854,"STOP","aucell_exhausted_score",0.160786378795857,"exhausted"
"TAACGTTTCAACATTCACAGTCTG-1","slingPseudotime_2",17.4026236549854,"STOP","aucell_proliferating_score",0,"proliferating"
"TAACGTTTCAACATTCACAGTCTG-1","slingPseudotime_2",17.4026236549854,"STOP","aucell_naive_memory_score",0.0633684210526316,"naive_memory"
"TAACGTTTCAACATTCACAGTCTG-1","slingPseudotime_2",17.4026236549854,"STOP","aucell_cytotoxic_score",0.164121467439003,"cytotoxic"
"TACAATGAGTTAGGCGACAGTCTG-1","slingPseudotime_1",20.0490757508009,"STOP","aucell_exhausted_score",0.086361242759347,"exhausted"
"TACAATGAGTTAGGCGACAGTCTG-1","slingPseudotime_1",20.0490757508009,"STOP","aucell_proliferating_score",0,"proliferating"
"TACAATGAGTTAGGCGACAGTCTG-1","slingPseudotime_1",20.0490757508009,"STOP","aucell_naive_memory_score",0.0797894736842105,"naive_memory"
"TACAATGAGTTAGGCGACAGTCTG-1","slingPseudotime_1",20.0490757508009,"STOP","aucell_cytotoxic_score",0.165876777251185,"cytotoxic"
"TACAATGAGTTAGGCGACAGTCTG-1","slingPseudotime_2",18.7183763835101,"STOP","aucell_exhausted_score",0.086361242759347,"exhausted"
"TACAATGAGTTAGGCGACAGTCTG-1","slingPseudotime_2",18.7183763835101,"STOP","aucell_proliferating_score",0,"proliferating"
"TACAATGAGTTAGGCGACAGTCTG-1","slingPseudotime_2",18.7183763835101,"STOP","aucell_naive_memory_score",0.0797894736842105,"naive_memory"
"TACAATGAGTTAGGCGACAGTCTG-1","slingPseudotime_2",18.7183763835101,"STOP","aucell_cytotoxic_score",0.165876777251185,"cytotoxic"
"TACCGAACAACAGGGAACAGTCTG-1","slingPseudotime_1",11.2187681330263,"STOP","aucell_exhausted_score",0,"exhausted"
"TACCGAACAACAGGGAACAGTCTG-1","slingPseudotime_1",11.2187681330263,"STOP","aucell_proliferating_score",0,"proliferating"
"TACCGAACAACAGGGAACAGTCTG-1","slingPseudotime_1",11.2187681330263,"STOP","aucell_naive_memory_score",0.0505263157894737,"naive_memory"
"TACCGAACAACAGGGAACAGTCTG-1","slingPseudotime_1",11.2187681330263,"STOP","aucell_cytotoxic_score",0.277514481305951,"cytotoxic"
"TACCGAACAACAGGGAACAGTCTG-1","slingPseudotime_2",11.1039443961678,"STOP","aucell_exhausted_score",0,"exhausted"
"TACCGAACAACAGGGAACAGTCTG-1","slingPseudotime_2",11.1039443961678,"STOP","aucell_proliferating_score",0,"proliferating"
"TACCGAACAACAGGGAACAGTCTG-1","slingPseudotime_2",11.1039443961678,"STOP","aucell_naive_memory_score",0.0505263157894737,"naive_memory"
"TACCGAACAACAGGGAACAGTCTG-1","slingPseudotime_2",11.1039443961678,"STOP","aucell_cytotoxic_score",0.277514481305951,"cytotoxic"
"TACCGAACAACAGGGAACAGTCTG-1","slingPseudotime_3",11.8490395489372,"STOP","aucell_exhausted_score",0,"exhausted"
"TACCGAACAACAGGGAACAGTCTG-1","slingPseudotime_3",11.8490395489372,"STOP","aucell_proliferating_score",0,"proliferating"
"TACCGAACAACAGGGAACAGTCTG-1","slingPseudotime_3",11.8490395489372,"STOP","aucell_naive_memory_score",0.0505263157894737,"naive_memory"
"TACCGAACAACAGGGAACAGTCTG-1","slingPseudotime_3",11.8490395489372,"STOP","aucell_cytotoxic_score",0.277514481305951,"cytotoxic"
"TACCGAACAACAGGGAACAGTCTG-1","slingPseudotime_4",11.6330928759993,"STOP","aucell_exhausted_score",0,"exhausted"
"TACCGAACAACAGGGAACAGTCTG-1","slingPseudotime_4",11.6330928759993,"STOP","aucell_proliferating_score",0,"proliferating"
"TACCGAACAACAGGGAACAGTCTG-1","slingPseudotime_4",11.6330928759993,"STOP","aucell_naive_memory_score",0.0505263157894737,"naive_memory"
"TACCGAACAACAGGGAACAGTCTG-1","slingPseudotime_4",11.6330928759993,"STOP","aucell_cytotoxic_score",0.277514481305951,"cytotoxic"
"TACCTGCAGTTTGGTTACAGTCTG-1","slingPseudotime_1",16.6550905246691,"STOP","aucell_exhausted_score",0,"exhausted"
"TACCTGCAGTTTGGTTACAGTCTG-1","slingPseudotime_1",16.6550905246691,"STOP","aucell_proliferating_score",0,"proliferating"
"TACCTGCAGTTTGGTTACAGTCTG-1","slingPseudotime_1",16.6550905246691,"STOP","aucell_naive_memory_score",0,"naive_memory"
"TACCTGCAGTTTGGTTACAGTCTG-1","slingPseudotime_1",16.6550905246691,"STOP","aucell_cytotoxic_score",0.163594874495348,"cytotoxic"
"TACCTGCAGTTTGGTTACAGTCTG-1","slingPseudotime_2",15.7512618879517,"STOP","aucell_exhausted_score",0,"exhausted"
"TACCTGCAGTTTGGTTACAGTCTG-1","slingPseudotime_2",15.7512618879517,"STOP","aucell_proliferating_score",0,"proliferating"
"TACCTGCAGTTTGGTTACAGTCTG-1","slingPseudotime_2",15.7512618879517,"STOP","aucell_naive_memory_score",0,"naive_memory"
"TACCTGCAGTTTGGTTACAGTCTG-1","slingPseudotime_2",15.7512618879517,"STOP","aucell_cytotoxic_score",0.163594874495348,"cytotoxic"
"TACCTGCAGTTTGGTTACAGTCTG-1","slingPseudotime_3",19.7811060639004,"STOP","aucell_exhausted_score",0,"exhausted"
"TACCTGCAGTTTGGTTACAGTCTG-1","slingPseudotime_3",19.7811060639004,"STOP","aucell_proliferating_score",0,"proliferating"
"TACCTGCAGTTTGGTTACAGTCTG-1","slingPseudotime_3",19.7811060639004,"STOP","aucell_naive_memory_score",0,"naive_memory"
"TACCTGCAGTTTGGTTACAGTCTG-1","slingPseudotime_3",19.7811060639004,"STOP","aucell_cytotoxic_score",0.163594874495348,"cytotoxic"
"TACCTGCAGTTTGGTTACAGTCTG-1","slingPseudotime_4",19.6613181017867,"STOP","aucell_exhausted_score",0,"exhausted"
"TACCTGCAGTTTGGTTACAGTCTG-1","slingPseudotime_4",19.6613181017867,"STOP","aucell_proliferating_score",0,"proliferating"
"TACCTGCAGTTTGGTTACAGTCTG-1","slingPseudotime_4",19.6613181017867,"STOP","aucell_naive_memory_score",0,"naive_memory"
"TACCTGCAGTTTGGTTACAGTCTG-1","slingPseudotime_4",19.6613181017867,"STOP","aucell_cytotoxic_score",0.163594874495348,"cytotoxic"
"TAGTGCACAGGCTAACACAGTCTG-1","slingPseudotime_4",32.4581729847866,"STOP","aucell_exhausted_score",0.198701070738985,"exhausted"
"TAGTGCACAGGCTAACACAGTCTG-1","slingPseudotime_4",32.4581729847866,"STOP","aucell_proliferating_score",0,"proliferating"
"TAGTGCACAGGCTAACACAGTCTG-1","slingPseudotime_4",32.4581729847866,"STOP","aucell_naive_memory_score",0.129684210526316,"naive_memory"
"TAGTGCACAGGCTAACACAGTCTG-1","slingPseudotime_4",32.4581729847866,"STOP","aucell_cytotoxic_score",0.651571002281903,"cytotoxic"
"TATGAGGGTATTACCAACAGTCTG-1","slingPseudotime_1",11.3984489722556,"STOP","aucell_exhausted_score",0.0675794277690012,"exhausted"
"TATGAGGGTATTACCAACAGTCTG-1","slingPseudotime_1",11.3984489722556,"STOP","aucell_proliferating_score",0,"proliferating"
"TATGAGGGTATTACCAACAGTCTG-1","slingPseudotime_1",11.3984489722556,"STOP","aucell_naive_memory_score",0.107789473684211,"naive_memory"
"TATGAGGGTATTACCAACAGTCTG-1","slingPseudotime_1",11.3984489722556,"STOP","aucell_cytotoxic_score",0.687379322450412,"cytotoxic"
"TATGAGGGTATTACCAACAGTCTG-1","slingPseudotime_2",11.1105346043573,"STOP","aucell_exhausted_score",0.0675794277690012,"exhausted"
"TATGAGGGTATTACCAACAGTCTG-1","slingPseudotime_2",11.1105346043573,"STOP","aucell_proliferating_score",0,"proliferating"
"TATGAGGGTATTACCAACAGTCTG-1","slingPseudotime_2",11.1105346043573,"STOP","aucell_naive_memory_score",0.107789473684211,"naive_memory"
"TATGAGGGTATTACCAACAGTCTG-1","slingPseudotime_2",11.1105346043573,"STOP","aucell_cytotoxic_score",0.687379322450412,"cytotoxic"
"TATGAGGGTATTACCAACAGTCTG-1","slingPseudotime_3",12.1240369665041,"STOP","aucell_exhausted_score",0.0675794277690012,"exhausted"
"TATGAGGGTATTACCAACAGTCTG-1","slingPseudotime_3",12.1240369665041,"STOP","aucell_proliferating_score",0,"proliferating"
"TATGAGGGTATTACCAACAGTCTG-1","slingPseudotime_3",12.1240369665041,"STOP","aucell_naive_memory_score",0.107789473684211,"naive_memory"
"TATGAGGGTATTACCAACAGTCTG-1","slingPseudotime_3",12.1240369665041,"STOP","aucell_cytotoxic_score",0.687379322450412,"cytotoxic"
"TATGAGGGTATTACCAACAGTCTG-1","slingPseudotime_4",12.1139607011816,"STOP","aucell_exhausted_score",0.0675794277690012,"exhausted"
"TATGAGGGTATTACCAACAGTCTG-1","slingPseudotime_4",12.1139607011816,"STOP","aucell_proliferating_score",0,"proliferating"
"TATGAGGGTATTACCAACAGTCTG-1","slingPseudotime_4",12.1139607011816,"STOP","aucell_naive_memory_score",0.107789473684211,"naive_memory"
"TATGAGGGTATTACCAACAGTCTG-1","slingPseudotime_4",12.1139607011816,"STOP","aucell_cytotoxic_score",0.687379322450412,"cytotoxic"
"TATTCCTGTTTAGTTGACAGTCTG-1","slingPseudotime_1",10.9978021693121,"STOP","aucell_exhausted_score",0.162892750570476,"exhausted"
"TATTCCTGTTTAGTTGACAGTCTG-1","slingPseudotime_1",10.9978021693121,"STOP","aucell_proliferating_score",0,"proliferating"
"TATTCCTGTTTAGTTGACAGTCTG-1","slingPseudotime_1",10.9978021693121,"STOP","aucell_naive_memory_score",0,"naive_memory"
"TATTCCTGTTTAGTTGACAGTCTG-1","slingPseudotime_1",10.9978021693121,"STOP","aucell_cytotoxic_score",0.58416710549412,"cytotoxic"
"TATTCCTGTTTAGTTGACAGTCTG-1","slingPseudotime_2",10.9975930379659,"STOP","aucell_exhausted_score",0.162892750570476,"exhausted"
"TATTCCTGTTTAGTTGACAGTCTG-1","slingPseudotime_2",10.9975930379659,"STOP","aucell_proliferating_score",0,"proliferating"
"TATTCCTGTTTAGTTGACAGTCTG-1","slingPseudotime_2",10.9975930379659,"STOP","aucell_naive_memory_score",0,"naive_memory"
"TATTCCTGTTTAGTTGACAGTCTG-1","slingPseudotime_2",10.9975930379659,"STOP","aucell_cytotoxic_score",0.58416710549412,"cytotoxic"
"TATTCCTGTTTAGTTGACAGTCTG-1","slingPseudotime_3",11.3859756936007,"STOP","aucell_exhausted_score",0.162892750570476,"exhausted"
"TATTCCTGTTTAGTTGACAGTCTG-1","slingPseudotime_3",11.3859756936007,"STOP","aucell_proliferating_score",0,"proliferating"
"TATTCCTGTTTAGTTGACAGTCTG-1","slingPseudotime_3",11.3859756936007,"STOP","aucell_naive_memory_score",0,"naive_memory"
"TATTCCTGTTTAGTTGACAGTCTG-1","slingPseudotime_3",11.3859756936007,"STOP","aucell_cytotoxic_score",0.58416710549412,"cytotoxic"
"TATTCCTGTTTAGTTGACAGTCTG-1","slingPseudotime_4",11.1367266131512,"STOP","aucell_exhausted_score",0.162892750570476,"exhausted"
"TATTCCTGTTTAGTTGACAGTCTG-1","slingPseudotime_4",11.1367266131512,"STOP","aucell_proliferating_score",0,"proliferating"
"TATTCCTGTTTAGTTGACAGTCTG-1","slingPseudotime_4",11.1367266131512,"STOP","aucell_naive_memory_score",0,"naive_memory"
"TATTCCTGTTTAGTTGACAGTCTG-1","slingPseudotime_4",11.1367266131512,"STOP","aucell_cytotoxic_score",0.58416710549412,"cytotoxic"
"TCAACAAAGGTATAGCACAGTCTG-1","slingPseudotime_1",13.9517916398392,"STOP","aucell_exhausted_score",0.14411093558013,"exhausted"
"TCAACAAAGGTATAGCACAGTCTG-1","slingPseudotime_1",13.9517916398392,"STOP","aucell_proliferating_score",0.0250526315789474,"proliferating"
"TCAACAAAGGTATAGCACAGTCTG-1","slingPseudotime_1",13.9517916398392,"STOP","aucell_naive_memory_score",0,"naive_memory"
"TCAACAAAGGTATAGCACAGTCTG-1","slingPseudotime_1",13.9517916398392,"STOP","aucell_cytotoxic_score",0.174477795330876,"cytotoxic"
"TCAACAAAGGTATAGCACAGTCTG-1","slingPseudotime_2",13.3789626951945,"STOP","aucell_exhausted_score",0.14411093558013,"exhausted"
"TCAACAAAGGTATAGCACAGTCTG-1","slingPseudotime_2",13.3789626951945,"STOP","aucell_proliferating_score",0.0250526315789474,"proliferating"
"TCAACAAAGGTATAGCACAGTCTG-1","slingPseudotime_2",13.3789626951945,"STOP","aucell_naive_memory_score",0,"naive_memory"
"TCAACAAAGGTATAGCACAGTCTG-1","slingPseudotime_2",13.3789626951945,"STOP","aucell_cytotoxic_score",0.174477795330876,"cytotoxic"
"TCAACAAAGGTATAGCACAGTCTG-1","slingPseudotime_3",15.2774150887887,"STOP","aucell_exhausted_score",0.14411093558013,"exhausted"
"TCAACAAAGGTATAGCACAGTCTG-1","slingPseudotime_3",15.2774150887887,"STOP","aucell_proliferating_score",0.0250526315789474,"proliferating"
"TCAACAAAGGTATAGCACAGTCTG-1","slingPseudotime_3",15.2774150887887,"STOP","aucell_naive_memory_score",0,"naive_memory"
"TCAACAAAGGTATAGCACAGTCTG-1","slingPseudotime_3",15.2774150887887,"STOP","aucell_cytotoxic_score",0.174477795330876,"cytotoxic"
"TCAACAAAGGTATAGCACAGTCTG-1","slingPseudotime_4",15.1382457947062,"STOP","aucell_exhausted_score",0.14411093558013,"exhausted"
"TCAACAAAGGTATAGCACAGTCTG-1","slingPseudotime_4",15.1382457947062,"STOP","aucell_proliferating_score",0.0250526315789474,"proliferating"
"TCAACAAAGGTATAGCACAGTCTG-1","slingPseudotime_4",15.1382457947062,"STOP","aucell_naive_memory_score",0,"naive_memory"
"TCAACAAAGGTATAGCACAGTCTG-1","slingPseudotime_4",15.1382457947062,"STOP","aucell_cytotoxic_score",0.174477795330876,"cytotoxic"
"TCAAGTGCAATAAGGAACAGTCTG-1","slingPseudotime_1",18.5683416090431,"STOP","aucell_exhausted_score",0,"exhausted"
"TCAAGTGCAATAAGGAACAGTCTG-1","slingPseudotime_1",18.5683416090431,"STOP","aucell_proliferating_score",0,"proliferating"
"TCAAGTGCAATAAGGAACAGTCTG-1","slingPseudotime_1",18.5683416090431,"STOP","aucell_naive_memory_score",0.236,"naive_memory"
"TCAAGTGCAATAAGGAACAGTCTG-1","slingPseudotime_1",18.5683416090431,"STOP","aucell_cytotoxic_score",0.482183605406354,"cytotoxic"
"TCAAGTGCAATAAGGAACAGTCTG-1","slingPseudotime_2",17.2347822136224,"STOP","aucell_exhausted_score",0,"exhausted"
"TCAAGTGCAATAAGGAACAGTCTG-1","slingPseudotime_2",17.2347822136224,"STOP","aucell_proliferating_score",0,"proliferating"
"TCAAGTGCAATAAGGAACAGTCTG-1","slingPseudotime_2",17.2347822136224,"STOP","aucell_naive_memory_score",0.236,"naive_memory"
"TCAAGTGCAATAAGGAACAGTCTG-1","slingPseudotime_2",17.2347822136224,"STOP","aucell_cytotoxic_score",0.482183605406354,"cytotoxic"
"TCAAGTGCAATAAGGAACAGTCTG-1","slingPseudotime_3",19.3387716838447,"STOP","aucell_exhausted_score",0,"exhausted"
"TCAAGTGCAATAAGGAACAGTCTG-1","slingPseudotime_3",19.3387716838447,"STOP","aucell_proliferating_score",0,"proliferating"
"TCAAGTGCAATAAGGAACAGTCTG-1","slingPseudotime_3",19.3387716838447,"STOP","aucell_naive_memory_score",0.236,"naive_memory"
"TCAAGTGCAATAAGGAACAGTCTG-1","slingPseudotime_3",19.3387716838447,"STOP","aucell_cytotoxic_score",0.482183605406354,"cytotoxic"
"TCAAGTGCAATAAGGAACAGTCTG-1","slingPseudotime_4",18.5611124033981,"STOP","aucell_exhausted_score",0,"exhausted"
"TCAAGTGCAATAAGGAACAGTCTG-1","slingPseudotime_4",18.5611124033981,"STOP","aucell_proliferating_score",0,"proliferating"
"TCAAGTGCAATAAGGAACAGTCTG-1","slingPseudotime_4",18.5611124033981,"STOP","aucell_naive_memory_score",0.236,"naive_memory"
"TCAAGTGCAATAAGGAACAGTCTG-1","slingPseudotime_4",18.5611124033981,"STOP","aucell_cytotoxic_score",0.482183605406354,"cytotoxic"
"TCACAAGCATCGTTCGACAGTCTG-1","slingPseudotime_1",19.3715199252791,"STOP","aucell_exhausted_score",0,"exhausted"
"TCACAAGCATCGTTCGACAGTCTG-1","slingPseudotime_1",19.3715199252791,"STOP","aucell_proliferating_score",0,"proliferating"
"TCACAAGCATCGTTCGACAGTCTG-1","slingPseudotime_1",19.3715199252791,"STOP","aucell_naive_memory_score",0,"naive_memory"
"TCACAAGCATCGTTCGACAGTCTG-1","slingPseudotime_1",19.3715199252791,"STOP","aucell_cytotoxic_score",0.143057749692821,"cytotoxic"
"TCACAAGCATCGTTCGACAGTCTG-1","slingPseudotime_2",18.1610363342769,"STOP","aucell_exhausted_score",0,"exhausted"
"TCACAAGCATCGTTCGACAGTCTG-1","slingPseudotime_2",18.1610363342769,"STOP","aucell_proliferating_score",0,"proliferating"
"TCACAAGCATCGTTCGACAGTCTG-1","slingPseudotime_2",18.1610363342769,"STOP","aucell_naive_memory_score",0,"naive_memory"
"TCACAAGCATCGTTCGACAGTCTG-1","slingPseudotime_2",18.1610363342769,"STOP","aucell_cytotoxic_score",0.143057749692821,"cytotoxic"
"TCTTACTGTGACCTATACAGTCTG-1","slingPseudotime_4",31.2529556438882,"STOP","aucell_exhausted_score",0.213621204142531,"exhausted"
"TCTTACTGTGACCTATACAGTCTG-1","slingPseudotime_4",31.2529556438882,"STOP","aucell_proliferating_score",0,"proliferating"
"TCTTACTGTGACCTATACAGTCTG-1","slingPseudotime_4",31.2529556438882,"STOP","aucell_naive_memory_score",0,"naive_memory"
"TCTTACTGTGACCTATACAGTCTG-1","slingPseudotime_4",31.2529556438882,"STOP","aucell_cytotoxic_score",0.591363875724065,"cytotoxic"
"TGACCTGGTCATGATCACAGTCTG-1","slingPseudotime_1",10.0700858757522,"STOP","aucell_exhausted_score",0,"exhausted"
"TGACCTGGTCATGATCACAGTCTG-1","slingPseudotime_1",10.0700858757522,"STOP","aucell_proliferating_score",0,"proliferating"
"TGACCTGGTCATGATCACAGTCTG-1","slingPseudotime_1",10.0700858757522,"STOP","aucell_naive_memory_score",0,"naive_memory"
"TGACCTGGTCATGATCACAGTCTG-1","slingPseudotime_1",10.0700858757522,"STOP","aucell_cytotoxic_score",0.332280147446024,"cytotoxic"
"TGACCTGGTCATGATCACAGTCTG-1","slingPseudotime_2",10.0838999362606,"STOP","aucell_exhausted_score",0,"exhausted"
"TGACCTGGTCATGATCACAGTCTG-1","slingPseudotime_2",10.0838999362606,"STOP","aucell_proliferating_score",0,"proliferating"
"TGACCTGGTCATGATCACAGTCTG-1","slingPseudotime_2",10.0838999362606,"STOP","aucell_naive_memory_score",0,"naive_memory"
"TGACCTGGTCATGATCACAGTCTG-1","slingPseudotime_2",10.0838999362606,"STOP","aucell_cytotoxic_score",0.332280147446024,"cytotoxic"
"TGACCTGGTCATGATCACAGTCTG-1","slingPseudotime_3",10.5005442659025,"STOP","aucell_exhausted_score",0,"exhausted"
"TGACCTGGTCATGATCACAGTCTG-1","slingPseudotime_3",10.5005442659025,"STOP","aucell_proliferating_score",0,"proliferating"
"TGACCTGGTCATGATCACAGTCTG-1","slingPseudotime_3",10.5005442659025,"STOP","aucell_naive_memory_score",0,"naive_memory"
"TGACCTGGTCATGATCACAGTCTG-1","slingPseudotime_3",10.5005442659025,"STOP","aucell_cytotoxic_score",0.332280147446024,"cytotoxic"
"TGACCTGGTCATGATCACAGTCTG-1","slingPseudotime_4",10.266141867743,"STOP","aucell_exhausted_score",0,"exhausted"
"TGACCTGGTCATGATCACAGTCTG-1","slingPseudotime_4",10.266141867743,"STOP","aucell_proliferating_score",0,"proliferating"
"TGACCTGGTCATGATCACAGTCTG-1","slingPseudotime_4",10.266141867743,"STOP","aucell_naive_memory_score",0,"naive_memory"
"TGACCTGGTCATGATCACAGTCTG-1","slingPseudotime_4",10.266141867743,"STOP","aucell_cytotoxic_score",0.332280147446024,"cytotoxic"
"TGATGGCCATTTCATGACAGTCTG-1","slingPseudotime_1",3.20889230492849,"STOP","aucell_exhausted_score",0,"exhausted"
"TGATGGCCATTTCATGACAGTCTG-1","slingPseudotime_1",3.20889230492849,"STOP","aucell_proliferating_score",0,"proliferating"
"TGATGGCCATTTCATGACAGTCTG-1","slingPseudotime_1",3.20889230492849,"STOP","aucell_naive_memory_score",0,"naive_memory"
"TGATGGCCATTTCATGACAGTCTG-1","slingPseudotime_1",3.20889230492849,"STOP","aucell_cytotoxic_score",0,"cytotoxic"
"TGATGGCCATTTCATGACAGTCTG-1","slingPseudotime_2",3.20603112610247,"STOP","aucell_exhausted_score",0,"exhausted"
"TGATGGCCATTTCATGACAGTCTG-1","slingPseudotime_2",3.20603112610247,"STOP","aucell_proliferating_score",0,"proliferating"
"TGATGGCCATTTCATGACAGTCTG-1","slingPseudotime_2",3.20603112610247,"STOP","aucell_naive_memory_score",0,"naive_memory"
"TGATGGCCATTTCATGACAGTCTG-1","slingPseudotime_2",3.20603112610247,"STOP","aucell_cytotoxic_score",0,"cytotoxic"
"TGATGGCCATTTCATGACAGTCTG-1","slingPseudotime_3",3.63153069381741,"STOP","aucell_exhausted_score",0,"exhausted"
"TGATGGCCATTTCATGACAGTCTG-1","slingPseudotime_3",3.63153069381741,"STOP","aucell_proliferating_score",0,"proliferating"
"TGATGGCCATTTCATGACAGTCTG-1","slingPseudotime_3",3.63153069381741,"STOP","aucell_naive_memory_score",0,"naive_memory"
"TGATGGCCATTTCATGACAGTCTG-1","slingPseudotime_3",3.63153069381741,"STOP","aucell_cytotoxic_score",0,"cytotoxic"
"TGATGGCCATTTCATGACAGTCTG-1","slingPseudotime_4",3.43838394936314,"STOP","aucell_exhausted_score",0,"exhausted"
"TGATGGCCATTTCATGACAGTCTG-1","slingPseudotime_4",3.43838394936314,"STOP","aucell_proliferating_score",0,"proliferating"
"TGATGGCCATTTCATGACAGTCTG-1","slingPseudotime_4",3.43838394936314,"STOP","aucell_naive_memory_score",0,"naive_memory"
"TGATGGCCATTTCATGACAGTCTG-1","slingPseudotime_4",3.43838394936314,"STOP","aucell_cytotoxic_score",0,"cytotoxic"
"TGCCTTAAGCCAGAGCACAGTCTG-1","slingPseudotime_1",18.3421298954932,"STOP","aucell_exhausted_score",0,"exhausted"
"TGCCTTAAGCCAGAGCACAGTCTG-1","slingPseudotime_1",18.3421298954932,"STOP","aucell_proliferating_score",0,"proliferating"
"TGCCTTAAGCCAGAGCACAGTCTG-1","slingPseudotime_1",18.3421298954932,"STOP","aucell_naive_memory_score",0,"naive_memory"
"TGCCTTAAGCCAGAGCACAGTCTG-1","slingPseudotime_1",18.3421298954932,"STOP","aucell_cytotoxic_score",0.569773565034228,"cytotoxic"
"TGCCTTAAGCCAGAGCACAGTCTG-1","slingPseudotime_2",17.1984540103299,"STOP","aucell_exhausted_score",0,"exhausted"
"TGCCTTAAGCCAGAGCACAGTCTG-1","slingPseudotime_2",17.1984540103299,"STOP","aucell_proliferating_score",0,"proliferating"
"TGCCTTAAGCCAGAGCACAGTCTG-1","slingPseudotime_2",17.1984540103299,"STOP","aucell_naive_memory_score",0,"naive_memory"
"TGCCTTAAGCCAGAGCACAGTCTG-1","slingPseudotime_2",17.1984540103299,"STOP","aucell_cytotoxic_score",0.569773565034228,"cytotoxic"
"TGCCTTAAGCCAGAGCACAGTCTG-1","slingPseudotime_3",21.1240637554463,"STOP","aucell_exhausted_score",0,"exhausted"
"TGCCTTAAGCCAGAGCACAGTCTG-1","slingPseudotime_3",21.1240637554463,"STOP","aucell_proliferating_score",0,"proliferating"
"TGCCTTAAGCCAGAGCACAGTCTG-1","slingPseudotime_3",21.1240637554463,"STOP","aucell_naive_memory_score",0,"naive_memory"
"TGCCTTAAGCCAGAGCACAGTCTG-1","slingPseudotime_3",21.1240637554463,"STOP","aucell_cytotoxic_score",0.569773565034228,"cytotoxic"
"TGCCTTAAGCCAGAGCACAGTCTG-1","slingPseudotime_4",19.8553258486401,"STOP","aucell_exhausted_score",0,"exhausted"
"TGCCTTAAGCCAGAGCACAGTCTG-1","slingPseudotime_4",19.8553258486401,"STOP","aucell_proliferating_score",0,"proliferating"
"TGCCTTAAGCCAGAGCACAGTCTG-1","slingPseudotime_4",19.8553258486401,"STOP","aucell_naive_memory_score",0,"naive_memory"
"TGCCTTAAGCCAGAGCACAGTCTG-1","slingPseudotime_4",19.8553258486401,"STOP","aucell_cytotoxic_score",0.569773565034228,"cytotoxic"
"TGCGCCATCTTGAGGGACAGTCTG-1","slingPseudotime_4",30.4757952389655,"STOP","aucell_exhausted_score",0.150078988941548,"exhausted"
"TGCGCCATCTTGAGGGACAGTCTG-1","slingPseudotime_4",30.4757952389655,"STOP","aucell_proliferating_score",0,"proliferating"
"TGCGCCATCTTGAGGGACAGTCTG-1","slingPseudotime_4",30.4757952389655,"STOP","aucell_naive_memory_score",0,"naive_memory"
"TGCGCCATCTTGAGGGACAGTCTG-1","slingPseudotime_4",30.4757952389655,"STOP","aucell_cytotoxic_score",0.211690363349131,"cytotoxic"
"TGGATTCGTACTGCCAACAGTCTG-1","slingPseudotime_1",10.8671655757085,"STOP","aucell_exhausted_score",0.0779357556608741,"exhausted"
"TGGATTCGTACTGCCAACAGTCTG-1","slingPseudotime_1",10.8671655757085,"STOP","aucell_proliferating_score",0,"proliferating"
"TGGATTCGTACTGCCAACAGTCTG-1","slingPseudotime_1",10.8671655757085,"STOP","aucell_naive_memory_score",0,"naive_memory"
"TGGATTCGTACTGCCAACAGTCTG-1","slingPseudotime_1",10.8671655757085,"STOP","aucell_cytotoxic_score",0.330349306652624,"cytotoxic"
"TGGATTCGTACTGCCAACAGTCTG-1","slingPseudotime_2",10.6674001387363,"STOP","aucell_exhausted_score",0.0779357556608741,"exhausted"
"TGGATTCGTACTGCCAACAGTCTG-1","slingPseudotime_2",10.6674001387363,"STOP","aucell_proliferating_score",0,"proliferating"
"TGGATTCGTACTGCCAACAGTCTG-1","slingPseudotime_2",10.6674001387363,"STOP","aucell_naive_memory_score",0,"naive_memory"
"TGGATTCGTACTGCCAACAGTCTG-1","slingPseudotime_2",10.6674001387363,"STOP","aucell_cytotoxic_score",0.330349306652624,"cytotoxic"
"TGGATTCGTACTGCCAACAGTCTG-1","slingPseudotime_3",11.3595639996936,"STOP","aucell_exhausted_score",0.0779357556608741,"exhausted"
"TGGATTCGTACTGCCAACAGTCTG-1","slingPseudotime_3",11.3595639996936,"STOP","aucell_proliferating_score",0,"proliferating"
"TGGATTCGTACTGCCAACAGTCTG-1","slingPseudotime_3",11.3595639996936,"STOP","aucell_naive_memory_score",0,"naive_memory"
"TGGATTCGTACTGCCAACAGTCTG-1","slingPseudotime_3",11.3595639996936,"STOP","aucell_cytotoxic_score",0.330349306652624,"cytotoxic"
"TGGATTCGTACTGCCAACAGTCTG-1","slingPseudotime_4",11.1517036252014,"STOP","aucell_exhausted_score",0.0779357556608741,"exhausted"
"TGGATTCGTACTGCCAACAGTCTG-1","slingPseudotime_4",11.1517036252014,"STOP","aucell_proliferating_score",0,"proliferating"
"TGGATTCGTACTGCCAACAGTCTG-1","slingPseudotime_4",11.1517036252014,"STOP","aucell_naive_memory_score",0,"naive_memory"
"TGGATTCGTACTGCCAACAGTCTG-1","slingPseudotime_4",11.1517036252014,"STOP","aucell_cytotoxic_score",0.330349306652624,"cytotoxic"
"TGGGACATCACTATACACAGTCTG-1","slingPseudotime_2",41.988270244988,"STOP","aucell_exhausted_score",0.120589784096893,"exhausted"
"TGGGACATCACTATACACAGTCTG-1","slingPseudotime_2",41.988270244988,"STOP","aucell_proliferating_score",0.280631578947368,"proliferating"
"TGGGACATCACTATACACAGTCTG-1","slingPseudotime_2",41.988270244988,"STOP","aucell_naive_memory_score",0,"naive_memory"
"TGGGACATCACTATACACAGTCTG-1","slingPseudotime_2",41.988270244988,"STOP","aucell_cytotoxic_score",0.306477093206951,"cytotoxic"
"TGGTCAACAACCATTCACAGTCTG-1","slingPseudotime_1",14.3673949868839,"STOP","aucell_exhausted_score",0.130068457082675,"exhausted"
"TGGTCAACAACCATTCACAGTCTG-1","slingPseudotime_1",14.3673949868839,"STOP","aucell_proliferating_score",0,"proliferating"
"TGGTCAACAACCATTCACAGTCTG-1","slingPseudotime_1",14.3673949868839,"STOP","aucell_naive_memory_score",0.193263157894737,"naive_memory"
"TGGTCAACAACCATTCACAGTCTG-1","slingPseudotime_1",14.3673949868839,"STOP","aucell_cytotoxic_score",0.166403370194839,"cytotoxic"
"TGGTCAACAACCATTCACAGTCTG-1","slingPseudotime_2",13.7510458451808,"STOP","aucell_exhausted_score",0.130068457082675,"exhausted"
"TGGTCAACAACCATTCACAGTCTG-1","slingPseudotime_2",13.7510458451808,"STOP","aucell_proliferating_score",0,"proliferating"
"TGGTCAACAACCATTCACAGTCTG-1","slingPseudotime_2",13.7510458451808,"STOP","aucell_naive_memory_score",0.193263157894737,"naive_memory"
"TGGTCAACAACCATTCACAGTCTG-1","slingPseudotime_2",13.7510458451808,"STOP","aucell_cytotoxic_score",0.166403370194839,"cytotoxic"
"TGGTCAACAACCATTCACAGTCTG-1","slingPseudotime_3",14.500504201083,"STOP","aucell_exhausted_score",0.130068457082675,"exhausted"
"TGGTCAACAACCATTCACAGTCTG-1","slingPseudotime_3",14.500504201083,"STOP","aucell_proliferating_score",0,"proliferating"
"TGGTCAACAACCATTCACAGTCTG-1","slingPseudotime_3",14.500504201083,"STOP","aucell_naive_memory_score",0.193263157894737,"naive_memory"
"TGGTCAACAACCATTCACAGTCTG-1","slingPseudotime_3",14.500504201083,"STOP","aucell_cytotoxic_score",0.166403370194839,"cytotoxic"
"TGGTCAACAACCATTCACAGTCTG-1","slingPseudotime_4",14.53344325436,"STOP","aucell_exhausted_score",0.130068457082675,"exhausted"
"TGGTCAACAACCATTCACAGTCTG-1","slingPseudotime_4",14.53344325436,"STOP","aucell_proliferating_score",0,"proliferating"
"TGGTCAACAACCATTCACAGTCTG-1","slingPseudotime_4",14.53344325436,"STOP","aucell_naive_memory_score",0.193263157894737,"naive_memory"
"TGGTCAACAACCATTCACAGTCTG-1","slingPseudotime_4",14.53344325436,"STOP","aucell_cytotoxic_score",0.166403370194839,"cytotoxic"
"TGTAATGAGTTACCTGACAGTCTG-1","slingPseudotime_4",32.7178408658664,"STOP","aucell_exhausted_score",0.282253817798842,"exhausted"
"TGTAATGAGTTACCTGACAGTCTG-1","slingPseudotime_4",32.7178408658664,"STOP","aucell_proliferating_score",0,"proliferating"
"TGTAATGAGTTACCTGACAGTCTG-1","slingPseudotime_4",32.7178408658664,"STOP","aucell_naive_memory_score",0,"naive_memory"
"TGTAATGAGTTACCTGACAGTCTG-1","slingPseudotime_4",32.7178408658664,"STOP","aucell_cytotoxic_score",0.496226083903809,"cytotoxic"
"TGTCCTTTCGCGAAATACAGTCTG-1","slingPseudotime_1",6.76590502206779,"STOP","aucell_exhausted_score",0,"exhausted"
"TGTCCTTTCGCGAAATACAGTCTG-1","slingPseudotime_1",6.76590502206779,"STOP","aucell_proliferating_score",0,"proliferating"
"TGTCCTTTCGCGAAATACAGTCTG-1","slingPseudotime_1",6.76590502206779,"STOP","aucell_naive_memory_score",0.566105263157895,"naive_memory"
"TGTCCTTTCGCGAAATACAGTCTG-1","slingPseudotime_1",6.76590502206779,"STOP","aucell_cytotoxic_score",0.326487625065824,"cytotoxic"
"TGTCCTTTCGCGAAATACAGTCTG-1","slingPseudotime_2",6.72313056549216,"STOP","aucell_exhausted_score",0,"exhausted"
"TGTCCTTTCGCGAAATACAGTCTG-1","slingPseudotime_2",6.72313056549216,"STOP","aucell_proliferating_score",0,"proliferating"
"TGTCCTTTCGCGAAATACAGTCTG-1","slingPseudotime_2",6.72313056549216,"STOP","aucell_naive_memory_score",0.566105263157895,"naive_memory"
"TGTCCTTTCGCGAAATACAGTCTG-1","slingPseudotime_2",6.72313056549216,"STOP","aucell_cytotoxic_score",0.326487625065824,"cytotoxic"
"TGTCCTTTCGCGAAATACAGTCTG-1","slingPseudotime_3",7.1680463612623,"STOP","aucell_exhausted_score",0,"exhausted"
"TGTCCTTTCGCGAAATACAGTCTG-1","slingPseudotime_3",7.1680463612623,"STOP","aucell_proliferating_score",0,"proliferating"
"TGTCCTTTCGCGAAATACAGTCTG-1","slingPseudotime_3",7.1680463612623,"STOP","aucell_naive_memory_score",0.566105263157895,"naive_memory"
"TGTCCTTTCGCGAAATACAGTCTG-1","slingPseudotime_3",7.1680463612623,"STOP","aucell_cytotoxic_score",0.326487625065824,"cytotoxic"
"TGTCCTTTCGCGAAATACAGTCTG-1","slingPseudotime_4",7.01440966342952,"STOP","aucell_exhausted_score",0,"exhausted"
"TGTCCTTTCGCGAAATACAGTCTG-1","slingPseudotime_4",7.01440966342952,"STOP","aucell_proliferating_score",0,"proliferating"
"TGTCCTTTCGCGAAATACAGTCTG-1","slingPseudotime_4",7.01440966342952,"STOP","aucell_naive_memory_score",0.566105263157895,"naive_memory"
"TGTCCTTTCGCGAAATACAGTCTG-1","slingPseudotime_4",7.01440966342952,"STOP","aucell_cytotoxic_score",0.326487625065824,"cytotoxic"
"TTAGGTTTCAGCGGGTACAGTCTG-1","slingPseudotime_1",20.0843984636175,"STOP","aucell_exhausted_score",0.129541864139021,"exhausted"
"TTAGGTTTCAGCGGGTACAGTCTG-1","slingPseudotime_1",20.0843984636175,"STOP","aucell_proliferating_score",0,"proliferating"
"TTAGGTTTCAGCGGGTACAGTCTG-1","slingPseudotime_1",20.0843984636175,"STOP","aucell_naive_memory_score",0,"naive_memory"
"TTAGGTTTCAGCGGGTACAGTCTG-1","slingPseudotime_1",20.0843984636175,"STOP","aucell_cytotoxic_score",0.496928207828682,"cytotoxic"
"TTAGGTTTCAGCGGGTACAGTCTG-1","slingPseudotime_2",19.0105226010694,"STOP","aucell_exhausted_score",0.129541864139021,"exhausted"
"TTAGGTTTCAGCGGGTACAGTCTG-1","slingPseudotime_2",19.0105226010694,"STOP","aucell_proliferating_score",0,"proliferating"
"TTAGGTTTCAGCGGGTACAGTCTG-1","slingPseudotime_2",19.0105226010694,"STOP","aucell_naive_memory_score",0,"naive_memory"
"TTAGGTTTCAGCGGGTACAGTCTG-1","slingPseudotime_2",19.0105226010694,"STOP","aucell_cytotoxic_score",0.496928207828682,"cytotoxic"
"TTAGGTTTCAGCGGGTACAGTCTG-1","slingPseudotime_3",21.1240637554463,"STOP","aucell_exhausted_score",0.129541864139021,"exhausted"
"TTAGGTTTCAGCGGGTACAGTCTG-1","slingPseudotime_3",21.1240637554463,"STOP","aucell_proliferating_score",0,"proliferating"
"TTAGGTTTCAGCGGGTACAGTCTG-1","slingPseudotime_3",21.1240637554463,"STOP","aucell_naive_memory_score",0,"naive_memory"
"TTAGGTTTCAGCGGGTACAGTCTG-1","slingPseudotime_3",21.1240637554463,"STOP","aucell_cytotoxic_score",0.496928207828682,"cytotoxic"
"TTAGGTTTCAGCGGGTACAGTCTG-1","slingPseudotime_4",19.5967140898235,"STOP","aucell_exhausted_score",0.129541864139021,"exhausted"
"TTAGGTTTCAGCGGGTACAGTCTG-1","slingPseudotime_4",19.5967140898235,"STOP","aucell_proliferating_score",0,"proliferating"
"TTAGGTTTCAGCGGGTACAGTCTG-1","slingPseudotime_4",19.5967140898235,"STOP","aucell_naive_memory_score",0,"naive_memory"
"TTAGGTTTCAGCGGGTACAGTCTG-1","slingPseudotime_4",19.5967140898235,"STOP","aucell_cytotoxic_score",0.496928207828682,"cytotoxic"
"TTCGGTCAGCTGATGGACAGTCTG-1","slingPseudotime_1",21.3006014066294,"STOP","aucell_exhausted_score",0,"exhausted"
"TTCGGTCAGCTGATGGACAGTCTG-1","slingPseudotime_1",21.3006014066294,"STOP","aucell_proliferating_score",0,"proliferating"
"TTCGGTCAGCTGATGGACAGTCTG-1","slingPseudotime_1",21.3006014066294,"STOP","aucell_naive_memory_score",0.190736842105263,"naive_memory"
"TTCGGTCAGCTGATGGACAGTCTG-1","slingPseudotime_1",21.3006014066294,"STOP","aucell_cytotoxic_score",0.470423029664736,"cytotoxic"
"TTCGGTCAGCTGATGGACAGTCTG-1","slingPseudotime_2",20.0631243890318,"STOP","aucell_exhausted_score",0,"exhausted"
"TTCGGTCAGCTGATGGACAGTCTG-1","slingPseudotime_2",20.0631243890318,"STOP","aucell_proliferating_score",0,"proliferating"
"TTCGGTCAGCTGATGGACAGTCTG-1","slingPseudotime_2",20.0631243890318,"STOP","aucell_naive_memory_score",0.190736842105263,"naive_memory"
"TTCGGTCAGCTGATGGACAGTCTG-1","slingPseudotime_2",20.0631243890318,"STOP","aucell_cytotoxic_score",0.470423029664736,"cytotoxic"
"TTCGTTCTCCAAATTCACAGTCTG-1","slingPseudotime_1",5.77743980755037,"STOP","aucell_exhausted_score",0,"exhausted"
"TTCGTTCTCCAAATTCACAGTCTG-1","slingPseudotime_1",5.77743980755037,"STOP","aucell_proliferating_score",0,"proliferating"
"TTCGTTCTCCAAATTCACAGTCTG-1","slingPseudotime_1",5.77743980755037,"STOP","aucell_naive_memory_score",0,"naive_memory"
"TTCGTTCTCCAAATTCACAGTCTG-1","slingPseudotime_1",5.77743980755037,"STOP","aucell_cytotoxic_score",0,"cytotoxic"
"TTCGTTCTCCAAATTCACAGTCTG-1","slingPseudotime_2",5.7442599157619,"STOP","aucell_exhausted_score",0,"exhausted"
"TTCGTTCTCCAAATTCACAGTCTG-1","slingPseudotime_2",5.7442599157619,"STOP","aucell_proliferating_score",0,"proliferating"
"TTCGTTCTCCAAATTCACAGTCTG-1","slingPseudotime_2",5.7442599157619,"STOP","aucell_naive_memory_score",0,"naive_memory"
"TTCGTTCTCCAAATTCACAGTCTG-1","slingPseudotime_2",5.7442599157619,"STOP","aucell_cytotoxic_score",0,"cytotoxic"
"TTCGTTCTCCAAATTCACAGTCTG-1","slingPseudotime_3",6.23239271053301,"STOP","aucell_exhausted_score",0,"exhausted"
"TTCGTTCTCCAAATTCACAGTCTG-1","slingPseudotime_3",6.23239271053301,"STOP","aucell_proliferating_score",0,"proliferating"
"TTCGTTCTCCAAATTCACAGTCTG-1","slingPseudotime_3",6.23239271053301,"STOP","aucell_naive_memory_score",0,"naive_memory"
"TTCGTTCTCCAAATTCACAGTCTG-1","slingPseudotime_3",6.23239271053301,"STOP","aucell_cytotoxic_score",0,"cytotoxic"
"TTCGTTCTCCAAATTCACAGTCTG-1","slingPseudotime_4",6.04838632422734,"STOP","aucell_exhausted_score",0,"exhausted"
"TTCGTTCTCCAAATTCACAGTCTG-1","slingPseudotime_4",6.04838632422734,"STOP","aucell_proliferating_score",0,"proliferating"
"TTCGTTCTCCAAATTCACAGTCTG-1","slingPseudotime_4",6.04838632422734,"STOP","aucell_naive_memory_score",0,"naive_memory"
"TTCGTTCTCCAAATTCACAGTCTG-1","slingPseudotime_4",6.04838632422734,"STOP","aucell_cytotoxic_score",0,"cytotoxic"
"TTCTCACTCACAAGCGACAGTCTG-1","slingPseudotime_2",14.7929054506395,"STOP","aucell_exhausted_score",0.189924521678076,"exhausted"
"TTCTCACTCACAAGCGACAGTCTG-1","slingPseudotime_2",14.7929054506395,"STOP","aucell_proliferating_score",0,"proliferating"
"TTCTCACTCACAAGCGACAGTCTG-1","slingPseudotime_2",14.7929054506395,"STOP","aucell_naive_memory_score",0.000631578947368421,"naive_memory"
"TTCTCACTCACAAGCGACAGTCTG-1","slingPseudotime_2",14.7929054506395,"STOP","aucell_cytotoxic_score",0.426364753378971,"cytotoxic"
"TTGAAAGTCCTCAATGACAGTCTG-1","slingPseudotime_1",15.0908284514977,"STOP","aucell_exhausted_score",0.089169738458838,"exhausted"
"TTGAAAGTCCTCAATGACAGTCTG-1","slingPseudotime_1",15.0908284514977,"STOP","aucell_proliferating_score",0,"proliferating"
"TTGAAAGTCCTCAATGACAGTCTG-1","slingPseudotime_1",15.0908284514977,"STOP","aucell_naive_memory_score",0.0145263157894737,"naive_memory"
"TTGAAAGTCCTCAATGACAGTCTG-1","slingPseudotime_1",15.0908284514977,"STOP","aucell_cytotoxic_score",0.621028611549939,"cytotoxic"
"TTGAAAGTCCTCAATGACAGTCTG-1","slingPseudotime_2",14.3172884361488,"STOP","aucell_exhausted_score",0.089169738458838,"exhausted"
"TTGAAAGTCCTCAATGACAGTCTG-1","slingPseudotime_2",14.3172884361488,"STOP","aucell_proliferating_score",0,"proliferating"
"TTGAAAGTCCTCAATGACAGTCTG-1","slingPseudotime_2",14.3172884361488,"STOP","aucell_naive_memory_score",0.0145263157894737,"naive_memory"
"TTGAAAGTCCTCAATGACAGTCTG-1","slingPseudotime_2",14.3172884361488,"STOP","aucell_cytotoxic_score",0.621028611549939,"cytotoxic"
"TTGAAAGTCCTCAATGACAGTCTG-1","slingPseudotime_3",16.247122425765,"STOP","aucell_exhausted_score",0.089169738458838,"exhausted"
"TTGAAAGTCCTCAATGACAGTCTG-1","slingPseudotime_3",16.247122425765,"STOP","aucell_proliferating_score",0,"proliferating"
"TTGAAAGTCCTCAATGACAGTCTG-1","slingPseudotime_3",16.247122425765,"STOP","aucell_naive_memory_score",0.0145263157894737,"naive_memory"
"TTGAAAGTCCTCAATGACAGTCTG-1","slingPseudotime_3",16.247122425765,"STOP","aucell_cytotoxic_score",0.621028611549939,"cytotoxic"
"TTGAAAGTCCTCAATGACAGTCTG-1","slingPseudotime_4",15.9950692069949,"STOP","aucell_exhausted_score",0.089169738458838,"exhausted"
"TTGAAAGTCCTCAATGACAGTCTG-1","slingPseudotime_4",15.9950692069949,"STOP","aucell_proliferating_score",0,"proliferating"
"TTGAAAGTCCTCAATGACAGTCTG-1","slingPseudotime_4",15.9950692069949,"STOP","aucell_naive_memory_score",0.0145263157894737,"naive_memory"
"TTGAAAGTCCTCAATGACAGTCTG-1","slingPseudotime_4",15.9950692069949,"STOP","aucell_cytotoxic_score",0.621028611549939,"cytotoxic"
"TTGCGCTAGTCAACAAACAGTCTG-1","slingPseudotime_1",7.78054338887629,"STOP","aucell_exhausted_score",0,"exhausted"
"TTGCGCTAGTCAACAAACAGTCTG-1","slingPseudotime_1",7.78054338887629,"STOP","aucell_proliferating_score",0,"proliferating"
"TTGCGCTAGTCAACAAACAGTCTG-1","slingPseudotime_1",7.78054338887629,"STOP","aucell_naive_memory_score",0.167789473684211,"naive_memory"
"TTGCGCTAGTCAACAAACAGTCTG-1","slingPseudotime_1",7.78054338887629,"STOP","aucell_cytotoxic_score",0.323152536422679,"cytotoxic"
"TTGCGCTAGTCAACAAACAGTCTG-1","slingPseudotime_2",7.83039953320094,"STOP","aucell_exhausted_score",0,"exhausted"
"TTGCGCTAGTCAACAAACAGTCTG-1","slingPseudotime_2",7.83039953320094,"STOP","aucell_proliferating_score",0,"proliferating"
"TTGCGCTAGTCAACAAACAGTCTG-1","slingPseudotime_2",7.83039953320094,"STOP","aucell_naive_memory_score",0.167789473684211,"naive_memory"
"TTGCGCTAGTCAACAAACAGTCTG-1","slingPseudotime_2",7.83039953320094,"STOP","aucell_cytotoxic_score",0.323152536422679,"cytotoxic"
"TTGCGCTAGTCAACAAACAGTCTG-1","slingPseudotime_3",8.25243224611394,"STOP","aucell_exhausted_score",0,"exhausted"
"TTGCGCTAGTCAACAAACAGTCTG-1","slingPseudotime_3",8.25243224611394,"STOP","aucell_proliferating_score",0,"proliferating"
"TTGCGCTAGTCAACAAACAGTCTG-1","slingPseudotime_3",8.25243224611394,"STOP","aucell_naive_memory_score",0.167789473684211,"naive_memory"
"TTGCGCTAGTCAACAAACAGTCTG-1","slingPseudotime_3",8.25243224611394,"STOP","aucell_cytotoxic_score",0.323152536422679,"cytotoxic"
"TTGCGCTAGTCAACAAACAGTCTG-1","slingPseudotime_4",8.0072496718927,"STOP","aucell_exhausted_score",0,"exhausted"
"TTGCGCTAGTCAACAAACAGTCTG-1","slingPseudotime_4",8.0072496718927,"STOP","aucell_proliferating_score",0,"proliferating"
"TTGCGCTAGTCAACAAACAGTCTG-1","slingPseudotime_4",8.0072496718927,"STOP","aucell_naive_memory_score",0.167789473684211,"naive_memory"
"TTGCGCTAGTCAACAAACAGTCTG-1","slingPseudotime_4",8.0072496718927,"STOP","aucell_cytotoxic_score",0.323152536422679,"cytotoxic"
"TTGGCCAGTTCACCTCACAGTCTG-1","slingPseudotime_1",25.0372024776847,"STOP","aucell_exhausted_score",0.131121642969984,"exhausted"
"TTGGCCAGTTCACCTCACAGTCTG-1","slingPseudotime_1",25.0372024776847,"STOP","aucell_proliferating_score",0,"proliferating"
"TTGGCCAGTTCACCTCACAGTCTG-1","slingPseudotime_1",25.0372024776847,"STOP","aucell_naive_memory_score",0.0178947368421053,"naive_memory"
"TTGGCCAGTTCACCTCACAGTCTG-1","slingPseudotime_1",25.0372024776847,"STOP","aucell_cytotoxic_score",0.435843426364753,"cytotoxic"
"TTGGCCAGTTCACCTCACAGTCTG-1","slingPseudotime_2",21.9055463656884,"STOP","aucell_exhausted_score",0.131121642969984,"exhausted"
"TTGGCCAGTTCACCTCACAGTCTG-1","slingPseudotime_2",21.9055463656884,"STOP","aucell_proliferating_score",0,"proliferating"
"TTGGCCAGTTCACCTCACAGTCTG-1","slingPseudotime_2",21.9055463656884,"STOP","aucell_naive_memory_score",0.0178947368421053,"naive_memory"
"TTGGCCAGTTCACCTCACAGTCTG-1","slingPseudotime_2",21.9055463656884,"STOP","aucell_cytotoxic_score",0.435843426364753,"cytotoxic"
"TTTCACCTCAGCACGAACAGTCTG-1","slingPseudotime_3",23.9940532699375,"STOP","aucell_exhausted_score",0,"exhausted"
"TTTCACCTCAGCACGAACAGTCTG-1","slingPseudotime_3",23.9940532699375,"STOP","aucell_proliferating_score",0,"proliferating"
"TTTCACCTCAGCACGAACAGTCTG-1","slingPseudotime_3",23.9940532699375,"STOP","aucell_naive_memory_score",0,"naive_memory"
"TTTCACCTCAGCACGAACAGTCTG-1","slingPseudotime_3",23.9940532699375,"STOP","aucell_cytotoxic_score",0.533965244865719,"cytotoxic"
"TTTGTGAGTTCAAGGAACAGTCTG-1","slingPseudotime_1",13.7781922477351,"STOP","aucell_exhausted_score",0.136738634368966,"exhausted"
"TTTGTGAGTTCAAGGAACAGTCTG-1","slingPseudotime_1",13.7781922477351,"STOP","aucell_proliferating_score",0,"proliferating"
"TTTGTGAGTTCAAGGAACAGTCTG-1","slingPseudotime_1",13.7781922477351,"STOP","aucell_naive_memory_score",0,"naive_memory"
"TTTGTGAGTTCAAGGAACAGTCTG-1","slingPseudotime_1",13.7781922477351,"STOP","aucell_cytotoxic_score",0.681762331051431,"cytotoxic"
"TTTGTGAGTTCAAGGAACAGTCTG-1","slingPseudotime_2",13.4023786940439,"STOP","aucell_exhausted_score",0.136738634368966,"exhausted"
"TTTGTGAGTTCAAGGAACAGTCTG-1","slingPseudotime_2",13.4023786940439,"STOP","aucell_proliferating_score",0,"proliferating"
"TTTGTGAGTTCAAGGAACAGTCTG-1","slingPseudotime_2",13.4023786940439,"STOP","aucell_naive_memory_score",0,"naive_memory"
"TTTGTGAGTTCAAGGAACAGTCTG-1","slingPseudotime_2",13.4023786940439,"STOP","aucell_cytotoxic_score",0.681762331051431,"cytotoxic"
"TTTGTGAGTTCAAGGAACAGTCTG-1","slingPseudotime_3",14.7411849970182,"STOP","aucell_exhausted_score",0.136738634368966,"exhausted"
"TTTGTGAGTTCAAGGAACAGTCTG-1","slingPseudotime_3",14.7411849970182,"STOP","aucell_proliferating_score",0,"proliferating"
"TTTGTGAGTTCAAGGAACAGTCTG-1","slingPseudotime_3",14.7411849970182,"STOP","aucell_naive_memory_score",0,"naive_memory"
"TTTGTGAGTTCAAGGAACAGTCTG-1","slingPseudotime_3",14.7411849970182,"STOP","aucell_cytotoxic_score",0.681762331051431,"cytotoxic"
"TTTGTGAGTTCAAGGAACAGTCTG-1","slingPseudotime_4",27.4648552808294,"STOP","aucell_exhausted_score",0.136738634368966,"exhausted"
"TTTGTGAGTTCAAGGAACAGTCTG-1","slingPseudotime_4",27.4648552808294,"STOP","aucell_proliferating_score",0,"proliferating"
"TTTGTGAGTTCAAGGAACAGTCTG-1","slingPseudotime_4",27.4648552808294,"STOP","aucell_naive_memory_score",0,"naive_memory"
"TTTGTGAGTTCAAGGAACAGTCTG-1","slingPseudotime_4",27.4648552808294,"STOP","aucell_cytotoxic_score",0.681762331051431,"cytotoxic"
