"cell","lineage","pseudotime","condition","score_column","aucell_score","program"
"AAGACAACAGATAACTATGTTGAC-1","slingPseudotime_1",28.5843938636804,"STOP","aucell_exhausted_score",0.0695102685624013,"exhausted"
"AAGACAACAGATAACTATGTTGAC-1","slingPseudotime_1",28.5843938636804,"STOP","aucell_proliferating_score",0.0842105263157895,"proliferating"
"AAGACAACAGATAACTATGTTGAC-1","slingPseudotime_1",28.5843938636804,"STOP","aucell_naive_memory_score",0.0770526315789474,"naive_memory"
"AAGACAACAGATAACTATGTTGAC-1","slingPseudotime_1",28.5843938636804,"STOP","aucell_cytotoxic_score",0.33175355450237,"cytotoxic"
"AAGACAACAGATAACTATGTTGAC-1","slingPseudotime_2",28.8886379612673,"STOP","aucell_exhausted_score",0.0695102685624013,"exhausted"
"AAGACAACAGATAACTATGTTGAC-1","slingPseudotime_2",28.8886379612673,"STOP","aucell_proliferating_score",0.0842105263157895,"proliferating"
"AAGACAACAGATAACTATGTTGAC-1","slingPseudotime_2",28.8886379612673,"STOP","aucell_naive_memory_score",0.0770526315789474,"naive_memory"
"AAGACAACAGATAACTATGTTGAC-1","slingPseudotime_2",28.8886379612673,"STOP","aucell_cytotoxic_score",0.33175355450237,"cytotoxic"
"AAGACAACATATAGGTATGTTGAC-1","slingPseudotime_1",17.3378035876059,"STOP","aucell_exhausted_score",0.143408811655257,"exhausted"
"AAGACAACATATAGGTATGTTGAC-1","slingPseudotime_1",17.3378035876059,"STOP","aucell_proliferating_score",0,"proliferating"
"AAGACAACATATAGGTATGTTGAC-1","slingPseudotime_1",17.3378035876059,"STOP","aucell_naive_memory_score",0,"naive_memory"
"AAGACAACATATAGGTATGTTGAC-1","slingPseudotime_1",17.3378035876059,"STOP","aucell_cytotoxic_score",0.4758644900825,"cytotoxic"
"AAGACAACATATAGGTATGTTGAC-1","slingPseudotime_2",16.9809070071908,"STOP","aucell_exhausted_score",0.143408811655257,"exhausted"
"AAGACAACATATAGGTATGTTGAC-1","slingPseudotime_2",16.9809070071908,"STOP","aucell_proliferating_score",0,"proliferating"
"AAGACAACATATAGGTATGTTGAC-1","slingPseudotime_2",16.9809070071908,"STOP","aucell_naive_memory_score",0,"naive_memory"
"AAGACAACATATAGGTATGTTGAC-1","slingPseudotime_2",16.9809070071908,"STOP","aucell_cytotoxic_score",0.4758644900825,"cytotoxic"
"AAGACAACATATAGGTATGTTGAC-1","slingPseudotime_3",26.1413953827398,"STOP","aucell_exhausted_score",0.143408811655257,"exhausted"
"AAGACAACATATAGGTATGTTGAC-1","slingPseudotime_3",26.1413953827398,"STOP","aucell_proliferating_score",0,"proliferating"
"AAGACAACATATAGGTATGTTGAC-1","slingPseudotime_3",26.1413953827398,"STOP","aucell_naive_memory_score",0,"naive_memory"
"AAGACAACATATAGGTATGTTGAC-1","slingPseudotime_3",26.1413953827398,"STOP","aucell_cytotoxic_score",0.4758644900825,"cytotoxic"
"AAGACAACATATAGGTATGTTGAC-1","slingPseudotime_4",25.5137116523913,"STOP","aucell_exhausted_score",0.143408811655257,"exhausted"
"AAGACAACATATAGGTATGTTGAC-1","slingPseudotime_4",25.5137116523913,"STOP","aucell_proliferating_score",0,"proliferating"
"AAGACAACATATAGGTATGTTGAC-1","slingPseudotime_4",25.5137116523913,"STOP","aucell_naive_memory_score",0,"naive_memory"
"AAGACAACATATAGGTATGTTGAC-1","slingPseudotime_4",25.5137116523913,"STOP","aucell_cytotoxic_score",0.4758644900825,"cytotoxic"
"AAGCGATTCAGCGGGTATGTTGAC-1","slingPseudotime_1",33.0773523039076,"STOP","aucell_exhausted_score",0.148850272073021,"exhausted"
"AAGCGATTCAGCGGGTATGTTGAC-1","slingPseudotime_1",33.0773523039076,"STOP","aucell_proliferating_score",0,"proliferating"
"AAGCGATTCAGCGGGTATGTTGAC-1","slingPseudotime_1",33.0773523039076,"STOP","aucell_naive_memory_score",0,"naive_memory"
"AAGCGATTCAGCGGGTATGTTGAC-1","slingPseudotime_1",33.0773523039076,"STOP","aucell_cytotoxic_score",0.546779006494646,"cytotoxic"
"AAGCGATTCAGCGGGTATGTTGAC-1","slingPseudotime_2",22.6123115427092,"STOP","aucell_exhausted_score",0.148850272073021,"exhausted"
"AAGCGATTCAGCGGGTATGTTGAC-1","slingPseudotime_2",22.6123115427092,"STOP","aucell_proliferating_score",0,"proliferating"
"AAGCGATTCAGCGGGTATGTTGAC-1","slingPseudotime_2",22.6123115427092,"STOP","aucell_naive_memory_score",0,"naive_memory"
"AAGCGATTCAGCGGGTATGTTGAC-1","slingPseudotime_2",22.6123115427092,"STOP","aucell_cytotoxic_score",0.546779006494646,"cytotoxic"
"AAGGCCATCATTGCATATGTTGAC-1","slingPseudotime_2",34.2228028636931,"STOP","aucell_exhausted_score",0,"exhausted"
"AAGGCCATCATTGCATATGTTGAC-1","slingPseudotime_2",34.2228028636931,"STOP","aucell_proliferating_score",0.332210526315789,"proliferating"
"AAGGCCATCATTGCATATGTTGAC-1","slingPseudotime_2",34.2228028636931,"STOP","aucell_naive_memory_score",0,"naive_memory"
"AAGGCCATCATTGCATATGTTGAC-1","slingPseudotime_2",34.2228028636931,"STOP","aucell_cytotoxic_score",0.746006670177286,"cytotoxic"
"AAGGGAGGTACCTCAGATGTTGAC-1","slingPseudotime_1",31.4673307474759,"STOP","aucell_exhausted_score",0,"exhausted"
"AAGGGAGGTACCTCAGATGTTGAC-1","slingPseudotime_1",31.4673307474759,"STOP","aucell_proliferating_score",0.167368421052632,"proliferating"
"AAGGGAGGTACCTCAGATGTTGAC-1","slingPseudotime_1",31.4673307474759,"STOP","aucell_naive_memory_score",0.0884210526315789,"naive_memory"
"AAGGGAGGTACCTCAGATGTTGAC-1","slingPseudotime_1",31.4673307474759,"STOP","aucell_cytotoxic_score",0.341934351413024,"cytotoxic"
"AAGGGAGGTACCTCAGATGTTGAC-1","slingPseudotime_2",22.6959873532108,"STOP","aucell_exhausted_score",0,"exhausted"
"AAGGGAGGTACCTCAGATGTTGAC-1","slingPseudotime_2",22.6959873532108,"STOP","aucell_proliferating_score",0.167368421052632,"proliferating"
"AAGGGAGGTACCTCAGATGTTGAC-1","slingPseudotime_2",22.6959873532108,"STOP","aucell_naive_memory_score",0.0884210526315789,"naive_memory"
"AAGGGAGGTACCTCAGATGTTGAC-1","slingPseudotime_2",22.6959873532108,"STOP","aucell_cytotoxic_score",0.341934351413024,"cytotoxic"
"AAGTGAGAGGATGTTAATGTTGAC-1","slingPseudotime_1",23.2099373262583,"STOP","aucell_exhausted_score",0,"exhausted"
"AAGTGAGAGGATGTTAATGTTGAC-1","slingPseudotime_1",23.2099373262583,"STOP","aucell_proliferating_score",0,"proliferating"
"AAGTGAGAGGATGTTAATGTTGAC-1","slingPseudotime_1",23.2099373262583,"STOP","aucell_naive_memory_score",0,"naive_memory"
"AAGTGAGAGGATGTTAATGTTGAC-1","slingPseudotime_1",23.2099373262583,"STOP","aucell_cytotoxic_score",0.111813235035984,"cytotoxic"
"AAGTGAGAGGATGTTAATGTTGAC-1","slingPseudotime_2",21.9692323199526,"STOP","aucell_exhausted_score",0,"exhausted"
"AAGTGAGAGGATGTTAATGTTGAC-1","slingPseudotime_2",21.9692323199526,"STOP","aucell_proliferating_score",0,"proliferating"
"AAGTGAGAGGATGTTAATGTTGAC-1","slingPseudotime_2",21.9692323199526,"STOP","aucell_naive_memory_score",0,"naive_memory"
"AAGTGAGAGGATGTTAATGTTGAC-1","slingPseudotime_2",21.9692323199526,"STOP","aucell_cytotoxic_score",0.111813235035984,"cytotoxic"
"AAGTTGCAGCAACTTTATGTTGAC-1","slingPseudotime_1",18.9614113941332,"STOP","aucell_exhausted_score",0.0119361067228366,"exhausted"
"AAGTTGCAGCAACTTTATGTTGAC-1","slingPseudotime_1",18.9614113941332,"STOP","aucell_proliferating_score",0,"proliferating"
"AAGTTGCAGCAACTTTATGTTGAC-1","slingPseudotime_1",18.9614113941332,"STOP","aucell_naive_memory_score",0.165263157894737,"naive_memory"
"AAGTTGCAGCAACTTTATGTTGAC-1","slingPseudotime_1",18.9614113941332,"STOP","aucell_cytotoxic_score",0.662804985079867,"cytotoxic"
"AAGTTGCAGCAACTTTATGTTGAC-1","slingPseudotime_2",18.0295674243641,"STOP","aucell_exhausted_score",0.0119361067228366,"exhausted"
"AAGTTGCAGCAACTTTATGTTGAC-1","slingPseudotime_2",18.0295674243641,"STOP","aucell_proliferating_score",0,"proliferating"
"AAGTTGCAGCAACTTTATGTTGAC-1","slingPseudotime_2",18.0295674243641,"STOP","aucell_naive_memory_score",0.165263157894737,"naive_memory"
"AAGTTGCAGCAACTTTATGTTGAC-1","slingPseudotime_2",18.0295674243641,"STOP","aucell_cytotoxic_score",0.662804985079867,"cytotoxic"
"AAGTTGCAGCAACTTTATGTTGAC-1","slingPseudotime_3",21.6418383676827,"STOP","aucell_exhausted_score",0.0119361067228366,"exhausted"
"AAGTTGCAGCAACTTTATGTTGAC-1","slingPseudotime_3",21.6418383676827,"STOP","aucell_proliferating_score",0,"proliferating"
"AAGTTGCAGCAACTTTATGTTGAC-1","slingPseudotime_3",21.6418383676827,"STOP","aucell_naive_memory_score",0.165263157894737,"naive_memory"
"AAGTTGCAGCAACTTTATGTTGAC-1","slingPseudotime_3",21.6418383676827,"STOP","aucell_cytotoxic_score",0.662804985079867,"cytotoxic"
"AAGTTGCAGCAACTTTATGTTGAC-1","slingPseudotime_4",21.7414462863555,"STOP","aucell_exhausted_score",0.0119361067228366,"exhausted"
"AAGTTGCAGCAACTTTATGTTGAC-1","slingPseudotime_4",21.7414462863555,"STOP","aucell_proliferating_score",0,"proliferating"
"AAGTTGCAGCAACTTTATGTTGAC-1","slingPseudotime_4",21.7414462863555,"STOP","aucell_naive_memory_score",0.165263157894737,"naive_memory"
"AAGTTGCAGCAACTTTATGTTGAC-1","slingPseudotime_4",21.7414462863555,"STOP","aucell_cytotoxic_score",0.662804985079867,"cytotoxic"
"AAGTTGCAGGCTTAGGATGTTGAC-1","slingPseudotime_1",27.7019741365501,"STOP","aucell_exhausted_score",0,"exhausted"
"AAGTTGCAGGCTTAGGATGTTGAC-1","slingPseudotime_1",27.7019741365501,"STOP","aucell_proliferating_score",0,"proliferating"
"AAGTTGCAGGCTTAGGATGTTGAC-1","slingPseudotime_1",27.7019741365501,"STOP","aucell_naive_memory_score",0.124631578947368,"naive_memory"
"AAGTTGCAGGCTTAGGATGTTGAC-1","slingPseudotime_1",27.7019741365501,"STOP","aucell_cytotoxic_score",0.271370896963314,"cytotoxic"
"AAGTTGCAGGCTTAGGATGTTGAC-1","slingPseudotime_2",24.3697366156398,"STOP","aucell_exhausted_score",0,"exhausted"
"AAGTTGCAGGCTTAGGATGTTGAC-1","slingPseudotime_2",24.3697366156398,"STOP","aucell_proliferating_score",0,"proliferating"
"AAGTTGCAGGCTTAGGATGTTGAC-1","slingPseudotime_2",24.3697366156398,"STOP","aucell_naive_memory_score",0.124631578947368,"naive_memory"
"AAGTTGCAGGCTTAGGATGTTGAC-1","slingPseudotime_2",24.3697366156398,"STOP","aucell_cytotoxic_score",0.271370896963314,"cytotoxic"
"AATGCGCCATGGCGCAATGTTGAC-1","slingPseudotime_1",26.4811838984805,"STOP","aucell_exhausted_score",0,"exhausted"
"AATGCGCCATGGCGCAATGTTGAC-1","slingPseudotime_1",26.4811838984805,"STOP","aucell_proliferating_score",0,"proliferating"
"AATGCGCCATGGCGCAATGTTGAC-1","slingPseudotime_1",26.4811838984805,"STOP","aucell_naive_memory_score",0,"naive_memory"
"AATGCGCCATGGCGCAATGTTGAC-1","slingPseudotime_1",26.4811838984805,"STOP","aucell_cytotoxic_score",0.32982271370897,"cytotoxic"
"AATGCGCCATGGCGCAATGTTGAC-1","slingPseudotime_2",23.1657420233398,"STOP","aucell_exhausted_score",0,"exhausted"
"AATGCGCCATGGCGCAATGTTGAC-1","slingPseudotime_2",23.1657420233398,"STOP","aucell_proliferating_score",0,"proliferating"
"AATGCGCCATGGCGCAATGTTGAC-1","slingPseudotime_2",23.1657420233398,"STOP","aucell_naive_memory_score",0,"naive_memory"
"AATGCGCCATGGCGCAATGTTGAC-1","slingPseudotime_2",23.1657420233398,"STOP","aucell_cytotoxic_score",0.32982271370897,"cytotoxic"
"AATTGACCATCCGTCAATGTTGAC-1","slingPseudotime_1",25.9135719642882,"STOP","aucell_exhausted_score",0.0921537651395471,"exhausted"
"AATTGACCATCCGTCAATGTTGAC-1","slingPseudotime_1",25.9135719642882,"STOP","aucell_proliferating_score",0,"proliferating"
"AATTGACCATCCGTCAATGTTGAC-1","slingPseudotime_1",25.9135719642882,"STOP","aucell_naive_memory_score",0.0568421052631579,"naive_memory"
"AATTGACCATCCGTCAATGTTGAC-1","slingPseudotime_1",25.9135719642882,"STOP","aucell_cytotoxic_score",0.165174653326312,"cytotoxic"
"AATTGACCATCCGTCAATGTTGAC-1","slingPseudotime_2",25.6138837460382,"STOP","aucell_exhausted_score",0.0921537651395471,"exhausted"
"AATTGACCATCCGTCAATGTTGAC-1","slingPseudotime_2",25.6138837460382,"STOP","aucell_proliferating_score",0,"proliferating"
"AATTGACCATCCGTCAATGTTGAC-1","slingPseudotime_2",25.6138837460382,"STOP","aucell_naive_memory_score",0.0568421052631579,"naive_memory"
"AATTGACCATCCGTCAATGTTGAC-1","slingPseudotime_2",25.6138837460382,"STOP","aucell_cytotoxic_score",0.165174653326312,"cytotoxic"
"ACAACATCATCAGGACATGTTGAC-1","slingPseudotime_1",22.3197150187693,"STOP","aucell_exhausted_score",0,"exhausted"
"ACAACATCATCAGGACATGTTGAC-1","slingPseudotime_1",22.3197150187693,"STOP","aucell_proliferating_score",0,"proliferating"
"ACAACATCATCAGGACATGTTGAC-1","slingPseudotime_1",22.3197150187693,"STOP","aucell_naive_memory_score",0.166526315789474,"naive_memory"
"ACAACATCATCAGGACATGTTGAC-1","slingPseudotime_1",22.3197150187693,"STOP","aucell_cytotoxic_score",0.746357732139723,"cytotoxic"
"ACAACATCATCAGGACATGTTGAC-1","slingPseudotime_2",22.1273089495144,"STOP","aucell_exhausted_score",0,"exhausted"
"ACAACATCATCAGGACATGTTGAC-1","slingPseudotime_2",22.1273089495144,"STOP","aucell_proliferating_score",0,"proliferating"
"ACAACATCATCAGGACATGTTGAC-1","slingPseudotime_2",22.1273089495144,"STOP","aucell_naive_memory_score",0.166526315789474,"naive_memory"
"ACAACATCATCAGGACATGTTGAC-1","slingPseudotime_2",22.1273089495144,"STOP","aucell_cytotoxic_score",0.746357732139723,"cytotoxic"
"ACCAATTTCTGTGATTATGTTGAC-1","slingPseudotime_1",30.423854437962,"STOP","aucell_exhausted_score",0,"exhausted"
"ACCAATTTCTGTGATTATGTTGAC-1","slingPseudotime_1",30.423854437962,"STOP","aucell_proliferating_score",0,"proliferating"
"ACCAATTTCTGTGATTATGTTGAC-1","slingPseudotime_1",30.423854437962,"STOP","aucell_naive_memory_score",0.130526315789474,"naive_memory"
"ACCAATTTCTGTGATTATGTTGAC-1","slingPseudotime_1",30.423854437962,"STOP","aucell_cytotoxic_score",0.32104616464806,"cytotoxic"
"ACCAATTTCTGTGATTATGTTGAC-1","slingPseudotime_2",23.0455650628536,"STOP","aucell_exhausted_score",0,"exhausted"
"ACCAATTTCTGTGATTATGTTGAC-1","slingPseudotime_2",23.0455650628536,"STOP","aucell_proliferating_score",0,"proliferating"
"ACCAATTTCTGTGATTATGTTGAC-1","slingPseudotime_2",23.0455650628536,"STOP","aucell_naive_memory_score",0.130526315789474,"naive_memory"
"ACCAATTTCTGTGATTATGTTGAC-1","slingPseudotime_2",23.0455650628536,"STOP","aucell_cytotoxic_score",0.32104616464806,"cytotoxic"
"ACCGAAGTCAATCCTGATGTTGAC-1","slingPseudotime_1",31.9592559519917,"STOP","aucell_exhausted_score",0.10444093382482,"exhausted"
"ACCGAAGTCAATCCTGATGTTGAC-1","slingPseudotime_1",31.9592559519917,"STOP","aucell_proliferating_score",0.144421052631579,"proliferating"
"ACCGAAGTCAATCCTGATGTTGAC-1","slingPseudotime_1",31.9592559519917,"STOP","aucell_naive_memory_score",0,"naive_memory"
"ACCGAAGTCAATCCTGATGTTGAC-1","slingPseudotime_1",31.9592559519917,"STOP","aucell_cytotoxic_score",0.0677549587502194,"cytotoxic"
"ACCTATCCACTCCCAAATGTTGAC-1","slingPseudotime_1",26.3145358929569,"STOP","aucell_exhausted_score",0,"exhausted"
"ACCTATCCACTCCCAAATGTTGAC-1","slingPseudotime_1",26.3145358929569,"STOP","aucell_proliferating_score",0.00631578947368421,"proliferating"
"ACCTATCCACTCCCAAATGTTGAC-1","slingPseudotime_1",26.3145358929569,"STOP","aucell_naive_memory_score",0,"naive_memory"
"ACCTATCCACTCCCAAATGTTGAC-1","slingPseudotime_1",26.3145358929569,"STOP","aucell_cytotoxic_score",0.289977180972442,"cytotoxic"
"ACCTATCCACTCCCAAATGTTGAC-1","slingPseudotime_2",22.6411214180812,"STOP","aucell_exhausted_score",0,"exhausted"
"ACCTATCCACTCCCAAATGTTGAC-1","slingPseudotime_2",22.6411214180812,"STOP","aucell_proliferating_score",0.00631578947368421,"proliferating"
"ACCTATCCACTCCCAAATGTTGAC-1","slingPseudotime_2",22.6411214180812,"STOP","aucell_naive_memory_score",0,"naive_memory"
"ACCTATCCACTCCCAAATGTTGAC-1","slingPseudotime_2",22.6411214180812,"STOP","aucell_cytotoxic_score",0.289977180972442,"cytotoxic"
"ACCTCATCAACAGCTAATGTTGAC-1","slingPseudotime_1",23.1659815227679,"STOP","aucell_exhausted_score",0,"exhausted"
"ACCTCATCAACAGCTAATGTTGAC-1","slingPseudotime_1",23.1659815227679,"STOP","aucell_proliferating_score",0,"proliferating"
"ACCTCATCAACAGCTAATGTTGAC-1","slingPseudotime_1",23.1659815227679,"STOP","aucell_naive_memory_score",0.202315789473684,"naive_memory"
"ACCTCATCAACAGCTAATGTTGAC-1","slingPseudotime_1",23.1659815227679,"STOP","aucell_cytotoxic_score",0,"cytotoxic"
"ACCTCATCAACAGCTAATGTTGAC-1","slingPseudotime_2",22.606964189396,"STOP","aucell_exhausted_score",0,"exhausted"
"ACCTCATCAACAGCTAATGTTGAC-1","slingPseudotime_2",22.606964189396,"STOP","aucell_proliferating_score",0,"proliferating"
"ACCTCATCAACAGCTAATGTTGAC-1","slingPseudotime_2",22.606964189396,"STOP","aucell_naive_memory_score",0.202315789473684,"naive_memory"
"ACCTCATCAACAGCTAATGTTGAC-1","slingPseudotime_2",22.606964189396,"STOP","aucell_cytotoxic_score",0,"cytotoxic"
"ACCTCCCTCCTGGTTAATGTTGAC-1","slingPseudotime_1",23.9597359258755,"STOP","aucell_exhausted_score",0.113217482885729,"exhausted"
"ACCTCCCTCCTGGTTAATGTTGAC-1","slingPseudotime_1",23.9597359258755,"STOP","aucell_proliferating_score",0,"proliferating"
"ACCTCCCTCCTGGTTAATGTTGAC-1","slingPseudotime_1",23.9597359258755,"STOP","aucell_naive_memory_score",0,"naive_memory"
"ACCTCCCTCCTGGTTAATGTTGAC-1","slingPseudotime_1",23.9597359258755,"STOP","aucell_cytotoxic_score",0.353343865192206,"cytotoxic"
"ACCTCCCTCCTGGTTAATGTTGAC-1","slingPseudotime_2",23.3066618978006,"STOP","aucell_exhausted_score",0.113217482885729,"exhausted"
"ACCTCCCTCCTGGTTAATGTTGAC-1","slingPseudotime_2",23.3066618978006,"STOP","aucell_proliferating_score",0,"proliferating"
"ACCTCCCTCCTGGTTAATGTTGAC-1","slingPseudotime_2",23.3066618978006,"STOP","aucell_naive_memory_score",0,"naive_memory"
"ACCTCCCTCCTGGTTAATGTTGAC-1","slingPseudotime_2",23.3066618978006,"STOP","aucell_cytotoxic_score",0.353343865192206,"cytotoxic"
"ACGAGGGAGCTGATTTATGTTGAC-1","slingPseudotime_1",32.2283776619271,"STOP","aucell_exhausted_score",0,"exhausted"
"ACGAGGGAGCTGATTTATGTTGAC-1","slingPseudotime_1",32.2283776619271,"STOP","aucell_proliferating_score",0,"proliferating"
"ACGAGGGAGCTGATTTATGTTGAC-1","slingPseudotime_1",32.2283776619271,"STOP","aucell_naive_memory_score",0,"naive_memory"
"ACGAGGGAGCTGATTTATGTTGAC-1","slingPseudotime_1",32.2283776619271,"STOP","aucell_cytotoxic_score",0.526417412673337,"cytotoxic"
"ACTAAACCAAACCTGAATGTTGAC-1","slingPseudotime_3",25.5669232131457,"STOP","aucell_exhausted_score",0.283658065648587,"exhausted"
"ACTAAACCAAACCTGAATGTTGAC-1","slingPseudotime_3",25.5669232131457,"STOP","aucell_proliferating_score",0.0585263157894737,"proliferating"
"ACTAAACCAAACCTGAATGTTGAC-1","slingPseudotime_3",25.5669232131457,"STOP","aucell_naive_memory_score",0.162947368421053,"naive_memory"
"ACTAAACCAAACCTGAATGTTGAC-1","slingPseudotime_3",25.5669232131457,"STOP","aucell_cytotoxic_score",0.167632087063367,"cytotoxic"
"ACTAATGAGCTAAACAATGTTGAC-1","slingPseudotime_2",32.0333478111557,"STOP","aucell_exhausted_score",0,"exhausted"
"ACTAATGAGCTAAACAATGTTGAC-1","slingPseudotime_2",32.0333478111557,"STOP","aucell_proliferating_score",0.220210526315789,"proliferating"
"ACTAATGAGCTAAACAATGTTGAC-1","slingPseudotime_2",32.0333478111557,"STOP","aucell_naive_memory_score",0.166736842105263,"naive_memory"
"ACTAATGAGCTAAACAATGTTGAC-1","slingPseudotime_2",32.0333478111557,"STOP","aucell_cytotoxic_score",0.209408460593295,"cytotoxic"
"AGAAGCAAGCACGGTAATGTTGAC-1","slingPseudotime_1",30.5331073106779,"STOP","aucell_exhausted_score",0,"exhausted"
"AGAAGCAAGCACGGTAATGTTGAC-1","slingPseudotime_1",30.5331073106779,"STOP","aucell_proliferating_score",0.0941052631578947,"proliferating"
"AGAAGCAAGCACGGTAATGTTGAC-1","slingPseudotime_1",30.5331073106779,"STOP","aucell_naive_memory_score",0,"naive_memory"
"AGAAGCAAGCACGGTAATGTTGAC-1","slingPseudotime_1",30.5331073106779,"STOP","aucell_cytotoxic_score",0.332455678427242,"cytotoxic"
"AGCGCGAGTTCCTTCAATGTTGAC-1","slingPseudotime_1",25.9135719642882,"STOP","aucell_exhausted_score",0.0977707565385291,"exhausted"
"AGCGCGAGTTCCTTCAATGTTGAC-1","slingPseudotime_1",25.9135719642882,"STOP","aucell_proliferating_score",0,"proliferating"
"AGCGCGAGTTCCTTCAATGTTGAC-1","slingPseudotime_1",25.9135719642882,"STOP","aucell_naive_memory_score",0,"naive_memory"
"AGCGCGAGTTCCTTCAATGTTGAC-1","slingPseudotime_1",25.9135719642882,"STOP","aucell_cytotoxic_score",0.443742320519572,"cytotoxic"
"AGCGCGAGTTCCTTCAATGTTGAC-1","slingPseudotime_2",23.8037102360026,"STOP","aucell_exhausted_score",0.0977707565385291,"exhausted"
"AGCGCGAGTTCCTTCAATGTTGAC-1","slingPseudotime_2",23.8037102360026,"STOP","aucell_proliferating_score",0,"proliferating"
"AGCGCGAGTTCCTTCAATGTTGAC-1","slingPseudotime_2",23.8037102360026,"STOP","aucell_naive_memory_score",0,"naive_memory"
"AGCGCGAGTTCCTTCAATGTTGAC-1","slingPseudotime_2",23.8037102360026,"STOP","aucell_cytotoxic_score",0.443742320519572,"cytotoxic"
"AGGCGAGAGGCAAGTTATGTTGAC-1","slingPseudotime_1",0,"STOP","aucell_exhausted_score",0,"exhausted"
"AGGCGAGAGGCAAGTTATGTTGAC-1","slingPseudotime_1",0,"STOP","aucell_proliferating_score",0.00357894736842105,"proliferating"
"AGGCGAGAGGCAAGTTATGTTGAC-1","slingPseudotime_1",0,"STOP","aucell_naive_memory_score",0.562947368421053,"naive_memory"
"AGGCGAGAGGCAAGTTATGTTGAC-1","slingPseudotime_1",0,"STOP","aucell_cytotoxic_score",0,"cytotoxic"
"AGGCGAGAGGCAAGTTATGTTGAC-1","slingPseudotime_2",0,"STOP","aucell_exhausted_score",0,"exhausted"
"AGGCGAGAGGCAAGTTATGTTGAC-1","slingPseudotime_2",0,"STOP","aucell_proliferating_score",0.00357894736842105,"proliferating"
"AGGCGAGAGGCAAGTTATGTTGAC-1","slingPseudotime_2",0,"STOP","aucell_naive_memory_score",0.562947368421053,"naive_memory"
"AGGCGAGAGGCAAGTTATGTTGAC-1","slingPseudotime_2",0,"STOP","aucell_cytotoxic_score",0,"cytotoxic"
"AGGCGAGAGGCAAGTTATGTTGAC-1","slingPseudotime_3",1.90803936978703e-06,"STOP","aucell_exhausted_score",0,"exhausted"
"AGGCGAGAGGCAAGTTATGTTGAC-1","slingPseudotime_3",1.90803936978703e-06,"STOP","aucell_proliferating_score",0.00357894736842105,"proliferating"
"AGGCGAGAGGCAAGTTATGTTGAC-1","slingPseudotime_3",1.90803936978703e-06,"STOP","aucell_naive_memory_score",0.562947368421053,"naive_memory"
"AGGCGAGAGGCAAGTTATGTTGAC-1","slingPseudotime_3",1.90803936978703e-06,"STOP","aucell_cytotoxic_score",0,"cytotoxic"
"AGGCGAGAGGCAAGTTATGTTGAC-1","slingPseudotime_4",1.90803936584528e-06,"STOP","aucell_exhausted_score",0,"exhausted"
"AGGCGAGAGGCAAGTTATGTTGAC-1","slingPseudotime_4",1.90803936584528e-06,"STOP","aucell_proliferating_score",0.00357894736842105,"proliferating"
"AGGCGAGAGGCAAGTTATGTTGAC-1","slingPseudotime_4",1.90803936584528e-06,"STOP","aucell_naive_memory_score",0.562947368421053,"naive_memory"
"AGGCGAGAGGCAAGTTATGTTGAC-1","slingPseudotime_4",1.90803936584528e-06,"STOP","aucell_cytotoxic_score",0,"cytotoxic"
"AGGTGAGCATTCAACCATGTTGAC-1","slingPseudotime_1",27.4889960138005,"STOP","aucell_exhausted_score",0,"exhausted"
"AGGTGAGCATTCAACCATGTTGAC-1","slingPseudotime_1",27.4889960138005,"STOP","aucell_proliferating_score",0,"proliferating"
"AGGTGAGCATTCAACCATGTTGAC-1","slingPseudotime_1",27.4889960138005,"STOP","aucell_naive_memory_score",0.175368421052632,"naive_memory"
"AGGTGAGCATTCAACCATGTTGAC-1","slingPseudotime_1",27.4889960138005,"STOP","aucell_cytotoxic_score",0.247849745480077,"cytotoxic"
"AGGTGAGCATTCAACCATGTTGAC-1","slingPseudotime_2",23.8726218879273,"STOP","aucell_exhausted_score",0,"exhausted"
"AGGTGAGCATTCAACCATGTTGAC-1","slingPseudotime_2",23.8726218879273,"STOP","aucell_proliferating_score",0,"proliferating"
"AGGTGAGCATTCAACCATGTTGAC-1","slingPseudotime_2",23.8726218879273,"STOP","aucell_naive_memory_score",0.175368421052632,"naive_memory"
"AGGTGAGCATTCAACCATGTTGAC-1","slingPseudotime_2",23.8726218879273,"STOP","aucell_cytotoxic_score",0.247849745480077,"cytotoxic"
"AGGTTAATCATGAATGATGTTGAC-1","slingPseudotime_1",22.4819230876042,"STOP","aucell_exhausted_score",0.0280849569949096,"exhausted"
"AGGTTAATCATGAATGATGTTGAC-1","slingPseudotime_1",22.4819230876042,"STOP","aucell_proliferating_score",0,"proliferating"
"AGGTTAATCATGAATGATGTTGAC-1","slingPseudotime_1",22.4819230876042,"STOP","aucell_naive_memory_score",0,"naive_memory"
"AGGTTAATCATGAATGATGTTGAC-1","slingPseudotime_1",22.4819230876042,"STOP","aucell_cytotoxic_score",0.131823766894857,"cytotoxic"
"AGGTTAATCATGAATGATGTTGAC-1","slingPseudotime_2",21.2226675414431,"STOP","aucell_exhausted_score",0.0280849569949096,"exhausted"
"AGGTTAATCATGAATGATGTTGAC-1","slingPseudotime_2",21.2226675414431,"STOP","aucell_proliferating_score",0,"proliferating"
"AGGTTAATCATGAATGATGTTGAC-1","slingPseudotime_2",21.2226675414431,"STOP","aucell_naive_memory_score",0,"naive_memory"
"AGGTTAATCATGAATGATGTTGAC-1","slingPseudotime_2",21.2226675414431,"STOP","aucell_cytotoxic_score",0.131823766894857,"cytotoxic"
"AGTACTGCACCAGCCTATGTTGAC-1","slingPseudotime_1",22.9797682129655,"STOP","aucell_exhausted_score",0.156398104265403,"exhausted"
"AGTACTGCACCAGCCTATGTTGAC-1","slingPseudotime_1",22.9797682129655,"STOP","aucell_proliferating_score",0,"proliferating"
"AGTACTGCACCAGCCTATGTTGAC-1","slingPseudotime_1",22.9797682129655,"STOP","aucell_naive_memory_score",0,"naive_memory"
"AGTACTGCACCAGCCTATGTTGAC-1","slingPseudotime_1",22.9797682129655,"STOP","aucell_cytotoxic_score",0.164999122345094,"cytotoxic"
"AGTACTGCACCAGCCTATGTTGAC-1","slingPseudotime_2",21.2202154898482,"STOP","aucell_exhausted_score",0.156398104265403,"exhausted"
"AGTACTGCACCAGCCTATGTTGAC-1","slingPseudotime_2",21.2202154898482,"STOP","aucell_proliferating_score",0,"proliferating"
"AGTACTGCACCAGCCTATGTTGAC-1","slingPseudotime_2",21.2202154898482,"STOP","aucell_naive_memory_score",0,"naive_memory"
"AGTACTGCACCAGCCTATGTTGAC-1","slingPseudotime_2",21.2202154898482,"STOP","aucell_cytotoxic_score",0.164999122345094,"cytotoxic"
"AGTGATTCAAGCCAGTATGTTGAC-1","slingPseudotime_1",22.9797682129655,"STOP","aucell_exhausted_score",0,"exhausted"
"AGTGATTCAAGCCAGTATGTTGAC-1","slingPseudotime_1",22.9797682129655,"STOP","aucell_proliferating_score",0,"proliferating"
"AGTGATTCAAGCCAGTATGTTGAC-1","slingPseudotime_1",22.9797682129655,"STOP","aucell_naive_memory_score",0.0330526315789474,"naive_memory"
"AGTGATTCAAGCCAGTATGTTGAC-1","slingPseudotime_1",22.9797682129655,"STOP","aucell_cytotoxic_score",0.326663156047042,"cytotoxic"
"AGTGATTCAAGCCAGTATGTTGAC-1","slingPseudotime_2",21.6987331341255,"STOP","aucell_exhausted_score",0,"exhausted"
"AGTGATTCAAGCCAGTATGTTGAC-1","slingPseudotime_2",21.6987331341255,"STOP","aucell_proliferating_score",0,"proliferating"
"AGTGATTCAAGCCAGTATGTTGAC-1","slingPseudotime_2",21.6987331341255,"STOP","aucell_naive_memory_score",0.0330526315789474,"naive_memory"
"AGTGATTCAAGCCAGTATGTTGAC-1","slingPseudotime_2",21.6987331341255,"STOP","aucell_cytotoxic_score",0.326663156047042,"cytotoxic"
"AGTGCGGGTTACCGTGATGTTGAC-1","slingPseudotime_1",31.8050916514736,"STOP","aucell_exhausted_score",0,"exhausted"
"AGTGCGGGTTACCGTGATGTTGAC-1","slingPseudotime_1",31.8050916514736,"STOP","aucell_proliferating_score",0,"proliferating"
"AGTGCGGGTTACCGTGATGTTGAC-1","slingPseudotime_1",31.8050916514736,"STOP","aucell_naive_memory_score",0.169473684210526,"naive_memory"
"AGTGCGGGTTACCGTGATGTTGAC-1","slingPseudotime_1",31.8050916514736,"STOP","aucell_cytotoxic_score",0.33368439529577,"cytotoxic"
"AGTGCTGAGGTTGCAGATGTTGAC-1","slingPseudotime_1",24.0221931161186,"STOP","aucell_exhausted_score",0.0933824820080744,"exhausted"
"AGTGCTGAGGTTGCAGATGTTGAC-1","slingPseudotime_1",24.0221931161186,"STOP","aucell_proliferating_score",0,"proliferating"
"AGTGCTGAGGTTGCAGATGTTGAC-1","slingPseudotime_1",24.0221931161186,"STOP","aucell_naive_memory_score",0.176,"naive_memory"
"AGTGCTGAGGTTGCAGATGTTGAC-1","slingPseudotime_1",24.0221931161186,"STOP","aucell_cytotoxic_score",0.359838511497279,"cytotoxic"
"AGTGCTGAGGTTGCAGATGTTGAC-1","slingPseudotime_2",22.3094848055113,"STOP","aucell_exhausted_score",0.0933824820080744,"exhausted"
"AGTGCTGAGGTTGCAGATGTTGAC-1","slingPseudotime_2",22.3094848055113,"STOP","aucell_proliferating_score",0,"proliferating"
"AGTGCTGAGGTTGCAGATGTTGAC-1","slingPseudotime_2",22.3094848055113,"STOP","aucell_naive_memory_score",0.176,"naive_memory"
"AGTGCTGAGGTTGCAGATGTTGAC-1","slingPseudotime_2",22.3094848055113,"STOP","aucell_cytotoxic_score",0.359838511497279,"cytotoxic"
"ATAATGGTCTCACCGGATGTTGAC-1","slingPseudotime_1",29.7021260315437,"STOP","aucell_exhausted_score",0,"exhausted"
"ATAATGGTCTCACCGGATGTTGAC-1","slingPseudotime_1",29.7021260315437,"STOP","aucell_proliferating_score",0,"proliferating"
"ATAATGGTCTCACCGGATGTTGAC-1","slingPseudotime_1",29.7021260315437,"STOP","aucell_naive_memory_score",0,"naive_memory"
"ATAATGGTCTCACCGGATGTTGAC-1","slingPseudotime_1",29.7021260315437,"STOP","aucell_cytotoxic_score",0.508162190626646,"cytotoxic"
"ATAATGGTCTCACCGGATGTTGAC-1","slingPseudotime_2",25.3038648114502,"STOP","aucell_exhausted_score",0,"exhausted"
"ATAATGGTCTCACCGGATGTTGAC-1","slingPseudotime_2",25.3038648114502,"STOP","aucell_proliferating_score",0,"proliferating"
"ATAATGGTCTCACCGGATGTTGAC-1","slingPseudotime_2",25.3038648114502,"STOP","aucell_naive_memory_score",0,"naive_memory"
"ATAATGGTCTCACCGGATGTTGAC-1","slingPseudotime_2",25.3038648114502,"STOP","aucell_cytotoxic_score",0.508162190626646,"cytotoxic"
"ATAGAAGCATTTGGCTATGTTGAC-1","slingPseudotime_1",25.2760948299869,"STOP","aucell_exhausted_score",0,"exhausted"
"ATAGAAGCATTTGGCTATGTTGAC-1","slingPseudotime_1",25.2760948299869,"STOP","aucell_proliferating_score",0,"proliferating"
"ATAGAAGCATTTGGCTATGTTGAC-1","slingPseudotime_1",25.2760948299869,"STOP","aucell_naive_memory_score",0,"naive_memory"
"ATAGAAGCATTTGGCTATGTTGAC-1","slingPseudotime_1",25.2760948299869,"STOP","aucell_cytotoxic_score",0.382130946111989,"cytotoxic"
"ATAGAAGCATTTGGCTATGTTGAC-1","slingPseudotime_2",23.4897565086553,"STOP","aucell_exhausted_score",0,"exhausted"
"ATAGAAGCATTTGGCTATGTTGAC-1","slingPseudotime_2",23.4897565086553,"STOP","aucell_proliferating_score",0,"proliferating"
"ATAGAAGCATTTGGCTATGTTGAC-1","slingPseudotime_2",23.4897565086553,"STOP","aucell_naive_memory_score",0,"naive_memory"
"ATAGAAGCATTTGGCTATGTTGAC-1","slingPseudotime_2",23.4897565086553,"STOP","aucell_cytotoxic_score",0.382130946111989,"cytotoxic"
"ATGAGGCGTTAATGCCATGTTGAC-1","slingPseudotime_1",25.3715722176101,"STOP","aucell_exhausted_score",0,"exhausted"
"ATGAGGCGTTAATGCCATGTTGAC-1","slingPseudotime_1",25.3715722176101,"STOP","aucell_proliferating_score",0,"proliferating"
"ATGAGGCGTTAATGCCATGTTGAC-1","slingPseudotime_1",25.3715722176101,"STOP","aucell_naive_memory_score",0,"naive_memory"
"ATGAGGCGTTAATGCCATGTTGAC-1","slingPseudotime_1",25.3715722176101,"STOP","aucell_cytotoxic_score",0.269264525188696,"cytotoxic"
"ATGAGGCGTTAATGCCATGTTGAC-1","slingPseudotime_2",23.3066618978006,"STOP","aucell_exhausted_score",0,"exhausted"
"ATGAGGCGTTAATGCCATGTTGAC-1","slingPseudotime_2",23.3066618978006,"STOP","aucell_proliferating_score",0,"proliferating"
"ATGAGGCGTTAATGCCATGTTGAC-1","slingPseudotime_2",23.3066618978006,"STOP","aucell_naive_memory_score",0,"naive_memory"
"ATGAGGCGTTAATGCCATGTTGAC-1","slingPseudotime_2",23.3066618978006,"STOP","aucell_cytotoxic_score",0.269264525188696,"cytotoxic"
"ATGGATTCATATTTCGATGTTGAC-1","slingPseudotime_1",24.1791044221419,"STOP","aucell_exhausted_score",0,"exhausted"
"ATGGATTCATATTTCGATGTTGAC-1","slingPseudotime_1",24.1791044221419,"STOP","aucell_proliferating_score",0,"proliferating"
"ATGGATTCATATTTCGATGTTGAC-1","slingPseudotime_1",24.1791044221419,"STOP","aucell_naive_memory_score",0.125894736842105,"naive_memory"
"ATGGATTCATATTTCGATGTTGAC-1","slingPseudotime_1",24.1791044221419,"STOP","aucell_cytotoxic_score",0.662278392136212,"cytotoxic"
"ATGGATTCATATTTCGATGTTGAC-1","slingPseudotime_2",22.4195544387643,"STOP","aucell_exhausted_score",0,"exhausted"
"ATGGATTCATATTTCGATGTTGAC-1","slingPseudotime_2",22.4195544387643,"STOP","aucell_proliferating_score",0,"proliferating"
"ATGGATTCATATTTCGATGTTGAC-1","slingPseudotime_2",22.4195544387643,"STOP","aucell_naive_memory_score",0.125894736842105,"naive_memory"
"ATGGATTCATATTTCGATGTTGAC-1","slingPseudotime_2",22.4195544387643,"STOP","aucell_cytotoxic_score",0.662278392136212,"cytotoxic"
"ATTCGTTAGGATCCCTATGTTGAC-1","slingPseudotime_1",34.9909185102779,"STOP","aucell_exhausted_score",0,"exhausted"
"ATTCGTTAGGATCCCTATGTTGAC-1","slingPseudotime_1",34.9909185102779,"STOP","aucell_proliferating_score",0,"proliferating"
"ATTCGTTAGGATCCCTATGTTGAC-1","slingPseudotime_1",34.9909185102779,"STOP","aucell_naive_memory_score",0,"naive_memory"
"ATTCGTTAGGATCCCTATGTTGAC-1","slingPseudotime_1",34.9909185102779,"STOP","aucell_cytotoxic_score",0.542390731964192,"cytotoxic"
"ATTCGTTAGGATCCCTATGTTGAC-1","slingPseudotime_2",20.5819243786567,"STOP","aucell_exhausted_score",0,"exhausted"
"ATTCGTTAGGATCCCTATGTTGAC-1","slingPseudotime_2",20.5819243786567,"STOP","aucell_proliferating_score",0,"proliferating"
"ATTCGTTAGGATCCCTATGTTGAC-1","slingPseudotime_2",20.5819243786567,"STOP","aucell_naive_memory_score",0,"naive_memory"
"ATTCGTTAGGATCCCTATGTTGAC-1","slingPseudotime_2",20.5819243786567,"STOP","aucell_cytotoxic_score",0.542390731964192,"cytotoxic"
"CAACCGGCAGGATTGCATGTTGAC-1","slingPseudotime_2",45.9630762423412,"STOP","aucell_exhausted_score",0.273828330700369,"exhausted"
"CAACCGGCAGGATTGCATGTTGAC-1","slingPseudotime_2",45.9630762423412,"STOP","aucell_proliferating_score",0,"proliferating"
"CAACCGGCAGGATTGCATGTTGAC-1","slingPseudotime_2",45.9630762423412,"STOP","aucell_naive_memory_score",0,"naive_memory"
"CAACCGGCAGGATTGCATGTTGAC-1","slingPseudotime_2",45.9630762423412,"STOP","aucell_cytotoxic_score",0.381779884149552,"cytotoxic"
"CAAGACTAGTTTACCGATGTTGAC-1","slingPseudotime_1",22.9797682129655,"STOP","aucell_exhausted_score",0,"exhausted"
"CAAGACTAGTTTACCGATGTTGAC-1","slingPseudotime_1",22.9797682129655,"STOP","aucell_proliferating_score",0,"proliferating"
"CAAGACTAGTTTACCGATGTTGAC-1","slingPseudotime_1",22.9797682129655,"STOP","aucell_naive_memory_score",0,"naive_memory"
"CAAGACTAGTTTACCGATGTTGAC-1","slingPseudotime_1",22.9797682129655,"STOP","aucell_cytotoxic_score",0.373705459013516,"cytotoxic"
"CAAGACTAGTTTACCGATGTTGAC-1","slingPseudotime_2",22.0282216951013,"STOP","aucell_exhausted_score",0,"exhausted"
"CAAGACTAGTTTACCGATGTTGAC-1","slingPseudotime_2",22.0282216951013,"STOP","aucell_proliferating_score",0,"proliferating"
"CAAGACTAGTTTACCGATGTTGAC-1","slingPseudotime_2",22.0282216951013,"STOP","aucell_naive_memory_score",0,"naive_memory"
"CAAGACTAGTTTACCGATGTTGAC-1","slingPseudotime_2",22.0282216951013,"STOP","aucell_cytotoxic_score",0.373705459013516,"cytotoxic"
"CAAGGTCCAGCTTAAGATGTTGAC-1","slingPseudotime_1",27.6678572269854,"STOP","aucell_exhausted_score",0.0591539406705284,"exhausted"
"CAAGGTCCAGCTTAAGATGTTGAC-1","slingPseudotime_1",27.6678572269854,"STOP","aucell_proliferating_score",0,"proliferating"
"CAAGGTCCAGCTTAAGATGTTGAC-1","slingPseudotime_1",27.6678572269854,"STOP","aucell_naive_memory_score",0.012,"naive_memory"
"CAAGGTCCAGCTTAAGATGTTGAC-1","slingPseudotime_1",27.6678572269854,"STOP","aucell_cytotoxic_score",0.158855538002457,"cytotoxic"
"CAAGGTCCAGCTTAAGATGTTGAC-1","slingPseudotime_2",27.1458220174584,"STOP","aucell_exhausted_score",0.0591539406705284,"exhausted"
"CAAGGTCCAGCTTAAGATGTTGAC-1","slingPseudotime_2",27.1458220174584,"STOP","aucell_proliferating_score",0,"proliferating"
"CAAGGTCCAGCTTAAGATGTTGAC-1","slingPseudotime_2",27.1458220174584,"STOP","aucell_naive_memory_score",0.012,"naive_memory"
"CAAGGTCCAGCTTAAGATGTTGAC-1","slingPseudotime_2",27.1458220174584,"STOP","aucell_cytotoxic_score",0.158855538002457,"cytotoxic"
"CAAGGTCCAGCTTAAGATGTTGAC-1","slingPseudotime_3",1.28246341584609,"STOP","aucell_exhausted_score",0.0591539406705284,"exhausted"
"CAAGGTCCAGCTTAAGATGTTGAC-1","slingPseudotime_3",1.28246341584609,"STOP","aucell_proliferating_score",0,"proliferating"
"CAAGGTCCAGCTTAAGATGTTGAC-1","slingPseudotime_3",1.28246341584609,"STOP","aucell_naive_memory_score",0.012,"naive_memory"
"CAAGGTCCAGCTTAAGATGTTGAC-1","slingPseudotime_3",1.28246341584609,"STOP","aucell_cytotoxic_score",0.158855538002457,"cytotoxic"
"CAAGGTCCAGCTTAAGATGTTGAC-1","slingPseudotime_4",1.2789938565693,"STOP","aucell_exhausted_score",0.0591539406705284,"exhausted"
"CAAGGTCCAGCTTAAGATGTTGAC-1","slingPseudotime_4",1.2789938565693,"STOP","aucell_proliferating_score",0,"proliferating"
"CAAGGTCCAGCTTAAGATGTTGAC-1","slingPseudotime_4",1.2789938565693,"STOP","aucell_naive_memory_score",0.012,"naive_memory"
"CAAGGTCCAGCTTAAGATGTTGAC-1","slingPseudotime_4",1.2789938565693,"STOP","aucell_cytotoxic_score",0.158855538002457,"cytotoxic"
"CAATCGCTCGGCTAAGATGTTGAC-1","slingPseudotime_1",28.286362155894,"STOP","aucell_exhausted_score",0.43619448832719,"exhausted"
"CAATCGCTCGGCTAAGATGTTGAC-1","slingPseudotime_1",28.286362155894,"STOP","aucell_proliferating_score",0,"proliferating"
"CAATCGCTCGGCTAAGATGTTGAC-1","slingPseudotime_1",28.286362155894,"STOP","aucell_naive_memory_score",0,"naive_memory"
"CAATCGCTCGGCTAAGATGTTGAC-1","slingPseudotime_1",28.286362155894,"STOP","aucell_cytotoxic_score",0.142882218711603,"cytotoxic"
"CAATCGCTCGGCTAAGATGTTGAC-1","slingPseudotime_2",25.8873578284554,"STOP","aucell_exhausted_score",0.43619448832719,"exhausted"
"CAATCGCTCGGCTAAGATGTTGAC-1","slingPseudotime_2",25.8873578284554,"STOP","aucell_proliferating_score",0,"proliferating"
"CAATCGCTCGGCTAAGATGTTGAC-1","slingPseudotime_2",25.8873578284554,"STOP","aucell_naive_memory_score",0,"naive_memory"
"CAATCGCTCGGCTAAGATGTTGAC-1","slingPseudotime_2",25.8873578284554,"STOP","aucell_cytotoxic_score",0.142882218711603,"cytotoxic"
"CATCTTGAGGCGCAACATGTTGAC-1","slingPseudotime_1",26.0910865822789,"STOP","aucell_exhausted_score",0,"exhausted"
"CATCTTGAGGCGCAACATGTTGAC-1","slingPseudotime_1",26.0910865822789,"STOP","aucell_proliferating_score",0,"proliferating"
"CATCTTGAGGCGCAACATGTTGAC-1","slingPseudotime_1",26.0910865822789,"STOP","aucell_naive_memory_score",0.152210526315789,"naive_memory"
"CATCTTGAGGCGCAACATGTTGAC-1","slingPseudotime_1",26.0910865822789,"STOP","aucell_cytotoxic_score",0.134983324556784,"cytotoxic"
"CATCTTGAGGCGCAACATGTTGAC-1","slingPseudotime_2",24.2084470892013,"STOP","aucell_exhausted_score",0,"exhausted"
"CATCTTGAGGCGCAACATGTTGAC-1","slingPseudotime_2",24.2084470892013,"STOP","aucell_proliferating_score",0,"proliferating"
"CATCTTGAGGCGCAACATGTTGAC-1","slingPseudotime_2",24.2084470892013,"STOP","aucell_naive_memory_score",0.152210526315789,"naive_memory"
"CATCTTGAGGCGCAACATGTTGAC-1","slingPseudotime_2",24.2084470892013,"STOP","aucell_cytotoxic_score",0.134983324556784,"cytotoxic"
"CCAACTGGTGAGAAGGATGTTGAC-1","slingPseudotime_1",26.1666308596774,"STOP","aucell_exhausted_score",0,"exhausted"
"CCAACTGGTGAGAAGGATGTTGAC-1","slingPseudotime_1",26.1666308596774,"STOP","aucell_proliferating_score",0,"proliferating"
"CCAACTGGTGAGAAGGATGTTGAC-1","slingPseudotime_1",26.1666308596774,"STOP","aucell_naive_memory_score",0.165263157894737,"naive_memory"
"CCAACTGGTGAGAAGGATGTTGAC-1","slingPseudotime_1",26.1666308596774,"STOP","aucell_cytotoxic_score",0.331226961558715,"cytotoxic"
"CCAACTGGTGAGAAGGATGTTGAC-1","slingPseudotime_2",25.1294156054093,"STOP","aucell_exhausted_score",0,"exhausted"
"CCAACTGGTGAGAAGGATGTTGAC-1","slingPseudotime_2",25.1294156054093,"STOP","aucell_proliferating_score",0,"proliferating"
"CCAACTGGTGAGAAGGATGTTGAC-1","slingPseudotime_2",25.1294156054093,"STOP","aucell_naive_memory_score",0.165263157894737,"naive_memory"
"CCAACTGGTGAGAAGGATGTTGAC-1","slingPseudotime_2",25.1294156054093,"STOP","aucell_cytotoxic_score",0.331226961558715,"cytotoxic"
"CCAATTAGTACGAATGATGTTGAC-1","slingPseudotime_1",23.0278785348832,"STOP","aucell_exhausted_score",0,"exhausted"
"CCAATTAGTACGAATGATGTTGAC-1","slingPseudotime_1",23.0278785348832,"STOP","aucell_proliferating_score",0,"proliferating"
"CCAATTAGTACGAATGATGTTGAC-1","slingPseudotime_1",23.0278785348832,"STOP","aucell_naive_memory_score",0,"naive_memory"
"CCAATTAGTACGAATGATGTTGAC-1","slingPseudotime_1",23.0278785348832,"STOP","aucell_cytotoxic_score",0.32789187291557,"cytotoxic"
"CCAATTAGTACGAATGATGTTGAC-1","slingPseudotime_2",21.7731975064107,"STOP","aucell_exhausted_score",0,"exhausted"
"CCAATTAGTACGAATGATGTTGAC-1","slingPseudotime_2",21.7731975064107,"STOP","aucell_proliferating_score",0,"proliferating"
"CCAATTAGTACGAATGATGTTGAC-1","slingPseudotime_2",21.7731975064107,"STOP","aucell_naive_memory_score",0,"naive_memory"
"CCAATTAGTACGAATGATGTTGAC-1","slingPseudotime_2",21.7731975064107,"STOP","aucell_cytotoxic_score",0.32789187291557,"cytotoxic"
"CCATCACAGTTTGGTTATGTTGAC-1","slingPseudotime_1",26.1609101223947,"STOP","aucell_exhausted_score",0.117079164472529,"exhausted"
"CCATCACAGTTTGGTTATGTTGAC-1","slingPseudotime_1",26.1609101223947,"STOP","aucell_proliferating_score",0.0781052631578947,"proliferating"
"CCATCACAGTTTGGTTATGTTGAC-1","slingPseudotime_1",26.1609101223947,"STOP","aucell_naive_memory_score",0,"naive_memory"
"CCATCACAGTTTGGTTATGTTGAC-1","slingPseudotime_1",26.1609101223947,"STOP","aucell_cytotoxic_score",0.37335439705108,"cytotoxic"
"CCATCACAGTTTGGTTATGTTGAC-1","slingPseudotime_2",22.8653380947625,"STOP","aucell_exhausted_score",0.117079164472529,"exhausted"
"CCATCACAGTTTGGTTATGTTGAC-1","slingPseudotime_2",22.8653380947625,"STOP","aucell_proliferating_score",0.0781052631578947,"proliferating"
"CCATCACAGTTTGGTTATGTTGAC-1","slingPseudotime_2",22.8653380947625,"STOP","aucell_naive_memory_score",0,"naive_memory"
"CCATCACAGTTTGGTTATGTTGAC-1","slingPseudotime_2",22.8653380947625,"STOP","aucell_cytotoxic_score",0.37335439705108,"cytotoxic"
"CCATTCGCATCGTTCGATGTTGAC-1","slingPseudotime_1",20.4131630528653,"STOP","aucell_exhausted_score",0,"exhausted"
"CCATTCGCATCGTTCGATGTTGAC-1","slingPseudotime_1",20.4131630528653,"STOP","aucell_proliferating_score",0,"proliferating"
"CCATTCGCATCGTTCGATGTTGAC-1","slingPseudotime_1",20.4131630528653,"STOP","aucell_naive_memory_score",0,"naive_memory"
"CCATTCGCATCGTTCGATGTTGAC-1","slingPseudotime_1",20.4131630528653,"STOP","aucell_cytotoxic_score",0.16535018430753,"cytotoxic"
"CCATTCGCATCGTTCGATGTTGAC-1","slingPseudotime_2",19.1741041544012,"STOP","aucell_exhausted_score",0,"exhausted"
"CCATTCGCATCGTTCGATGTTGAC-1","slingPseudotime_2",19.1741041544012,"STOP","aucell_proliferating_score",0,"proliferating"
"CCATTCGCATCGTTCGATGTTGAC-1","slingPseudotime_2",19.1741041544012,"STOP","aucell_naive_memory_score",0,"naive_memory"
"CCATTCGCATCGTTCGATGTTGAC-1","slingPseudotime_2",19.1741041544012,"STOP","aucell_cytotoxic_score",0.16535018430753,"cytotoxic"
"CCATTCGCATCGTTCGATGTTGAC-1","slingPseudotime_3",22.4353360567858,"STOP","aucell_exhausted_score",0,"exhausted"
"CCATTCGCATCGTTCGATGTTGAC-1","slingPseudotime_3",22.4353360567858,"STOP","aucell_proliferating_score",0,"proliferating"
"CCATTCGCATCGTTCGATGTTGAC-1","slingPseudotime_3",22.4353360567858,"STOP","aucell_naive_memory_score",0,"naive_memory"
"CCATTCGCATCGTTCGATGTTGAC-1","slingPseudotime_3",22.4353360567858,"STOP","aucell_cytotoxic_score",0.16535018430753,"cytotoxic"
"CCATTCGCATCGTTCGATGTTGAC-1","slingPseudotime_4",21.1970635046466,"STOP","aucell_exhausted_score",0,"exhausted"
"CCATTCGCATCGTTCGATGTTGAC-1","slingPseudotime_4",21.1970635046466,"STOP","aucell_proliferating_score",0,"proliferating"
"CCATTCGCATCGTTCGATGTTGAC-1","slingPseudotime_4",21.1970635046466,"STOP","aucell_naive_memory_score",0,"naive_memory"
"CCATTCGCATCGTTCGATGTTGAC-1","slingPseudotime_4",21.1970635046466,"STOP","aucell_cytotoxic_score",0.16535018430753,"cytotoxic"
"CCCTGAGTCAGCGGGTATGTTGAC-1","slingPseudotime_2",31.042863611645,"STOP","aucell_exhausted_score",0.152360891697385,"exhausted"
"CCCTGAGTCAGCGGGTATGTTGAC-1","slingPseudotime_2",31.042863611645,"STOP","aucell_proliferating_score",0,"proliferating"
"CCCTGAGTCAGCGGGTATGTTGAC-1","slingPseudotime_2",31.042863611645,"STOP","aucell_naive_memory_score",0.0528421052631579,"naive_memory"
"CCCTGAGTCAGCGGGTATGTTGAC-1","slingPseudotime_2",31.042863611645,"STOP","aucell_cytotoxic_score",0,"cytotoxic"
"CCCTGGATCTACTACGATGTTGAC-1","slingPseudotime_1",22.1001906995834,"STOP","aucell_exhausted_score",0.0619624363700193,"exhausted"
"CCCTGGATCTACTACGATGTTGAC-1","slingPseudotime_1",22.1001906995834,"STOP","aucell_proliferating_score",0,"proliferating"
"CCCTGGATCTACTACGATGTTGAC-1","slingPseudotime_1",22.1001906995834,"STOP","aucell_naive_memory_score",0,"naive_memory"
"CCCTGGATCTACTACGATGTTGAC-1","slingPseudotime_1",22.1001906995834,"STOP","aucell_cytotoxic_score",0.501492013340355,"cytotoxic"
"CCCTGGATCTACTACGATGTTGAC-1","slingPseudotime_2",20.9035015758909,"STOP","aucell_exhausted_score",0.0619624363700193,"exhausted"
"CCCTGGATCTACTACGATGTTGAC-1","slingPseudotime_2",20.9035015758909,"STOP","aucell_proliferating_score",0,"proliferating"
"CCCTGGATCTACTACGATGTTGAC-1","slingPseudotime_2",20.9035015758909,"STOP","aucell_naive_memory_score",0,"naive_memory"
"CCCTGGATCTACTACGATGTTGAC-1","slingPseudotime_2",20.9035015758909,"STOP","aucell_cytotoxic_score",0.501492013340355,"cytotoxic"
"CCTCGATAGTTACACTATGTTGAC-1","slingPseudotime_1",23.7836535041934,"STOP","aucell_exhausted_score",0,"exhausted"
"CCTCGATAGTTACACTATGTTGAC-1","slingPseudotime_1",23.7836535041934,"STOP","aucell_proliferating_score",0.00968421052631579,"proliferating"
"CCTCGATAGTTACACTATGTTGAC-1","slingPseudotime_1",23.7836535041934,"STOP","aucell_naive_memory_score",0,"naive_memory"
"CCTCGATAGTTACACTATGTTGAC-1","slingPseudotime_1",23.7836535041934,"STOP","aucell_cytotoxic_score",0.64121467439003,"cytotoxic"
"CCTCGATAGTTACACTATGTTGAC-1","slingPseudotime_2",26.0020410414083,"STOP","aucell_exhausted_score",0,"exhausted"
"CCTCGATAGTTACACTATGTTGAC-1","slingPseudotime_2",26.0020410414083,"STOP","aucell_proliferating_score",0.00968421052631579,"proliferating"
"CCTCGATAGTTACACTATGTTGAC-1","slingPseudotime_2",26.0020410414083,"STOP","aucell_naive_memory_score",0,"naive_memory"
"CCTCGATAGTTACACTATGTTGAC-1","slingPseudotime_2",26.0020410414083,"STOP","aucell_cytotoxic_score",0.64121467439003,"cytotoxic"
"CCTTAAAGTCCTGACAATGTTGAC-1","slingPseudotime_3",28.8111202401785,"STOP","aucell_exhausted_score",0.0928558890644199,"exhausted"
"CCTTAAAGTCCTGACAATGTTGAC-1","slingPseudotime_3",28.8111202401785,"STOP","aucell_proliferating_score",0,"proliferating"
"CCTTAAAGTCCTGACAATGTTGAC-1","slingPseudotime_3",28.8111202401785,"STOP","aucell_naive_memory_score",0,"naive_memory"
"CCTTAAAGTCCTGACAATGTTGAC-1","slingPseudotime_3",28.8111202401785,"STOP","aucell_cytotoxic_score",0.461997542566263,"cytotoxic"
"CGAAGAAAGCTAGCCTATGTTGAC-1","slingPseudotime_1",25.6672224487042,"STOP","aucell_exhausted_score",0,"exhausted"
"CGAAGAAAGCTAGCCTATGTTGAC-1","slingPseudotime_1",25.6672224487042,"STOP","aucell_proliferating_score",0,"proliferating"
"CGAAGAAAGCTAGCCTATGTTGAC-1","slingPseudotime_1",25.6672224487042,"STOP","aucell_naive_memory_score",0,"naive_memory"
"CGAAGAAAGCTAGCCTATGTTGAC-1","slingPseudotime_1",25.6672224487042,"STOP","aucell_cytotoxic_score",0.489555906617518,"cytotoxic"
"CGAAGAAAGCTAGCCTATGTTGAC-1","slingPseudotime_2",23.7440619575543,"STOP","aucell_exhausted_score",0,"exhausted"
"CGAAGAAAGCTAGCCTATGTTGAC-1","slingPseudotime_2",23.7440619575543,"STOP","aucell_proliferating_score",0,"proliferating"
"CGAAGAAAGCTAGCCTATGTTGAC-1","slingPseudotime_2",23.7440619575543,"STOP","aucell_naive_memory_score",0,"naive_memory"
"CGAAGAAAGCTAGCCTATGTTGAC-1","slingPseudotime_2",23.7440619575543,"STOP","aucell_cytotoxic_score",0.489555906617518,"cytotoxic"
"CGACCGTGTATTCGGTATGTTGAC-1","slingPseudotime_2",64.5789751543444,"STOP","aucell_exhausted_score",0,"exhausted"
"CGACCGTGTATTCGGTATGTTGAC-1","slingPseudotime_2",64.5789751543444,"STOP","aucell_proliferating_score",0,"proliferating"
"CGACCGTGTATTCGGTATGTTGAC-1","slingPseudotime_2",64.5789751543444,"STOP","aucell_naive_memory_score",0,"naive_memory"
"CGACCGTGTATTCGGTATGTTGAC-1","slingPseudotime_2",64.5789751543444,"STOP","aucell_cytotoxic_score",0.306126031244515,"cytotoxic"
"CGCTCAGTCCTCACTTATGTTGAC-1","slingPseudotime_1",30.8461261789392,"STOP","aucell_exhausted_score",0,"exhausted"
"CGCTCAGTCCTCACTTATGTTGAC-1","slingPseudotime_1",30.8461261789392,"STOP","aucell_proliferating_score",0,"proliferating"
"CGCTCAGTCCTCACTTATGTTGAC-1","slingPseudotime_1",30.8461261789392,"STOP","aucell_naive_memory_score",0,"naive_memory"
"CGCTCAGTCCTCACTTATGTTGAC-1","slingPseudotime_1",30.8461261789392,"STOP","aucell_cytotoxic_score",0.32683868702826,"cytotoxic"
"CGCTCAGTCCTCACTTATGTTGAC-1","slingPseudotime_2",26.2653342040275,"STOP","aucell_exhausted_score",0,"exhausted"
"CGCTCAGTCCTCACTTATGTTGAC-1","slingPseudotime_2",26.2653342040275,"STOP","aucell_proliferating_score",0,"proliferating"
"CGCTCAGTCCTCACTTATGTTGAC-1","slingPseudotime_2",26.2653342040275,"STOP","aucell_naive_memory_score",0,"naive_memory"
"CGCTCAGTCCTCACTTATGTTGAC-1","slingPseudotime_2",26.2653342040275,"STOP","aucell_cytotoxic_score",0.32683868702826,"cytotoxic"
"CGGGATGGTGATTACCATGTTGAC-1","slingPseudotime_3",25.8423877913145,"STOP","aucell_exhausted_score",0.0477444268913463,"exhausted"
"CGGGATGGTGATTACCATGTTGAC-1","slingPseudotime_3",25.8423877913145,"STOP","aucell_proliferating_score",0,"proliferating"
"CGGGATGGTGATTACCATGTTGAC-1","slingPseudotime_3",25.8423877913145,"STOP","aucell_naive_memory_score",0.0633684210526316,"naive_memory"
"CGGGATGGTGATTACCATGTTGAC-1","slingPseudotime_3",25.8423877913145,"STOP","aucell_cytotoxic_score",0.492539933298227,"cytotoxic"
"CGGGATGGTTGTTTGAATGTTGAC-1","slingPseudotime_3",34.2821418591347,"STOP","aucell_exhausted_score",0.14218009478673,"exhausted"
"CGGGATGGTTGTTTGAATGTTGAC-1","slingPseudotime_3",34.2821418591347,"STOP","aucell_proliferating_score",0,"proliferating"
"CGGGATGGTTGTTTGAATGTTGAC-1","slingPseudotime_3",34.2821418591347,"STOP","aucell_naive_memory_score",0,"naive_memory"
"CGGGATGGTTGTTTGAATGTTGAC-1","slingPseudotime_3",34.2821418591347,"STOP","aucell_cytotoxic_score",0.317886606986133,"cytotoxic"
"CGGGCTACATTGCCGCATGTTGAC-1","slingPseudotime_3",35.5293398564506,"STOP","aucell_exhausted_score",0.228892399508513,"exhausted"
"CGGGCTACATTGCCGCATGTTGAC-1","slingPseudotime_3",35.5293398564506,"STOP","aucell_proliferating_score",0,"proliferating"
"CGGGCTACATTGCCGCATGTTGAC-1","slingPseudotime_3",35.5293398564506,"STOP","aucell_naive_memory_score",0,"naive_memory"
"CGGGCTACATTGCCGCATGTTGAC-1","slingPseudotime_3",35.5293398564506,"STOP","aucell_cytotoxic_score",0.444268913463226,"cytotoxic"
"CGTAACGAGCGCTCCAATGTTGAC-1","slingPseudotime_1",25.806825986065,"STOP","aucell_exhausted_score",0,"exhausted"
"CGTAACGAGCGCTCCAATGTTGAC-1","slingPseudotime_1",25.806825986065,"STOP","aucell_proliferating_score",0,"proliferating"
"CGTAACGAGCGCTCCAATGTTGAC-1","slingPseudotime_1",25.806825986065,"STOP","aucell_naive_memory_score",0.0909473684210526,"naive_memory"
"CGTAACGAGCGCTCCAATGTTGAC-1","slingPseudotime_1",25.806825986065,"STOP","aucell_cytotoxic_score",0.475162366157627,"cytotoxic"
"CGTAACGAGCGCTCCAATGTTGAC-1","slingPseudotime_2",26.8244471382276,"STOP","aucell_exhausted_score",0,"exhausted"
"CGTAACGAGCGCTCCAATGTTGAC-1","slingPseudotime_2",26.8244471382276,"STOP","aucell_proliferating_score",0,"proliferating"
"CGTAACGAGCGCTCCAATGTTGAC-1","slingPseudotime_2",26.8244471382276,"STOP","aucell_naive_memory_score",0.0909473684210526,"naive_memory"
"CGTAACGAGCGCTCCAATGTTGAC-1","slingPseudotime_2",26.8244471382276,"STOP","aucell_cytotoxic_score",0.475162366157627,"cytotoxic"
"CGTCCATAGCTCGATCATGTTGAC-1","slingPseudotime_1",28.7503208038251,"STOP","aucell_exhausted_score",0.0368615060558189,"exhausted"
"CGTCCATAGCTCGATCATGTTGAC-1","slingPseudotime_1",28.7503208038251,"STOP","aucell_proliferating_score",0,"proliferating"
"CGTCCATAGCTCGATCATGTTGAC-1","slingPseudotime_1",28.7503208038251,"STOP","aucell_naive_memory_score",0,"naive_memory"
"CGTCCATAGCTCGATCATGTTGAC-1","slingPseudotime_1",28.7503208038251,"STOP","aucell_cytotoxic_score",0,"cytotoxic"
"CGTCCATAGCTCGATCATGTTGAC-1","slingPseudotime_2",24.7120929456675,"STOP","aucell_exhausted_score",0.0368615060558189,"exhausted"
"CGTCCATAGCTCGATCATGTTGAC-1","slingPseudotime_2",24.7120929456675,"STOP","aucell_proliferating_score",0,"proliferating"
"CGTCCATAGCTCGATCATGTTGAC-1","slingPseudotime_2",24.7120929456675,"STOP","aucell_naive_memory_score",0,"naive_memory"
"CGTCCATAGCTCGATCATGTTGAC-1","slingPseudotime_2",24.7120929456675,"STOP","aucell_cytotoxic_score",0,"cytotoxic"
"CGTGAGGGTTGAGGACATGTTGAC-1","slingPseudotime_1",33.8877776551154,"STOP","aucell_exhausted_score",0,"exhausted"
"CGTGAGGGTTGAGGACATGTTGAC-1","slingPseudotime_1",33.8877776551154,"STOP","aucell_proliferating_score",0,"proliferating"
"CGTGAGGGTTGAGGACATGTTGAC-1","slingPseudotime_1",33.8877776551154,"STOP","aucell_naive_memory_score",0.0604210526315789,"naive_memory"
"CGTGAGGGTTGAGGACATGTTGAC-1","slingPseudotime_1",33.8877776551154,"STOP","aucell_cytotoxic_score",0.400035106196244,"cytotoxic"
"CGTTACATCCCTCATTATGTTGAC-1","slingPseudotime_1",33.2326749218896,"STOP","aucell_exhausted_score",0,"exhausted"
"CGTTACATCCCTCATTATGTTGAC-1","slingPseudotime_1",33.2326749218896,"STOP","aucell_proliferating_score",0,"proliferating"
"CGTTACATCCCTCATTATGTTGAC-1","slingPseudotime_1",33.2326749218896,"STOP","aucell_naive_memory_score",0,"naive_memory"
"CGTTACATCCCTCATTATGTTGAC-1","slingPseudotime_1",33.2326749218896,"STOP","aucell_cytotoxic_score",0.511146217307355,"cytotoxic"
"CGTTGCGTCGAGGCACATGTTGAC-1","slingPseudotime_1",25.8952835654927,"STOP","aucell_exhausted_score",0,"exhausted"
"CGTTGCGTCGAGGCACATGTTGAC-1","slingPseudotime_1",25.8952835654927,"STOP","aucell_proliferating_score",0,"proliferating"
"CGTTGCGTCGAGGCACATGTTGAC-1","slingPseudotime_1",25.8952835654927,"STOP","aucell_naive_memory_score",0.181263157894737,"naive_memory"
"CGTTGCGTCGAGGCACATGTTGAC-1","slingPseudotime_1",25.8952835654927,"STOP","aucell_cytotoxic_score",0.331578023521152,"cytotoxic"
"CGTTGCGTCGAGGCACATGTTGAC-1","slingPseudotime_2",22.8653380947625,"STOP","aucell_exhausted_score",0,"exhausted"
"CGTTGCGTCGAGGCACATGTTGAC-1","slingPseudotime_2",22.8653380947625,"STOP","aucell_proliferating_score",0,"proliferating"
"CGTTGCGTCGAGGCACATGTTGAC-1","slingPseudotime_2",22.8653380947625,"STOP","aucell_naive_memory_score",0.181263157894737,"naive_memory"
"CGTTGCGTCGAGGCACATGTTGAC-1","slingPseudotime_2",22.8653380947625,"STOP","aucell_cytotoxic_score",0.331578023521152,"cytotoxic"
"CTAGATGCACTCCCAAATGTTGAC-1","slingPseudotime_1",31.667134406984,"STOP","aucell_exhausted_score",0.209232929612077,"exhausted"
"CTAGATGCACTCCCAAATGTTGAC-1","slingPseudotime_1",31.667134406984,"STOP","aucell_proliferating_score",0,"proliferating"
"CTAGATGCACTCCCAAATGTTGAC-1","slingPseudotime_1",31.667134406984,"STOP","aucell_naive_memory_score",0.0183157894736842,"naive_memory"
"CTAGATGCACTCCCAAATGTTGAC-1","slingPseudotime_1",31.667134406984,"STOP","aucell_cytotoxic_score",0.484816570124627,"cytotoxic"
"CTATATCAGCTTACATATGTTGAC-1","slingPseudotime_1",26.9742382821158,"STOP","aucell_exhausted_score",0,"exhausted"
"CTATATCAGCTTACATATGTTGAC-1","slingPseudotime_1",26.9742382821158,"STOP","aucell_proliferating_score",0,"proliferating"
"CTATATCAGCTTACATATGTTGAC-1","slingPseudotime_1",26.9742382821158,"STOP","aucell_naive_memory_score",0.112,"naive_memory"
"CTATATCAGCTTACATATGTTGAC-1","slingPseudotime_1",26.9742382821158,"STOP","aucell_cytotoxic_score",0.322801474460242,"cytotoxic"
"CTATATCAGCTTACATATGTTGAC-1","slingPseudotime_2",26.1523957432604,"STOP","aucell_exhausted_score",0,"exhausted"
"CTATATCAGCTTACATATGTTGAC-1","slingPseudotime_2",26.1523957432604,"STOP","aucell_proliferating_score",0,"proliferating"
"CTATATCAGCTTACATATGTTGAC-1","slingPseudotime_2",26.1523957432604,"STOP","aucell_naive_memory_score",0.112,"naive_memory"
"CTATATCAGCTTACATATGTTGAC-1","slingPseudotime_2",26.1523957432604,"STOP","aucell_cytotoxic_score",0.322801474460242,"cytotoxic"
"CTATTAGGTGAGTAATATGTTGAC-1","slingPseudotime_1",24.8671092737078,"STOP","aucell_exhausted_score",0,"exhausted"
"CTATTAGGTGAGTAATATGTTGAC-1","slingPseudotime_1",24.8671092737078,"STOP","aucell_proliferating_score",0,"proliferating"
"CTATTAGGTGAGTAATATGTTGAC-1","slingPseudotime_1",24.8671092737078,"STOP","aucell_naive_memory_score",0.281894736842105,"naive_memory"
"CTATTAGGTGAGTAATATGTTGAC-1","slingPseudotime_1",24.8671092737078,"STOP","aucell_cytotoxic_score",0.223626470071968,"cytotoxic"
"CTATTAGGTGAGTAATATGTTGAC-1","slingPseudotime_2",22.8653380947625,"STOP","aucell_exhausted_score",0,"exhausted"
"CTATTAGGTGAGTAATATGTTGAC-1","slingPseudotime_2",22.8653380947625,"STOP","aucell_proliferating_score",0,"proliferating"
"CTATTAGGTGAGTAATATGTTGAC-1","slingPseudotime_2",22.8653380947625,"STOP","aucell_naive_memory_score",0.281894736842105,"naive_memory"
"CTATTAGGTGAGTAATATGTTGAC-1","slingPseudotime_2",22.8653380947625,"STOP","aucell_cytotoxic_score",0.223626470071968,"cytotoxic"
"CTCTCGACAAGCCTCCATGTTGAC-1","slingPseudotime_1",24.2824108245096,"STOP","aucell_exhausted_score",0,"exhausted"
"CTCTCGACAAGCCTCCATGTTGAC-1","slingPseudotime_1",24.2824108245096,"STOP","aucell_proliferating_score",0,"proliferating"
"CTCTCGACAAGCCTCCATGTTGAC-1","slingPseudotime_1",24.2824108245096,"STOP","aucell_naive_memory_score",0,"naive_memory"
"CTCTCGACAAGCCTCCATGTTGAC-1","slingPseudotime_1",24.2824108245096,"STOP","aucell_cytotoxic_score",0.328242934878006,"cytotoxic"
"CTCTCGACAAGCCTCCATGTTGAC-1","slingPseudotime_2",22.4195544387643,"STOP","aucell_exhausted_score",0,"exhausted"
"CTCTCGACAAGCCTCCATGTTGAC-1","slingPseudotime_2",22.4195544387643,"STOP","aucell_proliferating_score",0,"proliferating"
"CTCTCGACAAGCCTCCATGTTGAC-1","slingPseudotime_2",22.4195544387643,"STOP","aucell_naive_memory_score",0,"naive_memory"
"CTCTCGACAAGCCTCCATGTTGAC-1","slingPseudotime_2",22.4195544387643,"STOP","aucell_cytotoxic_score",0.328242934878006,"cytotoxic"
"CTGGTGAAGGTCTTTGATGTTGAC-1","slingPseudotime_1",29.4796294303481,"STOP","aucell_exhausted_score",0.266104967526768,"exhausted"
"CTGGTGAAGGTCTTTGATGTTGAC-1","slingPseudotime_1",29.4796294303481,"STOP","aucell_proliferating_score",0,"proliferating"
"CTGGTGAAGGTCTTTGATGTTGAC-1","slingPseudotime_1",29.4796294303481,"STOP","aucell_naive_memory_score",0.113684210526316,"naive_memory"
"CTGGTGAAGGTCTTTGATGTTGAC-1","slingPseudotime_1",29.4796294303481,"STOP","aucell_cytotoxic_score",0.366684219764788,"cytotoxic"
"GAAGCACGTCCTCATCATGTTGAC-1","slingPseudotime_1",29.3494719379494,"STOP","aucell_exhausted_score",0.112690889942075,"exhausted"
"GAAGCACGTCCTCATCATGTTGAC-1","slingPseudotime_1",29.3494719379494,"STOP","aucell_proliferating_score",0,"proliferating"
"GAAGCACGTCCTCATCATGTTGAC-1","slingPseudotime_1",29.3494719379494,"STOP","aucell_naive_memory_score",0,"naive_memory"
"GAAGCACGTCCTCATCATGTTGAC-1","slingPseudotime_1",29.3494719379494,"STOP","aucell_cytotoxic_score",0.575917149376865,"cytotoxic"
"GAAGCACGTCCTCATCATGTTGAC-1","slingPseudotime_2",26.309335602767,"STOP","aucell_exhausted_score",0.112690889942075,"exhausted"
"GAAGCACGTCCTCATCATGTTGAC-1","slingPseudotime_2",26.309335602767,"STOP","aucell_proliferating_score",0,"proliferating"
"GAAGCACGTCCTCATCATGTTGAC-1","slingPseudotime_2",26.309335602767,"STOP","aucell_naive_memory_score",0,"naive_memory"
"GAAGCACGTCCTCATCATGTTGAC-1","slingPseudotime_2",26.309335602767,"STOP","aucell_cytotoxic_score",0.575917149376865,"cytotoxic"
"GAATCACAGTTACTCGATGTTGAC-1","slingPseudotime_1",27.4134290818846,"STOP","aucell_exhausted_score",0,"exhausted"
"GAATCACAGTTACTCGATGTTGAC-1","slingPseudotime_1",27.4134290818846,"STOP","aucell_proliferating_score",0,"proliferating"
"GAATCACAGTTACTCGATGTTGAC-1","slingPseudotime_1",27.4134290818846,"STOP","aucell_naive_memory_score",0,"naive_memory"
"GAATCACAGTTACTCGATGTTGAC-1","slingPseudotime_1",27.4134290818846,"STOP","aucell_cytotoxic_score",0.107776022467966,"cytotoxic"
"GAATCACAGTTACTCGATGTTGAC-1","slingPseudotime_2",25.7424616971994,"STOP","aucell_exhausted_score",0,"exhausted"
"GAATCACAGTTACTCGATGTTGAC-1","slingPseudotime_2",25.7424616971994,"STOP","aucell_proliferating_score",0,"proliferating"
"GAATCACAGTTACTCGATGTTGAC-1","slingPseudotime_2",25.7424616971994,"STOP","aucell_naive_memory_score",0,"naive_memory"
"GAATCACAGTTACTCGATGTTGAC-1","slingPseudotime_2",25.7424616971994,"STOP","aucell_cytotoxic_score",0.107776022467966,"cytotoxic"
"GACCTCAGTGACCTGCATGTTGAC-1","slingPseudotime_1",18.5300213746314,"STOP","aucell_exhausted_score",0.0556433210461647,"exhausted"
"GACCTCAGTGACCTGCATGTTGAC-1","slingPseudotime_1",18.5300213746314,"STOP","aucell_proliferating_score",0,"proliferating"
"GACCTCAGTGACCTGCATGTTGAC-1","slingPseudotime_1",18.5300213746314,"STOP","aucell_naive_memory_score",0,"naive_memory"
"GACCTCAGTGACCTGCATGTTGAC-1","slingPseudotime_1",18.5300213746314,"STOP","aucell_cytotoxic_score",0.512725996138318,"cytotoxic"
"GACCTCAGTGACCTGCATGTTGAC-1","slingPseudotime_2",18.1007995139253,"STOP","aucell_exhausted_score",0.0556433210461647,"exhausted"
"GACCTCAGTGACCTGCATGTTGAC-1","slingPseudotime_2",18.1007995139253,"STOP","aucell_proliferating_score",0,"proliferating"
"GACCTCAGTGACCTGCATGTTGAC-1","slingPseudotime_2",18.1007995139253,"STOP","aucell_naive_memory_score",0,"naive_memory"
"GACCTCAGTGACCTGCATGTTGAC-1","slingPseudotime_2",18.1007995139253,"STOP","aucell_cytotoxic_score",0.512725996138318,"cytotoxic"
"GACCTCAGTGACCTGCATGTTGAC-1","slingPseudotime_3",24.2307811151634,"STOP","aucell_exhausted_score",0.0556433210461647,"exhausted"
"GACCTCAGTGACCTGCATGTTGAC-1","slingPseudotime_3",24.2307811151634,"STOP","aucell_proliferating_score",0,"proliferating"
"GACCTCAGTGACCTGCATGTTGAC-1","slingPseudotime_3",24.2307811151634,"STOP","aucell_naive_memory_score",0,"naive_memory"
"GACCTCAGTGACCTGCATGTTGAC-1","slingPseudotime_3",24.2307811151634,"STOP","aucell_cytotoxic_score",0.512725996138318,"cytotoxic"
"GACCTCAGTGACCTGCATGTTGAC-1","slingPseudotime_4",18.1679248512554,"STOP","aucell_exhausted_score",0.0556433210461647,"exhausted"
"GACCTCAGTGACCTGCATGTTGAC-1","slingPseudotime_4",18.1679248512554,"STOP","aucell_proliferating_score",0,"proliferating"
"GACCTCAGTGACCTGCATGTTGAC-1","slingPseudotime_4",18.1679248512554,"STOP","aucell_naive_memory_score",0,"naive_memory"
"GACCTCAGTGACCTGCATGTTGAC-1","slingPseudotime_4",18.1679248512554,"STOP","aucell_cytotoxic_score",0.512725996138318,"cytotoxic"
"GACGAGGAGGACTTAAATGTTGAC-1","slingPseudotime_2",30.0397649303091,"STOP","aucell_exhausted_score",0.406003159557662,"exhausted"
"GACGAGGAGGACTTAAATGTTGAC-1","slingPseudotime_2",30.0397649303091,"STOP","aucell_proliferating_score",0,"proliferating"
"GACGAGGAGGACTTAAATGTTGAC-1","slingPseudotime_2",30.0397649303091,"STOP","aucell_naive_memory_score",0,"naive_memory"
"GACGAGGAGGACTTAAATGTTGAC-1","slingPseudotime_2",30.0397649303091,"STOP","aucell_cytotoxic_score",0.544848165701246,"cytotoxic"
"GAGGCAACACGTGCTCATGTTGAC-1","slingPseudotime_1",24.2652805309062,"STOP","aucell_exhausted_score",0.0988239424258382,"exhausted"
"GAGGCAACACGTGCTCATGTTGAC-1","slingPseudotime_1",24.2652805309062,"STOP","aucell_proliferating_score",0,"proliferating"
"GAGGCAACACGTGCTCATGTTGAC-1","slingPseudotime_1",24.2652805309062,"STOP","aucell_naive_memory_score",0,"naive_memory"
"GAGGCAACACGTGCTCATGTTGAC-1","slingPseudotime_1",24.2652805309062,"STOP","aucell_cytotoxic_score",0.20308934526944,"cytotoxic"
"GAGGCAACACGTGCTCATGTTGAC-1","slingPseudotime_2",28.4323385793789,"STOP","aucell_exhausted_score",0.0988239424258382,"exhausted"
"GAGGCAACACGTGCTCATGTTGAC-1","slingPseudotime_2",28.4323385793789,"STOP","aucell_proliferating_score",0,"proliferating"
"GAGGCAACACGTGCTCATGTTGAC-1","slingPseudotime_2",28.4323385793789,"STOP","aucell_naive_memory_score",0,"naive_memory"
"GAGGCAACACGTGCTCATGTTGAC-1","slingPseudotime_2",28.4323385793789,"STOP","aucell_cytotoxic_score",0.20308934526944,"cytotoxic"
"GAGTTACAGGGTTAACATGTTGAC-1","slingPseudotime_1",24.276437334481,"STOP","aucell_exhausted_score",0.202738283307004,"exhausted"
"GAGTTACAGGGTTAACATGTTGAC-1","slingPseudotime_1",24.276437334481,"STOP","aucell_proliferating_score",0,"proliferating"
"GAGTTACAGGGTTAACATGTTGAC-1","slingPseudotime_1",24.276437334481,"STOP","aucell_naive_memory_score",0,"naive_memory"
"GAGTTACAGGGTTAACATGTTGAC-1","slingPseudotime_1",24.276437334481,"STOP","aucell_cytotoxic_score",0.450412497805863,"cytotoxic"
"GAGTTACAGGGTTAACATGTTGAC-1","slingPseudotime_2",23.4942344025245,"STOP","aucell_exhausted_score",0.202738283307004,"exhausted"
"GAGTTACAGGGTTAACATGTTGAC-1","slingPseudotime_2",23.4942344025245,"STOP","aucell_proliferating_score",0,"proliferating"
"GAGTTACAGGGTTAACATGTTGAC-1","slingPseudotime_2",23.4942344025245,"STOP","aucell_naive_memory_score",0,"naive_memory"
"GAGTTACAGGGTTAACATGTTGAC-1","slingPseudotime_2",23.4942344025245,"STOP","aucell_cytotoxic_score",0.450412497805863,"cytotoxic"
"GATCATAAGGGTTAACATGTTGAC-1","slingPseudotime_4",25.1052648007391,"STOP","aucell_exhausted_score",0,"exhausted"
"GATCATAAGGGTTAACATGTTGAC-1","slingPseudotime_4",25.1052648007391,"STOP","aucell_proliferating_score",0,"proliferating"
"GATCATAAGGGTTAACATGTTGAC-1","slingPseudotime_4",25.1052648007391,"STOP","aucell_naive_memory_score",0.111789473684211,"naive_memory"
"GATCATAAGGGTTAACATGTTGAC-1","slingPseudotime_4",25.1052648007391,"STOP","aucell_cytotoxic_score",0.589257503949447,"cytotoxic"
"GATGGCCAGCAATCGGATGTTGAC-1","slingPseudotime_1",27.9234108925735,"STOP","aucell_exhausted_score",0,"exhausted"
"GATGGCCAGCAATCGGATGTTGAC-1","slingPseudotime_1",27.9234108925735,"STOP","aucell_proliferating_score",0.147578947368421,"proliferating"
"GATGGCCAGCAATCGGATGTTGAC-1","slingPseudotime_1",27.9234108925735,"STOP","aucell_naive_memory_score",0.165263157894737,"naive_memory"
"GATGGCCAGCAATCGGATGTTGAC-1","slingPseudotime_1",27.9234108925735,"STOP","aucell_cytotoxic_score",0.161839564683167,"cytotoxic"
"GATGGCCAGCAATCGGATGTTGAC-1","slingPseudotime_2",29.2334731586051,"STOP","aucell_exhausted_score",0,"exhausted"
"GATGGCCAGCAATCGGATGTTGAC-1","slingPseudotime_2",29.2334731586051,"STOP","aucell_proliferating_score",0.147578947368421,"proliferating"
"GATGGCCAGCAATCGGATGTTGAC-1","slingPseudotime_2",29.2334731586051,"STOP","aucell_naive_memory_score",0.165263157894737,"naive_memory"
"GATGGCCAGCAATCGGATGTTGAC-1","slingPseudotime_2",29.2334731586051,"STOP","aucell_cytotoxic_score",0.161839564683167,"cytotoxic"
"GCAAATGGTATCCGCAATGTTGAC-1","slingPseudotime_1",28.2723240279278,"STOP","aucell_exhausted_score",0,"exhausted"
"GCAAATGGTATCCGCAATGTTGAC-1","slingPseudotime_1",28.2723240279278,"STOP","aucell_proliferating_score",0,"proliferating"
"GCAAATGGTATCCGCAATGTTGAC-1","slingPseudotime_1",28.2723240279278,"STOP","aucell_naive_memory_score",0,"naive_memory"
"GCAAATGGTATCCGCAATGTTGAC-1","slingPseudotime_1",28.2723240279278,"STOP","aucell_cytotoxic_score",0.24469018781815,"cytotoxic"
"GCAAATGGTATCCGCAATGTTGAC-1","slingPseudotime_2",23.0093806493401,"STOP","aucell_exhausted_score",0,"exhausted"
"GCAAATGGTATCCGCAATGTTGAC-1","slingPseudotime_2",23.0093806493401,"STOP","aucell_proliferating_score",0,"proliferating"
"GCAAATGGTATCCGCAATGTTGAC-1","slingPseudotime_2",23.0093806493401,"STOP","aucell_naive_memory_score",0,"naive_memory"
"GCAAATGGTATCCGCAATGTTGAC-1","slingPseudotime_2",23.0093806493401,"STOP","aucell_cytotoxic_score",0.24469018781815,"cytotoxic"
"GCACAGCAGCCTAGTCATGTTGAC-1","slingPseudotime_2",28.8171714620787,"STOP","aucell_exhausted_score",0,"exhausted"
"GCACAGCAGCCTAGTCATGTTGAC-1","slingPseudotime_2",28.8171714620787,"STOP","aucell_proliferating_score",0,"proliferating"
"GCACAGCAGCCTAGTCATGTTGAC-1","slingPseudotime_2",28.8171714620787,"STOP","aucell_naive_memory_score",0,"naive_memory"
"GCACAGCAGCCTAGTCATGTTGAC-1","slingPseudotime_2",28.8171714620787,"STOP","aucell_cytotoxic_score",0.164121467439003,"cytotoxic"
"GCATCTATCAGGCTGAATGTTGAC-1","slingPseudotime_1",23.7154995143828,"STOP","aucell_exhausted_score",0,"exhausted"
"GCATCTATCAGGCTGAATGTTGAC-1","slingPseudotime_1",23.7154995143828,"STOP","aucell_proliferating_score",0.0661052631578947,"proliferating"
"GCATCTATCAGGCTGAATGTTGAC-1","slingPseudotime_1",23.7154995143828,"STOP","aucell_naive_memory_score",0,"naive_memory"
"GCATCTATCAGGCTGAATGTTGAC-1","slingPseudotime_1",23.7154995143828,"STOP","aucell_cytotoxic_score",0.322274881516588,"cytotoxic"
"GCATCTATCAGGCTGAATGTTGAC-1","slingPseudotime_2",22.4195544387643,"STOP","aucell_exhausted_score",0,"exhausted"
"GCATCTATCAGGCTGAATGTTGAC-1","slingPseudotime_2",22.4195544387643,"STOP","aucell_proliferating_score",0.0661052631578947,"proliferating"
"GCATCTATCAGGCTGAATGTTGAC-1","slingPseudotime_2",22.4195544387643,"STOP","aucell_naive_memory_score",0,"naive_memory"
"GCATCTATCAGGCTGAATGTTGAC-1","slingPseudotime_2",22.4195544387643,"STOP","aucell_cytotoxic_score",0.322274881516588,"cytotoxic"
"GCCCAATTCCTTTCTAATGTTGAC-1","slingPseudotime_1",33.4844616670895,"STOP","aucell_exhausted_score",0.118658943303493,"exhausted"
"GCCCAATTCCTTTCTAATGTTGAC-1","slingPseudotime_1",33.4844616670895,"STOP","aucell_proliferating_score",0.103157894736842,"proliferating"
"GCCCAATTCCTTTCTAATGTTGAC-1","slingPseudotime_1",33.4844616670895,"STOP","aucell_naive_memory_score",0,"naive_memory"
"GCCCAATTCCTTTCTAATGTTGAC-1","slingPseudotime_1",33.4844616670895,"STOP","aucell_cytotoxic_score",0.329120589784097,"cytotoxic"
"GCCCTTTGTCGTTGCAATGTTGAC-1","slingPseudotime_3",37.8474365438323,"STOP","aucell_exhausted_score",0.22731262067755,"exhausted"
"GCCCTTTGTCGTTGCAATGTTGAC-1","slingPseudotime_3",37.8474365438323,"STOP","aucell_proliferating_score",0,"proliferating"
"GCCCTTTGTCGTTGCAATGTTGAC-1","slingPseudotime_3",37.8474365438323,"STOP","aucell_naive_memory_score",0.151157894736842,"naive_memory"
"GCCCTTTGTCGTTGCAATGTTGAC-1","slingPseudotime_3",37.8474365438323,"STOP","aucell_cytotoxic_score",0.158855538002457,"cytotoxic"
"GCTAACGAGCTGATTTATGTTGAC-1","slingPseudotime_1",19.6621137153194,"STOP","aucell_exhausted_score",0,"exhausted"
"GCTAACGAGCTGATTTATGTTGAC-1","slingPseudotime_1",19.6621137153194,"STOP","aucell_proliferating_score",0,"proliferating"
"GCTAACGAGCTGATTTATGTTGAC-1","slingPseudotime_1",19.6621137153194,"STOP","aucell_naive_memory_score",0,"naive_memory"
"GCTAACGAGCTGATTTATGTTGAC-1","slingPseudotime_1",19.6621137153194,"STOP","aucell_cytotoxic_score",0.300333508864315,"cytotoxic"
"GCTAACGAGCTGATTTATGTTGAC-1","slingPseudotime_2",19.2693859327438,"STOP","aucell_exhausted_score",0,"exhausted"
"GCTAACGAGCTGATTTATGTTGAC-1","slingPseudotime_2",19.2693859327438,"STOP","aucell_proliferating_score",0,"proliferating"
"GCTAACGAGCTGATTTATGTTGAC-1","slingPseudotime_2",19.2693859327438,"STOP","aucell_naive_memory_score",0,"naive_memory"
"GCTAACGAGCTGATTTATGTTGAC-1","slingPseudotime_2",19.2693859327438,"STOP","aucell_cytotoxic_score",0.300333508864315,"cytotoxic"
"GCTAACGAGCTGATTTATGTTGAC-1","slingPseudotime_3",24.898328093319,"STOP","aucell_exhausted_score",0,"exhausted"
"GCTAACGAGCTGATTTATGTTGAC-1","slingPseudotime_3",24.898328093319,"STOP","aucell_proliferating_score",0,"proliferating"
"GCTAACGAGCTGATTTATGTTGAC-1","slingPseudotime_3",24.898328093319,"STOP","aucell_naive_memory_score",0,"naive_memory"
"GCTAACGAGCTGATTTATGTTGAC-1","slingPseudotime_3",24.898328093319,"STOP","aucell_cytotoxic_score",0.300333508864315,"cytotoxic"
"GCTAACGAGCTGATTTATGTTGAC-1","slingPseudotime_4",23.1362278969012,"STOP","aucell_exhausted_score",0,"exhausted"
"GCTAACGAGCTGATTTATGTTGAC-1","slingPseudotime_4",23.1362278969012,"STOP","aucell_proliferating_score",0,"proliferating"
"GCTAACGAGCTGATTTATGTTGAC-1","slingPseudotime_4",23.1362278969012,"STOP","aucell_naive_memory_score",0,"naive_memory"
"GCTAACGAGCTGATTTATGTTGAC-1","slingPseudotime_4",23.1362278969012,"STOP","aucell_cytotoxic_score",0.300333508864315,"cytotoxic"
"GCTAGTCTCACTTCGAATGTTGAC-1","slingPseudotime_1",38.0795469210501,"STOP","aucell_exhausted_score",0.0623134983324557,"exhausted"
"GCTAGTCTCACTTCGAATGTTGAC-1","slingPseudotime_1",38.0795469210501,"STOP","aucell_proliferating_score",0,"proliferating"
"GCTAGTCTCACTTCGAATGTTGAC-1","slingPseudotime_1",38.0795469210501,"STOP","aucell_naive_memory_score",0,"naive_memory"
"GCTAGTCTCACTTCGAATGTTGAC-1","slingPseudotime_1",38.0795469210501,"STOP","aucell_cytotoxic_score",0.342812006319115,"cytotoxic"
"GCTAGTCTCACTTCGAATGTTGAC-1","slingPseudotime_2",15.0831789303548,"STOP","aucell_exhausted_score",0.0623134983324557,"exhausted"
"GCTAGTCTCACTTCGAATGTTGAC-1","slingPseudotime_2",15.0831789303548,"STOP","aucell_proliferating_score",0,"proliferating"
"GCTAGTCTCACTTCGAATGTTGAC-1","slingPseudotime_2",15.0831789303548,"STOP","aucell_naive_memory_score",0,"naive_memory"
"GCTAGTCTCACTTCGAATGTTGAC-1","slingPseudotime_2",15.0831789303548,"STOP","aucell_cytotoxic_score",0.342812006319115,"cytotoxic"
"GCTAGTCTCACTTCGAATGTTGAC-1","slingPseudotime_3",15.746456038175,"STOP","aucell_exhausted_score",0.0623134983324557,"exhausted"
"GCTAGTCTCACTTCGAATGTTGAC-1","slingPseudotime_3",15.746456038175,"STOP","aucell_proliferating_score",0,"proliferating"
"GCTAGTCTCACTTCGAATGTTGAC-1","slingPseudotime_3",15.746456038175,"STOP","aucell_naive_memory_score",0,"naive_memory"
"GCTAGTCTCACTTCGAATGTTGAC-1","slingPseudotime_3",15.746456038175,"STOP","aucell_cytotoxic_score",0.342812006319115,"cytotoxic"
"GCTAGTCTCACTTCGAATGTTGAC-1","slingPseudotime_4",23.5882151450942,"STOP","aucell_exhausted_score",0.0623134983324557,"exhausted"
"GCTAGTCTCACTTCGAATGTTGAC-1","slingPseudotime_4",23.5882151450942,"STOP","aucell_proliferating_score",0,"proliferating"
"GCTAGTCTCACTTCGAATGTTGAC-1","slingPseudotime_4",23.5882151450942,"STOP","aucell_naive_memory_score",0,"naive_memory"
"GCTAGTCTCACTTCGAATGTTGAC-1","slingPseudotime_4",23.5882151450942,"STOP","aucell_cytotoxic_score",0.342812006319115,"cytotoxic"
"GCTATGCTCCAGCTACATGTTGAC-1","slingPseudotime_2",28.4535828220467,"STOP","aucell_exhausted_score",0.0433561523608917,"exhausted"
"GCTATGCTCCAGCTACATGTTGAC-1","slingPseudotime_2",28.4535828220467,"STOP","aucell_proliferating_score",0,"proliferating"
"GCTATGCTCCAGCTACATGTTGAC-1","slingPseudotime_2",28.4535828220467,"STOP","aucell_naive_memory_score",0,"naive_memory"
"GCTATGCTCCAGCTACATGTTGAC-1","slingPseudotime_2",28.4535828220467,"STOP","aucell_cytotoxic_score",0.378620326487625,"cytotoxic"
"GCTTGGTTCTACTACGATGTTGAC-1","slingPseudotime_2",28.4007585869726,"STOP","aucell_exhausted_score",0.146568369317184,"exhausted"
"GCTTGGTTCTACTACGATGTTGAC-1","slingPseudotime_2",28.4007585869726,"STOP","aucell_proliferating_score",0,"proliferating"
"GCTTGGTTCTACTACGATGTTGAC-1","slingPseudotime_2",28.4007585869726,"STOP","aucell_naive_memory_score",0.339368421052632,"naive_memory"
"GCTTGGTTCTACTACGATGTTGAC-1","slingPseudotime_2",28.4007585869726,"STOP","aucell_cytotoxic_score",0.472704932420572,"cytotoxic"
"GGAAATTGTTCGGTATATGTTGAC-1","slingPseudotime_1",29.0254420880404,"STOP","aucell_exhausted_score",0,"exhausted"
"GGAAATTGTTCGGTATATGTTGAC-1","slingPseudotime_1",29.0254420880404,"STOP","aucell_proliferating_score",0.0595789473684211,"proliferating"
"GGAAATTGTTCGGTATATGTTGAC-1","slingPseudotime_1",29.0254420880404,"STOP","aucell_naive_memory_score",0,"naive_memory"
"GGAAATTGTTCGGTATATGTTGAC-1","slingPseudotime_1",29.0254420880404,"STOP","aucell_cytotoxic_score",0.27365279971915,"cytotoxic"
"GGAAATTGTTCGGTATATGTTGAC-1","slingPseudotime_2",23.9581572917038,"STOP","aucell_exhausted_score",0,"exhausted"
"GGAAATTGTTCGGTATATGTTGAC-1","slingPseudotime_2",23.9581572917038,"STOP","aucell_proliferating_score",0.0595789473684211,"proliferating"
"GGAAATTGTTCGGTATATGTTGAC-1","slingPseudotime_2",23.9581572917038,"STOP","aucell_naive_memory_score",0,"naive_memory"
"GGAAATTGTTCGGTATATGTTGAC-1","slingPseudotime_2",23.9581572917038,"STOP","aucell_cytotoxic_score",0.27365279971915,"cytotoxic"
"GGCATGATCAGCACAGATGTTGAC-1","slingPseudotime_1",20.5030813300509,"STOP","aucell_exhausted_score",0.0549411971212919,"exhausted"
"GGCATGATCAGCACAGATGTTGAC-1","slingPseudotime_1",20.5030813300509,"STOP","aucell_proliferating_score",0,"proliferating"
"GGCATGATCAGCACAGATGTTGAC-1","slingPseudotime_1",20.5030813300509,"STOP","aucell_naive_memory_score",0,"naive_memory"
"GGCATGATCAGCACAGATGTTGAC-1","slingPseudotime_1",20.5030813300509,"STOP","aucell_cytotoxic_score",0.463577321397227,"cytotoxic"
"GGCATGATCAGCACAGATGTTGAC-1","slingPseudotime_2",29.7077172835735,"STOP","aucell_exhausted_score",0.0549411971212919,"exhausted"
"GGCATGATCAGCACAGATGTTGAC-1","slingPseudotime_2",29.7077172835735,"STOP","aucell_proliferating_score",0,"proliferating"
"GGCATGATCAGCACAGATGTTGAC-1","slingPseudotime_2",29.7077172835735,"STOP","aucell_naive_memory_score",0,"naive_memory"
"GGCATGATCAGCACAGATGTTGAC-1","slingPseudotime_2",29.7077172835735,"STOP","aucell_cytotoxic_score",0.463577321397227,"cytotoxic"
"GGCCTAAAGTGTGAGTATGTTGAC-1","slingPseudotime_1",37.0295130937132,"STOP","aucell_exhausted_score",0,"exhausted"
"GGCCTAAAGTGTGAGTATGTTGAC-1","slingPseudotime_1",37.0295130937132,"STOP","aucell_proliferating_score",0,"proliferating"
"GGCCTAAAGTGTGAGTATGTTGAC-1","slingPseudotime_1",37.0295130937132,"STOP","aucell_naive_memory_score",0.0351578947368421,"naive_memory"
"GGCCTAAAGTGTGAGTATGTTGAC-1","slingPseudotime_1",37.0295130937132,"STOP","aucell_cytotoxic_score",0.271019835000878,"cytotoxic"
"GGCCTAAAGTGTGAGTATGTTGAC-1","slingPseudotime_2",18.344802899333,"STOP","aucell_exhausted_score",0,"exhausted"
"GGCCTAAAGTGTGAGTATGTTGAC-1","slingPseudotime_2",18.344802899333,"STOP","aucell_proliferating_score",0,"proliferating"
"GGCCTAAAGTGTGAGTATGTTGAC-1","slingPseudotime_2",18.344802899333,"STOP","aucell_naive_memory_score",0.0351578947368421,"naive_memory"
"GGCCTAAAGTGTGAGTATGTTGAC-1","slingPseudotime_2",18.344802899333,"STOP","aucell_cytotoxic_score",0.271019835000878,"cytotoxic"
"GGCCTAAAGTGTGAGTATGTTGAC-1","slingPseudotime_3",23.5525180658916,"STOP","aucell_exhausted_score",0,"exhausted"
"GGCCTAAAGTGTGAGTATGTTGAC-1","slingPseudotime_3",23.5525180658916,"STOP","aucell_proliferating_score",0,"proliferating"
"GGCCTAAAGTGTGAGTATGTTGAC-1","slingPseudotime_3",23.5525180658916,"STOP","aucell_naive_memory_score",0.0351578947368421,"naive_memory"
"GGCCTAAAGTGTGAGTATGTTGAC-1","slingPseudotime_3",23.5525180658916,"STOP","aucell_cytotoxic_score",0.271019835000878,"cytotoxic"
"GGCCTAAAGTGTGAGTATGTTGAC-1","slingPseudotime_4",22.7140776475584,"STOP","aucell_exhausted_score",0,"exhausted"
"GGCCTAAAGTGTGAGTATGTTGAC-1","slingPseudotime_4",22.7140776475584,"STOP","aucell_proliferating_score",0,"proliferating"
"GGCCTAAAGTGTGAGTATGTTGAC-1","slingPseudotime_4",22.7140776475584,"STOP","aucell_naive_memory_score",0.0351578947368421,"naive_memory"
"GGCCTAAAGTGTGAGTATGTTGAC-1","slingPseudotime_4",22.7140776475584,"STOP","aucell_cytotoxic_score",0.271019835000878,"cytotoxic"
"GGGAGTCTCACAATGAATGTTGAC-1","slingPseudotime_1",25.586863074294,"STOP","aucell_exhausted_score",0,"exhausted"
"GGGAGTCTCACAATGAATGTTGAC-1","slingPseudotime_1",25.586863074294,"STOP","aucell_proliferating_score",0,"proliferating"
"GGGAGTCTCACAATGAATGTTGAC-1","slingPseudotime_1",25.586863074294,"STOP","aucell_naive_memory_score",0,"naive_memory"
"GGGAGTCTCACAATGAATGTTGAC-1","slingPseudotime_1",25.586863074294,"STOP","aucell_cytotoxic_score",0.326487625065824,"cytotoxic"
"GGGAGTCTCACAATGAATGTTGAC-1","slingPseudotime_2",23.7440619575543,"STOP","aucell_exhausted_score",0,"exhausted"
"GGGAGTCTCACAATGAATGTTGAC-1","slingPseudotime_2",23.7440619575543,"STOP","aucell_proliferating_score",0,"proliferating"
"GGGAGTCTCACAATGAATGTTGAC-1","slingPseudotime_2",23.7440619575543,"STOP","aucell_naive_memory_score",0,"naive_memory"
"GGGAGTCTCACAATGAATGTTGAC-1","slingPseudotime_2",23.7440619575543,"STOP","aucell_cytotoxic_score",0.326487625065824,"cytotoxic"
"GGGATGGAGGTTAGTAATGTTGAC-1","slingPseudotime_1",32.0380133399818,"STOP","aucell_exhausted_score",0,"exhausted"
"GGGATGGAGGTTAGTAATGTTGAC-1","slingPseudotime_1",32.0380133399818,"STOP","aucell_proliferating_score",0,"proliferating"
"GGGATGGAGGTTAGTAATGTTGAC-1","slingPseudotime_1",32.0380133399818,"STOP","aucell_naive_memory_score",0.0648421052631579,"naive_memory"
"GGGATGGAGGTTAGTAATGTTGAC-1","slingPseudotime_1",32.0380133399818,"STOP","aucell_cytotoxic_score",0.195541513077058,"cytotoxic"
"GGGATGGAGGTTAGTAATGTTGAC-1","slingPseudotime_2",3.57007174243525,"STOP","aucell_exhausted_score",0,"exhausted"
"GGGATGGAGGTTAGTAATGTTGAC-1","slingPseudotime_2",3.57007174243525,"STOP","aucell_proliferating_score",0,"proliferating"
"GGGATGGAGGTTAGTAATGTTGAC-1","slingPseudotime_2",3.57007174243525,"STOP","aucell_naive_memory_score",0.0648421052631579,"naive_memory"
"GGGATGGAGGTTAGTAATGTTGAC-1","slingPseudotime_2",3.57007174243525,"STOP","aucell_cytotoxic_score",0.195541513077058,"cytotoxic"
"GGGATGGAGGTTAGTAATGTTGAC-1","slingPseudotime_3",3.6301826432109,"STOP","aucell_exhausted_score",0,"exhausted"
"GGGATGGAGGTTAGTAATGTTGAC-1","slingPseudotime_3",3.6301826432109,"STOP","aucell_proliferating_score",0,"proliferating"
"GGGATGGAGGTTAGTAATGTTGAC-1","slingPseudotime_3",3.6301826432109,"STOP","aucell_naive_memory_score",0.0648421052631579,"naive_memory"
"GGGATGGAGGTTAGTAATGTTGAC-1","slingPseudotime_3",3.6301826432109,"STOP","aucell_cytotoxic_score",0.195541513077058,"cytotoxic"
"GGGATGGAGGTTAGTAATGTTGAC-1","slingPseudotime_4",3.65552580492124,"STOP","aucell_exhausted_score",0,"exhausted"
"GGGATGGAGGTTAGTAATGTTGAC-1","slingPseudotime_4",3.65552580492124,"STOP","aucell_proliferating_score",0,"proliferating"
"GGGATGGAGGTTAGTAATGTTGAC-1","slingPseudotime_4",3.65552580492124,"STOP","aucell_naive_memory_score",0.0648421052631579,"naive_memory"
"GGGATGGAGGTTAGTAATGTTGAC-1","slingPseudotime_4",3.65552580492124,"STOP","aucell_cytotoxic_score",0.195541513077058,"cytotoxic"
"GGTGTGATCCGGACAAATGTTGAC-1","slingPseudotime_1",30.5901472951417,"STOP","aucell_exhausted_score",0,"exhausted"
"GGTGTGATCCGGACAAATGTTGAC-1","slingPseudotime_1",30.5901472951417,"STOP","aucell_proliferating_score",0.0223157894736842,"proliferating"
"GGTGTGATCCGGACAAATGTTGAC-1","slingPseudotime_1",30.5901472951417,"STOP","aucell_naive_memory_score",0,"naive_memory"
"GGTGTGATCCGGACAAATGTTGAC-1","slingPseudotime_1",30.5901472951417,"STOP","aucell_cytotoxic_score",0.166052308232403,"cytotoxic"
"GGTTAATCATGAGGGAATGTTGAC-1","slingPseudotime_1",26.8339721228719,"STOP","aucell_exhausted_score",0.0423029664735826,"exhausted"
"GGTTAATCATGAGGGAATGTTGAC-1","slingPseudotime_1",26.8339721228719,"STOP","aucell_proliferating_score",0,"proliferating"
"GGTTAATCATGAGGGAATGTTGAC-1","slingPseudotime_1",26.8339721228719,"STOP","aucell_naive_memory_score",0.193684210526316,"naive_memory"
"GGTTAATCATGAGGGAATGTTGAC-1","slingPseudotime_1",26.8339721228719,"STOP","aucell_cytotoxic_score",0.138142882218712,"cytotoxic"
"GGTTAATCATGAGGGAATGTTGAC-1","slingPseudotime_2",24.4202062386367,"STOP","aucell_exhausted_score",0.0423029664735826,"exhausted"
"GGTTAATCATGAGGGAATGTTGAC-1","slingPseudotime_2",24.4202062386367,"STOP","aucell_proliferating_score",0,"proliferating"
"GGTTAATCATGAGGGAATGTTGAC-1","slingPseudotime_2",24.4202062386367,"STOP","aucell_naive_memory_score",0.193684210526316,"naive_memory"
"GGTTAATCATGAGGGAATGTTGAC-1","slingPseudotime_2",24.4202062386367,"STOP","aucell_cytotoxic_score",0.138142882218712,"cytotoxic"
"GGTTTACGTAAGGTTGATGTTGAC-1","slingPseudotime_1",31.2608144023756,"STOP","aucell_exhausted_score",0,"exhausted"
"GGTTTACGTAAGGTTGATGTTGAC-1","slingPseudotime_1",31.2608144023756,"STOP","aucell_proliferating_score",0,"proliferating"
"GGTTTACGTAAGGTTGATGTTGAC-1","slingPseudotime_1",31.2608144023756,"STOP","aucell_naive_memory_score",0.0389473684210526,"naive_memory"
"GGTTTACGTAAGGTTGATGTTGAC-1","slingPseudotime_1",31.2608144023756,"STOP","aucell_cytotoxic_score",0.328945058802879,"cytotoxic"
"GGTTTACGTAAGGTTGATGTTGAC-1","slingPseudotime_2",25.6609851619617,"STOP","aucell_exhausted_score",0,"exhausted"
"GGTTTACGTAAGGTTGATGTTGAC-1","slingPseudotime_2",25.6609851619617,"STOP","aucell_proliferating_score",0,"proliferating"
"GGTTTACGTAAGGTTGATGTTGAC-1","slingPseudotime_2",25.6609851619617,"STOP","aucell_naive_memory_score",0.0389473684210526,"naive_memory"
"GGTTTACGTAAGGTTGATGTTGAC-1","slingPseudotime_2",25.6609851619617,"STOP","aucell_cytotoxic_score",0.328945058802879,"cytotoxic"
"GGTTTAGCAAACGGGAATGTTGAC-1","slingPseudotime_1",30.6451058107796,"STOP","aucell_exhausted_score",0,"exhausted"
"GGTTTAGCAAACGGGAATGTTGAC-1","slingPseudotime_1",30.6451058107796,"STOP","aucell_proliferating_score",0,"proliferating"
"GGTTTAGCAAACGGGAATGTTGAC-1","slingPseudotime_1",30.6451058107796,"STOP","aucell_naive_memory_score",0,"naive_memory"
"GGTTTAGCAAACGGGAATGTTGAC-1","slingPseudotime_1",30.6451058107796,"STOP","aucell_cytotoxic_score",0.257679480428296,"cytotoxic"
"GGTTTAGCAAACGGGAATGTTGAC-1","slingPseudotime_2",21.8534766853865,"STOP","aucell_exhausted_score",0,"exhausted"
"GGTTTAGCAAACGGGAATGTTGAC-1","slingPseudotime_2",21.8534766853865,"STOP","aucell_proliferating_score",0,"proliferating"
"GGTTTAGCAAACGGGAATGTTGAC-1","slingPseudotime_2",21.8534766853865,"STOP","aucell_naive_memory_score",0,"naive_memory"
"GGTTTAGCAAACGGGAATGTTGAC-1","slingPseudotime_2",21.8534766853865,"STOP","aucell_cytotoxic_score",0.257679480428296,"cytotoxic"
"GTCAACTGTCAACTACATGTTGAC-1","slingPseudotime_1",25.4408777310944,"STOP","aucell_exhausted_score",0.14411093558013,"exhausted"
"GTCAACTGTCAACTACATGTTGAC-1","slingPseudotime_1",25.4408777310944,"STOP","aucell_proliferating_score",0.0166315789473684,"proliferating"
"GTCAACTGTCAACTACATGTTGAC-1","slingPseudotime_1",25.4408777310944,"STOP","aucell_naive_memory_score",0,"naive_memory"
"GTCAACTGTCAACTACATGTTGAC-1","slingPseudotime_1",25.4408777310944,"STOP","aucell_cytotoxic_score",0.396875548534316,"cytotoxic"
"GTCAACTGTCAACTACATGTTGAC-1","slingPseudotime_2",22.8653380947625,"STOP","aucell_exhausted_score",0.14411093558013,"exhausted"
"GTCAACTGTCAACTACATGTTGAC-1","slingPseudotime_2",22.8653380947625,"STOP","aucell_proliferating_score",0.0166315789473684,"proliferating"
"GTCAACTGTCAACTACATGTTGAC-1","slingPseudotime_2",22.8653380947625,"STOP","aucell_naive_memory_score",0,"naive_memory"
"GTCAACTGTCAACTACATGTTGAC-1","slingPseudotime_2",22.8653380947625,"STOP","aucell_cytotoxic_score",0.396875548534316,"cytotoxic"
"GTCAAGCCATGCGCAGATGTTGAC-1","slingPseudotime_4",27.0555933690149,"STOP","aucell_exhausted_score",0,"exhausted"
"GTCAAGCCATGCGCAGATGTTGAC-1","slingPseudotime_4",27.0555933690149,"STOP","aucell_proliferating_score",0,"proliferating"
"GTCAAGCCATGCGCAGATGTTGAC-1","slingPseudotime_4",27.0555933690149,"STOP","aucell_naive_memory_score",0,"naive_memory"
"GTCAAGCCATGCGCAGATGTTGAC-1","slingPseudotime_4",27.0555933690149,"STOP","aucell_cytotoxic_score",0.292434614709496,"cytotoxic"
"GTGGACATCAGGCCAAATGTTGAC-1","slingPseudotime_1",25.5565173910822,"STOP","aucell_exhausted_score",0,"exhausted"
"GTGGACATCAGGCCAAATGTTGAC-1","slingPseudotime_1",25.5565173910822,"STOP","aucell_proliferating_score",0,"proliferating"
"GTGGACATCAGGCCAAATGTTGAC-1","slingPseudotime_1",25.5565173910822,"STOP","aucell_naive_memory_score",0,"naive_memory"
"GTGGACATCAGGCCAAATGTTGAC-1","slingPseudotime_1",25.5565173910822,"STOP","aucell_cytotoxic_score",0.376865016675443,"cytotoxic"
"GTGGACATCAGGCCAAATGTTGAC-1","slingPseudotime_2",23.7440619575543,"STOP","aucell_exhausted_score",0,"exhausted"
"GTGGACATCAGGCCAAATGTTGAC-1","slingPseudotime_2",23.7440619575543,"STOP","aucell_proliferating_score",0,"proliferating"
"GTGGACATCAGGCCAAATGTTGAC-1","slingPseudotime_2",23.7440619575543,"STOP","aucell_naive_memory_score",0,"naive_memory"
"GTGGACATCAGGCCAAATGTTGAC-1","slingPseudotime_2",23.7440619575543,"STOP","aucell_cytotoxic_score",0.376865016675443,"cytotoxic"
"TAATAGCCACGAACGTATGTTGAC-1","slingPseudotime_1",18.001136915138,"STOP","aucell_exhausted_score",0.0126382306477093,"exhausted"
"TAATAGCCACGAACGTATGTTGAC-1","slingPseudotime_1",18.001136915138,"STOP","aucell_proliferating_score",0,"proliferating"
"TAATAGCCACGAACGTATGTTGAC-1","slingPseudotime_1",18.001136915138,"STOP","aucell_naive_memory_score",0.0618947368421053,"naive_memory"
"TAATAGCCACGAACGTATGTTGAC-1","slingPseudotime_1",18.001136915138,"STOP","aucell_cytotoxic_score",0.162541688608039,"cytotoxic"
"TAATAGCCACGAACGTATGTTGAC-1","slingPseudotime_2",17.3908891400945,"STOP","aucell_exhausted_score",0.0126382306477093,"exhausted"
"TAATAGCCACGAACGTATGTTGAC-1","slingPseudotime_2",17.3908891400945,"STOP","aucell_proliferating_score",0,"proliferating"
"TAATAGCCACGAACGTATGTTGAC-1","slingPseudotime_2",17.3908891400945,"STOP","aucell_naive_memory_score",0.0618947368421053,"naive_memory"
"TAATAGCCACGAACGTATGTTGAC-1","slingPseudotime_2",17.3908891400945,"STOP","aucell_cytotoxic_score",0.162541688608039,"cytotoxic"
"TAATAGCCACGAACGTATGTTGAC-1","slingPseudotime_3",17.652286578432,"STOP","aucell_exhausted_score",0.0126382306477093,"exhausted"
"TAATAGCCACGAACGTATGTTGAC-1","slingPseudotime_3",17.652286578432,"STOP","aucell_proliferating_score",0,"proliferating"
"TAATAGCCACGAACGTATGTTGAC-1","slingPseudotime_3",17.652286578432,"STOP","aucell_naive_memory_score",0.0618947368421053,"naive_memory"
"TAATAGCCACGAACGTATGTTGAC-1","slingPseudotime_3",17.652286578432,"STOP","aucell_cytotoxic_score",0.162541688608039,"cytotoxic"
"TAATAGCCACGAACGTATGTTGAC-1","slingPseudotime_4",18.6161649218755,"STOP","aucell_exhausted_score",0.0126382306477093,"exhausted"
"TAATAGCCACGAACGTATGTTGAC-1","slingPseudotime_4",18.6161649218755,"STOP","aucell_proliferating_score",0,"proliferating"
"TAATAGCCACGAACGTATGTTGAC-1","slingPseudotime_4",18.6161649218755,"STOP","aucell_naive_memory_score",0.0618947368421053,"naive_memory"
"TAATAGCCACGAACGTATGTTGAC-1","slingPseudotime_4",18.6161649218755,"STOP","aucell_cytotoxic_score",0.162541688608039,"cytotoxic"
"TATGAGCAGGTAATGCATGTTGAC-1","slingPseudotime_2",30.0662119870977,"STOP","aucell_exhausted_score",0.421800947867299,"exhausted"
"TATGAGCAGGTAATGCATGTTGAC-1","slingPseudotime_2",30.0662119870977,"STOP","aucell_proliferating_score",0,"proliferating"
"TATGAGCAGGTAATGCATGTTGAC-1","slingPseudotime_2",30.0662119870977,"STOP","aucell_naive_memory_score",0,"naive_memory"
"TATGAGCAGGTAATGCATGTTGAC-1","slingPseudotime_2",30.0662119870977,"STOP","aucell_cytotoxic_score",0.162190626645603,"cytotoxic"
"TATGTCCCAAACCTGAATGTTGAC-1","slingPseudotime_1",31.3513182108502,"STOP","aucell_exhausted_score",0.160610847814639,"exhausted"
"TATGTCCCAAACCTGAATGTTGAC-1","slingPseudotime_1",31.3513182108502,"STOP","aucell_proliferating_score",0,"proliferating"
"TATGTCCCAAACCTGAATGTTGAC-1","slingPseudotime_1",31.3513182108502,"STOP","aucell_naive_memory_score",0,"naive_memory"
"TATGTCCCAAACCTGAATGTTGAC-1","slingPseudotime_1",31.3513182108502,"STOP","aucell_cytotoxic_score",0.537826926452519,"cytotoxic"
"TATTTGCAGCTCATTGATGTTGAC-1","slingPseudotime_1",35.2163079597152,"STOP","aucell_exhausted_score",0,"exhausted"
"TATTTGCAGCTCATTGATGTTGAC-1","slingPseudotime_1",35.2163079597152,"STOP","aucell_proliferating_score",0,"proliferating"
"TATTTGCAGCTCATTGATGTTGAC-1","slingPseudotime_1",35.2163079597152,"STOP","aucell_naive_memory_score",0.145052631578947,"naive_memory"
"TATTTGCAGCTCATTGATGTTGAC-1","slingPseudotime_1",35.2163079597152,"STOP","aucell_cytotoxic_score",0.570475688959101,"cytotoxic"
"TCAACCGGTTGCACTGATGTTGAC-1","slingPseudotime_1",27.6663438833668,"STOP","aucell_exhausted_score",0.0498507986659645,"exhausted"
"TCAACCGGTTGCACTGATGTTGAC-1","slingPseudotime_1",27.6663438833668,"STOP","aucell_proliferating_score",0.107157894736842,"proliferating"
"TCAACCGGTTGCACTGATGTTGAC-1","slingPseudotime_1",27.6663438833668,"STOP","aucell_naive_memory_score",0,"naive_memory"
"TCAACCGGTTGCACTGATGTTGAC-1","slingPseudotime_1",27.6663438833668,"STOP","aucell_cytotoxic_score",0.321397226610497,"cytotoxic"
"TCAACCGGTTGCACTGATGTTGAC-1","slingPseudotime_2",25.463364669853,"STOP","aucell_exhausted_score",0.0498507986659645,"exhausted"
"TCAACCGGTTGCACTGATGTTGAC-1","slingPseudotime_2",25.463364669853,"STOP","aucell_proliferating_score",0.107157894736842,"proliferating"
"TCAACCGGTTGCACTGATGTTGAC-1","slingPseudotime_2",25.463364669853,"STOP","aucell_naive_memory_score",0,"naive_memory"
"TCAACCGGTTGCACTGATGTTGAC-1","slingPseudotime_2",25.463364669853,"STOP","aucell_cytotoxic_score",0.321397226610497,"cytotoxic"
"TCAACTAGTTAATCCAATGTTGAC-1","slingPseudotime_1",37.1337868830348,"STOP","aucell_exhausted_score",0.261014569071441,"exhausted"
"TCAACTAGTTAATCCAATGTTGAC-1","slingPseudotime_1",37.1337868830348,"STOP","aucell_proliferating_score",0,"proliferating"
"TCAACTAGTTAATCCAATGTTGAC-1","slingPseudotime_1",37.1337868830348,"STOP","aucell_naive_memory_score",0,"naive_memory"
"TCAACTAGTTAATCCAATGTTGAC-1","slingPseudotime_1",37.1337868830348,"STOP","aucell_cytotoxic_score",0.318413199929788,"cytotoxic"
"TCAACTAGTTAATCCAATGTTGAC-1","slingPseudotime_2",20.5902869284949,"STOP","aucell_exhausted_score",0.261014569071441,"exhausted"
"TCAACTAGTTAATCCAATGTTGAC-1","slingPseudotime_2",20.5902869284949,"STOP","aucell_proliferating_score",0,"proliferating"
"TCAACTAGTTAATCCAATGTTGAC-1","slingPseudotime_2",20.5902869284949,"STOP","aucell_naive_memory_score",0,"naive_memory"
"TCAACTAGTTAATCCAATGTTGAC-1","slingPseudotime_2",20.5902869284949,"STOP","aucell_cytotoxic_score",0.318413199929788,"cytotoxic"
"TCAGGCTTCAATTTGCATGTTGAC-1","slingPseudotime_1",34.5412162712893,"STOP","aucell_exhausted_score",0,"exhausted"
"TCAGGCTTCAATTTGCATGTTGAC-1","slingPseudotime_1",34.5412162712893,"STOP","aucell_proliferating_score",0,"proliferating"
"TCAGGCTTCAATTTGCATGTTGAC-1","slingPseudotime_1",34.5412162712893,"STOP","aucell_naive_memory_score",0,"naive_memory"
"TCAGGCTTCAATTTGCATGTTGAC-1","slingPseudotime_1",34.5412162712893,"STOP","aucell_cytotoxic_score",0.348077935755661,"cytotoxic"
"TCAGGCTTCAATTTGCATGTTGAC-1","slingPseudotime_2",18.452478855453,"STOP","aucell_exhausted_score",0,"exhausted"
"TCAGGCTTCAATTTGCATGTTGAC-1","slingPseudotime_2",18.452478855453,"STOP","aucell_proliferating_score",0,"proliferating"
"TCAGGCTTCAATTTGCATGTTGAC-1","slingPseudotime_2",18.452478855453,"STOP","aucell_naive_memory_score",0,"naive_memory"
"TCAGGCTTCAATTTGCATGTTGAC-1","slingPseudotime_2",18.452478855453,"STOP","aucell_cytotoxic_score",0.348077935755661,"cytotoxic"
"TCAGGCTTCAATTTGCATGTTGAC-1","slingPseudotime_3",27.1416342024925,"STOP","aucell_exhausted_score",0,"exhausted"
"TCAGGCTTCAATTTGCATGTTGAC-1","slingPseudotime_3",27.1416342024925,"STOP","aucell_proliferating_score",0,"proliferating"
"TCAGGCTTCAATTTGCATGTTGAC-1","slingPseudotime_3",27.1416342024925,"STOP","aucell_naive_memory_score",0,"naive_memory"
"TCAGGCTTCAATTTGCATGTTGAC-1","slingPseudotime_3",27.1416342024925,"STOP","aucell_cytotoxic_score",0.348077935755661,"cytotoxic"
"TCAGGCTTCAATTTGCATGTTGAC-1","slingPseudotime_4",24.7614460204351,"STOP","aucell_exhausted_score",0,"exhausted"
"TCAGGCTTCAATTTGCATGTTGAC-1","slingPseudotime_4",24.7614460204351,"STOP","aucell_proliferating_score",0,"proliferating"
"TCAGGCTTCAATTTGCATGTTGAC-1","slingPseudotime_4",24.7614460204351,"STOP","aucell_naive_memory_score",0,"naive_memory"
"TCAGGCTTCAATTTGCATGTTGAC-1","slingPseudotime_4",24.7614460204351,"STOP","aucell_cytotoxic_score",0.348077935755661,"cytotoxic"
"TCATTACAGTTTGCATATGTTGAC-1","slingPseudotime_1",18.4967918289117,"STOP","aucell_exhausted_score",0,"exhausted"
"TCATTACAGTTTGCATATGTTGAC-1","slingPseudotime_1",18.4967918289117,"STOP","aucell_proliferating_score",0,"proliferating"
"TCATTACAGTTTGCATATGTTGAC-1","slingPseudotime_1",18.4967918289117,"STOP","aucell_naive_memory_score",0.0981052631578947,"naive_memory"
"TCATTACAGTTTGCATATGTTGAC-1","slingPseudotime_1",18.4967918289117,"STOP","aucell_cytotoxic_score",0.533789713884501,"cytotoxic"
"TCATTACAGTTTGCATATGTTGAC-1","slingPseudotime_2",18.0133195382321,"STOP","aucell_exhausted_score",0,"exhausted"
"TCATTACAGTTTGCATATGTTGAC-1","slingPseudotime_2",18.0133195382321,"STOP","aucell_proliferating_score",0,"proliferating"
"TCATTACAGTTTGCATATGTTGAC-1","slingPseudotime_2",18.0133195382321,"STOP","aucell_naive_memory_score",0.0981052631578947,"naive_memory"
"TCATTACAGTTTGCATATGTTGAC-1","slingPseudotime_2",18.0133195382321,"STOP","aucell_cytotoxic_score",0.533789713884501,"cytotoxic"
"TCATTACAGTTTGCATATGTTGAC-1","slingPseudotime_3",24.9627193970338,"STOP","aucell_exhausted_score",0,"exhausted"
"TCATTACAGTTTGCATATGTTGAC-1","slingPseudotime_3",24.9627193970338,"STOP","aucell_proliferating_score",0,"proliferating"
"TCATTACAGTTTGCATATGTTGAC-1","slingPseudotime_3",24.9627193970338,"STOP","aucell_naive_memory_score",0.0981052631578947,"naive_memory"
"TCATTACAGTTTGCATATGTTGAC-1","slingPseudotime_3",24.9627193970338,"STOP","aucell_cytotoxic_score",0.533789713884501,"cytotoxic"
"TCATTACAGTTTGCATATGTTGAC-1","slingPseudotime_4",24.4134452324593,"STOP","aucell_exhausted_score",0,"exhausted"
"TCATTACAGTTTGCATATGTTGAC-1","slingPseudotime_4",24.4134452324593,"STOP","aucell_proliferating_score",0,"proliferating"
"TCATTACAGTTTGCATATGTTGAC-1","slingPseudotime_4",24.4134452324593,"STOP","aucell_naive_memory_score",0.0981052631578947,"naive_memory"
"TCATTACAGTTTGCATATGTTGAC-1","slingPseudotime_4",24.4134452324593,"STOP","aucell_cytotoxic_score",0.533789713884501,"cytotoxic"
"TCTAAGGCAATGGCCGATGTTGAC-1","slingPseudotime_1",26.4091468395675,"STOP","aucell_exhausted_score",0.128839740214148,"exhausted"
"TCTAAGGCAATGGCCGATGTTGAC-1","slingPseudotime_1",26.4091468395675,"STOP","aucell_proliferating_score",0,"proliferating"
"TCTAAGGCAATGGCCGATGTTGAC-1","slingPseudotime_1",26.4091468395675,"STOP","aucell_naive_memory_score",0,"naive_memory"
"TCTAAGGCAATGGCCGATGTTGAC-1","slingPseudotime_1",26.4091468395675,"STOP","aucell_cytotoxic_score",0.326663156047042,"cytotoxic"
"TCTAAGGCAATGGCCGATGTTGAC-1","slingPseudotime_2",24.825635773595,"STOP","aucell_exhausted_score",0.128839740214148,"exhausted"
"TCTAAGGCAATGGCCGATGTTGAC-1","slingPseudotime_2",24.825635773595,"STOP","aucell_proliferating_score",0,"proliferating"
"TCTAAGGCAATGGCCGATGTTGAC-1","slingPseudotime_2",24.825635773595,"STOP","aucell_naive_memory_score",0,"naive_memory"
"TCTAAGGCAATGGCCGATGTTGAC-1","slingPseudotime_2",24.825635773595,"STOP","aucell_cytotoxic_score",0.326663156047042,"cytotoxic"
"TCTAGTTAGCTTGAGGATGTTGAC-1","slingPseudotime_1",25.6672224487042,"STOP","aucell_exhausted_score",0.0566965069334738,"exhausted"
"TCTAGTTAGCTTGAGGATGTTGAC-1","slingPseudotime_1",25.6672224487042,"STOP","aucell_proliferating_score",0,"proliferating"
"TCTAGTTAGCTTGAGGATGTTGAC-1","slingPseudotime_1",25.6672224487042,"STOP","aucell_naive_memory_score",0,"naive_memory"
"TCTAGTTAGCTTGAGGATGTTGAC-1","slingPseudotime_1",25.6672224487042,"STOP","aucell_cytotoxic_score",0.334386519220642,"cytotoxic"
"TCTAGTTAGCTTGAGGATGTTGAC-1","slingPseudotime_2",23.5623119194885,"STOP","aucell_exhausted_score",0.0566965069334738,"exhausted"
"TCTAGTTAGCTTGAGGATGTTGAC-1","slingPseudotime_2",23.5623119194885,"STOP","aucell_proliferating_score",0,"proliferating"
"TCTAGTTAGCTTGAGGATGTTGAC-1","slingPseudotime_2",23.5623119194885,"STOP","aucell_naive_memory_score",0,"naive_memory"
"TCTAGTTAGCTTGAGGATGTTGAC-1","slingPseudotime_2",23.5623119194885,"STOP","aucell_cytotoxic_score",0.334386519220642,"cytotoxic"
"TCTATCGAGATAGCCGATGTTGAC-1","slingPseudotime_1",22.2958821077335,"STOP","aucell_exhausted_score",0,"exhausted"
"TCTATCGAGATAGCCGATGTTGAC-1","slingPseudotime_1",22.2958821077335,"STOP","aucell_proliferating_score",0,"proliferating"
"TCTATCGAGATAGCCGATGTTGAC-1","slingPseudotime_1",22.2958821077335,"STOP","aucell_naive_memory_score",0,"naive_memory"
"TCTATCGAGATAGCCGATGTTGAC-1","slingPseudotime_1",22.2958821077335,"STOP","aucell_cytotoxic_score",0.177812883974021,"cytotoxic"
"TCTATCGAGATAGCCGATGTTGAC-1","slingPseudotime_2",20.2742265492982,"STOP","aucell_exhausted_score",0,"exhausted"
"TCTATCGAGATAGCCGATGTTGAC-1","slingPseudotime_2",20.2742265492982,"STOP","aucell_proliferating_score",0,"proliferating"
"TCTATCGAGATAGCCGATGTTGAC-1","slingPseudotime_2",20.2742265492982,"STOP","aucell_naive_memory_score",0,"naive_memory"
"TCTATCGAGATAGCCGATGTTGAC-1","slingPseudotime_2",20.2742265492982,"STOP","aucell_cytotoxic_score",0.177812883974021,"cytotoxic"
"TCTGGCCCAAGTGCACATGTTGAC-1","slingPseudotime_1",35.4717418958156,"STOP","aucell_exhausted_score",0,"exhausted"
"TCTGGCCCAAGTGCACATGTTGAC-1","slingPseudotime_1",35.4717418958156,"STOP","aucell_proliferating_score",0.153052631578947,"proliferating"
"TCTGGCCCAAGTGCACATGTTGAC-1","slingPseudotime_1",35.4717418958156,"STOP","aucell_naive_memory_score",0,"naive_memory"
"TCTGGCCCAAGTGCACATGTTGAC-1","slingPseudotime_1",35.4717418958156,"STOP","aucell_cytotoxic_score",0.433385992627699,"cytotoxic"
"TCTGGCCCAAGTGCACATGTTGAC-1","slingPseudotime_2",14.44250773956,"STOP","aucell_exhausted_score",0,"exhausted"
"TCTGGCCCAAGTGCACATGTTGAC-1","slingPseudotime_2",14.44250773956,"STOP","aucell_proliferating_score",0.153052631578947,"proliferating"
"TCTGGCCCAAGTGCACATGTTGAC-1","slingPseudotime_2",14.44250773956,"STOP","aucell_naive_memory_score",0,"naive_memory"
"TCTGGCCCAAGTGCACATGTTGAC-1","slingPseudotime_2",14.44250773956,"STOP","aucell_cytotoxic_score",0.433385992627699,"cytotoxic"
"TCTGGCCCAAGTGCACATGTTGAC-1","slingPseudotime_3",13.5946156344652,"STOP","aucell_exhausted_score",0,"exhausted"
"TCTGGCCCAAGTGCACATGTTGAC-1","slingPseudotime_3",13.5946156344652,"STOP","aucell_proliferating_score",0.153052631578947,"proliferating"
"TCTGGCCCAAGTGCACATGTTGAC-1","slingPseudotime_3",13.5946156344652,"STOP","aucell_naive_memory_score",0,"naive_memory"
"TCTGGCCCAAGTGCACATGTTGAC-1","slingPseudotime_3",13.5946156344652,"STOP","aucell_cytotoxic_score",0.433385992627699,"cytotoxic"
"TCTGGCCCAAGTGCACATGTTGAC-1","slingPseudotime_4",13.5856532509156,"STOP","aucell_exhausted_score",0,"exhausted"
"TCTGGCCCAAGTGCACATGTTGAC-1","slingPseudotime_4",13.5856532509156,"STOP","aucell_proliferating_score",0.153052631578947,"proliferating"
"TCTGGCCCAAGTGCACATGTTGAC-1","slingPseudotime_4",13.5856532509156,"STOP","aucell_naive_memory_score",0,"naive_memory"
"TCTGGCCCAAGTGCACATGTTGAC-1","slingPseudotime_4",13.5856532509156,"STOP","aucell_cytotoxic_score",0.433385992627699,"cytotoxic"
"TCTTCATGTCGCAACCATGTTGAC-1","slingPseudotime_1",21.9875920237063,"STOP","aucell_exhausted_score",0,"exhausted"
"TCTTCATGTCGCAACCATGTTGAC-1","slingPseudotime_1",21.9875920237063,"STOP","aucell_proliferating_score",0,"proliferating"
"TCTTCATGTCGCAACCATGTTGAC-1","slingPseudotime_1",21.9875920237063,"STOP","aucell_naive_memory_score",0,"naive_memory"
"TCTTCATGTCGCAACCATGTTGAC-1","slingPseudotime_1",21.9875920237063,"STOP","aucell_cytotoxic_score",0.148674741091803,"cytotoxic"
"TCTTCATGTCGCAACCATGTTGAC-1","slingPseudotime_2",20.7590639479558,"STOP","aucell_exhausted_score",0,"exhausted"
"TCTTCATGTCGCAACCATGTTGAC-1","slingPseudotime_2",20.7590639479558,"STOP","aucell_proliferating_score",0,"proliferating"
"TCTTCATGTCGCAACCATGTTGAC-1","slingPseudotime_2",20.7590639479558,"STOP","aucell_naive_memory_score",0,"naive_memory"
"TCTTCATGTCGCAACCATGTTGAC-1","slingPseudotime_2",20.7590639479558,"STOP","aucell_cytotoxic_score",0.148674741091803,"cytotoxic"
"TCTTCATGTCGCAACCATGTTGAC-1","slingPseudotime_3",22.0830623966472,"STOP","aucell_exhausted_score",0,"exhausted"
"TCTTCATGTCGCAACCATGTTGAC-1","slingPseudotime_3",22.0830623966472,"STOP","aucell_proliferating_score",0,"proliferating"
"TCTTCATGTCGCAACCATGTTGAC-1","slingPseudotime_3",22.0830623966472,"STOP","aucell_naive_memory_score",0,"naive_memory"
"TCTTCATGTCGCAACCATGTTGAC-1","slingPseudotime_3",22.0830623966472,"STOP","aucell_cytotoxic_score",0.148674741091803,"cytotoxic"
"TCTTCATGTCGCAACCATGTTGAC-1","slingPseudotime_4",20.9275009985703,"STOP","aucell_exhausted_score",0,"exhausted"
"TCTTCATGTCGCAACCATGTTGAC-1","slingPseudotime_4",20.9275009985703,"STOP","aucell_proliferating_score",0,"proliferating"
"TCTTCATGTCGCAACCATGTTGAC-1","slingPseudotime_4",20.9275009985703,"STOP","aucell_naive_memory_score",0,"naive_memory"
"TCTTCATGTCGCAACCATGTTGAC-1","slingPseudotime_4",20.9275009985703,"STOP","aucell_cytotoxic_score",0.148674741091803,"cytotoxic"
"TCTTGACCAAGTTGCAATGTTGAC-1","slingPseudotime_1",25.1773276941812,"STOP","aucell_exhausted_score",0.109882394242584,"exhausted"
"TCTTGACCAAGTTGCAATGTTGAC-1","slingPseudotime_1",25.1773276941812,"STOP","aucell_proliferating_score",0,"proliferating"
"TCTTGACCAAGTTGCAATGTTGAC-1","slingPseudotime_1",25.1773276941812,"STOP","aucell_naive_memory_score",0,"naive_memory"
"TCTTGACCAAGTTGCAATGTTGAC-1","slingPseudotime_1",25.1773276941812,"STOP","aucell_cytotoxic_score",0.323854660347551,"cytotoxic"
"TCTTGACCAAGTTGCAATGTTGAC-1","slingPseudotime_2",22.8653380947625,"STOP","aucell_exhausted_score",0.109882394242584,"exhausted"
"TCTTGACCAAGTTGCAATGTTGAC-1","slingPseudotime_2",22.8653380947625,"STOP","aucell_proliferating_score",0,"proliferating"
"TCTTGACCAAGTTGCAATGTTGAC-1","slingPseudotime_2",22.8653380947625,"STOP","aucell_naive_memory_score",0,"naive_memory"
"TCTTGACCAAGTTGCAATGTTGAC-1","slingPseudotime_2",22.8653380947625,"STOP","aucell_cytotoxic_score",0.323854660347551,"cytotoxic"
"TGATTGTTCCGCAATCATGTTGAC-1","slingPseudotime_1",33.4508523153387,"STOP","aucell_exhausted_score",0.0874144286466561,"exhausted"
"TGATTGTTCCGCAATCATGTTGAC-1","slingPseudotime_1",33.4508523153387,"STOP","aucell_proliferating_score",0,"proliferating"
"TGATTGTTCCGCAATCATGTTGAC-1","slingPseudotime_1",33.4508523153387,"STOP","aucell_naive_memory_score",0,"naive_memory"
"TGATTGTTCCGCAATCATGTTGAC-1","slingPseudotime_1",33.4508523153387,"STOP","aucell_cytotoxic_score",0.586273477268738,"cytotoxic"
"TGCCCATAGCGATGGCATGTTGAC-1","slingPseudotime_3",28.5064253895243,"STOP","aucell_exhausted_score",0.213972266104968,"exhausted"
"TGCCCATAGCGATGGCATGTTGAC-1","slingPseudotime_3",28.5064253895243,"STOP","aucell_proliferating_score",0.138947368421053,"proliferating"
"TGCCCATAGCGATGGCATGTTGAC-1","slingPseudotime_3",28.5064253895243,"STOP","aucell_naive_memory_score",0,"naive_memory"
"TGCCCATAGCGATGGCATGTTGAC-1","slingPseudotime_3",28.5064253895243,"STOP","aucell_cytotoxic_score",0.447077409162717,"cytotoxic"
"TGCGATACACCTTCTCATGTTGAC-1","slingPseudotime_1",30.5106475808053,"STOP","aucell_exhausted_score",0.162190626645603,"exhausted"
"TGCGATACACCTTCTCATGTTGAC-1","slingPseudotime_1",30.5106475808053,"STOP","aucell_proliferating_score",0,"proliferating"
"TGCGATACACCTTCTCATGTTGAC-1","slingPseudotime_1",30.5106475808053,"STOP","aucell_naive_memory_score",0,"naive_memory"
"TGCGATACACCTTCTCATGTTGAC-1","slingPseudotime_1",30.5106475808053,"STOP","aucell_cytotoxic_score",0.103563278918729,"cytotoxic"
"TGGATTAAGCCTATATATGTTGAC-1","slingPseudotime_1",27.0591594121076,"STOP","aucell_exhausted_score",0.132174828857293,"exhausted"
"TGGATTAAGCCTATATATGTTGAC-1","slingPseudotime_1",27.0591594121076,"STOP","aucell_proliferating_score",0,"proliferating"
"TGGATTAAGCCTATATATGTTGAC-1","slingPseudotime_1",27.0591594121076,"STOP","aucell_naive_memory_score",0.284,"naive_memory"
"TGGATTAAGCCTATATATGTTGAC-1","slingPseudotime_1",27.0591594121076,"STOP","aucell_cytotoxic_score",0.575741618395647,"cytotoxic"
"TGGATTAAGCCTATATATGTTGAC-1","slingPseudotime_2",24.0852380088419,"STOP","aucell_exhausted_score",0.132174828857293,"exhausted"
"TGGATTAAGCCTATATATGTTGAC-1","slingPseudotime_2",24.0852380088419,"STOP","aucell_proliferating_score",0,"proliferating"
"TGGATTAAGCCTATATATGTTGAC-1","slingPseudotime_2",24.0852380088419,"STOP","aucell_naive_memory_score",0.284,"naive_memory"
"TGGATTAAGCCTATATATGTTGAC-1","slingPseudotime_2",24.0852380088419,"STOP","aucell_cytotoxic_score",0.575741618395647,"cytotoxic"
"TGTATTGGTGGTTATCATGTTGAC-1","slingPseudotime_1",38.9968257962676,"STOP","aucell_exhausted_score",0,"exhausted"
"TGTATTGGTGGTTATCATGTTGAC-1","slingPseudotime_1",38.9968257962676,"STOP","aucell_proliferating_score",0,"proliferating"
"TGTATTGGTGGTTATCATGTTGAC-1","slingPseudotime_1",38.9968257962676,"STOP","aucell_naive_memory_score",0.114526315789474,"naive_memory"
"TGTATTGGTGGTTATCATGTTGAC-1","slingPseudotime_1",38.9968257962676,"STOP","aucell_cytotoxic_score",0.450412497805863,"cytotoxic"
"TGTATTGGTGGTTATCATGTTGAC-1","slingPseudotime_2",17.5561103438959,"STOP","aucell_exhausted_score",0,"exhausted"
"TGTATTGGTGGTTATCATGTTGAC-1","slingPseudotime_2",17.5561103438959,"STOP","aucell_proliferating_score",0,"proliferating"
"TGTATTGGTGGTTATCATGTTGAC-1","slingPseudotime_2",17.5561103438959,"STOP","aucell_naive_memory_score",0.114526315789474,"naive_memory"
"TGTATTGGTGGTTATCATGTTGAC-1","slingPseudotime_2",17.5561103438959,"STOP","aucell_cytotoxic_score",0.450412497805863,"cytotoxic"
"TGTATTGGTGGTTATCATGTTGAC-1","slingPseudotime_3",23.6165077319403,"STOP","aucell_exhausted_score",0,"exhausted"
"TGTATTGGTGGTTATCATGTTGAC-1","slingPseudotime_3",23.6165077319403,"STOP","aucell_proliferating_score",0,"proliferating"
"TGTATTGGTGGTTATCATGTTGAC-1","slingPseudotime_3",23.6165077319403,"STOP","aucell_naive_memory_score",0.114526315789474,"naive_memory"
"TGTATTGGTGGTTATCATGTTGAC-1","slingPseudotime_3",23.6165077319403,"STOP","aucell_cytotoxic_score",0.450412497805863,"cytotoxic"
"TGTATTGGTGGTTATCATGTTGAC-1","slingPseudotime_4",22.5745969093914,"STOP","aucell_exhausted_score",0,"exhausted"
"TGTATTGGTGGTTATCATGTTGAC-1","slingPseudotime_4",22.5745969093914,"STOP","aucell_proliferating_score",0,"proliferating"
"TGTATTGGTGGTTATCATGTTGAC-1","slingPseudotime_4",22.5745969093914,"STOP","aucell_naive_memory_score",0.114526315789474,"naive_memory"
"TGTATTGGTGGTTATCATGTTGAC-1","slingPseudotime_4",22.5745969093914,"STOP","aucell_cytotoxic_score",0.450412497805863,"cytotoxic"
"TGTTAGCGTTTATGGCATGTTGAC-1","slingPseudotime_1",34.8762745447407,"STOP","aucell_exhausted_score",0.16341934351413,"exhausted"
"TGTTAGCGTTTATGGCATGTTGAC-1","slingPseudotime_1",34.8762745447407,"STOP","aucell_proliferating_score",0,"proliferating"
"TGTTAGCGTTTATGGCATGTTGAC-1","slingPseudotime_1",34.8762745447407,"STOP","aucell_naive_memory_score",0,"naive_memory"
"TGTTAGCGTTTATGGCATGTTGAC-1","slingPseudotime_1",34.8762745447407,"STOP","aucell_cytotoxic_score",0.160786378795857,"cytotoxic"
"TTAAGGATCGTCCATAATGTTGAC-1","slingPseudotime_1",27.1604085457289,"STOP","aucell_exhausted_score",0,"exhausted"
"TTAAGGATCGTCCATAATGTTGAC-1","slingPseudotime_1",27.1604085457289,"STOP","aucell_proliferating_score",0.158315789473684,"proliferating"
"TTAAGGATCGTCCATAATGTTGAC-1","slingPseudotime_1",27.1604085457289,"STOP","aucell_naive_memory_score",0.164210526315789,"naive_memory"
"TTAAGGATCGTCCATAATGTTGAC-1","slingPseudotime_1",27.1604085457289,"STOP","aucell_cytotoxic_score",0.332982271370897,"cytotoxic"
"TTAAGGATCGTCCATAATGTTGAC-1","slingPseudotime_2",25.9762895223764,"STOP","aucell_exhausted_score",0,"exhausted"
"TTAAGGATCGTCCATAATGTTGAC-1","slingPseudotime_2",25.9762895223764,"STOP","aucell_proliferating_score",0.158315789473684,"proliferating"
"TTAAGGATCGTCCATAATGTTGAC-1","slingPseudotime_2",25.9762895223764,"STOP","aucell_naive_memory_score",0.164210526315789,"naive_memory"
"TTAAGGATCGTCCATAATGTTGAC-1","slingPseudotime_2",25.9762895223764,"STOP","aucell_cytotoxic_score",0.332982271370897,"cytotoxic"
"TTCGAACGTGATTAGGATGTTGAC-1","slingPseudotime_1",18.8999184313781,"STOP","aucell_exhausted_score",0.149201334035457,"exhausted"
"TTCGAACGTGATTAGGATGTTGAC-1","slingPseudotime_1",18.8999184313781,"STOP","aucell_proliferating_score",0,"proliferating"
"TTCGAACGTGATTAGGATGTTGAC-1","slingPseudotime_1",18.8999184313781,"STOP","aucell_naive_memory_score",0.107578947368421,"naive_memory"
"TTCGAACGTGATTAGGATGTTGAC-1","slingPseudotime_1",18.8999184313781,"STOP","aucell_cytotoxic_score",0,"cytotoxic"
"TTCGAACGTGATTAGGATGTTGAC-1","slingPseudotime_2",17.7847383857026,"STOP","aucell_exhausted_score",0.149201334035457,"exhausted"
"TTCGAACGTGATTAGGATGTTGAC-1","slingPseudotime_2",17.7847383857026,"STOP","aucell_proliferating_score",0,"proliferating"
"TTCGAACGTGATTAGGATGTTGAC-1","slingPseudotime_2",17.7847383857026,"STOP","aucell_naive_memory_score",0.107578947368421,"naive_memory"
"TTCGAACGTGATTAGGATGTTGAC-1","slingPseudotime_2",17.7847383857026,"STOP","aucell_cytotoxic_score",0,"cytotoxic"
"TTCGAACGTGATTAGGATGTTGAC-1","slingPseudotime_3",17.8684834426111,"STOP","aucell_exhausted_score",0.149201334035457,"exhausted"
"TTCGAACGTGATTAGGATGTTGAC-1","slingPseudotime_3",17.8684834426111,"STOP","aucell_proliferating_score",0,"proliferating"
"TTCGAACGTGATTAGGATGTTGAC-1","slingPseudotime_3",17.8684834426111,"STOP","aucell_naive_memory_score",0.107578947368421,"naive_memory"
"TTCGAACGTGATTAGGATGTTGAC-1","slingPseudotime_3",17.8684834426111,"STOP","aucell_cytotoxic_score",0,"cytotoxic"
"TTCGAACGTGATTAGGATGTTGAC-1","slingPseudotime_4",18.9675910949236,"STOP","aucell_exhausted_score",0.149201334035457,"exhausted"
"TTCGAACGTGATTAGGATGTTGAC-1","slingPseudotime_4",18.9675910949236,"STOP","aucell_proliferating_score",0,"proliferating"
"TTCGAACGTGATTAGGATGTTGAC-1","slingPseudotime_4",18.9675910949236,"STOP","aucell_naive_memory_score",0.107578947368421,"naive_memory"
"TTCGAACGTGATTAGGATGTTGAC-1","slingPseudotime_4",18.9675910949236,"STOP","aucell_cytotoxic_score",0,"cytotoxic"
"TTTCAAGGTATTGTCAATGTTGAC-1","slingPseudotime_1",32.8650230878714,"STOP","aucell_exhausted_score",0.104967526768475,"exhausted"
"TTTCAAGGTATTGTCAATGTTGAC-1","slingPseudotime_1",32.8650230878714,"STOP","aucell_proliferating_score",0.134736842105263,"proliferating"
"TTTCAAGGTATTGTCAATGTTGAC-1","slingPseudotime_1",32.8650230878714,"STOP","aucell_naive_memory_score",0,"naive_memory"
"TTTCAAGGTATTGTCAATGTTGAC-1","slingPseudotime_1",32.8650230878714,"STOP","aucell_cytotoxic_score",0.294540986484114,"cytotoxic"
"TTTGGACGTTTGAGCTATGTTGAC-1","slingPseudotime_1",28.9568135875725,"STOP","aucell_exhausted_score",0,"exhausted"
"TTTGGACGTTTGAGCTATGTTGAC-1","slingPseudotime_1",28.9568135875725,"STOP","aucell_proliferating_score",0,"proliferating"
"TTTGGACGTTTGAGCTATGTTGAC-1","slingPseudotime_1",28.9568135875725,"STOP","aucell_naive_memory_score",0,"naive_memory"
"TTTGGACGTTTGAGCTATGTTGAC-1","slingPseudotime_1",28.9568135875725,"STOP","aucell_cytotoxic_score",0.246972090573986,"cytotoxic"
"TTTGGACGTTTGAGCTATGTTGAC-1","slingPseudotime_2",25.3145245827796,"STOP","aucell_exhausted_score",0,"exhausted"
"TTTGGACGTTTGAGCTATGTTGAC-1","slingPseudotime_2",25.3145245827796,"STOP","aucell_proliferating_score",0,"proliferating"
"TTTGGACGTTTGAGCTATGTTGAC-1","slingPseudotime_2",25.3145245827796,"STOP","aucell_naive_memory_score",0,"naive_memory"
"TTTGGACGTTTGAGCTATGTTGAC-1","slingPseudotime_2",25.3145245827796,"STOP","aucell_cytotoxic_score",0.246972090573986,"cytotoxic"
"AACGGCTCAACTAAGTACAGTCTG-1","slingPseudotime_1",12.412741370736,"STOP","aucell_exhausted_score",0.14990345796033,"exhausted"
"AACGGCTCAACTAAGTACAGTCTG-1","slingPseudotime_1",12.412741370736,"STOP","aucell_proliferating_score",0,"proliferating"
"AACGGCTCAACTAAGTACAGTCTG-1","slingPseudotime_1",12.412741370736,"STOP","aucell_naive_memory_score",0.189473684210526,"naive_memory"
"AACGGCTCAACTAAGTACAGTCTG-1","slingPseudotime_1",12.412741370736,"STOP","aucell_cytotoxic_score",0.161312971739512,"cytotoxic"
"AACGGCTCAACTAAGTACAGTCTG-1","slingPseudotime_2",12.0521020714707,"STOP","aucell_exhausted_score",0.14990345796033,"exhausted"
"AACGGCTCAACTAAGTACAGTCTG-1","slingPseudotime_2",12.0521020714707,"STOP","aucell_proliferating_score",0,"proliferating"
"AACGGCTCAACTAAGTACAGTCTG-1","slingPseudotime_2",12.0521020714707,"STOP","aucell_naive_memory_score",0.189473684210526,"naive_memory"
"AACGGCTCAACTAAGTACAGTCTG-1","slingPseudotime_2",12.0521020714707,"STOP","aucell_cytotoxic_score",0.161312971739512,"cytotoxic"
"AACGGCTCAACTAAGTACAGTCTG-1","slingPseudotime_3",12.6059334860043,"STOP","aucell_exhausted_score",0.14990345796033,"exhausted"
"AACGGCTCAACTAAGTACAGTCTG-1","slingPseudotime_3",12.6059334860043,"STOP","aucell_proliferating_score",0,"proliferating"
"AACGGCTCAACTAAGTACAGTCTG-1","slingPseudotime_3",12.6059334860043,"STOP","aucell_naive_memory_score",0.189473684210526,"naive_memory"
"AACGGCTCAACTAAGTACAGTCTG-1","slingPseudotime_3",12.6059334860043,"STOP","aucell_cytotoxic_score",0.161312971739512,"cytotoxic"
"AACGGCTCAACTAAGTACAGTCTG-1","slingPseudotime_4",12.7217275952608,"STOP","aucell_exhausted_score",0.14990345796033,"exhausted"
"AACGGCTCAACTAAGTACAGTCTG-1","slingPseudotime_4",12.7217275952608,"STOP","aucell_proliferating_score",0,"proliferating"
"AACGGCTCAACTAAGTACAGTCTG-1","slingPseudotime_4",12.7217275952608,"STOP","aucell_naive_memory_score",0.189473684210526,"naive_memory"
"AACGGCTCAACTAAGTACAGTCTG-1","slingPseudotime_4",12.7217275952608,"STOP","aucell_cytotoxic_score",0.161312971739512,"cytotoxic"
"AAGACAACACCTTTGGACAGTCTG-1","slingPseudotime_1",12.4205620989236,"STOP","aucell_exhausted_score",0.0210637177461822,"exhausted"
"AAGACAACACCTTTGGACAGTCTG-1","slingPseudotime_1",12.4205620989236,"STOP","aucell_proliferating_score",0,"proliferating"
"AAGACAACACCTTTGGACAGTCTG-1","slingPseudotime_1",12.4205620989236,"STOP","aucell_naive_memory_score",0,"naive_memory"
"AAGACAACACCTTTGGACAGTCTG-1","slingPseudotime_1",12.4205620989236,"STOP","aucell_cytotoxic_score",0.406705283482535,"cytotoxic"
"AAGACAACACCTTTGGACAGTCTG-1","slingPseudotime_2",12.0521020714707,"STOP","aucell_exhausted_score",0.0210637177461822,"exhausted"
"AAGACAACACCTTTGGACAGTCTG-1","slingPseudotime_2",12.0521020714707,"STOP","aucell_proliferating_score",0,"proliferating"
"AAGACAACACCTTTGGACAGTCTG-1","slingPseudotime_2",12.0521020714707,"STOP","aucell_naive_memory_score",0,"naive_memory"
"AAGACAACACCTTTGGACAGTCTG-1","slingPseudotime_2",12.0521020714707,"STOP","aucell_cytotoxic_score",0.406705283482535,"cytotoxic"
"AAGACAACACCTTTGGACAGTCTG-1","slingPseudotime_3",12.7022708913644,"STOP","aucell_exhausted_score",0.0210637177461822,"exhausted"
"AAGACAACACCTTTGGACAGTCTG-1","slingPseudotime_3",12.7022708913644,"STOP","aucell_proliferating_score",0,"proliferating"
"AAGACAACACCTTTGGACAGTCTG-1","slingPseudotime_3",12.7022708913644,"STOP","aucell_naive_memory_score",0,"naive_memory"
"AAGACAACACCTTTGGACAGTCTG-1","slingPseudotime_3",12.7022708913644,"STOP","aucell_cytotoxic_score",0.406705283482535,"cytotoxic"
"AAGACAACACCTTTGGACAGTCTG-1","slingPseudotime_4",12.6968455875765,"STOP","aucell_exhausted_score",0.0210637177461822,"exhausted"
"AAGACAACACCTTTGGACAGTCTG-1","slingPseudotime_4",12.6968455875765,"STOP","aucell_proliferating_score",0,"proliferating"
"AAGACAACACCTTTGGACAGTCTG-1","slingPseudotime_4",12.6968455875765,"STOP","aucell_naive_memory_score",0,"naive_memory"
"AAGACAACACCTTTGGACAGTCTG-1","slingPseudotime_4",12.6968455875765,"STOP","aucell_cytotoxic_score",0.406705283482535,"cytotoxic"
"AAGCTTAAGCGCAAGCACAGTCTG-1","slingPseudotime_4",26.8984556760721,"STOP","aucell_exhausted_score",0.0947867298578199,"exhausted"
"AAGCTTAAGCGCAAGCACAGTCTG-1","slingPseudotime_4",26.8984556760721,"STOP","aucell_proliferating_score",0,"proliferating"
"AAGCTTAAGCGCAAGCACAGTCTG-1","slingPseudotime_4",26.8984556760721,"STOP","aucell_naive_memory_score",0,"naive_memory"
"AAGCTTAAGCGCAAGCACAGTCTG-1","slingPseudotime_4",26.8984556760721,"STOP","aucell_cytotoxic_score",0.331402492539933,"cytotoxic"
"AAGGACAAGCCATTTGACAGTCTG-1","slingPseudotime_1",8.71281303566512,"STOP","aucell_exhausted_score",0,"exhausted"
"AAGGACAAGCCATTTGACAGTCTG-1","slingPseudotime_1",8.71281303566512,"STOP","aucell_proliferating_score",0,"proliferating"
"AAGGACAAGCCATTTGACAGTCTG-1","slingPseudotime_1",8.71281303566512,"STOP","aucell_naive_memory_score",0,"naive_memory"
"AAGGACAAGCCATTTGACAGTCTG-1","slingPseudotime_1",8.71281303566512,"STOP","aucell_cytotoxic_score",0.330700368615061,"cytotoxic"
"AAGGACAAGCCATTTGACAGTCTG-1","slingPseudotime_2",8.67268282657844,"STOP","aucell_exhausted_score",0,"exhausted"
"AAGGACAAGCCATTTGACAGTCTG-1","slingPseudotime_2",8.67268282657844,"STOP","aucell_proliferating_score",0,"proliferating"
"AAGGACAAGCCATTTGACAGTCTG-1","slingPseudotime_2",8.67268282657844,"STOP","aucell_naive_memory_score",0,"naive_memory"
"AAGGACAAGCCATTTGACAGTCTG-1","slingPseudotime_2",8.67268282657844,"STOP","aucell_cytotoxic_score",0.330700368615061,"cytotoxic"
"AAGGACAAGCCATTTGACAGTCTG-1","slingPseudotime_3",8.7442348387739,"STOP","aucell_exhausted_score",0,"exhausted"
"AAGGACAAGCCATTTGACAGTCTG-1","slingPseudotime_3",8.7442348387739,"STOP","aucell_proliferating_score",0,"proliferating"
"AAGGACAAGCCATTTGACAGTCTG-1","slingPseudotime_3",8.7442348387739,"STOP","aucell_naive_memory_score",0,"naive_memory"
"AAGGACAAGCCATTTGACAGTCTG-1","slingPseudotime_3",8.7442348387739,"STOP","aucell_cytotoxic_score",0.330700368615061,"cytotoxic"
"AAGGACAAGCCATTTGACAGTCTG-1","slingPseudotime_4",8.71175229890495,"STOP","aucell_exhausted_score",0,"exhausted"
"AAGGACAAGCCATTTGACAGTCTG-1","slingPseudotime_4",8.71175229890495,"STOP","aucell_proliferating_score",0,"proliferating"
"AAGGACAAGCCATTTGACAGTCTG-1","slingPseudotime_4",8.71175229890495,"STOP","aucell_naive_memory_score",0,"naive_memory"
"AAGGACAAGCCATTTGACAGTCTG-1","slingPseudotime_4",8.71175229890495,"STOP","aucell_cytotoxic_score",0.330700368615061,"cytotoxic"
"AAGGAGCAGAAACCCGACAGTCTG-1","slingPseudotime_1",12.4405441333051,"STOP","aucell_exhausted_score",0,"exhausted"
"AAGGAGCAGAAACCCGACAGTCTG-1","slingPseudotime_1",12.4405441333051,"STOP","aucell_proliferating_score",0,"proliferating"
"AAGGAGCAGAAACCCGACAGTCTG-1","slingPseudotime_1",12.4405441333051,"STOP","aucell_naive_memory_score",0.0105263157894737,"naive_memory"
"AAGGAGCAGAAACCCGACAGTCTG-1","slingPseudotime_1",12.4405441333051,"STOP","aucell_cytotoxic_score",0.150956643847639,"cytotoxic"
"AAGGAGCAGAAACCCGACAGTCTG-1","slingPseudotime_2",12.0521020714707,"STOP","aucell_exhausted_score",0,"exhausted"
"AAGGAGCAGAAACCCGACAGTCTG-1","slingPseudotime_2",12.0521020714707,"STOP","aucell_proliferating_score",0,"proliferating"
"AAGGAGCAGAAACCCGACAGTCTG-1","slingPseudotime_2",12.0521020714707,"STOP","aucell_naive_memory_score",0.0105263157894737,"naive_memory"
"AAGGAGCAGAAACCCGACAGTCTG-1","slingPseudotime_2",12.0521020714707,"STOP","aucell_cytotoxic_score",0.150956643847639,"cytotoxic"
"AAGGAGCAGAAACCCGACAGTCTG-1","slingPseudotime_3",13.0201163236908,"STOP","aucell_exhausted_score",0,"exhausted"
"AAGGAGCAGAAACCCGACAGTCTG-1","slingPseudotime_3",13.0201163236908,"STOP","aucell_proliferating_score",0,"proliferating"
"AAGGAGCAGAAACCCGACAGTCTG-1","slingPseudotime_3",13.0201163236908,"STOP","aucell_naive_memory_score",0.0105263157894737,"naive_memory"
"AAGGAGCAGAAACCCGACAGTCTG-1","slingPseudotime_3",13.0201163236908,"STOP","aucell_cytotoxic_score",0.150956643847639,"cytotoxic"
"AAGGAGCAGAAACCCGACAGTCTG-1","slingPseudotime_4",13.0746019096071,"STOP","aucell_exhausted_score",0,"exhausted"
"AAGGAGCAGAAACCCGACAGTCTG-1","slingPseudotime_4",13.0746019096071,"STOP","aucell_proliferating_score",0,"proliferating"
"AAGGAGCAGAAACCCGACAGTCTG-1","slingPseudotime_4",13.0746019096071,"STOP","aucell_naive_memory_score",0.0105263157894737,"naive_memory"
"AAGGAGCAGAAACCCGACAGTCTG-1","slingPseudotime_4",13.0746019096071,"STOP","aucell_cytotoxic_score",0.150956643847639,"cytotoxic"
"AATCCGGAGGTTGCAGACAGTCTG-1","slingPseudotime_1",23.3050512841572,"STOP","aucell_exhausted_score",0,"exhausted"
"AATCCGGAGGTTGCAGACAGTCTG-1","slingPseudotime_1",23.3050512841572,"STOP","aucell_proliferating_score",0,"proliferating"
"AATCCGGAGGTTGCAGACAGTCTG-1","slingPseudotime_1",23.3050512841572,"STOP","aucell_naive_memory_score",0.0309473684210526,"naive_memory"
"AATCCGGAGGTTGCAGACAGTCTG-1","slingPseudotime_1",23.3050512841572,"STOP","aucell_cytotoxic_score",0.255573108653677,"cytotoxic"
"AATCCGGAGGTTGCAGACAGTCTG-1","slingPseudotime_2",21.9692323199526,"STOP","aucell_exhausted_score",0,"exhausted"
"AATCCGGAGGTTGCAGACAGTCTG-1","slingPseudotime_2",21.9692323199526,"STOP","aucell_proliferating_score",0,"proliferating"
"AATCCGGAGGTTGCAGACAGTCTG-1","slingPseudotime_2",21.9692323199526,"STOP","aucell_naive_memory_score",0.0309473684210526,"naive_memory"
"AATCCGGAGGTTGCAGACAGTCTG-1","slingPseudotime_2",21.9692323199526,"STOP","aucell_cytotoxic_score",0.255573108653677,"cytotoxic"
"AATCCGTGTTGTTGGTACAGTCTG-1","slingPseudotime_1",14.7424653632129,"STOP","aucell_exhausted_score",0.154642794453221,"exhausted"
"AATCCGTGTTGTTGGTACAGTCTG-1","slingPseudotime_1",14.7424653632129,"STOP","aucell_proliferating_score",0,"proliferating"
"AATCCGTGTTGTTGGTACAGTCTG-1","slingPseudotime_1",14.7424653632129,"STOP","aucell_naive_memory_score",0.115157894736842,"naive_memory"
"AATCCGTGTTGTTGGTACAGTCTG-1","slingPseudotime_1",14.7424653632129,"STOP","aucell_cytotoxic_score",0.441635948744953,"cytotoxic"
"AATCCGTGTTGTTGGTACAGTCTG-1","slingPseudotime_2",15.0065965615645,"STOP","aucell_exhausted_score",0.154642794453221,"exhausted"
"AATCCGTGTTGTTGGTACAGTCTG-1","slingPseudotime_2",15.0065965615645,"STOP","aucell_proliferating_score",0,"proliferating"
"AATCCGTGTTGTTGGTACAGTCTG-1","slingPseudotime_2",15.0065965615645,"STOP","aucell_naive_memory_score",0.115157894736842,"naive_memory"
"AATCCGTGTTGTTGGTACAGTCTG-1","slingPseudotime_2",15.0065965615645,"STOP","aucell_cytotoxic_score",0.441635948744953,"cytotoxic"
"ACAATGTCAGTAAGTTACAGTCTG-1","slingPseudotime_1",25.1773276941812,"STOP","aucell_exhausted_score",0.0296647358258733,"exhausted"
"ACAATGTCAGTAAGTTACAGTCTG-1","slingPseudotime_1",25.1773276941812,"STOP","aucell_proliferating_score",0,"proliferating"
"ACAATGTCAGTAAGTTACAGTCTG-1","slingPseudotime_1",25.1773276941812,"STOP","aucell_naive_memory_score",0,"naive_memory"
"ACAATGTCAGTAAGTTACAGTCTG-1","slingPseudotime_1",25.1773276941812,"STOP","aucell_cytotoxic_score",0.0719677022994559,"cytotoxic"
"ACAATGTCAGTAAGTTACAGTCTG-1","slingPseudotime_2",23.3066618978006,"STOP","aucell_exhausted_score",0.0296647358258733,"exhausted"
"ACAATGTCAGTAAGTTACAGTCTG-1","slingPseudotime_2",23.3066618978006,"STOP","aucell_proliferating_score",0,"proliferating"
"ACAATGTCAGTAAGTTACAGTCTG-1","slingPseudotime_2",23.3066618978006,"STOP","aucell_naive_memory_score",0,"naive_memory"
"ACAATGTCAGTAAGTTACAGTCTG-1","slingPseudotime_2",23.3066618978006,"STOP","aucell_cytotoxic_score",0.0719677022994559,"cytotoxic"
"ACACCAACACCTGGTCACAGTCTG-1","slingPseudotime_1",31.3383926831558,"STOP","aucell_exhausted_score",0,"exhausted"
"ACACCAACACCTGGTCACAGTCTG-1","slingPseudotime_1",31.3383926831558,"STOP","aucell_proliferating_score",0,"proliferating"
"ACACCAACACCTGGTCACAGTCTG-1","slingPseudotime_1",31.3383926831558,"STOP","aucell_naive_memory_score",0,"naive_memory"
"ACACCAACACCTGGTCACAGTCTG-1","slingPseudotime_1",31.3383926831558,"STOP","aucell_cytotoxic_score",0.162541688608039,"cytotoxic"
"ACACCAACATTGTACCACAGTCTG-1","slingPseudotime_1",21.0721606371817,"STOP","aucell_exhausted_score",0,"exhausted"
"ACACCAACATTGTACCACAGTCTG-1","slingPseudotime_1",21.0721606371817,"STOP","aucell_proliferating_score",0,"proliferating"
"ACACCAACATTGTACCACAGTCTG-1","slingPseudotime_1",21.0721606371817,"STOP","aucell_naive_memory_score",0.180421052631579,"naive_memory"
"ACACCAACATTGTACCACAGTCTG-1","slingPseudotime_1",21.0721606371817,"STOP","aucell_cytotoxic_score",0.279094260136914,"cytotoxic"
"ACACCAACATTGTACCACAGTCTG-1","slingPseudotime_2",20.2596416656032,"STOP","aucell_exhausted_score",0,"exhausted"
"ACACCAACATTGTACCACAGTCTG-1","slingPseudotime_2",20.2596416656032,"STOP","aucell_proliferating_score",0,"proliferating"
"ACACCAACATTGTACCACAGTCTG-1","slingPseudotime_2",20.2596416656032,"STOP","aucell_naive_memory_score",0.180421052631579,"naive_memory"
"ACACCAACATTGTACCACAGTCTG-1","slingPseudotime_2",20.2596416656032,"STOP","aucell_cytotoxic_score",0.279094260136914,"cytotoxic"
"ACATTGTTCACCACACACAGTCTG-1","slingPseudotime_2",40.0285697967387,"STOP","aucell_exhausted_score",0.0760049148674741,"exhausted"
"ACATTGTTCACCACACACAGTCTG-1","slingPseudotime_2",40.0285697967387,"STOP","aucell_proliferating_score",0.626947368421053,"proliferating"
"ACATTGTTCACCACACACAGTCTG-1","slingPseudotime_2",40.0285697967387,"STOP","aucell_naive_memory_score",0,"naive_memory"
"ACATTGTTCACCACACACAGTCTG-1","slingPseudotime_2",40.0285697967387,"STOP","aucell_cytotoxic_score",0.480428295594172,"cytotoxic"
"ACCGGTTTCTATTGACACAGTCTG-1","slingPseudotime_4",29.8917665752332,"STOP","aucell_exhausted_score",0.159206599964894,"exhausted"
"ACCGGTTTCTATTGACACAGTCTG-1","slingPseudotime_4",29.8917665752332,"STOP","aucell_proliferating_score",0,"proliferating"
"ACCGGTTTCTATTGACACAGTCTG-1","slingPseudotime_4",29.8917665752332,"STOP","aucell_naive_memory_score",0.0848421052631579,"naive_memory"
"ACCGGTTTCTATTGACACAGTCTG-1","slingPseudotime_4",29.8917665752332,"STOP","aucell_cytotoxic_score",0.487098472880463,"cytotoxic"
"ACGGAACGTCGTTATAACAGTCTG-1","slingPseudotime_1",14.8792791546134,"STOP","aucell_exhausted_score",0.0981218185009654,"exhausted"
"ACGGAACGTCGTTATAACAGTCTG-1","slingPseudotime_1",14.8792791546134,"STOP","aucell_proliferating_score",0,"proliferating"
"ACGGAACGTCGTTATAACAGTCTG-1","slingPseudotime_1",14.8792791546134,"STOP","aucell_naive_memory_score",0,"naive_memory"
"ACGGAACGTCGTTATAACAGTCTG-1","slingPseudotime_1",14.8792791546134,"STOP","aucell_cytotoxic_score",0.212216956292786,"cytotoxic"
"ACGGAACGTCGTTATAACAGTCTG-1","slingPseudotime_2",14.3859768755286,"STOP","aucell_exhausted_score",0.0981218185009654,"exhausted"
"ACGGAACGTCGTTATAACAGTCTG-1","slingPseudotime_2",14.3859768755286,"STOP","aucell_proliferating_score",0,"proliferating"
"ACGGAACGTCGTTATAACAGTCTG-1","slingPseudotime_2",14.3859768755286,"STOP","aucell_naive_memory_score",0,"naive_memory"
"ACGGAACGTCGTTATAACAGTCTG-1","slingPseudotime_2",14.3859768755286,"STOP","aucell_cytotoxic_score",0.212216956292786,"cytotoxic"
"ACGGAACGTCGTTATAACAGTCTG-1","slingPseudotime_3",14.84294760711,"STOP","aucell_exhausted_score",0.0981218185009654,"exhausted"
"ACGGAACGTCGTTATAACAGTCTG-1","slingPseudotime_3",14.84294760711,"STOP","aucell_proliferating_score",0,"proliferating"
"ACGGAACGTCGTTATAACAGTCTG-1","slingPseudotime_3",14.84294760711,"STOP","aucell_naive_memory_score",0,"naive_memory"
"ACGGAACGTCGTTATAACAGTCTG-1","slingPseudotime_3",14.84294760711,"STOP","aucell_cytotoxic_score",0.212216956292786,"cytotoxic"
"ACGGAACGTCGTTATAACAGTCTG-1","slingPseudotime_4",27.1221256034939,"STOP","aucell_exhausted_score",0.0981218185009654,"exhausted"
"ACGGAACGTCGTTATAACAGTCTG-1","slingPseudotime_4",27.1221256034939,"STOP","aucell_proliferating_score",0,"proliferating"
"ACGGAACGTCGTTATAACAGTCTG-1","slingPseudotime_4",27.1221256034939,"STOP","aucell_naive_memory_score",0,"naive_memory"
"ACGGAACGTCGTTATAACAGTCTG-1","slingPseudotime_4",27.1221256034939,"STOP","aucell_cytotoxic_score",0.212216956292786,"cytotoxic"
"ACTAAGTCAATGGATTACAGTCTG-1","slingPseudotime_1",8.55613065930491,"STOP","aucell_exhausted_score",0,"exhausted"
"ACTAAGTCAATGGATTACAGTCTG-1","slingPseudotime_1",8.55613065930491,"STOP","aucell_proliferating_score",0,"proliferating"
"ACTAAGTCAATGGATTACAGTCTG-1","slingPseudotime_1",8.55613065930491,"STOP","aucell_naive_memory_score",0.374947368421053,"naive_memory"
"ACTAAGTCAATGGATTACAGTCTG-1","slingPseudotime_1",8.55613065930491,"STOP","aucell_cytotoxic_score",0.153063015622257,"cytotoxic"
"ACTAAGTCAATGGATTACAGTCTG-1","slingPseudotime_2",8.75538592664172,"STOP","aucell_exhausted_score",0,"exhausted"
"ACTAAGTCAATGGATTACAGTCTG-1","slingPseudotime_2",8.75538592664172,"STOP","aucell_proliferating_score",0,"proliferating"
"ACTAAGTCAATGGATTACAGTCTG-1","slingPseudotime_2",8.75538592664172,"STOP","aucell_naive_memory_score",0.374947368421053,"naive_memory"
"ACTAAGTCAATGGATTACAGTCTG-1","slingPseudotime_2",8.75538592664172,"STOP","aucell_cytotoxic_score",0.153063015622257,"cytotoxic"
"ACTAAGTCAATGGATTACAGTCTG-1","slingPseudotime_3",8.37315285607076,"STOP","aucell_exhausted_score",0,"exhausted"
"ACTAAGTCAATGGATTACAGTCTG-1","slingPseudotime_3",8.37315285607076,"STOP","aucell_proliferating_score",0,"proliferating"
"ACTAAGTCAATGGATTACAGTCTG-1","slingPseudotime_3",8.37315285607076,"STOP","aucell_naive_memory_score",0.374947368421053,"naive_memory"
"ACTAAGTCAATGGATTACAGTCTG-1","slingPseudotime_3",8.37315285607076,"STOP","aucell_cytotoxic_score",0.153063015622257,"cytotoxic"
"ACTAAGTCAATGGATTACAGTCTG-1","slingPseudotime_4",8.36961336153222,"STOP","aucell_exhausted_score",0,"exhausted"
"ACTAAGTCAATGGATTACAGTCTG-1","slingPseudotime_4",8.36961336153222,"STOP","aucell_proliferating_score",0,"proliferating"
"ACTAAGTCAATGGATTACAGTCTG-1","slingPseudotime_4",8.36961336153222,"STOP","aucell_naive_memory_score",0.374947368421053,"naive_memory"
"ACTAAGTCAATGGATTACAGTCTG-1","slingPseudotime_4",8.36961336153222,"STOP","aucell_cytotoxic_score",0.153063015622257,"cytotoxic"
"ACTAGTCGTTGAGCTTACAGTCTG-1","slingPseudotime_1",15.223582997612,"STOP","aucell_exhausted_score",0.305423907319642,"exhausted"
"ACTAGTCGTTGAGCTTACAGTCTG-1","slingPseudotime_1",15.223582997612,"STOP","aucell_proliferating_score",0,"proliferating"
"ACTAGTCGTTGAGCTTACAGTCTG-1","slingPseudotime_1",15.223582997612,"STOP","aucell_naive_memory_score",0,"naive_memory"
"ACTAGTCGTTGAGCTTACAGTCTG-1","slingPseudotime_1",15.223582997612,"STOP","aucell_cytotoxic_score",0.320519571704406,"cytotoxic"
"ACTAGTCGTTGAGCTTACAGTCTG-1","slingPseudotime_2",15.2035270217059,"STOP","aucell_exhausted_score",0.305423907319642,"exhausted"
"ACTAGTCGTTGAGCTTACAGTCTG-1","slingPseudotime_2",15.2035270217059,"STOP","aucell_proliferating_score",0,"proliferating"
"ACTAGTCGTTGAGCTTACAGTCTG-1","slingPseudotime_2",15.2035270217059,"STOP","aucell_naive_memory_score",0,"naive_memory"
"ACTAGTCGTTGAGCTTACAGTCTG-1","slingPseudotime_2",15.2035270217059,"STOP","aucell_cytotoxic_score",0.320519571704406,"cytotoxic"
"ACTAGTCGTTGAGCTTACAGTCTG-1","slingPseudotime_3",14.4095694536444,"STOP","aucell_exhausted_score",0.305423907319642,"exhausted"
"ACTAGTCGTTGAGCTTACAGTCTG-1","slingPseudotime_3",14.4095694536444,"STOP","aucell_proliferating_score",0,"proliferating"
"ACTAGTCGTTGAGCTTACAGTCTG-1","slingPseudotime_3",14.4095694536444,"STOP","aucell_naive_memory_score",0,"naive_memory"
"ACTAGTCGTTGAGCTTACAGTCTG-1","slingPseudotime_3",14.4095694536444,"STOP","aucell_cytotoxic_score",0.320519571704406,"cytotoxic"
"ACTAGTCGTTGAGCTTACAGTCTG-1","slingPseudotime_4",26.4576191516427,"STOP","aucell_exhausted_score",0.305423907319642,"exhausted"
"ACTAGTCGTTGAGCTTACAGTCTG-1","slingPseudotime_4",26.4576191516427,"STOP","aucell_proliferating_score",0,"proliferating"
"ACTAGTCGTTGAGCTTACAGTCTG-1","slingPseudotime_4",26.4576191516427,"STOP","aucell_naive_memory_score",0,"naive_memory"
"ACTAGTCGTTGAGCTTACAGTCTG-1","slingPseudotime_4",26.4576191516427,"STOP","aucell_cytotoxic_score",0.320519571704406,"cytotoxic"
"ACTCGAACAGGATCCGACAGTCTG-1","slingPseudotime_1",39.2650368721076,"STOP","aucell_exhausted_score",0.133579076707039,"exhausted"
"ACTCGAACAGGATCCGACAGTCTG-1","slingPseudotime_1",39.2650368721076,"STOP","aucell_proliferating_score",0,"proliferating"
"ACTCGAACAGGATCCGACAGTCTG-1","slingPseudotime_1",39.2650368721076,"STOP","aucell_naive_memory_score",0,"naive_memory"
"ACTCGAACAGGATCCGACAGTCTG-1","slingPseudotime_1",39.2650368721076,"STOP","aucell_cytotoxic_score",0.421449885904862,"cytotoxic"
"ACTCGAACAGGATCCGACAGTCTG-1","slingPseudotime_2",14.8622857713608,"STOP","aucell_exhausted_score",0.133579076707039,"exhausted"
"ACTCGAACAGGATCCGACAGTCTG-1","slingPseudotime_2",14.8622857713608,"STOP","aucell_proliferating_score",0,"proliferating"
"ACTCGAACAGGATCCGACAGTCTG-1","slingPseudotime_2",14.8622857713608,"STOP","aucell_naive_memory_score",0,"naive_memory"
"ACTCGAACAGGATCCGACAGTCTG-1","slingPseudotime_2",14.8622857713608,"STOP","aucell_cytotoxic_score",0.421449885904862,"cytotoxic"
"ACTCGAACAGGATCCGACAGTCTG-1","slingPseudotime_3",19.8095852588379,"STOP","aucell_exhausted_score",0.133579076707039,"exhausted"
"ACTCGAACAGGATCCGACAGTCTG-1","slingPseudotime_3",19.8095852588379,"STOP","aucell_proliferating_score",0,"proliferating"
"ACTCGAACAGGATCCGACAGTCTG-1","slingPseudotime_3",19.8095852588379,"STOP","aucell_naive_memory_score",0,"naive_memory"
"ACTCGAACAGGATCCGACAGTCTG-1","slingPseudotime_3",19.8095852588379,"STOP","aucell_cytotoxic_score",0.421449885904862,"cytotoxic"
"ACTCGAACAGGATCCGACAGTCTG-1","slingPseudotime_4",19.3464230259226,"STOP","aucell_exhausted_score",0.133579076707039,"exhausted"
"ACTCGAACAGGATCCGACAGTCTG-1","slingPseudotime_4",19.3464230259226,"STOP","aucell_proliferating_score",0,"proliferating"
"ACTCGAACAGGATCCGACAGTCTG-1","slingPseudotime_4",19.3464230259226,"STOP","aucell_naive_memory_score",0,"naive_memory"
"ACTCGAACAGGATCCGACAGTCTG-1","slingPseudotime_4",19.3464230259226,"STOP","aucell_cytotoxic_score",0.421449885904862,"cytotoxic"
"ACTTCCCGTCAATGTCACAGTCTG-1","slingPseudotime_4",29.61237186793,"STOP","aucell_exhausted_score",0.122169562927857,"exhausted"
"ACTTCCCGTCAATGTCACAGTCTG-1","slingPseudotime_4",29.61237186793,"STOP","aucell_proliferating_score",0,"proliferating"
"ACTTCCCGTCAATGTCACAGTCTG-1","slingPseudotime_4",29.61237186793,"STOP","aucell_naive_memory_score",0,"naive_memory"
"ACTTCCCGTCAATGTCACAGTCTG-1","slingPseudotime_4",29.61237186793,"STOP","aucell_cytotoxic_score",0.386343689661225,"cytotoxic"
"AGACTGAGTCCGTGACACAGTCTG-1","slingPseudotime_2",35.0305948571249,"STOP","aucell_exhausted_score",0,"exhausted"
"AGACTGAGTCCGTGACACAGTCTG-1","slingPseudotime_2",35.0305948571249,"STOP","aucell_proliferating_score",0.346315789473684,"proliferating"
"AGACTGAGTCCGTGACACAGTCTG-1","slingPseudotime_2",35.0305948571249,"STOP","aucell_naive_memory_score",0,"naive_memory"
"AGACTGAGTCCGTGACACAGTCTG-1","slingPseudotime_2",35.0305948571249,"STOP","aucell_cytotoxic_score",0.71950149201334,"cytotoxic"
"AGCCTCTAGCATTACTACAGTCTG-1","slingPseudotime_1",4.45197861101497,"STOP","aucell_exhausted_score",0,"exhausted"
"AGCCTCTAGCATTACTACAGTCTG-1","slingPseudotime_1",4.45197861101497,"STOP","aucell_proliferating_score",0.0644210526315789,"proliferating"
"AGCCTCTAGCATTACTACAGTCTG-1","slingPseudotime_1",4.45197861101497,"STOP","aucell_naive_memory_score",0.217263157894737,"naive_memory"
"AGCCTCTAGCATTACTACAGTCTG-1","slingPseudotime_1",4.45197861101497,"STOP","aucell_cytotoxic_score",0.0124626996664911,"cytotoxic"
"AGCCTCTAGCATTACTACAGTCTG-1","slingPseudotime_2",4.4623291350275,"STOP","aucell_exhausted_score",0,"exhausted"
"AGCCTCTAGCATTACTACAGTCTG-1","slingPseudotime_2",4.4623291350275,"STOP","aucell_proliferating_score",0.0644210526315789,"proliferating"
"AGCCTCTAGCATTACTACAGTCTG-1","slingPseudotime_2",4.4623291350275,"STOP","aucell_naive_memory_score",0.217263157894737,"naive_memory"
"AGCCTCTAGCATTACTACAGTCTG-1","slingPseudotime_2",4.4623291350275,"STOP","aucell_cytotoxic_score",0.0124626996664911,"cytotoxic"
"AGCCTCTAGCATTACTACAGTCTG-1","slingPseudotime_3",4.35265031230029,"STOP","aucell_exhausted_score",0,"exhausted"
"AGCCTCTAGCATTACTACAGTCTG-1","slingPseudotime_3",4.35265031230029,"STOP","aucell_proliferating_score",0.0644210526315789,"proliferating"
"AGCCTCTAGCATTACTACAGTCTG-1","slingPseudotime_3",4.35265031230029,"STOP","aucell_naive_memory_score",0.217263157894737,"naive_memory"
"AGCCTCTAGCATTACTACAGTCTG-1","slingPseudotime_3",4.35265031230029,"STOP","aucell_cytotoxic_score",0.0124626996664911,"cytotoxic"
"AGCCTCTAGCATTACTACAGTCTG-1","slingPseudotime_4",4.37475809685275,"STOP","aucell_exhausted_score",0,"exhausted"
"AGCCTCTAGCATTACTACAGTCTG-1","slingPseudotime_4",4.37475809685275,"STOP","aucell_proliferating_score",0.0644210526315789,"proliferating"
"AGCCTCTAGCATTACTACAGTCTG-1","slingPseudotime_4",4.37475809685275,"STOP","aucell_naive_memory_score",0.217263157894737,"naive_memory"
"AGCCTCTAGCATTACTACAGTCTG-1","slingPseudotime_4",4.37475809685275,"STOP","aucell_cytotoxic_score",0.0124626996664911,"cytotoxic"
"AGCCTGTTCTAAGTAGACAGTCTG-1","slingPseudotime_1",19.4538106150618,"STOP","aucell_exhausted_score",0.103563278918729,"exhausted"
"AGCCTGTTCTAAGTAGACAGTCTG-1","slingPseudotime_1",19.4538106150618,"STOP","aucell_proliferating_score",0,"proliferating"
"AGCCTGTTCTAAGTAGACAGTCTG-1","slingPseudotime_1",19.4538106150618,"STOP","aucell_naive_memory_score",0.175368421052632,"naive_memory"
"AGCCTGTTCTAAGTAGACAGTCTG-1","slingPseudotime_1",19.4538106150618,"STOP","aucell_cytotoxic_score",0.266280498507987,"cytotoxic"
"AGCCTGTTCTAAGTAGACAGTCTG-1","slingPseudotime_2",18.2161851661564,"STOP","aucell_exhausted_score",0.103563278918729,"exhausted"
"AGCCTGTTCTAAGTAGACAGTCTG-1","slingPseudotime_2",18.2161851661564,"STOP","aucell_proliferating_score",0,"proliferating"
"AGCCTGTTCTAAGTAGACAGTCTG-1","slingPseudotime_2",18.2161851661564,"STOP","aucell_naive_memory_score",0.175368421052632,"naive_memory"
"AGCCTGTTCTAAGTAGACAGTCTG-1","slingPseudotime_2",18.2161851661564,"STOP","aucell_cytotoxic_score",0.266280498507987,"cytotoxic"
"AGCCTGTTCTAAGTAGACAGTCTG-1","slingPseudotime_3",20.8572848483925,"STOP","aucell_exhausted_score",0.103563278918729,"exhausted"
"AGCCTGTTCTAAGTAGACAGTCTG-1","slingPseudotime_3",20.8572848483925,"STOP","aucell_proliferating_score",0,"proliferating"
"AGCCTGTTCTAAGTAGACAGTCTG-1","slingPseudotime_3",20.8572848483925,"STOP","aucell_naive_memory_score",0.175368421052632,"naive_memory"
"AGCCTGTTCTAAGTAGACAGTCTG-1","slingPseudotime_3",20.8572848483925,"STOP","aucell_cytotoxic_score",0.266280498507987,"cytotoxic"
"AGCCTGTTCTAAGTAGACAGTCTG-1","slingPseudotime_4",19.8696541497182,"STOP","aucell_exhausted_score",0.103563278918729,"exhausted"
"AGCCTGTTCTAAGTAGACAGTCTG-1","slingPseudotime_4",19.8696541497182,"STOP","aucell_proliferating_score",0,"proliferating"
"AGCCTGTTCTAAGTAGACAGTCTG-1","slingPseudotime_4",19.8696541497182,"STOP","aucell_naive_memory_score",0.175368421052632,"naive_memory"
"AGCCTGTTCTAAGTAGACAGTCTG-1","slingPseudotime_4",19.8696541497182,"STOP","aucell_cytotoxic_score",0.266280498507987,"cytotoxic"
"AGCGAACGTGGTGCAGACAGTCTG-1","slingPseudotime_1",15.4236679274231,"STOP","aucell_exhausted_score",0,"exhausted"
"AGCGAACGTGGTGCAGACAGTCTG-1","slingPseudotime_1",15.4236679274231,"STOP","aucell_proliferating_score",0.02,"proliferating"
"AGCGAACGTGGTGCAGACAGTCTG-1","slingPseudotime_1",15.4236679274231,"STOP","aucell_naive_memory_score",0,"naive_memory"
"AGCGAACGTGGTGCAGACAGTCTG-1","slingPseudotime_1",15.4236679274231,"STOP","aucell_cytotoxic_score",0.496401614885027,"cytotoxic"
"AGCGAACGTGGTGCAGACAGTCTG-1","slingPseudotime_2",15.0524905091011,"STOP","aucell_exhausted_score",0,"exhausted"
"AGCGAACGTGGTGCAGACAGTCTG-1","slingPseudotime_2",15.0524905091011,"STOP","aucell_proliferating_score",0.02,"proliferating"
"AGCGAACGTGGTGCAGACAGTCTG-1","slingPseudotime_2",15.0524905091011,"STOP","aucell_naive_memory_score",0,"naive_memory"
"AGCGAACGTGGTGCAGACAGTCTG-1","slingPseudotime_2",15.0524905091011,"STOP","aucell_cytotoxic_score",0.496401614885027,"cytotoxic"
"AGCGAACGTGGTGCAGACAGTCTG-1","slingPseudotime_3",16.9346374160331,"STOP","aucell_exhausted_score",0,"exhausted"
"AGCGAACGTGGTGCAGACAGTCTG-1","slingPseudotime_3",16.9346374160331,"STOP","aucell_proliferating_score",0.02,"proliferating"
"AGCGAACGTGGTGCAGACAGTCTG-1","slingPseudotime_3",16.9346374160331,"STOP","aucell_naive_memory_score",0,"naive_memory"
"AGCGAACGTGGTGCAGACAGTCTG-1","slingPseudotime_3",16.9346374160331,"STOP","aucell_cytotoxic_score",0.496401614885027,"cytotoxic"
"AGCGAACGTGGTGCAGACAGTCTG-1","slingPseudotime_4",16.8825433959408,"STOP","aucell_exhausted_score",0,"exhausted"
"AGCGAACGTGGTGCAGACAGTCTG-1","slingPseudotime_4",16.8825433959408,"STOP","aucell_proliferating_score",0.02,"proliferating"
"AGCGAACGTGGTGCAGACAGTCTG-1","slingPseudotime_4",16.8825433959408,"STOP","aucell_naive_memory_score",0,"naive_memory"
"AGCGAACGTGGTGCAGACAGTCTG-1","slingPseudotime_4",16.8825433959408,"STOP","aucell_cytotoxic_score",0.496401614885027,"cytotoxic"
"AGCTGGCAGTTTGCATACAGTCTG-1","slingPseudotime_1",16.0829039045514,"STOP","aucell_exhausted_score",0,"exhausted"
"AGCTGGCAGTTTGCATACAGTCTG-1","slingPseudotime_1",16.0829039045514,"STOP","aucell_proliferating_score",0,"proliferating"
"AGCTGGCAGTTTGCATACAGTCTG-1","slingPseudotime_1",16.0829039045514,"STOP","aucell_naive_memory_score",0.202315789473684,"naive_memory"
"AGCTGGCAGTTTGCATACAGTCTG-1","slingPseudotime_1",16.0829039045514,"STOP","aucell_cytotoxic_score",0.441811479726172,"cytotoxic"
"AGCTGGCAGTTTGCATACAGTCTG-1","slingPseudotime_2",15.4411004461748,"STOP","aucell_exhausted_score",0,"exhausted"
"AGCTGGCAGTTTGCATACAGTCTG-1","slingPseudotime_2",15.4411004461748,"STOP","aucell_proliferating_score",0,"proliferating"
"AGCTGGCAGTTTGCATACAGTCTG-1","slingPseudotime_2",15.4411004461748,"STOP","aucell_naive_memory_score",0.202315789473684,"naive_memory"
"AGCTGGCAGTTTGCATACAGTCTG-1","slingPseudotime_2",15.4411004461748,"STOP","aucell_cytotoxic_score",0.441811479726172,"cytotoxic"
"AGCTGGCAGTTTGCATACAGTCTG-1","slingPseudotime_3",16.9990296586598,"STOP","aucell_exhausted_score",0,"exhausted"
"AGCTGGCAGTTTGCATACAGTCTG-1","slingPseudotime_3",16.9990296586598,"STOP","aucell_proliferating_score",0,"proliferating"
"AGCTGGCAGTTTGCATACAGTCTG-1","slingPseudotime_3",16.9990296586598,"STOP","aucell_naive_memory_score",0.202315789473684,"naive_memory"
"AGCTGGCAGTTTGCATACAGTCTG-1","slingPseudotime_3",16.9990296586598,"STOP","aucell_cytotoxic_score",0.441811479726172,"cytotoxic"
"AGCTGGCAGTTTGCATACAGTCTG-1","slingPseudotime_4",16.8900413483627,"STOP","aucell_exhausted_score",0,"exhausted"
"AGCTGGCAGTTTGCATACAGTCTG-1","slingPseudotime_4",16.8900413483627,"STOP","aucell_proliferating_score",0,"proliferating"
"AGCTGGCAGTTTGCATACAGTCTG-1","slingPseudotime_4",16.8900413483627,"STOP","aucell_naive_memory_score",0.202315789473684,"naive_memory"
"AGCTGGCAGTTTGCATACAGTCTG-1","slingPseudotime_4",16.8900413483627,"STOP","aucell_cytotoxic_score",0.441811479726172,"cytotoxic"
"AGCTTCCAGCTTATCGACAGTCTG-1","slingPseudotime_4",29.2469843132505,"STOP","aucell_exhausted_score",0.29208355274706,"exhausted"
"AGCTTCCAGCTTATCGACAGTCTG-1","slingPseudotime_4",29.2469843132505,"STOP","aucell_proliferating_score",0,"proliferating"
"AGCTTCCAGCTTATCGACAGTCTG-1","slingPseudotime_4",29.2469843132505,"STOP","aucell_naive_memory_score",0.0581052631578947,"naive_memory"
"AGCTTCCAGCTTATCGACAGTCTG-1","slingPseudotime_4",29.2469843132505,"STOP","aucell_cytotoxic_score",0.665262418816921,"cytotoxic"
"AGGCGAGAGATGCAACACAGTCTG-1","slingPseudotime_1",19.6795574318693,"STOP","aucell_exhausted_score",0,"exhausted"
"AGGCGAGAGATGCAACACAGTCTG-1","slingPseudotime_1",19.6795574318693,"STOP","aucell_proliferating_score",0,"proliferating"
"AGGCGAGAGATGCAACACAGTCTG-1","slingPseudotime_1",19.6795574318693,"STOP","aucell_naive_memory_score",0,"naive_memory"
"AGGCGAGAGATGCAACACAGTCTG-1","slingPseudotime_1",19.6795574318693,"STOP","aucell_cytotoxic_score",0.772160786378796,"cytotoxic"
"AGGCGAGAGATGCAACACAGTCTG-1","slingPseudotime_2",18.8237839033793,"STOP","aucell_exhausted_score",0,"exhausted"
"AGGCGAGAGATGCAACACAGTCTG-1","slingPseudotime_2",18.8237839033793,"STOP","aucell_proliferating_score",0,"proliferating"
"AGGCGAGAGATGCAACACAGTCTG-1","slingPseudotime_2",18.8237839033793,"STOP","aucell_naive_memory_score",0,"naive_memory"
"AGGCGAGAGATGCAACACAGTCTG-1","slingPseudotime_2",18.8237839033793,"STOP","aucell_cytotoxic_score",0.772160786378796,"cytotoxic"
"AGGCGCAGTGCACTATACAGTCTG-1","slingPseudotime_1",10.9024834083675,"STOP","aucell_exhausted_score",0.156398104265403,"exhausted"
"AGGCGCAGTGCACTATACAGTCTG-1","slingPseudotime_1",10.9024834083675,"STOP","aucell_proliferating_score",0,"proliferating"
"AGGCGCAGTGCACTATACAGTCTG-1","slingPseudotime_1",10.9024834083675,"STOP","aucell_naive_memory_score",0,"naive_memory"
"AGGCGCAGTGCACTATACAGTCTG-1","slingPseudotime_1",10.9024834083675,"STOP","aucell_cytotoxic_score",0.434965771458662,"cytotoxic"
"AGGCGCAGTGCACTATACAGTCTG-1","slingPseudotime_2",11.346594131349,"STOP","aucell_exhausted_score",0.156398104265403,"exhausted"
"AGGCGCAGTGCACTATACAGTCTG-1","slingPseudotime_2",11.346594131349,"STOP","aucell_proliferating_score",0,"proliferating"
"AGGCGCAGTGCACTATACAGTCTG-1","slingPseudotime_2",11.346594131349,"STOP","aucell_naive_memory_score",0,"naive_memory"
"AGGCGCAGTGCACTATACAGTCTG-1","slingPseudotime_2",11.346594131349,"STOP","aucell_cytotoxic_score",0.434965771458662,"cytotoxic"
"AGGCGCAGTGCACTATACAGTCTG-1","slingPseudotime_3",10.6507339396165,"STOP","aucell_exhausted_score",0.156398104265403,"exhausted"
"AGGCGCAGTGCACTATACAGTCTG-1","slingPseudotime_3",10.6507339396165,"STOP","aucell_proliferating_score",0,"proliferating"
"AGGCGCAGTGCACTATACAGTCTG-1","slingPseudotime_3",10.6507339396165,"STOP","aucell_naive_memory_score",0,"naive_memory"
"AGGCGCAGTGCACTATACAGTCTG-1","slingPseudotime_3",10.6507339396165,"STOP","aucell_cytotoxic_score",0.434965771458662,"cytotoxic"
"AGGCGCAGTGCACTATACAGTCTG-1","slingPseudotime_4",10.5979124640388,"STOP","aucell_exhausted_score",0.156398104265403,"exhausted"
"AGGCGCAGTGCACTATACAGTCTG-1","slingPseudotime_4",10.5979124640388,"STOP","aucell_proliferating_score",0,"proliferating"
"AGGCGCAGTGCACTATACAGTCTG-1","slingPseudotime_4",10.5979124640388,"STOP","aucell_naive_memory_score",0,"naive_memory"
"AGGCGCAGTGCACTATACAGTCTG-1","slingPseudotime_4",10.5979124640388,"STOP","aucell_cytotoxic_score",0.434965771458662,"cytotoxic"
"AGTGATCAGCAAAGCTACAGTCTG-1","slingPseudotime_1",15.5372242894439,"STOP","aucell_exhausted_score",0,"exhausted"
"AGTGATCAGCAAAGCTACAGTCTG-1","slingPseudotime_1",15.5372242894439,"STOP","aucell_proliferating_score",0,"proliferating"
"AGTGATCAGCAAAGCTACAGTCTG-1","slingPseudotime_1",15.5372242894439,"STOP","aucell_naive_memory_score",0,"naive_memory"
"AGTGATCAGCAAAGCTACAGTCTG-1","slingPseudotime_1",15.5372242894439,"STOP","aucell_cytotoxic_score",0.488151658767773,"cytotoxic"
"AGTGATCAGCAAAGCTACAGTCTG-1","slingPseudotime_2",15.0777196421683,"STOP","aucell_exhausted_score",0,"exhausted"
"AGTGATCAGCAAAGCTACAGTCTG-1","slingPseudotime_2",15.0777196421683,"STOP","aucell_proliferating_score",0,"proliferating"
"AGTGATCAGCAAAGCTACAGTCTG-1","slingPseudotime_2",15.0777196421683,"STOP","aucell_naive_memory_score",0,"naive_memory"
"AGTGATCAGCAAAGCTACAGTCTG-1","slingPseudotime_2",15.0777196421683,"STOP","aucell_cytotoxic_score",0.488151658767773,"cytotoxic"
"AGTGATCAGCAAAGCTACAGTCTG-1","slingPseudotime_3",15.1564795639526,"STOP","aucell_exhausted_score",0,"exhausted"
"AGTGATCAGCAAAGCTACAGTCTG-1","slingPseudotime_3",15.1564795639526,"STOP","aucell_proliferating_score",0,"proliferating"
"AGTGATCAGCAAAGCTACAGTCTG-1","slingPseudotime_3",15.1564795639526,"STOP","aucell_naive_memory_score",0,"naive_memory"
"AGTGATCAGCAAAGCTACAGTCTG-1","slingPseudotime_3",15.1564795639526,"STOP","aucell_cytotoxic_score",0.488151658767773,"cytotoxic"
"AGTGATCAGCAAAGCTACAGTCTG-1","slingPseudotime_4",15.2181528158573,"STOP","aucell_exhausted_score",0,"exhausted"
"AGTGATCAGCAAAGCTACAGTCTG-1","slingPseudotime_4",15.2181528158573,"STOP","aucell_proliferating_score",0,"proliferating"
"AGTGATCAGCAAAGCTACAGTCTG-1","slingPseudotime_4",15.2181528158573,"STOP","aucell_naive_memory_score",0,"naive_memory"
"AGTGATCAGCAAAGCTACAGTCTG-1","slingPseudotime_4",15.2181528158573,"STOP","aucell_cytotoxic_score",0.488151658767773,"cytotoxic"
"AGTGGCGGTTGGCCACACAGTCTG-1","slingPseudotime_1",10.2633100677903,"STOP","aucell_exhausted_score",0,"exhausted"
"AGTGGCGGTTGGCCACACAGTCTG-1","slingPseudotime_1",10.2633100677903,"STOP","aucell_proliferating_score",0,"proliferating"
"AGTGGCGGTTGGCCACACAGTCTG-1","slingPseudotime_1",10.2633100677903,"STOP","aucell_naive_memory_score",0,"naive_memory"
"AGTGGCGGTTGGCCACACAGTCTG-1","slingPseudotime_1",10.2633100677903,"STOP","aucell_cytotoxic_score",0.330349306652624,"cytotoxic"
"AGTGGCGGTTGGCCACACAGTCTG-1","slingPseudotime_2",10.3838748184694,"STOP","aucell_exhausted_score",0,"exhausted"
"AGTGGCGGTTGGCCACACAGTCTG-1","slingPseudotime_2",10.3838748184694,"STOP","aucell_proliferating_score",0,"proliferating"
"AGTGGCGGTTGGCCACACAGTCTG-1","slingPseudotime_2",10.3838748184694,"STOP","aucell_naive_memory_score",0,"naive_memory"
"AGTGGCGGTTGGCCACACAGTCTG-1","slingPseudotime_2",10.3838748184694,"STOP","aucell_cytotoxic_score",0.330349306652624,"cytotoxic"
"AGTGGCGGTTGGCCACACAGTCTG-1","slingPseudotime_3",10.2202260979282,"STOP","aucell_exhausted_score",0,"exhausted"
"AGTGGCGGTTGGCCACACAGTCTG-1","slingPseudotime_3",10.2202260979282,"STOP","aucell_proliferating_score",0,"proliferating"
"AGTGGCGGTTGGCCACACAGTCTG-1","slingPseudotime_3",10.2202260979282,"STOP","aucell_naive_memory_score",0,"naive_memory"
"AGTGGCGGTTGGCCACACAGTCTG-1","slingPseudotime_3",10.2202260979282,"STOP","aucell_cytotoxic_score",0.330349306652624,"cytotoxic"
"AGTGGCGGTTGGCCACACAGTCTG-1","slingPseudotime_4",10.0280257900865,"STOP","aucell_exhausted_score",0,"exhausted"
"AGTGGCGGTTGGCCACACAGTCTG-1","slingPseudotime_4",10.0280257900865,"STOP","aucell_proliferating_score",0,"proliferating"
"AGTGGCGGTTGGCCACACAGTCTG-1","slingPseudotime_4",10.0280257900865,"STOP","aucell_naive_memory_score",0,"naive_memory"
"AGTGGCGGTTGGCCACACAGTCTG-1","slingPseudotime_4",10.0280257900865,"STOP","aucell_cytotoxic_score",0.330349306652624,"cytotoxic"
"ATAACCAAGAGCAAGAACAGTCTG-1","slingPseudotime_1",35.308024377513,"STOP","aucell_exhausted_score",0.456731613129717,"exhausted"
"ATAACCAAGAGCAAGAACAGTCTG-1","slingPseudotime_1",35.308024377513,"STOP","aucell_proliferating_score",0,"proliferating"
"ATAACCAAGAGCAAGAACAGTCTG-1","slingPseudotime_1",35.308024377513,"STOP","aucell_naive_memory_score",0,"naive_memory"
"ATAACCAAGAGCAAGAACAGTCTG-1","slingPseudotime_1",35.308024377513,"STOP","aucell_cytotoxic_score",0.33175355450237,"cytotoxic"
"ATAACCAAGAGCAAGAACAGTCTG-1","slingPseudotime_2",14.2072300680598,"STOP","aucell_exhausted_score",0.456731613129717,"exhausted"
"ATAACCAAGAGCAAGAACAGTCTG-1","slingPseudotime_2",14.2072300680598,"STOP","aucell_proliferating_score",0,"proliferating"
"ATAACCAAGAGCAAGAACAGTCTG-1","slingPseudotime_2",14.2072300680598,"STOP","aucell_naive_memory_score",0,"naive_memory"
"ATAACCAAGAGCAAGAACAGTCTG-1","slingPseudotime_2",14.2072300680598,"STOP","aucell_cytotoxic_score",0.33175355450237,"cytotoxic"
"ATAACCAAGAGCAAGAACAGTCTG-1","slingPseudotime_3",12.7327006214377,"STOP","aucell_exhausted_score",0.456731613129717,"exhausted"
"ATAACCAAGAGCAAGAACAGTCTG-1","slingPseudotime_3",12.7327006214377,"STOP","aucell_proliferating_score",0,"proliferating"
"ATAACCAAGAGCAAGAACAGTCTG-1","slingPseudotime_3",12.7327006214377,"STOP","aucell_naive_memory_score",0,"naive_memory"
"ATAACCAAGAGCAAGAACAGTCTG-1","slingPseudotime_3",12.7327006214377,"STOP","aucell_cytotoxic_score",0.33175355450237,"cytotoxic"
"ATAACCAAGAGCAAGAACAGTCTG-1","slingPseudotime_4",12.3199310733037,"STOP","aucell_exhausted_score",0.456731613129717,"exhausted"
"ATAACCAAGAGCAAGAACAGTCTG-1","slingPseudotime_4",12.3199310733037,"STOP","aucell_proliferating_score",0,"proliferating"
"ATAACCAAGAGCAAGAACAGTCTG-1","slingPseudotime_4",12.3199310733037,"STOP","aucell_naive_memory_score",0,"naive_memory"
"ATAACCAAGAGCAAGAACAGTCTG-1","slingPseudotime_4",12.3199310733037,"STOP","aucell_cytotoxic_score",0.33175355450237,"cytotoxic"
"ATAACCAAGGATGGTTACAGTCTG-1","slingPseudotime_1",12.9483078658523,"STOP","aucell_exhausted_score",0,"exhausted"
"ATAACCAAGGATGGTTACAGTCTG-1","slingPseudotime_1",12.9483078658523,"STOP","aucell_proliferating_score",0,"proliferating"
"ATAACCAAGGATGGTTACAGTCTG-1","slingPseudotime_1",12.9483078658523,"STOP","aucell_naive_memory_score",0,"naive_memory"
"ATAACCAAGGATGGTTACAGTCTG-1","slingPseudotime_1",12.9483078658523,"STOP","aucell_cytotoxic_score",0.495875021941373,"cytotoxic"
"ATAACCAAGGATGGTTACAGTCTG-1","slingPseudotime_2",12.5061478971738,"STOP","aucell_exhausted_score",0,"exhausted"
"ATAACCAAGGATGGTTACAGTCTG-1","slingPseudotime_2",12.5061478971738,"STOP","aucell_proliferating_score",0,"proliferating"
"ATAACCAAGGATGGTTACAGTCTG-1","slingPseudotime_2",12.5061478971738,"STOP","aucell_naive_memory_score",0,"naive_memory"
"ATAACCAAGGATGGTTACAGTCTG-1","slingPseudotime_2",12.5061478971738,"STOP","aucell_cytotoxic_score",0.495875021941373,"cytotoxic"
"ATAACCAAGGATGGTTACAGTCTG-1","slingPseudotime_3",13.4173108545103,"STOP","aucell_exhausted_score",0,"exhausted"
"ATAACCAAGGATGGTTACAGTCTG-1","slingPseudotime_3",13.4173108545103,"STOP","aucell_proliferating_score",0,"proliferating"
"ATAACCAAGGATGGTTACAGTCTG-1","slingPseudotime_3",13.4173108545103,"STOP","aucell_naive_memory_score",0,"naive_memory"
"ATAACCAAGGATGGTTACAGTCTG-1","slingPseudotime_3",13.4173108545103,"STOP","aucell_cytotoxic_score",0.495875021941373,"cytotoxic"
"ATAACCAAGGATGGTTACAGTCTG-1","slingPseudotime_4",13.7806951328175,"STOP","aucell_exhausted_score",0,"exhausted"
"ATAACCAAGGATGGTTACAGTCTG-1","slingPseudotime_4",13.7806951328175,"STOP","aucell_proliferating_score",0,"proliferating"
"ATAACCAAGGATGGTTACAGTCTG-1","slingPseudotime_4",13.7806951328175,"STOP","aucell_naive_memory_score",0,"naive_memory"
"ATAACCAAGGATGGTTACAGTCTG-1","slingPseudotime_4",13.7806951328175,"STOP","aucell_cytotoxic_score",0.495875021941373,"cytotoxic"
"ATAAGCCAGATTGAGCACAGTCTG-1","slingPseudotime_1",12.1711977027159,"STOP","aucell_exhausted_score",0.131999297876075,"exhausted"
"ATAAGCCAGATTGAGCACAGTCTG-1","slingPseudotime_1",12.1711977027159,"STOP","aucell_proliferating_score",0,"proliferating"
"ATAAGCCAGATTGAGCACAGTCTG-1","slingPseudotime_1",12.1711977027159,"STOP","aucell_naive_memory_score",0.0549473684210526,"naive_memory"
"ATAAGCCAGATTGAGCACAGTCTG-1","slingPseudotime_1",12.1711977027159,"STOP","aucell_cytotoxic_score",0.165701246269967,"cytotoxic"
"ATAAGCCAGATTGAGCACAGTCTG-1","slingPseudotime_2",12.0521020714707,"STOP","aucell_exhausted_score",0.131999297876075,"exhausted"
"ATAAGCCAGATTGAGCACAGTCTG-1","slingPseudotime_2",12.0521020714707,"STOP","aucell_proliferating_score",0,"proliferating"
"ATAAGCCAGATTGAGCACAGTCTG-1","slingPseudotime_2",12.0521020714707,"STOP","aucell_naive_memory_score",0.0549473684210526,"naive_memory"
"ATAAGCCAGATTGAGCACAGTCTG-1","slingPseudotime_2",12.0521020714707,"STOP","aucell_cytotoxic_score",0.165701246269967,"cytotoxic"
"ATAAGCCAGATTGAGCACAGTCTG-1","slingPseudotime_3",12.4838867916642,"STOP","aucell_exhausted_score",0.131999297876075,"exhausted"
"ATAAGCCAGATTGAGCACAGTCTG-1","slingPseudotime_3",12.4838867916642,"STOP","aucell_proliferating_score",0,"proliferating"
"ATAAGCCAGATTGAGCACAGTCTG-1","slingPseudotime_3",12.4838867916642,"STOP","aucell_naive_memory_score",0.0549473684210526,"naive_memory"
"ATAAGCCAGATTGAGCACAGTCTG-1","slingPseudotime_3",12.4838867916642,"STOP","aucell_cytotoxic_score",0.165701246269967,"cytotoxic"
"ATAAGCCAGATTGAGCACAGTCTG-1","slingPseudotime_4",12.1607702274388,"STOP","aucell_exhausted_score",0.131999297876075,"exhausted"
"ATAAGCCAGATTGAGCACAGTCTG-1","slingPseudotime_4",12.1607702274388,"STOP","aucell_proliferating_score",0,"proliferating"
"ATAAGCCAGATTGAGCACAGTCTG-1","slingPseudotime_4",12.1607702274388,"STOP","aucell_naive_memory_score",0.0549473684210526,"naive_memory"
"ATAAGCCAGATTGAGCACAGTCTG-1","slingPseudotime_4",12.1607702274388,"STOP","aucell_cytotoxic_score",0.165701246269967,"cytotoxic"
"ATAGGCTAGACGCATGACAGTCTG-1","slingPseudotime_1",10.0378954424587,"STOP","aucell_exhausted_score",0,"exhausted"
"ATAGGCTAGACGCATGACAGTCTG-1","slingPseudotime_1",10.0378954424587,"STOP","aucell_proliferating_score",0,"proliferating"
"ATAGGCTAGACGCATGACAGTCTG-1","slingPseudotime_1",10.0378954424587,"STOP","aucell_naive_memory_score",0.184210526315789,"naive_memory"
"ATAGGCTAGACGCATGACAGTCTG-1","slingPseudotime_1",10.0378954424587,"STOP","aucell_cytotoxic_score",0.326136563103388,"cytotoxic"
"ATAGGCTAGACGCATGACAGTCTG-1","slingPseudotime_2",9.82004606847502,"STOP","aucell_exhausted_score",0,"exhausted"
"ATAGGCTAGACGCATGACAGTCTG-1","slingPseudotime_2",9.82004606847502,"STOP","aucell_proliferating_score",0,"proliferating"
"ATAGGCTAGACGCATGACAGTCTG-1","slingPseudotime_2",9.82004606847502,"STOP","aucell_naive_memory_score",0.184210526315789,"naive_memory"
"ATAGGCTAGACGCATGACAGTCTG-1","slingPseudotime_2",9.82004606847502,"STOP","aucell_cytotoxic_score",0.326136563103388,"cytotoxic"
"ATAGGCTAGACGCATGACAGTCTG-1","slingPseudotime_3",10.3214795815969,"STOP","aucell_exhausted_score",0,"exhausted"
"ATAGGCTAGACGCATGACAGTCTG-1","slingPseudotime_3",10.3214795815969,"STOP","aucell_proliferating_score",0,"proliferating"
"ATAGGCTAGACGCATGACAGTCTG-1","slingPseudotime_3",10.3214795815969,"STOP","aucell_naive_memory_score",0.184210526315789,"naive_memory"
"ATAGGCTAGACGCATGACAGTCTG-1","slingPseudotime_3",10.3214795815969,"STOP","aucell_cytotoxic_score",0.326136563103388,"cytotoxic"
"ATAGGCTAGACGCATGACAGTCTG-1","slingPseudotime_4",10.2543708413707,"STOP","aucell_exhausted_score",0,"exhausted"
"ATAGGCTAGACGCATGACAGTCTG-1","slingPseudotime_4",10.2543708413707,"STOP","aucell_proliferating_score",0,"proliferating"
"ATAGGCTAGACGCATGACAGTCTG-1","slingPseudotime_4",10.2543708413707,"STOP","aucell_naive_memory_score",0.184210526315789,"naive_memory"
"ATAGGCTAGACGCATGACAGTCTG-1","slingPseudotime_4",10.2543708413707,"STOP","aucell_cytotoxic_score",0.326136563103388,"cytotoxic"
"ATCGATGCAACAGGGAACAGTCTG-1","slingPseudotime_1",23.3928611689296,"STOP","aucell_exhausted_score",0.136036510444093,"exhausted"
"ATCGATGCAACAGGGAACAGTCTG-1","slingPseudotime_1",23.3928611689296,"STOP","aucell_proliferating_score",0,"proliferating"
"ATCGATGCAACAGGGAACAGTCTG-1","slingPseudotime_1",23.3928611689296,"STOP","aucell_naive_memory_score",0,"naive_memory"
"ATCGATGCAACAGGGAACAGTCTG-1","slingPseudotime_1",23.3928611689296,"STOP","aucell_cytotoxic_score",0.300509039845533,"cytotoxic"
"ATCGATGCAACAGGGAACAGTCTG-1","slingPseudotime_2",21.1701058622522,"STOP","aucell_exhausted_score",0.136036510444093,"exhausted"
"ATCGATGCAACAGGGAACAGTCTG-1","slingPseudotime_2",21.1701058622522,"STOP","aucell_proliferating_score",0,"proliferating"
"ATCGATGCAACAGGGAACAGTCTG-1","slingPseudotime_2",21.1701058622522,"STOP","aucell_naive_memory_score",0,"naive_memory"
"ATCGATGCAACAGGGAACAGTCTG-1","slingPseudotime_2",21.1701058622522,"STOP","aucell_cytotoxic_score",0.300509039845533,"cytotoxic"
"ATCGGGCAGGCTTATTACAGTCTG-1","slingPseudotime_1",21.8160315543492,"STOP","aucell_exhausted_score",0,"exhausted"
"ATCGGGCAGGCTTATTACAGTCTG-1","slingPseudotime_1",21.8160315543492,"STOP","aucell_proliferating_score",0,"proliferating"
"ATCGGGCAGGCTTATTACAGTCTG-1","slingPseudotime_1",21.8160315543492,"STOP","aucell_naive_memory_score",0.287368421052632,"naive_memory"
"ATCGGGCAGGCTTATTACAGTCTG-1","slingPseudotime_1",21.8160315543492,"STOP","aucell_cytotoxic_score",0.12761102334562,"cytotoxic"
"ATCGGGCAGGCTTATTACAGTCTG-1","slingPseudotime_2",20.4158727826203,"STOP","aucell_exhausted_score",0,"exhausted"
"ATCGGGCAGGCTTATTACAGTCTG-1","slingPseudotime_2",20.4158727826203,"STOP","aucell_proliferating_score",0,"proliferating"
"ATCGGGCAGGCTTATTACAGTCTG-1","slingPseudotime_2",20.4158727826203,"STOP","aucell_naive_memory_score",0.287368421052632,"naive_memory"
"ATCGGGCAGGCTTATTACAGTCTG-1","slingPseudotime_2",20.4158727826203,"STOP","aucell_cytotoxic_score",0.12761102334562,"cytotoxic"
"ATGGATTCACTAACAGACAGTCTG-1","slingPseudotime_1",33.1368629357445,"STOP","aucell_exhausted_score",0,"exhausted"
"ATGGATTCACTAACAGACAGTCTG-1","slingPseudotime_1",33.1368629357445,"STOP","aucell_proliferating_score",0,"proliferating"
"ATGGATTCACTAACAGACAGTCTG-1","slingPseudotime_1",33.1368629357445,"STOP","aucell_naive_memory_score",0,"naive_memory"
"ATGGATTCACTAACAGACAGTCTG-1","slingPseudotime_1",33.1368629357445,"STOP","aucell_cytotoxic_score",0.492715464279445,"cytotoxic"
"ATGGATTCACTAACAGACAGTCTG-1","slingPseudotime_2",16.5849823225688,"STOP","aucell_exhausted_score",0,"exhausted"
"ATGGATTCACTAACAGACAGTCTG-1","slingPseudotime_2",16.5849823225688,"STOP","aucell_proliferating_score",0,"proliferating"
"ATGGATTCACTAACAGACAGTCTG-1","slingPseudotime_2",16.5849823225688,"STOP","aucell_naive_memory_score",0,"naive_memory"
"ATGGATTCACTAACAGACAGTCTG-1","slingPseudotime_2",16.5849823225688,"STOP","aucell_cytotoxic_score",0.492715464279445,"cytotoxic"
"ATGGATTCACTAACAGACAGTCTG-1","slingPseudotime_3",10.0621650100229,"STOP","aucell_exhausted_score",0,"exhausted"
"ATGGATTCACTAACAGACAGTCTG-1","slingPseudotime_3",10.0621650100229,"STOP","aucell_proliferating_score",0,"proliferating"
"ATGGATTCACTAACAGACAGTCTG-1","slingPseudotime_3",10.0621650100229,"STOP","aucell_naive_memory_score",0,"naive_memory"
"ATGGATTCACTAACAGACAGTCTG-1","slingPseudotime_3",10.0621650100229,"STOP","aucell_cytotoxic_score",0.492715464279445,"cytotoxic"
"ATGGATTCACTAACAGACAGTCTG-1","slingPseudotime_4",9.84341809198982,"STOP","aucell_exhausted_score",0,"exhausted"
"ATGGATTCACTAACAGACAGTCTG-1","slingPseudotime_4",9.84341809198982,"STOP","aucell_proliferating_score",0,"proliferating"
"ATGGATTCACTAACAGACAGTCTG-1","slingPseudotime_4",9.84341809198982,"STOP","aucell_naive_memory_score",0,"naive_memory"
"ATGGATTCACTAACAGACAGTCTG-1","slingPseudotime_4",9.84341809198982,"STOP","aucell_cytotoxic_score",0.492715464279445,"cytotoxic"
"CAATGGGTCTGTCAGCACAGTCTG-1","slingPseudotime_1",11.6123077432795,"STOP","aucell_exhausted_score",0.0826750921537651,"exhausted"
"CAATGGGTCTGTCAGCACAGTCTG-1","slingPseudotime_1",11.6123077432795,"STOP","aucell_proliferating_score",0,"proliferating"
"CAATGGGTCTGTCAGCACAGTCTG-1","slingPseudotime_1",11.6123077432795,"STOP","aucell_naive_memory_score",0.184,"naive_memory"
"CAATGGGTCTGTCAGCACAGTCTG-1","slingPseudotime_1",11.6123077432795,"STOP","aucell_cytotoxic_score",0.0828506231349833,"cytotoxic"
"CAATGGGTCTGTCAGCACAGTCTG-1","slingPseudotime_2",11.3747770153339,"STOP","aucell_exhausted_score",0.0826750921537651,"exhausted"
"CAATGGGTCTGTCAGCACAGTCTG-1","slingPseudotime_2",11.3747770153339,"STOP","aucell_proliferating_score",0,"proliferating"
"CAATGGGTCTGTCAGCACAGTCTG-1","slingPseudotime_2",11.3747770153339,"STOP","aucell_naive_memory_score",0.184,"naive_memory"
"CAATGGGTCTGTCAGCACAGTCTG-1","slingPseudotime_2",11.3747770153339,"STOP","aucell_cytotoxic_score",0.0828506231349833,"cytotoxic"
"CAATGGGTCTGTCAGCACAGTCTG-1","slingPseudotime_3",11.7966289199763,"STOP","aucell_exhausted_score",0.0826750921537651,"exhausted"
"CAATGGGTCTGTCAGCACAGTCTG-1","slingPseudotime_3",11.7966289199763,"STOP","aucell_proliferating_score",0,"proliferating"
"CAATGGGTCTGTCAGCACAGTCTG-1","slingPseudotime_3",11.7966289199763,"STOP","aucell_naive_memory_score",0.184,"naive_memory"
"CAATGGGTCTGTCAGCACAGTCTG-1","slingPseudotime_3",11.7966289199763,"STOP","aucell_cytotoxic_score",0.0828506231349833,"cytotoxic"
"CAATGGGTCTGTCAGCACAGTCTG-1","slingPseudotime_4",11.8228169664941,"STOP","aucell_exhausted_score",0.0826750921537651,"exhausted"
"CAATGGGTCTGTCAGCACAGTCTG-1","slingPseudotime_4",11.8228169664941,"STOP","aucell_proliferating_score",0,"proliferating"
"CAATGGGTCTGTCAGCACAGTCTG-1","slingPseudotime_4",11.8228169664941,"STOP","aucell_naive_memory_score",0.184,"naive_memory"
"CAATGGGTCTGTCAGCACAGTCTG-1","slingPseudotime_4",11.8228169664941,"STOP","aucell_cytotoxic_score",0.0828506231349833,"cytotoxic"
"CAATTGCGTTGTCATAACAGTCTG-1","slingPseudotime_1",18.6758212054514,"STOP","aucell_exhausted_score",0,"exhausted"
"CAATTGCGTTGTCATAACAGTCTG-1","slingPseudotime_1",18.6758212054514,"STOP","aucell_proliferating_score",0,"proliferating"
"CAATTGCGTTGTCATAACAGTCTG-1","slingPseudotime_1",18.6758212054514,"STOP","aucell_naive_memory_score",0,"naive_memory"
"CAATTGCGTTGTCATAACAGTCTG-1","slingPseudotime_1",18.6758212054514,"STOP","aucell_cytotoxic_score",0.32297700544146,"cytotoxic"
"CAATTGCGTTGTCATAACAGTCTG-1","slingPseudotime_2",17.2841014921777,"STOP","aucell_exhausted_score",0,"exhausted"
"CAATTGCGTTGTCATAACAGTCTG-1","slingPseudotime_2",17.2841014921777,"STOP","aucell_proliferating_score",0,"proliferating"
"CAATTGCGTTGTCATAACAGTCTG-1","slingPseudotime_2",17.2841014921777,"STOP","aucell_naive_memory_score",0,"naive_memory"
"CAATTGCGTTGTCATAACAGTCTG-1","slingPseudotime_2",17.2841014921777,"STOP","aucell_cytotoxic_score",0.32297700544146,"cytotoxic"
"CAATTGCGTTGTCATAACAGTCTG-1","slingPseudotime_3",18.216499462738,"STOP","aucell_exhausted_score",0,"exhausted"
"CAATTGCGTTGTCATAACAGTCTG-1","slingPseudotime_3",18.216499462738,"STOP","aucell_proliferating_score",0,"proliferating"
"CAATTGCGTTGTCATAACAGTCTG-1","slingPseudotime_3",18.216499462738,"STOP","aucell_naive_memory_score",0,"naive_memory"
"CAATTGCGTTGTCATAACAGTCTG-1","slingPseudotime_3",18.216499462738,"STOP","aucell_cytotoxic_score",0.32297700544146,"cytotoxic"
"CAATTGCGTTGTCATAACAGTCTG-1","slingPseudotime_4",17.7711525202176,"STOP","aucell_exhausted_score",0,"exhausted"
"CAATTGCGTTGTCATAACAGTCTG-1","slingPseudotime_4",17.7711525202176,"STOP","aucell_proliferating_score",0,"proliferating"
"CAATTGCGTTGTCATAACAGTCTG-1","slingPseudotime_4",17.7711525202176,"STOP","aucell_naive_memory_score",0,"naive_memory"
"CAATTGCGTTGTCATAACAGTCTG-1","slingPseudotime_4",17.7711525202176,"STOP","aucell_cytotoxic_score",0.32297700544146,"cytotoxic"
"CACCAACTCCACAACCACAGTCTG-1","slingPseudotime_1",18.8293806229579,"STOP","aucell_exhausted_score",0,"exhausted"
"CACCAACTCCACAACCACAGTCTG-1","slingPseudotime_1",18.8293806229579,"STOP","aucell_proliferating_score",0.0545263157894737,"proliferating"
"CACCAACTCCACAACCACAGTCTG-1","slingPseudotime_1",18.8293806229579,"STOP","aucell_naive_memory_score",0.117052631578947,"naive_memory"
"CACCAACTCCACAACCACAGTCTG-1","slingPseudotime_1",18.8293806229579,"STOP","aucell_cytotoxic_score",0.161839564683167,"cytotoxic"
"CACCAACTCCACAACCACAGTCTG-1","slingPseudotime_2",17.9084444272385,"STOP","aucell_exhausted_score",0,"exhausted"
"CACCAACTCCACAACCACAGTCTG-1","slingPseudotime_2",17.9084444272385,"STOP","aucell_proliferating_score",0.0545263157894737,"proliferating"
"CACCAACTCCACAACCACAGTCTG-1","slingPseudotime_2",17.9084444272385,"STOP","aucell_naive_memory_score",0.117052631578947,"naive_memory"
"CACCAACTCCACAACCACAGTCTG-1","slingPseudotime_2",17.9084444272385,"STOP","aucell_cytotoxic_score",0.161839564683167,"cytotoxic"
"CACTTGATCCCAGTACACAGTCTG-1","slingPseudotime_1",25.6672224487042,"STOP","aucell_exhausted_score",0,"exhausted"
"CACTTGATCCCAGTACACAGTCTG-1","slingPseudotime_1",25.6672224487042,"STOP","aucell_proliferating_score",0,"proliferating"
"CACTTGATCCCAGTACACAGTCTG-1","slingPseudotime_1",25.6672224487042,"STOP","aucell_naive_memory_score",0,"naive_memory"
"CACTTGATCCCAGTACACAGTCTG-1","slingPseudotime_1",25.6672224487042,"STOP","aucell_cytotoxic_score",0.162190626645603,"cytotoxic"
"CACTTGATCCCAGTACACAGTCTG-1","slingPseudotime_2",23.48859439548,"STOP","aucell_exhausted_score",0,"exhausted"
"CACTTGATCCCAGTACACAGTCTG-1","slingPseudotime_2",23.48859439548,"STOP","aucell_proliferating_score",0,"proliferating"
"CACTTGATCCCAGTACACAGTCTG-1","slingPseudotime_2",23.48859439548,"STOP","aucell_naive_memory_score",0,"naive_memory"
"CACTTGATCCCAGTACACAGTCTG-1","slingPseudotime_2",23.48859439548,"STOP","aucell_cytotoxic_score",0.162190626645603,"cytotoxic"
"CAGGATTAGCCATCGTACAGTCTG-1","slingPseudotime_4",23.1362278969012,"STOP","aucell_exhausted_score",0.413726522731262,"exhausted"
"CAGGATTAGCCATCGTACAGTCTG-1","slingPseudotime_4",23.1362278969012,"STOP","aucell_proliferating_score",0,"proliferating"
"CAGGATTAGCCATCGTACAGTCTG-1","slingPseudotime_4",23.1362278969012,"STOP","aucell_naive_memory_score",0,"naive_memory"
"CAGGATTAGCCATCGTACAGTCTG-1","slingPseudotime_4",23.1362278969012,"STOP","aucell_cytotoxic_score",0.31332280147446,"cytotoxic"
"CAGGTATAGCGCCTTGACAGTCTG-1","slingPseudotime_1",16.8734984339018,"STOP","aucell_exhausted_score",0,"exhausted"
"CAGGTATAGCGCCTTGACAGTCTG-1","slingPseudotime_1",16.8734984339018,"STOP","aucell_proliferating_score",0,"proliferating"
"CAGGTATAGCGCCTTGACAGTCTG-1","slingPseudotime_1",16.8734984339018,"STOP","aucell_naive_memory_score",0,"naive_memory"
"CAGGTATAGCGCCTTGACAGTCTG-1","slingPseudotime_1",16.8734984339018,"STOP","aucell_cytotoxic_score",0.28436018957346,"cytotoxic"
"CAGGTATAGCGCCTTGACAGTCTG-1","slingPseudotime_2",15.9351301869393,"STOP","aucell_exhausted_score",0,"exhausted"
"CAGGTATAGCGCCTTGACAGTCTG-1","slingPseudotime_2",15.9351301869393,"STOP","aucell_proliferating_score",0,"proliferating"
"CAGGTATAGCGCCTTGACAGTCTG-1","slingPseudotime_2",15.9351301869393,"STOP","aucell_naive_memory_score",0,"naive_memory"
"CAGGTATAGCGCCTTGACAGTCTG-1","slingPseudotime_2",15.9351301869393,"STOP","aucell_cytotoxic_score",0.28436018957346,"cytotoxic"
"CAGGTATAGCGCCTTGACAGTCTG-1","slingPseudotime_3",18.8295980675207,"STOP","aucell_exhausted_score",0,"exhausted"
"CAGGTATAGCGCCTTGACAGTCTG-1","slingPseudotime_3",18.8295980675207,"STOP","aucell_proliferating_score",0,"proliferating"
"CAGGTATAGCGCCTTGACAGTCTG-1","slingPseudotime_3",18.8295980675207,"STOP","aucell_naive_memory_score",0,"naive_memory"
"CAGGTATAGCGCCTTGACAGTCTG-1","slingPseudotime_3",18.8295980675207,"STOP","aucell_cytotoxic_score",0.28436018957346,"cytotoxic"
"CAGGTATAGCGCCTTGACAGTCTG-1","slingPseudotime_4",18.6619660863459,"STOP","aucell_exhausted_score",0,"exhausted"
"CAGGTATAGCGCCTTGACAGTCTG-1","slingPseudotime_4",18.6619660863459,"STOP","aucell_proliferating_score",0,"proliferating"
"CAGGTATAGCGCCTTGACAGTCTG-1","slingPseudotime_4",18.6619660863459,"STOP","aucell_naive_memory_score",0,"naive_memory"
"CAGGTATAGCGCCTTGACAGTCTG-1","slingPseudotime_4",18.6619660863459,"STOP","aucell_cytotoxic_score",0.28436018957346,"cytotoxic"
"CATAATCTCACAGATAACAGTCTG-1","slingPseudotime_1",15.1321698515557,"STOP","aucell_exhausted_score",0.163243812532912,"exhausted"
"CATAATCTCACAGATAACAGTCTG-1","slingPseudotime_1",15.1321698515557,"STOP","aucell_proliferating_score",0,"proliferating"
"CATAATCTCACAGATAACAGTCTG-1","slingPseudotime_1",15.1321698515557,"STOP","aucell_naive_memory_score",0.156,"naive_memory"
"CATAATCTCACAGATAACAGTCTG-1","slingPseudotime_1",15.1321698515557,"STOP","aucell_cytotoxic_score",0.324732315253642,"cytotoxic"
"CATAATCTCACAGATAACAGTCTG-1","slingPseudotime_2",14.7528426192531,"STOP","aucell_exhausted_score",0.163243812532912,"exhausted"
"CATAATCTCACAGATAACAGTCTG-1","slingPseudotime_2",14.7528426192531,"STOP","aucell_proliferating_score",0,"proliferating"
"CATAATCTCACAGATAACAGTCTG-1","slingPseudotime_2",14.7528426192531,"STOP","aucell_naive_memory_score",0.156,"naive_memory"
"CATAATCTCACAGATAACAGTCTG-1","slingPseudotime_2",14.7528426192531,"STOP","aucell_cytotoxic_score",0.324732315253642,"cytotoxic"
"CATAATCTCACAGATAACAGTCTG-1","slingPseudotime_3",14.3048645471254,"STOP","aucell_exhausted_score",0.163243812532912,"exhausted"
"CATAATCTCACAGATAACAGTCTG-1","slingPseudotime_3",14.3048645471254,"STOP","aucell_proliferating_score",0,"proliferating"
"CATAATCTCACAGATAACAGTCTG-1","slingPseudotime_3",14.3048645471254,"STOP","aucell_naive_memory_score",0.156,"naive_memory"
"CATAATCTCACAGATAACAGTCTG-1","slingPseudotime_3",14.3048645471254,"STOP","aucell_cytotoxic_score",0.324732315253642,"cytotoxic"
"CATAATCTCACAGATAACAGTCTG-1","slingPseudotime_4",13.6329897740876,"STOP","aucell_exhausted_score",0.163243812532912,"exhausted"
"CATAATCTCACAGATAACAGTCTG-1","slingPseudotime_4",13.6329897740876,"STOP","aucell_proliferating_score",0,"proliferating"
"CATAATCTCACAGATAACAGTCTG-1","slingPseudotime_4",13.6329897740876,"STOP","aucell_naive_memory_score",0.156,"naive_memory"
"CATAATCTCACAGATAACAGTCTG-1","slingPseudotime_4",13.6329897740876,"STOP","aucell_cytotoxic_score",0.324732315253642,"cytotoxic"
"CATCGGTTCATCCAGCACAGTCTG-1","slingPseudotime_1",19.2557037733839,"STOP","aucell_exhausted_score",0.293487800596805,"exhausted"
"CATCGGTTCATCCAGCACAGTCTG-1","slingPseudotime_1",19.2557037733839,"STOP","aucell_proliferating_score",0,"proliferating"
"CATCGGTTCATCCAGCACAGTCTG-1","slingPseudotime_1",19.2557037733839,"STOP","aucell_naive_memory_score",0,"naive_memory"
"CATCGGTTCATCCAGCACAGTCTG-1","slingPseudotime_1",19.2557037733839,"STOP","aucell_cytotoxic_score",0.701597331929085,"cytotoxic"
"CATCGGTTCATCCAGCACAGTCTG-1","slingPseudotime_2",18.4737875740812,"STOP","aucell_exhausted_score",0.293487800596805,"exhausted"
"CATCGGTTCATCCAGCACAGTCTG-1","slingPseudotime_2",18.4737875740812,"STOP","aucell_proliferating_score",0,"proliferating"
"CATCGGTTCATCCAGCACAGTCTG-1","slingPseudotime_2",18.4737875740812,"STOP","aucell_naive_memory_score",0,"naive_memory"
"CATCGGTTCATCCAGCACAGTCTG-1","slingPseudotime_2",18.4737875740812,"STOP","aucell_cytotoxic_score",0.701597331929085,"cytotoxic"
"CATCGGTTCATCCAGCACAGTCTG-1","slingPseudotime_3",29.5578293303365,"STOP","aucell_exhausted_score",0.293487800596805,"exhausted"
"CATCGGTTCATCCAGCACAGTCTG-1","slingPseudotime_3",29.5578293303365,"STOP","aucell_proliferating_score",0,"proliferating"
"CATCGGTTCATCCAGCACAGTCTG-1","slingPseudotime_3",29.5578293303365,"STOP","aucell_naive_memory_score",0,"naive_memory"
"CATCGGTTCATCCAGCACAGTCTG-1","slingPseudotime_3",29.5578293303365,"STOP","aucell_cytotoxic_score",0.701597331929085,"cytotoxic"
"CATGAGGTCCAATACTACAGTCTG-1","slingPseudotime_4",32.3165135806372,"STOP","aucell_exhausted_score",0.106722836580656,"exhausted"
"CATGAGGTCCAATACTACAGTCTG-1","slingPseudotime_4",32.3165135806372,"STOP","aucell_proliferating_score",0,"proliferating"
"CATGAGGTCCAATACTACAGTCTG-1","slingPseudotime_4",32.3165135806372,"STOP","aucell_naive_memory_score",0,"naive_memory"
"CATGAGGTCCAATACTACAGTCTG-1","slingPseudotime_4",32.3165135806372,"STOP","aucell_cytotoxic_score",0.638581709671757,"cytotoxic"
"CCATTCGCACTCAGTTACAGTCTG-1","slingPseudotime_4",30.8425378166307,"STOP","aucell_exhausted_score",0.269615587151132,"exhausted"
"CCATTCGCACTCAGTTACAGTCTG-1","slingPseudotime_4",30.8425378166307,"STOP","aucell_proliferating_score",0,"proliferating"
"CCATTCGCACTCAGTTACAGTCTG-1","slingPseudotime_4",30.8425378166307,"STOP","aucell_naive_memory_score",0,"naive_memory"
"CCATTCGCACTCAGTTACAGTCTG-1","slingPseudotime_4",30.8425378166307,"STOP","aucell_cytotoxic_score",0.569773565034228,"cytotoxic"
"CCCGAAGCAGAGGCTTACAGTCTG-1","slingPseudotime_3",36.3184692389469,"STOP","aucell_exhausted_score",0.296822889239951,"exhausted"
"CCCGAAGCAGAGGCTTACAGTCTG-1","slingPseudotime_3",36.3184692389469,"STOP","aucell_proliferating_score",0,"proliferating"
"CCCGAAGCAGAGGCTTACAGTCTG-1","slingPseudotime_3",36.3184692389469,"STOP","aucell_naive_memory_score",0,"naive_memory"
"CCCGAAGCAGAGGCTTACAGTCTG-1","slingPseudotime_3",36.3184692389469,"STOP","aucell_cytotoxic_score",0.076882569773565,"cytotoxic"
"CCCGTAGTCTGTGATTACAGTCTG-1","slingPseudotime_4",33.8918752516783,"STOP","aucell_exhausted_score",0.365806564858698,"exhausted"
"CCCGTAGTCTGTGATTACAGTCTG-1","slingPseudotime_4",33.8918752516783,"STOP","aucell_proliferating_score",0,"proliferating"
"CCCGTAGTCTGTGATTACAGTCTG-1","slingPseudotime_4",33.8918752516783,"STOP","aucell_naive_memory_score",0.0151578947368421,"naive_memory"
"CCCGTAGTCTGTGATTACAGTCTG-1","slingPseudotime_4",33.8918752516783,"STOP","aucell_cytotoxic_score",0.511848341232227,"cytotoxic"
"CCGATACTCGGCTAAGACAGTCTG-1","slingPseudotime_1",11.154767377721,"STOP","aucell_exhausted_score",0,"exhausted"
"CCGATACTCGGCTAAGACAGTCTG-1","slingPseudotime_1",11.154767377721,"STOP","aucell_proliferating_score",0,"proliferating"
"CCGATACTCGGCTAAGACAGTCTG-1","slingPseudotime_1",11.154767377721,"STOP","aucell_naive_memory_score",0.165684210526316,"naive_memory"
"CCGATACTCGGCTAAGACAGTCTG-1","slingPseudotime_1",11.154767377721,"STOP","aucell_cytotoxic_score",0.427242408285062,"cytotoxic"
"CCGATACTCGGCTAAGACAGTCTG-1","slingPseudotime_2",10.9659189076276,"STOP","aucell_exhausted_score",0,"exhausted"
"CCGATACTCGGCTAAGACAGTCTG-1","slingPseudotime_2",10.9659189076276,"STOP","aucell_proliferating_score",0,"proliferating"
"CCGATACTCGGCTAAGACAGTCTG-1","slingPseudotime_2",10.9659189076276,"STOP","aucell_naive_memory_score",0.165684210526316,"naive_memory"
"CCGATACTCGGCTAAGACAGTCTG-1","slingPseudotime_2",10.9659189076276,"STOP","aucell_cytotoxic_score",0.427242408285062,"cytotoxic"
"CCGATACTCGGCTAAGACAGTCTG-1","slingPseudotime_3",11.5090479613617,"STOP","aucell_exhausted_score",0,"exhausted"
"CCGATACTCGGCTAAGACAGTCTG-1","slingPseudotime_3",11.5090479613617,"STOP","aucell_proliferating_score",0,"proliferating"
"CCGATACTCGGCTAAGACAGTCTG-1","slingPseudotime_3",11.5090479613617,"STOP","aucell_naive_memory_score",0.165684210526316,"naive_memory"
"CCGATACTCGGCTAAGACAGTCTG-1","slingPseudotime_3",11.5090479613617,"STOP","aucell_cytotoxic_score",0.427242408285062,"cytotoxic"
"CCGATACTCGGCTAAGACAGTCTG-1","slingPseudotime_4",11.5995184655099,"STOP","aucell_exhausted_score",0,"exhausted"
"CCGATACTCGGCTAAGACAGTCTG-1","slingPseudotime_4",11.5995184655099,"STOP","aucell_proliferating_score",0,"proliferating"
"CCGATACTCGGCTAAGACAGTCTG-1","slingPseudotime_4",11.5995184655099,"STOP","aucell_naive_memory_score",0.165684210526316,"naive_memory"
"CCGATACTCGGCTAAGACAGTCTG-1","slingPseudotime_4",11.5995184655099,"STOP","aucell_cytotoxic_score",0.427242408285062,"cytotoxic"
"CGCATTATCCATCCTTACAGTCTG-1","slingPseudotime_4",27.6565070121967,"STOP","aucell_exhausted_score",0.148323679129366,"exhausted"
"CGCATTATCCATCCTTACAGTCTG-1","slingPseudotime_4",27.6565070121967,"STOP","aucell_proliferating_score",0,"proliferating"
"CGCATTATCCATCCTTACAGTCTG-1","slingPseudotime_4",27.6565070121967,"STOP","aucell_naive_memory_score",0,"naive_memory"
"CGCATTATCCATCCTTACAGTCTG-1","slingPseudotime_4",27.6565070121967,"STOP","aucell_cytotoxic_score",0.4913112164297,"cytotoxic"
"CGCTAAACATTCGGTTACAGTCTG-1","slingPseudotime_1",29.3988421936805,"STOP","aucell_exhausted_score",0,"exhausted"
"CGCTAAACATTCGGTTACAGTCTG-1","slingPseudotime_1",29.3988421936805,"STOP","aucell_proliferating_score",0.0551578947368421,"proliferating"
"CGCTAAACATTCGGTTACAGTCTG-1","slingPseudotime_1",29.3988421936805,"STOP","aucell_naive_memory_score",0,"naive_memory"
"CGCTAAACATTCGGTTACAGTCTG-1","slingPseudotime_1",29.3988421936805,"STOP","aucell_cytotoxic_score",0.247147621555205,"cytotoxic"
"CGGAACCAGACTATTCACAGTCTG-1","slingPseudotime_4",31.340085726549,"STOP","aucell_exhausted_score",0.306652624188169,"exhausted"
"CGGAACCAGACTATTCACAGTCTG-1","slingPseudotime_4",31.340085726549,"STOP","aucell_proliferating_score",0,"proliferating"
"CGGAACCAGACTATTCACAGTCTG-1","slingPseudotime_4",31.340085726549,"STOP","aucell_naive_memory_score",0,"naive_memory"
"CGGAACCAGACTATTCACAGTCTG-1","slingPseudotime_4",31.340085726549,"STOP","aucell_cytotoxic_score",0.160961909777076,"cytotoxic"
"CGTAATCGTCGGTTTGACAGTCTG-1","slingPseudotime_1",30.1106442525688,"STOP","aucell_exhausted_score",0.14604177637353,"exhausted"
"CGTAATCGTCGGTTTGACAGTCTG-1","slingPseudotime_1",30.1106442525688,"STOP","aucell_proliferating_score",0,"proliferating"
"CGTAATCGTCGGTTTGACAGTCTG-1","slingPseudotime_1",30.1106442525688,"STOP","aucell_naive_memory_score",0.08,"naive_memory"
"CGTAATCGTCGGTTTGACAGTCTG-1","slingPseudotime_1",30.1106442525688,"STOP","aucell_cytotoxic_score",0.495523959978936,"cytotoxic"
"CGTTATTAGGGTTATAACAGTCTG-1","slingPseudotime_1",25.8207035789249,"STOP","aucell_exhausted_score",0,"exhausted"
"CGTTATTAGGGTTATAACAGTCTG-1","slingPseudotime_1",25.8207035789249,"STOP","aucell_proliferating_score",0,"proliferating"
"CGTTATTAGGGTTATAACAGTCTG-1","slingPseudotime_1",25.8207035789249,"STOP","aucell_naive_memory_score",0.189684210526316,"naive_memory"
"CGTTATTAGGGTTATAACAGTCTG-1","slingPseudotime_1",25.8207035789249,"STOP","aucell_cytotoxic_score",0.311743022643497,"cytotoxic"
"CGTTATTAGGGTTATAACAGTCTG-1","slingPseudotime_2",22.8653380947625,"STOP","aucell_exhausted_score",0,"exhausted"
"CGTTATTAGGGTTATAACAGTCTG-1","slingPseudotime_2",22.8653380947625,"STOP","aucell_proliferating_score",0,"proliferating"
"CGTTATTAGGGTTATAACAGTCTG-1","slingPseudotime_2",22.8653380947625,"STOP","aucell_naive_memory_score",0.189684210526316,"naive_memory"
"CGTTATTAGGGTTATAACAGTCTG-1","slingPseudotime_2",22.8653380947625,"STOP","aucell_cytotoxic_score",0.311743022643497,"cytotoxic"
"CGTTGTCAGCATCTATACAGTCTG-1","slingPseudotime_1",12.9483078658523,"STOP","aucell_exhausted_score",0,"exhausted"
"CGTTGTCAGCATCTATACAGTCTG-1","slingPseudotime_1",12.9483078658523,"STOP","aucell_proliferating_score",0,"proliferating"
"CGTTGTCAGCATCTATACAGTCTG-1","slingPseudotime_1",12.9483078658523,"STOP","aucell_naive_memory_score",0,"naive_memory"
"CGTTGTCAGCATCTATACAGTCTG-1","slingPseudotime_1",12.9483078658523,"STOP","aucell_cytotoxic_score",0.541688608039319,"cytotoxic"
"CGTTGTCAGCATCTATACAGTCTG-1","slingPseudotime_2",12.5061478971738,"STOP","aucell_exhausted_score",0,"exhausted"
"CGTTGTCAGCATCTATACAGTCTG-1","slingPseudotime_2",12.5061478971738,"STOP","aucell_proliferating_score",0,"proliferating"
"CGTTGTCAGCATCTATACAGTCTG-1","slingPseudotime_2",12.5061478971738,"STOP","aucell_naive_memory_score",0,"naive_memory"
"CGTTGTCAGCATCTATACAGTCTG-1","slingPseudotime_2",12.5061478971738,"STOP","aucell_cytotoxic_score",0.541688608039319,"cytotoxic"
"CGTTGTCAGCATCTATACAGTCTG-1","slingPseudotime_3",13.2878765495966,"STOP","aucell_exhausted_score",0,"exhausted"
"CGTTGTCAGCATCTATACAGTCTG-1","slingPseudotime_3",13.2878765495966,"STOP","aucell_proliferating_score",0,"proliferating"
"CGTTGTCAGCATCTATACAGTCTG-1","slingPseudotime_3",13.2878765495966,"STOP","aucell_naive_memory_score",0,"naive_memory"
"CGTTGTCAGCATCTATACAGTCTG-1","slingPseudotime_3",13.2878765495966,"STOP","aucell_cytotoxic_score",0.541688608039319,"cytotoxic"
"CGTTGTCAGCATCTATACAGTCTG-1","slingPseudotime_4",13.2399171704445,"STOP","aucell_exhausted_score",0,"exhausted"
"CGTTGTCAGCATCTATACAGTCTG-1","slingPseudotime_4",13.2399171704445,"STOP","aucell_proliferating_score",0,"proliferating"
"CGTTGTCAGCATCTATACAGTCTG-1","slingPseudotime_4",13.2399171704445,"STOP","aucell_naive_memory_score",0,"naive_memory"
"CGTTGTCAGCATCTATACAGTCTG-1","slingPseudotime_4",13.2399171704445,"STOP","aucell_cytotoxic_score",0.541688608039319,"cytotoxic"
"CTAAGTGCAATCATCCACAGTCTG-1","slingPseudotime_1",12.4205620989236,"STOP","aucell_exhausted_score",0,"exhausted"
"CTAAGTGCAATCATCCACAGTCTG-1","slingPseudotime_1",12.4205620989236,"STOP","aucell_proliferating_score",0,"proliferating"
"CTAAGTGCAATCATCCACAGTCTG-1","slingPseudotime_1",12.4205620989236,"STOP","aucell_naive_memory_score",0.264842105263158,"naive_memory"
"CTAAGTGCAATCATCCACAGTCTG-1","slingPseudotime_1",12.4205620989236,"STOP","aucell_cytotoxic_score",0.16535018430753,"cytotoxic"
"CTAAGTGCAATCATCCACAGTCTG-1","slingPseudotime_2",12.0521020714707,"STOP","aucell_exhausted_score",0,"exhausted"
"CTAAGTGCAATCATCCACAGTCTG-1","slingPseudotime_2",12.0521020714707,"STOP","aucell_proliferating_score",0,"proliferating"
"CTAAGTGCAATCATCCACAGTCTG-1","slingPseudotime_2",12.0521020714707,"STOP","aucell_naive_memory_score",0.264842105263158,"naive_memory"
"CTAAGTGCAATCATCCACAGTCTG-1","slingPseudotime_2",12.0521020714707,"STOP","aucell_cytotoxic_score",0.16535018430753,"cytotoxic"
"CTAAGTGCAATCATCCACAGTCTG-1","slingPseudotime_3",12.6763535879442,"STOP","aucell_exhausted_score",0,"exhausted"
"CTAAGTGCAATCATCCACAGTCTG-1","slingPseudotime_3",12.6763535879442,"STOP","aucell_proliferating_score",0,"proliferating"
"CTAAGTGCAATCATCCACAGTCTG-1","slingPseudotime_3",12.6763535879442,"STOP","aucell_naive_memory_score",0.264842105263158,"naive_memory"
"CTAAGTGCAATCATCCACAGTCTG-1","slingPseudotime_3",12.6763535879442,"STOP","aucell_cytotoxic_score",0.16535018430753,"cytotoxic"
"CTAAGTGCAATCATCCACAGTCTG-1","slingPseudotime_4",12.5830340187951,"STOP","aucell_exhausted_score",0,"exhausted"
"CTAAGTGCAATCATCCACAGTCTG-1","slingPseudotime_4",12.5830340187951,"STOP","aucell_proliferating_score",0,"proliferating"
"CTAAGTGCAATCATCCACAGTCTG-1","slingPseudotime_4",12.5830340187951,"STOP","aucell_naive_memory_score",0.264842105263158,"naive_memory"
"CTAAGTGCAATCATCCACAGTCTG-1","slingPseudotime_4",12.5830340187951,"STOP","aucell_cytotoxic_score",0.16535018430753,"cytotoxic"
"CTCAAATTCGATGAACACAGTCTG-1","slingPseudotime_1",8.05111676210157,"STOP","aucell_exhausted_score",0,"exhausted"
"CTCAAATTCGATGAACACAGTCTG-1","slingPseudotime_1",8.05111676210157,"STOP","aucell_proliferating_score",0,"proliferating"
"CTCAAATTCGATGAACACAGTCTG-1","slingPseudotime_1",8.05111676210157,"STOP","aucell_naive_memory_score",0.0882105263157895,"naive_memory"
"CTCAAATTCGATGAACACAGTCTG-1","slingPseudotime_1",8.05111676210157,"STOP","aucell_cytotoxic_score",0.327365279971915,"cytotoxic"
"CTCAAATTCGATGAACACAGTCTG-1","slingPseudotime_2",8.0020278983582,"STOP","aucell_exhausted_score",0,"exhausted"
"CTCAAATTCGATGAACACAGTCTG-1","slingPseudotime_2",8.0020278983582,"STOP","aucell_proliferating_score",0,"proliferating"
"CTCAAATTCGATGAACACAGTCTG-1","slingPseudotime_2",8.0020278983582,"STOP","aucell_naive_memory_score",0.0882105263157895,"naive_memory"
"CTCAAATTCGATGAACACAGTCTG-1","slingPseudotime_2",8.0020278983582,"STOP","aucell_cytotoxic_score",0.327365279971915,"cytotoxic"
"CTCAAATTCGATGAACACAGTCTG-1","slingPseudotime_3",8.10976524369526,"STOP","aucell_exhausted_score",0,"exhausted"
"CTCAAATTCGATGAACACAGTCTG-1","slingPseudotime_3",8.10976524369526,"STOP","aucell_proliferating_score",0,"proliferating"
"CTCAAATTCGATGAACACAGTCTG-1","slingPseudotime_3",8.10976524369526,"STOP","aucell_naive_memory_score",0.0882105263157895,"naive_memory"
"CTCAAATTCGATGAACACAGTCTG-1","slingPseudotime_3",8.10976524369526,"STOP","aucell_cytotoxic_score",0.327365279971915,"cytotoxic"
"CTCAAATTCGATGAACACAGTCTG-1","slingPseudotime_4",8.13138175702391,"STOP","aucell_exhausted_score",0,"exhausted"
"CTCAAATTCGATGAACACAGTCTG-1","slingPseudotime_4",8.13138175702391,"STOP","aucell_proliferating_score",0,"proliferating"
"CTCAAATTCGATGAACACAGTCTG-1","slingPseudotime_4",8.13138175702391,"STOP","aucell_naive_memory_score",0.0882105263157895,"naive_memory"
"CTCAAATTCGATGAACACAGTCTG-1","slingPseudotime_4",8.13138175702391,"STOP","aucell_cytotoxic_score",0.327365279971915,"cytotoxic"
"CTGATCCAGGTCAAACACAGTCTG-1","slingPseudotime_1",15.6643831962294,"STOP","aucell_exhausted_score",0.292610145690714,"exhausted"
"CTGATCCAGGTCAAACACAGTCTG-1","slingPseudotime_1",15.6643831962294,"STOP","aucell_proliferating_score",0,"proliferating"
"CTGATCCAGGTCAAACACAGTCTG-1","slingPseudotime_1",15.6643831962294,"STOP","aucell_naive_memory_score",0,"naive_memory"
"CTGATCCAGGTCAAACACAGTCTG-1","slingPseudotime_1",15.6643831962294,"STOP","aucell_cytotoxic_score",0.445146568369317,"cytotoxic"
"CTGATCCAGGTCAAACACAGTCTG-1","slingPseudotime_2",15.2873463562957,"STOP","aucell_exhausted_score",0.292610145690714,"exhausted"
"CTGATCCAGGTCAAACACAGTCTG-1","slingPseudotime_2",15.2873463562957,"STOP","aucell_proliferating_score",0,"proliferating"
"CTGATCCAGGTCAAACACAGTCTG-1","slingPseudotime_2",15.2873463562957,"STOP","aucell_naive_memory_score",0,"naive_memory"
"CTGATCCAGGTCAAACACAGTCTG-1","slingPseudotime_2",15.2873463562957,"STOP","aucell_cytotoxic_score",0.445146568369317,"cytotoxic"
"CTGATCCAGGTCAAACACAGTCTG-1","slingPseudotime_3",28.2275017713322,"STOP","aucell_exhausted_score",0.292610145690714,"exhausted"
"CTGATCCAGGTCAAACACAGTCTG-1","slingPseudotime_3",28.2275017713322,"STOP","aucell_proliferating_score",0,"proliferating"
"CTGATCCAGGTCAAACACAGTCTG-1","slingPseudotime_3",28.2275017713322,"STOP","aucell_naive_memory_score",0,"naive_memory"
"CTGATCCAGGTCAAACACAGTCTG-1","slingPseudotime_3",28.2275017713322,"STOP","aucell_cytotoxic_score",0.445146568369317,"cytotoxic"
"CTGATCCAGGTCAAACACAGTCTG-1","slingPseudotime_4",26.2301176672343,"STOP","aucell_exhausted_score",0.292610145690714,"exhausted"
"CTGATCCAGGTCAAACACAGTCTG-1","slingPseudotime_4",26.2301176672343,"STOP","aucell_proliferating_score",0,"proliferating"
"CTGATCCAGGTCAAACACAGTCTG-1","slingPseudotime_4",26.2301176672343,"STOP","aucell_naive_memory_score",0,"naive_memory"
"CTGATCCAGGTCAAACACAGTCTG-1","slingPseudotime_4",26.2301176672343,"STOP","aucell_cytotoxic_score",0.445146568369317,"cytotoxic"
"CTGCAACTCGAGCTAGACAGTCTG-1","slingPseudotime_1",5.23589506273147,"STOP","aucell_exhausted_score",0.0396700017553098,"exhausted"
"CTGCAACTCGAGCTAGACAGTCTG-1","slingPseudotime_1",5.23589506273147,"STOP","aucell_proliferating_score",0,"proliferating"
"CTGCAACTCGAGCTAGACAGTCTG-1","slingPseudotime_1",5.23589506273147,"STOP","aucell_naive_memory_score",0.715789473684211,"naive_memory"
"CTGCAACTCGAGCTAGACAGTCTG-1","slingPseudotime_1",5.23589506273147,"STOP","aucell_cytotoxic_score",0.147797086185712,"cytotoxic"
"CTGCAACTCGAGCTAGACAGTCTG-1","slingPseudotime_2",5.21382921172351,"STOP","aucell_exhausted_score",0.0396700017553098,"exhausted"
"CTGCAACTCGAGCTAGACAGTCTG-1","slingPseudotime_2",5.21382921172351,"STOP","aucell_proliferating_score",0,"proliferating"
"CTGCAACTCGAGCTAGACAGTCTG-1","slingPseudotime_2",5.21382921172351,"STOP","aucell_naive_memory_score",0.715789473684211,"naive_memory"
"CTGCAACTCGAGCTAGACAGTCTG-1","slingPseudotime_2",5.21382921172351,"STOP","aucell_cytotoxic_score",0.147797086185712,"cytotoxic"
"CTGCAACTCGAGCTAGACAGTCTG-1","slingPseudotime_3",5.13968024374999,"STOP","aucell_exhausted_score",0.0396700017553098,"exhausted"
"CTGCAACTCGAGCTAGACAGTCTG-1","slingPseudotime_3",5.13968024374999,"STOP","aucell_proliferating_score",0,"proliferating"
"CTGCAACTCGAGCTAGACAGTCTG-1","slingPseudotime_3",5.13968024374999,"STOP","aucell_naive_memory_score",0.715789473684211,"naive_memory"
"CTGCAACTCGAGCTAGACAGTCTG-1","slingPseudotime_3",5.13968024374999,"STOP","aucell_cytotoxic_score",0.147797086185712,"cytotoxic"
"CTGCAACTCGAGCTAGACAGTCTG-1","slingPseudotime_4",5.20020010516385,"STOP","aucell_exhausted_score",0.0396700017553098,"exhausted"
"CTGCAACTCGAGCTAGACAGTCTG-1","slingPseudotime_4",5.20020010516385,"STOP","aucell_proliferating_score",0,"proliferating"
"CTGCAACTCGAGCTAGACAGTCTG-1","slingPseudotime_4",5.20020010516385,"STOP","aucell_naive_memory_score",0.715789473684211,"naive_memory"
"CTGCAACTCGAGCTAGACAGTCTG-1","slingPseudotime_4",5.20020010516385,"STOP","aucell_cytotoxic_score",0.147797086185712,"cytotoxic"
"CTTAGAAAGAGGTTTAACAGTCTG-1","slingPseudotime_4",32.9644310514942,"STOP","aucell_exhausted_score",0.189924521678076,"exhausted"
"CTTAGAAAGAGGTTTAACAGTCTG-1","slingPseudotime_4",32.9644310514942,"STOP","aucell_proliferating_score",0,"proliferating"
"CTTAGAAAGAGGTTTAACAGTCTG-1","slingPseudotime_4",32.9644310514942,"STOP","aucell_naive_memory_score",0,"naive_memory"
"CTTAGAAAGAGGTTTAACAGTCTG-1","slingPseudotime_4",32.9644310514942,"STOP","aucell_cytotoxic_score",0.474284711251536,"cytotoxic"
"CTTAGTCCACGGTCGAACAGTCTG-1","slingPseudotime_1",26.9087018569498,"STOP","aucell_exhausted_score",0,"exhausted"
"CTTAGTCCACGGTCGAACAGTCTG-1","slingPseudotime_1",26.9087018569498,"STOP","aucell_proliferating_score",0,"proliferating"
"CTTAGTCCACGGTCGAACAGTCTG-1","slingPseudotime_1",26.9087018569498,"STOP","aucell_naive_memory_score",0,"naive_memory"
"CTTAGTCCACGGTCGAACAGTCTG-1","slingPseudotime_1",26.9087018569498,"STOP","aucell_cytotoxic_score",0.79691065473056,"cytotoxic"
"CTTAGTCCACGGTCGAACAGTCTG-1","slingPseudotime_2",24.1555192676246,"STOP","aucell_exhausted_score",0,"exhausted"
"CTTAGTCCACGGTCGAACAGTCTG-1","slingPseudotime_2",24.1555192676246,"STOP","aucell_proliferating_score",0,"proliferating"
"CTTAGTCCACGGTCGAACAGTCTG-1","slingPseudotime_2",24.1555192676246,"STOP","aucell_naive_memory_score",0,"naive_memory"
"CTTAGTCCACGGTCGAACAGTCTG-1","slingPseudotime_2",24.1555192676246,"STOP","aucell_cytotoxic_score",0.79691065473056,"cytotoxic"
"CTTGAGGAGCGCTCCAACAGTCTG-1","slingPseudotime_1",0.426602478206676,"STOP","aucell_exhausted_score",0,"exhausted"
"CTTGAGGAGCGCTCCAACAGTCTG-1","slingPseudotime_1",0.426602478206676,"STOP","aucell_proliferating_score",0,"proliferating"
"CTTGAGGAGCGCTCCAACAGTCTG-1","slingPseudotime_1",0.426602478206676,"STOP","aucell_naive_memory_score",0.151578947368421,"naive_memory"
"CTTGAGGAGCGCTCCAACAGTCTG-1","slingPseudotime_1",0.426602478206676,"STOP","aucell_cytotoxic_score",0.0772336317360014,"cytotoxic"
"CTTGAGGAGCGCTCCAACAGTCTG-1","slingPseudotime_2",0.425498397777005,"STOP","aucell_exhausted_score",0,"exhausted"
"CTTGAGGAGCGCTCCAACAGTCTG-1","slingPseudotime_2",0.425498397777005,"STOP","aucell_proliferating_score",0,"proliferating"
"CTTGAGGAGCGCTCCAACAGTCTG-1","slingPseudotime_2",0.425498397777005,"STOP","aucell_naive_memory_score",0.151578947368421,"naive_memory"
"CTTGAGGAGCGCTCCAACAGTCTG-1","slingPseudotime_2",0.425498397777005,"STOP","aucell_cytotoxic_score",0.0772336317360014,"cytotoxic"
"CTTGAGGAGCGCTCCAACAGTCTG-1","slingPseudotime_3",0.426762619173729,"STOP","aucell_exhausted_score",0,"exhausted"
"CTTGAGGAGCGCTCCAACAGTCTG-1","slingPseudotime_3",0.426762619173729,"STOP","aucell_proliferating_score",0,"proliferating"
"CTTGAGGAGCGCTCCAACAGTCTG-1","slingPseudotime_3",0.426762619173729,"STOP","aucell_naive_memory_score",0.151578947368421,"naive_memory"
"CTTGAGGAGCGCTCCAACAGTCTG-1","slingPseudotime_3",0.426762619173729,"STOP","aucell_cytotoxic_score",0.0772336317360014,"cytotoxic"
"CTTGAGGAGCGCTCCAACAGTCTG-1","slingPseudotime_4",0.426912672655376,"STOP","aucell_exhausted_score",0,"exhausted"
"CTTGAGGAGCGCTCCAACAGTCTG-1","slingPseudotime_4",0.426912672655376,"STOP","aucell_proliferating_score",0,"proliferating"
"CTTGAGGAGCGCTCCAACAGTCTG-1","slingPseudotime_4",0.426912672655376,"STOP","aucell_naive_memory_score",0.151578947368421,"naive_memory"
"CTTGAGGAGCGCTCCAACAGTCTG-1","slingPseudotime_4",0.426912672655376,"STOP","aucell_cytotoxic_score",0.0772336317360014,"cytotoxic"
"CTTGATGTCTAATTGCACAGTCTG-1","slingPseudotime_4",31.8881545736986,"STOP","aucell_exhausted_score",0.011409513779182,"exhausted"
"CTTGATGTCTAATTGCACAGTCTG-1","slingPseudotime_4",31.8881545736986,"STOP","aucell_proliferating_score",0,"proliferating"
"CTTGATGTCTAATTGCACAGTCTG-1","slingPseudotime_4",31.8881545736986,"STOP","aucell_naive_memory_score",0,"naive_memory"
"CTTGATGTCTAATTGCACAGTCTG-1","slingPseudotime_4",31.8881545736986,"STOP","aucell_cytotoxic_score",0.792522380200105,"cytotoxic"
"CTTGGTTCATACTTCAACAGTCTG-1","slingPseudotime_1",7.78859694075605,"STOP","aucell_exhausted_score",0,"exhausted"
"CTTGGTTCATACTTCAACAGTCTG-1","slingPseudotime_1",7.78859694075605,"STOP","aucell_proliferating_score",0,"proliferating"
"CTTGGTTCATACTTCAACAGTCTG-1","slingPseudotime_1",7.78859694075605,"STOP","aucell_naive_memory_score",0.146736842105263,"naive_memory"
"CTTGGTTCATACTTCAACAGTCTG-1","slingPseudotime_1",7.78859694075605,"STOP","aucell_cytotoxic_score",0.166227839213621,"cytotoxic"
"CTTGGTTCATACTTCAACAGTCTG-1","slingPseudotime_2",7.6496092775991,"STOP","aucell_exhausted_score",0,"exhausted"
"CTTGGTTCATACTTCAACAGTCTG-1","slingPseudotime_2",7.6496092775991,"STOP","aucell_proliferating_score",0,"proliferating"
"CTTGGTTCATACTTCAACAGTCTG-1","slingPseudotime_2",7.6496092775991,"STOP","aucell_naive_memory_score",0.146736842105263,"naive_memory"
"CTTGGTTCATACTTCAACAGTCTG-1","slingPseudotime_2",7.6496092775991,"STOP","aucell_cytotoxic_score",0.166227839213621,"cytotoxic"
"CTTGGTTCATACTTCAACAGTCTG-1","slingPseudotime_3",7.84463934413498,"STOP","aucell_exhausted_score",0,"exhausted"
"CTTGGTTCATACTTCAACAGTCTG-1","slingPseudotime_3",7.84463934413498,"STOP","aucell_proliferating_score",0,"proliferating"
"CTTGGTTCATACTTCAACAGTCTG-1","slingPseudotime_3",7.84463934413498,"STOP","aucell_naive_memory_score",0.146736842105263,"naive_memory"
"CTTGGTTCATACTTCAACAGTCTG-1","slingPseudotime_3",7.84463934413498,"STOP","aucell_cytotoxic_score",0.166227839213621,"cytotoxic"
"CTTGGTTCATACTTCAACAGTCTG-1","slingPseudotime_4",7.80631672230851,"STOP","aucell_exhausted_score",0,"exhausted"
"CTTGGTTCATACTTCAACAGTCTG-1","slingPseudotime_4",7.80631672230851,"STOP","aucell_proliferating_score",0,"proliferating"
"CTTGGTTCATACTTCAACAGTCTG-1","slingPseudotime_4",7.80631672230851,"STOP","aucell_naive_memory_score",0.146736842105263,"naive_memory"
"CTTGGTTCATACTTCAACAGTCTG-1","slingPseudotime_4",7.80631672230851,"STOP","aucell_cytotoxic_score",0.166227839213621,"cytotoxic"
"CTTTAACAGTAGCCTCACAGTCTG-1","slingPseudotime_1",17.1952331347274,"STOP","aucell_exhausted_score",0,"exhausted"
"CTTTAACAGTAGCCTCACAGTCTG-1","slingPseudotime_1",17.1952331347274,"STOP","aucell_proliferating_score",0,"proliferating"
"CTTTAACAGTAGCCTCACAGTCTG-1","slingPseudotime_1",17.1952331347274,"STOP","aucell_naive_memory_score",0,"naive_memory"
"CTTTAACAGTAGCCTCACAGTCTG-1","slingPseudotime_1",17.1952331347274,"STOP","aucell_cytotoxic_score",0.487098472880463,"cytotoxic"
"CTTTAACAGTAGCCTCACAGTCTG-1","slingPseudotime_2",16.1455664340202,"STOP","aucell_exhausted_score",0,"exhausted"
"CTTTAACAGTAGCCTCACAGTCTG-1","slingPseudotime_2",16.1455664340202,"STOP","aucell_proliferating_score",0,"proliferating"
"CTTTAACAGTAGCCTCACAGTCTG-1","slingPseudotime_2",16.1455664340202,"STOP","aucell_naive_memory_score",0,"naive_memory"
"CTTTAACAGTAGCCTCACAGTCTG-1","slingPseudotime_2",16.1455664340202,"STOP","aucell_cytotoxic_score",0.487098472880463,"cytotoxic"
"CTTTAACAGTAGCCTCACAGTCTG-1","slingPseudotime_3",17.149972096328,"STOP","aucell_exhausted_score",0,"exhausted"
"CTTTAACAGTAGCCTCACAGTCTG-1","slingPseudotime_3",17.149972096328,"STOP","aucell_proliferating_score",0,"proliferating"
"CTTTAACAGTAGCCTCACAGTCTG-1","slingPseudotime_3",17.149972096328,"STOP","aucell_naive_memory_score",0,"naive_memory"
"CTTTAACAGTAGCCTCACAGTCTG-1","slingPseudotime_3",17.149972096328,"STOP","aucell_cytotoxic_score",0.487098472880463,"cytotoxic"
"CTTTAACAGTAGCCTCACAGTCTG-1","slingPseudotime_4",16.9795818048708,"STOP","aucell_exhausted_score",0,"exhausted"
"CTTTAACAGTAGCCTCACAGTCTG-1","slingPseudotime_4",16.9795818048708,"STOP","aucell_proliferating_score",0,"proliferating"
"CTTTAACAGTAGCCTCACAGTCTG-1","slingPseudotime_4",16.9795818048708,"STOP","aucell_naive_memory_score",0,"naive_memory"
"CTTTAACAGTAGCCTCACAGTCTG-1","slingPseudotime_4",16.9795818048708,"STOP","aucell_cytotoxic_score",0.487098472880463,"cytotoxic"
"GAACTTAAGCTGATTTACAGTCTG-1","slingPseudotime_1",39.2650368721076,"STOP","aucell_exhausted_score",0.131823766894857,"exhausted"
"GAACTTAAGCTGATTTACAGTCTG-1","slingPseudotime_1",39.2650368721076,"STOP","aucell_proliferating_score",0,"proliferating"
"GAACTTAAGCTGATTTACAGTCTG-1","slingPseudotime_1",39.2650368721076,"STOP","aucell_naive_memory_score",0,"naive_memory"
"GAACTTAAGCTGATTTACAGTCTG-1","slingPseudotime_1",39.2650368721076,"STOP","aucell_cytotoxic_score",0.217131823766895,"cytotoxic"
"GAACTTAAGCTGATTTACAGTCTG-1","slingPseudotime_2",16.4418782859215,"STOP","aucell_exhausted_score",0.131823766894857,"exhausted"
"GAACTTAAGCTGATTTACAGTCTG-1","slingPseudotime_2",16.4418782859215,"STOP","aucell_proliferating_score",0,"proliferating"
"GAACTTAAGCTGATTTACAGTCTG-1","slingPseudotime_2",16.4418782859215,"STOP","aucell_naive_memory_score",0,"naive_memory"
"GAACTTAAGCTGATTTACAGTCTG-1","slingPseudotime_2",16.4418782859215,"STOP","aucell_cytotoxic_score",0.217131823766895,"cytotoxic"
"GAACTTAAGCTGATTTACAGTCTG-1","slingPseudotime_3",19.5176553937175,"STOP","aucell_exhausted_score",0.131823766894857,"exhausted"
"GAACTTAAGCTGATTTACAGTCTG-1","slingPseudotime_3",19.5176553937175,"STOP","aucell_proliferating_score",0,"proliferating"
"GAACTTAAGCTGATTTACAGTCTG-1","slingPseudotime_3",19.5176553937175,"STOP","aucell_naive_memory_score",0,"naive_memory"
"GAACTTAAGCTGATTTACAGTCTG-1","slingPseudotime_3",19.5176553937175,"STOP","aucell_cytotoxic_score",0.217131823766895,"cytotoxic"
"GAACTTAAGCTGATTTACAGTCTG-1","slingPseudotime_4",21.0699295015107,"STOP","aucell_exhausted_score",0.131823766894857,"exhausted"
"GAACTTAAGCTGATTTACAGTCTG-1","slingPseudotime_4",21.0699295015107,"STOP","aucell_proliferating_score",0,"proliferating"
"GAACTTAAGCTGATTTACAGTCTG-1","slingPseudotime_4",21.0699295015107,"STOP","aucell_naive_memory_score",0,"naive_memory"
"GAACTTAAGCTGATTTACAGTCTG-1","slingPseudotime_4",21.0699295015107,"STOP","aucell_cytotoxic_score",0.217131823766895,"cytotoxic"
"GACAAACTCTATGGCCACAGTCTG-1","slingPseudotime_1",9.72085247546221,"STOP","aucell_exhausted_score",0.137791820256275,"exhausted"
"GACAAACTCTATGGCCACAGTCTG-1","slingPseudotime_1",9.72085247546221,"STOP","aucell_proliferating_score",0,"proliferating"
"GACAAACTCTATGGCCACAGTCTG-1","slingPseudotime_1",9.72085247546221,"STOP","aucell_naive_memory_score",0.300842105263158,"naive_memory"
"GACAAACTCTATGGCCACAGTCTG-1","slingPseudotime_1",9.72085247546221,"STOP","aucell_cytotoxic_score",0.166403370194839,"cytotoxic"
"GACAAACTCTATGGCCACAGTCTG-1","slingPseudotime_2",9.64520762790266,"STOP","aucell_exhausted_score",0.137791820256275,"exhausted"
"GACAAACTCTATGGCCACAGTCTG-1","slingPseudotime_2",9.64520762790266,"STOP","aucell_proliferating_score",0,"proliferating"
"GACAAACTCTATGGCCACAGTCTG-1","slingPseudotime_2",9.64520762790266,"STOP","aucell_naive_memory_score",0.300842105263158,"naive_memory"
"GACAAACTCTATGGCCACAGTCTG-1","slingPseudotime_2",9.64520762790266,"STOP","aucell_cytotoxic_score",0.166403370194839,"cytotoxic"
"GACAAACTCTATGGCCACAGTCTG-1","slingPseudotime_3",9.75035439331334,"STOP","aucell_exhausted_score",0.137791820256275,"exhausted"
"GACAAACTCTATGGCCACAGTCTG-1","slingPseudotime_3",9.75035439331334,"STOP","aucell_proliferating_score",0,"proliferating"
"GACAAACTCTATGGCCACAGTCTG-1","slingPseudotime_3",9.75035439331334,"STOP","aucell_naive_memory_score",0.300842105263158,"naive_memory"
"GACAAACTCTATGGCCACAGTCTG-1","slingPseudotime_3",9.75035439331334,"STOP","aucell_cytotoxic_score",0.166403370194839,"cytotoxic"
"GACAAACTCTATGGCCACAGTCTG-1","slingPseudotime_4",9.90896839592073,"STOP","aucell_exhausted_score",0.137791820256275,"exhausted"
"GACAAACTCTATGGCCACAGTCTG-1","slingPseudotime_4",9.90896839592073,"STOP","aucell_proliferating_score",0,"proliferating"
"GACAAACTCTATGGCCACAGTCTG-1","slingPseudotime_4",9.90896839592073,"STOP","aucell_naive_memory_score",0.300842105263158,"naive_memory"
"GACAAACTCTATGGCCACAGTCTG-1","slingPseudotime_4",9.90896839592073,"STOP","aucell_cytotoxic_score",0.166403370194839,"cytotoxic"
"GACAACTAGTTAACAGACAGTCTG-1","slingPseudotime_1",13.2119163711436,"STOP","aucell_exhausted_score",0.152009829734948,"exhausted"
"GACAACTAGTTAACAGACAGTCTG-1","slingPseudotime_1",13.2119163711436,"STOP","aucell_proliferating_score",0,"proliferating"
"GACAACTAGTTAACAGACAGTCTG-1","slingPseudotime_1",13.2119163711436,"STOP","aucell_naive_memory_score",0,"naive_memory"
"GACAACTAGTTAACAGACAGTCTG-1","slingPseudotime_1",13.2119163711436,"STOP","aucell_cytotoxic_score",0.170616113744076,"cytotoxic"
"GACAACTAGTTAACAGACAGTCTG-1","slingPseudotime_2",12.9552263519558,"STOP","aucell_exhausted_score",0.152009829734948,"exhausted"
"GACAACTAGTTAACAGACAGTCTG-1","slingPseudotime_2",12.9552263519558,"STOP","aucell_proliferating_score",0,"proliferating"
"GACAACTAGTTAACAGACAGTCTG-1","slingPseudotime_2",12.9552263519558,"STOP","aucell_naive_memory_score",0,"naive_memory"
"GACAACTAGTTAACAGACAGTCTG-1","slingPseudotime_2",12.9552263519558,"STOP","aucell_cytotoxic_score",0.170616113744076,"cytotoxic"
"GACAACTAGTTAACAGACAGTCTG-1","slingPseudotime_3",13.5393981030844,"STOP","aucell_exhausted_score",0.152009829734948,"exhausted"
"GACAACTAGTTAACAGACAGTCTG-1","slingPseudotime_3",13.5393981030844,"STOP","aucell_proliferating_score",0,"proliferating"
"GACAACTAGTTAACAGACAGTCTG-1","slingPseudotime_3",13.5393981030844,"STOP","aucell_naive_memory_score",0,"naive_memory"
"GACAACTAGTTAACAGACAGTCTG-1","slingPseudotime_3",13.5393981030844,"STOP","aucell_cytotoxic_score",0.170616113744076,"cytotoxic"
"GACAACTAGTTAACAGACAGTCTG-1","slingPseudotime_4",29.7811440114153,"STOP","aucell_exhausted_score",0.152009829734948,"exhausted"
"GACAACTAGTTAACAGACAGTCTG-1","slingPseudotime_4",29.7811440114153,"STOP","aucell_proliferating_score",0,"proliferating"
"GACAACTAGTTAACAGACAGTCTG-1","slingPseudotime_4",29.7811440114153,"STOP","aucell_naive_memory_score",0,"naive_memory"
"GACAACTAGTTAACAGACAGTCTG-1","slingPseudotime_4",29.7811440114153,"STOP","aucell_cytotoxic_score",0.170616113744076,"cytotoxic"
"GACAGGCTCCGTCAACACAGTCTG-1","slingPseudotime_4",41.3440976857063,"STOP","aucell_exhausted_score",0.134807793575566,"exhausted"
"GACAGGCTCCGTCAACACAGTCTG-1","slingPseudotime_4",41.3440976857063,"STOP","aucell_proliferating_score",0,"proliferating"
"GACAGGCTCCGTCAACACAGTCTG-1","slingPseudotime_4",41.3440976857063,"STOP","aucell_naive_memory_score",0.156210526315789,"naive_memory"
"GACAGGCTCCGTCAACACAGTCTG-1","slingPseudotime_4",41.3440976857063,"STOP","aucell_cytotoxic_score",0.324556784272424,"cytotoxic"
"GACATTAAGCGGGACTACAGTCTG-1","slingPseudotime_1",4.87875125737078,"STOP","aucell_exhausted_score",0,"exhausted"
"GACATTAAGCGGGACTACAGTCTG-1","slingPseudotime_1",4.87875125737078,"STOP","aucell_proliferating_score",0,"proliferating"
"GACATTAAGCGGGACTACAGTCTG-1","slingPseudotime_1",4.87875125737078,"STOP","aucell_naive_memory_score",0.119789473684211,"naive_memory"
"GACATTAAGCGGGACTACAGTCTG-1","slingPseudotime_1",4.87875125737078,"STOP","aucell_cytotoxic_score",0,"cytotoxic"
"GACATTAAGCGGGACTACAGTCTG-1","slingPseudotime_3",4.94705373659147,"STOP","aucell_exhausted_score",0,"exhausted"
"GACATTAAGCGGGACTACAGTCTG-1","slingPseudotime_3",4.94705373659147,"STOP","aucell_proliferating_score",0,"proliferating"
"GACATTAAGCGGGACTACAGTCTG-1","slingPseudotime_3",4.94705373659147,"STOP","aucell_naive_memory_score",0.119789473684211,"naive_memory"
"GACATTAAGCGGGACTACAGTCTG-1","slingPseudotime_3",4.94705373659147,"STOP","aucell_cytotoxic_score",0,"cytotoxic"
"GACATTAAGCGGGACTACAGTCTG-1","slingPseudotime_4",4.95248398297941,"STOP","aucell_exhausted_score",0,"exhausted"
"GACATTAAGCGGGACTACAGTCTG-1","slingPseudotime_4",4.95248398297941,"STOP","aucell_proliferating_score",0,"proliferating"
"GACATTAAGCGGGACTACAGTCTG-1","slingPseudotime_4",4.95248398297941,"STOP","aucell_naive_memory_score",0.119789473684211,"naive_memory"
"GACATTAAGCGGGACTACAGTCTG-1","slingPseudotime_4",4.95248398297941,"STOP","aucell_cytotoxic_score",0,"cytotoxic"
"GACATTCGTTGGTTTAACAGTCTG-1","slingPseudotime_1",20.1186601602998,"STOP","aucell_exhausted_score",0,"exhausted"
"GACATTCGTTGGTTTAACAGTCTG-1","slingPseudotime_1",20.1186601602998,"STOP","aucell_proliferating_score",0,"proliferating"
"GACATTCGTTGGTTTAACAGTCTG-1","slingPseudotime_1",20.1186601602998,"STOP","aucell_naive_memory_score",0.356631578947368,"naive_memory"
"GACATTCGTTGGTTTAACAGTCTG-1","slingPseudotime_1",20.1186601602998,"STOP","aucell_cytotoxic_score",0.0380902229243461,"cytotoxic"
"GACATTCGTTGGTTTAACAGTCTG-1","slingPseudotime_2",18.9325852236365,"STOP","aucell_exhausted_score",0,"exhausted"
"GACATTCGTTGGTTTAACAGTCTG-1","slingPseudotime_2",18.9325852236365,"STOP","aucell_proliferating_score",0,"proliferating"
"GACATTCGTTGGTTTAACAGTCTG-1","slingPseudotime_2",18.9325852236365,"STOP","aucell_naive_memory_score",0.356631578947368,"naive_memory"
"GACATTCGTTGGTTTAACAGTCTG-1","slingPseudotime_2",18.9325852236365,"STOP","aucell_cytotoxic_score",0.0380902229243461,"cytotoxic"
"GACCCAAAGGCTGTGAACAGTCTG-1","slingPseudotime_3",40.8811771862875,"STOP","aucell_exhausted_score",0.513252589081973,"exhausted"
"GACCCAAAGGCTGTGAACAGTCTG-1","slingPseudotime_3",40.8811771862875,"STOP","aucell_proliferating_score",0,"proliferating"
"GACCCAAAGGCTGTGAACAGTCTG-1","slingPseudotime_3",40.8811771862875,"STOP","aucell_naive_memory_score",0,"naive_memory"
"GACCCAAAGGCTGTGAACAGTCTG-1","slingPseudotime_3",40.8811771862875,"STOP","aucell_cytotoxic_score",0.165876777251185,"cytotoxic"
"GACTGAGTCCAGCTACACAGTCTG-1","slingPseudotime_1",26.8977419402768,"STOP","aucell_exhausted_score",0,"exhausted"
"GACTGAGTCCAGCTACACAGTCTG-1","slingPseudotime_1",26.8977419402768,"STOP","aucell_proliferating_score",0.179789473684211,"proliferating"
"GACTGAGTCCAGCTACACAGTCTG-1","slingPseudotime_1",26.8977419402768,"STOP","aucell_naive_memory_score",0,"naive_memory"
"GACTGAGTCCAGCTACACAGTCTG-1","slingPseudotime_1",26.8977419402768,"STOP","aucell_cytotoxic_score",0.315780235211515,"cytotoxic"
"GACTGAGTCCAGCTACACAGTCTG-1","slingPseudotime_2",37.1372062742409,"STOP","aucell_exhausted_score",0,"exhausted"
"GACTGAGTCCAGCTACACAGTCTG-1","slingPseudotime_2",37.1372062742409,"STOP","aucell_proliferating_score",0.179789473684211,"proliferating"
"GACTGAGTCCAGCTACACAGTCTG-1","slingPseudotime_2",37.1372062742409,"STOP","aucell_naive_memory_score",0,"naive_memory"
"GACTGAGTCCAGCTACACAGTCTG-1","slingPseudotime_2",37.1372062742409,"STOP","aucell_cytotoxic_score",0.315780235211515,"cytotoxic"
"GACTTCGGTCCATTAAACAGTCTG-1","slingPseudotime_4",23.7013678618527,"STOP","aucell_exhausted_score",0.28822187116026,"exhausted"
"GACTTCGGTCCATTAAACAGTCTG-1","slingPseudotime_4",23.7013678618527,"STOP","aucell_proliferating_score",0,"proliferating"
"GACTTCGGTCCATTAAACAGTCTG-1","slingPseudotime_4",23.7013678618527,"STOP","aucell_naive_memory_score",0,"naive_memory"
"GACTTCGGTCCATTAAACAGTCTG-1","slingPseudotime_4",23.7013678618527,"STOP","aucell_cytotoxic_score",0.160610847814639,"cytotoxic"
"GACTTTGTCTATTGCGACAGTCTG-1","slingPseudotime_1",18.4183613655472,"STOP","aucell_exhausted_score",0.0761804458486923,"exhausted"
"GACTTTGTCTATTGCGACAGTCTG-1","slingPseudotime_1",18.4183613655472,"STOP","aucell_proliferating_score",0,"proliferating"
"GACTTTGTCTATTGCGACAGTCTG-1","slingPseudotime_1",18.4183613655472,"STOP","aucell_naive_memory_score",0.470736842105263,"naive_memory"
"GACTTTGTCTATTGCGACAGTCTG-1","slingPseudotime_1",18.4183613655472,"STOP","aucell_cytotoxic_score",0.153589608565912,"cytotoxic"
"GACTTTGTCTATTGCGACAGTCTG-1","slingPseudotime_2",16.5992757611744,"STOP","aucell_exhausted_score",0.0761804458486923,"exhausted"
"GACTTTGTCTATTGCGACAGTCTG-1","slingPseudotime_2",16.5992757611744,"STOP","aucell_proliferating_score",0,"proliferating"
"GACTTTGTCTATTGCGACAGTCTG-1","slingPseudotime_2",16.5992757611744,"STOP","aucell_naive_memory_score",0.470736842105263,"naive_memory"
"GACTTTGTCTATTGCGACAGTCTG-1","slingPseudotime_2",16.5992757611744,"STOP","aucell_cytotoxic_score",0.153589608565912,"cytotoxic"
"GACTTTGTCTATTGCGACAGTCTG-1","slingPseudotime_3",19.4247343500412,"STOP","aucell_exhausted_score",0.0761804458486923,"exhausted"
"GACTTTGTCTATTGCGACAGTCTG-1","slingPseudotime_3",19.4247343500412,"STOP","aucell_proliferating_score",0,"proliferating"
"GACTTTGTCTATTGCGACAGTCTG-1","slingPseudotime_3",19.4247343500412,"STOP","aucell_naive_memory_score",0.470736842105263,"naive_memory"
"GACTTTGTCTATTGCGACAGTCTG-1","slingPseudotime_3",19.4247343500412,"STOP","aucell_cytotoxic_score",0.153589608565912,"cytotoxic"
"GACTTTGTCTATTGCGACAGTCTG-1","slingPseudotime_4",18.8225136428089,"STOP","aucell_exhausted_score",0.0761804458486923,"exhausted"
"GACTTTGTCTATTGCGACAGTCTG-1","slingPseudotime_4",18.8225136428089,"STOP","aucell_proliferating_score",0,"proliferating"
"GACTTTGTCTATTGCGACAGTCTG-1","slingPseudotime_4",18.8225136428089,"STOP","aucell_naive_memory_score",0.470736842105263,"naive_memory"
"GACTTTGTCTATTGCGACAGTCTG-1","slingPseudotime_4",18.8225136428089,"STOP","aucell_cytotoxic_score",0.153589608565912,"cytotoxic"
"GCAAGGTGTTTGACTAACAGTCTG-1","slingPseudotime_1",18.4057269717992,"STOP","aucell_exhausted_score",0.0681060207126558,"exhausted"
"GCAAGGTGTTTGACTAACAGTCTG-1","slingPseudotime_1",18.4057269717992,"STOP","aucell_proliferating_score",0,"proliferating"
"GCAAGGTGTTTGACTAACAGTCTG-1","slingPseudotime_1",18.4057269717992,"STOP","aucell_naive_memory_score",0,"naive_memory"
"GCAAGGTGTTTGACTAACAGTCTG-1","slingPseudotime_1",18.4057269717992,"STOP","aucell_cytotoxic_score",0.465683693171845,"cytotoxic"
"GCAAGGTGTTTGACTAACAGTCTG-1","slingPseudotime_2",17.4638637295407,"STOP","aucell_exhausted_score",0.0681060207126558,"exhausted"
"GCAAGGTGTTTGACTAACAGTCTG-1","slingPseudotime_2",17.4638637295407,"STOP","aucell_proliferating_score",0,"proliferating"
"GCAAGGTGTTTGACTAACAGTCTG-1","slingPseudotime_2",17.4638637295407,"STOP","aucell_naive_memory_score",0,"naive_memory"
"GCAAGGTGTTTGACTAACAGTCTG-1","slingPseudotime_2",17.4638637295407,"STOP","aucell_cytotoxic_score",0.465683693171845,"cytotoxic"
"GCAAGGTGTTTGACTAACAGTCTG-1","slingPseudotime_3",23.900854553021,"STOP","aucell_exhausted_score",0.0681060207126558,"exhausted"
"GCAAGGTGTTTGACTAACAGTCTG-1","slingPseudotime_3",23.900854553021,"STOP","aucell_proliferating_score",0,"proliferating"
"GCAAGGTGTTTGACTAACAGTCTG-1","slingPseudotime_3",23.900854553021,"STOP","aucell_naive_memory_score",0,"naive_memory"
"GCAAGGTGTTTGACTAACAGTCTG-1","slingPseudotime_3",23.900854553021,"STOP","aucell_cytotoxic_score",0.465683693171845,"cytotoxic"
"GCAAGGTGTTTGACTAACAGTCTG-1","slingPseudotime_4",18.6943651942891,"STOP","aucell_exhausted_score",0.0681060207126558,"exhausted"
"GCAAGGTGTTTGACTAACAGTCTG-1","slingPseudotime_4",18.6943651942891,"STOP","aucell_proliferating_score",0,"proliferating"
"GCAAGGTGTTTGACTAACAGTCTG-1","slingPseudotime_4",18.6943651942891,"STOP","aucell_naive_memory_score",0,"naive_memory"
"GCAAGGTGTTTGACTAACAGTCTG-1","slingPseudotime_4",18.6943651942891,"STOP","aucell_cytotoxic_score",0.465683693171845,"cytotoxic"
"GCATAATCAAGTGCACACAGTCTG-1","slingPseudotime_1",19.1972205145207,"STOP","aucell_exhausted_score",0.131999297876075,"exhausted"
"GCATAATCAAGTGCACACAGTCTG-1","slingPseudotime_1",19.1972205145207,"STOP","aucell_proliferating_score",0,"proliferating"
"GCATAATCAAGTGCACACAGTCTG-1","slingPseudotime_1",19.1972205145207,"STOP","aucell_naive_memory_score",0,"naive_memory"
"GCATAATCAAGTGCACACAGTCTG-1","slingPseudotime_1",19.1972205145207,"STOP","aucell_cytotoxic_score",0.164999122345094,"cytotoxic"
"GCATAATCAAGTGCACACAGTCTG-1","slingPseudotime_2",18.2161851661564,"STOP","aucell_exhausted_score",0.131999297876075,"exhausted"
"GCATAATCAAGTGCACACAGTCTG-1","slingPseudotime_2",18.2161851661564,"STOP","aucell_proliferating_score",0,"proliferating"
"GCATAATCAAGTGCACACAGTCTG-1","slingPseudotime_2",18.2161851661564,"STOP","aucell_naive_memory_score",0,"naive_memory"
"GCATAATCAAGTGCACACAGTCTG-1","slingPseudotime_2",18.2161851661564,"STOP","aucell_cytotoxic_score",0.164999122345094,"cytotoxic"
"GCATAATCAAGTGCACACAGTCTG-1","slingPseudotime_3",20.6701571180276,"STOP","aucell_exhausted_score",0.131999297876075,"exhausted"
"GCATAATCAAGTGCACACAGTCTG-1","slingPseudotime_3",20.6701571180276,"STOP","aucell_proliferating_score",0,"proliferating"
"GCATAATCAAGTGCACACAGTCTG-1","slingPseudotime_3",20.6701571180276,"STOP","aucell_naive_memory_score",0,"naive_memory"
"GCATAATCAAGTGCACACAGTCTG-1","slingPseudotime_3",20.6701571180276,"STOP","aucell_cytotoxic_score",0.164999122345094,"cytotoxic"
"GCATAATCAAGTGCACACAGTCTG-1","slingPseudotime_4",20.6600109159108,"STOP","aucell_exhausted_score",0.131999297876075,"exhausted"
"GCATAATCAAGTGCACACAGTCTG-1","slingPseudotime_4",20.6600109159108,"STOP","aucell_proliferating_score",0,"proliferating"
"GCATAATCAAGTGCACACAGTCTG-1","slingPseudotime_4",20.6600109159108,"STOP","aucell_naive_memory_score",0,"naive_memory"
"GCATAATCAAGTGCACACAGTCTG-1","slingPseudotime_4",20.6600109159108,"STOP","aucell_cytotoxic_score",0.164999122345094,"cytotoxic"
"GCGAACGGTGCCCTTTACAGTCTG-1","slingPseudotime_1",10.3030977974647,"STOP","aucell_exhausted_score",0,"exhausted"
"GCGAACGGTGCCCTTTACAGTCTG-1","slingPseudotime_1",10.3030977974647,"STOP","aucell_proliferating_score",0,"proliferating"
"GCGAACGGTGCCCTTTACAGTCTG-1","slingPseudotime_1",10.3030977974647,"STOP","aucell_naive_memory_score",0.242526315789474,"naive_memory"
"GCGAACGGTGCCCTTTACAGTCTG-1","slingPseudotime_1",10.3030977974647,"STOP","aucell_cytotoxic_score",0.381253291205898,"cytotoxic"
"GCGAACGGTGCCCTTTACAGTCTG-1","slingPseudotime_2",10.1968616393219,"STOP","aucell_exhausted_score",0,"exhausted"
"GCGAACGGTGCCCTTTACAGTCTG-1","slingPseudotime_2",10.1968616393219,"STOP","aucell_proliferating_score",0,"proliferating"
"GCGAACGGTGCCCTTTACAGTCTG-1","slingPseudotime_2",10.1968616393219,"STOP","aucell_naive_memory_score",0.242526315789474,"naive_memory"
"GCGAACGGTGCCCTTTACAGTCTG-1","slingPseudotime_2",10.1968616393219,"STOP","aucell_cytotoxic_score",0.381253291205898,"cytotoxic"
"GCGAACGGTGCCCTTTACAGTCTG-1","slingPseudotime_3",10.410708422633,"STOP","aucell_exhausted_score",0,"exhausted"
"GCGAACGGTGCCCTTTACAGTCTG-1","slingPseudotime_3",10.410708422633,"STOP","aucell_proliferating_score",0,"proliferating"
"GCGAACGGTGCCCTTTACAGTCTG-1","slingPseudotime_3",10.410708422633,"STOP","aucell_naive_memory_score",0.242526315789474,"naive_memory"
"GCGAACGGTGCCCTTTACAGTCTG-1","slingPseudotime_3",10.410708422633,"STOP","aucell_cytotoxic_score",0.381253291205898,"cytotoxic"
"GCGAACGGTGCCCTTTACAGTCTG-1","slingPseudotime_4",10.3277495538585,"STOP","aucell_exhausted_score",0,"exhausted"
"GCGAACGGTGCCCTTTACAGTCTG-1","slingPseudotime_4",10.3277495538585,"STOP","aucell_proliferating_score",0,"proliferating"
"GCGAACGGTGCCCTTTACAGTCTG-1","slingPseudotime_4",10.3277495538585,"STOP","aucell_naive_memory_score",0.242526315789474,"naive_memory"
"GCGAACGGTGCCCTTTACAGTCTG-1","slingPseudotime_4",10.3277495538585,"STOP","aucell_cytotoxic_score",0.381253291205898,"cytotoxic"
"GCGAATGTCTTGAGGGACAGTCTG-1","slingPseudotime_4",30.9758349530004,"STOP","aucell_exhausted_score",0.213094611198877,"exhausted"
"GCGAATGTCTTGAGGGACAGTCTG-1","slingPseudotime_4",30.9758349530004,"STOP","aucell_proliferating_score",0,"proliferating"
"GCGAATGTCTTGAGGGACAGTCTG-1","slingPseudotime_4",30.9758349530004,"STOP","aucell_naive_memory_score",0.165473684210526,"naive_memory"
"GCGAATGTCTTGAGGGACAGTCTG-1","slingPseudotime_4",30.9758349530004,"STOP","aucell_cytotoxic_score",0.628751974723539,"cytotoxic"
"GCGATAAGTAGCTTTAACAGTCTG-1","slingPseudotime_1",1.37615632338406,"STOP","aucell_exhausted_score",0,"exhausted"
"GCGATAAGTAGCTTTAACAGTCTG-1","slingPseudotime_1",1.37615632338406,"STOP","aucell_proliferating_score",0,"proliferating"
"GCGATAAGTAGCTTTAACAGTCTG-1","slingPseudotime_1",1.37615632338406,"STOP","aucell_naive_memory_score",0.528210526315789,"naive_memory"
"GCGATAAGTAGCTTTAACAGTCTG-1","slingPseudotime_1",1.37615632338406,"STOP","aucell_cytotoxic_score",0.391785150078989,"cytotoxic"
"GCGATAAGTAGCTTTAACAGTCTG-1","slingPseudotime_2",1.37610590514116,"STOP","aucell_exhausted_score",0,"exhausted"
"GCGATAAGTAGCTTTAACAGTCTG-1","slingPseudotime_2",1.37610590514116,"STOP","aucell_proliferating_score",0,"proliferating"
"GCGATAAGTAGCTTTAACAGTCTG-1","slingPseudotime_2",1.37610590514116,"STOP","aucell_naive_memory_score",0.528210526315789,"naive_memory"
"GCGATAAGTAGCTTTAACAGTCTG-1","slingPseudotime_2",1.37610590514116,"STOP","aucell_cytotoxic_score",0.391785150078989,"cytotoxic"
"GCGATAAGTAGCTTTAACAGTCTG-1","slingPseudotime_3",1.36810407982844,"STOP","aucell_exhausted_score",0,"exhausted"
"GCGATAAGTAGCTTTAACAGTCTG-1","slingPseudotime_3",1.36810407982844,"STOP","aucell_proliferating_score",0,"proliferating"
"GCGATAAGTAGCTTTAACAGTCTG-1","slingPseudotime_3",1.36810407982844,"STOP","aucell_naive_memory_score",0.528210526315789,"naive_memory"
"GCGATAAGTAGCTTTAACAGTCTG-1","slingPseudotime_3",1.36810407982844,"STOP","aucell_cytotoxic_score",0.391785150078989,"cytotoxic"
"GCGATAAGTAGCTTTAACAGTCTG-1","slingPseudotime_4",1.36936926708847,"STOP","aucell_exhausted_score",0,"exhausted"
"GCGATAAGTAGCTTTAACAGTCTG-1","slingPseudotime_4",1.36936926708847,"STOP","aucell_proliferating_score",0,"proliferating"
"GCGATAAGTAGCTTTAACAGTCTG-1","slingPseudotime_4",1.36936926708847,"STOP","aucell_naive_memory_score",0.528210526315789,"naive_memory"
"GCGATAAGTAGCTTTAACAGTCTG-1","slingPseudotime_4",1.36936926708847,"STOP","aucell_cytotoxic_score",0.391785150078989,"cytotoxic"
"GCGCACACATGTTTCAACAGTCTG-1","slingPseudotime_4",14.050288745185,"STOP","aucell_exhausted_score",0,"exhausted"
"GCGCACACATGTTTCAACAGTCTG-1","slingPseudotime_4",14.050288745185,"STOP","aucell_proliferating_score",0,"proliferating"
"GCGCACACATGTTTCAACAGTCTG-1","slingPseudotime_4",14.050288745185,"STOP","aucell_naive_memory_score",0,"naive_memory"
"GCGCACACATGTTTCAACAGTCTG-1","slingPseudotime_4",14.050288745185,"STOP","aucell_cytotoxic_score",0.31332280147446,"cytotoxic"
"GCGTTACTCCATGATTACAGTCTG-1","slingPseudotime_1",11.7666345506554,"STOP","aucell_exhausted_score",0.129190802176584,"exhausted"
"GCGTTACTCCATGATTACAGTCTG-1","slingPseudotime_1",11.7666345506554,"STOP","aucell_proliferating_score",0,"proliferating"
"GCGTTACTCCATGATTACAGTCTG-1","slingPseudotime_1",11.7666345506554,"STOP","aucell_naive_memory_score",0.474526315789474,"naive_memory"
"GCGTTACTCCATGATTACAGTCTG-1","slingPseudotime_1",11.7666345506554,"STOP","aucell_cytotoxic_score",0.276285764437423,"cytotoxic"
"GCGTTACTCCATGATTACAGTCTG-1","slingPseudotime_2",11.1960742704341,"STOP","aucell_exhausted_score",0.129190802176584,"exhausted"
"GCGTTACTCCATGATTACAGTCTG-1","slingPseudotime_2",11.1960742704341,"STOP","aucell_proliferating_score",0,"proliferating"
"GCGTTACTCCATGATTACAGTCTG-1","slingPseudotime_2",11.1960742704341,"STOP","aucell_naive_memory_score",0.474526315789474,"naive_memory"
"GCGTTACTCCATGATTACAGTCTG-1","slingPseudotime_2",11.1960742704341,"STOP","aucell_cytotoxic_score",0.276285764437423,"cytotoxic"
"GCGTTACTCCATGATTACAGTCTG-1","slingPseudotime_3",12.2158177436406,"STOP","aucell_exhausted_score",0.129190802176584,"exhausted"
"GCGTTACTCCATGATTACAGTCTG-1","slingPseudotime_3",12.2158177436406,"STOP","aucell_proliferating_score",0,"proliferating"
"GCGTTACTCCATGATTACAGTCTG-1","slingPseudotime_3",12.2158177436406,"STOP","aucell_naive_memory_score",0.474526315789474,"naive_memory"
"GCGTTACTCCATGATTACAGTCTG-1","slingPseudotime_3",12.2158177436406,"STOP","aucell_cytotoxic_score",0.276285764437423,"cytotoxic"
"GCGTTACTCCATGATTACAGTCTG-1","slingPseudotime_4",12.5283399732992,"STOP","aucell_exhausted_score",0.129190802176584,"exhausted"
"GCGTTACTCCATGATTACAGTCTG-1","slingPseudotime_4",12.5283399732992,"STOP","aucell_proliferating_score",0,"proliferating"
"GCGTTACTCCATGATTACAGTCTG-1","slingPseudotime_4",12.5283399732992,"STOP","aucell_naive_memory_score",0.474526315789474,"naive_memory"
"GCGTTACTCCATGATTACAGTCTG-1","slingPseudotime_4",12.5283399732992,"STOP","aucell_cytotoxic_score",0.276285764437423,"cytotoxic"
"GCGTTTGGTACGTCCAACAGTCTG-1","slingPseudotime_1",3.42693547134633,"STOP","aucell_exhausted_score",0.0150956643847639,"exhausted"
"GCGTTTGGTACGTCCAACAGTCTG-1","slingPseudotime_1",3.42693547134633,"STOP","aucell_proliferating_score",0,"proliferating"
"GCGTTTGGTACGTCCAACAGTCTG-1","slingPseudotime_1",3.42693547134633,"STOP","aucell_naive_memory_score",0.486315789473684,"naive_memory"
"GCGTTTGGTACGTCCAACAGTCTG-1","slingPseudotime_1",3.42693547134633,"STOP","aucell_cytotoxic_score",0,"cytotoxic"
"GCGTTTGGTACGTCCAACAGTCTG-1","slingPseudotime_2",3.40480272253704,"STOP","aucell_exhausted_score",0.0150956643847639,"exhausted"
"GCGTTTGGTACGTCCAACAGTCTG-1","slingPseudotime_2",3.40480272253704,"STOP","aucell_proliferating_score",0,"proliferating"
"GCGTTTGGTACGTCCAACAGTCTG-1","slingPseudotime_2",3.40480272253704,"STOP","aucell_naive_memory_score",0.486315789473684,"naive_memory"
"GCGTTTGGTACGTCCAACAGTCTG-1","slingPseudotime_2",3.40480272253704,"STOP","aucell_cytotoxic_score",0,"cytotoxic"
"GCGTTTGGTACGTCCAACAGTCTG-1","slingPseudotime_3",3.43637284753816,"STOP","aucell_exhausted_score",0.0150956643847639,"exhausted"
"GCGTTTGGTACGTCCAACAGTCTG-1","slingPseudotime_3",3.43637284753816,"STOP","aucell_proliferating_score",0,"proliferating"
"GCGTTTGGTACGTCCAACAGTCTG-1","slingPseudotime_3",3.43637284753816,"STOP","aucell_naive_memory_score",0.486315789473684,"naive_memory"
"GCGTTTGGTACGTCCAACAGTCTG-1","slingPseudotime_3",3.43637284753816,"STOP","aucell_cytotoxic_score",0,"cytotoxic"
"GCGTTTGGTACGTCCAACAGTCTG-1","slingPseudotime_4",3.41393012272694,"STOP","aucell_exhausted_score",0.0150956643847639,"exhausted"
"GCGTTTGGTACGTCCAACAGTCTG-1","slingPseudotime_4",3.41393012272694,"STOP","aucell_proliferating_score",0,"proliferating"
"GCGTTTGGTACGTCCAACAGTCTG-1","slingPseudotime_4",3.41393012272694,"STOP","aucell_naive_memory_score",0.486315789473684,"naive_memory"
"GCGTTTGGTACGTCCAACAGTCTG-1","slingPseudotime_4",3.41393012272694,"STOP","aucell_cytotoxic_score",0,"cytotoxic"
"GCTCCATAGCATTACTACAGTCTG-1","slingPseudotime_1",13.4811412545208,"STOP","aucell_exhausted_score",0.131297173951202,"exhausted"
"GCTCCATAGCATTACTACAGTCTG-1","slingPseudotime_1",13.4811412545208,"STOP","aucell_proliferating_score",0,"proliferating"
"GCTCCATAGCATTACTACAGTCTG-1","slingPseudotime_1",13.4811412545208,"STOP","aucell_naive_memory_score",0.04,"naive_memory"
"GCTCCATAGCATTACTACAGTCTG-1","slingPseudotime_1",13.4811412545208,"STOP","aucell_cytotoxic_score",0.149376865016675,"cytotoxic"
"GCTCCATAGCATTACTACAGTCTG-1","slingPseudotime_2",12.9631372832971,"STOP","aucell_exhausted_score",0.131297173951202,"exhausted"
"GCTCCATAGCATTACTACAGTCTG-1","slingPseudotime_2",12.9631372832971,"STOP","aucell_proliferating_score",0,"proliferating"
"GCTCCATAGCATTACTACAGTCTG-1","slingPseudotime_2",12.9631372832971,"STOP","aucell_naive_memory_score",0.04,"naive_memory"
"GCTCCATAGCATTACTACAGTCTG-1","slingPseudotime_2",12.9631372832971,"STOP","aucell_cytotoxic_score",0.149376865016675,"cytotoxic"
"GCTCCATAGCATTACTACAGTCTG-1","slingPseudotime_3",14.4569584881146,"STOP","aucell_exhausted_score",0.131297173951202,"exhausted"
"GCTCCATAGCATTACTACAGTCTG-1","slingPseudotime_3",14.4569584881146,"STOP","aucell_proliferating_score",0,"proliferating"
"GCTCCATAGCATTACTACAGTCTG-1","slingPseudotime_3",14.4569584881146,"STOP","aucell_naive_memory_score",0.04,"naive_memory"
"GCTCCATAGCATTACTACAGTCTG-1","slingPseudotime_3",14.4569584881146,"STOP","aucell_cytotoxic_score",0.149376865016675,"cytotoxic"
"GCTCCATAGCATTACTACAGTCTG-1","slingPseudotime_4",14.0536643028163,"STOP","aucell_exhausted_score",0.131297173951202,"exhausted"
"GCTCCATAGCATTACTACAGTCTG-1","slingPseudotime_4",14.0536643028163,"STOP","aucell_proliferating_score",0,"proliferating"
"GCTCCATAGCATTACTACAGTCTG-1","slingPseudotime_4",14.0536643028163,"STOP","aucell_naive_memory_score",0.04,"naive_memory"
"GCTCCATAGCATTACTACAGTCTG-1","slingPseudotime_4",14.0536643028163,"STOP","aucell_cytotoxic_score",0.149376865016675,"cytotoxic"
"GCTTAGGAGAAACTCAACAGTCTG-1","slingPseudotime_1",24.7639664033245,"STOP","aucell_exhausted_score",0.113393013866948,"exhausted"
"GCTTAGGAGAAACTCAACAGTCTG-1","slingPseudotime_1",24.7639664033245,"STOP","aucell_proliferating_score",0,"proliferating"
"GCTTAGGAGAAACTCAACAGTCTG-1","slingPseudotime_1",24.7639664033245,"STOP","aucell_naive_memory_score",0,"naive_memory"
"GCTTAGGAGAAACTCAACAGTCTG-1","slingPseudotime_1",24.7639664033245,"STOP","aucell_cytotoxic_score",0.141302439880639,"cytotoxic"
"GCTTAGGAGAAACTCAACAGTCTG-1","slingPseudotime_2",22.4361567461604,"STOP","aucell_exhausted_score",0.113393013866948,"exhausted"
"GCTTAGGAGAAACTCAACAGTCTG-1","slingPseudotime_2",22.4361567461604,"STOP","aucell_proliferating_score",0,"proliferating"
"GCTTAGGAGAAACTCAACAGTCTG-1","slingPseudotime_2",22.4361567461604,"STOP","aucell_naive_memory_score",0,"naive_memory"
"GCTTAGGAGAAACTCAACAGTCTG-1","slingPseudotime_2",22.4361567461604,"STOP","aucell_cytotoxic_score",0.141302439880639,"cytotoxic"
"GCTTGAACACTAGCGGACAGTCTG-1","slingPseudotime_1",23.7872385613357,"STOP","aucell_exhausted_score",0,"exhausted"
"GCTTGAACACTAGCGGACAGTCTG-1","slingPseudotime_1",23.7872385613357,"STOP","aucell_proliferating_score",0,"proliferating"
"GCTTGAACACTAGCGGACAGTCTG-1","slingPseudotime_1",23.7872385613357,"STOP","aucell_naive_memory_score",0,"naive_memory"
"GCTTGAACACTAGCGGACAGTCTG-1","slingPseudotime_1",23.7872385613357,"STOP","aucell_cytotoxic_score",0.458486922941899,"cytotoxic"
"GCTTGAACACTAGCGGACAGTCTG-1","slingPseudotime_2",22.3864068801318,"STOP","aucell_exhausted_score",0,"exhausted"
"GCTTGAACACTAGCGGACAGTCTG-1","slingPseudotime_2",22.3864068801318,"STOP","aucell_proliferating_score",0,"proliferating"
"GCTTGAACACTAGCGGACAGTCTG-1","slingPseudotime_2",22.3864068801318,"STOP","aucell_naive_memory_score",0,"naive_memory"
"GCTTGAACACTAGCGGACAGTCTG-1","slingPseudotime_2",22.3864068801318,"STOP","aucell_cytotoxic_score",0.458486922941899,"cytotoxic"
"GGAACAAAGGTGTCCTACAGTCTG-1","slingPseudotime_1",20.1042819213474,"STOP","aucell_exhausted_score",0.127962085308057,"exhausted"
"GGAACAAAGGTGTCCTACAGTCTG-1","slingPseudotime_1",20.1042819213474,"STOP","aucell_proliferating_score",0,"proliferating"
"GGAACAAAGGTGTCCTACAGTCTG-1","slingPseudotime_1",20.1042819213474,"STOP","aucell_naive_memory_score",0.142736842105263,"naive_memory"
"GGAACAAAGGTGTCCTACAGTCTG-1","slingPseudotime_1",20.1042819213474,"STOP","aucell_cytotoxic_score",0.730559943830086,"cytotoxic"
"GGAACAAAGGTGTCCTACAGTCTG-1","slingPseudotime_2",18.6963230248239,"STOP","aucell_exhausted_score",0.127962085308057,"exhausted"
"GGAACAAAGGTGTCCTACAGTCTG-1","slingPseudotime_2",18.6963230248239,"STOP","aucell_proliferating_score",0,"proliferating"
"GGAACAAAGGTGTCCTACAGTCTG-1","slingPseudotime_2",18.6963230248239,"STOP","aucell_naive_memory_score",0.142736842105263,"naive_memory"
"GGAACAAAGGTGTCCTACAGTCTG-1","slingPseudotime_2",18.6963230248239,"STOP","aucell_cytotoxic_score",0.730559943830086,"cytotoxic"
"GGAACAAAGGTGTCCTACAGTCTG-1","slingPseudotime_3",20.8572848483925,"STOP","aucell_exhausted_score",0.127962085308057,"exhausted"
"GGAACAAAGGTGTCCTACAGTCTG-1","slingPseudotime_3",20.8572848483925,"STOP","aucell_proliferating_score",0,"proliferating"
"GGAACAAAGGTGTCCTACAGTCTG-1","slingPseudotime_3",20.8572848483925,"STOP","aucell_naive_memory_score",0.142736842105263,"naive_memory"
"GGAACAAAGGTGTCCTACAGTCTG-1","slingPseudotime_3",20.8572848483925,"STOP","aucell_cytotoxic_score",0.730559943830086,"cytotoxic"
"GGAACAAAGGTGTCCTACAGTCTG-1","slingPseudotime_4",20.1321180312896,"STOP","aucell_exhausted_score",0.127962085308057,"exhausted"
"GGAACAAAGGTGTCCTACAGTCTG-1","slingPseudotime_4",20.1321180312896,"STOP","aucell_proliferating_score",0,"proliferating"
"GGAACAAAGGTGTCCTACAGTCTG-1","slingPseudotime_4",20.1321180312896,"STOP","aucell_naive_memory_score",0.142736842105263,"naive_memory"
"GGAACAAAGGTGTCCTACAGTCTG-1","slingPseudotime_4",20.1321180312896,"STOP","aucell_cytotoxic_score",0.730559943830086,"cytotoxic"
"GGCAACATCCATTAGTACAGTCTG-1","slingPseudotime_1",13.8403109337197,"STOP","aucell_exhausted_score",0.167105494119712,"exhausted"
"GGCAACATCCATTAGTACAGTCTG-1","slingPseudotime_1",13.8403109337197,"STOP","aucell_proliferating_score",0,"proliferating"
"GGCAACATCCATTAGTACAGTCTG-1","slingPseudotime_1",13.8403109337197,"STOP","aucell_naive_memory_score",0.0743157894736842,"naive_memory"
"GGCAACATCCATTAGTACAGTCTG-1","slingPseudotime_1",13.8403109337197,"STOP","aucell_cytotoxic_score",0.626294540986484,"cytotoxic"
"GGCAACATCCATTAGTACAGTCTG-1","slingPseudotime_2",13.6571101735667,"STOP","aucell_exhausted_score",0.167105494119712,"exhausted"
"GGCAACATCCATTAGTACAGTCTG-1","slingPseudotime_2",13.6571101735667,"STOP","aucell_proliferating_score",0,"proliferating"
"GGCAACATCCATTAGTACAGTCTG-1","slingPseudotime_2",13.6571101735667,"STOP","aucell_naive_memory_score",0.0743157894736842,"naive_memory"
"GGCAACATCCATTAGTACAGTCTG-1","slingPseudotime_2",13.6571101735667,"STOP","aucell_cytotoxic_score",0.626294540986484,"cytotoxic"
"GGCAACATCCATTAGTACAGTCTG-1","slingPseudotime_3",13.9103156333816,"STOP","aucell_exhausted_score",0.167105494119712,"exhausted"
"GGCAACATCCATTAGTACAGTCTG-1","slingPseudotime_3",13.9103156333816,"STOP","aucell_proliferating_score",0,"proliferating"
"GGCAACATCCATTAGTACAGTCTG-1","slingPseudotime_3",13.9103156333816,"STOP","aucell_naive_memory_score",0.0743157894736842,"naive_memory"
"GGCAACATCCATTAGTACAGTCTG-1","slingPseudotime_3",13.9103156333816,"STOP","aucell_cytotoxic_score",0.626294540986484,"cytotoxic"
"GGCAACATCCATTAGTACAGTCTG-1","slingPseudotime_4",13.7213632989726,"STOP","aucell_exhausted_score",0.167105494119712,"exhausted"
"GGCAACATCCATTAGTACAGTCTG-1","slingPseudotime_4",13.7213632989726,"STOP","aucell_proliferating_score",0,"proliferating"
"GGCAACATCCATTAGTACAGTCTG-1","slingPseudotime_4",13.7213632989726,"STOP","aucell_naive_memory_score",0.0743157894736842,"naive_memory"
"GGCAACATCCATTAGTACAGTCTG-1","slingPseudotime_4",13.7213632989726,"STOP","aucell_cytotoxic_score",0.626294540986484,"cytotoxic"
"GGCTGGTAGTTTACCGACAGTCTG-1","slingPseudotime_1",16.0936521948509,"STOP","aucell_exhausted_score",0,"exhausted"
"GGCTGGTAGTTTACCGACAGTCTG-1","slingPseudotime_1",16.0936521948509,"STOP","aucell_proliferating_score",0,"proliferating"
"GGCTGGTAGTTTACCGACAGTCTG-1","slingPseudotime_1",16.0936521948509,"STOP","aucell_naive_memory_score",0.250736842105263,"naive_memory"
"GGCTGGTAGTTTACCGACAGTCTG-1","slingPseudotime_1",16.0936521948509,"STOP","aucell_cytotoxic_score",0,"cytotoxic"
"GGCTGGTAGTTTACCGACAGTCTG-1","slingPseudotime_2",15.2138239325506,"STOP","aucell_exhausted_score",0,"exhausted"
"GGCTGGTAGTTTACCGACAGTCTG-1","slingPseudotime_2",15.2138239325506,"STOP","aucell_proliferating_score",0,"proliferating"
"GGCTGGTAGTTTACCGACAGTCTG-1","slingPseudotime_2",15.2138239325506,"STOP","aucell_naive_memory_score",0.250736842105263,"naive_memory"
"GGCTGGTAGTTTACCGACAGTCTG-1","slingPseudotime_2",15.2138239325506,"STOP","aucell_cytotoxic_score",0,"cytotoxic"
"GGCTGGTAGTTTACCGACAGTCTG-1","slingPseudotime_3",19.5464671805541,"STOP","aucell_exhausted_score",0,"exhausted"
"GGCTGGTAGTTTACCGACAGTCTG-1","slingPseudotime_3",19.5464671805541,"STOP","aucell_proliferating_score",0,"proliferating"
"GGCTGGTAGTTTACCGACAGTCTG-1","slingPseudotime_3",19.5464671805541,"STOP","aucell_naive_memory_score",0.250736842105263,"naive_memory"
"GGCTGGTAGTTTACCGACAGTCTG-1","slingPseudotime_3",19.5464671805541,"STOP","aucell_cytotoxic_score",0,"cytotoxic"
"GGCTGGTAGTTTACCGACAGTCTG-1","slingPseudotime_4",19.60814459443,"STOP","aucell_exhausted_score",0,"exhausted"
"GGCTGGTAGTTTACCGACAGTCTG-1","slingPseudotime_4",19.60814459443,"STOP","aucell_proliferating_score",0,"proliferating"
"GGCTGGTAGTTTACCGACAGTCTG-1","slingPseudotime_4",19.60814459443,"STOP","aucell_naive_memory_score",0.250736842105263,"naive_memory"
"GGCTGGTAGTTTACCGACAGTCTG-1","slingPseudotime_4",19.60814459443,"STOP","aucell_cytotoxic_score",0,"cytotoxic"
"GGTTAATCATTCAGGAACAGTCTG-1","slingPseudotime_1",3.38073233200196,"STOP","aucell_exhausted_score",0.0949622608390381,"exhausted"
"GGTTAATCATTCAGGAACAGTCTG-1","slingPseudotime_1",3.38073233200196,"STOP","aucell_proliferating_score",0,"proliferating"
"GGTTAATCATTCAGGAACAGTCTG-1","slingPseudotime_1",3.38073233200196,"STOP","aucell_naive_memory_score",0.342105263157895,"naive_memory"
"GGTTAATCATTCAGGAACAGTCTG-1","slingPseudotime_1",3.38073233200196,"STOP","aucell_cytotoxic_score",0,"cytotoxic"
"GGTTAATCATTCAGGAACAGTCTG-1","slingPseudotime_2",3.33857589555791,"STOP","aucell_exhausted_score",0.0949622608390381,"exhausted"
"GGTTAATCATTCAGGAACAGTCTG-1","slingPseudotime_2",3.33857589555791,"STOP","aucell_proliferating_score",0,"proliferating"
"GGTTAATCATTCAGGAACAGTCTG-1","slingPseudotime_2",3.33857589555791,"STOP","aucell_naive_memory_score",0.342105263157895,"naive_memory"
"GGTTAATCATTCAGGAACAGTCTG-1","slingPseudotime_2",3.33857589555791,"STOP","aucell_cytotoxic_score",0,"cytotoxic"
"GGTTAATCATTCAGGAACAGTCTG-1","slingPseudotime_3",3.36414309415043,"STOP","aucell_exhausted_score",0.0949622608390381,"exhausted"
"GGTTAATCATTCAGGAACAGTCTG-1","slingPseudotime_3",3.36414309415043,"STOP","aucell_proliferating_score",0,"proliferating"
"GGTTAATCATTCAGGAACAGTCTG-1","slingPseudotime_3",3.36414309415043,"STOP","aucell_naive_memory_score",0.342105263157895,"naive_memory"
"GGTTAATCATTCAGGAACAGTCTG-1","slingPseudotime_3",3.36414309415043,"STOP","aucell_cytotoxic_score",0,"cytotoxic"
"GGTTAATCATTCAGGAACAGTCTG-1","slingPseudotime_4",3.35410631409834,"STOP","aucell_exhausted_score",0.0949622608390381,"exhausted"
"GGTTAATCATTCAGGAACAGTCTG-1","slingPseudotime_4",3.35410631409834,"STOP","aucell_proliferating_score",0,"proliferating"
"GGTTAATCATTCAGGAACAGTCTG-1","slingPseudotime_4",3.35410631409834,"STOP","aucell_naive_memory_score",0.342105263157895,"naive_memory"
"GGTTAATCATTCAGGAACAGTCTG-1","slingPseudotime_4",3.35410631409834,"STOP","aucell_cytotoxic_score",0,"cytotoxic"
"GTCCCTGAGCGATAACACAGTCTG-1","slingPseudotime_1",18.8275729237314,"STOP","aucell_exhausted_score",0.323503598385115,"exhausted"
"GTCCCTGAGCGATAACACAGTCTG-1","slingPseudotime_1",18.8275729237314,"STOP","aucell_proliferating_score",0,"proliferating"
"GTCCCTGAGCGATAACACAGTCTG-1","slingPseudotime_1",18.8275729237314,"STOP","aucell_naive_memory_score",0.0583157894736842,"naive_memory"
"GTCCCTGAGCGATAACACAGTCTG-1","slingPseudotime_1",18.8275729237314,"STOP","aucell_cytotoxic_score",0.562225732841847,"cytotoxic"
"GTCCCTGAGCGATAACACAGTCTG-1","slingPseudotime_2",17.841211269077,"STOP","aucell_exhausted_score",0.323503598385115,"exhausted"
"GTCCCTGAGCGATAACACAGTCTG-1","slingPseudotime_2",17.841211269077,"STOP","aucell_proliferating_score",0,"proliferating"
"GTCCCTGAGCGATAACACAGTCTG-1","slingPseudotime_2",17.841211269077,"STOP","aucell_naive_memory_score",0.0583157894736842,"naive_memory"
"GTCCCTGAGCGATAACACAGTCTG-1","slingPseudotime_2",17.841211269077,"STOP","aucell_cytotoxic_score",0.562225732841847,"cytotoxic"
"GTCCCTGAGCGATAACACAGTCTG-1","slingPseudotime_3",21.3795335587576,"STOP","aucell_exhausted_score",0.323503598385115,"exhausted"
"GTCCCTGAGCGATAACACAGTCTG-1","slingPseudotime_3",21.3795335587576,"STOP","aucell_proliferating_score",0,"proliferating"
"GTCCCTGAGCGATAACACAGTCTG-1","slingPseudotime_3",21.3795335587576,"STOP","aucell_naive_memory_score",0.0583157894736842,"naive_memory"
"GTCCCTGAGCGATAACACAGTCTG-1","slingPseudotime_3",21.3795335587576,"STOP","aucell_cytotoxic_score",0.562225732841847,"cytotoxic"
"GTCCCTGAGCGATAACACAGTCTG-1","slingPseudotime_4",20.2294752947979,"STOP","aucell_exhausted_score",0.323503598385115,"exhausted"
"GTCCCTGAGCGATAACACAGTCTG-1","slingPseudotime_4",20.2294752947979,"STOP","aucell_proliferating_score",0,"proliferating"
"GTCCCTGAGCGATAACACAGTCTG-1","slingPseudotime_4",20.2294752947979,"STOP","aucell_naive_memory_score",0.0583157894736842,"naive_memory"
"GTCCCTGAGCGATAACACAGTCTG-1","slingPseudotime_4",20.2294752947979,"STOP","aucell_cytotoxic_score",0.562225732841847,"cytotoxic"
"GTCCTGAGTTAGCGGGACAGTCTG-1","slingPseudotime_1",22.5437788452149,"STOP","aucell_exhausted_score",0,"exhausted"
"GTCCTGAGTTAGCGGGACAGTCTG-1","slingPseudotime_1",22.5437788452149,"STOP","aucell_proliferating_score",0,"proliferating"
"GTCCTGAGTTAGCGGGACAGTCTG-1","slingPseudotime_1",22.5437788452149,"STOP","aucell_naive_memory_score",0.102526315789474,"naive_memory"
"GTCCTGAGTTAGCGGGACAGTCTG-1","slingPseudotime_1",22.5437788452149,"STOP","aucell_cytotoxic_score",0.238722134456732,"cytotoxic"
"GTCCTGAGTTAGCGGGACAGTCTG-1","slingPseudotime_2",20.7766626885403,"STOP","aucell_exhausted_score",0,"exhausted"
"GTCCTGAGTTAGCGGGACAGTCTG-1","slingPseudotime_2",20.7766626885403,"STOP","aucell_proliferating_score",0,"proliferating"
"GTCCTGAGTTAGCGGGACAGTCTG-1","slingPseudotime_2",20.7766626885403,"STOP","aucell_naive_memory_score",0.102526315789474,"naive_memory"
"GTCCTGAGTTAGCGGGACAGTCTG-1","slingPseudotime_2",20.7766626885403,"STOP","aucell_cytotoxic_score",0.238722134456732,"cytotoxic"
"GTGGCGAGTATTCGACACAGTCTG-1","slingPseudotime_1",20.2203826823921,"STOP","aucell_exhausted_score",0.112866420923293,"exhausted"
"GTGGCGAGTATTCGACACAGTCTG-1","slingPseudotime_1",20.2203826823921,"STOP","aucell_proliferating_score",0,"proliferating"
"GTGGCGAGTATTCGACACAGTCTG-1","slingPseudotime_1",20.2203826823921,"STOP","aucell_naive_memory_score",0,"naive_memory"
"GTGGCGAGTATTCGACACAGTCTG-1","slingPseudotime_1",20.2203826823921,"STOP","aucell_cytotoxic_score",0.490784623486045,"cytotoxic"
"GTGGCGAGTATTCGACACAGTCTG-1","slingPseudotime_2",19.1741041544012,"STOP","aucell_exhausted_score",0.112866420923293,"exhausted"
"GTGGCGAGTATTCGACACAGTCTG-1","slingPseudotime_2",19.1741041544012,"STOP","aucell_proliferating_score",0,"proliferating"
"GTGGCGAGTATTCGACACAGTCTG-1","slingPseudotime_2",19.1741041544012,"STOP","aucell_naive_memory_score",0,"naive_memory"
"GTGGCGAGTATTCGACACAGTCTG-1","slingPseudotime_2",19.1741041544012,"STOP","aucell_cytotoxic_score",0.490784623486045,"cytotoxic"
"GTGGCGAGTATTCGACACAGTCTG-1","slingPseudotime_3",20.8572848483925,"STOP","aucell_exhausted_score",0.112866420923293,"exhausted"
"GTGGCGAGTATTCGACACAGTCTG-1","slingPseudotime_3",20.8572848483925,"STOP","aucell_proliferating_score",0,"proliferating"
"GTGGCGAGTATTCGACACAGTCTG-1","slingPseudotime_3",20.8572848483925,"STOP","aucell_naive_memory_score",0,"naive_memory"
"GTGGCGAGTATTCGACACAGTCTG-1","slingPseudotime_3",20.8572848483925,"STOP","aucell_cytotoxic_score",0.490784623486045,"cytotoxic"
"GTGGCGAGTATTCGACACAGTCTG-1","slingPseudotime_4",19.8696541497182,"STOP","aucell_exhausted_score",0.112866420923293,"exhausted"
"GTGGCGAGTATTCGACACAGTCTG-1","slingPseudotime_4",19.8696541497182,"STOP","aucell_proliferating_score",0,"proliferating"
"GTGGCGAGTATTCGACACAGTCTG-1","slingPseudotime_4",19.8696541497182,"STOP","aucell_naive_memory_score",0,"naive_memory"
"GTGGCGAGTATTCGACACAGTCTG-1","slingPseudotime_4",19.8696541497182,"STOP","aucell_cytotoxic_score",0.490784623486045,"cytotoxic"
"GTTATCTAGGGATTTAACAGTCTG-1","slingPseudotime_1",0.815164122385061,"STOP","aucell_exhausted_score",0,"exhausted"
"GTTATCTAGGGATTTAACAGTCTG-1","slingPseudotime_1",0.815164122385061,"STOP","aucell_proliferating_score",0,"proliferating"
"GTTATCTAGGGATTTAACAGTCTG-1","slingPseudotime_1",0.815164122385061,"STOP","aucell_naive_memory_score",0.0231578947368421,"naive_memory"
"GTTATCTAGGGATTTAACAGTCTG-1","slingPseudotime_1",0.815164122385061,"STOP","aucell_cytotoxic_score",0,"cytotoxic"
"GTTATCTAGGGATTTAACAGTCTG-1","slingPseudotime_2",0.815609858157556,"STOP","aucell_exhausted_score",0,"exhausted"
"GTTATCTAGGGATTTAACAGTCTG-1","slingPseudotime_2",0.815609858157556,"STOP","aucell_proliferating_score",0,"proliferating"
"GTTATCTAGGGATTTAACAGTCTG-1","slingPseudotime_2",0.815609858157556,"STOP","aucell_naive_memory_score",0.0231578947368421,"naive_memory"
"GTTATCTAGGGATTTAACAGTCTG-1","slingPseudotime_2",0.815609858157556,"STOP","aucell_cytotoxic_score",0,"cytotoxic"
"GTTATCTAGGGATTTAACAGTCTG-1","slingPseudotime_3",0.815578081996191,"STOP","aucell_exhausted_score",0,"exhausted"
"GTTATCTAGGGATTTAACAGTCTG-1","slingPseudotime_3",0.815578081996191,"STOP","aucell_proliferating_score",0,"proliferating"
"GTTATCTAGGGATTTAACAGTCTG-1","slingPseudotime_3",0.815578081996191,"STOP","aucell_naive_memory_score",0.0231578947368421,"naive_memory"
"GTTATCTAGGGATTTAACAGTCTG-1","slingPseudotime_3",0.815578081996191,"STOP","aucell_cytotoxic_score",0,"cytotoxic"
"GTTATCTAGGGATTTAACAGTCTG-1","slingPseudotime_4",0.815195899457294,"STOP","aucell_exhausted_score",0,"exhausted"
"GTTATCTAGGGATTTAACAGTCTG-1","slingPseudotime_4",0.815195899457294,"STOP","aucell_proliferating_score",0,"proliferating"
"GTTATCTAGGGATTTAACAGTCTG-1","slingPseudotime_4",0.815195899457294,"STOP","aucell_naive_memory_score",0.0231578947368421,"naive_memory"
"GTTATCTAGGGATTTAACAGTCTG-1","slingPseudotime_4",0.815195899457294,"STOP","aucell_cytotoxic_score",0,"cytotoxic"
"GTTGAGGTCTCCATCTACAGTCTG-1","slingPseudotime_4",28.4471266134976,"STOP","aucell_exhausted_score",0.13831841319993,"exhausted"
"GTTGAGGTCTCCATCTACAGTCTG-1","slingPseudotime_4",28.4471266134976,"STOP","aucell_proliferating_score",0,"proliferating"
"GTTGAGGTCTCCATCTACAGTCTG-1","slingPseudotime_4",28.4471266134976,"STOP","aucell_naive_memory_score",0,"naive_memory"
"GTTGAGGTCTCCATCTACAGTCTG-1","slingPseudotime_4",28.4471266134976,"STOP","aucell_cytotoxic_score",0.164648060382658,"cytotoxic"
"TAACACGCATCGTTCGACAGTCTG-1","slingPseudotime_1",10.2309514694842,"STOP","aucell_exhausted_score",0,"exhausted"
"TAACACGCATCGTTCGACAGTCTG-1","slingPseudotime_1",10.2309514694842,"STOP","aucell_proliferating_score",0,"proliferating"
"TAACACGCATCGTTCGACAGTCTG-1","slingPseudotime_1",10.2309514694842,"STOP","aucell_naive_memory_score",0.0218947368421053,"naive_memory"
"TAACACGCATCGTTCGACAGTCTG-1","slingPseudotime_1",10.2309514694842,"STOP","aucell_cytotoxic_score",0.32596103212217,"cytotoxic"
"TAACACGCATCGTTCGACAGTCTG-1","slingPseudotime_2",10.1620835088524,"STOP","aucell_exhausted_score",0,"exhausted"
"TAACACGCATCGTTCGACAGTCTG-1","slingPseudotime_2",10.1620835088524,"STOP","aucell_proliferating_score",0,"proliferating"
"TAACACGCATCGTTCGACAGTCTG-1","slingPseudotime_2",10.1620835088524,"STOP","aucell_naive_memory_score",0.0218947368421053,"naive_memory"
"TAACACGCATCGTTCGACAGTCTG-1","slingPseudotime_2",10.1620835088524,"STOP","aucell_cytotoxic_score",0.32596103212217,"cytotoxic"
"TAACACGCATCGTTCGACAGTCTG-1","slingPseudotime_3",10.3612693433257,"STOP","aucell_exhausted_score",0,"exhausted"
"TAACACGCATCGTTCGACAGTCTG-1","slingPseudotime_3",10.3612693433257,"STOP","aucell_proliferating_score",0,"proliferating"
"TAACACGCATCGTTCGACAGTCTG-1","slingPseudotime_3",10.3612693433257,"STOP","aucell_naive_memory_score",0.0218947368421053,"naive_memory"
"TAACACGCATCGTTCGACAGTCTG-1","slingPseudotime_3",10.3612693433257,"STOP","aucell_cytotoxic_score",0.32596103212217,"cytotoxic"
"TAACACGCATCGTTCGACAGTCTG-1","slingPseudotime_4",10.3822238356217,"STOP","aucell_exhausted_score",0,"exhausted"
"TAACACGCATCGTTCGACAGTCTG-1","slingPseudotime_4",10.3822238356217,"STOP","aucell_proliferating_score",0,"proliferating"
"TAACACGCATCGTTCGACAGTCTG-1","slingPseudotime_4",10.3822238356217,"STOP","aucell_naive_memory_score",0.0218947368421053,"naive_memory"
"TAACACGCATCGTTCGACAGTCTG-1","slingPseudotime_4",10.3822238356217,"STOP","aucell_cytotoxic_score",0.32596103212217,"cytotoxic"
"TAACGTTTCAACATTCACAGTCTG-1","slingPseudotime_1",18.5273162269121,"STOP","aucell_exhausted_score",0.160786378795857,"exhausted"
"TAACGTTTCAACATTCACAGTCTG-1","slingPseudotime_1",18.5273162269121,"STOP","aucell_proliferating_score",0,"proliferating"
"TAACGTTTCAACATTCACAGTCTG-1","slingPseudotime_1",18.5273162269121,"STOP","aucell_naive_memory_score",0.0633684210526316,"naive_memory"
"TAACGTTTCAACATTCACAGTCTG-1","slingPseudotime_1",18.5273162269121,"STOP","aucell_cytotoxic_score",0.164121467439003,"cytotoxic"
"TAACGTTTCAACATTCACAGTCTG-1","slingPseudotime_2",17.5025079107818,"STOP","aucell_exhausted_score",0.160786378795857,"exhausted"
"TAACGTTTCAACATTCACAGTCTG-1","slingPseudotime_2",17.5025079107818,"STOP","aucell_proliferating_score",0,"proliferating"
"TAACGTTTCAACATTCACAGTCTG-1","slingPseudotime_2",17.5025079107818,"STOP","aucell_naive_memory_score",0.0633684210526316,"naive_memory"
"TAACGTTTCAACATTCACAGTCTG-1","slingPseudotime_2",17.5025079107818,"STOP","aucell_cytotoxic_score",0.164121467439003,"cytotoxic"
"TACAATGAGTTAGGCGACAGTCTG-1","slingPseudotime_1",20.2203826823921,"STOP","aucell_exhausted_score",0.086361242759347,"exhausted"
"TACAATGAGTTAGGCGACAGTCTG-1","slingPseudotime_1",20.2203826823921,"STOP","aucell_proliferating_score",0,"proliferating"
"TACAATGAGTTAGGCGACAGTCTG-1","slingPseudotime_1",20.2203826823921,"STOP","aucell_naive_memory_score",0.0797894736842105,"naive_memory"
"TACAATGAGTTAGGCGACAGTCTG-1","slingPseudotime_1",20.2203826823921,"STOP","aucell_cytotoxic_score",0.165876777251185,"cytotoxic"
"TACAATGAGTTAGGCGACAGTCTG-1","slingPseudotime_2",18.8305669556132,"STOP","aucell_exhausted_score",0.086361242759347,"exhausted"
"TACAATGAGTTAGGCGACAGTCTG-1","slingPseudotime_2",18.8305669556132,"STOP","aucell_proliferating_score",0,"proliferating"
"TACAATGAGTTAGGCGACAGTCTG-1","slingPseudotime_2",18.8305669556132,"STOP","aucell_naive_memory_score",0.0797894736842105,"naive_memory"
"TACAATGAGTTAGGCGACAGTCTG-1","slingPseudotime_2",18.8305669556132,"STOP","aucell_cytotoxic_score",0.165876777251185,"cytotoxic"
"TACCGAACAACAGGGAACAGTCTG-1","slingPseudotime_1",11.3202738071841,"STOP","aucell_exhausted_score",0,"exhausted"
"TACCGAACAACAGGGAACAGTCTG-1","slingPseudotime_1",11.3202738071841,"STOP","aucell_proliferating_score",0,"proliferating"
"TACCGAACAACAGGGAACAGTCTG-1","slingPseudotime_1",11.3202738071841,"STOP","aucell_naive_memory_score",0.0505263157894737,"naive_memory"
"TACCGAACAACAGGGAACAGTCTG-1","slingPseudotime_1",11.3202738071841,"STOP","aucell_cytotoxic_score",0.277514481305951,"cytotoxic"
"TACCGAACAACAGGGAACAGTCTG-1","slingPseudotime_2",11.1549012925529,"STOP","aucell_exhausted_score",0,"exhausted"
"TACCGAACAACAGGGAACAGTCTG-1","slingPseudotime_2",11.1549012925529,"STOP","aucell_proliferating_score",0,"proliferating"
"TACCGAACAACAGGGAACAGTCTG-1","slingPseudotime_2",11.1549012925529,"STOP","aucell_naive_memory_score",0.0505263157894737,"naive_memory"
"TACCGAACAACAGGGAACAGTCTG-1","slingPseudotime_2",11.1549012925529,"STOP","aucell_cytotoxic_score",0.277514481305951,"cytotoxic"
"TACCGAACAACAGGGAACAGTCTG-1","slingPseudotime_3",11.4900138254903,"STOP","aucell_exhausted_score",0,"exhausted"
"TACCGAACAACAGGGAACAGTCTG-1","slingPseudotime_3",11.4900138254903,"STOP","aucell_proliferating_score",0,"proliferating"
"TACCGAACAACAGGGAACAGTCTG-1","slingPseudotime_3",11.4900138254903,"STOP","aucell_naive_memory_score",0.0505263157894737,"naive_memory"
"TACCGAACAACAGGGAACAGTCTG-1","slingPseudotime_3",11.4900138254903,"STOP","aucell_cytotoxic_score",0.277514481305951,"cytotoxic"
"TACCGAACAACAGGGAACAGTCTG-1","slingPseudotime_4",11.4478889871507,"STOP","aucell_exhausted_score",0,"exhausted"
"TACCGAACAACAGGGAACAGTCTG-1","slingPseudotime_4",11.4478889871507,"STOP","aucell_proliferating_score",0,"proliferating"
"TACCGAACAACAGGGAACAGTCTG-1","slingPseudotime_4",11.4478889871507,"STOP","aucell_naive_memory_score",0.0505263157894737,"naive_memory"
"TACCGAACAACAGGGAACAGTCTG-1","slingPseudotime_4",11.4478889871507,"STOP","aucell_cytotoxic_score",0.277514481305951,"cytotoxic"
"TACCTGCAGTTTGGTTACAGTCTG-1","slingPseudotime_1",16.7271603620365,"STOP","aucell_exhausted_score",0,"exhausted"
"TACCTGCAGTTTGGTTACAGTCTG-1","slingPseudotime_1",16.7271603620365,"STOP","aucell_proliferating_score",0,"proliferating"
"TACCTGCAGTTTGGTTACAGTCTG-1","slingPseudotime_1",16.7271603620365,"STOP","aucell_naive_memory_score",0,"naive_memory"
"TACCTGCAGTTTGGTTACAGTCTG-1","slingPseudotime_1",16.7271603620365,"STOP","aucell_cytotoxic_score",0.163594874495348,"cytotoxic"
"TACCTGCAGTTTGGTTACAGTCTG-1","slingPseudotime_2",15.8024535377918,"STOP","aucell_exhausted_score",0,"exhausted"
"TACCTGCAGTTTGGTTACAGTCTG-1","slingPseudotime_2",15.8024535377918,"STOP","aucell_proliferating_score",0,"proliferating"
"TACCTGCAGTTTGGTTACAGTCTG-1","slingPseudotime_2",15.8024535377918,"STOP","aucell_naive_memory_score",0,"naive_memory"
"TACCTGCAGTTTGGTTACAGTCTG-1","slingPseudotime_2",15.8024535377918,"STOP","aucell_cytotoxic_score",0.163594874495348,"cytotoxic"
"TACCTGCAGTTTGGTTACAGTCTG-1","slingPseudotime_3",19.4841911422132,"STOP","aucell_exhausted_score",0,"exhausted"
"TACCTGCAGTTTGGTTACAGTCTG-1","slingPseudotime_3",19.4841911422132,"STOP","aucell_proliferating_score",0,"proliferating"
"TACCTGCAGTTTGGTTACAGTCTG-1","slingPseudotime_3",19.4841911422132,"STOP","aucell_naive_memory_score",0,"naive_memory"
"TACCTGCAGTTTGGTTACAGTCTG-1","slingPseudotime_3",19.4841911422132,"STOP","aucell_cytotoxic_score",0.163594874495348,"cytotoxic"
"TACCTGCAGTTTGGTTACAGTCTG-1","slingPseudotime_4",19.3464230259226,"STOP","aucell_exhausted_score",0,"exhausted"
"TACCTGCAGTTTGGTTACAGTCTG-1","slingPseudotime_4",19.3464230259226,"STOP","aucell_proliferating_score",0,"proliferating"
"TACCTGCAGTTTGGTTACAGTCTG-1","slingPseudotime_4",19.3464230259226,"STOP","aucell_naive_memory_score",0,"naive_memory"
"TACCTGCAGTTTGGTTACAGTCTG-1","slingPseudotime_4",19.3464230259226,"STOP","aucell_cytotoxic_score",0.163594874495348,"cytotoxic"
"TAGTGCACAGGCTAACACAGTCTG-1","slingPseudotime_4",32.4056398120828,"STOP","aucell_exhausted_score",0.198701070738985,"exhausted"
"TAGTGCACAGGCTAACACAGTCTG-1","slingPseudotime_4",32.4056398120828,"STOP","aucell_proliferating_score",0,"proliferating"
"TAGTGCACAGGCTAACACAGTCTG-1","slingPseudotime_4",32.4056398120828,"STOP","aucell_naive_memory_score",0.129684210526316,"naive_memory"
"TAGTGCACAGGCTAACACAGTCTG-1","slingPseudotime_4",32.4056398120828,"STOP","aucell_cytotoxic_score",0.651571002281903,"cytotoxic"
"TATGAGGGTATTACCAACAGTCTG-1","slingPseudotime_1",11.4749625783251,"STOP","aucell_exhausted_score",0.0675794277690012,"exhausted"
"TATGAGGGTATTACCAACAGTCTG-1","slingPseudotime_1",11.4749625783251,"STOP","aucell_proliferating_score",0,"proliferating"
"TATGAGGGTATTACCAACAGTCTG-1","slingPseudotime_1",11.4749625783251,"STOP","aucell_naive_memory_score",0.107789473684211,"naive_memory"
"TATGAGGGTATTACCAACAGTCTG-1","slingPseudotime_1",11.4749625783251,"STOP","aucell_cytotoxic_score",0.687379322450412,"cytotoxic"
"TATGAGGGTATTACCAACAGTCTG-1","slingPseudotime_2",11.1549012925529,"STOP","aucell_exhausted_score",0.0675794277690012,"exhausted"
"TATGAGGGTATTACCAACAGTCTG-1","slingPseudotime_2",11.1549012925529,"STOP","aucell_proliferating_score",0,"proliferating"
"TATGAGGGTATTACCAACAGTCTG-1","slingPseudotime_2",11.1549012925529,"STOP","aucell_naive_memory_score",0.107789473684211,"naive_memory"
"TATGAGGGTATTACCAACAGTCTG-1","slingPseudotime_2",11.1549012925529,"STOP","aucell_cytotoxic_score",0.687379322450412,"cytotoxic"
"TATGAGGGTATTACCAACAGTCTG-1","slingPseudotime_3",11.7879256737861,"STOP","aucell_exhausted_score",0.0675794277690012,"exhausted"
"TATGAGGGTATTACCAACAGTCTG-1","slingPseudotime_3",11.7879256737861,"STOP","aucell_proliferating_score",0,"proliferating"
"TATGAGGGTATTACCAACAGTCTG-1","slingPseudotime_3",11.7879256737861,"STOP","aucell_naive_memory_score",0.107789473684211,"naive_memory"
"TATGAGGGTATTACCAACAGTCTG-1","slingPseudotime_3",11.7879256737861,"STOP","aucell_cytotoxic_score",0.687379322450412,"cytotoxic"
"TATGAGGGTATTACCAACAGTCTG-1","slingPseudotime_4",11.8906025817763,"STOP","aucell_exhausted_score",0.0675794277690012,"exhausted"
"TATGAGGGTATTACCAACAGTCTG-1","slingPseudotime_4",11.8906025817763,"STOP","aucell_proliferating_score",0,"proliferating"
"TATGAGGGTATTACCAACAGTCTG-1","slingPseudotime_4",11.8906025817763,"STOP","aucell_naive_memory_score",0.107789473684211,"naive_memory"
"TATGAGGGTATTACCAACAGTCTG-1","slingPseudotime_4",11.8906025817763,"STOP","aucell_cytotoxic_score",0.687379322450412,"cytotoxic"
"TATTCCTGTTTAGTTGACAGTCTG-1","slingPseudotime_1",11.0350365804225,"STOP","aucell_exhausted_score",0.162892750570476,"exhausted"
"TATTCCTGTTTAGTTGACAGTCTG-1","slingPseudotime_1",11.0350365804225,"STOP","aucell_proliferating_score",0,"proliferating"
"TATTCCTGTTTAGTTGACAGTCTG-1","slingPseudotime_1",11.0350365804225,"STOP","aucell_naive_memory_score",0,"naive_memory"
"TATTCCTGTTTAGTTGACAGTCTG-1","slingPseudotime_1",11.0350365804225,"STOP","aucell_cytotoxic_score",0.58416710549412,"cytotoxic"
"TATTCCTGTTTAGTTGACAGTCTG-1","slingPseudotime_2",11.0470018832995,"STOP","aucell_exhausted_score",0.162892750570476,"exhausted"
"TATTCCTGTTTAGTTGACAGTCTG-1","slingPseudotime_2",11.0470018832995,"STOP","aucell_proliferating_score",0,"proliferating"
"TATTCCTGTTTAGTTGACAGTCTG-1","slingPseudotime_2",11.0470018832995,"STOP","aucell_naive_memory_score",0,"naive_memory"
"TATTCCTGTTTAGTTGACAGTCTG-1","slingPseudotime_2",11.0470018832995,"STOP","aucell_cytotoxic_score",0.58416710549412,"cytotoxic"
"TATTCCTGTTTAGTTGACAGTCTG-1","slingPseudotime_3",11.0220134251835,"STOP","aucell_exhausted_score",0.162892750570476,"exhausted"
"TATTCCTGTTTAGTTGACAGTCTG-1","slingPseudotime_3",11.0220134251835,"STOP","aucell_proliferating_score",0,"proliferating"
"TATTCCTGTTTAGTTGACAGTCTG-1","slingPseudotime_3",11.0220134251835,"STOP","aucell_naive_memory_score",0,"naive_memory"
"TATTCCTGTTTAGTTGACAGTCTG-1","slingPseudotime_3",11.0220134251835,"STOP","aucell_cytotoxic_score",0.58416710549412,"cytotoxic"
"TATTCCTGTTTAGTTGACAGTCTG-1","slingPseudotime_4",10.9743289724903,"STOP","aucell_exhausted_score",0.162892750570476,"exhausted"
"TATTCCTGTTTAGTTGACAGTCTG-1","slingPseudotime_4",10.9743289724903,"STOP","aucell_proliferating_score",0,"proliferating"
"TATTCCTGTTTAGTTGACAGTCTG-1","slingPseudotime_4",10.9743289724903,"STOP","aucell_naive_memory_score",0,"naive_memory"
"TATTCCTGTTTAGTTGACAGTCTG-1","slingPseudotime_4",10.9743289724903,"STOP","aucell_cytotoxic_score",0.58416710549412,"cytotoxic"
"TCAACAAAGGTATAGCACAGTCTG-1","slingPseudotime_1",14.0013769021361,"STOP","aucell_exhausted_score",0.14411093558013,"exhausted"
"TCAACAAAGGTATAGCACAGTCTG-1","slingPseudotime_1",14.0013769021361,"STOP","aucell_proliferating_score",0.0250526315789474,"proliferating"
"TCAACAAAGGTATAGCACAGTCTG-1","slingPseudotime_1",14.0013769021361,"STOP","aucell_naive_memory_score",0,"naive_memory"
"TCAACAAAGGTATAGCACAGTCTG-1","slingPseudotime_1",14.0013769021361,"STOP","aucell_cytotoxic_score",0.174477795330876,"cytotoxic"
"TCAACAAAGGTATAGCACAGTCTG-1","slingPseudotime_2",13.4261252372685,"STOP","aucell_exhausted_score",0.14411093558013,"exhausted"
"TCAACAAAGGTATAGCACAGTCTG-1","slingPseudotime_2",13.4261252372685,"STOP","aucell_proliferating_score",0.0250526315789474,"proliferating"
"TCAACAAAGGTATAGCACAGTCTG-1","slingPseudotime_2",13.4261252372685,"STOP","aucell_naive_memory_score",0,"naive_memory"
"TCAACAAAGGTATAGCACAGTCTG-1","slingPseudotime_2",13.4261252372685,"STOP","aucell_cytotoxic_score",0.174477795330876,"cytotoxic"
"TCAACAAAGGTATAGCACAGTCTG-1","slingPseudotime_3",14.9760539540771,"STOP","aucell_exhausted_score",0.14411093558013,"exhausted"
"TCAACAAAGGTATAGCACAGTCTG-1","slingPseudotime_3",14.9760539540771,"STOP","aucell_proliferating_score",0.0250526315789474,"proliferating"
"TCAACAAAGGTATAGCACAGTCTG-1","slingPseudotime_3",14.9760539540771,"STOP","aucell_naive_memory_score",0,"naive_memory"
"TCAACAAAGGTATAGCACAGTCTG-1","slingPseudotime_3",14.9760539540771,"STOP","aucell_cytotoxic_score",0.174477795330876,"cytotoxic"
"TCAACAAAGGTATAGCACAGTCTG-1","slingPseudotime_4",14.8565293433353,"STOP","aucell_exhausted_score",0.14411093558013,"exhausted"
"TCAACAAAGGTATAGCACAGTCTG-1","slingPseudotime_4",14.8565293433353,"STOP","aucell_proliferating_score",0.0250526315789474,"proliferating"
"TCAACAAAGGTATAGCACAGTCTG-1","slingPseudotime_4",14.8565293433353,"STOP","aucell_naive_memory_score",0,"naive_memory"
"TCAACAAAGGTATAGCACAGTCTG-1","slingPseudotime_4",14.8565293433353,"STOP","aucell_cytotoxic_score",0.174477795330876,"cytotoxic"
"TCAAGTGCAATAAGGAACAGTCTG-1","slingPseudotime_1",18.6830813763748,"STOP","aucell_exhausted_score",0,"exhausted"
"TCAAGTGCAATAAGGAACAGTCTG-1","slingPseudotime_1",18.6830813763748,"STOP","aucell_proliferating_score",0,"proliferating"
"TCAAGTGCAATAAGGAACAGTCTG-1","slingPseudotime_1",18.6830813763748,"STOP","aucell_naive_memory_score",0.236,"naive_memory"
"TCAAGTGCAATAAGGAACAGTCTG-1","slingPseudotime_1",18.6830813763748,"STOP","aucell_cytotoxic_score",0.482183605406354,"cytotoxic"
"TCAAGTGCAATAAGGAACAGTCTG-1","slingPseudotime_2",17.3924035990654,"STOP","aucell_exhausted_score",0,"exhausted"
"TCAAGTGCAATAAGGAACAGTCTG-1","slingPseudotime_2",17.3924035990654,"STOP","aucell_proliferating_score",0,"proliferating"
"TCAAGTGCAATAAGGAACAGTCTG-1","slingPseudotime_2",17.3924035990654,"STOP","aucell_naive_memory_score",0.236,"naive_memory"
"TCAAGTGCAATAAGGAACAGTCTG-1","slingPseudotime_2",17.3924035990654,"STOP","aucell_cytotoxic_score",0.482183605406354,"cytotoxic"
"TCAAGTGCAATAAGGAACAGTCTG-1","slingPseudotime_3",19.017685426861,"STOP","aucell_exhausted_score",0,"exhausted"
"TCAAGTGCAATAAGGAACAGTCTG-1","slingPseudotime_3",19.017685426861,"STOP","aucell_proliferating_score",0,"proliferating"
"TCAAGTGCAATAAGGAACAGTCTG-1","slingPseudotime_3",19.017685426861,"STOP","aucell_naive_memory_score",0.236,"naive_memory"
"TCAAGTGCAATAAGGAACAGTCTG-1","slingPseudotime_3",19.017685426861,"STOP","aucell_cytotoxic_score",0.482183605406354,"cytotoxic"
"TCAAGTGCAATAAGGAACAGTCTG-1","slingPseudotime_4",18.4508968636866,"STOP","aucell_exhausted_score",0,"exhausted"
"TCAAGTGCAATAAGGAACAGTCTG-1","slingPseudotime_4",18.4508968636866,"STOP","aucell_proliferating_score",0,"proliferating"
"TCAAGTGCAATAAGGAACAGTCTG-1","slingPseudotime_4",18.4508968636866,"STOP","aucell_naive_memory_score",0.236,"naive_memory"
"TCAAGTGCAATAAGGAACAGTCTG-1","slingPseudotime_4",18.4508968636866,"STOP","aucell_cytotoxic_score",0.482183605406354,"cytotoxic"
"TCACAAGCATCGTTCGACAGTCTG-1","slingPseudotime_1",19.430392051839,"STOP","aucell_exhausted_score",0,"exhausted"
"TCACAAGCATCGTTCGACAGTCTG-1","slingPseudotime_1",19.430392051839,"STOP","aucell_proliferating_score",0,"proliferating"
"TCACAAGCATCGTTCGACAGTCTG-1","slingPseudotime_1",19.430392051839,"STOP","aucell_naive_memory_score",0,"naive_memory"
"TCACAAGCATCGTTCGACAGTCTG-1","slingPseudotime_1",19.430392051839,"STOP","aucell_cytotoxic_score",0.143057749692821,"cytotoxic"
"TCACAAGCATCGTTCGACAGTCTG-1","slingPseudotime_2",18.2837539634168,"STOP","aucell_exhausted_score",0,"exhausted"
"TCACAAGCATCGTTCGACAGTCTG-1","slingPseudotime_2",18.2837539634168,"STOP","aucell_proliferating_score",0,"proliferating"
"TCACAAGCATCGTTCGACAGTCTG-1","slingPseudotime_2",18.2837539634168,"STOP","aucell_naive_memory_score",0,"naive_memory"
"TCACAAGCATCGTTCGACAGTCTG-1","slingPseudotime_2",18.2837539634168,"STOP","aucell_cytotoxic_score",0.143057749692821,"cytotoxic"
"TCTTACTGTGACCTATACAGTCTG-1","slingPseudotime_4",31.2297920449808,"STOP","aucell_exhausted_score",0.213621204142531,"exhausted"
"TCTTACTGTGACCTATACAGTCTG-1","slingPseudotime_4",31.2297920449808,"STOP","aucell_proliferating_score",0,"proliferating"
"TCTTACTGTGACCTATACAGTCTG-1","slingPseudotime_4",31.2297920449808,"STOP","aucell_naive_memory_score",0,"naive_memory"
"TCTTACTGTGACCTATACAGTCTG-1","slingPseudotime_4",31.2297920449808,"STOP","aucell_cytotoxic_score",0.591363875724065,"cytotoxic"
"TGACCTGGTCATGATCACAGTCTG-1","slingPseudotime_1",10.1218835435831,"STOP","aucell_exhausted_score",0,"exhausted"
"TGACCTGGTCATGATCACAGTCTG-1","slingPseudotime_1",10.1218835435831,"STOP","aucell_proliferating_score",0,"proliferating"
"TGACCTGGTCATGATCACAGTCTG-1","slingPseudotime_1",10.1218835435831,"STOP","aucell_naive_memory_score",0,"naive_memory"
"TGACCTGGTCATGATCACAGTCTG-1","slingPseudotime_1",10.1218835435831,"STOP","aucell_cytotoxic_score",0.332280147446024,"cytotoxic"
"TGACCTGGTCATGATCACAGTCTG-1","slingPseudotime_2",10.1462181442297,"STOP","aucell_exhausted_score",0,"exhausted"
"TGACCTGGTCATGATCACAGTCTG-1","slingPseudotime_2",10.1462181442297,"STOP","aucell_proliferating_score",0,"proliferating"
"TGACCTGGTCATGATCACAGTCTG-1","slingPseudotime_2",10.1462181442297,"STOP","aucell_naive_memory_score",0,"naive_memory"
"TGACCTGGTCATGATCACAGTCTG-1","slingPseudotime_2",10.1462181442297,"STOP","aucell_cytotoxic_score",0.332280147446024,"cytotoxic"
"TGACCTGGTCATGATCACAGTCTG-1","slingPseudotime_3",10.1389200901648,"STOP","aucell_exhausted_score",0,"exhausted"
"TGACCTGGTCATGATCACAGTCTG-1","slingPseudotime_3",10.1389200901648,"STOP","aucell_proliferating_score",0,"proliferating"
"TGACCTGGTCATGATCACAGTCTG-1","slingPseudotime_3",10.1389200901648,"STOP","aucell_naive_memory_score",0,"naive_memory"
"TGACCTGGTCATGATCACAGTCTG-1","slingPseudotime_3",10.1389200901648,"STOP","aucell_cytotoxic_score",0.332280147446024,"cytotoxic"
"TGACCTGGTCATGATCACAGTCTG-1","slingPseudotime_4",10.1032283068192,"STOP","aucell_exhausted_score",0,"exhausted"
"TGACCTGGTCATGATCACAGTCTG-1","slingPseudotime_4",10.1032283068192,"STOP","aucell_proliferating_score",0,"proliferating"
"TGACCTGGTCATGATCACAGTCTG-1","slingPseudotime_4",10.1032283068192,"STOP","aucell_naive_memory_score",0,"naive_memory"
"TGACCTGGTCATGATCACAGTCTG-1","slingPseudotime_4",10.1032283068192,"STOP","aucell_cytotoxic_score",0.332280147446024,"cytotoxic"
"TGATGGCCATTTCATGACAGTCTG-1","slingPseudotime_1",3.41323872921596,"STOP","aucell_exhausted_score",0,"exhausted"
"TGATGGCCATTTCATGACAGTCTG-1","slingPseudotime_1",3.41323872921596,"STOP","aucell_proliferating_score",0,"proliferating"
"TGATGGCCATTTCATGACAGTCTG-1","slingPseudotime_1",3.41323872921596,"STOP","aucell_naive_memory_score",0,"naive_memory"
"TGATGGCCATTTCATGACAGTCTG-1","slingPseudotime_1",3.41323872921596,"STOP","aucell_cytotoxic_score",0,"cytotoxic"
"TGATGGCCATTTCATGACAGTCTG-1","slingPseudotime_2",3.40729692735458,"STOP","aucell_exhausted_score",0,"exhausted"
"TGATGGCCATTTCATGACAGTCTG-1","slingPseudotime_2",3.40729692735458,"STOP","aucell_proliferating_score",0,"proliferating"
"TGATGGCCATTTCATGACAGTCTG-1","slingPseudotime_2",3.40729692735458,"STOP","aucell_naive_memory_score",0,"naive_memory"
"TGATGGCCATTTCATGACAGTCTG-1","slingPseudotime_2",3.40729692735458,"STOP","aucell_cytotoxic_score",0,"cytotoxic"
"TGATGGCCATTTCATGACAGTCTG-1","slingPseudotime_3",3.42566794069265,"STOP","aucell_exhausted_score",0,"exhausted"
"TGATGGCCATTTCATGACAGTCTG-1","slingPseudotime_3",3.42566794069265,"STOP","aucell_proliferating_score",0,"proliferating"
"TGATGGCCATTTCATGACAGTCTG-1","slingPseudotime_3",3.42566794069265,"STOP","aucell_naive_memory_score",0,"naive_memory"
"TGATGGCCATTTCATGACAGTCTG-1","slingPseudotime_3",3.42566794069265,"STOP","aucell_cytotoxic_score",0,"cytotoxic"
"TGATGGCCATTTCATGACAGTCTG-1","slingPseudotime_4",3.42787931714859,"STOP","aucell_exhausted_score",0,"exhausted"
"TGATGGCCATTTCATGACAGTCTG-1","slingPseudotime_4",3.42787931714859,"STOP","aucell_proliferating_score",0,"proliferating"
"TGATGGCCATTTCATGACAGTCTG-1","slingPseudotime_4",3.42787931714859,"STOP","aucell_naive_memory_score",0,"naive_memory"
"TGATGGCCATTTCATGACAGTCTG-1","slingPseudotime_4",3.42787931714859,"STOP","aucell_cytotoxic_score",0,"cytotoxic"
"TGCCTTAAGCCAGAGCACAGTCTG-1","slingPseudotime_1",18.4446837462711,"STOP","aucell_exhausted_score",0,"exhausted"
"TGCCTTAAGCCAGAGCACAGTCTG-1","slingPseudotime_1",18.4446837462711,"STOP","aucell_proliferating_score",0,"proliferating"
"TGCCTTAAGCCAGAGCACAGTCTG-1","slingPseudotime_1",18.4446837462711,"STOP","aucell_naive_memory_score",0,"naive_memory"
"TGCCTTAAGCCAGAGCACAGTCTG-1","slingPseudotime_1",18.4446837462711,"STOP","aucell_cytotoxic_score",0.569773565034228,"cytotoxic"
"TGCCTTAAGCCAGAGCACAGTCTG-1","slingPseudotime_2",17.2518026207765,"STOP","aucell_exhausted_score",0,"exhausted"
"TGCCTTAAGCCAGAGCACAGTCTG-1","slingPseudotime_2",17.2518026207765,"STOP","aucell_proliferating_score",0,"proliferating"
"TGCCTTAAGCCAGAGCACAGTCTG-1","slingPseudotime_2",17.2518026207765,"STOP","aucell_naive_memory_score",0,"naive_memory"
"TGCCTTAAGCCAGAGCACAGTCTG-1","slingPseudotime_2",17.2518026207765,"STOP","aucell_cytotoxic_score",0.569773565034228,"cytotoxic"
"TGCCTTAAGCCAGAGCACAGTCTG-1","slingPseudotime_3",20.8572848483925,"STOP","aucell_exhausted_score",0,"exhausted"
"TGCCTTAAGCCAGAGCACAGTCTG-1","slingPseudotime_3",20.8572848483925,"STOP","aucell_proliferating_score",0,"proliferating"
"TGCCTTAAGCCAGAGCACAGTCTG-1","slingPseudotime_3",20.8572848483925,"STOP","aucell_naive_memory_score",0,"naive_memory"
"TGCCTTAAGCCAGAGCACAGTCTG-1","slingPseudotime_3",20.8572848483925,"STOP","aucell_cytotoxic_score",0.569773565034228,"cytotoxic"
"TGCCTTAAGCCAGAGCACAGTCTG-1","slingPseudotime_4",19.8696541497182,"STOP","aucell_exhausted_score",0,"exhausted"
"TGCCTTAAGCCAGAGCACAGTCTG-1","slingPseudotime_4",19.8696541497182,"STOP","aucell_proliferating_score",0,"proliferating"
"TGCCTTAAGCCAGAGCACAGTCTG-1","slingPseudotime_4",19.8696541497182,"STOP","aucell_naive_memory_score",0,"naive_memory"
"TGCCTTAAGCCAGAGCACAGTCTG-1","slingPseudotime_4",19.8696541497182,"STOP","aucell_cytotoxic_score",0.569773565034228,"cytotoxic"
"TGCGCCATCTTGAGGGACAGTCTG-1","slingPseudotime_4",30.4504169261246,"STOP","aucell_exhausted_score",0.150078988941548,"exhausted"
"TGCGCCATCTTGAGGGACAGTCTG-1","slingPseudotime_4",30.4504169261246,"STOP","aucell_proliferating_score",0,"proliferating"
"TGCGCCATCTTGAGGGACAGTCTG-1","slingPseudotime_4",30.4504169261246,"STOP","aucell_naive_memory_score",0,"naive_memory"
"TGCGCCATCTTGAGGGACAGTCTG-1","slingPseudotime_4",30.4504169261246,"STOP","aucell_cytotoxic_score",0.211690363349131,"cytotoxic"
"TGGATTCGTACTGCCAACAGTCTG-1","slingPseudotime_1",10.8848273117545,"STOP","aucell_exhausted_score",0.0779357556608741,"exhausted"
"TGGATTCGTACTGCCAACAGTCTG-1","slingPseudotime_1",10.8848273117545,"STOP","aucell_proliferating_score",0,"proliferating"
"TGGATTCGTACTGCCAACAGTCTG-1","slingPseudotime_1",10.8848273117545,"STOP","aucell_naive_memory_score",0,"naive_memory"
"TGGATTCGTACTGCCAACAGTCTG-1","slingPseudotime_1",10.8848273117545,"STOP","aucell_cytotoxic_score",0.330349306652624,"cytotoxic"
"TGGATTCGTACTGCCAACAGTCTG-1","slingPseudotime_2",10.7086244971625,"STOP","aucell_exhausted_score",0.0779357556608741,"exhausted"
"TGGATTCGTACTGCCAACAGTCTG-1","slingPseudotime_2",10.7086244971625,"STOP","aucell_proliferating_score",0,"proliferating"
"TGGATTCGTACTGCCAACAGTCTG-1","slingPseudotime_2",10.7086244971625,"STOP","aucell_naive_memory_score",0,"naive_memory"
"TGGATTCGTACTGCCAACAGTCTG-1","slingPseudotime_2",10.7086244971625,"STOP","aucell_cytotoxic_score",0.330349306652624,"cytotoxic"
"TGGATTCGTACTGCCAACAGTCTG-1","slingPseudotime_3",11.1470368179111,"STOP","aucell_exhausted_score",0.0779357556608741,"exhausted"
"TGGATTCGTACTGCCAACAGTCTG-1","slingPseudotime_3",11.1470368179111,"STOP","aucell_proliferating_score",0,"proliferating"
"TGGATTCGTACTGCCAACAGTCTG-1","slingPseudotime_3",11.1470368179111,"STOP","aucell_naive_memory_score",0,"naive_memory"
"TGGATTCGTACTGCCAACAGTCTG-1","slingPseudotime_3",11.1470368179111,"STOP","aucell_cytotoxic_score",0.330349306652624,"cytotoxic"
"TGGATTCGTACTGCCAACAGTCTG-1","slingPseudotime_4",11.0522302323806,"STOP","aucell_exhausted_score",0.0779357556608741,"exhausted"
"TGGATTCGTACTGCCAACAGTCTG-1","slingPseudotime_4",11.0522302323806,"STOP","aucell_proliferating_score",0,"proliferating"
"TGGATTCGTACTGCCAACAGTCTG-1","slingPseudotime_4",11.0522302323806,"STOP","aucell_naive_memory_score",0,"naive_memory"
"TGGATTCGTACTGCCAACAGTCTG-1","slingPseudotime_4",11.0522302323806,"STOP","aucell_cytotoxic_score",0.330349306652624,"cytotoxic"
"TGGGACATCACTATACACAGTCTG-1","slingPseudotime_2",42.1106164751067,"STOP","aucell_exhausted_score",0.120589784096893,"exhausted"
"TGGGACATCACTATACACAGTCTG-1","slingPseudotime_2",42.1106164751067,"STOP","aucell_proliferating_score",0.280631578947368,"proliferating"
"TGGGACATCACTATACACAGTCTG-1","slingPseudotime_2",42.1106164751067,"STOP","aucell_naive_memory_score",0,"naive_memory"
"TGGGACATCACTATACACAGTCTG-1","slingPseudotime_2",42.1106164751067,"STOP","aucell_cytotoxic_score",0.306477093206951,"cytotoxic"
"TGGTCAACAACCATTCACAGTCTG-1","slingPseudotime_1",14.3797581577614,"STOP","aucell_exhausted_score",0.130068457082675,"exhausted"
"TGGTCAACAACCATTCACAGTCTG-1","slingPseudotime_1",14.3797581577614,"STOP","aucell_proliferating_score",0,"proliferating"
"TGGTCAACAACCATTCACAGTCTG-1","slingPseudotime_1",14.3797581577614,"STOP","aucell_naive_memory_score",0.193263157894737,"naive_memory"
"TGGTCAACAACCATTCACAGTCTG-1","slingPseudotime_1",14.3797581577614,"STOP","aucell_cytotoxic_score",0.166403370194839,"cytotoxic"
"TGGTCAACAACCATTCACAGTCTG-1","slingPseudotime_2",13.7877785293047,"STOP","aucell_exhausted_score",0.130068457082675,"exhausted"
"TGGTCAACAACCATTCACAGTCTG-1","slingPseudotime_2",13.7877785293047,"STOP","aucell_proliferating_score",0,"proliferating"
"TGGTCAACAACCATTCACAGTCTG-1","slingPseudotime_2",13.7877785293047,"STOP","aucell_naive_memory_score",0.193263157894737,"naive_memory"
"TGGTCAACAACCATTCACAGTCTG-1","slingPseudotime_2",13.7877785293047,"STOP","aucell_cytotoxic_score",0.166403370194839,"cytotoxic"
"TGGTCAACAACCATTCACAGTCTG-1","slingPseudotime_3",14.1023296314456,"STOP","aucell_exhausted_score",0.130068457082675,"exhausted"
"TGGTCAACAACCATTCACAGTCTG-1","slingPseudotime_3",14.1023296314456,"STOP","aucell_proliferating_score",0,"proliferating"
"TGGTCAACAACCATTCACAGTCTG-1","slingPseudotime_3",14.1023296314456,"STOP","aucell_naive_memory_score",0.193263157894737,"naive_memory"
"TGGTCAACAACCATTCACAGTCTG-1","slingPseudotime_3",14.1023296314456,"STOP","aucell_cytotoxic_score",0.166403370194839,"cytotoxic"
"TGGTCAACAACCATTCACAGTCTG-1","slingPseudotime_4",14.2740113615739,"STOP","aucell_exhausted_score",0.130068457082675,"exhausted"
"TGGTCAACAACCATTCACAGTCTG-1","slingPseudotime_4",14.2740113615739,"STOP","aucell_proliferating_score",0,"proliferating"
"TGGTCAACAACCATTCACAGTCTG-1","slingPseudotime_4",14.2740113615739,"STOP","aucell_naive_memory_score",0.193263157894737,"naive_memory"
"TGGTCAACAACCATTCACAGTCTG-1","slingPseudotime_4",14.2740113615739,"STOP","aucell_cytotoxic_score",0.166403370194839,"cytotoxic"
"TGTAATGAGTTACCTGACAGTCTG-1","slingPseudotime_4",32.7680271453384,"STOP","aucell_exhausted_score",0.282253817798842,"exhausted"
"TGTAATGAGTTACCTGACAGTCTG-1","slingPseudotime_4",32.7680271453384,"STOP","aucell_proliferating_score",0,"proliferating"
"TGTAATGAGTTACCTGACAGTCTG-1","slingPseudotime_4",32.7680271453384,"STOP","aucell_naive_memory_score",0,"naive_memory"
"TGTAATGAGTTACCTGACAGTCTG-1","slingPseudotime_4",32.7680271453384,"STOP","aucell_cytotoxic_score",0.496226083903809,"cytotoxic"
"TGTCCTTTCGCGAAATACAGTCTG-1","slingPseudotime_1",6.59546893961281,"STOP","aucell_exhausted_score",0,"exhausted"
"TGTCCTTTCGCGAAATACAGTCTG-1","slingPseudotime_1",6.59546893961281,"STOP","aucell_proliferating_score",0,"proliferating"
"TGTCCTTTCGCGAAATACAGTCTG-1","slingPseudotime_1",6.59546893961281,"STOP","aucell_naive_memory_score",0.566105263157895,"naive_memory"
"TGTCCTTTCGCGAAATACAGTCTG-1","slingPseudotime_1",6.59546893961281,"STOP","aucell_cytotoxic_score",0.326487625065824,"cytotoxic"
"TGTCCTTTCGCGAAATACAGTCTG-1","slingPseudotime_2",6.68543425490652,"STOP","aucell_exhausted_score",0,"exhausted"
"TGTCCTTTCGCGAAATACAGTCTG-1","slingPseudotime_2",6.68543425490652,"STOP","aucell_proliferating_score",0,"proliferating"
"TGTCCTTTCGCGAAATACAGTCTG-1","slingPseudotime_2",6.68543425490652,"STOP","aucell_naive_memory_score",0.566105263157895,"naive_memory"
"TGTCCTTTCGCGAAATACAGTCTG-1","slingPseudotime_2",6.68543425490652,"STOP","aucell_cytotoxic_score",0.326487625065824,"cytotoxic"
"TGTCCTTTCGCGAAATACAGTCTG-1","slingPseudotime_3",6.5950924744197,"STOP","aucell_exhausted_score",0,"exhausted"
"TGTCCTTTCGCGAAATACAGTCTG-1","slingPseudotime_3",6.5950924744197,"STOP","aucell_proliferating_score",0,"proliferating"
"TGTCCTTTCGCGAAATACAGTCTG-1","slingPseudotime_3",6.5950924744197,"STOP","aucell_naive_memory_score",0.566105263157895,"naive_memory"
"TGTCCTTTCGCGAAATACAGTCTG-1","slingPseudotime_3",6.5950924744197,"STOP","aucell_cytotoxic_score",0.326487625065824,"cytotoxic"
"TGTCCTTTCGCGAAATACAGTCTG-1","slingPseudotime_4",6.60746806933744,"STOP","aucell_exhausted_score",0,"exhausted"
"TGTCCTTTCGCGAAATACAGTCTG-1","slingPseudotime_4",6.60746806933744,"STOP","aucell_proliferating_score",0,"proliferating"
"TGTCCTTTCGCGAAATACAGTCTG-1","slingPseudotime_4",6.60746806933744,"STOP","aucell_naive_memory_score",0.566105263157895,"naive_memory"
"TGTCCTTTCGCGAAATACAGTCTG-1","slingPseudotime_4",6.60746806933744,"STOP","aucell_cytotoxic_score",0.326487625065824,"cytotoxic"
"TTAGGTTTCAGCGGGTACAGTCTG-1","slingPseudotime_1",20.2203826823921,"STOP","aucell_exhausted_score",0.129541864139021,"exhausted"
"TTAGGTTTCAGCGGGTACAGTCTG-1","slingPseudotime_1",20.2203826823921,"STOP","aucell_proliferating_score",0,"proliferating"
"TTAGGTTTCAGCGGGTACAGTCTG-1","slingPseudotime_1",20.2203826823921,"STOP","aucell_naive_memory_score",0,"naive_memory"
"TTAGGTTTCAGCGGGTACAGTCTG-1","slingPseudotime_1",20.2203826823921,"STOP","aucell_cytotoxic_score",0.496928207828682,"cytotoxic"
"TTAGGTTTCAGCGGGTACAGTCTG-1","slingPseudotime_2",19.1540357202958,"STOP","aucell_exhausted_score",0.129541864139021,"exhausted"
"TTAGGTTTCAGCGGGTACAGTCTG-1","slingPseudotime_2",19.1540357202958,"STOP","aucell_proliferating_score",0,"proliferating"
"TTAGGTTTCAGCGGGTACAGTCTG-1","slingPseudotime_2",19.1540357202958,"STOP","aucell_naive_memory_score",0,"naive_memory"
"TTAGGTTTCAGCGGGTACAGTCTG-1","slingPseudotime_2",19.1540357202958,"STOP","aucell_cytotoxic_score",0.496928207828682,"cytotoxic"
"TTAGGTTTCAGCGGGTACAGTCTG-1","slingPseudotime_3",20.8572848483925,"STOP","aucell_exhausted_score",0.129541864139021,"exhausted"
"TTAGGTTTCAGCGGGTACAGTCTG-1","slingPseudotime_3",20.8572848483925,"STOP","aucell_proliferating_score",0,"proliferating"
"TTAGGTTTCAGCGGGTACAGTCTG-1","slingPseudotime_3",20.8572848483925,"STOP","aucell_naive_memory_score",0,"naive_memory"
"TTAGGTTTCAGCGGGTACAGTCTG-1","slingPseudotime_3",20.8572848483925,"STOP","aucell_cytotoxic_score",0.496928207828682,"cytotoxic"
"TTAGGTTTCAGCGGGTACAGTCTG-1","slingPseudotime_4",19.5063703126129,"STOP","aucell_exhausted_score",0.129541864139021,"exhausted"
"TTAGGTTTCAGCGGGTACAGTCTG-1","slingPseudotime_4",19.5063703126129,"STOP","aucell_proliferating_score",0,"proliferating"
"TTAGGTTTCAGCGGGTACAGTCTG-1","slingPseudotime_4",19.5063703126129,"STOP","aucell_naive_memory_score",0,"naive_memory"
"TTAGGTTTCAGCGGGTACAGTCTG-1","slingPseudotime_4",19.5063703126129,"STOP","aucell_cytotoxic_score",0.496928207828682,"cytotoxic"
"TTCGGTCAGCTGATGGACAGTCTG-1","slingPseudotime_1",21.4863405973988,"STOP","aucell_exhausted_score",0,"exhausted"
"TTCGGTCAGCTGATGGACAGTCTG-1","slingPseudotime_1",21.4863405973988,"STOP","aucell_proliferating_score",0,"proliferating"
"TTCGGTCAGCTGATGGACAGTCTG-1","slingPseudotime_1",21.4863405973988,"STOP","aucell_naive_memory_score",0.190736842105263,"naive_memory"
"TTCGGTCAGCTGATGGACAGTCTG-1","slingPseudotime_1",21.4863405973988,"STOP","aucell_cytotoxic_score",0.470423029664736,"cytotoxic"
"TTCGGTCAGCTGATGGACAGTCTG-1","slingPseudotime_2",20.1228926137481,"STOP","aucell_exhausted_score",0,"exhausted"
"TTCGGTCAGCTGATGGACAGTCTG-1","slingPseudotime_2",20.1228926137481,"STOP","aucell_proliferating_score",0,"proliferating"
"TTCGGTCAGCTGATGGACAGTCTG-1","slingPseudotime_2",20.1228926137481,"STOP","aucell_naive_memory_score",0.190736842105263,"naive_memory"
"TTCGGTCAGCTGATGGACAGTCTG-1","slingPseudotime_2",20.1228926137481,"STOP","aucell_cytotoxic_score",0.470423029664736,"cytotoxic"
"TTCGTTCTCCAAATTCACAGTCTG-1","slingPseudotime_1",5.92456855154641,"STOP","aucell_exhausted_score",0,"exhausted"
"TTCGTTCTCCAAATTCACAGTCTG-1","slingPseudotime_1",5.92456855154641,"STOP","aucell_proliferating_score",0,"proliferating"
"TTCGTTCTCCAAATTCACAGTCTG-1","slingPseudotime_1",5.92456855154641,"STOP","aucell_naive_memory_score",0,"naive_memory"
"TTCGTTCTCCAAATTCACAGTCTG-1","slingPseudotime_1",5.92456855154641,"STOP","aucell_cytotoxic_score",0,"cytotoxic"
"TTCGTTCTCCAAATTCACAGTCTG-1","slingPseudotime_2",5.88428564288816,"STOP","aucell_exhausted_score",0,"exhausted"
"TTCGTTCTCCAAATTCACAGTCTG-1","slingPseudotime_2",5.88428564288816,"STOP","aucell_proliferating_score",0,"proliferating"
"TTCGTTCTCCAAATTCACAGTCTG-1","slingPseudotime_2",5.88428564288816,"STOP","aucell_naive_memory_score",0,"naive_memory"
"TTCGTTCTCCAAATTCACAGTCTG-1","slingPseudotime_2",5.88428564288816,"STOP","aucell_cytotoxic_score",0,"cytotoxic"
"TTCGTTCTCCAAATTCACAGTCTG-1","slingPseudotime_3",5.98893216326246,"STOP","aucell_exhausted_score",0,"exhausted"
"TTCGTTCTCCAAATTCACAGTCTG-1","slingPseudotime_3",5.98893216326246,"STOP","aucell_proliferating_score",0,"proliferating"
"TTCGTTCTCCAAATTCACAGTCTG-1","slingPseudotime_3",5.98893216326246,"STOP","aucell_naive_memory_score",0,"naive_memory"
"TTCGTTCTCCAAATTCACAGTCTG-1","slingPseudotime_3",5.98893216326246,"STOP","aucell_cytotoxic_score",0,"cytotoxic"
"TTCGTTCTCCAAATTCACAGTCTG-1","slingPseudotime_4",6.03023602070372,"STOP","aucell_exhausted_score",0,"exhausted"
"TTCGTTCTCCAAATTCACAGTCTG-1","slingPseudotime_4",6.03023602070372,"STOP","aucell_proliferating_score",0,"proliferating"
"TTCGTTCTCCAAATTCACAGTCTG-1","slingPseudotime_4",6.03023602070372,"STOP","aucell_naive_memory_score",0,"naive_memory"
"TTCGTTCTCCAAATTCACAGTCTG-1","slingPseudotime_4",6.03023602070372,"STOP","aucell_cytotoxic_score",0,"cytotoxic"
"TTCTCACTCACAAGCGACAGTCTG-1","slingPseudotime_2",14.9073545748231,"STOP","aucell_exhausted_score",0.189924521678076,"exhausted"
"TTCTCACTCACAAGCGACAGTCTG-1","slingPseudotime_2",14.9073545748231,"STOP","aucell_proliferating_score",0,"proliferating"
"TTCTCACTCACAAGCGACAGTCTG-1","slingPseudotime_2",14.9073545748231,"STOP","aucell_naive_memory_score",0.000631578947368421,"naive_memory"
"TTCTCACTCACAAGCGACAGTCTG-1","slingPseudotime_2",14.9073545748231,"STOP","aucell_cytotoxic_score",0.426364753378971,"cytotoxic"
"TTGAAAGTCCTCAATGACAGTCTG-1","slingPseudotime_1",15.1481654697515,"STOP","aucell_exhausted_score",0.089169738458838,"exhausted"
"TTGAAAGTCCTCAATGACAGTCTG-1","slingPseudotime_1",15.1481654697515,"STOP","aucell_proliferating_score",0,"proliferating"
"TTGAAAGTCCTCAATGACAGTCTG-1","slingPseudotime_1",15.1481654697515,"STOP","aucell_naive_memory_score",0.0145263157894737,"naive_memory"
"TTGAAAGTCCTCAATGACAGTCTG-1","slingPseudotime_1",15.1481654697515,"STOP","aucell_cytotoxic_score",0.621028611549939,"cytotoxic"
"TTGAAAGTCCTCAATGACAGTCTG-1","slingPseudotime_2",14.3661018395669,"STOP","aucell_exhausted_score",0.089169738458838,"exhausted"
"TTGAAAGTCCTCAATGACAGTCTG-1","slingPseudotime_2",14.3661018395669,"STOP","aucell_proliferating_score",0,"proliferating"
"TTGAAAGTCCTCAATGACAGTCTG-1","slingPseudotime_2",14.3661018395669,"STOP","aucell_naive_memory_score",0.0145263157894737,"naive_memory"
"TTGAAAGTCCTCAATGACAGTCTG-1","slingPseudotime_2",14.3661018395669,"STOP","aucell_cytotoxic_score",0.621028611549939,"cytotoxic"
"TTGAAAGTCCTCAATGACAGTCTG-1","slingPseudotime_3",15.8706931467427,"STOP","aucell_exhausted_score",0.089169738458838,"exhausted"
"TTGAAAGTCCTCAATGACAGTCTG-1","slingPseudotime_3",15.8706931467427,"STOP","aucell_proliferating_score",0,"proliferating"
"TTGAAAGTCCTCAATGACAGTCTG-1","slingPseudotime_3",15.8706931467427,"STOP","aucell_naive_memory_score",0.0145263157894737,"naive_memory"
"TTGAAAGTCCTCAATGACAGTCTG-1","slingPseudotime_3",15.8706931467427,"STOP","aucell_cytotoxic_score",0.621028611549939,"cytotoxic"
"TTGAAAGTCCTCAATGACAGTCTG-1","slingPseudotime_4",15.8361172597898,"STOP","aucell_exhausted_score",0.089169738458838,"exhausted"
"TTGAAAGTCCTCAATGACAGTCTG-1","slingPseudotime_4",15.8361172597898,"STOP","aucell_proliferating_score",0,"proliferating"
"TTGAAAGTCCTCAATGACAGTCTG-1","slingPseudotime_4",15.8361172597898,"STOP","aucell_naive_memory_score",0.0145263157894737,"naive_memory"
"TTGAAAGTCCTCAATGACAGTCTG-1","slingPseudotime_4",15.8361172597898,"STOP","aucell_cytotoxic_score",0.621028611549939,"cytotoxic"
"TTGCGCTAGTCAACAAACAGTCTG-1","slingPseudotime_1",7.87397127521995,"STOP","aucell_exhausted_score",0,"exhausted"
"TTGCGCTAGTCAACAAACAGTCTG-1","slingPseudotime_1",7.87397127521995,"STOP","aucell_proliferating_score",0,"proliferating"
"TTGCGCTAGTCAACAAACAGTCTG-1","slingPseudotime_1",7.87397127521995,"STOP","aucell_naive_memory_score",0.167789473684211,"naive_memory"
"TTGCGCTAGTCAACAAACAGTCTG-1","slingPseudotime_1",7.87397127521995,"STOP","aucell_cytotoxic_score",0.323152536422679,"cytotoxic"
"TTGCGCTAGTCAACAAACAGTCTG-1","slingPseudotime_2",7.93766327102227,"STOP","aucell_exhausted_score",0,"exhausted"
"TTGCGCTAGTCAACAAACAGTCTG-1","slingPseudotime_2",7.93766327102227,"STOP","aucell_proliferating_score",0,"proliferating"
"TTGCGCTAGTCAACAAACAGTCTG-1","slingPseudotime_2",7.93766327102227,"STOP","aucell_naive_memory_score",0.167789473684211,"naive_memory"
"TTGCGCTAGTCAACAAACAGTCTG-1","slingPseudotime_2",7.93766327102227,"STOP","aucell_cytotoxic_score",0.323152536422679,"cytotoxic"
"TTGCGCTAGTCAACAAACAGTCTG-1","slingPseudotime_3",7.98044236778074,"STOP","aucell_exhausted_score",0,"exhausted"
"TTGCGCTAGTCAACAAACAGTCTG-1","slingPseudotime_3",7.98044236778074,"STOP","aucell_proliferating_score",0,"proliferating"
"TTGCGCTAGTCAACAAACAGTCTG-1","slingPseudotime_3",7.98044236778074,"STOP","aucell_naive_memory_score",0.167789473684211,"naive_memory"
"TTGCGCTAGTCAACAAACAGTCTG-1","slingPseudotime_3",7.98044236778074,"STOP","aucell_cytotoxic_score",0.323152536422679,"cytotoxic"
"TTGCGCTAGTCAACAAACAGTCTG-1","slingPseudotime_4",7.90232113401797,"STOP","aucell_exhausted_score",0,"exhausted"
"TTGCGCTAGTCAACAAACAGTCTG-1","slingPseudotime_4",7.90232113401797,"STOP","aucell_proliferating_score",0,"proliferating"
"TTGCGCTAGTCAACAAACAGTCTG-1","slingPseudotime_4",7.90232113401797,"STOP","aucell_naive_memory_score",0.167789473684211,"naive_memory"
"TTGCGCTAGTCAACAAACAGTCTG-1","slingPseudotime_4",7.90232113401797,"STOP","aucell_cytotoxic_score",0.323152536422679,"cytotoxic"
"TTGGCCAGTTCACCTCACAGTCTG-1","slingPseudotime_1",25.257288422764,"STOP","aucell_exhausted_score",0.131121642969984,"exhausted"
"TTGGCCAGTTCACCTCACAGTCTG-1","slingPseudotime_1",25.257288422764,"STOP","aucell_proliferating_score",0,"proliferating"
"TTGGCCAGTTCACCTCACAGTCTG-1","slingPseudotime_1",25.257288422764,"STOP","aucell_naive_memory_score",0.0178947368421053,"naive_memory"
"TTGGCCAGTTCACCTCACAGTCTG-1","slingPseudotime_1",25.257288422764,"STOP","aucell_cytotoxic_score",0.435843426364753,"cytotoxic"
"TTGGCCAGTTCACCTCACAGTCTG-1","slingPseudotime_2",22.0001137552415,"STOP","aucell_exhausted_score",0.131121642969984,"exhausted"
"TTGGCCAGTTCACCTCACAGTCTG-1","slingPseudotime_2",22.0001137552415,"STOP","aucell_proliferating_score",0,"proliferating"
"TTGGCCAGTTCACCTCACAGTCTG-1","slingPseudotime_2",22.0001137552415,"STOP","aucell_naive_memory_score",0.0178947368421053,"naive_memory"
"TTGGCCAGTTCACCTCACAGTCTG-1","slingPseudotime_2",22.0001137552415,"STOP","aucell_cytotoxic_score",0.435843426364753,"cytotoxic"
"TTTCACCTCAGCACGAACAGTCTG-1","slingPseudotime_3",23.7842905010963,"STOP","aucell_exhausted_score",0,"exhausted"
"TTTCACCTCAGCACGAACAGTCTG-1","slingPseudotime_3",23.7842905010963,"STOP","aucell_proliferating_score",0,"proliferating"
"TTTCACCTCAGCACGAACAGTCTG-1","slingPseudotime_3",23.7842905010963,"STOP","aucell_naive_memory_score",0,"naive_memory"
"TTTCACCTCAGCACGAACAGTCTG-1","slingPseudotime_3",23.7842905010963,"STOP","aucell_cytotoxic_score",0.533965244865719,"cytotoxic"
"TTTGTGAGTTCAAGGAACAGTCTG-1","slingPseudotime_1",13.9587234571096,"STOP","aucell_exhausted_score",0.136738634368966,"exhausted"
"TTTGTGAGTTCAAGGAACAGTCTG-1","slingPseudotime_1",13.9587234571096,"STOP","aucell_proliferating_score",0,"proliferating"
"TTTGTGAGTTCAAGGAACAGTCTG-1","slingPseudotime_1",13.9587234571096,"STOP","aucell_naive_memory_score",0,"naive_memory"
"TTTGTGAGTTCAAGGAACAGTCTG-1","slingPseudotime_1",13.9587234571096,"STOP","aucell_cytotoxic_score",0.681762331051431,"cytotoxic"
"TTTGTGAGTTCAAGGAACAGTCTG-1","slingPseudotime_2",13.5586159688801,"STOP","aucell_exhausted_score",0.136738634368966,"exhausted"
"TTTGTGAGTTCAAGGAACAGTCTG-1","slingPseudotime_2",13.5586159688801,"STOP","aucell_proliferating_score",0,"proliferating"
"TTTGTGAGTTCAAGGAACAGTCTG-1","slingPseudotime_2",13.5586159688801,"STOP","aucell_naive_memory_score",0,"naive_memory"
"TTTGTGAGTTCAAGGAACAGTCTG-1","slingPseudotime_2",13.5586159688801,"STOP","aucell_cytotoxic_score",0.681762331051431,"cytotoxic"
"TTTGTGAGTTCAAGGAACAGTCTG-1","slingPseudotime_3",14.4797919945389,"STOP","aucell_exhausted_score",0.136738634368966,"exhausted"
"TTTGTGAGTTCAAGGAACAGTCTG-1","slingPseudotime_3",14.4797919945389,"STOP","aucell_proliferating_score",0,"proliferating"
"TTTGTGAGTTCAAGGAACAGTCTG-1","slingPseudotime_3",14.4797919945389,"STOP","aucell_naive_memory_score",0,"naive_memory"
"TTTGTGAGTTCAAGGAACAGTCTG-1","slingPseudotime_3",14.4797919945389,"STOP","aucell_cytotoxic_score",0.681762331051431,"cytotoxic"
"TTTGTGAGTTCAAGGAACAGTCTG-1","slingPseudotime_4",27.4602038416158,"STOP","aucell_exhausted_score",0.136738634368966,"exhausted"
"TTTGTGAGTTCAAGGAACAGTCTG-1","slingPseudotime_4",27.4602038416158,"STOP","aucell_proliferating_score",0,"proliferating"
"TTTGTGAGTTCAAGGAACAGTCTG-1","slingPseudotime_4",27.4602038416158,"STOP","aucell_naive_memory_score",0,"naive_memory"
"TTTGTGAGTTCAAGGAACAGTCTG-1","slingPseudotime_4",27.4602038416158,"STOP","aucell_cytotoxic_score",0.681762331051431,"cytotoxic"
