"cell","lineage","pseudotime","condition","score_column","aucell_score","program"
"AAACAAGCAGGAGCAAATCCCAAC-1","slingPseudotime_1",9.55729933598283,"CD8-41BB","aucell_exhausted_score",0.0170265051781639,"exhausted"
"AAACAAGCAGGAGCAAATCCCAAC-1","slingPseudotime_1",9.55729933598283,"CD8-41BB","aucell_proliferating_score",0,"proliferating"
"AAACAAGCAGGAGCAAATCCCAAC-1","slingPseudotime_1",9.55729933598283,"CD8-41BB","aucell_naive_memory_score",0.0656842105263158,"naive_memory"
"AAACAAGCAGGAGCAAATCCCAAC-1","slingPseudotime_1",9.55729933598283,"CD8-41BB","aucell_cytotoxic_score",0.297700544146042,"cytotoxic"
"AAACAAGCAGGAGCAAATCCCAAC-1","slingPseudotime_2",10.1758462582763,"CD8-41BB","aucell_exhausted_score",0.0170265051781639,"exhausted"
"AAACAAGCAGGAGCAAATCCCAAC-1","slingPseudotime_2",10.1758462582763,"CD8-41BB","aucell_proliferating_score",0,"proliferating"
"AAACAAGCAGGAGCAAATCCCAAC-1","slingPseudotime_2",10.1758462582763,"CD8-41BB","aucell_naive_memory_score",0.0656842105263158,"naive_memory"
"AAACAAGCAGGAGCAAATCCCAAC-1","slingPseudotime_2",10.1758462582763,"CD8-41BB","aucell_cytotoxic_score",0.297700544146042,"cytotoxic"
"AAACCAGGTTTCACCCATCCCAAC-1","slingPseudotime_1",18.4735737644209,"CD8-41BB","aucell_exhausted_score",0.250833772160786,"exhausted"
"AAACCAGGTTTCACCCATCCCAAC-1","slingPseudotime_1",18.4735737644209,"CD8-41BB","aucell_proliferating_score",0,"proliferating"
"AAACCAGGTTTCACCCATCCCAAC-1","slingPseudotime_1",18.4735737644209,"CD8-41BB","aucell_naive_memory_score",0,"naive_memory"
"AAACCAGGTTTCACCCATCCCAAC-1","slingPseudotime_1",18.4735737644209,"CD8-41BB","aucell_cytotoxic_score",0.769352290679305,"cytotoxic"
"AAACCAGGTTTCACCCATCCCAAC-1","slingPseudotime_2",19.9362501054289,"CD8-41BB","aucell_exhausted_score",0.250833772160786,"exhausted"
"AAACCAGGTTTCACCCATCCCAAC-1","slingPseudotime_2",19.9362501054289,"CD8-41BB","aucell_proliferating_score",0,"proliferating"
"AAACCAGGTTTCACCCATCCCAAC-1","slingPseudotime_2",19.9362501054289,"CD8-41BB","aucell_naive_memory_score",0,"naive_memory"
"AAACCAGGTTTCACCCATCCCAAC-1","slingPseudotime_2",19.9362501054289,"CD8-41BB","aucell_cytotoxic_score",0.769352290679305,"cytotoxic"
"AAACCGGTCAGCACCTATCCCAAC-1","slingPseudotime_1",16.627181169237,"CD8-41BB","aucell_exhausted_score",0,"exhausted"
"AAACCGGTCAGCACCTATCCCAAC-1","slingPseudotime_1",16.627181169237,"CD8-41BB","aucell_proliferating_score",0,"proliferating"
"AAACCGGTCAGCACCTATCCCAAC-1","slingPseudotime_1",16.627181169237,"CD8-41BB","aucell_naive_memory_score",0.0734736842105263,"naive_memory"
"AAACCGGTCAGCACCTATCCCAAC-1","slingPseudotime_1",16.627181169237,"CD8-41BB","aucell_cytotoxic_score",0,"cytotoxic"
"AAACCGGTCAGCACCTATCCCAAC-1","slingPseudotime_2",17.0242046012776,"CD8-41BB","aucell_exhausted_score",0,"exhausted"
"AAACCGGTCAGCACCTATCCCAAC-1","slingPseudotime_2",17.0242046012776,"CD8-41BB","aucell_proliferating_score",0,"proliferating"
"AAACCGGTCAGCACCTATCCCAAC-1","slingPseudotime_2",17.0242046012776,"CD8-41BB","aucell_naive_memory_score",0.0734736842105263,"naive_memory"
"AAACCGGTCAGCACCTATCCCAAC-1","slingPseudotime_2",17.0242046012776,"CD8-41BB","aucell_cytotoxic_score",0,"cytotoxic"
"AAACCGGTCGATTCTGATCCCAAC-1","slingPseudotime_1",17.6084346880464,"CD8-41BB","aucell_exhausted_score",0.118658943303493,"exhausted"
"AAACCGGTCGATTCTGATCCCAAC-1","slingPseudotime_1",17.6084346880464,"CD8-41BB","aucell_proliferating_score",0,"proliferating"
"AAACCGGTCGATTCTGATCCCAAC-1","slingPseudotime_1",17.6084346880464,"CD8-41BB","aucell_naive_memory_score",0.197894736842105,"naive_memory"
"AAACCGGTCGATTCTGATCCCAAC-1","slingPseudotime_1",17.6084346880464,"CD8-41BB","aucell_cytotoxic_score",0.318588730911006,"cytotoxic"
"AAACCGGTCGATTCTGATCCCAAC-1","slingPseudotime_2",18.8389810027212,"CD8-41BB","aucell_exhausted_score",0.118658943303493,"exhausted"
"AAACCGGTCGATTCTGATCCCAAC-1","slingPseudotime_2",18.8389810027212,"CD8-41BB","aucell_proliferating_score",0,"proliferating"
"AAACCGGTCGATTCTGATCCCAAC-1","slingPseudotime_2",18.8389810027212,"CD8-41BB","aucell_naive_memory_score",0.197894736842105,"naive_memory"
"AAACCGGTCGATTCTGATCCCAAC-1","slingPseudotime_2",18.8389810027212,"CD8-41BB","aucell_cytotoxic_score",0.318588730911006,"cytotoxic"
"AAACGGGCAATGTGGCATCCCAAC-1","slingPseudotime_1",17.7561453634602,"CD8-41BB","aucell_exhausted_score",0.118834474284711,"exhausted"
"AAACGGGCAATGTGGCATCCCAAC-1","slingPseudotime_1",17.7561453634602,"CD8-41BB","aucell_proliferating_score",0,"proliferating"
"AAACGGGCAATGTGGCATCCCAAC-1","slingPseudotime_1",17.7561453634602,"CD8-41BB","aucell_naive_memory_score",0.193052631578947,"naive_memory"
"AAACGGGCAATGTGGCATCCCAAC-1","slingPseudotime_1",17.7561453634602,"CD8-41BB","aucell_cytotoxic_score",0.345971563981043,"cytotoxic"
"AAACGGGCAATGTGGCATCCCAAC-1","slingPseudotime_2",18.9170854696384,"CD8-41BB","aucell_exhausted_score",0.118834474284711,"exhausted"
"AAACGGGCAATGTGGCATCCCAAC-1","slingPseudotime_2",18.9170854696384,"CD8-41BB","aucell_proliferating_score",0,"proliferating"
"AAACGGGCAATGTGGCATCCCAAC-1","slingPseudotime_2",18.9170854696384,"CD8-41BB","aucell_naive_memory_score",0.193052631578947,"naive_memory"
"AAACGGGCAATGTGGCATCCCAAC-1","slingPseudotime_2",18.9170854696384,"CD8-41BB","aucell_cytotoxic_score",0.345971563981043,"cytotoxic"
"AAAGCATGTGTCCAGCATCCCAAC-1","slingPseudotime_1",9.56743259271599,"CD8-41BB","aucell_exhausted_score",0,"exhausted"
"AAAGCATGTGTCCAGCATCCCAAC-1","slingPseudotime_1",9.56743259271599,"CD8-41BB","aucell_proliferating_score",0,"proliferating"
"AAAGCATGTGTCCAGCATCCCAAC-1","slingPseudotime_1",9.56743259271599,"CD8-41BB","aucell_naive_memory_score",0.0317894736842105,"naive_memory"
"AAAGCATGTGTCCAGCATCCCAAC-1","slingPseudotime_1",9.56743259271599,"CD8-41BB","aucell_cytotoxic_score",0.244339125855714,"cytotoxic"
"AAAGCATGTGTCCAGCATCCCAAC-1","slingPseudotime_2",30.949577041494,"CD8-41BB","aucell_exhausted_score",0,"exhausted"
"AAAGCATGTGTCCAGCATCCCAAC-1","slingPseudotime_2",30.949577041494,"CD8-41BB","aucell_proliferating_score",0,"proliferating"
"AAAGCATGTGTCCAGCATCCCAAC-1","slingPseudotime_2",30.949577041494,"CD8-41BB","aucell_naive_memory_score",0.0317894736842105,"naive_memory"
"AAAGCATGTGTCCAGCATCCCAAC-1","slingPseudotime_2",30.949577041494,"CD8-41BB","aucell_cytotoxic_score",0.244339125855714,"cytotoxic"
"AAATCGATCCATTAGTATCCCAAC-1","slingPseudotime_1",9.6592342877847,"CD8-41BB","aucell_exhausted_score",0.0105318588730911,"exhausted"
"AAATCGATCCATTAGTATCCCAAC-1","slingPseudotime_1",9.6592342877847,"CD8-41BB","aucell_proliferating_score",0,"proliferating"
"AAATCGATCCATTAGTATCCCAAC-1","slingPseudotime_1",9.6592342877847,"CD8-41BB","aucell_naive_memory_score",0.169052631578947,"naive_memory"
"AAATCGATCCATTAGTATCCCAAC-1","slingPseudotime_1",9.6592342877847,"CD8-41BB","aucell_cytotoxic_score",0.0867123047217834,"cytotoxic"
"AAATCGATCCATTAGTATCCCAAC-1","slingPseudotime_2",10.3428038162268,"CD8-41BB","aucell_exhausted_score",0.0105318588730911,"exhausted"
"AAATCGATCCATTAGTATCCCAAC-1","slingPseudotime_2",10.3428038162268,"CD8-41BB","aucell_proliferating_score",0,"proliferating"
"AAATCGATCCATTAGTATCCCAAC-1","slingPseudotime_2",10.3428038162268,"CD8-41BB","aucell_naive_memory_score",0.169052631578947,"naive_memory"
"AAATCGATCCATTAGTATCCCAAC-1","slingPseudotime_2",10.3428038162268,"CD8-41BB","aucell_cytotoxic_score",0.0867123047217834,"cytotoxic"
"AACCAGGTCACCTGTAATCCCAAC-1","slingPseudotime_1",18.3722905190343,"CD8-41BB","aucell_exhausted_score",0.555380024574337,"exhausted"
"AACCAGGTCACCTGTAATCCCAAC-1","slingPseudotime_1",18.3722905190343,"CD8-41BB","aucell_proliferating_score",0,"proliferating"
"AACCAGGTCACCTGTAATCCCAAC-1","slingPseudotime_1",18.3722905190343,"CD8-41BB","aucell_naive_memory_score",0.122315789473684,"naive_memory"
"AACCAGGTCACCTGTAATCCCAAC-1","slingPseudotime_1",18.3722905190343,"CD8-41BB","aucell_cytotoxic_score",0.472002808495699,"cytotoxic"
"AACCAGGTCACCTGTAATCCCAAC-1","slingPseudotime_2",19.9362501054289,"CD8-41BB","aucell_exhausted_score",0.555380024574337,"exhausted"
"AACCAGGTCACCTGTAATCCCAAC-1","slingPseudotime_2",19.9362501054289,"CD8-41BB","aucell_proliferating_score",0,"proliferating"
"AACCAGGTCACCTGTAATCCCAAC-1","slingPseudotime_2",19.9362501054289,"CD8-41BB","aucell_naive_memory_score",0.122315789473684,"naive_memory"
"AACCAGGTCACCTGTAATCCCAAC-1","slingPseudotime_2",19.9362501054289,"CD8-41BB","aucell_cytotoxic_score",0.472002808495699,"cytotoxic"
"AACCATAAGCAGCCAAATCCCAAC-1","slingPseudotime_1",11.0802594565093,"CD8-41BB","aucell_exhausted_score",0,"exhausted"
"AACCATAAGCAGCCAAATCCCAAC-1","slingPseudotime_1",11.0802594565093,"CD8-41BB","aucell_proliferating_score",0,"proliferating"
"AACCATAAGCAGCCAAATCCCAAC-1","slingPseudotime_1",11.0802594565093,"CD8-41BB","aucell_naive_memory_score",0,"naive_memory"
"AACCATAAGCAGCCAAATCCCAAC-1","slingPseudotime_1",11.0802594565093,"CD8-41BB","aucell_cytotoxic_score",0.104265402843602,"cytotoxic"
"AACCATAAGCAGCCAAATCCCAAC-1","slingPseudotime_2",11.9243694201922,"CD8-41BB","aucell_exhausted_score",0,"exhausted"
"AACCATAAGCAGCCAAATCCCAAC-1","slingPseudotime_2",11.9243694201922,"CD8-41BB","aucell_proliferating_score",0,"proliferating"
"AACCATAAGCAGCCAAATCCCAAC-1","slingPseudotime_2",11.9243694201922,"CD8-41BB","aucell_naive_memory_score",0,"naive_memory"
"AACCATAAGCAGCCAAATCCCAAC-1","slingPseudotime_2",11.9243694201922,"CD8-41BB","aucell_cytotoxic_score",0.104265402843602,"cytotoxic"
"AACCATTTCCCTCGCTATCCCAAC-1","slingPseudotime_1",16.4440417714172,"CD8-41BB","aucell_exhausted_score",0,"exhausted"
"AACCATTTCCCTCGCTATCCCAAC-1","slingPseudotime_1",16.4440417714172,"CD8-41BB","aucell_proliferating_score",0,"proliferating"
"AACCATTTCCCTCGCTATCCCAAC-1","slingPseudotime_1",16.4440417714172,"CD8-41BB","aucell_naive_memory_score",0.171789473684211,"naive_memory"
"AACCATTTCCCTCGCTATCCCAAC-1","slingPseudotime_1",16.4440417714172,"CD8-41BB","aucell_cytotoxic_score",0.66052308232403,"cytotoxic"
"AACCATTTCCCTCGCTATCCCAAC-1","slingPseudotime_2",17.5488181743554,"CD8-41BB","aucell_exhausted_score",0,"exhausted"
"AACCATTTCCCTCGCTATCCCAAC-1","slingPseudotime_2",17.5488181743554,"CD8-41BB","aucell_proliferating_score",0,"proliferating"
"AACCATTTCCCTCGCTATCCCAAC-1","slingPseudotime_2",17.5488181743554,"CD8-41BB","aucell_naive_memory_score",0.171789473684211,"naive_memory"
"AACCATTTCCCTCGCTATCCCAAC-1","slingPseudotime_2",17.5488181743554,"CD8-41BB","aucell_cytotoxic_score",0.66052308232403,"cytotoxic"
"AACCTAAAGCCTAAGGATCCCAAC-1","slingPseudotime_1",17.5464038567913,"CD8-41BB","aucell_exhausted_score",0.131648235913639,"exhausted"
"AACCTAAAGCCTAAGGATCCCAAC-1","slingPseudotime_1",17.5464038567913,"CD8-41BB","aucell_proliferating_score",0,"proliferating"
"AACCTAAAGCCTAAGGATCCCAAC-1","slingPseudotime_1",17.5464038567913,"CD8-41BB","aucell_naive_memory_score",0,"naive_memory"
"AACCTAAAGCCTAAGGATCCCAAC-1","slingPseudotime_1",17.5464038567913,"CD8-41BB","aucell_cytotoxic_score",0.38107776022468,"cytotoxic"
"AACCTAAAGCCTAAGGATCCCAAC-1","slingPseudotime_2",18.3423342047867,"CD8-41BB","aucell_exhausted_score",0.131648235913639,"exhausted"
"AACCTAAAGCCTAAGGATCCCAAC-1","slingPseudotime_2",18.3423342047867,"CD8-41BB","aucell_proliferating_score",0,"proliferating"
"AACCTAAAGCCTAAGGATCCCAAC-1","slingPseudotime_2",18.3423342047867,"CD8-41BB","aucell_naive_memory_score",0,"naive_memory"
"AACCTAAAGCCTAAGGATCCCAAC-1","slingPseudotime_2",18.3423342047867,"CD8-41BB","aucell_cytotoxic_score",0.38107776022468,"cytotoxic"
"AACCTAAAGCTAAACAATCCCAAC-1","slingPseudotime_1",22.4625068363893,"CD8-41BB","aucell_exhausted_score",0.147446024223275,"exhausted"
"AACCTAAAGCTAAACAATCCCAAC-1","slingPseudotime_1",22.4625068363893,"CD8-41BB","aucell_proliferating_score",0,"proliferating"
"AACCTAAAGCTAAACAATCCCAAC-1","slingPseudotime_1",22.4625068363893,"CD8-41BB","aucell_naive_memory_score",0,"naive_memory"
"AACCTAAAGCTAAACAATCCCAAC-1","slingPseudotime_1",22.4625068363893,"CD8-41BB","aucell_cytotoxic_score",0.416183956468317,"cytotoxic"
"AACCTAAAGCTAAACAATCCCAAC-1","slingPseudotime_2",23.2119763462316,"CD8-41BB","aucell_exhausted_score",0.147446024223275,"exhausted"
"AACCTAAAGCTAAACAATCCCAAC-1","slingPseudotime_2",23.2119763462316,"CD8-41BB","aucell_proliferating_score",0,"proliferating"
"AACCTAAAGCTAAACAATCCCAAC-1","slingPseudotime_2",23.2119763462316,"CD8-41BB","aucell_naive_memory_score",0,"naive_memory"
"AACCTAAAGCTAAACAATCCCAAC-1","slingPseudotime_2",23.2119763462316,"CD8-41BB","aucell_cytotoxic_score",0.416183956468317,"cytotoxic"
"AACCTATTCATGGATAATCCCAAC-1","slingPseudotime_1",24.4299922969918,"CD8-41BB","aucell_exhausted_score",0.56187467087941,"exhausted"
"AACCTATTCATGGATAATCCCAAC-1","slingPseudotime_1",24.4299922969918,"CD8-41BB","aucell_proliferating_score",0,"proliferating"
"AACCTATTCATGGATAATCCCAAC-1","slingPseudotime_1",24.4299922969918,"CD8-41BB","aucell_naive_memory_score",0.345894736842105,"naive_memory"
"AACCTATTCATGGATAATCCCAAC-1","slingPseudotime_1",24.4299922969918,"CD8-41BB","aucell_cytotoxic_score",0.323503598385115,"cytotoxic"
"AACCTATTCATGGATAATCCCAAC-1","slingPseudotime_2",25.2800964755331,"CD8-41BB","aucell_exhausted_score",0.56187467087941,"exhausted"
"AACCTATTCATGGATAATCCCAAC-1","slingPseudotime_2",25.2800964755331,"CD8-41BB","aucell_proliferating_score",0,"proliferating"
"AACCTATTCATGGATAATCCCAAC-1","slingPseudotime_2",25.2800964755331,"CD8-41BB","aucell_naive_memory_score",0.345894736842105,"naive_memory"
"AACCTATTCATGGATAATCCCAAC-1","slingPseudotime_2",25.2800964755331,"CD8-41BB","aucell_cytotoxic_score",0.323503598385115,"cytotoxic"
"AACTGAATCTAACTACATCCCAAC-1","slingPseudotime_1",9.17843136897478,"CD8-41BB","aucell_exhausted_score",0,"exhausted"
"AACTGAATCTAACTACATCCCAAC-1","slingPseudotime_1",9.17843136897478,"CD8-41BB","aucell_proliferating_score",0,"proliferating"
"AACTGAATCTAACTACATCCCAAC-1","slingPseudotime_1",9.17843136897478,"CD8-41BB","aucell_naive_memory_score",0.0349473684210526,"naive_memory"
"AACTGAATCTAACTACATCCCAAC-1","slingPseudotime_1",9.17843136897478,"CD8-41BB","aucell_cytotoxic_score",0.0502018606284009,"cytotoxic"
"AACTGAATCTAACTACATCCCAAC-1","slingPseudotime_2",9.93706372790524,"CD8-41BB","aucell_exhausted_score",0,"exhausted"
"AACTGAATCTAACTACATCCCAAC-1","slingPseudotime_2",9.93706372790524,"CD8-41BB","aucell_proliferating_score",0,"proliferating"
"AACTGAATCTAACTACATCCCAAC-1","slingPseudotime_2",9.93706372790524,"CD8-41BB","aucell_naive_memory_score",0.0349473684210526,"naive_memory"
"AACTGAATCTAACTACATCCCAAC-1","slingPseudotime_2",9.93706372790524,"CD8-41BB","aucell_cytotoxic_score",0.0502018606284009,"cytotoxic"
"AAGACAACATCCGTCAATCCCAAC-1","slingPseudotime_1",14.4230988354229,"CD8-41BB","aucell_exhausted_score",0,"exhausted"
"AAGACAACATCCGTCAATCCCAAC-1","slingPseudotime_1",14.4230988354229,"CD8-41BB","aucell_proliferating_score",0,"proliferating"
"AAGACAACATCCGTCAATCCCAAC-1","slingPseudotime_1",14.4230988354229,"CD8-41BB","aucell_naive_memory_score",0,"naive_memory"
"AAGACAACATCCGTCAATCCCAAC-1","slingPseudotime_1",14.4230988354229,"CD8-41BB","aucell_cytotoxic_score",0.315604704230297,"cytotoxic"
"AAGACAACATCCGTCAATCCCAAC-1","slingPseudotime_2",15.2808462501796,"CD8-41BB","aucell_exhausted_score",0,"exhausted"
"AAGACAACATCCGTCAATCCCAAC-1","slingPseudotime_2",15.2808462501796,"CD8-41BB","aucell_proliferating_score",0,"proliferating"
"AAGACAACATCCGTCAATCCCAAC-1","slingPseudotime_2",15.2808462501796,"CD8-41BB","aucell_naive_memory_score",0,"naive_memory"
"AAGACAACATCCGTCAATCCCAAC-1","slingPseudotime_2",15.2808462501796,"CD8-41BB","aucell_cytotoxic_score",0.315604704230297,"cytotoxic"
"AAGCAACTCGCACACTATCCCAAC-1","slingPseudotime_1",22.6326078921086,"CD8-41BB","aucell_exhausted_score",0.348428997718097,"exhausted"
"AAGCAACTCGCACACTATCCCAAC-1","slingPseudotime_1",22.6326078921086,"CD8-41BB","aucell_proliferating_score",0.0747368421052632,"proliferating"
"AAGCAACTCGCACACTATCCCAAC-1","slingPseudotime_1",22.6326078921086,"CD8-41BB","aucell_naive_memory_score",0,"naive_memory"
"AAGCAACTCGCACACTATCCCAAC-1","slingPseudotime_1",22.6326078921086,"CD8-41BB","aucell_cytotoxic_score",0.247147621555205,"cytotoxic"
"AAGCAACTCGCACACTATCCCAAC-1","slingPseudotime_2",24.3135201685192,"CD8-41BB","aucell_exhausted_score",0.348428997718097,"exhausted"
"AAGCAACTCGCACACTATCCCAAC-1","slingPseudotime_2",24.3135201685192,"CD8-41BB","aucell_proliferating_score",0.0747368421052632,"proliferating"
"AAGCAACTCGCACACTATCCCAAC-1","slingPseudotime_2",24.3135201685192,"CD8-41BB","aucell_naive_memory_score",0,"naive_memory"
"AAGCAACTCGCACACTATCCCAAC-1","slingPseudotime_2",24.3135201685192,"CD8-41BB","aucell_cytotoxic_score",0.247147621555205,"cytotoxic"
"AAGCCTTGTAATGAACATCCCAAC-1","slingPseudotime_1",21.1697672888387,"CD8-41BB","aucell_exhausted_score",0.251009303142005,"exhausted"
"AAGCCTTGTAATGAACATCCCAAC-1","slingPseudotime_1",21.1697672888387,"CD8-41BB","aucell_proliferating_score",0,"proliferating"
"AAGCCTTGTAATGAACATCCCAAC-1","slingPseudotime_1",21.1697672888387,"CD8-41BB","aucell_naive_memory_score",0,"naive_memory"
"AAGCCTTGTAATGAACATCCCAAC-1","slingPseudotime_1",21.1697672888387,"CD8-41BB","aucell_cytotoxic_score",0.413726522731262,"cytotoxic"
"AAGCCTTGTAATGAACATCCCAAC-1","slingPseudotime_2",23.1430543752012,"CD8-41BB","aucell_exhausted_score",0.251009303142005,"exhausted"
"AAGCCTTGTAATGAACATCCCAAC-1","slingPseudotime_2",23.1430543752012,"CD8-41BB","aucell_proliferating_score",0,"proliferating"
"AAGCCTTGTAATGAACATCCCAAC-1","slingPseudotime_2",23.1430543752012,"CD8-41BB","aucell_naive_memory_score",0,"naive_memory"
"AAGCCTTGTAATGAACATCCCAAC-1","slingPseudotime_2",23.1430543752012,"CD8-41BB","aucell_cytotoxic_score",0.413726522731262,"cytotoxic"
"AAGCGATTCATGATGAATCCCAAC-1","slingPseudotime_1",23.5583161056947,"CD8-41BB","aucell_exhausted_score",0.160084254870985,"exhausted"
"AAGCGATTCATGATGAATCCCAAC-1","slingPseudotime_1",23.5583161056947,"CD8-41BB","aucell_proliferating_score",0.104210526315789,"proliferating"
"AAGCGATTCATGATGAATCCCAAC-1","slingPseudotime_1",23.5583161056947,"CD8-41BB","aucell_naive_memory_score",0.00336842105263158,"naive_memory"
"AAGCGATTCATGATGAATCCCAAC-1","slingPseudotime_1",23.5583161056947,"CD8-41BB","aucell_cytotoxic_score",0.38493944181148,"cytotoxic"
"AAGCGATTCATGATGAATCCCAAC-1","slingPseudotime_2",26.7486974671907,"CD8-41BB","aucell_exhausted_score",0.160084254870985,"exhausted"
"AAGCGATTCATGATGAATCCCAAC-1","slingPseudotime_2",26.7486974671907,"CD8-41BB","aucell_proliferating_score",0.104210526315789,"proliferating"
"AAGCGATTCATGATGAATCCCAAC-1","slingPseudotime_2",26.7486974671907,"CD8-41BB","aucell_naive_memory_score",0.00336842105263158,"naive_memory"
"AAGCGATTCATGATGAATCCCAAC-1","slingPseudotime_2",26.7486974671907,"CD8-41BB","aucell_cytotoxic_score",0.38493944181148,"cytotoxic"
"AAGCTTAAGTGATTTCATCCCAAC-1","slingPseudotime_1",21.1806324710094,"CD8-41BB","aucell_exhausted_score",0.240301913287695,"exhausted"
"AAGCTTAAGTGATTTCATCCCAAC-1","slingPseudotime_1",21.1806324710094,"CD8-41BB","aucell_proliferating_score",0,"proliferating"
"AAGCTTAAGTGATTTCATCCCAAC-1","slingPseudotime_1",21.1806324710094,"CD8-41BB","aucell_naive_memory_score",0,"naive_memory"
"AAGCTTAAGTGATTTCATCCCAAC-1","slingPseudotime_1",21.1806324710094,"CD8-41BB","aucell_cytotoxic_score",0.457960329998245,"cytotoxic"
"AAGCTTAAGTGATTTCATCCCAAC-1","slingPseudotime_2",23.3606334055292,"CD8-41BB","aucell_exhausted_score",0.240301913287695,"exhausted"
"AAGCTTAAGTGATTTCATCCCAAC-1","slingPseudotime_2",23.3606334055292,"CD8-41BB","aucell_proliferating_score",0,"proliferating"
"AAGCTTAAGTGATTTCATCCCAAC-1","slingPseudotime_2",23.3606334055292,"CD8-41BB","aucell_naive_memory_score",0,"naive_memory"
"AAGCTTAAGTGATTTCATCCCAAC-1","slingPseudotime_2",23.3606334055292,"CD8-41BB","aucell_cytotoxic_score",0.457960329998245,"cytotoxic"
"AAGGCCGGTGGAAGCTATCCCAAC-1","slingPseudotime_1",7.24483101484318,"CD8-41BB","aucell_exhausted_score",0,"exhausted"
"AAGGCCGGTGGAAGCTATCCCAAC-1","slingPseudotime_1",7.24483101484318,"CD8-41BB","aucell_proliferating_score",0,"proliferating"
"AAGGCCGGTGGAAGCTATCCCAAC-1","slingPseudotime_1",7.24483101484318,"CD8-41BB","aucell_naive_memory_score",0.269684210526316,"naive_memory"
"AAGGCCGGTGGAAGCTATCCCAAC-1","slingPseudotime_1",7.24483101484318,"CD8-41BB","aucell_cytotoxic_score",0.268211339301387,"cytotoxic"
"AAGGCCGGTGGAAGCTATCCCAAC-1","slingPseudotime_2",29.7457124219531,"CD8-41BB","aucell_exhausted_score",0,"exhausted"
"AAGGCCGGTGGAAGCTATCCCAAC-1","slingPseudotime_2",29.7457124219531,"CD8-41BB","aucell_proliferating_score",0,"proliferating"
"AAGGCCGGTGGAAGCTATCCCAAC-1","slingPseudotime_2",29.7457124219531,"CD8-41BB","aucell_naive_memory_score",0.269684210526316,"naive_memory"
"AAGGCCGGTGGAAGCTATCCCAAC-1","slingPseudotime_2",29.7457124219531,"CD8-41BB","aucell_cytotoxic_score",0.268211339301387,"cytotoxic"
"AAGGCTTAGCGAAGAAATCCCAAC-1","slingPseudotime_1",11.7440507541472,"CD8-41BB","aucell_exhausted_score",0,"exhausted"
"AAGGCTTAGCGAAGAAATCCCAAC-1","slingPseudotime_1",11.7440507541472,"CD8-41BB","aucell_proliferating_score",0.0833684210526316,"proliferating"
"AAGGCTTAGCGAAGAAATCCCAAC-1","slingPseudotime_1",11.7440507541472,"CD8-41BB","aucell_naive_memory_score",0.228,"naive_memory"
"AAGGCTTAGCGAAGAAATCCCAAC-1","slingPseudotime_1",11.7440507541472,"CD8-41BB","aucell_cytotoxic_score",0.127259961383184,"cytotoxic"
"AAGGCTTAGCGAAGAAATCCCAAC-1","slingPseudotime_2",12.5499252925081,"CD8-41BB","aucell_exhausted_score",0,"exhausted"
"AAGGCTTAGCGAAGAAATCCCAAC-1","slingPseudotime_2",12.5499252925081,"CD8-41BB","aucell_proliferating_score",0.0833684210526316,"proliferating"
"AAGGCTTAGCGAAGAAATCCCAAC-1","slingPseudotime_2",12.5499252925081,"CD8-41BB","aucell_naive_memory_score",0.228,"naive_memory"
"AAGGCTTAGCGAAGAAATCCCAAC-1","slingPseudotime_2",12.5499252925081,"CD8-41BB","aucell_cytotoxic_score",0.127259961383184,"cytotoxic"
"AAGGTATGTCCAATACATCCCAAC-1","slingPseudotime_1",25.8008835479976,"CD8-41BB","aucell_exhausted_score",0.163068281551694,"exhausted"
"AAGGTATGTCCAATACATCCCAAC-1","slingPseudotime_1",25.8008835479976,"CD8-41BB","aucell_proliferating_score",0,"proliferating"
"AAGGTATGTCCAATACATCCCAAC-1","slingPseudotime_1",25.8008835479976,"CD8-41BB","aucell_naive_memory_score",0,"naive_memory"
"AAGGTATGTCCAATACATCCCAAC-1","slingPseudotime_1",25.8008835479976,"CD8-41BB","aucell_cytotoxic_score",0.155871511321748,"cytotoxic"
"AAGGTATGTCCAATACATCCCAAC-1","slingPseudotime_2",26.7941528023367,"CD8-41BB","aucell_exhausted_score",0.163068281551694,"exhausted"
"AAGGTATGTCCAATACATCCCAAC-1","slingPseudotime_2",26.7941528023367,"CD8-41BB","aucell_proliferating_score",0,"proliferating"
"AAGGTATGTCCAATACATCCCAAC-1","slingPseudotime_2",26.7941528023367,"CD8-41BB","aucell_naive_memory_score",0,"naive_memory"
"AAGGTATGTCCAATACATCCCAAC-1","slingPseudotime_2",26.7941528023367,"CD8-41BB","aucell_cytotoxic_score",0.155871511321748,"cytotoxic"
"AAGGTTGGTCCATAGTATCCCAAC-1","slingPseudotime_1",25.1576494339571,"CD8-41BB","aucell_exhausted_score",0,"exhausted"
"AAGGTTGGTCCATAGTATCCCAAC-1","slingPseudotime_1",25.1576494339571,"CD8-41BB","aucell_proliferating_score",0.0311578947368421,"proliferating"
"AAGGTTGGTCCATAGTATCCCAAC-1","slingPseudotime_1",25.1576494339571,"CD8-41BB","aucell_naive_memory_score",0.0496842105263158,"naive_memory"
"AAGGTTGGTCCATAGTATCCCAAC-1","slingPseudotime_1",25.1576494339571,"CD8-41BB","aucell_cytotoxic_score",0.149727926979112,"cytotoxic"
"AAGGTTGGTCCATAGTATCCCAAC-1","slingPseudotime_2",25.5934475943002,"CD8-41BB","aucell_exhausted_score",0,"exhausted"
"AAGGTTGGTCCATAGTATCCCAAC-1","slingPseudotime_2",25.5934475943002,"CD8-41BB","aucell_proliferating_score",0.0311578947368421,"proliferating"
"AAGGTTGGTCCATAGTATCCCAAC-1","slingPseudotime_2",25.5934475943002,"CD8-41BB","aucell_naive_memory_score",0.0496842105263158,"naive_memory"
"AAGGTTGGTCCATAGTATCCCAAC-1","slingPseudotime_2",25.5934475943002,"CD8-41BB","aucell_cytotoxic_score",0.149727926979112,"cytotoxic"
"AAGGTTGGTCCTCCATATCCCAAC-1","slingPseudotime_1",25.1576494339571,"CD8-41BB","aucell_exhausted_score",0.208706336668422,"exhausted"
"AAGGTTGGTCCTCCATATCCCAAC-1","slingPseudotime_1",25.1576494339571,"CD8-41BB","aucell_proliferating_score",0,"proliferating"
"AAGGTTGGTCCTCCATATCCCAAC-1","slingPseudotime_1",25.1576494339571,"CD8-41BB","aucell_naive_memory_score",0.197263157894737,"naive_memory"
"AAGGTTGGTCCTCCATATCCCAAC-1","slingPseudotime_1",25.1576494339571,"CD8-41BB","aucell_cytotoxic_score",0.0507284535720555,"cytotoxic"
"AAGGTTGGTCCTCCATATCCCAAC-1","slingPseudotime_2",25.9283991612063,"CD8-41BB","aucell_exhausted_score",0.208706336668422,"exhausted"
"AAGGTTGGTCCTCCATATCCCAAC-1","slingPseudotime_2",25.9283991612063,"CD8-41BB","aucell_proliferating_score",0,"proliferating"
"AAGGTTGGTCCTCCATATCCCAAC-1","slingPseudotime_2",25.9283991612063,"CD8-41BB","aucell_naive_memory_score",0.197263157894737,"naive_memory"
"AAGGTTGGTCCTCCATATCCCAAC-1","slingPseudotime_2",25.9283991612063,"CD8-41BB","aucell_cytotoxic_score",0.0507284535720555,"cytotoxic"
"AAGTACCAGAGGAGGTATCCCAAC-1","slingPseudotime_1",18.4735737644209,"CD8-41BB","aucell_exhausted_score",0.40424784974548,"exhausted"
"AAGTACCAGAGGAGGTATCCCAAC-1","slingPseudotime_1",18.4735737644209,"CD8-41BB","aucell_proliferating_score",0,"proliferating"
"AAGTACCAGAGGAGGTATCCCAAC-1","slingPseudotime_1",18.4735737644209,"CD8-41BB","aucell_naive_memory_score",0,"naive_memory"
"AAGTACCAGAGGAGGTATCCCAAC-1","slingPseudotime_1",18.4735737644209,"CD8-41BB","aucell_cytotoxic_score",0.434088116552572,"cytotoxic"
"AAGTACCAGAGGAGGTATCCCAAC-1","slingPseudotime_2",19.418673206574,"CD8-41BB","aucell_exhausted_score",0.40424784974548,"exhausted"
"AAGTACCAGAGGAGGTATCCCAAC-1","slingPseudotime_2",19.418673206574,"CD8-41BB","aucell_proliferating_score",0,"proliferating"
"AAGTACCAGAGGAGGTATCCCAAC-1","slingPseudotime_2",19.418673206574,"CD8-41BB","aucell_naive_memory_score",0,"naive_memory"
"AAGTACCAGAGGAGGTATCCCAAC-1","slingPseudotime_2",19.418673206574,"CD8-41BB","aucell_cytotoxic_score",0.434088116552572,"cytotoxic"
"AAGTTCGCATTGTACCATCCCAAC-1","slingPseudotime_1",12.5481877840915,"CD8-41BB","aucell_exhausted_score",0,"exhausted"
"AAGTTCGCATTGTACCATCCCAAC-1","slingPseudotime_1",12.5481877840915,"CD8-41BB","aucell_proliferating_score",0,"proliferating"
"AAGTTCGCATTGTACCATCCCAAC-1","slingPseudotime_1",12.5481877840915,"CD8-41BB","aucell_naive_memory_score",0,"naive_memory"
"AAGTTCGCATTGTACCATCCCAAC-1","slingPseudotime_1",12.5481877840915,"CD8-41BB","aucell_cytotoxic_score",0.270668773038441,"cytotoxic"
"AAGTTCGCATTGTACCATCCCAAC-1","slingPseudotime_2",13.4195738136966,"CD8-41BB","aucell_exhausted_score",0,"exhausted"
"AAGTTCGCATTGTACCATCCCAAC-1","slingPseudotime_2",13.4195738136966,"CD8-41BB","aucell_proliferating_score",0,"proliferating"
"AAGTTCGCATTGTACCATCCCAAC-1","slingPseudotime_2",13.4195738136966,"CD8-41BB","aucell_naive_memory_score",0,"naive_memory"
"AAGTTCGCATTGTACCATCCCAAC-1","slingPseudotime_2",13.4195738136966,"CD8-41BB","aucell_cytotoxic_score",0.270668773038441,"cytotoxic"
"AAGTTGTCATTACACCATCCCAAC-1","slingPseudotime_1",3.69253488942048,"CD8-41BB","aucell_exhausted_score",0.131121642969984,"exhausted"
"AAGTTGTCATTACACCATCCCAAC-1","slingPseudotime_1",3.69253488942048,"CD8-41BB","aucell_proliferating_score",0,"proliferating"
"AAGTTGTCATTACACCATCCCAAC-1","slingPseudotime_1",3.69253488942048,"CD8-41BB","aucell_naive_memory_score",0.139789473684211,"naive_memory"
"AAGTTGTCATTACACCATCCCAAC-1","slingPseudotime_1",3.69253488942048,"CD8-41BB","aucell_cytotoxic_score",0.321748288572933,"cytotoxic"
"AAGTTGTCATTACACCATCCCAAC-1","slingPseudotime_2",4.34665571489557,"CD8-41BB","aucell_exhausted_score",0.131121642969984,"exhausted"
"AAGTTGTCATTACACCATCCCAAC-1","slingPseudotime_2",4.34665571489557,"CD8-41BB","aucell_proliferating_score",0,"proliferating"
"AAGTTGTCATTACACCATCCCAAC-1","slingPseudotime_2",4.34665571489557,"CD8-41BB","aucell_naive_memory_score",0.139789473684211,"naive_memory"
"AAGTTGTCATTACACCATCCCAAC-1","slingPseudotime_2",4.34665571489557,"CD8-41BB","aucell_cytotoxic_score",0.321748288572933,"cytotoxic"
"AATATGGTCCAATTACATCCCAAC-1","slingPseudotime_1",16.4440417714172,"CD8-41BB","aucell_exhausted_score",0,"exhausted"
"AATATGGTCCAATTACATCCCAAC-1","slingPseudotime_1",16.4440417714172,"CD8-41BB","aucell_proliferating_score",0,"proliferating"
"AATATGGTCCAATTACATCCCAAC-1","slingPseudotime_1",16.4440417714172,"CD8-41BB","aucell_naive_memory_score",0,"naive_memory"
"AATATGGTCCAATTACATCCCAAC-1","slingPseudotime_1",16.4440417714172,"CD8-41BB","aucell_cytotoxic_score",0.328418465859224,"cytotoxic"
"AATATGGTCCAATTACATCCCAAC-1","slingPseudotime_2",17.8280305895986,"CD8-41BB","aucell_exhausted_score",0,"exhausted"
"AATATGGTCCAATTACATCCCAAC-1","slingPseudotime_2",17.8280305895986,"CD8-41BB","aucell_proliferating_score",0,"proliferating"
"AATATGGTCCAATTACATCCCAAC-1","slingPseudotime_2",17.8280305895986,"CD8-41BB","aucell_naive_memory_score",0,"naive_memory"
"AATATGGTCCAATTACATCCCAAC-1","slingPseudotime_2",17.8280305895986,"CD8-41BB","aucell_cytotoxic_score",0.328418465859224,"cytotoxic"
"AATATGGTCTAACCATATCCCAAC-1","slingPseudotime_1",24.1352180599774,"CD8-41BB","aucell_exhausted_score",0.166403370194839,"exhausted"
"AATATGGTCTAACCATATCCCAAC-1","slingPseudotime_1",24.1352180599774,"CD8-41BB","aucell_proliferating_score",0,"proliferating"
"AATATGGTCTAACCATATCCCAAC-1","slingPseudotime_1",24.1352180599774,"CD8-41BB","aucell_naive_memory_score",0.259789473684211,"naive_memory"
"AATATGGTCTAACCATATCCCAAC-1","slingPseudotime_1",24.1352180599774,"CD8-41BB","aucell_cytotoxic_score",0.129015271195366,"cytotoxic"
"AATATGGTCTAACCATATCCCAAC-1","slingPseudotime_2",28.8126607443434,"CD8-41BB","aucell_exhausted_score",0.166403370194839,"exhausted"
"AATATGGTCTAACCATATCCCAAC-1","slingPseudotime_2",28.8126607443434,"CD8-41BB","aucell_proliferating_score",0,"proliferating"
"AATATGGTCTAACCATATCCCAAC-1","slingPseudotime_2",28.8126607443434,"CD8-41BB","aucell_naive_memory_score",0.259789473684211,"naive_memory"
"AATATGGTCTAACCATATCCCAAC-1","slingPseudotime_2",28.8126607443434,"CD8-41BB","aucell_cytotoxic_score",0.129015271195366,"cytotoxic"
"AATCCAAAGTGCAACGATCCCAAC-1","slingPseudotime_1",21.3767052341645,"CD8-41BB","aucell_exhausted_score",0.118132350359839,"exhausted"
"AATCCAAAGTGCAACGATCCCAAC-1","slingPseudotime_1",21.3767052341645,"CD8-41BB","aucell_proliferating_score",0,"proliferating"
"AATCCAAAGTGCAACGATCCCAAC-1","slingPseudotime_1",21.3767052341645,"CD8-41BB","aucell_naive_memory_score",0,"naive_memory"
"AATCCAAAGTGCAACGATCCCAAC-1","slingPseudotime_1",21.3767052341645,"CD8-41BB","aucell_cytotoxic_score",0.327716341934351,"cytotoxic"
"AATCCAAAGTGCAACGATCCCAAC-1","slingPseudotime_2",28.5206822381899,"CD8-41BB","aucell_exhausted_score",0.118132350359839,"exhausted"
"AATCCAAAGTGCAACGATCCCAAC-1","slingPseudotime_2",28.5206822381899,"CD8-41BB","aucell_proliferating_score",0,"proliferating"
"AATCCAAAGTGCAACGATCCCAAC-1","slingPseudotime_2",28.5206822381899,"CD8-41BB","aucell_naive_memory_score",0,"naive_memory"
"AATCCAAAGTGCAACGATCCCAAC-1","slingPseudotime_2",28.5206822381899,"CD8-41BB","aucell_cytotoxic_score",0.327716341934351,"cytotoxic"
"AATCGCACAGAAAGGTATCCCAAC-1","slingPseudotime_1",14.4230988354229,"CD8-41BB","aucell_exhausted_score",0,"exhausted"
"AATCGCACAGAAAGGTATCCCAAC-1","slingPseudotime_1",14.4230988354229,"CD8-41BB","aucell_proliferating_score",0,"proliferating"
"AATCGCACAGAAAGGTATCCCAAC-1","slingPseudotime_1",14.4230988354229,"CD8-41BB","aucell_naive_memory_score",0,"naive_memory"
"AATCGCACAGAAAGGTATCCCAAC-1","slingPseudotime_1",14.4230988354229,"CD8-41BB","aucell_cytotoxic_score",0.330349306652624,"cytotoxic"
"AATCGCACAGAAAGGTATCCCAAC-1","slingPseudotime_2",14.9862378650517,"CD8-41BB","aucell_exhausted_score",0,"exhausted"
"AATCGCACAGAAAGGTATCCCAAC-1","slingPseudotime_2",14.9862378650517,"CD8-41BB","aucell_proliferating_score",0,"proliferating"
"AATCGCACAGAAAGGTATCCCAAC-1","slingPseudotime_2",14.9862378650517,"CD8-41BB","aucell_naive_memory_score",0,"naive_memory"
"AATCGCACAGAAAGGTATCCCAAC-1","slingPseudotime_2",14.9862378650517,"CD8-41BB","aucell_cytotoxic_score",0.330349306652624,"cytotoxic"
"AATCGCCTCACAAAGCATCCCAAC-1","slingPseudotime_1",14.3378412084746,"CD8-41BB","aucell_exhausted_score",0,"exhausted"
"AATCGCCTCACAAAGCATCCCAAC-1","slingPseudotime_1",14.3378412084746,"CD8-41BB","aucell_proliferating_score",0,"proliferating"
"AATCGCCTCACAAAGCATCCCAAC-1","slingPseudotime_1",14.3378412084746,"CD8-41BB","aucell_naive_memory_score",0,"naive_memory"
"AATCGCCTCACAAAGCATCCCAAC-1","slingPseudotime_1",14.3378412084746,"CD8-41BB","aucell_cytotoxic_score",0.328593996840442,"cytotoxic"
"AATCGCCTCACAAAGCATCCCAAC-1","slingPseudotime_2",14.9862378650517,"CD8-41BB","aucell_exhausted_score",0,"exhausted"
"AATCGCCTCACAAAGCATCCCAAC-1","slingPseudotime_2",14.9862378650517,"CD8-41BB","aucell_proliferating_score",0,"proliferating"
"AATCGCCTCACAAAGCATCCCAAC-1","slingPseudotime_2",14.9862378650517,"CD8-41BB","aucell_naive_memory_score",0,"naive_memory"
"AATCGCCTCACAAAGCATCCCAAC-1","slingPseudotime_2",14.9862378650517,"CD8-41BB","aucell_cytotoxic_score",0.328593996840442,"cytotoxic"
"AATCTCTAGGTGAGCCATCCCAAC-1","slingPseudotime_1",18.6688364744504,"CD8-41BB","aucell_exhausted_score",0.195717044058276,"exhausted"
"AATCTCTAGGTGAGCCATCCCAAC-1","slingPseudotime_1",18.6688364744504,"CD8-41BB","aucell_proliferating_score",0,"proliferating"
"AATCTCTAGGTGAGCCATCCCAAC-1","slingPseudotime_1",18.6688364744504,"CD8-41BB","aucell_naive_memory_score",0,"naive_memory"
"AATCTCTAGGTGAGCCATCCCAAC-1","slingPseudotime_1",18.6688364744504,"CD8-41BB","aucell_cytotoxic_score",0.166929963138494,"cytotoxic"
"AATCTCTAGGTGAGCCATCCCAAC-1","slingPseudotime_2",29.7627563482329,"CD8-41BB","aucell_exhausted_score",0.195717044058276,"exhausted"
"AATCTCTAGGTGAGCCATCCCAAC-1","slingPseudotime_2",29.7627563482329,"CD8-41BB","aucell_proliferating_score",0,"proliferating"
"AATCTCTAGGTGAGCCATCCCAAC-1","slingPseudotime_2",29.7627563482329,"CD8-41BB","aucell_naive_memory_score",0,"naive_memory"
"AATCTCTAGGTGAGCCATCCCAAC-1","slingPseudotime_2",29.7627563482329,"CD8-41BB","aucell_cytotoxic_score",0.166929963138494,"cytotoxic"
"AATGCGCCACCAACAAATCCCAAC-1","slingPseudotime_1",22.3038111050991,"CD8-41BB","aucell_exhausted_score",0.323503598385115,"exhausted"
"AATGCGCCACCAACAAATCCCAAC-1","slingPseudotime_1",22.3038111050991,"CD8-41BB","aucell_proliferating_score",0,"proliferating"
"AATGCGCCACCAACAAATCCCAAC-1","slingPseudotime_1",22.3038111050991,"CD8-41BB","aucell_naive_memory_score",0,"naive_memory"
"AATGCGCCACCAACAAATCCCAAC-1","slingPseudotime_1",22.3038111050991,"CD8-41BB","aucell_cytotoxic_score",0.606810602071266,"cytotoxic"
"AATGCGCCACCAACAAATCCCAAC-1","slingPseudotime_2",23.8558146322159,"CD8-41BB","aucell_exhausted_score",0.323503598385115,"exhausted"
"AATGCGCCACCAACAAATCCCAAC-1","slingPseudotime_2",23.8558146322159,"CD8-41BB","aucell_proliferating_score",0,"proliferating"
"AATGCGCCACCAACAAATCCCAAC-1","slingPseudotime_2",23.8558146322159,"CD8-41BB","aucell_naive_memory_score",0,"naive_memory"
"AATGCGCCACCAACAAATCCCAAC-1","slingPseudotime_2",23.8558146322159,"CD8-41BB","aucell_cytotoxic_score",0.606810602071266,"cytotoxic"
"AATGTGATCCCATAGCATCCCAAC-1","slingPseudotime_1",3.35478483148803,"CD8-41BB","aucell_exhausted_score",0,"exhausted"
"AATGTGATCCCATAGCATCCCAAC-1","slingPseudotime_1",3.35478483148803,"CD8-41BB","aucell_proliferating_score",0,"proliferating"
"AATGTGATCCCATAGCATCCCAAC-1","slingPseudotime_1",3.35478483148803,"CD8-41BB","aucell_naive_memory_score",0.521263157894737,"naive_memory"
"AATGTGATCCCATAGCATCCCAAC-1","slingPseudotime_1",3.35478483148803,"CD8-41BB","aucell_cytotoxic_score",0.0637177461822012,"cytotoxic"
"AATGTGATCCCATAGCATCCCAAC-1","slingPseudotime_2",3.99546681667269,"CD8-41BB","aucell_exhausted_score",0,"exhausted"
"AATGTGATCCCATAGCATCCCAAC-1","slingPseudotime_2",3.99546681667269,"CD8-41BB","aucell_proliferating_score",0,"proliferating"
"AATGTGATCCCATAGCATCCCAAC-1","slingPseudotime_2",3.99546681667269,"CD8-41BB","aucell_naive_memory_score",0.521263157894737,"naive_memory"
"AATGTGATCCCATAGCATCCCAAC-1","slingPseudotime_2",3.99546681667269,"CD8-41BB","aucell_cytotoxic_score",0.0637177461822012,"cytotoxic"
"AATGTGATCGACTTTGATCCCAAC-1","slingPseudotime_1",20.0152616791085,"CD8-41BB","aucell_exhausted_score",0.072143233280674,"exhausted"
"AATGTGATCGACTTTGATCCCAAC-1","slingPseudotime_1",20.0152616791085,"CD8-41BB","aucell_proliferating_score",0,"proliferating"
"AATGTGATCGACTTTGATCCCAAC-1","slingPseudotime_1",20.0152616791085,"CD8-41BB","aucell_naive_memory_score",0.158947368421053,"naive_memory"
"AATGTGATCGACTTTGATCCCAAC-1","slingPseudotime_1",20.0152616791085,"CD8-41BB","aucell_cytotoxic_score",0.332280147446024,"cytotoxic"
"AATGTGATCGACTTTGATCCCAAC-1","slingPseudotime_2",29.3944073879284,"CD8-41BB","aucell_exhausted_score",0.072143233280674,"exhausted"
"AATGTGATCGACTTTGATCCCAAC-1","slingPseudotime_2",29.3944073879284,"CD8-41BB","aucell_proliferating_score",0,"proliferating"
"AATGTGATCGACTTTGATCCCAAC-1","slingPseudotime_2",29.3944073879284,"CD8-41BB","aucell_naive_memory_score",0.158947368421053,"naive_memory"
"AATGTGATCGACTTTGATCCCAAC-1","slingPseudotime_2",29.3944073879284,"CD8-41BB","aucell_cytotoxic_score",0.332280147446024,"cytotoxic"
"AATTTGGAGGCACTAGATCCCAAC-1","slingPseudotime_1",24.932297879811,"CD8-41BB","aucell_exhausted_score",0.281551693873969,"exhausted"
"AATTTGGAGGCACTAGATCCCAAC-1","slingPseudotime_1",24.932297879811,"CD8-41BB","aucell_proliferating_score",0,"proliferating"
"AATTTGGAGGCACTAGATCCCAAC-1","slingPseudotime_1",24.932297879811,"CD8-41BB","aucell_naive_memory_score",0,"naive_memory"
"AATTTGGAGGCACTAGATCCCAAC-1","slingPseudotime_1",24.932297879811,"CD8-41BB","aucell_cytotoxic_score",0.160259785852203,"cytotoxic"
"AATTTGGAGGCACTAGATCCCAAC-1","slingPseudotime_2",27.5971254110875,"CD8-41BB","aucell_exhausted_score",0.281551693873969,"exhausted"
"AATTTGGAGGCACTAGATCCCAAC-1","slingPseudotime_2",27.5971254110875,"CD8-41BB","aucell_proliferating_score",0,"proliferating"
"AATTTGGAGGCACTAGATCCCAAC-1","slingPseudotime_2",27.5971254110875,"CD8-41BB","aucell_naive_memory_score",0,"naive_memory"
"AATTTGGAGGCACTAGATCCCAAC-1","slingPseudotime_2",27.5971254110875,"CD8-41BB","aucell_cytotoxic_score",0.160259785852203,"cytotoxic"
"ACAAACCAGGCTTAAAATCCCAAC-1","slingPseudotime_1",4.54813799886415,"CD8-41BB","aucell_exhausted_score",0,"exhausted"
"ACAAACCAGGCTTAAAATCCCAAC-1","slingPseudotime_1",4.54813799886415,"CD8-41BB","aucell_proliferating_score",0,"proliferating"
"ACAAACCAGGCTTAAAATCCCAAC-1","slingPseudotime_1",4.54813799886415,"CD8-41BB","aucell_naive_memory_score",0.452842105263158,"naive_memory"
"ACAAACCAGGCTTAAAATCCCAAC-1","slingPseudotime_1",4.54813799886415,"CD8-41BB","aucell_cytotoxic_score",0,"cytotoxic"
"ACAAACCAGGCTTAAAATCCCAAC-1","slingPseudotime_2",5.18997630848798,"CD8-41BB","aucell_exhausted_score",0,"exhausted"
"ACAAACCAGGCTTAAAATCCCAAC-1","slingPseudotime_2",5.18997630848798,"CD8-41BB","aucell_proliferating_score",0,"proliferating"
"ACAAACCAGGCTTAAAATCCCAAC-1","slingPseudotime_2",5.18997630848798,"CD8-41BB","aucell_naive_memory_score",0.452842105263158,"naive_memory"
"ACAAACCAGGCTTAAAATCCCAAC-1","slingPseudotime_2",5.18997630848798,"CD8-41BB","aucell_cytotoxic_score",0,"cytotoxic"
"ACAAAGGAGTCGTTCAATCCCAAC-1","slingPseudotime_1",38.3885522289482,"CD8-41BB","aucell_exhausted_score",0.0861857117781288,"exhausted"
"ACAAAGGAGTCGTTCAATCCCAAC-1","slingPseudotime_1",38.3885522289482,"CD8-41BB","aucell_proliferating_score",0.122526315789474,"proliferating"
"ACAAAGGAGTCGTTCAATCCCAAC-1","slingPseudotime_1",38.3885522289482,"CD8-41BB","aucell_naive_memory_score",0.0208421052631579,"naive_memory"
"ACAAAGGAGTCGTTCAATCCCAAC-1","slingPseudotime_1",38.3885522289482,"CD8-41BB","aucell_cytotoxic_score",0.317886606986133,"cytotoxic"
"ACACAATCAGGTATTGATCCCAAC-1","slingPseudotime_1",9.76369094560169,"CD8-41BB","aucell_exhausted_score",0,"exhausted"
"ACACAATCAGGTATTGATCCCAAC-1","slingPseudotime_1",9.76369094560169,"CD8-41BB","aucell_proliferating_score",0,"proliferating"
"ACACAATCAGGTATTGATCCCAAC-1","slingPseudotime_1",9.76369094560169,"CD8-41BB","aucell_naive_memory_score",0.453473684210526,"naive_memory"
"ACACAATCAGGTATTGATCCCAAC-1","slingPseudotime_1",9.76369094560169,"CD8-41BB","aucell_cytotoxic_score",0.14797261716693,"cytotoxic"
"ACACAATCAGGTATTGATCCCAAC-1","slingPseudotime_2",10.4680357222744,"CD8-41BB","aucell_exhausted_score",0,"exhausted"
"ACACAATCAGGTATTGATCCCAAC-1","slingPseudotime_2",10.4680357222744,"CD8-41BB","aucell_proliferating_score",0,"proliferating"
"ACACAATCAGGTATTGATCCCAAC-1","slingPseudotime_2",10.4680357222744,"CD8-41BB","aucell_naive_memory_score",0.453473684210526,"naive_memory"
"ACACAATCAGGTATTGATCCCAAC-1","slingPseudotime_2",10.4680357222744,"CD8-41BB","aucell_cytotoxic_score",0.14797261716693,"cytotoxic"
"ACACCAACAACAGCACATCCCAAC-1","slingPseudotime_1",14.4415056596132,"CD8-41BB","aucell_exhausted_score",0,"exhausted"
"ACACCAACAACAGCACATCCCAAC-1","slingPseudotime_1",14.4415056596132,"CD8-41BB","aucell_proliferating_score",0,"proliferating"
"ACACCAACAACAGCACATCCCAAC-1","slingPseudotime_1",14.4415056596132,"CD8-41BB","aucell_naive_memory_score",0.0934736842105263,"naive_memory"
"ACACCAACAACAGCACATCCCAAC-1","slingPseudotime_1",14.4415056596132,"CD8-41BB","aucell_cytotoxic_score",0.354221520098297,"cytotoxic"
"ACACCAACAACAGCACATCCCAAC-1","slingPseudotime_2",15.4589266679988,"CD8-41BB","aucell_exhausted_score",0,"exhausted"
"ACACCAACAACAGCACATCCCAAC-1","slingPseudotime_2",15.4589266679988,"CD8-41BB","aucell_proliferating_score",0,"proliferating"
"ACACCAACAACAGCACATCCCAAC-1","slingPseudotime_2",15.4589266679988,"CD8-41BB","aucell_naive_memory_score",0.0934736842105263,"naive_memory"
"ACACCAACAACAGCACATCCCAAC-1","slingPseudotime_2",15.4589266679988,"CD8-41BB","aucell_cytotoxic_score",0.354221520098297,"cytotoxic"
"ACACTAAAGAGGAGTAATCCCAAC-1","slingPseudotime_1",21.8539927954654,"CD8-41BB","aucell_exhausted_score",0.118834474284711,"exhausted"
"ACACTAAAGAGGAGTAATCCCAAC-1","slingPseudotime_1",21.8539927954654,"CD8-41BB","aucell_proliferating_score",0,"proliferating"
"ACACTAAAGAGGAGTAATCCCAAC-1","slingPseudotime_1",21.8539927954654,"CD8-41BB","aucell_naive_memory_score",0.146736842105263,"naive_memory"
"ACACTAAAGAGGAGTAATCCCAAC-1","slingPseudotime_1",21.8539927954654,"CD8-41BB","aucell_cytotoxic_score",0.299104791995787,"cytotoxic"
"ACACTAAAGAGGAGTAATCCCAAC-1","slingPseudotime_2",23.4369392669675,"CD8-41BB","aucell_exhausted_score",0.118834474284711,"exhausted"
"ACACTAAAGAGGAGTAATCCCAAC-1","slingPseudotime_2",23.4369392669675,"CD8-41BB","aucell_proliferating_score",0,"proliferating"
"ACACTAAAGAGGAGTAATCCCAAC-1","slingPseudotime_2",23.4369392669675,"CD8-41BB","aucell_naive_memory_score",0.146736842105263,"naive_memory"
"ACACTAAAGAGGAGTAATCCCAAC-1","slingPseudotime_2",23.4369392669675,"CD8-41BB","aucell_cytotoxic_score",0.299104791995787,"cytotoxic"
"ACAGCCGCAATTAGACATCCCAAC-1","slingPseudotime_1",30.7696748089949,"CD8-41BB","aucell_exhausted_score",0.257855011409514,"exhausted"
"ACAGCCGCAATTAGACATCCCAAC-1","slingPseudotime_1",30.7696748089949,"CD8-41BB","aucell_proliferating_score",0,"proliferating"
"ACAGCCGCAATTAGACATCCCAAC-1","slingPseudotime_1",30.7696748089949,"CD8-41BB","aucell_naive_memory_score",0,"naive_memory"
"ACAGCCGCAATTAGACATCCCAAC-1","slingPseudotime_1",30.7696748089949,"CD8-41BB","aucell_cytotoxic_score",0,"cytotoxic"
"ACAGGTAGTGTTGCTGATCCCAAC-1","slingPseudotime_1",17.7776292663693,"CD8-41BB","aucell_exhausted_score",0.169562927856767,"exhausted"
"ACAGGTAGTGTTGCTGATCCCAAC-1","slingPseudotime_1",17.7776292663693,"CD8-41BB","aucell_proliferating_score",0,"proliferating"
"ACAGGTAGTGTTGCTGATCCCAAC-1","slingPseudotime_1",17.7776292663693,"CD8-41BB","aucell_naive_memory_score",0.0812631578947368,"naive_memory"
"ACAGGTAGTGTTGCTGATCCCAAC-1","slingPseudotime_1",17.7776292663693,"CD8-41BB","aucell_cytotoxic_score",0.162717219589258,"cytotoxic"
"ACAGGTAGTGTTGCTGATCCCAAC-1","slingPseudotime_2",19.3811315260939,"CD8-41BB","aucell_exhausted_score",0.169562927856767,"exhausted"
"ACAGGTAGTGTTGCTGATCCCAAC-1","slingPseudotime_2",19.3811315260939,"CD8-41BB","aucell_proliferating_score",0,"proliferating"
"ACAGGTAGTGTTGCTGATCCCAAC-1","slingPseudotime_2",19.3811315260939,"CD8-41BB","aucell_naive_memory_score",0.0812631578947368,"naive_memory"
"ACAGGTAGTGTTGCTGATCCCAAC-1","slingPseudotime_2",19.3811315260939,"CD8-41BB","aucell_cytotoxic_score",0.162717219589258,"cytotoxic"
"ACATAGTCAGGATTATATCCCAAC-1","slingPseudotime_1",15.7694742383705,"CD8-41BB","aucell_exhausted_score",0.114446199754257,"exhausted"
"ACATAGTCAGGATTATATCCCAAC-1","slingPseudotime_1",15.7694742383705,"CD8-41BB","aucell_proliferating_score",0,"proliferating"
"ACATAGTCAGGATTATATCCCAAC-1","slingPseudotime_1",15.7694742383705,"CD8-41BB","aucell_naive_memory_score",0,"naive_memory"
"ACATAGTCAGGATTATATCCCAAC-1","slingPseudotime_1",15.7694742383705,"CD8-41BB","aucell_cytotoxic_score",0.159733192908548,"cytotoxic"
"ACATAGTCAGGATTATATCCCAAC-1","slingPseudotime_2",16.7167352311337,"CD8-41BB","aucell_exhausted_score",0.114446199754257,"exhausted"
"ACATAGTCAGGATTATATCCCAAC-1","slingPseudotime_2",16.7167352311337,"CD8-41BB","aucell_proliferating_score",0,"proliferating"
"ACATAGTCAGGATTATATCCCAAC-1","slingPseudotime_2",16.7167352311337,"CD8-41BB","aucell_naive_memory_score",0,"naive_memory"
"ACATAGTCAGGATTATATCCCAAC-1","slingPseudotime_2",16.7167352311337,"CD8-41BB","aucell_cytotoxic_score",0.159733192908548,"cytotoxic"
"ACATTGTTCGATATTCATCCCAAC-1","slingPseudotime_1",25.8008835479976,"CD8-41BB","aucell_exhausted_score",0,"exhausted"
"ACATTGTTCGATATTCATCCCAAC-1","slingPseudotime_1",25.8008835479976,"CD8-41BB","aucell_proliferating_score",0,"proliferating"
"ACATTGTTCGATATTCATCCCAAC-1","slingPseudotime_1",25.8008835479976,"CD8-41BB","aucell_naive_memory_score",0.276210526315789,"naive_memory"
"ACATTGTTCGATATTCATCCCAAC-1","slingPseudotime_1",25.8008835479976,"CD8-41BB","aucell_cytotoxic_score",0.145164121467439,"cytotoxic"
"ACATTGTTCGATATTCATCCCAAC-1","slingPseudotime_2",25.9499767993902,"CD8-41BB","aucell_exhausted_score",0,"exhausted"
"ACATTGTTCGATATTCATCCCAAC-1","slingPseudotime_2",25.9499767993902,"CD8-41BB","aucell_proliferating_score",0,"proliferating"
"ACATTGTTCGATATTCATCCCAAC-1","slingPseudotime_2",25.9499767993902,"CD8-41BB","aucell_naive_memory_score",0.276210526315789,"naive_memory"
"ACATTGTTCGATATTCATCCCAAC-1","slingPseudotime_2",25.9499767993902,"CD8-41BB","aucell_cytotoxic_score",0.145164121467439,"cytotoxic"
"ACCAGGTCATCACTCGATCCCAAC-1","slingPseudotime_1",4.53115867094641,"CD8-41BB","aucell_exhausted_score",0.170089520800421,"exhausted"
"ACCAGGTCATCACTCGATCCCAAC-1","slingPseudotime_1",4.53115867094641,"CD8-41BB","aucell_proliferating_score",0,"proliferating"
"ACCAGGTCATCACTCGATCCCAAC-1","slingPseudotime_1",4.53115867094641,"CD8-41BB","aucell_naive_memory_score",0,"naive_memory"
"ACCAGGTCATCACTCGATCCCAAC-1","slingPseudotime_1",4.53115867094641,"CD8-41BB","aucell_cytotoxic_score",0.24082850623135,"cytotoxic"
"ACCAGGTCATCACTCGATCCCAAC-1","slingPseudotime_2",5.18169088603647,"CD8-41BB","aucell_exhausted_score",0.170089520800421,"exhausted"
"ACCAGGTCATCACTCGATCCCAAC-1","slingPseudotime_2",5.18169088603647,"CD8-41BB","aucell_proliferating_score",0,"proliferating"
"ACCAGGTCATCACTCGATCCCAAC-1","slingPseudotime_2",5.18169088603647,"CD8-41BB","aucell_naive_memory_score",0,"naive_memory"
"ACCAGGTCATCACTCGATCCCAAC-1","slingPseudotime_2",5.18169088603647,"CD8-41BB","aucell_cytotoxic_score",0.24082850623135,"cytotoxic"
"ACCCAAACACGTAGGTATCCCAAC-1","slingPseudotime_1",6.97617171919865,"CD8-41BB","aucell_exhausted_score",0.124100403721257,"exhausted"
"ACCCAAACACGTAGGTATCCCAAC-1","slingPseudotime_1",6.97617171919865,"CD8-41BB","aucell_proliferating_score",0,"proliferating"
"ACCCAAACACGTAGGTATCCCAAC-1","slingPseudotime_1",6.97617171919865,"CD8-41BB","aucell_naive_memory_score",0.267578947368421,"naive_memory"
"ACCCAAACACGTAGGTATCCCAAC-1","slingPseudotime_1",6.97617171919865,"CD8-41BB","aucell_cytotoxic_score",0,"cytotoxic"
"ACCCAAACACGTAGGTATCCCAAC-1","slingPseudotime_2",7.61639797650331,"CD8-41BB","aucell_exhausted_score",0.124100403721257,"exhausted"
"ACCCAAACACGTAGGTATCCCAAC-1","slingPseudotime_2",7.61639797650331,"CD8-41BB","aucell_proliferating_score",0,"proliferating"
"ACCCAAACACGTAGGTATCCCAAC-1","slingPseudotime_2",7.61639797650331,"CD8-41BB","aucell_naive_memory_score",0.267578947368421,"naive_memory"
"ACCCAAACACGTAGGTATCCCAAC-1","slingPseudotime_2",7.61639797650331,"CD8-41BB","aucell_cytotoxic_score",0,"cytotoxic"
"ACCCGTTAGTCGAAACATCCCAAC-1","slingPseudotime_1",18.5607118392856,"CD8-41BB","aucell_exhausted_score",0.208004212743549,"exhausted"
"ACCCGTTAGTCGAAACATCCCAAC-1","slingPseudotime_1",18.5607118392856,"CD8-41BB","aucell_proliferating_score",0,"proliferating"
"ACCCGTTAGTCGAAACATCCCAAC-1","slingPseudotime_1",18.5607118392856,"CD8-41BB","aucell_naive_memory_score",0,"naive_memory"
"ACCCGTTAGTCGAAACATCCCAAC-1","slingPseudotime_1",18.5607118392856,"CD8-41BB","aucell_cytotoxic_score",0.332280147446024,"cytotoxic"
"ACCCGTTAGTCGAAACATCCCAAC-1","slingPseudotime_2",19.7640878845031,"CD8-41BB","aucell_exhausted_score",0.208004212743549,"exhausted"
"ACCCGTTAGTCGAAACATCCCAAC-1","slingPseudotime_2",19.7640878845031,"CD8-41BB","aucell_proliferating_score",0,"proliferating"
"ACCCGTTAGTCGAAACATCCCAAC-1","slingPseudotime_2",19.7640878845031,"CD8-41BB","aucell_naive_memory_score",0,"naive_memory"
"ACCCGTTAGTCGAAACATCCCAAC-1","slingPseudotime_2",19.7640878845031,"CD8-41BB","aucell_cytotoxic_score",0.332280147446024,"cytotoxic"
"ACCCTCACAACTTAGGATCCCAAC-1","slingPseudotime_1",14.7587926588303,"CD8-41BB","aucell_exhausted_score",0,"exhausted"
"ACCCTCACAACTTAGGATCCCAAC-1","slingPseudotime_1",14.7587926588303,"CD8-41BB","aucell_proliferating_score",0,"proliferating"
"ACCCTCACAACTTAGGATCCCAAC-1","slingPseudotime_1",14.7587926588303,"CD8-41BB","aucell_naive_memory_score",0.191368421052632,"naive_memory"
"ACCCTCACAACTTAGGATCCCAAC-1","slingPseudotime_1",14.7587926588303,"CD8-41BB","aucell_cytotoxic_score",0.161839564683167,"cytotoxic"
"ACCCTCACAACTTAGGATCCCAAC-1","slingPseudotime_2",15.5733204092834,"CD8-41BB","aucell_exhausted_score",0,"exhausted"
"ACCCTCACAACTTAGGATCCCAAC-1","slingPseudotime_2",15.5733204092834,"CD8-41BB","aucell_proliferating_score",0,"proliferating"
"ACCCTCACAACTTAGGATCCCAAC-1","slingPseudotime_2",15.5733204092834,"CD8-41BB","aucell_naive_memory_score",0.191368421052632,"naive_memory"
"ACCCTCACAACTTAGGATCCCAAC-1","slingPseudotime_2",15.5733204092834,"CD8-41BB","aucell_cytotoxic_score",0.161839564683167,"cytotoxic"
"ACCCTCCTCATGATGAATCCCAAC-1","slingPseudotime_1",61.7248974757459,"CD8-41BB","aucell_exhausted_score",0,"exhausted"
"ACCCTCCTCATGATGAATCCCAAC-1","slingPseudotime_1",61.7248974757459,"CD8-41BB","aucell_proliferating_score",0.431789473684211,"proliferating"
"ACCCTCCTCATGATGAATCCCAAC-1","slingPseudotime_1",61.7248974757459,"CD8-41BB","aucell_naive_memory_score",0,"naive_memory"
"ACCCTCCTCATGATGAATCCCAAC-1","slingPseudotime_1",61.7248974757459,"CD8-41BB","aucell_cytotoxic_score",0.4932420572231,"cytotoxic"
"ACCCTCCTCTTTAGCGATCCCAAC-1","slingPseudotime_1",18.2904719731793,"CD8-41BB","aucell_exhausted_score",0.386343689661225,"exhausted"
"ACCCTCCTCTTTAGCGATCCCAAC-1","slingPseudotime_1",18.2904719731793,"CD8-41BB","aucell_proliferating_score",0,"proliferating"
"ACCCTCCTCTTTAGCGATCCCAAC-1","slingPseudotime_1",18.2904719731793,"CD8-41BB","aucell_naive_memory_score",0,"naive_memory"
"ACCCTCCTCTTTAGCGATCCCAAC-1","slingPseudotime_1",18.2904719731793,"CD8-41BB","aucell_cytotoxic_score",0.307354748113042,"cytotoxic"
"ACCCTCCTCTTTAGCGATCCCAAC-1","slingPseudotime_2",18.6531099857788,"CD8-41BB","aucell_exhausted_score",0.386343689661225,"exhausted"
"ACCCTCCTCTTTAGCGATCCCAAC-1","slingPseudotime_2",18.6531099857788,"CD8-41BB","aucell_proliferating_score",0,"proliferating"
"ACCCTCCTCTTTAGCGATCCCAAC-1","slingPseudotime_2",18.6531099857788,"CD8-41BB","aucell_naive_memory_score",0,"naive_memory"
"ACCCTCCTCTTTAGCGATCCCAAC-1","slingPseudotime_2",18.6531099857788,"CD8-41BB","aucell_cytotoxic_score",0.307354748113042,"cytotoxic"
"ACCCTGGTCTAATGAGATCCCAAC-1","slingPseudotime_1",13.7150306697509,"CD8-41BB","aucell_exhausted_score",0.0552922590837283,"exhausted"
"ACCCTGGTCTAATGAGATCCCAAC-1","slingPseudotime_1",13.7150306697509,"CD8-41BB","aucell_proliferating_score",0.110736842105263,"proliferating"
"ACCCTGGTCTAATGAGATCCCAAC-1","slingPseudotime_1",13.7150306697509,"CD8-41BB","aucell_naive_memory_score",0,"naive_memory"
"ACCCTGGTCTAATGAGATCCCAAC-1","slingPseudotime_1",13.7150306697509,"CD8-41BB","aucell_cytotoxic_score",0,"cytotoxic"
"ACCCTGGTCTAATGAGATCCCAAC-1","slingPseudotime_2",14.3896053061199,"CD8-41BB","aucell_exhausted_score",0.0552922590837283,"exhausted"
"ACCCTGGTCTAATGAGATCCCAAC-1","slingPseudotime_2",14.3896053061199,"CD8-41BB","aucell_proliferating_score",0.110736842105263,"proliferating"
"ACCCTGGTCTAATGAGATCCCAAC-1","slingPseudotime_2",14.3896053061199,"CD8-41BB","aucell_naive_memory_score",0,"naive_memory"
"ACCCTGGTCTAATGAGATCCCAAC-1","slingPseudotime_2",14.3896053061199,"CD8-41BB","aucell_cytotoxic_score",0,"cytotoxic"
"ACCGAAGTCAAGCCAGATCCCAAC-1","slingPseudotime_1",17.7963277997658,"CD8-41BB","aucell_exhausted_score",0.429524311040899,"exhausted"
"ACCGAAGTCAAGCCAGATCCCAAC-1","slingPseudotime_1",17.7963277997658,"CD8-41BB","aucell_proliferating_score",0,"proliferating"
"ACCGAAGTCAAGCCAGATCCCAAC-1","slingPseudotime_1",17.7963277997658,"CD8-41BB","aucell_naive_memory_score",0,"naive_memory"
"ACCGAAGTCAAGCCAGATCCCAAC-1","slingPseudotime_1",17.7963277997658,"CD8-41BB","aucell_cytotoxic_score",0.492013340354573,"cytotoxic"
"ACCGAAGTCAAGCCAGATCCCAAC-1","slingPseudotime_2",19.4189245581403,"CD8-41BB","aucell_exhausted_score",0.429524311040899,"exhausted"
"ACCGAAGTCAAGCCAGATCCCAAC-1","slingPseudotime_2",19.4189245581403,"CD8-41BB","aucell_proliferating_score",0,"proliferating"
"ACCGAAGTCAAGCCAGATCCCAAC-1","slingPseudotime_2",19.4189245581403,"CD8-41BB","aucell_naive_memory_score",0,"naive_memory"
"ACCGAAGTCAAGCCAGATCCCAAC-1","slingPseudotime_2",19.4189245581403,"CD8-41BB","aucell_cytotoxic_score",0.492013340354573,"cytotoxic"
"ACCGCCTCACTCCCTTATCCCAAC-1","slingPseudotime_1",17.1197620418731,"CD8-41BB","aucell_exhausted_score",0.046515710022819,"exhausted"
"ACCGCCTCACTCCCTTATCCCAAC-1","slingPseudotime_1",17.1197620418731,"CD8-41BB","aucell_proliferating_score",0,"proliferating"
"ACCGCCTCACTCCCTTATCCCAAC-1","slingPseudotime_1",17.1197620418731,"CD8-41BB","aucell_naive_memory_score",0,"naive_memory"
"ACCGCCTCACTCCCTTATCCCAAC-1","slingPseudotime_1",17.1197620418731,"CD8-41BB","aucell_cytotoxic_score",0.822889239950851,"cytotoxic"
"ACCGCCTCACTCCCTTATCCCAAC-1","slingPseudotime_2",18.6287015622107,"CD8-41BB","aucell_exhausted_score",0.046515710022819,"exhausted"
"ACCGCCTCACTCCCTTATCCCAAC-1","slingPseudotime_2",18.6287015622107,"CD8-41BB","aucell_proliferating_score",0,"proliferating"
"ACCGCCTCACTCCCTTATCCCAAC-1","slingPseudotime_2",18.6287015622107,"CD8-41BB","aucell_naive_memory_score",0,"naive_memory"
"ACCGCCTCACTCCCTTATCCCAAC-1","slingPseudotime_2",18.6287015622107,"CD8-41BB","aucell_cytotoxic_score",0.822889239950851,"cytotoxic"
"ACCTAGTGTCATTATGATCCCAAC-1","slingPseudotime_1",14.4230988354229,"CD8-41BB","aucell_exhausted_score",0.0233456205020186,"exhausted"
"ACCTAGTGTCATTATGATCCCAAC-1","slingPseudotime_1",14.4230988354229,"CD8-41BB","aucell_proliferating_score",0,"proliferating"
"ACCTAGTGTCATTATGATCCCAAC-1","slingPseudotime_1",14.4230988354229,"CD8-41BB","aucell_naive_memory_score",0,"naive_memory"
"ACCTAGTGTCATTATGATCCCAAC-1","slingPseudotime_1",14.4230988354229,"CD8-41BB","aucell_cytotoxic_score",0.138845006143584,"cytotoxic"
"ACCTAGTGTCATTATGATCCCAAC-1","slingPseudotime_2",15.2808462501796,"CD8-41BB","aucell_exhausted_score",0.0233456205020186,"exhausted"
"ACCTAGTGTCATTATGATCCCAAC-1","slingPseudotime_2",15.2808462501796,"CD8-41BB","aucell_proliferating_score",0,"proliferating"
"ACCTAGTGTCATTATGATCCCAAC-1","slingPseudotime_2",15.2808462501796,"CD8-41BB","aucell_naive_memory_score",0,"naive_memory"
"ACCTAGTGTCATTATGATCCCAAC-1","slingPseudotime_2",15.2808462501796,"CD8-41BB","aucell_cytotoxic_score",0.138845006143584,"cytotoxic"
"ACGAGGGAGATTATCCATCCCAAC-1","slingPseudotime_1",22.8811889329617,"CD8-41BB","aucell_exhausted_score",0.331402492539933,"exhausted"
"ACGAGGGAGATTATCCATCCCAAC-1","slingPseudotime_1",22.8811889329617,"CD8-41BB","aucell_proliferating_score",0,"proliferating"
"ACGAGGGAGATTATCCATCCCAAC-1","slingPseudotime_1",22.8811889329617,"CD8-41BB","aucell_naive_memory_score",0.130947368421053,"naive_memory"
"ACGAGGGAGATTATCCATCCCAAC-1","slingPseudotime_1",22.8811889329617,"CD8-41BB","aucell_cytotoxic_score",0.162190626645603,"cytotoxic"
"ACGAGGGAGATTATCCATCCCAAC-1","slingPseudotime_2",27.0260098070508,"CD8-41BB","aucell_exhausted_score",0.331402492539933,"exhausted"
"ACGAGGGAGATTATCCATCCCAAC-1","slingPseudotime_2",27.0260098070508,"CD8-41BB","aucell_proliferating_score",0,"proliferating"
"ACGAGGGAGATTATCCATCCCAAC-1","slingPseudotime_2",27.0260098070508,"CD8-41BB","aucell_naive_memory_score",0.130947368421053,"naive_memory"
"ACGAGGGAGATTATCCATCCCAAC-1","slingPseudotime_2",27.0260098070508,"CD8-41BB","aucell_cytotoxic_score",0.162190626645603,"cytotoxic"
"ACGAGGGAGTCAATGAATCCCAAC-1","slingPseudotime_1",22.5241537551408,"CD8-41BB","aucell_exhausted_score",0.538529050377392,"exhausted"
"ACGAGGGAGTCAATGAATCCCAAC-1","slingPseudotime_1",22.5241537551408,"CD8-41BB","aucell_proliferating_score",0,"proliferating"
"ACGAGGGAGTCAATGAATCCCAAC-1","slingPseudotime_1",22.5241537551408,"CD8-41BB","aucell_naive_memory_score",0,"naive_memory"
"ACGAGGGAGTCAATGAATCCCAAC-1","slingPseudotime_1",22.5241537551408,"CD8-41BB","aucell_cytotoxic_score",0.493944181147973,"cytotoxic"
"ACGAGGGAGTCAATGAATCCCAAC-1","slingPseudotime_2",23.623240487647,"CD8-41BB","aucell_exhausted_score",0.538529050377392,"exhausted"
"ACGAGGGAGTCAATGAATCCCAAC-1","slingPseudotime_2",23.623240487647,"CD8-41BB","aucell_proliferating_score",0,"proliferating"
"ACGAGGGAGTCAATGAATCCCAAC-1","slingPseudotime_2",23.623240487647,"CD8-41BB","aucell_naive_memory_score",0,"naive_memory"
"ACGAGGGAGTCAATGAATCCCAAC-1","slingPseudotime_2",23.623240487647,"CD8-41BB","aucell_cytotoxic_score",0.493944181147973,"cytotoxic"
"ACGATTCGTTGCGGGAATCCCAAC-1","slingPseudotime_1",24.5076291914607,"CD8-41BB","aucell_exhausted_score",0.0507284535720555,"exhausted"
"ACGATTCGTTGCGGGAATCCCAAC-1","slingPseudotime_1",24.5076291914607,"CD8-41BB","aucell_proliferating_score",0.0644210526315789,"proliferating"
"ACGATTCGTTGCGGGAATCCCAAC-1","slingPseudotime_1",24.5076291914607,"CD8-41BB","aucell_naive_memory_score",0,"naive_memory"
"ACGATTCGTTGCGGGAATCCCAAC-1","slingPseudotime_1",24.5076291914607,"CD8-41BB","aucell_cytotoxic_score",0,"cytotoxic"
"ACGATTCGTTGCGGGAATCCCAAC-1","slingPseudotime_2",26.2089847355456,"CD8-41BB","aucell_exhausted_score",0.0507284535720555,"exhausted"
"ACGATTCGTTGCGGGAATCCCAAC-1","slingPseudotime_2",26.2089847355456,"CD8-41BB","aucell_proliferating_score",0.0644210526315789,"proliferating"
"ACGATTCGTTGCGGGAATCCCAAC-1","slingPseudotime_2",26.2089847355456,"CD8-41BB","aucell_naive_memory_score",0,"naive_memory"
"ACGATTCGTTGCGGGAATCCCAAC-1","slingPseudotime_2",26.2089847355456,"CD8-41BB","aucell_cytotoxic_score",0,"cytotoxic"
"ACGCACGCAGGCAACTATCCCAAC-1","slingPseudotime_1",14.4230988354229,"CD8-41BB","aucell_exhausted_score",0.205546779006495,"exhausted"
"ACGCACGCAGGCAACTATCCCAAC-1","slingPseudotime_1",14.4230988354229,"CD8-41BB","aucell_proliferating_score",0,"proliferating"
"ACGCACGCAGGCAACTATCCCAAC-1","slingPseudotime_1",14.4230988354229,"CD8-41BB","aucell_naive_memory_score",0.0978947368421053,"naive_memory"
"ACGCACGCAGGCAACTATCCCAAC-1","slingPseudotime_1",14.4230988354229,"CD8-41BB","aucell_cytotoxic_score",0.28436018957346,"cytotoxic"
"ACGCACGCAGGCAACTATCCCAAC-1","slingPseudotime_2",15.0709879734822,"CD8-41BB","aucell_exhausted_score",0.205546779006495,"exhausted"
"ACGCACGCAGGCAACTATCCCAAC-1","slingPseudotime_2",15.0709879734822,"CD8-41BB","aucell_proliferating_score",0,"proliferating"
"ACGCACGCAGGCAACTATCCCAAC-1","slingPseudotime_2",15.0709879734822,"CD8-41BB","aucell_naive_memory_score",0.0978947368421053,"naive_memory"
"ACGCACGCAGGCAACTATCCCAAC-1","slingPseudotime_2",15.0709879734822,"CD8-41BB","aucell_cytotoxic_score",0.28436018957346,"cytotoxic"
"ACGGAACGTGGTTAAGATCCCAAC-1","slingPseudotime_1",43.3872823467751,"CD8-41BB","aucell_exhausted_score",0.0414253115674917,"exhausted"
"ACGGAACGTGGTTAAGATCCCAAC-1","slingPseudotime_1",43.3872823467751,"CD8-41BB","aucell_proliferating_score",0.343368421052632,"proliferating"
"ACGGAACGTGGTTAAGATCCCAAC-1","slingPseudotime_1",43.3872823467751,"CD8-41BB","aucell_naive_memory_score",0,"naive_memory"
"ACGGAACGTGGTTAAGATCCCAAC-1","slingPseudotime_1",43.3872823467751,"CD8-41BB","aucell_cytotoxic_score",0.333508864314552,"cytotoxic"
"ACGGAACGTTCCGTGAATCCCAAC-1","slingPseudotime_1",10.4200083549232,"CD8-41BB","aucell_exhausted_score",0,"exhausted"
"ACGGAACGTTCCGTGAATCCCAAC-1","slingPseudotime_1",10.4200083549232,"CD8-41BB","aucell_proliferating_score",0,"proliferating"
"ACGGAACGTTCCGTGAATCCCAAC-1","slingPseudotime_1",10.4200083549232,"CD8-41BB","aucell_naive_memory_score",0.628631578947368,"naive_memory"
"ACGGAACGTTCCGTGAATCCCAAC-1","slingPseudotime_1",10.4200083549232,"CD8-41BB","aucell_cytotoxic_score",0.182903282429349,"cytotoxic"
"ACGGAACGTTCCGTGAATCCCAAC-1","slingPseudotime_2",11.1904636504654,"CD8-41BB","aucell_exhausted_score",0,"exhausted"
"ACGGAACGTTCCGTGAATCCCAAC-1","slingPseudotime_2",11.1904636504654,"CD8-41BB","aucell_proliferating_score",0,"proliferating"
"ACGGAACGTTCCGTGAATCCCAAC-1","slingPseudotime_2",11.1904636504654,"CD8-41BB","aucell_naive_memory_score",0.628631578947368,"naive_memory"
"ACGGAACGTTCCGTGAATCCCAAC-1","slingPseudotime_2",11.1904636504654,"CD8-41BB","aucell_cytotoxic_score",0.182903282429349,"cytotoxic"
"ACGGACCAGTTGCGGAATCCCAAC-1","slingPseudotime_1",16.3295535271004,"CD8-41BB","aucell_exhausted_score",0,"exhausted"
"ACGGACCAGTTGCGGAATCCCAAC-1","slingPseudotime_1",16.3295535271004,"CD8-41BB","aucell_proliferating_score",0,"proliferating"
"ACGGACCAGTTGCGGAATCCCAAC-1","slingPseudotime_1",16.3295535271004,"CD8-41BB","aucell_naive_memory_score",0.0141052631578947,"naive_memory"
"ACGGACCAGTTGCGGAATCCCAAC-1","slingPseudotime_1",16.3295535271004,"CD8-41BB","aucell_cytotoxic_score",0.29208355274706,"cytotoxic"
"ACGGACCAGTTGCGGAATCCCAAC-1","slingPseudotime_2",37.610013379076,"CD8-41BB","aucell_exhausted_score",0,"exhausted"
"ACGGACCAGTTGCGGAATCCCAAC-1","slingPseudotime_2",37.610013379076,"CD8-41BB","aucell_proliferating_score",0,"proliferating"
"ACGGACCAGTTGCGGAATCCCAAC-1","slingPseudotime_2",37.610013379076,"CD8-41BB","aucell_naive_memory_score",0.0141052631578947,"naive_memory"
"ACGGACCAGTTGCGGAATCCCAAC-1","slingPseudotime_2",37.610013379076,"CD8-41BB","aucell_cytotoxic_score",0.29208355274706,"cytotoxic"
"ACGTGCAAGGCCATGAATCCCAAC-1","slingPseudotime_1",16.1239585915098,"CD8-41BB","aucell_exhausted_score",0.0817974372476742,"exhausted"
"ACGTGCAAGGCCATGAATCCCAAC-1","slingPseudotime_1",16.1239585915098,"CD8-41BB","aucell_proliferating_score",0,"proliferating"
"ACGTGCAAGGCCATGAATCCCAAC-1","slingPseudotime_1",16.1239585915098,"CD8-41BB","aucell_naive_memory_score",0,"naive_memory"
"ACGTGCAAGGCCATGAATCCCAAC-1","slingPseudotime_1",16.1239585915098,"CD8-41BB","aucell_cytotoxic_score",0.165174653326312,"cytotoxic"
"ACGTGCAAGGCCATGAATCCCAAC-1","slingPseudotime_2",17.0488318429923,"CD8-41BB","aucell_exhausted_score",0.0817974372476742,"exhausted"
"ACGTGCAAGGCCATGAATCCCAAC-1","slingPseudotime_2",17.0488318429923,"CD8-41BB","aucell_proliferating_score",0,"proliferating"
"ACGTGCAAGGCCATGAATCCCAAC-1","slingPseudotime_2",17.0488318429923,"CD8-41BB","aucell_naive_memory_score",0,"naive_memory"
"ACGTGCAAGGCCATGAATCCCAAC-1","slingPseudotime_2",17.0488318429923,"CD8-41BB","aucell_cytotoxic_score",0.165174653326312,"cytotoxic"
"ACGTGCAAGTCCTGACATCCCAAC-1","slingPseudotime_1",17.1197620418731,"CD8-41BB","aucell_exhausted_score",0.344040723187643,"exhausted"
"ACGTGCAAGTCCTGACATCCCAAC-1","slingPseudotime_1",17.1197620418731,"CD8-41BB","aucell_proliferating_score",0,"proliferating"
"ACGTGCAAGTCCTGACATCCCAAC-1","slingPseudotime_1",17.1197620418731,"CD8-41BB","aucell_naive_memory_score",0,"naive_memory"
"ACGTGCAAGTCCTGACATCCCAAC-1","slingPseudotime_1",17.1197620418731,"CD8-41BB","aucell_cytotoxic_score",0.324556784272424,"cytotoxic"
"ACGTGCAAGTCCTGACATCCCAAC-1","slingPseudotime_2",18.370533840131,"CD8-41BB","aucell_exhausted_score",0.344040723187643,"exhausted"
"ACGTGCAAGTCCTGACATCCCAAC-1","slingPseudotime_2",18.370533840131,"CD8-41BB","aucell_proliferating_score",0,"proliferating"
"ACGTGCAAGTCCTGACATCCCAAC-1","slingPseudotime_2",18.370533840131,"CD8-41BB","aucell_naive_memory_score",0,"naive_memory"
"ACGTGCAAGTCCTGACATCCCAAC-1","slingPseudotime_2",18.370533840131,"CD8-41BB","aucell_cytotoxic_score",0.324556784272424,"cytotoxic"
"ACTACAAAGGCGCAGTATCCCAAC-1","slingPseudotime_1",15.735712593529,"CD8-41BB","aucell_exhausted_score",0.147446024223275,"exhausted"
"ACTACAAAGGCGCAGTATCCCAAC-1","slingPseudotime_1",15.735712593529,"CD8-41BB","aucell_proliferating_score",0,"proliferating"
"ACTACAAAGGCGCAGTATCCCAAC-1","slingPseudotime_1",15.735712593529,"CD8-41BB","aucell_naive_memory_score",0.104210526315789,"naive_memory"
"ACTACAAAGGCGCAGTATCCCAAC-1","slingPseudotime_1",15.735712593529,"CD8-41BB","aucell_cytotoxic_score",0.488502720730209,"cytotoxic"
"ACTACAAAGGCGCAGTATCCCAAC-1","slingPseudotime_2",16.481341402737,"CD8-41BB","aucell_exhausted_score",0.147446024223275,"exhausted"
"ACTACAAAGGCGCAGTATCCCAAC-1","slingPseudotime_2",16.481341402737,"CD8-41BB","aucell_proliferating_score",0,"proliferating"
"ACTACAAAGGCGCAGTATCCCAAC-1","slingPseudotime_2",16.481341402737,"CD8-41BB","aucell_naive_memory_score",0.104210526315789,"naive_memory"
"ACTACAAAGGCGCAGTATCCCAAC-1","slingPseudotime_2",16.481341402737,"CD8-41BB","aucell_cytotoxic_score",0.488502720730209,"cytotoxic"
"ACTAGGTAGTTACCTGATCCCAAC-1","slingPseudotime_1",5.80118078267095,"CD8-41BB","aucell_exhausted_score",0,"exhausted"
"ACTAGGTAGTTACCTGATCCCAAC-1","slingPseudotime_1",5.80118078267095,"CD8-41BB","aucell_proliferating_score",0,"proliferating"
"ACTAGGTAGTTACCTGATCCCAAC-1","slingPseudotime_1",5.80118078267095,"CD8-41BB","aucell_naive_memory_score",0.129052631578947,"naive_memory"
"ACTAGGTAGTTACCTGATCCCAAC-1","slingPseudotime_1",5.80118078267095,"CD8-41BB","aucell_cytotoxic_score",0.161137440758294,"cytotoxic"
"ACTAGGTAGTTACCTGATCCCAAC-1","slingPseudotime_2",29.75351683644,"CD8-41BB","aucell_exhausted_score",0,"exhausted"
"ACTAGGTAGTTACCTGATCCCAAC-1","slingPseudotime_2",29.75351683644,"CD8-41BB","aucell_proliferating_score",0,"proliferating"
"ACTAGGTAGTTACCTGATCCCAAC-1","slingPseudotime_2",29.75351683644,"CD8-41BB","aucell_naive_memory_score",0.129052631578947,"naive_memory"
"ACTAGGTAGTTACCTGATCCCAAC-1","slingPseudotime_2",29.75351683644,"CD8-41BB","aucell_cytotoxic_score",0.161137440758294,"cytotoxic"
"ACTAGTCGTCCATCAGATCCCAAC-1","slingPseudotime_1",10.8420762278557,"CD8-41BB","aucell_exhausted_score",0,"exhausted"
"ACTAGTCGTCCATCAGATCCCAAC-1","slingPseudotime_1",10.8420762278557,"CD8-41BB","aucell_proliferating_score",0,"proliferating"
"ACTAGTCGTCCATCAGATCCCAAC-1","slingPseudotime_1",10.8420762278557,"CD8-41BB","aucell_naive_memory_score",0,"naive_memory"
"ACTAGTCGTCCATCAGATCCCAAC-1","slingPseudotime_1",10.8420762278557,"CD8-41BB","aucell_cytotoxic_score",0.446550816219063,"cytotoxic"
"ACTAGTCGTCCATCAGATCCCAAC-1","slingPseudotime_2",11.2272597197088,"CD8-41BB","aucell_exhausted_score",0,"exhausted"
"ACTAGTCGTCCATCAGATCCCAAC-1","slingPseudotime_2",11.2272597197088,"CD8-41BB","aucell_proliferating_score",0,"proliferating"
"ACTAGTCGTCCATCAGATCCCAAC-1","slingPseudotime_2",11.2272597197088,"CD8-41BB","aucell_naive_memory_score",0,"naive_memory"
"ACTAGTCGTCCATCAGATCCCAAC-1","slingPseudotime_2",11.2272597197088,"CD8-41BB","aucell_cytotoxic_score",0.446550816219063,"cytotoxic"
"ACTAGTCGTGCCCTTTATCCCAAC-1","slingPseudotime_1",7.10007385691371,"CD8-41BB","aucell_exhausted_score",0,"exhausted"
"ACTAGTCGTGCCCTTTATCCCAAC-1","slingPseudotime_1",7.10007385691371,"CD8-41BB","aucell_proliferating_score",0,"proliferating"
"ACTAGTCGTGCCCTTTATCCCAAC-1","slingPseudotime_1",7.10007385691371,"CD8-41BB","aucell_naive_memory_score",0.299368421052632,"naive_memory"
"ACTAGTCGTGCCCTTTATCCCAAC-1","slingPseudotime_1",7.10007385691371,"CD8-41BB","aucell_cytotoxic_score",0.136036510444093,"cytotoxic"
"ACTAGTCGTGCCCTTTATCCCAAC-1","slingPseudotime_2",7.7628689515058,"CD8-41BB","aucell_exhausted_score",0,"exhausted"
"ACTAGTCGTGCCCTTTATCCCAAC-1","slingPseudotime_2",7.7628689515058,"CD8-41BB","aucell_proliferating_score",0,"proliferating"
"ACTAGTCGTGCCCTTTATCCCAAC-1","slingPseudotime_2",7.7628689515058,"CD8-41BB","aucell_naive_memory_score",0.299368421052632,"naive_memory"
"ACTAGTCGTGCCCTTTATCCCAAC-1","slingPseudotime_2",7.7628689515058,"CD8-41BB","aucell_cytotoxic_score",0.136036510444093,"cytotoxic"
"ACTGGGTCAAGGTGTCATCCCAAC-1","slingPseudotime_1",12.7000676699199,"CD8-41BB","aucell_exhausted_score",0,"exhausted"
"ACTGGGTCAAGGTGTCATCCCAAC-1","slingPseudotime_1",12.7000676699199,"CD8-41BB","aucell_proliferating_score",0,"proliferating"
"ACTGGGTCAAGGTGTCATCCCAAC-1","slingPseudotime_1",12.7000676699199,"CD8-41BB","aucell_naive_memory_score",0.380842105263158,"naive_memory"
"ACTGGGTCAAGGTGTCATCCCAAC-1","slingPseudotime_1",12.7000676699199,"CD8-41BB","aucell_cytotoxic_score",0,"cytotoxic"
"ACTGGGTCAAGGTGTCATCCCAAC-1","slingPseudotime_2",13.4777577977388,"CD8-41BB","aucell_exhausted_score",0,"exhausted"
"ACTGGGTCAAGGTGTCATCCCAAC-1","slingPseudotime_2",13.4777577977388,"CD8-41BB","aucell_proliferating_score",0,"proliferating"
"ACTGGGTCAAGGTGTCATCCCAAC-1","slingPseudotime_2",13.4777577977388,"CD8-41BB","aucell_naive_memory_score",0.380842105263158,"naive_memory"
"ACTGGGTCAAGGTGTCATCCCAAC-1","slingPseudotime_2",13.4777577977388,"CD8-41BB","aucell_cytotoxic_score",0,"cytotoxic"
"ACTTAGTTCCATCCAAATCCCAAC-1","slingPseudotime_1",25.491055268545,"CD8-41BB","aucell_exhausted_score",0.157275759171494,"exhausted"
"ACTTAGTTCCATCCAAATCCCAAC-1","slingPseudotime_1",25.491055268545,"CD8-41BB","aucell_proliferating_score",0,"proliferating"
"ACTTAGTTCCATCCAAATCCCAAC-1","slingPseudotime_1",25.491055268545,"CD8-41BB","aucell_naive_memory_score",0,"naive_memory"
"ACTTAGTTCCATCCAAATCCCAAC-1","slingPseudotime_1",25.491055268545,"CD8-41BB","aucell_cytotoxic_score",0.0907495172898017,"cytotoxic"
"ACTTAGTTCCATCCAAATCCCAAC-1","slingPseudotime_2",27.8893157208267,"CD8-41BB","aucell_exhausted_score",0.157275759171494,"exhausted"
"ACTTAGTTCCATCCAAATCCCAAC-1","slingPseudotime_2",27.8893157208267,"CD8-41BB","aucell_proliferating_score",0,"proliferating"
"ACTTAGTTCCATCCAAATCCCAAC-1","slingPseudotime_2",27.8893157208267,"CD8-41BB","aucell_naive_memory_score",0,"naive_memory"
"ACTTAGTTCCATCCAAATCCCAAC-1","slingPseudotime_2",27.8893157208267,"CD8-41BB","aucell_cytotoxic_score",0.0907495172898017,"cytotoxic"
"ACTTAGTTCGAGCTAGATCCCAAC-1","slingPseudotime_1",11.7440507541472,"CD8-41BB","aucell_exhausted_score",0,"exhausted"
"ACTTAGTTCGAGCTAGATCCCAAC-1","slingPseudotime_1",11.7440507541472,"CD8-41BB","aucell_proliferating_score",0,"proliferating"
"ACTTAGTTCGAGCTAGATCCCAAC-1","slingPseudotime_1",11.7440507541472,"CD8-41BB","aucell_naive_memory_score",0.375368421052632,"naive_memory"
"ACTTAGTTCGAGCTAGATCCCAAC-1","slingPseudotime_1",11.7440507541472,"CD8-41BB","aucell_cytotoxic_score",0.0293136738634369,"cytotoxic"
"ACTTAGTTCGAGCTAGATCCCAAC-1","slingPseudotime_2",12.3698363969537,"CD8-41BB","aucell_exhausted_score",0,"exhausted"
"ACTTAGTTCGAGCTAGATCCCAAC-1","slingPseudotime_2",12.3698363969537,"CD8-41BB","aucell_proliferating_score",0,"proliferating"
"ACTTAGTTCGAGCTAGATCCCAAC-1","slingPseudotime_2",12.3698363969537,"CD8-41BB","aucell_naive_memory_score",0.375368421052632,"naive_memory"
"ACTTAGTTCGAGCTAGATCCCAAC-1","slingPseudotime_2",12.3698363969537,"CD8-41BB","aucell_cytotoxic_score",0.0293136738634369,"cytotoxic"
"ACTTCCCGTTCTGGCAATCCCAAC-1","slingPseudotime_1",11.7576392937554,"CD8-41BB","aucell_exhausted_score",0.10057925223802,"exhausted"
"ACTTCCCGTTCTGGCAATCCCAAC-1","slingPseudotime_1",11.7576392937554,"CD8-41BB","aucell_proliferating_score",0,"proliferating"
"ACTTCCCGTTCTGGCAATCCCAAC-1","slingPseudotime_1",11.7576392937554,"CD8-41BB","aucell_naive_memory_score",0,"naive_memory"
"ACTTCCCGTTCTGGCAATCCCAAC-1","slingPseudotime_1",11.7576392937554,"CD8-41BB","aucell_cytotoxic_score",0.214849921011058,"cytotoxic"
"ACTTCCCGTTCTGGCAATCCCAAC-1","slingPseudotime_2",12.6207294247893,"CD8-41BB","aucell_exhausted_score",0.10057925223802,"exhausted"
"ACTTCCCGTTCTGGCAATCCCAAC-1","slingPseudotime_2",12.6207294247893,"CD8-41BB","aucell_proliferating_score",0,"proliferating"
"ACTTCCCGTTCTGGCAATCCCAAC-1","slingPseudotime_2",12.6207294247893,"CD8-41BB","aucell_naive_memory_score",0,"naive_memory"
"ACTTCCCGTTCTGGCAATCCCAAC-1","slingPseudotime_2",12.6207294247893,"CD8-41BB","aucell_cytotoxic_score",0.214849921011058,"cytotoxic"
"ACTTGAAAGGATCCAGATCCCAAC-1","slingPseudotime_1",20.9369524631031,"CD8-41BB","aucell_exhausted_score",0.0839038090222924,"exhausted"
"ACTTGAAAGGATCCAGATCCCAAC-1","slingPseudotime_1",20.9369524631031,"CD8-41BB","aucell_proliferating_score",0,"proliferating"
"ACTTGAAAGGATCCAGATCCCAAC-1","slingPseudotime_1",20.9369524631031,"CD8-41BB","aucell_naive_memory_score",0.0631578947368421,"naive_memory"
"ACTTGAAAGGATCCAGATCCCAAC-1","slingPseudotime_1",20.9369524631031,"CD8-41BB","aucell_cytotoxic_score",0.558539582236265,"cytotoxic"
"ACTTGAAAGGATCCAGATCCCAAC-1","slingPseudotime_2",22.3494894277384,"CD8-41BB","aucell_exhausted_score",0.0839038090222924,"exhausted"
"ACTTGAAAGGATCCAGATCCCAAC-1","slingPseudotime_2",22.3494894277384,"CD8-41BB","aucell_proliferating_score",0,"proliferating"
"ACTTGAAAGGATCCAGATCCCAAC-1","slingPseudotime_2",22.3494894277384,"CD8-41BB","aucell_naive_memory_score",0.0631578947368421,"naive_memory"
"ACTTGAAAGGATCCAGATCCCAAC-1","slingPseudotime_2",22.3494894277384,"CD8-41BB","aucell_cytotoxic_score",0.558539582236265,"cytotoxic"
"ACTTGCGGTAGGAGGAATCCCAAC-1","slingPseudotime_1",18.7776686560473,"CD8-41BB","aucell_exhausted_score",0,"exhausted"
"ACTTGCGGTAGGAGGAATCCCAAC-1","slingPseudotime_1",18.7776686560473,"CD8-41BB","aucell_proliferating_score",0,"proliferating"
"ACTTGCGGTAGGAGGAATCCCAAC-1","slingPseudotime_1",18.7776686560473,"CD8-41BB","aucell_naive_memory_score",0.191578947368421,"naive_memory"
"ACTTGCGGTAGGAGGAATCCCAAC-1","slingPseudotime_1",18.7776686560473,"CD8-41BB","aucell_cytotoxic_score",0.762857644374232,"cytotoxic"
"ACTTGCGGTAGGAGGAATCCCAAC-1","slingPseudotime_2",19.9946267793519,"CD8-41BB","aucell_exhausted_score",0,"exhausted"
"ACTTGCGGTAGGAGGAATCCCAAC-1","slingPseudotime_2",19.9946267793519,"CD8-41BB","aucell_proliferating_score",0,"proliferating"
"ACTTGCGGTAGGAGGAATCCCAAC-1","slingPseudotime_2",19.9946267793519,"CD8-41BB","aucell_naive_memory_score",0.191578947368421,"naive_memory"
"ACTTGCGGTAGGAGGAATCCCAAC-1","slingPseudotime_2",19.9946267793519,"CD8-41BB","aucell_cytotoxic_score",0.762857644374232,"cytotoxic"
"AGAAGCAAGGCCAACAATCCCAAC-1","slingPseudotime_1",15.1971083522209,"CD8-41BB","aucell_exhausted_score",0,"exhausted"
"AGAAGCAAGGCCAACAATCCCAAC-1","slingPseudotime_1",15.1971083522209,"CD8-41BB","aucell_proliferating_score",0,"proliferating"
"AGAAGCAAGGCCAACAATCCCAAC-1","slingPseudotime_1",15.1971083522209,"CD8-41BB","aucell_naive_memory_score",0,"naive_memory"
"AGAAGCAAGGCCAACAATCCCAAC-1","slingPseudotime_1",15.1971083522209,"CD8-41BB","aucell_cytotoxic_score",0.476566614007372,"cytotoxic"
"AGAAGCAAGGCCAACAATCCCAAC-1","slingPseudotime_2",15.8200995803303,"CD8-41BB","aucell_exhausted_score",0,"exhausted"
"AGAAGCAAGGCCAACAATCCCAAC-1","slingPseudotime_2",15.8200995803303,"CD8-41BB","aucell_proliferating_score",0,"proliferating"
"AGAAGCAAGGCCAACAATCCCAAC-1","slingPseudotime_2",15.8200995803303,"CD8-41BB","aucell_naive_memory_score",0,"naive_memory"
"AGAAGCAAGGCCAACAATCCCAAC-1","slingPseudotime_2",15.8200995803303,"CD8-41BB","aucell_cytotoxic_score",0.476566614007372,"cytotoxic"
"AGACACTAGAAGCAAGATCCCAAC-1","slingPseudotime_1",25.073810759759,"CD8-41BB","aucell_exhausted_score",0.569422503071792,"exhausted"
"AGACACTAGAAGCAAGATCCCAAC-1","slingPseudotime_1",25.073810759759,"CD8-41BB","aucell_proliferating_score",0,"proliferating"
"AGACACTAGAAGCAAGATCCCAAC-1","slingPseudotime_1",25.073810759759,"CD8-41BB","aucell_naive_memory_score",0.138315789473684,"naive_memory"
"AGACACTAGAAGCAAGATCCCAAC-1","slingPseudotime_1",25.073810759759,"CD8-41BB","aucell_cytotoxic_score",0.495875021941373,"cytotoxic"
"AGACACTAGAAGCAAGATCCCAAC-1","slingPseudotime_2",25.2246539883878,"CD8-41BB","aucell_exhausted_score",0.569422503071792,"exhausted"
"AGACACTAGAAGCAAGATCCCAAC-1","slingPseudotime_2",25.2246539883878,"CD8-41BB","aucell_proliferating_score",0,"proliferating"
"AGACACTAGAAGCAAGATCCCAAC-1","slingPseudotime_2",25.2246539883878,"CD8-41BB","aucell_naive_memory_score",0.138315789473684,"naive_memory"
"AGACACTAGAAGCAAGATCCCAAC-1","slingPseudotime_2",25.2246539883878,"CD8-41BB","aucell_cytotoxic_score",0.495875021941373,"cytotoxic"
"AGACACTAGACTCCTAATCCCAAC-1","slingPseudotime_1",17.7963277997658,"CD8-41BB","aucell_exhausted_score",0.258381604353168,"exhausted"
"AGACACTAGACTCCTAATCCCAAC-1","slingPseudotime_1",17.7963277997658,"CD8-41BB","aucell_proliferating_score",0,"proliferating"
"AGACACTAGACTCCTAATCCCAAC-1","slingPseudotime_1",17.7963277997658,"CD8-41BB","aucell_naive_memory_score",0,"naive_memory"
"AGACACTAGACTCCTAATCCCAAC-1","slingPseudotime_1",17.7963277997658,"CD8-41BB","aucell_cytotoxic_score",0.333157802352115,"cytotoxic"
"AGACACTAGACTCCTAATCCCAAC-1","slingPseudotime_2",19.418673206574,"CD8-41BB","aucell_exhausted_score",0.258381604353168,"exhausted"
"AGACACTAGACTCCTAATCCCAAC-1","slingPseudotime_2",19.418673206574,"CD8-41BB","aucell_proliferating_score",0,"proliferating"
"AGACACTAGACTCCTAATCCCAAC-1","slingPseudotime_2",19.418673206574,"CD8-41BB","aucell_naive_memory_score",0,"naive_memory"
"AGACACTAGACTCCTAATCCCAAC-1","slingPseudotime_2",19.418673206574,"CD8-41BB","aucell_cytotoxic_score",0.333157802352115,"cytotoxic"
"AGAGAGCAGCGGGACTATCCCAAC-1","slingPseudotime_1",16.9362967756927,"CD8-41BB","aucell_exhausted_score",0.0430050903984553,"exhausted"
"AGAGAGCAGCGGGACTATCCCAAC-1","slingPseudotime_1",16.9362967756927,"CD8-41BB","aucell_proliferating_score",0,"proliferating"
"AGAGAGCAGCGGGACTATCCCAAC-1","slingPseudotime_1",16.9362967756927,"CD8-41BB","aucell_naive_memory_score",0.132631578947368,"naive_memory"
"AGAGAGCAGCGGGACTATCCCAAC-1","slingPseudotime_1",16.9362967756927,"CD8-41BB","aucell_cytotoxic_score",0.431630682815517,"cytotoxic"
"AGAGAGCAGCGGGACTATCCCAAC-1","slingPseudotime_2",18.0928074452149,"CD8-41BB","aucell_exhausted_score",0.0430050903984553,"exhausted"
"AGAGAGCAGCGGGACTATCCCAAC-1","slingPseudotime_2",18.0928074452149,"CD8-41BB","aucell_proliferating_score",0,"proliferating"
"AGAGAGCAGCGGGACTATCCCAAC-1","slingPseudotime_2",18.0928074452149,"CD8-41BB","aucell_naive_memory_score",0.132631578947368,"naive_memory"
"AGAGAGCAGCGGGACTATCCCAAC-1","slingPseudotime_2",18.0928074452149,"CD8-41BB","aucell_cytotoxic_score",0.431630682815517,"cytotoxic"
"AGAGAGCAGGCTAGATATCCCAAC-1","slingPseudotime_1",29.3423150267549,"CD8-41BB","aucell_exhausted_score",0.166403370194839,"exhausted"
"AGAGAGCAGGCTAGATATCCCAAC-1","slingPseudotime_1",29.3423150267549,"CD8-41BB","aucell_proliferating_score",0,"proliferating"
"AGAGAGCAGGCTAGATATCCCAAC-1","slingPseudotime_1",29.3423150267549,"CD8-41BB","aucell_naive_memory_score",0.188421052631579,"naive_memory"
"AGAGAGCAGGCTAGATATCCCAAC-1","slingPseudotime_1",29.3423150267549,"CD8-41BB","aucell_cytotoxic_score",0,"cytotoxic"
"AGAGGAGGTAAGGCCGATCCCAAC-1","slingPseudotime_1",6.93849616677753,"CD8-41BB","aucell_exhausted_score",0,"exhausted"
"AGAGGAGGTAAGGCCGATCCCAAC-1","slingPseudotime_1",6.93849616677753,"CD8-41BB","aucell_proliferating_score",0,"proliferating"
"AGAGGAGGTAAGGCCGATCCCAAC-1","slingPseudotime_1",6.93849616677753,"CD8-41BB","aucell_naive_memory_score",0.353052631578947,"naive_memory"
"AGAGGAGGTAAGGCCGATCCCAAC-1","slingPseudotime_1",6.93849616677753,"CD8-41BB","aucell_cytotoxic_score",0,"cytotoxic"
"AGAGGAGGTAAGGCCGATCCCAAC-1","slingPseudotime_2",7.58250361950581,"CD8-41BB","aucell_exhausted_score",0,"exhausted"
"AGAGGAGGTAAGGCCGATCCCAAC-1","slingPseudotime_2",7.58250361950581,"CD8-41BB","aucell_proliferating_score",0,"proliferating"
"AGAGGAGGTAAGGCCGATCCCAAC-1","slingPseudotime_2",7.58250361950581,"CD8-41BB","aucell_naive_memory_score",0.353052631578947,"naive_memory"
"AGAGGAGGTAAGGCCGATCCCAAC-1","slingPseudotime_2",7.58250361950581,"CD8-41BB","aucell_cytotoxic_score",0,"cytotoxic"
"AGAGGAGGTGTGAGGTATCCCAAC-1","slingPseudotime_1",13.7506070843302,"CD8-41BB","aucell_exhausted_score",0,"exhausted"
"AGAGGAGGTGTGAGGTATCCCAAC-1","slingPseudotime_1",13.7506070843302,"CD8-41BB","aucell_proliferating_score",0,"proliferating"
"AGAGGAGGTGTGAGGTATCCCAAC-1","slingPseudotime_1",13.7506070843302,"CD8-41BB","aucell_naive_memory_score",0.345052631578947,"naive_memory"
"AGAGGAGGTGTGAGGTATCCCAAC-1","slingPseudotime_1",13.7506070843302,"CD8-41BB","aucell_cytotoxic_score",0.320168509741969,"cytotoxic"
"AGAGGAGGTGTGAGGTATCCCAAC-1","slingPseudotime_2",14.6755448606725,"CD8-41BB","aucell_exhausted_score",0,"exhausted"
"AGAGGAGGTGTGAGGTATCCCAAC-1","slingPseudotime_2",14.6755448606725,"CD8-41BB","aucell_proliferating_score",0,"proliferating"
"AGAGGAGGTGTGAGGTATCCCAAC-1","slingPseudotime_2",14.6755448606725,"CD8-41BB","aucell_naive_memory_score",0.345052631578947,"naive_memory"
"AGAGGAGGTGTGAGGTATCCCAAC-1","slingPseudotime_2",14.6755448606725,"CD8-41BB","aucell_cytotoxic_score",0.320168509741969,"cytotoxic"
"AGAGGTTTCTCAAGAAATCCCAAC-1","slingPseudotime_1",18.0393075050286,"CD8-41BB","aucell_exhausted_score",0.385992627698789,"exhausted"
"AGAGGTTTCTCAAGAAATCCCAAC-1","slingPseudotime_1",18.0393075050286,"CD8-41BB","aucell_proliferating_score",0,"proliferating"
"AGAGGTTTCTCAAGAAATCCCAAC-1","slingPseudotime_1",18.0393075050286,"CD8-41BB","aucell_naive_memory_score",0,"naive_memory"
"AGAGGTTTCTCAAGAAATCCCAAC-1","slingPseudotime_1",18.0393075050286,"CD8-41BB","aucell_cytotoxic_score",0.444093382482008,"cytotoxic"
"AGAGGTTTCTCAAGAAATCCCAAC-1","slingPseudotime_2",19.6071677182657,"CD8-41BB","aucell_exhausted_score",0.385992627698789,"exhausted"
"AGAGGTTTCTCAAGAAATCCCAAC-1","slingPseudotime_2",19.6071677182657,"CD8-41BB","aucell_proliferating_score",0,"proliferating"
"AGAGGTTTCTCAAGAAATCCCAAC-1","slingPseudotime_2",19.6071677182657,"CD8-41BB","aucell_naive_memory_score",0,"naive_memory"
"AGAGGTTTCTCAAGAAATCCCAAC-1","slingPseudotime_2",19.6071677182657,"CD8-41BB","aucell_cytotoxic_score",0.444093382482008,"cytotoxic"
"AGATAACGTACAAAGTATCCCAAC-1","slingPseudotime_1",24.9071894584038,"CD8-41BB","aucell_exhausted_score",0.299104791995787,"exhausted"
"AGATAACGTACAAAGTATCCCAAC-1","slingPseudotime_1",24.9071894584038,"CD8-41BB","aucell_proliferating_score",0,"proliferating"
"AGATAACGTACAAAGTATCCCAAC-1","slingPseudotime_1",24.9071894584038,"CD8-41BB","aucell_naive_memory_score",0.0141052631578947,"naive_memory"
"AGATAACGTACAAAGTATCCCAAC-1","slingPseudotime_1",24.9071894584038,"CD8-41BB","aucell_cytotoxic_score",0.800070212392487,"cytotoxic"
"AGATAACGTACAAAGTATCCCAAC-1","slingPseudotime_2",26.1494374716165,"CD8-41BB","aucell_exhausted_score",0.299104791995787,"exhausted"
"AGATAACGTACAAAGTATCCCAAC-1","slingPseudotime_2",26.1494374716165,"CD8-41BB","aucell_proliferating_score",0,"proliferating"
"AGATAACGTACAAAGTATCCCAAC-1","slingPseudotime_2",26.1494374716165,"CD8-41BB","aucell_naive_memory_score",0.0141052631578947,"naive_memory"
"AGATAACGTACAAAGTATCCCAAC-1","slingPseudotime_2",26.1494374716165,"CD8-41BB","aucell_cytotoxic_score",0.800070212392487,"cytotoxic"
"AGATTCAAGACATAGCATCCCAAC-1","slingPseudotime_1",13.7506070843302,"CD8-41BB","aucell_exhausted_score",0.00860101807969106,"exhausted"
"AGATTCAAGACATAGCATCCCAAC-1","slingPseudotime_1",13.7506070843302,"CD8-41BB","aucell_proliferating_score",0,"proliferating"
"AGATTCAAGACATAGCATCCCAAC-1","slingPseudotime_1",13.7506070843302,"CD8-41BB","aucell_naive_memory_score",0.163368421052632,"naive_memory"
"AGATTCAAGACATAGCATCCCAAC-1","slingPseudotime_1",13.7506070843302,"CD8-41BB","aucell_cytotoxic_score",0.323679129366333,"cytotoxic"
"AGATTCAAGACATAGCATCCCAAC-1","slingPseudotime_2",14.6450531660058,"CD8-41BB","aucell_exhausted_score",0.00860101807969106,"exhausted"
"AGATTCAAGACATAGCATCCCAAC-1","slingPseudotime_2",14.6450531660058,"CD8-41BB","aucell_proliferating_score",0,"proliferating"
"AGATTCAAGACATAGCATCCCAAC-1","slingPseudotime_2",14.6450531660058,"CD8-41BB","aucell_naive_memory_score",0.163368421052632,"naive_memory"
"AGATTCAAGACATAGCATCCCAAC-1","slingPseudotime_2",14.6450531660058,"CD8-41BB","aucell_cytotoxic_score",0.323679129366333,"cytotoxic"
"AGATTCAAGGTTAGCGATCCCAAC-1","slingPseudotime_1",4.18291183233013,"CD8-41BB","aucell_exhausted_score",0,"exhausted"
"AGATTCAAGGTTAGCGATCCCAAC-1","slingPseudotime_1",4.18291183233013,"CD8-41BB","aucell_proliferating_score",0,"proliferating"
"AGATTCAAGGTTAGCGATCCCAAC-1","slingPseudotime_1",4.18291183233013,"CD8-41BB","aucell_naive_memory_score",0.323578947368421,"naive_memory"
"AGATTCAAGGTTAGCGATCCCAAC-1","slingPseudotime_1",4.18291183233013,"CD8-41BB","aucell_cytotoxic_score",0.32104616464806,"cytotoxic"
"AGATTCAAGGTTAGCGATCCCAAC-1","slingPseudotime_2",4.83278157619651,"CD8-41BB","aucell_exhausted_score",0,"exhausted"
"AGATTCAAGGTTAGCGATCCCAAC-1","slingPseudotime_2",4.83278157619651,"CD8-41BB","aucell_proliferating_score",0,"proliferating"
"AGATTCAAGGTTAGCGATCCCAAC-1","slingPseudotime_2",4.83278157619651,"CD8-41BB","aucell_naive_memory_score",0.323578947368421,"naive_memory"
"AGATTCAAGGTTAGCGATCCCAAC-1","slingPseudotime_2",4.83278157619651,"CD8-41BB","aucell_cytotoxic_score",0.32104616464806,"cytotoxic"
"AGATTGATCCATCCTTATCCCAAC-1","slingPseudotime_1",15.2802555339698,"CD8-41BB","aucell_exhausted_score",0.00789889415481832,"exhausted"
"AGATTGATCCATCCTTATCCCAAC-1","slingPseudotime_1",15.2802555339698,"CD8-41BB","aucell_proliferating_score",0,"proliferating"
"AGATTGATCCATCCTTATCCCAAC-1","slingPseudotime_1",15.2802555339698,"CD8-41BB","aucell_naive_memory_score",0,"naive_memory"
"AGATTGATCCATCCTTATCCCAAC-1","slingPseudotime_1",15.2802555339698,"CD8-41BB","aucell_cytotoxic_score",0,"cytotoxic"
"AGATTGATCCATCCTTATCCCAAC-1","slingPseudotime_2",16.1502586286412,"CD8-41BB","aucell_exhausted_score",0.00789889415481832,"exhausted"
"AGATTGATCCATCCTTATCCCAAC-1","slingPseudotime_2",16.1502586286412,"CD8-41BB","aucell_proliferating_score",0,"proliferating"
"AGATTGATCCATCCTTATCCCAAC-1","slingPseudotime_2",16.1502586286412,"CD8-41BB","aucell_naive_memory_score",0,"naive_memory"
"AGATTGATCCATCCTTATCCCAAC-1","slingPseudotime_2",16.1502586286412,"CD8-41BB","aucell_cytotoxic_score",0,"cytotoxic"
"AGCATGGTCAAGCGATATCCCAAC-1","slingPseudotime_1",15.095821723289,"CD8-41BB","aucell_exhausted_score",0,"exhausted"
"AGCATGGTCAAGCGATATCCCAAC-1","slingPseudotime_1",15.095821723289,"CD8-41BB","aucell_proliferating_score",0,"proliferating"
"AGCATGGTCAAGCGATATCCCAAC-1","slingPseudotime_1",15.095821723289,"CD8-41BB","aucell_naive_memory_score",0.0372631578947368,"naive_memory"
"AGCATGGTCAAGCGATATCCCAAC-1","slingPseudotime_1",15.095821723289,"CD8-41BB","aucell_cytotoxic_score",0.162717219589258,"cytotoxic"
"AGCATGGTCAAGCGATATCCCAAC-1","slingPseudotime_2",15.8628724990618,"CD8-41BB","aucell_exhausted_score",0,"exhausted"
"AGCATGGTCAAGCGATATCCCAAC-1","slingPseudotime_2",15.8628724990618,"CD8-41BB","aucell_proliferating_score",0,"proliferating"
"AGCATGGTCAAGCGATATCCCAAC-1","slingPseudotime_2",15.8628724990618,"CD8-41BB","aucell_naive_memory_score",0.0372631578947368,"naive_memory"
"AGCATGGTCAAGCGATATCCCAAC-1","slingPseudotime_2",15.8628724990618,"CD8-41BB","aucell_cytotoxic_score",0.162717219589258,"cytotoxic"
"AGCATGGTCACAAATGATCCCAAC-1","slingPseudotime_1",23.874328282523,"CD8-41BB","aucell_exhausted_score",0.138845006143584,"exhausted"
"AGCATGGTCACAAATGATCCCAAC-1","slingPseudotime_1",23.874328282523,"CD8-41BB","aucell_proliferating_score",0,"proliferating"
"AGCATGGTCACAAATGATCCCAAC-1","slingPseudotime_1",23.874328282523,"CD8-41BB","aucell_naive_memory_score",0,"naive_memory"
"AGCATGGTCACAAATGATCCCAAC-1","slingPseudotime_1",23.874328282523,"CD8-41BB","aucell_cytotoxic_score",0.162015095664385,"cytotoxic"
"AGCATGGTCACAAATGATCCCAAC-1","slingPseudotime_2",25.8557964740201,"CD8-41BB","aucell_exhausted_score",0.138845006143584,"exhausted"
"AGCATGGTCACAAATGATCCCAAC-1","slingPseudotime_2",25.8557964740201,"CD8-41BB","aucell_proliferating_score",0,"proliferating"
"AGCATGGTCACAAATGATCCCAAC-1","slingPseudotime_2",25.8557964740201,"CD8-41BB","aucell_naive_memory_score",0,"naive_memory"
"AGCATGGTCACAAATGATCCCAAC-1","slingPseudotime_2",25.8557964740201,"CD8-41BB","aucell_cytotoxic_score",0.162015095664385,"cytotoxic"
"AGCCTCTAGCACGCAAATCCCAAC-1","slingPseudotime_1",8.91314538633714,"CD8-41BB","aucell_exhausted_score",0.169562927856767,"exhausted"
"AGCCTCTAGCACGCAAATCCCAAC-1","slingPseudotime_1",8.91314538633714,"CD8-41BB","aucell_proliferating_score",0,"proliferating"
"AGCCTCTAGCACGCAAATCCCAAC-1","slingPseudotime_1",8.91314538633714,"CD8-41BB","aucell_naive_memory_score",0.175157894736842,"naive_memory"
"AGCCTCTAGCACGCAAATCCCAAC-1","slingPseudotime_1",8.91314538633714,"CD8-41BB","aucell_cytotoxic_score",0,"cytotoxic"
"AGCCTCTAGCACGCAAATCCCAAC-1","slingPseudotime_2",9.60084736605804,"CD8-41BB","aucell_exhausted_score",0.169562927856767,"exhausted"
"AGCCTCTAGCACGCAAATCCCAAC-1","slingPseudotime_2",9.60084736605804,"CD8-41BB","aucell_proliferating_score",0,"proliferating"
"AGCCTCTAGCACGCAAATCCCAAC-1","slingPseudotime_2",9.60084736605804,"CD8-41BB","aucell_naive_memory_score",0.175157894736842,"naive_memory"
"AGCCTCTAGCACGCAAATCCCAAC-1","slingPseudotime_2",9.60084736605804,"CD8-41BB","aucell_cytotoxic_score",0,"cytotoxic"
"AGCGTTTGTTTGTGACATCCCAAC-1","slingPseudotime_1",24.711491696089,"CD8-41BB","aucell_exhausted_score",0.320519571704406,"exhausted"
"AGCGTTTGTTTGTGACATCCCAAC-1","slingPseudotime_1",24.711491696089,"CD8-41BB","aucell_proliferating_score",0,"proliferating"
"AGCGTTTGTTTGTGACATCCCAAC-1","slingPseudotime_1",24.711491696089,"CD8-41BB","aucell_naive_memory_score",0.169894736842105,"naive_memory"
"AGCGTTTGTTTGTGACATCCCAAC-1","slingPseudotime_1",24.711491696089,"CD8-41BB","aucell_cytotoxic_score",0.485167632087063,"cytotoxic"
"AGCGTTTGTTTGTGACATCCCAAC-1","slingPseudotime_2",25.8822132924959,"CD8-41BB","aucell_exhausted_score",0.320519571704406,"exhausted"
"AGCGTTTGTTTGTGACATCCCAAC-1","slingPseudotime_2",25.8822132924959,"CD8-41BB","aucell_proliferating_score",0,"proliferating"
"AGCGTTTGTTTGTGACATCCCAAC-1","slingPseudotime_2",25.8822132924959,"CD8-41BB","aucell_naive_memory_score",0.169894736842105,"naive_memory"
"AGCGTTTGTTTGTGACATCCCAAC-1","slingPseudotime_2",25.8822132924959,"CD8-41BB","aucell_cytotoxic_score",0.485167632087063,"cytotoxic"
"AGCTAAATCAGGTAACATCCCAAC-1","slingPseudotime_1",25.8008835479976,"CD8-41BB","aucell_exhausted_score",0.394769176759698,"exhausted"
"AGCTAAATCAGGTAACATCCCAAC-1","slingPseudotime_1",25.8008835479976,"CD8-41BB","aucell_proliferating_score",0,"proliferating"
"AGCTAAATCAGGTAACATCCCAAC-1","slingPseudotime_1",25.8008835479976,"CD8-41BB","aucell_naive_memory_score",0.138526315789474,"naive_memory"
"AGCTAAATCAGGTAACATCCCAAC-1","slingPseudotime_1",25.8008835479976,"CD8-41BB","aucell_cytotoxic_score",0.162541688608039,"cytotoxic"
"AGCTAAATCAGGTAACATCCCAAC-1","slingPseudotime_2",25.9499767993902,"CD8-41BB","aucell_exhausted_score",0.394769176759698,"exhausted"
"AGCTAAATCAGGTAACATCCCAAC-1","slingPseudotime_2",25.9499767993902,"CD8-41BB","aucell_proliferating_score",0,"proliferating"
"AGCTAAATCAGGTAACATCCCAAC-1","slingPseudotime_2",25.9499767993902,"CD8-41BB","aucell_naive_memory_score",0.138526315789474,"naive_memory"
"AGCTAAATCAGGTAACATCCCAAC-1","slingPseudotime_2",25.9499767993902,"CD8-41BB","aucell_cytotoxic_score",0.162541688608039,"cytotoxic"
"AGCTATGCACGGTCGAATCCCAAC-1","slingPseudotime_1",22.9627786875977,"CD8-41BB","aucell_exhausted_score",0.266807091451641,"exhausted"
"AGCTATGCACGGTCGAATCCCAAC-1","slingPseudotime_1",22.9627786875977,"CD8-41BB","aucell_proliferating_score",0,"proliferating"
"AGCTATGCACGGTCGAATCCCAAC-1","slingPseudotime_1",22.9627786875977,"CD8-41BB","aucell_naive_memory_score",0.170736842105263,"naive_memory"
"AGCTATGCACGGTCGAATCCCAAC-1","slingPseudotime_1",22.9627786875977,"CD8-41BB","aucell_cytotoxic_score",0.447955064068808,"cytotoxic"
"AGCTATGCACGGTCGAATCCCAAC-1","slingPseudotime_2",26.8979395799585,"CD8-41BB","aucell_exhausted_score",0.266807091451641,"exhausted"
"AGCTATGCACGGTCGAATCCCAAC-1","slingPseudotime_2",26.8979395799585,"CD8-41BB","aucell_proliferating_score",0,"proliferating"
"AGCTATGCACGGTCGAATCCCAAC-1","slingPseudotime_2",26.8979395799585,"CD8-41BB","aucell_naive_memory_score",0.170736842105263,"naive_memory"
"AGCTATGCACGGTCGAATCCCAAC-1","slingPseudotime_2",26.8979395799585,"CD8-41BB","aucell_cytotoxic_score",0.447955064068808,"cytotoxic"
"AGCTATGCACTTTGTAATCCCAAC-1","slingPseudotime_1",12.4007416351986,"CD8-41BB","aucell_exhausted_score",0.117254695453748,"exhausted"
"AGCTATGCACTTTGTAATCCCAAC-1","slingPseudotime_1",12.4007416351986,"CD8-41BB","aucell_proliferating_score",0,"proliferating"
"AGCTATGCACTTTGTAATCCCAAC-1","slingPseudotime_1",12.4007416351986,"CD8-41BB","aucell_naive_memory_score",0.136842105263158,"naive_memory"
"AGCTATGCACTTTGTAATCCCAAC-1","slingPseudotime_1",12.4007416351986,"CD8-41BB","aucell_cytotoxic_score",0.160786378795857,"cytotoxic"
"AGCTATGCACTTTGTAATCCCAAC-1","slingPseudotime_2",13.0348001282916,"CD8-41BB","aucell_exhausted_score",0.117254695453748,"exhausted"
"AGCTATGCACTTTGTAATCCCAAC-1","slingPseudotime_2",13.0348001282916,"CD8-41BB","aucell_proliferating_score",0,"proliferating"
"AGCTATGCACTTTGTAATCCCAAC-1","slingPseudotime_2",13.0348001282916,"CD8-41BB","aucell_naive_memory_score",0.136842105263158,"naive_memory"
"AGCTATGCACTTTGTAATCCCAAC-1","slingPseudotime_2",13.0348001282916,"CD8-41BB","aucell_cytotoxic_score",0.160786378795857,"cytotoxic"
"AGCTGGATCGTTATGTATCCCAAC-1","slingPseudotime_1",28.6612397160929,"CD8-41BB","aucell_exhausted_score",0.161312971739512,"exhausted"
"AGCTGGATCGTTATGTATCCCAAC-1","slingPseudotime_1",28.6612397160929,"CD8-41BB","aucell_proliferating_score",0,"proliferating"
"AGCTGGATCGTTATGTATCCCAAC-1","slingPseudotime_1",28.6612397160929,"CD8-41BB","aucell_naive_memory_score",0.0736842105263158,"naive_memory"
"AGCTGGATCGTTATGTATCCCAAC-1","slingPseudotime_1",28.6612397160929,"CD8-41BB","aucell_cytotoxic_score",0.148499210110585,"cytotoxic"
"AGCTGGATCGTTATGTATCCCAAC-1","slingPseudotime_2",30.591926216705,"CD8-41BB","aucell_exhausted_score",0.161312971739512,"exhausted"
"AGCTGGATCGTTATGTATCCCAAC-1","slingPseudotime_2",30.591926216705,"CD8-41BB","aucell_proliferating_score",0,"proliferating"
"AGCTGGATCGTTATGTATCCCAAC-1","slingPseudotime_2",30.591926216705,"CD8-41BB","aucell_naive_memory_score",0.0736842105263158,"naive_memory"
"AGCTGGATCGTTATGTATCCCAAC-1","slingPseudotime_2",30.591926216705,"CD8-41BB","aucell_cytotoxic_score",0.148499210110585,"cytotoxic"
"AGCTGGCAGGTTCATTATCCCAAC-1","slingPseudotime_1",23.1903748124893,"CD8-41BB","aucell_exhausted_score",0.41004037212568,"exhausted"
"AGCTGGCAGGTTCATTATCCCAAC-1","slingPseudotime_1",23.1903748124893,"CD8-41BB","aucell_proliferating_score",0,"proliferating"
"AGCTGGCAGGTTCATTATCCCAAC-1","slingPseudotime_1",23.1903748124893,"CD8-41BB","aucell_naive_memory_score",0.152,"naive_memory"
"AGCTGGCAGGTTCATTATCCCAAC-1","slingPseudotime_1",23.1903748124893,"CD8-41BB","aucell_cytotoxic_score",0.324556784272424,"cytotoxic"
"AGCTGGCAGGTTCATTATCCCAAC-1","slingPseudotime_2",24.5414724102194,"CD8-41BB","aucell_exhausted_score",0.41004037212568,"exhausted"
"AGCTGGCAGGTTCATTATCCCAAC-1","slingPseudotime_2",24.5414724102194,"CD8-41BB","aucell_proliferating_score",0,"proliferating"
"AGCTGGCAGGTTCATTATCCCAAC-1","slingPseudotime_2",24.5414724102194,"CD8-41BB","aucell_naive_memory_score",0.152,"naive_memory"
"AGCTGGCAGGTTCATTATCCCAAC-1","slingPseudotime_2",24.5414724102194,"CD8-41BB","aucell_cytotoxic_score",0.324556784272424,"cytotoxic"
"AGCTTCCAGCCATAAAATCCCAAC-1","slingPseudotime_1",13.7616145275747,"CD8-41BB","aucell_exhausted_score",0,"exhausted"
"AGCTTCCAGCCATAAAATCCCAAC-1","slingPseudotime_1",13.7616145275747,"CD8-41BB","aucell_proliferating_score",0,"proliferating"
"AGCTTCCAGCCATAAAATCCCAAC-1","slingPseudotime_1",13.7616145275747,"CD8-41BB","aucell_naive_memory_score",0.269684210526316,"naive_memory"
"AGCTTCCAGCCATAAAATCCCAAC-1","slingPseudotime_1",13.7616145275747,"CD8-41BB","aucell_cytotoxic_score",0.312445146568369,"cytotoxic"
"AGCTTCCAGCCATAAAATCCCAAC-1","slingPseudotime_2",14.531260481923,"CD8-41BB","aucell_exhausted_score",0,"exhausted"
"AGCTTCCAGCCATAAAATCCCAAC-1","slingPseudotime_2",14.531260481923,"CD8-41BB","aucell_proliferating_score",0,"proliferating"
"AGCTTCCAGCCATAAAATCCCAAC-1","slingPseudotime_2",14.531260481923,"CD8-41BB","aucell_naive_memory_score",0.269684210526316,"naive_memory"
"AGCTTCCAGCCATAAAATCCCAAC-1","slingPseudotime_2",14.531260481923,"CD8-41BB","aucell_cytotoxic_score",0.312445146568369,"cytotoxic"
"AGCTTGTGTGCGCAAGATCCCAAC-1","slingPseudotime_1",19.384805227956,"CD8-41BB","aucell_exhausted_score",0.148148148148148,"exhausted"
"AGCTTGTGTGCGCAAGATCCCAAC-1","slingPseudotime_1",19.384805227956,"CD8-41BB","aucell_proliferating_score",0.0877894736842105,"proliferating"
"AGCTTGTGTGCGCAAGATCCCAAC-1","slingPseudotime_1",19.384805227956,"CD8-41BB","aucell_naive_memory_score",0.0376842105263158,"naive_memory"
"AGCTTGTGTGCGCAAGATCCCAAC-1","slingPseudotime_1",19.384805227956,"CD8-41BB","aucell_cytotoxic_score",0.0835527470598561,"cytotoxic"
"AGCTTGTGTGCGCAAGATCCCAAC-1","slingPseudotime_2",20.4471931076665,"CD8-41BB","aucell_exhausted_score",0.148148148148148,"exhausted"
"AGCTTGTGTGCGCAAGATCCCAAC-1","slingPseudotime_2",20.4471931076665,"CD8-41BB","aucell_proliferating_score",0.0877894736842105,"proliferating"
"AGCTTGTGTGCGCAAGATCCCAAC-1","slingPseudotime_2",20.4471931076665,"CD8-41BB","aucell_naive_memory_score",0.0376842105263158,"naive_memory"
"AGCTTGTGTGCGCAAGATCCCAAC-1","slingPseudotime_2",20.4471931076665,"CD8-41BB","aucell_cytotoxic_score",0.0835527470598561,"cytotoxic"
"AGGATCAGTTAGCGGGATCCCAAC-1","slingPseudotime_1",14.4230988354229,"CD8-41BB","aucell_exhausted_score",0.0605581885202738,"exhausted"
"AGGATCAGTTAGCGGGATCCCAAC-1","slingPseudotime_1",14.4230988354229,"CD8-41BB","aucell_proliferating_score",0,"proliferating"
"AGGATCAGTTAGCGGGATCCCAAC-1","slingPseudotime_1",14.4230988354229,"CD8-41BB","aucell_naive_memory_score",0,"naive_memory"
"AGGATCAGTTAGCGGGATCCCAAC-1","slingPseudotime_1",14.4230988354229,"CD8-41BB","aucell_cytotoxic_score",0.466912410040372,"cytotoxic"
"AGGATCAGTTAGCGGGATCCCAAC-1","slingPseudotime_2",15.0562230089242,"CD8-41BB","aucell_exhausted_score",0.0605581885202738,"exhausted"
"AGGATCAGTTAGCGGGATCCCAAC-1","slingPseudotime_2",15.0562230089242,"CD8-41BB","aucell_proliferating_score",0,"proliferating"
"AGGATCAGTTAGCGGGATCCCAAC-1","slingPseudotime_2",15.0562230089242,"CD8-41BB","aucell_naive_memory_score",0,"naive_memory"
"AGGATCAGTTAGCGGGATCCCAAC-1","slingPseudotime_2",15.0562230089242,"CD8-41BB","aucell_cytotoxic_score",0.466912410040372,"cytotoxic"
"AGGCCTAAGGTTGTAAATCCCAAC-1","slingPseudotime_1",14.2773447303432,"CD8-41BB","aucell_exhausted_score",0.141126908899421,"exhausted"
"AGGCCTAAGGTTGTAAATCCCAAC-1","slingPseudotime_1",14.2773447303432,"CD8-41BB","aucell_proliferating_score",0,"proliferating"
"AGGCCTAAGGTTGTAAATCCCAAC-1","slingPseudotime_1",14.2773447303432,"CD8-41BB","aucell_naive_memory_score",0.175789473684211,"naive_memory"
"AGGCCTAAGGTTGTAAATCCCAAC-1","slingPseudotime_1",14.2773447303432,"CD8-41BB","aucell_cytotoxic_score",0.293838862559242,"cytotoxic"
"AGGCCTAAGGTTGTAAATCCCAAC-1","slingPseudotime_2",15.1020886340834,"CD8-41BB","aucell_exhausted_score",0.141126908899421,"exhausted"
"AGGCCTAAGGTTGTAAATCCCAAC-1","slingPseudotime_2",15.1020886340834,"CD8-41BB","aucell_proliferating_score",0,"proliferating"
"AGGCCTAAGGTTGTAAATCCCAAC-1","slingPseudotime_2",15.1020886340834,"CD8-41BB","aucell_naive_memory_score",0.175789473684211,"naive_memory"
"AGGCCTAAGGTTGTAAATCCCAAC-1","slingPseudotime_2",15.1020886340834,"CD8-41BB","aucell_cytotoxic_score",0.293838862559242,"cytotoxic"
"AGGCTTGAGGATTAGCATCCCAAC-1","slingPseudotime_1",9.65220626688315,"CD8-41BB","aucell_exhausted_score",0,"exhausted"
"AGGCTTGAGGATTAGCATCCCAAC-1","slingPseudotime_1",9.65220626688315,"CD8-41BB","aucell_proliferating_score",0,"proliferating"
"AGGCTTGAGGATTAGCATCCCAAC-1","slingPseudotime_1",9.65220626688315,"CD8-41BB","aucell_naive_memory_score",0.257052631578947,"naive_memory"
"AGGCTTGAGGATTAGCATCCCAAC-1","slingPseudotime_1",9.65220626688315,"CD8-41BB","aucell_cytotoxic_score",0.025627523257855,"cytotoxic"
"AGGCTTGAGGATTAGCATCCCAAC-1","slingPseudotime_2",10.3428038162268,"CD8-41BB","aucell_exhausted_score",0,"exhausted"
"AGGCTTGAGGATTAGCATCCCAAC-1","slingPseudotime_2",10.3428038162268,"CD8-41BB","aucell_proliferating_score",0,"proliferating"
"AGGCTTGAGGATTAGCATCCCAAC-1","slingPseudotime_2",10.3428038162268,"CD8-41BB","aucell_naive_memory_score",0.257052631578947,"naive_memory"
"AGGCTTGAGGATTAGCATCCCAAC-1","slingPseudotime_2",10.3428038162268,"CD8-41BB","aucell_cytotoxic_score",0.025627523257855,"cytotoxic"
"AGGGAGTAGTTTACCGATCCCAAC-1","slingPseudotime_1",13.9556573850988,"CD8-41BB","aucell_exhausted_score",0,"exhausted"
"AGGGAGTAGTTTACCGATCCCAAC-1","slingPseudotime_1",13.9556573850988,"CD8-41BB","aucell_proliferating_score",0,"proliferating"
"AGGGAGTAGTTTACCGATCCCAAC-1","slingPseudotime_1",13.9556573850988,"CD8-41BB","aucell_naive_memory_score",0,"naive_memory"
"AGGGAGTAGTTTACCGATCCCAAC-1","slingPseudotime_1",13.9556573850988,"CD8-41BB","aucell_cytotoxic_score",0,"cytotoxic"
"AGGGAGTAGTTTACCGATCCCAAC-1","slingPseudotime_2",30.6362402155678,"CD8-41BB","aucell_exhausted_score",0,"exhausted"
"AGGGAGTAGTTTACCGATCCCAAC-1","slingPseudotime_2",30.6362402155678,"CD8-41BB","aucell_proliferating_score",0,"proliferating"
"AGGGAGTAGTTTACCGATCCCAAC-1","slingPseudotime_2",30.6362402155678,"CD8-41BB","aucell_naive_memory_score",0,"naive_memory"
"AGGGAGTAGTTTACCGATCCCAAC-1","slingPseudotime_2",30.6362402155678,"CD8-41BB","aucell_cytotoxic_score",0,"cytotoxic"
"AGGTGATTCGGTACGAATCCCAAC-1","slingPseudotime_2",26.3730407235598,"CD8-41BB","aucell_exhausted_score",0.162541688608039,"exhausted"
"AGGTGATTCGGTACGAATCCCAAC-1","slingPseudotime_2",26.3730407235598,"CD8-41BB","aucell_proliferating_score",0,"proliferating"
"AGGTGATTCGGTACGAATCCCAAC-1","slingPseudotime_2",26.3730407235598,"CD8-41BB","aucell_naive_memory_score",0,"naive_memory"
"AGGTGATTCGGTACGAATCCCAAC-1","slingPseudotime_2",26.3730407235598,"CD8-41BB","aucell_cytotoxic_score",0.800421274354924,"cytotoxic"
"AGTAACGGTGTTAGTCATCCCAAC-1","slingPseudotime_1",10.64784006633,"CD8-41BB","aucell_exhausted_score",0,"exhausted"
"AGTAACGGTGTTAGTCATCCCAAC-1","slingPseudotime_1",10.64784006633,"CD8-41BB","aucell_proliferating_score",0,"proliferating"
"AGTAACGGTGTTAGTCATCCCAAC-1","slingPseudotime_1",10.64784006633,"CD8-41BB","aucell_naive_memory_score",0,"naive_memory"
"AGTAACGGTGTTAGTCATCCCAAC-1","slingPseudotime_1",10.64784006633,"CD8-41BB","aucell_cytotoxic_score",0.258908197296823,"cytotoxic"
"AGTAACGGTGTTAGTCATCCCAAC-1","slingPseudotime_2",11.1674489912215,"CD8-41BB","aucell_exhausted_score",0,"exhausted"
"AGTAACGGTGTTAGTCATCCCAAC-1","slingPseudotime_2",11.1674489912215,"CD8-41BB","aucell_proliferating_score",0,"proliferating"
"AGTAACGGTGTTAGTCATCCCAAC-1","slingPseudotime_2",11.1674489912215,"CD8-41BB","aucell_naive_memory_score",0,"naive_memory"
"AGTAACGGTGTTAGTCATCCCAAC-1","slingPseudotime_2",11.1674489912215,"CD8-41BB","aucell_cytotoxic_score",0.258908197296823,"cytotoxic"
"AGTAAGCTCGTCCCGAATCCCAAC-1","slingPseudotime_1",16.0194493157833,"CD8-41BB","aucell_exhausted_score",0.165701246269967,"exhausted"
"AGTAAGCTCGTCCCGAATCCCAAC-1","slingPseudotime_1",16.0194493157833,"CD8-41BB","aucell_proliferating_score",0.0983157894736842,"proliferating"
"AGTAAGCTCGTCCCGAATCCCAAC-1","slingPseudotime_1",16.0194493157833,"CD8-41BB","aucell_naive_memory_score",0.160421052631579,"naive_memory"
"AGTAAGCTCGTCCCGAATCCCAAC-1","slingPseudotime_1",16.0194493157833,"CD8-41BB","aucell_cytotoxic_score",0.147621555204494,"cytotoxic"
"AGTAAGCTCGTCCCGAATCCCAAC-1","slingPseudotime_2",16.8341728023735,"CD8-41BB","aucell_exhausted_score",0.165701246269967,"exhausted"
"AGTAAGCTCGTCCCGAATCCCAAC-1","slingPseudotime_2",16.8341728023735,"CD8-41BB","aucell_proliferating_score",0.0983157894736842,"proliferating"
"AGTAAGCTCGTCCCGAATCCCAAC-1","slingPseudotime_2",16.8341728023735,"CD8-41BB","aucell_naive_memory_score",0.160421052631579,"naive_memory"
"AGTAAGCTCGTCCCGAATCCCAAC-1","slingPseudotime_2",16.8341728023735,"CD8-41BB","aucell_cytotoxic_score",0.147621555204494,"cytotoxic"
"AGTAGGCGTGCGGCTTATCCCAAC-1","slingPseudotime_1",8.50496729726006,"CD8-41BB","aucell_exhausted_score",0.0663507109004739,"exhausted"
"AGTAGGCGTGCGGCTTATCCCAAC-1","slingPseudotime_1",8.50496729726006,"CD8-41BB","aucell_proliferating_score",0,"proliferating"
"AGTAGGCGTGCGGCTTATCCCAAC-1","slingPseudotime_1",8.50496729726006,"CD8-41BB","aucell_naive_memory_score",0.120631578947368,"naive_memory"
"AGTAGGCGTGCGGCTTATCCCAAC-1","slingPseudotime_1",8.50496729726006,"CD8-41BB","aucell_cytotoxic_score",0,"cytotoxic"
"AGTAGGCGTGCGGCTTATCCCAAC-1","slingPseudotime_2",9.24152060253197,"CD8-41BB","aucell_exhausted_score",0.0663507109004739,"exhausted"
"AGTAGGCGTGCGGCTTATCCCAAC-1","slingPseudotime_2",9.24152060253197,"CD8-41BB","aucell_proliferating_score",0,"proliferating"
"AGTAGGCGTGCGGCTTATCCCAAC-1","slingPseudotime_2",9.24152060253197,"CD8-41BB","aucell_naive_memory_score",0.120631578947368,"naive_memory"
"AGTAGGCGTGCGGCTTATCCCAAC-1","slingPseudotime_2",9.24152060253197,"CD8-41BB","aucell_cytotoxic_score",0,"cytotoxic"
"AGTAGGTTCAGCGATGATCCCAAC-1","slingPseudotime_1",14.5740888542421,"CD8-41BB","aucell_exhausted_score",0.213270142180095,"exhausted"
"AGTAGGTTCAGCGATGATCCCAAC-1","slingPseudotime_1",14.5740888542421,"CD8-41BB","aucell_proliferating_score",0.142526315789474,"proliferating"
"AGTAGGTTCAGCGATGATCCCAAC-1","slingPseudotime_1",14.5740888542421,"CD8-41BB","aucell_naive_memory_score",0.150736842105263,"naive_memory"
"AGTAGGTTCAGCGATGATCCCAAC-1","slingPseudotime_1",14.5740888542421,"CD8-41BB","aucell_cytotoxic_score",0.164648060382658,"cytotoxic"
"AGTAGGTTCAGCGATGATCCCAAC-1","slingPseudotime_2",15.6341734624549,"CD8-41BB","aucell_exhausted_score",0.213270142180095,"exhausted"
"AGTAGGTTCAGCGATGATCCCAAC-1","slingPseudotime_2",15.6341734624549,"CD8-41BB","aucell_proliferating_score",0.142526315789474,"proliferating"
"AGTAGGTTCAGCGATGATCCCAAC-1","slingPseudotime_2",15.6341734624549,"CD8-41BB","aucell_naive_memory_score",0.150736842105263,"naive_memory"
"AGTAGGTTCAGCGATGATCCCAAC-1","slingPseudotime_2",15.6341734624549,"CD8-41BB","aucell_cytotoxic_score",0.164648060382658,"cytotoxic"
"AGTCGCGCAAACCCAAATCCCAAC-1","slingPseudotime_1",21.4899466980501,"CD8-41BB","aucell_exhausted_score",0.162190626645603,"exhausted"
"AGTCGCGCAAACCCAAATCCCAAC-1","slingPseudotime_1",21.4899466980501,"CD8-41BB","aucell_proliferating_score",0,"proliferating"
"AGTCGCGCAAACCCAAATCCCAAC-1","slingPseudotime_1",21.4899466980501,"CD8-41BB","aucell_naive_memory_score",0.0871578947368421,"naive_memory"
"AGTCGCGCAAACCCAAATCCCAAC-1","slingPseudotime_1",21.4899466980501,"CD8-41BB","aucell_cytotoxic_score",0.153589608565912,"cytotoxic"
"AGTCGCGCAAACCCAAATCCCAAC-1","slingPseudotime_2",29.2256867589125,"CD8-41BB","aucell_exhausted_score",0.162190626645603,"exhausted"
"AGTCGCGCAAACCCAAATCCCAAC-1","slingPseudotime_2",29.2256867589125,"CD8-41BB","aucell_proliferating_score",0,"proliferating"
"AGTCGCGCAAACCCAAATCCCAAC-1","slingPseudotime_2",29.2256867589125,"CD8-41BB","aucell_naive_memory_score",0.0871578947368421,"naive_memory"
"AGTCGCGCAAACCCAAATCCCAAC-1","slingPseudotime_2",29.2256867589125,"CD8-41BB","aucell_cytotoxic_score",0.153589608565912,"cytotoxic"
"AGTGAGAAGGGCACTAATCCCAAC-1","slingPseudotime_1",16.9648619013422,"CD8-41BB","aucell_exhausted_score",0,"exhausted"
"AGTGAGAAGGGCACTAATCCCAAC-1","slingPseudotime_1",16.9648619013422,"CD8-41BB","aucell_proliferating_score",0,"proliferating"
"AGTGAGAAGGGCACTAATCCCAAC-1","slingPseudotime_1",16.9648619013422,"CD8-41BB","aucell_naive_memory_score",0,"naive_memory"
"AGTGAGAAGGGCACTAATCCCAAC-1","slingPseudotime_1",16.9648619013422,"CD8-41BB","aucell_cytotoxic_score",0.323679129366333,"cytotoxic"
"AGTGAGAAGGGCACTAATCCCAAC-1","slingPseudotime_2",17.4002275201713,"CD8-41BB","aucell_exhausted_score",0,"exhausted"
"AGTGAGAAGGGCACTAATCCCAAC-1","slingPseudotime_2",17.4002275201713,"CD8-41BB","aucell_proliferating_score",0,"proliferating"
"AGTGAGAAGGGCACTAATCCCAAC-1","slingPseudotime_2",17.4002275201713,"CD8-41BB","aucell_naive_memory_score",0,"naive_memory"
"AGTGAGAAGGGCACTAATCCCAAC-1","slingPseudotime_2",17.4002275201713,"CD8-41BB","aucell_cytotoxic_score",0.323679129366333,"cytotoxic"
"AGTGATCAGTGTAATGATCCCAAC-1","slingPseudotime_1",11.3435624717981,"CD8-41BB","aucell_exhausted_score",0.13638757240653,"exhausted"
"AGTGATCAGTGTAATGATCCCAAC-1","slingPseudotime_1",11.3435624717981,"CD8-41BB","aucell_proliferating_score",0,"proliferating"
"AGTGATCAGTGTAATGATCCCAAC-1","slingPseudotime_1",11.3435624717981,"CD8-41BB","aucell_naive_memory_score",0.088,"naive_memory"
"AGTGATCAGTGTAATGATCCCAAC-1","slingPseudotime_1",11.3435624717981,"CD8-41BB","aucell_cytotoxic_score",0,"cytotoxic"
"AGTGATCAGTGTAATGATCCCAAC-1","slingPseudotime_2",12.2103980231712,"CD8-41BB","aucell_exhausted_score",0.13638757240653,"exhausted"
"AGTGATCAGTGTAATGATCCCAAC-1","slingPseudotime_2",12.2103980231712,"CD8-41BB","aucell_proliferating_score",0,"proliferating"
"AGTGATCAGTGTAATGATCCCAAC-1","slingPseudotime_2",12.2103980231712,"CD8-41BB","aucell_naive_memory_score",0.088,"naive_memory"
"AGTGATCAGTGTAATGATCCCAAC-1","slingPseudotime_2",12.2103980231712,"CD8-41BB","aucell_cytotoxic_score",0,"cytotoxic"
"AGTGATTCAACAGCTAATCCCAAC-1","slingPseudotime_1",17.4771657686728,"CD8-41BB","aucell_exhausted_score",0.274530454625241,"exhausted"
"AGTGATTCAACAGCTAATCCCAAC-1","slingPseudotime_1",17.4771657686728,"CD8-41BB","aucell_proliferating_score",0,"proliferating"
"AGTGATTCAACAGCTAATCCCAAC-1","slingPseudotime_1",17.4771657686728,"CD8-41BB","aucell_naive_memory_score",0.159789473684211,"naive_memory"
"AGTGATTCAACAGCTAATCCCAAC-1","slingPseudotime_1",17.4771657686728,"CD8-41BB","aucell_cytotoxic_score",0.779357556608741,"cytotoxic"
"AGTGATTCAACAGCTAATCCCAAC-1","slingPseudotime_2",18.8215797055475,"CD8-41BB","aucell_exhausted_score",0.274530454625241,"exhausted"
"AGTGATTCAACAGCTAATCCCAAC-1","slingPseudotime_2",18.8215797055475,"CD8-41BB","aucell_proliferating_score",0,"proliferating"
"AGTGATTCAACAGCTAATCCCAAC-1","slingPseudotime_2",18.8215797055475,"CD8-41BB","aucell_naive_memory_score",0.159789473684211,"naive_memory"
"AGTGATTCAACAGCTAATCCCAAC-1","slingPseudotime_2",18.8215797055475,"CD8-41BB","aucell_cytotoxic_score",0.779357556608741,"cytotoxic"
"AGTGCGGGTGAACGACATCCCAAC-1","slingPseudotime_1",23.8082072143891,"CD8-41BB","aucell_exhausted_score",0.277338950324732,"exhausted"
"AGTGCGGGTGAACGACATCCCAAC-1","slingPseudotime_1",23.8082072143891,"CD8-41BB","aucell_proliferating_score",0,"proliferating"
"AGTGCGGGTGAACGACATCCCAAC-1","slingPseudotime_1",23.8082072143891,"CD8-41BB","aucell_naive_memory_score",0.0785263157894737,"naive_memory"
"AGTGCGGGTGAACGACATCCCAAC-1","slingPseudotime_1",23.8082072143891,"CD8-41BB","aucell_cytotoxic_score",0.308407934000351,"cytotoxic"
"AGTGCGGGTGAACGACATCCCAAC-1","slingPseudotime_2",29.0883345526477,"CD8-41BB","aucell_exhausted_score",0.277338950324732,"exhausted"
"AGTGCGGGTGAACGACATCCCAAC-1","slingPseudotime_2",29.0883345526477,"CD8-41BB","aucell_proliferating_score",0,"proliferating"
"AGTGCGGGTGAACGACATCCCAAC-1","slingPseudotime_2",29.0883345526477,"CD8-41BB","aucell_naive_memory_score",0.0785263157894737,"naive_memory"
"AGTGCGGGTGAACGACATCCCAAC-1","slingPseudotime_2",29.0883345526477,"CD8-41BB","aucell_cytotoxic_score",0.308407934000351,"cytotoxic"
"AGTTATCTCTGTGACCATCCCAAC-1","slingPseudotime_1",43.5677751008658,"CD8-41BB","aucell_exhausted_score",0,"exhausted"
"AGTTATCTCTGTGACCATCCCAAC-1","slingPseudotime_1",43.5677751008658,"CD8-41BB","aucell_proliferating_score",0.452210526315789,"proliferating"
"AGTTATCTCTGTGACCATCCCAAC-1","slingPseudotime_1",43.5677751008658,"CD8-41BB","aucell_naive_memory_score",0,"naive_memory"
"AGTTATCTCTGTGACCATCCCAAC-1","slingPseudotime_1",43.5677751008658,"CD8-41BB","aucell_cytotoxic_score",0,"cytotoxic"
"AGTTGCCTCATTTAGCATCCCAAC-1","slingPseudotime_1",12.1009653467807,"CD8-41BB","aucell_exhausted_score",0,"exhausted"
"AGTTGCCTCATTTAGCATCCCAAC-1","slingPseudotime_1",12.1009653467807,"CD8-41BB","aucell_proliferating_score",0,"proliferating"
"AGTTGCCTCATTTAGCATCCCAAC-1","slingPseudotime_1",12.1009653467807,"CD8-41BB","aucell_naive_memory_score",0,"naive_memory"
"AGTTGCCTCATTTAGCATCCCAAC-1","slingPseudotime_1",12.1009653467807,"CD8-41BB","aucell_cytotoxic_score",0.250833772160786,"cytotoxic"
"AGTTGCCTCATTTAGCATCCCAAC-1","slingPseudotime_2",12.8606718874766,"CD8-41BB","aucell_exhausted_score",0,"exhausted"
"AGTTGCCTCATTTAGCATCCCAAC-1","slingPseudotime_2",12.8606718874766,"CD8-41BB","aucell_proliferating_score",0,"proliferating"
"AGTTGCCTCATTTAGCATCCCAAC-1","slingPseudotime_2",12.8606718874766,"CD8-41BB","aucell_naive_memory_score",0,"naive_memory"
"AGTTGCCTCATTTAGCATCCCAAC-1","slingPseudotime_2",12.8606718874766,"CD8-41BB","aucell_cytotoxic_score",0.250833772160786,"cytotoxic"
"ATAAGCCAGACGCATGATCCCAAC-1","slingPseudotime_1",16.0229029024126,"CD8-41BB","aucell_exhausted_score",0.152711953659821,"exhausted"
"ATAAGCCAGACGCATGATCCCAAC-1","slingPseudotime_1",16.0229029024126,"CD8-41BB","aucell_proliferating_score",0,"proliferating"
"ATAAGCCAGACGCATGATCCCAAC-1","slingPseudotime_1",16.0229029024126,"CD8-41BB","aucell_naive_memory_score",0,"naive_memory"
"ATAAGCCAGACGCATGATCCCAAC-1","slingPseudotime_1",16.0229029024126,"CD8-41BB","aucell_cytotoxic_score",0.325258908197297,"cytotoxic"
"ATAAGCCAGACGCATGATCCCAAC-1","slingPseudotime_2",31.8615441250612,"CD8-41BB","aucell_exhausted_score",0.152711953659821,"exhausted"
"ATAAGCCAGACGCATGATCCCAAC-1","slingPseudotime_2",31.8615441250612,"CD8-41BB","aucell_proliferating_score",0,"proliferating"
"ATAAGCCAGACGCATGATCCCAAC-1","slingPseudotime_2",31.8615441250612,"CD8-41BB","aucell_naive_memory_score",0,"naive_memory"
"ATAAGCCAGACGCATGATCCCAAC-1","slingPseudotime_2",31.8615441250612,"CD8-41BB","aucell_cytotoxic_score",0.325258908197297,"cytotoxic"
"ATAAGCCAGGTCGAGCATCCCAAC-1","slingPseudotime_1",11.7904213234851,"CD8-41BB","aucell_exhausted_score",0,"exhausted"
"ATAAGCCAGGTCGAGCATCCCAAC-1","slingPseudotime_1",11.7904213234851,"CD8-41BB","aucell_proliferating_score",0,"proliferating"
"ATAAGCCAGGTCGAGCATCCCAAC-1","slingPseudotime_1",11.7904213234851,"CD8-41BB","aucell_naive_memory_score",0.184631578947368,"naive_memory"
"ATAAGCCAGGTCGAGCATCCCAAC-1","slingPseudotime_1",11.7904213234851,"CD8-41BB","aucell_cytotoxic_score",0.163594874495348,"cytotoxic"
"ATAAGCCAGGTCGAGCATCCCAAC-1","slingPseudotime_2",12.6034368414384,"CD8-41BB","aucell_exhausted_score",0,"exhausted"
"ATAAGCCAGGTCGAGCATCCCAAC-1","slingPseudotime_2",12.6034368414384,"CD8-41BB","aucell_proliferating_score",0,"proliferating"
"ATAAGCCAGGTCGAGCATCCCAAC-1","slingPseudotime_2",12.6034368414384,"CD8-41BB","aucell_naive_memory_score",0.184631578947368,"naive_memory"
"ATAAGCCAGGTCGAGCATCCCAAC-1","slingPseudotime_2",12.6034368414384,"CD8-41BB","aucell_cytotoxic_score",0.163594874495348,"cytotoxic"
"ATACTGTTCCGCCCAAATCCCAAC-1","slingPseudotime_1",16.1279444483636,"CD8-41BB","aucell_exhausted_score",0,"exhausted"
"ATACTGTTCCGCCCAAATCCCAAC-1","slingPseudotime_1",16.1279444483636,"CD8-41BB","aucell_proliferating_score",0,"proliferating"
"ATACTGTTCCGCCCAAATCCCAAC-1","slingPseudotime_1",16.1279444483636,"CD8-41BB","aucell_naive_memory_score",0.0477894736842105,"naive_memory"
"ATACTGTTCCGCCCAAATCCCAAC-1","slingPseudotime_1",16.1279444483636,"CD8-41BB","aucell_cytotoxic_score",0.343865192206424,"cytotoxic"
"ATACTGTTCCGCCCAAATCCCAAC-1","slingPseudotime_2",30.6380742557844,"CD8-41BB","aucell_exhausted_score",0,"exhausted"
"ATACTGTTCCGCCCAAATCCCAAC-1","slingPseudotime_2",30.6380742557844,"CD8-41BB","aucell_proliferating_score",0,"proliferating"
"ATACTGTTCCGCCCAAATCCCAAC-1","slingPseudotime_2",30.6380742557844,"CD8-41BB","aucell_naive_memory_score",0.0477894736842105,"naive_memory"
"ATACTGTTCCGCCCAAATCCCAAC-1","slingPseudotime_2",30.6380742557844,"CD8-41BB","aucell_cytotoxic_score",0.343865192206424,"cytotoxic"
"ATAGACTCATTCAACCATCCCAAC-1","slingPseudotime_1",8.03971799187083,"CD8-41BB","aucell_exhausted_score",0.0610847814639284,"exhausted"
"ATAGACTCATTCAACCATCCCAAC-1","slingPseudotime_1",8.03971799187083,"CD8-41BB","aucell_proliferating_score",0,"proliferating"
"ATAGACTCATTCAACCATCCCAAC-1","slingPseudotime_1",8.03971799187083,"CD8-41BB","aucell_naive_memory_score",0.0541052631578947,"naive_memory"
"ATAGACTCATTCAACCATCCCAAC-1","slingPseudotime_1",8.03971799187083,"CD8-41BB","aucell_cytotoxic_score",0.311567491662278,"cytotoxic"
"ATAGACTCATTCAACCATCCCAAC-1","slingPseudotime_2",8.62064042714723,"CD8-41BB","aucell_exhausted_score",0.0610847814639284,"exhausted"
"ATAGACTCATTCAACCATCCCAAC-1","slingPseudotime_2",8.62064042714723,"CD8-41BB","aucell_proliferating_score",0,"proliferating"
"ATAGACTCATTCAACCATCCCAAC-1","slingPseudotime_2",8.62064042714723,"CD8-41BB","aucell_naive_memory_score",0.0541052631578947,"naive_memory"
"ATAGACTCATTCAACCATCCCAAC-1","slingPseudotime_2",8.62064042714723,"CD8-41BB","aucell_cytotoxic_score",0.311567491662278,"cytotoxic"
"ATAGGCGTCGTAACCCATCCCAAC-1","slingPseudotime_1",3.48041259033461,"CD8-41BB","aucell_exhausted_score",0,"exhausted"
"ATAGGCGTCGTAACCCATCCCAAC-1","slingPseudotime_1",3.48041259033461,"CD8-41BB","aucell_proliferating_score",0,"proliferating"
"ATAGGCGTCGTAACCCATCCCAAC-1","slingPseudotime_1",3.48041259033461,"CD8-41BB","aucell_naive_memory_score",0,"naive_memory"
"ATAGGCGTCGTAACCCATCCCAAC-1","slingPseudotime_1",3.48041259033461,"CD8-41BB","aucell_cytotoxic_score",0.113041951904511,"cytotoxic"
"ATAGGCGTCGTAACCCATCCCAAC-1","slingPseudotime_2",4.13156894349419,"CD8-41BB","aucell_exhausted_score",0,"exhausted"
"ATAGGCGTCGTAACCCATCCCAAC-1","slingPseudotime_2",4.13156894349419,"CD8-41BB","aucell_proliferating_score",0,"proliferating"
"ATAGGCGTCGTAACCCATCCCAAC-1","slingPseudotime_2",4.13156894349419,"CD8-41BB","aucell_naive_memory_score",0,"naive_memory"
"ATAGGCGTCGTAACCCATCCCAAC-1","slingPseudotime_2",4.13156894349419,"CD8-41BB","aucell_cytotoxic_score",0.113041951904511,"cytotoxic"
"ATATCGAAGGTGCACAATCCCAAC-1","slingPseudotime_1",19.8284242139958,"CD8-41BB","aucell_exhausted_score",0.458486922941899,"exhausted"
"ATATCGAAGGTGCACAATCCCAAC-1","slingPseudotime_1",19.8284242139958,"CD8-41BB","aucell_proliferating_score",0,"proliferating"
"ATATCGAAGGTGCACAATCCCAAC-1","slingPseudotime_1",19.8284242139958,"CD8-41BB","aucell_naive_memory_score",0.028,"naive_memory"
"ATATCGAAGGTGCACAATCCCAAC-1","slingPseudotime_1",19.8284242139958,"CD8-41BB","aucell_cytotoxic_score",0.788309636650869,"cytotoxic"
"ATATCGAAGGTGCACAATCCCAAC-1","slingPseudotime_2",21.451313238207,"CD8-41BB","aucell_exhausted_score",0.458486922941899,"exhausted"
"ATATCGAAGGTGCACAATCCCAAC-1","slingPseudotime_2",21.451313238207,"CD8-41BB","aucell_proliferating_score",0,"proliferating"
"ATATCGAAGGTGCACAATCCCAAC-1","slingPseudotime_2",21.451313238207,"CD8-41BB","aucell_naive_memory_score",0.028,"naive_memory"
"ATATCGAAGGTGCACAATCCCAAC-1","slingPseudotime_2",21.451313238207,"CD8-41BB","aucell_cytotoxic_score",0.788309636650869,"cytotoxic"
"ATCAGCACATCCGGAGATCCCAAC-1","slingPseudotime_1",15.095821723289,"CD8-41BB","aucell_exhausted_score",0,"exhausted"
"ATCAGCACATCCGGAGATCCCAAC-1","slingPseudotime_1",15.095821723289,"CD8-41BB","aucell_proliferating_score",0,"proliferating"
"ATCAGCACATCCGGAGATCCCAAC-1","slingPseudotime_1",15.095821723289,"CD8-41BB","aucell_naive_memory_score",0,"naive_memory"
"ATCAGCACATCCGGAGATCCCAAC-1","slingPseudotime_1",15.095821723289,"CD8-41BB","aucell_cytotoxic_score",0.365982095839916,"cytotoxic"
"ATCAGCACATCCGGAGATCCCAAC-1","slingPseudotime_2",16.1502586286412,"CD8-41BB","aucell_exhausted_score",0,"exhausted"
"ATCAGCACATCCGGAGATCCCAAC-1","slingPseudotime_2",16.1502586286412,"CD8-41BB","aucell_proliferating_score",0,"proliferating"
"ATCAGCACATCCGGAGATCCCAAC-1","slingPseudotime_2",16.1502586286412,"CD8-41BB","aucell_naive_memory_score",0,"naive_memory"
"ATCAGCACATCCGGAGATCCCAAC-1","slingPseudotime_2",16.1502586286412,"CD8-41BB","aucell_cytotoxic_score",0.365982095839916,"cytotoxic"
"ATCCATCCACGTTACTATCCCAAC-1","slingPseudotime_1",15.657641085408,"CD8-41BB","aucell_exhausted_score",0,"exhausted"
"ATCCATCCACGTTACTATCCCAAC-1","slingPseudotime_1",15.657641085408,"CD8-41BB","aucell_proliferating_score",0,"proliferating"
"ATCCATCCACGTTACTATCCCAAC-1","slingPseudotime_1",15.657641085408,"CD8-41BB","aucell_naive_memory_score",0.00505263157894737,"naive_memory"
"ATCCATCCACGTTACTATCCCAAC-1","slingPseudotime_1",15.657641085408,"CD8-41BB","aucell_cytotoxic_score",0.307179217131824,"cytotoxic"
"ATCCATCCACGTTACTATCCCAAC-1","slingPseudotime_2",16.5447130120362,"CD8-41BB","aucell_exhausted_score",0,"exhausted"
"ATCCATCCACGTTACTATCCCAAC-1","slingPseudotime_2",16.5447130120362,"CD8-41BB","aucell_proliferating_score",0,"proliferating"
"ATCCATCCACGTTACTATCCCAAC-1","slingPseudotime_2",16.5447130120362,"CD8-41BB","aucell_naive_memory_score",0.00505263157894737,"naive_memory"
"ATCCATCCACGTTACTATCCCAAC-1","slingPseudotime_2",16.5447130120362,"CD8-41BB","aucell_cytotoxic_score",0.307179217131824,"cytotoxic"
"ATCCATCCAGCCATTTATCCCAAC-1","slingPseudotime_1",26.437126667596,"CD8-41BB","aucell_exhausted_score",0.192030893452694,"exhausted"
"ATCCATCCAGCCATTTATCCCAAC-1","slingPseudotime_1",26.437126667596,"CD8-41BB","aucell_proliferating_score",0,"proliferating"
"ATCCATCCAGCCATTTATCCCAAC-1","slingPseudotime_1",26.437126667596,"CD8-41BB","aucell_naive_memory_score",0,"naive_memory"
"ATCCATCCAGCCATTTATCCCAAC-1","slingPseudotime_1",26.437126667596,"CD8-41BB","aucell_cytotoxic_score",0.329647182727751,"cytotoxic"
"ATCCATCCAGCCATTTATCCCAAC-1","slingPseudotime_2",26.4746432767915,"CD8-41BB","aucell_exhausted_score",0.192030893452694,"exhausted"
"ATCCATCCAGCCATTTATCCCAAC-1","slingPseudotime_2",26.4746432767915,"CD8-41BB","aucell_proliferating_score",0,"proliferating"
"ATCCATCCAGCCATTTATCCCAAC-1","slingPseudotime_2",26.4746432767915,"CD8-41BB","aucell_naive_memory_score",0,"naive_memory"
"ATCCATCCAGCCATTTATCCCAAC-1","slingPseudotime_2",26.4746432767915,"CD8-41BB","aucell_cytotoxic_score",0.329647182727751,"cytotoxic"
"ATCCTTGAGGCTTATTATCCCAAC-1","slingPseudotime_1",16.6451287118857,"CD8-41BB","aucell_exhausted_score",0.135509917500439,"exhausted"
"ATCCTTGAGGCTTATTATCCCAAC-1","slingPseudotime_1",16.6451287118857,"CD8-41BB","aucell_proliferating_score",0,"proliferating"
"ATCCTTGAGGCTTATTATCCCAAC-1","slingPseudotime_1",16.6451287118857,"CD8-41BB","aucell_naive_memory_score",0,"naive_memory"
"ATCCTTGAGGCTTATTATCCCAAC-1","slingPseudotime_1",16.6451287118857,"CD8-41BB","aucell_cytotoxic_score",0.233982797963841,"cytotoxic"
"ATCCTTGAGGCTTATTATCCCAAC-1","slingPseudotime_2",17.1205886395077,"CD8-41BB","aucell_exhausted_score",0.135509917500439,"exhausted"
"ATCCTTGAGGCTTATTATCCCAAC-1","slingPseudotime_2",17.1205886395077,"CD8-41BB","aucell_proliferating_score",0,"proliferating"
"ATCCTTGAGGCTTATTATCCCAAC-1","slingPseudotime_2",17.1205886395077,"CD8-41BB","aucell_naive_memory_score",0,"naive_memory"
"ATCCTTGAGGCTTATTATCCCAAC-1","slingPseudotime_2",17.1205886395077,"CD8-41BB","aucell_cytotoxic_score",0.233982797963841,"cytotoxic"
"ATCTTAGGTAGTAGCAATCCCAAC-1","slingPseudotime_1",5.14455071121957,"CD8-41BB","aucell_exhausted_score",0,"exhausted"
"ATCTTAGGTAGTAGCAATCCCAAC-1","slingPseudotime_1",5.14455071121957,"CD8-41BB","aucell_proliferating_score",0,"proliferating"
"ATCTTAGGTAGTAGCAATCCCAAC-1","slingPseudotime_1",5.14455071121957,"CD8-41BB","aucell_naive_memory_score",0,"naive_memory"
"ATCTTAGGTAGTAGCAATCCCAAC-1","slingPseudotime_1",5.14455071121957,"CD8-41BB","aucell_cytotoxic_score",0.303317535545024,"cytotoxic"
"ATCTTAGGTAGTAGCAATCCCAAC-1","slingPseudotime_2",5.78847662677321,"CD8-41BB","aucell_exhausted_score",0,"exhausted"
"ATCTTAGGTAGTAGCAATCCCAAC-1","slingPseudotime_2",5.78847662677321,"CD8-41BB","aucell_proliferating_score",0,"proliferating"
"ATCTTAGGTAGTAGCAATCCCAAC-1","slingPseudotime_2",5.78847662677321,"CD8-41BB","aucell_naive_memory_score",0,"naive_memory"
"ATCTTAGGTAGTAGCAATCCCAAC-1","slingPseudotime_2",5.78847662677321,"CD8-41BB","aucell_cytotoxic_score",0.303317535545024,"cytotoxic"
"ATGAAAGCAGCCAGCAATCCCAAC-1","slingPseudotime_1",25.1042983419777,"CD8-41BB","aucell_exhausted_score",0.231525364226786,"exhausted"
"ATGAAAGCAGCCAGCAATCCCAAC-1","slingPseudotime_1",25.1042983419777,"CD8-41BB","aucell_proliferating_score",0,"proliferating"
"ATGAAAGCAGCCAGCAATCCCAAC-1","slingPseudotime_1",25.1042983419777,"CD8-41BB","aucell_naive_memory_score",0.0858947368421053,"naive_memory"
"ATGAAAGCAGCCAGCAATCCCAAC-1","slingPseudotime_1",25.1042983419777,"CD8-41BB","aucell_cytotoxic_score",0.474635773213972,"cytotoxic"
"ATGAAAGCAGCCAGCAATCCCAAC-1","slingPseudotime_2",25.4592394379617,"CD8-41BB","aucell_exhausted_score",0.231525364226786,"exhausted"
"ATGAAAGCAGCCAGCAATCCCAAC-1","slingPseudotime_2",25.4592394379617,"CD8-41BB","aucell_proliferating_score",0,"proliferating"
"ATGAAAGCAGCCAGCAATCCCAAC-1","slingPseudotime_2",25.4592394379617,"CD8-41BB","aucell_naive_memory_score",0.0858947368421053,"naive_memory"
"ATGAAAGCAGCCAGCAATCCCAAC-1","slingPseudotime_2",25.4592394379617,"CD8-41BB","aucell_cytotoxic_score",0.474635773213972,"cytotoxic"
"ATGAGGCGTCAAAGGCATCCCAAC-1","slingPseudotime_1",22.5241537551408,"CD8-41BB","aucell_exhausted_score",0.368790591539407,"exhausted"
"ATGAGGCGTCAAAGGCATCCCAAC-1","slingPseudotime_1",22.5241537551408,"CD8-41BB","aucell_proliferating_score",0,"proliferating"
"ATGAGGCGTCAAAGGCATCCCAAC-1","slingPseudotime_1",22.5241537551408,"CD8-41BB","aucell_naive_memory_score",0.106315789473684,"naive_memory"
"ATGAGGCGTCAAAGGCATCCCAAC-1","slingPseudotime_1",22.5241537551408,"CD8-41BB","aucell_cytotoxic_score",0.496752676847464,"cytotoxic"
"ATGAGGCGTCAAAGGCATCCCAAC-1","slingPseudotime_2",23.8980160152754,"CD8-41BB","aucell_exhausted_score",0.368790591539407,"exhausted"
"ATGAGGCGTCAAAGGCATCCCAAC-1","slingPseudotime_2",23.8980160152754,"CD8-41BB","aucell_proliferating_score",0,"proliferating"
"ATGAGGCGTCAAAGGCATCCCAAC-1","slingPseudotime_2",23.8980160152754,"CD8-41BB","aucell_naive_memory_score",0.106315789473684,"naive_memory"
"ATGAGGCGTCAAAGGCATCCCAAC-1","slingPseudotime_2",23.8980160152754,"CD8-41BB","aucell_cytotoxic_score",0.496752676847464,"cytotoxic"
"ATGAGGCGTTTGCATAATCCCAAC-1","slingPseudotime_1",18.4735737644209,"CD8-41BB","aucell_exhausted_score",0.394418114797262,"exhausted"
"ATGAGGCGTTTGCATAATCCCAAC-1","slingPseudotime_1",18.4735737644209,"CD8-41BB","aucell_proliferating_score",0,"proliferating"
"ATGAGGCGTTTGCATAATCCCAAC-1","slingPseudotime_1",18.4735737644209,"CD8-41BB","aucell_naive_memory_score",0.182105263157895,"naive_memory"
"ATGAGGCGTTTGCATAATCCCAAC-1","slingPseudotime_1",18.4735737644209,"CD8-41BB","aucell_cytotoxic_score",0.4951728980165,"cytotoxic"
"ATGAGGCGTTTGCATAATCCCAAC-1","slingPseudotime_2",19.998702009543,"CD8-41BB","aucell_exhausted_score",0.394418114797262,"exhausted"
"ATGAGGCGTTTGCATAATCCCAAC-1","slingPseudotime_2",19.998702009543,"CD8-41BB","aucell_proliferating_score",0,"proliferating"
"ATGAGGCGTTTGCATAATCCCAAC-1","slingPseudotime_2",19.998702009543,"CD8-41BB","aucell_naive_memory_score",0.182105263157895,"naive_memory"
"ATGAGGCGTTTGCATAATCCCAAC-1","slingPseudotime_2",19.998702009543,"CD8-41BB","aucell_cytotoxic_score",0.4951728980165,"cytotoxic"
"ATGCCTATCGGTCAAGATCCCAAC-1","slingPseudotime_1",26.437126667596,"CD8-41BB","aucell_exhausted_score",0.0898718623837107,"exhausted"
"ATGCCTATCGGTCAAGATCCCAAC-1","slingPseudotime_1",26.437126667596,"CD8-41BB","aucell_proliferating_score",0,"proliferating"
"ATGCCTATCGGTCAAGATCCCAAC-1","slingPseudotime_1",26.437126667596,"CD8-41BB","aucell_naive_memory_score",0.179789473684211,"naive_memory"
"ATGCCTATCGGTCAAGATCCCAAC-1","slingPseudotime_1",26.437126667596,"CD8-41BB","aucell_cytotoxic_score",0.157802352115148,"cytotoxic"
"ATGCCTATCGGTCAAGATCCCAAC-1","slingPseudotime_2",25.4592394379617,"CD8-41BB","aucell_exhausted_score",0.0898718623837107,"exhausted"
"ATGCCTATCGGTCAAGATCCCAAC-1","slingPseudotime_2",25.4592394379617,"CD8-41BB","aucell_proliferating_score",0,"proliferating"
"ATGCCTATCGGTCAAGATCCCAAC-1","slingPseudotime_2",25.4592394379617,"CD8-41BB","aucell_naive_memory_score",0.179789473684211,"naive_memory"
"ATGCCTATCGGTCAAGATCCCAAC-1","slingPseudotime_2",25.4592394379617,"CD8-41BB","aucell_cytotoxic_score",0.157802352115148,"cytotoxic"
"ATGCGCAAGGTTAGCGATCCCAAC-1","slingPseudotime_1",9.8685024455078,"CD8-41BB","aucell_exhausted_score",0,"exhausted"
"ATGCGCAAGGTTAGCGATCCCAAC-1","slingPseudotime_1",9.8685024455078,"CD8-41BB","aucell_proliferating_score",0,"proliferating"
"ATGCGCAAGGTTAGCGATCCCAAC-1","slingPseudotime_1",9.8685024455078,"CD8-41BB","aucell_naive_memory_score",0,"naive_memory"
"ATGCGCAAGGTTAGCGATCCCAAC-1","slingPseudotime_1",9.8685024455078,"CD8-41BB","aucell_cytotoxic_score",0.0263296471827278,"cytotoxic"
"ATGCGCAAGGTTAGCGATCCCAAC-1","slingPseudotime_2",10.536131163619,"CD8-41BB","aucell_exhausted_score",0,"exhausted"
"ATGCGCAAGGTTAGCGATCCCAAC-1","slingPseudotime_2",10.536131163619,"CD8-41BB","aucell_proliferating_score",0,"proliferating"
"ATGCGCAAGGTTAGCGATCCCAAC-1","slingPseudotime_2",10.536131163619,"CD8-41BB","aucell_naive_memory_score",0,"naive_memory"
"ATGCGCAAGGTTAGCGATCCCAAC-1","slingPseudotime_2",10.536131163619,"CD8-41BB","aucell_cytotoxic_score",0.0263296471827278,"cytotoxic"
"ATGCGTCTCACCATATATCCCAAC-1","slingPseudotime_1",11.3990074117854,"CD8-41BB","aucell_exhausted_score",0.157100228190276,"exhausted"
"ATGCGTCTCACCATATATCCCAAC-1","slingPseudotime_1",11.3990074117854,"CD8-41BB","aucell_proliferating_score",0,"proliferating"
"ATGCGTCTCACCATATATCCCAAC-1","slingPseudotime_1",11.3990074117854,"CD8-41BB","aucell_naive_memory_score",0.190736842105263,"naive_memory"
"ATGCGTCTCACCATATATCCCAAC-1","slingPseudotime_1",11.3990074117854,"CD8-41BB","aucell_cytotoxic_score",0.162541688608039,"cytotoxic"
"ATGCGTCTCACCATATATCCCAAC-1","slingPseudotime_2",12.1175636076492,"CD8-41BB","aucell_exhausted_score",0.157100228190276,"exhausted"
"ATGCGTCTCACCATATATCCCAAC-1","slingPseudotime_2",12.1175636076492,"CD8-41BB","aucell_proliferating_score",0,"proliferating"
"ATGCGTCTCACCATATATCCCAAC-1","slingPseudotime_2",12.1175636076492,"CD8-41BB","aucell_naive_memory_score",0.190736842105263,"naive_memory"
"ATGCGTCTCACCATATATCCCAAC-1","slingPseudotime_2",12.1175636076492,"CD8-41BB","aucell_cytotoxic_score",0.162541688608039,"cytotoxic"
"ATGCGTCTCTTAAGCTATCCCAAC-1","slingPseudotime_1",16.1160103204485,"CD8-41BB","aucell_exhausted_score",0.36071616640337,"exhausted"
"ATGCGTCTCTTAAGCTATCCCAAC-1","slingPseudotime_1",16.1160103204485,"CD8-41BB","aucell_proliferating_score",0,"proliferating"
"ATGCGTCTCTTAAGCTATCCCAAC-1","slingPseudotime_1",16.1160103204485,"CD8-41BB","aucell_naive_memory_score",0.103157894736842,"naive_memory"
"ATGCGTCTCTTAAGCTATCCCAAC-1","slingPseudotime_1",16.1160103204485,"CD8-41BB","aucell_cytotoxic_score",0.164121467439003,"cytotoxic"
"ATGCGTCTCTTAAGCTATCCCAAC-1","slingPseudotime_2",17.0683140060297,"CD8-41BB","aucell_exhausted_score",0.36071616640337,"exhausted"
"ATGCGTCTCTTAAGCTATCCCAAC-1","slingPseudotime_2",17.0683140060297,"CD8-41BB","aucell_proliferating_score",0,"proliferating"
"ATGCGTCTCTTAAGCTATCCCAAC-1","slingPseudotime_2",17.0683140060297,"CD8-41BB","aucell_naive_memory_score",0.103157894736842,"naive_memory"
"ATGCGTCTCTTAAGCTATCCCAAC-1","slingPseudotime_2",17.0683140060297,"CD8-41BB","aucell_cytotoxic_score",0.164121467439003,"cytotoxic"
"ATGGATTCACGTAAATATCCCAAC-1","slingPseudotime_1",16.1821298206916,"CD8-41BB","aucell_exhausted_score",0.117254695453748,"exhausted"
"ATGGATTCACGTAAATATCCCAAC-1","slingPseudotime_1",16.1821298206916,"CD8-41BB","aucell_proliferating_score",0,"proliferating"
"ATGGATTCACGTAAATATCCCAAC-1","slingPseudotime_1",16.1821298206916,"CD8-41BB","aucell_naive_memory_score",0,"naive_memory"
"ATGGATTCACGTAAATATCCCAAC-1","slingPseudotime_1",16.1821298206916,"CD8-41BB","aucell_cytotoxic_score",0.397051079515534,"cytotoxic"
"ATGGATTCACGTAAATATCCCAAC-1","slingPseudotime_2",16.9963252337779,"CD8-41BB","aucell_exhausted_score",0.117254695453748,"exhausted"
"ATGGATTCACGTAAATATCCCAAC-1","slingPseudotime_2",16.9963252337779,"CD8-41BB","aucell_proliferating_score",0,"proliferating"
"ATGGATTCACGTAAATATCCCAAC-1","slingPseudotime_2",16.9963252337779,"CD8-41BB","aucell_naive_memory_score",0,"naive_memory"
"ATGGATTCACGTAAATATCCCAAC-1","slingPseudotime_2",16.9963252337779,"CD8-41BB","aucell_cytotoxic_score",0.397051079515534,"cytotoxic"
"ATGGATTCATAGACCAATCCCAAC-1","slingPseudotime_1",18.6852219210796,"CD8-41BB","aucell_exhausted_score",0.222046691241004,"exhausted"
"ATGGATTCATAGACCAATCCCAAC-1","slingPseudotime_1",18.6852219210796,"CD8-41BB","aucell_proliferating_score",0,"proliferating"
"ATGGATTCATAGACCAATCCCAAC-1","slingPseudotime_1",18.6852219210796,"CD8-41BB","aucell_naive_memory_score",0,"naive_memory"
"ATGGATTCATAGACCAATCCCAAC-1","slingPseudotime_1",18.6852219210796,"CD8-41BB","aucell_cytotoxic_score",0.644023170089521,"cytotoxic"
"ATGGATTCATAGACCAATCCCAAC-1","slingPseudotime_2",20.1267327977101,"CD8-41BB","aucell_exhausted_score",0.222046691241004,"exhausted"
"ATGGATTCATAGACCAATCCCAAC-1","slingPseudotime_2",20.1267327977101,"CD8-41BB","aucell_proliferating_score",0,"proliferating"
"ATGGATTCATAGACCAATCCCAAC-1","slingPseudotime_2",20.1267327977101,"CD8-41BB","aucell_naive_memory_score",0,"naive_memory"
"ATGGATTCATAGACCAATCCCAAC-1","slingPseudotime_2",20.1267327977101,"CD8-41BB","aucell_cytotoxic_score",0.644023170089521,"cytotoxic"
"ATGGCCTTCGCGGATAATCCCAAC-1","slingPseudotime_1",27.6950328274254,"CD8-41BB","aucell_exhausted_score",0,"exhausted"
"ATGGCCTTCGCGGATAATCCCAAC-1","slingPseudotime_1",27.6950328274254,"CD8-41BB","aucell_proliferating_score",0,"proliferating"
"ATGGCCTTCGCGGATAATCCCAAC-1","slingPseudotime_1",27.6950328274254,"CD8-41BB","aucell_naive_memory_score",0.0905263157894737,"naive_memory"
"ATGGCCTTCGCGGATAATCCCAAC-1","slingPseudotime_1",27.6950328274254,"CD8-41BB","aucell_cytotoxic_score",0.494470774091627,"cytotoxic"
"ATGGCCTTCGCGGATAATCCCAAC-1","slingPseudotime_2",26.7486974671907,"CD8-41BB","aucell_exhausted_score",0,"exhausted"
"ATGGCCTTCGCGGATAATCCCAAC-1","slingPseudotime_2",26.7486974671907,"CD8-41BB","aucell_proliferating_score",0,"proliferating"
"ATGGCCTTCGCGGATAATCCCAAC-1","slingPseudotime_2",26.7486974671907,"CD8-41BB","aucell_naive_memory_score",0.0905263157894737,"naive_memory"
"ATGGCCTTCGCGGATAATCCCAAC-1","slingPseudotime_2",26.7486974671907,"CD8-41BB","aucell_cytotoxic_score",0.494470774091627,"cytotoxic"
"ATGTAAGTCATTGCATATCCCAAC-1","slingPseudotime_1",20.1127941382767,"CD8-41BB","aucell_exhausted_score",0.38300860101808,"exhausted"
"ATGTAAGTCATTGCATATCCCAAC-1","slingPseudotime_1",20.1127941382767,"CD8-41BB","aucell_proliferating_score",0,"proliferating"
"ATGTAAGTCATTGCATATCCCAAC-1","slingPseudotime_1",20.1127941382767,"CD8-41BB","aucell_naive_memory_score",0.211789473684211,"naive_memory"
"ATGTAAGTCATTGCATATCCCAAC-1","slingPseudotime_1",20.1127941382767,"CD8-41BB","aucell_cytotoxic_score",0.166052308232403,"cytotoxic"
"ATGTAAGTCATTGCATATCCCAAC-1","slingPseudotime_2",21.8963871918102,"CD8-41BB","aucell_exhausted_score",0.38300860101808,"exhausted"
"ATGTAAGTCATTGCATATCCCAAC-1","slingPseudotime_2",21.8963871918102,"CD8-41BB","aucell_proliferating_score",0,"proliferating"
"ATGTAAGTCATTGCATATCCCAAC-1","slingPseudotime_2",21.8963871918102,"CD8-41BB","aucell_naive_memory_score",0.211789473684211,"naive_memory"
"ATGTAAGTCATTGCATATCCCAAC-1","slingPseudotime_2",21.8963871918102,"CD8-41BB","aucell_cytotoxic_score",0.166052308232403,"cytotoxic"
"ATGTTTGGTAATGAACATCCCAAC-1","slingPseudotime_1",4.86077315284711,"CD8-41BB","aucell_exhausted_score",0.00403721256801825,"exhausted"
"ATGTTTGGTAATGAACATCCCAAC-1","slingPseudotime_1",4.86077315284711,"CD8-41BB","aucell_proliferating_score",0,"proliferating"
"ATGTTTGGTAATGAACATCCCAAC-1","slingPseudotime_1",4.86077315284711,"CD8-41BB","aucell_naive_memory_score",0.100842105263158,"naive_memory"
"ATGTTTGGTAATGAACATCCCAAC-1","slingPseudotime_1",4.86077315284711,"CD8-41BB","aucell_cytotoxic_score",0.328769527821661,"cytotoxic"
"ATGTTTGGTAATGAACATCCCAAC-1","slingPseudotime_2",30.3239889062108,"CD8-41BB","aucell_exhausted_score",0.00403721256801825,"exhausted"
"ATGTTTGGTAATGAACATCCCAAC-1","slingPseudotime_2",30.3239889062108,"CD8-41BB","aucell_proliferating_score",0,"proliferating"
"ATGTTTGGTAATGAACATCCCAAC-1","slingPseudotime_2",30.3239889062108,"CD8-41BB","aucell_naive_memory_score",0.100842105263158,"naive_memory"
"ATGTTTGGTAATGAACATCCCAAC-1","slingPseudotime_2",30.3239889062108,"CD8-41BB","aucell_cytotoxic_score",0.328769527821661,"cytotoxic"
"ATTGACCGTATTGTCAATCCCAAC-1","slingPseudotime_1",18.4189449664076,"CD8-41BB","aucell_exhausted_score",0.158855538002457,"exhausted"
"ATTGACCGTATTGTCAATCCCAAC-1","slingPseudotime_1",18.4189449664076,"CD8-41BB","aucell_proliferating_score",0,"proliferating"
"ATTGACCGTATTGTCAATCCCAAC-1","slingPseudotime_1",18.4189449664076,"CD8-41BB","aucell_naive_memory_score",0,"naive_memory"
"ATTGACCGTATTGTCAATCCCAAC-1","slingPseudotime_1",18.4189449664076,"CD8-41BB","aucell_cytotoxic_score",0.655959276812357,"cytotoxic"
"ATTGACCGTATTGTCAATCCCAAC-1","slingPseudotime_2",19.8834540403287,"CD8-41BB","aucell_exhausted_score",0.158855538002457,"exhausted"
"ATTGACCGTATTGTCAATCCCAAC-1","slingPseudotime_2",19.8834540403287,"CD8-41BB","aucell_proliferating_score",0,"proliferating"
"ATTGACCGTATTGTCAATCCCAAC-1","slingPseudotime_2",19.8834540403287,"CD8-41BB","aucell_naive_memory_score",0,"naive_memory"
"ATTGACCGTATTGTCAATCCCAAC-1","slingPseudotime_2",19.8834540403287,"CD8-41BB","aucell_cytotoxic_score",0.655959276812357,"cytotoxic"
"ATTGAGCAGTAAGCACATCCCAAC-1","slingPseudotime_1",16.9290833633255,"CD8-41BB","aucell_exhausted_score",0,"exhausted"
"ATTGAGCAGTAAGCACATCCCAAC-1","slingPseudotime_1",16.9290833633255,"CD8-41BB","aucell_proliferating_score",0,"proliferating"
"ATTGAGCAGTAAGCACATCCCAAC-1","slingPseudotime_1",16.9290833633255,"CD8-41BB","aucell_naive_memory_score",0.142947368421053,"naive_memory"
"ATTGAGCAGTAAGCACATCCCAAC-1","slingPseudotime_1",16.9290833633255,"CD8-41BB","aucell_cytotoxic_score",0.331402492539933,"cytotoxic"
"ATTGAGCAGTAAGCACATCCCAAC-1","slingPseudotime_2",18.0928074452149,"CD8-41BB","aucell_exhausted_score",0,"exhausted"
"ATTGAGCAGTAAGCACATCCCAAC-1","slingPseudotime_2",18.0928074452149,"CD8-41BB","aucell_proliferating_score",0,"proliferating"
"ATTGAGCAGTAAGCACATCCCAAC-1","slingPseudotime_2",18.0928074452149,"CD8-41BB","aucell_naive_memory_score",0.142947368421053,"naive_memory"
"ATTGAGCAGTAAGCACATCCCAAC-1","slingPseudotime_2",18.0928074452149,"CD8-41BB","aucell_cytotoxic_score",0.331402492539933,"cytotoxic"
"ATTGATGAGATTATCCATCCCAAC-1","slingPseudotime_1",26.4871926584866,"CD8-41BB","aucell_exhausted_score",0.100930314200456,"exhausted"
"ATTGATGAGATTATCCATCCCAAC-1","slingPseudotime_1",26.4871926584866,"CD8-41BB","aucell_proliferating_score",0,"proliferating"
"ATTGATGAGATTATCCATCCCAAC-1","slingPseudotime_1",26.4871926584866,"CD8-41BB","aucell_naive_memory_score",0.115368421052632,"naive_memory"
"ATTGATGAGATTATCCATCCCAAC-1","slingPseudotime_1",26.4871926584866,"CD8-41BB","aucell_cytotoxic_score",0.454449710373881,"cytotoxic"
"ATTGATGAGATTATCCATCCCAAC-1","slingPseudotime_2",28.1847607215359,"CD8-41BB","aucell_exhausted_score",0.100930314200456,"exhausted"
"ATTGATGAGATTATCCATCCCAAC-1","slingPseudotime_2",28.1847607215359,"CD8-41BB","aucell_proliferating_score",0,"proliferating"
"ATTGATGAGATTATCCATCCCAAC-1","slingPseudotime_2",28.1847607215359,"CD8-41BB","aucell_naive_memory_score",0.115368421052632,"naive_memory"
"ATTGATGAGATTATCCATCCCAAC-1","slingPseudotime_2",28.1847607215359,"CD8-41BB","aucell_cytotoxic_score",0.454449710373881,"cytotoxic"
"ATTGCATTCCGGACAAATCCCAAC-1","slingPseudotime_1",7.90011684418563,"CD8-41BB","aucell_exhausted_score",0,"exhausted"
"ATTGCATTCCGGACAAATCCCAAC-1","slingPseudotime_1",7.90011684418563,"CD8-41BB","aucell_proliferating_score",0,"proliferating"
"ATTGCATTCCGGACAAATCCCAAC-1","slingPseudotime_1",7.90011684418563,"CD8-41BB","aucell_naive_memory_score",0.231157894736842,"naive_memory"
"ATTGCATTCCGGACAAATCCCAAC-1","slingPseudotime_1",7.90011684418563,"CD8-41BB","aucell_cytotoxic_score",0.109882394242584,"cytotoxic"
"ATTGCATTCCGGACAAATCCCAAC-1","slingPseudotime_2",8.50386784666139,"CD8-41BB","aucell_exhausted_score",0,"exhausted"
"ATTGCATTCCGGACAAATCCCAAC-1","slingPseudotime_2",8.50386784666139,"CD8-41BB","aucell_proliferating_score",0,"proliferating"
"ATTGCATTCCGGACAAATCCCAAC-1","slingPseudotime_2",8.50386784666139,"CD8-41BB","aucell_naive_memory_score",0.231157894736842,"naive_memory"
"ATTGCATTCCGGACAAATCCCAAC-1","slingPseudotime_2",8.50386784666139,"CD8-41BB","aucell_cytotoxic_score",0.109882394242584,"cytotoxic"
"ATTGCATTCGAACCTCATCCCAAC-1","slingPseudotime_1",21.2767062210277,"CD8-41BB","aucell_exhausted_score",0.39266280498508,"exhausted"
"ATTGCATTCGAACCTCATCCCAAC-1","slingPseudotime_1",21.2767062210277,"CD8-41BB","aucell_proliferating_score",0,"proliferating"
"ATTGCATTCGAACCTCATCCCAAC-1","slingPseudotime_1",21.2767062210277,"CD8-41BB","aucell_naive_memory_score",0,"naive_memory"
"ATTGCATTCGAACCTCATCCCAAC-1","slingPseudotime_1",21.2767062210277,"CD8-41BB","aucell_cytotoxic_score",0.34526944005617,"cytotoxic"
"ATTGCATTCGAACCTCATCCCAAC-1","slingPseudotime_2",23.42073612993,"CD8-41BB","aucell_exhausted_score",0.39266280498508,"exhausted"
"ATTGCATTCGAACCTCATCCCAAC-1","slingPseudotime_2",23.42073612993,"CD8-41BB","aucell_proliferating_score",0,"proliferating"
"ATTGCATTCGAACCTCATCCCAAC-1","slingPseudotime_2",23.42073612993,"CD8-41BB","aucell_naive_memory_score",0,"naive_memory"
"ATTGCATTCGAACCTCATCCCAAC-1","slingPseudotime_2",23.42073612993,"CD8-41BB","aucell_cytotoxic_score",0.34526944005617,"cytotoxic"
"ATTTGCCCAAGGAATAATCCCAAC-1","slingPseudotime_1",20.0356391119608,"CD8-41BB","aucell_exhausted_score",0.0386168158680007,"exhausted"
"ATTTGCCCAAGGAATAATCCCAAC-1","slingPseudotime_1",20.0356391119608,"CD8-41BB","aucell_proliferating_score",0,"proliferating"
"ATTTGCCCAAGGAATAATCCCAAC-1","slingPseudotime_1",20.0356391119608,"CD8-41BB","aucell_naive_memory_score",0,"naive_memory"
"ATTTGCCCAAGGAATAATCCCAAC-1","slingPseudotime_1",20.0356391119608,"CD8-41BB","aucell_cytotoxic_score",0.307881341056697,"cytotoxic"
"ATTTGCCCAAGGAATAATCCCAAC-1","slingPseudotime_2",30.0204053395795,"CD8-41BB","aucell_exhausted_score",0.0386168158680007,"exhausted"
"ATTTGCCCAAGGAATAATCCCAAC-1","slingPseudotime_2",30.0204053395795,"CD8-41BB","aucell_proliferating_score",0,"proliferating"
"ATTTGCCCAAGGAATAATCCCAAC-1","slingPseudotime_2",30.0204053395795,"CD8-41BB","aucell_naive_memory_score",0,"naive_memory"
"ATTTGCCCAAGGAATAATCCCAAC-1","slingPseudotime_2",30.0204053395795,"CD8-41BB","aucell_cytotoxic_score",0.307881341056697,"cytotoxic"
"ATTTGCCCAAGGTGCTATCCCAAC-1","slingPseudotime_1",17.7963277997658,"CD8-41BB","aucell_exhausted_score",0.208355274705986,"exhausted"
"ATTTGCCCAAGGTGCTATCCCAAC-1","slingPseudotime_1",17.7963277997658,"CD8-41BB","aucell_proliferating_score",0,"proliferating"
"ATTTGCCCAAGGTGCTATCCCAAC-1","slingPseudotime_1",17.7963277997658,"CD8-41BB","aucell_naive_memory_score",0,"naive_memory"
"ATTTGCCCAAGGTGCTATCCCAAC-1","slingPseudotime_1",17.7963277997658,"CD8-41BB","aucell_cytotoxic_score",0.645602948920484,"cytotoxic"
"ATTTGCCCAAGGTGCTATCCCAAC-1","slingPseudotime_2",19.1410456188237,"CD8-41BB","aucell_exhausted_score",0.208355274705986,"exhausted"
"ATTTGCCCAAGGTGCTATCCCAAC-1","slingPseudotime_2",19.1410456188237,"CD8-41BB","aucell_proliferating_score",0,"proliferating"
"ATTTGCCCAAGGTGCTATCCCAAC-1","slingPseudotime_2",19.1410456188237,"CD8-41BB","aucell_naive_memory_score",0,"naive_memory"
"ATTTGCCCAAGGTGCTATCCCAAC-1","slingPseudotime_2",19.1410456188237,"CD8-41BB","aucell_cytotoxic_score",0.645602948920484,"cytotoxic"
"CAAACTTTCCCATAATATCCCAAC-1","slingPseudotime_1",53.5314695169615,"CD8-41BB","aucell_exhausted_score",0.163594874495348,"exhausted"
"CAAACTTTCCCATAATATCCCAAC-1","slingPseudotime_1",53.5314695169615,"CD8-41BB","aucell_proliferating_score",0.446947368421053,"proliferating"
"CAAACTTTCCCATAATATCCCAAC-1","slingPseudotime_1",53.5314695169615,"CD8-41BB","aucell_naive_memory_score",0,"naive_memory"
"CAAACTTTCCCATAATATCCCAAC-1","slingPseudotime_1",53.5314695169615,"CD8-41BB","aucell_cytotoxic_score",0.282780410742496,"cytotoxic"
"CAAACTTTCCTAATCGATCCCAAC-1","slingPseudotime_1",17.8867551053034,"CD8-41BB","aucell_exhausted_score",0.0961909777075654,"exhausted"
"CAAACTTTCCTAATCGATCCCAAC-1","slingPseudotime_1",17.8867551053034,"CD8-41BB","aucell_proliferating_score",0,"proliferating"
"CAAACTTTCCTAATCGATCCCAAC-1","slingPseudotime_1",17.8867551053034,"CD8-41BB","aucell_naive_memory_score",0,"naive_memory"
"CAAACTTTCCTAATCGATCCCAAC-1","slingPseudotime_1",17.8867551053034,"CD8-41BB","aucell_cytotoxic_score",0.496050552922591,"cytotoxic"
"CAAACTTTCCTAATCGATCCCAAC-1","slingPseudotime_2",19.6786297919367,"CD8-41BB","aucell_exhausted_score",0.0961909777075654,"exhausted"
"CAAACTTTCCTAATCGATCCCAAC-1","slingPseudotime_2",19.6786297919367,"CD8-41BB","aucell_proliferating_score",0,"proliferating"
"CAAACTTTCCTAATCGATCCCAAC-1","slingPseudotime_2",19.6786297919367,"CD8-41BB","aucell_naive_memory_score",0,"naive_memory"
"CAAACTTTCCTAATCGATCCCAAC-1","slingPseudotime_2",19.6786297919367,"CD8-41BB","aucell_cytotoxic_score",0.496050552922591,"cytotoxic"
"CAACTAAAGGATGGTTATCCCAAC-1","slingPseudotime_1",20.5906663059812,"CD8-41BB","aucell_exhausted_score",0.321397226610497,"exhausted"
"CAACTAAAGGATGGTTATCCCAAC-1","slingPseudotime_1",20.5906663059812,"CD8-41BB","aucell_proliferating_score",0,"proliferating"
"CAACTAAAGGATGGTTATCCCAAC-1","slingPseudotime_1",20.5906663059812,"CD8-41BB","aucell_naive_memory_score",0,"naive_memory"
"CAACTAAAGGATGGTTATCCCAAC-1","slingPseudotime_1",20.5906663059812,"CD8-41BB","aucell_cytotoxic_score",0.479375109706863,"cytotoxic"
"CAACTAAAGGATGGTTATCCCAAC-1","slingPseudotime_2",21.8023016444087,"CD8-41BB","aucell_exhausted_score",0.321397226610497,"exhausted"
"CAACTAAAGGATGGTTATCCCAAC-1","slingPseudotime_2",21.8023016444087,"CD8-41BB","aucell_proliferating_score",0,"proliferating"
"CAACTAAAGGATGGTTATCCCAAC-1","slingPseudotime_2",21.8023016444087,"CD8-41BB","aucell_naive_memory_score",0,"naive_memory"
"CAACTAAAGGATGGTTATCCCAAC-1","slingPseudotime_2",21.8023016444087,"CD8-41BB","aucell_cytotoxic_score",0.479375109706863,"cytotoxic"
"CAACTAAAGTTGCGCTATCCCAAC-1","slingPseudotime_1",24.6355323487274,"CD8-41BB","aucell_exhausted_score",0.144988590486221,"exhausted"
"CAACTAAAGTTGCGCTATCCCAAC-1","slingPseudotime_1",24.6355323487274,"CD8-41BB","aucell_proliferating_score",0,"proliferating"
"CAACTAAAGTTGCGCTATCCCAAC-1","slingPseudotime_1",24.6355323487274,"CD8-41BB","aucell_naive_memory_score",0.173263157894737,"naive_memory"
"CAACTAAAGTTGCGCTATCCCAAC-1","slingPseudotime_1",24.6355323487274,"CD8-41BB","aucell_cytotoxic_score",0.163068281551694,"cytotoxic"
"CAACTAAAGTTGCGCTATCCCAAC-1","slingPseudotime_2",28.1847607215359,"CD8-41BB","aucell_exhausted_score",0.144988590486221,"exhausted"
"CAACTAAAGTTGCGCTATCCCAAC-1","slingPseudotime_2",28.1847607215359,"CD8-41BB","aucell_proliferating_score",0,"proliferating"
"CAACTAAAGTTGCGCTATCCCAAC-1","slingPseudotime_2",28.1847607215359,"CD8-41BB","aucell_naive_memory_score",0.173263157894737,"naive_memory"
"CAACTAAAGTTGCGCTATCCCAAC-1","slingPseudotime_2",28.1847607215359,"CD8-41BB","aucell_cytotoxic_score",0.163068281551694,"cytotoxic"
"CAAGATTCAACTAAGTATCCCAAC-1","slingPseudotime_1",17.4951237009409,"CD8-41BB","aucell_exhausted_score",0.15376513954713,"exhausted"
"CAAGATTCAACTAAGTATCCCAAC-1","slingPseudotime_1",17.4951237009409,"CD8-41BB","aucell_proliferating_score",0,"proliferating"
"CAAGATTCAACTAAGTATCCCAAC-1","slingPseudotime_1",17.4951237009409,"CD8-41BB","aucell_naive_memory_score",0.206736842105263,"naive_memory"
"CAAGATTCAACTAAGTATCCCAAC-1","slingPseudotime_1",17.4951237009409,"CD8-41BB","aucell_cytotoxic_score",0.301562225732842,"cytotoxic"
"CAAGATTCAACTAAGTATCCCAAC-1","slingPseudotime_2",29.8266022424074,"CD8-41BB","aucell_exhausted_score",0.15376513954713,"exhausted"
"CAAGATTCAACTAAGTATCCCAAC-1","slingPseudotime_2",29.8266022424074,"CD8-41BB","aucell_proliferating_score",0,"proliferating"
"CAAGATTCAACTAAGTATCCCAAC-1","slingPseudotime_2",29.8266022424074,"CD8-41BB","aucell_naive_memory_score",0.206736842105263,"naive_memory"
"CAAGATTCAACTAAGTATCCCAAC-1","slingPseudotime_2",29.8266022424074,"CD8-41BB","aucell_cytotoxic_score",0.301562225732842,"cytotoxic"
"CAAGGTCCATATTTCGATCCCAAC-1","slingPseudotime_1",13.2803147627335,"CD8-41BB","aucell_exhausted_score",0.0526592943654555,"exhausted"
"CAAGGTCCATATTTCGATCCCAAC-1","slingPseudotime_1",13.2803147627335,"CD8-41BB","aucell_proliferating_score",0,"proliferating"
"CAAGGTCCATATTTCGATCCCAAC-1","slingPseudotime_1",13.2803147627335,"CD8-41BB","aucell_naive_memory_score",0,"naive_memory"
"CAAGGTCCATATTTCGATCCCAAC-1","slingPseudotime_1",13.2803147627335,"CD8-41BB","aucell_cytotoxic_score",0.152711953659821,"cytotoxic"
"CAAGGTCCATATTTCGATCCCAAC-1","slingPseudotime_2",34.5506934379963,"CD8-41BB","aucell_exhausted_score",0.0526592943654555,"exhausted"
"CAAGGTCCATATTTCGATCCCAAC-1","slingPseudotime_2",34.5506934379963,"CD8-41BB","aucell_proliferating_score",0,"proliferating"
"CAAGGTCCATATTTCGATCCCAAC-1","slingPseudotime_2",34.5506934379963,"CD8-41BB","aucell_naive_memory_score",0,"naive_memory"
"CAAGGTCCATATTTCGATCCCAAC-1","slingPseudotime_2",34.5506934379963,"CD8-41BB","aucell_cytotoxic_score",0.152711953659821,"cytotoxic"
"CAAGGTTAGCTGATGGATCCCAAC-1","slingPseudotime_1",24.2358825907609,"CD8-41BB","aucell_exhausted_score",0.466912410040372,"exhausted"
"CAAGGTTAGCTGATGGATCCCAAC-1","slingPseudotime_1",24.2358825907609,"CD8-41BB","aucell_proliferating_score",0,"proliferating"
"CAAGGTTAGCTGATGGATCCCAAC-1","slingPseudotime_1",24.2358825907609,"CD8-41BB","aucell_naive_memory_score",0,"naive_memory"
"CAAGGTTAGCTGATGGATCCCAAC-1","slingPseudotime_1",24.2358825907609,"CD8-41BB","aucell_cytotoxic_score",0.324732315253642,"cytotoxic"
"CAAGGTTAGCTGATGGATCCCAAC-1","slingPseudotime_2",24.798603631006,"CD8-41BB","aucell_exhausted_score",0.466912410040372,"exhausted"
"CAAGGTTAGCTGATGGATCCCAAC-1","slingPseudotime_2",24.798603631006,"CD8-41BB","aucell_proliferating_score",0,"proliferating"
"CAAGGTTAGCTGATGGATCCCAAC-1","slingPseudotime_2",24.798603631006,"CD8-41BB","aucell_naive_memory_score",0,"naive_memory"
"CAAGGTTAGCTGATGGATCCCAAC-1","slingPseudotime_2",24.798603631006,"CD8-41BB","aucell_cytotoxic_score",0.324732315253642,"cytotoxic"
"CAATGCCTCCTGAGGAATCCCAAC-1","slingPseudotime_1",54.7791408077387,"CD8-41BB","aucell_exhausted_score",0.11988766017202,"exhausted"
"CAATGCCTCCTGAGGAATCCCAAC-1","slingPseudotime_1",54.7791408077387,"CD8-41BB","aucell_proliferating_score",0.259157894736842,"proliferating"
"CAATGCCTCCTGAGGAATCCCAAC-1","slingPseudotime_1",54.7791408077387,"CD8-41BB","aucell_naive_memory_score",0.0482105263157895,"naive_memory"
"CAATGCCTCCTGAGGAATCCCAAC-1","slingPseudotime_1",54.7791408077387,"CD8-41BB","aucell_cytotoxic_score",0.144988590486221,"cytotoxic"
"CAATGTTTCGGGCAACATCCCAAC-1","slingPseudotime_1",15.7694742383705,"CD8-41BB","aucell_exhausted_score",0,"exhausted"
"CAATGTTTCGGGCAACATCCCAAC-1","slingPseudotime_1",15.7694742383705,"CD8-41BB","aucell_proliferating_score",0,"proliferating"
"CAATGTTTCGGGCAACATCCCAAC-1","slingPseudotime_1",15.7694742383705,"CD8-41BB","aucell_naive_memory_score",0,"naive_memory"
"CAATGTTTCGGGCAACATCCCAAC-1","slingPseudotime_1",15.7694742383705,"CD8-41BB","aucell_cytotoxic_score",0.461822011585045,"cytotoxic"
"CAATGTTTCGGGCAACATCCCAAC-1","slingPseudotime_2",16.5469491354659,"CD8-41BB","aucell_exhausted_score",0,"exhausted"
"CAATGTTTCGGGCAACATCCCAAC-1","slingPseudotime_2",16.5469491354659,"CD8-41BB","aucell_proliferating_score",0,"proliferating"
"CAATGTTTCGGGCAACATCCCAAC-1","slingPseudotime_2",16.5469491354659,"CD8-41BB","aucell_naive_memory_score",0,"naive_memory"
"CAATGTTTCGGGCAACATCCCAAC-1","slingPseudotime_2",16.5469491354659,"CD8-41BB","aucell_cytotoxic_score",0.461822011585045,"cytotoxic"
"CACGAACCATACTTGCATCCCAAC-1","slingPseudotime_1",21.1806324710094,"CD8-41BB","aucell_exhausted_score",0.141829032824293,"exhausted"
"CACGAACCATACTTGCATCCCAAC-1","slingPseudotime_1",21.1806324710094,"CD8-41BB","aucell_proliferating_score",0,"proliferating"
"CACGAACCATACTTGCATCCCAAC-1","slingPseudotime_1",21.1806324710094,"CD8-41BB","aucell_naive_memory_score",0,"naive_memory"
"CACGAACCATACTTGCATCCCAAC-1","slingPseudotime_1",21.1806324710094,"CD8-41BB","aucell_cytotoxic_score",0.455151834298754,"cytotoxic"
"CACGAACCATACTTGCATCCCAAC-1","slingPseudotime_2",23.1507411852611,"CD8-41BB","aucell_exhausted_score",0.141829032824293,"exhausted"
"CACGAACCATACTTGCATCCCAAC-1","slingPseudotime_2",23.1507411852611,"CD8-41BB","aucell_proliferating_score",0,"proliferating"
"CACGAACCATACTTGCATCCCAAC-1","slingPseudotime_2",23.1507411852611,"CD8-41BB","aucell_naive_memory_score",0,"naive_memory"
"CACGAACCATACTTGCATCCCAAC-1","slingPseudotime_2",23.1507411852611,"CD8-41BB","aucell_cytotoxic_score",0.455151834298754,"cytotoxic"
"CACTAACGTTACTTCTATCCCAAC-1","slingPseudotime_1",25.4652499965357,"CD8-41BB","aucell_exhausted_score",0.161839564683167,"exhausted"
"CACTAACGTTACTTCTATCCCAAC-1","slingPseudotime_1",25.4652499965357,"CD8-41BB","aucell_proliferating_score",0,"proliferating"
"CACTAACGTTACTTCTATCCCAAC-1","slingPseudotime_1",25.4652499965357,"CD8-41BB","aucell_naive_memory_score",0,"naive_memory"
"CACTAACGTTACTTCTATCCCAAC-1","slingPseudotime_1",25.4652499965357,"CD8-41BB","aucell_cytotoxic_score",0.158328945058803,"cytotoxic"
"CACTAACGTTACTTCTATCCCAAC-1","slingPseudotime_2",25.8164964302062,"CD8-41BB","aucell_exhausted_score",0.161839564683167,"exhausted"
"CACTAACGTTACTTCTATCCCAAC-1","slingPseudotime_2",25.8164964302062,"CD8-41BB","aucell_proliferating_score",0,"proliferating"
"CACTAACGTTACTTCTATCCCAAC-1","slingPseudotime_2",25.8164964302062,"CD8-41BB","aucell_naive_memory_score",0,"naive_memory"
"CACTAACGTTACTTCTATCCCAAC-1","slingPseudotime_2",25.8164964302062,"CD8-41BB","aucell_cytotoxic_score",0.158328945058803,"cytotoxic"
"CACTGTCAGCAGCCAAATCCCAAC-1","slingPseudotime_1",25.3237576115747,"CD8-41BB","aucell_exhausted_score",0.144813059505003,"exhausted"
"CACTGTCAGCAGCCAAATCCCAAC-1","slingPseudotime_1",25.3237576115747,"CD8-41BB","aucell_proliferating_score",0,"proliferating"
"CACTGTCAGCAGCCAAATCCCAAC-1","slingPseudotime_1",25.3237576115747,"CD8-41BB","aucell_naive_memory_score",0.190526315789474,"naive_memory"
"CACTGTCAGCAGCCAAATCCCAAC-1","slingPseudotime_1",25.3237576115747,"CD8-41BB","aucell_cytotoxic_score",0.115148323679129,"cytotoxic"
"CACTGTCAGCAGCCAAATCCCAAC-1","slingPseudotime_2",25.2246539883878,"CD8-41BB","aucell_exhausted_score",0.144813059505003,"exhausted"
"CACTGTCAGCAGCCAAATCCCAAC-1","slingPseudotime_2",25.2246539883878,"CD8-41BB","aucell_proliferating_score",0,"proliferating"
"CACTGTCAGCAGCCAAATCCCAAC-1","slingPseudotime_2",25.2246539883878,"CD8-41BB","aucell_naive_memory_score",0.190526315789474,"naive_memory"
"CACTGTCAGCAGCCAAATCCCAAC-1","slingPseudotime_2",25.2246539883878,"CD8-41BB","aucell_cytotoxic_score",0.115148323679129,"cytotoxic"
"CAGATTCGTAGCTATCATCCCAAC-1","slingPseudotime_1",24.0865317152442,"CD8-41BB","aucell_exhausted_score",0.312445146568369,"exhausted"
"CAGATTCGTAGCTATCATCCCAAC-1","slingPseudotime_1",24.0865317152442,"CD8-41BB","aucell_proliferating_score",0.0324210526315789,"proliferating"
"CAGATTCGTAGCTATCATCCCAAC-1","slingPseudotime_1",24.0865317152442,"CD8-41BB","aucell_naive_memory_score",0.104210526315789,"naive_memory"
"CAGATTCGTAGCTATCATCCCAAC-1","slingPseudotime_1",24.0865317152442,"CD8-41BB","aucell_cytotoxic_score",0.167456556082148,"cytotoxic"
"CAGATTCGTAGCTATCATCCCAAC-1","slingPseudotime_2",25.3077331066331,"CD8-41BB","aucell_exhausted_score",0.312445146568369,"exhausted"
"CAGATTCGTAGCTATCATCCCAAC-1","slingPseudotime_2",25.3077331066331,"CD8-41BB","aucell_proliferating_score",0.0324210526315789,"proliferating"
"CAGATTCGTAGCTATCATCCCAAC-1","slingPseudotime_2",25.3077331066331,"CD8-41BB","aucell_naive_memory_score",0.104210526315789,"naive_memory"
"CAGATTCGTAGCTATCATCCCAAC-1","slingPseudotime_2",25.3077331066331,"CD8-41BB","aucell_cytotoxic_score",0.167456556082148,"cytotoxic"
"CAGCGAATCACCTGTAATCCCAAC-1","slingPseudotime_1",15.095821723289,"CD8-41BB","aucell_exhausted_score",0,"exhausted"
"CAGCGAATCACCTGTAATCCCAAC-1","slingPseudotime_1",15.095821723289,"CD8-41BB","aucell_proliferating_score",0,"proliferating"
"CAGCGAATCACCTGTAATCCCAAC-1","slingPseudotime_1",15.095821723289,"CD8-41BB","aucell_naive_memory_score",0,"naive_memory"
"CAGCGAATCACCTGTAATCCCAAC-1","slingPseudotime_1",15.095821723289,"CD8-41BB","aucell_cytotoxic_score",0.323503598385115,"cytotoxic"
"CAGCGAATCACCTGTAATCCCAAC-1","slingPseudotime_2",16.1132113464944,"CD8-41BB","aucell_exhausted_score",0,"exhausted"
"CAGCGAATCACCTGTAATCCCAAC-1","slingPseudotime_2",16.1132113464944,"CD8-41BB","aucell_proliferating_score",0,"proliferating"
"CAGCGAATCACCTGTAATCCCAAC-1","slingPseudotime_2",16.1132113464944,"CD8-41BB","aucell_naive_memory_score",0,"naive_memory"
"CAGCGAATCACCTGTAATCCCAAC-1","slingPseudotime_2",16.1132113464944,"CD8-41BB","aucell_cytotoxic_score",0.323503598385115,"cytotoxic"
"CAGCTAGAGCCAAACGATCCCAAC-1","slingPseudotime_1",64.0784032752527,"CD8-41BB","aucell_exhausted_score",0.471651746533263,"exhausted"
"CAGCTAGAGCCAAACGATCCCAAC-1","slingPseudotime_1",64.0784032752527,"CD8-41BB","aucell_proliferating_score",0.507578947368421,"proliferating"
"CAGCTAGAGCCAAACGATCCCAAC-1","slingPseudotime_1",64.0784032752527,"CD8-41BB","aucell_naive_memory_score",0,"naive_memory"
"CAGCTAGAGCCAAACGATCCCAAC-1","slingPseudotime_1",64.0784032752527,"CD8-41BB","aucell_cytotoxic_score",0.809197823415833,"cytotoxic"
"CAGCTAGAGTGATGGTATCCCAAC-1","slingPseudotime_1",10.6559578059799,"CD8-41BB","aucell_exhausted_score",0,"exhausted"
"CAGCTAGAGTGATGGTATCCCAAC-1","slingPseudotime_1",10.6559578059799,"CD8-41BB","aucell_proliferating_score",0,"proliferating"
"CAGCTAGAGTGATGGTATCCCAAC-1","slingPseudotime_1",10.6559578059799,"CD8-41BB","aucell_naive_memory_score",0.0593684210526316,"naive_memory"
"CAGCTAGAGTGATGGTATCCCAAC-1","slingPseudotime_1",10.6559578059799,"CD8-41BB","aucell_cytotoxic_score",0.333333333333333,"cytotoxic"
"CAGCTAGAGTGATGGTATCCCAAC-1","slingPseudotime_2",30.6362402155678,"CD8-41BB","aucell_exhausted_score",0,"exhausted"
"CAGCTAGAGTGATGGTATCCCAAC-1","slingPseudotime_2",30.6362402155678,"CD8-41BB","aucell_proliferating_score",0,"proliferating"
"CAGCTAGAGTGATGGTATCCCAAC-1","slingPseudotime_2",30.6362402155678,"CD8-41BB","aucell_naive_memory_score",0.0593684210526316,"naive_memory"
"CAGCTAGAGTGATGGTATCCCAAC-1","slingPseudotime_2",30.6362402155678,"CD8-41BB","aucell_cytotoxic_score",0.333333333333333,"cytotoxic"
"CAGGATCCACGAACGTATCCCAAC-1","slingPseudotime_1",22.7977096956007,"CD8-41BB","aucell_exhausted_score",0.17307354748113,"exhausted"
"CAGGATCCACGAACGTATCCCAAC-1","slingPseudotime_1",22.7977096956007,"CD8-41BB","aucell_proliferating_score",0,"proliferating"
"CAGGATCCACGAACGTATCCCAAC-1","slingPseudotime_1",22.7977096956007,"CD8-41BB","aucell_naive_memory_score",0,"naive_memory"
"CAGGATCCACGAACGTATCCCAAC-1","slingPseudotime_1",22.7977096956007,"CD8-41BB","aucell_cytotoxic_score",0.630331753554502,"cytotoxic"
"CAGGATCCACGAACGTATCCCAAC-1","slingPseudotime_2",24.3135201685192,"CD8-41BB","aucell_exhausted_score",0.17307354748113,"exhausted"
"CAGGATCCACGAACGTATCCCAAC-1","slingPseudotime_2",24.3135201685192,"CD8-41BB","aucell_proliferating_score",0,"proliferating"
"CAGGATCCACGAACGTATCCCAAC-1","slingPseudotime_2",24.3135201685192,"CD8-41BB","aucell_naive_memory_score",0,"naive_memory"
"CAGGATCCACGAACGTATCCCAAC-1","slingPseudotime_2",24.3135201685192,"CD8-41BB","aucell_cytotoxic_score",0.630331753554502,"cytotoxic"
"CAGGCTAAGGTTAGACATCCCAAC-1","slingPseudotime_1",8.01370431842036,"CD8-41BB","aucell_exhausted_score",0,"exhausted"
"CAGGCTAAGGTTAGACATCCCAAC-1","slingPseudotime_1",8.01370431842036,"CD8-41BB","aucell_proliferating_score",0,"proliferating"
"CAGGCTAAGGTTAGACATCCCAAC-1","slingPseudotime_1",8.01370431842036,"CD8-41BB","aucell_naive_memory_score",0.121052631578947,"naive_memory"
"CAGGCTAAGGTTAGACATCCCAAC-1","slingPseudotime_1",8.01370431842036,"CD8-41BB","aucell_cytotoxic_score",0.332280147446024,"cytotoxic"
"CAGGCTAAGGTTAGACATCCCAAC-1","slingPseudotime_2",8.57161625284501,"CD8-41BB","aucell_exhausted_score",0,"exhausted"
"CAGGCTAAGGTTAGACATCCCAAC-1","slingPseudotime_2",8.57161625284501,"CD8-41BB","aucell_proliferating_score",0,"proliferating"
"CAGGCTAAGGTTAGACATCCCAAC-1","slingPseudotime_2",8.57161625284501,"CD8-41BB","aucell_naive_memory_score",0.121052631578947,"naive_memory"
"CAGGCTAAGGTTAGACATCCCAAC-1","slingPseudotime_2",8.57161625284501,"CD8-41BB","aucell_cytotoxic_score",0.332280147446024,"cytotoxic"
"CAGGGCAGTCGGTTTGATCCCAAC-1","slingPseudotime_1",18.4341350376607,"CD8-41BB","aucell_exhausted_score",0.521853607161664,"exhausted"
"CAGGGCAGTCGGTTTGATCCCAAC-1","slingPseudotime_1",18.4341350376607,"CD8-41BB","aucell_proliferating_score",0,"proliferating"
"CAGGGCAGTCGGTTTGATCCCAAC-1","slingPseudotime_1",18.4341350376607,"CD8-41BB","aucell_naive_memory_score",0.0608421052631579,"naive_memory"
"CAGGGCAGTCGGTTTGATCCCAAC-1","slingPseudotime_1",18.4341350376607,"CD8-41BB","aucell_cytotoxic_score",0.322274881516588,"cytotoxic"
"CAGGGCAGTCGGTTTGATCCCAAC-1","slingPseudotime_2",20.1542161280642,"CD8-41BB","aucell_exhausted_score",0.521853607161664,"exhausted"
"CAGGGCAGTCGGTTTGATCCCAAC-1","slingPseudotime_2",20.1542161280642,"CD8-41BB","aucell_proliferating_score",0,"proliferating"
"CAGGGCAGTCGGTTTGATCCCAAC-1","slingPseudotime_2",20.1542161280642,"CD8-41BB","aucell_naive_memory_score",0.0608421052631579,"naive_memory"
"CAGGGCAGTCGGTTTGATCCCAAC-1","slingPseudotime_2",20.1542161280642,"CD8-41BB","aucell_cytotoxic_score",0.322274881516588,"cytotoxic"
"CAGTATTTCGACTTTGATCCCAAC-1","slingPseudotime_1",18.0831799234955,"CD8-41BB","aucell_exhausted_score",0.112515358960857,"exhausted"
"CAGTATTTCGACTTTGATCCCAAC-1","slingPseudotime_1",18.0831799234955,"CD8-41BB","aucell_proliferating_score",0,"proliferating"
"CAGTATTTCGACTTTGATCCCAAC-1","slingPseudotime_1",18.0831799234955,"CD8-41BB","aucell_naive_memory_score",0.149263157894737,"naive_memory"
"CAGTATTTCGACTTTGATCCCAAC-1","slingPseudotime_1",18.0831799234955,"CD8-41BB","aucell_cytotoxic_score",0.123924872740039,"cytotoxic"
"CAGTATTTCGACTTTGATCCCAAC-1","slingPseudotime_2",30.9635584063669,"CD8-41BB","aucell_exhausted_score",0.112515358960857,"exhausted"
"CAGTATTTCGACTTTGATCCCAAC-1","slingPseudotime_2",30.9635584063669,"CD8-41BB","aucell_proliferating_score",0,"proliferating"
"CAGTATTTCGACTTTGATCCCAAC-1","slingPseudotime_2",30.9635584063669,"CD8-41BB","aucell_naive_memory_score",0.149263157894737,"naive_memory"
"CAGTATTTCGACTTTGATCCCAAC-1","slingPseudotime_2",30.9635584063669,"CD8-41BB","aucell_cytotoxic_score",0.123924872740039,"cytotoxic"
"CATAAACCATAACCGAATCCCAAC-1","slingPseudotime_1",49.6764765017242,"CD8-41BB","aucell_exhausted_score",0.234860452869932,"exhausted"
"CATAAACCATAACCGAATCCCAAC-1","slingPseudotime_1",49.6764765017242,"CD8-41BB","aucell_proliferating_score",0.244,"proliferating"
"CATAAACCATAACCGAATCCCAAC-1","slingPseudotime_1",49.6764765017242,"CD8-41BB","aucell_naive_memory_score",0.0277894736842105,"naive_memory"
"CATAAACCATAACCGAATCCCAAC-1","slingPseudotime_1",49.6764765017242,"CD8-41BB","aucell_cytotoxic_score",0.573108653677374,"cytotoxic"
"CATAGAGGTATGGTAGATCCCAAC-1","slingPseudotime_1",5.0404066953655,"CD8-41BB","aucell_exhausted_score",0,"exhausted"
"CATAGAGGTATGGTAGATCCCAAC-1","slingPseudotime_1",5.0404066953655,"CD8-41BB","aucell_proliferating_score",0,"proliferating"
"CATAGAGGTATGGTAGATCCCAAC-1","slingPseudotime_1",5.0404066953655,"CD8-41BB","aucell_naive_memory_score",0.323578947368421,"naive_memory"
"CATAGAGGTATGGTAGATCCCAAC-1","slingPseudotime_1",5.0404066953655,"CD8-41BB","aucell_cytotoxic_score",0.0380902229243461,"cytotoxic"
"CATAGAGGTATGGTAGATCCCAAC-1","slingPseudotime_2",5.68528806103111,"CD8-41BB","aucell_exhausted_score",0,"exhausted"
"CATAGAGGTATGGTAGATCCCAAC-1","slingPseudotime_2",5.68528806103111,"CD8-41BB","aucell_proliferating_score",0,"proliferating"
"CATAGAGGTATGGTAGATCCCAAC-1","slingPseudotime_2",5.68528806103111,"CD8-41BB","aucell_naive_memory_score",0.323578947368421,"naive_memory"
"CATAGAGGTATGGTAGATCCCAAC-1","slingPseudotime_2",5.68528806103111,"CD8-41BB","aucell_cytotoxic_score",0.0380902229243461,"cytotoxic"
"CATATTCAGTCGAAGTATCCCAAC-1","slingPseudotime_1",21.5880328271376,"CD8-41BB","aucell_exhausted_score",0.148148148148148,"exhausted"
"CATATTCAGTCGAAGTATCCCAAC-1","slingPseudotime_1",21.5880328271376,"CD8-41BB","aucell_proliferating_score",0,"proliferating"
"CATATTCAGTCGAAGTATCCCAAC-1","slingPseudotime_1",21.5880328271376,"CD8-41BB","aucell_naive_memory_score",0,"naive_memory"
"CATATTCAGTCGAAGTATCCCAAC-1","slingPseudotime_1",21.5880328271376,"CD8-41BB","aucell_cytotoxic_score",0.274530454625241,"cytotoxic"
"CATATTCAGTCGAAGTATCCCAAC-1","slingPseudotime_2",22.823894412271,"CD8-41BB","aucell_exhausted_score",0.148148148148148,"exhausted"
"CATATTCAGTCGAAGTATCCCAAC-1","slingPseudotime_2",22.823894412271,"CD8-41BB","aucell_proliferating_score",0,"proliferating"
"CATATTCAGTCGAAGTATCCCAAC-1","slingPseudotime_2",22.823894412271,"CD8-41BB","aucell_naive_memory_score",0,"naive_memory"
"CATATTCAGTCGAAGTATCCCAAC-1","slingPseudotime_2",22.823894412271,"CD8-41BB","aucell_cytotoxic_score",0.274530454625241,"cytotoxic"
"CATGCTCAGGTGCACAATCCCAAC-1","slingPseudotime_1",15.424070704502,"CD8-41BB","aucell_exhausted_score",0.113393013866948,"exhausted"
"CATGCTCAGGTGCACAATCCCAAC-1","slingPseudotime_1",15.424070704502,"CD8-41BB","aucell_proliferating_score",0,"proliferating"
"CATGCTCAGGTGCACAATCCCAAC-1","slingPseudotime_1",15.424070704502,"CD8-41BB","aucell_naive_memory_score",0,"naive_memory"
"CATGCTCAGGTGCACAATCCCAAC-1","slingPseudotime_1",15.424070704502,"CD8-41BB","aucell_cytotoxic_score",0.404949973670353,"cytotoxic"
"CATGCTCAGGTGCACAATCCCAAC-1","slingPseudotime_2",16.4346265951917,"CD8-41BB","aucell_exhausted_score",0.113393013866948,"exhausted"
"CATGCTCAGGTGCACAATCCCAAC-1","slingPseudotime_2",16.4346265951917,"CD8-41BB","aucell_proliferating_score",0,"proliferating"
"CATGCTCAGGTGCACAATCCCAAC-1","slingPseudotime_2",16.4346265951917,"CD8-41BB","aucell_naive_memory_score",0,"naive_memory"
"CATGCTCAGGTGCACAATCCCAAC-1","slingPseudotime_2",16.4346265951917,"CD8-41BB","aucell_cytotoxic_score",0.404949973670353,"cytotoxic"
"CATGTTGTCGATTCTGATCCCAAC-1","slingPseudotime_1",24.359176834755,"CD8-41BB","aucell_exhausted_score",0.135509917500439,"exhausted"
"CATGTTGTCGATTCTGATCCCAAC-1","slingPseudotime_1",24.359176834755,"CD8-41BB","aucell_proliferating_score",0,"proliferating"
"CATGTTGTCGATTCTGATCCCAAC-1","slingPseudotime_1",24.359176834755,"CD8-41BB","aucell_naive_memory_score",0,"naive_memory"
"CATGTTGTCGATTCTGATCCCAAC-1","slingPseudotime_1",24.359176834755,"CD8-41BB","aucell_cytotoxic_score",0.188169211865894,"cytotoxic"
"CATGTTGTCGATTCTGATCCCAAC-1","slingPseudotime_2",24.7373156530556,"CD8-41BB","aucell_exhausted_score",0.135509917500439,"exhausted"
"CATGTTGTCGATTCTGATCCCAAC-1","slingPseudotime_2",24.7373156530556,"CD8-41BB","aucell_proliferating_score",0,"proliferating"
"CATGTTGTCGATTCTGATCCCAAC-1","slingPseudotime_2",24.7373156530556,"CD8-41BB","aucell_naive_memory_score",0,"naive_memory"
"CATGTTGTCGATTCTGATCCCAAC-1","slingPseudotime_2",24.7373156530556,"CD8-41BB","aucell_cytotoxic_score",0.188169211865894,"cytotoxic"
"CATTACGTCCGTTAGCATCCCAAC-1","slingPseudotime_1",64.0086531195727,"CD8-41BB","aucell_exhausted_score",0.138142882218712,"exhausted"
"CATTACGTCCGTTAGCATCCCAAC-1","slingPseudotime_1",64.0086531195727,"CD8-41BB","aucell_proliferating_score",0.692210526315789,"proliferating"
"CATTACGTCCGTTAGCATCCCAAC-1","slingPseudotime_1",64.0086531195727,"CD8-41BB","aucell_naive_memory_score",0,"naive_memory"
"CATTACGTCCGTTAGCATCCCAAC-1","slingPseudotime_1",64.0086531195727,"CD8-41BB","aucell_cytotoxic_score",0.633842373178866,"cytotoxic"
"CATTATGGTTATGAGGATCCCAAC-1","slingPseudotime_1",22.3539713267207,"CD8-41BB","aucell_exhausted_score",0.163594874495348,"exhausted"
"CATTATGGTTATGAGGATCCCAAC-1","slingPseudotime_1",22.3539713267207,"CD8-41BB","aucell_proliferating_score",0,"proliferating"
"CATTATGGTTATGAGGATCCCAAC-1","slingPseudotime_1",22.3539713267207,"CD8-41BB","aucell_naive_memory_score",0.417894736842105,"naive_memory"
"CATTATGGTTATGAGGATCCCAAC-1","slingPseudotime_1",22.3539713267207,"CD8-41BB","aucell_cytotoxic_score",0.134281200631912,"cytotoxic"
"CATTATGGTTATGAGGATCCCAAC-1","slingPseudotime_2",29.3944073879284,"CD8-41BB","aucell_exhausted_score",0.163594874495348,"exhausted"
"CATTATGGTTATGAGGATCCCAAC-1","slingPseudotime_2",29.3944073879284,"CD8-41BB","aucell_proliferating_score",0,"proliferating"
"CATTATGGTTATGAGGATCCCAAC-1","slingPseudotime_2",29.3944073879284,"CD8-41BB","aucell_naive_memory_score",0.417894736842105,"naive_memory"
"CATTATGGTTATGAGGATCCCAAC-1","slingPseudotime_2",29.3944073879284,"CD8-41BB","aucell_cytotoxic_score",0.134281200631912,"cytotoxic"
"CATTGACGTGGAAGCTATCCCAAC-1","slingPseudotime_1",18.0872844537,"CD8-41BB","aucell_exhausted_score",0.596980867123047,"exhausted"
"CATTGACGTGGAAGCTATCCCAAC-1","slingPseudotime_1",18.0872844537,"CD8-41BB","aucell_proliferating_score",0,"proliferating"
"CATTGACGTGGAAGCTATCCCAAC-1","slingPseudotime_1",18.0872844537,"CD8-41BB","aucell_naive_memory_score",0,"naive_memory"
"CATTGACGTGGAAGCTATCCCAAC-1","slingPseudotime_1",18.0872844537,"CD8-41BB","aucell_cytotoxic_score",0.473758118307881,"cytotoxic"
"CATTGACGTGGAAGCTATCCCAAC-1","slingPseudotime_2",19.7817049376637,"CD8-41BB","aucell_exhausted_score",0.596980867123047,"exhausted"
"CATTGACGTGGAAGCTATCCCAAC-1","slingPseudotime_2",19.7817049376637,"CD8-41BB","aucell_proliferating_score",0,"proliferating"
"CATTGACGTGGAAGCTATCCCAAC-1","slingPseudotime_2",19.7817049376637,"CD8-41BB","aucell_naive_memory_score",0,"naive_memory"
"CATTGACGTGGAAGCTATCCCAAC-1","slingPseudotime_2",19.7817049376637,"CD8-41BB","aucell_cytotoxic_score",0.473758118307881,"cytotoxic"
"CATTGCGGTTCCGTGAATCCCAAC-1","slingPseudotime_1",14.0155458590958,"CD8-41BB","aucell_exhausted_score",0.0384412848867825,"exhausted"
"CATTGCGGTTCCGTGAATCCCAAC-1","slingPseudotime_1",14.0155458590958,"CD8-41BB","aucell_proliferating_score",0,"proliferating"
"CATTGCGGTTCCGTGAATCCCAAC-1","slingPseudotime_1",14.0155458590958,"CD8-41BB","aucell_naive_memory_score",0,"naive_memory"
"CATTGCGGTTCCGTGAATCCCAAC-1","slingPseudotime_1",14.0155458590958,"CD8-41BB","aucell_cytotoxic_score",0.115674916622784,"cytotoxic"
"CATTGCGGTTCCGTGAATCCCAAC-1","slingPseudotime_2",14.6433864182637,"CD8-41BB","aucell_exhausted_score",0.0384412848867825,"exhausted"
"CATTGCGGTTCCGTGAATCCCAAC-1","slingPseudotime_2",14.6433864182637,"CD8-41BB","aucell_proliferating_score",0,"proliferating"
"CATTGCGGTTCCGTGAATCCCAAC-1","slingPseudotime_2",14.6433864182637,"CD8-41BB","aucell_naive_memory_score",0,"naive_memory"
"CATTGCGGTTCCGTGAATCCCAAC-1","slingPseudotime_2",14.6433864182637,"CD8-41BB","aucell_cytotoxic_score",0.115674916622784,"cytotoxic"
"CATTGTCCAAGTAAGAATCCCAAC-1","slingPseudotime_2",32.4402532578046,"CD8-41BB","aucell_exhausted_score",0.103738809899947,"exhausted"
"CATTGTCCAAGTAAGAATCCCAAC-1","slingPseudotime_2",32.4402532578046,"CD8-41BB","aucell_proliferating_score",0,"proliferating"
"CATTGTCCAAGTAAGAATCCCAAC-1","slingPseudotime_2",32.4402532578046,"CD8-41BB","aucell_naive_memory_score",0.147789473684211,"naive_memory"
"CATTGTCCAAGTAAGAATCCCAAC-1","slingPseudotime_2",32.4402532578046,"CD8-41BB","aucell_cytotoxic_score",0.166754432157276,"cytotoxic"
"CATTGTCCAGTTATCCATCCCAAC-1","slingPseudotime_1",9.65588921634,"CD8-41BB","aucell_exhausted_score",0,"exhausted"
"CATTGTCCAGTTATCCATCCCAAC-1","slingPseudotime_1",9.65588921634,"CD8-41BB","aucell_proliferating_score",0,"proliferating"
"CATTGTCCAGTTATCCATCCCAAC-1","slingPseudotime_1",9.65588921634,"CD8-41BB","aucell_naive_memory_score",0.789263157894737,"naive_memory"
"CATTGTCCAGTTATCCATCCCAAC-1","slingPseudotime_1",9.65588921634,"CD8-41BB","aucell_cytotoxic_score",0.0338774793751097,"cytotoxic"
"CATTGTCCAGTTATCCATCCCAAC-1","slingPseudotime_2",10.3428038162268,"CD8-41BB","aucell_exhausted_score",0,"exhausted"
"CATTGTCCAGTTATCCATCCCAAC-1","slingPseudotime_2",10.3428038162268,"CD8-41BB","aucell_proliferating_score",0,"proliferating"
"CATTGTCCAGTTATCCATCCCAAC-1","slingPseudotime_2",10.3428038162268,"CD8-41BB","aucell_naive_memory_score",0.789263157894737,"naive_memory"
"CATTGTCCAGTTATCCATCCCAAC-1","slingPseudotime_2",10.3428038162268,"CD8-41BB","aucell_cytotoxic_score",0.0338774793751097,"cytotoxic"
"CATTGTGTCCAAAGGTATCCCAAC-1","slingPseudotime_1",21.8746257066802,"CD8-41BB","aucell_exhausted_score",0.258908197296823,"exhausted"
"CATTGTGTCCAAAGGTATCCCAAC-1","slingPseudotime_1",21.8746257066802,"CD8-41BB","aucell_proliferating_score",0,"proliferating"
"CATTGTGTCCAAAGGTATCCCAAC-1","slingPseudotime_1",21.8746257066802,"CD8-41BB","aucell_naive_memory_score",0.0534736842105263,"naive_memory"
"CATTGTGTCCAAAGGTATCCCAAC-1","slingPseudotime_1",21.8746257066802,"CD8-41BB","aucell_cytotoxic_score",0.396700017553098,"cytotoxic"
"CATTGTGTCCAAAGGTATCCCAAC-1","slingPseudotime_2",23.1453699828684,"CD8-41BB","aucell_exhausted_score",0.258908197296823,"exhausted"
"CATTGTGTCCAAAGGTATCCCAAC-1","slingPseudotime_2",23.1453699828684,"CD8-41BB","aucell_proliferating_score",0,"proliferating"
"CATTGTGTCCAAAGGTATCCCAAC-1","slingPseudotime_2",23.1453699828684,"CD8-41BB","aucell_naive_memory_score",0.0534736842105263,"naive_memory"
"CATTGTGTCCAAAGGTATCCCAAC-1","slingPseudotime_2",23.1453699828684,"CD8-41BB","aucell_cytotoxic_score",0.396700017553098,"cytotoxic"
"CATTTAGGTGAGAAGGATCCCAAC-1","slingPseudotime_1",19.6328177597627,"CD8-41BB","aucell_exhausted_score",0,"exhausted"
"CATTTAGGTGAGAAGGATCCCAAC-1","slingPseudotime_1",19.6328177597627,"CD8-41BB","aucell_proliferating_score",0,"proliferating"
"CATTTAGGTGAGAAGGATCCCAAC-1","slingPseudotime_1",19.6328177597627,"CD8-41BB","aucell_naive_memory_score",0,"naive_memory"
"CATTTAGGTGAGAAGGATCCCAAC-1","slingPseudotime_1",19.6328177597627,"CD8-41BB","aucell_cytotoxic_score",0.330173775671406,"cytotoxic"
"CATTTAGGTGAGAAGGATCCCAAC-1","slingPseudotime_2",29.7030543930414,"CD8-41BB","aucell_exhausted_score",0,"exhausted"
"CATTTAGGTGAGAAGGATCCCAAC-1","slingPseudotime_2",29.7030543930414,"CD8-41BB","aucell_proliferating_score",0,"proliferating"
"CATTTAGGTGAGAAGGATCCCAAC-1","slingPseudotime_2",29.7030543930414,"CD8-41BB","aucell_naive_memory_score",0,"naive_memory"
"CATTTAGGTGAGAAGGATCCCAAC-1","slingPseudotime_2",29.7030543930414,"CD8-41BB","aucell_cytotoxic_score",0.330173775671406,"cytotoxic"
"CCAACCGTCAACCTCAATCCCAAC-1","slingPseudotime_1",12.8876310306806,"CD8-41BB","aucell_exhausted_score",0,"exhausted"
"CCAACCGTCAACCTCAATCCCAAC-1","slingPseudotime_1",12.8876310306806,"CD8-41BB","aucell_proliferating_score",0,"proliferating"
"CCAACCGTCAACCTCAATCCCAAC-1","slingPseudotime_1",12.8876310306806,"CD8-41BB","aucell_naive_memory_score",0.0458947368421053,"naive_memory"
"CCAACCGTCAACCTCAATCCCAAC-1","slingPseudotime_1",12.8876310306806,"CD8-41BB","aucell_cytotoxic_score",0.166754432157276,"cytotoxic"
"CCAACCGTCAACCTCAATCCCAAC-1","slingPseudotime_2",13.6029853769742,"CD8-41BB","aucell_exhausted_score",0,"exhausted"
"CCAACCGTCAACCTCAATCCCAAC-1","slingPseudotime_2",13.6029853769742,"CD8-41BB","aucell_proliferating_score",0,"proliferating"
"CCAACCGTCAACCTCAATCCCAAC-1","slingPseudotime_2",13.6029853769742,"CD8-41BB","aucell_naive_memory_score",0.0458947368421053,"naive_memory"
"CCAACCGTCAACCTCAATCCCAAC-1","slingPseudotime_2",13.6029853769742,"CD8-41BB","aucell_cytotoxic_score",0.166754432157276,"cytotoxic"
"CCAAGACCACATAGATATCCCAAC-1","slingPseudotime_1",4.92060984930212,"CD8-41BB","aucell_exhausted_score",0,"exhausted"
"CCAAGACCACATAGATATCCCAAC-1","slingPseudotime_1",4.92060984930212,"CD8-41BB","aucell_proliferating_score",0,"proliferating"
"CCAAGACCACATAGATATCCCAAC-1","slingPseudotime_1",4.92060984930212,"CD8-41BB","aucell_naive_memory_score",0.184631578947368,"naive_memory"
"CCAAGACCACATAGATATCCCAAC-1","slingPseudotime_1",4.92060984930212,"CD8-41BB","aucell_cytotoxic_score",0.0319466385817097,"cytotoxic"
"CCAAGACCACATAGATATCCCAAC-1","slingPseudotime_2",5.56820188382845,"CD8-41BB","aucell_exhausted_score",0,"exhausted"
"CCAAGACCACATAGATATCCCAAC-1","slingPseudotime_2",5.56820188382845,"CD8-41BB","aucell_proliferating_score",0,"proliferating"
"CCAAGACCACATAGATATCCCAAC-1","slingPseudotime_2",5.56820188382845,"CD8-41BB","aucell_naive_memory_score",0.184631578947368,"naive_memory"
"CCAAGACCACATAGATATCCCAAC-1","slingPseudotime_2",5.56820188382845,"CD8-41BB","aucell_cytotoxic_score",0.0319466385817097,"cytotoxic"
"CCAAGACCACTAAGGCATCCCAAC-1","slingPseudotime_1",15.7694742383705,"CD8-41BB","aucell_exhausted_score",0.147094962260839,"exhausted"
"CCAAGACCACTAAGGCATCCCAAC-1","slingPseudotime_1",15.7694742383705,"CD8-41BB","aucell_proliferating_score",0.00526315789473684,"proliferating"
"CCAAGACCACTAAGGCATCCCAAC-1","slingPseudotime_1",15.7694742383705,"CD8-41BB","aucell_naive_memory_score",0,"naive_memory"
"CCAAGACCACTAAGGCATCCCAAC-1","slingPseudotime_1",15.7694742383705,"CD8-41BB","aucell_cytotoxic_score",0.730559943830086,"cytotoxic"
"CCAAGACCACTAAGGCATCCCAAC-1","slingPseudotime_2",16.7167352311337,"CD8-41BB","aucell_exhausted_score",0.147094962260839,"exhausted"
"CCAAGACCACTAAGGCATCCCAAC-1","slingPseudotime_2",16.7167352311337,"CD8-41BB","aucell_proliferating_score",0.00526315789473684,"proliferating"
"CCAAGACCACTAAGGCATCCCAAC-1","slingPseudotime_2",16.7167352311337,"CD8-41BB","aucell_naive_memory_score",0,"naive_memory"
"CCAAGACCACTAAGGCATCCCAAC-1","slingPseudotime_2",16.7167352311337,"CD8-41BB","aucell_cytotoxic_score",0.730559943830086,"cytotoxic"
"CCAAGCTTCCGCTATAATCCCAAC-1","slingPseudotime_1",17.1197620418731,"CD8-41BB","aucell_exhausted_score",0.0135158855538002,"exhausted"
"CCAAGCTTCCGCTATAATCCCAAC-1","slingPseudotime_1",17.1197620418731,"CD8-41BB","aucell_proliferating_score",0,"proliferating"
"CCAAGCTTCCGCTATAATCCCAAC-1","slingPseudotime_1",17.1197620418731,"CD8-41BB","aucell_naive_memory_score",0,"naive_memory"
"CCAAGCTTCCGCTATAATCCCAAC-1","slingPseudotime_1",17.1197620418731,"CD8-41BB","aucell_cytotoxic_score",0.165174653326312,"cytotoxic"
"CCAAGCTTCCGCTATAATCCCAAC-1","slingPseudotime_2",18.4708495000773,"CD8-41BB","aucell_exhausted_score",0.0135158855538002,"exhausted"
"CCAAGCTTCCGCTATAATCCCAAC-1","slingPseudotime_2",18.4708495000773,"CD8-41BB","aucell_proliferating_score",0,"proliferating"
"CCAAGCTTCCGCTATAATCCCAAC-1","slingPseudotime_2",18.4708495000773,"CD8-41BB","aucell_naive_memory_score",0,"naive_memory"
"CCAAGCTTCCGCTATAATCCCAAC-1","slingPseudotime_2",18.4708495000773,"CD8-41BB","aucell_cytotoxic_score",0.165174653326312,"cytotoxic"
"CCACATTCATTTCATGATCCCAAC-1","slingPseudotime_1",19.796280851036,"CD8-41BB","aucell_exhausted_score",0.321923819554151,"exhausted"
"CCACATTCATTTCATGATCCCAAC-1","slingPseudotime_1",19.796280851036,"CD8-41BB","aucell_proliferating_score",0,"proliferating"
"CCACATTCATTTCATGATCCCAAC-1","slingPseudotime_1",19.796280851036,"CD8-41BB","aucell_naive_memory_score",0.0947368421052632,"naive_memory"
"CCACATTCATTTCATGATCCCAAC-1","slingPseudotime_1",19.796280851036,"CD8-41BB","aucell_cytotoxic_score",0.33175355450237,"cytotoxic"
"CCACATTCATTTCATGATCCCAAC-1","slingPseudotime_2",21.2023949352381,"CD8-41BB","aucell_exhausted_score",0.321923819554151,"exhausted"
"CCACATTCATTTCATGATCCCAAC-1","slingPseudotime_2",21.2023949352381,"CD8-41BB","aucell_proliferating_score",0,"proliferating"
"CCACATTCATTTCATGATCCCAAC-1","slingPseudotime_2",21.2023949352381,"CD8-41BB","aucell_naive_memory_score",0.0947368421052632,"naive_memory"
"CCACATTCATTTCATGATCCCAAC-1","slingPseudotime_2",21.2023949352381,"CD8-41BB","aucell_cytotoxic_score",0.33175355450237,"cytotoxic"
"CCAGAACCATAGCGCGATCCCAAC-1","slingPseudotime_1",21.7171897168627,"CD8-41BB","aucell_exhausted_score",0.526592943654555,"exhausted"
"CCAGAACCATAGCGCGATCCCAAC-1","slingPseudotime_1",21.7171897168627,"CD8-41BB","aucell_proliferating_score",0,"proliferating"
"CCAGAACCATAGCGCGATCCCAAC-1","slingPseudotime_1",21.7171897168627,"CD8-41BB","aucell_naive_memory_score",0,"naive_memory"
"CCAGAACCATAGCGCGATCCCAAC-1","slingPseudotime_1",21.7171897168627,"CD8-41BB","aucell_cytotoxic_score",0.329296120765315,"cytotoxic"
"CCAGAACCATAGCGCGATCCCAAC-1","slingPseudotime_2",23.1409273023307,"CD8-41BB","aucell_exhausted_score",0.526592943654555,"exhausted"
"CCAGAACCATAGCGCGATCCCAAC-1","slingPseudotime_2",23.1409273023307,"CD8-41BB","aucell_proliferating_score",0,"proliferating"
"CCAGAACCATAGCGCGATCCCAAC-1","slingPseudotime_2",23.1409273023307,"CD8-41BB","aucell_naive_memory_score",0,"naive_memory"
"CCAGAACCATAGCGCGATCCCAAC-1","slingPseudotime_2",23.1409273023307,"CD8-41BB","aucell_cytotoxic_score",0.329296120765315,"cytotoxic"
"CCATAACGTCTGTGATATCCCAAC-1","slingPseudotime_1",13.7506070843302,"CD8-41BB","aucell_exhausted_score",0,"exhausted"
"CCATAACGTCTGTGATATCCCAAC-1","slingPseudotime_1",13.7506070843302,"CD8-41BB","aucell_proliferating_score",0,"proliferating"
"CCATAACGTCTGTGATATCCCAAC-1","slingPseudotime_1",13.7506070843302,"CD8-41BB","aucell_naive_memory_score",0,"naive_memory"
"CCATAACGTCTGTGATATCCCAAC-1","slingPseudotime_1",13.7506070843302,"CD8-41BB","aucell_cytotoxic_score",0.257503949447077,"cytotoxic"
"CCATAACGTCTGTGATATCCCAAC-1","slingPseudotime_2",14.6681139990606,"CD8-41BB","aucell_exhausted_score",0,"exhausted"
"CCATAACGTCTGTGATATCCCAAC-1","slingPseudotime_2",14.6681139990606,"CD8-41BB","aucell_proliferating_score",0,"proliferating"
"CCATAACGTCTGTGATATCCCAAC-1","slingPseudotime_2",14.6681139990606,"CD8-41BB","aucell_naive_memory_score",0,"naive_memory"
"CCATAACGTCTGTGATATCCCAAC-1","slingPseudotime_2",14.6681139990606,"CD8-41BB","aucell_cytotoxic_score",0.257503949447077,"cytotoxic"
"CCATTGTCACATAAACATCCCAAC-1","slingPseudotime_1",14.2929303521963,"CD8-41BB","aucell_exhausted_score",0.160084254870985,"exhausted"
"CCATTGTCACATAAACATCCCAAC-1","slingPseudotime_1",14.2929303521963,"CD8-41BB","aucell_proliferating_score",0,"proliferating"
"CCATTGTCACATAAACATCCCAAC-1","slingPseudotime_1",14.2929303521963,"CD8-41BB","aucell_naive_memory_score",0.195789473684211,"naive_memory"
"CCATTGTCACATAAACATCCCAAC-1","slingPseudotime_1",14.2929303521963,"CD8-41BB","aucell_cytotoxic_score",0.225908372827804,"cytotoxic"
"CCATTGTCACATAAACATCCCAAC-1","slingPseudotime_2",15.0222030503893,"CD8-41BB","aucell_exhausted_score",0.160084254870985,"exhausted"
"CCATTGTCACATAAACATCCCAAC-1","slingPseudotime_2",15.0222030503893,"CD8-41BB","aucell_proliferating_score",0,"proliferating"
"CCATTGTCACATAAACATCCCAAC-1","slingPseudotime_2",15.0222030503893,"CD8-41BB","aucell_naive_memory_score",0.195789473684211,"naive_memory"
"CCATTGTCACATAAACATCCCAAC-1","slingPseudotime_2",15.0222030503893,"CD8-41BB","aucell_cytotoxic_score",0.225908372827804,"cytotoxic"
"CCCACCTTCAGCACCTATCCCAAC-1","slingPseudotime_2",17.3659533014327,"CD8-41BB","aucell_exhausted_score",0,"exhausted"
"CCCACCTTCAGCACCTATCCCAAC-1","slingPseudotime_2",17.3659533014327,"CD8-41BB","aucell_proliferating_score",0,"proliferating"
"CCCACCTTCAGCACCTATCCCAAC-1","slingPseudotime_2",17.3659533014327,"CD8-41BB","aucell_naive_memory_score",0,"naive_memory"
"CCCACCTTCAGCACCTATCCCAAC-1","slingPseudotime_2",17.3659533014327,"CD8-41BB","aucell_cytotoxic_score",0.302790942601369,"cytotoxic"
"CCCATTAAGCTCATTGATCCCAAC-1","slingPseudotime_1",15.095821723289,"CD8-41BB","aucell_exhausted_score",0,"exhausted"
"CCCATTAAGCTCATTGATCCCAAC-1","slingPseudotime_1",15.095821723289,"CD8-41BB","aucell_proliferating_score",0,"proliferating"
"CCCATTAAGCTCATTGATCCCAAC-1","slingPseudotime_1",15.095821723289,"CD8-41BB","aucell_naive_memory_score",0.198315789473684,"naive_memory"
"CCCATTAAGCTCATTGATCCCAAC-1","slingPseudotime_1",15.095821723289,"CD8-41BB","aucell_cytotoxic_score",0.165701246269967,"cytotoxic"
"CCCATTAAGCTCATTGATCCCAAC-1","slingPseudotime_2",15.8900857917237,"CD8-41BB","aucell_exhausted_score",0,"exhausted"
"CCCATTAAGCTCATTGATCCCAAC-1","slingPseudotime_2",15.8900857917237,"CD8-41BB","aucell_proliferating_score",0,"proliferating"
"CCCATTAAGCTCATTGATCCCAAC-1","slingPseudotime_2",15.8900857917237,"CD8-41BB","aucell_naive_memory_score",0.198315789473684,"naive_memory"
"CCCATTAAGCTCATTGATCCCAAC-1","slingPseudotime_2",15.8900857917237,"CD8-41BB","aucell_cytotoxic_score",0.165701246269967,"cytotoxic"
"CCCGAAGCATCCAAGAATCCCAAC-1","slingPseudotime_1",12.0974851698144,"CD8-41BB","aucell_exhausted_score",0.0505529225908373,"exhausted"
"CCCGAAGCATCCAAGAATCCCAAC-1","slingPseudotime_1",12.0974851698144,"CD8-41BB","aucell_proliferating_score",0,"proliferating"
"CCCGAAGCATCCAAGAATCCCAAC-1","slingPseudotime_1",12.0974851698144,"CD8-41BB","aucell_naive_memory_score",0.0997894736842105,"naive_memory"
"CCCGAAGCATCCAAGAATCCCAAC-1","slingPseudotime_1",12.0974851698144,"CD8-41BB","aucell_cytotoxic_score",0.178339476917676,"cytotoxic"
"CCCGAAGCATCCAAGAATCCCAAC-1","slingPseudotime_2",12.6289837283779,"CD8-41BB","aucell_exhausted_score",0.0505529225908373,"exhausted"
"CCCGAAGCATCCAAGAATCCCAAC-1","slingPseudotime_2",12.6289837283779,"CD8-41BB","aucell_proliferating_score",0,"proliferating"
"CCCGAAGCATCCAAGAATCCCAAC-1","slingPseudotime_2",12.6289837283779,"CD8-41BB","aucell_naive_memory_score",0.0997894736842105,"naive_memory"
"CCCGAAGCATCCAAGAATCCCAAC-1","slingPseudotime_2",12.6289837283779,"CD8-41BB","aucell_cytotoxic_score",0.178339476917676,"cytotoxic"
"CCCTGTTGTGCTCCTTATCCCAAC-1","slingPseudotime_1",51.0957367657193,"CD8-41BB","aucell_exhausted_score",0,"exhausted"
"CCCTGTTGTGCTCCTTATCCCAAC-1","slingPseudotime_1",51.0957367657193,"CD8-41BB","aucell_proliferating_score",0.243368421052632,"proliferating"
"CCCTGTTGTGCTCCTTATCCCAAC-1","slingPseudotime_1",51.0957367657193,"CD8-41BB","aucell_naive_memory_score",0.458947368421053,"naive_memory"
"CCCTGTTGTGCTCCTTATCCCAAC-1","slingPseudotime_1",51.0957367657193,"CD8-41BB","aucell_cytotoxic_score",0.305248376338424,"cytotoxic"
"CCCTTACGTTAAGCTCATCCCAAC-1","slingPseudotime_1",16.4440417714172,"CD8-41BB","aucell_exhausted_score",0.135685448481657,"exhausted"
"CCCTTACGTTAAGCTCATCCCAAC-1","slingPseudotime_1",16.4440417714172,"CD8-41BB","aucell_proliferating_score",0,"proliferating"
"CCCTTACGTTAAGCTCATCCCAAC-1","slingPseudotime_1",16.4440417714172,"CD8-41BB","aucell_naive_memory_score",0.0111578947368421,"naive_memory"
"CCCTTACGTTAAGCTCATCCCAAC-1","slingPseudotime_1",16.4440417714172,"CD8-41BB","aucell_cytotoxic_score",0.163068281551694,"cytotoxic"
"CCCTTACGTTAAGCTCATCCCAAC-1","slingPseudotime_2",17.4759673806677,"CD8-41BB","aucell_exhausted_score",0.135685448481657,"exhausted"
"CCCTTACGTTAAGCTCATCCCAAC-1","slingPseudotime_2",17.4759673806677,"CD8-41BB","aucell_proliferating_score",0,"proliferating"
"CCCTTACGTTAAGCTCATCCCAAC-1","slingPseudotime_2",17.4759673806677,"CD8-41BB","aucell_naive_memory_score",0.0111578947368421,"naive_memory"
"CCCTTACGTTAAGCTCATCCCAAC-1","slingPseudotime_2",17.4759673806677,"CD8-41BB","aucell_cytotoxic_score",0.163068281551694,"cytotoxic"
"CCCTTGCTCAACTGTTATCCCAAC-1","slingPseudotime_1",12.4106440558418,"CD8-41BB","aucell_exhausted_score",0,"exhausted"
"CCCTTGCTCAACTGTTATCCCAAC-1","slingPseudotime_1",12.4106440558418,"CD8-41BB","aucell_proliferating_score",0,"proliferating"
"CCCTTGCTCAACTGTTATCCCAAC-1","slingPseudotime_1",12.4106440558418,"CD8-41BB","aucell_naive_memory_score",0.107578947368421,"naive_memory"
"CCCTTGCTCAACTGTTATCCCAAC-1","slingPseudotime_1",12.4106440558418,"CD8-41BB","aucell_cytotoxic_score",0.152536422678603,"cytotoxic"
"CCCTTGCTCAACTGTTATCCCAAC-1","slingPseudotime_2",13.188823116942,"CD8-41BB","aucell_exhausted_score",0,"exhausted"
"CCCTTGCTCAACTGTTATCCCAAC-1","slingPseudotime_2",13.188823116942,"CD8-41BB","aucell_proliferating_score",0,"proliferating"
"CCCTTGCTCAACTGTTATCCCAAC-1","slingPseudotime_2",13.188823116942,"CD8-41BB","aucell_naive_memory_score",0.107578947368421,"naive_memory"
"CCCTTGCTCAACTGTTATCCCAAC-1","slingPseudotime_2",13.188823116942,"CD8-41BB","aucell_cytotoxic_score",0.152536422678603,"cytotoxic"
"CCCTTGCTCCTGGAAGATCCCAAC-1","slingPseudotime_1",17.9819514764988,"CD8-41BB","aucell_exhausted_score",0.0372125680182552,"exhausted"
"CCCTTGCTCCTGGAAGATCCCAAC-1","slingPseudotime_1",17.9819514764988,"CD8-41BB","aucell_proliferating_score",0,"proliferating"
"CCCTTGCTCCTGGAAGATCCCAAC-1","slingPseudotime_1",17.9819514764988,"CD8-41BB","aucell_naive_memory_score",0,"naive_memory"
"CCCTTGCTCCTGGAAGATCCCAAC-1","slingPseudotime_1",17.9819514764988,"CD8-41BB","aucell_cytotoxic_score",0.288748464103914,"cytotoxic"
"CCCTTGCTCCTGGAAGATCCCAAC-1","slingPseudotime_2",18.1867753315009,"CD8-41BB","aucell_exhausted_score",0.0372125680182552,"exhausted"
"CCCTTGCTCCTGGAAGATCCCAAC-1","slingPseudotime_2",18.1867753315009,"CD8-41BB","aucell_proliferating_score",0,"proliferating"
"CCCTTGCTCCTGGAAGATCCCAAC-1","slingPseudotime_2",18.1867753315009,"CD8-41BB","aucell_naive_memory_score",0,"naive_memory"
"CCCTTGCTCCTGGAAGATCCCAAC-1","slingPseudotime_2",18.1867753315009,"CD8-41BB","aucell_cytotoxic_score",0.288748464103914,"cytotoxic"
"CCGATTGGTGTTCCAGATCCCAAC-1","slingPseudotime_1",12.9231391844124,"CD8-41BB","aucell_exhausted_score",0,"exhausted"
"CCGATTGGTGTTCCAGATCCCAAC-1","slingPseudotime_1",12.9231391844124,"CD8-41BB","aucell_proliferating_score",0,"proliferating"
"CCGATTGGTGTTCCAGATCCCAAC-1","slingPseudotime_1",12.9231391844124,"CD8-41BB","aucell_naive_memory_score",0.290105263157895,"naive_memory"
"CCGATTGGTGTTCCAGATCCCAAC-1","slingPseudotime_1",12.9231391844124,"CD8-41BB","aucell_cytotoxic_score",0,"cytotoxic"
"CCGATTGGTGTTCCAGATCCCAAC-1","slingPseudotime_2",13.6418454727237,"CD8-41BB","aucell_exhausted_score",0,"exhausted"
"CCGATTGGTGTTCCAGATCCCAAC-1","slingPseudotime_2",13.6418454727237,"CD8-41BB","aucell_proliferating_score",0,"proliferating"
"CCGATTGGTGTTCCAGATCCCAAC-1","slingPseudotime_2",13.6418454727237,"CD8-41BB","aucell_naive_memory_score",0.290105263157895,"naive_memory"
"CCGATTGGTGTTCCAGATCCCAAC-1","slingPseudotime_2",13.6418454727237,"CD8-41BB","aucell_cytotoxic_score",0,"cytotoxic"
"CCGCTAAGTAGCTTGTATCCCAAC-1","slingPseudotime_1",21.8539927954654,"CD8-41BB","aucell_exhausted_score",0.159382130946112,"exhausted"
"CCGCTAAGTAGCTTGTATCCCAAC-1","slingPseudotime_1",21.8539927954654,"CD8-41BB","aucell_proliferating_score",0,"proliferating"
"CCGCTAAGTAGCTTGTATCCCAAC-1","slingPseudotime_1",21.8539927954654,"CD8-41BB","aucell_naive_memory_score",0,"naive_memory"
"CCGCTAAGTAGCTTGTATCCCAAC-1","slingPseudotime_1",21.8539927954654,"CD8-41BB","aucell_cytotoxic_score",0.676320870633667,"cytotoxic"
"CCGCTAAGTAGCTTGTATCCCAAC-1","slingPseudotime_2",23.9334496690874,"CD8-41BB","aucell_exhausted_score",0.159382130946112,"exhausted"
"CCGCTAAGTAGCTTGTATCCCAAC-1","slingPseudotime_2",23.9334496690874,"CD8-41BB","aucell_proliferating_score",0,"proliferating"
"CCGCTAAGTAGCTTGTATCCCAAC-1","slingPseudotime_2",23.9334496690874,"CD8-41BB","aucell_naive_memory_score",0,"naive_memory"
"CCGCTAAGTAGCTTGTATCCCAAC-1","slingPseudotime_2",23.9334496690874,"CD8-41BB","aucell_cytotoxic_score",0.676320870633667,"cytotoxic"
"CCGGCTATCTAAATCCATCCCAAC-1","slingPseudotime_1",10.9993681631988,"CD8-41BB","aucell_exhausted_score",0,"exhausted"
"CCGGCTATCTAAATCCATCCCAAC-1","slingPseudotime_1",10.9993681631988,"CD8-41BB","aucell_proliferating_score",0,"proliferating"
"CCGGCTATCTAAATCCATCCCAAC-1","slingPseudotime_1",10.9993681631988,"CD8-41BB","aucell_naive_memory_score",0,"naive_memory"
"CCGGCTATCTAAATCCATCCCAAC-1","slingPseudotime_1",10.9993681631988,"CD8-41BB","aucell_cytotoxic_score",0,"cytotoxic"
"CCGGCTATCTAAATCCATCCCAAC-1","slingPseudotime_2",11.6213156731886,"CD8-41BB","aucell_exhausted_score",0,"exhausted"
"CCGGCTATCTAAATCCATCCCAAC-1","slingPseudotime_2",11.6213156731886,"CD8-41BB","aucell_proliferating_score",0,"proliferating"
"CCGGCTATCTAAATCCATCCCAAC-1","slingPseudotime_2",11.6213156731886,"CD8-41BB","aucell_naive_memory_score",0,"naive_memory"
"CCGGCTATCTAAATCCATCCCAAC-1","slingPseudotime_2",11.6213156731886,"CD8-41BB","aucell_cytotoxic_score",0,"cytotoxic"
"CCTAAGGAGGACAACTATCCCAAC-1","slingPseudotime_1",18.0793781037017,"CD8-41BB","aucell_exhausted_score",0.16148850272073,"exhausted"
"CCTAAGGAGGACAACTATCCCAAC-1","slingPseudotime_1",18.0793781037017,"CD8-41BB","aucell_proliferating_score",0,"proliferating"
"CCTAAGGAGGACAACTATCCCAAC-1","slingPseudotime_1",18.0793781037017,"CD8-41BB","aucell_naive_memory_score",0,"naive_memory"
"CCTAAGGAGGACAACTATCCCAAC-1","slingPseudotime_1",18.0793781037017,"CD8-41BB","aucell_cytotoxic_score",0.164999122345094,"cytotoxic"
"CCTAAGGAGGACAACTATCCCAAC-1","slingPseudotime_2",19.418673206574,"CD8-41BB","aucell_exhausted_score",0.16148850272073,"exhausted"
"CCTAAGGAGGACAACTATCCCAAC-1","slingPseudotime_2",19.418673206574,"CD8-41BB","aucell_proliferating_score",0,"proliferating"
"CCTAAGGAGGACAACTATCCCAAC-1","slingPseudotime_2",19.418673206574,"CD8-41BB","aucell_naive_memory_score",0,"naive_memory"
"CCTAAGGAGGACAACTATCCCAAC-1","slingPseudotime_2",19.418673206574,"CD8-41BB","aucell_cytotoxic_score",0.164999122345094,"cytotoxic"
"CCTAATCCAGCACTAAATCCCAAC-1","slingPseudotime_1",17.1197620418731,"CD8-41BB","aucell_exhausted_score",0.262418816921187,"exhausted"
"CCTAATCCAGCACTAAATCCCAAC-1","slingPseudotime_1",17.1197620418731,"CD8-41BB","aucell_proliferating_score",0,"proliferating"
"CCTAATCCAGCACTAAATCCCAAC-1","slingPseudotime_1",17.1197620418731,"CD8-41BB","aucell_naive_memory_score",0.0974736842105263,"naive_memory"
"CCTAATCCAGCACTAAATCCCAAC-1","slingPseudotime_1",17.1197620418731,"CD8-41BB","aucell_cytotoxic_score",0.39845532736528,"cytotoxic"
"CCTAATCCAGCACTAAATCCCAAC-1","slingPseudotime_2",18.0928074452149,"CD8-41BB","aucell_exhausted_score",0.262418816921187,"exhausted"
"CCTAATCCAGCACTAAATCCCAAC-1","slingPseudotime_2",18.0928074452149,"CD8-41BB","aucell_proliferating_score",0,"proliferating"
"CCTAATCCAGCACTAAATCCCAAC-1","slingPseudotime_2",18.0928074452149,"CD8-41BB","aucell_naive_memory_score",0.0974736842105263,"naive_memory"
"CCTAATCCAGCACTAAATCCCAAC-1","slingPseudotime_2",18.0928074452149,"CD8-41BB","aucell_cytotoxic_score",0.39845532736528,"cytotoxic"
"CCTAATCCATCACGCCATCCCAAC-1","slingPseudotime_1",14.0096449009198,"CD8-41BB","aucell_exhausted_score",0,"exhausted"
"CCTAATCCATCACGCCATCCCAAC-1","slingPseudotime_1",14.0096449009198,"CD8-41BB","aucell_proliferating_score",0,"proliferating"
"CCTAATCCATCACGCCATCCCAAC-1","slingPseudotime_1",14.0096449009198,"CD8-41BB","aucell_naive_memory_score",0,"naive_memory"
"CCTAATCCATCACGCCATCCCAAC-1","slingPseudotime_1",14.0096449009198,"CD8-41BB","aucell_cytotoxic_score",0.432508337721608,"cytotoxic"
"CCTAATCCATCACGCCATCCCAAC-1","slingPseudotime_2",14.8476973180944,"CD8-41BB","aucell_exhausted_score",0,"exhausted"
"CCTAATCCATCACGCCATCCCAAC-1","slingPseudotime_2",14.8476973180944,"CD8-41BB","aucell_proliferating_score",0,"proliferating"
"CCTAATCCATCACGCCATCCCAAC-1","slingPseudotime_2",14.8476973180944,"CD8-41BB","aucell_naive_memory_score",0,"naive_memory"
"CCTAATCCATCACGCCATCCCAAC-1","slingPseudotime_2",14.8476973180944,"CD8-41BB","aucell_cytotoxic_score",0.432508337721608,"cytotoxic"
"CCTAGGTTCTCTCGCCATCCCAAC-1","slingPseudotime_1",14.7025234161021,"CD8-41BB","aucell_exhausted_score",0.0847814639283834,"exhausted"
"CCTAGGTTCTCTCGCCATCCCAAC-1","slingPseudotime_1",14.7025234161021,"CD8-41BB","aucell_proliferating_score",0,"proliferating"
"CCTAGGTTCTCTCGCCATCCCAAC-1","slingPseudotime_1",14.7025234161021,"CD8-41BB","aucell_naive_memory_score",0.159368421052632,"naive_memory"
"CCTAGGTTCTCTCGCCATCCCAAC-1","slingPseudotime_1",14.7025234161021,"CD8-41BB","aucell_cytotoxic_score",0.322625943479024,"cytotoxic"
"CCTAGGTTCTCTCGCCATCCCAAC-1","slingPseudotime_2",15.5498613979405,"CD8-41BB","aucell_exhausted_score",0.0847814639283834,"exhausted"
"CCTAGGTTCTCTCGCCATCCCAAC-1","slingPseudotime_2",15.5498613979405,"CD8-41BB","aucell_proliferating_score",0,"proliferating"
"CCTAGGTTCTCTCGCCATCCCAAC-1","slingPseudotime_2",15.5498613979405,"CD8-41BB","aucell_naive_memory_score",0.159368421052632,"naive_memory"
"CCTAGGTTCTCTCGCCATCCCAAC-1","slingPseudotime_2",15.5498613979405,"CD8-41BB","aucell_cytotoxic_score",0.322625943479024,"cytotoxic"
"CCTATGGGTTAACGTCATCCCAAC-1","slingPseudotime_1",21.9253414707584,"CD8-41BB","aucell_exhausted_score",0.310163243812533,"exhausted"
"CCTATGGGTTAACGTCATCCCAAC-1","slingPseudotime_1",21.9253414707584,"CD8-41BB","aucell_proliferating_score",0,"proliferating"
"CCTATGGGTTAACGTCATCCCAAC-1","slingPseudotime_1",21.9253414707584,"CD8-41BB","aucell_naive_memory_score",0,"naive_memory"
"CCTATGGGTTAACGTCATCCCAAC-1","slingPseudotime_1",21.9253414707584,"CD8-41BB","aucell_cytotoxic_score",0.327365279971915,"cytotoxic"
"CCTATGGGTTAACGTCATCCCAAC-1","slingPseudotime_2",28.5885540983096,"CD8-41BB","aucell_exhausted_score",0.310163243812533,"exhausted"
"CCTATGGGTTAACGTCATCCCAAC-1","slingPseudotime_2",28.5885540983096,"CD8-41BB","aucell_proliferating_score",0,"proliferating"
"CCTATGGGTTAACGTCATCCCAAC-1","slingPseudotime_2",28.5885540983096,"CD8-41BB","aucell_naive_memory_score",0,"naive_memory"
"CCTATGGGTTAACGTCATCCCAAC-1","slingPseudotime_2",28.5885540983096,"CD8-41BB","aucell_cytotoxic_score",0.327365279971915,"cytotoxic"
"CCTATTGAGCAATCCCATCCCAAC-1","slingPseudotime_1",16.7222498607169,"CD8-41BB","aucell_exhausted_score",0.221344567316131,"exhausted"
"CCTATTGAGCAATCCCATCCCAAC-1","slingPseudotime_1",16.7222498607169,"CD8-41BB","aucell_proliferating_score",0,"proliferating"
"CCTATTGAGCAATCCCATCCCAAC-1","slingPseudotime_1",16.7222498607169,"CD8-41BB","aucell_naive_memory_score",0.0608421052631579,"naive_memory"
"CCTATTGAGCAATCCCATCCCAAC-1","slingPseudotime_1",16.7222498607169,"CD8-41BB","aucell_cytotoxic_score",0.326312094084606,"cytotoxic"
"CCTATTGAGCAATCCCATCCCAAC-1","slingPseudotime_2",17.0620558064262,"CD8-41BB","aucell_exhausted_score",0.221344567316131,"exhausted"
"CCTATTGAGCAATCCCATCCCAAC-1","slingPseudotime_2",17.0620558064262,"CD8-41BB","aucell_proliferating_score",0,"proliferating"
"CCTATTGAGCAATCCCATCCCAAC-1","slingPseudotime_2",17.0620558064262,"CD8-41BB","aucell_naive_memory_score",0.0608421052631579,"naive_memory"
"CCTATTGAGCAATCCCATCCCAAC-1","slingPseudotime_2",17.0620558064262,"CD8-41BB","aucell_cytotoxic_score",0.326312094084606,"cytotoxic"
"CCTATTGAGTTGGCCTATCCCAAC-1","slingPseudotime_1",9.45016356928404,"CD8-41BB","aucell_exhausted_score",0,"exhausted"
"CCTATTGAGTTGGCCTATCCCAAC-1","slingPseudotime_1",9.45016356928404,"CD8-41BB","aucell_proliferating_score",0,"proliferating"
"CCTATTGAGTTGGCCTATCCCAAC-1","slingPseudotime_1",9.45016356928404,"CD8-41BB","aucell_naive_memory_score",0.0858947368421053,"naive_memory"
"CCTATTGAGTTGGCCTATCCCAAC-1","slingPseudotime_1",9.45016356928404,"CD8-41BB","aucell_cytotoxic_score",0.192030893452694,"cytotoxic"
"CCTATTGAGTTGGCCTATCCCAAC-1","slingPseudotime_2",9.95599941975971,"CD8-41BB","aucell_exhausted_score",0,"exhausted"
"CCTATTGAGTTGGCCTATCCCAAC-1","slingPseudotime_2",9.95599941975971,"CD8-41BB","aucell_proliferating_score",0,"proliferating"
"CCTATTGAGTTGGCCTATCCCAAC-1","slingPseudotime_2",9.95599941975971,"CD8-41BB","aucell_naive_memory_score",0.0858947368421053,"naive_memory"
"CCTATTGAGTTGGCCTATCCCAAC-1","slingPseudotime_2",9.95599941975971,"CD8-41BB","aucell_cytotoxic_score",0.192030893452694,"cytotoxic"
"CCTGTTGCATTTAGCCATCCCAAC-1","slingPseudotime_1",65.5367322821624,"CD8-41BB","aucell_exhausted_score",0.496752676847464,"exhausted"
"CCTGTTGCATTTAGCCATCCCAAC-1","slingPseudotime_1",65.5367322821624,"CD8-41BB","aucell_proliferating_score",0.387789473684211,"proliferating"
"CCTGTTGCATTTAGCCATCCCAAC-1","slingPseudotime_1",65.5367322821624,"CD8-41BB","aucell_naive_memory_score",0,"naive_memory"
"CCTGTTGCATTTAGCCATCCCAAC-1","slingPseudotime_1",65.5367322821624,"CD8-41BB","aucell_cytotoxic_score",0.490258030542391,"cytotoxic"
"CCTTATTGTGTCCTTCATCCCAAC-1","slingPseudotime_1",24.8541554425689,"CD8-41BB","aucell_exhausted_score",0,"exhausted"
"CCTTATTGTGTCCTTCATCCCAAC-1","slingPseudotime_1",24.8541554425689,"CD8-41BB","aucell_proliferating_score",0,"proliferating"
"CCTTATTGTGTCCTTCATCCCAAC-1","slingPseudotime_1",24.8541554425689,"CD8-41BB","aucell_naive_memory_score",0,"naive_memory"
"CCTTATTGTGTCCTTCATCCCAAC-1","slingPseudotime_1",24.8541554425689,"CD8-41BB","aucell_cytotoxic_score",0.163770405476567,"cytotoxic"
"CCTTATTGTGTCCTTCATCCCAAC-1","slingPseudotime_2",25.7212582935229,"CD8-41BB","aucell_exhausted_score",0,"exhausted"
"CCTTATTGTGTCCTTCATCCCAAC-1","slingPseudotime_2",25.7212582935229,"CD8-41BB","aucell_proliferating_score",0,"proliferating"
"CCTTATTGTGTCCTTCATCCCAAC-1","slingPseudotime_2",25.7212582935229,"CD8-41BB","aucell_naive_memory_score",0,"naive_memory"
"CCTTATTGTGTCCTTCATCCCAAC-1","slingPseudotime_2",25.7212582935229,"CD8-41BB","aucell_cytotoxic_score",0.163770405476567,"cytotoxic"
"CGACACCGTCTACCTCATCCCAAC-1","slingPseudotime_1",18.351584041842,"CD8-41BB","aucell_exhausted_score",0.139722661049675,"exhausted"
"CGACACCGTCTACCTCATCCCAAC-1","slingPseudotime_1",18.351584041842,"CD8-41BB","aucell_proliferating_score",0,"proliferating"
"CGACACCGTCTACCTCATCCCAAC-1","slingPseudotime_1",18.351584041842,"CD8-41BB","aucell_naive_memory_score",0,"naive_memory"
"CGACACCGTCTACCTCATCCCAAC-1","slingPseudotime_1",18.351584041842,"CD8-41BB","aucell_cytotoxic_score",0.460242232754081,"cytotoxic"
"CGACACCGTCTACCTCATCCCAAC-1","slingPseudotime_2",19.4357386462115,"CD8-41BB","aucell_exhausted_score",0.139722661049675,"exhausted"
"CGACACCGTCTACCTCATCCCAAC-1","slingPseudotime_2",19.4357386462115,"CD8-41BB","aucell_proliferating_score",0,"proliferating"
"CGACACCGTCTACCTCATCCCAAC-1","slingPseudotime_2",19.4357386462115,"CD8-41BB","aucell_naive_memory_score",0,"naive_memory"
"CGACACCGTCTACCTCATCCCAAC-1","slingPseudotime_2",19.4357386462115,"CD8-41BB","aucell_cytotoxic_score",0.460242232754081,"cytotoxic"
"CGACTTTCAACATAGTATCCCAAC-1","slingPseudotime_1",9.76369094560169,"CD8-41BB","aucell_exhausted_score",0,"exhausted"
"CGACTTTCAACATAGTATCCCAAC-1","slingPseudotime_1",9.76369094560169,"CD8-41BB","aucell_proliferating_score",0,"proliferating"
"CGACTTTCAACATAGTATCCCAAC-1","slingPseudotime_1",9.76369094560169,"CD8-41BB","aucell_naive_memory_score",0.538947368421053,"naive_memory"
"CGACTTTCAACATAGTATCCCAAC-1","slingPseudotime_1",9.76369094560169,"CD8-41BB","aucell_cytotoxic_score",0.0753027909426014,"cytotoxic"
"CGACTTTCAACATAGTATCCCAAC-1","slingPseudotime_2",10.572435928196,"CD8-41BB","aucell_exhausted_score",0,"exhausted"
"CGACTTTCAACATAGTATCCCAAC-1","slingPseudotime_2",10.572435928196,"CD8-41BB","aucell_proliferating_score",0,"proliferating"
"CGACTTTCAACATAGTATCCCAAC-1","slingPseudotime_2",10.572435928196,"CD8-41BB","aucell_naive_memory_score",0.538947368421053,"naive_memory"
"CGACTTTCAACATAGTATCCCAAC-1","slingPseudotime_2",10.572435928196,"CD8-41BB","aucell_cytotoxic_score",0.0753027909426014,"cytotoxic"
"CGAGAGGAGTCAAACAATCCCAAC-1","slingPseudotime_1",25.6794980522553,"CD8-41BB","aucell_exhausted_score",0.208355274705986,"exhausted"
"CGAGAGGAGTCAAACAATCCCAAC-1","slingPseudotime_1",25.6794980522553,"CD8-41BB","aucell_proliferating_score",0,"proliferating"
"CGAGAGGAGTCAAACAATCCCAAC-1","slingPseudotime_1",25.6794980522553,"CD8-41BB","aucell_naive_memory_score",0.239157894736842,"naive_memory"
"CGAGAGGAGTCAAACAATCCCAAC-1","slingPseudotime_1",25.6794980522553,"CD8-41BB","aucell_cytotoxic_score",0.162190626645603,"cytotoxic"
"CGAGAGGAGTCAAACAATCCCAAC-1","slingPseudotime_2",24.9954598861594,"CD8-41BB","aucell_exhausted_score",0.208355274705986,"exhausted"
"CGAGAGGAGTCAAACAATCCCAAC-1","slingPseudotime_2",24.9954598861594,"CD8-41BB","aucell_proliferating_score",0,"proliferating"
"CGAGAGGAGTCAAACAATCCCAAC-1","slingPseudotime_2",24.9954598861594,"CD8-41BB","aucell_naive_memory_score",0.239157894736842,"naive_memory"
"CGAGAGGAGTCAAACAATCCCAAC-1","slingPseudotime_2",24.9954598861594,"CD8-41BB","aucell_cytotoxic_score",0.162190626645603,"cytotoxic"
"CGATTACGTCCGGTACATCCCAAC-1","slingPseudotime_1",16.564205602459,"CD8-41BB","aucell_exhausted_score",0,"exhausted"
"CGATTACGTCCGGTACATCCCAAC-1","slingPseudotime_1",16.564205602459,"CD8-41BB","aucell_proliferating_score",0,"proliferating"
"CGATTACGTCCGGTACATCCCAAC-1","slingPseudotime_1",16.564205602459,"CD8-41BB","aucell_naive_memory_score",0.193894736842105,"naive_memory"
"CGATTACGTCCGGTACATCCCAAC-1","slingPseudotime_1",16.564205602459,"CD8-41BB","aucell_cytotoxic_score",0.433034930665262,"cytotoxic"
"CGATTACGTCCGGTACATCCCAAC-1","slingPseudotime_2",17.8219159785999,"CD8-41BB","aucell_exhausted_score",0,"exhausted"
"CGATTACGTCCGGTACATCCCAAC-1","slingPseudotime_2",17.8219159785999,"CD8-41BB","aucell_proliferating_score",0,"proliferating"
"CGATTACGTCCGGTACATCCCAAC-1","slingPseudotime_2",17.8219159785999,"CD8-41BB","aucell_naive_memory_score",0.193894736842105,"naive_memory"
"CGATTACGTCCGGTACATCCCAAC-1","slingPseudotime_2",17.8219159785999,"CD8-41BB","aucell_cytotoxic_score",0.433034930665262,"cytotoxic"
"CGCAATTGTTGTCATAATCCCAAC-1","slingPseudotime_1",18.2773188541635,"CD8-41BB","aucell_exhausted_score",0.23310514305775,"exhausted"
"CGCAATTGTTGTCATAATCCCAAC-1","slingPseudotime_1",18.2773188541635,"CD8-41BB","aucell_proliferating_score",0,"proliferating"
"CGCAATTGTTGTCATAATCCCAAC-1","slingPseudotime_1",18.2773188541635,"CD8-41BB","aucell_naive_memory_score",0.191578947368421,"naive_memory"
"CGCAATTGTTGTCATAATCCCAAC-1","slingPseudotime_1",18.2773188541635,"CD8-41BB","aucell_cytotoxic_score",0.498156924697209,"cytotoxic"
"CGCAATTGTTGTCATAATCCCAAC-1","slingPseudotime_2",19.6786297919367,"CD8-41BB","aucell_exhausted_score",0.23310514305775,"exhausted"
"CGCAATTGTTGTCATAATCCCAAC-1","slingPseudotime_2",19.6786297919367,"CD8-41BB","aucell_proliferating_score",0,"proliferating"
"CGCAATTGTTGTCATAATCCCAAC-1","slingPseudotime_2",19.6786297919367,"CD8-41BB","aucell_naive_memory_score",0.191578947368421,"naive_memory"
"CGCAATTGTTGTCATAATCCCAAC-1","slingPseudotime_2",19.6786297919367,"CD8-41BB","aucell_cytotoxic_score",0.498156924697209,"cytotoxic"
"CGCACAAAGCACTAGGATCCCAAC-1","slingPseudotime_1",6.68342797114985,"CD8-41BB","aucell_exhausted_score",0,"exhausted"
"CGCACAAAGCACTAGGATCCCAAC-1","slingPseudotime_1",6.68342797114985,"CD8-41BB","aucell_proliferating_score",0,"proliferating"
"CGCACAAAGCACTAGGATCCCAAC-1","slingPseudotime_1",6.68342797114985,"CD8-41BB","aucell_naive_memory_score",0.414526315789474,"naive_memory"
"CGCACAAAGCACTAGGATCCCAAC-1","slingPseudotime_1",6.68342797114985,"CD8-41BB","aucell_cytotoxic_score",0,"cytotoxic"
"CGCACAAAGCACTAGGATCCCAAC-1","slingPseudotime_2",7.3484904498693,"CD8-41BB","aucell_exhausted_score",0,"exhausted"
"CGCACAAAGCACTAGGATCCCAAC-1","slingPseudotime_2",7.3484904498693,"CD8-41BB","aucell_proliferating_score",0,"proliferating"
"CGCACAAAGCACTAGGATCCCAAC-1","slingPseudotime_2",7.3484904498693,"CD8-41BB","aucell_naive_memory_score",0.414526315789474,"naive_memory"
"CGCACAAAGCACTAGGATCCCAAC-1","slingPseudotime_2",7.3484904498693,"CD8-41BB","aucell_cytotoxic_score",0,"cytotoxic"
"CGCGACACACGCAATAATCCCAAC-1","slingPseudotime_1",20.4660115228465,"CD8-41BB","aucell_exhausted_score",0.0761804458486923,"exhausted"
"CGCGACACACGCAATAATCCCAAC-1","slingPseudotime_1",20.4660115228465,"CD8-41BB","aucell_proliferating_score",0,"proliferating"
"CGCGACACACGCAATAATCCCAAC-1","slingPseudotime_1",20.4660115228465,"CD8-41BB","aucell_naive_memory_score",0,"naive_memory"
"CGCGACACACGCAATAATCCCAAC-1","slingPseudotime_1",20.4660115228465,"CD8-41BB","aucell_cytotoxic_score",0.466561348077936,"cytotoxic"
"CGCGACACACGCAATAATCCCAAC-1","slingPseudotime_2",21.9217799509374,"CD8-41BB","aucell_exhausted_score",0.0761804458486923,"exhausted"
"CGCGACACACGCAATAATCCCAAC-1","slingPseudotime_2",21.9217799509374,"CD8-41BB","aucell_proliferating_score",0,"proliferating"
"CGCGACACACGCAATAATCCCAAC-1","slingPseudotime_2",21.9217799509374,"CD8-41BB","aucell_naive_memory_score",0,"naive_memory"
"CGCGACACACGCAATAATCCCAAC-1","slingPseudotime_2",21.9217799509374,"CD8-41BB","aucell_cytotoxic_score",0.466561348077936,"cytotoxic"
"CGCTACGTCACTAATCATCCCAAC-1","slingPseudotime_1",2.10570013465267,"CD8-41BB","aucell_exhausted_score",0,"exhausted"
"CGCTACGTCACTAATCATCCCAAC-1","slingPseudotime_1",2.10570013465267,"CD8-41BB","aucell_proliferating_score",0.0604210526315789,"proliferating"
"CGCTACGTCACTAATCATCCCAAC-1","slingPseudotime_1",2.10570013465267,"CD8-41BB","aucell_naive_memory_score",0.172842105263158,"naive_memory"
"CGCTACGTCACTAATCATCCCAAC-1","slingPseudotime_1",2.10570013465267,"CD8-41BB","aucell_cytotoxic_score",0.309285588906442,"cytotoxic"
"CGCTACGTCACTAATCATCCCAAC-1","slingPseudotime_2",2.75643340597379,"CD8-41BB","aucell_exhausted_score",0,"exhausted"
"CGCTACGTCACTAATCATCCCAAC-1","slingPseudotime_2",2.75643340597379,"CD8-41BB","aucell_proliferating_score",0.0604210526315789,"proliferating"
"CGCTACGTCACTAATCATCCCAAC-1","slingPseudotime_2",2.75643340597379,"CD8-41BB","aucell_naive_memory_score",0.172842105263158,"naive_memory"
"CGCTACGTCACTAATCATCCCAAC-1","slingPseudotime_2",2.75643340597379,"CD8-41BB","aucell_cytotoxic_score",0.309285588906442,"cytotoxic"
"CGCTACTAGTTACACTATCCCAAC-1","slingPseudotime_1",14.6368630558752,"CD8-41BB","aucell_exhausted_score",0,"exhausted"
"CGCTACTAGTTACACTATCCCAAC-1","slingPseudotime_1",14.6368630558752,"CD8-41BB","aucell_proliferating_score",0,"proliferating"
"CGCTACTAGTTACACTATCCCAAC-1","slingPseudotime_1",14.6368630558752,"CD8-41BB","aucell_naive_memory_score",0.0193684210526316,"naive_memory"
"CGCTACTAGTTACACTATCCCAAC-1","slingPseudotime_1",14.6368630558752,"CD8-41BB","aucell_cytotoxic_score",0.550991750043883,"cytotoxic"
"CGCTACTAGTTACACTATCCCAAC-1","slingPseudotime_2",15.5076441162994,"CD8-41BB","aucell_exhausted_score",0,"exhausted"
"CGCTACTAGTTACACTATCCCAAC-1","slingPseudotime_2",15.5076441162994,"CD8-41BB","aucell_proliferating_score",0,"proliferating"
"CGCTACTAGTTACACTATCCCAAC-1","slingPseudotime_2",15.5076441162994,"CD8-41BB","aucell_naive_memory_score",0.0193684210526316,"naive_memory"
"CGCTACTAGTTACACTATCCCAAC-1","slingPseudotime_2",15.5076441162994,"CD8-41BB","aucell_cytotoxic_score",0.550991750043883,"cytotoxic"
"CGCTTTAAGGTGAATCATCCCAAC-1","slingPseudotime_1",4.32579934748933,"CD8-41BB","aucell_exhausted_score",0.155169387396876,"exhausted"
"CGCTTTAAGGTGAATCATCCCAAC-1","slingPseudotime_1",4.32579934748933,"CD8-41BB","aucell_proliferating_score",0,"proliferating"
"CGCTTTAAGGTGAATCATCCCAAC-1","slingPseudotime_1",4.32579934748933,"CD8-41BB","aucell_naive_memory_score",0.159789473684211,"naive_memory"
"CGCTTTAAGGTGAATCATCCCAAC-1","slingPseudotime_1",4.32579934748933,"CD8-41BB","aucell_cytotoxic_score",0.160961909777076,"cytotoxic"
"CGCTTTAAGGTGAATCATCCCAAC-1","slingPseudotime_2",4.97724565424172,"CD8-41BB","aucell_exhausted_score",0.155169387396876,"exhausted"
"CGCTTTAAGGTGAATCATCCCAAC-1","slingPseudotime_2",4.97724565424172,"CD8-41BB","aucell_proliferating_score",0,"proliferating"
"CGCTTTAAGGTGAATCATCCCAAC-1","slingPseudotime_2",4.97724565424172,"CD8-41BB","aucell_naive_memory_score",0.159789473684211,"naive_memory"
"CGCTTTAAGGTGAATCATCCCAAC-1","slingPseudotime_2",4.97724565424172,"CD8-41BB","aucell_cytotoxic_score",0.160961909777076,"cytotoxic"
"CGGAACCAGGTTGCAGATCCCAAC-1","slingPseudotime_1",23.5529142265752,"CD8-41BB","aucell_exhausted_score",0.44391785150079,"exhausted"
"CGGAACCAGGTTGCAGATCCCAAC-1","slingPseudotime_1",23.5529142265752,"CD8-41BB","aucell_proliferating_score",0,"proliferating"
"CGGAACCAGGTTGCAGATCCCAAC-1","slingPseudotime_1",23.5529142265752,"CD8-41BB","aucell_naive_memory_score",0.0572631578947368,"naive_memory"
"CGGAACCAGGTTGCAGATCCCAAC-1","slingPseudotime_1",23.5529142265752,"CD8-41BB","aucell_cytotoxic_score",0.509390907495173,"cytotoxic"
"CGGAACCAGGTTGCAGATCCCAAC-1","slingPseudotime_2",24.7688158644088,"CD8-41BB","aucell_exhausted_score",0.44391785150079,"exhausted"
"CGGAACCAGGTTGCAGATCCCAAC-1","slingPseudotime_2",24.7688158644088,"CD8-41BB","aucell_proliferating_score",0,"proliferating"
"CGGAACCAGGTTGCAGATCCCAAC-1","slingPseudotime_2",24.7688158644088,"CD8-41BB","aucell_naive_memory_score",0.0572631578947368,"naive_memory"
"CGGAACCAGGTTGCAGATCCCAAC-1","slingPseudotime_2",24.7688158644088,"CD8-41BB","aucell_cytotoxic_score",0.509390907495173,"cytotoxic"
"CGGAACGGTGATCCTGATCCCAAC-1","slingPseudotime_1",4.51517547108077,"CD8-41BB","aucell_exhausted_score",0.0328242934878006,"exhausted"
"CGGAACGGTGATCCTGATCCCAAC-1","slingPseudotime_1",4.51517547108077,"CD8-41BB","aucell_proliferating_score",0,"proliferating"
"CGGAACGGTGATCCTGATCCCAAC-1","slingPseudotime_1",4.51517547108077,"CD8-41BB","aucell_naive_memory_score",0.335789473684211,"naive_memory"
"CGGAACGGTGATCCTGATCCCAAC-1","slingPseudotime_1",4.51517547108077,"CD8-41BB","aucell_cytotoxic_score",0.325083377216079,"cytotoxic"
"CGGAACGGTGATCCTGATCCCAAC-1","slingPseudotime_2",31.0861957696778,"CD8-41BB","aucell_exhausted_score",0.0328242934878006,"exhausted"
"CGGAACGGTGATCCTGATCCCAAC-1","slingPseudotime_2",31.0861957696778,"CD8-41BB","aucell_proliferating_score",0,"proliferating"
"CGGAACGGTGATCCTGATCCCAAC-1","slingPseudotime_2",31.0861957696778,"CD8-41BB","aucell_naive_memory_score",0.335789473684211,"naive_memory"
"CGGAACGGTGATCCTGATCCCAAC-1","slingPseudotime_2",31.0861957696778,"CD8-41BB","aucell_cytotoxic_score",0.325083377216079,"cytotoxic"
"CGGGTTAAGGTGAGAAATCCCAAC-1","slingPseudotime_1",15.2734205254981,"CD8-41BB","aucell_exhausted_score",0.309110057925224,"exhausted"
"CGGGTTAAGGTGAGAAATCCCAAC-1","slingPseudotime_1",15.2734205254981,"CD8-41BB","aucell_proliferating_score",0,"proliferating"
"CGGGTTAAGGTGAGAAATCCCAAC-1","slingPseudotime_1",15.2734205254981,"CD8-41BB","aucell_naive_memory_score",0,"naive_memory"
"CGGGTTAAGGTGAGAAATCCCAAC-1","slingPseudotime_1",15.2734205254981,"CD8-41BB","aucell_cytotoxic_score",0.32104616464806,"cytotoxic"
"CGGGTTAAGGTGAGAAATCCCAAC-1","slingPseudotime_2",15.9765331939153,"CD8-41BB","aucell_exhausted_score",0.309110057925224,"exhausted"
"CGGGTTAAGGTGAGAAATCCCAAC-1","slingPseudotime_2",15.9765331939153,"CD8-41BB","aucell_proliferating_score",0,"proliferating"
"CGGGTTAAGGTGAGAAATCCCAAC-1","slingPseudotime_2",15.9765331939153,"CD8-41BB","aucell_naive_memory_score",0,"naive_memory"
"CGGGTTAAGGTGAGAAATCCCAAC-1","slingPseudotime_2",15.9765331939153,"CD8-41BB","aucell_cytotoxic_score",0.32104616464806,"cytotoxic"
"CGGGTTAAGTCATCATATCCCAAC-1","slingPseudotime_1",17.1197620418731,"CD8-41BB","aucell_exhausted_score",0.084430401965947,"exhausted"
"CGGGTTAAGTCATCATATCCCAAC-1","slingPseudotime_1",17.1197620418731,"CD8-41BB","aucell_proliferating_score",0,"proliferating"
"CGGGTTAAGTCATCATATCCCAAC-1","slingPseudotime_1",17.1197620418731,"CD8-41BB","aucell_naive_memory_score",0,"naive_memory"
"CGGGTTAAGTCATCATATCCCAAC-1","slingPseudotime_1",17.1197620418731,"CD8-41BB","aucell_cytotoxic_score",0.494119712129191,"cytotoxic"
"CGGGTTAAGTCATCATATCCCAAC-1","slingPseudotime_2",18.6076494559829,"CD8-41BB","aucell_exhausted_score",0.084430401965947,"exhausted"
"CGGGTTAAGTCATCATATCCCAAC-1","slingPseudotime_2",18.6076494559829,"CD8-41BB","aucell_proliferating_score",0,"proliferating"
"CGGGTTAAGTCATCATATCCCAAC-1","slingPseudotime_2",18.6076494559829,"CD8-41BB","aucell_naive_memory_score",0,"naive_memory"
"CGGGTTAAGTCATCATATCCCAAC-1","slingPseudotime_2",18.6076494559829,"CD8-41BB","aucell_cytotoxic_score",0.494119712129191,"cytotoxic"
"CGGTGTGCAAAGGGATATCCCAAC-1","slingPseudotime_1",5.57467343144723,"CD8-41BB","aucell_exhausted_score",0.0967175706512199,"exhausted"
"CGGTGTGCAAAGGGATATCCCAAC-1","slingPseudotime_1",5.57467343144723,"CD8-41BB","aucell_proliferating_score",0,"proliferating"
"CGGTGTGCAAAGGGATATCCCAAC-1","slingPseudotime_1",5.57467343144723,"CD8-41BB","aucell_naive_memory_score",0.200421052631579,"naive_memory"
"CGGTGTGCAAAGGGATATCCCAAC-1","slingPseudotime_1",5.57467343144723,"CD8-41BB","aucell_cytotoxic_score",0.327014218009479,"cytotoxic"
"CGGTGTGCAAAGGGATATCCCAAC-1","slingPseudotime_2",29.3348689434435,"CD8-41BB","aucell_exhausted_score",0.0967175706512199,"exhausted"
"CGGTGTGCAAAGGGATATCCCAAC-1","slingPseudotime_2",29.3348689434435,"CD8-41BB","aucell_proliferating_score",0,"proliferating"
"CGGTGTGCAAAGGGATATCCCAAC-1","slingPseudotime_2",29.3348689434435,"CD8-41BB","aucell_naive_memory_score",0.200421052631579,"naive_memory"
"CGGTGTGCAAAGGGATATCCCAAC-1","slingPseudotime_2",29.3348689434435,"CD8-41BB","aucell_cytotoxic_score",0.327014218009479,"cytotoxic"
"CGTAAGTAGCCTAAGGATCCCAAC-1","slingPseudotime_1",3.57741374482477,"CD8-41BB","aucell_exhausted_score",0,"exhausted"
"CGTAAGTAGCCTAAGGATCCCAAC-1","slingPseudotime_1",3.57741374482477,"CD8-41BB","aucell_proliferating_score",0,"proliferating"
"CGTAAGTAGCCTAAGGATCCCAAC-1","slingPseudotime_1",3.57741374482477,"CD8-41BB","aucell_naive_memory_score",0.354315789473684,"naive_memory"
"CGTAAGTAGCCTAAGGATCCCAAC-1","slingPseudotime_1",3.57741374482477,"CD8-41BB","aucell_cytotoxic_score",0.177637352992803,"cytotoxic"
"CGTAAGTAGCCTAAGGATCCCAAC-1","slingPseudotime_2",4.22982716819029,"CD8-41BB","aucell_exhausted_score",0,"exhausted"
"CGTAAGTAGCCTAAGGATCCCAAC-1","slingPseudotime_2",4.22982716819029,"CD8-41BB","aucell_proliferating_score",0,"proliferating"
"CGTAAGTAGCCTAAGGATCCCAAC-1","slingPseudotime_2",4.22982716819029,"CD8-41BB","aucell_naive_memory_score",0.354315789473684,"naive_memory"
"CGTAAGTAGCCTAAGGATCCCAAC-1","slingPseudotime_2",4.22982716819029,"CD8-41BB","aucell_cytotoxic_score",0.177637352992803,"cytotoxic"
"CGTAATTTCACCTTTCATCCCAAC-1","slingPseudotime_1",27.0693503823492,"CD8-41BB","aucell_exhausted_score",0.113744075829384,"exhausted"
"CGTAATTTCACCTTTCATCCCAAC-1","slingPseudotime_1",27.0693503823492,"CD8-41BB","aucell_proliferating_score",0,"proliferating"
"CGTAATTTCACCTTTCATCCCAAC-1","slingPseudotime_1",27.0693503823492,"CD8-41BB","aucell_naive_memory_score",0.184421052631579,"naive_memory"
"CGTAATTTCACCTTTCATCCCAAC-1","slingPseudotime_1",27.0693503823492,"CD8-41BB","aucell_cytotoxic_score",0.325609970159733,"cytotoxic"
"CGTAATTTCACCTTTCATCCCAAC-1","slingPseudotime_2",25.9499767993902,"CD8-41BB","aucell_exhausted_score",0.113744075829384,"exhausted"
"CGTAATTTCACCTTTCATCCCAAC-1","slingPseudotime_2",25.9499767993902,"CD8-41BB","aucell_proliferating_score",0,"proliferating"
"CGTAATTTCACCTTTCATCCCAAC-1","slingPseudotime_2",25.9499767993902,"CD8-41BB","aucell_naive_memory_score",0.184421052631579,"naive_memory"
"CGTAATTTCACCTTTCATCCCAAC-1","slingPseudotime_2",25.9499767993902,"CD8-41BB","aucell_cytotoxic_score",0.325609970159733,"cytotoxic"
"CGTACGTTCCCTGGATATCCCAAC-1","slingPseudotime_1",17.9639498702105,"CD8-41BB","aucell_exhausted_score",0.39845532736528,"exhausted"
"CGTACGTTCCCTGGATATCCCAAC-1","slingPseudotime_1",17.9639498702105,"CD8-41BB","aucell_proliferating_score",0,"proliferating"
"CGTACGTTCCCTGGATATCCCAAC-1","slingPseudotime_1",17.9639498702105,"CD8-41BB","aucell_naive_memory_score",0,"naive_memory"
"CGTACGTTCCCTGGATATCCCAAC-1","slingPseudotime_1",17.9639498702105,"CD8-41BB","aucell_cytotoxic_score",0,"cytotoxic"
"CGTACGTTCCCTGGATATCCCAAC-1","slingPseudotime_2",17.9307276077172,"CD8-41BB","aucell_exhausted_score",0.39845532736528,"exhausted"
"CGTACGTTCCCTGGATATCCCAAC-1","slingPseudotime_2",17.9307276077172,"CD8-41BB","aucell_proliferating_score",0,"proliferating"
"CGTACGTTCCCTGGATATCCCAAC-1","slingPseudotime_2",17.9307276077172,"CD8-41BB","aucell_naive_memory_score",0,"naive_memory"
"CGTACGTTCCCTGGATATCCCAAC-1","slingPseudotime_2",17.9307276077172,"CD8-41BB","aucell_cytotoxic_score",0,"cytotoxic"
"CGTACTTCAGGAGCAAATCCCAAC-1","slingPseudotime_1",16.4440417714172,"CD8-41BB","aucell_exhausted_score",0.443040196594699,"exhausted"
"CGTACTTCAGGAGCAAATCCCAAC-1","slingPseudotime_1",16.4440417714172,"CD8-41BB","aucell_proliferating_score",0,"proliferating"
"CGTACTTCAGGAGCAAATCCCAAC-1","slingPseudotime_1",16.4440417714172,"CD8-41BB","aucell_naive_memory_score",0.146526315789474,"naive_memory"
"CGTACTTCAGGAGCAAATCCCAAC-1","slingPseudotime_1",16.4440417714172,"CD8-41BB","aucell_cytotoxic_score",0.323854660347551,"cytotoxic"
"CGTACTTCAGGAGCAAATCCCAAC-1","slingPseudotime_2",17.5505185111741,"CD8-41BB","aucell_exhausted_score",0.443040196594699,"exhausted"
"CGTACTTCAGGAGCAAATCCCAAC-1","slingPseudotime_2",17.5505185111741,"CD8-41BB","aucell_proliferating_score",0,"proliferating"
"CGTACTTCAGGAGCAAATCCCAAC-1","slingPseudotime_2",17.5505185111741,"CD8-41BB","aucell_naive_memory_score",0.146526315789474,"naive_memory"
"CGTACTTCAGGAGCAAATCCCAAC-1","slingPseudotime_2",17.5505185111741,"CD8-41BB","aucell_cytotoxic_score",0.323854660347551,"cytotoxic"
"CGTAGCGCATAACCGAATCCCAAC-1","slingPseudotime_1",20.6951120596046,"CD8-41BB","aucell_exhausted_score",0.245567842724241,"exhausted"
"CGTAGCGCATAACCGAATCCCAAC-1","slingPseudotime_1",20.6951120596046,"CD8-41BB","aucell_proliferating_score",0,"proliferating"
"CGTAGCGCATAACCGAATCCCAAC-1","slingPseudotime_1",20.6951120596046,"CD8-41BB","aucell_naive_memory_score",0.253052631578947,"naive_memory"
"CGTAGCGCATAACCGAATCCCAAC-1","slingPseudotime_1",20.6951120596046,"CD8-41BB","aucell_cytotoxic_score",0.0724942952431104,"cytotoxic"
"CGTAGCGCATAACCGAATCCCAAC-1","slingPseudotime_2",29.1484783624965,"CD8-41BB","aucell_exhausted_score",0.245567842724241,"exhausted"
"CGTAGCGCATAACCGAATCCCAAC-1","slingPseudotime_2",29.1484783624965,"CD8-41BB","aucell_proliferating_score",0,"proliferating"
"CGTAGCGCATAACCGAATCCCAAC-1","slingPseudotime_2",29.1484783624965,"CD8-41BB","aucell_naive_memory_score",0.253052631578947,"naive_memory"
"CGTAGCGCATAACCGAATCCCAAC-1","slingPseudotime_2",29.1484783624965,"CD8-41BB","aucell_cytotoxic_score",0.0724942952431104,"cytotoxic"
"CGTCATTCAATAGAAGATCCCAAC-1","slingPseudotime_1",4.84328212444381,"CD8-41BB","aucell_exhausted_score",0,"exhausted"
"CGTCATTCAATAGAAGATCCCAAC-1","slingPseudotime_1",4.84328212444381,"CD8-41BB","aucell_proliferating_score",0,"proliferating"
"CGTCATTCAATAGAAGATCCCAAC-1","slingPseudotime_1",4.84328212444381,"CD8-41BB","aucell_naive_memory_score",0.0882105263157895,"naive_memory"
"CGTCATTCAATAGAAGATCCCAAC-1","slingPseudotime_1",4.84328212444381,"CD8-41BB","aucell_cytotoxic_score",0.153238546603476,"cytotoxic"
"CGTCATTCAATAGAAGATCCCAAC-1","slingPseudotime_2",5.48550544391763,"CD8-41BB","aucell_exhausted_score",0,"exhausted"
"CGTCATTCAATAGAAGATCCCAAC-1","slingPseudotime_2",5.48550544391763,"CD8-41BB","aucell_proliferating_score",0,"proliferating"
"CGTCATTCAATAGAAGATCCCAAC-1","slingPseudotime_2",5.48550544391763,"CD8-41BB","aucell_naive_memory_score",0.0882105263157895,"naive_memory"
"CGTCATTCAATAGAAGATCCCAAC-1","slingPseudotime_2",5.48550544391763,"CD8-41BB","aucell_cytotoxic_score",0.153238546603476,"cytotoxic"
"CGTGCGTGTTGGAGCGATCCCAAC-1","slingPseudotime_1",16.4440417714172,"CD8-41BB","aucell_exhausted_score",0,"exhausted"
"CGTGCGTGTTGGAGCGATCCCAAC-1","slingPseudotime_1",16.4440417714172,"CD8-41BB","aucell_proliferating_score",0,"proliferating"
"CGTGCGTGTTGGAGCGATCCCAAC-1","slingPseudotime_1",16.4440417714172,"CD8-41BB","aucell_naive_memory_score",0,"naive_memory"
"CGTGCGTGTTGGAGCGATCCCAAC-1","slingPseudotime_1",16.4440417714172,"CD8-41BB","aucell_cytotoxic_score",0.145339652448657,"cytotoxic"
"CGTGCGTGTTGGAGCGATCCCAAC-1","slingPseudotime_2",17.5241491532304,"CD8-41BB","aucell_exhausted_score",0,"exhausted"
"CGTGCGTGTTGGAGCGATCCCAAC-1","slingPseudotime_2",17.5241491532304,"CD8-41BB","aucell_proliferating_score",0,"proliferating"
"CGTGCGTGTTGGAGCGATCCCAAC-1","slingPseudotime_2",17.5241491532304,"CD8-41BB","aucell_naive_memory_score",0,"naive_memory"
"CGTGCGTGTTGGAGCGATCCCAAC-1","slingPseudotime_2",17.5241491532304,"CD8-41BB","aucell_cytotoxic_score",0.145339652448657,"cytotoxic"
"CGTGTTTCACTAGTCTATCCCAAC-1","slingPseudotime_1",22.5241537551408,"CD8-41BB","aucell_exhausted_score",0.393189397928734,"exhausted"
"CGTGTTTCACTAGTCTATCCCAAC-1","slingPseudotime_1",22.5241537551408,"CD8-41BB","aucell_proliferating_score",0,"proliferating"
"CGTGTTTCACTAGTCTATCCCAAC-1","slingPseudotime_1",22.5241537551408,"CD8-41BB","aucell_naive_memory_score",0,"naive_memory"
"CGTGTTTCACTAGTCTATCCCAAC-1","slingPseudotime_1",22.5241537551408,"CD8-41BB","aucell_cytotoxic_score",0.312620677549588,"cytotoxic"
"CGTGTTTCACTAGTCTATCCCAAC-1","slingPseudotime_2",24.3665100889951,"CD8-41BB","aucell_exhausted_score",0.393189397928734,"exhausted"
"CGTGTTTCACTAGTCTATCCCAAC-1","slingPseudotime_2",24.3665100889951,"CD8-41BB","aucell_proliferating_score",0,"proliferating"
"CGTGTTTCACTAGTCTATCCCAAC-1","slingPseudotime_2",24.3665100889951,"CD8-41BB","aucell_naive_memory_score",0,"naive_memory"
"CGTGTTTCACTAGTCTATCCCAAC-1","slingPseudotime_2",24.3665100889951,"CD8-41BB","aucell_cytotoxic_score",0.312620677549588,"cytotoxic"
"CGTTCGTAGCATGTGGATCCCAAC-1","slingPseudotime_1",18.2146383000019,"CD8-41BB","aucell_exhausted_score",0.128313147270493,"exhausted"
"CGTTCGTAGCATGTGGATCCCAAC-1","slingPseudotime_1",18.2146383000019,"CD8-41BB","aucell_proliferating_score",0,"proliferating"
"CGTTCGTAGCATGTGGATCCCAAC-1","slingPseudotime_1",18.2146383000019,"CD8-41BB","aucell_naive_memory_score",0.0612631578947368,"naive_memory"
"CGTTCGTAGCATGTGGATCCCAAC-1","slingPseudotime_1",18.2146383000019,"CD8-41BB","aucell_cytotoxic_score",0.445146568369317,"cytotoxic"
"CGTTCGTAGCATGTGGATCCCAAC-1","slingPseudotime_2",29.5421932040567,"CD8-41BB","aucell_exhausted_score",0.128313147270493,"exhausted"
"CGTTCGTAGCATGTGGATCCCAAC-1","slingPseudotime_2",29.5421932040567,"CD8-41BB","aucell_proliferating_score",0,"proliferating"
"CGTTCGTAGCATGTGGATCCCAAC-1","slingPseudotime_2",29.5421932040567,"CD8-41BB","aucell_naive_memory_score",0.0612631578947368,"naive_memory"
"CGTTCGTAGCATGTGGATCCCAAC-1","slingPseudotime_2",29.5421932040567,"CD8-41BB","aucell_cytotoxic_score",0.445146568369317,"cytotoxic"
"CGTTTGGGTACGAATGATCCCAAC-1","slingPseudotime_1",22.3662683696568,"CD8-41BB","aucell_exhausted_score",0.181499034579603,"exhausted"
"CGTTTGGGTACGAATGATCCCAAC-1","slingPseudotime_1",22.3662683696568,"CD8-41BB","aucell_proliferating_score",0,"proliferating"
"CGTTTGGGTACGAATGATCCCAAC-1","slingPseudotime_1",22.3662683696568,"CD8-41BB","aucell_naive_memory_score",0.0107368421052632,"naive_memory"
"CGTTTGGGTACGAATGATCCCAAC-1","slingPseudotime_1",22.3662683696568,"CD8-41BB","aucell_cytotoxic_score",0.470071967702299,"cytotoxic"
"CGTTTGGGTACGAATGATCCCAAC-1","slingPseudotime_2",28.8708790713724,"CD8-41BB","aucell_exhausted_score",0.181499034579603,"exhausted"
"CGTTTGGGTACGAATGATCCCAAC-1","slingPseudotime_2",28.8708790713724,"CD8-41BB","aucell_proliferating_score",0,"proliferating"
"CGTTTGGGTACGAATGATCCCAAC-1","slingPseudotime_2",28.8708790713724,"CD8-41BB","aucell_naive_memory_score",0.0107368421052632,"naive_memory"
"CGTTTGGGTACGAATGATCCCAAC-1","slingPseudotime_2",28.8708790713724,"CD8-41BB","aucell_cytotoxic_score",0.470071967702299,"cytotoxic"
"CTAAATGAGTTTGGTTATCCCAAC-1","slingPseudotime_1",15.7694742383705,"CD8-41BB","aucell_exhausted_score",0,"exhausted"
"CTAAATGAGTTTGGTTATCCCAAC-1","slingPseudotime_1",15.7694742383705,"CD8-41BB","aucell_proliferating_score",0,"proliferating"
"CTAAATGAGTTTGGTTATCCCAAC-1","slingPseudotime_1",15.7694742383705,"CD8-41BB","aucell_naive_memory_score",0.186736842105263,"naive_memory"
"CTAAATGAGTTTGGTTATCCCAAC-1","slingPseudotime_1",15.7694742383705,"CD8-41BB","aucell_cytotoxic_score",0.497630331753554,"cytotoxic"
"CTAAATGAGTTTGGTTATCCCAAC-1","slingPseudotime_2",16.6467915118013,"CD8-41BB","aucell_exhausted_score",0,"exhausted"
"CTAAATGAGTTTGGTTATCCCAAC-1","slingPseudotime_2",16.6467915118013,"CD8-41BB","aucell_proliferating_score",0,"proliferating"
"CTAAATGAGTTTGGTTATCCCAAC-1","slingPseudotime_2",16.6467915118013,"CD8-41BB","aucell_naive_memory_score",0.186736842105263,"naive_memory"
"CTAAATGAGTTTGGTTATCCCAAC-1","slingPseudotime_2",16.6467915118013,"CD8-41BB","aucell_cytotoxic_score",0.497630331753554,"cytotoxic"
"CTAACCATCGATTATCATCCCAAC-1","slingPseudotime_1",10.8681594403607,"CD8-41BB","aucell_exhausted_score",0,"exhausted"
"CTAACCATCGATTATCATCCCAAC-1","slingPseudotime_1",10.8681594403607,"CD8-41BB","aucell_proliferating_score",0,"proliferating"
"CTAACCATCGATTATCATCCCAAC-1","slingPseudotime_1",10.8681594403607,"CD8-41BB","aucell_naive_memory_score",0,"naive_memory"
"CTAACCATCGATTATCATCCCAAC-1","slingPseudotime_1",10.8681594403607,"CD8-41BB","aucell_cytotoxic_score",0.440758293838863,"cytotoxic"
"CTAACCATCGATTATCATCCCAAC-1","slingPseudotime_2",30.8431280794299,"CD8-41BB","aucell_exhausted_score",0,"exhausted"
"CTAACCATCGATTATCATCCCAAC-1","slingPseudotime_2",30.8431280794299,"CD8-41BB","aucell_proliferating_score",0,"proliferating"
"CTAACCATCGATTATCATCCCAAC-1","slingPseudotime_2",30.8431280794299,"CD8-41BB","aucell_naive_memory_score",0,"naive_memory"
"CTAACCATCGATTATCATCCCAAC-1","slingPseudotime_2",30.8431280794299,"CD8-41BB","aucell_cytotoxic_score",0.440758293838863,"cytotoxic"
"CTAAGTAAGAGGATGAATCCCAAC-1","slingPseudotime_1",25.0941084755939,"CD8-41BB","aucell_exhausted_score",0.16535018430753,"exhausted"
"CTAAGTAAGAGGATGAATCCCAAC-1","slingPseudotime_1",25.0941084755939,"CD8-41BB","aucell_proliferating_score",0,"proliferating"
"CTAAGTAAGAGGATGAATCCCAAC-1","slingPseudotime_1",25.0941084755939,"CD8-41BB","aucell_naive_memory_score",0.138736842105263,"naive_memory"
"CTAAGTAAGAGGATGAATCCCAAC-1","slingPseudotime_1",25.0941084755939,"CD8-41BB","aucell_cytotoxic_score",0.144988590486221,"cytotoxic"
"CTAAGTAAGAGGATGAATCCCAAC-1","slingPseudotime_2",28.1572846530271,"CD8-41BB","aucell_exhausted_score",0.16535018430753,"exhausted"
"CTAAGTAAGAGGATGAATCCCAAC-1","slingPseudotime_2",28.1572846530271,"CD8-41BB","aucell_proliferating_score",0,"proliferating"
"CTAAGTAAGAGGATGAATCCCAAC-1","slingPseudotime_2",28.1572846530271,"CD8-41BB","aucell_naive_memory_score",0.138736842105263,"naive_memory"
"CTAAGTAAGAGGATGAATCCCAAC-1","slingPseudotime_2",28.1572846530271,"CD8-41BB","aucell_cytotoxic_score",0.144988590486221,"cytotoxic"
"CTAAGTAAGCTAAATGATCCCAAC-1","slingPseudotime_1",10.1766057844528,"CD8-41BB","aucell_exhausted_score",0,"exhausted"
"CTAAGTAAGCTAAATGATCCCAAC-1","slingPseudotime_1",10.1766057844528,"CD8-41BB","aucell_proliferating_score",0,"proliferating"
"CTAAGTAAGCTAAATGATCCCAAC-1","slingPseudotime_1",10.1766057844528,"CD8-41BB","aucell_naive_memory_score",0.444842105263158,"naive_memory"
"CTAAGTAAGCTAAATGATCCCAAC-1","slingPseudotime_1",10.1766057844528,"CD8-41BB","aucell_cytotoxic_score",0.0788134105669651,"cytotoxic"
"CTAAGTAAGCTAAATGATCCCAAC-1","slingPseudotime_2",10.9614962662611,"CD8-41BB","aucell_exhausted_score",0,"exhausted"
"CTAAGTAAGCTAAATGATCCCAAC-1","slingPseudotime_2",10.9614962662611,"CD8-41BB","aucell_proliferating_score",0,"proliferating"
"CTAAGTAAGCTAAATGATCCCAAC-1","slingPseudotime_2",10.9614962662611,"CD8-41BB","aucell_naive_memory_score",0.444842105263158,"naive_memory"
"CTAAGTAAGCTAAATGATCCCAAC-1","slingPseudotime_2",10.9614962662611,"CD8-41BB","aucell_cytotoxic_score",0.0788134105669651,"cytotoxic"
"CTAATGCGTTGAATCCATCCCAAC-1","slingPseudotime_1",74.6715521642203,"CD8-41BB","aucell_exhausted_score",0,"exhausted"
"CTAATGCGTTGAATCCATCCCAAC-1","slingPseudotime_1",74.6715521642203,"CD8-41BB","aucell_proliferating_score",0.702947368421053,"proliferating"
"CTAATGCGTTGAATCCATCCCAAC-1","slingPseudotime_1",74.6715521642203,"CD8-41BB","aucell_naive_memory_score",0.0212631578947368,"naive_memory"
"CTAATGCGTTGAATCCATCCCAAC-1","slingPseudotime_1",74.6715521642203,"CD8-41BB","aucell_cytotoxic_score",0.613305248376338,"cytotoxic"
"CTACCTAAGAGGAGGTATCCCAAC-1","slingPseudotime_1",25.8008835479976,"CD8-41BB","aucell_exhausted_score",0.319817447779533,"exhausted"
"CTACCTAAGAGGAGGTATCCCAAC-1","slingPseudotime_1",25.8008835479976,"CD8-41BB","aucell_proliferating_score",0,"proliferating"
"CTACCTAAGAGGAGGTATCCCAAC-1","slingPseudotime_1",25.8008835479976,"CD8-41BB","aucell_naive_memory_score",0.0517894736842105,"naive_memory"
"CTACCTAAGAGGAGGTATCCCAAC-1","slingPseudotime_1",25.8008835479976,"CD8-41BB","aucell_cytotoxic_score",0.331929085483588,"cytotoxic"
"CTACCTAAGAGGAGGTATCCCAAC-1","slingPseudotime_2",25.3790779610897,"CD8-41BB","aucell_exhausted_score",0.319817447779533,"exhausted"
"CTACCTAAGAGGAGGTATCCCAAC-1","slingPseudotime_2",25.3790779610897,"CD8-41BB","aucell_proliferating_score",0,"proliferating"
"CTACCTAAGAGGAGGTATCCCAAC-1","slingPseudotime_2",25.3790779610897,"CD8-41BB","aucell_naive_memory_score",0.0517894736842105,"naive_memory"
"CTACCTAAGAGGAGGTATCCCAAC-1","slingPseudotime_2",25.3790779610897,"CD8-41BB","aucell_cytotoxic_score",0.331929085483588,"cytotoxic"
"CTACCTAAGATGGATCATCCCAAC-1","slingPseudotime_1",48.6190972270011,"CD8-41BB","aucell_exhausted_score",0.149201334035457,"exhausted"
"CTACCTAAGATGGATCATCCCAAC-1","slingPseudotime_1",48.6190972270011,"CD8-41BB","aucell_proliferating_score",0.470315789473684,"proliferating"
"CTACCTAAGATGGATCATCCCAAC-1","slingPseudotime_1",48.6190972270011,"CD8-41BB","aucell_naive_memory_score",0,"naive_memory"
"CTACCTAAGATGGATCATCCCAAC-1","slingPseudotime_1",48.6190972270011,"CD8-41BB","aucell_cytotoxic_score",0.146568369317184,"cytotoxic"
"CTACTGATCGCTCAACATCCCAAC-1","slingPseudotime_1",52.4612407216033,"CD8-41BB","aucell_exhausted_score",0.5009654203967,"exhausted"
"CTACTGATCGCTCAACATCCCAAC-1","slingPseudotime_1",52.4612407216033,"CD8-41BB","aucell_proliferating_score",0.509894736842105,"proliferating"
"CTACTGATCGCTCAACATCCCAAC-1","slingPseudotime_1",52.4612407216033,"CD8-41BB","aucell_naive_memory_score",0,"naive_memory"
"CTACTGATCGCTCAACATCCCAAC-1","slingPseudotime_1",52.4612407216033,"CD8-41BB","aucell_cytotoxic_score",0.292259083728278,"cytotoxic"
"CTACTGGGTTAGTGCTATCCCAAC-1","slingPseudotime_1",20.7325054785865,"CD8-41BB","aucell_exhausted_score",0.158680007021239,"exhausted"
"CTACTGGGTTAGTGCTATCCCAAC-1","slingPseudotime_1",20.7325054785865,"CD8-41BB","aucell_proliferating_score",0,"proliferating"
"CTACTGGGTTAGTGCTATCCCAAC-1","slingPseudotime_1",20.7325054785865,"CD8-41BB","aucell_naive_memory_score",0.0688421052631579,"naive_memory"
"CTACTGGGTTAGTGCTATCCCAAC-1","slingPseudotime_1",20.7325054785865,"CD8-41BB","aucell_cytotoxic_score",0,"cytotoxic"
"CTACTGGGTTAGTGCTATCCCAAC-1","slingPseudotime_2",29.4337939632775,"CD8-41BB","aucell_exhausted_score",0.158680007021239,"exhausted"
"CTACTGGGTTAGTGCTATCCCAAC-1","slingPseudotime_2",29.4337939632775,"CD8-41BB","aucell_proliferating_score",0,"proliferating"
"CTACTGGGTTAGTGCTATCCCAAC-1","slingPseudotime_2",29.4337939632775,"CD8-41BB","aucell_naive_memory_score",0.0688421052631579,"naive_memory"
"CTACTGGGTTAGTGCTATCCCAAC-1","slingPseudotime_2",29.4337939632775,"CD8-41BB","aucell_cytotoxic_score",0,"cytotoxic"
"CTAGATAAGACTTAAGATCCCAAC-1","slingPseudotime_1",14.6314625292545,"CD8-41BB","aucell_exhausted_score",0.154467263472003,"exhausted"
"CTAGATAAGACTTAAGATCCCAAC-1","slingPseudotime_1",14.6314625292545,"CD8-41BB","aucell_proliferating_score",0,"proliferating"
"CTAGATAAGACTTAAGATCCCAAC-1","slingPseudotime_1",14.6314625292545,"CD8-41BB","aucell_naive_memory_score",0,"naive_memory"
"CTAGATAAGACTTAAGATCCCAAC-1","slingPseudotime_1",14.6314625292545,"CD8-41BB","aucell_cytotoxic_score",0.331578023521152,"cytotoxic"
"CTAGATAAGACTTAAGATCCCAAC-1","slingPseudotime_2",15.5733204092834,"CD8-41BB","aucell_exhausted_score",0.154467263472003,"exhausted"
"CTAGATAAGACTTAAGATCCCAAC-1","slingPseudotime_2",15.5733204092834,"CD8-41BB","aucell_proliferating_score",0,"proliferating"
"CTAGATAAGACTTAAGATCCCAAC-1","slingPseudotime_2",15.5733204092834,"CD8-41BB","aucell_naive_memory_score",0,"naive_memory"
"CTAGATAAGACTTAAGATCCCAAC-1","slingPseudotime_2",15.5733204092834,"CD8-41BB","aucell_cytotoxic_score",0.331578023521152,"cytotoxic"
"CTATGTTAGATTATCCATCCCAAC-1","slingPseudotime_1",24.0377122710195,"CD8-41BB","aucell_exhausted_score",0,"exhausted"
"CTATGTTAGATTATCCATCCCAAC-1","slingPseudotime_1",24.0377122710195,"CD8-41BB","aucell_proliferating_score",0,"proliferating"
"CTATGTTAGATTATCCATCCCAAC-1","slingPseudotime_1",24.0377122710195,"CD8-41BB","aucell_naive_memory_score",0.184842105263158,"naive_memory"
"CTATGTTAGATTATCCATCCCAAC-1","slingPseudotime_1",24.0377122710195,"CD8-41BB","aucell_cytotoxic_score",0,"cytotoxic"
"CTATGTTAGATTATCCATCCCAAC-1","slingPseudotime_2",28.1847607215359,"CD8-41BB","aucell_exhausted_score",0,"exhausted"
"CTATGTTAGATTATCCATCCCAAC-1","slingPseudotime_2",28.1847607215359,"CD8-41BB","aucell_proliferating_score",0,"proliferating"
"CTATGTTAGATTATCCATCCCAAC-1","slingPseudotime_2",28.1847607215359,"CD8-41BB","aucell_naive_memory_score",0.184842105263158,"naive_memory"
"CTATGTTAGATTATCCATCCCAAC-1","slingPseudotime_2",28.1847607215359,"CD8-41BB","aucell_cytotoxic_score",0,"cytotoxic"
"CTATTACAGACTAATGATCCCAAC-1","slingPseudotime_1",10.1755105213905,"CD8-41BB","aucell_exhausted_score",0,"exhausted"
"CTATTACAGACTAATGATCCCAAC-1","slingPseudotime_1",10.1755105213905,"CD8-41BB","aucell_proliferating_score",0,"proliferating"
"CTATTACAGACTAATGATCCCAAC-1","slingPseudotime_1",10.1755105213905,"CD8-41BB","aucell_naive_memory_score",0.468,"naive_memory"
"CTATTACAGACTAATGATCCCAAC-1","slingPseudotime_1",10.1755105213905,"CD8-41BB","aucell_cytotoxic_score",0,"cytotoxic"
"CTATTACAGACTAATGATCCCAAC-1","slingPseudotime_2",10.9104007445131,"CD8-41BB","aucell_exhausted_score",0,"exhausted"
"CTATTACAGACTAATGATCCCAAC-1","slingPseudotime_2",10.9104007445131,"CD8-41BB","aucell_proliferating_score",0,"proliferating"
"CTATTACAGACTAATGATCCCAAC-1","slingPseudotime_2",10.9104007445131,"CD8-41BB","aucell_naive_memory_score",0.468,"naive_memory"
"CTATTACAGACTAATGATCCCAAC-1","slingPseudotime_2",10.9104007445131,"CD8-41BB","aucell_cytotoxic_score",0,"cytotoxic"
"CTCAAATTCCACAACCATCCCAAC-1","slingPseudotime_1",18.4735737644209,"CD8-41BB","aucell_exhausted_score",0.125153589608566,"exhausted"
"CTCAAATTCCACAACCATCCCAAC-1","slingPseudotime_1",18.4735737644209,"CD8-41BB","aucell_proliferating_score",0,"proliferating"
"CTCAAATTCCACAACCATCCCAAC-1","slingPseudotime_1",18.4735737644209,"CD8-41BB","aucell_naive_memory_score",0.0254736842105263,"naive_memory"
"CTCAAATTCCACAACCATCCCAAC-1","slingPseudotime_1",18.4735737644209,"CD8-41BB","aucell_cytotoxic_score",0.358434263647534,"cytotoxic"
"CTCAAATTCCACAACCATCCCAAC-1","slingPseudotime_2",20.2285765805799,"CD8-41BB","aucell_exhausted_score",0.125153589608566,"exhausted"
"CTCAAATTCCACAACCATCCCAAC-1","slingPseudotime_2",20.2285765805799,"CD8-41BB","aucell_proliferating_score",0,"proliferating"
"CTCAAATTCCACAACCATCCCAAC-1","slingPseudotime_2",20.2285765805799,"CD8-41BB","aucell_naive_memory_score",0.0254736842105263,"naive_memory"
"CTCAAATTCCACAACCATCCCAAC-1","slingPseudotime_2",20.2285765805799,"CD8-41BB","aucell_cytotoxic_score",0.358434263647534,"cytotoxic"
"CTCAACATCATTGAGAATCCCAAC-1","slingPseudotime_1",23.0751036574506,"CD8-41BB","aucell_exhausted_score",0,"exhausted"
"CTCAACATCATTGAGAATCCCAAC-1","slingPseudotime_1",23.0751036574506,"CD8-41BB","aucell_proliferating_score",0,"proliferating"
"CTCAACATCATTGAGAATCCCAAC-1","slingPseudotime_1",23.0751036574506,"CD8-41BB","aucell_naive_memory_score",0,"naive_memory"
"CTCAACATCATTGAGAATCCCAAC-1","slingPseudotime_1",23.0751036574506,"CD8-41BB","aucell_cytotoxic_score",0.654555028962612,"cytotoxic"
"CTCAACATCATTGAGAATCCCAAC-1","slingPseudotime_2",23.9513609706398,"CD8-41BB","aucell_exhausted_score",0,"exhausted"
"CTCAACATCATTGAGAATCCCAAC-1","slingPseudotime_2",23.9513609706398,"CD8-41BB","aucell_proliferating_score",0,"proliferating"
"CTCAACATCATTGAGAATCCCAAC-1","slingPseudotime_2",23.9513609706398,"CD8-41BB","aucell_naive_memory_score",0,"naive_memory"
"CTCAACATCATTGAGAATCCCAAC-1","slingPseudotime_2",23.9513609706398,"CD8-41BB","aucell_cytotoxic_score",0.654555028962612,"cytotoxic"
"CTCAAGACAGTGAGGAATCCCAAC-1","slingPseudotime_1",22.1949685982178,"CD8-41BB","aucell_exhausted_score",0.165174653326312,"exhausted"
"CTCAAGACAGTGAGGAATCCCAAC-1","slingPseudotime_1",22.1949685982178,"CD8-41BB","aucell_proliferating_score",0.0214736842105263,"proliferating"
"CTCAAGACAGTGAGGAATCCCAAC-1","slingPseudotime_1",22.1949685982178,"CD8-41BB","aucell_naive_memory_score",0,"naive_memory"
"CTCAAGACAGTGAGGAATCCCAAC-1","slingPseudotime_1",22.1949685982178,"CD8-41BB","aucell_cytotoxic_score",0.211163770405477,"cytotoxic"
"CTCAAGACAGTGAGGAATCCCAAC-1","slingPseudotime_2",30.0127737773744,"CD8-41BB","aucell_exhausted_score",0.165174653326312,"exhausted"
"CTCAAGACAGTGAGGAATCCCAAC-1","slingPseudotime_2",30.0127737773744,"CD8-41BB","aucell_proliferating_score",0.0214736842105263,"proliferating"
"CTCAAGACAGTGAGGAATCCCAAC-1","slingPseudotime_2",30.0127737773744,"CD8-41BB","aucell_naive_memory_score",0,"naive_memory"
"CTCAAGACAGTGAGGAATCCCAAC-1","slingPseudotime_2",30.0127737773744,"CD8-41BB","aucell_cytotoxic_score",0.211163770405477,"cytotoxic"
"CTCACACAGCTCGATCATCCCAAC-1","slingPseudotime_1",16.2065407771134,"CD8-41BB","aucell_exhausted_score",0.141653501843075,"exhausted"
"CTCACACAGCTCGATCATCCCAAC-1","slingPseudotime_1",16.2065407771134,"CD8-41BB","aucell_proliferating_score",0,"proliferating"
"CTCACACAGCTCGATCATCCCAAC-1","slingPseudotime_1",16.2065407771134,"CD8-41BB","aucell_naive_memory_score",0,"naive_memory"
"CTCACACAGCTCGATCATCCCAAC-1","slingPseudotime_1",16.2065407771134,"CD8-41BB","aucell_cytotoxic_score",0.32982271370897,"cytotoxic"
"CTCACACAGCTCGATCATCCCAAC-1","slingPseudotime_2",17.3616265352776,"CD8-41BB","aucell_exhausted_score",0.141653501843075,"exhausted"
"CTCACACAGCTCGATCATCCCAAC-1","slingPseudotime_2",17.3616265352776,"CD8-41BB","aucell_proliferating_score",0,"proliferating"
"CTCACACAGCTCGATCATCCCAAC-1","slingPseudotime_2",17.3616265352776,"CD8-41BB","aucell_naive_memory_score",0,"naive_memory"
"CTCACACAGCTCGATCATCCCAAC-1","slingPseudotime_2",17.3616265352776,"CD8-41BB","aucell_cytotoxic_score",0.32982271370897,"cytotoxic"
"CTCATAAGTCACCAGCATCCCAAC-1","slingPseudotime_1",17.1197620418731,"CD8-41BB","aucell_exhausted_score",0.239599789362823,"exhausted"
"CTCATAAGTCACCAGCATCCCAAC-1","slingPseudotime_1",17.1197620418731,"CD8-41BB","aucell_proliferating_score",0,"proliferating"
"CTCATAAGTCACCAGCATCCCAAC-1","slingPseudotime_1",17.1197620418731,"CD8-41BB","aucell_naive_memory_score",0,"naive_memory"
"CTCATAAGTCACCAGCATCCCAAC-1","slingPseudotime_1",17.1197620418731,"CD8-41BB","aucell_cytotoxic_score",0.79884149552396,"cytotoxic"
"CTCATAAGTCACCAGCATCCCAAC-1","slingPseudotime_2",18.3617213933894,"CD8-41BB","aucell_exhausted_score",0.239599789362823,"exhausted"
"CTCATAAGTCACCAGCATCCCAAC-1","slingPseudotime_2",18.3617213933894,"CD8-41BB","aucell_proliferating_score",0,"proliferating"
"CTCATAAGTCACCAGCATCCCAAC-1","slingPseudotime_2",18.3617213933894,"CD8-41BB","aucell_naive_memory_score",0,"naive_memory"
"CTCATAAGTCACCAGCATCCCAAC-1","slingPseudotime_2",18.3617213933894,"CD8-41BB","aucell_cytotoxic_score",0.79884149552396,"cytotoxic"
"CTCATGATCAACTTGTATCCCAAC-1","slingPseudotime_1",24.6256258453716,"CD8-41BB","aucell_exhausted_score",0.16535018430753,"exhausted"
"CTCATGATCAACTTGTATCCCAAC-1","slingPseudotime_1",24.6256258453716,"CD8-41BB","aucell_proliferating_score",0,"proliferating"
"CTCATGATCAACTTGTATCCCAAC-1","slingPseudotime_1",24.6256258453716,"CD8-41BB","aucell_naive_memory_score",0,"naive_memory"
"CTCATGATCAACTTGTATCCCAAC-1","slingPseudotime_1",24.6256258453716,"CD8-41BB","aucell_cytotoxic_score",0.160259785852203,"cytotoxic"
"CTCATGATCAACTTGTATCCCAAC-1","slingPseudotime_2",28.4835790095813,"CD8-41BB","aucell_exhausted_score",0.16535018430753,"exhausted"
"CTCATGATCAACTTGTATCCCAAC-1","slingPseudotime_2",28.4835790095813,"CD8-41BB","aucell_proliferating_score",0,"proliferating"
"CTCATGATCAACTTGTATCCCAAC-1","slingPseudotime_2",28.4835790095813,"CD8-41BB","aucell_naive_memory_score",0,"naive_memory"
"CTCATGATCAACTTGTATCCCAAC-1","slingPseudotime_2",28.4835790095813,"CD8-41BB","aucell_cytotoxic_score",0.160259785852203,"cytotoxic"
"CTCCTCTCACCAACAAATCCCAAC-1","slingPseudotime_1",21.0102844832901,"CD8-41BB","aucell_exhausted_score",0.0968931016324381,"exhausted"
"CTCCTCTCACCAACAAATCCCAAC-1","slingPseudotime_1",21.0102844832901,"CD8-41BB","aucell_proliferating_score",0,"proliferating"
"CTCCTCTCACCAACAAATCCCAAC-1","slingPseudotime_1",21.0102844832901,"CD8-41BB","aucell_naive_memory_score",0,"naive_memory"
"CTCCTCTCACCAACAAATCCCAAC-1","slingPseudotime_1",21.0102844832901,"CD8-41BB","aucell_cytotoxic_score",0.407407407407407,"cytotoxic"
"CTCCTCTCACCAACAAATCCCAAC-1","slingPseudotime_2",30.8344701480018,"CD8-41BB","aucell_exhausted_score",0.0968931016324381,"exhausted"
"CTCCTCTCACCAACAAATCCCAAC-1","slingPseudotime_2",30.8344701480018,"CD8-41BB","aucell_proliferating_score",0,"proliferating"
"CTCCTCTCACCAACAAATCCCAAC-1","slingPseudotime_2",30.8344701480018,"CD8-41BB","aucell_naive_memory_score",0,"naive_memory"
"CTCCTCTCACCAACAAATCCCAAC-1","slingPseudotime_2",30.8344701480018,"CD8-41BB","aucell_cytotoxic_score",0.407407407407407,"cytotoxic"
"CTCTAAGTCAGGCTGAATCCCAAC-1","slingPseudotime_1",49.5804672795826,"CD8-41BB","aucell_exhausted_score",0.364226786027734,"exhausted"
"CTCTAAGTCAGGCTGAATCCCAAC-1","slingPseudotime_1",49.5804672795826,"CD8-41BB","aucell_proliferating_score",0.236,"proliferating"
"CTCTAAGTCAGGCTGAATCCCAAC-1","slingPseudotime_1",49.5804672795826,"CD8-41BB","aucell_naive_memory_score",0,"naive_memory"
"CTCTAAGTCAGGCTGAATCCCAAC-1","slingPseudotime_1",49.5804672795826,"CD8-41BB","aucell_cytotoxic_score",0.63156047042303,"cytotoxic"
"CTCTAAGTCTGTGCACATCCCAAC-1","slingPseudotime_1",20.5052260493031,"CD8-41BB","aucell_exhausted_score",0.32789187291557,"exhausted"
"CTCTAAGTCTGTGCACATCCCAAC-1","slingPseudotime_1",20.5052260493031,"CD8-41BB","aucell_proliferating_score",0,"proliferating"
"CTCTAAGTCTGTGCACATCCCAAC-1","slingPseudotime_1",20.5052260493031,"CD8-41BB","aucell_naive_memory_score",0,"naive_memory"
"CTCTAAGTCTGTGCACATCCCAAC-1","slingPseudotime_1",20.5052260493031,"CD8-41BB","aucell_cytotoxic_score",0.517991925574864,"cytotoxic"
"CTCTAAGTCTGTGCACATCCCAAC-1","slingPseudotime_2",22.1009017490594,"CD8-41BB","aucell_exhausted_score",0.32789187291557,"exhausted"
"CTCTAAGTCTGTGCACATCCCAAC-1","slingPseudotime_2",22.1009017490594,"CD8-41BB","aucell_proliferating_score",0,"proliferating"
"CTCTAAGTCTGTGCACATCCCAAC-1","slingPseudotime_2",22.1009017490594,"CD8-41BB","aucell_naive_memory_score",0,"naive_memory"
"CTCTAAGTCTGTGCACATCCCAAC-1","slingPseudotime_2",22.1009017490594,"CD8-41BB","aucell_cytotoxic_score",0.517991925574864,"cytotoxic"
"CTGATCCAGGATGTTAATCCCAAC-1","slingPseudotime_2",15.029221145349,"CD8-41BB","aucell_exhausted_score",0,"exhausted"
"CTGATCCAGGATGTTAATCCCAAC-1","slingPseudotime_2",15.029221145349,"CD8-41BB","aucell_proliferating_score",0,"proliferating"
"CTGATCCAGGATGTTAATCCCAAC-1","slingPseudotime_2",15.029221145349,"CD8-41BB","aucell_naive_memory_score",0,"naive_memory"
"CTGATCCAGGATGTTAATCCCAAC-1","slingPseudotime_2",15.029221145349,"CD8-41BB","aucell_cytotoxic_score",0.286993154291732,"cytotoxic"
"CTGATGACATTGCCTGATCCCAAC-1","slingPseudotime_1",12.4106440558418,"CD8-41BB","aucell_exhausted_score",0,"exhausted"
"CTGATGACATTGCCTGATCCCAAC-1","slingPseudotime_1",12.4106440558418,"CD8-41BB","aucell_proliferating_score",0,"proliferating"
"CTGATGACATTGCCTGATCCCAAC-1","slingPseudotime_1",12.4106440558418,"CD8-41BB","aucell_naive_memory_score",0.238947368421053,"naive_memory"
"CTGATGACATTGCCTGATCCCAAC-1","slingPseudotime_1",12.4106440558418,"CD8-41BB","aucell_cytotoxic_score",0,"cytotoxic"
"CTGATGACATTGCCTGATCCCAAC-1","slingPseudotime_2",13.3559353400066,"CD8-41BB","aucell_exhausted_score",0,"exhausted"
"CTGATGACATTGCCTGATCCCAAC-1","slingPseudotime_2",13.3559353400066,"CD8-41BB","aucell_proliferating_score",0,"proliferating"
"CTGATGACATTGCCTGATCCCAAC-1","slingPseudotime_2",13.3559353400066,"CD8-41BB","aucell_naive_memory_score",0.238947368421053,"naive_memory"
"CTGATGACATTGCCTGATCCCAAC-1","slingPseudotime_2",13.3559353400066,"CD8-41BB","aucell_cytotoxic_score",0,"cytotoxic"
"CTGGCTGTCGATTGAAATCCCAAC-1","slingPseudotime_1",17.0285103023483,"CD8-41BB","aucell_exhausted_score",0.427593470247499,"exhausted"
"CTGGCTGTCGATTGAAATCCCAAC-1","slingPseudotime_1",17.0285103023483,"CD8-41BB","aucell_proliferating_score",0,"proliferating"
"CTGGCTGTCGATTGAAATCCCAAC-1","slingPseudotime_1",17.0285103023483,"CD8-41BB","aucell_naive_memory_score",0,"naive_memory"
"CTGGCTGTCGATTGAAATCCCAAC-1","slingPseudotime_1",17.0285103023483,"CD8-41BB","aucell_cytotoxic_score",0.166052308232403,"cytotoxic"
"CTGGCTGTCGATTGAAATCCCAAC-1","slingPseudotime_2",18.2737222015077,"CD8-41BB","aucell_exhausted_score",0.427593470247499,"exhausted"
"CTGGCTGTCGATTGAAATCCCAAC-1","slingPseudotime_2",18.2737222015077,"CD8-41BB","aucell_proliferating_score",0,"proliferating"
"CTGGCTGTCGATTGAAATCCCAAC-1","slingPseudotime_2",18.2737222015077,"CD8-41BB","aucell_naive_memory_score",0,"naive_memory"
"CTGGCTGTCGATTGAAATCCCAAC-1","slingPseudotime_2",18.2737222015077,"CD8-41BB","aucell_cytotoxic_score",0.166052308232403,"cytotoxic"
"CTGGTGAAGGTCACAGATCCCAAC-1","slingPseudotime_1",18.21657100693,"CD8-41BB","aucell_exhausted_score",0.21467439002984,"exhausted"
"CTGGTGAAGGTCACAGATCCCAAC-1","slingPseudotime_1",18.21657100693,"CD8-41BB","aucell_proliferating_score",0,"proliferating"
"CTGGTGAAGGTCACAGATCCCAAC-1","slingPseudotime_1",18.21657100693,"CD8-41BB","aucell_naive_memory_score",0,"naive_memory"
"CTGGTGAAGGTCACAGATCCCAAC-1","slingPseudotime_1",18.21657100693,"CD8-41BB","aucell_cytotoxic_score",0.164823591363876,"cytotoxic"
"CTGGTGAAGGTCACAGATCCCAAC-1","slingPseudotime_2",19.8907950265076,"CD8-41BB","aucell_exhausted_score",0.21467439002984,"exhausted"
"CTGGTGAAGGTCACAGATCCCAAC-1","slingPseudotime_2",19.8907950265076,"CD8-41BB","aucell_proliferating_score",0,"proliferating"
"CTGGTGAAGGTCACAGATCCCAAC-1","slingPseudotime_2",19.8907950265076,"CD8-41BB","aucell_naive_memory_score",0,"naive_memory"
"CTGGTGAAGGTCACAGATCCCAAC-1","slingPseudotime_2",19.8907950265076,"CD8-41BB","aucell_cytotoxic_score",0.164823591363876,"cytotoxic"
"CTGTGCAGTACCGCACATCCCAAC-1","slingPseudotime_1",72.6545410537289,"CD8-41BB","aucell_exhausted_score",0.335264174126733,"exhausted"
"CTGTGCAGTACCGCACATCCCAAC-1","slingPseudotime_1",72.6545410537289,"CD8-41BB","aucell_proliferating_score",0.688210526315789,"proliferating"
"CTGTGCAGTACCGCACATCCCAAC-1","slingPseudotime_1",72.6545410537289,"CD8-41BB","aucell_naive_memory_score",0,"naive_memory"
"CTGTGCAGTACCGCACATCCCAAC-1","slingPseudotime_1",72.6545410537289,"CD8-41BB","aucell_cytotoxic_score",0.732841846585922,"cytotoxic"
"CTGTTAAGTACAAAGTATCCCAAC-1","slingPseudotime_1",14.4230988354229,"CD8-41BB","aucell_exhausted_score",0.115674916622784,"exhausted"
"CTGTTAAGTACAAAGTATCCCAAC-1","slingPseudotime_1",14.4230988354229,"CD8-41BB","aucell_proliferating_score",0,"proliferating"
"CTGTTAAGTACAAAGTATCCCAAC-1","slingPseudotime_1",14.4230988354229,"CD8-41BB","aucell_naive_memory_score",0,"naive_memory"
"CTGTTAAGTACAAAGTATCCCAAC-1","slingPseudotime_1",14.4230988354229,"CD8-41BB","aucell_cytotoxic_score",0.160084254870985,"cytotoxic"
"CTGTTAAGTACAAAGTATCCCAAC-1","slingPseudotime_2",15.2808462501796,"CD8-41BB","aucell_exhausted_score",0.115674916622784,"exhausted"
"CTGTTAAGTACAAAGTATCCCAAC-1","slingPseudotime_2",15.2808462501796,"CD8-41BB","aucell_proliferating_score",0,"proliferating"
"CTGTTAAGTACAAAGTATCCCAAC-1","slingPseudotime_2",15.2808462501796,"CD8-41BB","aucell_naive_memory_score",0,"naive_memory"
"CTGTTAAGTACAAAGTATCCCAAC-1","slingPseudotime_2",15.2808462501796,"CD8-41BB","aucell_cytotoxic_score",0.160084254870985,"cytotoxic"
"CTGTTAAGTGTTTCGGATCCCAAC-1","slingPseudotime_1",22.5241537551408,"CD8-41BB","aucell_exhausted_score",0.334913112164297,"exhausted"
"CTGTTAAGTGTTTCGGATCCCAAC-1","slingPseudotime_1",22.5241537551408,"CD8-41BB","aucell_proliferating_score",0,"proliferating"
"CTGTTAAGTGTTTCGGATCCCAAC-1","slingPseudotime_1",22.5241537551408,"CD8-41BB","aucell_naive_memory_score",0,"naive_memory"
"CTGTTAAGTGTTTCGGATCCCAAC-1","slingPseudotime_1",22.5241537551408,"CD8-41BB","aucell_cytotoxic_score",0.330349306652624,"cytotoxic"
"CTGTTAAGTGTTTCGGATCCCAAC-1","slingPseudotime_2",23.8558146322159,"CD8-41BB","aucell_exhausted_score",0.334913112164297,"exhausted"
"CTGTTAAGTGTTTCGGATCCCAAC-1","slingPseudotime_2",23.8558146322159,"CD8-41BB","aucell_proliferating_score",0,"proliferating"
"CTGTTAAGTGTTTCGGATCCCAAC-1","slingPseudotime_2",23.8558146322159,"CD8-41BB","aucell_naive_memory_score",0,"naive_memory"
"CTGTTAAGTGTTTCGGATCCCAAC-1","slingPseudotime_2",23.8558146322159,"CD8-41BB","aucell_cytotoxic_score",0.330349306652624,"cytotoxic"
"CTGTTGCAGGGTTGCAATCCCAAC-1","slingPseudotime_1",17.1197620418731,"CD8-41BB","aucell_exhausted_score",0.158680007021239,"exhausted"
"CTGTTGCAGGGTTGCAATCCCAAC-1","slingPseudotime_1",17.1197620418731,"CD8-41BB","aucell_proliferating_score",0,"proliferating"
"CTGTTGCAGGGTTGCAATCCCAAC-1","slingPseudotime_1",17.1197620418731,"CD8-41BB","aucell_naive_memory_score",0,"naive_memory"
"CTGTTGCAGGGTTGCAATCCCAAC-1","slingPseudotime_1",17.1197620418731,"CD8-41BB","aucell_cytotoxic_score",0.537300333508864,"cytotoxic"
"CTGTTGCAGGGTTGCAATCCCAAC-1","slingPseudotime_2",18.2794247372566,"CD8-41BB","aucell_exhausted_score",0.158680007021239,"exhausted"
"CTGTTGCAGGGTTGCAATCCCAAC-1","slingPseudotime_2",18.2794247372566,"CD8-41BB","aucell_proliferating_score",0,"proliferating"
"CTGTTGCAGGGTTGCAATCCCAAC-1","slingPseudotime_2",18.2794247372566,"CD8-41BB","aucell_naive_memory_score",0,"naive_memory"
"CTGTTGCAGGGTTGCAATCCCAAC-1","slingPseudotime_2",18.2794247372566,"CD8-41BB","aucell_cytotoxic_score",0.537300333508864,"cytotoxic"
"CTGTTTACATGCTCCAATCCCAAC-1","slingPseudotime_1",15.1937710677055,"CD8-41BB","aucell_exhausted_score",0.149552395997894,"exhausted"
"CTGTTTACATGCTCCAATCCCAAC-1","slingPseudotime_1",15.1937710677055,"CD8-41BB","aucell_proliferating_score",0,"proliferating"
"CTGTTTACATGCTCCAATCCCAAC-1","slingPseudotime_1",15.1937710677055,"CD8-41BB","aucell_naive_memory_score",0,"naive_memory"
"CTGTTTACATGCTCCAATCCCAAC-1","slingPseudotime_1",15.1937710677055,"CD8-41BB","aucell_cytotoxic_score",0.466561348077936,"cytotoxic"
"CTGTTTACATGCTCCAATCCCAAC-1","slingPseudotime_2",16.120418492938,"CD8-41BB","aucell_exhausted_score",0.149552395997894,"exhausted"
"CTGTTTACATGCTCCAATCCCAAC-1","slingPseudotime_2",16.120418492938,"CD8-41BB","aucell_proliferating_score",0,"proliferating"
"CTGTTTACATGCTCCAATCCCAAC-1","slingPseudotime_2",16.120418492938,"CD8-41BB","aucell_naive_memory_score",0,"naive_memory"
"CTGTTTACATGCTCCAATCCCAAC-1","slingPseudotime_2",16.120418492938,"CD8-41BB","aucell_cytotoxic_score",0.466561348077936,"cytotoxic"
"CTTAAGCGTAAACTGGATCCCAAC-1","slingPseudotime_1",10.5565766195637,"CD8-41BB","aucell_exhausted_score",0,"exhausted"
"CTTAAGCGTAAACTGGATCCCAAC-1","slingPseudotime_1",10.5565766195637,"CD8-41BB","aucell_proliferating_score",0,"proliferating"
"CTTAAGCGTAAACTGGATCCCAAC-1","slingPseudotime_1",10.5565766195637,"CD8-41BB","aucell_naive_memory_score",0.422947368421053,"naive_memory"
"CTTAAGCGTAAACTGGATCCCAAC-1","slingPseudotime_1",10.5565766195637,"CD8-41BB","aucell_cytotoxic_score",0.158153414077585,"cytotoxic"
"CTTAAGCGTAAACTGGATCCCAAC-1","slingPseudotime_2",11.3289695925538,"CD8-41BB","aucell_exhausted_score",0,"exhausted"
"CTTAAGCGTAAACTGGATCCCAAC-1","slingPseudotime_2",11.3289695925538,"CD8-41BB","aucell_proliferating_score",0,"proliferating"
"CTTAAGCGTAAACTGGATCCCAAC-1","slingPseudotime_2",11.3289695925538,"CD8-41BB","aucell_naive_memory_score",0.422947368421053,"naive_memory"
"CTTAAGCGTAAACTGGATCCCAAC-1","slingPseudotime_2",11.3289695925538,"CD8-41BB","aucell_cytotoxic_score",0.158153414077585,"cytotoxic"
"CTTAATGGTTCTTGAAATCCCAAC-1","slingPseudotime_1",11.4626297018967,"CD8-41BB","aucell_exhausted_score",0,"exhausted"
"CTTAATGGTTCTTGAAATCCCAAC-1","slingPseudotime_1",11.4626297018967,"CD8-41BB","aucell_proliferating_score",0,"proliferating"
"CTTAATGGTTCTTGAAATCCCAAC-1","slingPseudotime_1",11.4626297018967,"CD8-41BB","aucell_naive_memory_score",0.0515789473684211,"naive_memory"
"CTTAATGGTTCTTGAAATCCCAAC-1","slingPseudotime_1",11.4626297018967,"CD8-41BB","aucell_cytotoxic_score",0.032297700544146,"cytotoxic"
"CTTAATGGTTCTTGAAATCCCAAC-1","slingPseudotime_2",12.2377067562155,"CD8-41BB","aucell_exhausted_score",0,"exhausted"
"CTTAATGGTTCTTGAAATCCCAAC-1","slingPseudotime_2",12.2377067562155,"CD8-41BB","aucell_proliferating_score",0,"proliferating"
"CTTAATGGTTCTTGAAATCCCAAC-1","slingPseudotime_2",12.2377067562155,"CD8-41BB","aucell_naive_memory_score",0.0515789473684211,"naive_memory"
"CTTAATGGTTCTTGAAATCCCAAC-1","slingPseudotime_2",12.2377067562155,"CD8-41BB","aucell_cytotoxic_score",0.032297700544146,"cytotoxic"
"CTTACCTTCCTTTGGAATCCCAAC-1","slingPseudotime_1",18.7779465341436,"CD8-41BB","aucell_exhausted_score",0.305423907319642,"exhausted"
"CTTACCTTCCTTTGGAATCCCAAC-1","slingPseudotime_1",18.7779465341436,"CD8-41BB","aucell_proliferating_score",0,"proliferating"
"CTTACCTTCCTTTGGAATCCCAAC-1","slingPseudotime_1",18.7779465341436,"CD8-41BB","aucell_naive_memory_score",0.111157894736842,"naive_memory"
"CTTACCTTCCTTTGGAATCCCAAC-1","slingPseudotime_1",18.7779465341436,"CD8-41BB","aucell_cytotoxic_score",0.326136563103388,"cytotoxic"
"CTTACCTTCCTTTGGAATCCCAAC-1","slingPseudotime_2",20.2770572505909,"CD8-41BB","aucell_exhausted_score",0.305423907319642,"exhausted"
"CTTACCTTCCTTTGGAATCCCAAC-1","slingPseudotime_2",20.2770572505909,"CD8-41BB","aucell_proliferating_score",0,"proliferating"
"CTTACCTTCCTTTGGAATCCCAAC-1","slingPseudotime_2",20.2770572505909,"CD8-41BB","aucell_naive_memory_score",0.111157894736842,"naive_memory"
"CTTACCTTCCTTTGGAATCCCAAC-1","slingPseudotime_2",20.2770572505909,"CD8-41BB","aucell_cytotoxic_score",0.326136563103388,"cytotoxic"
"CTTACTGAGCAGGTCAATCCCAAC-1","slingPseudotime_1",25.8008835479976,"CD8-41BB","aucell_exhausted_score",0.0858346498156925,"exhausted"
"CTTACTGAGCAGGTCAATCCCAAC-1","slingPseudotime_1",25.8008835479976,"CD8-41BB","aucell_proliferating_score",0,"proliferating"
"CTTACTGAGCAGGTCAATCCCAAC-1","slingPseudotime_1",25.8008835479976,"CD8-41BB","aucell_naive_memory_score",0.419157894736842,"naive_memory"
"CTTACTGAGCAGGTCAATCCCAAC-1","slingPseudotime_1",25.8008835479976,"CD8-41BB","aucell_cytotoxic_score",0.321572757591715,"cytotoxic"
"CTTACTGAGCAGGTCAATCCCAAC-1","slingPseudotime_2",27.0085934854505,"CD8-41BB","aucell_exhausted_score",0.0858346498156925,"exhausted"
"CTTACTGAGCAGGTCAATCCCAAC-1","slingPseudotime_2",27.0085934854505,"CD8-41BB","aucell_proliferating_score",0,"proliferating"
"CTTACTGAGCAGGTCAATCCCAAC-1","slingPseudotime_2",27.0085934854505,"CD8-41BB","aucell_naive_memory_score",0.419157894736842,"naive_memory"
"CTTACTGAGCAGGTCAATCCCAAC-1","slingPseudotime_2",27.0085934854505,"CD8-41BB","aucell_cytotoxic_score",0.321572757591715,"cytotoxic"
"CTTAGAGCAACATGATATCCCAAC-1","slingPseudotime_1",23.6163247531702,"CD8-41BB","aucell_exhausted_score",0.314902580305424,"exhausted"
"CTTAGAGCAACATGATATCCCAAC-1","slingPseudotime_1",23.6163247531702,"CD8-41BB","aucell_proliferating_score",0,"proliferating"
"CTTAGAGCAACATGATATCCCAAC-1","slingPseudotime_1",23.6163247531702,"CD8-41BB","aucell_naive_memory_score",0.0781052631578947,"naive_memory"
"CTTAGAGCAACATGATATCCCAAC-1","slingPseudotime_1",23.6163247531702,"CD8-41BB","aucell_cytotoxic_score",0.326663156047042,"cytotoxic"
"CTTAGAGCAACATGATATCCCAAC-1","slingPseudotime_2",25.7010131954171,"CD8-41BB","aucell_exhausted_score",0.314902580305424,"exhausted"
"CTTAGAGCAACATGATATCCCAAC-1","slingPseudotime_2",25.7010131954171,"CD8-41BB","aucell_proliferating_score",0,"proliferating"
"CTTAGAGCAACATGATATCCCAAC-1","slingPseudotime_2",25.7010131954171,"CD8-41BB","aucell_naive_memory_score",0.0781052631578947,"naive_memory"
"CTTAGAGCAACATGATATCCCAAC-1","slingPseudotime_2",25.7010131954171,"CD8-41BB","aucell_cytotoxic_score",0.326663156047042,"cytotoxic"
"CTTAGAGCACTAGTCTATCCCAAC-1","slingPseudotime_1",22.5241537551408,"CD8-41BB","aucell_exhausted_score",0,"exhausted"
"CTTAGAGCACTAGTCTATCCCAAC-1","slingPseudotime_1",22.5241537551408,"CD8-41BB","aucell_proliferating_score",0,"proliferating"
"CTTAGAGCACTAGTCTATCCCAAC-1","slingPseudotime_1",22.5241537551408,"CD8-41BB","aucell_naive_memory_score",0.136210526315789,"naive_memory"
"CTTAGAGCACTAGTCTATCCCAAC-1","slingPseudotime_1",22.5241537551408,"CD8-41BB","aucell_cytotoxic_score",0.723538704581359,"cytotoxic"
"CTTAGAGCACTAGTCTATCCCAAC-1","slingPseudotime_2",23.8558146322159,"CD8-41BB","aucell_exhausted_score",0,"exhausted"
"CTTAGAGCACTAGTCTATCCCAAC-1","slingPseudotime_2",23.8558146322159,"CD8-41BB","aucell_proliferating_score",0,"proliferating"
"CTTAGAGCACTAGTCTATCCCAAC-1","slingPseudotime_2",23.8558146322159,"CD8-41BB","aucell_naive_memory_score",0.136210526315789,"naive_memory"
"CTTAGAGCACTAGTCTATCCCAAC-1","slingPseudotime_2",23.8558146322159,"CD8-41BB","aucell_cytotoxic_score",0.723538704581359,"cytotoxic"
"CTTAGAGCAGCTGCTCATCCCAAC-1","slingPseudotime_1",16.5405803628068,"CD8-41BB","aucell_exhausted_score",0,"exhausted"
"CTTAGAGCAGCTGCTCATCCCAAC-1","slingPseudotime_1",16.5405803628068,"CD8-41BB","aucell_proliferating_score",0,"proliferating"
"CTTAGAGCAGCTGCTCATCCCAAC-1","slingPseudotime_1",16.5405803628068,"CD8-41BB","aucell_naive_memory_score",0,"naive_memory"
"CTTAGAGCAGCTGCTCATCCCAAC-1","slingPseudotime_1",16.5405803628068,"CD8-41BB","aucell_cytotoxic_score",0.610145690714411,"cytotoxic"
"CTTAGAGCAGCTGCTCATCCCAAC-1","slingPseudotime_2",16.8811172889971,"CD8-41BB","aucell_exhausted_score",0,"exhausted"
"CTTAGAGCAGCTGCTCATCCCAAC-1","slingPseudotime_2",16.8811172889971,"CD8-41BB","aucell_proliferating_score",0,"proliferating"
"CTTAGAGCAGCTGCTCATCCCAAC-1","slingPseudotime_2",16.8811172889971,"CD8-41BB","aucell_naive_memory_score",0,"naive_memory"
"CTTAGAGCAGCTGCTCATCCCAAC-1","slingPseudotime_2",16.8811172889971,"CD8-41BB","aucell_cytotoxic_score",0.610145690714411,"cytotoxic"
"CTTAGCCAGTGTAATGATCCCAAC-1","slingPseudotime_1",23.1903748124893,"CD8-41BB","aucell_exhausted_score",0.245743373705459,"exhausted"
"CTTAGCCAGTGTAATGATCCCAAC-1","slingPseudotime_1",23.1903748124893,"CD8-41BB","aucell_proliferating_score",0,"proliferating"
"CTTAGCCAGTGTAATGATCCCAAC-1","slingPseudotime_1",23.1903748124893,"CD8-41BB","aucell_naive_memory_score",0,"naive_memory"
"CTTAGCCAGTGTAATGATCCCAAC-1","slingPseudotime_1",23.1903748124893,"CD8-41BB","aucell_cytotoxic_score",0.409338248200807,"cytotoxic"
"CTTAGCCAGTGTAATGATCCCAAC-1","slingPseudotime_2",24.0518406656089,"CD8-41BB","aucell_exhausted_score",0.245743373705459,"exhausted"
"CTTAGCCAGTGTAATGATCCCAAC-1","slingPseudotime_2",24.0518406656089,"CD8-41BB","aucell_proliferating_score",0,"proliferating"
"CTTAGCCAGTGTAATGATCCCAAC-1","slingPseudotime_2",24.0518406656089,"CD8-41BB","aucell_naive_memory_score",0,"naive_memory"
"CTTAGCCAGTGTAATGATCCCAAC-1","slingPseudotime_2",24.0518406656089,"CD8-41BB","aucell_cytotoxic_score",0.409338248200807,"cytotoxic"
"CTTAGCTCAGCCTGAGATCCCAAC-1","slingPseudotime_1",14.615708598721,"CD8-41BB","aucell_exhausted_score",0,"exhausted"
"CTTAGCTCAGCCTGAGATCCCAAC-1","slingPseudotime_1",14.615708598721,"CD8-41BB","aucell_proliferating_score",0,"proliferating"
"CTTAGCTCAGCCTGAGATCCCAAC-1","slingPseudotime_1",14.615708598721,"CD8-41BB","aucell_naive_memory_score",0.0107368421052632,"naive_memory"
"CTTAGCTCAGCCTGAGATCCCAAC-1","slingPseudotime_1",14.615708598721,"CD8-41BB","aucell_cytotoxic_score",0.318588730911006,"cytotoxic"
"CTTAGCTCAGCCTGAGATCCCAAC-1","slingPseudotime_2",15.5168280424877,"CD8-41BB","aucell_exhausted_score",0,"exhausted"
"CTTAGCTCAGCCTGAGATCCCAAC-1","slingPseudotime_2",15.5168280424877,"CD8-41BB","aucell_proliferating_score",0,"proliferating"
"CTTAGCTCAGCCTGAGATCCCAAC-1","slingPseudotime_2",15.5168280424877,"CD8-41BB","aucell_naive_memory_score",0.0107368421052632,"naive_memory"
"CTTAGCTCAGCCTGAGATCCCAAC-1","slingPseudotime_2",15.5168280424877,"CD8-41BB","aucell_cytotoxic_score",0.318588730911006,"cytotoxic"
"CTTCAATAGAACCTAAATCCCAAC-1","slingPseudotime_1",12.8593467401851,"CD8-41BB","aucell_exhausted_score",0.0373880989994734,"exhausted"
"CTTCAATAGAACCTAAATCCCAAC-1","slingPseudotime_1",12.8593467401851,"CD8-41BB","aucell_proliferating_score",0,"proliferating"
"CTTCAATAGAACCTAAATCCCAAC-1","slingPseudotime_1",12.8593467401851,"CD8-41BB","aucell_naive_memory_score",0.186736842105263,"naive_memory"
"CTTCAATAGAACCTAAATCCCAAC-1","slingPseudotime_1",12.8593467401851,"CD8-41BB","aucell_cytotoxic_score",0.165525715288748,"cytotoxic"
"CTTCAATAGAACCTAAATCCCAAC-1","slingPseudotime_2",13.5724185477659,"CD8-41BB","aucell_exhausted_score",0.0373880989994734,"exhausted"
"CTTCAATAGAACCTAAATCCCAAC-1","slingPseudotime_2",13.5724185477659,"CD8-41BB","aucell_proliferating_score",0,"proliferating"
"CTTCAATAGAACCTAAATCCCAAC-1","slingPseudotime_2",13.5724185477659,"CD8-41BB","aucell_naive_memory_score",0.186736842105263,"naive_memory"
"CTTCAATAGAACCTAAATCCCAAC-1","slingPseudotime_2",13.5724185477659,"CD8-41BB","aucell_cytotoxic_score",0.165525715288748,"cytotoxic"
"CTTCCTCCAACGACTAATCCCAAC-1","slingPseudotime_1",8.45553408439379,"CD8-41BB","aucell_exhausted_score",0,"exhausted"
"CTTCCTCCAACGACTAATCCCAAC-1","slingPseudotime_1",8.45553408439379,"CD8-41BB","aucell_proliferating_score",0,"proliferating"
"CTTCCTCCAACGACTAATCCCAAC-1","slingPseudotime_1",8.45553408439379,"CD8-41BB","aucell_naive_memory_score",0.358315789473684,"naive_memory"
"CTTCCTCCAACGACTAATCCCAAC-1","slingPseudotime_1",8.45553408439379,"CD8-41BB","aucell_cytotoxic_score",0.0119361067228366,"cytotoxic"
"CTTCCTCCAACGACTAATCCCAAC-1","slingPseudotime_2",9.10220815214148,"CD8-41BB","aucell_exhausted_score",0,"exhausted"
"CTTCCTCCAACGACTAATCCCAAC-1","slingPseudotime_2",9.10220815214148,"CD8-41BB","aucell_proliferating_score",0,"proliferating"
"CTTCCTCCAACGACTAATCCCAAC-1","slingPseudotime_2",9.10220815214148,"CD8-41BB","aucell_naive_memory_score",0.358315789473684,"naive_memory"
"CTTCCTCCAACGACTAATCCCAAC-1","slingPseudotime_2",9.10220815214148,"CD8-41BB","aucell_cytotoxic_score",0.0119361067228366,"cytotoxic"
"CTTCGAATCAGCCTTAATCCCAAC-1","slingPseudotime_1",25.7021169393736,"CD8-41BB","aucell_exhausted_score",0.163945936457785,"exhausted"
"CTTCGAATCAGCCTTAATCCCAAC-1","slingPseudotime_1",25.7021169393736,"CD8-41BB","aucell_proliferating_score",0,"proliferating"
"CTTCGAATCAGCCTTAATCCCAAC-1","slingPseudotime_1",25.7021169393736,"CD8-41BB","aucell_naive_memory_score",0,"naive_memory"
"CTTCGAATCAGCCTTAATCCCAAC-1","slingPseudotime_1",25.7021169393736,"CD8-41BB","aucell_cytotoxic_score",0.146217307354748,"cytotoxic"
"CTTCGAATCAGCCTTAATCCCAAC-1","slingPseudotime_2",26.6644367151679,"CD8-41BB","aucell_exhausted_score",0.163945936457785,"exhausted"
"CTTCGAATCAGCCTTAATCCCAAC-1","slingPseudotime_2",26.6644367151679,"CD8-41BB","aucell_proliferating_score",0,"proliferating"
"CTTCGAATCAGCCTTAATCCCAAC-1","slingPseudotime_2",26.6644367151679,"CD8-41BB","aucell_naive_memory_score",0,"naive_memory"
"CTTCGAATCAGCCTTAATCCCAAC-1","slingPseudotime_2",26.6644367151679,"CD8-41BB","aucell_cytotoxic_score",0.146217307354748,"cytotoxic"
"CTTCGAATCTCCATCTATCCCAAC-1","slingPseudotime_1",24.2089048754833,"CD8-41BB","aucell_exhausted_score",0.00245743373705459,"exhausted"
"CTTCGAATCTCCATCTATCCCAAC-1","slingPseudotime_1",24.2089048754833,"CD8-41BB","aucell_proliferating_score",0,"proliferating"
"CTTCGAATCTCCATCTATCCCAAC-1","slingPseudotime_1",24.2089048754833,"CD8-41BB","aucell_naive_memory_score",0,"naive_memory"
"CTTCGAATCTCCATCTATCCCAAC-1","slingPseudotime_1",24.2089048754833,"CD8-41BB","aucell_cytotoxic_score",0.156222573284185,"cytotoxic"
"CTTCGAATCTCCATCTATCCCAAC-1","slingPseudotime_2",27.5511728521038,"CD8-41BB","aucell_exhausted_score",0.00245743373705459,"exhausted"
"CTTCGAATCTCCATCTATCCCAAC-1","slingPseudotime_2",27.5511728521038,"CD8-41BB","aucell_proliferating_score",0,"proliferating"
"CTTCGAATCTCCATCTATCCCAAC-1","slingPseudotime_2",27.5511728521038,"CD8-41BB","aucell_naive_memory_score",0,"naive_memory"
"CTTCGAATCTCCATCTATCCCAAC-1","slingPseudotime_2",27.5511728521038,"CD8-41BB","aucell_cytotoxic_score",0.156222573284185,"cytotoxic"
"CTTGAGGAGGTATGGTATCCCAAC-1","slingPseudotime_1",23.1903748124893,"CD8-41BB","aucell_exhausted_score",0.304019659469896,"exhausted"
"CTTGAGGAGGTATGGTATCCCAAC-1","slingPseudotime_1",23.1903748124893,"CD8-41BB","aucell_proliferating_score",0,"proliferating"
"CTTGAGGAGGTATGGTATCCCAAC-1","slingPseudotime_1",23.1903748124893,"CD8-41BB","aucell_naive_memory_score",0,"naive_memory"
"CTTGAGGAGGTATGGTATCCCAAC-1","slingPseudotime_1",23.1903748124893,"CD8-41BB","aucell_cytotoxic_score",0.165876777251185,"cytotoxic"
"CTTGAGGAGGTATGGTATCCCAAC-1","slingPseudotime_2",24.7688158644088,"CD8-41BB","aucell_exhausted_score",0.304019659469896,"exhausted"
"CTTGAGGAGGTATGGTATCCCAAC-1","slingPseudotime_2",24.7688158644088,"CD8-41BB","aucell_proliferating_score",0,"proliferating"
"CTTGAGGAGGTATGGTATCCCAAC-1","slingPseudotime_2",24.7688158644088,"CD8-41BB","aucell_naive_memory_score",0,"naive_memory"
"CTTGAGGAGGTATGGTATCCCAAC-1","slingPseudotime_2",24.7688158644088,"CD8-41BB","aucell_cytotoxic_score",0.165876777251185,"cytotoxic"
"CTTGATGTCGAAGTTAATCCCAAC-1","slingPseudotime_1",13.0796334671632,"CD8-41BB","aucell_exhausted_score",0,"exhausted"
"CTTGATGTCGAAGTTAATCCCAAC-1","slingPseudotime_1",13.0796334671632,"CD8-41BB","aucell_proliferating_score",0,"proliferating"
"CTTGATGTCGAAGTTAATCCCAAC-1","slingPseudotime_1",13.0796334671632,"CD8-41BB","aucell_naive_memory_score",0.0970526315789474,"naive_memory"
"CTTGATGTCGAAGTTAATCCCAAC-1","slingPseudotime_1",13.0796334671632,"CD8-41BB","aucell_cytotoxic_score",0,"cytotoxic"
"CTTGATGTCGAAGTTAATCCCAAC-1","slingPseudotime_2",13.7838112034174,"CD8-41BB","aucell_exhausted_score",0,"exhausted"
"CTTGATGTCGAAGTTAATCCCAAC-1","slingPseudotime_2",13.7838112034174,"CD8-41BB","aucell_proliferating_score",0,"proliferating"
"CTTGATGTCGAAGTTAATCCCAAC-1","slingPseudotime_2",13.7838112034174,"CD8-41BB","aucell_naive_memory_score",0.0970526315789474,"naive_memory"
"CTTGATGTCGAAGTTAATCCCAAC-1","slingPseudotime_2",13.7838112034174,"CD8-41BB","aucell_cytotoxic_score",0,"cytotoxic"
"CTTGATGTCTACTACGATCCCAAC-1","slingPseudotime_1",17.1197620418731,"CD8-41BB","aucell_exhausted_score",0.17991925574864,"exhausted"
"CTTGATGTCTACTACGATCCCAAC-1","slingPseudotime_1",17.1197620418731,"CD8-41BB","aucell_proliferating_score",0,"proliferating"
"CTTGATGTCTACTACGATCCCAAC-1","slingPseudotime_1",17.1197620418731,"CD8-41BB","aucell_naive_memory_score",0.191368421052632,"naive_memory"
"CTTGATGTCTACTACGATCCCAAC-1","slingPseudotime_1",17.1197620418731,"CD8-41BB","aucell_cytotoxic_score",0.681235738107776,"cytotoxic"
"CTTGATGTCTACTACGATCCCAAC-1","slingPseudotime_2",18.2076068325614,"CD8-41BB","aucell_exhausted_score",0.17991925574864,"exhausted"
"CTTGATGTCTACTACGATCCCAAC-1","slingPseudotime_2",18.2076068325614,"CD8-41BB","aucell_proliferating_score",0,"proliferating"
"CTTGATGTCTACTACGATCCCAAC-1","slingPseudotime_2",18.2076068325614,"CD8-41BB","aucell_naive_memory_score",0.191368421052632,"naive_memory"
"CTTGATGTCTACTACGATCCCAAC-1","slingPseudotime_2",18.2076068325614,"CD8-41BB","aucell_cytotoxic_score",0.681235738107776,"cytotoxic"
"CTTGTGATCTGGCCCAATCCCAAC-1","slingPseudotime_1",21.0142060254164,"CD8-41BB","aucell_exhausted_score",0.138845006143584,"exhausted"
"CTTGTGATCTGGCCCAATCCCAAC-1","slingPseudotime_1",21.0142060254164,"CD8-41BB","aucell_proliferating_score",0,"proliferating"
"CTTGTGATCTGGCCCAATCCCAAC-1","slingPseudotime_1",21.0142060254164,"CD8-41BB","aucell_naive_memory_score",0,"naive_memory"
"CTTGTGATCTGGCCCAATCCCAAC-1","slingPseudotime_1",21.0142060254164,"CD8-41BB","aucell_cytotoxic_score",0.146568369317184,"cytotoxic"
"CTTGTGATCTGGCCCAATCCCAAC-1","slingPseudotime_2",21.451313238207,"CD8-41BB","aucell_exhausted_score",0.138845006143584,"exhausted"
"CTTGTGATCTGGCCCAATCCCAAC-1","slingPseudotime_2",21.451313238207,"CD8-41BB","aucell_proliferating_score",0,"proliferating"
"CTTGTGATCTGGCCCAATCCCAAC-1","slingPseudotime_2",21.451313238207,"CD8-41BB","aucell_naive_memory_score",0,"naive_memory"
"CTTGTGATCTGGCCCAATCCCAAC-1","slingPseudotime_2",21.451313238207,"CD8-41BB","aucell_cytotoxic_score",0.146568369317184,"cytotoxic"
"CTTTAACAGGTCACAGATCCCAAC-1","slingPseudotime_1",22.5241537551408,"CD8-41BB","aucell_exhausted_score",0.45550289626119,"exhausted"
"CTTTAACAGGTCACAGATCCCAAC-1","slingPseudotime_1",22.5241537551408,"CD8-41BB","aucell_proliferating_score",0,"proliferating"
"CTTTAACAGGTCACAGATCCCAAC-1","slingPseudotime_1",22.5241537551408,"CD8-41BB","aucell_naive_memory_score",0,"naive_memory"
"CTTTAACAGGTCACAGATCCCAAC-1","slingPseudotime_1",22.5241537551408,"CD8-41BB","aucell_cytotoxic_score",0.572933122696156,"cytotoxic"
"CTTTAACAGGTCACAGATCCCAAC-1","slingPseudotime_2",24.579259578155,"CD8-41BB","aucell_exhausted_score",0.45550289626119,"exhausted"
"CTTTAACAGGTCACAGATCCCAAC-1","slingPseudotime_2",24.579259578155,"CD8-41BB","aucell_proliferating_score",0,"proliferating"
"CTTTAACAGGTCACAGATCCCAAC-1","slingPseudotime_2",24.579259578155,"CD8-41BB","aucell_naive_memory_score",0,"naive_memory"
"CTTTAACAGGTCACAGATCCCAAC-1","slingPseudotime_2",24.579259578155,"CD8-41BB","aucell_cytotoxic_score",0.572933122696156,"cytotoxic"
"CTTTAGGTCTTTAGCGATCCCAAC-1","slingPseudotime_1",22.5241537551408,"CD8-41BB","aucell_exhausted_score",0.405476566614007,"exhausted"
"CTTTAGGTCTTTAGCGATCCCAAC-1","slingPseudotime_1",22.5241537551408,"CD8-41BB","aucell_proliferating_score",0,"proliferating"
"CTTTAGGTCTTTAGCGATCCCAAC-1","slingPseudotime_1",22.5241537551408,"CD8-41BB","aucell_naive_memory_score",0.0665263157894737,"naive_memory"
"CTTTAGGTCTTTAGCGATCCCAAC-1","slingPseudotime_1",22.5241537551408,"CD8-41BB","aucell_cytotoxic_score",0.492364402317009,"cytotoxic"
"CTTTAGGTCTTTAGCGATCCCAAC-1","slingPseudotime_2",23.8558146322159,"CD8-41BB","aucell_exhausted_score",0.405476566614007,"exhausted"
"CTTTAGGTCTTTAGCGATCCCAAC-1","slingPseudotime_2",23.8558146322159,"CD8-41BB","aucell_proliferating_score",0,"proliferating"
"CTTTAGGTCTTTAGCGATCCCAAC-1","slingPseudotime_2",23.8558146322159,"CD8-41BB","aucell_naive_memory_score",0.0665263157894737,"naive_memory"
"CTTTAGGTCTTTAGCGATCCCAAC-1","slingPseudotime_2",23.8558146322159,"CD8-41BB","aucell_cytotoxic_score",0.492364402317009,"cytotoxic"
"CTTTCATGTGTTCCAGATCCCAAC-1","slingPseudotime_1",17.7963277997658,"CD8-41BB","aucell_exhausted_score",0.710549411971213,"exhausted"
"CTTTCATGTGTTCCAGATCCCAAC-1","slingPseudotime_1",17.7963277997658,"CD8-41BB","aucell_proliferating_score",0,"proliferating"
"CTTTCATGTGTTCCAGATCCCAAC-1","slingPseudotime_1",17.7963277997658,"CD8-41BB","aucell_naive_memory_score",0,"naive_memory"
"CTTTCATGTGTTCCAGATCCCAAC-1","slingPseudotime_1",17.7963277997658,"CD8-41BB","aucell_cytotoxic_score",0.474284711251536,"cytotoxic"
"CTTTCATGTGTTCCAGATCCCAAC-1","slingPseudotime_2",19.1596706330631,"CD8-41BB","aucell_exhausted_score",0.710549411971213,"exhausted"
"CTTTCATGTGTTCCAGATCCCAAC-1","slingPseudotime_2",19.1596706330631,"CD8-41BB","aucell_proliferating_score",0,"proliferating"
"CTTTCATGTGTTCCAGATCCCAAC-1","slingPseudotime_2",19.1596706330631,"CD8-41BB","aucell_naive_memory_score",0,"naive_memory"
"CTTTCATGTGTTCCAGATCCCAAC-1","slingPseudotime_2",19.1596706330631,"CD8-41BB","aucell_cytotoxic_score",0.474284711251536,"cytotoxic"
"GAACGAAAGGCGGATCATCCCAAC-1","slingPseudotime_1",18.2781999884465,"CD8-41BB","aucell_exhausted_score",0.431630682815517,"exhausted"
"GAACGAAAGGCGGATCATCCCAAC-1","slingPseudotime_1",18.2781999884465,"CD8-41BB","aucell_proliferating_score",0,"proliferating"
"GAACGAAAGGCGGATCATCCCAAC-1","slingPseudotime_1",18.2781999884465,"CD8-41BB","aucell_naive_memory_score",0,"naive_memory"
"GAACGAAAGGCGGATCATCCCAAC-1","slingPseudotime_1",18.2781999884465,"CD8-41BB","aucell_cytotoxic_score",0,"cytotoxic"
"GAACGAAAGGCGGATCATCCCAAC-1","slingPseudotime_2",20.0934032577444,"CD8-41BB","aucell_exhausted_score",0.431630682815517,"exhausted"
"GAACGAAAGGCGGATCATCCCAAC-1","slingPseudotime_2",20.0934032577444,"CD8-41BB","aucell_proliferating_score",0,"proliferating"
"GAACGAAAGGCGGATCATCCCAAC-1","slingPseudotime_2",20.0934032577444,"CD8-41BB","aucell_naive_memory_score",0,"naive_memory"
"GAACGAAAGGCGGATCATCCCAAC-1","slingPseudotime_2",20.0934032577444,"CD8-41BB","aucell_cytotoxic_score",0,"cytotoxic"
"GAAGAATAGGTAATGCATCCCAAC-1","slingPseudotime_1",25.9052150792641,"CD8-41BB","aucell_exhausted_score",0.0340530103563279,"exhausted"
"GAAGAATAGGTAATGCATCCCAAC-1","slingPseudotime_1",25.9052150792641,"CD8-41BB","aucell_proliferating_score",0,"proliferating"
"GAAGAATAGGTAATGCATCCCAAC-1","slingPseudotime_1",25.9052150792641,"CD8-41BB","aucell_naive_memory_score",0,"naive_memory"
"GAAGAATAGGTAATGCATCCCAAC-1","slingPseudotime_1",25.9052150792641,"CD8-41BB","aucell_cytotoxic_score",0.200982973494822,"cytotoxic"
"GAAGAATAGGTAATGCATCCCAAC-1","slingPseudotime_2",26.4746432767915,"CD8-41BB","aucell_exhausted_score",0.0340530103563279,"exhausted"
"GAAGAATAGGTAATGCATCCCAAC-1","slingPseudotime_2",26.4746432767915,"CD8-41BB","aucell_proliferating_score",0,"proliferating"
"GAAGAATAGGTAATGCATCCCAAC-1","slingPseudotime_2",26.4746432767915,"CD8-41BB","aucell_naive_memory_score",0,"naive_memory"
"GAAGAATAGGTAATGCATCCCAAC-1","slingPseudotime_2",26.4746432767915,"CD8-41BB","aucell_cytotoxic_score",0.200982973494822,"cytotoxic"
"GAAGCACGTGATAAACATCCCAAC-1","slingPseudotime_1",12.6934011868588,"CD8-41BB","aucell_exhausted_score",0.163594874495348,"exhausted"
"GAAGCACGTGATAAACATCCCAAC-1","slingPseudotime_1",12.6934011868588,"CD8-41BB","aucell_proliferating_score",0.0212631578947368,"proliferating"
"GAAGCACGTGATAAACATCCCAAC-1","slingPseudotime_1",12.6934011868588,"CD8-41BB","aucell_naive_memory_score",0,"naive_memory"
"GAAGCACGTGATAAACATCCCAAC-1","slingPseudotime_1",12.6934011868588,"CD8-41BB","aucell_cytotoxic_score",0.165525715288748,"cytotoxic"
"GAAGCACGTGATAAACATCCCAAC-1","slingPseudotime_2",13.0230999560168,"CD8-41BB","aucell_exhausted_score",0.163594874495348,"exhausted"
"GAAGCACGTGATAAACATCCCAAC-1","slingPseudotime_2",13.0230999560168,"CD8-41BB","aucell_proliferating_score",0.0212631578947368,"proliferating"
"GAAGCACGTGATAAACATCCCAAC-1","slingPseudotime_2",13.0230999560168,"CD8-41BB","aucell_naive_memory_score",0,"naive_memory"
"GAAGCACGTGATAAACATCCCAAC-1","slingPseudotime_2",13.0230999560168,"CD8-41BB","aucell_cytotoxic_score",0.165525715288748,"cytotoxic"
"GAAGGCTGTAGCCACCATCCCAAC-1","slingPseudotime_1",16.4440417714172,"CD8-41BB","aucell_exhausted_score",0.17605757416184,"exhausted"
"GAAGGCTGTAGCCACCATCCCAAC-1","slingPseudotime_1",16.4440417714172,"CD8-41BB","aucell_proliferating_score",0,"proliferating"
"GAAGGCTGTAGCCACCATCCCAAC-1","slingPseudotime_1",16.4440417714172,"CD8-41BB","aucell_naive_memory_score",0,"naive_memory"
"GAAGGCTGTAGCCACCATCCCAAC-1","slingPseudotime_1",16.4440417714172,"CD8-41BB","aucell_cytotoxic_score",0.484465508162191,"cytotoxic"
"GAAGGCTGTAGCCACCATCCCAAC-1","slingPseudotime_2",17.5488181743554,"CD8-41BB","aucell_exhausted_score",0.17605757416184,"exhausted"
"GAAGGCTGTAGCCACCATCCCAAC-1","slingPseudotime_2",17.5488181743554,"CD8-41BB","aucell_proliferating_score",0,"proliferating"
"GAAGGCTGTAGCCACCATCCCAAC-1","slingPseudotime_2",17.5488181743554,"CD8-41BB","aucell_naive_memory_score",0,"naive_memory"
"GAAGGCTGTAGCCACCATCCCAAC-1","slingPseudotime_2",17.5488181743554,"CD8-41BB","aucell_cytotoxic_score",0.484465508162191,"cytotoxic"
"GAAGGGTAGAAGGTTCATCCCAAC-1","slingPseudotime_1",3.32177497097219,"CD8-41BB","aucell_exhausted_score",0.0724942952431104,"exhausted"
"GAAGGGTAGAAGGTTCATCCCAAC-1","slingPseudotime_1",3.32177497097219,"CD8-41BB","aucell_proliferating_score",0,"proliferating"
"GAAGGGTAGAAGGTTCATCCCAAC-1","slingPseudotime_1",3.32177497097219,"CD8-41BB","aucell_naive_memory_score",0.127789473684211,"naive_memory"
"GAAGGGTAGAAGGTTCATCCCAAC-1","slingPseudotime_1",3.32177497097219,"CD8-41BB","aucell_cytotoxic_score",0.283482534667369,"cytotoxic"
"GAAGGGTAGAAGGTTCATCCCAAC-1","slingPseudotime_2",3.9765267075658,"CD8-41BB","aucell_exhausted_score",0.0724942952431104,"exhausted"
"GAAGGGTAGAAGGTTCATCCCAAC-1","slingPseudotime_2",3.9765267075658,"CD8-41BB","aucell_proliferating_score",0,"proliferating"
"GAAGGGTAGAAGGTTCATCCCAAC-1","slingPseudotime_2",3.9765267075658,"CD8-41BB","aucell_naive_memory_score",0.127789473684211,"naive_memory"
"GAAGGGTAGAAGGTTCATCCCAAC-1","slingPseudotime_2",3.9765267075658,"CD8-41BB","aucell_cytotoxic_score",0.283482534667369,"cytotoxic"
"GAATGGTTCAAGGTGTATCCCAAC-1","slingPseudotime_1",18.4735737644209,"CD8-41BB","aucell_exhausted_score",0.0968931016324381,"exhausted"
"GAATGGTTCAAGGTGTATCCCAAC-1","slingPseudotime_1",18.4735737644209,"CD8-41BB","aucell_proliferating_score",0,"proliferating"
"GAATGGTTCAAGGTGTATCCCAAC-1","slingPseudotime_1",18.4735737644209,"CD8-41BB","aucell_naive_memory_score",0,"naive_memory"
"GAATGGTTCAAGGTGTATCCCAAC-1","slingPseudotime_1",18.4735737644209,"CD8-41BB","aucell_cytotoxic_score",0.408285062313498,"cytotoxic"
"GAATGGTTCAAGGTGTATCCCAAC-1","slingPseudotime_2",19.555238889958,"CD8-41BB","aucell_exhausted_score",0.0968931016324381,"exhausted"
"GAATGGTTCAAGGTGTATCCCAAC-1","slingPseudotime_2",19.555238889958,"CD8-41BB","aucell_proliferating_score",0,"proliferating"
"GAATGGTTCAAGGTGTATCCCAAC-1","slingPseudotime_2",19.555238889958,"CD8-41BB","aucell_naive_memory_score",0,"naive_memory"
"GAATGGTTCAAGGTGTATCCCAAC-1","slingPseudotime_2",19.555238889958,"CD8-41BB","aucell_cytotoxic_score",0.408285062313498,"cytotoxic"
"GAATTGATCAGCACCTATCCCAAC-1","slingPseudotime_1",15.210315618583,"CD8-41BB","aucell_exhausted_score",0,"exhausted"
"GAATTGATCAGCACCTATCCCAAC-1","slingPseudotime_1",15.210315618583,"CD8-41BB","aucell_proliferating_score",0,"proliferating"
"GAATTGATCAGCACCTATCCCAAC-1","slingPseudotime_1",15.210315618583,"CD8-41BB","aucell_naive_memory_score",0,"naive_memory"
"GAATTGATCAGCACCTATCCCAAC-1","slingPseudotime_1",15.210315618583,"CD8-41BB","aucell_cytotoxic_score",0.200280849569949,"cytotoxic"
"GAATTGATCAGCACCTATCCCAAC-1","slingPseudotime_2",15.9406474675991,"CD8-41BB","aucell_exhausted_score",0,"exhausted"
"GAATTGATCAGCACCTATCCCAAC-1","slingPseudotime_2",15.9406474675991,"CD8-41BB","aucell_proliferating_score",0,"proliferating"
"GAATTGATCAGCACCTATCCCAAC-1","slingPseudotime_2",15.9406474675991,"CD8-41BB","aucell_naive_memory_score",0,"naive_memory"
"GAATTGATCAGCACCTATCCCAAC-1","slingPseudotime_2",15.9406474675991,"CD8-41BB","aucell_cytotoxic_score",0.200280849569949,"cytotoxic"
"GACAAACTCCATAACTATCCCAAC-1","slingPseudotime_1",19.9441597651962,"CD8-41BB","aucell_exhausted_score",0.0577496928207829,"exhausted"
"GACAAACTCCATAACTATCCCAAC-1","slingPseudotime_1",19.9441597651962,"CD8-41BB","aucell_proliferating_score",0,"proliferating"
"GACAAACTCCATAACTATCCCAAC-1","slingPseudotime_1",19.9441597651962,"CD8-41BB","aucell_naive_memory_score",0,"naive_memory"
"GACAAACTCCATAACTATCCCAAC-1","slingPseudotime_1",19.9441597651962,"CD8-41BB","aucell_cytotoxic_score",0.167105494119712,"cytotoxic"
"GACAAACTCCATAACTATCCCAAC-1","slingPseudotime_2",29.2657091649265,"CD8-41BB","aucell_exhausted_score",0.0577496928207829,"exhausted"
"GACAAACTCCATAACTATCCCAAC-1","slingPseudotime_2",29.2657091649265,"CD8-41BB","aucell_proliferating_score",0,"proliferating"
"GACAAACTCCATAACTATCCCAAC-1","slingPseudotime_2",29.2657091649265,"CD8-41BB","aucell_naive_memory_score",0,"naive_memory"
"GACAAACTCCATAACTATCCCAAC-1","slingPseudotime_2",29.2657091649265,"CD8-41BB","aucell_cytotoxic_score",0.167105494119712,"cytotoxic"
"GACAGGCTCCATGATTATCCCAAC-1","slingPseudotime_1",15.095821723289,"CD8-41BB","aucell_exhausted_score",0,"exhausted"
"GACAGGCTCCATGATTATCCCAAC-1","slingPseudotime_1",15.095821723289,"CD8-41BB","aucell_proliferating_score",0,"proliferating"
"GACAGGCTCCATGATTATCCCAAC-1","slingPseudotime_1",15.095821723289,"CD8-41BB","aucell_naive_memory_score",0,"naive_memory"
"GACAGGCTCCATGATTATCCCAAC-1","slingPseudotime_1",15.095821723289,"CD8-41BB","aucell_cytotoxic_score",0.31911532385466,"cytotoxic"
"GACAGGCTCCATGATTATCCCAAC-1","slingPseudotime_2",16.1025016690899,"CD8-41BB","aucell_exhausted_score",0,"exhausted"
"GACAGGCTCCATGATTATCCCAAC-1","slingPseudotime_2",16.1025016690899,"CD8-41BB","aucell_proliferating_score",0,"proliferating"
"GACAGGCTCCATGATTATCCCAAC-1","slingPseudotime_2",16.1025016690899,"CD8-41BB","aucell_naive_memory_score",0,"naive_memory"
"GACAGGCTCCATGATTATCCCAAC-1","slingPseudotime_2",16.1025016690899,"CD8-41BB","aucell_cytotoxic_score",0.31911532385466,"cytotoxic"
"GACAGTTAGCGCCTTGATCCCAAC-1","slingPseudotime_1",25.9895660593656,"CD8-41BB","aucell_exhausted_score",0,"exhausted"
"GACAGTTAGCGCCTTGATCCCAAC-1","slingPseudotime_1",25.9895660593656,"CD8-41BB","aucell_proliferating_score",0,"proliferating"
"GACAGTTAGCGCCTTGATCCCAAC-1","slingPseudotime_1",25.9895660593656,"CD8-41BB","aucell_naive_memory_score",0.182526315789474,"naive_memory"
"GACAGTTAGCGCCTTGATCCCAAC-1","slingPseudotime_1",25.9895660593656,"CD8-41BB","aucell_cytotoxic_score",0.0837282780410742,"cytotoxic"
"GACAGTTAGCGCCTTGATCCCAAC-1","slingPseudotime_2",25.4592394379617,"CD8-41BB","aucell_exhausted_score",0,"exhausted"
"GACAGTTAGCGCCTTGATCCCAAC-1","slingPseudotime_2",25.4592394379617,"CD8-41BB","aucell_proliferating_score",0,"proliferating"
"GACAGTTAGCGCCTTGATCCCAAC-1","slingPseudotime_2",25.4592394379617,"CD8-41BB","aucell_naive_memory_score",0.182526315789474,"naive_memory"
"GACAGTTAGCGCCTTGATCCCAAC-1","slingPseudotime_2",25.4592394379617,"CD8-41BB","aucell_cytotoxic_score",0.0837282780410742,"cytotoxic"
"GACATCCTCACAAGCGATCCCAAC-1","slingPseudotime_1",17.1197620418731,"CD8-41BB","aucell_exhausted_score",0.200807442513604,"exhausted"
"GACATCCTCACAAGCGATCCCAAC-1","slingPseudotime_1",17.1197620418731,"CD8-41BB","aucell_proliferating_score",0,"proliferating"
"GACATCCTCACAAGCGATCCCAAC-1","slingPseudotime_1",17.1197620418731,"CD8-41BB","aucell_naive_memory_score",0,"naive_memory"
"GACATCCTCACAAGCGATCCCAAC-1","slingPseudotime_1",17.1197620418731,"CD8-41BB","aucell_cytotoxic_score",0.331402492539933,"cytotoxic"
"GACATCCTCACAAGCGATCCCAAC-1","slingPseudotime_2",18.3182500848437,"CD8-41BB","aucell_exhausted_score",0.200807442513604,"exhausted"
"GACATCCTCACAAGCGATCCCAAC-1","slingPseudotime_2",18.3182500848437,"CD8-41BB","aucell_proliferating_score",0,"proliferating"
"GACATCCTCACAAGCGATCCCAAC-1","slingPseudotime_2",18.3182500848437,"CD8-41BB","aucell_naive_memory_score",0,"naive_memory"
"GACATCCTCACAAGCGATCCCAAC-1","slingPseudotime_2",18.3182500848437,"CD8-41BB","aucell_cytotoxic_score",0.331402492539933,"cytotoxic"
"GACATCCTCGTAGTTTATCCCAAC-1","slingPseudotime_1",22.5638575086523,"CD8-41BB","aucell_exhausted_score",0.418114797261717,"exhausted"
"GACATCCTCGTAGTTTATCCCAAC-1","slingPseudotime_1",22.5638575086523,"CD8-41BB","aucell_proliferating_score",0,"proliferating"
"GACATCCTCGTAGTTTATCCCAAC-1","slingPseudotime_1",22.5638575086523,"CD8-41BB","aucell_naive_memory_score",0,"naive_memory"
"GACATCCTCGTAGTTTATCCCAAC-1","slingPseudotime_1",22.5638575086523,"CD8-41BB","aucell_cytotoxic_score",0.328418465859224,"cytotoxic"
"GACATCCTCGTAGTTTATCCCAAC-1","slingPseudotime_2",24.085577407303,"CD8-41BB","aucell_exhausted_score",0.418114797261717,"exhausted"
"GACATCCTCGTAGTTTATCCCAAC-1","slingPseudotime_2",24.085577407303,"CD8-41BB","aucell_proliferating_score",0,"proliferating"
"GACATCCTCGTAGTTTATCCCAAC-1","slingPseudotime_2",24.085577407303,"CD8-41BB","aucell_naive_memory_score",0,"naive_memory"
"GACATCCTCGTAGTTTATCCCAAC-1","slingPseudotime_2",24.085577407303,"CD8-41BB","aucell_cytotoxic_score",0.328418465859224,"cytotoxic"
"GACATGCCATCTATCAATCCCAAC-1","slingPseudotime_1",17.0221132941506,"CD8-41BB","aucell_exhausted_score",0.301211163770405,"exhausted"
"GACATGCCATCTATCAATCCCAAC-1","slingPseudotime_1",17.0221132941506,"CD8-41BB","aucell_proliferating_score",0,"proliferating"
"GACATGCCATCTATCAATCCCAAC-1","slingPseudotime_1",17.0221132941506,"CD8-41BB","aucell_naive_memory_score",0.0766315789473684,"naive_memory"
"GACATGCCATCTATCAATCCCAAC-1","slingPseudotime_1",17.0221132941506,"CD8-41BB","aucell_cytotoxic_score",0.161312971739512,"cytotoxic"
"GACATGCCATCTATCAATCCCAAC-1","slingPseudotime_2",18.8129418106352,"CD8-41BB","aucell_exhausted_score",0.301211163770405,"exhausted"
"GACATGCCATCTATCAATCCCAAC-1","slingPseudotime_2",18.8129418106352,"CD8-41BB","aucell_proliferating_score",0,"proliferating"
"GACATGCCATCTATCAATCCCAAC-1","slingPseudotime_2",18.8129418106352,"CD8-41BB","aucell_naive_memory_score",0.0766315789473684,"naive_memory"
"GACATGCCATCTATCAATCCCAAC-1","slingPseudotime_2",18.8129418106352,"CD8-41BB","aucell_cytotoxic_score",0.161312971739512,"cytotoxic"
"GACATGCCATTCAACCATCCCAAC-1","slingPseudotime_1",25.6332788818507,"CD8-41BB","aucell_exhausted_score",0.123222748815166,"exhausted"
"GACATGCCATTCAACCATCCCAAC-1","slingPseudotime_1",25.6332788818507,"CD8-41BB","aucell_proliferating_score",0,"proliferating"
"GACATGCCATTCAACCATCCCAAC-1","slingPseudotime_1",25.6332788818507,"CD8-41BB","aucell_naive_memory_score",0,"naive_memory"
"GACATGCCATTCAACCATCCCAAC-1","slingPseudotime_1",25.6332788818507,"CD8-41BB","aucell_cytotoxic_score",0.649640161488503,"cytotoxic"
"GACATGCCATTCAACCATCCCAAC-1","slingPseudotime_2",25.2969710228763,"CD8-41BB","aucell_exhausted_score",0.123222748815166,"exhausted"
"GACATGCCATTCAACCATCCCAAC-1","slingPseudotime_2",25.2969710228763,"CD8-41BB","aucell_proliferating_score",0,"proliferating"
"GACATGCCATTCAACCATCCCAAC-1","slingPseudotime_2",25.2969710228763,"CD8-41BB","aucell_naive_memory_score",0,"naive_memory"
"GACATGCCATTCAACCATCCCAAC-1","slingPseudotime_2",25.2969710228763,"CD8-41BB","aucell_cytotoxic_score",0.649640161488503,"cytotoxic"
"GACATTGCAAACTTCCATCCCAAC-1","slingPseudotime_1",18.7239108826037,"CD8-41BB","aucell_exhausted_score",0.11795681937862,"exhausted"
"GACATTGCAAACTTCCATCCCAAC-1","slingPseudotime_1",18.7239108826037,"CD8-41BB","aucell_proliferating_score",0,"proliferating"
"GACATTGCAAACTTCCATCCCAAC-1","slingPseudotime_1",18.7239108826037,"CD8-41BB","aucell_naive_memory_score",0.375789473684211,"naive_memory"
"GACATTGCAAACTTCCATCCCAAC-1","slingPseudotime_1",18.7239108826037,"CD8-41BB","aucell_cytotoxic_score",0.498156924697209,"cytotoxic"
"GACATTGCAAACTTCCATCCCAAC-1","slingPseudotime_2",20.0541828270734,"CD8-41BB","aucell_exhausted_score",0.11795681937862,"exhausted"
"GACATTGCAAACTTCCATCCCAAC-1","slingPseudotime_2",20.0541828270734,"CD8-41BB","aucell_proliferating_score",0,"proliferating"
"GACATTGCAAACTTCCATCCCAAC-1","slingPseudotime_2",20.0541828270734,"CD8-41BB","aucell_naive_memory_score",0.375789473684211,"naive_memory"
"GACATTGCAAACTTCCATCCCAAC-1","slingPseudotime_2",20.0541828270734,"CD8-41BB","aucell_cytotoxic_score",0.498156924697209,"cytotoxic"
"GACCAAGTCCATAAAGATCCCAAC-1","slingPseudotime_1",26.437126667596,"CD8-41BB","aucell_exhausted_score",0,"exhausted"
"GACCAAGTCCATAAAGATCCCAAC-1","slingPseudotime_1",26.437126667596,"CD8-41BB","aucell_proliferating_score",0,"proliferating"
"GACCAAGTCCATAAAGATCCCAAC-1","slingPseudotime_1",26.437126667596,"CD8-41BB","aucell_naive_memory_score",0.177894736842105,"naive_memory"
"GACCAAGTCCATAAAGATCCCAAC-1","slingPseudotime_1",26.437126667596,"CD8-41BB","aucell_cytotoxic_score",0.00333508864314552,"cytotoxic"
"GACCAAGTCCATAAAGATCCCAAC-1","slingPseudotime_2",26.2089847355456,"CD8-41BB","aucell_exhausted_score",0,"exhausted"
"GACCAAGTCCATAAAGATCCCAAC-1","slingPseudotime_2",26.2089847355456,"CD8-41BB","aucell_proliferating_score",0,"proliferating"
"GACCAAGTCCATAAAGATCCCAAC-1","slingPseudotime_2",26.2089847355456,"CD8-41BB","aucell_naive_memory_score",0.177894736842105,"naive_memory"
"GACCAAGTCCATAAAGATCCCAAC-1","slingPseudotime_2",26.2089847355456,"CD8-41BB","aucell_cytotoxic_score",0.00333508864314552,"cytotoxic"
"GACCAATAGGGCGGAAATCCCAAC-1","slingPseudotime_1",13.4610921428703,"CD8-41BB","aucell_exhausted_score",0,"exhausted"
"GACCAATAGGGCGGAAATCCCAAC-1","slingPseudotime_1",13.4610921428703,"CD8-41BB","aucell_proliferating_score",0,"proliferating"
"GACCAATAGGGCGGAAATCCCAAC-1","slingPseudotime_1",13.4610921428703,"CD8-41BB","aucell_naive_memory_score",0.410526315789474,"naive_memory"
"GACCAATAGGGCGGAAATCCCAAC-1","slingPseudotime_1",13.4610921428703,"CD8-41BB","aucell_cytotoxic_score",0.313498332455678,"cytotoxic"
"GACCAATAGGGCGGAAATCCCAAC-1","slingPseudotime_2",14.1833230201446,"CD8-41BB","aucell_exhausted_score",0,"exhausted"
"GACCAATAGGGCGGAAATCCCAAC-1","slingPseudotime_2",14.1833230201446,"CD8-41BB","aucell_proliferating_score",0,"proliferating"
"GACCAATAGGGCGGAAATCCCAAC-1","slingPseudotime_2",14.1833230201446,"CD8-41BB","aucell_naive_memory_score",0.410526315789474,"naive_memory"
"GACCAATAGGGCGGAAATCCCAAC-1","slingPseudotime_2",14.1833230201446,"CD8-41BB","aucell_cytotoxic_score",0.313498332455678,"cytotoxic"
"GACCAATAGTGATTAGATCCCAAC-1","slingPseudotime_1",17.7963277997658,"CD8-41BB","aucell_exhausted_score",0.123222748815166,"exhausted"
"GACCAATAGTGATTAGATCCCAAC-1","slingPseudotime_1",17.7963277997658,"CD8-41BB","aucell_proliferating_score",0,"proliferating"
"GACCAATAGTGATTAGATCCCAAC-1","slingPseudotime_1",17.7963277997658,"CD8-41BB","aucell_naive_memory_score",0,"naive_memory"
"GACCAATAGTGATTAGATCCCAAC-1","slingPseudotime_1",17.7963277997658,"CD8-41BB","aucell_cytotoxic_score",0.334210988239424,"cytotoxic"
"GACCAATAGTGATTAGATCCCAAC-1","slingPseudotime_2",18.2613491305209,"CD8-41BB","aucell_exhausted_score",0.123222748815166,"exhausted"
"GACCAATAGTGATTAGATCCCAAC-1","slingPseudotime_2",18.2613491305209,"CD8-41BB","aucell_proliferating_score",0,"proliferating"
"GACCAATAGTGATTAGATCCCAAC-1","slingPseudotime_2",18.2613491305209,"CD8-41BB","aucell_naive_memory_score",0,"naive_memory"
"GACCAATAGTGATTAGATCCCAAC-1","slingPseudotime_2",18.2613491305209,"CD8-41BB","aucell_cytotoxic_score",0.334210988239424,"cytotoxic"
"GACCCAAAGGCTAGATATCCCAAC-1","slingPseudotime_1",29.8085338727723,"CD8-41BB","aucell_exhausted_score",0.307354748113042,"exhausted"
"GACCCAAAGGCTAGATATCCCAAC-1","slingPseudotime_1",29.8085338727723,"CD8-41BB","aucell_proliferating_score",0,"proliferating"
"GACCCAAAGGCTAGATATCCCAAC-1","slingPseudotime_1",29.8085338727723,"CD8-41BB","aucell_naive_memory_score",0.186315789473684,"naive_memory"
"GACCCAAAGGCTAGATATCCCAAC-1","slingPseudotime_1",29.8085338727723,"CD8-41BB","aucell_cytotoxic_score",0.294189924521678,"cytotoxic"
"GACGAGGAGGATTATGATCCCAAC-1","slingPseudotime_1",14.2272648880476,"CD8-41BB","aucell_exhausted_score",0.0558188520273828,"exhausted"
"GACGAGGAGGATTATGATCCCAAC-1","slingPseudotime_1",14.2272648880476,"CD8-41BB","aucell_proliferating_score",0,"proliferating"
"GACGAGGAGGATTATGATCCCAAC-1","slingPseudotime_1",14.2272648880476,"CD8-41BB","aucell_naive_memory_score",0,"naive_memory"
"GACGAGGAGGATTATGATCCCAAC-1","slingPseudotime_1",14.2272648880476,"CD8-41BB","aucell_cytotoxic_score",0.195541513077058,"cytotoxic"
"GACGAGGAGGATTATGATCCCAAC-1","slingPseudotime_2",14.9111934886733,"CD8-41BB","aucell_exhausted_score",0.0558188520273828,"exhausted"
"GACGAGGAGGATTATGATCCCAAC-1","slingPseudotime_2",14.9111934886733,"CD8-41BB","aucell_proliferating_score",0,"proliferating"
"GACGAGGAGGATTATGATCCCAAC-1","slingPseudotime_2",14.9111934886733,"CD8-41BB","aucell_naive_memory_score",0,"naive_memory"
"GACGAGGAGGATTATGATCCCAAC-1","slingPseudotime_2",14.9111934886733,"CD8-41BB","aucell_cytotoxic_score",0.195541513077058,"cytotoxic"
"GACGAGGAGGGTTTGGATCCCAAC-1","slingPseudotime_1",9.81879219983523,"CD8-41BB","aucell_exhausted_score",0,"exhausted"
"GACGAGGAGGGTTTGGATCCCAAC-1","slingPseudotime_1",9.81879219983523,"CD8-41BB","aucell_proliferating_score",0,"proliferating"
"GACGAGGAGGGTTTGGATCCCAAC-1","slingPseudotime_1",9.81879219983523,"CD8-41BB","aucell_naive_memory_score",0.245263157894737,"naive_memory"
"GACGAGGAGGGTTTGGATCCCAAC-1","slingPseudotime_1",9.81879219983523,"CD8-41BB","aucell_cytotoxic_score",0,"cytotoxic"
"GACGAGGAGGGTTTGGATCCCAAC-1","slingPseudotime_2",10.6607690147486,"CD8-41BB","aucell_exhausted_score",0,"exhausted"
"GACGAGGAGGGTTTGGATCCCAAC-1","slingPseudotime_2",10.6607690147486,"CD8-41BB","aucell_proliferating_score",0,"proliferating"
"GACGAGGAGGGTTTGGATCCCAAC-1","slingPseudotime_2",10.6607690147486,"CD8-41BB","aucell_naive_memory_score",0.245263157894737,"naive_memory"
"GACGAGGAGGGTTTGGATCCCAAC-1","slingPseudotime_2",10.6607690147486,"CD8-41BB","aucell_cytotoxic_score",0,"cytotoxic"
"GACTAACAGTCCTCAAATCCCAAC-1","slingPseudotime_1",70.2261277397173,"CD8-41BB","aucell_exhausted_score",0.0753027909426014,"exhausted"
"GACTAACAGTCCTCAAATCCCAAC-1","slingPseudotime_1",70.2261277397173,"CD8-41BB","aucell_proliferating_score",0.498947368421053,"proliferating"
"GACTAACAGTCCTCAAATCCCAAC-1","slingPseudotime_1",70.2261277397173,"CD8-41BB","aucell_naive_memory_score",0,"naive_memory"
"GACTAACAGTCCTCAAATCCCAAC-1","slingPseudotime_1",70.2261277397173,"CD8-41BB","aucell_cytotoxic_score",0.30559943830086,"cytotoxic"
"GACTAAGGTGCTCATGATCCCAAC-1","slingPseudotime_1",14.7104060338239,"CD8-41BB","aucell_exhausted_score",0.0903984553273653,"exhausted"
"GACTAAGGTGCTCATGATCCCAAC-1","slingPseudotime_1",14.7104060338239,"CD8-41BB","aucell_proliferating_score",0,"proliferating"
"GACTAAGGTGCTCATGATCCCAAC-1","slingPseudotime_1",14.7104060338239,"CD8-41BB","aucell_naive_memory_score",0,"naive_memory"
"GACTAAGGTGCTCATGATCCCAAC-1","slingPseudotime_1",14.7104060338239,"CD8-41BB","aucell_cytotoxic_score",0.0984728804634018,"cytotoxic"
"GACTAAGGTGCTCATGATCCCAAC-1","slingPseudotime_2",15.5656298861433,"CD8-41BB","aucell_exhausted_score",0.0903984553273653,"exhausted"
"GACTAAGGTGCTCATGATCCCAAC-1","slingPseudotime_2",15.5656298861433,"CD8-41BB","aucell_proliferating_score",0,"proliferating"
"GACTAAGGTGCTCATGATCCCAAC-1","slingPseudotime_2",15.5656298861433,"CD8-41BB","aucell_naive_memory_score",0,"naive_memory"
"GACTAAGGTGCTCATGATCCCAAC-1","slingPseudotime_2",15.5656298861433,"CD8-41BB","aucell_cytotoxic_score",0.0984728804634018,"cytotoxic"
"GACTTGCTCGCCTCTCATCCCAAC-1","slingPseudotime_1",22.5241537551408,"CD8-41BB","aucell_exhausted_score",0.467439002984027,"exhausted"
"GACTTGCTCGCCTCTCATCCCAAC-1","slingPseudotime_1",22.5241537551408,"CD8-41BB","aucell_proliferating_score",0,"proliferating"
"GACTTGCTCGCCTCTCATCCCAAC-1","slingPseudotime_1",22.5241537551408,"CD8-41BB","aucell_naive_memory_score",0,"naive_memory"
"GACTTGCTCGCCTCTCATCCCAAC-1","slingPseudotime_1",22.5241537551408,"CD8-41BB","aucell_cytotoxic_score",0.777251184834123,"cytotoxic"
"GACTTGCTCGCCTCTCATCCCAAC-1","slingPseudotime_2",24.5076185940376,"CD8-41BB","aucell_exhausted_score",0.467439002984027,"exhausted"
"GACTTGCTCGCCTCTCATCCCAAC-1","slingPseudotime_2",24.5076185940376,"CD8-41BB","aucell_proliferating_score",0,"proliferating"
"GACTTGCTCGCCTCTCATCCCAAC-1","slingPseudotime_2",24.5076185940376,"CD8-41BB","aucell_naive_memory_score",0,"naive_memory"
"GACTTGCTCGCCTCTCATCCCAAC-1","slingPseudotime_2",24.5076185940376,"CD8-41BB","aucell_cytotoxic_score",0.777251184834123,"cytotoxic"
"GACTTTGTCGCGTTACATCCCAAC-1","slingPseudotime_1",25.002680105373,"CD8-41BB","aucell_exhausted_score",0.106196243637002,"exhausted"
"GACTTTGTCGCGTTACATCCCAAC-1","slingPseudotime_1",25.002680105373,"CD8-41BB","aucell_proliferating_score",0,"proliferating"
"GACTTTGTCGCGTTACATCCCAAC-1","slingPseudotime_1",25.002680105373,"CD8-41BB","aucell_naive_memory_score",0.291368421052632,"naive_memory"
"GACTTTGTCGCGTTACATCCCAAC-1","slingPseudotime_1",25.002680105373,"CD8-41BB","aucell_cytotoxic_score",0.326663156047042,"cytotoxic"
"GACTTTGTCGCGTTACATCCCAAC-1","slingPseudotime_2",26.335215441568,"CD8-41BB","aucell_exhausted_score",0.106196243637002,"exhausted"
"GACTTTGTCGCGTTACATCCCAAC-1","slingPseudotime_2",26.335215441568,"CD8-41BB","aucell_proliferating_score",0,"proliferating"
"GACTTTGTCGCGTTACATCCCAAC-1","slingPseudotime_2",26.335215441568,"CD8-41BB","aucell_naive_memory_score",0.291368421052632,"naive_memory"
"GACTTTGTCGCGTTACATCCCAAC-1","slingPseudotime_2",26.335215441568,"CD8-41BB","aucell_cytotoxic_score",0.326663156047042,"cytotoxic"
"GAGCCATCAAACACGCATCCCAAC-1","slingPseudotime_1",23.8517476884013,"CD8-41BB","aucell_exhausted_score",0,"exhausted"
"GAGCCATCAAACACGCATCCCAAC-1","slingPseudotime_1",23.8517476884013,"CD8-41BB","aucell_proliferating_score",0,"proliferating"
"GAGCCATCAAACACGCATCCCAAC-1","slingPseudotime_1",23.8517476884013,"CD8-41BB","aucell_naive_memory_score",0,"naive_memory"
"GAGCCATCAAACACGCATCCCAAC-1","slingPseudotime_1",23.8517476884013,"CD8-41BB","aucell_cytotoxic_score",0.65859224153063,"cytotoxic"
"GAGCCATCAAACACGCATCCCAAC-1","slingPseudotime_2",25.1630576212916,"CD8-41BB","aucell_exhausted_score",0,"exhausted"
"GAGCCATCAAACACGCATCCCAAC-1","slingPseudotime_2",25.1630576212916,"CD8-41BB","aucell_proliferating_score",0,"proliferating"
"GAGCCATCAAACACGCATCCCAAC-1","slingPseudotime_2",25.1630576212916,"CD8-41BB","aucell_naive_memory_score",0,"naive_memory"
"GAGCCATCAAACACGCATCCCAAC-1","slingPseudotime_2",25.1630576212916,"CD8-41BB","aucell_cytotoxic_score",0.65859224153063,"cytotoxic"
"GAGGATGCAAGCGAAGATCCCAAC-1","slingPseudotime_1",33.8377765447821,"CD8-41BB","aucell_exhausted_score",0.164648060382658,"exhausted"
"GAGGATGCAAGCGAAGATCCCAAC-1","slingPseudotime_1",33.8377765447821,"CD8-41BB","aucell_proliferating_score",0.229473684210526,"proliferating"
"GAGGATGCAAGCGAAGATCCCAAC-1","slingPseudotime_1",33.8377765447821,"CD8-41BB","aucell_naive_memory_score",0.0987368421052632,"naive_memory"
"GAGGATGCAAGCGAAGATCCCAAC-1","slingPseudotime_1",33.8377765447821,"CD8-41BB","aucell_cytotoxic_score",0.468667719852554,"cytotoxic"
"GAGGATGCAAGCGAAGATCCCAAC-1","slingPseudotime_2",30.6362402155678,"CD8-41BB","aucell_exhausted_score",0.164648060382658,"exhausted"
"GAGGATGCAAGCGAAGATCCCAAC-1","slingPseudotime_2",30.6362402155678,"CD8-41BB","aucell_proliferating_score",0.229473684210526,"proliferating"
"GAGGATGCAAGCGAAGATCCCAAC-1","slingPseudotime_2",30.6362402155678,"CD8-41BB","aucell_naive_memory_score",0.0987368421052632,"naive_memory"
"GAGGATGCAAGCGAAGATCCCAAC-1","slingPseudotime_2",30.6362402155678,"CD8-41BB","aucell_cytotoxic_score",0.468667719852554,"cytotoxic"
"GAGTAATGTACCTAGTATCCCAAC-1","slingPseudotime_1",19.4168791660553,"CD8-41BB","aucell_exhausted_score",0.401439354045989,"exhausted"
"GAGTAATGTACCTAGTATCCCAAC-1","slingPseudotime_1",19.4168791660553,"CD8-41BB","aucell_proliferating_score",0,"proliferating"
"GAGTAATGTACCTAGTATCCCAAC-1","slingPseudotime_1",19.4168791660553,"CD8-41BB","aucell_naive_memory_score",0,"naive_memory"
"GAGTAATGTACCTAGTATCCCAAC-1","slingPseudotime_1",19.4168791660553,"CD8-41BB","aucell_cytotoxic_score",0.452343338599263,"cytotoxic"
"GAGTAATGTACCTAGTATCCCAAC-1","slingPseudotime_2",20.8558977696125,"CD8-41BB","aucell_exhausted_score",0.401439354045989,"exhausted"
"GAGTAATGTACCTAGTATCCCAAC-1","slingPseudotime_2",20.8558977696125,"CD8-41BB","aucell_proliferating_score",0,"proliferating"
"GAGTAATGTACCTAGTATCCCAAC-1","slingPseudotime_2",20.8558977696125,"CD8-41BB","aucell_naive_memory_score",0,"naive_memory"
"GAGTAATGTACCTAGTATCCCAAC-1","slingPseudotime_2",20.8558977696125,"CD8-41BB","aucell_cytotoxic_score",0.452343338599263,"cytotoxic"
"GAGTGACGTACCGTTGATCCCAAC-1","slingPseudotime_1",23.4680290810361,"CD8-41BB","aucell_exhausted_score",0.483236791293663,"exhausted"
"GAGTGACGTACCGTTGATCCCAAC-1","slingPseudotime_1",23.4680290810361,"CD8-41BB","aucell_proliferating_score",0,"proliferating"
"GAGTGACGTACCGTTGATCCCAAC-1","slingPseudotime_1",23.4680290810361,"CD8-41BB","aucell_naive_memory_score",0,"naive_memory"
"GAGTGACGTACCGTTGATCCCAAC-1","slingPseudotime_1",23.4680290810361,"CD8-41BB","aucell_cytotoxic_score",0.445322099350535,"cytotoxic"
"GAGTGACGTACCGTTGATCCCAAC-1","slingPseudotime_2",24.9954598861594,"CD8-41BB","aucell_exhausted_score",0.483236791293663,"exhausted"
"GAGTGACGTACCGTTGATCCCAAC-1","slingPseudotime_2",24.9954598861594,"CD8-41BB","aucell_proliferating_score",0,"proliferating"
"GAGTGACGTACCGTTGATCCCAAC-1","slingPseudotime_2",24.9954598861594,"CD8-41BB","aucell_naive_memory_score",0,"naive_memory"
"GAGTGACGTACCGTTGATCCCAAC-1","slingPseudotime_2",24.9954598861594,"CD8-41BB","aucell_cytotoxic_score",0.445322099350535,"cytotoxic"
"GATAAAGCACACAAATATCCCAAC-1","slingPseudotime_1",23.0797225407523,"CD8-41BB","aucell_exhausted_score",0.322450412497806,"exhausted"
"GATAAAGCACACAAATATCCCAAC-1","slingPseudotime_1",23.0797225407523,"CD8-41BB","aucell_proliferating_score",0,"proliferating"
"GATAAAGCACACAAATATCCCAAC-1","slingPseudotime_1",23.0797225407523,"CD8-41BB","aucell_naive_memory_score",0,"naive_memory"
"GATAAAGCACACAAATATCCCAAC-1","slingPseudotime_1",23.0797225407523,"CD8-41BB","aucell_cytotoxic_score",0.420396700017553,"cytotoxic"
"GATAAAGCACACAAATATCCCAAC-1","slingPseudotime_2",24.2744347612289,"CD8-41BB","aucell_exhausted_score",0.322450412497806,"exhausted"
"GATAAAGCACACAAATATCCCAAC-1","slingPseudotime_2",24.2744347612289,"CD8-41BB","aucell_proliferating_score",0,"proliferating"
"GATAAAGCACACAAATATCCCAAC-1","slingPseudotime_2",24.2744347612289,"CD8-41BB","aucell_naive_memory_score",0,"naive_memory"
"GATAAAGCACACAAATATCCCAAC-1","slingPseudotime_2",24.2744347612289,"CD8-41BB","aucell_cytotoxic_score",0.420396700017553,"cytotoxic"
"GATAAAGCACTCAGTTATCCCAAC-1","slingPseudotime_1",19.8830653767112,"CD8-41BB","aucell_exhausted_score",0.111286642092329,"exhausted"
"GATAAAGCACTCAGTTATCCCAAC-1","slingPseudotime_1",19.8830653767112,"CD8-41BB","aucell_proliferating_score",0,"proliferating"
"GATAAAGCACTCAGTTATCCCAAC-1","slingPseudotime_1",19.8830653767112,"CD8-41BB","aucell_naive_memory_score",0,"naive_memory"
"GATAAAGCACTCAGTTATCCCAAC-1","slingPseudotime_1",19.8830653767112,"CD8-41BB","aucell_cytotoxic_score",0.565034228541338,"cytotoxic"
"GATAAAGCACTCAGTTATCCCAAC-1","slingPseudotime_2",21.1073797383782,"CD8-41BB","aucell_exhausted_score",0.111286642092329,"exhausted"
"GATAAAGCACTCAGTTATCCCAAC-1","slingPseudotime_2",21.1073797383782,"CD8-41BB","aucell_proliferating_score",0,"proliferating"
"GATAAAGCACTCAGTTATCCCAAC-1","slingPseudotime_2",21.1073797383782,"CD8-41BB","aucell_naive_memory_score",0,"naive_memory"
"GATAAAGCACTCAGTTATCCCAAC-1","slingPseudotime_2",21.1073797383782,"CD8-41BB","aucell_cytotoxic_score",0.565034228541338,"cytotoxic"
"GATAGGTTCTGGGAATATCCCAAC-1","slingPseudotime_1",17.1197620418731,"CD8-41BB","aucell_exhausted_score",0.0663507109004739,"exhausted"
"GATAGGTTCTGGGAATATCCCAAC-1","slingPseudotime_1",17.1197620418731,"CD8-41BB","aucell_proliferating_score",0,"proliferating"
"GATAGGTTCTGGGAATATCCCAAC-1","slingPseudotime_1",17.1197620418731,"CD8-41BB","aucell_naive_memory_score",0,"naive_memory"
"GATAGGTTCTGGGAATATCCCAAC-1","slingPseudotime_1",17.1197620418731,"CD8-41BB","aucell_cytotoxic_score",0.331226961558715,"cytotoxic"
"GATAGGTTCTGGGAATATCCCAAC-1","slingPseudotime_2",18.2960513077911,"CD8-41BB","aucell_exhausted_score",0.0663507109004739,"exhausted"
"GATAGGTTCTGGGAATATCCCAAC-1","slingPseudotime_2",18.2960513077911,"CD8-41BB","aucell_proliferating_score",0,"proliferating"
"GATAGGTTCTGGGAATATCCCAAC-1","slingPseudotime_2",18.2960513077911,"CD8-41BB","aucell_naive_memory_score",0,"naive_memory"
"GATAGGTTCTGGGAATATCCCAAC-1","slingPseudotime_2",18.2960513077911,"CD8-41BB","aucell_cytotoxic_score",0.331226961558715,"cytotoxic"
"GATATGATCTTTGGTGATCCCAAC-1","slingPseudotime_1",17.1197620418731,"CD8-41BB","aucell_exhausted_score",0,"exhausted"
"GATATGATCTTTGGTGATCCCAAC-1","slingPseudotime_1",17.1197620418731,"CD8-41BB","aucell_proliferating_score",0,"proliferating"
"GATATGATCTTTGGTGATCCCAAC-1","slingPseudotime_1",17.1197620418731,"CD8-41BB","aucell_naive_memory_score",0.148631578947368,"naive_memory"
"GATATGATCTTTGGTGATCCCAAC-1","slingPseudotime_1",17.1197620418731,"CD8-41BB","aucell_cytotoxic_score",0.604528699315429,"cytotoxic"
"GATATGATCTTTGGTGATCCCAAC-1","slingPseudotime_2",18.3617213933894,"CD8-41BB","aucell_exhausted_score",0,"exhausted"
"GATATGATCTTTGGTGATCCCAAC-1","slingPseudotime_2",18.3617213933894,"CD8-41BB","aucell_proliferating_score",0,"proliferating"
"GATATGATCTTTGGTGATCCCAAC-1","slingPseudotime_2",18.3617213933894,"CD8-41BB","aucell_naive_memory_score",0.148631578947368,"naive_memory"
"GATATGATCTTTGGTGATCCCAAC-1","slingPseudotime_2",18.3617213933894,"CD8-41BB","aucell_cytotoxic_score",0.604528699315429,"cytotoxic"
"GATCATAAGTGAGTCGATCCCAAC-1","slingPseudotime_1",11.8010596185797,"CD8-41BB","aucell_exhausted_score",0,"exhausted"
"GATCATAAGTGAGTCGATCCCAAC-1","slingPseudotime_1",11.8010596185797,"CD8-41BB","aucell_proliferating_score",0,"proliferating"
"GATCATAAGTGAGTCGATCCCAAC-1","slingPseudotime_1",11.8010596185797,"CD8-41BB","aucell_naive_memory_score",0.101263157894737,"naive_memory"
"GATCATAAGTGAGTCGATCCCAAC-1","slingPseudotime_1",11.8010596185797,"CD8-41BB","aucell_cytotoxic_score",0.456731613129717,"cytotoxic"
"GATCATAAGTGAGTCGATCCCAAC-1","slingPseudotime_2",12.5650702805708,"CD8-41BB","aucell_exhausted_score",0,"exhausted"
"GATCATAAGTGAGTCGATCCCAAC-1","slingPseudotime_2",12.5650702805708,"CD8-41BB","aucell_proliferating_score",0,"proliferating"
"GATCATAAGTGAGTCGATCCCAAC-1","slingPseudotime_2",12.5650702805708,"CD8-41BB","aucell_naive_memory_score",0.101263157894737,"naive_memory"
"GATCATAAGTGAGTCGATCCCAAC-1","slingPseudotime_2",12.5650702805708,"CD8-41BB","aucell_cytotoxic_score",0.456731613129717,"cytotoxic"
"GATGACAGTATGTTTGATCCCAAC-1","slingPseudotime_1",9.32440630863805,"CD8-41BB","aucell_exhausted_score",0.136036510444093,"exhausted"
"GATGACAGTATGTTTGATCCCAAC-1","slingPseudotime_1",9.32440630863805,"CD8-41BB","aucell_proliferating_score",0,"proliferating"
"GATGACAGTATGTTTGATCCCAAC-1","slingPseudotime_1",9.32440630863805,"CD8-41BB","aucell_naive_memory_score",0.308210526315789,"naive_memory"
"GATGACAGTATGTTTGATCCCAAC-1","slingPseudotime_1",9.32440630863805,"CD8-41BB","aucell_cytotoxic_score",0.0830261541162015,"cytotoxic"
"GATGACAGTATGTTTGATCCCAAC-1","slingPseudotime_2",31.8948939975876,"CD8-41BB","aucell_exhausted_score",0.136036510444093,"exhausted"
"GATGACAGTATGTTTGATCCCAAC-1","slingPseudotime_2",31.8948939975876,"CD8-41BB","aucell_proliferating_score",0,"proliferating"
"GATGACAGTATGTTTGATCCCAAC-1","slingPseudotime_2",31.8948939975876,"CD8-41BB","aucell_naive_memory_score",0.308210526315789,"naive_memory"
"GATGACAGTATGTTTGATCCCAAC-1","slingPseudotime_2",31.8948939975876,"CD8-41BB","aucell_cytotoxic_score",0.0830261541162015,"cytotoxic"
"GATGCAAGTACAAACGATCCCAAC-1","slingPseudotime_1",15.9092126364304,"CD8-41BB","aucell_exhausted_score",0.268386870282605,"exhausted"
"GATGCAAGTACAAACGATCCCAAC-1","slingPseudotime_1",15.9092126364304,"CD8-41BB","aucell_proliferating_score",0,"proliferating"
"GATGCAAGTACAAACGATCCCAAC-1","slingPseudotime_1",15.9092126364304,"CD8-41BB","aucell_naive_memory_score",0,"naive_memory"
"GATGCAAGTACAAACGATCCCAAC-1","slingPseudotime_1",15.9092126364304,"CD8-41BB","aucell_cytotoxic_score",0.4971037388099,"cytotoxic"
"GATGCAAGTACAAACGATCCCAAC-1","slingPseudotime_2",16.927942953329,"CD8-41BB","aucell_exhausted_score",0.268386870282605,"exhausted"
"GATGCAAGTACAAACGATCCCAAC-1","slingPseudotime_2",16.927942953329,"CD8-41BB","aucell_proliferating_score",0,"proliferating"
"GATGCAAGTACAAACGATCCCAAC-1","slingPseudotime_2",16.927942953329,"CD8-41BB","aucell_naive_memory_score",0,"naive_memory"
"GATGCAAGTACAAACGATCCCAAC-1","slingPseudotime_2",16.927942953329,"CD8-41BB","aucell_cytotoxic_score",0.4971037388099,"cytotoxic"
"GATGCCCGTTTGGGCCATCCCAAC-1","slingPseudotime_1",25.1576494339571,"CD8-41BB","aucell_exhausted_score",0.309987712831315,"exhausted"
"GATGCCCGTTTGGGCCATCCCAAC-1","slingPseudotime_1",25.1576494339571,"CD8-41BB","aucell_proliferating_score",0,"proliferating"
"GATGCCCGTTTGGGCCATCCCAAC-1","slingPseudotime_1",25.1576494339571,"CD8-41BB","aucell_naive_memory_score",0,"naive_memory"
"GATGCCCGTTTGGGCCATCCCAAC-1","slingPseudotime_1",25.1576494339571,"CD8-41BB","aucell_cytotoxic_score",0.428120063191153,"cytotoxic"
"GATGCCCGTTTGGGCCATCCCAAC-1","slingPseudotime_2",25.2246539883878,"CD8-41BB","aucell_exhausted_score",0.309987712831315,"exhausted"
"GATGCCCGTTTGGGCCATCCCAAC-1","slingPseudotime_2",25.2246539883878,"CD8-41BB","aucell_proliferating_score",0,"proliferating"
"GATGCCCGTTTGGGCCATCCCAAC-1","slingPseudotime_2",25.2246539883878,"CD8-41BB","aucell_naive_memory_score",0,"naive_memory"
"GATGCCCGTTTGGGCCATCCCAAC-1","slingPseudotime_2",25.2246539883878,"CD8-41BB","aucell_cytotoxic_score",0.428120063191153,"cytotoxic"
"GATGGCCAGCGCCTTGATCCCAAC-1","slingPseudotime_1",18.4735737644209,"CD8-41BB","aucell_exhausted_score",0.505704756889591,"exhausted"
"GATGGCCAGCGCCTTGATCCCAAC-1","slingPseudotime_1",18.4735737644209,"CD8-41BB","aucell_proliferating_score",0,"proliferating"
"GATGGCCAGCGCCTTGATCCCAAC-1","slingPseudotime_1",18.4735737644209,"CD8-41BB","aucell_naive_memory_score",0,"naive_memory"
"GATGGCCAGCGCCTTGATCCCAAC-1","slingPseudotime_1",18.4735737644209,"CD8-41BB","aucell_cytotoxic_score",0.330349306652624,"cytotoxic"
"GATGGCCAGCGCCTTGATCCCAAC-1","slingPseudotime_2",19.9655361739598,"CD8-41BB","aucell_exhausted_score",0.505704756889591,"exhausted"
"GATGGCCAGCGCCTTGATCCCAAC-1","slingPseudotime_2",19.9655361739598,"CD8-41BB","aucell_proliferating_score",0,"proliferating"
"GATGGCCAGCGCCTTGATCCCAAC-1","slingPseudotime_2",19.9655361739598,"CD8-41BB","aucell_naive_memory_score",0,"naive_memory"
"GATGGCCAGCGCCTTGATCCCAAC-1","slingPseudotime_2",19.9655361739598,"CD8-41BB","aucell_cytotoxic_score",0.330349306652624,"cytotoxic"
"GATGGCCAGGACTTAAATCCCAAC-1","slingPseudotime_1",7.06379510229852,"CD8-41BB","aucell_exhausted_score",0,"exhausted"
"GATGGCCAGGACTTAAATCCCAAC-1","slingPseudotime_1",7.06379510229852,"CD8-41BB","aucell_proliferating_score",0,"proliferating"
"GATGGCCAGGACTTAAATCCCAAC-1","slingPseudotime_1",7.06379510229852,"CD8-41BB","aucell_naive_memory_score",0,"naive_memory"
"GATGGCCAGGACTTAAATCCCAAC-1","slingPseudotime_1",7.06379510229852,"CD8-41BB","aucell_cytotoxic_score",0,"cytotoxic"
"GATGGCCAGGACTTAAATCCCAAC-1","slingPseudotime_2",7.69766273456337,"CD8-41BB","aucell_exhausted_score",0,"exhausted"
"GATGGCCAGGACTTAAATCCCAAC-1","slingPseudotime_2",7.69766273456337,"CD8-41BB","aucell_proliferating_score",0,"proliferating"
"GATGGCCAGGACTTAAATCCCAAC-1","slingPseudotime_2",7.69766273456337,"CD8-41BB","aucell_naive_memory_score",0,"naive_memory"
"GATGGCCAGGACTTAAATCCCAAC-1","slingPseudotime_2",7.69766273456337,"CD8-41BB","aucell_cytotoxic_score",0,"cytotoxic"
"GATGGCTCAATAAGCTATCCCAAC-1","slingPseudotime_1",10.6118509854085,"CD8-41BB","aucell_exhausted_score",0,"exhausted"
"GATGGCTCAATAAGCTATCCCAAC-1","slingPseudotime_1",10.6118509854085,"CD8-41BB","aucell_proliferating_score",0,"proliferating"
"GATGGCTCAATAAGCTATCCCAAC-1","slingPseudotime_1",10.6118509854085,"CD8-41BB","aucell_naive_memory_score",0.0610526315789474,"naive_memory"
"GATGGCTCAATAAGCTATCCCAAC-1","slingPseudotime_1",10.6118509854085,"CD8-41BB","aucell_cytotoxic_score",0.274179392662805,"cytotoxic"
"GATGGCTCAATAAGCTATCCCAAC-1","slingPseudotime_2",11.1195202056345,"CD8-41BB","aucell_exhausted_score",0,"exhausted"
"GATGGCTCAATAAGCTATCCCAAC-1","slingPseudotime_2",11.1195202056345,"CD8-41BB","aucell_proliferating_score",0,"proliferating"
"GATGGCTCAATAAGCTATCCCAAC-1","slingPseudotime_2",11.1195202056345,"CD8-41BB","aucell_naive_memory_score",0.0610526315789474,"naive_memory"
"GATGGCTCAATAAGCTATCCCAAC-1","slingPseudotime_2",11.1195202056345,"CD8-41BB","aucell_cytotoxic_score",0.274179392662805,"cytotoxic"
"GATTAACCATAATGACATCCCAAC-1","slingPseudotime_1",18.3307192412576,"CD8-41BB","aucell_exhausted_score",0.35106196243637,"exhausted"
"GATTAACCATAATGACATCCCAAC-1","slingPseudotime_1",18.3307192412576,"CD8-41BB","aucell_proliferating_score",0,"proliferating"
"GATTAACCATAATGACATCCCAAC-1","slingPseudotime_1",18.3307192412576,"CD8-41BB","aucell_naive_memory_score",0.150105263157895,"naive_memory"
"GATTAACCATAATGACATCCCAAC-1","slingPseudotime_1",18.3307192412576,"CD8-41BB","aucell_cytotoxic_score",0.463401790416008,"cytotoxic"
"GATTAACCATAATGACATCCCAAC-1","slingPseudotime_2",19.9205925454842,"CD8-41BB","aucell_exhausted_score",0.35106196243637,"exhausted"
"GATTAACCATAATGACATCCCAAC-1","slingPseudotime_2",19.9205925454842,"CD8-41BB","aucell_proliferating_score",0,"proliferating"
"GATTAACCATAATGACATCCCAAC-1","slingPseudotime_2",19.9205925454842,"CD8-41BB","aucell_naive_memory_score",0.150105263157895,"naive_memory"
"GATTAACCATAATGACATCCCAAC-1","slingPseudotime_2",19.9205925454842,"CD8-41BB","aucell_cytotoxic_score",0.463401790416008,"cytotoxic"
"GATTAGTCACTGTCATATCCCAAC-1","slingPseudotime_1",48.3241530765578,"CD8-41BB","aucell_exhausted_score",0.339827979638406,"exhausted"
"GATTAGTCACTGTCATATCCCAAC-1","slingPseudotime_1",48.3241530765578,"CD8-41BB","aucell_proliferating_score",0.411789473684211,"proliferating"
"GATTAGTCACTGTCATATCCCAAC-1","slingPseudotime_1",48.3241530765578,"CD8-41BB","aucell_naive_memory_score",0.213894736842105,"naive_memory"
"GATTAGTCACTGTCATATCCCAAC-1","slingPseudotime_1",48.3241530765578,"CD8-41BB","aucell_cytotoxic_score",0.134983324556784,"cytotoxic"
"GATTCCCAGCAGGTTGATCCCAAC-1","slingPseudotime_1",14.0998225018129,"CD8-41BB","aucell_exhausted_score",0.136914165350184,"exhausted"
"GATTCCCAGCAGGTTGATCCCAAC-1","slingPseudotime_1",14.0998225018129,"CD8-41BB","aucell_proliferating_score",0,"proliferating"
"GATTCCCAGCAGGTTGATCCCAAC-1","slingPseudotime_1",14.0998225018129,"CD8-41BB","aucell_naive_memory_score",0,"naive_memory"
"GATTCCCAGCAGGTTGATCCCAAC-1","slingPseudotime_1",14.0998225018129,"CD8-41BB","aucell_cytotoxic_score",0.400737230121116,"cytotoxic"
"GATTCCCAGCAGGTTGATCCCAAC-1","slingPseudotime_2",14.8428083306613,"CD8-41BB","aucell_exhausted_score",0.136914165350184,"exhausted"
"GATTCCCAGCAGGTTGATCCCAAC-1","slingPseudotime_2",14.8428083306613,"CD8-41BB","aucell_proliferating_score",0,"proliferating"
"GATTCCCAGCAGGTTGATCCCAAC-1","slingPseudotime_2",14.8428083306613,"CD8-41BB","aucell_naive_memory_score",0,"naive_memory"
"GATTCCCAGCAGGTTGATCCCAAC-1","slingPseudotime_2",14.8428083306613,"CD8-41BB","aucell_cytotoxic_score",0.400737230121116,"cytotoxic"
"GATTGATCAACCGTGGATCCCAAC-1","slingPseudotime_1",8.58298673277693,"CD8-41BB","aucell_exhausted_score",0,"exhausted"
"GATTGATCAACCGTGGATCCCAAC-1","slingPseudotime_1",8.58298673277693,"CD8-41BB","aucell_proliferating_score",0,"proliferating"
"GATTGATCAACCGTGGATCCCAAC-1","slingPseudotime_1",8.58298673277693,"CD8-41BB","aucell_naive_memory_score",0.464,"naive_memory"
"GATTGATCAACCGTGGATCCCAAC-1","slingPseudotime_1",8.58298673277693,"CD8-41BB","aucell_cytotoxic_score",0.104791995787256,"cytotoxic"
"GATTGATCAACCGTGGATCCCAAC-1","slingPseudotime_2",9.38486575310182,"CD8-41BB","aucell_exhausted_score",0,"exhausted"
"GATTGATCAACCGTGGATCCCAAC-1","slingPseudotime_2",9.38486575310182,"CD8-41BB","aucell_proliferating_score",0,"proliferating"
"GATTGATCAACCGTGGATCCCAAC-1","slingPseudotime_2",9.38486575310182,"CD8-41BB","aucell_naive_memory_score",0.464,"naive_memory"
"GATTGATCAACCGTGGATCCCAAC-1","slingPseudotime_2",9.38486575310182,"CD8-41BB","aucell_cytotoxic_score",0.104791995787256,"cytotoxic"
"GATTGATCATTGCCCAATCCCAAC-1","slingPseudotime_1",22.6393342408077,"CD8-41BB","aucell_exhausted_score",0.318062137967351,"exhausted"
"GATTGATCATTGCCCAATCCCAAC-1","slingPseudotime_1",22.6393342408077,"CD8-41BB","aucell_proliferating_score",0,"proliferating"
"GATTGATCATTGCCCAATCCCAAC-1","slingPseudotime_1",22.6393342408077,"CD8-41BB","aucell_naive_memory_score",0.0658947368421053,"naive_memory"
"GATTGATCATTGCCCAATCCCAAC-1","slingPseudotime_1",22.6393342408077,"CD8-41BB","aucell_cytotoxic_score",0.442689134632263,"cytotoxic"
"GATTGATCATTGCCCAATCCCAAC-1","slingPseudotime_2",29.3944073879284,"CD8-41BB","aucell_exhausted_score",0.318062137967351,"exhausted"
"GATTGATCATTGCCCAATCCCAAC-1","slingPseudotime_2",29.3944073879284,"CD8-41BB","aucell_proliferating_score",0,"proliferating"
"GATTGATCATTGCCCAATCCCAAC-1","slingPseudotime_2",29.3944073879284,"CD8-41BB","aucell_naive_memory_score",0.0658947368421053,"naive_memory"
"GATTGATCATTGCCCAATCCCAAC-1","slingPseudotime_2",29.3944073879284,"CD8-41BB","aucell_cytotoxic_score",0.442689134632263,"cytotoxic"
"GATTGCTGTAACCCATATCCCAAC-1","slingPseudotime_1",16.2869224859693,"CD8-41BB","aucell_exhausted_score",0.0854835878532561,"exhausted"
"GATTGCTGTAACCCATATCCCAAC-1","slingPseudotime_1",16.2869224859693,"CD8-41BB","aucell_proliferating_score",0,"proliferating"
"GATTGCTGTAACCCATATCCCAAC-1","slingPseudotime_1",16.2869224859693,"CD8-41BB","aucell_naive_memory_score",0,"naive_memory"
"GATTGCTGTAACCCATATCCCAAC-1","slingPseudotime_1",16.2869224859693,"CD8-41BB","aucell_cytotoxic_score",0.197121291908022,"cytotoxic"
"GATTGCTGTAACCCATATCCCAAC-1","slingPseudotime_2",17.2736521047276,"CD8-41BB","aucell_exhausted_score",0.0854835878532561,"exhausted"
"GATTGCTGTAACCCATATCCCAAC-1","slingPseudotime_2",17.2736521047276,"CD8-41BB","aucell_proliferating_score",0,"proliferating"
"GATTGCTGTAACCCATATCCCAAC-1","slingPseudotime_2",17.2736521047276,"CD8-41BB","aucell_naive_memory_score",0,"naive_memory"
"GATTGCTGTAACCCATATCCCAAC-1","slingPseudotime_2",17.2736521047276,"CD8-41BB","aucell_cytotoxic_score",0.197121291908022,"cytotoxic"
"GATTTGAAGCATGTGGATCCCAAC-1","slingPseudotime_1",23.0124083603306,"CD8-41BB","aucell_exhausted_score",0.497630331753554,"exhausted"
"GATTTGAAGCATGTGGATCCCAAC-1","slingPseudotime_1",23.0124083603306,"CD8-41BB","aucell_proliferating_score",0,"proliferating"
"GATTTGAAGCATGTGGATCCCAAC-1","slingPseudotime_1",23.0124083603306,"CD8-41BB","aucell_naive_memory_score",0,"naive_memory"
"GATTTGAAGCATGTGGATCCCAAC-1","slingPseudotime_1",23.0124083603306,"CD8-41BB","aucell_cytotoxic_score",0.490433561523609,"cytotoxic"
"GATTTGAAGCATGTGGATCCCAAC-1","slingPseudotime_2",24.3135201685192,"CD8-41BB","aucell_exhausted_score",0.497630331753554,"exhausted"
"GATTTGAAGCATGTGGATCCCAAC-1","slingPseudotime_2",24.3135201685192,"CD8-41BB","aucell_proliferating_score",0,"proliferating"
"GATTTGAAGCATGTGGATCCCAAC-1","slingPseudotime_2",24.3135201685192,"CD8-41BB","aucell_naive_memory_score",0,"naive_memory"
"GATTTGAAGCATGTGGATCCCAAC-1","slingPseudotime_2",24.3135201685192,"CD8-41BB","aucell_cytotoxic_score",0.490433561523609,"cytotoxic"
"GCAAATATCAGGAGCCATCCCAAC-1","slingPseudotime_1",20.253103613742,"CD8-41BB","aucell_exhausted_score",0.359838511497279,"exhausted"
"GCAAATATCAGGAGCCATCCCAAC-1","slingPseudotime_1",20.253103613742,"CD8-41BB","aucell_proliferating_score",0,"proliferating"
"GCAAATATCAGGAGCCATCCCAAC-1","slingPseudotime_1",20.253103613742,"CD8-41BB","aucell_naive_memory_score",0.148,"naive_memory"
"GCAAATATCAGGAGCCATCCCAAC-1","slingPseudotime_1",20.253103613742,"CD8-41BB","aucell_cytotoxic_score",0.300157977883096,"cytotoxic"
"GCAAATATCAGGAGCCATCCCAAC-1","slingPseudotime_2",29.8924049374612,"CD8-41BB","aucell_exhausted_score",0.359838511497279,"exhausted"
"GCAAATATCAGGAGCCATCCCAAC-1","slingPseudotime_2",29.8924049374612,"CD8-41BB","aucell_proliferating_score",0,"proliferating"
"GCAAATATCAGGAGCCATCCCAAC-1","slingPseudotime_2",29.8924049374612,"CD8-41BB","aucell_naive_memory_score",0.148,"naive_memory"
"GCAAATATCAGGAGCCATCCCAAC-1","slingPseudotime_2",29.8924049374612,"CD8-41BB","aucell_cytotoxic_score",0.300157977883096,"cytotoxic"
"GCAAATTCAATTAGACATCCCAAC-1","slingPseudotime_1",50.3871309571695,"CD8-41BB","aucell_exhausted_score",0.285237844479551,"exhausted"
"GCAAATTCAATTAGACATCCCAAC-1","slingPseudotime_1",50.3871309571695,"CD8-41BB","aucell_proliferating_score",0.414736842105263,"proliferating"
"GCAAATTCAATTAGACATCCCAAC-1","slingPseudotime_1",50.3871309571695,"CD8-41BB","aucell_naive_memory_score",0,"naive_memory"
"GCAAATTCAATTAGACATCCCAAC-1","slingPseudotime_1",50.3871309571695,"CD8-41BB","aucell_cytotoxic_score",0.650342285413375,"cytotoxic"
"GCACAGCAGACCTTTGATCCCAAC-1","slingPseudotime_1",5.59774127838272,"CD8-41BB","aucell_exhausted_score",0,"exhausted"
"GCACAGCAGACCTTTGATCCCAAC-1","slingPseudotime_1",5.59774127838272,"CD8-41BB","aucell_proliferating_score",0,"proliferating"
"GCACAGCAGACCTTTGATCCCAAC-1","slingPseudotime_1",5.59774127838272,"CD8-41BB","aucell_naive_memory_score",0.157052631578947,"naive_memory"
"GCACAGCAGACCTTTGATCCCAAC-1","slingPseudotime_1",5.59774127838272,"CD8-41BB","aucell_cytotoxic_score",0.301913287695278,"cytotoxic"
"GCACAGCAGACCTTTGATCCCAAC-1","slingPseudotime_2",6.24694634981559,"CD8-41BB","aucell_exhausted_score",0,"exhausted"
"GCACAGCAGACCTTTGATCCCAAC-1","slingPseudotime_2",6.24694634981559,"CD8-41BB","aucell_proliferating_score",0,"proliferating"
"GCACAGCAGACCTTTGATCCCAAC-1","slingPseudotime_2",6.24694634981559,"CD8-41BB","aucell_naive_memory_score",0.157052631578947,"naive_memory"
"GCACAGCAGACCTTTGATCCCAAC-1","slingPseudotime_2",6.24694634981559,"CD8-41BB","aucell_cytotoxic_score",0.301913287695278,"cytotoxic"
"GCACTAACATTGAACGATCCCAAC-1","slingPseudotime_1",38.9150809039396,"CD8-41BB","aucell_exhausted_score",0,"exhausted"
"GCACTAACATTGAACGATCCCAAC-1","slingPseudotime_1",38.9150809039396,"CD8-41BB","aucell_proliferating_score",0.226736842105263,"proliferating"
"GCACTAACATTGAACGATCCCAAC-1","slingPseudotime_1",38.9150809039396,"CD8-41BB","aucell_naive_memory_score",0,"naive_memory"
"GCACTAACATTGAACGATCCCAAC-1","slingPseudotime_1",38.9150809039396,"CD8-41BB","aucell_cytotoxic_score",0.212919080217658,"cytotoxic"
"GCACTTGGTTGCACTGATCCCAAC-1","slingPseudotime_1",15.095821723289,"CD8-41BB","aucell_exhausted_score",0.136563103387748,"exhausted"
"GCACTTGGTTGCACTGATCCCAAC-1","slingPseudotime_1",15.095821723289,"CD8-41BB","aucell_proliferating_score",0,"proliferating"
"GCACTTGGTTGCACTGATCCCAAC-1","slingPseudotime_1",15.095821723289,"CD8-41BB","aucell_naive_memory_score",0.159578947368421,"naive_memory"
"GCACTTGGTTGCACTGATCCCAAC-1","slingPseudotime_1",15.095821723289,"CD8-41BB","aucell_cytotoxic_score",0.166227839213621,"cytotoxic"
"GCACTTGGTTGCACTGATCCCAAC-1","slingPseudotime_2",15.9004081446447,"CD8-41BB","aucell_exhausted_score",0.136563103387748,"exhausted"
"GCACTTGGTTGCACTGATCCCAAC-1","slingPseudotime_2",15.9004081446447,"CD8-41BB","aucell_proliferating_score",0,"proliferating"
"GCACTTGGTTGCACTGATCCCAAC-1","slingPseudotime_2",15.9004081446447,"CD8-41BB","aucell_naive_memory_score",0.159578947368421,"naive_memory"
"GCACTTGGTTGCACTGATCCCAAC-1","slingPseudotime_2",15.9004081446447,"CD8-41BB","aucell_cytotoxic_score",0.166227839213621,"cytotoxic"
"GCAGTAAGTTTGACTAATCCCAAC-1","slingPseudotime_1",9.11159913707468,"CD8-41BB","aucell_exhausted_score",0,"exhausted"
"GCAGTAAGTTTGACTAATCCCAAC-1","slingPseudotime_1",9.11159913707468,"CD8-41BB","aucell_proliferating_score",0,"proliferating"
"GCAGTAAGTTTGACTAATCCCAAC-1","slingPseudotime_1",9.11159913707468,"CD8-41BB","aucell_naive_memory_score",0.509263157894737,"naive_memory"
"GCAGTAAGTTTGACTAATCCCAAC-1","slingPseudotime_1",9.11159913707468,"CD8-41BB","aucell_cytotoxic_score",0,"cytotoxic"
"GCAGTAAGTTTGACTAATCCCAAC-1","slingPseudotime_2",9.92040303088206,"CD8-41BB","aucell_exhausted_score",0,"exhausted"
"GCAGTAAGTTTGACTAATCCCAAC-1","slingPseudotime_2",9.92040303088206,"CD8-41BB","aucell_proliferating_score",0,"proliferating"
"GCAGTAAGTTTGACTAATCCCAAC-1","slingPseudotime_2",9.92040303088206,"CD8-41BB","aucell_naive_memory_score",0.509263157894737,"naive_memory"
"GCAGTAAGTTTGACTAATCCCAAC-1","slingPseudotime_2",9.92040303088206,"CD8-41BB","aucell_cytotoxic_score",0,"cytotoxic"
"GCAGTACCACTGTCATATCCCAAC-1","slingPseudotime_1",10.4200083549232,"CD8-41BB","aucell_exhausted_score",0.140775846936984,"exhausted"
"GCAGTACCACTGTCATATCCCAAC-1","slingPseudotime_1",10.4200083549232,"CD8-41BB","aucell_proliferating_score",0,"proliferating"
"GCAGTACCACTGTCATATCCCAAC-1","slingPseudotime_1",10.4200083549232,"CD8-41BB","aucell_naive_memory_score",0.376,"naive_memory"
"GCAGTACCACTGTCATATCCCAAC-1","slingPseudotime_1",10.4200083549232,"CD8-41BB","aucell_cytotoxic_score",0,"cytotoxic"
"GCAGTACCACTGTCATATCCCAAC-1","slingPseudotime_2",11.1066572971407,"CD8-41BB","aucell_exhausted_score",0.140775846936984,"exhausted"
"GCAGTACCACTGTCATATCCCAAC-1","slingPseudotime_2",11.1066572971407,"CD8-41BB","aucell_proliferating_score",0,"proliferating"
"GCAGTACCACTGTCATATCCCAAC-1","slingPseudotime_2",11.1066572971407,"CD8-41BB","aucell_naive_memory_score",0.376,"naive_memory"
"GCAGTACCACTGTCATATCCCAAC-1","slingPseudotime_2",11.1066572971407,"CD8-41BB","aucell_cytotoxic_score",0,"cytotoxic"
"GCATCACTCGCTCAGTATCCCAAC-1","slingPseudotime_1",11.5279309067899,"CD8-41BB","aucell_exhausted_score",0.163594874495348,"exhausted"
"GCATCACTCGCTCAGTATCCCAAC-1","slingPseudotime_1",11.5279309067899,"CD8-41BB","aucell_proliferating_score",0,"proliferating"
"GCATCACTCGCTCAGTATCCCAAC-1","slingPseudotime_1",11.5279309067899,"CD8-41BB","aucell_naive_memory_score",0.416842105263158,"naive_memory"
"GCATCACTCGCTCAGTATCCCAAC-1","slingPseudotime_1",11.5279309067899,"CD8-41BB","aucell_cytotoxic_score",0.162892750570476,"cytotoxic"
"GCATCACTCGCTCAGTATCCCAAC-1","slingPseudotime_2",30.7353513780028,"CD8-41BB","aucell_exhausted_score",0.163594874495348,"exhausted"
"GCATCACTCGCTCAGTATCCCAAC-1","slingPseudotime_2",30.7353513780028,"CD8-41BB","aucell_proliferating_score",0,"proliferating"
"GCATCACTCGCTCAGTATCCCAAC-1","slingPseudotime_2",30.7353513780028,"CD8-41BB","aucell_naive_memory_score",0.416842105263158,"naive_memory"
"GCATCACTCGCTCAGTATCCCAAC-1","slingPseudotime_2",30.7353513780028,"CD8-41BB","aucell_cytotoxic_score",0.162892750570476,"cytotoxic"
"GCATCTATCGATGAACATCCCAAC-1","slingPseudotime_1",21.7355470556273,"CD8-41BB","aucell_exhausted_score",0.57539055643321,"exhausted"
"GCATCTATCGATGAACATCCCAAC-1","slingPseudotime_1",21.7355470556273,"CD8-41BB","aucell_proliferating_score",0,"proliferating"
"GCATCTATCGATGAACATCCCAAC-1","slingPseudotime_1",21.7355470556273,"CD8-41BB","aucell_naive_memory_score",0.159368421052632,"naive_memory"
"GCATCTATCGATGAACATCCCAAC-1","slingPseudotime_1",21.7355470556273,"CD8-41BB","aucell_cytotoxic_score",0.467790064946463,"cytotoxic"
"GCATCTATCGATGAACATCCCAAC-1","slingPseudotime_2",23.3875019456018,"CD8-41BB","aucell_exhausted_score",0.57539055643321,"exhausted"
"GCATCTATCGATGAACATCCCAAC-1","slingPseudotime_2",23.3875019456018,"CD8-41BB","aucell_proliferating_score",0,"proliferating"
"GCATCTATCGATGAACATCCCAAC-1","slingPseudotime_2",23.3875019456018,"CD8-41BB","aucell_naive_memory_score",0.159368421052632,"naive_memory"
"GCATCTATCGATGAACATCCCAAC-1","slingPseudotime_2",23.3875019456018,"CD8-41BB","aucell_cytotoxic_score",0.467790064946463,"cytotoxic"
"GCATCTATCTGGGAATATCCCAAC-1","slingPseudotime_1",49.2608256924757,"CD8-41BB","aucell_exhausted_score",0.0503773916096191,"exhausted"
"GCATCTATCTGGGAATATCCCAAC-1","slingPseudotime_1",49.2608256924757,"CD8-41BB","aucell_proliferating_score",0.425263157894737,"proliferating"
"GCATCTATCTGGGAATATCCCAAC-1","slingPseudotime_1",49.2608256924757,"CD8-41BB","aucell_naive_memory_score",0,"naive_memory"
"GCATCTATCTGGGAATATCCCAAC-1","slingPseudotime_1",49.2608256924757,"CD8-41BB","aucell_cytotoxic_score",0.252062489029314,"cytotoxic"
"GCATGCAAGAGGCGAGATCCCAAC-1","slingPseudotime_1",58.6893533716385,"CD8-41BB","aucell_exhausted_score",0,"exhausted"
"GCATGCAAGAGGCGAGATCCCAAC-1","slingPseudotime_1",58.6893533716385,"CD8-41BB","aucell_proliferating_score",0.437263157894737,"proliferating"
"GCATGCAAGAGGCGAGATCCCAAC-1","slingPseudotime_1",58.6893533716385,"CD8-41BB","aucell_naive_memory_score",0,"naive_memory"
"GCATGCAAGAGGCGAGATCCCAAC-1","slingPseudotime_1",58.6893533716385,"CD8-41BB","aucell_cytotoxic_score",0.315604704230297,"cytotoxic"
"GCCAACAAGAGGAGTAATCCCAAC-1","slingPseudotime_1",15.299749664566,"CD8-41BB","aucell_exhausted_score",0.265402843601896,"exhausted"
"GCCAACAAGAGGAGTAATCCCAAC-1","slingPseudotime_1",15.299749664566,"CD8-41BB","aucell_proliferating_score",0,"proliferating"
"GCCAACAAGAGGAGTAATCCCAAC-1","slingPseudotime_1",15.299749664566,"CD8-41BB","aucell_naive_memory_score",0.128631578947368,"naive_memory"
"GCCAACAAGAGGAGTAATCCCAAC-1","slingPseudotime_1",15.299749664566,"CD8-41BB","aucell_cytotoxic_score",0.451465683693172,"cytotoxic"
"GCCAACAAGAGGAGTAATCCCAAC-1","slingPseudotime_2",16.2036281332616,"CD8-41BB","aucell_exhausted_score",0.265402843601896,"exhausted"
"GCCAACAAGAGGAGTAATCCCAAC-1","slingPseudotime_2",16.2036281332616,"CD8-41BB","aucell_proliferating_score",0,"proliferating"
"GCCAACAAGAGGAGTAATCCCAAC-1","slingPseudotime_2",16.2036281332616,"CD8-41BB","aucell_naive_memory_score",0.128631578947368,"naive_memory"
"GCCAACAAGAGGAGTAATCCCAAC-1","slingPseudotime_2",16.2036281332616,"CD8-41BB","aucell_cytotoxic_score",0.451465683693172,"cytotoxic"
"GCCATAGAGACAACACATCCCAAC-1","slingPseudotime_1",20.7433231204581,"CD8-41BB","aucell_exhausted_score",0.152009829734948,"exhausted"
"GCCATAGAGACAACACATCCCAAC-1","slingPseudotime_1",20.7433231204581,"CD8-41BB","aucell_proliferating_score",0,"proliferating"
"GCCATAGAGACAACACATCCCAAC-1","slingPseudotime_1",20.7433231204581,"CD8-41BB","aucell_naive_memory_score",0.0741052631578947,"naive_memory"
"GCCATAGAGACAACACATCCCAAC-1","slingPseudotime_1",20.7433231204581,"CD8-41BB","aucell_cytotoxic_score",0.160961909777076,"cytotoxic"
"GCCATAGAGACAACACATCCCAAC-1","slingPseudotime_2",21.1498261245211,"CD8-41BB","aucell_exhausted_score",0.152009829734948,"exhausted"
"GCCATAGAGACAACACATCCCAAC-1","slingPseudotime_2",21.1498261245211,"CD8-41BB","aucell_proliferating_score",0,"proliferating"
"GCCATAGAGACAACACATCCCAAC-1","slingPseudotime_2",21.1498261245211,"CD8-41BB","aucell_naive_memory_score",0.0741052631578947,"naive_memory"
"GCCATAGAGACAACACATCCCAAC-1","slingPseudotime_2",21.1498261245211,"CD8-41BB","aucell_cytotoxic_score",0.160961909777076,"cytotoxic"
"GCCATAGAGGGTTTGGATCCCAAC-1","slingPseudotime_1",12.4106440558418,"CD8-41BB","aucell_exhausted_score",0.15955766192733,"exhausted"
"GCCATAGAGGGTTTGGATCCCAAC-1","slingPseudotime_1",12.4106440558418,"CD8-41BB","aucell_proliferating_score",0,"proliferating"
"GCCATAGAGGGTTTGGATCCCAAC-1","slingPseudotime_1",12.4106440558418,"CD8-41BB","aucell_naive_memory_score",0.186947368421053,"naive_memory"
"GCCATAGAGGGTTTGGATCCCAAC-1","slingPseudotime_1",12.4106440558418,"CD8-41BB","aucell_cytotoxic_score",0.145690714411094,"cytotoxic"
"GCCATAGAGGGTTTGGATCCCAAC-1","slingPseudotime_2",13.1700678553885,"CD8-41BB","aucell_exhausted_score",0.15955766192733,"exhausted"
"GCCATAGAGGGTTTGGATCCCAAC-1","slingPseudotime_2",13.1700678553885,"CD8-41BB","aucell_proliferating_score",0,"proliferating"
"GCCATAGAGGGTTTGGATCCCAAC-1","slingPseudotime_2",13.1700678553885,"CD8-41BB","aucell_naive_memory_score",0.186947368421053,"naive_memory"
"GCCATAGAGGGTTTGGATCCCAAC-1","slingPseudotime_2",13.1700678553885,"CD8-41BB","aucell_cytotoxic_score",0.145690714411094,"cytotoxic"
"GCCATTTCACCATACTATCCCAAC-1","slingPseudotime_1",22.0292765864668,"CD8-41BB","aucell_exhausted_score",0.520800421274355,"exhausted"
"GCCATTTCACCATACTATCCCAAC-1","slingPseudotime_1",22.0292765864668,"CD8-41BB","aucell_proliferating_score",0,"proliferating"
"GCCATTTCACCATACTATCCCAAC-1","slingPseudotime_1",22.0292765864668,"CD8-41BB","aucell_naive_memory_score",0,"naive_memory"
"GCCATTTCACCATACTATCCCAAC-1","slingPseudotime_1",22.0292765864668,"CD8-41BB","aucell_cytotoxic_score",0.470598560645954,"cytotoxic"
"GCCATTTCACCATACTATCCCAAC-1","slingPseudotime_2",23.623240487647,"CD8-41BB","aucell_exhausted_score",0.520800421274355,"exhausted"
"GCCATTTCACCATACTATCCCAAC-1","slingPseudotime_2",23.623240487647,"CD8-41BB","aucell_proliferating_score",0,"proliferating"
"GCCATTTCACCATACTATCCCAAC-1","slingPseudotime_2",23.623240487647,"CD8-41BB","aucell_naive_memory_score",0,"naive_memory"
"GCCATTTCACCATACTATCCCAAC-1","slingPseudotime_2",23.623240487647,"CD8-41BB","aucell_cytotoxic_score",0.470598560645954,"cytotoxic"
"GCCGCTTCAAATACCGATCCCAAC-1","slingPseudotime_1",15.0358325432173,"CD8-41BB","aucell_exhausted_score",0.144813059505003,"exhausted"
"GCCGCTTCAAATACCGATCCCAAC-1","slingPseudotime_1",15.0358325432173,"CD8-41BB","aucell_proliferating_score",0,"proliferating"
"GCCGCTTCAAATACCGATCCCAAC-1","slingPseudotime_1",15.0358325432173,"CD8-41BB","aucell_naive_memory_score",0,"naive_memory"
"GCCGCTTCAAATACCGATCCCAAC-1","slingPseudotime_1",15.0358325432173,"CD8-41BB","aucell_cytotoxic_score",0.226610496752677,"cytotoxic"
"GCCGCTTCAAATACCGATCCCAAC-1","slingPseudotime_2",15.7816835931291,"CD8-41BB","aucell_exhausted_score",0.144813059505003,"exhausted"
"GCCGCTTCAAATACCGATCCCAAC-1","slingPseudotime_2",15.7816835931291,"CD8-41BB","aucell_proliferating_score",0,"proliferating"
"GCCGCTTCAAATACCGATCCCAAC-1","slingPseudotime_2",15.7816835931291,"CD8-41BB","aucell_naive_memory_score",0,"naive_memory"
"GCCGCTTCAAATACCGATCCCAAC-1","slingPseudotime_2",15.7816835931291,"CD8-41BB","aucell_cytotoxic_score",0.226610496752677,"cytotoxic"
"GCGAGGTTCGGTACAGATCCCAAC-1","slingPseudotime_1",15.4446602760996,"CD8-41BB","aucell_exhausted_score",0.0287870809197823,"exhausted"
"GCGAGGTTCGGTACAGATCCCAAC-1","slingPseudotime_1",15.4446602760996,"CD8-41BB","aucell_proliferating_score",0,"proliferating"
"GCGAGGTTCGGTACAGATCCCAAC-1","slingPseudotime_1",15.4446602760996,"CD8-41BB","aucell_naive_memory_score",0,"naive_memory"
"GCGAGGTTCGGTACAGATCCCAAC-1","slingPseudotime_1",15.4446602760996,"CD8-41BB","aucell_cytotoxic_score",0.326663156047042,"cytotoxic"
"GCGAGGTTCGGTACAGATCCCAAC-1","slingPseudotime_2",16.086379016288,"CD8-41BB","aucell_exhausted_score",0.0287870809197823,"exhausted"
"GCGAGGTTCGGTACAGATCCCAAC-1","slingPseudotime_2",16.086379016288,"CD8-41BB","aucell_proliferating_score",0,"proliferating"
"GCGAGGTTCGGTACAGATCCCAAC-1","slingPseudotime_2",16.086379016288,"CD8-41BB","aucell_naive_memory_score",0,"naive_memory"
"GCGAGGTTCGGTACAGATCCCAAC-1","slingPseudotime_2",16.086379016288,"CD8-41BB","aucell_cytotoxic_score",0.326663156047042,"cytotoxic"
"GCGCAAGGTCCGTGACATCCCAAC-1","slingPseudotime_1",9.95662803472408,"CD8-41BB","aucell_exhausted_score",0,"exhausted"
"GCGCAAGGTCCGTGACATCCCAAC-1","slingPseudotime_1",9.95662803472408,"CD8-41BB","aucell_proliferating_score",0,"proliferating"
"GCGCAAGGTCCGTGACATCCCAAC-1","slingPseudotime_1",9.95662803472408,"CD8-41BB","aucell_naive_memory_score",0.190947368421053,"naive_memory"
"GCGCAAGGTCCGTGACATCCCAAC-1","slingPseudotime_1",9.95662803472408,"CD8-41BB","aucell_cytotoxic_score",0.153063015622257,"cytotoxic"
"GCGCAAGGTCCGTGACATCCCAAC-1","slingPseudotime_2",10.6607690147486,"CD8-41BB","aucell_exhausted_score",0,"exhausted"
"GCGCAAGGTCCGTGACATCCCAAC-1","slingPseudotime_2",10.6607690147486,"CD8-41BB","aucell_proliferating_score",0,"proliferating"
"GCGCAAGGTCCGTGACATCCCAAC-1","slingPseudotime_2",10.6607690147486,"CD8-41BB","aucell_naive_memory_score",0.190947368421053,"naive_memory"
"GCGCAAGGTCCGTGACATCCCAAC-1","slingPseudotime_2",10.6607690147486,"CD8-41BB","aucell_cytotoxic_score",0.153063015622257,"cytotoxic"
"GCGCAATCAGGCTAACATCCCAAC-1","slingPseudotime_1",28.9312522477396,"CD8-41BB","aucell_exhausted_score",0.137616289275057,"exhausted"
"GCGCAATCAGGCTAACATCCCAAC-1","slingPseudotime_1",28.9312522477396,"CD8-41BB","aucell_proliferating_score",0,"proliferating"
"GCGCAATCAGGCTAACATCCCAAC-1","slingPseudotime_1",28.9312522477396,"CD8-41BB","aucell_naive_memory_score",0.233473684210526,"naive_memory"
"GCGCAATCAGGCTAACATCCCAAC-1","slingPseudotime_1",28.9312522477396,"CD8-41BB","aucell_cytotoxic_score",0.148674741091803,"cytotoxic"
"GCGTGTTTCTGGCCCAATCCCAAC-1","slingPseudotime_1",25.1576494339571,"CD8-41BB","aucell_exhausted_score",0.089169738458838,"exhausted"
"GCGTGTTTCTGGCCCAATCCCAAC-1","slingPseudotime_1",25.1576494339571,"CD8-41BB","aucell_proliferating_score",0,"proliferating"
"GCGTGTTTCTGGCCCAATCCCAAC-1","slingPseudotime_1",25.1576494339571,"CD8-41BB","aucell_naive_memory_score",0.166526315789474,"naive_memory"
"GCGTGTTTCTGGCCCAATCCCAAC-1","slingPseudotime_1",25.1576494339571,"CD8-41BB","aucell_cytotoxic_score",0,"cytotoxic"
"GCGTGTTTCTGGCCCAATCCCAAC-1","slingPseudotime_2",27.0790605812822,"CD8-41BB","aucell_exhausted_score",0.089169738458838,"exhausted"
"GCGTGTTTCTGGCCCAATCCCAAC-1","slingPseudotime_2",27.0790605812822,"CD8-41BB","aucell_proliferating_score",0,"proliferating"
"GCGTGTTTCTGGCCCAATCCCAAC-1","slingPseudotime_2",27.0790605812822,"CD8-41BB","aucell_naive_memory_score",0.166526315789474,"naive_memory"
"GCGTGTTTCTGGCCCAATCCCAAC-1","slingPseudotime_2",27.0790605812822,"CD8-41BB","aucell_cytotoxic_score",0,"cytotoxic"
"GCTAACGAGGCGGATCATCCCAAC-1","slingPseudotime_1",19.8284242139958,"CD8-41BB","aucell_exhausted_score",0.590135158855538,"exhausted"
"GCTAACGAGGCGGATCATCCCAAC-1","slingPseudotime_1",19.8284242139958,"CD8-41BB","aucell_proliferating_score",0,"proliferating"
"GCTAACGAGGCGGATCATCCCAAC-1","slingPseudotime_1",19.8284242139958,"CD8-41BB","aucell_naive_memory_score",0.0463157894736842,"naive_memory"
"GCTAACGAGGCGGATCATCCCAAC-1","slingPseudotime_1",19.8284242139958,"CD8-41BB","aucell_cytotoxic_score",0.617342460944357,"cytotoxic"
"GCTAACGAGGCGGATCATCCCAAC-1","slingPseudotime_2",21.451313238207,"CD8-41BB","aucell_exhausted_score",0.590135158855538,"exhausted"
"GCTAACGAGGCGGATCATCCCAAC-1","slingPseudotime_2",21.451313238207,"CD8-41BB","aucell_proliferating_score",0,"proliferating"
"GCTAACGAGGCGGATCATCCCAAC-1","slingPseudotime_2",21.451313238207,"CD8-41BB","aucell_naive_memory_score",0.0463157894736842,"naive_memory"
"GCTAACGAGGCGGATCATCCCAAC-1","slingPseudotime_2",21.451313238207,"CD8-41BB","aucell_cytotoxic_score",0.617342460944357,"cytotoxic"
"GCTAACTGTTGCTGTGATCCCAAC-1","slingPseudotime_1",8.57965973271967,"CD8-41BB","aucell_exhausted_score",0,"exhausted"
"GCTAACTGTTGCTGTGATCCCAAC-1","slingPseudotime_1",8.57965973271967,"CD8-41BB","aucell_proliferating_score",0,"proliferating"
"GCTAACTGTTGCTGTGATCCCAAC-1","slingPseudotime_1",8.57965973271967,"CD8-41BB","aucell_naive_memory_score",0.500210526315789,"naive_memory"
"GCTAACTGTTGCTGTGATCCCAAC-1","slingPseudotime_1",8.57965973271967,"CD8-41BB","aucell_cytotoxic_score",0.246094435667895,"cytotoxic"
"GCTAACTGTTGCTGTGATCCCAAC-1","slingPseudotime_2",9.22657831317282,"CD8-41BB","aucell_exhausted_score",0,"exhausted"
"GCTAACTGTTGCTGTGATCCCAAC-1","slingPseudotime_2",9.22657831317282,"CD8-41BB","aucell_proliferating_score",0,"proliferating"
"GCTAACTGTTGCTGTGATCCCAAC-1","slingPseudotime_2",9.22657831317282,"CD8-41BB","aucell_naive_memory_score",0.500210526315789,"naive_memory"
"GCTAACTGTTGCTGTGATCCCAAC-1","slingPseudotime_2",9.22657831317282,"CD8-41BB","aucell_cytotoxic_score",0.246094435667895,"cytotoxic"
"GCTATTAGTCGTAACTATCCCAAC-1","slingPseudotime_1",16.8624051448028,"CD8-41BB","aucell_exhausted_score",0,"exhausted"
"GCTATTAGTCGTAACTATCCCAAC-1","slingPseudotime_1",16.8624051448028,"CD8-41BB","aucell_proliferating_score",0,"proliferating"
"GCTATTAGTCGTAACTATCCCAAC-1","slingPseudotime_1",16.8624051448028,"CD8-41BB","aucell_naive_memory_score",0,"naive_memory"
"GCTATTAGTCGTAACTATCCCAAC-1","slingPseudotime_1",16.8624051448028,"CD8-41BB","aucell_cytotoxic_score",0.143584342636475,"cytotoxic"
"GCTATTAGTCGTAACTATCCCAAC-1","slingPseudotime_2",18.024958085245,"CD8-41BB","aucell_exhausted_score",0,"exhausted"
"GCTATTAGTCGTAACTATCCCAAC-1","slingPseudotime_2",18.024958085245,"CD8-41BB","aucell_proliferating_score",0,"proliferating"
"GCTATTAGTCGTAACTATCCCAAC-1","slingPseudotime_2",18.024958085245,"CD8-41BB","aucell_naive_memory_score",0,"naive_memory"
"GCTATTAGTCGTAACTATCCCAAC-1","slingPseudotime_2",18.024958085245,"CD8-41BB","aucell_cytotoxic_score",0.143584342636475,"cytotoxic"
"GCTGTAACAACCTTGTATCCCAAC-1","slingPseudotime_1",9.27256131954403,"CD8-41BB","aucell_exhausted_score",0,"exhausted"
"GCTGTAACAACCTTGTATCCCAAC-1","slingPseudotime_1",9.27256131954403,"CD8-41BB","aucell_proliferating_score",0,"proliferating"
"GCTGTAACAACCTTGTATCCCAAC-1","slingPseudotime_1",9.27256131954403,"CD8-41BB","aucell_naive_memory_score",0.370736842105263,"naive_memory"
"GCTGTAACAACCTTGTATCCCAAC-1","slingPseudotime_1",9.27256131954403,"CD8-41BB","aucell_cytotoxic_score",0,"cytotoxic"
"GCTGTAACAACCTTGTATCCCAAC-1","slingPseudotime_2",10.0241301312174,"CD8-41BB","aucell_exhausted_score",0,"exhausted"
"GCTGTAACAACCTTGTATCCCAAC-1","slingPseudotime_2",10.0241301312174,"CD8-41BB","aucell_proliferating_score",0,"proliferating"
"GCTGTAACAACCTTGTATCCCAAC-1","slingPseudotime_2",10.0241301312174,"CD8-41BB","aucell_naive_memory_score",0.370736842105263,"naive_memory"
"GCTGTAACAACCTTGTATCCCAAC-1","slingPseudotime_2",10.0241301312174,"CD8-41BB","aucell_cytotoxic_score",0,"cytotoxic"
"GCTTATTAGCCATAAAATCCCAAC-1","slingPseudotime_1",18.5144406511488,"CD8-41BB","aucell_exhausted_score",0.356503422854134,"exhausted"
"GCTTATTAGCCATAAAATCCCAAC-1","slingPseudotime_1",18.5144406511488,"CD8-41BB","aucell_proliferating_score",0,"proliferating"
"GCTTATTAGCCATAAAATCCCAAC-1","slingPseudotime_1",18.5144406511488,"CD8-41BB","aucell_naive_memory_score",0.143578947368421,"naive_memory"
"GCTTATTAGCCATAAAATCCCAAC-1","slingPseudotime_1",18.5144406511488,"CD8-41BB","aucell_cytotoxic_score",0.701070738985431,"cytotoxic"
"GCTTATTAGCCATAAAATCCCAAC-1","slingPseudotime_2",19.9362501054289,"CD8-41BB","aucell_exhausted_score",0.356503422854134,"exhausted"
"GCTTATTAGCCATAAAATCCCAAC-1","slingPseudotime_2",19.9362501054289,"CD8-41BB","aucell_proliferating_score",0,"proliferating"
"GCTTATTAGCCATAAAATCCCAAC-1","slingPseudotime_2",19.9362501054289,"CD8-41BB","aucell_naive_memory_score",0.143578947368421,"naive_memory"
"GCTTATTAGCCATAAAATCCCAAC-1","slingPseudotime_2",19.9362501054289,"CD8-41BB","aucell_cytotoxic_score",0.701070738985431,"cytotoxic"
"GCTTCGGTCGGTAAGTATCCCAAC-1","slingPseudotime_1",1.25892981608582,"CD8-41BB","aucell_exhausted_score",0,"exhausted"
"GCTTCGGTCGGTAAGTATCCCAAC-1","slingPseudotime_1",1.25892981608582,"CD8-41BB","aucell_proliferating_score",0,"proliferating"
"GCTTCGGTCGGTAAGTATCCCAAC-1","slingPseudotime_1",1.25892981608582,"CD8-41BB","aucell_naive_memory_score",0.166315789473684,"naive_memory"
"GCTTCGGTCGGTAAGTATCCCAAC-1","slingPseudotime_1",1.25892981608582,"CD8-41BB","aucell_cytotoxic_score",0.322274881516588,"cytotoxic"
"GCTTCGGTCGGTAAGTATCCCAAC-1","slingPseudotime_2",1.90781826450865,"CD8-41BB","aucell_exhausted_score",0,"exhausted"
"GCTTCGGTCGGTAAGTATCCCAAC-1","slingPseudotime_2",1.90781826450865,"CD8-41BB","aucell_proliferating_score",0,"proliferating"
"GCTTCGGTCGGTAAGTATCCCAAC-1","slingPseudotime_2",1.90781826450865,"CD8-41BB","aucell_naive_memory_score",0.166315789473684,"naive_memory"
"GCTTCGGTCGGTAAGTATCCCAAC-1","slingPseudotime_2",1.90781826450865,"CD8-41BB","aucell_cytotoxic_score",0.322274881516588,"cytotoxic"
"GCTTGCGTCTTAAGGAATCCCAAC-1","slingPseudotime_1",18.203462325126,"CD8-41BB","aucell_exhausted_score",0,"exhausted"
"GCTTGCGTCTTAAGGAATCCCAAC-1","slingPseudotime_1",18.203462325126,"CD8-41BB","aucell_proliferating_score",0,"proliferating"
"GCTTGCGTCTTAAGGAATCCCAAC-1","slingPseudotime_1",18.203462325126,"CD8-41BB","aucell_naive_memory_score",0,"naive_memory"
"GCTTGCGTCTTAAGGAATCCCAAC-1","slingPseudotime_1",18.203462325126,"CD8-41BB","aucell_cytotoxic_score",0.636299806915921,"cytotoxic"
"GCTTGCGTCTTAAGGAATCCCAAC-1","slingPseudotime_2",29.5790384852765,"CD8-41BB","aucell_exhausted_score",0,"exhausted"
"GCTTGCGTCTTAAGGAATCCCAAC-1","slingPseudotime_2",29.5790384852765,"CD8-41BB","aucell_proliferating_score",0,"proliferating"
"GCTTGCGTCTTAAGGAATCCCAAC-1","slingPseudotime_2",29.5790384852765,"CD8-41BB","aucell_naive_memory_score",0,"naive_memory"
"GCTTGCGTCTTAAGGAATCCCAAC-1","slingPseudotime_2",29.5790384852765,"CD8-41BB","aucell_cytotoxic_score",0.636299806915921,"cytotoxic"
"GCTTGTTCATGCGCCTATCCCAAC-1","slingPseudotime_1",13.0796334671632,"CD8-41BB","aucell_exhausted_score",0.0549411971212919,"exhausted"
"GCTTGTTCATGCGCCTATCCCAAC-1","slingPseudotime_1",13.0796334671632,"CD8-41BB","aucell_proliferating_score",0,"proliferating"
"GCTTGTTCATGCGCCTATCCCAAC-1","slingPseudotime_1",13.0796334671632,"CD8-41BB","aucell_naive_memory_score",0.239789473684211,"naive_memory"
"GCTTGTTCATGCGCCTATCCCAAC-1","slingPseudotime_1",13.0796334671632,"CD8-41BB","aucell_cytotoxic_score",0.365631033877479,"cytotoxic"
"GCTTGTTCATGCGCCTATCCCAAC-1","slingPseudotime_2",13.7838112034174,"CD8-41BB","aucell_exhausted_score",0.0549411971212919,"exhausted"
"GCTTGTTCATGCGCCTATCCCAAC-1","slingPseudotime_2",13.7838112034174,"CD8-41BB","aucell_proliferating_score",0,"proliferating"
"GCTTGTTCATGCGCCTATCCCAAC-1","slingPseudotime_2",13.7838112034174,"CD8-41BB","aucell_naive_memory_score",0.239789473684211,"naive_memory"
"GCTTGTTCATGCGCCTATCCCAAC-1","slingPseudotime_2",13.7838112034174,"CD8-41BB","aucell_cytotoxic_score",0.365631033877479,"cytotoxic"
"GGAACCATCAGGGATTATCCCAAC-1","slingPseudotime_1",29.5450448156468,"CD8-41BB","aucell_exhausted_score",0.16728102510093,"exhausted"
"GGAACCATCAGGGATTATCCCAAC-1","slingPseudotime_1",29.5450448156468,"CD8-41BB","aucell_proliferating_score",0,"proliferating"
"GGAACCATCAGGGATTATCCCAAC-1","slingPseudotime_1",29.5450448156468,"CD8-41BB","aucell_naive_memory_score",0.187157894736842,"naive_memory"
"GGAACCATCAGGGATTATCCCAAC-1","slingPseudotime_1",29.5450448156468,"CD8-41BB","aucell_cytotoxic_score",0.144813059505003,"cytotoxic"
"GGAACTAGTCCGCTAAATCCCAAC-1","slingPseudotime_1",22.4598032169505,"CD8-41BB","aucell_exhausted_score",0.32596103212217,"exhausted"
"GGAACTAGTCCGCTAAATCCCAAC-1","slingPseudotime_1",22.4598032169505,"CD8-41BB","aucell_proliferating_score",0,"proliferating"
"GGAACTAGTCCGCTAAATCCCAAC-1","slingPseudotime_1",22.4598032169505,"CD8-41BB","aucell_naive_memory_score",0,"naive_memory"
"GGAACTAGTCCGCTAAATCCCAAC-1","slingPseudotime_1",22.4598032169505,"CD8-41BB","aucell_cytotoxic_score",0.450412497805863,"cytotoxic"
"GGAACTAGTCCGCTAAATCCCAAC-1","slingPseudotime_2",24.6231980101184,"CD8-41BB","aucell_exhausted_score",0.32596103212217,"exhausted"
"GGAACTAGTCCGCTAAATCCCAAC-1","slingPseudotime_2",24.6231980101184,"CD8-41BB","aucell_proliferating_score",0,"proliferating"
"GGAACTAGTCCGCTAAATCCCAAC-1","slingPseudotime_2",24.6231980101184,"CD8-41BB","aucell_naive_memory_score",0,"naive_memory"
"GGAACTAGTCCGCTAAATCCCAAC-1","slingPseudotime_2",24.6231980101184,"CD8-41BB","aucell_cytotoxic_score",0.450412497805863,"cytotoxic"
"GGAAGTTTCACCACACATCCCAAC-1","slingPseudotime_1",20.8511267142426,"CD8-41BB","aucell_exhausted_score",0.152887484641039,"exhausted"
"GGAAGTTTCACCACACATCCCAAC-1","slingPseudotime_1",20.8511267142426,"CD8-41BB","aucell_proliferating_score",0,"proliferating"
"GGAAGTTTCACCACACATCCCAAC-1","slingPseudotime_1",20.8511267142426,"CD8-41BB","aucell_naive_memory_score",0.171789473684211,"naive_memory"
"GGAAGTTTCACCACACATCCCAAC-1","slingPseudotime_1",20.8511267142426,"CD8-41BB","aucell_cytotoxic_score",0.64121467439003,"cytotoxic"
"GGAAGTTTCACCACACATCCCAAC-1","slingPseudotime_2",29.4089975466041,"CD8-41BB","aucell_exhausted_score",0.152887484641039,"exhausted"
"GGAAGTTTCACCACACATCCCAAC-1","slingPseudotime_2",29.4089975466041,"CD8-41BB","aucell_proliferating_score",0,"proliferating"
"GGAAGTTTCACCACACATCCCAAC-1","slingPseudotime_2",29.4089975466041,"CD8-41BB","aucell_naive_memory_score",0.171789473684211,"naive_memory"
"GGAAGTTTCACCACACATCCCAAC-1","slingPseudotime_2",29.4089975466041,"CD8-41BB","aucell_cytotoxic_score",0.64121467439003,"cytotoxic"
"GGAAGTTTCTGCAACCATCCCAAC-1","slingPseudotime_1",16.2019960470011,"CD8-41BB","aucell_exhausted_score",0.0373880989994734,"exhausted"
"GGAAGTTTCTGCAACCATCCCAAC-1","slingPseudotime_1",16.2019960470011,"CD8-41BB","aucell_proliferating_score",0,"proliferating"
"GGAAGTTTCTGCAACCATCCCAAC-1","slingPseudotime_1",16.2019960470011,"CD8-41BB","aucell_naive_memory_score",0.120421052631579,"naive_memory"
"GGAAGTTTCTGCAACCATCCCAAC-1","slingPseudotime_1",16.2019960470011,"CD8-41BB","aucell_cytotoxic_score",0.600842548709847,"cytotoxic"
"GGAAGTTTCTGCAACCATCCCAAC-1","slingPseudotime_2",17.0341629221904,"CD8-41BB","aucell_exhausted_score",0.0373880989994734,"exhausted"
"GGAAGTTTCTGCAACCATCCCAAC-1","slingPseudotime_2",17.0341629221904,"CD8-41BB","aucell_proliferating_score",0,"proliferating"
"GGAAGTTTCTGCAACCATCCCAAC-1","slingPseudotime_2",17.0341629221904,"CD8-41BB","aucell_naive_memory_score",0.120421052631579,"naive_memory"
"GGAAGTTTCTGCAACCATCCCAAC-1","slingPseudotime_2",17.0341629221904,"CD8-41BB","aucell_cytotoxic_score",0.600842548709847,"cytotoxic"
"GGAATCTAGGTTATGAATCCCAAC-1","slingPseudotime_1",21.8539927954654,"CD8-41BB","aucell_exhausted_score",0.326136563103388,"exhausted"
"GGAATCTAGGTTATGAATCCCAAC-1","slingPseudotime_1",21.8539927954654,"CD8-41BB","aucell_proliferating_score",0,"proliferating"
"GGAATCTAGGTTATGAATCCCAAC-1","slingPseudotime_1",21.8539927954654,"CD8-41BB","aucell_naive_memory_score",0,"naive_memory"
"GGAATCTAGGTTATGAATCCCAAC-1","slingPseudotime_1",21.8539927954654,"CD8-41BB","aucell_cytotoxic_score",0.332455678427242,"cytotoxic"
"GGAATCTAGGTTATGAATCCCAAC-1","slingPseudotime_2",23.3875019456018,"CD8-41BB","aucell_exhausted_score",0.326136563103388,"exhausted"
"GGAATCTAGGTTATGAATCCCAAC-1","slingPseudotime_2",23.3875019456018,"CD8-41BB","aucell_proliferating_score",0,"proliferating"
"GGAATCTAGGTTATGAATCCCAAC-1","slingPseudotime_2",23.3875019456018,"CD8-41BB","aucell_naive_memory_score",0,"naive_memory"
"GGAATCTAGGTTATGAATCCCAAC-1","slingPseudotime_2",23.3875019456018,"CD8-41BB","aucell_cytotoxic_score",0.332455678427242,"cytotoxic"
"GGACCAGGTACAAACGATCCCAAC-1","slingPseudotime_1",17.7963277997658,"CD8-41BB","aucell_exhausted_score",0.281727224855187,"exhausted"
"GGACCAGGTACAAACGATCCCAAC-1","slingPseudotime_1",17.7963277997658,"CD8-41BB","aucell_proliferating_score",0,"proliferating"
"GGACCAGGTACAAACGATCCCAAC-1","slingPseudotime_1",17.7963277997658,"CD8-41BB","aucell_naive_memory_score",0.0307368421052632,"naive_memory"
"GGACCAGGTACAAACGATCCCAAC-1","slingPseudotime_1",17.7963277997658,"CD8-41BB","aucell_cytotoxic_score",0.311567491662278,"cytotoxic"
"GGACCAGGTACAAACGATCCCAAC-1","slingPseudotime_2",18.9897623375613,"CD8-41BB","aucell_exhausted_score",0.281727224855187,"exhausted"
"GGACCAGGTACAAACGATCCCAAC-1","slingPseudotime_2",18.9897623375613,"CD8-41BB","aucell_proliferating_score",0,"proliferating"
"GGACCAGGTACAAACGATCCCAAC-1","slingPseudotime_2",18.9897623375613,"CD8-41BB","aucell_naive_memory_score",0.0307368421052632,"naive_memory"
"GGACCAGGTACAAACGATCCCAAC-1","slingPseudotime_2",18.9897623375613,"CD8-41BB","aucell_cytotoxic_score",0.311567491662278,"cytotoxic"
"GGACCAGGTTAAGTCCATCCCAAC-1","slingPseudotime_1",25.1468375370825,"CD8-41BB","aucell_exhausted_score",0.15569598034053,"exhausted"
"GGACCAGGTTAAGTCCATCCCAAC-1","slingPseudotime_1",25.1468375370825,"CD8-41BB","aucell_proliferating_score",0,"proliferating"
"GGACCAGGTTAAGTCCATCCCAAC-1","slingPseudotime_1",25.1468375370825,"CD8-41BB","aucell_naive_memory_score",0.102315789473684,"naive_memory"
"GGACCAGGTTAAGTCCATCCCAAC-1","slingPseudotime_1",25.1468375370825,"CD8-41BB","aucell_cytotoxic_score",0.189046866771985,"cytotoxic"
"GGACCAGGTTAAGTCCATCCCAAC-1","slingPseudotime_2",25.4592394379617,"CD8-41BB","aucell_exhausted_score",0.15569598034053,"exhausted"
"GGACCAGGTTAAGTCCATCCCAAC-1","slingPseudotime_2",25.4592394379617,"CD8-41BB","aucell_proliferating_score",0,"proliferating"
"GGACCAGGTTAAGTCCATCCCAAC-1","slingPseudotime_2",25.4592394379617,"CD8-41BB","aucell_naive_memory_score",0.102315789473684,"naive_memory"
"GGACCAGGTTAAGTCCATCCCAAC-1","slingPseudotime_2",25.4592394379617,"CD8-41BB","aucell_cytotoxic_score",0.189046866771985,"cytotoxic"
"GGACCCACAATATGGTATCCCAAC-1","slingPseudotime_1",6.0798249895687,"CD8-41BB","aucell_exhausted_score",0,"exhausted"
"GGACCCACAATATGGTATCCCAAC-1","slingPseudotime_1",6.0798249895687,"CD8-41BB","aucell_proliferating_score",0,"proliferating"
"GGACCCACAATATGGTATCCCAAC-1","slingPseudotime_1",6.0798249895687,"CD8-41BB","aucell_naive_memory_score",0.0444210526315789,"naive_memory"
"GGACCCACAATATGGTATCCCAAC-1","slingPseudotime_1",6.0798249895687,"CD8-41BB","aucell_cytotoxic_score",0.113393013866948,"cytotoxic"
"GGACCCACAATATGGTATCCCAAC-1","slingPseudotime_2",6.73365101866686,"CD8-41BB","aucell_exhausted_score",0,"exhausted"
"GGACCCACAATATGGTATCCCAAC-1","slingPseudotime_2",6.73365101866686,"CD8-41BB","aucell_proliferating_score",0,"proliferating"
"GGACCCACAATATGGTATCCCAAC-1","slingPseudotime_2",6.73365101866686,"CD8-41BB","aucell_naive_memory_score",0.0444210526315789,"naive_memory"
"GGACCCACAATATGGTATCCCAAC-1","slingPseudotime_2",6.73365101866686,"CD8-41BB","aucell_cytotoxic_score",0.113393013866948,"cytotoxic"
"GGAGCGAAGGCGGATCATCCCAAC-1","slingPseudotime_1",15.095821723289,"CD8-41BB","aucell_exhausted_score",0.158504476040021,"exhausted"
"GGAGCGAAGGCGGATCATCCCAAC-1","slingPseudotime_1",15.095821723289,"CD8-41BB","aucell_proliferating_score",0,"proliferating"
"GGAGCGAAGGCGGATCATCCCAAC-1","slingPseudotime_1",15.095821723289,"CD8-41BB","aucell_naive_memory_score",0.0366315789473684,"naive_memory"
"GGAGCGAAGGCGGATCATCCCAAC-1","slingPseudotime_1",15.095821723289,"CD8-41BB","aucell_cytotoxic_score",0.297700544146042,"cytotoxic"
"GGAGCGAAGGCGGATCATCCCAAC-1","slingPseudotime_2",15.8628724990618,"CD8-41BB","aucell_exhausted_score",0.158504476040021,"exhausted"
"GGAGCGAAGGCGGATCATCCCAAC-1","slingPseudotime_2",15.8628724990618,"CD8-41BB","aucell_proliferating_score",0,"proliferating"
"GGAGCGAAGGCGGATCATCCCAAC-1","slingPseudotime_2",15.8628724990618,"CD8-41BB","aucell_naive_memory_score",0.0366315789473684,"naive_memory"
"GGAGCGAAGGCGGATCATCCCAAC-1","slingPseudotime_2",15.8628724990618,"CD8-41BB","aucell_cytotoxic_score",0.297700544146042,"cytotoxic"
"GGATAATGTCTGTGATATCCCAAC-1","slingPseudotime_1",21.8792501336343,"CD8-41BB","aucell_exhausted_score",0.482183605406354,"exhausted"
"GGATAATGTCTGTGATATCCCAAC-1","slingPseudotime_1",21.8792501336343,"CD8-41BB","aucell_proliferating_score",0,"proliferating"
"GGATAATGTCTGTGATATCCCAAC-1","slingPseudotime_1",21.8792501336343,"CD8-41BB","aucell_naive_memory_score",0,"naive_memory"
"GGATAATGTCTGTGATATCCCAAC-1","slingPseudotime_1",21.8792501336343,"CD8-41BB","aucell_cytotoxic_score",0.383184131999298,"cytotoxic"
"GGATAATGTCTGTGATATCCCAAC-1","slingPseudotime_2",23.623240487647,"CD8-41BB","aucell_exhausted_score",0.482183605406354,"exhausted"
"GGATAATGTCTGTGATATCCCAAC-1","slingPseudotime_2",23.623240487647,"CD8-41BB","aucell_proliferating_score",0,"proliferating"
"GGATAATGTCTGTGATATCCCAAC-1","slingPseudotime_2",23.623240487647,"CD8-41BB","aucell_naive_memory_score",0,"naive_memory"
"GGATAATGTCTGTGATATCCCAAC-1","slingPseudotime_2",23.623240487647,"CD8-41BB","aucell_cytotoxic_score",0.383184131999298,"cytotoxic"
"GGATAATGTTCGATGTATCCCAAC-1","slingPseudotime_1",26.8238788064584,"CD8-41BB","aucell_exhausted_score",0.304195190451115,"exhausted"
"GGATAATGTTCGATGTATCCCAAC-1","slingPseudotime_1",26.8238788064584,"CD8-41BB","aucell_proliferating_score",0,"proliferating"
"GGATAATGTTCGATGTATCCCAAC-1","slingPseudotime_1",26.8238788064584,"CD8-41BB","aucell_naive_memory_score",0,"naive_memory"
"GGATAATGTTCGATGTATCCCAAC-1","slingPseudotime_1",26.8238788064584,"CD8-41BB","aucell_cytotoxic_score",0.372827804107425,"cytotoxic"
"GGATAATGTTCGATGTATCCCAAC-1","slingPseudotime_2",25.6892613392089,"CD8-41BB","aucell_exhausted_score",0.304195190451115,"exhausted"
"GGATAATGTTCGATGTATCCCAAC-1","slingPseudotime_2",25.6892613392089,"CD8-41BB","aucell_proliferating_score",0,"proliferating"
"GGATAATGTTCGATGTATCCCAAC-1","slingPseudotime_2",25.6892613392089,"CD8-41BB","aucell_naive_memory_score",0,"naive_memory"
"GGATAATGTTCGATGTATCCCAAC-1","slingPseudotime_2",25.6892613392089,"CD8-41BB","aucell_cytotoxic_score",0.372827804107425,"cytotoxic"
"GGATATTCAATACTGGATCCCAAC-1","slingPseudotime_1",18.023442632548,"CD8-41BB","aucell_exhausted_score",0,"exhausted"
"GGATATTCAATACTGGATCCCAAC-1","slingPseudotime_1",18.023442632548,"CD8-41BB","aucell_proliferating_score",0,"proliferating"
"GGATATTCAATACTGGATCCCAAC-1","slingPseudotime_1",18.023442632548,"CD8-41BB","aucell_naive_memory_score",0,"naive_memory"
"GGATATTCAATACTGGATCCCAAC-1","slingPseudotime_1",18.023442632548,"CD8-41BB","aucell_cytotoxic_score",0.250658241179568,"cytotoxic"
"GGATATTCAATACTGGATCCCAAC-1","slingPseudotime_2",18.2146037876282,"CD8-41BB","aucell_exhausted_score",0,"exhausted"
"GGATATTCAATACTGGATCCCAAC-1","slingPseudotime_2",18.2146037876282,"CD8-41BB","aucell_proliferating_score",0,"proliferating"
"GGATATTCAATACTGGATCCCAAC-1","slingPseudotime_2",18.2146037876282,"CD8-41BB","aucell_naive_memory_score",0,"naive_memory"
"GGATATTCAATACTGGATCCCAAC-1","slingPseudotime_2",18.2146037876282,"CD8-41BB","aucell_cytotoxic_score",0.250658241179568,"cytotoxic"
"GGATATTCAATGGATTATCCCAAC-1","slingPseudotime_1",12.6512931981652,"CD8-41BB","aucell_exhausted_score",0.137089696331402,"exhausted"
"GGATATTCAATGGATTATCCCAAC-1","slingPseudotime_1",12.6512931981652,"CD8-41BB","aucell_proliferating_score",0,"proliferating"
"GGATATTCAATGGATTATCCCAAC-1","slingPseudotime_1",12.6512931981652,"CD8-41BB","aucell_naive_memory_score",0.153052631578947,"naive_memory"
"GGATATTCAATGGATTATCCCAAC-1","slingPseudotime_1",12.6512931981652,"CD8-41BB","aucell_cytotoxic_score",0.188169211865894,"cytotoxic"
"GGATATTCAATGGATTATCCCAAC-1","slingPseudotime_2",13.0805858155089,"CD8-41BB","aucell_exhausted_score",0.137089696331402,"exhausted"
"GGATATTCAATGGATTATCCCAAC-1","slingPseudotime_2",13.0805858155089,"CD8-41BB","aucell_proliferating_score",0,"proliferating"
"GGATATTCAATGGATTATCCCAAC-1","slingPseudotime_2",13.0805858155089,"CD8-41BB","aucell_naive_memory_score",0.153052631578947,"naive_memory"
"GGATATTCAATGGATTATCCCAAC-1","slingPseudotime_2",13.0805858155089,"CD8-41BB","aucell_cytotoxic_score",0.188169211865894,"cytotoxic"
"GGATCCGCAGCAATTGATCCCAAC-1","slingPseudotime_1",11.7440507541472,"CD8-41BB","aucell_exhausted_score",0,"exhausted"
"GGATCCGCAGCAATTGATCCCAAC-1","slingPseudotime_1",11.7440507541472,"CD8-41BB","aucell_proliferating_score",0,"proliferating"
"GGATCCGCAGCAATTGATCCCAAC-1","slingPseudotime_1",11.7440507541472,"CD8-41BB","aucell_naive_memory_score",0.529052631578947,"naive_memory"
"GGATCCGCAGCAATTGATCCCAAC-1","slingPseudotime_1",11.7440507541472,"CD8-41BB","aucell_cytotoxic_score",0,"cytotoxic"
"GGATCCGCAGCAATTGATCCCAAC-1","slingPseudotime_2",12.5499252925081,"CD8-41BB","aucell_exhausted_score",0,"exhausted"
"GGATCCGCAGCAATTGATCCCAAC-1","slingPseudotime_2",12.5499252925081,"CD8-41BB","aucell_proliferating_score",0,"proliferating"
"GGATCCGCAGCAATTGATCCCAAC-1","slingPseudotime_2",12.5499252925081,"CD8-41BB","aucell_naive_memory_score",0.529052631578947,"naive_memory"
"GGATCCGCAGCAATTGATCCCAAC-1","slingPseudotime_2",12.5499252925081,"CD8-41BB","aucell_cytotoxic_score",0,"cytotoxic"
"GGCAATCCAAGGAATAATCCCAAC-1","slingPseudotime_1",24.5062037631168,"CD8-41BB","aucell_exhausted_score",0.159908723889767,"exhausted"
"GGCAATCCAAGGAATAATCCCAAC-1","slingPseudotime_1",24.5062037631168,"CD8-41BB","aucell_proliferating_score",0,"proliferating"
"GGCAATCCAAGGAATAATCCCAAC-1","slingPseudotime_1",24.5062037631168,"CD8-41BB","aucell_naive_memory_score",0.403578947368421,"naive_memory"
"GGCAATCCAAGGAATAATCCCAAC-1","slingPseudotime_1",24.5062037631168,"CD8-41BB","aucell_cytotoxic_score",0.148850272073021,"cytotoxic"
"GGCAATCCAAGGAATAATCCCAAC-1","slingPseudotime_2",28.3703310736886,"CD8-41BB","aucell_exhausted_score",0.159908723889767,"exhausted"
"GGCAATCCAAGGAATAATCCCAAC-1","slingPseudotime_2",28.3703310736886,"CD8-41BB","aucell_proliferating_score",0,"proliferating"
"GGCAATCCAAGGAATAATCCCAAC-1","slingPseudotime_2",28.3703310736886,"CD8-41BB","aucell_naive_memory_score",0.403578947368421,"naive_memory"
"GGCAATCCAAGGAATAATCCCAAC-1","slingPseudotime_2",28.3703310736886,"CD8-41BB","aucell_cytotoxic_score",0.148850272073021,"cytotoxic"
"GGCATTTGTCCTGAGCATCCCAAC-1","slingPseudotime_1",16.9229612081346,"CD8-41BB","aucell_exhausted_score",0.151132174828857,"exhausted"
"GGCATTTGTCCTGAGCATCCCAAC-1","slingPseudotime_1",16.9229612081346,"CD8-41BB","aucell_proliferating_score",0,"proliferating"
"GGCATTTGTCCTGAGCATCCCAAC-1","slingPseudotime_1",16.9229612081346,"CD8-41BB","aucell_naive_memory_score",0.289263157894737,"naive_memory"
"GGCATTTGTCCTGAGCATCCCAAC-1","slingPseudotime_1",16.9229612081346,"CD8-41BB","aucell_cytotoxic_score",0.27470598560646,"cytotoxic"
"GGCATTTGTCCTGAGCATCCCAAC-1","slingPseudotime_2",17.3453832370504,"CD8-41BB","aucell_exhausted_score",0.151132174828857,"exhausted"
"GGCATTTGTCCTGAGCATCCCAAC-1","slingPseudotime_2",17.3453832370504,"CD8-41BB","aucell_proliferating_score",0,"proliferating"
"GGCATTTGTCCTGAGCATCCCAAC-1","slingPseudotime_2",17.3453832370504,"CD8-41BB","aucell_naive_memory_score",0.289263157894737,"naive_memory"
"GGCATTTGTCCTGAGCATCCCAAC-1","slingPseudotime_2",17.3453832370504,"CD8-41BB","aucell_cytotoxic_score",0.27470598560646,"cytotoxic"
"GGCCATTTCACATTCGATCCCAAC-1","slingPseudotime_1",21.8539927954654,"CD8-41BB","aucell_exhausted_score",0.57732139722661,"exhausted"
"GGCCATTTCACATTCGATCCCAAC-1","slingPseudotime_1",21.8539927954654,"CD8-41BB","aucell_proliferating_score",0,"proliferating"
"GGCCATTTCACATTCGATCCCAAC-1","slingPseudotime_1",21.8539927954654,"CD8-41BB","aucell_naive_memory_score",0,"naive_memory"
"GGCCATTTCACATTCGATCCCAAC-1","slingPseudotime_1",21.8539927954654,"CD8-41BB","aucell_cytotoxic_score",0.63349131121643,"cytotoxic"
"GGCCATTTCACATTCGATCCCAAC-1","slingPseudotime_2",23.3875019456018,"CD8-41BB","aucell_exhausted_score",0.57732139722661,"exhausted"
"GGCCATTTCACATTCGATCCCAAC-1","slingPseudotime_2",23.3875019456018,"CD8-41BB","aucell_proliferating_score",0,"proliferating"
"GGCCATTTCACATTCGATCCCAAC-1","slingPseudotime_2",23.3875019456018,"CD8-41BB","aucell_naive_memory_score",0,"naive_memory"
"GGCCATTTCACATTCGATCCCAAC-1","slingPseudotime_2",23.3875019456018,"CD8-41BB","aucell_cytotoxic_score",0.63349131121643,"cytotoxic"
"GGCCTAAAGGGTCTAGATCCCAAC-1","slingPseudotime_1",23.911736422844,"CD8-41BB","aucell_exhausted_score",0.279971915043005,"exhausted"
"GGCCTAAAGGGTCTAGATCCCAAC-1","slingPseudotime_1",23.911736422844,"CD8-41BB","aucell_proliferating_score",0,"proliferating"
"GGCCTAAAGGGTCTAGATCCCAAC-1","slingPseudotime_1",23.911736422844,"CD8-41BB","aucell_naive_memory_score",0,"naive_memory"
"GGCCTAAAGGGTCTAGATCCCAAC-1","slingPseudotime_1",23.911736422844,"CD8-41BB","aucell_cytotoxic_score",0.661400737230121,"cytotoxic"
"GGCCTAAAGGGTCTAGATCCCAAC-1","slingPseudotime_2",25.3080339985734,"CD8-41BB","aucell_exhausted_score",0.279971915043005,"exhausted"
"GGCCTAAAGGGTCTAGATCCCAAC-1","slingPseudotime_2",25.3080339985734,"CD8-41BB","aucell_proliferating_score",0,"proliferating"
"GGCCTAAAGGGTCTAGATCCCAAC-1","slingPseudotime_2",25.3080339985734,"CD8-41BB","aucell_naive_memory_score",0,"naive_memory"
"GGCCTAAAGGGTCTAGATCCCAAC-1","slingPseudotime_2",25.3080339985734,"CD8-41BB","aucell_cytotoxic_score",0.661400737230121,"cytotoxic"
"GGCCTAAAGGTTTCGCATCCCAAC-1","slingPseudotime_1",15.112020189126,"CD8-41BB","aucell_exhausted_score",0.18764261892224,"exhausted"
"GGCCTAAAGGTTTCGCATCCCAAC-1","slingPseudotime_1",15.112020189126,"CD8-41BB","aucell_proliferating_score",0,"proliferating"
"GGCCTAAAGGTTTCGCATCCCAAC-1","slingPseudotime_1",15.112020189126,"CD8-41BB","aucell_naive_memory_score",0.356631578947368,"naive_memory"
"GGCCTAAAGGTTTCGCATCCCAAC-1","slingPseudotime_1",15.112020189126,"CD8-41BB","aucell_cytotoxic_score",0.483061260312445,"cytotoxic"
"GGCCTAAAGGTTTCGCATCCCAAC-1","slingPseudotime_2",15.9106887083348,"CD8-41BB","aucell_exhausted_score",0.18764261892224,"exhausted"
"GGCCTAAAGGTTTCGCATCCCAAC-1","slingPseudotime_2",15.9106887083348,"CD8-41BB","aucell_proliferating_score",0,"proliferating"
"GGCCTAAAGGTTTCGCATCCCAAC-1","slingPseudotime_2",15.9106887083348,"CD8-41BB","aucell_naive_memory_score",0.356631578947368,"naive_memory"
"GGCCTAAAGGTTTCGCATCCCAAC-1","slingPseudotime_2",15.9106887083348,"CD8-41BB","aucell_cytotoxic_score",0.483061260312445,"cytotoxic"
"GGCCTATTCACAAGCGATCCCAAC-1","slingPseudotime_1",19.4455680557536,"CD8-41BB","aucell_exhausted_score",0.204142531156749,"exhausted"
"GGCCTATTCACAAGCGATCCCAAC-1","slingPseudotime_1",19.4455680557536,"CD8-41BB","aucell_proliferating_score",0,"proliferating"
"GGCCTATTCACAAGCGATCCCAAC-1","slingPseudotime_1",19.4455680557536,"CD8-41BB","aucell_naive_memory_score",0.0703157894736842,"naive_memory"
"GGCCTATTCACAAGCGATCCCAAC-1","slingPseudotime_1",19.4455680557536,"CD8-41BB","aucell_cytotoxic_score",0.273828330700369,"cytotoxic"
"GGCCTATTCACAAGCGATCCCAAC-1","slingPseudotime_2",20.3726396694371,"CD8-41BB","aucell_exhausted_score",0.204142531156749,"exhausted"
"GGCCTATTCACAAGCGATCCCAAC-1","slingPseudotime_2",20.3726396694371,"CD8-41BB","aucell_proliferating_score",0,"proliferating"
"GGCCTATTCACAAGCGATCCCAAC-1","slingPseudotime_2",20.3726396694371,"CD8-41BB","aucell_naive_memory_score",0.0703157894736842,"naive_memory"
"GGCCTATTCACAAGCGATCCCAAC-1","slingPseudotime_2",20.3726396694371,"CD8-41BB","aucell_cytotoxic_score",0.273828330700369,"cytotoxic"
"GGCCTTTAGACTTAAGATCCCAAC-1","slingPseudotime_1",18.5873676406061,"CD8-41BB","aucell_exhausted_score",0.328945058802879,"exhausted"
"GGCCTTTAGACTTAAGATCCCAAC-1","slingPseudotime_1",18.5873676406061,"CD8-41BB","aucell_proliferating_score",0,"proliferating"
"GGCCTTTAGACTTAAGATCCCAAC-1","slingPseudotime_1",18.5873676406061,"CD8-41BB","aucell_naive_memory_score",0.00442105263157895,"naive_memory"
"GGCCTTTAGACTTAAGATCCCAAC-1","slingPseudotime_1",18.5873676406061,"CD8-41BB","aucell_cytotoxic_score",0.468843250833772,"cytotoxic"
"GGCCTTTAGACTTAAGATCCCAAC-1","slingPseudotime_2",19.7335114707119,"CD8-41BB","aucell_exhausted_score",0.328945058802879,"exhausted"
"GGCCTTTAGACTTAAGATCCCAAC-1","slingPseudotime_2",19.7335114707119,"CD8-41BB","aucell_proliferating_score",0,"proliferating"
"GGCCTTTAGACTTAAGATCCCAAC-1","slingPseudotime_2",19.7335114707119,"CD8-41BB","aucell_naive_memory_score",0.00442105263157895,"naive_memory"
"GGCCTTTAGACTTAAGATCCCAAC-1","slingPseudotime_2",19.7335114707119,"CD8-41BB","aucell_cytotoxic_score",0.468843250833772,"cytotoxic"
"GGCGAAACAGGATTATATCCCAAC-1","slingPseudotime_1",24.5076291914607,"CD8-41BB","aucell_exhausted_score",0.15955766192733,"exhausted"
"GGCGAAACAGGATTATATCCCAAC-1","slingPseudotime_1",24.5076291914607,"CD8-41BB","aucell_proliferating_score",0,"proliferating"
"GGCGAAACAGGATTATATCCCAAC-1","slingPseudotime_1",24.5076291914607,"CD8-41BB","aucell_naive_memory_score",0.0347368421052632,"naive_memory"
"GGCGAAACAGGATTATATCCCAAC-1","slingPseudotime_1",24.5076291914607,"CD8-41BB","aucell_cytotoxic_score",0.489555906617518,"cytotoxic"
"GGCGAAACAGGATTATATCCCAAC-1","slingPseudotime_2",26.1467285735173,"CD8-41BB","aucell_exhausted_score",0.15955766192733,"exhausted"
"GGCGAAACAGGATTATATCCCAAC-1","slingPseudotime_2",26.1467285735173,"CD8-41BB","aucell_proliferating_score",0,"proliferating"
"GGCGAAACAGGATTATATCCCAAC-1","slingPseudotime_2",26.1467285735173,"CD8-41BB","aucell_naive_memory_score",0.0347368421052632,"naive_memory"
"GGCGAAACAGGATTATATCCCAAC-1","slingPseudotime_2",26.1467285735173,"CD8-41BB","aucell_cytotoxic_score",0.489555906617518,"cytotoxic"
"GGCGATTCACTGTCATATCCCAAC-1","slingPseudotime_1",14.7211952634314,"CD8-41BB","aucell_exhausted_score",0,"exhausted"
"GGCGATTCACTGTCATATCCCAAC-1","slingPseudotime_1",14.7211952634314,"CD8-41BB","aucell_proliferating_score",0.0206315789473684,"proliferating"
"GGCGATTCACTGTCATATCCCAAC-1","slingPseudotime_1",14.7211952634314,"CD8-41BB","aucell_naive_memory_score",0,"naive_memory"
"GGCGATTCACTGTCATATCCCAAC-1","slingPseudotime_1",14.7211952634314,"CD8-41BB","aucell_cytotoxic_score",0.414604177637353,"cytotoxic"
"GGCGATTCACTGTCATATCCCAAC-1","slingPseudotime_2",15.5733204092834,"CD8-41BB","aucell_exhausted_score",0,"exhausted"
"GGCGATTCACTGTCATATCCCAAC-1","slingPseudotime_2",15.5733204092834,"CD8-41BB","aucell_proliferating_score",0.0206315789473684,"proliferating"
"GGCGATTCACTGTCATATCCCAAC-1","slingPseudotime_2",15.5733204092834,"CD8-41BB","aucell_naive_memory_score",0,"naive_memory"
"GGCGATTCACTGTCATATCCCAAC-1","slingPseudotime_2",15.5733204092834,"CD8-41BB","aucell_cytotoxic_score",0.414604177637353,"cytotoxic"
"GGCGCTTGTCACTATAATCCCAAC-1","slingPseudotime_1",22.6412341113797,"CD8-41BB","aucell_exhausted_score",0.592065999648938,"exhausted"
"GGCGCTTGTCACTATAATCCCAAC-1","slingPseudotime_1",22.6412341113797,"CD8-41BB","aucell_proliferating_score",0,"proliferating"
"GGCGCTTGTCACTATAATCCCAAC-1","slingPseudotime_1",22.6412341113797,"CD8-41BB","aucell_naive_memory_score",0,"naive_memory"
"GGCGCTTGTCACTATAATCCCAAC-1","slingPseudotime_1",22.6412341113797,"CD8-41BB","aucell_cytotoxic_score",0.490960154467263,"cytotoxic"
"GGCGCTTGTCACTATAATCCCAAC-1","slingPseudotime_2",24.3135201685192,"CD8-41BB","aucell_exhausted_score",0.592065999648938,"exhausted"
"GGCGCTTGTCACTATAATCCCAAC-1","slingPseudotime_2",24.3135201685192,"CD8-41BB","aucell_proliferating_score",0,"proliferating"
"GGCGCTTGTCACTATAATCCCAAC-1","slingPseudotime_2",24.3135201685192,"CD8-41BB","aucell_naive_memory_score",0,"naive_memory"
"GGCGCTTGTCACTATAATCCCAAC-1","slingPseudotime_2",24.3135201685192,"CD8-41BB","aucell_cytotoxic_score",0.490960154467263,"cytotoxic"
"GGCGTAATCGGTCAAGATCCCAAC-1","slingPseudotime_1",16.4248817024905,"CD8-41BB","aucell_exhausted_score",0.422678602773389,"exhausted"
"GGCGTAATCGGTCAAGATCCCAAC-1","slingPseudotime_1",16.4248817024905,"CD8-41BB","aucell_proliferating_score",0,"proliferating"
"GGCGTAATCGGTCAAGATCCCAAC-1","slingPseudotime_1",16.4248817024905,"CD8-41BB","aucell_naive_memory_score",0.118315789473684,"naive_memory"
"GGCGTAATCGGTCAAGATCCCAAC-1","slingPseudotime_1",16.4248817024905,"CD8-41BB","aucell_cytotoxic_score",0.137616289275057,"cytotoxic"
"GGCGTAATCGGTCAAGATCCCAAC-1","slingPseudotime_2",17.5051831516798,"CD8-41BB","aucell_exhausted_score",0.422678602773389,"exhausted"
"GGCGTAATCGGTCAAGATCCCAAC-1","slingPseudotime_2",17.5051831516798,"CD8-41BB","aucell_proliferating_score",0,"proliferating"
"GGCGTAATCGGTCAAGATCCCAAC-1","slingPseudotime_2",17.5051831516798,"CD8-41BB","aucell_naive_memory_score",0.118315789473684,"naive_memory"
"GGCGTAATCGGTCAAGATCCCAAC-1","slingPseudotime_2",17.5051831516798,"CD8-41BB","aucell_cytotoxic_score",0.137616289275057,"cytotoxic"
"GGCTGATCATAGCGACATCCCAAC-1","slingPseudotime_1",16.4440417714172,"CD8-41BB","aucell_exhausted_score",0.072143233280674,"exhausted"
"GGCTGATCATAGCGACATCCCAAC-1","slingPseudotime_1",16.4440417714172,"CD8-41BB","aucell_proliferating_score",0.171368421052632,"proliferating"
"GGCTGATCATAGCGACATCCCAAC-1","slingPseudotime_1",16.4440417714172,"CD8-41BB","aucell_naive_memory_score",0.195789473684211,"naive_memory"
"GGCTGATCATAGCGACATCCCAAC-1","slingPseudotime_1",16.4440417714172,"CD8-41BB","aucell_cytotoxic_score",0.621555204493593,"cytotoxic"
"GGCTGATCATAGCGACATCCCAAC-1","slingPseudotime_2",17.7328656616553,"CD8-41BB","aucell_exhausted_score",0.072143233280674,"exhausted"
"GGCTGATCATAGCGACATCCCAAC-1","slingPseudotime_2",17.7328656616553,"CD8-41BB","aucell_proliferating_score",0.171368421052632,"proliferating"
"GGCTGATCATAGCGACATCCCAAC-1","slingPseudotime_2",17.7328656616553,"CD8-41BB","aucell_naive_memory_score",0.195789473684211,"naive_memory"
"GGCTGATCATAGCGACATCCCAAC-1","slingPseudotime_2",17.7328656616553,"CD8-41BB","aucell_cytotoxic_score",0.621555204493593,"cytotoxic"
"GGCTTAACATCACTCGATCCCAAC-1","slingPseudotime_1",8.91741198227992,"CD8-41BB","aucell_exhausted_score",0,"exhausted"
"GGCTTAACATCACTCGATCCCAAC-1","slingPseudotime_1",8.91741198227992,"CD8-41BB","aucell_proliferating_score",0,"proliferating"
"GGCTTAACATCACTCGATCCCAAC-1","slingPseudotime_1",8.91741198227992,"CD8-41BB","aucell_naive_memory_score",0.165052631578947,"naive_memory"
"GGCTTAACATCACTCGATCCCAAC-1","slingPseudotime_1",8.91741198227992,"CD8-41BB","aucell_cytotoxic_score",0.203791469194313,"cytotoxic"
"GGCTTAACATCACTCGATCCCAAC-1","slingPseudotime_2",9.57639352171332,"CD8-41BB","aucell_exhausted_score",0,"exhausted"
"GGCTTAACATCACTCGATCCCAAC-1","slingPseudotime_2",9.57639352171332,"CD8-41BB","aucell_proliferating_score",0,"proliferating"
"GGCTTAACATCACTCGATCCCAAC-1","slingPseudotime_2",9.57639352171332,"CD8-41BB","aucell_naive_memory_score",0.165052631578947,"naive_memory"
"GGCTTAACATCACTCGATCCCAAC-1","slingPseudotime_2",9.57639352171332,"CD8-41BB","aucell_cytotoxic_score",0.203791469194313,"cytotoxic"
"GGCTTATGTACTTCAAATCCCAAC-1","slingPseudotime_1",75.6455472384452,"CD8-41BB","aucell_exhausted_score",0.296998420221169,"exhausted"
"GGCTTATGTACTTCAAATCCCAAC-1","slingPseudotime_1",75.6455472384452,"CD8-41BB","aucell_proliferating_score",0.763578947368421,"proliferating"
"GGCTTATGTACTTCAAATCCCAAC-1","slingPseudotime_1",75.6455472384452,"CD8-41BB","aucell_naive_memory_score",0,"naive_memory"
"GGCTTATGTACTTCAAATCCCAAC-1","slingPseudotime_1",75.6455472384452,"CD8-41BB","aucell_cytotoxic_score",0.29401439354046,"cytotoxic"
"GGCTTGAAGCGCTCCAATCCCAAC-1","slingPseudotime_1",8.70675871291214,"CD8-41BB","aucell_exhausted_score",0.138493944181148,"exhausted"
"GGCTTGAAGCGCTCCAATCCCAAC-1","slingPseudotime_1",8.70675871291214,"CD8-41BB","aucell_proliferating_score",0,"proliferating"
"GGCTTGAAGCGCTCCAATCCCAAC-1","slingPseudotime_1",8.70675871291214,"CD8-41BB","aucell_naive_memory_score",0.192210526315789,"naive_memory"
"GGCTTGAAGCGCTCCAATCCCAAC-1","slingPseudotime_1",8.70675871291214,"CD8-41BB","aucell_cytotoxic_score",0.165174653326312,"cytotoxic"
"GGCTTGAAGCGCTCCAATCCCAAC-1","slingPseudotime_2",9.33630272361293,"CD8-41BB","aucell_exhausted_score",0.138493944181148,"exhausted"
"GGCTTGAAGCGCTCCAATCCCAAC-1","slingPseudotime_2",9.33630272361293,"CD8-41BB","aucell_proliferating_score",0,"proliferating"
"GGCTTGAAGCGCTCCAATCCCAAC-1","slingPseudotime_2",9.33630272361293,"CD8-41BB","aucell_naive_memory_score",0.192210526315789,"naive_memory"
"GGCTTGAAGCGCTCCAATCCCAAC-1","slingPseudotime_2",9.33630272361293,"CD8-41BB","aucell_cytotoxic_score",0.165174653326312,"cytotoxic"
"GGGACAACACCACAAAATCCCAAC-1","slingPseudotime_1",20.8555402641963,"CD8-41BB","aucell_exhausted_score",0.0889942074776198,"exhausted"
"GGGACAACACCACAAAATCCCAAC-1","slingPseudotime_1",20.8555402641963,"CD8-41BB","aucell_proliferating_score",0,"proliferating"
"GGGACAACACCACAAAATCCCAAC-1","slingPseudotime_1",20.8555402641963,"CD8-41BB","aucell_naive_memory_score",0.0810526315789474,"naive_memory"
"GGGACAACACCACAAAATCCCAAC-1","slingPseudotime_1",20.8555402641963,"CD8-41BB","aucell_cytotoxic_score",0.166754432157276,"cytotoxic"
"GGGACAACACCACAAAATCCCAAC-1","slingPseudotime_2",29.4408755786085,"CD8-41BB","aucell_exhausted_score",0.0889942074776198,"exhausted"
"GGGACAACACCACAAAATCCCAAC-1","slingPseudotime_2",29.4408755786085,"CD8-41BB","aucell_proliferating_score",0,"proliferating"
"GGGACAACACCACAAAATCCCAAC-1","slingPseudotime_2",29.4408755786085,"CD8-41BB","aucell_naive_memory_score",0.0810526315789474,"naive_memory"
"GGGACAACACCACAAAATCCCAAC-1","slingPseudotime_2",29.4408755786085,"CD8-41BB","aucell_cytotoxic_score",0.166754432157276,"cytotoxic"
"GGGACTCAGGCGAGTCATCCCAAC-1","slingPseudotime_1",10.8770644476583,"CD8-41BB","aucell_exhausted_score",0,"exhausted"
"GGGACTCAGGCGAGTCATCCCAAC-1","slingPseudotime_1",10.8770644476583,"CD8-41BB","aucell_proliferating_score",0,"proliferating"
"GGGACTCAGGCGAGTCATCCCAAC-1","slingPseudotime_1",10.8770644476583,"CD8-41BB","aucell_naive_memory_score",0.421894736842105,"naive_memory"
"GGGACTCAGGCGAGTCATCCCAAC-1","slingPseudotime_1",10.8770644476583,"CD8-41BB","aucell_cytotoxic_score",0,"cytotoxic"
"GGGACTCAGGCGAGTCATCCCAAC-1","slingPseudotime_2",11.609845586033,"CD8-41BB","aucell_exhausted_score",0,"exhausted"
"GGGACTCAGGCGAGTCATCCCAAC-1","slingPseudotime_2",11.609845586033,"CD8-41BB","aucell_proliferating_score",0,"proliferating"
"GGGACTCAGGCGAGTCATCCCAAC-1","slingPseudotime_2",11.609845586033,"CD8-41BB","aucell_naive_memory_score",0.421894736842105,"naive_memory"
"GGGACTCAGGCGAGTCATCCCAAC-1","slingPseudotime_2",11.609845586033,"CD8-41BB","aucell_cytotoxic_score",0,"cytotoxic"
"GGGAGTCTCATGCATTATCCCAAC-1","slingPseudotime_1",51.644269381734,"CD8-41BB","aucell_exhausted_score",0,"exhausted"
"GGGAGTCTCATGCATTATCCCAAC-1","slingPseudotime_1",51.644269381734,"CD8-41BB","aucell_proliferating_score",0.486736842105263,"proliferating"
"GGGAGTCTCATGCATTATCCCAAC-1","slingPseudotime_1",51.644269381734,"CD8-41BB","aucell_naive_memory_score",0,"naive_memory"
"GGGAGTCTCATGCATTATCCCAAC-1","slingPseudotime_1",51.644269381734,"CD8-41BB","aucell_cytotoxic_score",0.264349657714587,"cytotoxic"
"GGGAGTGAGATAGCTAATCCCAAC-1","slingPseudotime_1",22.1234042850194,"CD8-41BB","aucell_exhausted_score",0.37335439705108,"exhausted"
"GGGAGTGAGATAGCTAATCCCAAC-1","slingPseudotime_1",22.1234042850194,"CD8-41BB","aucell_proliferating_score",0,"proliferating"
"GGGAGTGAGATAGCTAATCCCAAC-1","slingPseudotime_1",22.1234042850194,"CD8-41BB","aucell_naive_memory_score",0,"naive_memory"
"GGGAGTGAGATAGCTAATCCCAAC-1","slingPseudotime_1",22.1234042850194,"CD8-41BB","aucell_cytotoxic_score",0.62664560294892,"cytotoxic"
"GGGAGTGAGATAGCTAATCCCAAC-1","slingPseudotime_2",23.8227480841312,"CD8-41BB","aucell_exhausted_score",0.37335439705108,"exhausted"
"GGGAGTGAGATAGCTAATCCCAAC-1","slingPseudotime_2",23.8227480841312,"CD8-41BB","aucell_proliferating_score",0,"proliferating"
"GGGAGTGAGATAGCTAATCCCAAC-1","slingPseudotime_2",23.8227480841312,"CD8-41BB","aucell_naive_memory_score",0,"naive_memory"
"GGGAGTGAGATAGCTAATCCCAAC-1","slingPseudotime_2",23.8227480841312,"CD8-41BB","aucell_cytotoxic_score",0.62664560294892,"cytotoxic"
"GGGAGTGAGGAGTCATATCCCAAC-1","slingPseudotime_1",13.2253893367986,"CD8-41BB","aucell_exhausted_score",0,"exhausted"
"GGGAGTGAGGAGTCATATCCCAAC-1","slingPseudotime_1",13.2253893367986,"CD8-41BB","aucell_proliferating_score",0,"proliferating"
"GGGAGTGAGGAGTCATATCCCAAC-1","slingPseudotime_1",13.2253893367986,"CD8-41BB","aucell_naive_memory_score",0.215157894736842,"naive_memory"
"GGGAGTGAGGAGTCATATCCCAAC-1","slingPseudotime_1",13.2253893367986,"CD8-41BB","aucell_cytotoxic_score",0.131648235913639,"cytotoxic"
"GGGAGTGAGGAGTCATATCCCAAC-1","slingPseudotime_2",14.0512539400668,"CD8-41BB","aucell_exhausted_score",0,"exhausted"
"GGGAGTGAGGAGTCATATCCCAAC-1","slingPseudotime_2",14.0512539400668,"CD8-41BB","aucell_proliferating_score",0,"proliferating"
"GGGAGTGAGGAGTCATATCCCAAC-1","slingPseudotime_2",14.0512539400668,"CD8-41BB","aucell_naive_memory_score",0.215157894736842,"naive_memory"
"GGGAGTGAGGAGTCATATCCCAAC-1","slingPseudotime_2",14.0512539400668,"CD8-41BB","aucell_cytotoxic_score",0.131648235913639,"cytotoxic"
"GGGATGACATGAGGGAATCCCAAC-1","slingPseudotime_1",12.483289090497,"CD8-41BB","aucell_exhausted_score",0.0133403545725821,"exhausted"
"GGGATGACATGAGGGAATCCCAAC-1","slingPseudotime_1",12.483289090497,"CD8-41BB","aucell_proliferating_score",0,"proliferating"
"GGGATGACATGAGGGAATCCCAAC-1","slingPseudotime_1",12.483289090497,"CD8-41BB","aucell_naive_memory_score",0.156631578947368,"naive_memory"
"GGGATGACATGAGGGAATCCCAAC-1","slingPseudotime_1",12.483289090497,"CD8-41BB","aucell_cytotoxic_score",0.331929085483588,"cytotoxic"
"GGGATGACATGAGGGAATCCCAAC-1","slingPseudotime_2",13.2776559227616,"CD8-41BB","aucell_exhausted_score",0.0133403545725821,"exhausted"
"GGGATGACATGAGGGAATCCCAAC-1","slingPseudotime_2",13.2776559227616,"CD8-41BB","aucell_proliferating_score",0,"proliferating"
"GGGATGACATGAGGGAATCCCAAC-1","slingPseudotime_2",13.2776559227616,"CD8-41BB","aucell_naive_memory_score",0.156631578947368,"naive_memory"
"GGGATGACATGAGGGAATCCCAAC-1","slingPseudotime_2",13.2776559227616,"CD8-41BB","aucell_cytotoxic_score",0.331929085483588,"cytotoxic"
"GGGATGGAGTACGGGCATCCCAAC-1","slingPseudotime_1",9.26074702223016,"CD8-41BB","aucell_exhausted_score",0,"exhausted"
"GGGATGGAGTACGGGCATCCCAAC-1","slingPseudotime_1",9.26074702223016,"CD8-41BB","aucell_proliferating_score",0.0275789473684211,"proliferating"
"GGGATGGAGTACGGGCATCCCAAC-1","slingPseudotime_1",9.26074702223016,"CD8-41BB","aucell_naive_memory_score",0,"naive_memory"
"GGGATGGAGTACGGGCATCCCAAC-1","slingPseudotime_1",9.26074702223016,"CD8-41BB","aucell_cytotoxic_score",0.0172020361593821,"cytotoxic"
"GGGATGGAGTACGGGCATCCCAAC-1","slingPseudotime_2",9.78853578714621,"CD8-41BB","aucell_exhausted_score",0,"exhausted"
"GGGATGGAGTACGGGCATCCCAAC-1","slingPseudotime_2",9.78853578714621,"CD8-41BB","aucell_proliferating_score",0.0275789473684211,"proliferating"
"GGGATGGAGTACGGGCATCCCAAC-1","slingPseudotime_2",9.78853578714621,"CD8-41BB","aucell_naive_memory_score",0,"naive_memory"
"GGGATGGAGTACGGGCATCCCAAC-1","slingPseudotime_2",9.78853578714621,"CD8-41BB","aucell_cytotoxic_score",0.0172020361593821,"cytotoxic"
"GGGCAATGTGTGATGAATCCCAAC-1","slingPseudotime_1",11.5675574336635,"CD8-41BB","aucell_exhausted_score",0,"exhausted"
"GGGCAATGTGTGATGAATCCCAAC-1","slingPseudotime_1",11.5675574336635,"CD8-41BB","aucell_proliferating_score",0,"proliferating"
"GGGCAATGTGTGATGAATCCCAAC-1","slingPseudotime_1",11.5675574336635,"CD8-41BB","aucell_naive_memory_score",0.219157894736842,"naive_memory"
"GGGCAATGTGTGATGAATCCCAAC-1","slingPseudotime_1",11.5675574336635,"CD8-41BB","aucell_cytotoxic_score",0,"cytotoxic"
"GGGCAATGTGTGATGAATCCCAAC-1","slingPseudotime_2",12.2377067562155,"CD8-41BB","aucell_exhausted_score",0,"exhausted"
"GGGCAATGTGTGATGAATCCCAAC-1","slingPseudotime_2",12.2377067562155,"CD8-41BB","aucell_proliferating_score",0,"proliferating"
"GGGCAATGTGTGATGAATCCCAAC-1","slingPseudotime_2",12.2377067562155,"CD8-41BB","aucell_naive_memory_score",0.219157894736842,"naive_memory"
"GGGCAATGTGTGATGAATCCCAAC-1","slingPseudotime_2",12.2377067562155,"CD8-41BB","aucell_cytotoxic_score",0,"cytotoxic"
"GGGCTTAAGGTTATGAATCCCAAC-1","slingPseudotime_1",9.71794726014195,"CD8-41BB","aucell_exhausted_score",0.0935580129892926,"exhausted"
"GGGCTTAAGGTTATGAATCCCAAC-1","slingPseudotime_1",9.71794726014195,"CD8-41BB","aucell_proliferating_score",0,"proliferating"
"GGGCTTAAGGTTATGAATCCCAAC-1","slingPseudotime_1",9.71794726014195,"CD8-41BB","aucell_naive_memory_score",0.348,"naive_memory"
"GGGCTTAAGGTTATGAATCCCAAC-1","slingPseudotime_1",9.71794726014195,"CD8-41BB","aucell_cytotoxic_score",0,"cytotoxic"
"GGGCTTAAGGTTATGAATCCCAAC-1","slingPseudotime_2",10.3428038162268,"CD8-41BB","aucell_exhausted_score",0.0935580129892926,"exhausted"
"GGGCTTAAGGTTATGAATCCCAAC-1","slingPseudotime_2",10.3428038162268,"CD8-41BB","aucell_proliferating_score",0,"proliferating"
"GGGCTTAAGGTTATGAATCCCAAC-1","slingPseudotime_2",10.3428038162268,"CD8-41BB","aucell_naive_memory_score",0.348,"naive_memory"
"GGGCTTAAGGTTATGAATCCCAAC-1","slingPseudotime_2",10.3428038162268,"CD8-41BB","aucell_cytotoxic_score",0,"cytotoxic"
"GGGTTTCTCACAAAGCATCCCAAC-1","slingPseudotime_1",15.6612038751177,"CD8-41BB","aucell_exhausted_score",0.119712129190802,"exhausted"
"GGGTTTCTCACAAAGCATCCCAAC-1","slingPseudotime_1",15.6612038751177,"CD8-41BB","aucell_proliferating_score",0,"proliferating"
"GGGTTTCTCACAAAGCATCCCAAC-1","slingPseudotime_1",15.6612038751177,"CD8-41BB","aucell_naive_memory_score",0,"naive_memory"
"GGGTTTCTCACAAAGCATCCCAAC-1","slingPseudotime_1",15.6612038751177,"CD8-41BB","aucell_cytotoxic_score",0.160259785852203,"cytotoxic"
"GGGTTTCTCACAAAGCATCCCAAC-1","slingPseudotime_2",16.5891603433544,"CD8-41BB","aucell_exhausted_score",0.119712129190802,"exhausted"
"GGGTTTCTCACAAAGCATCCCAAC-1","slingPseudotime_2",16.5891603433544,"CD8-41BB","aucell_proliferating_score",0,"proliferating"
"GGGTTTCTCACAAAGCATCCCAAC-1","slingPseudotime_2",16.5891603433544,"CD8-41BB","aucell_naive_memory_score",0,"naive_memory"
"GGGTTTCTCACAAAGCATCCCAAC-1","slingPseudotime_2",16.5891603433544,"CD8-41BB","aucell_cytotoxic_score",0.160259785852203,"cytotoxic"
"GGTAACCCACGTAATGATCCCAAC-1","slingPseudotime_1",18.3002074373485,"CD8-41BB","aucell_exhausted_score",0.202913814288222,"exhausted"
"GGTAACCCACGTAATGATCCCAAC-1","slingPseudotime_1",18.3002074373485,"CD8-41BB","aucell_proliferating_score",0,"proliferating"
"GGTAACCCACGTAATGATCCCAAC-1","slingPseudotime_1",18.3002074373485,"CD8-41BB","aucell_naive_memory_score",0,"naive_memory"
"GGTAACCCACGTAATGATCCCAAC-1","slingPseudotime_1",18.3002074373485,"CD8-41BB","aucell_cytotoxic_score",0.363349131121643,"cytotoxic"
"GGTAACCCACGTAATGATCCCAAC-1","slingPseudotime_2",30.5759029649655,"CD8-41BB","aucell_exhausted_score",0.202913814288222,"exhausted"
"GGTAACCCACGTAATGATCCCAAC-1","slingPseudotime_2",30.5759029649655,"CD8-41BB","aucell_proliferating_score",0,"proliferating"
"GGTAACCCACGTAATGATCCCAAC-1","slingPseudotime_2",30.5759029649655,"CD8-41BB","aucell_naive_memory_score",0,"naive_memory"
"GGTAACCCACGTAATGATCCCAAC-1","slingPseudotime_2",30.5759029649655,"CD8-41BB","aucell_cytotoxic_score",0.363349131121643,"cytotoxic"
"GGTCATTGTACGAACAATCCCAAC-1","slingPseudotime_1",13.7799746125671,"CD8-41BB","aucell_exhausted_score",0.0214147797086186,"exhausted"
"GGTCATTGTACGAACAATCCCAAC-1","slingPseudotime_1",13.7799746125671,"CD8-41BB","aucell_proliferating_score",0,"proliferating"
"GGTCATTGTACGAACAATCCCAAC-1","slingPseudotime_1",13.7799746125671,"CD8-41BB","aucell_naive_memory_score",0.137263157894737,"naive_memory"
"GGTCATTGTACGAACAATCCCAAC-1","slingPseudotime_1",13.7799746125671,"CD8-41BB","aucell_cytotoxic_score",0.635773213972266,"cytotoxic"
"GGTCATTGTACGAACAATCCCAAC-1","slingPseudotime_2",14.6650352977091,"CD8-41BB","aucell_exhausted_score",0.0214147797086186,"exhausted"
"GGTCATTGTACGAACAATCCCAAC-1","slingPseudotime_2",14.6650352977091,"CD8-41BB","aucell_proliferating_score",0,"proliferating"
"GGTCATTGTACGAACAATCCCAAC-1","slingPseudotime_2",14.6650352977091,"CD8-41BB","aucell_naive_memory_score",0.137263157894737,"naive_memory"
"GGTCATTGTACGAACAATCCCAAC-1","slingPseudotime_2",14.6650352977091,"CD8-41BB","aucell_cytotoxic_score",0.635773213972266,"cytotoxic"
"GGTCTAACAACTAGTGATCCCAAC-1","slingPseudotime_1",19.897044163228,"CD8-41BB","aucell_exhausted_score",0,"exhausted"
"GGTCTAACAACTAGTGATCCCAAC-1","slingPseudotime_1",19.897044163228,"CD8-41BB","aucell_proliferating_score",0,"proliferating"
"GGTCTAACAACTAGTGATCCCAAC-1","slingPseudotime_1",19.897044163228,"CD8-41BB","aucell_naive_memory_score",0.124210526315789,"naive_memory"
"GGTCTAACAACTAGTGATCCCAAC-1","slingPseudotime_1",19.897044163228,"CD8-41BB","aucell_cytotoxic_score",0.327014218009479,"cytotoxic"
"GGTCTAACAACTAGTGATCCCAAC-1","slingPseudotime_2",20.8917672334817,"CD8-41BB","aucell_exhausted_score",0,"exhausted"
"GGTCTAACAACTAGTGATCCCAAC-1","slingPseudotime_2",20.8917672334817,"CD8-41BB","aucell_proliferating_score",0,"proliferating"
"GGTCTAACAACTAGTGATCCCAAC-1","slingPseudotime_2",20.8917672334817,"CD8-41BB","aucell_naive_memory_score",0.124210526315789,"naive_memory"
"GGTCTAACAACTAGTGATCCCAAC-1","slingPseudotime_2",20.8917672334817,"CD8-41BB","aucell_cytotoxic_score",0.327014218009479,"cytotoxic"
"GGTGATTAGTTAGTTCATCCCAAC-1","slingPseudotime_1",26.8627940319992,"CD8-41BB","aucell_exhausted_score",0.166578901176058,"exhausted"
"GGTGATTAGTTAGTTCATCCCAAC-1","slingPseudotime_1",26.8627940319992,"CD8-41BB","aucell_proliferating_score",0,"proliferating"
"GGTGATTAGTTAGTTCATCCCAAC-1","slingPseudotime_1",26.8627940319992,"CD8-41BB","aucell_naive_memory_score",0.167368421052632,"naive_memory"
"GGTGATTAGTTAGTTCATCCCAAC-1","slingPseudotime_1",26.8627940319992,"CD8-41BB","aucell_cytotoxic_score",0,"cytotoxic"
"GGTGATTAGTTAGTTCATCCCAAC-1","slingPseudotime_2",27.607886461905,"CD8-41BB","aucell_exhausted_score",0.166578901176058,"exhausted"
"GGTGATTAGTTAGTTCATCCCAAC-1","slingPseudotime_2",27.607886461905,"CD8-41BB","aucell_proliferating_score",0,"proliferating"
"GGTGATTAGTTAGTTCATCCCAAC-1","slingPseudotime_2",27.607886461905,"CD8-41BB","aucell_naive_memory_score",0.167368421052632,"naive_memory"
"GGTGATTAGTTAGTTCATCCCAAC-1","slingPseudotime_2",27.607886461905,"CD8-41BB","aucell_cytotoxic_score",0,"cytotoxic"
"GGTGTGCAGCTCATTGATCCCAAC-1","slingPseudotime_1",13.7506070843302,"CD8-41BB","aucell_exhausted_score",0.11602597858522,"exhausted"
"GGTGTGCAGCTCATTGATCCCAAC-1","slingPseudotime_1",13.7506070843302,"CD8-41BB","aucell_proliferating_score",0,"proliferating"
"GGTGTGCAGCTCATTGATCCCAAC-1","slingPseudotime_1",13.7506070843302,"CD8-41BB","aucell_naive_memory_score",0,"naive_memory"
"GGTGTGCAGCTCATTGATCCCAAC-1","slingPseudotime_1",13.7506070843302,"CD8-41BB","aucell_cytotoxic_score",0.558890644198701,"cytotoxic"
"GGTGTGCAGCTCATTGATCCCAAC-1","slingPseudotime_2",14.6644629381171,"CD8-41BB","aucell_exhausted_score",0.11602597858522,"exhausted"
"GGTGTGCAGCTCATTGATCCCAAC-1","slingPseudotime_2",14.6644629381171,"CD8-41BB","aucell_proliferating_score",0,"proliferating"
"GGTGTGCAGCTCATTGATCCCAAC-1","slingPseudotime_2",14.6644629381171,"CD8-41BB","aucell_naive_memory_score",0,"naive_memory"
"GGTGTGCAGCTCATTGATCCCAAC-1","slingPseudotime_2",14.6644629381171,"CD8-41BB","aucell_cytotoxic_score",0.558890644198701,"cytotoxic"
"GGTTAAATCACCCTGGATCCCAAC-1","slingPseudotime_1",24.0185842094084,"CD8-41BB","aucell_exhausted_score",0.162015095664385,"exhausted"
"GGTTAAATCACCCTGGATCCCAAC-1","slingPseudotime_1",24.0185842094084,"CD8-41BB","aucell_proliferating_score",0,"proliferating"
"GGTTAAATCACCCTGGATCCCAAC-1","slingPseudotime_1",24.0185842094084,"CD8-41BB","aucell_naive_memory_score",0,"naive_memory"
"GGTTAAATCACCCTGGATCCCAAC-1","slingPseudotime_1",24.0185842094084,"CD8-41BB","aucell_cytotoxic_score",0.164121467439003,"cytotoxic"
"GGTTAAATCACCCTGGATCCCAAC-1","slingPseudotime_2",28.5271739069228,"CD8-41BB","aucell_exhausted_score",0.162015095664385,"exhausted"
"GGTTAAATCACCCTGGATCCCAAC-1","slingPseudotime_2",28.5271739069228,"CD8-41BB","aucell_proliferating_score",0,"proliferating"
"GGTTAAATCACCCTGGATCCCAAC-1","slingPseudotime_2",28.5271739069228,"CD8-41BB","aucell_naive_memory_score",0,"naive_memory"
"GGTTAAATCACCCTGGATCCCAAC-1","slingPseudotime_2",28.5271739069228,"CD8-41BB","aucell_cytotoxic_score",0.164121467439003,"cytotoxic"
"GGTTACCTCGTTCAATATCCCAAC-1","slingPseudotime_1",25.8008835479976,"CD8-41BB","aucell_exhausted_score",0.396348955590662,"exhausted"
"GGTTACCTCGTTCAATATCCCAAC-1","slingPseudotime_1",25.8008835479976,"CD8-41BB","aucell_proliferating_score",0,"proliferating"
"GGTTACCTCGTTCAATATCCCAAC-1","slingPseudotime_1",25.8008835479976,"CD8-41BB","aucell_naive_memory_score",0.0324210526315789,"naive_memory"
"GGTTACCTCGTTCAATATCCCAAC-1","slingPseudotime_1",25.8008835479976,"CD8-41BB","aucell_cytotoxic_score",0.157451290152712,"cytotoxic"
"GGTTACCTCGTTCAATATCCCAAC-1","slingPseudotime_2",25.6859291058313,"CD8-41BB","aucell_exhausted_score",0.396348955590662,"exhausted"
"GGTTACCTCGTTCAATATCCCAAC-1","slingPseudotime_2",25.6859291058313,"CD8-41BB","aucell_proliferating_score",0,"proliferating"
"GGTTACCTCGTTCAATATCCCAAC-1","slingPseudotime_2",25.6859291058313,"CD8-41BB","aucell_naive_memory_score",0.0324210526315789,"naive_memory"
"GGTTACCTCGTTCAATATCCCAAC-1","slingPseudotime_2",25.6859291058313,"CD8-41BB","aucell_cytotoxic_score",0.157451290152712,"cytotoxic"
"GGTTTATTCTATCGGCATCCCAAC-1","slingPseudotime_1",12.9833854712145,"CD8-41BB","aucell_exhausted_score",0,"exhausted"
"GGTTTATTCTATCGGCATCCCAAC-1","slingPseudotime_1",12.9833854712145,"CD8-41BB","aucell_proliferating_score",0,"proliferating"
"GGTTTATTCTATCGGCATCCCAAC-1","slingPseudotime_1",12.9833854712145,"CD8-41BB","aucell_naive_memory_score",0,"naive_memory"
"GGTTTATTCTATCGGCATCCCAAC-1","slingPseudotime_1",12.9833854712145,"CD8-41BB","aucell_cytotoxic_score",0.236089169738459,"cytotoxic"
"GGTTTATTCTATCGGCATCCCAAC-1","slingPseudotime_2",13.717613943305,"CD8-41BB","aucell_exhausted_score",0,"exhausted"
"GGTTTATTCTATCGGCATCCCAAC-1","slingPseudotime_2",13.717613943305,"CD8-41BB","aucell_proliferating_score",0,"proliferating"
"GGTTTATTCTATCGGCATCCCAAC-1","slingPseudotime_2",13.717613943305,"CD8-41BB","aucell_naive_memory_score",0,"naive_memory"
"GGTTTATTCTATCGGCATCCCAAC-1","slingPseudotime_2",13.717613943305,"CD8-41BB","aucell_cytotoxic_score",0.236089169738459,"cytotoxic"
"GTAAACCAGACCATGGATCCCAAC-1","slingPseudotime_1",13.3273292124444,"CD8-41BB","aucell_exhausted_score",0,"exhausted"
"GTAAACCAGACCATGGATCCCAAC-1","slingPseudotime_1",13.3273292124444,"CD8-41BB","aucell_proliferating_score",0,"proliferating"
"GTAAACCAGACCATGGATCCCAAC-1","slingPseudotime_1",13.3273292124444,"CD8-41BB","aucell_naive_memory_score",0,"naive_memory"
"GTAAACCAGACCATGGATCCCAAC-1","slingPseudotime_1",13.3273292124444,"CD8-41BB","aucell_cytotoxic_score",0.329998244690188,"cytotoxic"
"GTAAACCAGACCATGGATCCCAAC-1","slingPseudotime_2",14.0878377847105,"CD8-41BB","aucell_exhausted_score",0,"exhausted"
"GTAAACCAGACCATGGATCCCAAC-1","slingPseudotime_2",14.0878377847105,"CD8-41BB","aucell_proliferating_score",0,"proliferating"
"GTAAACCAGACCATGGATCCCAAC-1","slingPseudotime_2",14.0878377847105,"CD8-41BB","aucell_naive_memory_score",0,"naive_memory"
"GTAAACCAGACCATGGATCCCAAC-1","slingPseudotime_2",14.0878377847105,"CD8-41BB","aucell_cytotoxic_score",0.329998244690188,"cytotoxic"
"GTAAACGGTCCCTCTGATCCCAAC-1","slingPseudotime_1",55.3795895298565,"CD8-41BB","aucell_exhausted_score",0,"exhausted"
"GTAAACGGTCCCTCTGATCCCAAC-1","slingPseudotime_1",55.3795895298565,"CD8-41BB","aucell_proliferating_score",0.378105263157895,"proliferating"
"GTAAACGGTCCCTCTGATCCCAAC-1","slingPseudotime_1",55.3795895298565,"CD8-41BB","aucell_naive_memory_score",0,"naive_memory"
"GTAAACGGTCCCTCTGATCCCAAC-1","slingPseudotime_1",55.3795895298565,"CD8-41BB","aucell_cytotoxic_score",0.328418465859224,"cytotoxic"
"GTAAAGCTCCCAAATTATCCCAAC-1","slingPseudotime_1",16.5936416017393,"CD8-41BB","aucell_exhausted_score",0.00965420396700018,"exhausted"
"GTAAAGCTCCCAAATTATCCCAAC-1","slingPseudotime_1",16.5936416017393,"CD8-41BB","aucell_proliferating_score",0,"proliferating"
"GTAAAGCTCCCAAATTATCCCAAC-1","slingPseudotime_1",16.5936416017393,"CD8-41BB","aucell_naive_memory_score",0,"naive_memory"
"GTAAAGCTCCCAAATTATCCCAAC-1","slingPseudotime_1",16.5936416017393,"CD8-41BB","aucell_cytotoxic_score",0.165174653326312,"cytotoxic"
"GTAAAGCTCCCAAATTATCCCAAC-1","slingPseudotime_2",17.8746604276851,"CD8-41BB","aucell_exhausted_score",0.00965420396700018,"exhausted"
"GTAAAGCTCCCAAATTATCCCAAC-1","slingPseudotime_2",17.8746604276851,"CD8-41BB","aucell_proliferating_score",0,"proliferating"
"GTAAAGCTCCCAAATTATCCCAAC-1","slingPseudotime_2",17.8746604276851,"CD8-41BB","aucell_naive_memory_score",0,"naive_memory"
"GTAAAGCTCCCAAATTATCCCAAC-1","slingPseudotime_2",17.8746604276851,"CD8-41BB","aucell_cytotoxic_score",0.165174653326312,"cytotoxic"
"GTAACCACAAAGCTCAATCCCAAC-1","slingPseudotime_1",16.4440417714172,"CD8-41BB","aucell_exhausted_score",0.0993505353694927,"exhausted"
"GTAACCACAAAGCTCAATCCCAAC-1","slingPseudotime_1",16.4440417714172,"CD8-41BB","aucell_proliferating_score",0,"proliferating"
"GTAACCACAAAGCTCAATCCCAAC-1","slingPseudotime_1",16.4440417714172,"CD8-41BB","aucell_naive_memory_score",0,"naive_memory"
"GTAACCACAAAGCTCAATCCCAAC-1","slingPseudotime_1",16.4440417714172,"CD8-41BB","aucell_cytotoxic_score",0.472704932420572,"cytotoxic"
"GTAACCACAAAGCTCAATCCCAAC-1","slingPseudotime_2",17.5157890289091,"CD8-41BB","aucell_exhausted_score",0.0993505353694927,"exhausted"
"GTAACCACAAAGCTCAATCCCAAC-1","slingPseudotime_2",17.5157890289091,"CD8-41BB","aucell_proliferating_score",0,"proliferating"
"GTAACCACAAAGCTCAATCCCAAC-1","slingPseudotime_2",17.5157890289091,"CD8-41BB","aucell_naive_memory_score",0,"naive_memory"
"GTAACCACAAAGCTCAATCCCAAC-1","slingPseudotime_2",17.5157890289091,"CD8-41BB","aucell_cytotoxic_score",0.472704932420572,"cytotoxic"
"GTACCTATCATGGAACATCCCAAC-1","slingPseudotime_1",12.9918030207011,"CD8-41BB","aucell_exhausted_score",0.294892048446551,"exhausted"
"GTACCTATCATGGAACATCCCAAC-1","slingPseudotime_1",12.9918030207011,"CD8-41BB","aucell_proliferating_score",0,"proliferating"
"GTACCTATCATGGAACATCCCAAC-1","slingPseudotime_1",12.9918030207011,"CD8-41BB","aucell_naive_memory_score",0,"naive_memory"
"GTACCTATCATGGAACATCCCAAC-1","slingPseudotime_1",12.9918030207011,"CD8-41BB","aucell_cytotoxic_score",0.294189924521678,"cytotoxic"
"GTACCTATCATGGAACATCCCAAC-1","slingPseudotime_2",13.7364608974291,"CD8-41BB","aucell_exhausted_score",0.294892048446551,"exhausted"
"GTACCTATCATGGAACATCCCAAC-1","slingPseudotime_2",13.7364608974291,"CD8-41BB","aucell_proliferating_score",0,"proliferating"
"GTACCTATCATGGAACATCCCAAC-1","slingPseudotime_2",13.7364608974291,"CD8-41BB","aucell_naive_memory_score",0,"naive_memory"
"GTACCTATCATGGAACATCCCAAC-1","slingPseudotime_2",13.7364608974291,"CD8-41BB","aucell_cytotoxic_score",0.294189924521678,"cytotoxic"
"GTACTTAGTAAACTGGATCCCAAC-1","slingPseudotime_1",15.3791566184939,"CD8-41BB","aucell_exhausted_score",0,"exhausted"
"GTACTTAGTAAACTGGATCCCAAC-1","slingPseudotime_1",15.3791566184939,"CD8-41BB","aucell_proliferating_score",0,"proliferating"
"GTACTTAGTAAACTGGATCCCAAC-1","slingPseudotime_1",15.3791566184939,"CD8-41BB","aucell_naive_memory_score",0.124210526315789,"naive_memory"
"GTACTTAGTAAACTGGATCCCAAC-1","slingPseudotime_1",15.3791566184939,"CD8-41BB","aucell_cytotoxic_score",0.153940670528348,"cytotoxic"
"GTACTTAGTAAACTGGATCCCAAC-1","slingPseudotime_2",35.5427494886054,"CD8-41BB","aucell_exhausted_score",0,"exhausted"
"GTACTTAGTAAACTGGATCCCAAC-1","slingPseudotime_2",35.5427494886054,"CD8-41BB","aucell_proliferating_score",0,"proliferating"
"GTACTTAGTAAACTGGATCCCAAC-1","slingPseudotime_2",35.5427494886054,"CD8-41BB","aucell_naive_memory_score",0.124210526315789,"naive_memory"
"GTACTTAGTAAACTGGATCCCAAC-1","slingPseudotime_2",35.5427494886054,"CD8-41BB","aucell_cytotoxic_score",0.153940670528348,"cytotoxic"
"GTACTTAGTAGCGGATATCCCAAC-1","slingPseudotime_1",13.5059760050255,"CD8-41BB","aucell_exhausted_score",0.262945409864841,"exhausted"
"GTACTTAGTAGCGGATATCCCAAC-1","slingPseudotime_1",13.5059760050255,"CD8-41BB","aucell_proliferating_score",0.0501052631578947,"proliferating"
"GTACTTAGTAGCGGATATCCCAAC-1","slingPseudotime_1",13.5059760050255,"CD8-41BB","aucell_naive_memory_score",0.309263157894737,"naive_memory"
"GTACTTAGTAGCGGATATCCCAAC-1","slingPseudotime_1",13.5059760050255,"CD8-41BB","aucell_cytotoxic_score",0.495523959978936,"cytotoxic"
"GTACTTAGTAGCGGATATCCCAAC-1","slingPseudotime_2",14.1564751024587,"CD8-41BB","aucell_exhausted_score",0.262945409864841,"exhausted"
"GTACTTAGTAGCGGATATCCCAAC-1","slingPseudotime_2",14.1564751024587,"CD8-41BB","aucell_proliferating_score",0.0501052631578947,"proliferating"
"GTACTTAGTAGCGGATATCCCAAC-1","slingPseudotime_2",14.1564751024587,"CD8-41BB","aucell_naive_memory_score",0.309263157894737,"naive_memory"
"GTACTTAGTAGCGGATATCCCAAC-1","slingPseudotime_2",14.1564751024587,"CD8-41BB","aucell_cytotoxic_score",0.495523959978936,"cytotoxic"
"GTACTTAGTCCACAATATCCCAAC-1","slingPseudotime_1",27.6950328274254,"CD8-41BB","aucell_exhausted_score",0.0977707565385291,"exhausted"
"GTACTTAGTCCACAATATCCCAAC-1","slingPseudotime_1",27.6950328274254,"CD8-41BB","aucell_proliferating_score",0,"proliferating"
"GTACTTAGTCCACAATATCCCAAC-1","slingPseudotime_1",27.6950328274254,"CD8-41BB","aucell_naive_memory_score",0.190315789473684,"naive_memory"
"GTACTTAGTCCACAATATCCCAAC-1","slingPseudotime_1",27.6950328274254,"CD8-41BB","aucell_cytotoxic_score",0.133228014744602,"cytotoxic"
"GTACTTAGTCCACAATATCCCAAC-1","slingPseudotime_2",26.0963685177588,"CD8-41BB","aucell_exhausted_score",0.0977707565385291,"exhausted"
"GTACTTAGTCCACAATATCCCAAC-1","slingPseudotime_2",26.0963685177588,"CD8-41BB","aucell_proliferating_score",0,"proliferating"
"GTACTTAGTCCACAATATCCCAAC-1","slingPseudotime_2",26.0963685177588,"CD8-41BB","aucell_naive_memory_score",0.190315789473684,"naive_memory"
"GTACTTAGTCCACAATATCCCAAC-1","slingPseudotime_2",26.0963685177588,"CD8-41BB","aucell_cytotoxic_score",0.133228014744602,"cytotoxic"
"GTATGGGTCCAATGAAATCCCAAC-1","slingPseudotime_1",22.5241537551408,"CD8-41BB","aucell_exhausted_score",0.16341934351413,"exhausted"
"GTATGGGTCCAATGAAATCCCAAC-1","slingPseudotime_1",22.5241537551408,"CD8-41BB","aucell_proliferating_score",0,"proliferating"
"GTATGGGTCCAATGAAATCCCAAC-1","slingPseudotime_1",22.5241537551408,"CD8-41BB","aucell_naive_memory_score",0,"naive_memory"
"GTATGGGTCCAATGAAATCCCAAC-1","slingPseudotime_1",22.5241537551408,"CD8-41BB","aucell_cytotoxic_score",0.292259083728278,"cytotoxic"
"GTATGGGTCCAATGAAATCCCAAC-1","slingPseudotime_2",24.7688158644088,"CD8-41BB","aucell_exhausted_score",0.16341934351413,"exhausted"
"GTATGGGTCCAATGAAATCCCAAC-1","slingPseudotime_2",24.7688158644088,"CD8-41BB","aucell_proliferating_score",0,"proliferating"
"GTATGGGTCCAATGAAATCCCAAC-1","slingPseudotime_2",24.7688158644088,"CD8-41BB","aucell_naive_memory_score",0,"naive_memory"
"GTATGGGTCCAATGAAATCCCAAC-1","slingPseudotime_2",24.7688158644088,"CD8-41BB","aucell_cytotoxic_score",0.292259083728278,"cytotoxic"
"GTATTACTCGGTTCCGATCCCAAC-1","slingPseudotime_1",17.8643706814934,"CD8-41BB","aucell_exhausted_score",0.516587677725118,"exhausted"
"GTATTACTCGGTTCCGATCCCAAC-1","slingPseudotime_1",17.8643706814934,"CD8-41BB","aucell_proliferating_score",0,"proliferating"
"GTATTACTCGGTTCCGATCCCAAC-1","slingPseudotime_1",17.8643706814934,"CD8-41BB","aucell_naive_memory_score",0,"naive_memory"
"GTATTACTCGGTTCCGATCCCAAC-1","slingPseudotime_1",17.8643706814934,"CD8-41BB","aucell_cytotoxic_score",0.525715288748464,"cytotoxic"
"GTATTACTCGGTTCCGATCCCAAC-1","slingPseudotime_2",19.5345296961216,"CD8-41BB","aucell_exhausted_score",0.516587677725118,"exhausted"
"GTATTACTCGGTTCCGATCCCAAC-1","slingPseudotime_2",19.5345296961216,"CD8-41BB","aucell_proliferating_score",0,"proliferating"
"GTATTACTCGGTTCCGATCCCAAC-1","slingPseudotime_2",19.5345296961216,"CD8-41BB","aucell_naive_memory_score",0,"naive_memory"
"GTATTACTCGGTTCCGATCCCAAC-1","slingPseudotime_2",19.5345296961216,"CD8-41BB","aucell_cytotoxic_score",0.525715288748464,"cytotoxic"
"GTATTCGTCATGGAACATCCCAAC-1","slingPseudotime_1",15.7583367031749,"CD8-41BB","aucell_exhausted_score",0.0709145164121467,"exhausted"
"GTATTCGTCATGGAACATCCCAAC-1","slingPseudotime_1",15.7583367031749,"CD8-41BB","aucell_proliferating_score",0,"proliferating"
"GTATTCGTCATGGAACATCCCAAC-1","slingPseudotime_1",15.7583367031749,"CD8-41BB","aucell_naive_memory_score",0.106315789473684,"naive_memory"
"GTATTCGTCATGGAACATCCCAAC-1","slingPseudotime_1",15.7583367031749,"CD8-41BB","aucell_cytotoxic_score",0.482710198350009,"cytotoxic"
"GTATTCGTCATGGAACATCCCAAC-1","slingPseudotime_2",16.5124899041605,"CD8-41BB","aucell_exhausted_score",0.0709145164121467,"exhausted"
"GTATTCGTCATGGAACATCCCAAC-1","slingPseudotime_2",16.5124899041605,"CD8-41BB","aucell_proliferating_score",0,"proliferating"
"GTATTCGTCATGGAACATCCCAAC-1","slingPseudotime_2",16.5124899041605,"CD8-41BB","aucell_naive_memory_score",0.106315789473684,"naive_memory"
"GTATTCGTCATGGAACATCCCAAC-1","slingPseudotime_2",16.5124899041605,"CD8-41BB","aucell_cytotoxic_score",0.482710198350009,"cytotoxic"
"GTCAACTGTTCACCAGATCCCAAC-1","slingPseudotime_2",16.9963252337779,"CD8-41BB","aucell_exhausted_score",0.0779357556608741,"exhausted"
"GTCAACTGTTCACCAGATCCCAAC-1","slingPseudotime_2",16.9963252337779,"CD8-41BB","aucell_proliferating_score",0,"proliferating"
"GTCAACTGTTCACCAGATCCCAAC-1","slingPseudotime_2",16.9963252337779,"CD8-41BB","aucell_naive_memory_score",0,"naive_memory"
"GTCAACTGTTCACCAGATCCCAAC-1","slingPseudotime_2",16.9963252337779,"CD8-41BB","aucell_cytotoxic_score",0.655783745831139,"cytotoxic"
"GTCAAGCCACGGGCTAATCCCAAC-1","slingPseudotime_1",21.8539927954654,"CD8-41BB","aucell_exhausted_score",0.193961734246094,"exhausted"
"GTCAAGCCACGGGCTAATCCCAAC-1","slingPseudotime_1",21.8539927954654,"CD8-41BB","aucell_proliferating_score",0,"proliferating"
"GTCAAGCCACGGGCTAATCCCAAC-1","slingPseudotime_1",21.8539927954654,"CD8-41BB","aucell_naive_memory_score",0,"naive_memory"
"GTCAAGCCACGGGCTAATCCCAAC-1","slingPseudotime_1",21.8539927954654,"CD8-41BB","aucell_cytotoxic_score",0.496928207828682,"cytotoxic"
"GTCAAGCCACGGGCTAATCCCAAC-1","slingPseudotime_2",23.3875019456018,"CD8-41BB","aucell_exhausted_score",0.193961734246094,"exhausted"
"GTCAAGCCACGGGCTAATCCCAAC-1","slingPseudotime_2",23.3875019456018,"CD8-41BB","aucell_proliferating_score",0,"proliferating"
"GTCAAGCCACGGGCTAATCCCAAC-1","slingPseudotime_2",23.3875019456018,"CD8-41BB","aucell_naive_memory_score",0,"naive_memory"
"GTCAAGCCACGGGCTAATCCCAAC-1","slingPseudotime_2",23.3875019456018,"CD8-41BB","aucell_cytotoxic_score",0.496928207828682,"cytotoxic"
"GTCACACTCACAGGATATCCCAAC-1","slingPseudotime_1",11.9277276314102,"CD8-41BB","aucell_exhausted_score",0.114972792697911,"exhausted"
"GTCACACTCACAGGATATCCCAAC-1","slingPseudotime_1",11.9277276314102,"CD8-41BB","aucell_proliferating_score",0,"proliferating"
"GTCACACTCACAGGATATCCCAAC-1","slingPseudotime_1",11.9277276314102,"CD8-41BB","aucell_naive_memory_score",0.316421052631579,"naive_memory"
"GTCACACTCACAGGATATCCCAAC-1","slingPseudotime_1",11.9277276314102,"CD8-41BB","aucell_cytotoxic_score",0.359487449534843,"cytotoxic"
"GTCACACTCACAGGATATCCCAAC-1","slingPseudotime_2",30.4547519015196,"CD8-41BB","aucell_exhausted_score",0.114972792697911,"exhausted"
"GTCACACTCACAGGATATCCCAAC-1","slingPseudotime_2",30.4547519015196,"CD8-41BB","aucell_proliferating_score",0,"proliferating"
"GTCACACTCACAGGATATCCCAAC-1","slingPseudotime_2",30.4547519015196,"CD8-41BB","aucell_naive_memory_score",0.316421052631579,"naive_memory"
"GTCACACTCACAGGATATCCCAAC-1","slingPseudotime_2",30.4547519015196,"CD8-41BB","aucell_cytotoxic_score",0.359487449534843,"cytotoxic"
"GTCATTAGTCCCTCATATCCCAAC-1","slingPseudotime_1",7.86370079167485,"CD8-41BB","aucell_exhausted_score",0.0400210637177462,"exhausted"
"GTCATTAGTCCCTCATATCCCAAC-1","slingPseudotime_1",7.86370079167485,"CD8-41BB","aucell_proliferating_score",0,"proliferating"
"GTCATTAGTCCCTCATATCCCAAC-1","slingPseudotime_1",7.86370079167485,"CD8-41BB","aucell_naive_memory_score",0.254315789473684,"naive_memory"
"GTCATTAGTCCCTCATATCCCAAC-1","slingPseudotime_1",7.86370079167485,"CD8-41BB","aucell_cytotoxic_score",0,"cytotoxic"
"GTCATTAGTCCCTCATATCCCAAC-1","slingPseudotime_2",8.57765121333259,"CD8-41BB","aucell_exhausted_score",0.0400210637177462,"exhausted"
"GTCATTAGTCCCTCATATCCCAAC-1","slingPseudotime_2",8.57765121333259,"CD8-41BB","aucell_proliferating_score",0,"proliferating"
"GTCATTAGTCCCTCATATCCCAAC-1","slingPseudotime_2",8.57765121333259,"CD8-41BB","aucell_naive_memory_score",0.254315789473684,"naive_memory"
"GTCATTAGTCCCTCATATCCCAAC-1","slingPseudotime_2",8.57765121333259,"CD8-41BB","aucell_cytotoxic_score",0,"cytotoxic"
"GTCATTAGTGATTAGGATCCCAAC-1","slingPseudotime_1",7.40683227998513,"CD8-41BB","aucell_exhausted_score",0,"exhausted"
"GTCATTAGTGATTAGGATCCCAAC-1","slingPseudotime_1",7.40683227998513,"CD8-41BB","aucell_proliferating_score",0,"proliferating"
"GTCATTAGTGATTAGGATCCCAAC-1","slingPseudotime_1",7.40683227998513,"CD8-41BB","aucell_naive_memory_score",0.531578947368421,"naive_memory"
"GTCATTAGTGATTAGGATCCCAAC-1","slingPseudotime_1",7.40683227998513,"CD8-41BB","aucell_cytotoxic_score",0,"cytotoxic"
"GTCATTAGTGATTAGGATCCCAAC-1","slingPseudotime_2",8.09490532138455,"CD8-41BB","aucell_exhausted_score",0,"exhausted"
"GTCATTAGTGATTAGGATCCCAAC-1","slingPseudotime_2",8.09490532138455,"CD8-41BB","aucell_proliferating_score",0,"proliferating"
"GTCATTAGTGATTAGGATCCCAAC-1","slingPseudotime_2",8.09490532138455,"CD8-41BB","aucell_naive_memory_score",0.531578947368421,"naive_memory"
"GTCATTAGTGATTAGGATCCCAAC-1","slingPseudotime_2",8.09490532138455,"CD8-41BB","aucell_cytotoxic_score",0,"cytotoxic"
"GTCATTAGTGTTTGCGATCCCAAC-1","slingPseudotime_1",23.8517476884013,"CD8-41BB","aucell_exhausted_score",0.188695804809549,"exhausted"
"GTCATTAGTGTTTGCGATCCCAAC-1","slingPseudotime_1",23.8517476884013,"CD8-41BB","aucell_proliferating_score",0,"proliferating"
"GTCATTAGTGTTTGCGATCCCAAC-1","slingPseudotime_1",23.8517476884013,"CD8-41BB","aucell_naive_memory_score",0.130526315789474,"naive_memory"
"GTCATTAGTGTTTGCGATCCCAAC-1","slingPseudotime_1",23.8517476884013,"CD8-41BB","aucell_cytotoxic_score",0.764086361242759,"cytotoxic"
"GTCATTAGTGTTTGCGATCCCAAC-1","slingPseudotime_2",24.7398539761896,"CD8-41BB","aucell_exhausted_score",0.188695804809549,"exhausted"
"GTCATTAGTGTTTGCGATCCCAAC-1","slingPseudotime_2",24.7398539761896,"CD8-41BB","aucell_proliferating_score",0,"proliferating"
"GTCATTAGTGTTTGCGATCCCAAC-1","slingPseudotime_2",24.7398539761896,"CD8-41BB","aucell_naive_memory_score",0.130526315789474,"naive_memory"
"GTCATTAGTGTTTGCGATCCCAAC-1","slingPseudotime_2",24.7398539761896,"CD8-41BB","aucell_cytotoxic_score",0.764086361242759,"cytotoxic"
"GTCGGTTTCCGCACCAATCCCAAC-1","slingPseudotime_1",20.0817657146174,"CD8-41BB","aucell_exhausted_score",0.164999122345094,"exhausted"
"GTCGGTTTCCGCACCAATCCCAAC-1","slingPseudotime_1",20.0817657146174,"CD8-41BB","aucell_proliferating_score",0,"proliferating"
"GTCGGTTTCCGCACCAATCCCAAC-1","slingPseudotime_1",20.0817657146174,"CD8-41BB","aucell_naive_memory_score",0,"naive_memory"
"GTCGGTTTCCGCACCAATCCCAAC-1","slingPseudotime_1",20.0817657146174,"CD8-41BB","aucell_cytotoxic_score",0.164472529401439,"cytotoxic"
"GTCGGTTTCCGCACCAATCCCAAC-1","slingPseudotime_2",29.4940197892901,"CD8-41BB","aucell_exhausted_score",0.164999122345094,"exhausted"
"GTCGGTTTCCGCACCAATCCCAAC-1","slingPseudotime_2",29.4940197892901,"CD8-41BB","aucell_proliferating_score",0,"proliferating"
"GTCGGTTTCCGCACCAATCCCAAC-1","slingPseudotime_2",29.4940197892901,"CD8-41BB","aucell_naive_memory_score",0,"naive_memory"
"GTCGGTTTCCGCACCAATCCCAAC-1","slingPseudotime_2",29.4940197892901,"CD8-41BB","aucell_cytotoxic_score",0.164472529401439,"cytotoxic"
"GTGCCTTAGGGTTACGATCCCAAC-1","slingPseudotime_1",18.4735737644209,"CD8-41BB","aucell_exhausted_score",0.0115850447604002,"exhausted"
"GTGCCTTAGGGTTACGATCCCAAC-1","slingPseudotime_1",18.4735737644209,"CD8-41BB","aucell_proliferating_score",0,"proliferating"
"GTGCCTTAGGGTTACGATCCCAAC-1","slingPseudotime_1",18.4735737644209,"CD8-41BB","aucell_naive_memory_score",0,"naive_memory"
"GTGCCTTAGGGTTACGATCCCAAC-1","slingPseudotime_1",18.4735737644209,"CD8-41BB","aucell_cytotoxic_score",0.814639283833597,"cytotoxic"
"GTGCCTTAGGGTTACGATCCCAAC-1","slingPseudotime_2",20.0232186939997,"CD8-41BB","aucell_exhausted_score",0.0115850447604002,"exhausted"
"GTGCCTTAGGGTTACGATCCCAAC-1","slingPseudotime_2",20.0232186939997,"CD8-41BB","aucell_proliferating_score",0,"proliferating"
"GTGCCTTAGGGTTACGATCCCAAC-1","slingPseudotime_2",20.0232186939997,"CD8-41BB","aucell_naive_memory_score",0,"naive_memory"
"GTGCCTTAGGGTTACGATCCCAAC-1","slingPseudotime_2",20.0232186939997,"CD8-41BB","aucell_cytotoxic_score",0.814639283833597,"cytotoxic"
"GTGCTCAGTAATGAACATCCCAAC-1","slingPseudotime_1",22.5459380664292,"CD8-41BB","aucell_exhausted_score",0.464103914340881,"exhausted"
"GTGCTCAGTAATGAACATCCCAAC-1","slingPseudotime_1",22.5459380664292,"CD8-41BB","aucell_proliferating_score",0,"proliferating"
"GTGCTCAGTAATGAACATCCCAAC-1","slingPseudotime_1",22.5459380664292,"CD8-41BB","aucell_naive_memory_score",0,"naive_memory"
"GTGCTCAGTAATGAACATCCCAAC-1","slingPseudotime_1",22.5459380664292,"CD8-41BB","aucell_cytotoxic_score",0.489906968579954,"cytotoxic"
"GTGCTCAGTAATGAACATCCCAAC-1","slingPseudotime_2",24.5414724102194,"CD8-41BB","aucell_exhausted_score",0.464103914340881,"exhausted"
"GTGCTCAGTAATGAACATCCCAAC-1","slingPseudotime_2",24.5414724102194,"CD8-41BB","aucell_proliferating_score",0,"proliferating"
"GTGCTCAGTAATGAACATCCCAAC-1","slingPseudotime_2",24.5414724102194,"CD8-41BB","aucell_naive_memory_score",0,"naive_memory"
"GTGCTCAGTAATGAACATCCCAAC-1","slingPseudotime_2",24.5414724102194,"CD8-41BB","aucell_cytotoxic_score",0.489906968579954,"cytotoxic"
"GTGCTCAGTACACCCAATCCCAAC-1","slingPseudotime_1",25.4544551534829,"CD8-41BB","aucell_exhausted_score",0.155169387396876,"exhausted"
"GTGCTCAGTACACCCAATCCCAAC-1","slingPseudotime_1",25.4544551534829,"CD8-41BB","aucell_proliferating_score",0,"proliferating"
"GTGCTCAGTACACCCAATCCCAAC-1","slingPseudotime_1",25.4544551534829,"CD8-41BB","aucell_naive_memory_score",0.193684210526316,"naive_memory"
"GTGCTCAGTACACCCAATCCCAAC-1","slingPseudotime_1",25.4544551534829,"CD8-41BB","aucell_cytotoxic_score",0.144461997542566,"cytotoxic"
"GTGCTCAGTACACCCAATCCCAAC-1","slingPseudotime_2",28.9460811575863,"CD8-41BB","aucell_exhausted_score",0.155169387396876,"exhausted"
"GTGCTCAGTACACCCAATCCCAAC-1","slingPseudotime_2",28.9460811575863,"CD8-41BB","aucell_proliferating_score",0,"proliferating"
"GTGCTCAGTACACCCAATCCCAAC-1","slingPseudotime_2",28.9460811575863,"CD8-41BB","aucell_naive_memory_score",0.193684210526316,"naive_memory"
"GTGCTCAGTACACCCAATCCCAAC-1","slingPseudotime_2",28.9460811575863,"CD8-41BB","aucell_cytotoxic_score",0.144461997542566,"cytotoxic"
"GTGCTCAGTTGGTTACATCCCAAC-1","slingPseudotime_1",25.1576494339571,"CD8-41BB","aucell_exhausted_score",0.143408811655257,"exhausted"
"GTGCTCAGTTGGTTACATCCCAAC-1","slingPseudotime_1",25.1576494339571,"CD8-41BB","aucell_proliferating_score",0,"proliferating"
"GTGCTCAGTTGGTTACATCCCAAC-1","slingPseudotime_1",25.1576494339571,"CD8-41BB","aucell_naive_memory_score",0.435578947368421,"naive_memory"
"GTGCTCAGTTGGTTACATCCCAAC-1","slingPseudotime_1",25.1576494339571,"CD8-41BB","aucell_cytotoxic_score",0.163068281551694,"cytotoxic"
"GTGCTCAGTTGGTTACATCCCAAC-1","slingPseudotime_2",27.3479731612402,"CD8-41BB","aucell_exhausted_score",0.143408811655257,"exhausted"
"GTGCTCAGTTGGTTACATCCCAAC-1","slingPseudotime_2",27.3479731612402,"CD8-41BB","aucell_proliferating_score",0,"proliferating"
"GTGCTCAGTTGGTTACATCCCAAC-1","slingPseudotime_2",27.3479731612402,"CD8-41BB","aucell_naive_memory_score",0.435578947368421,"naive_memory"
"GTGCTCAGTTGGTTACATCCCAAC-1","slingPseudotime_2",27.3479731612402,"CD8-41BB","aucell_cytotoxic_score",0.163068281551694,"cytotoxic"
"GTGGACCAGTGAATCAATCCCAAC-1","slingPseudotime_1",17.4889288080122,"CD8-41BB","aucell_exhausted_score",0.0486220817974372,"exhausted"
"GTGGACCAGTGAATCAATCCCAAC-1","slingPseudotime_1",17.4889288080122,"CD8-41BB","aucell_proliferating_score",0,"proliferating"
"GTGGACCAGTGAATCAATCCCAAC-1","slingPseudotime_1",17.4889288080122,"CD8-41BB","aucell_naive_memory_score",0,"naive_memory"
"GTGGACCAGTGAATCAATCCCAAC-1","slingPseudotime_1",17.4889288080122,"CD8-41BB","aucell_cytotoxic_score",0.661225206248903,"cytotoxic"
"GTGGACCAGTGAATCAATCCCAAC-1","slingPseudotime_2",18.8937924759288,"CD8-41BB","aucell_exhausted_score",0.0486220817974372,"exhausted"
"GTGGACCAGTGAATCAATCCCAAC-1","slingPseudotime_2",18.8937924759288,"CD8-41BB","aucell_proliferating_score",0,"proliferating"
"GTGGACCAGTGAATCAATCCCAAC-1","slingPseudotime_2",18.8937924759288,"CD8-41BB","aucell_naive_memory_score",0,"naive_memory"
"GTGGACCAGTGAATCAATCCCAAC-1","slingPseudotime_2",18.8937924759288,"CD8-41BB","aucell_cytotoxic_score",0.661225206248903,"cytotoxic"
"GTGGATTAGTTACCTGATCCCAAC-1","slingPseudotime_1",14.1321875546864,"CD8-41BB","aucell_exhausted_score",0.243110408987186,"exhausted"
"GTGGATTAGTTACCTGATCCCAAC-1","slingPseudotime_1",14.1321875546864,"CD8-41BB","aucell_proliferating_score",0,"proliferating"
"GTGGATTAGTTACCTGATCCCAAC-1","slingPseudotime_1",14.1321875546864,"CD8-41BB","aucell_naive_memory_score",0,"naive_memory"
"GTGGATTAGTTACCTGATCCCAAC-1","slingPseudotime_1",14.1321875546864,"CD8-41BB","aucell_cytotoxic_score",0.228541337546077,"cytotoxic"
"GTGGATTAGTTACCTGATCCCAAC-1","slingPseudotime_2",14.9629324282224,"CD8-41BB","aucell_exhausted_score",0.243110408987186,"exhausted"
"GTGGATTAGTTACCTGATCCCAAC-1","slingPseudotime_2",14.9629324282224,"CD8-41BB","aucell_proliferating_score",0,"proliferating"
"GTGGATTAGTTACCTGATCCCAAC-1","slingPseudotime_2",14.9629324282224,"CD8-41BB","aucell_naive_memory_score",0,"naive_memory"
"GTGGATTAGTTACCTGATCCCAAC-1","slingPseudotime_2",14.9629324282224,"CD8-41BB","aucell_cytotoxic_score",0.228541337546077,"cytotoxic"
"GTGGCTAAGGCCATTCATCCCAAC-1","slingPseudotime_1",19.0644350700794,"CD8-41BB","aucell_exhausted_score",0.160786378795857,"exhausted"
"GTGGCTAAGGCCATTCATCCCAAC-1","slingPseudotime_1",19.0644350700794,"CD8-41BB","aucell_proliferating_score",0,"proliferating"
"GTGGCTAAGGCCATTCATCCCAAC-1","slingPseudotime_1",19.0644350700794,"CD8-41BB","aucell_naive_memory_score",0,"naive_memory"
"GTGGCTAAGGCCATTCATCCCAAC-1","slingPseudotime_1",19.0644350700794,"CD8-41BB","aucell_cytotoxic_score",0.548007723363174,"cytotoxic"
"GTGGCTAAGGCCATTCATCCCAAC-1","slingPseudotime_2",30.3239889062108,"CD8-41BB","aucell_exhausted_score",0.160786378795857,"exhausted"
"GTGGCTAAGGCCATTCATCCCAAC-1","slingPseudotime_2",30.3239889062108,"CD8-41BB","aucell_proliferating_score",0,"proliferating"
"GTGGCTAAGGCCATTCATCCCAAC-1","slingPseudotime_2",30.3239889062108,"CD8-41BB","aucell_naive_memory_score",0,"naive_memory"
"GTGGCTAAGGCCATTCATCCCAAC-1","slingPseudotime_2",30.3239889062108,"CD8-41BB","aucell_cytotoxic_score",0.548007723363174,"cytotoxic"
"GTGGCTAAGGTCACAGATCCCAAC-1","slingPseudotime_1",18.9522425237921,"CD8-41BB","aucell_exhausted_score",0,"exhausted"
"GTGGCTAAGGTCACAGATCCCAAC-1","slingPseudotime_1",18.9522425237921,"CD8-41BB","aucell_proliferating_score",0,"proliferating"
"GTGGCTAAGGTCACAGATCCCAAC-1","slingPseudotime_1",18.9522425237921,"CD8-41BB","aucell_naive_memory_score",0,"naive_memory"
"GTGGCTAAGGTCACAGATCCCAAC-1","slingPseudotime_1",18.9522425237921,"CD8-41BB","aucell_cytotoxic_score",0.627347726873793,"cytotoxic"
"GTGGCTAAGGTCACAGATCCCAAC-1","slingPseudotime_2",19.966226472869,"CD8-41BB","aucell_exhausted_score",0,"exhausted"
"GTGGCTAAGGTCACAGATCCCAAC-1","slingPseudotime_2",19.966226472869,"CD8-41BB","aucell_proliferating_score",0,"proliferating"
"GTGGCTAAGGTCACAGATCCCAAC-1","slingPseudotime_2",19.966226472869,"CD8-41BB","aucell_naive_memory_score",0,"naive_memory"
"GTGGCTAAGGTCACAGATCCCAAC-1","slingPseudotime_2",19.966226472869,"CD8-41BB","aucell_cytotoxic_score",0.627347726873793,"cytotoxic"
"GTGGTTCTCACCCTGGATCCCAAC-1","slingPseudotime_1",26.2359130307126,"CD8-41BB","aucell_exhausted_score",0.495699490960154,"exhausted"
"GTGGTTCTCACCCTGGATCCCAAC-1","slingPseudotime_1",26.2359130307126,"CD8-41BB","aucell_proliferating_score",0,"proliferating"
"GTGGTTCTCACCCTGGATCCCAAC-1","slingPseudotime_1",26.2359130307126,"CD8-41BB","aucell_naive_memory_score",0.0423157894736842,"naive_memory"
"GTGGTTCTCACCCTGGATCCCAAC-1","slingPseudotime_1",26.2359130307126,"CD8-41BB","aucell_cytotoxic_score",0.313849394418115,"cytotoxic"
"GTGGTTCTCACCCTGGATCCCAAC-1","slingPseudotime_2",25.2246539883878,"CD8-41BB","aucell_exhausted_score",0.495699490960154,"exhausted"
"GTGGTTCTCACCCTGGATCCCAAC-1","slingPseudotime_2",25.2246539883878,"CD8-41BB","aucell_proliferating_score",0,"proliferating"
"GTGGTTCTCACCCTGGATCCCAAC-1","slingPseudotime_2",25.2246539883878,"CD8-41BB","aucell_naive_memory_score",0.0423157894736842,"naive_memory"
"GTGGTTCTCACCCTGGATCCCAAC-1","slingPseudotime_2",25.2246539883878,"CD8-41BB","aucell_cytotoxic_score",0.313849394418115,"cytotoxic"
"GTTAACCGTTCCAGCAATCCCAAC-1","slingPseudotime_1",17.1197620418731,"CD8-41BB","aucell_exhausted_score",0.160084254870985,"exhausted"
"GTTAACCGTTCCAGCAATCCCAAC-1","slingPseudotime_1",17.1197620418731,"CD8-41BB","aucell_proliferating_score",0,"proliferating"
"GTTAACCGTTCCAGCAATCCCAAC-1","slingPseudotime_1",17.1197620418731,"CD8-41BB","aucell_naive_memory_score",0,"naive_memory"
"GTTAACCGTTCCAGCAATCCCAAC-1","slingPseudotime_1",17.1197620418731,"CD8-41BB","aucell_cytotoxic_score",0.451465683693172,"cytotoxic"
"GTTAACCGTTCCAGCAATCCCAAC-1","slingPseudotime_2",18.2088046217323,"CD8-41BB","aucell_exhausted_score",0.160084254870985,"exhausted"
"GTTAACCGTTCCAGCAATCCCAAC-1","slingPseudotime_2",18.2088046217323,"CD8-41BB","aucell_proliferating_score",0,"proliferating"
"GTTAACCGTTCCAGCAATCCCAAC-1","slingPseudotime_2",18.2088046217323,"CD8-41BB","aucell_naive_memory_score",0,"naive_memory"
"GTTAACCGTTCCAGCAATCCCAAC-1","slingPseudotime_2",18.2088046217323,"CD8-41BB","aucell_cytotoxic_score",0.451465683693172,"cytotoxic"
"GTTAGAATCAGTTAGAATCCCAAC-1","slingPseudotime_1",13.7506070843302,"CD8-41BB","aucell_exhausted_score",0.0895208004212744,"exhausted"
"GTTAGAATCAGTTAGAATCCCAAC-1","slingPseudotime_1",13.7506070843302,"CD8-41BB","aucell_proliferating_score",0,"proliferating"
"GTTAGAATCAGTTAGAATCCCAAC-1","slingPseudotime_1",13.7506070843302,"CD8-41BB","aucell_naive_memory_score",0.152631578947368,"naive_memory"
"GTTAGAATCAGTTAGAATCCCAAC-1","slingPseudotime_1",13.7506070843302,"CD8-41BB","aucell_cytotoxic_score",0.152536422678603,"cytotoxic"
"GTTAGAATCAGTTAGAATCCCAAC-1","slingPseudotime_2",14.5607279820555,"CD8-41BB","aucell_exhausted_score",0.0895208004212744,"exhausted"
"GTTAGAATCAGTTAGAATCCCAAC-1","slingPseudotime_2",14.5607279820555,"CD8-41BB","aucell_proliferating_score",0,"proliferating"
"GTTAGAATCAGTTAGAATCCCAAC-1","slingPseudotime_2",14.5607279820555,"CD8-41BB","aucell_naive_memory_score",0.152631578947368,"naive_memory"
"GTTAGAATCAGTTAGAATCCCAAC-1","slingPseudotime_2",14.5607279820555,"CD8-41BB","aucell_cytotoxic_score",0.152536422678603,"cytotoxic"
"GTTCCAGGTTCCGTGAATCCCAAC-1","slingPseudotime_1",9.11159913707468,"CD8-41BB","aucell_exhausted_score",0,"exhausted"
"GTTCCAGGTTCCGTGAATCCCAAC-1","slingPseudotime_1",9.11159913707468,"CD8-41BB","aucell_proliferating_score",0,"proliferating"
"GTTCCAGGTTCCGTGAATCCCAAC-1","slingPseudotime_1",9.11159913707468,"CD8-41BB","aucell_naive_memory_score",0.0545263157894737,"naive_memory"
"GTTCCAGGTTCCGTGAATCCCAAC-1","slingPseudotime_1",9.11159913707468,"CD8-41BB","aucell_cytotoxic_score",0,"cytotoxic"
"GTTCCAGGTTCCGTGAATCCCAAC-1","slingPseudotime_2",9.74338435321493,"CD8-41BB","aucell_exhausted_score",0,"exhausted"
"GTTCCAGGTTCCGTGAATCCCAAC-1","slingPseudotime_2",9.74338435321493,"CD8-41BB","aucell_proliferating_score",0,"proliferating"
"GTTCCAGGTTCCGTGAATCCCAAC-1","slingPseudotime_2",9.74338435321493,"CD8-41BB","aucell_naive_memory_score",0.0545263157894737,"naive_memory"
"GTTCCAGGTTCCGTGAATCCCAAC-1","slingPseudotime_2",9.74338435321493,"CD8-41BB","aucell_cytotoxic_score",0,"cytotoxic"
"GTTCGATGTTAACGTCATCCCAAC-1","slingPseudotime_1",29.5450448156468,"CD8-41BB","aucell_exhausted_score",0.164648060382658,"exhausted"
"GTTCGATGTTAACGTCATCCCAAC-1","slingPseudotime_1",29.5450448156468,"CD8-41BB","aucell_proliferating_score",0,"proliferating"
"GTTCGATGTTAACGTCATCCCAAC-1","slingPseudotime_1",29.5450448156468,"CD8-41BB","aucell_naive_memory_score",0.00378947368421053,"naive_memory"
"GTTCGATGTTAACGTCATCCCAAC-1","slingPseudotime_1",29.5450448156468,"CD8-41BB","aucell_cytotoxic_score",0.0308934526944006,"cytotoxic"
"GTTCGGGCAGTAATACATCCCAAC-1","slingPseudotime_1",14.4230988354229,"CD8-41BB","aucell_exhausted_score",0,"exhausted"
"GTTCGGGCAGTAATACATCCCAAC-1","slingPseudotime_1",14.4230988354229,"CD8-41BB","aucell_proliferating_score",0,"proliferating"
"GTTCGGGCAGTAATACATCCCAAC-1","slingPseudotime_1",14.4230988354229,"CD8-41BB","aucell_naive_memory_score",0,"naive_memory"
"GTTCGGGCAGTAATACATCCCAAC-1","slingPseudotime_1",14.4230988354229,"CD8-41BB","aucell_cytotoxic_score",0.263823064770932,"cytotoxic"
"GTTCGGGCAGTAATACATCCCAAC-1","slingPseudotime_2",15.2808462501796,"CD8-41BB","aucell_exhausted_score",0,"exhausted"
"GTTCGGGCAGTAATACATCCCAAC-1","slingPseudotime_2",15.2808462501796,"CD8-41BB","aucell_proliferating_score",0,"proliferating"
"GTTCGGGCAGTAATACATCCCAAC-1","slingPseudotime_2",15.2808462501796,"CD8-41BB","aucell_naive_memory_score",0,"naive_memory"
"GTTCGGGCAGTAATACATCCCAAC-1","slingPseudotime_2",15.2808462501796,"CD8-41BB","aucell_cytotoxic_score",0.263823064770932,"cytotoxic"
"GTTGAATCAGCCTTCAATCCCAAC-1","slingPseudotime_1",19.4585334039912,"CD8-41BB","aucell_exhausted_score",0.0968931016324381,"exhausted"
"GTTGAATCAGCCTTCAATCCCAAC-1","slingPseudotime_1",19.4585334039912,"CD8-41BB","aucell_proliferating_score",0,"proliferating"
"GTTGAATCAGCCTTCAATCCCAAC-1","slingPseudotime_1",19.4585334039912,"CD8-41BB","aucell_naive_memory_score",0.142105263157895,"naive_memory"
"GTTGAATCAGCCTTCAATCCCAAC-1","slingPseudotime_1",19.4585334039912,"CD8-41BB","aucell_cytotoxic_score",0.601369141653502,"cytotoxic"
"GTTGAATCAGCCTTCAATCCCAAC-1","slingPseudotime_2",29.666497287592,"CD8-41BB","aucell_exhausted_score",0.0968931016324381,"exhausted"
"GTTGAATCAGCCTTCAATCCCAAC-1","slingPseudotime_2",29.666497287592,"CD8-41BB","aucell_proliferating_score",0,"proliferating"
"GTTGAATCAGCCTTCAATCCCAAC-1","slingPseudotime_2",29.666497287592,"CD8-41BB","aucell_naive_memory_score",0.142105263157895,"naive_memory"
"GTTGAATCAGCCTTCAATCCCAAC-1","slingPseudotime_2",29.666497287592,"CD8-41BB","aucell_cytotoxic_score",0.601369141653502,"cytotoxic"
"GTTGCATGTACCGTTGATCCCAAC-1","slingPseudotime_1",15.095821723289,"CD8-41BB","aucell_exhausted_score",0,"exhausted"
"GTTGCATGTACCGTTGATCCCAAC-1","slingPseudotime_1",15.095821723289,"CD8-41BB","aucell_proliferating_score",0,"proliferating"
"GTTGCATGTACCGTTGATCCCAAC-1","slingPseudotime_1",15.095821723289,"CD8-41BB","aucell_naive_memory_score",0,"naive_memory"
"GTTGCATGTACCGTTGATCCCAAC-1","slingPseudotime_1",15.095821723289,"CD8-41BB","aucell_cytotoxic_score",0.521853607161664,"cytotoxic"
"GTTGCATGTACCGTTGATCCCAAC-1","slingPseudotime_2",15.8628724990618,"CD8-41BB","aucell_exhausted_score",0,"exhausted"
"GTTGCATGTACCGTTGATCCCAAC-1","slingPseudotime_2",15.8628724990618,"CD8-41BB","aucell_proliferating_score",0,"proliferating"
"GTTGCATGTACCGTTGATCCCAAC-1","slingPseudotime_2",15.8628724990618,"CD8-41BB","aucell_naive_memory_score",0,"naive_memory"
"GTTGCATGTACCGTTGATCCCAAC-1","slingPseudotime_2",15.8628724990618,"CD8-41BB","aucell_cytotoxic_score",0.521853607161664,"cytotoxic"
"GTTGTAAAGTCAATAGATCCCAAC-1","slingPseudotime_1",25.0803143237945,"CD8-41BB","aucell_exhausted_score",0.159382130946112,"exhausted"
"GTTGTAAAGTCAATAGATCCCAAC-1","slingPseudotime_1",25.0803143237945,"CD8-41BB","aucell_proliferating_score",0,"proliferating"
"GTTGTAAAGTCAATAGATCCCAAC-1","slingPseudotime_1",25.0803143237945,"CD8-41BB","aucell_naive_memory_score",0,"naive_memory"
"GTTGTAAAGTCAATAGATCCCAAC-1","slingPseudotime_1",25.0803143237945,"CD8-41BB","aucell_cytotoxic_score",0.166403370194839,"cytotoxic"
"GTTGTAAAGTCAATAGATCCCAAC-1","slingPseudotime_2",27.697260562763,"CD8-41BB","aucell_exhausted_score",0.159382130946112,"exhausted"
"GTTGTAAAGTCAATAGATCCCAAC-1","slingPseudotime_2",27.697260562763,"CD8-41BB","aucell_proliferating_score",0,"proliferating"
"GTTGTAAAGTCAATAGATCCCAAC-1","slingPseudotime_2",27.697260562763,"CD8-41BB","aucell_naive_memory_score",0,"naive_memory"
"GTTGTAAAGTCAATAGATCCCAAC-1","slingPseudotime_2",27.697260562763,"CD8-41BB","aucell_cytotoxic_score",0.166403370194839,"cytotoxic"
"GTTGTAAAGTGTCCACATCCCAAC-1","slingPseudotime_1",17.3594098904855,"CD8-41BB","aucell_exhausted_score",0.0993505353694927,"exhausted"
"GTTGTAAAGTGTCCACATCCCAAC-1","slingPseudotime_1",17.3594098904855,"CD8-41BB","aucell_proliferating_score",0,"proliferating"
"GTTGTAAAGTGTCCACATCCCAAC-1","slingPseudotime_1",17.3594098904855,"CD8-41BB","aucell_naive_memory_score",0.103157894736842,"naive_memory"
"GTTGTAAAGTGTCCACATCCCAAC-1","slingPseudotime_1",17.3594098904855,"CD8-41BB","aucell_cytotoxic_score",0.594523433385993,"cytotoxic"
"GTTGTAAAGTGTCCACATCCCAAC-1","slingPseudotime_2",31.4543341120228,"CD8-41BB","aucell_exhausted_score",0.0993505353694927,"exhausted"
"GTTGTAAAGTGTCCACATCCCAAC-1","slingPseudotime_2",31.4543341120228,"CD8-41BB","aucell_proliferating_score",0,"proliferating"
"GTTGTAAAGTGTCCACATCCCAAC-1","slingPseudotime_2",31.4543341120228,"CD8-41BB","aucell_naive_memory_score",0.103157894736842,"naive_memory"
"GTTGTAAAGTGTCCACATCCCAAC-1","slingPseudotime_2",31.4543341120228,"CD8-41BB","aucell_cytotoxic_score",0.594523433385993,"cytotoxic"
"GTTTATCAGACATAGCATCCCAAC-1","slingPseudotime_1",4.84765832557532,"CD8-41BB","aucell_exhausted_score",0,"exhausted"
"GTTTATCAGACATAGCATCCCAAC-1","slingPseudotime_1",4.84765832557532,"CD8-41BB","aucell_proliferating_score",0,"proliferating"
"GTTTATCAGACATAGCATCCCAAC-1","slingPseudotime_1",4.84765832557532,"CD8-41BB","aucell_naive_memory_score",0.405263157894737,"naive_memory"
"GTTTATCAGACATAGCATCCCAAC-1","slingPseudotime_1",4.84765832557532,"CD8-41BB","aucell_cytotoxic_score",0.144286466561348,"cytotoxic"
"GTTTATCAGACATAGCATCCCAAC-1","slingPseudotime_2",5.49963056373994,"CD8-41BB","aucell_exhausted_score",0,"exhausted"
"GTTTATCAGACATAGCATCCCAAC-1","slingPseudotime_2",5.49963056373994,"CD8-41BB","aucell_proliferating_score",0,"proliferating"
"GTTTATCAGACATAGCATCCCAAC-1","slingPseudotime_2",5.49963056373994,"CD8-41BB","aucell_naive_memory_score",0.405263157894737,"naive_memory"
"GTTTATCAGACATAGCATCCCAAC-1","slingPseudotime_2",5.49963056373994,"CD8-41BB","aucell_cytotoxic_score",0.144286466561348,"cytotoxic"
"GTTTCACCATCCTTGGATCCCAAC-1","slingPseudotime_1",9.03376504907437,"CD8-41BB","aucell_exhausted_score",0.100052659294365,"exhausted"
"GTTTCACCATCCTTGGATCCCAAC-1","slingPseudotime_1",9.03376504907437,"CD8-41BB","aucell_proliferating_score",0,"proliferating"
"GTTTCACCATCCTTGGATCCCAAC-1","slingPseudotime_1",9.03376504907437,"CD8-41BB","aucell_naive_memory_score",0.0774736842105263,"naive_memory"
"GTTTCACCATCCTTGGATCCCAAC-1","slingPseudotime_1",9.03376504907437,"CD8-41BB","aucell_cytotoxic_score",0.0805687203791469,"cytotoxic"
"GTTTCACCATCCTTGGATCCCAAC-1","slingPseudotime_2",9.70266427393923,"CD8-41BB","aucell_exhausted_score",0.100052659294365,"exhausted"
"GTTTCACCATCCTTGGATCCCAAC-1","slingPseudotime_2",9.70266427393923,"CD8-41BB","aucell_proliferating_score",0,"proliferating"
"GTTTCACCATCCTTGGATCCCAAC-1","slingPseudotime_2",9.70266427393923,"CD8-41BB","aucell_naive_memory_score",0.0774736842105263,"naive_memory"
"GTTTCACCATCCTTGGATCCCAAC-1","slingPseudotime_2",9.70266427393923,"CD8-41BB","aucell_cytotoxic_score",0.0805687203791469,"cytotoxic"
"GTTTGGTGTTAGCTCGATCCCAAC-1","slingPseudotime_1",13.0978340936184,"CD8-41BB","aucell_exhausted_score",0,"exhausted"
"GTTTGGTGTTAGCTCGATCCCAAC-1","slingPseudotime_1",13.0978340936184,"CD8-41BB","aucell_proliferating_score",0,"proliferating"
"GTTTGGTGTTAGCTCGATCCCAAC-1","slingPseudotime_1",13.0978340936184,"CD8-41BB","aucell_naive_memory_score",0.0568421052631579,"naive_memory"
"GTTTGGTGTTAGCTCGATCCCAAC-1","slingPseudotime_1",13.0978340936184,"CD8-41BB","aucell_cytotoxic_score",0.169562927856767,"cytotoxic"
"GTTTGGTGTTAGCTCGATCCCAAC-1","slingPseudotime_2",13.9513714085526,"CD8-41BB","aucell_exhausted_score",0,"exhausted"
"GTTTGGTGTTAGCTCGATCCCAAC-1","slingPseudotime_2",13.9513714085526,"CD8-41BB","aucell_proliferating_score",0,"proliferating"
"GTTTGGTGTTAGCTCGATCCCAAC-1","slingPseudotime_2",13.9513714085526,"CD8-41BB","aucell_naive_memory_score",0.0568421052631579,"naive_memory"
"GTTTGGTGTTAGCTCGATCCCAAC-1","slingPseudotime_2",13.9513714085526,"CD8-41BB","aucell_cytotoxic_score",0.169562927856767,"cytotoxic"
"TAAACGGGTAGCTTGTATCCCAAC-1","slingPseudotime_1",7.26150362147638,"CD8-41BB","aucell_exhausted_score",0,"exhausted"
"TAAACGGGTAGCTTGTATCCCAAC-1","slingPseudotime_1",7.26150362147638,"CD8-41BB","aucell_proliferating_score",0,"proliferating"
"TAAACGGGTAGCTTGTATCCCAAC-1","slingPseudotime_1",7.26150362147638,"CD8-41BB","aucell_naive_memory_score",0.164,"naive_memory"
"TAAACGGGTAGCTTGTATCCCAAC-1","slingPseudotime_1",7.26150362147638,"CD8-41BB","aucell_cytotoxic_score",0.12568018255222,"cytotoxic"
"TAAACGGGTAGCTTGTATCCCAAC-1","slingPseudotime_2",7.84086092088039,"CD8-41BB","aucell_exhausted_score",0,"exhausted"
"TAAACGGGTAGCTTGTATCCCAAC-1","slingPseudotime_2",7.84086092088039,"CD8-41BB","aucell_proliferating_score",0,"proliferating"
"TAAACGGGTAGCTTGTATCCCAAC-1","slingPseudotime_2",7.84086092088039,"CD8-41BB","aucell_naive_memory_score",0.164,"naive_memory"
"TAAACGGGTAGCTTGTATCCCAAC-1","slingPseudotime_2",7.84086092088039,"CD8-41BB","aucell_cytotoxic_score",0.12568018255222,"cytotoxic"
"TAAAGCCAGCCACTCGATCCCAAC-1","slingPseudotime_1",11.4417267667197,"CD8-41BB","aucell_exhausted_score",0,"exhausted"
"TAAAGCCAGCCACTCGATCCCAAC-1","slingPseudotime_1",11.4417267667197,"CD8-41BB","aucell_proliferating_score",0,"proliferating"
"TAAAGCCAGCCACTCGATCCCAAC-1","slingPseudotime_1",11.4417267667197,"CD8-41BB","aucell_naive_memory_score",0.267578947368421,"naive_memory"
"TAAAGCCAGCCACTCGATCCCAAC-1","slingPseudotime_1",11.4417267667197,"CD8-41BB","aucell_cytotoxic_score",0,"cytotoxic"
"TAAAGCCAGCCACTCGATCCCAAC-1","slingPseudotime_2",12.2377067562155,"CD8-41BB","aucell_exhausted_score",0,"exhausted"
"TAAAGCCAGCCACTCGATCCCAAC-1","slingPseudotime_2",12.2377067562155,"CD8-41BB","aucell_proliferating_score",0,"proliferating"
"TAAAGCCAGCCACTCGATCCCAAC-1","slingPseudotime_2",12.2377067562155,"CD8-41BB","aucell_naive_memory_score",0.267578947368421,"naive_memory"
"TAAAGCCAGCCACTCGATCCCAAC-1","slingPseudotime_2",12.2377067562155,"CD8-41BB","aucell_cytotoxic_score",0,"cytotoxic"
"TAACCCTCATATAGGTATCCCAAC-1","slingPseudotime_1",5.08613301187938,"CD8-41BB","aucell_exhausted_score",0,"exhausted"
"TAACCCTCATATAGGTATCCCAAC-1","slingPseudotime_1",5.08613301187938,"CD8-41BB","aucell_proliferating_score",0,"proliferating"
"TAACCCTCATATAGGTATCCCAAC-1","slingPseudotime_1",5.08613301187938,"CD8-41BB","aucell_naive_memory_score",0.354736842105263,"naive_memory"
"TAACCCTCATATAGGTATCCCAAC-1","slingPseudotime_1",5.08613301187938,"CD8-41BB","aucell_cytotoxic_score",0.312796208530806,"cytotoxic"
"TAACCCTCATATAGGTATCCCAAC-1","slingPseudotime_2",5.73278806091052,"CD8-41BB","aucell_exhausted_score",0,"exhausted"
"TAACCCTCATATAGGTATCCCAAC-1","slingPseudotime_2",5.73278806091052,"CD8-41BB","aucell_proliferating_score",0,"proliferating"
"TAACCCTCATATAGGTATCCCAAC-1","slingPseudotime_2",5.73278806091052,"CD8-41BB","aucell_naive_memory_score",0.354736842105263,"naive_memory"
"TAACCCTCATATAGGTATCCCAAC-1","slingPseudotime_2",5.73278806091052,"CD8-41BB","aucell_cytotoxic_score",0.312796208530806,"cytotoxic"
"TAACCTTAGAGGATAGATCCCAAC-1","slingPseudotime_1",17.270489721289,"CD8-41BB","aucell_exhausted_score",0.248902931367386,"exhausted"
"TAACCTTAGAGGATAGATCCCAAC-1","slingPseudotime_1",17.270489721289,"CD8-41BB","aucell_proliferating_score",0,"proliferating"
"TAACCTTAGAGGATAGATCCCAAC-1","slingPseudotime_1",17.270489721289,"CD8-41BB","aucell_naive_memory_score",0,"naive_memory"
"TAACCTTAGAGGATAGATCCCAAC-1","slingPseudotime_1",17.270489721289,"CD8-41BB","aucell_cytotoxic_score",0.686150605581885,"cytotoxic"
"TAACCTTAGAGGATAGATCCCAAC-1","slingPseudotime_2",18.8402248388817,"CD8-41BB","aucell_exhausted_score",0.248902931367386,"exhausted"
"TAACCTTAGAGGATAGATCCCAAC-1","slingPseudotime_2",18.8402248388817,"CD8-41BB","aucell_proliferating_score",0,"proliferating"
"TAACCTTAGAGGATAGATCCCAAC-1","slingPseudotime_2",18.8402248388817,"CD8-41BB","aucell_naive_memory_score",0,"naive_memory"
"TAACCTTAGAGGATAGATCCCAAC-1","slingPseudotime_2",18.8402248388817,"CD8-41BB","aucell_cytotoxic_score",0.686150605581885,"cytotoxic"
"TAAGAAGCACAACATGATCCCAAC-1","slingPseudotime_1",8.11860112095614,"CD8-41BB","aucell_exhausted_score",0,"exhausted"
"TAAGAAGCACAACATGATCCCAAC-1","slingPseudotime_1",8.11860112095614,"CD8-41BB","aucell_proliferating_score",0,"proliferating"
"TAAGAAGCACAACATGATCCCAAC-1","slingPseudotime_1",8.11860112095614,"CD8-41BB","aucell_naive_memory_score",0,"naive_memory"
"TAAGAAGCACAACATGATCCCAAC-1","slingPseudotime_1",8.11860112095614,"CD8-41BB","aucell_cytotoxic_score",0.164296998420221,"cytotoxic"
"TAAGAAGCACAACATGATCCCAAC-1","slingPseudotime_2",8.66086610005859,"CD8-41BB","aucell_exhausted_score",0,"exhausted"
"TAAGAAGCACAACATGATCCCAAC-1","slingPseudotime_2",8.66086610005859,"CD8-41BB","aucell_proliferating_score",0,"proliferating"
"TAAGAAGCACAACATGATCCCAAC-1","slingPseudotime_2",8.66086610005859,"CD8-41BB","aucell_naive_memory_score",0,"naive_memory"
"TAAGAAGCACAACATGATCCCAAC-1","slingPseudotime_2",8.66086610005859,"CD8-41BB","aucell_cytotoxic_score",0.164296998420221,"cytotoxic"
"TAAGAAGCACTATCACATCCCAAC-1","slingPseudotime_1",16.0515420266673,"CD8-41BB","aucell_exhausted_score",0.0988239424258382,"exhausted"
"TAAGAAGCACTATCACATCCCAAC-1","slingPseudotime_1",16.0515420266673,"CD8-41BB","aucell_proliferating_score",0,"proliferating"
"TAAGAAGCACTATCACATCCCAAC-1","slingPseudotime_1",16.0515420266673,"CD8-41BB","aucell_naive_memory_score",0,"naive_memory"
"TAAGAAGCACTATCACATCCCAAC-1","slingPseudotime_1",16.0515420266673,"CD8-41BB","aucell_cytotoxic_score",0.288046340179042,"cytotoxic"
"TAAGAAGCACTATCACATCCCAAC-1","slingPseudotime_2",17.4285399144014,"CD8-41BB","aucell_exhausted_score",0.0988239424258382,"exhausted"
"TAAGAAGCACTATCACATCCCAAC-1","slingPseudotime_2",17.4285399144014,"CD8-41BB","aucell_proliferating_score",0,"proliferating"
"TAAGAAGCACTATCACATCCCAAC-1","slingPseudotime_2",17.4285399144014,"CD8-41BB","aucell_naive_memory_score",0,"naive_memory"
"TAAGAAGCACTATCACATCCCAAC-1","slingPseudotime_2",17.4285399144014,"CD8-41BB","aucell_cytotoxic_score",0.288046340179042,"cytotoxic"
"TAAGCTAAGGTAAGCTATCCCAAC-1","slingPseudotime_1",27.0693503823492,"CD8-41BB","aucell_exhausted_score",0.14024925399333,"exhausted"
"TAAGCTAAGGTAAGCTATCCCAAC-1","slingPseudotime_1",27.0693503823492,"CD8-41BB","aucell_proliferating_score",0,"proliferating"
"TAAGCTAAGGTAAGCTATCCCAAC-1","slingPseudotime_1",27.0693503823492,"CD8-41BB","aucell_naive_memory_score",0.176,"naive_memory"
"TAAGCTAAGGTAAGCTATCCCAAC-1","slingPseudotime_1",27.0693503823492,"CD8-41BB","aucell_cytotoxic_score",0,"cytotoxic"
"TAAGCTAAGGTAAGCTATCCCAAC-1","slingPseudotime_2",26.4746432767915,"CD8-41BB","aucell_exhausted_score",0.14024925399333,"exhausted"
"TAAGCTAAGGTAAGCTATCCCAAC-1","slingPseudotime_2",26.4746432767915,"CD8-41BB","aucell_proliferating_score",0,"proliferating"
"TAAGCTAAGGTAAGCTATCCCAAC-1","slingPseudotime_2",26.4746432767915,"CD8-41BB","aucell_naive_memory_score",0.176,"naive_memory"
"TAAGCTAAGGTAAGCTATCCCAAC-1","slingPseudotime_2",26.4746432767915,"CD8-41BB","aucell_cytotoxic_score",0,"cytotoxic"
"TAAGTACCATTGGACAATCCCAAC-1","slingPseudotime_1",19.3545830753302,"CD8-41BB","aucell_exhausted_score",0.0858346498156925,"exhausted"
"TAAGTACCATTGGACAATCCCAAC-1","slingPseudotime_1",19.3545830753302,"CD8-41BB","aucell_proliferating_score",0.0117894736842105,"proliferating"
"TAAGTACCATTGGACAATCCCAAC-1","slingPseudotime_1",19.3545830753302,"CD8-41BB","aucell_naive_memory_score",0,"naive_memory"
"TAAGTACCATTGGACAATCCCAAC-1","slingPseudotime_1",19.3545830753302,"CD8-41BB","aucell_cytotoxic_score",0,"cytotoxic"
"TAAGTACCATTGGACAATCCCAAC-1","slingPseudotime_2",20.3501342406366,"CD8-41BB","aucell_exhausted_score",0.0858346498156925,"exhausted"
"TAAGTACCATTGGACAATCCCAAC-1","slingPseudotime_2",20.3501342406366,"CD8-41BB","aucell_proliferating_score",0.0117894736842105,"proliferating"
"TAAGTACCATTGGACAATCCCAAC-1","slingPseudotime_2",20.3501342406366,"CD8-41BB","aucell_naive_memory_score",0,"naive_memory"
"TAAGTACCATTGGACAATCCCAAC-1","slingPseudotime_2",20.3501342406366,"CD8-41BB","aucell_cytotoxic_score",0,"cytotoxic"
"TAATGCGCAATAGCTGATCCCAAC-1","slingPseudotime_1",8.61091406732657,"CD8-41BB","aucell_exhausted_score",0,"exhausted"
"TAATGCGCAATAGCTGATCCCAAC-1","slingPseudotime_1",8.61091406732657,"CD8-41BB","aucell_proliferating_score",0,"proliferating"
"TAATGCGCAATAGCTGATCCCAAC-1","slingPseudotime_1",8.61091406732657,"CD8-41BB","aucell_naive_memory_score",0,"naive_memory"
"TAATGCGCAATAGCTGATCCCAAC-1","slingPseudotime_1",8.61091406732657,"CD8-41BB","aucell_cytotoxic_score",0.000175530981218185,"cytotoxic"
"TAATGCGCAATAGCTGATCCCAAC-1","slingPseudotime_2",9.33946586208312,"CD8-41BB","aucell_exhausted_score",0,"exhausted"
"TAATGCGCAATAGCTGATCCCAAC-1","slingPseudotime_2",9.33946586208312,"CD8-41BB","aucell_proliferating_score",0,"proliferating"
"TAATGCGCAATAGCTGATCCCAAC-1","slingPseudotime_2",9.33946586208312,"CD8-41BB","aucell_naive_memory_score",0,"naive_memory"
"TAATGCGCAATAGCTGATCCCAAC-1","slingPseudotime_2",9.33946586208312,"CD8-41BB","aucell_cytotoxic_score",0.000175530981218185,"cytotoxic"
"TAATGCGCACGTAGTAATCCCAAC-1","slingPseudotime_1",19.5837570811603,"CD8-41BB","aucell_exhausted_score",0.231525364226786,"exhausted"
"TAATGCGCACGTAGTAATCCCAAC-1","slingPseudotime_1",19.5837570811603,"CD8-41BB","aucell_proliferating_score",0,"proliferating"
"TAATGCGCACGTAGTAATCCCAAC-1","slingPseudotime_1",19.5837570811603,"CD8-41BB","aucell_naive_memory_score",0,"naive_memory"
"TAATGCGCACGTAGTAATCCCAAC-1","slingPseudotime_1",19.5837570811603,"CD8-41BB","aucell_cytotoxic_score",0.333508864314552,"cytotoxic"
"TAATGCGCACGTAGTAATCCCAAC-1","slingPseudotime_2",20.5898752061512,"CD8-41BB","aucell_exhausted_score",0.231525364226786,"exhausted"
"TAATGCGCACGTAGTAATCCCAAC-1","slingPseudotime_2",20.5898752061512,"CD8-41BB","aucell_proliferating_score",0,"proliferating"
"TAATGCGCACGTAGTAATCCCAAC-1","slingPseudotime_2",20.5898752061512,"CD8-41BB","aucell_naive_memory_score",0,"naive_memory"
"TAATGCGCACGTAGTAATCCCAAC-1","slingPseudotime_2",20.5898752061512,"CD8-41BB","aucell_cytotoxic_score",0.333508864314552,"cytotoxic"
"TAATGTGAGGTGGATTATCCCAAC-1","slingPseudotime_1",17.4363823147697,"CD8-41BB","aucell_exhausted_score",0.149376865016675,"exhausted"
"TAATGTGAGGTGGATTATCCCAAC-1","slingPseudotime_1",17.4363823147697,"CD8-41BB","aucell_proliferating_score",0,"proliferating"
"TAATGTGAGGTGGATTATCCCAAC-1","slingPseudotime_1",17.4363823147697,"CD8-41BB","aucell_naive_memory_score",0,"naive_memory"
"TAATGTGAGGTGGATTATCCCAAC-1","slingPseudotime_1",17.4363823147697,"CD8-41BB","aucell_cytotoxic_score",0.635597682991048,"cytotoxic"
"TAATGTGAGGTGGATTATCCCAAC-1","slingPseudotime_2",18.2179317781784,"CD8-41BB","aucell_exhausted_score",0.149376865016675,"exhausted"
"TAATGTGAGGTGGATTATCCCAAC-1","slingPseudotime_2",18.2179317781784,"CD8-41BB","aucell_proliferating_score",0,"proliferating"
"TAATGTGAGGTGGATTATCCCAAC-1","slingPseudotime_2",18.2179317781784,"CD8-41BB","aucell_naive_memory_score",0,"naive_memory"
"TAATGTGAGGTGGATTATCCCAAC-1","slingPseudotime_2",18.2179317781784,"CD8-41BB","aucell_cytotoxic_score",0.635597682991048,"cytotoxic"
"TACAAACCAGCTTAAGATCCCAAC-1","slingPseudotime_1",21.8539927954654,"CD8-41BB","aucell_exhausted_score",0.402668070914516,"exhausted"
"TACAAACCAGCTTAAGATCCCAAC-1","slingPseudotime_1",21.8539927954654,"CD8-41BB","aucell_proliferating_score",0,"proliferating"
"TACAAACCAGCTTAAGATCCCAAC-1","slingPseudotime_1",21.8539927954654,"CD8-41BB","aucell_naive_memory_score",0,"naive_memory"
"TACAAACCAGCTTAAGATCCCAAC-1","slingPseudotime_1",21.8539927954654,"CD8-41BB","aucell_cytotoxic_score",0.460944356678954,"cytotoxic"
"TACAAACCAGCTTAAGATCCCAAC-1","slingPseudotime_2",23.5003956300107,"CD8-41BB","aucell_exhausted_score",0.402668070914516,"exhausted"
"TACAAACCAGCTTAAGATCCCAAC-1","slingPseudotime_2",23.5003956300107,"CD8-41BB","aucell_proliferating_score",0,"proliferating"
"TACAAACCAGCTTAAGATCCCAAC-1","slingPseudotime_2",23.5003956300107,"CD8-41BB","aucell_naive_memory_score",0,"naive_memory"
"TACAAACCAGCTTAAGATCCCAAC-1","slingPseudotime_2",23.5003956300107,"CD8-41BB","aucell_cytotoxic_score",0.460944356678954,"cytotoxic"
"TACAACAAGTGATCAAATCCCAAC-1","slingPseudotime_1",13.7506070843302,"CD8-41BB","aucell_exhausted_score",0,"exhausted"
"TACAACAAGTGATCAAATCCCAAC-1","slingPseudotime_1",13.7506070843302,"CD8-41BB","aucell_proliferating_score",0,"proliferating"
"TACAACAAGTGATCAAATCCCAAC-1","slingPseudotime_1",13.7506070843302,"CD8-41BB","aucell_naive_memory_score",0.184,"naive_memory"
"TACAACAAGTGATCAAATCCCAAC-1","slingPseudotime_1",13.7506070843302,"CD8-41BB","aucell_cytotoxic_score",0.461822011585045,"cytotoxic"
"TACAACAAGTGATCAAATCCCAAC-1","slingPseudotime_2",14.6155301713859,"CD8-41BB","aucell_exhausted_score",0,"exhausted"
"TACAACAAGTGATCAAATCCCAAC-1","slingPseudotime_2",14.6155301713859,"CD8-41BB","aucell_proliferating_score",0,"proliferating"
"TACAACAAGTGATCAAATCCCAAC-1","slingPseudotime_2",14.6155301713859,"CD8-41BB","aucell_naive_memory_score",0.184,"naive_memory"
"TACAACAAGTGATCAAATCCCAAC-1","slingPseudotime_2",14.6155301713859,"CD8-41BB","aucell_cytotoxic_score",0.461822011585045,"cytotoxic"
"TACAGGTAGGTAATGCATCCCAAC-1","slingPseudotime_1",12.4800882639964,"CD8-41BB","aucell_exhausted_score",0.0521327014218009,"exhausted"
"TACAGGTAGGTAATGCATCCCAAC-1","slingPseudotime_1",12.4800882639964,"CD8-41BB","aucell_proliferating_score",0,"proliferating"
"TACAGGTAGGTAATGCATCCCAAC-1","slingPseudotime_1",12.4800882639964,"CD8-41BB","aucell_naive_memory_score",0.292631578947368,"naive_memory"
"TACAGGTAGGTAATGCATCCCAAC-1","slingPseudotime_1",12.4800882639964,"CD8-41BB","aucell_cytotoxic_score",0.307354748113042,"cytotoxic"
"TACAGGTAGGTAATGCATCCCAAC-1","slingPseudotime_2",13.297541408887,"CD8-41BB","aucell_exhausted_score",0.0521327014218009,"exhausted"
"TACAGGTAGGTAATGCATCCCAAC-1","slingPseudotime_2",13.297541408887,"CD8-41BB","aucell_proliferating_score",0,"proliferating"
"TACAGGTAGGTAATGCATCCCAAC-1","slingPseudotime_2",13.297541408887,"CD8-41BB","aucell_naive_memory_score",0.292631578947368,"naive_memory"
"TACAGGTAGGTAATGCATCCCAAC-1","slingPseudotime_2",13.297541408887,"CD8-41BB","aucell_cytotoxic_score",0.307354748113042,"cytotoxic"
"TACCGAACAGCAAGCTATCCCAAC-1","slingPseudotime_1",16.7152507632338,"CD8-41BB","aucell_exhausted_score",0.0753027909426014,"exhausted"
"TACCGAACAGCAAGCTATCCCAAC-1","slingPseudotime_1",16.7152507632338,"CD8-41BB","aucell_proliferating_score",0,"proliferating"
"TACCGAACAGCAAGCTATCCCAAC-1","slingPseudotime_1",16.7152507632338,"CD8-41BB","aucell_naive_memory_score",0.0178947368421053,"naive_memory"
"TACCGAACAGCAAGCTATCCCAAC-1","slingPseudotime_1",16.7152507632338,"CD8-41BB","aucell_cytotoxic_score",0.431806213796735,"cytotoxic"
"TACCGAACAGCAAGCTATCCCAAC-1","slingPseudotime_2",30.1551706353813,"CD8-41BB","aucell_exhausted_score",0.0753027909426014,"exhausted"
"TACCGAACAGCAAGCTATCCCAAC-1","slingPseudotime_2",30.1551706353813,"CD8-41BB","aucell_proliferating_score",0,"proliferating"
"TACCGAACAGCAAGCTATCCCAAC-1","slingPseudotime_2",30.1551706353813,"CD8-41BB","aucell_naive_memory_score",0.0178947368421053,"naive_memory"
"TACCGAACAGCAAGCTATCCCAAC-1","slingPseudotime_2",30.1551706353813,"CD8-41BB","aucell_cytotoxic_score",0.431806213796735,"cytotoxic"
"TACCGGGCACGGATACATCCCAAC-1","slingPseudotime_1",19.2265166406151,"CD8-41BB","aucell_exhausted_score",0.267158153414078,"exhausted"
"TACCGGGCACGGATACATCCCAAC-1","slingPseudotime_1",19.2265166406151,"CD8-41BB","aucell_proliferating_score",0,"proliferating"
"TACCGGGCACGGATACATCCCAAC-1","slingPseudotime_1",19.2265166406151,"CD8-41BB","aucell_naive_memory_score",0,"naive_memory"
"TACCGGGCACGGATACATCCCAAC-1","slingPseudotime_1",19.2265166406151,"CD8-41BB","aucell_cytotoxic_score",0.318413199929788,"cytotoxic"
"TACCGGGCACGGATACATCCCAAC-1","slingPseudotime_2",21.1028130207517,"CD8-41BB","aucell_exhausted_score",0.267158153414078,"exhausted"
"TACCGGGCACGGATACATCCCAAC-1","slingPseudotime_2",21.1028130207517,"CD8-41BB","aucell_proliferating_score",0,"proliferating"
"TACCGGGCACGGATACATCCCAAC-1","slingPseudotime_2",21.1028130207517,"CD8-41BB","aucell_naive_memory_score",0,"naive_memory"
"TACCGGGCACGGATACATCCCAAC-1","slingPseudotime_2",21.1028130207517,"CD8-41BB","aucell_cytotoxic_score",0.318413199929788,"cytotoxic"
"TACGGGCAGCCTAAGGATCCCAAC-1","slingPseudotime_1",20.7613606578688,"CD8-41BB","aucell_exhausted_score",0.283833596629805,"exhausted"
"TACGGGCAGCCTAAGGATCCCAAC-1","slingPseudotime_1",20.7613606578688,"CD8-41BB","aucell_proliferating_score",0,"proliferating"
"TACGGGCAGCCTAAGGATCCCAAC-1","slingPseudotime_1",20.7613606578688,"CD8-41BB","aucell_naive_memory_score",0,"naive_memory"
"TACGGGCAGCCTAAGGATCCCAAC-1","slingPseudotime_1",20.7613606578688,"CD8-41BB","aucell_cytotoxic_score",0.618571177812884,"cytotoxic"
"TACGGGCAGCCTAAGGATCCCAAC-1","slingPseudotime_2",22.5832647452365,"CD8-41BB","aucell_exhausted_score",0.283833596629805,"exhausted"
"TACGGGCAGCCTAAGGATCCCAAC-1","slingPseudotime_2",22.5832647452365,"CD8-41BB","aucell_proliferating_score",0,"proliferating"
"TACGGGCAGCCTAAGGATCCCAAC-1","slingPseudotime_2",22.5832647452365,"CD8-41BB","aucell_naive_memory_score",0,"naive_memory"
"TACGGGCAGCCTAAGGATCCCAAC-1","slingPseudotime_2",22.5832647452365,"CD8-41BB","aucell_cytotoxic_score",0.618571177812884,"cytotoxic"
"TACGTTAGTTTAACCAATCCCAAC-1","slingPseudotime_1",13.3456631375179,"CD8-41BB","aucell_exhausted_score",0.076882569773565,"exhausted"
"TACGTTAGTTTAACCAATCCCAAC-1","slingPseudotime_1",13.3456631375179,"CD8-41BB","aucell_proliferating_score",0,"proliferating"
"TACGTTAGTTTAACCAATCCCAAC-1","slingPseudotime_1",13.3456631375179,"CD8-41BB","aucell_naive_memory_score",0,"naive_memory"
"TACGTTAGTTTAACCAATCCCAAC-1","slingPseudotime_1",13.3456631375179,"CD8-41BB","aucell_cytotoxic_score",0.494295243110409,"cytotoxic"
"TACGTTAGTTTAACCAATCCCAAC-1","slingPseudotime_2",13.8827544729393,"CD8-41BB","aucell_exhausted_score",0.076882569773565,"exhausted"
"TACGTTAGTTTAACCAATCCCAAC-1","slingPseudotime_2",13.8827544729393,"CD8-41BB","aucell_proliferating_score",0,"proliferating"
"TACGTTAGTTTAACCAATCCCAAC-1","slingPseudotime_2",13.8827544729393,"CD8-41BB","aucell_naive_memory_score",0,"naive_memory"
"TACGTTAGTTTAACCAATCCCAAC-1","slingPseudotime_2",13.8827544729393,"CD8-41BB","aucell_cytotoxic_score",0.494295243110409,"cytotoxic"
"TACTAGTTCAATTGGAATCCCAAC-1","slingPseudotime_1",16.558545062302,"CD8-41BB","aucell_exhausted_score",0.316131297173951,"exhausted"
"TACTAGTTCAATTGGAATCCCAAC-1","slingPseudotime_1",16.558545062302,"CD8-41BB","aucell_proliferating_score",0,"proliferating"
"TACTAGTTCAATTGGAATCCCAAC-1","slingPseudotime_1",16.558545062302,"CD8-41BB","aucell_naive_memory_score",0,"naive_memory"
"TACTAGTTCAATTGGAATCCCAAC-1","slingPseudotime_1",16.558545062302,"CD8-41BB","aucell_cytotoxic_score",0.333333333333333,"cytotoxic"
"TACTAGTTCAATTGGAATCCCAAC-1","slingPseudotime_2",17.8219159785999,"CD8-41BB","aucell_exhausted_score",0.316131297173951,"exhausted"
"TACTAGTTCAATTGGAATCCCAAC-1","slingPseudotime_2",17.8219159785999,"CD8-41BB","aucell_proliferating_score",0,"proliferating"
"TACTAGTTCAATTGGAATCCCAAC-1","slingPseudotime_2",17.8219159785999,"CD8-41BB","aucell_naive_memory_score",0,"naive_memory"
"TACTAGTTCAATTGGAATCCCAAC-1","slingPseudotime_2",17.8219159785999,"CD8-41BB","aucell_cytotoxic_score",0.333333333333333,"cytotoxic"
"TAGAGGTTCCATAAAGATCCCAAC-1","slingPseudotime_1",8.47457339486973,"CD8-41BB","aucell_exhausted_score",0,"exhausted"
"TAGAGGTTCCATAAAGATCCCAAC-1","slingPseudotime_1",8.47457339486973,"CD8-41BB","aucell_proliferating_score",0,"proliferating"
"TAGAGGTTCCATAAAGATCCCAAC-1","slingPseudotime_1",8.47457339486973,"CD8-41BB","aucell_naive_memory_score",0.327368421052632,"naive_memory"
"TAGAGGTTCCATAAAGATCCCAAC-1","slingPseudotime_1",8.47457339486973,"CD8-41BB","aucell_cytotoxic_score",0.0363349131121643,"cytotoxic"
"TAGAGGTTCCATAAAGATCCCAAC-1","slingPseudotime_2",9.29228409745062,"CD8-41BB","aucell_exhausted_score",0,"exhausted"
"TAGAGGTTCCATAAAGATCCCAAC-1","slingPseudotime_2",9.29228409745062,"CD8-41BB","aucell_proliferating_score",0,"proliferating"
"TAGAGGTTCCATAAAGATCCCAAC-1","slingPseudotime_2",9.29228409745062,"CD8-41BB","aucell_naive_memory_score",0.327368421052632,"naive_memory"
"TAGAGGTTCCATAAAGATCCCAAC-1","slingPseudotime_2",9.29228409745062,"CD8-41BB","aucell_cytotoxic_score",0.0363349131121643,"cytotoxic"
"TAGCCCGTCATGACCCATCCCAAC-1","slingPseudotime_1",19.4239693872982,"CD8-41BB","aucell_exhausted_score",0,"exhausted"
"TAGCCCGTCATGACCCATCCCAAC-1","slingPseudotime_1",19.4239693872982,"CD8-41BB","aucell_proliferating_score",0,"proliferating"
"TAGCCCGTCATGACCCATCCCAAC-1","slingPseudotime_1",19.4239693872982,"CD8-41BB","aucell_naive_memory_score",0,"naive_memory"
"TAGCCCGTCATGACCCATCCCAAC-1","slingPseudotime_1",19.4239693872982,"CD8-41BB","aucell_cytotoxic_score",0.186062840091276,"cytotoxic"
"TAGCCCGTCATGACCCATCCCAAC-1","slingPseudotime_2",20.5968650517584,"CD8-41BB","aucell_exhausted_score",0,"exhausted"
"TAGCCCGTCATGACCCATCCCAAC-1","slingPseudotime_2",20.5968650517584,"CD8-41BB","aucell_proliferating_score",0,"proliferating"
"TAGCCCGTCATGACCCATCCCAAC-1","slingPseudotime_2",20.5968650517584,"CD8-41BB","aucell_naive_memory_score",0,"naive_memory"
"TAGCCCGTCATGACCCATCCCAAC-1","slingPseudotime_2",20.5968650517584,"CD8-41BB","aucell_cytotoxic_score",0.186062840091276,"cytotoxic"
"TAGCCTGGTCGTTCGAATCCCAAC-1","slingPseudotime_1",20.1141010938577,"CD8-41BB","aucell_exhausted_score",0.134281200631912,"exhausted"
"TAGCCTGGTCGTTCGAATCCCAAC-1","slingPseudotime_1",20.1141010938577,"CD8-41BB","aucell_proliferating_score",0,"proliferating"
"TAGCCTGGTCGTTCGAATCCCAAC-1","slingPseudotime_1",20.1141010938577,"CD8-41BB","aucell_naive_memory_score",0.213052631578947,"naive_memory"
"TAGCCTGGTCGTTCGAATCCCAAC-1","slingPseudotime_1",20.1141010938577,"CD8-41BB","aucell_cytotoxic_score",0.330349306652624,"cytotoxic"
"TAGCCTGGTCGTTCGAATCCCAAC-1","slingPseudotime_2",20.3443003884472,"CD8-41BB","aucell_exhausted_score",0.134281200631912,"exhausted"
"TAGCCTGGTCGTTCGAATCCCAAC-1","slingPseudotime_2",20.3443003884472,"CD8-41BB","aucell_proliferating_score",0,"proliferating"
"TAGCCTGGTCGTTCGAATCCCAAC-1","slingPseudotime_2",20.3443003884472,"CD8-41BB","aucell_naive_memory_score",0.213052631578947,"naive_memory"
"TAGCCTGGTCGTTCGAATCCCAAC-1","slingPseudotime_2",20.3443003884472,"CD8-41BB","aucell_cytotoxic_score",0.330349306652624,"cytotoxic"
"TAGCTTTAGCTTCTAGATCCCAAC-1","slingPseudotime_1",18.1241607942755,"CD8-41BB","aucell_exhausted_score",0,"exhausted"
"TAGCTTTAGCTTCTAGATCCCAAC-1","slingPseudotime_1",18.1241607942755,"CD8-41BB","aucell_proliferating_score",0,"proliferating"
"TAGCTTTAGCTTCTAGATCCCAAC-1","slingPseudotime_1",18.1241607942755,"CD8-41BB","aucell_naive_memory_score",0.0408421052631579,"naive_memory"
"TAGCTTTAGCTTCTAGATCCCAAC-1","slingPseudotime_1",18.1241607942755,"CD8-41BB","aucell_cytotoxic_score",0.494646305072845,"cytotoxic"
"TAGCTTTAGCTTCTAGATCCCAAC-1","slingPseudotime_2",29.6498337193013,"CD8-41BB","aucell_exhausted_score",0,"exhausted"
"TAGCTTTAGCTTCTAGATCCCAAC-1","slingPseudotime_2",29.6498337193013,"CD8-41BB","aucell_proliferating_score",0,"proliferating"
"TAGCTTTAGCTTCTAGATCCCAAC-1","slingPseudotime_2",29.6498337193013,"CD8-41BB","aucell_naive_memory_score",0.0408421052631579,"naive_memory"
"TAGCTTTAGCTTCTAGATCCCAAC-1","slingPseudotime_2",29.6498337193013,"CD8-41BB","aucell_cytotoxic_score",0.494646305072845,"cytotoxic"
"TAGTGCTGTAGCCATTATCCCAAC-1","slingPseudotime_1",23.2933622788813,"CD8-41BB","aucell_exhausted_score",0.0133403545725821,"exhausted"
"TAGTGCTGTAGCCATTATCCCAAC-1","slingPseudotime_1",23.2933622788813,"CD8-41BB","aucell_proliferating_score",0,"proliferating"
"TAGTGCTGTAGCCATTATCCCAAC-1","slingPseudotime_1",23.2933622788813,"CD8-41BB","aucell_naive_memory_score",0.111789473684211,"naive_memory"
"TAGTGCTGTAGCCATTATCCCAAC-1","slingPseudotime_1",23.2933622788813,"CD8-41BB","aucell_cytotoxic_score",0.154993856415657,"cytotoxic"
"TAGTGCTGTAGCCATTATCCCAAC-1","slingPseudotime_2",28.4835790095813,"CD8-41BB","aucell_exhausted_score",0.0133403545725821,"exhausted"
"TAGTGCTGTAGCCATTATCCCAAC-1","slingPseudotime_2",28.4835790095813,"CD8-41BB","aucell_proliferating_score",0,"proliferating"
"TAGTGCTGTAGCCATTATCCCAAC-1","slingPseudotime_2",28.4835790095813,"CD8-41BB","aucell_naive_memory_score",0.111789473684211,"naive_memory"
"TAGTGCTGTAGCCATTATCCCAAC-1","slingPseudotime_2",28.4835790095813,"CD8-41BB","aucell_cytotoxic_score",0.154993856415657,"cytotoxic"
"TATATCCAGATAACGCATCCCAAC-1","slingPseudotime_1",15.9333486107844,"CD8-41BB","aucell_exhausted_score",0.155344918378094,"exhausted"
"TATATCCAGATAACGCATCCCAAC-1","slingPseudotime_1",15.9333486107844,"CD8-41BB","aucell_proliferating_score",0,"proliferating"
"TATATCCAGATAACGCATCCCAAC-1","slingPseudotime_1",15.9333486107844,"CD8-41BB","aucell_naive_memory_score",0.192,"naive_memory"
"TATATCCAGATAACGCATCCCAAC-1","slingPseudotime_1",15.9333486107844,"CD8-41BB","aucell_cytotoxic_score",0.581183078813411,"cytotoxic"
"TATATCCAGATAACGCATCCCAAC-1","slingPseudotime_2",16.9963252337779,"CD8-41BB","aucell_exhausted_score",0.155344918378094,"exhausted"
"TATATCCAGATAACGCATCCCAAC-1","slingPseudotime_2",16.9963252337779,"CD8-41BB","aucell_proliferating_score",0,"proliferating"
"TATATCCAGATAACGCATCCCAAC-1","slingPseudotime_2",16.9963252337779,"CD8-41BB","aucell_naive_memory_score",0.192,"naive_memory"
"TATATCCAGATAACGCATCCCAAC-1","slingPseudotime_2",16.9963252337779,"CD8-41BB","aucell_cytotoxic_score",0.581183078813411,"cytotoxic"
"TATATCCAGGCTAGATATCCCAAC-1","slingPseudotime_1",49.4108615139004,"CD8-41BB","aucell_exhausted_score",0.262594347902405,"exhausted"
"TATATCCAGGCTAGATATCCCAAC-1","slingPseudotime_1",49.4108615139004,"CD8-41BB","aucell_proliferating_score",0.586315789473684,"proliferating"
"TATATCCAGGCTAGATATCCCAAC-1","slingPseudotime_1",49.4108615139004,"CD8-41BB","aucell_naive_memory_score",0.0856842105263158,"naive_memory"
"TATATCCAGGCTAGATATCCCAAC-1","slingPseudotime_1",49.4108615139004,"CD8-41BB","aucell_cytotoxic_score",0.295418641390205,"cytotoxic"
"TATCGATTCCGCACCAATCCCAAC-1","slingPseudotime_1",26.3582287188476,"CD8-41BB","aucell_exhausted_score",0.165525715288748,"exhausted"
"TATCGATTCCGCACCAATCCCAAC-1","slingPseudotime_1",26.3582287188476,"CD8-41BB","aucell_proliferating_score",0,"proliferating"
"TATCGATTCCGCACCAATCCCAAC-1","slingPseudotime_1",26.3582287188476,"CD8-41BB","aucell_naive_memory_score",0.276631578947368,"naive_memory"
"TATCGATTCCGCACCAATCCCAAC-1","slingPseudotime_1",26.3582287188476,"CD8-41BB","aucell_cytotoxic_score",0.317535545023697,"cytotoxic"
"TATCGATTCCGCACCAATCCCAAC-1","slingPseudotime_2",26.1972458988201,"CD8-41BB","aucell_exhausted_score",0.165525715288748,"exhausted"
"TATCGATTCCGCACCAATCCCAAC-1","slingPseudotime_2",26.1972458988201,"CD8-41BB","aucell_proliferating_score",0,"proliferating"
"TATCGATTCCGCACCAATCCCAAC-1","slingPseudotime_2",26.1972458988201,"CD8-41BB","aucell_naive_memory_score",0.276631578947368,"naive_memory"
"TATCGATTCCGCACCAATCCCAAC-1","slingPseudotime_2",26.1972458988201,"CD8-41BB","aucell_cytotoxic_score",0.317535545023697,"cytotoxic"
"TATCGCATCACACAAAATCCCAAC-1","slingPseudotime_1",64.9216678916675,"CD8-41BB","aucell_exhausted_score",0,"exhausted"
"TATCGCATCACACAAAATCCCAAC-1","slingPseudotime_1",64.9216678916675,"CD8-41BB","aucell_proliferating_score",0.536,"proliferating"
"TATCGCATCACACAAAATCCCAAC-1","slingPseudotime_1",64.9216678916675,"CD8-41BB","aucell_naive_memory_score",0,"naive_memory"
"TATCGCATCACACAAAATCCCAAC-1","slingPseudotime_1",64.9216678916675,"CD8-41BB","aucell_cytotoxic_score",0,"cytotoxic"
"TATCGCTCAATATGCGATCCCAAC-1","slingPseudotime_1",30.7696748089949,"CD8-41BB","aucell_exhausted_score",0.233631736001404,"exhausted"
"TATCGCTCAATATGCGATCCCAAC-1","slingPseudotime_1",30.7696748089949,"CD8-41BB","aucell_proliferating_score",0,"proliferating"
"TATCGCTCAATATGCGATCCCAAC-1","slingPseudotime_1",30.7696748089949,"CD8-41BB","aucell_naive_memory_score",0.137263157894737,"naive_memory"
"TATCGCTCAATATGCGATCCCAAC-1","slingPseudotime_1",30.7696748089949,"CD8-41BB","aucell_cytotoxic_score",0.0263296471827278,"cytotoxic"
"TATGGTGCAAGTTGCAATCCCAAC-1","slingPseudotime_1",13.3630326835792,"CD8-41BB","aucell_exhausted_score",0,"exhausted"
"TATGGTGCAAGTTGCAATCCCAAC-1","slingPseudotime_1",13.3630326835792,"CD8-41BB","aucell_proliferating_score",0.00378947368421053,"proliferating"
"TATGGTGCAAGTTGCAATCCCAAC-1","slingPseudotime_1",13.3630326835792,"CD8-41BB","aucell_naive_memory_score",0.166736842105263,"naive_memory"
"TATGGTGCAAGTTGCAATCCCAAC-1","slingPseudotime_1",13.3630326835792,"CD8-41BB","aucell_cytotoxic_score",0.417061611374408,"cytotoxic"
"TATGGTGCAAGTTGCAATCCCAAC-1","slingPseudotime_2",14.0623670068956,"CD8-41BB","aucell_exhausted_score",0,"exhausted"
"TATGGTGCAAGTTGCAATCCCAAC-1","slingPseudotime_2",14.0623670068956,"CD8-41BB","aucell_proliferating_score",0.00378947368421053,"proliferating"
"TATGGTGCAAGTTGCAATCCCAAC-1","slingPseudotime_2",14.0623670068956,"CD8-41BB","aucell_naive_memory_score",0.166736842105263,"naive_memory"
"TATGGTGCAAGTTGCAATCCCAAC-1","slingPseudotime_2",14.0623670068956,"CD8-41BB","aucell_cytotoxic_score",0.417061611374408,"cytotoxic"
"TATTAGGAGGTTGTAAATCCCAAC-1","slingPseudotime_1",21.3717646963579,"CD8-41BB","aucell_exhausted_score",0.162190626645603,"exhausted"
"TATTAGGAGGTTGTAAATCCCAAC-1","slingPseudotime_1",21.3717646963579,"CD8-41BB","aucell_proliferating_score",0,"proliferating"
"TATTAGGAGGTTGTAAATCCCAAC-1","slingPseudotime_1",21.3717646963579,"CD8-41BB","aucell_naive_memory_score",0.0517894736842105,"naive_memory"
"TATTAGGAGGTTGTAAATCCCAAC-1","slingPseudotime_1",21.3717646963579,"CD8-41BB","aucell_cytotoxic_score",0.137791820256275,"cytotoxic"
"TATTAGGAGGTTGTAAATCCCAAC-1","slingPseudotime_2",29.0989420151293,"CD8-41BB","aucell_exhausted_score",0.162190626645603,"exhausted"
"TATTAGGAGGTTGTAAATCCCAAC-1","slingPseudotime_2",29.0989420151293,"CD8-41BB","aucell_proliferating_score",0,"proliferating"
"TATTAGGAGGTTGTAAATCCCAAC-1","slingPseudotime_2",29.0989420151293,"CD8-41BB","aucell_naive_memory_score",0.0517894736842105,"naive_memory"
"TATTAGGAGGTTGTAAATCCCAAC-1","slingPseudotime_2",29.0989420151293,"CD8-41BB","aucell_cytotoxic_score",0.137791820256275,"cytotoxic"
"TATTCGGTCTCAAACTATCCCAAC-1","slingPseudotime_1",25.2509932158656,"CD8-41BB","aucell_exhausted_score",0.0663507109004739,"exhausted"
"TATTCGGTCTCAAACTATCCCAAC-1","slingPseudotime_1",25.2509932158656,"CD8-41BB","aucell_proliferating_score",0,"proliferating"
"TATTCGGTCTCAAACTATCCCAAC-1","slingPseudotime_1",25.2509932158656,"CD8-41BB","aucell_naive_memory_score",0.00968421052631579,"naive_memory"
"TATTCGGTCTCAAACTATCCCAAC-1","slingPseudotime_1",25.2509932158656,"CD8-41BB","aucell_cytotoxic_score",0.31139196068106,"cytotoxic"
"TATTCGGTCTCAAACTATCCCAAC-1","slingPseudotime_2",28.1847607215359,"CD8-41BB","aucell_exhausted_score",0.0663507109004739,"exhausted"
"TATTCGGTCTCAAACTATCCCAAC-1","slingPseudotime_2",28.1847607215359,"CD8-41BB","aucell_proliferating_score",0,"proliferating"
"TATTCGGTCTCAAACTATCCCAAC-1","slingPseudotime_2",28.1847607215359,"CD8-41BB","aucell_naive_memory_score",0.00968421052631579,"naive_memory"
"TATTCGGTCTCAAACTATCCCAAC-1","slingPseudotime_2",28.1847607215359,"CD8-41BB","aucell_cytotoxic_score",0.31139196068106,"cytotoxic"
"TATTGACTCCTCTAAGATCCCAAC-1","slingPseudotime_1",13.5964639132171,"CD8-41BB","aucell_exhausted_score",0,"exhausted"
"TATTGACTCCTCTAAGATCCCAAC-1","slingPseudotime_1",13.5964639132171,"CD8-41BB","aucell_proliferating_score",0,"proliferating"
"TATTGACTCCTCTAAGATCCCAAC-1","slingPseudotime_1",13.5964639132171,"CD8-41BB","aucell_naive_memory_score",0,"naive_memory"
"TATTGACTCCTCTAAGATCCCAAC-1","slingPseudotime_1",13.5964639132171,"CD8-41BB","aucell_cytotoxic_score",0.0753027909426014,"cytotoxic"
"TATTGACTCCTCTAAGATCCCAAC-1","slingPseudotime_2",14.3716057875903,"CD8-41BB","aucell_exhausted_score",0,"exhausted"
"TATTGACTCCTCTAAGATCCCAAC-1","slingPseudotime_2",14.3716057875903,"CD8-41BB","aucell_proliferating_score",0,"proliferating"
"TATTGACTCCTCTAAGATCCCAAC-1","slingPseudotime_2",14.3716057875903,"CD8-41BB","aucell_naive_memory_score",0,"naive_memory"
"TATTGACTCCTCTAAGATCCCAAC-1","slingPseudotime_2",14.3716057875903,"CD8-41BB","aucell_cytotoxic_score",0.0753027909426014,"cytotoxic"
"TATTGCCCACTTAACCATCCCAAC-1","slingPseudotime_1",30.7696748089949,"CD8-41BB","aucell_exhausted_score",0.179392662804985,"exhausted"
"TATTGCCCACTTAACCATCCCAAC-1","slingPseudotime_1",30.7696748089949,"CD8-41BB","aucell_proliferating_score",0,"proliferating"
"TATTGCCCACTTAACCATCCCAAC-1","slingPseudotime_1",30.7696748089949,"CD8-41BB","aucell_naive_memory_score",0.106315789473684,"naive_memory"
"TATTGCCCACTTAACCATCCCAAC-1","slingPseudotime_1",30.7696748089949,"CD8-41BB","aucell_cytotoxic_score",0,"cytotoxic"
"TATTGCCCATCAAGCAATCCCAAC-1","slingPseudotime_1",19.1509782536674,"CD8-41BB","aucell_exhausted_score",0.285764437423205,"exhausted"
"TATTGCCCATCAAGCAATCCCAAC-1","slingPseudotime_1",19.1509782536674,"CD8-41BB","aucell_proliferating_score",0,"proliferating"
"TATTGCCCATCAAGCAATCCCAAC-1","slingPseudotime_1",19.1509782536674,"CD8-41BB","aucell_naive_memory_score",0,"naive_memory"
"TATTGCCCATCAAGCAATCCCAAC-1","slingPseudotime_1",19.1509782536674,"CD8-41BB","aucell_cytotoxic_score",0.661049675267685,"cytotoxic"
"TATTGCCCATCAAGCAATCCCAAC-1","slingPseudotime_2",20.7003778810915,"CD8-41BB","aucell_exhausted_score",0.285764437423205,"exhausted"
"TATTGCCCATCAAGCAATCCCAAC-1","slingPseudotime_2",20.7003778810915,"CD8-41BB","aucell_proliferating_score",0,"proliferating"
"TATTGCCCATCAAGCAATCCCAAC-1","slingPseudotime_2",20.7003778810915,"CD8-41BB","aucell_naive_memory_score",0,"naive_memory"
"TATTGCCCATCAAGCAATCCCAAC-1","slingPseudotime_2",20.7003778810915,"CD8-41BB","aucell_cytotoxic_score",0.661049675267685,"cytotoxic"
"TCAACATTCTTCGCCCATCCCAAC-1","slingPseudotime_1",20.1555181018257,"CD8-41BB","aucell_exhausted_score",0.0461646480603827,"exhausted"
"TCAACATTCTTCGCCCATCCCAAC-1","slingPseudotime_1",20.1555181018257,"CD8-41BB","aucell_proliferating_score",0,"proliferating"
"TCAACATTCTTCGCCCATCCCAAC-1","slingPseudotime_1",20.1555181018257,"CD8-41BB","aucell_naive_memory_score",0,"naive_memory"
"TCAACATTCTTCGCCCATCCCAAC-1","slingPseudotime_1",20.1555181018257,"CD8-41BB","aucell_cytotoxic_score",0.330349306652624,"cytotoxic"
"TCAACATTCTTCGCCCATCCCAAC-1","slingPseudotime_2",30.3239889062108,"CD8-41BB","aucell_exhausted_score",0.0461646480603827,"exhausted"
"TCAACATTCTTCGCCCATCCCAAC-1","slingPseudotime_2",30.3239889062108,"CD8-41BB","aucell_proliferating_score",0,"proliferating"
"TCAACATTCTTCGCCCATCCCAAC-1","slingPseudotime_2",30.3239889062108,"CD8-41BB","aucell_naive_memory_score",0,"naive_memory"
"TCAACATTCTTCGCCCATCCCAAC-1","slingPseudotime_2",30.3239889062108,"CD8-41BB","aucell_cytotoxic_score",0.330349306652624,"cytotoxic"
"TCAACTAGTAAGTCGAATCCCAAC-1","slingPseudotime_1",13.9545170916663,"CD8-41BB","aucell_exhausted_score",0,"exhausted"
"TCAACTAGTAAGTCGAATCCCAAC-1","slingPseudotime_1",13.9545170916663,"CD8-41BB","aucell_proliferating_score",0,"proliferating"
"TCAACTAGTAAGTCGAATCCCAAC-1","slingPseudotime_1",13.9545170916663,"CD8-41BB","aucell_naive_memory_score",0,"naive_memory"
"TCAACTAGTAAGTCGAATCCCAAC-1","slingPseudotime_1",13.9545170916663,"CD8-41BB","aucell_cytotoxic_score",0.497981393715991,"cytotoxic"
"TCAACTAGTAAGTCGAATCCCAAC-1","slingPseudotime_2",14.7385058284498,"CD8-41BB","aucell_exhausted_score",0,"exhausted"
"TCAACTAGTAAGTCGAATCCCAAC-1","slingPseudotime_2",14.7385058284498,"CD8-41BB","aucell_proliferating_score",0,"proliferating"
"TCAACTAGTAAGTCGAATCCCAAC-1","slingPseudotime_2",14.7385058284498,"CD8-41BB","aucell_naive_memory_score",0,"naive_memory"
"TCAACTAGTAAGTCGAATCCCAAC-1","slingPseudotime_2",14.7385058284498,"CD8-41BB","aucell_cytotoxic_score",0.497981393715991,"cytotoxic"
"TCAACTAGTCCAATACATCCCAAC-1","slingPseudotime_1",24.5076291914607,"CD8-41BB","aucell_exhausted_score",0.156222573284185,"exhausted"
"TCAACTAGTCCAATACATCCCAAC-1","slingPseudotime_1",24.5076291914607,"CD8-41BB","aucell_proliferating_score",0,"proliferating"
"TCAACTAGTCCAATACATCCCAAC-1","slingPseudotime_1",24.5076291914607,"CD8-41BB","aucell_naive_memory_score",0,"naive_memory"
"TCAACTAGTCCAATACATCCCAAC-1","slingPseudotime_1",24.5076291914607,"CD8-41BB","aucell_cytotoxic_score",0.656485869756012,"cytotoxic"
"TCAACTAGTCCAATACATCCCAAC-1","slingPseudotime_2",25.7010131954171,"CD8-41BB","aucell_exhausted_score",0.156222573284185,"exhausted"
"TCAACTAGTCCAATACATCCCAAC-1","slingPseudotime_2",25.7010131954171,"CD8-41BB","aucell_proliferating_score",0,"proliferating"
"TCAACTAGTCCAATACATCCCAAC-1","slingPseudotime_2",25.7010131954171,"CD8-41BB","aucell_naive_memory_score",0,"naive_memory"
"TCAACTAGTCCAATACATCCCAAC-1","slingPseudotime_2",25.7010131954171,"CD8-41BB","aucell_cytotoxic_score",0.656485869756012,"cytotoxic"
"TCAACTGTCAAAGGGAATCCCAAC-1","slingPseudotime_1",18.1100737094698,"CD8-41BB","aucell_exhausted_score",0.159031068983676,"exhausted"
"TCAACTGTCAAAGGGAATCCCAAC-1","slingPseudotime_1",18.1100737094698,"CD8-41BB","aucell_proliferating_score",0,"proliferating"
"TCAACTGTCAAAGGGAATCCCAAC-1","slingPseudotime_1",18.1100737094698,"CD8-41BB","aucell_naive_memory_score",0.212631578947368,"naive_memory"
"TCAACTGTCAAAGGGAATCCCAAC-1","slingPseudotime_1",18.1100737094698,"CD8-41BB","aucell_cytotoxic_score",0.437774267158153,"cytotoxic"
"TCAACTGTCAAAGGGAATCCCAAC-1","slingPseudotime_2",41.0407675096712,"CD8-41BB","aucell_exhausted_score",0.159031068983676,"exhausted"
"TCAACTGTCAAAGGGAATCCCAAC-1","slingPseudotime_2",41.0407675096712,"CD8-41BB","aucell_proliferating_score",0,"proliferating"
"TCAACTGTCAAAGGGAATCCCAAC-1","slingPseudotime_2",41.0407675096712,"CD8-41BB","aucell_naive_memory_score",0.212631578947368,"naive_memory"
"TCAACTGTCAAAGGGAATCCCAAC-1","slingPseudotime_2",41.0407675096712,"CD8-41BB","aucell_cytotoxic_score",0.437774267158153,"cytotoxic"
"TCAACTGTCAGTAGCGATCCCAAC-1","slingPseudotime_1",14.9444531052648,"CD8-41BB","aucell_exhausted_score",0,"exhausted"
"TCAACTGTCAGTAGCGATCCCAAC-1","slingPseudotime_1",14.9444531052648,"CD8-41BB","aucell_proliferating_score",0,"proliferating"
"TCAACTGTCAGTAGCGATCCCAAC-1","slingPseudotime_1",14.9444531052648,"CD8-41BB","aucell_naive_memory_score",0.139157894736842,"naive_memory"
"TCAACTGTCAGTAGCGATCCCAAC-1","slingPseudotime_1",14.9444531052648,"CD8-41BB","aucell_cytotoxic_score",0.190977707565385,"cytotoxic"
"TCAACTGTCAGTAGCGATCCCAAC-1","slingPseudotime_2",15.6616528392942,"CD8-41BB","aucell_exhausted_score",0,"exhausted"
"TCAACTGTCAGTAGCGATCCCAAC-1","slingPseudotime_2",15.6616528392942,"CD8-41BB","aucell_proliferating_score",0,"proliferating"
"TCAACTGTCAGTAGCGATCCCAAC-1","slingPseudotime_2",15.6616528392942,"CD8-41BB","aucell_naive_memory_score",0.139157894736842,"naive_memory"
"TCAACTGTCAGTAGCGATCCCAAC-1","slingPseudotime_2",15.6616528392942,"CD8-41BB","aucell_cytotoxic_score",0.190977707565385,"cytotoxic"
"TCAAGCGAGGCTACTCATCCCAAC-1","slingPseudotime_1",24.6302435906928,"CD8-41BB","aucell_exhausted_score",0.319992978760751,"exhausted"
"TCAAGCGAGGCTACTCATCCCAAC-1","slingPseudotime_1",24.6302435906928,"CD8-41BB","aucell_proliferating_score",0,"proliferating"
"TCAAGCGAGGCTACTCATCCCAAC-1","slingPseudotime_1",24.6302435906928,"CD8-41BB","aucell_naive_memory_score",0.0513684210526316,"naive_memory"
"TCAAGCGAGGCTACTCATCCCAAC-1","slingPseudotime_1",24.6302435906928,"CD8-41BB","aucell_cytotoxic_score",0.30753027909426,"cytotoxic"
"TCAAGCGAGGCTACTCATCCCAAC-1","slingPseudotime_2",25.4592394379617,"CD8-41BB","aucell_exhausted_score",0.319992978760751,"exhausted"
"TCAAGCGAGGCTACTCATCCCAAC-1","slingPseudotime_2",25.4592394379617,"CD8-41BB","aucell_proliferating_score",0,"proliferating"
"TCAAGCGAGGCTACTCATCCCAAC-1","slingPseudotime_2",25.4592394379617,"CD8-41BB","aucell_naive_memory_score",0.0513684210526316,"naive_memory"
"TCAAGCGAGGCTACTCATCCCAAC-1","slingPseudotime_2",25.4592394379617,"CD8-41BB","aucell_cytotoxic_score",0.30753027909426,"cytotoxic"
"TCAAGTTTCCAACATTATCCCAAC-1","slingPseudotime_1",6.95960819078612,"CD8-41BB","aucell_exhausted_score",0.204669124100404,"exhausted"
"TCAAGTTTCCAACATTATCCCAAC-1","slingPseudotime_1",6.95960819078612,"CD8-41BB","aucell_proliferating_score",0,"proliferating"
"TCAAGTTTCCAACATTATCCCAAC-1","slingPseudotime_1",6.95960819078612,"CD8-41BB","aucell_naive_memory_score",0.355157894736842,"naive_memory"
"TCAAGTTTCCAACATTATCCCAAC-1","slingPseudotime_1",6.95960819078612,"CD8-41BB","aucell_cytotoxic_score",0.300509039845533,"cytotoxic"
"TCAAGTTTCCAACATTATCCCAAC-1","slingPseudotime_2",7.62380547193344,"CD8-41BB","aucell_exhausted_score",0.204669124100404,"exhausted"
"TCAAGTTTCCAACATTATCCCAAC-1","slingPseudotime_2",7.62380547193344,"CD8-41BB","aucell_proliferating_score",0,"proliferating"
"TCAAGTTTCCAACATTATCCCAAC-1","slingPseudotime_2",7.62380547193344,"CD8-41BB","aucell_naive_memory_score",0.355157894736842,"naive_memory"
"TCAAGTTTCCAACATTATCCCAAC-1","slingPseudotime_2",7.62380547193344,"CD8-41BB","aucell_cytotoxic_score",0.300509039845533,"cytotoxic"
"TCAATCTAGGTGAGGGATCCCAAC-1","slingPseudotime_1",15.1795331758847,"CD8-41BB","aucell_exhausted_score",0.167105494119712,"exhausted"
"TCAATCTAGGTGAGGGATCCCAAC-1","slingPseudotime_1",15.1795331758847,"CD8-41BB","aucell_proliferating_score",0,"proliferating"
"TCAATCTAGGTGAGGGATCCCAAC-1","slingPseudotime_1",15.1795331758847,"CD8-41BB","aucell_naive_memory_score",0.199157894736842,"naive_memory"
"TCAATCTAGGTGAGGGATCCCAAC-1","slingPseudotime_1",15.1795331758847,"CD8-41BB","aucell_cytotoxic_score",0.138142882218712,"cytotoxic"
"TCAATCTAGGTGAGGGATCCCAAC-1","slingPseudotime_2",15.9403164207399,"CD8-41BB","aucell_exhausted_score",0.167105494119712,"exhausted"
"TCAATCTAGGTGAGGGATCCCAAC-1","slingPseudotime_2",15.9403164207399,"CD8-41BB","aucell_proliferating_score",0,"proliferating"
"TCAATCTAGGTGAGGGATCCCAAC-1","slingPseudotime_2",15.9403164207399,"CD8-41BB","aucell_naive_memory_score",0.199157894736842,"naive_memory"
"TCAATCTAGGTGAGGGATCCCAAC-1","slingPseudotime_2",15.9403164207399,"CD8-41BB","aucell_cytotoxic_score",0.138142882218712,"cytotoxic"
"TCAATGGCAATGGGAGATCCCAAC-1","slingPseudotime_1",14.3421059049982,"CD8-41BB","aucell_exhausted_score",0.0784623486045287,"exhausted"
"TCAATGGCAATGGGAGATCCCAAC-1","slingPseudotime_1",14.3421059049982,"CD8-41BB","aucell_proliferating_score",0,"proliferating"
"TCAATGGCAATGGGAGATCCCAAC-1","slingPseudotime_1",14.3421059049982,"CD8-41BB","aucell_naive_memory_score",0,"naive_memory"
"TCAATGGCAATGGGAGATCCCAAC-1","slingPseudotime_1",14.3421059049982,"CD8-41BB","aucell_cytotoxic_score",0.235387045813586,"cytotoxic"
"TCAATGGCAATGGGAGATCCCAAC-1","slingPseudotime_2",15.0694684687083,"CD8-41BB","aucell_exhausted_score",0.0784623486045287,"exhausted"
"TCAATGGCAATGGGAGATCCCAAC-1","slingPseudotime_2",15.0694684687083,"CD8-41BB","aucell_proliferating_score",0,"proliferating"
"TCAATGGCAATGGGAGATCCCAAC-1","slingPseudotime_2",15.0694684687083,"CD8-41BB","aucell_naive_memory_score",0,"naive_memory"
"TCAATGGCAATGGGAGATCCCAAC-1","slingPseudotime_2",15.0694684687083,"CD8-41BB","aucell_cytotoxic_score",0.235387045813586,"cytotoxic"
"TCAATGTTCCAGGAATATCCCAAC-1","slingPseudotime_1",10.7491922134345,"CD8-41BB","aucell_exhausted_score",0,"exhausted"
"TCAATGTTCCAGGAATATCCCAAC-1","slingPseudotime_1",10.7491922134345,"CD8-41BB","aucell_proliferating_score",0,"proliferating"
"TCAATGTTCCAGGAATATCCCAAC-1","slingPseudotime_1",10.7491922134345,"CD8-41BB","aucell_naive_memory_score",0.461052631578947,"naive_memory"
"TCAATGTTCCAGGAATATCCCAAC-1","slingPseudotime_1",10.7491922134345,"CD8-41BB","aucell_cytotoxic_score",0.037037037037037,"cytotoxic"
"TCAATGTTCCAGGAATATCCCAAC-1","slingPseudotime_2",11.609845586033,"CD8-41BB","aucell_exhausted_score",0,"exhausted"
"TCAATGTTCCAGGAATATCCCAAC-1","slingPseudotime_2",11.609845586033,"CD8-41BB","aucell_proliferating_score",0,"proliferating"
"TCAATGTTCCAGGAATATCCCAAC-1","slingPseudotime_2",11.609845586033,"CD8-41BB","aucell_naive_memory_score",0.461052631578947,"naive_memory"
"TCAATGTTCCAGGAATATCCCAAC-1","slingPseudotime_2",11.609845586033,"CD8-41BB","aucell_cytotoxic_score",0.037037037037037,"cytotoxic"
"TCAATGTTCTATTGGTATCCCAAC-1","slingPseudotime_1",25.1576494339571,"CD8-41BB","aucell_exhausted_score",0.178866069861331,"exhausted"
"TCAATGTTCTATTGGTATCCCAAC-1","slingPseudotime_1",25.1576494339571,"CD8-41BB","aucell_proliferating_score",0,"proliferating"
"TCAATGTTCTATTGGTATCCCAAC-1","slingPseudotime_1",25.1576494339571,"CD8-41BB","aucell_naive_memory_score",0.164210526315789,"naive_memory"
"TCAATGTTCTATTGGTATCCCAAC-1","slingPseudotime_1",25.1576494339571,"CD8-41BB","aucell_cytotoxic_score",0.349657714586625,"cytotoxic"
"TCAATGTTCTATTGGTATCCCAAC-1","slingPseudotime_2",26.1026698853294,"CD8-41BB","aucell_exhausted_score",0.178866069861331,"exhausted"
"TCAATGTTCTATTGGTATCCCAAC-1","slingPseudotime_2",26.1026698853294,"CD8-41BB","aucell_proliferating_score",0,"proliferating"
"TCAATGTTCTATTGGTATCCCAAC-1","slingPseudotime_2",26.1026698853294,"CD8-41BB","aucell_naive_memory_score",0.164210526315789,"naive_memory"
"TCAATGTTCTATTGGTATCCCAAC-1","slingPseudotime_2",26.1026698853294,"CD8-41BB","aucell_cytotoxic_score",0.349657714586625,"cytotoxic"
"TCAATTGGTAGCCACCATCCCAAC-1","slingPseudotime_1",26.9234855553288,"CD8-41BB","aucell_exhausted_score",0.0882920835527471,"exhausted"
"TCAATTGGTAGCCACCATCCCAAC-1","slingPseudotime_1",26.9234855553288,"CD8-41BB","aucell_proliferating_score",0.0223157894736842,"proliferating"
"TCAATTGGTAGCCACCATCCCAAC-1","slingPseudotime_1",26.9234855553288,"CD8-41BB","aucell_naive_memory_score",0.364421052631579,"naive_memory"
"TCAATTGGTAGCCACCATCCCAAC-1","slingPseudotime_1",26.9234855553288,"CD8-41BB","aucell_cytotoxic_score",0.12181850096542,"cytotoxic"
"TCAATTGGTAGCCACCATCCCAAC-1","slingPseudotime_2",26.2089847355456,"CD8-41BB","aucell_exhausted_score",0.0882920835527471,"exhausted"
"TCAATTGGTAGCCACCATCCCAAC-1","slingPseudotime_2",26.2089847355456,"CD8-41BB","aucell_proliferating_score",0.0223157894736842,"proliferating"
"TCAATTGGTAGCCACCATCCCAAC-1","slingPseudotime_2",26.2089847355456,"CD8-41BB","aucell_naive_memory_score",0.364421052631579,"naive_memory"
"TCAATTGGTAGCCACCATCCCAAC-1","slingPseudotime_2",26.2089847355456,"CD8-41BB","aucell_cytotoxic_score",0.12181850096542,"cytotoxic"
"TCACCCACAAGGGTCTATCCCAAC-1","slingPseudotime_1",18.3286811695414,"CD8-41BB","aucell_exhausted_score",0.101281376162893,"exhausted"
"TCACCCACAAGGGTCTATCCCAAC-1","slingPseudotime_1",18.3286811695414,"CD8-41BB","aucell_proliferating_score",0,"proliferating"
"TCACCCACAAGGGTCTATCCCAAC-1","slingPseudotime_1",18.3286811695414,"CD8-41BB","aucell_naive_memory_score",0,"naive_memory"
"TCACCCACAAGGGTCTATCCCAAC-1","slingPseudotime_1",18.3286811695414,"CD8-41BB","aucell_cytotoxic_score",0.333157802352115,"cytotoxic"
"TCACCCACAAGGGTCTATCCCAAC-1","slingPseudotime_2",19.9362501054289,"CD8-41BB","aucell_exhausted_score",0.101281376162893,"exhausted"
"TCACCCACAAGGGTCTATCCCAAC-1","slingPseudotime_2",19.9362501054289,"CD8-41BB","aucell_proliferating_score",0,"proliferating"
"TCACCCACAAGGGTCTATCCCAAC-1","slingPseudotime_2",19.9362501054289,"CD8-41BB","aucell_naive_memory_score",0,"naive_memory"
"TCACCCACAAGGGTCTATCCCAAC-1","slingPseudotime_2",19.9362501054289,"CD8-41BB","aucell_cytotoxic_score",0.333157802352115,"cytotoxic"
"TCACCCTGTCCCTCTGATCCCAAC-1","slingPseudotime_1",25.1431140138939,"CD8-41BB","aucell_exhausted_score",0.555204493593119,"exhausted"
"TCACCCTGTCCCTCTGATCCCAAC-1","slingPseudotime_1",25.1431140138939,"CD8-41BB","aucell_proliferating_score",0.0364210526315789,"proliferating"
"TCACCCTGTCCCTCTGATCCCAAC-1","slingPseudotime_1",25.1431140138939,"CD8-41BB","aucell_naive_memory_score",0.0656842105263158,"naive_memory"
"TCACCCTGTCCCTCTGATCCCAAC-1","slingPseudotime_1",25.1431140138939,"CD8-41BB","aucell_cytotoxic_score",0.487274003861682,"cytotoxic"
"TCACCCTGTCCCTCTGATCCCAAC-1","slingPseudotime_2",24.7600028764503,"CD8-41BB","aucell_exhausted_score",0.555204493593119,"exhausted"
"TCACCCTGTCCCTCTGATCCCAAC-1","slingPseudotime_2",24.7600028764503,"CD8-41BB","aucell_proliferating_score",0.0364210526315789,"proliferating"
"TCACCCTGTCCCTCTGATCCCAAC-1","slingPseudotime_2",24.7600028764503,"CD8-41BB","aucell_naive_memory_score",0.0656842105263158,"naive_memory"
"TCACCCTGTCCCTCTGATCCCAAC-1","slingPseudotime_2",24.7600028764503,"CD8-41BB","aucell_cytotoxic_score",0.487274003861682,"cytotoxic"
"TCACCTAAGGGTTACGATCCCAAC-1","slingPseudotime_1",16.4440417714172,"CD8-41BB","aucell_exhausted_score",0,"exhausted"
"TCACCTAAGGGTTACGATCCCAAC-1","slingPseudotime_1",16.4440417714172,"CD8-41BB","aucell_proliferating_score",0,"proliferating"
"TCACCTAAGGGTTACGATCCCAAC-1","slingPseudotime_1",16.4440417714172,"CD8-41BB","aucell_naive_memory_score",0,"naive_memory"
"TCACCTAAGGGTTACGATCCCAAC-1","slingPseudotime_1",16.4440417714172,"CD8-41BB","aucell_cytotoxic_score",0.488502720730209,"cytotoxic"
"TCACCTAAGGGTTACGATCCCAAC-1","slingPseudotime_2",17.8219159785999,"CD8-41BB","aucell_exhausted_score",0,"exhausted"
"TCACCTAAGGGTTACGATCCCAAC-1","slingPseudotime_2",17.8219159785999,"CD8-41BB","aucell_proliferating_score",0,"proliferating"
"TCACCTAAGGGTTACGATCCCAAC-1","slingPseudotime_2",17.8219159785999,"CD8-41BB","aucell_naive_memory_score",0,"naive_memory"
"TCACCTAAGGGTTACGATCCCAAC-1","slingPseudotime_2",17.8219159785999,"CD8-41BB","aucell_cytotoxic_score",0.488502720730209,"cytotoxic"
"TCACGTTCATGCTCCAATCCCAAC-1","slingPseudotime_1",17.1197620418731,"CD8-41BB","aucell_exhausted_score",0,"exhausted"
"TCACGTTCATGCTCCAATCCCAAC-1","slingPseudotime_1",17.1197620418731,"CD8-41BB","aucell_proliferating_score",0,"proliferating"
"TCACGTTCATGCTCCAATCCCAAC-1","slingPseudotime_1",17.1197620418731,"CD8-41BB","aucell_naive_memory_score",0.172210526315789,"naive_memory"
"TCACGTTCATGCTCCAATCCCAAC-1","slingPseudotime_1",17.1197620418731,"CD8-41BB","aucell_cytotoxic_score",0.245041249780586,"cytotoxic"
"TCACGTTCATGCTCCAATCCCAAC-1","slingPseudotime_2",18.0946634046501,"CD8-41BB","aucell_exhausted_score",0,"exhausted"
"TCACGTTCATGCTCCAATCCCAAC-1","slingPseudotime_2",18.0946634046501,"CD8-41BB","aucell_proliferating_score",0,"proliferating"
"TCACGTTCATGCTCCAATCCCAAC-1","slingPseudotime_2",18.0946634046501,"CD8-41BB","aucell_naive_memory_score",0.172210526315789,"naive_memory"
"TCACGTTCATGCTCCAATCCCAAC-1","slingPseudotime_2",18.0946634046501,"CD8-41BB","aucell_cytotoxic_score",0.245041249780586,"cytotoxic"
"TCACTGTCAAGGCGTTATCCCAAC-1","slingPseudotime_1",23.2946142086638,"CD8-41BB","aucell_exhausted_score",0.545374758644901,"exhausted"
"TCACTGTCAAGGCGTTATCCCAAC-1","slingPseudotime_1",23.2946142086638,"CD8-41BB","aucell_proliferating_score",0,"proliferating"
"TCACTGTCAAGGCGTTATCCCAAC-1","slingPseudotime_1",23.2946142086638,"CD8-41BB","aucell_naive_memory_score",0,"naive_memory"
"TCACTGTCAAGGCGTTATCCCAAC-1","slingPseudotime_1",23.2946142086638,"CD8-41BB","aucell_cytotoxic_score",0.769878883622959,"cytotoxic"
"TCACTGTCAAGGCGTTATCCCAAC-1","slingPseudotime_2",24.7688158644088,"CD8-41BB","aucell_exhausted_score",0.545374758644901,"exhausted"
"TCACTGTCAAGGCGTTATCCCAAC-1","slingPseudotime_2",24.7688158644088,"CD8-41BB","aucell_proliferating_score",0,"proliferating"
"TCACTGTCAAGGCGTTATCCCAAC-1","slingPseudotime_2",24.7688158644088,"CD8-41BB","aucell_naive_memory_score",0,"naive_memory"
"TCACTGTCAAGGCGTTATCCCAAC-1","slingPseudotime_2",24.7688158644088,"CD8-41BB","aucell_cytotoxic_score",0.769878883622959,"cytotoxic"
"TCAGGCAAGATGAACCATCCCAAC-1","slingPseudotime_1",21.860081573711,"CD8-41BB","aucell_exhausted_score",0.346322625943479,"exhausted"
"TCAGGCAAGATGAACCATCCCAAC-1","slingPseudotime_1",21.860081573711,"CD8-41BB","aucell_proliferating_score",0.0589473684210526,"proliferating"
"TCAGGCAAGATGAACCATCCCAAC-1","slingPseudotime_1",21.860081573711,"CD8-41BB","aucell_naive_memory_score",0,"naive_memory"
"TCAGGCAAGATGAACCATCCCAAC-1","slingPseudotime_1",21.860081573711,"CD8-41BB","aucell_cytotoxic_score",0.488502720730209,"cytotoxic"
"TCAGGCAAGATGAACCATCCCAAC-1","slingPseudotime_2",23.8558146322159,"CD8-41BB","aucell_exhausted_score",0.346322625943479,"exhausted"
"TCAGGCAAGATGAACCATCCCAAC-1","slingPseudotime_2",23.8558146322159,"CD8-41BB","aucell_proliferating_score",0.0589473684210526,"proliferating"
"TCAGGCAAGATGAACCATCCCAAC-1","slingPseudotime_2",23.8558146322159,"CD8-41BB","aucell_naive_memory_score",0,"naive_memory"
"TCAGGCAAGATGAACCATCCCAAC-1","slingPseudotime_2",23.8558146322159,"CD8-41BB","aucell_cytotoxic_score",0.488502720730209,"cytotoxic"
"TCAGGCAAGGCCTCTGATCCCAAC-1","slingPseudotime_1",15.095821723289,"CD8-41BB","aucell_exhausted_score",0.145866245392312,"exhausted"
"TCAGGCAAGGCCTCTGATCCCAAC-1","slingPseudotime_1",15.095821723289,"CD8-41BB","aucell_proliferating_score",0,"proliferating"
"TCAGGCAAGGCCTCTGATCCCAAC-1","slingPseudotime_1",15.095821723289,"CD8-41BB","aucell_naive_memory_score",0.230105263157895,"naive_memory"
"TCAGGCAAGGCCTCTGATCCCAAC-1","slingPseudotime_1",15.095821723289,"CD8-41BB","aucell_cytotoxic_score",0.211690363349131,"cytotoxic"
"TCAGGCAAGGCCTCTGATCCCAAC-1","slingPseudotime_2",16.0117732917391,"CD8-41BB","aucell_exhausted_score",0.145866245392312,"exhausted"
"TCAGGCAAGGCCTCTGATCCCAAC-1","slingPseudotime_2",16.0117732917391,"CD8-41BB","aucell_proliferating_score",0,"proliferating"
"TCAGGCAAGGCCTCTGATCCCAAC-1","slingPseudotime_2",16.0117732917391,"CD8-41BB","aucell_naive_memory_score",0.230105263157895,"naive_memory"
"TCAGGCAAGGCCTCTGATCCCAAC-1","slingPseudotime_2",16.0117732917391,"CD8-41BB","aucell_cytotoxic_score",0.211690363349131,"cytotoxic"
"TCAGGCTTCTAGCCTAATCCCAAC-1","slingPseudotime_1",13.6882733474953,"CD8-41BB","aucell_exhausted_score",0.152711953659821,"exhausted"
"TCAGGCTTCTAGCCTAATCCCAAC-1","slingPseudotime_1",13.6882733474953,"CD8-41BB","aucell_proliferating_score",0,"proliferating"
"TCAGGCTTCTAGCCTAATCCCAAC-1","slingPseudotime_1",13.6882733474953,"CD8-41BB","aucell_naive_memory_score",0.0877894736842105,"naive_memory"
"TCAGGCTTCTAGCCTAATCCCAAC-1","slingPseudotime_1",13.6882733474953,"CD8-41BB","aucell_cytotoxic_score",0.446901878181499,"cytotoxic"
"TCAGGCTTCTAGCCTAATCCCAAC-1","slingPseudotime_2",14.3896053061199,"CD8-41BB","aucell_exhausted_score",0.152711953659821,"exhausted"
"TCAGGCTTCTAGCCTAATCCCAAC-1","slingPseudotime_2",14.3896053061199,"CD8-41BB","aucell_proliferating_score",0,"proliferating"
"TCAGGCTTCTAGCCTAATCCCAAC-1","slingPseudotime_2",14.3896053061199,"CD8-41BB","aucell_naive_memory_score",0.0877894736842105,"naive_memory"
"TCAGGCTTCTAGCCTAATCCCAAC-1","slingPseudotime_2",14.3896053061199,"CD8-41BB","aucell_cytotoxic_score",0.446901878181499,"cytotoxic"
"TCAGGTTGTCTACCAGATCCCAAC-1","slingPseudotime_1",10.6802471304924,"CD8-41BB","aucell_exhausted_score",0,"exhausted"
"TCAGGTTGTCTACCAGATCCCAAC-1","slingPseudotime_1",10.6802471304924,"CD8-41BB","aucell_proliferating_score",0,"proliferating"
"TCAGGTTGTCTACCAGATCCCAAC-1","slingPseudotime_1",10.6802471304924,"CD8-41BB","aucell_naive_memory_score",0.355368421052632,"naive_memory"
"TCAGGTTGTCTACCAGATCCCAAC-1","slingPseudotime_1",10.6802471304924,"CD8-41BB","aucell_cytotoxic_score",0.28629103036686,"cytotoxic"
"TCAGGTTGTCTACCAGATCCCAAC-1","slingPseudotime_2",11.4570637388992,"CD8-41BB","aucell_exhausted_score",0,"exhausted"
"TCAGGTTGTCTACCAGATCCCAAC-1","slingPseudotime_2",11.4570637388992,"CD8-41BB","aucell_proliferating_score",0,"proliferating"
"TCAGGTTGTCTACCAGATCCCAAC-1","slingPseudotime_2",11.4570637388992,"CD8-41BB","aucell_naive_memory_score",0.355368421052632,"naive_memory"
"TCAGGTTGTCTACCAGATCCCAAC-1","slingPseudotime_2",11.4570637388992,"CD8-41BB","aucell_cytotoxic_score",0.28629103036686,"cytotoxic"
"TCAGGTTGTTGTTTAGATCCCAAC-1","slingPseudotime_1",6.79848574523083,"CD8-41BB","aucell_exhausted_score",0,"exhausted"
"TCAGGTTGTTGTTTAGATCCCAAC-1","slingPseudotime_1",6.79848574523083,"CD8-41BB","aucell_proliferating_score",0,"proliferating"
"TCAGGTTGTTGTTTAGATCCCAAC-1","slingPseudotime_1",6.79848574523083,"CD8-41BB","aucell_naive_memory_score",0.431157894736842,"naive_memory"
"TCAGGTTGTTGTTTAGATCCCAAC-1","slingPseudotime_1",6.79848574523083,"CD8-41BB","aucell_cytotoxic_score",0,"cytotoxic"
"TCAGGTTGTTGTTTAGATCCCAAC-1","slingPseudotime_2",7.4553396966913,"CD8-41BB","aucell_exhausted_score",0,"exhausted"
"TCAGGTTGTTGTTTAGATCCCAAC-1","slingPseudotime_2",7.4553396966913,"CD8-41BB","aucell_proliferating_score",0,"proliferating"
"TCAGGTTGTTGTTTAGATCCCAAC-1","slingPseudotime_2",7.4553396966913,"CD8-41BB","aucell_naive_memory_score",0.431157894736842,"naive_memory"
"TCAGGTTGTTGTTTAGATCCCAAC-1","slingPseudotime_2",7.4553396966913,"CD8-41BB","aucell_cytotoxic_score",0,"cytotoxic"
"TCATGAGCACAACATGATCCCAAC-1","slingPseudotime_1",16.6001259440653,"CD8-41BB","aucell_exhausted_score",0.257328418465859,"exhausted"
"TCATGAGCACAACATGATCCCAAC-1","slingPseudotime_1",16.6001259440653,"CD8-41BB","aucell_proliferating_score",0,"proliferating"
"TCATGAGCACAACATGATCCCAAC-1","slingPseudotime_1",16.6001259440653,"CD8-41BB","aucell_naive_memory_score",0,"naive_memory"
"TCATGAGCACAACATGATCCCAAC-1","slingPseudotime_1",16.6001259440653,"CD8-41BB","aucell_cytotoxic_score",0.561172546954537,"cytotoxic"
"TCATGAGCACAACATGATCCCAAC-1","slingPseudotime_2",17.8219159785999,"CD8-41BB","aucell_exhausted_score",0.257328418465859,"exhausted"
"TCATGAGCACAACATGATCCCAAC-1","slingPseudotime_2",17.8219159785999,"CD8-41BB","aucell_proliferating_score",0,"proliferating"
"TCATGAGCACAACATGATCCCAAC-1","slingPseudotime_2",17.8219159785999,"CD8-41BB","aucell_naive_memory_score",0,"naive_memory"
"TCATGAGCACAACATGATCCCAAC-1","slingPseudotime_2",17.8219159785999,"CD8-41BB","aucell_cytotoxic_score",0.561172546954537,"cytotoxic"
"TCATTTGCATTTGTTGATCCCAAC-1","slingPseudotime_1",25.1576494339571,"CD8-41BB","aucell_exhausted_score",0,"exhausted"
"TCATTTGCATTTGTTGATCCCAAC-1","slingPseudotime_1",25.1576494339571,"CD8-41BB","aucell_proliferating_score",0,"proliferating"
"TCATTTGCATTTGTTGATCCCAAC-1","slingPseudotime_1",25.1576494339571,"CD8-41BB","aucell_naive_memory_score",0.105684210526316,"naive_memory"
"TCATTTGCATTTGTTGATCCCAAC-1","slingPseudotime_1",25.1576494339571,"CD8-41BB","aucell_cytotoxic_score",0.313673863436897,"cytotoxic"
"TCATTTGCATTTGTTGATCCCAAC-1","slingPseudotime_2",28.5521991904172,"CD8-41BB","aucell_exhausted_score",0,"exhausted"
"TCATTTGCATTTGTTGATCCCAAC-1","slingPseudotime_2",28.5521991904172,"CD8-41BB","aucell_proliferating_score",0,"proliferating"
"TCATTTGCATTTGTTGATCCCAAC-1","slingPseudotime_2",28.5521991904172,"CD8-41BB","aucell_naive_memory_score",0.105684210526316,"naive_memory"
"TCATTTGCATTTGTTGATCCCAAC-1","slingPseudotime_2",28.5521991904172,"CD8-41BB","aucell_cytotoxic_score",0.313673863436897,"cytotoxic"
"TCCAATAGTCCTTCGTATCCCAAC-1","slingPseudotime_1",16.4440417714172,"CD8-41BB","aucell_exhausted_score",0.287519747235387,"exhausted"
"TCCAATAGTCCTTCGTATCCCAAC-1","slingPseudotime_1",16.4440417714172,"CD8-41BB","aucell_proliferating_score",0,"proliferating"
"TCCAATAGTCCTTCGTATCCCAAC-1","slingPseudotime_1",16.4440417714172,"CD8-41BB","aucell_naive_memory_score",0,"naive_memory"
"TCCAATAGTCCTTCGTATCCCAAC-1","slingPseudotime_1",16.4440417714172,"CD8-41BB","aucell_cytotoxic_score",0.127259961383184,"cytotoxic"
"TCCAATAGTCCTTCGTATCCCAAC-1","slingPseudotime_2",17.5488181743554,"CD8-41BB","aucell_exhausted_score",0.287519747235387,"exhausted"
"TCCAATAGTCCTTCGTATCCCAAC-1","slingPseudotime_2",17.5488181743554,"CD8-41BB","aucell_proliferating_score",0,"proliferating"
"TCCAATAGTCCTTCGTATCCCAAC-1","slingPseudotime_2",17.5488181743554,"CD8-41BB","aucell_naive_memory_score",0,"naive_memory"
"TCCAATAGTCCTTCGTATCCCAAC-1","slingPseudotime_2",17.5488181743554,"CD8-41BB","aucell_cytotoxic_score",0.127259961383184,"cytotoxic"
"TCCATTACATTCTGTAATCCCAAC-1","slingPseudotime_1",17.1197620418731,"CD8-41BB","aucell_exhausted_score",0.30753027909426,"exhausted"
"TCCATTACATTCTGTAATCCCAAC-1","slingPseudotime_1",17.1197620418731,"CD8-41BB","aucell_proliferating_score",0,"proliferating"
"TCCATTACATTCTGTAATCCCAAC-1","slingPseudotime_1",17.1197620418731,"CD8-41BB","aucell_naive_memory_score",0,"naive_memory"
"TCCATTACATTCTGTAATCCCAAC-1","slingPseudotime_1",17.1197620418731,"CD8-41BB","aucell_cytotoxic_score",0.183605406354222,"cytotoxic"
"TCCATTACATTCTGTAATCCCAAC-1","slingPseudotime_2",18.6897183486278,"CD8-41BB","aucell_exhausted_score",0.30753027909426,"exhausted"
"TCCATTACATTCTGTAATCCCAAC-1","slingPseudotime_2",18.6897183486278,"CD8-41BB","aucell_proliferating_score",0,"proliferating"
"TCCATTACATTCTGTAATCCCAAC-1","slingPseudotime_2",18.6897183486278,"CD8-41BB","aucell_naive_memory_score",0,"naive_memory"
"TCCATTACATTCTGTAATCCCAAC-1","slingPseudotime_2",18.6897183486278,"CD8-41BB","aucell_cytotoxic_score",0.183605406354222,"cytotoxic"
"TCCCGTTGTACGGGCAATCCCAAC-1","slingPseudotime_1",19.4129834693011,"CD8-41BB","aucell_exhausted_score",0.067403896787783,"exhausted"
"TCCCGTTGTACGGGCAATCCCAAC-1","slingPseudotime_1",19.4129834693011,"CD8-41BB","aucell_proliferating_score",0,"proliferating"
"TCCCGTTGTACGGGCAATCCCAAC-1","slingPseudotime_1",19.4129834693011,"CD8-41BB","aucell_naive_memory_score",0.254526315789474,"naive_memory"
"TCCCGTTGTACGGGCAATCCCAAC-1","slingPseudotime_1",19.4129834693011,"CD8-41BB","aucell_cytotoxic_score",0.166227839213621,"cytotoxic"
"TCCCGTTGTACGGGCAATCCCAAC-1","slingPseudotime_2",28.7577689345753,"CD8-41BB","aucell_exhausted_score",0.067403896787783,"exhausted"
"TCCCGTTGTACGGGCAATCCCAAC-1","slingPseudotime_2",28.7577689345753,"CD8-41BB","aucell_proliferating_score",0,"proliferating"
"TCCCGTTGTACGGGCAATCCCAAC-1","slingPseudotime_2",28.7577689345753,"CD8-41BB","aucell_naive_memory_score",0.254526315789474,"naive_memory"
"TCCCGTTGTACGGGCAATCCCAAC-1","slingPseudotime_2",28.7577689345753,"CD8-41BB","aucell_cytotoxic_score",0.166227839213621,"cytotoxic"
"TCCCTCATCATTAGCTATCCCAAC-1","slingPseudotime_1",17.1197620418731,"CD8-41BB","aucell_exhausted_score",0.246972090573986,"exhausted"
"TCCCTCATCATTAGCTATCCCAAC-1","slingPseudotime_1",17.1197620418731,"CD8-41BB","aucell_proliferating_score",0,"proliferating"
"TCCCTCATCATTAGCTATCCCAAC-1","slingPseudotime_1",17.1197620418731,"CD8-41BB","aucell_naive_memory_score",0,"naive_memory"
"TCCCTCATCATTAGCTATCCCAAC-1","slingPseudotime_1",17.1197620418731,"CD8-41BB","aucell_cytotoxic_score",0.491837809373354,"cytotoxic"
"TCCCTCATCATTAGCTATCCCAAC-1","slingPseudotime_2",18.3695746692944,"CD8-41BB","aucell_exhausted_score",0.246972090573986,"exhausted"
"TCCCTCATCATTAGCTATCCCAAC-1","slingPseudotime_2",18.3695746692944,"CD8-41BB","aucell_proliferating_score",0,"proliferating"
"TCCCTCATCATTAGCTATCCCAAC-1","slingPseudotime_2",18.3695746692944,"CD8-41BB","aucell_naive_memory_score",0,"naive_memory"
"TCCCTCATCATTAGCTATCCCAAC-1","slingPseudotime_2",18.3695746692944,"CD8-41BB","aucell_cytotoxic_score",0.491837809373354,"cytotoxic"
"TCCTGGTAGTGCTGAGATCCCAAC-1","slingPseudotime_1",15.7694742383705,"CD8-41BB","aucell_exhausted_score",0.164472529401439,"exhausted"
"TCCTGGTAGTGCTGAGATCCCAAC-1","slingPseudotime_1",15.7694742383705,"CD8-41BB","aucell_proliferating_score",0,"proliferating"
"TCCTGGTAGTGCTGAGATCCCAAC-1","slingPseudotime_1",15.7694742383705,"CD8-41BB","aucell_naive_memory_score",0,"naive_memory"
"TCCTGGTAGTGCTGAGATCCCAAC-1","slingPseudotime_1",15.7694742383705,"CD8-41BB","aucell_cytotoxic_score",0.325434439178515,"cytotoxic"
"TCCTGGTAGTGCTGAGATCCCAAC-1","slingPseudotime_2",16.7248049354592,"CD8-41BB","aucell_exhausted_score",0.164472529401439,"exhausted"
"TCCTGGTAGTGCTGAGATCCCAAC-1","slingPseudotime_2",16.7248049354592,"CD8-41BB","aucell_proliferating_score",0,"proliferating"
"TCCTGGTAGTGCTGAGATCCCAAC-1","slingPseudotime_2",16.7248049354592,"CD8-41BB","aucell_naive_memory_score",0,"naive_memory"
"TCCTGGTAGTGCTGAGATCCCAAC-1","slingPseudotime_2",16.7248049354592,"CD8-41BB","aucell_cytotoxic_score",0.325434439178515,"cytotoxic"
"TCCTTGAAGCCCGTTGATCCCAAC-1","slingPseudotime_1",15.095821723289,"CD8-41BB","aucell_exhausted_score",0,"exhausted"
"TCCTTGAAGCCCGTTGATCCCAAC-1","slingPseudotime_1",15.095821723289,"CD8-41BB","aucell_proliferating_score",0,"proliferating"
"TCCTTGAAGCCCGTTGATCCCAAC-1","slingPseudotime_1",15.095821723289,"CD8-41BB","aucell_naive_memory_score",0,"naive_memory"
"TCCTTGAAGCCCGTTGATCCCAAC-1","slingPseudotime_1",15.095821723289,"CD8-41BB","aucell_cytotoxic_score",0.498156924697209,"cytotoxic"
"TCCTTGAAGCCCGTTGATCCCAAC-1","slingPseudotime_2",16.0265663695642,"CD8-41BB","aucell_exhausted_score",0,"exhausted"
"TCCTTGAAGCCCGTTGATCCCAAC-1","slingPseudotime_2",16.0265663695642,"CD8-41BB","aucell_proliferating_score",0,"proliferating"
"TCCTTGAAGCCCGTTGATCCCAAC-1","slingPseudotime_2",16.0265663695642,"CD8-41BB","aucell_naive_memory_score",0,"naive_memory"
"TCCTTGAAGCCCGTTGATCCCAAC-1","slingPseudotime_2",16.0265663695642,"CD8-41BB","aucell_cytotoxic_score",0.498156924697209,"cytotoxic"
"TCCTTGAAGGAACCGCATCCCAAC-1","slingPseudotime_1",15.9215430866609,"CD8-41BB","aucell_exhausted_score",0.0786378795857469,"exhausted"
"TCCTTGAAGGAACCGCATCCCAAC-1","slingPseudotime_1",15.9215430866609,"CD8-41BB","aucell_proliferating_score",0,"proliferating"
"TCCTTGAAGGAACCGCATCCCAAC-1","slingPseudotime_1",15.9215430866609,"CD8-41BB","aucell_naive_memory_score",0.240210526315789,"naive_memory"
"TCCTTGAAGGAACCGCATCCCAAC-1","slingPseudotime_1",15.9215430866609,"CD8-41BB","aucell_cytotoxic_score",0.179392662804985,"cytotoxic"
"TCCTTGAAGGAACCGCATCCCAAC-1","slingPseudotime_2",16.5277953087557,"CD8-41BB","aucell_exhausted_score",0.0786378795857469,"exhausted"
"TCCTTGAAGGAACCGCATCCCAAC-1","slingPseudotime_2",16.5277953087557,"CD8-41BB","aucell_proliferating_score",0,"proliferating"
"TCCTTGAAGGAACCGCATCCCAAC-1","slingPseudotime_2",16.5277953087557,"CD8-41BB","aucell_naive_memory_score",0.240210526315789,"naive_memory"
"TCCTTGAAGGAACCGCATCCCAAC-1","slingPseudotime_2",16.5277953087557,"CD8-41BB","aucell_cytotoxic_score",0.179392662804985,"cytotoxic"
"TCGAACCTCCGCAACTATCCCAAC-1","slingPseudotime_1",15.6598402602528,"CD8-41BB","aucell_exhausted_score",0.0700368615060558,"exhausted"
"TCGAACCTCCGCAACTATCCCAAC-1","slingPseudotime_1",15.6598402602528,"CD8-41BB","aucell_proliferating_score",0,"proliferating"
"TCGAACCTCCGCAACTATCCCAAC-1","slingPseudotime_1",15.6598402602528,"CD8-41BB","aucell_naive_memory_score",0.0903157894736842,"naive_memory"
"TCGAACCTCCGCAACTATCCCAAC-1","slingPseudotime_1",15.6598402602528,"CD8-41BB","aucell_cytotoxic_score",0.319992978760751,"cytotoxic"
"TCGAACCTCCGCAACTATCCCAAC-1","slingPseudotime_2",16.5577242219753,"CD8-41BB","aucell_exhausted_score",0.0700368615060558,"exhausted"
"TCGAACCTCCGCAACTATCCCAAC-1","slingPseudotime_2",16.5577242219753,"CD8-41BB","aucell_proliferating_score",0,"proliferating"
"TCGAACCTCCGCAACTATCCCAAC-1","slingPseudotime_2",16.5577242219753,"CD8-41BB","aucell_naive_memory_score",0.0903157894736842,"naive_memory"
"TCGAACCTCCGCAACTATCCCAAC-1","slingPseudotime_2",16.5577242219753,"CD8-41BB","aucell_cytotoxic_score",0.319992978760751,"cytotoxic"
"TCGAACCTCCGCCATGATCCCAAC-1","slingPseudotime_1",19.2543306736335,"CD8-41BB","aucell_exhausted_score",0.272599613831841,"exhausted"
"TCGAACCTCCGCCATGATCCCAAC-1","slingPseudotime_1",19.2543306736335,"CD8-41BB","aucell_proliferating_score",0,"proliferating"
"TCGAACCTCCGCCATGATCCCAAC-1","slingPseudotime_1",19.2543306736335,"CD8-41BB","aucell_naive_memory_score",0,"naive_memory"
"TCGAACCTCCGCCATGATCCCAAC-1","slingPseudotime_1",19.2543306736335,"CD8-41BB","aucell_cytotoxic_score",0,"cytotoxic"
"TCGAACCTCCGCCATGATCCCAAC-1","slingPseudotime_2",19.7524306203327,"CD8-41BB","aucell_exhausted_score",0.272599613831841,"exhausted"
"TCGAACCTCCGCCATGATCCCAAC-1","slingPseudotime_2",19.7524306203327,"CD8-41BB","aucell_proliferating_score",0,"proliferating"
"TCGAACCTCCGCCATGATCCCAAC-1","slingPseudotime_2",19.7524306203327,"CD8-41BB","aucell_naive_memory_score",0,"naive_memory"
"TCGAACCTCCGCCATGATCCCAAC-1","slingPseudotime_2",19.7524306203327,"CD8-41BB","aucell_cytotoxic_score",0,"cytotoxic"
"TCGCCTCTCATCACATATCCCAAC-1","slingPseudotime_1",13.7545953980911,"CD8-41BB","aucell_exhausted_score",0,"exhausted"
"TCGCCTCTCATCACATATCCCAAC-1","slingPseudotime_1",13.7545953980911,"CD8-41BB","aucell_proliferating_score",0,"proliferating"
"TCGCCTCTCATCACATATCCCAAC-1","slingPseudotime_1",13.7545953980911,"CD8-41BB","aucell_naive_memory_score",0.016,"naive_memory"
"TCGCCTCTCATCACATATCCCAAC-1","slingPseudotime_1",13.7545953980911,"CD8-41BB","aucell_cytotoxic_score",0.320695102685624,"cytotoxic"
"TCGCCTCTCATCACATATCCCAAC-1","slingPseudotime_2",14.6890558233709,"CD8-41BB","aucell_exhausted_score",0,"exhausted"
"TCGCCTCTCATCACATATCCCAAC-1","slingPseudotime_2",14.6890558233709,"CD8-41BB","aucell_proliferating_score",0,"proliferating"
"TCGCCTCTCATCACATATCCCAAC-1","slingPseudotime_2",14.6890558233709,"CD8-41BB","aucell_naive_memory_score",0.016,"naive_memory"
"TCGCCTCTCATCACATATCCCAAC-1","slingPseudotime_2",14.6890558233709,"CD8-41BB","aucell_cytotoxic_score",0.320695102685624,"cytotoxic"
"TCGCGCTCAAGGCCATATCCCAAC-1","slingPseudotime_1",22.7918456993567,"CD8-41BB","aucell_exhausted_score",0.170265051781639,"exhausted"
"TCGCGCTCAAGGCCATATCCCAAC-1","slingPseudotime_1",22.7918456993567,"CD8-41BB","aucell_proliferating_score",0,"proliferating"
"TCGCGCTCAAGGCCATATCCCAAC-1","slingPseudotime_1",22.7918456993567,"CD8-41BB","aucell_naive_memory_score",0.298736842105263,"naive_memory"
"TCGCGCTCAAGGCCATATCCCAAC-1","slingPseudotime_1",22.7918456993567,"CD8-41BB","aucell_cytotoxic_score",0.458662453923117,"cytotoxic"
"TCGCGCTCAAGGCCATATCCCAAC-1","slingPseudotime_2",25.8398837716829,"CD8-41BB","aucell_exhausted_score",0.170265051781639,"exhausted"
"TCGCGCTCAAGGCCATATCCCAAC-1","slingPseudotime_2",25.8398837716829,"CD8-41BB","aucell_proliferating_score",0,"proliferating"
"TCGCGCTCAAGGCCATATCCCAAC-1","slingPseudotime_2",25.8398837716829,"CD8-41BB","aucell_naive_memory_score",0.298736842105263,"naive_memory"
"TCGCGCTCAAGGCCATATCCCAAC-1","slingPseudotime_2",25.8398837716829,"CD8-41BB","aucell_cytotoxic_score",0.458662453923117,"cytotoxic"
"TCGGCCATCCTCTAAGATCCCAAC-1","slingPseudotime_1",26.4886784393496,"CD8-41BB","aucell_exhausted_score",0.130068457082675,"exhausted"
"TCGGCCATCCTCTAAGATCCCAAC-1","slingPseudotime_1",26.4886784393496,"CD8-41BB","aucell_proliferating_score",0,"proliferating"
"TCGGCCATCCTCTAAGATCCCAAC-1","slingPseudotime_1",26.4886784393496,"CD8-41BB","aucell_naive_memory_score",0.0576842105263158,"naive_memory"
"TCGGCCATCCTCTAAGATCCCAAC-1","slingPseudotime_1",26.4886784393496,"CD8-41BB","aucell_cytotoxic_score",0.330700368615061,"cytotoxic"
"TCGGCCATCCTCTAAGATCCCAAC-1","slingPseudotime_2",25.7010131954171,"CD8-41BB","aucell_exhausted_score",0.130068457082675,"exhausted"
"TCGGCCATCCTCTAAGATCCCAAC-1","slingPseudotime_2",25.7010131954171,"CD8-41BB","aucell_proliferating_score",0,"proliferating"
"TCGGCCATCCTCTAAGATCCCAAC-1","slingPseudotime_2",25.7010131954171,"CD8-41BB","aucell_naive_memory_score",0.0576842105263158,"naive_memory"
"TCGGCCATCCTCTAAGATCCCAAC-1","slingPseudotime_2",25.7010131954171,"CD8-41BB","aucell_cytotoxic_score",0.330700368615061,"cytotoxic"
"TCGGCCATCCTGACTAATCCCAAC-1","slingPseudotime_1",5.72284653519435,"CD8-41BB","aucell_exhausted_score",0,"exhausted"
"TCGGCCATCCTGACTAATCCCAAC-1","slingPseudotime_1",5.72284653519435,"CD8-41BB","aucell_proliferating_score",0,"proliferating"
"TCGGCCATCCTGACTAATCCCAAC-1","slingPseudotime_1",5.72284653519435,"CD8-41BB","aucell_naive_memory_score",0.408,"naive_memory"
"TCGGCCATCCTGACTAATCCCAAC-1","slingPseudotime_1",5.72284653519435,"CD8-41BB","aucell_cytotoxic_score",0.311216429699842,"cytotoxic"
"TCGGCCATCCTGACTAATCCCAAC-1","slingPseudotime_2",6.37975668533269,"CD8-41BB","aucell_exhausted_score",0,"exhausted"
"TCGGCCATCCTGACTAATCCCAAC-1","slingPseudotime_2",6.37975668533269,"CD8-41BB","aucell_proliferating_score",0,"proliferating"
"TCGGCCATCCTGACTAATCCCAAC-1","slingPseudotime_2",6.37975668533269,"CD8-41BB","aucell_naive_memory_score",0.408,"naive_memory"
"TCGGCCATCCTGACTAATCCCAAC-1","slingPseudotime_2",6.37975668533269,"CD8-41BB","aucell_cytotoxic_score",0.311216429699842,"cytotoxic"
"TCTAAGGCAATCTCTAATCCCAAC-1","slingPseudotime_1",48.604438416169,"CD8-41BB","aucell_exhausted_score",0.159908723889767,"exhausted"
"TCTAAGGCAATCTCTAATCCCAAC-1","slingPseudotime_1",48.604438416169,"CD8-41BB","aucell_proliferating_score",0.393263157894737,"proliferating"
"TCTAAGGCAATCTCTAATCCCAAC-1","slingPseudotime_1",48.604438416169,"CD8-41BB","aucell_naive_memory_score",0.0688421052631579,"naive_memory"
"TCTAAGGCAATCTCTAATCCCAAC-1","slingPseudotime_1",48.604438416169,"CD8-41BB","aucell_cytotoxic_score",0.325083377216079,"cytotoxic"
"TCTAATGGTGTGACCCATCCCAAC-1","slingPseudotime_1",22.4423080884948,"CD8-41BB","aucell_exhausted_score",0.376689485694225,"exhausted"
"TCTAATGGTGTGACCCATCCCAAC-1","slingPseudotime_1",22.4423080884948,"CD8-41BB","aucell_proliferating_score",0,"proliferating"
"TCTAATGGTGTGACCCATCCCAAC-1","slingPseudotime_1",22.4423080884948,"CD8-41BB","aucell_naive_memory_score",0,"naive_memory"
"TCTAATGGTGTGACCCATCCCAAC-1","slingPseudotime_1",22.4423080884948,"CD8-41BB","aucell_cytotoxic_score",0.32789187291557,"cytotoxic"
"TCTAATGGTGTGACCCATCCCAAC-1","slingPseudotime_2",24.1448802967854,"CD8-41BB","aucell_exhausted_score",0.376689485694225,"exhausted"
"TCTAATGGTGTGACCCATCCCAAC-1","slingPseudotime_2",24.1448802967854,"CD8-41BB","aucell_proliferating_score",0,"proliferating"
"TCTAATGGTGTGACCCATCCCAAC-1","slingPseudotime_2",24.1448802967854,"CD8-41BB","aucell_naive_memory_score",0,"naive_memory"
"TCTAATGGTGTGACCCATCCCAAC-1","slingPseudotime_2",24.1448802967854,"CD8-41BB","aucell_cytotoxic_score",0.32789187291557,"cytotoxic"
"TCTATCGAGGTTAGACATCCCAAC-1","slingPseudotime_1",19.513809899478,"CD8-41BB","aucell_exhausted_score",0.15376513954713,"exhausted"
"TCTATCGAGGTTAGACATCCCAAC-1","slingPseudotime_1",19.513809899478,"CD8-41BB","aucell_proliferating_score",0,"proliferating"
"TCTATCGAGGTTAGACATCCCAAC-1","slingPseudotime_1",19.513809899478,"CD8-41BB","aucell_naive_memory_score",0,"naive_memory"
"TCTATCGAGGTTAGACATCCCAAC-1","slingPseudotime_1",19.513809899478,"CD8-41BB","aucell_cytotoxic_score",0.471827277514481,"cytotoxic"
"TCTATCGAGGTTAGACATCCCAAC-1","slingPseudotime_2",21.2023949352381,"CD8-41BB","aucell_exhausted_score",0.15376513954713,"exhausted"
"TCTATCGAGGTTAGACATCCCAAC-1","slingPseudotime_2",21.2023949352381,"CD8-41BB","aucell_proliferating_score",0,"proliferating"
"TCTATCGAGGTTAGACATCCCAAC-1","slingPseudotime_2",21.2023949352381,"CD8-41BB","aucell_naive_memory_score",0,"naive_memory"
"TCTATCGAGGTTAGACATCCCAAC-1","slingPseudotime_2",21.2023949352381,"CD8-41BB","aucell_cytotoxic_score",0.471827277514481,"cytotoxic"
"TCTGTAAGTACAAACGATCCCAAC-1","slingPseudotime_1",17.3608769291518,"CD8-41BB","aucell_exhausted_score",0.0679304897314376,"exhausted"
"TCTGTAAGTACAAACGATCCCAAC-1","slingPseudotime_1",17.3608769291518,"CD8-41BB","aucell_proliferating_score",0,"proliferating"
"TCTGTAAGTACAAACGATCCCAAC-1","slingPseudotime_1",17.3608769291518,"CD8-41BB","aucell_naive_memory_score",0,"naive_memory"
"TCTGTAAGTACAAACGATCCCAAC-1","slingPseudotime_1",17.3608769291518,"CD8-41BB","aucell_cytotoxic_score",0.272073020888187,"cytotoxic"
"TCTGTAAGTACAAACGATCCCAAC-1","slingPseudotime_2",17.649767055618,"CD8-41BB","aucell_exhausted_score",0.0679304897314376,"exhausted"
"TCTGTAAGTACAAACGATCCCAAC-1","slingPseudotime_2",17.649767055618,"CD8-41BB","aucell_proliferating_score",0,"proliferating"
"TCTGTAAGTACAAACGATCCCAAC-1","slingPseudotime_2",17.649767055618,"CD8-41BB","aucell_naive_memory_score",0,"naive_memory"
"TCTGTAAGTACAAACGATCCCAAC-1","slingPseudotime_2",17.649767055618,"CD8-41BB","aucell_cytotoxic_score",0.272073020888187,"cytotoxic"
"TCTTAGGTCTCACAATATCCCAAC-1","slingPseudotime_1",12.2078583246448,"CD8-41BB","aucell_exhausted_score",0.201860628400913,"exhausted"
"TCTTAGGTCTCACAATATCCCAAC-1","slingPseudotime_1",12.2078583246448,"CD8-41BB","aucell_proliferating_score",0,"proliferating"
"TCTTAGGTCTCACAATATCCCAAC-1","slingPseudotime_1",12.2078583246448,"CD8-41BB","aucell_naive_memory_score",0,"naive_memory"
"TCTTAGGTCTCACAATATCCCAAC-1","slingPseudotime_1",12.2078583246448,"CD8-41BB","aucell_cytotoxic_score",0.409864841144462,"cytotoxic"
"TCTTAGGTCTCACAATATCCCAAC-1","slingPseudotime_2",30.0127737773744,"CD8-41BB","aucell_exhausted_score",0.201860628400913,"exhausted"
"TCTTAGGTCTCACAATATCCCAAC-1","slingPseudotime_2",30.0127737773744,"CD8-41BB","aucell_proliferating_score",0,"proliferating"
"TCTTAGGTCTCACAATATCCCAAC-1","slingPseudotime_2",30.0127737773744,"CD8-41BB","aucell_naive_memory_score",0,"naive_memory"
"TCTTAGGTCTCACAATATCCCAAC-1","slingPseudotime_2",30.0127737773744,"CD8-41BB","aucell_cytotoxic_score",0.409864841144462,"cytotoxic"
"TCTTTAGCAGGATCCGATCCCAAC-1","slingPseudotime_1",23.1603158618023,"CD8-41BB","aucell_exhausted_score",0.164121467439003,"exhausted"
"TCTTTAGCAGGATCCGATCCCAAC-1","slingPseudotime_1",23.1603158618023,"CD8-41BB","aucell_proliferating_score",0,"proliferating"
"TCTTTAGCAGGATCCGATCCCAAC-1","slingPseudotime_1",23.1603158618023,"CD8-41BB","aucell_naive_memory_score",0.16,"naive_memory"
"TCTTTAGCAGGATCCGATCCCAAC-1","slingPseudotime_1",23.1603158618023,"CD8-41BB","aucell_cytotoxic_score",0.291732490784623,"cytotoxic"
"TCTTTAGCAGGATCCGATCCCAAC-1","slingPseudotime_2",23.68652326508,"CD8-41BB","aucell_exhausted_score",0.164121467439003,"exhausted"
"TCTTTAGCAGGATCCGATCCCAAC-1","slingPseudotime_2",23.68652326508,"CD8-41BB","aucell_proliferating_score",0,"proliferating"
"TCTTTAGCAGGATCCGATCCCAAC-1","slingPseudotime_2",23.68652326508,"CD8-41BB","aucell_naive_memory_score",0.16,"naive_memory"
"TCTTTAGCAGGATCCGATCCCAAC-1","slingPseudotime_2",23.68652326508,"CD8-41BB","aucell_cytotoxic_score",0.291732490784623,"cytotoxic"
"TCTTTGGAGTTTCCAGATCCCAAC-1","slingPseudotime_1",14.1982252857194,"CD8-41BB","aucell_exhausted_score",0.0775846936984378,"exhausted"
"TCTTTGGAGTTTCCAGATCCCAAC-1","slingPseudotime_1",14.1982252857194,"CD8-41BB","aucell_proliferating_score",0,"proliferating"
"TCTTTGGAGTTTCCAGATCCCAAC-1","slingPseudotime_1",14.1982252857194,"CD8-41BB","aucell_naive_memory_score",0,"naive_memory"
"TCTTTGGAGTTTCCAGATCCCAAC-1","slingPseudotime_1",14.1982252857194,"CD8-41BB","aucell_cytotoxic_score",0.15762682113393,"cytotoxic"
"TCTTTGGAGTTTCCAGATCCCAAC-1","slingPseudotime_2",14.9862378650517,"CD8-41BB","aucell_exhausted_score",0.0775846936984378,"exhausted"
"TCTTTGGAGTTTCCAGATCCCAAC-1","slingPseudotime_2",14.9862378650517,"CD8-41BB","aucell_proliferating_score",0,"proliferating"
"TCTTTGGAGTTTCCAGATCCCAAC-1","slingPseudotime_2",14.9862378650517,"CD8-41BB","aucell_naive_memory_score",0,"naive_memory"
"TCTTTGGAGTTTCCAGATCCCAAC-1","slingPseudotime_2",14.9862378650517,"CD8-41BB","aucell_cytotoxic_score",0.15762682113393,"cytotoxic"
"TGAAGGAAGGGTTACGATCCCAAC-1","slingPseudotime_1",18.4456502470664,"CD8-41BB","aucell_exhausted_score",0.414955239599789,"exhausted"
"TGAAGGAAGGGTTACGATCCCAAC-1","slingPseudotime_1",18.4456502470664,"CD8-41BB","aucell_proliferating_score",0,"proliferating"
"TGAAGGAAGGGTTACGATCCCAAC-1","slingPseudotime_1",18.4456502470664,"CD8-41BB","aucell_naive_memory_score",0.0155789473684211,"naive_memory"
"TGAAGGAAGGGTTACGATCCCAAC-1","slingPseudotime_1",18.4456502470664,"CD8-41BB","aucell_cytotoxic_score",0.326312094084606,"cytotoxic"
"TGAAGGAAGGGTTACGATCCCAAC-1","slingPseudotime_2",19.9579604902487,"CD8-41BB","aucell_exhausted_score",0.414955239599789,"exhausted"
"TGAAGGAAGGGTTACGATCCCAAC-1","slingPseudotime_2",19.9579604902487,"CD8-41BB","aucell_proliferating_score",0,"proliferating"
"TGAAGGAAGGGTTACGATCCCAAC-1","slingPseudotime_2",19.9579604902487,"CD8-41BB","aucell_naive_memory_score",0.0155789473684211,"naive_memory"
"TGAAGGAAGGGTTACGATCCCAAC-1","slingPseudotime_2",19.9579604902487,"CD8-41BB","aucell_cytotoxic_score",0.326312094084606,"cytotoxic"
"TGAATCGCAAGACATTATCCCAAC-1","slingPseudotime_1",21.3818186796231,"CD8-41BB","aucell_exhausted_score",0.311567491662278,"exhausted"
"TGAATCGCAAGACATTATCCCAAC-1","slingPseudotime_1",21.3818186796231,"CD8-41BB","aucell_proliferating_score",0,"proliferating"
"TGAATCGCAAGACATTATCCCAAC-1","slingPseudotime_1",21.3818186796231,"CD8-41BB","aucell_naive_memory_score",0.00252631578947368,"naive_memory"
"TGAATCGCAAGACATTATCCCAAC-1","slingPseudotime_1",21.3818186796231,"CD8-41BB","aucell_cytotoxic_score",0.555028962611901,"cytotoxic"
"TGAATCGCAAGACATTATCCCAAC-1","slingPseudotime_2",23.0329266602855,"CD8-41BB","aucell_exhausted_score",0.311567491662278,"exhausted"
"TGAATCGCAAGACATTATCCCAAC-1","slingPseudotime_2",23.0329266602855,"CD8-41BB","aucell_proliferating_score",0,"proliferating"
"TGAATCGCAAGACATTATCCCAAC-1","slingPseudotime_2",23.0329266602855,"CD8-41BB","aucell_naive_memory_score",0.00252631578947368,"naive_memory"
"TGAATCGCAAGACATTATCCCAAC-1","slingPseudotime_2",23.0329266602855,"CD8-41BB","aucell_cytotoxic_score",0.555028962611901,"cytotoxic"
"TGAATCTTCAAGTTAGATCCCAAC-1","slingPseudotime_1",17.7963277997658,"CD8-41BB","aucell_exhausted_score",0.135158855538002,"exhausted"
"TGAATCTTCAAGTTAGATCCCAAC-1","slingPseudotime_1",17.7963277997658,"CD8-41BB","aucell_proliferating_score",0,"proliferating"
"TGAATCTTCAAGTTAGATCCCAAC-1","slingPseudotime_1",17.7963277997658,"CD8-41BB","aucell_naive_memory_score",0.0898947368421053,"naive_memory"
"TGAATCTTCAAGTTAGATCCCAAC-1","slingPseudotime_1",17.7963277997658,"CD8-41BB","aucell_cytotoxic_score",0.4797261716693,"cytotoxic"
"TGAATCTTCAAGTTAGATCCCAAC-1","slingPseudotime_2",19.6000186516703,"CD8-41BB","aucell_exhausted_score",0.135158855538002,"exhausted"
"TGAATCTTCAAGTTAGATCCCAAC-1","slingPseudotime_2",19.6000186516703,"CD8-41BB","aucell_proliferating_score",0,"proliferating"
"TGAATCTTCAAGTTAGATCCCAAC-1","slingPseudotime_2",19.6000186516703,"CD8-41BB","aucell_naive_memory_score",0.0898947368421053,"naive_memory"
"TGAATCTTCAAGTTAGATCCCAAC-1","slingPseudotime_2",19.6000186516703,"CD8-41BB","aucell_cytotoxic_score",0.4797261716693,"cytotoxic"
"TGAATGTCAAACAAGAATCCCAAC-1","slingPseudotime_1",21.6504506790711,"CD8-41BB","aucell_exhausted_score",0,"exhausted"
"TGAATGTCAAACAAGAATCCCAAC-1","slingPseudotime_1",21.6504506790711,"CD8-41BB","aucell_proliferating_score",0.0395789473684211,"proliferating"
"TGAATGTCAAACAAGAATCCCAAC-1","slingPseudotime_1",21.6504506790711,"CD8-41BB","aucell_naive_memory_score",0.0995789473684211,"naive_memory"
"TGAATGTCAAACAAGAATCCCAAC-1","slingPseudotime_1",21.6504506790711,"CD8-41BB","aucell_cytotoxic_score",0.141126908899421,"cytotoxic"
"TGAATGTCAAACAAGAATCCCAAC-1","slingPseudotime_2",30.8499532880091,"CD8-41BB","aucell_exhausted_score",0,"exhausted"
"TGAATGTCAAACAAGAATCCCAAC-1","slingPseudotime_2",30.8499532880091,"CD8-41BB","aucell_proliferating_score",0.0395789473684211,"proliferating"
"TGAATGTCAAACAAGAATCCCAAC-1","slingPseudotime_2",30.8499532880091,"CD8-41BB","aucell_naive_memory_score",0.0995789473684211,"naive_memory"
"TGAATGTCAAACAAGAATCCCAAC-1","slingPseudotime_2",30.8499532880091,"CD8-41BB","aucell_cytotoxic_score",0.141126908899421,"cytotoxic"
"TGAATGTCAAACACGCATCCCAAC-1","slingPseudotime_1",26.1257401723303,"CD8-41BB","aucell_exhausted_score",0.150781112866421,"exhausted"
"TGAATGTCAAACACGCATCCCAAC-1","slingPseudotime_1",26.1257401723303,"CD8-41BB","aucell_proliferating_score",0,"proliferating"
"TGAATGTCAAACACGCATCCCAAC-1","slingPseudotime_1",26.1257401723303,"CD8-41BB","aucell_naive_memory_score",0.344210526315789,"naive_memory"
"TGAATGTCAAACACGCATCCCAAC-1","slingPseudotime_1",26.1257401723303,"CD8-41BB","aucell_cytotoxic_score",0.21274354923644,"cytotoxic"
"TGAATGTCAAACACGCATCCCAAC-1","slingPseudotime_2",25.9805125071803,"CD8-41BB","aucell_exhausted_score",0.150781112866421,"exhausted"
"TGAATGTCAAACACGCATCCCAAC-1","slingPseudotime_2",25.9805125071803,"CD8-41BB","aucell_proliferating_score",0,"proliferating"
"TGAATGTCAAACACGCATCCCAAC-1","slingPseudotime_2",25.9805125071803,"CD8-41BB","aucell_naive_memory_score",0.344210526315789,"naive_memory"
"TGAATGTCAAACACGCATCCCAAC-1","slingPseudotime_2",25.9805125071803,"CD8-41BB","aucell_cytotoxic_score",0.21274354923644,"cytotoxic"
"TGACAACAGCCTATATATCCCAAC-1","slingPseudotime_1",22.5313004374592,"CD8-41BB","aucell_exhausted_score",0.195717044058276,"exhausted"
"TGACAACAGCCTATATATCCCAAC-1","slingPseudotime_1",22.5313004374592,"CD8-41BB","aucell_proliferating_score",0,"proliferating"
"TGACAACAGCCTATATATCCCAAC-1","slingPseudotime_1",22.5313004374592,"CD8-41BB","aucell_naive_memory_score",0,"naive_memory"
"TGACAACAGCCTATATATCCCAAC-1","slingPseudotime_1",22.5313004374592,"CD8-41BB","aucell_cytotoxic_score",0.16535018430753,"cytotoxic"
"TGACAACAGCCTATATATCCCAAC-1","slingPseudotime_2",24.3135201685192,"CD8-41BB","aucell_exhausted_score",0.195717044058276,"exhausted"
"TGACAACAGCCTATATATCCCAAC-1","slingPseudotime_2",24.3135201685192,"CD8-41BB","aucell_proliferating_score",0,"proliferating"
"TGACAACAGCCTATATATCCCAAC-1","slingPseudotime_2",24.3135201685192,"CD8-41BB","aucell_naive_memory_score",0,"naive_memory"
"TGACAACAGCCTATATATCCCAAC-1","slingPseudotime_2",24.3135201685192,"CD8-41BB","aucell_cytotoxic_score",0.16535018430753,"cytotoxic"
"TGACATAAGTTAGGCGATCCCAAC-1","slingPseudotime_1",10.8383211663963,"CD8-41BB","aucell_exhausted_score",0,"exhausted"
"TGACATAAGTTAGGCGATCCCAAC-1","slingPseudotime_1",10.8383211663963,"CD8-41BB","aucell_proliferating_score",0.00568421052631579,"proliferating"
"TGACATAAGTTAGGCGATCCCAAC-1","slingPseudotime_1",10.8383211663963,"CD8-41BB","aucell_naive_memory_score",0.0532631578947368,"naive_memory"
"TGACATAAGTTAGGCGATCCCAAC-1","slingPseudotime_1",10.8383211663963,"CD8-41BB","aucell_cytotoxic_score",0.165876777251185,"cytotoxic"
"TGACATAAGTTAGGCGATCCCAAC-1","slingPseudotime_2",11.399558477577,"CD8-41BB","aucell_exhausted_score",0,"exhausted"
"TGACATAAGTTAGGCGATCCCAAC-1","slingPseudotime_2",11.399558477577,"CD8-41BB","aucell_proliferating_score",0.00568421052631579,"proliferating"
"TGACATAAGTTAGGCGATCCCAAC-1","slingPseudotime_2",11.399558477577,"CD8-41BB","aucell_naive_memory_score",0.0532631578947368,"naive_memory"
"TGACATAAGTTAGGCGATCCCAAC-1","slingPseudotime_2",11.399558477577,"CD8-41BB","aucell_cytotoxic_score",0.165876777251185,"cytotoxic"
"TGACCTATCTAAGTAGATCCCAAC-1","slingPseudotime_1",27.5277339488248,"CD8-41BB","aucell_exhausted_score",0.165525715288748,"exhausted"
"TGACCTATCTAAGTAGATCCCAAC-1","slingPseudotime_1",27.5277339488248,"CD8-41BB","aucell_proliferating_score",0,"proliferating"
"TGACCTATCTAAGTAGATCCCAAC-1","slingPseudotime_1",27.5277339488248,"CD8-41BB","aucell_naive_memory_score",0.149473684210526,"naive_memory"
"TGACCTATCTAAGTAGATCCCAAC-1","slingPseudotime_1",27.5277339488248,"CD8-41BB","aucell_cytotoxic_score",0.16148850272073,"cytotoxic"
"TGACCTATCTAAGTAGATCCCAAC-1","slingPseudotime_2",25.8541441190124,"CD8-41BB","aucell_exhausted_score",0.165525715288748,"exhausted"
"TGACCTATCTAAGTAGATCCCAAC-1","slingPseudotime_2",25.8541441190124,"CD8-41BB","aucell_proliferating_score",0,"proliferating"
"TGACCTATCTAAGTAGATCCCAAC-1","slingPseudotime_2",25.8541441190124,"CD8-41BB","aucell_naive_memory_score",0.149473684210526,"naive_memory"
"TGACCTATCTAAGTAGATCCCAAC-1","slingPseudotime_2",25.8541441190124,"CD8-41BB","aucell_cytotoxic_score",0.16148850272073,"cytotoxic"
"TGACGTACACCAGCTCATCCCAAC-1","slingPseudotime_1",4.20286194432616,"CD8-41BB","aucell_exhausted_score",0,"exhausted"
"TGACGTACACCAGCTCATCCCAAC-1","slingPseudotime_1",4.20286194432616,"CD8-41BB","aucell_proliferating_score",0,"proliferating"
"TGACGTACACCAGCTCATCCCAAC-1","slingPseudotime_1",4.20286194432616,"CD8-41BB","aucell_naive_memory_score",0.284842105263158,"naive_memory"
"TGACGTACACCAGCTCATCCCAAC-1","slingPseudotime_1",4.20286194432616,"CD8-41BB","aucell_cytotoxic_score",0,"cytotoxic"
"TGACGTACACCAGCTCATCCCAAC-1","slingPseudotime_2",4.85161059333909,"CD8-41BB","aucell_exhausted_score",0,"exhausted"
"TGACGTACACCAGCTCATCCCAAC-1","slingPseudotime_2",4.85161059333909,"CD8-41BB","aucell_proliferating_score",0,"proliferating"
"TGACGTACACCAGCTCATCCCAAC-1","slingPseudotime_2",4.85161059333909,"CD8-41BB","aucell_naive_memory_score",0.284842105263158,"naive_memory"
"TGACGTACACCAGCTCATCCCAAC-1","slingPseudotime_2",4.85161059333909,"CD8-41BB","aucell_cytotoxic_score",0,"cytotoxic"
"TGACTACGTCCATCAGATCCCAAC-1","slingPseudotime_1",24.4891952265436,"CD8-41BB","aucell_exhausted_score",0.164648060382658,"exhausted"
"TGACTACGTCCATCAGATCCCAAC-1","slingPseudotime_1",24.4891952265436,"CD8-41BB","aucell_proliferating_score",0,"proliferating"
"TGACTACGTCCATCAGATCCCAAC-1","slingPseudotime_1",24.4891952265436,"CD8-41BB","aucell_naive_memory_score",0.197263157894737,"naive_memory"
"TGACTACGTCCATCAGATCCCAAC-1","slingPseudotime_1",24.4891952265436,"CD8-41BB","aucell_cytotoxic_score",0,"cytotoxic"
"TGACTACGTCCATCAGATCCCAAC-1","slingPseudotime_2",26.2089847355456,"CD8-41BB","aucell_exhausted_score",0.164648060382658,"exhausted"
"TGACTACGTCCATCAGATCCCAAC-1","slingPseudotime_2",26.2089847355456,"CD8-41BB","aucell_proliferating_score",0,"proliferating"
"TGACTACGTCCATCAGATCCCAAC-1","slingPseudotime_2",26.2089847355456,"CD8-41BB","aucell_naive_memory_score",0.197263157894737,"naive_memory"
"TGACTACGTCCATCAGATCCCAAC-1","slingPseudotime_2",26.2089847355456,"CD8-41BB","aucell_cytotoxic_score",0,"cytotoxic"
"TGACTATTCAACCTCAATCCCAAC-1","slingPseudotime_1",13.9923203539344,"CD8-41BB","aucell_exhausted_score",0,"exhausted"
"TGACTATTCAACCTCAATCCCAAC-1","slingPseudotime_1",13.9923203539344,"CD8-41BB","aucell_proliferating_score",0,"proliferating"
"TGACTATTCAACCTCAATCCCAAC-1","slingPseudotime_1",13.9923203539344,"CD8-41BB","aucell_naive_memory_score",0.185894736842105,"naive_memory"
"TGACTATTCAACCTCAATCCCAAC-1","slingPseudotime_1",13.9923203539344,"CD8-41BB","aucell_cytotoxic_score",0.332455678427242,"cytotoxic"
"TGACTATTCAACCTCAATCCCAAC-1","slingPseudotime_2",14.7669184940047,"CD8-41BB","aucell_exhausted_score",0,"exhausted"
"TGACTATTCAACCTCAATCCCAAC-1","slingPseudotime_2",14.7669184940047,"CD8-41BB","aucell_proliferating_score",0,"proliferating"
"TGACTATTCAACCTCAATCCCAAC-1","slingPseudotime_2",14.7669184940047,"CD8-41BB","aucell_naive_memory_score",0.185894736842105,"naive_memory"
"TGACTATTCAACCTCAATCCCAAC-1","slingPseudotime_2",14.7669184940047,"CD8-41BB","aucell_cytotoxic_score",0.332455678427242,"cytotoxic"
"TGACTATTCAGCATGGATCCCAAC-1","slingPseudotime_1",7.82102062305502,"CD8-41BB","aucell_exhausted_score",0,"exhausted"
"TGACTATTCAGCATGGATCCCAAC-1","slingPseudotime_1",7.82102062305502,"CD8-41BB","aucell_proliferating_score",0,"proliferating"
"TGACTATTCAGCATGGATCCCAAC-1","slingPseudotime_1",7.82102062305502,"CD8-41BB","aucell_naive_memory_score",0.409684210526316,"naive_memory"
"TGACTATTCAGCATGGATCCCAAC-1","slingPseudotime_1",7.82102062305502,"CD8-41BB","aucell_cytotoxic_score",0,"cytotoxic"
"TGACTATTCAGCATGGATCCCAAC-1","slingPseudotime_2",8.47709477827661,"CD8-41BB","aucell_exhausted_score",0,"exhausted"
"TGACTATTCAGCATGGATCCCAAC-1","slingPseudotime_2",8.47709477827661,"CD8-41BB","aucell_proliferating_score",0,"proliferating"
"TGACTATTCAGCATGGATCCCAAC-1","slingPseudotime_2",8.47709477827661,"CD8-41BB","aucell_naive_memory_score",0.409684210526316,"naive_memory"
"TGACTATTCAGCATGGATCCCAAC-1","slingPseudotime_2",8.47709477827661,"CD8-41BB","aucell_cytotoxic_score",0,"cytotoxic"
"TGACTATTCCGAATTTATCCCAAC-1","slingPseudotime_1",20.5052260493031,"CD8-41BB","aucell_exhausted_score",0.207653150781113,"exhausted"
"TGACTATTCCGAATTTATCCCAAC-1","slingPseudotime_1",20.5052260493031,"CD8-41BB","aucell_proliferating_score",0,"proliferating"
"TGACTATTCCGAATTTATCCCAAC-1","slingPseudotime_1",20.5052260493031,"CD8-41BB","aucell_naive_memory_score",0.0446315789473684,"naive_memory"
"TGACTATTCCGAATTTATCCCAAC-1","slingPseudotime_1",20.5052260493031,"CD8-41BB","aucell_cytotoxic_score",0.632438125329121,"cytotoxic"
"TGACTATTCCGAATTTATCCCAAC-1","slingPseudotime_2",21.5765875342346,"CD8-41BB","aucell_exhausted_score",0.207653150781113,"exhausted"
"TGACTATTCCGAATTTATCCCAAC-1","slingPseudotime_2",21.5765875342346,"CD8-41BB","aucell_proliferating_score",0,"proliferating"
"TGACTATTCCGAATTTATCCCAAC-1","slingPseudotime_2",21.5765875342346,"CD8-41BB","aucell_naive_memory_score",0.0446315789473684,"naive_memory"
"TGACTATTCCGAATTTATCCCAAC-1","slingPseudotime_2",21.5765875342346,"CD8-41BB","aucell_cytotoxic_score",0.632438125329121,"cytotoxic"
"TGAGACTAGAGGCGGAATCCCAAC-1","slingPseudotime_2",40.712799552996,"CD8-41BB","aucell_exhausted_score",0.151132174828857,"exhausted"
"TGAGACTAGAGGCGGAATCCCAAC-1","slingPseudotime_2",40.712799552996,"CD8-41BB","aucell_proliferating_score",0,"proliferating"
"TGAGACTAGAGGCGGAATCCCAAC-1","slingPseudotime_2",40.712799552996,"CD8-41BB","aucell_naive_memory_score",0,"naive_memory"
"TGAGACTAGAGGCGGAATCCCAAC-1","slingPseudotime_2",40.712799552996,"CD8-41BB","aucell_cytotoxic_score",0.648060382657539,"cytotoxic"
"TGAGACTAGCACGTTCATCCCAAC-1","slingPseudotime_1",18.2002966653975,"CD8-41BB","aucell_exhausted_score",0.279445322099351,"exhausted"
"TGAGACTAGCACGTTCATCCCAAC-1","slingPseudotime_1",18.2002966653975,"CD8-41BB","aucell_proliferating_score",0,"proliferating"
"TGAGACTAGCACGTTCATCCCAAC-1","slingPseudotime_1",18.2002966653975,"CD8-41BB","aucell_naive_memory_score",0,"naive_memory"
"TGAGACTAGCACGTTCATCCCAAC-1","slingPseudotime_1",18.2002966653975,"CD8-41BB","aucell_cytotoxic_score",0.333157802352115,"cytotoxic"
"TGAGACTAGCACGTTCATCCCAAC-1","slingPseudotime_2",19.6786297919367,"CD8-41BB","aucell_exhausted_score",0.279445322099351,"exhausted"
"TGAGACTAGCACGTTCATCCCAAC-1","slingPseudotime_2",19.6786297919367,"CD8-41BB","aucell_proliferating_score",0,"proliferating"
"TGAGACTAGCACGTTCATCCCAAC-1","slingPseudotime_2",19.6786297919367,"CD8-41BB","aucell_naive_memory_score",0,"naive_memory"
"TGAGACTAGCACGTTCATCCCAAC-1","slingPseudotime_2",19.6786297919367,"CD8-41BB","aucell_cytotoxic_score",0.333157802352115,"cytotoxic"
"TGAGCGATCCATGATTATCCCAAC-1","slingPseudotime_1",16.8096975448236,"CD8-41BB","aucell_exhausted_score",0,"exhausted"
"TGAGCGATCCATGATTATCCCAAC-1","slingPseudotime_1",16.8096975448236,"CD8-41BB","aucell_proliferating_score",0,"proliferating"
"TGAGCGATCCATGATTATCCCAAC-1","slingPseudotime_1",16.8096975448236,"CD8-41BB","aucell_naive_memory_score",0.102315789473684,"naive_memory"
"TGAGCGATCCATGATTATCCCAAC-1","slingPseudotime_1",16.8096975448236,"CD8-41BB","aucell_cytotoxic_score",0.435667895383535,"cytotoxic"
"TGAGCGATCCATGATTATCCCAAC-1","slingPseudotime_2",17.0958913264611,"CD8-41BB","aucell_exhausted_score",0,"exhausted"
"TGAGCGATCCATGATTATCCCAAC-1","slingPseudotime_2",17.0958913264611,"CD8-41BB","aucell_proliferating_score",0,"proliferating"
"TGAGCGATCCATGATTATCCCAAC-1","slingPseudotime_2",17.0958913264611,"CD8-41BB","aucell_naive_memory_score",0.102315789473684,"naive_memory"
"TGAGCGATCCATGATTATCCCAAC-1","slingPseudotime_2",17.0958913264611,"CD8-41BB","aucell_cytotoxic_score",0.435667895383535,"cytotoxic"
"TGAGCTTGTTAATCCAATCCCAAC-1","slingPseudotime_1",15.4982212827421,"CD8-41BB","aucell_exhausted_score",0.0824995611725469,"exhausted"
"TGAGCTTGTTAATCCAATCCCAAC-1","slingPseudotime_1",15.4982212827421,"CD8-41BB","aucell_proliferating_score",0,"proliferating"
"TGAGCTTGTTAATCCAATCCCAAC-1","slingPseudotime_1",15.4982212827421,"CD8-41BB","aucell_naive_memory_score",0.197052631578947,"naive_memory"
"TGAGCTTGTTAATCCAATCCCAAC-1","slingPseudotime_1",15.4982212827421,"CD8-41BB","aucell_cytotoxic_score",0.158504476040021,"cytotoxic"
"TGAGCTTGTTAATCCAATCCCAAC-1","slingPseudotime_2",16.4346265951917,"CD8-41BB","aucell_exhausted_score",0.0824995611725469,"exhausted"
"TGAGCTTGTTAATCCAATCCCAAC-1","slingPseudotime_2",16.4346265951917,"CD8-41BB","aucell_proliferating_score",0,"proliferating"
"TGAGCTTGTTAATCCAATCCCAAC-1","slingPseudotime_2",16.4346265951917,"CD8-41BB","aucell_naive_memory_score",0.197052631578947,"naive_memory"
"TGAGCTTGTTAATCCAATCCCAAC-1","slingPseudotime_2",16.4346265951917,"CD8-41BB","aucell_cytotoxic_score",0.158504476040021,"cytotoxic"
"TGCAAATCACGCCACTATCCCAAC-1","slingPseudotime_1",14.8046267681885,"CD8-41BB","aucell_exhausted_score",0,"exhausted"
"TGCAAATCACGCCACTATCCCAAC-1","slingPseudotime_1",14.8046267681885,"CD8-41BB","aucell_proliferating_score",0,"proliferating"
"TGCAAATCACGCCACTATCCCAAC-1","slingPseudotime_1",14.8046267681885,"CD8-41BB","aucell_naive_memory_score",0,"naive_memory"
"TGCAAATCACGCCACTATCCCAAC-1","slingPseudotime_1",14.8046267681885,"CD8-41BB","aucell_cytotoxic_score",0.482008074425136,"cytotoxic"
"TGCAAATCACGCCACTATCCCAAC-1","slingPseudotime_2",15.5733204092834,"CD8-41BB","aucell_exhausted_score",0,"exhausted"
"TGCAAATCACGCCACTATCCCAAC-1","slingPseudotime_2",15.5733204092834,"CD8-41BB","aucell_proliferating_score",0,"proliferating"
"TGCAAATCACGCCACTATCCCAAC-1","slingPseudotime_2",15.5733204092834,"CD8-41BB","aucell_naive_memory_score",0,"naive_memory"
"TGCAAATCACGCCACTATCCCAAC-1","slingPseudotime_2",15.5733204092834,"CD8-41BB","aucell_cytotoxic_score",0.482008074425136,"cytotoxic"
"TGCATTAGTTTCACCCATCCCAAC-1","slingPseudotime_1",23.8517476884013,"CD8-41BB","aucell_exhausted_score",0.430928558890644,"exhausted"
"TGCATTAGTTTCACCCATCCCAAC-1","slingPseudotime_1",23.8517476884013,"CD8-41BB","aucell_proliferating_score",0,"proliferating"
"TGCATTAGTTTCACCCATCCCAAC-1","slingPseudotime_1",23.8517476884013,"CD8-41BB","aucell_naive_memory_score",0,"naive_memory"
"TGCATTAGTTTCACCCATCCCAAC-1","slingPseudotime_1",23.8517476884013,"CD8-41BB","aucell_cytotoxic_score",0.652975250131648,"cytotoxic"
"TGCATTAGTTTCACCCATCCCAAC-1","slingPseudotime_2",24.5414724102194,"CD8-41BB","aucell_exhausted_score",0.430928558890644,"exhausted"
"TGCATTAGTTTCACCCATCCCAAC-1","slingPseudotime_2",24.5414724102194,"CD8-41BB","aucell_proliferating_score",0,"proliferating"
"TGCATTAGTTTCACCCATCCCAAC-1","slingPseudotime_2",24.5414724102194,"CD8-41BB","aucell_naive_memory_score",0,"naive_memory"
"TGCATTAGTTTCACCCATCCCAAC-1","slingPseudotime_2",24.5414724102194,"CD8-41BB","aucell_cytotoxic_score",0.652975250131648,"cytotoxic"
"TGCCTTAAGCTCATTGATCCCAAC-1","slingPseudotime_1",14.6443019764975,"CD8-41BB","aucell_exhausted_score",0.0157977883096366,"exhausted"
"TGCCTTAAGCTCATTGATCCCAAC-1","slingPseudotime_1",14.6443019764975,"CD8-41BB","aucell_proliferating_score",0.0418947368421053,"proliferating"
"TGCCTTAAGCTCATTGATCCCAAC-1","slingPseudotime_1",14.6443019764975,"CD8-41BB","aucell_naive_memory_score",0,"naive_memory"
"TGCCTTAAGCTCATTGATCCCAAC-1","slingPseudotime_1",14.6443019764975,"CD8-41BB","aucell_cytotoxic_score",0.358960856591188,"cytotoxic"
"TGCCTTAAGCTCATTGATCCCAAC-1","slingPseudotime_2",15.5193519091114,"CD8-41BB","aucell_exhausted_score",0.0157977883096366,"exhausted"
"TGCCTTAAGCTCATTGATCCCAAC-1","slingPseudotime_2",15.5193519091114,"CD8-41BB","aucell_proliferating_score",0.0418947368421053,"proliferating"
"TGCCTTAAGCTCATTGATCCCAAC-1","slingPseudotime_2",15.5193519091114,"CD8-41BB","aucell_naive_memory_score",0,"naive_memory"
"TGCCTTAAGCTCATTGATCCCAAC-1","slingPseudotime_2",15.5193519091114,"CD8-41BB","aucell_cytotoxic_score",0.358960856591188,"cytotoxic"
"TGCGCTTAGTGAGTTAATCCCAAC-1","slingPseudotime_1",24.5818824972169,"CD8-41BB","aucell_exhausted_score",0.157275759171494,"exhausted"
"TGCGCTTAGTGAGTTAATCCCAAC-1","slingPseudotime_1",24.5818824972169,"CD8-41BB","aucell_proliferating_score",0,"proliferating"
"TGCGCTTAGTGAGTTAATCCCAAC-1","slingPseudotime_1",24.5818824972169,"CD8-41BB","aucell_naive_memory_score",0,"naive_memory"
"TGCGCTTAGTGAGTTAATCCCAAC-1","slingPseudotime_1",24.5818824972169,"CD8-41BB","aucell_cytotoxic_score",0.484992101105845,"cytotoxic"
"TGCGCTTAGTGAGTTAATCCCAAC-1","slingPseudotime_2",26.2193861849025,"CD8-41BB","aucell_exhausted_score",0.157275759171494,"exhausted"
"TGCGCTTAGTGAGTTAATCCCAAC-1","slingPseudotime_2",26.2193861849025,"CD8-41BB","aucell_proliferating_score",0,"proliferating"
"TGCGCTTAGTGAGTTAATCCCAAC-1","slingPseudotime_2",26.2193861849025,"CD8-41BB","aucell_naive_memory_score",0,"naive_memory"
"TGCGCTTAGTGAGTTAATCCCAAC-1","slingPseudotime_2",26.2193861849025,"CD8-41BB","aucell_cytotoxic_score",0.484992101105845,"cytotoxic"
"TGCGGTTTCGCCTATAATCCCAAC-1","slingPseudotime_1",16.3420862970013,"CD8-41BB","aucell_exhausted_score",0.126382306477093,"exhausted"
"TGCGGTTTCGCCTATAATCCCAAC-1","slingPseudotime_1",16.3420862970013,"CD8-41BB","aucell_proliferating_score",0,"proliferating"
"TGCGGTTTCGCCTATAATCCCAAC-1","slingPseudotime_1",16.3420862970013,"CD8-41BB","aucell_naive_memory_score",0.353473684210526,"naive_memory"
"TGCGGTTTCGCCTATAATCCCAAC-1","slingPseudotime_1",16.3420862970013,"CD8-41BB","aucell_cytotoxic_score",0.279620853080569,"cytotoxic"
"TGCGGTTTCGCCTATAATCCCAAC-1","slingPseudotime_2",17.27036189726,"CD8-41BB","aucell_exhausted_score",0.126382306477093,"exhausted"
"TGCGGTTTCGCCTATAATCCCAAC-1","slingPseudotime_2",17.27036189726,"CD8-41BB","aucell_proliferating_score",0,"proliferating"
"TGCGGTTTCGCCTATAATCCCAAC-1","slingPseudotime_2",17.27036189726,"CD8-41BB","aucell_naive_memory_score",0.353473684210526,"naive_memory"
"TGCGGTTTCGCCTATAATCCCAAC-1","slingPseudotime_2",17.27036189726,"CD8-41BB","aucell_cytotoxic_score",0.279620853080569,"cytotoxic"
"TGCTGGTTCGAAGGCCATCCCAAC-1","slingPseudotime_1",15.4627089958372,"CD8-41BB","aucell_exhausted_score",0.0187818149903458,"exhausted"
"TGCTGGTTCGAAGGCCATCCCAAC-1","slingPseudotime_1",15.4627089958372,"CD8-41BB","aucell_proliferating_score",0,"proliferating"
"TGCTGGTTCGAAGGCCATCCCAAC-1","slingPseudotime_1",15.4627089958372,"CD8-41BB","aucell_naive_memory_score",0.0911578947368421,"naive_memory"
"TGCTGGTTCGAAGGCCATCCCAAC-1","slingPseudotime_1",15.4627089958372,"CD8-41BB","aucell_cytotoxic_score",0.476040021063718,"cytotoxic"
"TGCTGGTTCGAAGGCCATCCCAAC-1","slingPseudotime_2",16.4346265951917,"CD8-41BB","aucell_exhausted_score",0.0187818149903458,"exhausted"
"TGCTGGTTCGAAGGCCATCCCAAC-1","slingPseudotime_2",16.4346265951917,"CD8-41BB","aucell_proliferating_score",0,"proliferating"
"TGCTGGTTCGAAGGCCATCCCAAC-1","slingPseudotime_2",16.4346265951917,"CD8-41BB","aucell_naive_memory_score",0.0911578947368421,"naive_memory"
"TGCTGGTTCGAAGGCCATCCCAAC-1","slingPseudotime_2",16.4346265951917,"CD8-41BB","aucell_cytotoxic_score",0.476040021063718,"cytotoxic"
"TGGCATGAGCGCAAGCATCCCAAC-1","slingPseudotime_1",13.7978425689528,"CD8-41BB","aucell_exhausted_score",0,"exhausted"
"TGGCATGAGCGCAAGCATCCCAAC-1","slingPseudotime_1",13.7978425689528,"CD8-41BB","aucell_proliferating_score",0,"proliferating"
"TGGCATGAGCGCAAGCATCCCAAC-1","slingPseudotime_1",13.7978425689528,"CD8-41BB","aucell_naive_memory_score",0,"naive_memory"
"TGGCATGAGCGCAAGCATCCCAAC-1","slingPseudotime_1",13.7978425689528,"CD8-41BB","aucell_cytotoxic_score",0.32982271370897,"cytotoxic"
"TGGCATGAGCGCAAGCATCCCAAC-1","slingPseudotime_2",14.6120079060976,"CD8-41BB","aucell_exhausted_score",0,"exhausted"
"TGGCATGAGCGCAAGCATCCCAAC-1","slingPseudotime_2",14.6120079060976,"CD8-41BB","aucell_proliferating_score",0,"proliferating"
"TGGCATGAGCGCAAGCATCCCAAC-1","slingPseudotime_2",14.6120079060976,"CD8-41BB","aucell_naive_memory_score",0,"naive_memory"
"TGGCATGAGCGCAAGCATCCCAAC-1","slingPseudotime_2",14.6120079060976,"CD8-41BB","aucell_cytotoxic_score",0.32982271370897,"cytotoxic"
"TGGCTACTCAGCGGGTATCCCAAC-1","slingPseudotime_1",20.6541318756997,"CD8-41BB","aucell_exhausted_score",0.190626645602949,"exhausted"
"TGGCTACTCAGCGGGTATCCCAAC-1","slingPseudotime_1",20.6541318756997,"CD8-41BB","aucell_proliferating_score",0,"proliferating"
"TGGCTACTCAGCGGGTATCCCAAC-1","slingPseudotime_1",20.6541318756997,"CD8-41BB","aucell_naive_memory_score",0,"naive_memory"
"TGGCTACTCAGCGGGTATCCCAAC-1","slingPseudotime_1",20.6541318756997,"CD8-41BB","aucell_cytotoxic_score",0.360189573459716,"cytotoxic"
"TGGCTACTCAGCGGGTATCCCAAC-1","slingPseudotime_2",29.3944073879284,"CD8-41BB","aucell_exhausted_score",0.190626645602949,"exhausted"
"TGGCTACTCAGCGGGTATCCCAAC-1","slingPseudotime_2",29.3944073879284,"CD8-41BB","aucell_proliferating_score",0,"proliferating"
"TGGCTACTCAGCGGGTATCCCAAC-1","slingPseudotime_2",29.3944073879284,"CD8-41BB","aucell_naive_memory_score",0,"naive_memory"
"TGGCTACTCAGCGGGTATCCCAAC-1","slingPseudotime_2",29.3944073879284,"CD8-41BB","aucell_cytotoxic_score",0.360189573459716,"cytotoxic"
"TGGGTCCGTTTGTAGCATCCCAAC-1","slingPseudotime_1",8.79456825166131,"CD8-41BB","aucell_exhausted_score",0,"exhausted"
"TGGGTCCGTTTGTAGCATCCCAAC-1","slingPseudotime_1",8.79456825166131,"CD8-41BB","aucell_proliferating_score",0,"proliferating"
"TGGGTCCGTTTGTAGCATCCCAAC-1","slingPseudotime_1",8.79456825166131,"CD8-41BB","aucell_naive_memory_score",0.0202105263157895,"naive_memory"
"TGGGTCCGTTTGTAGCATCCCAAC-1","slingPseudotime_1",8.79456825166131,"CD8-41BB","aucell_cytotoxic_score",0.404949973670353,"cytotoxic"
"TGGGTCCGTTTGTAGCATCCCAAC-1","slingPseudotime_2",29.423219582344,"CD8-41BB","aucell_exhausted_score",0,"exhausted"
"TGGGTCCGTTTGTAGCATCCCAAC-1","slingPseudotime_2",29.423219582344,"CD8-41BB","aucell_proliferating_score",0,"proliferating"
"TGGGTCCGTTTGTAGCATCCCAAC-1","slingPseudotime_2",29.423219582344,"CD8-41BB","aucell_naive_memory_score",0.0202105263157895,"naive_memory"
"TGGGTCCGTTTGTAGCATCCCAAC-1","slingPseudotime_2",29.423219582344,"CD8-41BB","aucell_cytotoxic_score",0.404949973670353,"cytotoxic"
"TGGTAATCAATGTTCCATCCCAAC-1","slingPseudotime_1",48.4257947723108,"CD8-41BB","aucell_exhausted_score",0,"exhausted"
"TGGTAATCAATGTTCCATCCCAAC-1","slingPseudotime_1",48.4257947723108,"CD8-41BB","aucell_proliferating_score",0.348631578947368,"proliferating"
"TGGTAATCAATGTTCCATCCCAAC-1","slingPseudotime_1",48.4257947723108,"CD8-41BB","aucell_naive_memory_score",0,"naive_memory"
"TGGTAATCAATGTTCCATCCCAAC-1","slingPseudotime_1",48.4257947723108,"CD8-41BB","aucell_cytotoxic_score",0.220642443391259,"cytotoxic"
"TGGTAGTAGGCAATCGATCCCAAC-1","slingPseudotime_1",9.11159913707468,"CD8-41BB","aucell_exhausted_score",0,"exhausted"
"TGGTAGTAGGCAATCGATCCCAAC-1","slingPseudotime_1",9.11159913707468,"CD8-41BB","aucell_proliferating_score",0,"proliferating"
"TGGTAGTAGGCAATCGATCCCAAC-1","slingPseudotime_1",9.11159913707468,"CD8-41BB","aucell_naive_memory_score",0.0208421052631579,"naive_memory"
"TGGTAGTAGGCAATCGATCCCAAC-1","slingPseudotime_1",9.11159913707468,"CD8-41BB","aucell_cytotoxic_score",0,"cytotoxic"
"TGGTAGTAGGCAATCGATCCCAAC-1","slingPseudotime_2",9.80643377330438,"CD8-41BB","aucell_exhausted_score",0,"exhausted"
"TGGTAGTAGGCAATCGATCCCAAC-1","slingPseudotime_2",9.80643377330438,"CD8-41BB","aucell_proliferating_score",0,"proliferating"
"TGGTAGTAGGCAATCGATCCCAAC-1","slingPseudotime_2",9.80643377330438,"CD8-41BB","aucell_naive_memory_score",0.0208421052631579,"naive_memory"
"TGGTAGTAGGCAATCGATCCCAAC-1","slingPseudotime_2",9.80643377330438,"CD8-41BB","aucell_cytotoxic_score",0,"cytotoxic"
"TGGTCAACAGGATTATATCCCAAC-1","slingPseudotime_1",17.7963277997658,"CD8-41BB","aucell_exhausted_score",0.427944532209935,"exhausted"
"TGGTCAACAGGATTATATCCCAAC-1","slingPseudotime_1",17.7963277997658,"CD8-41BB","aucell_proliferating_score",0,"proliferating"
"TGGTCAACAGGATTATATCCCAAC-1","slingPseudotime_1",17.7963277997658,"CD8-41BB","aucell_naive_memory_score",0,"naive_memory"
"TGGTCAACAGGATTATATCCCAAC-1","slingPseudotime_1",17.7963277997658,"CD8-41BB","aucell_cytotoxic_score",0.459891170791645,"cytotoxic"
"TGGTCAACAGGATTATATCCCAAC-1","slingPseudotime_2",19.3886177208615,"CD8-41BB","aucell_exhausted_score",0.427944532209935,"exhausted"
"TGGTCAACAGGATTATATCCCAAC-1","slingPseudotime_2",19.3886177208615,"CD8-41BB","aucell_proliferating_score",0,"proliferating"
"TGGTCAACAGGATTATATCCCAAC-1","slingPseudotime_2",19.3886177208615,"CD8-41BB","aucell_naive_memory_score",0,"naive_memory"
"TGGTCAACAGGATTATATCCCAAC-1","slingPseudotime_2",19.3886177208615,"CD8-41BB","aucell_cytotoxic_score",0.459891170791645,"cytotoxic"
"TGGTCAACATGCGCCTATCCCAAC-1","slingPseudotime_1",23.4467433342604,"CD8-41BB","aucell_exhausted_score",0.153238546603476,"exhausted"
"TGGTCAACATGCGCCTATCCCAAC-1","slingPseudotime_1",23.4467433342604,"CD8-41BB","aucell_proliferating_score",0,"proliferating"
"TGGTCAACATGCGCCTATCCCAAC-1","slingPseudotime_1",23.4467433342604,"CD8-41BB","aucell_naive_memory_score",0.154526315789474,"naive_memory"
"TGGTCAACATGCGCCTATCCCAAC-1","slingPseudotime_1",23.4467433342604,"CD8-41BB","aucell_cytotoxic_score",0.313673863436897,"cytotoxic"
"TGGTCAACATGCGCCTATCCCAAC-1","slingPseudotime_2",29.1422622478169,"CD8-41BB","aucell_exhausted_score",0.153238546603476,"exhausted"
"TGGTCAACATGCGCCTATCCCAAC-1","slingPseudotime_2",29.1422622478169,"CD8-41BB","aucell_proliferating_score",0,"proliferating"
"TGGTCAACATGCGCCTATCCCAAC-1","slingPseudotime_2",29.1422622478169,"CD8-41BB","aucell_naive_memory_score",0.154526315789474,"naive_memory"
"TGGTCAACATGCGCCTATCCCAAC-1","slingPseudotime_2",29.1422622478169,"CD8-41BB","aucell_cytotoxic_score",0.313673863436897,"cytotoxic"
"TGGTGAAGTCCTGACAATCCCAAC-1","slingPseudotime_1",3.18690499048486,"CD8-41BB","aucell_exhausted_score",0,"exhausted"
"TGGTGAAGTCCTGACAATCCCAAC-1","slingPseudotime_1",3.18690499048486,"CD8-41BB","aucell_proliferating_score",0,"proliferating"
"TGGTGAAGTCCTGACAATCCCAAC-1","slingPseudotime_1",3.18690499048486,"CD8-41BB","aucell_naive_memory_score",0.22,"naive_memory"
"TGGTGAAGTCCTGACAATCCCAAC-1","slingPseudotime_1",3.18690499048486,"CD8-41BB","aucell_cytotoxic_score",0.199754256626295,"cytotoxic"
"TGGTGAAGTCCTGACAATCCCAAC-1","slingPseudotime_2",3.84224534457221,"CD8-41BB","aucell_exhausted_score",0,"exhausted"
"TGGTGAAGTCCTGACAATCCCAAC-1","slingPseudotime_2",3.84224534457221,"CD8-41BB","aucell_proliferating_score",0,"proliferating"
"TGGTGAAGTCCTGACAATCCCAAC-1","slingPseudotime_2",3.84224534457221,"CD8-41BB","aucell_naive_memory_score",0.22,"naive_memory"
"TGGTGAAGTCCTGACAATCCCAAC-1","slingPseudotime_2",3.84224534457221,"CD8-41BB","aucell_cytotoxic_score",0.199754256626295,"cytotoxic"
"TGGTGCTTCTATCGGCATCCCAAC-1","slingPseudotime_1",14.8681368730188,"CD8-41BB","aucell_exhausted_score",0.0152711953659821,"exhausted"
"TGGTGCTTCTATCGGCATCCCAAC-1","slingPseudotime_1",14.8681368730188,"CD8-41BB","aucell_proliferating_score",0,"proliferating"
"TGGTGCTTCTATCGGCATCCCAAC-1","slingPseudotime_1",14.8681368730188,"CD8-41BB","aucell_naive_memory_score",0,"naive_memory"
"TGGTGCTTCTATCGGCATCCCAAC-1","slingPseudotime_1",14.8681368730188,"CD8-41BB","aucell_cytotoxic_score",0.32403019132877,"cytotoxic"
"TGGTGCTTCTATCGGCATCCCAAC-1","slingPseudotime_2",15.6753309074251,"CD8-41BB","aucell_exhausted_score",0.0152711953659821,"exhausted"
"TGGTGCTTCTATCGGCATCCCAAC-1","slingPseudotime_2",15.6753309074251,"CD8-41BB","aucell_proliferating_score",0,"proliferating"
"TGGTGCTTCTATCGGCATCCCAAC-1","slingPseudotime_2",15.6753309074251,"CD8-41BB","aucell_naive_memory_score",0,"naive_memory"
"TGGTGCTTCTATCGGCATCCCAAC-1","slingPseudotime_2",15.6753309074251,"CD8-41BB","aucell_cytotoxic_score",0.32403019132877,"cytotoxic"
"TGGTGTGAGTTAGGGTATCCCAAC-1","slingPseudotime_1",24.2266905539341,"CD8-41BB","aucell_exhausted_score",0.309987712831315,"exhausted"
"TGGTGTGAGTTAGGGTATCCCAAC-1","slingPseudotime_1",24.2266905539341,"CD8-41BB","aucell_proliferating_score",0,"proliferating"
"TGGTGTGAGTTAGGGTATCCCAAC-1","slingPseudotime_1",24.2266905539341,"CD8-41BB","aucell_naive_memory_score",0,"naive_memory"
"TGGTGTGAGTTAGGGTATCCCAAC-1","slingPseudotime_1",24.2266905539341,"CD8-41BB","aucell_cytotoxic_score",0.456907144110936,"cytotoxic"
"TGGTGTGAGTTAGGGTATCCCAAC-1","slingPseudotime_2",24.5414724102194,"CD8-41BB","aucell_exhausted_score",0.309987712831315,"exhausted"
"TGGTGTGAGTTAGGGTATCCCAAC-1","slingPseudotime_2",24.5414724102194,"CD8-41BB","aucell_proliferating_score",0,"proliferating"
"TGGTGTGAGTTAGGGTATCCCAAC-1","slingPseudotime_2",24.5414724102194,"CD8-41BB","aucell_naive_memory_score",0,"naive_memory"
"TGGTGTGAGTTAGGGTATCCCAAC-1","slingPseudotime_2",24.5414724102194,"CD8-41BB","aucell_cytotoxic_score",0.456907144110936,"cytotoxic"
"TGGTTACGTCACGATTATCCCAAC-1","slingPseudotime_1",42.9006598125656,"CD8-41BB","aucell_exhausted_score",0,"exhausted"
"TGGTTACGTCACGATTATCCCAAC-1","slingPseudotime_1",42.9006598125656,"CD8-41BB","aucell_proliferating_score",0.258526315789474,"proliferating"
"TGGTTACGTCACGATTATCCCAAC-1","slingPseudotime_1",42.9006598125656,"CD8-41BB","aucell_naive_memory_score",0,"naive_memory"
"TGGTTACGTCACGATTATCCCAAC-1","slingPseudotime_1",42.9006598125656,"CD8-41BB","aucell_cytotoxic_score",0,"cytotoxic"
"TGGTTACGTGGCGTAGATCCCAAC-1","slingPseudotime_1",27.3242705335381,"CD8-41BB","aucell_exhausted_score",0.0533614182903282,"exhausted"
"TGGTTACGTGGCGTAGATCCCAAC-1","slingPseudotime_1",27.3242705335381,"CD8-41BB","aucell_proliferating_score",0,"proliferating"
"TGGTTACGTGGCGTAGATCCCAAC-1","slingPseudotime_1",27.3242705335381,"CD8-41BB","aucell_naive_memory_score",0.117052631578947,"naive_memory"
"TGGTTACGTGGCGTAGATCCCAAC-1","slingPseudotime_1",27.3242705335381,"CD8-41BB","aucell_cytotoxic_score",0.280147446024223,"cytotoxic"
"TGGTTACGTGGCGTAGATCCCAAC-1","slingPseudotime_2",26.2089847355456,"CD8-41BB","aucell_exhausted_score",0.0533614182903282,"exhausted"
"TGGTTACGTGGCGTAGATCCCAAC-1","slingPseudotime_2",26.2089847355456,"CD8-41BB","aucell_proliferating_score",0,"proliferating"
"TGGTTACGTGGCGTAGATCCCAAC-1","slingPseudotime_2",26.2089847355456,"CD8-41BB","aucell_naive_memory_score",0.117052631578947,"naive_memory"
"TGGTTACGTGGCGTAGATCCCAAC-1","slingPseudotime_2",26.2089847355456,"CD8-41BB","aucell_cytotoxic_score",0.280147446024223,"cytotoxic"
"TGTAACCGTGGCCCATATCCCAAC-1","slingPseudotime_1",19.743415510511,"CD8-41BB","aucell_exhausted_score",0,"exhausted"
"TGTAACCGTGGCCCATATCCCAAC-1","slingPseudotime_1",19.743415510511,"CD8-41BB","aucell_proliferating_score",0,"proliferating"
"TGTAACCGTGGCCCATATCCCAAC-1","slingPseudotime_1",19.743415510511,"CD8-41BB","aucell_naive_memory_score",0,"naive_memory"
"TGTAACCGTGGCCCATATCCCAAC-1","slingPseudotime_1",19.743415510511,"CD8-41BB","aucell_cytotoxic_score",0.331578023521152,"cytotoxic"
"TGTAACCGTGGCCCATATCCCAAC-1","slingPseudotime_2",20.7642014447831,"CD8-41BB","aucell_exhausted_score",0,"exhausted"
"TGTAACCGTGGCCCATATCCCAAC-1","slingPseudotime_2",20.7642014447831,"CD8-41BB","aucell_proliferating_score",0,"proliferating"
"TGTAACCGTGGCCCATATCCCAAC-1","slingPseudotime_2",20.7642014447831,"CD8-41BB","aucell_naive_memory_score",0,"naive_memory"
"TGTAACCGTGGCCCATATCCCAAC-1","slingPseudotime_2",20.7642014447831,"CD8-41BB","aucell_cytotoxic_score",0.331578023521152,"cytotoxic"
"TGTAACTTCAGGGCACATCCCAAC-1","slingPseudotime_1",15.1352580146255,"CD8-41BB","aucell_exhausted_score",0.131472704932421,"exhausted"
"TGTAACTTCAGGGCACATCCCAAC-1","slingPseudotime_1",15.1352580146255,"CD8-41BB","aucell_proliferating_score",0,"proliferating"
"TGTAACTTCAGGGCACATCCCAAC-1","slingPseudotime_1",15.1352580146255,"CD8-41BB","aucell_naive_memory_score",0,"naive_memory"
"TGTAACTTCAGGGCACATCCCAAC-1","slingPseudotime_1",15.1352580146255,"CD8-41BB","aucell_cytotoxic_score",0.323854660347551,"cytotoxic"
"TGTAACTTCAGGGCACATCCCAAC-1","slingPseudotime_2",16.1502586286412,"CD8-41BB","aucell_exhausted_score",0.131472704932421,"exhausted"
"TGTAACTTCAGGGCACATCCCAAC-1","slingPseudotime_2",16.1502586286412,"CD8-41BB","aucell_proliferating_score",0,"proliferating"
"TGTAACTTCAGGGCACATCCCAAC-1","slingPseudotime_2",16.1502586286412,"CD8-41BB","aucell_naive_memory_score",0,"naive_memory"
"TGTAACTTCAGGGCACATCCCAAC-1","slingPseudotime_2",16.1502586286412,"CD8-41BB","aucell_cytotoxic_score",0.323854660347551,"cytotoxic"
"TGTAACTTCTAAGTCTATCCCAAC-1","slingPseudotime_1",13.3409657579598,"CD8-41BB","aucell_exhausted_score",0.193786203264876,"exhausted"
"TGTAACTTCTAAGTCTATCCCAAC-1","slingPseudotime_1",13.3409657579598,"CD8-41BB","aucell_proliferating_score",0,"proliferating"
"TGTAACTTCTAAGTCTATCCCAAC-1","slingPseudotime_1",13.3409657579598,"CD8-41BB","aucell_naive_memory_score",0,"naive_memory"
"TGTAACTTCTAAGTCTATCCCAAC-1","slingPseudotime_1",13.3409657579598,"CD8-41BB","aucell_cytotoxic_score",0.319641916798315,"cytotoxic"
"TGTAACTTCTAAGTCTATCCCAAC-1","slingPseudotime_2",14.0329537349906,"CD8-41BB","aucell_exhausted_score",0.193786203264876,"exhausted"
"TGTAACTTCTAAGTCTATCCCAAC-1","slingPseudotime_2",14.0329537349906,"CD8-41BB","aucell_proliferating_score",0,"proliferating"
"TGTAACTTCTAAGTCTATCCCAAC-1","slingPseudotime_2",14.0329537349906,"CD8-41BB","aucell_naive_memory_score",0,"naive_memory"
"TGTAACTTCTAAGTCTATCCCAAC-1","slingPseudotime_2",14.0329537349906,"CD8-41BB","aucell_cytotoxic_score",0.319641916798315,"cytotoxic"
"TGTATTGGTAGGTGACATCCCAAC-1","slingPseudotime_1",22.7419584837271,"CD8-41BB","aucell_exhausted_score",0.165876777251185,"exhausted"
"TGTATTGGTAGGTGACATCCCAAC-1","slingPseudotime_1",22.7419584837271,"CD8-41BB","aucell_proliferating_score",0,"proliferating"
"TGTATTGGTAGGTGACATCCCAAC-1","slingPseudotime_1",22.7419584837271,"CD8-41BB","aucell_naive_memory_score",0,"naive_memory"
"TGTATTGGTAGGTGACATCCCAAC-1","slingPseudotime_1",22.7419584837271,"CD8-41BB","aucell_cytotoxic_score",0.588555380024574,"cytotoxic"
"TGTATTGGTAGGTGACATCCCAAC-1","slingPseudotime_2",22.9120604544603,"CD8-41BB","aucell_exhausted_score",0.165876777251185,"exhausted"
"TGTATTGGTAGGTGACATCCCAAC-1","slingPseudotime_2",22.9120604544603,"CD8-41BB","aucell_proliferating_score",0,"proliferating"
"TGTATTGGTAGGTGACATCCCAAC-1","slingPseudotime_2",22.9120604544603,"CD8-41BB","aucell_naive_memory_score",0,"naive_memory"
"TGTATTGGTAGGTGACATCCCAAC-1","slingPseudotime_2",22.9120604544603,"CD8-41BB","aucell_cytotoxic_score",0.588555380024574,"cytotoxic"
"TGTCGAGAGTTTGAGAATCCCAAC-1","slingPseudotime_1",23.1903748124893,"CD8-41BB","aucell_exhausted_score",0.560997015973319,"exhausted"
"TGTCGAGAGTTTGAGAATCCCAAC-1","slingPseudotime_1",23.1903748124893,"CD8-41BB","aucell_proliferating_score",0,"proliferating"
"TGTCGAGAGTTTGAGAATCCCAAC-1","slingPseudotime_1",23.1903748124893,"CD8-41BB","aucell_naive_memory_score",0.0745263157894737,"naive_memory"
"TGTCGAGAGTTTGAGAATCCCAAC-1","slingPseudotime_1",23.1903748124893,"CD8-41BB","aucell_cytotoxic_score",0.499210110584518,"cytotoxic"
"TGTCGAGAGTTTGAGAATCCCAAC-1","slingPseudotime_2",24.085577407303,"CD8-41BB","aucell_exhausted_score",0.560997015973319,"exhausted"
"TGTCGAGAGTTTGAGAATCCCAAC-1","slingPseudotime_2",24.085577407303,"CD8-41BB","aucell_proliferating_score",0,"proliferating"
"TGTCGAGAGTTTGAGAATCCCAAC-1","slingPseudotime_2",24.085577407303,"CD8-41BB","aucell_naive_memory_score",0.0745263157894737,"naive_memory"
"TGTCGAGAGTTTGAGAATCCCAAC-1","slingPseudotime_2",24.085577407303,"CD8-41BB","aucell_cytotoxic_score",0.499210110584518,"cytotoxic"
"TGTCTTGAGCATCCCGATCCCAAC-1","slingPseudotime_1",30.4510279185645,"CD8-41BB","aucell_exhausted_score",0.151483236791294,"exhausted"
"TGTCTTGAGCATCCCGATCCCAAC-1","slingPseudotime_1",30.4510279185645,"CD8-41BB","aucell_proliferating_score",0,"proliferating"
"TGTCTTGAGCATCCCGATCCCAAC-1","slingPseudotime_1",30.4510279185645,"CD8-41BB","aucell_naive_memory_score",0,"naive_memory"
"TGTCTTGAGCATCCCGATCCCAAC-1","slingPseudotime_1",30.4510279185645,"CD8-41BB","aucell_cytotoxic_score",0.30559943830086,"cytotoxic"
"TGTGAGGTCAACTGGGATCCCAAC-1","slingPseudotime_1",8.73950612868904,"CD8-41BB","aucell_exhausted_score",0,"exhausted"
"TGTGAGGTCAACTGGGATCCCAAC-1","slingPseudotime_1",8.73950612868904,"CD8-41BB","aucell_proliferating_score",0,"proliferating"
"TGTGAGGTCAACTGGGATCCCAAC-1","slingPseudotime_1",8.73950612868904,"CD8-41BB","aucell_naive_memory_score",0.250947368421053,"naive_memory"
"TGTGAGGTCAACTGGGATCCCAAC-1","slingPseudotime_1",8.73950612868904,"CD8-41BB","aucell_cytotoxic_score",0.190451114621731,"cytotoxic"
"TGTGAGGTCAACTGGGATCCCAAC-1","slingPseudotime_2",9.34995725504487,"CD8-41BB","aucell_exhausted_score",0,"exhausted"
"TGTGAGGTCAACTGGGATCCCAAC-1","slingPseudotime_2",9.34995725504487,"CD8-41BB","aucell_proliferating_score",0,"proliferating"
"TGTGAGGTCAACTGGGATCCCAAC-1","slingPseudotime_2",9.34995725504487,"CD8-41BB","aucell_naive_memory_score",0.250947368421053,"naive_memory"
"TGTGAGGTCAACTGGGATCCCAAC-1","slingPseudotime_2",9.34995725504487,"CD8-41BB","aucell_cytotoxic_score",0.190451114621731,"cytotoxic"
"TGTGCTGGTTCATTAGATCCCAAC-1","slingPseudotime_1",5.36765592430665,"CD8-41BB","aucell_exhausted_score",0.160259785852203,"exhausted"
"TGTGCTGGTTCATTAGATCCCAAC-1","slingPseudotime_1",5.36765592430665,"CD8-41BB","aucell_proliferating_score",0,"proliferating"
"TGTGCTGGTTCATTAGATCCCAAC-1","slingPseudotime_1",5.36765592430665,"CD8-41BB","aucell_naive_memory_score",0,"naive_memory"
"TGTGCTGGTTCATTAGATCCCAAC-1","slingPseudotime_1",5.36765592430665,"CD8-41BB","aucell_cytotoxic_score",0.129366333157802,"cytotoxic"
"TGTGCTGGTTCATTAGATCCCAAC-1","slingPseudotime_2",6.00198729605521,"CD8-41BB","aucell_exhausted_score",0.160259785852203,"exhausted"
"TGTGCTGGTTCATTAGATCCCAAC-1","slingPseudotime_2",6.00198729605521,"CD8-41BB","aucell_proliferating_score",0,"proliferating"
"TGTGCTGGTTCATTAGATCCCAAC-1","slingPseudotime_2",6.00198729605521,"CD8-41BB","aucell_naive_memory_score",0,"naive_memory"
"TGTGCTGGTTCATTAGATCCCAAC-1","slingPseudotime_2",6.00198729605521,"CD8-41BB","aucell_cytotoxic_score",0.129366333157802,"cytotoxic"
"TGTGGCGCACCTTCTCATCCCAAC-1","slingPseudotime_1",6.50707061070595,"CD8-41BB","aucell_exhausted_score",0,"exhausted"
"TGTGGCGCACCTTCTCATCCCAAC-1","slingPseudotime_1",6.50707061070595,"CD8-41BB","aucell_proliferating_score",0,"proliferating"
"TGTGGCGCACCTTCTCATCCCAAC-1","slingPseudotime_1",6.50707061070595,"CD8-41BB","aucell_naive_memory_score",0.0644210526315789,"naive_memory"
"TGTGGCGCACCTTCTCATCCCAAC-1","slingPseudotime_1",6.50707061070595,"CD8-41BB","aucell_cytotoxic_score",0,"cytotoxic"
"TGTGGCGCACCTTCTCATCCCAAC-1","slingPseudotime_2",7.15481729314081,"CD8-41BB","aucell_exhausted_score",0,"exhausted"
"TGTGGCGCACCTTCTCATCCCAAC-1","slingPseudotime_2",7.15481729314081,"CD8-41BB","aucell_proliferating_score",0,"proliferating"
"TGTGGCGCACCTTCTCATCCCAAC-1","slingPseudotime_2",7.15481729314081,"CD8-41BB","aucell_naive_memory_score",0.0644210526315789,"naive_memory"
"TGTGGCGCACCTTCTCATCCCAAC-1","slingPseudotime_2",7.15481729314081,"CD8-41BB","aucell_cytotoxic_score",0,"cytotoxic"
"TGTGGCGCACGGATACATCCCAAC-1","slingPseudotime_1",4.88811921850505,"CD8-41BB","aucell_exhausted_score",0.256801825522205,"exhausted"
"TGTGGCGCACGGATACATCCCAAC-1","slingPseudotime_1",4.88811921850505,"CD8-41BB","aucell_proliferating_score",0,"proliferating"
"TGTGGCGCACGGATACATCCCAAC-1","slingPseudotime_1",4.88811921850505,"CD8-41BB","aucell_naive_memory_score",0.293894736842105,"naive_memory"
"TGTGGCGCACGGATACATCCCAAC-1","slingPseudotime_1",4.88811921850505,"CD8-41BB","aucell_cytotoxic_score",0.371599087238898,"cytotoxic"
"TGTGGCGCACGGATACATCCCAAC-1","slingPseudotime_2",5.55130818802971,"CD8-41BB","aucell_exhausted_score",0.256801825522205,"exhausted"
"TGTGGCGCACGGATACATCCCAAC-1","slingPseudotime_2",5.55130818802971,"CD8-41BB","aucell_proliferating_score",0,"proliferating"
"TGTGGCGCACGGATACATCCCAAC-1","slingPseudotime_2",5.55130818802971,"CD8-41BB","aucell_naive_memory_score",0.293894736842105,"naive_memory"
"TGTGGCGCACGGATACATCCCAAC-1","slingPseudotime_2",5.55130818802971,"CD8-41BB","aucell_cytotoxic_score",0.371599087238898,"cytotoxic"
"TGTGGGTCACATACCTATCCCAAC-1","slingPseudotime_1",16.4440417714172,"CD8-41BB","aucell_exhausted_score",0.185185185185185,"exhausted"
"TGTGGGTCACATACCTATCCCAAC-1","slingPseudotime_1",16.4440417714172,"CD8-41BB","aucell_proliferating_score",0,"proliferating"
"TGTGGGTCACATACCTATCCCAAC-1","slingPseudotime_1",16.4440417714172,"CD8-41BB","aucell_naive_memory_score",0,"naive_memory"
"TGTGGGTCACATACCTATCCCAAC-1","slingPseudotime_1",16.4440417714172,"CD8-41BB","aucell_cytotoxic_score",0.585746884325083,"cytotoxic"
"TGTGGGTCACATACCTATCCCAAC-1","slingPseudotime_2",17.634121658522,"CD8-41BB","aucell_exhausted_score",0.185185185185185,"exhausted"
"TGTGGGTCACATACCTATCCCAAC-1","slingPseudotime_2",17.634121658522,"CD8-41BB","aucell_proliferating_score",0,"proliferating"
"TGTGGGTCACATACCTATCCCAAC-1","slingPseudotime_2",17.634121658522,"CD8-41BB","aucell_naive_memory_score",0,"naive_memory"
"TGTGGGTCACATACCTATCCCAAC-1","slingPseudotime_2",17.634121658522,"CD8-41BB","aucell_cytotoxic_score",0.585746884325083,"cytotoxic"
"TGTTAGTTCAAGGTCGATCCCAAC-1","slingPseudotime_1",24.0164902463163,"CD8-41BB","aucell_exhausted_score",0.462173073547481,"exhausted"
"TGTTAGTTCAAGGTCGATCCCAAC-1","slingPseudotime_1",24.0164902463163,"CD8-41BB","aucell_proliferating_score",0,"proliferating"
"TGTTAGTTCAAGGTCGATCCCAAC-1","slingPseudotime_1",24.0164902463163,"CD8-41BB","aucell_naive_memory_score",0,"naive_memory"
"TGTTAGTTCAAGGTCGATCCCAAC-1","slingPseudotime_1",24.0164902463163,"CD8-41BB","aucell_cytotoxic_score",0.610496752676847,"cytotoxic"
"TGTTAGTTCAAGGTCGATCCCAAC-1","slingPseudotime_2",24.9954598861594,"CD8-41BB","aucell_exhausted_score",0.462173073547481,"exhausted"
"TGTTAGTTCAAGGTCGATCCCAAC-1","slingPseudotime_2",24.9954598861594,"CD8-41BB","aucell_proliferating_score",0,"proliferating"
"TGTTAGTTCAAGGTCGATCCCAAC-1","slingPseudotime_2",24.9954598861594,"CD8-41BB","aucell_naive_memory_score",0,"naive_memory"
"TGTTAGTTCAAGGTCGATCCCAAC-1","slingPseudotime_2",24.9954598861594,"CD8-41BB","aucell_cytotoxic_score",0.610496752676847,"cytotoxic"
"TGTTGCATCAGGTAACATCCCAAC-1","slingPseudotime_2",34.3130362741131,"CD8-41BB","aucell_exhausted_score",0.155169387396876,"exhausted"
"TGTTGCATCAGGTAACATCCCAAC-1","slingPseudotime_2",34.3130362741131,"CD8-41BB","aucell_proliferating_score",0,"proliferating"
"TGTTGCATCAGGTAACATCCCAAC-1","slingPseudotime_2",34.3130362741131,"CD8-41BB","aucell_naive_memory_score",0,"naive_memory"
"TGTTGCATCAGGTAACATCCCAAC-1","slingPseudotime_2",34.3130362741131,"CD8-41BB","aucell_cytotoxic_score",0.491837809373354,"cytotoxic"
"TGTTGTCCACCATCCAATCCCAAC-1","slingPseudotime_1",20.5052260493031,"CD8-41BB","aucell_exhausted_score",0.15955766192733,"exhausted"
"TGTTGTCCACCATCCAATCCCAAC-1","slingPseudotime_1",20.5052260493031,"CD8-41BB","aucell_proliferating_score",0,"proliferating"
"TGTTGTCCACCATCCAATCCCAAC-1","slingPseudotime_1",20.5052260493031,"CD8-41BB","aucell_naive_memory_score",0,"naive_memory"
"TGTTGTCCACCATCCAATCCCAAC-1","slingPseudotime_1",20.5052260493031,"CD8-41BB","aucell_cytotoxic_score",0.59768299104792,"cytotoxic"
"TGTTGTCCACCATCCAATCCCAAC-1","slingPseudotime_2",21.7678778118981,"CD8-41BB","aucell_exhausted_score",0.15955766192733,"exhausted"
"TGTTGTCCACCATCCAATCCCAAC-1","slingPseudotime_2",21.7678778118981,"CD8-41BB","aucell_proliferating_score",0,"proliferating"
"TGTTGTCCACCATCCAATCCCAAC-1","slingPseudotime_2",21.7678778118981,"CD8-41BB","aucell_naive_memory_score",0,"naive_memory"
"TGTTGTCCACCATCCAATCCCAAC-1","slingPseudotime_2",21.7678778118981,"CD8-41BB","aucell_cytotoxic_score",0.59768299104792,"cytotoxic"
"TGTTTCGAGGTTGCTCATCCCAAC-1","slingPseudotime_1",19.7159632801172,"CD8-41BB","aucell_exhausted_score",0.248902931367386,"exhausted"
"TGTTTCGAGGTTGCTCATCCCAAC-1","slingPseudotime_1",19.7159632801172,"CD8-41BB","aucell_proliferating_score",0,"proliferating"
"TGTTTCGAGGTTGCTCATCCCAAC-1","slingPseudotime_1",19.7159632801172,"CD8-41BB","aucell_naive_memory_score",0,"naive_memory"
"TGTTTCGAGGTTGCTCATCCCAAC-1","slingPseudotime_1",19.7159632801172,"CD8-41BB","aucell_cytotoxic_score",0.588906441987011,"cytotoxic"
"TGTTTCGAGGTTGCTCATCCCAAC-1","slingPseudotime_2",21.1699056283905,"CD8-41BB","aucell_exhausted_score",0.248902931367386,"exhausted"
"TGTTTCGAGGTTGCTCATCCCAAC-1","slingPseudotime_2",21.1699056283905,"CD8-41BB","aucell_proliferating_score",0,"proliferating"
"TGTTTCGAGGTTGCTCATCCCAAC-1","slingPseudotime_2",21.1699056283905,"CD8-41BB","aucell_naive_memory_score",0,"naive_memory"
"TGTTTCGAGGTTGCTCATCCCAAC-1","slingPseudotime_2",21.1699056283905,"CD8-41BB","aucell_cytotoxic_score",0.588906441987011,"cytotoxic"
"TTAACCGTCTATTGCGATCCCAAC-1","slingPseudotime_1",11.2171636054014,"CD8-41BB","aucell_exhausted_score",0,"exhausted"
"TTAACCGTCTATTGCGATCCCAAC-1","slingPseudotime_1",11.2171636054014,"CD8-41BB","aucell_proliferating_score",0,"proliferating"
"TTAACCGTCTATTGCGATCCCAAC-1","slingPseudotime_1",11.2171636054014,"CD8-41BB","aucell_naive_memory_score",0.180631578947368,"naive_memory"
"TTAACCGTCTATTGCGATCCCAAC-1","slingPseudotime_1",11.2171636054014,"CD8-41BB","aucell_cytotoxic_score",0.329998244690188,"cytotoxic"
"TTAACCGTCTATTGCGATCCCAAC-1","slingPseudotime_2",11.7988364382836,"CD8-41BB","aucell_exhausted_score",0,"exhausted"
"TTAACCGTCTATTGCGATCCCAAC-1","slingPseudotime_2",11.7988364382836,"CD8-41BB","aucell_proliferating_score",0,"proliferating"
"TTAACCGTCTATTGCGATCCCAAC-1","slingPseudotime_2",11.7988364382836,"CD8-41BB","aucell_naive_memory_score",0.180631578947368,"naive_memory"
"TTAACCGTCTATTGCGATCCCAAC-1","slingPseudotime_2",11.7988364382836,"CD8-41BB","aucell_cytotoxic_score",0.329998244690188,"cytotoxic"
"TTAACCGTCTCAAGAAATCCCAAC-1","slingPseudotime_1",9.11159913707468,"CD8-41BB","aucell_exhausted_score",0,"exhausted"
"TTAACCGTCTCAAGAAATCCCAAC-1","slingPseudotime_1",9.11159913707468,"CD8-41BB","aucell_proliferating_score",0,"proliferating"
"TTAACCGTCTCAAGAAATCCCAAC-1","slingPseudotime_1",9.11159913707468,"CD8-41BB","aucell_naive_memory_score",0.193473684210526,"naive_memory"
"TTAACCGTCTCAAGAAATCCCAAC-1","slingPseudotime_1",9.11159913707468,"CD8-41BB","aucell_cytotoxic_score",0.107600491486747,"cytotoxic"
"TTAACCGTCTCAAGAAATCCCAAC-1","slingPseudotime_2",9.7680424845031,"CD8-41BB","aucell_exhausted_score",0,"exhausted"
"TTAACCGTCTCAAGAAATCCCAAC-1","slingPseudotime_2",9.7680424845031,"CD8-41BB","aucell_proliferating_score",0,"proliferating"
"TTAACCGTCTCAAGAAATCCCAAC-1","slingPseudotime_2",9.7680424845031,"CD8-41BB","aucell_naive_memory_score",0.193473684210526,"naive_memory"
"TTAACCGTCTCAAGAAATCCCAAC-1","slingPseudotime_2",9.7680424845031,"CD8-41BB","aucell_cytotoxic_score",0.107600491486747,"cytotoxic"
"TTACTTCGTCATGATCATCCCAAC-1","slingPseudotime_1",26.353297694426,"CD8-41BB","aucell_exhausted_score",0.415481832543444,"exhausted"
"TTACTTCGTCATGATCATCCCAAC-1","slingPseudotime_1",26.353297694426,"CD8-41BB","aucell_proliferating_score",0,"proliferating"
"TTACTTCGTCATGATCATCCCAAC-1","slingPseudotime_1",26.353297694426,"CD8-41BB","aucell_naive_memory_score",0,"naive_memory"
"TTACTTCGTCATGATCATCCCAAC-1","slingPseudotime_1",26.353297694426,"CD8-41BB","aucell_cytotoxic_score",0.483236791293663,"cytotoxic"
"TTACTTCGTCATGATCATCCCAAC-1","slingPseudotime_2",25.2246539883878,"CD8-41BB","aucell_exhausted_score",0.415481832543444,"exhausted"
"TTACTTCGTCATGATCATCCCAAC-1","slingPseudotime_2",25.2246539883878,"CD8-41BB","aucell_proliferating_score",0,"proliferating"
"TTACTTCGTCATGATCATCCCAAC-1","slingPseudotime_2",25.2246539883878,"CD8-41BB","aucell_naive_memory_score",0,"naive_memory"
"TTACTTCGTCATGATCATCCCAAC-1","slingPseudotime_2",25.2246539883878,"CD8-41BB","aucell_cytotoxic_score",0.483236791293663,"cytotoxic"
"TTACTTGCAGCTACCCATCCCAAC-1","slingPseudotime_1",22.0971226731719,"CD8-41BB","aucell_exhausted_score",0.255397577672459,"exhausted"
"TTACTTGCAGCTACCCATCCCAAC-1","slingPseudotime_1",22.0971226731719,"CD8-41BB","aucell_proliferating_score",0.113684210526316,"proliferating"
"TTACTTGCAGCTACCCATCCCAAC-1","slingPseudotime_1",22.0971226731719,"CD8-41BB","aucell_naive_memory_score",0.167157894736842,"naive_memory"
"TTACTTGCAGCTACCCATCCCAAC-1","slingPseudotime_1",22.0971226731719,"CD8-41BB","aucell_cytotoxic_score",0.722134456731613,"cytotoxic"
"TTACTTGCAGCTACCCATCCCAAC-1","slingPseudotime_2",24.0055147850944,"CD8-41BB","aucell_exhausted_score",0.255397577672459,"exhausted"
"TTACTTGCAGCTACCCATCCCAAC-1","slingPseudotime_2",24.0055147850944,"CD8-41BB","aucell_proliferating_score",0.113684210526316,"proliferating"
"TTACTTGCAGCTACCCATCCCAAC-1","slingPseudotime_2",24.0055147850944,"CD8-41BB","aucell_naive_memory_score",0.167157894736842,"naive_memory"
"TTACTTGCAGCTACCCATCCCAAC-1","slingPseudotime_2",24.0055147850944,"CD8-41BB","aucell_cytotoxic_score",0.722134456731613,"cytotoxic"
"TTAGAGCAGTTTCCAGATCCCAAC-1","slingPseudotime_1",5.96988645632977,"CD8-41BB","aucell_exhausted_score",0,"exhausted"
"TTAGAGCAGTTTCCAGATCCCAAC-1","slingPseudotime_1",5.96988645632977,"CD8-41BB","aucell_proliferating_score",0,"proliferating"
"TTAGAGCAGTTTCCAGATCCCAAC-1","slingPseudotime_1",5.96988645632977,"CD8-41BB","aucell_naive_memory_score",0,"naive_memory"
"TTAGAGCAGTTTCCAGATCCCAAC-1","slingPseudotime_1",5.96988645632977,"CD8-41BB","aucell_cytotoxic_score",0.169913989819203,"cytotoxic"
"TTAGAGCAGTTTCCAGATCCCAAC-1","slingPseudotime_2",6.59029338744214,"CD8-41BB","aucell_exhausted_score",0,"exhausted"
"TTAGAGCAGTTTCCAGATCCCAAC-1","slingPseudotime_2",6.59029338744214,"CD8-41BB","aucell_proliferating_score",0,"proliferating"
"TTAGAGCAGTTTCCAGATCCCAAC-1","slingPseudotime_2",6.59029338744214,"CD8-41BB","aucell_naive_memory_score",0,"naive_memory"
"TTAGAGCAGTTTCCAGATCCCAAC-1","slingPseudotime_2",6.59029338744214,"CD8-41BB","aucell_cytotoxic_score",0.169913989819203,"cytotoxic"
"TTAGCGGAGCATGTGGATCCCAAC-1","slingPseudotime_1",23.8517476884013,"CD8-41BB","aucell_exhausted_score",0.315429173249078,"exhausted"
"TTAGCGGAGCATGTGGATCCCAAC-1","slingPseudotime_1",23.8517476884013,"CD8-41BB","aucell_proliferating_score",0.0170526315789474,"proliferating"
"TTAGCGGAGCATGTGGATCCCAAC-1","slingPseudotime_1",23.8517476884013,"CD8-41BB","aucell_naive_memory_score",0.159157894736842,"naive_memory"
"TTAGCGGAGCATGTGGATCCCAAC-1","slingPseudotime_1",23.8517476884013,"CD8-41BB","aucell_cytotoxic_score",0.547130068457083,"cytotoxic"
"TTAGCGGAGCATGTGGATCCCAAC-1","slingPseudotime_2",25.7228179377403,"CD8-41BB","aucell_exhausted_score",0.315429173249078,"exhausted"
"TTAGCGGAGCATGTGGATCCCAAC-1","slingPseudotime_2",25.7228179377403,"CD8-41BB","aucell_proliferating_score",0.0170526315789474,"proliferating"
"TTAGCGGAGCATGTGGATCCCAAC-1","slingPseudotime_2",25.7228179377403,"CD8-41BB","aucell_naive_memory_score",0.159157894736842,"naive_memory"
"TTAGCGGAGCATGTGGATCCCAAC-1","slingPseudotime_2",25.7228179377403,"CD8-41BB","aucell_cytotoxic_score",0.547130068457083,"cytotoxic"
"TTAGGTTTCAGTAGGTATCCCAAC-1","slingPseudotime_1",26.6479869067507,"CD8-41BB","aucell_exhausted_score",0.0121116377040548,"exhausted"
"TTAGGTTTCAGTAGGTATCCCAAC-1","slingPseudotime_1",26.6479869067507,"CD8-41BB","aucell_proliferating_score",0,"proliferating"
"TTAGGTTTCAGTAGGTATCCCAAC-1","slingPseudotime_1",26.6479869067507,"CD8-41BB","aucell_naive_memory_score",0.275157894736842,"naive_memory"
"TTAGGTTTCAGTAGGTATCCCAAC-1","slingPseudotime_1",26.6479869067507,"CD8-41BB","aucell_cytotoxic_score",0.385817096717571,"cytotoxic"
"TTAGGTTTCAGTAGGTATCCCAAC-1","slingPseudotime_2",26.2089847355456,"CD8-41BB","aucell_exhausted_score",0.0121116377040548,"exhausted"
"TTAGGTTTCAGTAGGTATCCCAAC-1","slingPseudotime_2",26.2089847355456,"CD8-41BB","aucell_proliferating_score",0,"proliferating"
"TTAGGTTTCAGTAGGTATCCCAAC-1","slingPseudotime_2",26.2089847355456,"CD8-41BB","aucell_naive_memory_score",0.275157894736842,"naive_memory"
"TTAGGTTTCAGTAGGTATCCCAAC-1","slingPseudotime_2",26.2089847355456,"CD8-41BB","aucell_cytotoxic_score",0.385817096717571,"cytotoxic"
"TTATAGCTCGAGCTAGATCCCAAC-1","slingPseudotime_1",17.5814870737207,"CD8-41BB","aucell_exhausted_score",0.288572933122696,"exhausted"
"TTATAGCTCGAGCTAGATCCCAAC-1","slingPseudotime_1",17.5814870737207,"CD8-41BB","aucell_proliferating_score",0,"proliferating"
"TTATAGCTCGAGCTAGATCCCAAC-1","slingPseudotime_1",17.5814870737207,"CD8-41BB","aucell_naive_memory_score",0.12,"naive_memory"
"TTATAGCTCGAGCTAGATCCCAAC-1","slingPseudotime_1",17.5814870737207,"CD8-41BB","aucell_cytotoxic_score",0.659820958399157,"cytotoxic"
"TTATAGCTCGAGCTAGATCCCAAC-1","slingPseudotime_2",18.9823890957178,"CD8-41BB","aucell_exhausted_score",0.288572933122696,"exhausted"
"TTATAGCTCGAGCTAGATCCCAAC-1","slingPseudotime_2",18.9823890957178,"CD8-41BB","aucell_proliferating_score",0,"proliferating"
"TTATAGCTCGAGCTAGATCCCAAC-1","slingPseudotime_2",18.9823890957178,"CD8-41BB","aucell_naive_memory_score",0.12,"naive_memory"
"TTATAGCTCGAGCTAGATCCCAAC-1","slingPseudotime_2",18.9823890957178,"CD8-41BB","aucell_cytotoxic_score",0.659820958399157,"cytotoxic"
"TTATCACAGCTAAGTAATCCCAAC-1","slingPseudotime_1",25.8008835479976,"CD8-41BB","aucell_exhausted_score",0.117079164472529,"exhausted"
"TTATCACAGCTAAGTAATCCCAAC-1","slingPseudotime_1",25.8008835479976,"CD8-41BB","aucell_proliferating_score",0,"proliferating"
"TTATCACAGCTAAGTAATCCCAAC-1","slingPseudotime_1",25.8008835479976,"CD8-41BB","aucell_naive_memory_score",0,"naive_memory"
"TTATCACAGCTAAGTAATCCCAAC-1","slingPseudotime_1",25.8008835479976,"CD8-41BB","aucell_cytotoxic_score",0.158504476040021,"cytotoxic"
"TTATCACAGCTAAGTAATCCCAAC-1","slingPseudotime_2",26.0795428982515,"CD8-41BB","aucell_exhausted_score",0.117079164472529,"exhausted"
"TTATCACAGCTAAGTAATCCCAAC-1","slingPseudotime_2",26.0795428982515,"CD8-41BB","aucell_proliferating_score",0,"proliferating"
"TTATCACAGCTAAGTAATCCCAAC-1","slingPseudotime_2",26.0795428982515,"CD8-41BB","aucell_naive_memory_score",0,"naive_memory"
"TTATCACAGCTAAGTAATCCCAAC-1","slingPseudotime_2",26.0795428982515,"CD8-41BB","aucell_cytotoxic_score",0.158504476040021,"cytotoxic"
"TTATGTCAGAATGGGAATCCCAAC-1","slingPseudotime_1",17.1197620418731,"CD8-41BB","aucell_exhausted_score",0.255924170616114,"exhausted"
"TTATGTCAGAATGGGAATCCCAAC-1","slingPseudotime_1",17.1197620418731,"CD8-41BB","aucell_proliferating_score",0,"proliferating"
"TTATGTCAGAATGGGAATCCCAAC-1","slingPseudotime_1",17.1197620418731,"CD8-41BB","aucell_naive_memory_score",0,"naive_memory"
"TTATGTCAGAATGGGAATCCCAAC-1","slingPseudotime_1",17.1197620418731,"CD8-41BB","aucell_cytotoxic_score",0.386168158680007,"cytotoxic"
"TTATGTCAGAATGGGAATCCCAAC-1","slingPseudotime_2",18.4862131390299,"CD8-41BB","aucell_exhausted_score",0.255924170616114,"exhausted"
"TTATGTCAGAATGGGAATCCCAAC-1","slingPseudotime_2",18.4862131390299,"CD8-41BB","aucell_proliferating_score",0,"proliferating"
"TTATGTCAGAATGGGAATCCCAAC-1","slingPseudotime_2",18.4862131390299,"CD8-41BB","aucell_naive_memory_score",0,"naive_memory"
"TTATGTCAGAATGGGAATCCCAAC-1","slingPseudotime_2",18.4862131390299,"CD8-41BB","aucell_cytotoxic_score",0.386168158680007,"cytotoxic"
"TTCAACTAGCTTCCTTATCCCAAC-1","slingPseudotime_1",13.3749349096851,"CD8-41BB","aucell_exhausted_score",0.325434439178515,"exhausted"
"TTCAACTAGCTTCCTTATCCCAAC-1","slingPseudotime_1",13.3749349096851,"CD8-41BB","aucell_proliferating_score",0,"proliferating"
"TTCAACTAGCTTCCTTATCCCAAC-1","slingPseudotime_1",13.3749349096851,"CD8-41BB","aucell_naive_memory_score",0,"naive_memory"
"TTCAACTAGCTTCCTTATCCCAAC-1","slingPseudotime_1",13.3749349096851,"CD8-41BB","aucell_cytotoxic_score",0.143935404598912,"cytotoxic"
"TTCAACTAGCTTCCTTATCCCAAC-1","slingPseudotime_2",14.1516139376708,"CD8-41BB","aucell_exhausted_score",0.325434439178515,"exhausted"
"TTCAACTAGCTTCCTTATCCCAAC-1","slingPseudotime_2",14.1516139376708,"CD8-41BB","aucell_proliferating_score",0,"proliferating"
"TTCAACTAGCTTCCTTATCCCAAC-1","slingPseudotime_2",14.1516139376708,"CD8-41BB","aucell_naive_memory_score",0,"naive_memory"
"TTCAACTAGCTTCCTTATCCCAAC-1","slingPseudotime_2",14.1516139376708,"CD8-41BB","aucell_cytotoxic_score",0.143935404598912,"cytotoxic"
"TTCAAGCGTAATGCCTATCCCAAC-1","slingPseudotime_1",20.064798511925,"CD8-41BB","aucell_exhausted_score",0.159733192908548,"exhausted"
"TTCAAGCGTAATGCCTATCCCAAC-1","slingPseudotime_1",20.064798511925,"CD8-41BB","aucell_proliferating_score",0.176421052631579,"proliferating"
"TTCAAGCGTAATGCCTATCCCAAC-1","slingPseudotime_1",20.064798511925,"CD8-41BB","aucell_naive_memory_score",0,"naive_memory"
"TTCAAGCGTAATGCCTATCCCAAC-1","slingPseudotime_1",20.064798511925,"CD8-41BB","aucell_cytotoxic_score",0.163594874495348,"cytotoxic"
"TTCAAGCGTAATGCCTATCCCAAC-1","slingPseudotime_2",20.6556251549269,"CD8-41BB","aucell_exhausted_score",0.159733192908548,"exhausted"
"TTCAAGCGTAATGCCTATCCCAAC-1","slingPseudotime_2",20.6556251549269,"CD8-41BB","aucell_proliferating_score",0.176421052631579,"proliferating"
"TTCAAGCGTAATGCCTATCCCAAC-1","slingPseudotime_2",20.6556251549269,"CD8-41BB","aucell_naive_memory_score",0,"naive_memory"
"TTCAAGCGTAATGCCTATCCCAAC-1","slingPseudotime_2",20.6556251549269,"CD8-41BB","aucell_cytotoxic_score",0.163594874495348,"cytotoxic"
"TTCACTTGTTTGTTGAATCCCAAC-1","slingPseudotime_1",10.7968566779351,"CD8-41BB","aucell_exhausted_score",0,"exhausted"
"TTCACTTGTTTGTTGAATCCCAAC-1","slingPseudotime_1",10.7968566779351,"CD8-41BB","aucell_proliferating_score",0,"proliferating"
"TTCACTTGTTTGTTGAATCCCAAC-1","slingPseudotime_1",10.7968566779351,"CD8-41BB","aucell_naive_memory_score",0.571578947368421,"naive_memory"
"TTCACTTGTTTGTTGAATCCCAAC-1","slingPseudotime_1",10.7968566779351,"CD8-41BB","aucell_cytotoxic_score",0,"cytotoxic"
"TTCACTTGTTTGTTGAATCCCAAC-1","slingPseudotime_2",11.609845586033,"CD8-41BB","aucell_exhausted_score",0,"exhausted"
"TTCACTTGTTTGTTGAATCCCAAC-1","slingPseudotime_2",11.609845586033,"CD8-41BB","aucell_proliferating_score",0,"proliferating"
"TTCACTTGTTTGTTGAATCCCAAC-1","slingPseudotime_2",11.609845586033,"CD8-41BB","aucell_naive_memory_score",0.571578947368421,"naive_memory"
"TTCACTTGTTTGTTGAATCCCAAC-1","slingPseudotime_2",11.609845586033,"CD8-41BB","aucell_cytotoxic_score",0,"cytotoxic"
"TTCCTCAGTTAGGTAGATCCCAAC-1","slingPseudotime_1",23.2687523575195,"CD8-41BB","aucell_exhausted_score",0.326136563103388,"exhausted"
"TTCCTCAGTTAGGTAGATCCCAAC-1","slingPseudotime_1",23.2687523575195,"CD8-41BB","aucell_proliferating_score",0,"proliferating"
"TTCCTCAGTTAGGTAGATCCCAAC-1","slingPseudotime_1",23.2687523575195,"CD8-41BB","aucell_naive_memory_score",0.0686315789473684,"naive_memory"
"TTCCTCAGTTAGGTAGATCCCAAC-1","slingPseudotime_1",23.2687523575195,"CD8-41BB","aucell_cytotoxic_score",0.172722485518694,"cytotoxic"
"TTCCTCAGTTAGGTAGATCCCAAC-1","slingPseudotime_2",24.9403622851958,"CD8-41BB","aucell_exhausted_score",0.326136563103388,"exhausted"
"TTCCTCAGTTAGGTAGATCCCAAC-1","slingPseudotime_2",24.9403622851958,"CD8-41BB","aucell_proliferating_score",0,"proliferating"
"TTCCTCAGTTAGGTAGATCCCAAC-1","slingPseudotime_2",24.9403622851958,"CD8-41BB","aucell_naive_memory_score",0.0686315789473684,"naive_memory"
"TTCCTCAGTTAGGTAGATCCCAAC-1","slingPseudotime_2",24.9403622851958,"CD8-41BB","aucell_cytotoxic_score",0.172722485518694,"cytotoxic"
"TTCCTCCCAACTTGTCATCCCAAC-1","slingPseudotime_1",56.8536717913989,"CD8-41BB","aucell_exhausted_score",0.0677549587502194,"exhausted"
"TTCCTCCCAACTTGTCATCCCAAC-1","slingPseudotime_1",56.8536717913989,"CD8-41BB","aucell_proliferating_score",0.703789473684211,"proliferating"
"TTCCTCCCAACTTGTCATCCCAAC-1","slingPseudotime_1",56.8536717913989,"CD8-41BB","aucell_naive_memory_score",0.0425263157894737,"naive_memory"
"TTCCTCCCAACTTGTCATCCCAAC-1","slingPseudotime_1",56.8536717913989,"CD8-41BB","aucell_cytotoxic_score",0.432508337721608,"cytotoxic"
"TTCCTCTAGCTATATCATCCCAAC-1","slingPseudotime_1",19.5190433131845,"CD8-41BB","aucell_exhausted_score",0.119712129190802,"exhausted"
"TTCCTCTAGCTATATCATCCCAAC-1","slingPseudotime_1",19.5190433131845,"CD8-41BB","aucell_proliferating_score",0.146315789473684,"proliferating"
"TTCCTCTAGCTATATCATCCCAAC-1","slingPseudotime_1",19.5190433131845,"CD8-41BB","aucell_naive_memory_score",0,"naive_memory"
"TTCCTCTAGCTATATCATCCCAAC-1","slingPseudotime_1",19.5190433131845,"CD8-41BB","aucell_cytotoxic_score",0.462699666491136,"cytotoxic"
"TTCCTCTAGCTATATCATCCCAAC-1","slingPseudotime_2",21.1056951287641,"CD8-41BB","aucell_exhausted_score",0.119712129190802,"exhausted"
"TTCCTCTAGCTATATCATCCCAAC-1","slingPseudotime_2",21.1056951287641,"CD8-41BB","aucell_proliferating_score",0.146315789473684,"proliferating"
"TTCCTCTAGCTATATCATCCCAAC-1","slingPseudotime_2",21.1056951287641,"CD8-41BB","aucell_naive_memory_score",0,"naive_memory"
"TTCCTCTAGCTATATCATCCCAAC-1","slingPseudotime_2",21.1056951287641,"CD8-41BB","aucell_cytotoxic_score",0.462699666491136,"cytotoxic"
"TTGAAAGTCGATTGAAATCCCAAC-1","slingPseudotime_1",9.50721457849181,"CD8-41BB","aucell_exhausted_score",0,"exhausted"
"TTGAAAGTCGATTGAAATCCCAAC-1","slingPseudotime_1",9.50721457849181,"CD8-41BB","aucell_proliferating_score",0,"proliferating"
"TTGAAAGTCGATTGAAATCCCAAC-1","slingPseudotime_1",9.50721457849181,"CD8-41BB","aucell_naive_memory_score",0.498315789473684,"naive_memory"
"TTGAAAGTCGATTGAAATCCCAAC-1","slingPseudotime_1",9.50721457849181,"CD8-41BB","aucell_cytotoxic_score",0.132701421800948,"cytotoxic"
"TTGAAAGTCGATTGAAATCCCAAC-1","slingPseudotime_2",10.2762243102071,"CD8-41BB","aucell_exhausted_score",0,"exhausted"
"TTGAAAGTCGATTGAAATCCCAAC-1","slingPseudotime_2",10.2762243102071,"CD8-41BB","aucell_proliferating_score",0,"proliferating"
"TTGAAAGTCGATTGAAATCCCAAC-1","slingPseudotime_2",10.2762243102071,"CD8-41BB","aucell_naive_memory_score",0.498315789473684,"naive_memory"
"TTGAAAGTCGATTGAAATCCCAAC-1","slingPseudotime_2",10.2762243102071,"CD8-41BB","aucell_cytotoxic_score",0.132701421800948,"cytotoxic"
"TTGAACAAGTCACCTAATCCCAAC-1","slingPseudotime_1",13.7153546633035,"CD8-41BB","aucell_exhausted_score",0,"exhausted"
"TTGAACAAGTCACCTAATCCCAAC-1","slingPseudotime_1",13.7153546633035,"CD8-41BB","aucell_proliferating_score",0,"proliferating"
"TTGAACAAGTCACCTAATCCCAAC-1","slingPseudotime_1",13.7153546633035,"CD8-41BB","aucell_naive_memory_score",0.0981052631578947,"naive_memory"
"TTGAACAAGTCACCTAATCCCAAC-1","slingPseudotime_1",13.7153546633035,"CD8-41BB","aucell_cytotoxic_score",0.310689836756187,"cytotoxic"
"TTGAACAAGTCACCTAATCCCAAC-1","slingPseudotime_2",14.3896053061199,"CD8-41BB","aucell_exhausted_score",0,"exhausted"
"TTGAACAAGTCACCTAATCCCAAC-1","slingPseudotime_2",14.3896053061199,"CD8-41BB","aucell_proliferating_score",0,"proliferating"
"TTGAACAAGTCACCTAATCCCAAC-1","slingPseudotime_2",14.3896053061199,"CD8-41BB","aucell_naive_memory_score",0.0981052631578947,"naive_memory"
"TTGAACAAGTCACCTAATCCCAAC-1","slingPseudotime_2",14.3896053061199,"CD8-41BB","aucell_cytotoxic_score",0.310689836756187,"cytotoxic"
"TTGACATTCTAAGTAGATCCCAAC-1","slingPseudotime_1",6.31393184597599,"CD8-41BB","aucell_exhausted_score",0,"exhausted"
"TTGACATTCTAAGTAGATCCCAAC-1","slingPseudotime_1",6.31393184597599,"CD8-41BB","aucell_proliferating_score",0,"proliferating"
"TTGACATTCTAAGTAGATCCCAAC-1","slingPseudotime_1",6.31393184597599,"CD8-41BB","aucell_naive_memory_score",0.182736842105263,"naive_memory"
"TTGACATTCTAAGTAGATCCCAAC-1","slingPseudotime_1",6.31393184597599,"CD8-41BB","aucell_cytotoxic_score",0.307881341056697,"cytotoxic"
"TTGACATTCTAAGTAGATCCCAAC-1","slingPseudotime_2",6.956143013367,"CD8-41BB","aucell_exhausted_score",0,"exhausted"
"TTGACATTCTAAGTAGATCCCAAC-1","slingPseudotime_2",6.956143013367,"CD8-41BB","aucell_proliferating_score",0,"proliferating"
"TTGACATTCTAAGTAGATCCCAAC-1","slingPseudotime_2",6.956143013367,"CD8-41BB","aucell_naive_memory_score",0.182736842105263,"naive_memory"
"TTGACATTCTAAGTAGATCCCAAC-1","slingPseudotime_2",6.956143013367,"CD8-41BB","aucell_cytotoxic_score",0.307881341056697,"cytotoxic"
"TTGAGGTAGTCTATGTATCCCAAC-1","slingPseudotime_1",25.0088984685943,"CD8-41BB","aucell_exhausted_score",0.0984728804634018,"exhausted"
"TTGAGGTAGTCTATGTATCCCAAC-1","slingPseudotime_1",25.0088984685943,"CD8-41BB","aucell_proliferating_score",0.024,"proliferating"
"TTGAGGTAGTCTATGTATCCCAAC-1","slingPseudotime_1",25.0088984685943,"CD8-41BB","aucell_naive_memory_score",0.175789473684211,"naive_memory"
"TTGAGGTAGTCTATGTATCCCAAC-1","slingPseudotime_1",25.0088984685943,"CD8-41BB","aucell_cytotoxic_score",0.163243812532912,"cytotoxic"
"TTGAGGTAGTCTATGTATCCCAAC-1","slingPseudotime_2",26.6845101339443,"CD8-41BB","aucell_exhausted_score",0.0984728804634018,"exhausted"
"TTGAGGTAGTCTATGTATCCCAAC-1","slingPseudotime_2",26.6845101339443,"CD8-41BB","aucell_proliferating_score",0.024,"proliferating"
"TTGAGGTAGTCTATGTATCCCAAC-1","slingPseudotime_2",26.6845101339443,"CD8-41BB","aucell_naive_memory_score",0.175789473684211,"naive_memory"
"TTGAGGTAGTCTATGTATCCCAAC-1","slingPseudotime_2",26.6845101339443,"CD8-41BB","aucell_cytotoxic_score",0.163243812532912,"cytotoxic"
"TTGCGGGCAAGGCCTGATCCCAAC-1","slingPseudotime_1",3.55465160578346,"CD8-41BB","aucell_exhausted_score",0,"exhausted"
"TTGCGGGCAAGGCCTGATCCCAAC-1","slingPseudotime_1",3.55465160578346,"CD8-41BB","aucell_proliferating_score",0,"proliferating"
"TTGCGGGCAAGGCCTGATCCCAAC-1","slingPseudotime_1",3.55465160578346,"CD8-41BB","aucell_naive_memory_score",0.357684210526316,"naive_memory"
"TTGCGGGCAAGGCCTGATCCCAAC-1","slingPseudotime_1",3.55465160578346,"CD8-41BB","aucell_cytotoxic_score",0.186062840091276,"cytotoxic"
"TTGCGGGCAAGGCCTGATCCCAAC-1","slingPseudotime_2",4.2106178792766,"CD8-41BB","aucell_exhausted_score",0,"exhausted"
"TTGCGGGCAAGGCCTGATCCCAAC-1","slingPseudotime_2",4.2106178792766,"CD8-41BB","aucell_proliferating_score",0,"proliferating"
"TTGCGGGCAAGGCCTGATCCCAAC-1","slingPseudotime_2",4.2106178792766,"CD8-41BB","aucell_naive_memory_score",0.357684210526316,"naive_memory"
"TTGCGGGCAAGGCCTGATCCCAAC-1","slingPseudotime_2",4.2106178792766,"CD8-41BB","aucell_cytotoxic_score",0.186062840091276,"cytotoxic"
"TTGCTCAAGGTCAAACATCCCAAC-1","slingPseudotime_1",25.4237476019277,"CD8-41BB","aucell_exhausted_score",0.104616464806038,"exhausted"
"TTGCTCAAGGTCAAACATCCCAAC-1","slingPseudotime_1",25.4237476019277,"CD8-41BB","aucell_proliferating_score",0,"proliferating"
"TTGCTCAAGGTCAAACATCCCAAC-1","slingPseudotime_1",25.4237476019277,"CD8-41BB","aucell_naive_memory_score",0,"naive_memory"
"TTGCTCAAGGTCAAACATCCCAAC-1","slingPseudotime_1",25.4237476019277,"CD8-41BB","aucell_cytotoxic_score",0,"cytotoxic"
"TTGCTCAAGGTCAAACATCCCAAC-1","slingPseudotime_2",28.7849018790087,"CD8-41BB","aucell_exhausted_score",0.104616464806038,"exhausted"
"TTGCTCAAGGTCAAACATCCCAAC-1","slingPseudotime_2",28.7849018790087,"CD8-41BB","aucell_proliferating_score",0,"proliferating"
"TTGCTCAAGGTCAAACATCCCAAC-1","slingPseudotime_2",28.7849018790087,"CD8-41BB","aucell_naive_memory_score",0,"naive_memory"
"TTGCTCAAGGTCAAACATCCCAAC-1","slingPseudotime_2",28.7849018790087,"CD8-41BB","aucell_cytotoxic_score",0,"cytotoxic"
"TTGGTCATCGCTTGACATCCCAAC-1","slingPseudotime_1",7.24488940463198,"CD8-41BB","aucell_exhausted_score",0,"exhausted"
"TTGGTCATCGCTTGACATCCCAAC-1","slingPseudotime_1",7.24488940463198,"CD8-41BB","aucell_proliferating_score",0.153263157894737,"proliferating"
"TTGGTCATCGCTTGACATCCCAAC-1","slingPseudotime_1",7.24488940463198,"CD8-41BB","aucell_naive_memory_score",0.159578947368421,"naive_memory"
"TTGGTCATCGCTTGACATCCCAAC-1","slingPseudotime_1",7.24488940463198,"CD8-41BB","aucell_cytotoxic_score",0.166052308232403,"cytotoxic"
"TTGGTCATCGCTTGACATCCCAAC-1","slingPseudotime_2",7.84575024135144,"CD8-41BB","aucell_exhausted_score",0,"exhausted"
"TTGGTCATCGCTTGACATCCCAAC-1","slingPseudotime_2",7.84575024135144,"CD8-41BB","aucell_proliferating_score",0.153263157894737,"proliferating"
"TTGGTCATCGCTTGACATCCCAAC-1","slingPseudotime_2",7.84575024135144,"CD8-41BB","aucell_naive_memory_score",0.159578947368421,"naive_memory"
"TTGGTCATCGCTTGACATCCCAAC-1","slingPseudotime_2",7.84575024135144,"CD8-41BB","aucell_cytotoxic_score",0.166052308232403,"cytotoxic"
"TTGTACGTCGACTTTGATCCCAAC-1","slingPseudotime_1",12.0860704422709,"CD8-41BB","aucell_exhausted_score",0,"exhausted"
"TTGTACGTCGACTTTGATCCCAAC-1","slingPseudotime_1",12.0860704422709,"CD8-41BB","aucell_proliferating_score",0,"proliferating"
"TTGTACGTCGACTTTGATCCCAAC-1","slingPseudotime_1",12.0860704422709,"CD8-41BB","aucell_naive_memory_score",0.126526315789474,"naive_memory"
"TTGTACGTCGACTTTGATCCCAAC-1","slingPseudotime_1",12.0860704422709,"CD8-41BB","aucell_cytotoxic_score",0.155520449359312,"cytotoxic"
"TTGTACGTCGACTTTGATCCCAAC-1","slingPseudotime_2",12.8606718874766,"CD8-41BB","aucell_exhausted_score",0,"exhausted"
"TTGTACGTCGACTTTGATCCCAAC-1","slingPseudotime_2",12.8606718874766,"CD8-41BB","aucell_proliferating_score",0,"proliferating"
"TTGTACGTCGACTTTGATCCCAAC-1","slingPseudotime_2",12.8606718874766,"CD8-41BB","aucell_naive_memory_score",0.126526315789474,"naive_memory"
"TTGTACGTCGACTTTGATCCCAAC-1","slingPseudotime_2",12.8606718874766,"CD8-41BB","aucell_cytotoxic_score",0.155520449359312,"cytotoxic"
"TTGTGAGCAGGTGACTATCCCAAC-1","slingPseudotime_1",23.428608197827,"CD8-41BB","aucell_exhausted_score",0.0589784096893102,"exhausted"
"TTGTGAGCAGGTGACTATCCCAAC-1","slingPseudotime_1",23.428608197827,"CD8-41BB","aucell_proliferating_score",0,"proliferating"
"TTGTGAGCAGGTGACTATCCCAAC-1","slingPseudotime_1",23.428608197827,"CD8-41BB","aucell_naive_memory_score",0,"naive_memory"
"TTGTGAGCAGGTGACTATCCCAAC-1","slingPseudotime_1",23.428608197827,"CD8-41BB","aucell_cytotoxic_score",0.665437949798139,"cytotoxic"
"TTGTGAGCAGGTGACTATCCCAAC-1","slingPseudotime_2",28.2726631841989,"CD8-41BB","aucell_exhausted_score",0.0589784096893102,"exhausted"
"TTGTGAGCAGGTGACTATCCCAAC-1","slingPseudotime_2",28.2726631841989,"CD8-41BB","aucell_proliferating_score",0,"proliferating"
"TTGTGAGCAGGTGACTATCCCAAC-1","slingPseudotime_2",28.2726631841989,"CD8-41BB","aucell_naive_memory_score",0,"naive_memory"
"TTGTGAGCAGGTGACTATCCCAAC-1","slingPseudotime_2",28.2726631841989,"CD8-41BB","aucell_cytotoxic_score",0.665437949798139,"cytotoxic"
"TTGTGATTCCTAAGTTATCCCAAC-1","slingPseudotime_1",92.6979707564735,"CD8-41BB","aucell_exhausted_score",0.417412673336844,"exhausted"
"TTGTGATTCCTAAGTTATCCCAAC-1","slingPseudotime_1",92.6979707564735,"CD8-41BB","aucell_proliferating_score",0.714105263157895,"proliferating"
"TTGTGATTCCTAAGTTATCCCAAC-1","slingPseudotime_1",92.6979707564735,"CD8-41BB","aucell_naive_memory_score",0,"naive_memory"
"TTGTGATTCCTAAGTTATCCCAAC-1","slingPseudotime_1",92.6979707564735,"CD8-41BB","aucell_cytotoxic_score",0.486220817974372,"cytotoxic"
"TTGTGGACAGGATCCGATCCCAAC-1","slingPseudotime_1",26.122008535768,"CD8-41BB","aucell_exhausted_score",0.155344918378094,"exhausted"
"TTGTGGACAGGATCCGATCCCAAC-1","slingPseudotime_1",26.122008535768,"CD8-41BB","aucell_proliferating_score",0,"proliferating"
"TTGTGGACAGGATCCGATCCCAAC-1","slingPseudotime_1",26.122008535768,"CD8-41BB","aucell_naive_memory_score",0.185894736842105,"naive_memory"
"TTGTGGACAGGATCCGATCCCAAC-1","slingPseudotime_1",26.122008535768,"CD8-41BB","aucell_cytotoxic_score",0.308934526944006,"cytotoxic"
"TTGTGGACAGGATCCGATCCCAAC-1","slingPseudotime_2",26.4746432767915,"CD8-41BB","aucell_exhausted_score",0.155344918378094,"exhausted"
"TTGTGGACAGGATCCGATCCCAAC-1","slingPseudotime_2",26.4746432767915,"CD8-41BB","aucell_proliferating_score",0,"proliferating"
"TTGTGGACAGGATCCGATCCCAAC-1","slingPseudotime_2",26.4746432767915,"CD8-41BB","aucell_naive_memory_score",0.185894736842105,"naive_memory"
"TTGTGGACAGGATCCGATCCCAAC-1","slingPseudotime_2",26.4746432767915,"CD8-41BB","aucell_cytotoxic_score",0.308934526944006,"cytotoxic"
"TTTCATGCAAGGAATAATCCCAAC-1","slingPseudotime_1",13.0796334671632,"CD8-41BB","aucell_exhausted_score",0,"exhausted"
"TTTCATGCAAGGAATAATCCCAAC-1","slingPseudotime_1",13.0796334671632,"CD8-41BB","aucell_proliferating_score",0,"proliferating"
"TTTCATGCAAGGAATAATCCCAAC-1","slingPseudotime_1",13.0796334671632,"CD8-41BB","aucell_naive_memory_score",0,"naive_memory"
"TTTCATGCAAGGAATAATCCCAAC-1","slingPseudotime_1",13.0796334671632,"CD8-41BB","aucell_cytotoxic_score",0.148850272073021,"cytotoxic"
"TTTCATGCAAGGAATAATCCCAAC-1","slingPseudotime_2",13.863063862016,"CD8-41BB","aucell_exhausted_score",0,"exhausted"
"TTTCATGCAAGGAATAATCCCAAC-1","slingPseudotime_2",13.863063862016,"CD8-41BB","aucell_proliferating_score",0,"proliferating"
"TTTCATGCAAGGAATAATCCCAAC-1","slingPseudotime_2",13.863063862016,"CD8-41BB","aucell_naive_memory_score",0,"naive_memory"
"TTTCATGCAAGGAATAATCCCAAC-1","slingPseudotime_2",13.863063862016,"CD8-41BB","aucell_cytotoxic_score",0.148850272073021,"cytotoxic"
"TTTCCTGGTAGTAACGATCCCAAC-1","slingPseudotime_1",1.59147089319787,"CD8-41BB","aucell_exhausted_score",0,"exhausted"
"TTTCCTGGTAGTAACGATCCCAAC-1","slingPseudotime_1",1.59147089319787,"CD8-41BB","aucell_proliferating_score",0,"proliferating"
"TTTCCTGGTAGTAACGATCCCAAC-1","slingPseudotime_1",1.59147089319787,"CD8-41BB","aucell_naive_memory_score",0.429052631578947,"naive_memory"
"TTTCCTGGTAGTAACGATCCCAAC-1","slingPseudotime_1",1.59147089319787,"CD8-41BB","aucell_cytotoxic_score",0.167105494119712,"cytotoxic"
"TTTCCTGGTAGTAACGATCCCAAC-1","slingPseudotime_2",2.24029671465081,"CD8-41BB","aucell_exhausted_score",0,"exhausted"
"TTTCCTGGTAGTAACGATCCCAAC-1","slingPseudotime_2",2.24029671465081,"CD8-41BB","aucell_proliferating_score",0,"proliferating"
"TTTCCTGGTAGTAACGATCCCAAC-1","slingPseudotime_2",2.24029671465081,"CD8-41BB","aucell_naive_memory_score",0.429052631578947,"naive_memory"
"TTTCCTGGTAGTAACGATCCCAAC-1","slingPseudotime_2",2.24029671465081,"CD8-41BB","aucell_cytotoxic_score",0.167105494119712,"cytotoxic"
"TTTCGCGCACCACATTATCCCAAC-1","slingPseudotime_1",25.8008835479976,"CD8-41BB","aucell_exhausted_score",0.142355625767948,"exhausted"
"TTTCGCGCACCACATTATCCCAAC-1","slingPseudotime_1",25.8008835479976,"CD8-41BB","aucell_proliferating_score",0,"proliferating"
"TTTCGCGCACCACATTATCCCAAC-1","slingPseudotime_1",25.8008835479976,"CD8-41BB","aucell_naive_memory_score",0.308842105263158,"naive_memory"
"TTTCGCGCACCACATTATCCCAAC-1","slingPseudotime_1",25.8008835479976,"CD8-41BB","aucell_cytotoxic_score",0.156573635246621,"cytotoxic"
"TTTCGCGCACCACATTATCCCAAC-1","slingPseudotime_2",27.5135963239452,"CD8-41BB","aucell_exhausted_score",0.142355625767948,"exhausted"
"TTTCGCGCACCACATTATCCCAAC-1","slingPseudotime_2",27.5135963239452,"CD8-41BB","aucell_proliferating_score",0,"proliferating"
"TTTCGCGCACCACATTATCCCAAC-1","slingPseudotime_2",27.5135963239452,"CD8-41BB","aucell_naive_memory_score",0.308842105263158,"naive_memory"
"TTTCGCGCACCACATTATCCCAAC-1","slingPseudotime_2",27.5135963239452,"CD8-41BB","aucell_cytotoxic_score",0.156573635246621,"cytotoxic"
"TTTCGCGCACCGGCAAATCCCAAC-1","slingPseudotime_1",13.7581587519356,"CD8-41BB","aucell_exhausted_score",0.124626996664911,"exhausted"
"TTTCGCGCACCGGCAAATCCCAAC-1","slingPseudotime_1",13.7581587519356,"CD8-41BB","aucell_proliferating_score",0,"proliferating"
"TTTCGCGCACCGGCAAATCCCAAC-1","slingPseudotime_1",13.7581587519356,"CD8-41BB","aucell_naive_memory_score",0.148,"naive_memory"
"TTTCGCGCACCGGCAAATCCCAAC-1","slingPseudotime_1",13.7581587519356,"CD8-41BB","aucell_cytotoxic_score",0.30946111988766,"cytotoxic"
"TTTCGCGCACCGGCAAATCCCAAC-1","slingPseudotime_2",14.604077564464,"CD8-41BB","aucell_exhausted_score",0.124626996664911,"exhausted"
"TTTCGCGCACCGGCAAATCCCAAC-1","slingPseudotime_2",14.604077564464,"CD8-41BB","aucell_proliferating_score",0,"proliferating"
"TTTCGCGCACCGGCAAATCCCAAC-1","slingPseudotime_2",14.604077564464,"CD8-41BB","aucell_naive_memory_score",0.148,"naive_memory"
"TTTCGCGCACCGGCAAATCCCAAC-1","slingPseudotime_2",14.604077564464,"CD8-41BB","aucell_cytotoxic_score",0.30946111988766,"cytotoxic"
"TTTGCTCTCTACTACGATCCCAAC-1","slingPseudotime_1",16.4440417714172,"CD8-41BB","aucell_exhausted_score",0.0301913287695278,"exhausted"
"TTTGCTCTCTACTACGATCCCAAC-1","slingPseudotime_1",16.4440417714172,"CD8-41BB","aucell_proliferating_score",0,"proliferating"
"TTTGCTCTCTACTACGATCCCAAC-1","slingPseudotime_1",16.4440417714172,"CD8-41BB","aucell_naive_memory_score",0,"naive_memory"
"TTTGCTCTCTACTACGATCCCAAC-1","slingPseudotime_1",16.4440417714172,"CD8-41BB","aucell_cytotoxic_score",0.318939792873442,"cytotoxic"
"TTTGCTCTCTACTACGATCCCAAC-1","slingPseudotime_2",17.2736521047276,"CD8-41BB","aucell_exhausted_score",0.0301913287695278,"exhausted"
"TTTGCTCTCTACTACGATCCCAAC-1","slingPseudotime_2",17.2736521047276,"CD8-41BB","aucell_proliferating_score",0,"proliferating"
"TTTGCTCTCTACTACGATCCCAAC-1","slingPseudotime_2",17.2736521047276,"CD8-41BB","aucell_naive_memory_score",0,"naive_memory"
"TTTGCTCTCTACTACGATCCCAAC-1","slingPseudotime_2",17.2736521047276,"CD8-41BB","aucell_cytotoxic_score",0.318939792873442,"cytotoxic"
"TTTGCTGAGCTTGATTATCCCAAC-1","slingPseudotime_1",20.2652418149364,"CD8-41BB","aucell_exhausted_score",0.294365455502896,"exhausted"
"TTTGCTGAGCTTGATTATCCCAAC-1","slingPseudotime_1",20.2652418149364,"CD8-41BB","aucell_proliferating_score",0,"proliferating"
"TTTGCTGAGCTTGATTATCCCAAC-1","slingPseudotime_1",20.2652418149364,"CD8-41BB","aucell_naive_memory_score",0,"naive_memory"
"TTTGCTGAGCTTGATTATCCCAAC-1","slingPseudotime_1",20.2652418149364,"CD8-41BB","aucell_cytotoxic_score",0.290679304897314,"cytotoxic"
"TTTGCTGAGCTTGATTATCCCAAC-1","slingPseudotime_2",21.795310409919,"CD8-41BB","aucell_exhausted_score",0.294365455502896,"exhausted"
"TTTGCTGAGCTTGATTATCCCAAC-1","slingPseudotime_2",21.795310409919,"CD8-41BB","aucell_proliferating_score",0,"proliferating"
"TTTGCTGAGCTTGATTATCCCAAC-1","slingPseudotime_2",21.795310409919,"CD8-41BB","aucell_naive_memory_score",0,"naive_memory"
"TTTGCTGAGCTTGATTATCCCAAC-1","slingPseudotime_2",21.795310409919,"CD8-41BB","aucell_cytotoxic_score",0.290679304897314,"cytotoxic"
"AAATCCTTCTCAAGAAAGAGGCAA-1","slingPseudotime_1",13.0796334671632,"CD8-41BB","aucell_exhausted_score",0,"exhausted"
"AAATCCTTCTCAAGAAAGAGGCAA-1","slingPseudotime_1",13.0796334671632,"CD8-41BB","aucell_proliferating_score",0,"proliferating"
"AAATCCTTCTCAAGAAAGAGGCAA-1","slingPseudotime_1",13.0796334671632,"CD8-41BB","aucell_naive_memory_score",0.0869473684210526,"naive_memory"
"AAATCCTTCTCAAGAAAGAGGCAA-1","slingPseudotime_1",13.0796334671632,"CD8-41BB","aucell_cytotoxic_score",0.272073020888187,"cytotoxic"
"AAATCCTTCTCAAGAAAGAGGCAA-1","slingPseudotime_2",13.8715570676439,"CD8-41BB","aucell_exhausted_score",0,"exhausted"
"AAATCCTTCTCAAGAAAGAGGCAA-1","slingPseudotime_2",13.8715570676439,"CD8-41BB","aucell_proliferating_score",0,"proliferating"
"AAATCCTTCTCAAGAAAGAGGCAA-1","slingPseudotime_2",13.8715570676439,"CD8-41BB","aucell_naive_memory_score",0.0869473684210526,"naive_memory"
"AAATCCTTCTCAAGAAAGAGGCAA-1","slingPseudotime_2",13.8715570676439,"CD8-41BB","aucell_cytotoxic_score",0.272073020888187,"cytotoxic"
"AACCTGCTCCATAACTAGAGGCAA-1","slingPseudotime_2",36.7152754047951,"CD8-41BB","aucell_exhausted_score",0.141477970861857,"exhausted"
"AACCTGCTCCATAACTAGAGGCAA-1","slingPseudotime_2",36.7152754047951,"CD8-41BB","aucell_proliferating_score",0,"proliferating"
"AACCTGCTCCATAACTAGAGGCAA-1","slingPseudotime_2",36.7152754047951,"CD8-41BB","aucell_naive_memory_score",0,"naive_memory"
"AACCTGCTCCATAACTAGAGGCAA-1","slingPseudotime_2",36.7152754047951,"CD8-41BB","aucell_cytotoxic_score",0.457609268035808,"cytotoxic"
"AACTAAGTCTATCTGGAGAGGCAA-1","slingPseudotime_1",14.9249010650731,"CD8-41BB","aucell_exhausted_score",0.152536422678603,"exhausted"
"AACTAAGTCTATCTGGAGAGGCAA-1","slingPseudotime_1",14.9249010650731,"CD8-41BB","aucell_proliferating_score",0.0602105263157895,"proliferating"
"AACTAAGTCTATCTGGAGAGGCAA-1","slingPseudotime_1",14.9249010650731,"CD8-41BB","aucell_naive_memory_score",0.0496842105263158,"naive_memory"
"AACTAAGTCTATCTGGAGAGGCAA-1","slingPseudotime_1",14.9249010650731,"CD8-41BB","aucell_cytotoxic_score",0.160610847814639,"cytotoxic"
"AACTAAGTCTATCTGGAGAGGCAA-1","slingPseudotime_2",39.7402024549708,"CD8-41BB","aucell_exhausted_score",0.152536422678603,"exhausted"
"AACTAAGTCTATCTGGAGAGGCAA-1","slingPseudotime_2",39.7402024549708,"CD8-41BB","aucell_proliferating_score",0.0602105263157895,"proliferating"
"AACTAAGTCTATCTGGAGAGGCAA-1","slingPseudotime_2",39.7402024549708,"CD8-41BB","aucell_naive_memory_score",0.0496842105263158,"naive_memory"
"AACTAAGTCTATCTGGAGAGGCAA-1","slingPseudotime_2",39.7402024549708,"CD8-41BB","aucell_cytotoxic_score",0.160610847814639,"cytotoxic"
"AAGCCTTGTTGTCAGTAGAGGCAA-1","slingPseudotime_1",15.095821723289,"CD8-41BB","aucell_exhausted_score",0.323328067403897,"exhausted"
"AAGCCTTGTTGTCAGTAGAGGCAA-1","slingPseudotime_1",15.095821723289,"CD8-41BB","aucell_proliferating_score",0,"proliferating"
"AAGCCTTGTTGTCAGTAGAGGCAA-1","slingPseudotime_1",15.095821723289,"CD8-41BB","aucell_naive_memory_score",0,"naive_memory"
"AAGCCTTGTTGTCAGTAGAGGCAA-1","slingPseudotime_1",15.095821723289,"CD8-41BB","aucell_cytotoxic_score",0.488678251711427,"cytotoxic"
"AAGCCTTGTTGTCAGTAGAGGCAA-1","slingPseudotime_2",36.6854168916842,"CD8-41BB","aucell_exhausted_score",0.323328067403897,"exhausted"
"AAGCCTTGTTGTCAGTAGAGGCAA-1","slingPseudotime_2",36.6854168916842,"CD8-41BB","aucell_proliferating_score",0,"proliferating"
"AAGCCTTGTTGTCAGTAGAGGCAA-1","slingPseudotime_2",36.6854168916842,"CD8-41BB","aucell_naive_memory_score",0,"naive_memory"
"AAGCCTTGTTGTCAGTAGAGGCAA-1","slingPseudotime_2",36.6854168916842,"CD8-41BB","aucell_cytotoxic_score",0.488678251711427,"cytotoxic"
"AAGCGATTCACCCTGGAGAGGCAA-1","slingPseudotime_1",14.5949717362412,"CD8-41BB","aucell_exhausted_score",0,"exhausted"
"AAGCGATTCACCCTGGAGAGGCAA-1","slingPseudotime_1",14.5949717362412,"CD8-41BB","aucell_proliferating_score",0,"proliferating"
"AAGCGATTCACCCTGGAGAGGCAA-1","slingPseudotime_1",14.5949717362412,"CD8-41BB","aucell_naive_memory_score",0.136210526315789,"naive_memory"
"AAGCGATTCACCCTGGAGAGGCAA-1","slingPseudotime_1",14.5949717362412,"CD8-41BB","aucell_cytotoxic_score",0.323854660347551,"cytotoxic"
"AAGCGATTCACCCTGGAGAGGCAA-1","slingPseudotime_2",40.5950203223723,"CD8-41BB","aucell_exhausted_score",0,"exhausted"
"AAGCGATTCACCCTGGAGAGGCAA-1","slingPseudotime_2",40.5950203223723,"CD8-41BB","aucell_proliferating_score",0,"proliferating"
"AAGCGATTCACCCTGGAGAGGCAA-1","slingPseudotime_2",40.5950203223723,"CD8-41BB","aucell_naive_memory_score",0.136210526315789,"naive_memory"
"AAGCGATTCACCCTGGAGAGGCAA-1","slingPseudotime_2",40.5950203223723,"CD8-41BB","aucell_cytotoxic_score",0.323854660347551,"cytotoxic"
"AATCGCCTCCTCCCACAGAGGCAA-1","slingPseudotime_1",15.9627188967659,"CD8-41BB","aucell_exhausted_score",0.143759873617694,"exhausted"
"AATCGCCTCCTCCCACAGAGGCAA-1","slingPseudotime_1",15.9627188967659,"CD8-41BB","aucell_proliferating_score",0,"proliferating"
"AATCGCCTCCTCCCACAGAGGCAA-1","slingPseudotime_1",15.9627188967659,"CD8-41BB","aucell_naive_memory_score",0,"naive_memory"
"AATCGCCTCCTCCCACAGAGGCAA-1","slingPseudotime_1",15.9627188967659,"CD8-41BB","aucell_cytotoxic_score",0.313147270493242,"cytotoxic"
"AATCGCCTCCTCCCACAGAGGCAA-1","slingPseudotime_2",41.1223439966789,"CD8-41BB","aucell_exhausted_score",0.143759873617694,"exhausted"
"AATCGCCTCCTCCCACAGAGGCAA-1","slingPseudotime_2",41.1223439966789,"CD8-41BB","aucell_proliferating_score",0,"proliferating"
"AATCGCCTCCTCCCACAGAGGCAA-1","slingPseudotime_2",41.1223439966789,"CD8-41BB","aucell_naive_memory_score",0,"naive_memory"
"AATCGCCTCCTCCCACAGAGGCAA-1","slingPseudotime_2",41.1223439966789,"CD8-41BB","aucell_cytotoxic_score",0.313147270493242,"cytotoxic"
"AATGAAGCAGAAACTTAGAGGCAA-1","slingPseudotime_1",11.224762403608,"CD8-41BB","aucell_exhausted_score",0.0988239424258382,"exhausted"
"AATGAAGCAGAAACTTAGAGGCAA-1","slingPseudotime_1",11.224762403608,"CD8-41BB","aucell_proliferating_score",0,"proliferating"
"AATGAAGCAGAAACTTAGAGGCAA-1","slingPseudotime_1",11.224762403608,"CD8-41BB","aucell_naive_memory_score",0,"naive_memory"
"AATGAAGCAGAAACTTAGAGGCAA-1","slingPseudotime_1",11.224762403608,"CD8-41BB","aucell_cytotoxic_score",0,"cytotoxic"
"AATGAAGCAGAAACTTAGAGGCAA-1","slingPseudotime_2",11.6806184119996,"CD8-41BB","aucell_exhausted_score",0.0988239424258382,"exhausted"
"AATGAAGCAGAAACTTAGAGGCAA-1","slingPseudotime_2",11.6806184119996,"CD8-41BB","aucell_proliferating_score",0,"proliferating"
"AATGAAGCAGAAACTTAGAGGCAA-1","slingPseudotime_2",11.6806184119996,"CD8-41BB","aucell_naive_memory_score",0,"naive_memory"
"AATGAAGCAGAAACTTAGAGGCAA-1","slingPseudotime_2",11.6806184119996,"CD8-41BB","aucell_cytotoxic_score",0,"cytotoxic"
"AATTGACCAAAGGTAAAGAGGCAA-1","slingPseudotime_2",45.4228008141403,"CD8-41BB","aucell_exhausted_score",0.150078988941548,"exhausted"
"AATTGACCAAAGGTAAAGAGGCAA-1","slingPseudotime_2",45.4228008141403,"CD8-41BB","aucell_proliferating_score",0,"proliferating"
"AATTGACCAAAGGTAAAGAGGCAA-1","slingPseudotime_2",45.4228008141403,"CD8-41BB","aucell_naive_memory_score",0.00778947368421053,"naive_memory"
"AATTGACCAAAGGTAAAGAGGCAA-1","slingPseudotime_2",45.4228008141403,"CD8-41BB","aucell_cytotoxic_score",0.61312971739512,"cytotoxic"
"AATTGACCAACCGGATAGAGGCAA-1","slingPseudotime_2",1.42027016633366,"CD8-41BB","aucell_exhausted_score",0,"exhausted"
"AATTGACCAACCGGATAGAGGCAA-1","slingPseudotime_2",1.42027016633366,"CD8-41BB","aucell_proliferating_score",0,"proliferating"
"AATTGACCAACCGGATAGAGGCAA-1","slingPseudotime_2",1.42027016633366,"CD8-41BB","aucell_naive_memory_score",0.449052631578947,"naive_memory"
"AATTGACCAACCGGATAGAGGCAA-1","slingPseudotime_2",1.42027016633366,"CD8-41BB","aucell_cytotoxic_score",0.299631384939442,"cytotoxic"
"ACAATTGAGTCCTGACAGAGGCAA-1","slingPseudotime_1",15.7694742383705,"CD8-41BB","aucell_exhausted_score",0.0403721256801826,"exhausted"
"ACAATTGAGTCCTGACAGAGGCAA-1","slingPseudotime_1",15.7694742383705,"CD8-41BB","aucell_proliferating_score",0,"proliferating"
"ACAATTGAGTCCTGACAGAGGCAA-1","slingPseudotime_1",15.7694742383705,"CD8-41BB","aucell_naive_memory_score",0.178315789473684,"naive_memory"
"ACAATTGAGTCCTGACAGAGGCAA-1","slingPseudotime_1",15.7694742383705,"CD8-41BB","aucell_cytotoxic_score",0.326663156047042,"cytotoxic"
"ACAATTGAGTCCTGACAGAGGCAA-1","slingPseudotime_2",16.7167352311337,"CD8-41BB","aucell_exhausted_score",0.0403721256801826,"exhausted"
"ACAATTGAGTCCTGACAGAGGCAA-1","slingPseudotime_2",16.7167352311337,"CD8-41BB","aucell_proliferating_score",0,"proliferating"
"ACAATTGAGTCCTGACAGAGGCAA-1","slingPseudotime_2",16.7167352311337,"CD8-41BB","aucell_naive_memory_score",0.178315789473684,"naive_memory"
"ACAATTGAGTCCTGACAGAGGCAA-1","slingPseudotime_2",16.7167352311337,"CD8-41BB","aucell_cytotoxic_score",0.326663156047042,"cytotoxic"
"ACAGGTAGTCCTCACTAGAGGCAA-1","slingPseudotime_2",3.02351571533214,"CD8-41BB","aucell_exhausted_score",0,"exhausted"
"ACAGGTAGTCCTCACTAGAGGCAA-1","slingPseudotime_2",3.02351571533214,"CD8-41BB","aucell_proliferating_score",0,"proliferating"
"ACAGGTAGTCCTCACTAGAGGCAA-1","slingPseudotime_2",3.02351571533214,"CD8-41BB","aucell_naive_memory_score",0.242105263157895,"naive_memory"
"ACAGGTAGTCCTCACTAGAGGCAA-1","slingPseudotime_2",3.02351571533214,"CD8-41BB","aucell_cytotoxic_score",0.308232403019133,"cytotoxic"
"ACCGCCTCATTAGTGGAGAGGCAA-1","slingPseudotime_1",13.8322432477093,"CD8-41BB","aucell_exhausted_score",0,"exhausted"
"ACCGCCTCATTAGTGGAGAGGCAA-1","slingPseudotime_1",13.8322432477093,"CD8-41BB","aucell_proliferating_score",0,"proliferating"
"ACCGCCTCATTAGTGGAGAGGCAA-1","slingPseudotime_1",13.8322432477093,"CD8-41BB","aucell_naive_memory_score",0.132421052631579,"naive_memory"
"ACCGCCTCATTAGTGGAGAGGCAA-1","slingPseudotime_1",13.8322432477093,"CD8-41BB","aucell_cytotoxic_score",0.166578901176058,"cytotoxic"
"ACCGCCTCATTAGTGGAGAGGCAA-1","slingPseudotime_2",14.6890558233709,"CD8-41BB","aucell_exhausted_score",0,"exhausted"
"ACCGCCTCATTAGTGGAGAGGCAA-1","slingPseudotime_2",14.6890558233709,"CD8-41BB","aucell_proliferating_score",0,"proliferating"
"ACCGCCTCATTAGTGGAGAGGCAA-1","slingPseudotime_2",14.6890558233709,"CD8-41BB","aucell_naive_memory_score",0.132421052631579,"naive_memory"
"ACCGCCTCATTAGTGGAGAGGCAA-1","slingPseudotime_2",14.6890558233709,"CD8-41BB","aucell_cytotoxic_score",0.166578901176058,"cytotoxic"
"ACCTATCCAATTAGACAGAGGCAA-1","slingPseudotime_2",40.5106640190215,"CD8-41BB","aucell_exhausted_score",0.128137616289275,"exhausted"
"ACCTATCCAATTAGACAGAGGCAA-1","slingPseudotime_2",40.5106640190215,"CD8-41BB","aucell_proliferating_score",0,"proliferating"
"ACCTATCCAATTAGACAGAGGCAA-1","slingPseudotime_2",40.5106640190215,"CD8-41BB","aucell_naive_memory_score",0.141052631578947,"naive_memory"
"ACCTATCCAATTAGACAGAGGCAA-1","slingPseudotime_2",40.5106640190215,"CD8-41BB","aucell_cytotoxic_score",0.349482183605406,"cytotoxic"
"ACGTAGCCACACCCACAGAGGCAA-1","slingPseudotime_2",32.8464229178939,"CD8-41BB","aucell_exhausted_score",0,"exhausted"
"ACGTAGCCACACCCACAGAGGCAA-1","slingPseudotime_2",32.8464229178939,"CD8-41BB","aucell_proliferating_score",0,"proliferating"
"ACGTAGCCACACCCACAGAGGCAA-1","slingPseudotime_2",32.8464229178939,"CD8-41BB","aucell_naive_memory_score",0,"naive_memory"
"ACGTAGCCACACCCACAGAGGCAA-1","slingPseudotime_2",32.8464229178939,"CD8-41BB","aucell_cytotoxic_score",0.306652624188169,"cytotoxic"
"ACTCAATTCATGCCTAAGAGGCAA-1","slingPseudotime_2",36.8474490106245,"CD8-41BB","aucell_exhausted_score",0.0809197823415833,"exhausted"
"ACTCAATTCATGCCTAAGAGGCAA-1","slingPseudotime_2",36.8474490106245,"CD8-41BB","aucell_proliferating_score",0,"proliferating"
"ACTCAATTCATGCCTAAGAGGCAA-1","slingPseudotime_2",36.8474490106245,"CD8-41BB","aucell_naive_memory_score",0.170947368421053,"naive_memory"
"ACTCAATTCATGCCTAAGAGGCAA-1","slingPseudotime_2",36.8474490106245,"CD8-41BB","aucell_cytotoxic_score",0.163945936457785,"cytotoxic"
"ACTGGCTTCCGTGACTAGAGGCAA-1","slingPseudotime_2",33.6525749507816,"CD8-41BB","aucell_exhausted_score",0.26979111813235,"exhausted"
"ACTGGCTTCCGTGACTAGAGGCAA-1","slingPseudotime_2",33.6525749507816,"CD8-41BB","aucell_proliferating_score",0,"proliferating"
"ACTGGCTTCCGTGACTAGAGGCAA-1","slingPseudotime_2",33.6525749507816,"CD8-41BB","aucell_naive_memory_score",0.174947368421053,"naive_memory"
"ACTGGCTTCCGTGACTAGAGGCAA-1","slingPseudotime_2",33.6525749507816,"CD8-41BB","aucell_cytotoxic_score",0.330700368615061,"cytotoxic"
"AGAAGGTCAGTAATACAGAGGCAA-1","slingPseudotime_1",7.06109050182044,"CD8-41BB","aucell_exhausted_score",0,"exhausted"
"AGAAGGTCAGTAATACAGAGGCAA-1","slingPseudotime_1",7.06109050182044,"CD8-41BB","aucell_proliferating_score",0,"proliferating"
"AGAAGGTCAGTAATACAGAGGCAA-1","slingPseudotime_1",7.06109050182044,"CD8-41BB","aucell_naive_memory_score",0.378526315789474,"naive_memory"
"AGAAGGTCAGTAATACAGAGGCAA-1","slingPseudotime_1",7.06109050182044,"CD8-41BB","aucell_cytotoxic_score",0.157802352115148,"cytotoxic"
"AGAAGGTCAGTAATACAGAGGCAA-1","slingPseudotime_2",7.74054162112464,"CD8-41BB","aucell_exhausted_score",0,"exhausted"
"AGAAGGTCAGTAATACAGAGGCAA-1","slingPseudotime_2",7.74054162112464,"CD8-41BB","aucell_proliferating_score",0,"proliferating"
"AGAAGGTCAGTAATACAGAGGCAA-1","slingPseudotime_2",7.74054162112464,"CD8-41BB","aucell_naive_memory_score",0.378526315789474,"naive_memory"
"AGAAGGTCAGTAATACAGAGGCAA-1","slingPseudotime_2",7.74054162112464,"CD8-41BB","aucell_cytotoxic_score",0.157802352115148,"cytotoxic"
"AGCGCTAAGGCTTATTAGAGGCAA-1","slingPseudotime_1",9.22740233532259,"CD8-41BB","aucell_exhausted_score",0,"exhausted"
"AGCGCTAAGGCTTATTAGAGGCAA-1","slingPseudotime_1",9.22740233532259,"CD8-41BB","aucell_proliferating_score",0,"proliferating"
"AGCGCTAAGGCTTATTAGAGGCAA-1","slingPseudotime_1",9.22740233532259,"CD8-41BB","aucell_naive_memory_score",0,"naive_memory"
"AGCGCTAAGGCTTATTAGAGGCAA-1","slingPseudotime_1",9.22740233532259,"CD8-41BB","aucell_cytotoxic_score",0,"cytotoxic"
"AGCGCTAAGGCTTATTAGAGGCAA-1","slingPseudotime_2",9.7738657967494,"CD8-41BB","aucell_exhausted_score",0,"exhausted"
"AGCGCTAAGGCTTATTAGAGGCAA-1","slingPseudotime_2",9.7738657967494,"CD8-41BB","aucell_proliferating_score",0,"proliferating"
"AGCGCTAAGGCTTATTAGAGGCAA-1","slingPseudotime_2",9.7738657967494,"CD8-41BB","aucell_naive_memory_score",0,"naive_memory"
"AGCGCTAAGGCTTATTAGAGGCAA-1","slingPseudotime_2",9.7738657967494,"CD8-41BB","aucell_cytotoxic_score",0,"cytotoxic"
"AGCTTGTGTTTCAGGTAGAGGCAA-1","slingPseudotime_1",15.7694742383705,"CD8-41BB","aucell_exhausted_score",0.129366333157802,"exhausted"
"AGCTTGTGTTTCAGGTAGAGGCAA-1","slingPseudotime_1",15.7694742383705,"CD8-41BB","aucell_proliferating_score",0,"proliferating"
"AGCTTGTGTTTCAGGTAGAGGCAA-1","slingPseudotime_1",15.7694742383705,"CD8-41BB","aucell_naive_memory_score",0,"naive_memory"
"AGCTTGTGTTTCAGGTAGAGGCAA-1","slingPseudotime_1",15.7694742383705,"CD8-41BB","aucell_cytotoxic_score",0.615938213094611,"cytotoxic"
"AGCTTGTGTTTCAGGTAGAGGCAA-1","slingPseudotime_2",38.0540426881688,"CD8-41BB","aucell_exhausted_score",0.129366333157802,"exhausted"
"AGCTTGTGTTTCAGGTAGAGGCAA-1","slingPseudotime_2",38.0540426881688,"CD8-41BB","aucell_proliferating_score",0,"proliferating"
"AGCTTGTGTTTCAGGTAGAGGCAA-1","slingPseudotime_2",38.0540426881688,"CD8-41BB","aucell_naive_memory_score",0,"naive_memory"
"AGCTTGTGTTTCAGGTAGAGGCAA-1","slingPseudotime_2",38.0540426881688,"CD8-41BB","aucell_cytotoxic_score",0.615938213094611,"cytotoxic"
"AGGGTGGAGTTTCGGCAGAGGCAA-1","slingPseudotime_2",34.4970236824195,"CD8-41BB","aucell_exhausted_score",0,"exhausted"
"AGGGTGGAGTTTCGGCAGAGGCAA-1","slingPseudotime_2",34.4970236824195,"CD8-41BB","aucell_proliferating_score",0,"proliferating"
"AGGGTGGAGTTTCGGCAGAGGCAA-1","slingPseudotime_2",34.4970236824195,"CD8-41BB","aucell_naive_memory_score",0.184210526315789,"naive_memory"
"AGGGTGGAGTTTCGGCAGAGGCAA-1","slingPseudotime_2",34.4970236824195,"CD8-41BB","aucell_cytotoxic_score",0.233982797963841,"cytotoxic"
"ATAAACCCAATAACCGAGAGGCAA-1","slingPseudotime_2",34.6926804025408,"CD8-41BB","aucell_exhausted_score",0,"exhausted"
"ATAAACCCAATAACCGAGAGGCAA-1","slingPseudotime_2",34.6926804025408,"CD8-41BB","aucell_proliferating_score",0,"proliferating"
"ATAAACCCAATAACCGAGAGGCAA-1","slingPseudotime_2",34.6926804025408,"CD8-41BB","aucell_naive_memory_score",0.298736842105263,"naive_memory"
"ATAAACCCAATAACCGAGAGGCAA-1","slingPseudotime_2",34.6926804025408,"CD8-41BB","aucell_cytotoxic_score",0.276812357381078,"cytotoxic"
"ATAAGCCAGTTGACGGAGAGGCAA-1","slingPseudotime_2",42.0411969407829,"CD8-41BB","aucell_exhausted_score",0.328067403896788,"exhausted"
"ATAAGCCAGTTGACGGAGAGGCAA-1","slingPseudotime_2",42.0411969407829,"CD8-41BB","aucell_proliferating_score",0,"proliferating"
"ATAAGCCAGTTGACGGAGAGGCAA-1","slingPseudotime_2",42.0411969407829,"CD8-41BB","aucell_naive_memory_score",0.189263157894737,"naive_memory"
"ATAAGCCAGTTGACGGAGAGGCAA-1","slingPseudotime_2",42.0411969407829,"CD8-41BB","aucell_cytotoxic_score",0.162717219589258,"cytotoxic"
"ATAGGATGTTCGGTATAGAGGCAA-1","slingPseudotime_1",14.1373868150402,"CD8-41BB","aucell_exhausted_score",0.346147094962261,"exhausted"
"ATAGGATGTTCGGTATAGAGGCAA-1","slingPseudotime_1",14.1373868150402,"CD8-41BB","aucell_proliferating_score",0.136842105263158,"proliferating"
"ATAGGATGTTCGGTATAGAGGCAA-1","slingPseudotime_1",14.1373868150402,"CD8-41BB","aucell_naive_memory_score",0,"naive_memory"
"ATAGGATGTTCGGTATAGAGGCAA-1","slingPseudotime_1",14.1373868150402,"CD8-41BB","aucell_cytotoxic_score",0,"cytotoxic"
"ATAGGATGTTCGGTATAGAGGCAA-1","slingPseudotime_2",14.9801689966509,"CD8-41BB","aucell_exhausted_score",0.346147094962261,"exhausted"
"ATAGGATGTTCGGTATAGAGGCAA-1","slingPseudotime_2",14.9801689966509,"CD8-41BB","aucell_proliferating_score",0.136842105263158,"proliferating"
"ATAGGATGTTCGGTATAGAGGCAA-1","slingPseudotime_2",14.9801689966509,"CD8-41BB","aucell_naive_memory_score",0,"naive_memory"
"ATAGGATGTTCGGTATAGAGGCAA-1","slingPseudotime_2",14.9801689966509,"CD8-41BB","aucell_cytotoxic_score",0,"cytotoxic"
"ATCGATGCATTTGGAGAGAGGCAA-1","slingPseudotime_2",31.0775050622942,"CD8-41BB","aucell_exhausted_score",0.265402843601896,"exhausted"
"ATCGATGCATTTGGAGAGAGGCAA-1","slingPseudotime_2",31.0775050622942,"CD8-41BB","aucell_proliferating_score",0,"proliferating"
"ATCGATGCATTTGGAGAGAGGCAA-1","slingPseudotime_2",31.0775050622942,"CD8-41BB","aucell_naive_memory_score",0.0814736842105263,"naive_memory"
"ATCGATGCATTTGGAGAGAGGCAA-1","slingPseudotime_2",31.0775050622942,"CD8-41BB","aucell_cytotoxic_score",0.127786554326839,"cytotoxic"
"ATCGCTCAGAGGAAATAGAGGCAA-1","slingPseudotime_2",43.1446034956823,"CD8-41BB","aucell_exhausted_score",0.133930138669475,"exhausted"
"ATCGCTCAGAGGAAATAGAGGCAA-1","slingPseudotime_2",43.1446034956823,"CD8-41BB","aucell_proliferating_score",0,"proliferating"
"ATCGCTCAGAGGAAATAGAGGCAA-1","slingPseudotime_2",43.1446034956823,"CD8-41BB","aucell_naive_memory_score",0,"naive_memory"
"ATCGCTCAGAGGAAATAGAGGCAA-1","slingPseudotime_2",43.1446034956823,"CD8-41BB","aucell_cytotoxic_score",0.453923117430226,"cytotoxic"
"ATTCGTTAGGAGGCCTAGAGGCAA-1","slingPseudotime_1",13.7506070843302,"CD8-41BB","aucell_exhausted_score",0,"exhausted"
"ATTCGTTAGGAGGCCTAGAGGCAA-1","slingPseudotime_1",13.7506070843302,"CD8-41BB","aucell_proliferating_score",0,"proliferating"
"ATTCGTTAGGAGGCCTAGAGGCAA-1","slingPseudotime_1",13.7506070843302,"CD8-41BB","aucell_naive_memory_score",0,"naive_memory"
"ATTCGTTAGGAGGCCTAGAGGCAA-1","slingPseudotime_1",13.7506070843302,"CD8-41BB","aucell_cytotoxic_score",0.0875899596278743,"cytotoxic"
"ATTCGTTAGGAGGCCTAGAGGCAA-1","slingPseudotime_2",14.6890558233709,"CD8-41BB","aucell_exhausted_score",0,"exhausted"
"ATTCGTTAGGAGGCCTAGAGGCAA-1","slingPseudotime_2",14.6890558233709,"CD8-41BB","aucell_proliferating_score",0,"proliferating"
"ATTCGTTAGGAGGCCTAGAGGCAA-1","slingPseudotime_2",14.6890558233709,"CD8-41BB","aucell_naive_memory_score",0,"naive_memory"
"ATTCGTTAGGAGGCCTAGAGGCAA-1","slingPseudotime_2",14.6890558233709,"CD8-41BB","aucell_cytotoxic_score",0.0875899596278743,"cytotoxic"
"ATTGAGCAGCATCTATAGAGGCAA-1","slingPseudotime_2",33.172879539947,"CD8-41BB","aucell_exhausted_score",0.102685624012638,"exhausted"
"ATTGAGCAGCATCTATAGAGGCAA-1","slingPseudotime_2",33.172879539947,"CD8-41BB","aucell_proliferating_score",0,"proliferating"
"ATTGAGCAGCATCTATAGAGGCAA-1","slingPseudotime_2",33.172879539947,"CD8-41BB","aucell_naive_memory_score",0,"naive_memory"
"ATTGAGCAGCATCTATAGAGGCAA-1","slingPseudotime_2",33.172879539947,"CD8-41BB","aucell_cytotoxic_score",0.474460242232754,"cytotoxic"
"ATTGAGGGTTCATTGAAGAGGCAA-1","slingPseudotime_1",45.0688384575968,"CD8-41BB","aucell_exhausted_score",0.309987712831315,"exhausted"
"ATTGAGGGTTCATTGAAGAGGCAA-1","slingPseudotime_1",45.0688384575968,"CD8-41BB","aucell_proliferating_score",0,"proliferating"
"ATTGAGGGTTCATTGAAGAGGCAA-1","slingPseudotime_1",45.0688384575968,"CD8-41BB","aucell_naive_memory_score",0.418526315789474,"naive_memory"
"ATTGAGGGTTCATTGAAGAGGCAA-1","slingPseudotime_1",45.0688384575968,"CD8-41BB","aucell_cytotoxic_score",0.15955766192733,"cytotoxic"
"CAATAGCAGGTTAGCGAGAGGCAA-1","slingPseudotime_1",19.5443783416519,"CD8-41BB","aucell_exhausted_score",0.267509215376514,"exhausted"
"CAATAGCAGGTTAGCGAGAGGCAA-1","slingPseudotime_1",19.5443783416519,"CD8-41BB","aucell_proliferating_score",0,"proliferating"
"CAATAGCAGGTTAGCGAGAGGCAA-1","slingPseudotime_1",19.5443783416519,"CD8-41BB","aucell_naive_memory_score",0,"naive_memory"
"CAATAGCAGGTTAGCGAGAGGCAA-1","slingPseudotime_1",19.5443783416519,"CD8-41BB","aucell_cytotoxic_score",0.532034404072319,"cytotoxic"
"CAATAGCAGGTTAGCGAGAGGCAA-1","slingPseudotime_2",31.9181192368768,"CD8-41BB","aucell_exhausted_score",0.267509215376514,"exhausted"
"CAATAGCAGGTTAGCGAGAGGCAA-1","slingPseudotime_2",31.9181192368768,"CD8-41BB","aucell_proliferating_score",0,"proliferating"
"CAATAGCAGGTTAGCGAGAGGCAA-1","slingPseudotime_2",31.9181192368768,"CD8-41BB","aucell_naive_memory_score",0,"naive_memory"
"CAATAGCAGGTTAGCGAGAGGCAA-1","slingPseudotime_2",31.9181192368768,"CD8-41BB","aucell_cytotoxic_score",0.532034404072319,"cytotoxic"
"CACTTGATCAAGGGTTAGAGGCAA-1","slingPseudotime_2",1.65377948419623,"CD8-41BB","aucell_exhausted_score",0,"exhausted"
"CACTTGATCAAGGGTTAGAGGCAA-1","slingPseudotime_2",1.65377948419623,"CD8-41BB","aucell_proliferating_score",0,"proliferating"
"CACTTGATCAAGGGTTAGAGGCAA-1","slingPseudotime_2",1.65377948419623,"CD8-41BB","aucell_naive_memory_score",0,"naive_memory"
"CACTTGATCAAGGGTTAGAGGCAA-1","slingPseudotime_2",1.65377948419623,"CD8-41BB","aucell_cytotoxic_score",0.166929963138494,"cytotoxic"
"CAGACCAAGTATCGCCAGAGGCAA-1","slingPseudotime_2",37.9898368376231,"CD8-41BB","aucell_exhausted_score",0,"exhausted"
"CAGACCAAGTATCGCCAGAGGCAA-1","slingPseudotime_2",37.9898368376231,"CD8-41BB","aucell_proliferating_score",0,"proliferating"
"CAGACCAAGTATCGCCAGAGGCAA-1","slingPseudotime_2",37.9898368376231,"CD8-41BB","aucell_naive_memory_score",0.128210526315789,"naive_memory"
"CAGACCAAGTATCGCCAGAGGCAA-1","slingPseudotime_2",37.9898368376231,"CD8-41BB","aucell_cytotoxic_score",0.486571879936809,"cytotoxic"
"CAGGGCAGTGCGCATCAGAGGCAA-1","slingPseudotime_1",9.37277057877976,"CD8-41BB","aucell_exhausted_score",0.025627523257855,"exhausted"
"CAGGGCAGTGCGCATCAGAGGCAA-1","slingPseudotime_1",9.37277057877976,"CD8-41BB","aucell_proliferating_score",0,"proliferating"
"CAGGGCAGTGCGCATCAGAGGCAA-1","slingPseudotime_1",9.37277057877976,"CD8-41BB","aucell_naive_memory_score",0.355157894736842,"naive_memory"
"CAGGGCAGTGCGCATCAGAGGCAA-1","slingPseudotime_1",9.37277057877976,"CD8-41BB","aucell_cytotoxic_score",0.325609970159733,"cytotoxic"
"CAGGGCAGTGCGCATCAGAGGCAA-1","slingPseudotime_2",10.0166995922646,"CD8-41BB","aucell_exhausted_score",0.025627523257855,"exhausted"
"CAGGGCAGTGCGCATCAGAGGCAA-1","slingPseudotime_2",10.0166995922646,"CD8-41BB","aucell_proliferating_score",0,"proliferating"
"CAGGGCAGTGCGCATCAGAGGCAA-1","slingPseudotime_2",10.0166995922646,"CD8-41BB","aucell_naive_memory_score",0.355157894736842,"naive_memory"
"CAGGGCAGTGCGCATCAGAGGCAA-1","slingPseudotime_2",10.0166995922646,"CD8-41BB","aucell_cytotoxic_score",0.325609970159733,"cytotoxic"
"CATCCTGCACTAACTCAGAGGCAA-1","slingPseudotime_2",38.0606488096851,"CD8-41BB","aucell_exhausted_score",0,"exhausted"
"CATCCTGCACTAACTCAGAGGCAA-1","slingPseudotime_2",38.0606488096851,"CD8-41BB","aucell_proliferating_score",0,"proliferating"
"CATCCTGCACTAACTCAGAGGCAA-1","slingPseudotime_2",38.0606488096851,"CD8-41BB","aucell_naive_memory_score",0.0709473684210526,"naive_memory"
"CATCCTGCACTAACTCAGAGGCAA-1","slingPseudotime_2",38.0606488096851,"CD8-41BB","aucell_cytotoxic_score",0.397577672459189,"cytotoxic"
"CATCTTGAGGTGTCCTAGAGGCAA-1","slingPseudotime_1",14.5032991171538,"CD8-41BB","aucell_exhausted_score",0.0624890293136739,"exhausted"
"CATCTTGAGGTGTCCTAGAGGCAA-1","slingPseudotime_1",14.5032991171538,"CD8-41BB","aucell_proliferating_score",0,"proliferating"
"CATCTTGAGGTGTCCTAGAGGCAA-1","slingPseudotime_1",14.5032991171538,"CD8-41BB","aucell_naive_memory_score",0,"naive_memory"
"CATCTTGAGGTGTCCTAGAGGCAA-1","slingPseudotime_1",14.5032991171538,"CD8-41BB","aucell_cytotoxic_score",0,"cytotoxic"
"CATCTTGAGGTGTCCTAGAGGCAA-1","slingPseudotime_2",15.1885698731843,"CD8-41BB","aucell_exhausted_score",0.0624890293136739,"exhausted"
"CATCTTGAGGTGTCCTAGAGGCAA-1","slingPseudotime_2",15.1885698731843,"CD8-41BB","aucell_proliferating_score",0,"proliferating"
"CATCTTGAGGTGTCCTAGAGGCAA-1","slingPseudotime_2",15.1885698731843,"CD8-41BB","aucell_naive_memory_score",0,"naive_memory"
"CATCTTGAGGTGTCCTAGAGGCAA-1","slingPseudotime_2",15.1885698731843,"CD8-41BB","aucell_cytotoxic_score",0,"cytotoxic"
"CCCATCACATATAGGTAGAGGCAA-1","slingPseudotime_1",15.6035988334998,"CD8-41BB","aucell_exhausted_score",0.158328945058803,"exhausted"
"CCCATCACATATAGGTAGAGGCAA-1","slingPseudotime_1",15.6035988334998,"CD8-41BB","aucell_proliferating_score",0,"proliferating"
"CCCATCACATATAGGTAGAGGCAA-1","slingPseudotime_1",15.6035988334998,"CD8-41BB","aucell_naive_memory_score",0,"naive_memory"
"CCCATCACATATAGGTAGAGGCAA-1","slingPseudotime_1",15.6035988334998,"CD8-41BB","aucell_cytotoxic_score",0.498332455678427,"cytotoxic"
"CCCATCACATATAGGTAGAGGCAA-1","slingPseudotime_2",16.4346265951917,"CD8-41BB","aucell_exhausted_score",0.158328945058803,"exhausted"
"CCCATCACATATAGGTAGAGGCAA-1","slingPseudotime_2",16.4346265951917,"CD8-41BB","aucell_proliferating_score",0,"proliferating"
"CCCATCACATATAGGTAGAGGCAA-1","slingPseudotime_2",16.4346265951917,"CD8-41BB","aucell_naive_memory_score",0,"naive_memory"
"CCCATCACATATAGGTAGAGGCAA-1","slingPseudotime_2",16.4346265951917,"CD8-41BB","aucell_cytotoxic_score",0.498332455678427,"cytotoxic"
"CCCATTCGTAGCGGATAGAGGCAA-1","slingPseudotime_1",23.5944511923436,"CD8-41BB","aucell_exhausted_score",0.162892750570476,"exhausted"
"CCCATTCGTAGCGGATAGAGGCAA-1","slingPseudotime_1",23.5944511923436,"CD8-41BB","aucell_proliferating_score",0,"proliferating"
"CCCATTCGTAGCGGATAGAGGCAA-1","slingPseudotime_1",23.5944511923436,"CD8-41BB","aucell_naive_memory_score",0.170526315789474,"naive_memory"
"CCCATTCGTAGCGGATAGAGGCAA-1","slingPseudotime_1",23.5944511923436,"CD8-41BB","aucell_cytotoxic_score",0.181147972617167,"cytotoxic"
"CCCATTCGTAGCGGATAGAGGCAA-1","slingPseudotime_2",45.626915499885,"CD8-41BB","aucell_exhausted_score",0.162892750570476,"exhausted"
"CCCATTCGTAGCGGATAGAGGCAA-1","slingPseudotime_2",45.626915499885,"CD8-41BB","aucell_proliferating_score",0,"proliferating"
"CCCATTCGTAGCGGATAGAGGCAA-1","slingPseudotime_2",45.626915499885,"CD8-41BB","aucell_naive_memory_score",0.170526315789474,"naive_memory"
"CCCATTCGTAGCGGATAGAGGCAA-1","slingPseudotime_2",45.626915499885,"CD8-41BB","aucell_cytotoxic_score",0.181147972617167,"cytotoxic"
"CCGCTTACAATAGAGAAGAGGCAA-1","slingPseudotime_1",15.4408354690741,"CD8-41BB","aucell_exhausted_score",0.0840793400035106,"exhausted"
"CCGCTTACAATAGAGAAGAGGCAA-1","slingPseudotime_1",15.4408354690741,"CD8-41BB","aucell_proliferating_score",0,"proliferating"
"CCGCTTACAATAGAGAAGAGGCAA-1","slingPseudotime_1",15.4408354690741,"CD8-41BB","aucell_naive_memory_score",0,"naive_memory"
"CCGCTTACAATAGAGAAGAGGCAA-1","slingPseudotime_1",15.4408354690741,"CD8-41BB","aucell_cytotoxic_score",0.483236791293663,"cytotoxic"
"CCGCTTACAATAGAGAAGAGGCAA-1","slingPseudotime_2",38.9622598719758,"CD8-41BB","aucell_exhausted_score",0.0840793400035106,"exhausted"
"CCGCTTACAATAGAGAAGAGGCAA-1","slingPseudotime_2",38.9622598719758,"CD8-41BB","aucell_proliferating_score",0,"proliferating"
"CCGCTTACAATAGAGAAGAGGCAA-1","slingPseudotime_2",38.9622598719758,"CD8-41BB","aucell_naive_memory_score",0,"naive_memory"
"CCGCTTACAATAGAGAAGAGGCAA-1","slingPseudotime_2",38.9622598719758,"CD8-41BB","aucell_cytotoxic_score",0.483236791293663,"cytotoxic"
"CCTTATTGTACCGTTGAGAGGCAA-1","slingPseudotime_1",11.4987833282929,"CD8-41BB","aucell_exhausted_score",0,"exhausted"
"CCTTATTGTACCGTTGAGAGGCAA-1","slingPseudotime_1",11.4987833282929,"CD8-41BB","aucell_proliferating_score",0,"proliferating"
"CCTTATTGTACCGTTGAGAGGCAA-1","slingPseudotime_1",11.4987833282929,"CD8-41BB","aucell_naive_memory_score",0.266526315789474,"naive_memory"
"CCTTATTGTACCGTTGAGAGGCAA-1","slingPseudotime_1",11.4987833282929,"CD8-41BB","aucell_cytotoxic_score",0.213621204142531,"cytotoxic"
"CCTTATTGTACCGTTGAGAGGCAA-1","slingPseudotime_2",12.2377067562155,"CD8-41BB","aucell_exhausted_score",0,"exhausted"
"CCTTATTGTACCGTTGAGAGGCAA-1","slingPseudotime_2",12.2377067562155,"CD8-41BB","aucell_proliferating_score",0,"proliferating"
"CCTTATTGTACCGTTGAGAGGCAA-1","slingPseudotime_2",12.2377067562155,"CD8-41BB","aucell_naive_memory_score",0.266526315789474,"naive_memory"
"CCTTATTGTACCGTTGAGAGGCAA-1","slingPseudotime_2",12.2377067562155,"CD8-41BB","aucell_cytotoxic_score",0.213621204142531,"cytotoxic"
"CGCTAAACATAATGACAGAGGCAA-1","slingPseudotime_2",34.088474487661,"CD8-41BB","aucell_exhausted_score",0.0573986308583465,"exhausted"
"CGCTAAACATAATGACAGAGGCAA-1","slingPseudotime_2",34.088474487661,"CD8-41BB","aucell_proliferating_score",0,"proliferating"
"CGCTAAACATAATGACAGAGGCAA-1","slingPseudotime_2",34.088474487661,"CD8-41BB","aucell_naive_memory_score",0.0850526315789474,"naive_memory"
"CGCTAAACATAATGACAGAGGCAA-1","slingPseudotime_2",34.088474487661,"CD8-41BB","aucell_cytotoxic_score",0.322099350535369,"cytotoxic"
"CGTTATTAGTGTTTGTAGAGGCAA-1","slingPseudotime_1",16.3156083002618,"CD8-41BB","aucell_exhausted_score",0.164472529401439,"exhausted"
"CGTTATTAGTGTTTGTAGAGGCAA-1","slingPseudotime_1",16.3156083002618,"CD8-41BB","aucell_proliferating_score",0,"proliferating"
"CGTTATTAGTGTTTGTAGAGGCAA-1","slingPseudotime_1",16.3156083002618,"CD8-41BB","aucell_naive_memory_score",0.04,"naive_memory"
"CGTTATTAGTGTTTGTAGAGGCAA-1","slingPseudotime_1",16.3156083002618,"CD8-41BB","aucell_cytotoxic_score",0.278743198174478,"cytotoxic"
"CGTTATTAGTGTTTGTAGAGGCAA-1","slingPseudotime_2",16.8451750189701,"CD8-41BB","aucell_exhausted_score",0.164472529401439,"exhausted"
"CGTTATTAGTGTTTGTAGAGGCAA-1","slingPseudotime_2",16.8451750189701,"CD8-41BB","aucell_proliferating_score",0,"proliferating"
"CGTTATTAGTGTTTGTAGAGGCAA-1","slingPseudotime_2",16.8451750189701,"CD8-41BB","aucell_naive_memory_score",0.04,"naive_memory"
"CGTTATTAGTGTTTGTAGAGGCAA-1","slingPseudotime_2",16.8451750189701,"CD8-41BB","aucell_cytotoxic_score",0.278743198174478,"cytotoxic"
"CTAATCTAGCTAAGTAAGAGGCAA-1","slingPseudotime_1",41.6859941411211,"CD8-41BB","aucell_exhausted_score",0.107951553449184,"exhausted"
"CTAATCTAGCTAAGTAAGAGGCAA-1","slingPseudotime_1",41.6859941411211,"CD8-41BB","aucell_proliferating_score",0.664631578947368,"proliferating"
"CTAATCTAGCTAAGTAAGAGGCAA-1","slingPseudotime_1",41.6859941411211,"CD8-41BB","aucell_naive_memory_score",0.166315789473684,"naive_memory"
"CTAATCTAGCTAAGTAAGAGGCAA-1","slingPseudotime_1",41.6859941411211,"CD8-41BB","aucell_cytotoxic_score",0.128313147270493,"cytotoxic"
"CTCAGCTAGTCATGAAAGAGGCAA-1","slingPseudotime_1",11.4754662368286,"CD8-41BB","aucell_exhausted_score",0.156573635246621,"exhausted"
"CTCAGCTAGTCATGAAAGAGGCAA-1","slingPseudotime_1",11.4754662368286,"CD8-41BB","aucell_proliferating_score",0,"proliferating"
"CTCAGCTAGTCATGAAAGAGGCAA-1","slingPseudotime_1",11.4754662368286,"CD8-41BB","aucell_naive_memory_score",0.0315789473684211,"naive_memory"
"CTCAGCTAGTCATGAAAGAGGCAA-1","slingPseudotime_1",11.4754662368286,"CD8-41BB","aucell_cytotoxic_score",0,"cytotoxic"
"CTCAGCTAGTCATGAAAGAGGCAA-1","slingPseudotime_2",31.5384895694158,"CD8-41BB","aucell_exhausted_score",0.156573635246621,"exhausted"
"CTCAGCTAGTCATGAAAGAGGCAA-1","slingPseudotime_2",31.5384895694158,"CD8-41BB","aucell_proliferating_score",0,"proliferating"
"CTCAGCTAGTCATGAAAGAGGCAA-1","slingPseudotime_2",31.5384895694158,"CD8-41BB","aucell_naive_memory_score",0.0315789473684211,"naive_memory"
"CTCAGCTAGTCATGAAAGAGGCAA-1","slingPseudotime_2",31.5384895694158,"CD8-41BB","aucell_cytotoxic_score",0,"cytotoxic"
"CTCGCTTGTCAATACCAGAGGCAA-1","slingPseudotime_2",34.8048794138563,"CD8-41BB","aucell_exhausted_score",0.163243812532912,"exhausted"
"CTCGCTTGTCAATACCAGAGGCAA-1","slingPseudotime_2",34.8048794138563,"CD8-41BB","aucell_proliferating_score",0.156842105263158,"proliferating"
"CTCGCTTGTCAATACCAGAGGCAA-1","slingPseudotime_2",34.8048794138563,"CD8-41BB","aucell_naive_memory_score",0,"naive_memory"
"CTCGCTTGTCAATACCAGAGGCAA-1","slingPseudotime_2",34.8048794138563,"CD8-41BB","aucell_cytotoxic_score",0.338248200807443,"cytotoxic"
"CTTCAATAGCAACATAAGAGGCAA-1","slingPseudotime_1",14.4230988354229,"CD8-41BB","aucell_exhausted_score",0,"exhausted"
"CTTCAATAGCAACATAAGAGGCAA-1","slingPseudotime_1",14.4230988354229,"CD8-41BB","aucell_proliferating_score",0,"proliferating"
"CTTCAATAGCAACATAAGAGGCAA-1","slingPseudotime_1",14.4230988354229,"CD8-41BB","aucell_naive_memory_score",0,"naive_memory"
"CTTCAATAGCAACATAAGAGGCAA-1","slingPseudotime_1",14.4230988354229,"CD8-41BB","aucell_cytotoxic_score",0.166754432157276,"cytotoxic"
"CTTCAATAGCAACATAAGAGGCAA-1","slingPseudotime_2",15.2808462501796,"CD8-41BB","aucell_exhausted_score",0,"exhausted"
"CTTCAATAGCAACATAAGAGGCAA-1","slingPseudotime_2",15.2808462501796,"CD8-41BB","aucell_proliferating_score",0,"proliferating"
"CTTCAATAGCAACATAAGAGGCAA-1","slingPseudotime_2",15.2808462501796,"CD8-41BB","aucell_naive_memory_score",0,"naive_memory"
"CTTCAATAGCAACATAAGAGGCAA-1","slingPseudotime_2",15.2808462501796,"CD8-41BB","aucell_cytotoxic_score",0.166754432157276,"cytotoxic"
"CTTGTGATCCGAAAGTAGAGGCAA-1","slingPseudotime_2",0,"CD8-41BB","aucell_exhausted_score",0,"exhausted"
"CTTGTGATCCGAAAGTAGAGGCAA-1","slingPseudotime_2",0,"CD8-41BB","aucell_proliferating_score",0,"proliferating"
"CTTGTGATCCGAAAGTAGAGGCAA-1","slingPseudotime_2",0,"CD8-41BB","aucell_naive_memory_score",0.532210526315789,"naive_memory"
"CTTGTGATCCGAAAGTAGAGGCAA-1","slingPseudotime_2",0,"CD8-41BB","aucell_cytotoxic_score",0,"cytotoxic"
"GAAATACGTCCTTCTAAGAGGCAA-1","slingPseudotime_1",13.7506070843302,"CD8-41BB","aucell_exhausted_score",0.0928558890644199,"exhausted"
"GAAATACGTCCTTCTAAGAGGCAA-1","slingPseudotime_1",13.7506070843302,"CD8-41BB","aucell_proliferating_score",0,"proliferating"
"GAAATACGTCCTTCTAAGAGGCAA-1","slingPseudotime_1",13.7506070843302,"CD8-41BB","aucell_naive_memory_score",0.0966315789473684,"naive_memory"
"GAAATACGTCCTTCTAAGAGGCAA-1","slingPseudotime_1",13.7506070843302,"CD8-41BB","aucell_cytotoxic_score",0.0851325258908197,"cytotoxic"
"GAAATACGTCCTTCTAAGAGGCAA-1","slingPseudotime_2",14.5869855533867,"CD8-41BB","aucell_exhausted_score",0.0928558890644199,"exhausted"
"GAAATACGTCCTTCTAAGAGGCAA-1","slingPseudotime_2",14.5869855533867,"CD8-41BB","aucell_proliferating_score",0,"proliferating"
"GAAATACGTCCTTCTAAGAGGCAA-1","slingPseudotime_2",14.5869855533867,"CD8-41BB","aucell_naive_memory_score",0.0966315789473684,"naive_memory"
"GAAATACGTCCTTCTAAGAGGCAA-1","slingPseudotime_2",14.5869855533867,"CD8-41BB","aucell_cytotoxic_score",0.0851325258908197,"cytotoxic"
"GAAGGCTGTTTCTAAGAGAGGCAA-1","slingPseudotime_1",5.92680776121754,"CD8-41BB","aucell_exhausted_score",0,"exhausted"
"GAAGGCTGTTTCTAAGAGAGGCAA-1","slingPseudotime_1",5.92680776121754,"CD8-41BB","aucell_proliferating_score",0,"proliferating"
"GAAGGCTGTTTCTAAGAGAGGCAA-1","slingPseudotime_1",5.92680776121754,"CD8-41BB","aucell_naive_memory_score",0.635157894736842,"naive_memory"
"GAAGGCTGTTTCTAAGAGAGGCAA-1","slingPseudotime_1",5.92680776121754,"CD8-41BB","aucell_cytotoxic_score",0.046515710022819,"cytotoxic"
"GAAGGCTGTTTCTAAGAGAGGCAA-1","slingPseudotime_2",6.58446762498446,"CD8-41BB","aucell_exhausted_score",0,"exhausted"
"GAAGGCTGTTTCTAAGAGAGGCAA-1","slingPseudotime_2",6.58446762498446,"CD8-41BB","aucell_proliferating_score",0,"proliferating"
"GAAGGCTGTTTCTAAGAGAGGCAA-1","slingPseudotime_2",6.58446762498446,"CD8-41BB","aucell_naive_memory_score",0.635157894736842,"naive_memory"
"GAAGGCTGTTTCTAAGAGAGGCAA-1","slingPseudotime_2",6.58446762498446,"CD8-41BB","aucell_cytotoxic_score",0.046515710022819,"cytotoxic"
"GAATAACGTACTTAGCAGAGGCAA-1","slingPseudotime_1",14.4230988354229,"CD8-41BB","aucell_exhausted_score",0,"exhausted"
"GAATAACGTACTTAGCAGAGGCAA-1","slingPseudotime_1",14.4230988354229,"CD8-41BB","aucell_proliferating_score",0,"proliferating"
"GAATAACGTACTTAGCAGAGGCAA-1","slingPseudotime_1",14.4230988354229,"CD8-41BB","aucell_naive_memory_score",0.104210526315789,"naive_memory"
"GAATAACGTACTTAGCAGAGGCAA-1","slingPseudotime_1",14.4230988354229,"CD8-41BB","aucell_cytotoxic_score",0.645427417939266,"cytotoxic"
"GAATAACGTACTTAGCAGAGGCAA-1","slingPseudotime_2",15.1263698167683,"CD8-41BB","aucell_exhausted_score",0,"exhausted"
"GAATAACGTACTTAGCAGAGGCAA-1","slingPseudotime_2",15.1263698167683,"CD8-41BB","aucell_proliferating_score",0,"proliferating"
"GAATAACGTACTTAGCAGAGGCAA-1","slingPseudotime_2",15.1263698167683,"CD8-41BB","aucell_naive_memory_score",0.104210526315789,"naive_memory"
"GAATAACGTACTTAGCAGAGGCAA-1","slingPseudotime_2",15.1263698167683,"CD8-41BB","aucell_cytotoxic_score",0.645427417939266,"cytotoxic"
"GAGGGAGTCTTTAAGCAGAGGCAA-1","slingPseudotime_1",14.4230988354229,"CD8-41BB","aucell_exhausted_score",0.0573986308583465,"exhausted"
"GAGGGAGTCTTTAAGCAGAGGCAA-1","slingPseudotime_1",14.4230988354229,"CD8-41BB","aucell_proliferating_score",0,"proliferating"
"GAGGGAGTCTTTAAGCAGAGGCAA-1","slingPseudotime_1",14.4230988354229,"CD8-41BB","aucell_naive_memory_score",0.0837894736842105,"naive_memory"
"GAGGGAGTCTTTAAGCAGAGGCAA-1","slingPseudotime_1",14.4230988354229,"CD8-41BB","aucell_cytotoxic_score",0,"cytotoxic"
"GAGGGAGTCTTTAAGCAGAGGCAA-1","slingPseudotime_2",15.2706524678481,"CD8-41BB","aucell_exhausted_score",0.0573986308583465,"exhausted"
"GAGGGAGTCTTTAAGCAGAGGCAA-1","slingPseudotime_2",15.2706524678481,"CD8-41BB","aucell_proliferating_score",0,"proliferating"
"GAGGGAGTCTTTAAGCAGAGGCAA-1","slingPseudotime_2",15.2706524678481,"CD8-41BB","aucell_naive_memory_score",0.0837894736842105,"naive_memory"
"GAGGGAGTCTTTAAGCAGAGGCAA-1","slingPseudotime_2",15.2706524678481,"CD8-41BB","aucell_cytotoxic_score",0,"cytotoxic"
"GAGTGACGTGAGTAATAGAGGCAA-1","slingPseudotime_2",38.6898029761821,"CD8-41BB","aucell_exhausted_score",0.214498859048622,"exhausted"
"GAGTGACGTGAGTAATAGAGGCAA-1","slingPseudotime_2",38.6898029761821,"CD8-41BB","aucell_proliferating_score",0.00905263157894737,"proliferating"
"GAGTGACGTGAGTAATAGAGGCAA-1","slingPseudotime_2",38.6898029761821,"CD8-41BB","aucell_naive_memory_score",0,"naive_memory"
"GAGTGACGTGAGTAATAGAGGCAA-1","slingPseudotime_2",38.6898029761821,"CD8-41BB","aucell_cytotoxic_score",0.631384939441812,"cytotoxic"
"GCAGTTTGTCAAAGGCAGAGGCAA-1","slingPseudotime_2",36.9120263025945,"CD8-41BB","aucell_exhausted_score",0.15762682113393,"exhausted"
"GCAGTTTGTCAAAGGCAGAGGCAA-1","slingPseudotime_2",36.9120263025945,"CD8-41BB","aucell_proliferating_score",0,"proliferating"
"GCAGTTTGTCAAAGGCAGAGGCAA-1","slingPseudotime_2",36.9120263025945,"CD8-41BB","aucell_naive_memory_score",0,"naive_memory"
"GCAGTTTGTCAAAGGCAGAGGCAA-1","slingPseudotime_2",36.9120263025945,"CD8-41BB","aucell_cytotoxic_score",0.163945936457785,"cytotoxic"
"GCATGCTTCGTAACCCAGAGGCAA-1","slingPseudotime_1",23.0986958319329,"CD8-41BB","aucell_exhausted_score",0.317711076004915,"exhausted"
"GCATGCTTCGTAACCCAGAGGCAA-1","slingPseudotime_1",23.0986958319329,"CD8-41BB","aucell_proliferating_score",0.152631578947368,"proliferating"
"GCATGCTTCGTAACCCAGAGGCAA-1","slingPseudotime_1",23.0986958319329,"CD8-41BB","aucell_naive_memory_score",0.194315789473684,"naive_memory"
"GCATGCTTCGTAACCCAGAGGCAA-1","slingPseudotime_1",23.0986958319329,"CD8-41BB","aucell_cytotoxic_score",0.148323679129366,"cytotoxic"
"GCATGCTTCGTAACCCAGAGGCAA-1","slingPseudotime_2",24.6318152608789,"CD8-41BB","aucell_exhausted_score",0.317711076004915,"exhausted"
"GCATGCTTCGTAACCCAGAGGCAA-1","slingPseudotime_2",24.6318152608789,"CD8-41BB","aucell_proliferating_score",0.152631578947368,"proliferating"
"GCATGCTTCGTAACCCAGAGGCAA-1","slingPseudotime_2",24.6318152608789,"CD8-41BB","aucell_naive_memory_score",0.194315789473684,"naive_memory"
"GCATGCTTCGTAACCCAGAGGCAA-1","slingPseudotime_2",24.6318152608789,"CD8-41BB","aucell_cytotoxic_score",0.148323679129366,"cytotoxic"
"GCCAATACAAGCTCAAAGAGGCAA-1","slingPseudotime_2",35.2044460924659,"CD8-41BB","aucell_exhausted_score",0.0265051781639459,"exhausted"
"GCCAATACAAGCTCAAAGAGGCAA-1","slingPseudotime_2",35.2044460924659,"CD8-41BB","aucell_proliferating_score",0,"proliferating"
"GCCAATACAAGCTCAAAGAGGCAA-1","slingPseudotime_2",35.2044460924659,"CD8-41BB","aucell_naive_memory_score",0.257473684210526,"naive_memory"
"GCCAATACAAGCTCAAAGAGGCAA-1","slingPseudotime_2",35.2044460924659,"CD8-41BB","aucell_cytotoxic_score",0.411093558012989,"cytotoxic"
"GCCAATACAGGGATGAAGAGGCAA-1","slingPseudotime_1",13.6959185620084,"CD8-41BB","aucell_exhausted_score",0,"exhausted"
"GCCAATACAGGGATGAAGAGGCAA-1","slingPseudotime_1",13.6959185620084,"CD8-41BB","aucell_proliferating_score",0,"proliferating"
"GCCAATACAGGGATGAAGAGGCAA-1","slingPseudotime_1",13.6959185620084,"CD8-41BB","aucell_naive_memory_score",0.0728421052631579,"naive_memory"
"GCCAATACAGGGATGAAGAGGCAA-1","slingPseudotime_1",13.6959185620084,"CD8-41BB","aucell_cytotoxic_score",0.282955941723714,"cytotoxic"
"GCCAATACAGGGATGAAGAGGCAA-1","slingPseudotime_2",14.3896053061199,"CD8-41BB","aucell_exhausted_score",0,"exhausted"
"GCCAATACAGGGATGAAGAGGCAA-1","slingPseudotime_2",14.3896053061199,"CD8-41BB","aucell_proliferating_score",0,"proliferating"
"GCCAATACAGGGATGAAGAGGCAA-1","slingPseudotime_2",14.3896053061199,"CD8-41BB","aucell_naive_memory_score",0.0728421052631579,"naive_memory"
"GCCAATACAGGGATGAAGAGGCAA-1","slingPseudotime_2",14.3896053061199,"CD8-41BB","aucell_cytotoxic_score",0.282955941723714,"cytotoxic"
"GCTAGATAGACTTAAGAGAGGCAA-1","slingPseudotime_1",42.4938950351679,"CD8-41BB","aucell_exhausted_score",0.0761804458486923,"exhausted"
"GCTAGATAGACTTAAGAGAGGCAA-1","slingPseudotime_1",42.4938950351679,"CD8-41BB","aucell_proliferating_score",0.381894736842105,"proliferating"
"GCTAGATAGACTTAAGAGAGGCAA-1","slingPseudotime_1",42.4938950351679,"CD8-41BB","aucell_naive_memory_score",0,"naive_memory"
"GCTAGATAGACTTAAGAGAGGCAA-1","slingPseudotime_1",42.4938950351679,"CD8-41BB","aucell_cytotoxic_score",0.483061260312445,"cytotoxic"
"GGCATGATCCAATAGAAGAGGCAA-1","slingPseudotime_1",13.7506070843302,"CD8-41BB","aucell_exhausted_score",0,"exhausted"
"GGCATGATCCAATAGAAGAGGCAA-1","slingPseudotime_1",13.7506070843302,"CD8-41BB","aucell_proliferating_score",0,"proliferating"
"GGCATGATCCAATAGAAGAGGCAA-1","slingPseudotime_1",13.7506070843302,"CD8-41BB","aucell_naive_memory_score",0,"naive_memory"
"GGCATGATCCAATAGAAGAGGCAA-1","slingPseudotime_1",13.7506070843302,"CD8-41BB","aucell_cytotoxic_score",0,"cytotoxic"
"GGCATGATCCAATAGAAGAGGCAA-1","slingPseudotime_2",14.4347842872223,"CD8-41BB","aucell_exhausted_score",0,"exhausted"
"GGCATGATCCAATAGAAGAGGCAA-1","slingPseudotime_2",14.4347842872223,"CD8-41BB","aucell_proliferating_score",0,"proliferating"
"GGCATGATCCAATAGAAGAGGCAA-1","slingPseudotime_2",14.4347842872223,"CD8-41BB","aucell_naive_memory_score",0,"naive_memory"
"GGCATGATCCAATAGAAGAGGCAA-1","slingPseudotime_2",14.4347842872223,"CD8-41BB","aucell_cytotoxic_score",0,"cytotoxic"
"GGCTATTGTCTACCTCAGAGGCAA-1","slingPseudotime_1",42.8820321047912,"CD8-41BB","aucell_exhausted_score",0,"exhausted"
"GGCTATTGTCTACCTCAGAGGCAA-1","slingPseudotime_1",42.8820321047912,"CD8-41BB","aucell_proliferating_score",0.642105263157895,"proliferating"
"GGCTATTGTCTACCTCAGAGGCAA-1","slingPseudotime_1",42.8820321047912,"CD8-41BB","aucell_naive_memory_score",0.171578947368421,"naive_memory"
"GGCTATTGTCTACCTCAGAGGCAA-1","slingPseudotime_1",42.8820321047912,"CD8-41BB","aucell_cytotoxic_score",0.0233456205020186,"cytotoxic"
"GGGAGTCTCAGCTACCAGAGGCAA-1","slingPseudotime_2",36.0502378087122,"CD8-41BB","aucell_exhausted_score",0,"exhausted"
"GGGAGTCTCAGCTACCAGAGGCAA-1","slingPseudotime_2",36.0502378087122,"CD8-41BB","aucell_proliferating_score",0,"proliferating"
"GGGAGTCTCAGCTACCAGAGGCAA-1","slingPseudotime_2",36.0502378087122,"CD8-41BB","aucell_naive_memory_score",0,"naive_memory"
"GGGAGTCTCAGCTACCAGAGGCAA-1","slingPseudotime_2",36.0502378087122,"CD8-41BB","aucell_cytotoxic_score",0.385817096717571,"cytotoxic"
"GGGATGGAGCTCAAGGAGAGGCAA-1","slingPseudotime_1",11.2117942617434,"CD8-41BB","aucell_exhausted_score",0,"exhausted"
"GGGATGGAGCTCAAGGAGAGGCAA-1","slingPseudotime_1",11.2117942617434,"CD8-41BB","aucell_proliferating_score",0,"proliferating"
"GGGATGGAGCTCAAGGAGAGGCAA-1","slingPseudotime_1",11.2117942617434,"CD8-41BB","aucell_naive_memory_score",0,"naive_memory"
"GGGATGGAGCTCAAGGAGAGGCAA-1","slingPseudotime_1",11.2117942617434,"CD8-41BB","aucell_cytotoxic_score",0,"cytotoxic"
"GGGATGGAGCTCAAGGAGAGGCAA-1","slingPseudotime_2",11.6727451325159,"CD8-41BB","aucell_exhausted_score",0,"exhausted"
"GGGATGGAGCTCAAGGAGAGGCAA-1","slingPseudotime_2",11.6727451325159,"CD8-41BB","aucell_proliferating_score",0,"proliferating"
"GGGATGGAGCTCAAGGAGAGGCAA-1","slingPseudotime_2",11.6727451325159,"CD8-41BB","aucell_naive_memory_score",0,"naive_memory"
"GGGATGGAGCTCAAGGAGAGGCAA-1","slingPseudotime_2",11.6727451325159,"CD8-41BB","aucell_cytotoxic_score",0,"cytotoxic"
"GGTCATTGTTGGATGAAGAGGCAA-1","slingPseudotime_1",13.2450922540912,"CD8-41BB","aucell_exhausted_score",0,"exhausted"
"GGTCATTGTTGGATGAAGAGGCAA-1","slingPseudotime_1",13.2450922540912,"CD8-41BB","aucell_proliferating_score",0,"proliferating"
"GGTCATTGTTGGATGAAGAGGCAA-1","slingPseudotime_1",13.2450922540912,"CD8-41BB","aucell_naive_memory_score",0,"naive_memory"
"GGTCATTGTTGGATGAAGAGGCAA-1","slingPseudotime_1",13.2450922540912,"CD8-41BB","aucell_cytotoxic_score",0,"cytotoxic"
"GGTCATTGTTGGATGAAGAGGCAA-1","slingPseudotime_2",14.0878377847105,"CD8-41BB","aucell_exhausted_score",0,"exhausted"
"GGTCATTGTTGGATGAAGAGGCAA-1","slingPseudotime_2",14.0878377847105,"CD8-41BB","aucell_proliferating_score",0,"proliferating"
"GGTCATTGTTGGATGAAGAGGCAA-1","slingPseudotime_2",14.0878377847105,"CD8-41BB","aucell_naive_memory_score",0,"naive_memory"
"GGTCATTGTTGGATGAAGAGGCAA-1","slingPseudotime_2",14.0878377847105,"CD8-41BB","aucell_cytotoxic_score",0,"cytotoxic"
"GGTGTGATCGAGGCGTAGAGGCAA-1","slingPseudotime_2",41.2327720318674,"CD8-41BB","aucell_exhausted_score",0.362471476215552,"exhausted"
"GGTGTGATCGAGGCGTAGAGGCAA-1","slingPseudotime_2",41.2327720318674,"CD8-41BB","aucell_proliferating_score",0,"proliferating"
"GGTGTGATCGAGGCGTAGAGGCAA-1","slingPseudotime_2",41.2327720318674,"CD8-41BB","aucell_naive_memory_score",0,"naive_memory"
"GGTGTGATCGAGGCGTAGAGGCAA-1","slingPseudotime_2",41.2327720318674,"CD8-41BB","aucell_cytotoxic_score",0.467614533965245,"cytotoxic"
"GGTGTGCAGTCACCTAAGAGGCAA-1","slingPseudotime_2",36.5539890001527,"CD8-41BB","aucell_exhausted_score",0.116903633491311,"exhausted"
"GGTGTGCAGTCACCTAAGAGGCAA-1","slingPseudotime_2",36.5539890001527,"CD8-41BB","aucell_proliferating_score",0,"proliferating"
"GGTGTGCAGTCACCTAAGAGGCAA-1","slingPseudotime_2",36.5539890001527,"CD8-41BB","aucell_naive_memory_score",0,"naive_memory"
"GGTGTGCAGTCACCTAAGAGGCAA-1","slingPseudotime_2",36.5539890001527,"CD8-41BB","aucell_cytotoxic_score",0.331051430577497,"cytotoxic"
"GGTTGACCACATACCTAGAGGCAA-1","slingPseudotime_1",12.4866522696784,"CD8-41BB","aucell_exhausted_score",0.0149201334035457,"exhausted"
"GGTTGACCACATACCTAGAGGCAA-1","slingPseudotime_1",12.4866522696784,"CD8-41BB","aucell_proliferating_score",0,"proliferating"
"GGTTGACCACATACCTAGAGGCAA-1","slingPseudotime_1",12.4866522696784,"CD8-41BB","aucell_naive_memory_score",0.1,"naive_memory"
"GGTTGACCACATACCTAGAGGCAA-1","slingPseudotime_1",12.4866522696784,"CD8-41BB","aucell_cytotoxic_score",0,"cytotoxic"
"GGTTGACCACATACCTAGAGGCAA-1","slingPseudotime_2",13.1916608539014,"CD8-41BB","aucell_exhausted_score",0.0149201334035457,"exhausted"
"GGTTGACCACATACCTAGAGGCAA-1","slingPseudotime_2",13.1916608539014,"CD8-41BB","aucell_proliferating_score",0,"proliferating"
"GGTTGACCACATACCTAGAGGCAA-1","slingPseudotime_2",13.1916608539014,"CD8-41BB","aucell_naive_memory_score",0.1,"naive_memory"
"GGTTGACCACATACCTAGAGGCAA-1","slingPseudotime_2",13.1916608539014,"CD8-41BB","aucell_cytotoxic_score",0,"cytotoxic"
"GGTTTGACAACTAAACAGAGGCAA-1","slingPseudotime_1",28.9312522477396,"CD8-41BB","aucell_exhausted_score",0.145339652448657,"exhausted"
"GGTTTGACAACTAAACAGAGGCAA-1","slingPseudotime_1",28.9312522477396,"CD8-41BB","aucell_proliferating_score",0,"proliferating"
"GGTTTGACAACTAAACAGAGGCAA-1","slingPseudotime_1",28.9312522477396,"CD8-41BB","aucell_naive_memory_score",0,"naive_memory"
"GGTTTGACAACTAAACAGAGGCAA-1","slingPseudotime_1",28.9312522477396,"CD8-41BB","aucell_cytotoxic_score",0.0988239424258382,"cytotoxic"
"GTAAAGGAGCAATCCCAGAGGCAA-1","slingPseudotime_2",37.0948294013247,"CD8-41BB","aucell_exhausted_score",0,"exhausted"
"GTAAAGGAGCAATCCCAGAGGCAA-1","slingPseudotime_2",37.0948294013247,"CD8-41BB","aucell_proliferating_score",0,"proliferating"
"GTAAAGGAGCAATCCCAGAGGCAA-1","slingPseudotime_2",37.0948294013247,"CD8-41BB","aucell_naive_memory_score",0,"naive_memory"
"GTAAAGGAGCAATCCCAGAGGCAA-1","slingPseudotime_2",37.0948294013247,"CD8-41BB","aucell_cytotoxic_score",0.604177637352993,"cytotoxic"
"GTCACACTCGCTTCGGAGAGGCAA-1","slingPseudotime_1",14.7581602266104,"CD8-41BB","aucell_exhausted_score",0,"exhausted"
"GTCACACTCGCTTCGGAGAGGCAA-1","slingPseudotime_1",14.7581602266104,"CD8-41BB","aucell_proliferating_score",0,"proliferating"
"GTCACACTCGCTTCGGAGAGGCAA-1","slingPseudotime_1",14.7581602266104,"CD8-41BB","aucell_naive_memory_score",0,"naive_memory"
"GTCACACTCGCTTCGGAGAGGCAA-1","slingPseudotime_1",14.7581602266104,"CD8-41BB","aucell_cytotoxic_score",0,"cytotoxic"
"GTCACACTCGCTTCGGAGAGGCAA-1","slingPseudotime_2",31.8592764027608,"CD8-41BB","aucell_exhausted_score",0,"exhausted"
"GTCACACTCGCTTCGGAGAGGCAA-1","slingPseudotime_2",31.8592764027608,"CD8-41BB","aucell_proliferating_score",0,"proliferating"
"GTCACACTCGCTTCGGAGAGGCAA-1","slingPseudotime_2",31.8592764027608,"CD8-41BB","aucell_naive_memory_score",0,"naive_memory"
"GTCACACTCGCTTCGGAGAGGCAA-1","slingPseudotime_2",31.8592764027608,"CD8-41BB","aucell_cytotoxic_score",0,"cytotoxic"
"GTCATTGTCTCACCTTAGAGGCAA-1","slingPseudotime_1",14.1335394410285,"CD8-41BB","aucell_exhausted_score",0.163770405476567,"exhausted"
"GTCATTGTCTCACCTTAGAGGCAA-1","slingPseudotime_1",14.1335394410285,"CD8-41BB","aucell_proliferating_score",0,"proliferating"
"GTCATTGTCTCACCTTAGAGGCAA-1","slingPseudotime_1",14.1335394410285,"CD8-41BB","aucell_naive_memory_score",0,"naive_memory"
"GTCATTGTCTCACCTTAGAGGCAA-1","slingPseudotime_1",14.1335394410285,"CD8-41BB","aucell_cytotoxic_score",0.0742496050552923,"cytotoxic"
"GTCATTGTCTCACCTTAGAGGCAA-1","slingPseudotime_2",14.8946796147907,"CD8-41BB","aucell_exhausted_score",0.163770405476567,"exhausted"
"GTCATTGTCTCACCTTAGAGGCAA-1","slingPseudotime_2",14.8946796147907,"CD8-41BB","aucell_proliferating_score",0,"proliferating"
"GTCATTGTCTCACCTTAGAGGCAA-1","slingPseudotime_2",14.8946796147907,"CD8-41BB","aucell_naive_memory_score",0,"naive_memory"
"GTCATTGTCTCACCTTAGAGGCAA-1","slingPseudotime_2",14.8946796147907,"CD8-41BB","aucell_cytotoxic_score",0.0742496050552923,"cytotoxic"
"GTTCTGTCATTCATGCAGAGGCAA-1","slingPseudotime_1",15.8497306456765,"CD8-41BB","aucell_exhausted_score",0.0640688081446375,"exhausted"
"GTTCTGTCATTCATGCAGAGGCAA-1","slingPseudotime_1",15.8497306456765,"CD8-41BB","aucell_proliferating_score",0,"proliferating"
"GTTCTGTCATTCATGCAGAGGCAA-1","slingPseudotime_1",15.8497306456765,"CD8-41BB","aucell_naive_memory_score",0.0821052631578947,"naive_memory"
"GTTCTGTCATTCATGCAGAGGCAA-1","slingPseudotime_1",15.8497306456765,"CD8-41BB","aucell_cytotoxic_score",0.641916798314903,"cytotoxic"
"GTTCTGTCATTCATGCAGAGGCAA-1","slingPseudotime_2",16.8298224332656,"CD8-41BB","aucell_exhausted_score",0.0640688081446375,"exhausted"
"GTTCTGTCATTCATGCAGAGGCAA-1","slingPseudotime_2",16.8298224332656,"CD8-41BB","aucell_proliferating_score",0,"proliferating"
"GTTCTGTCATTCATGCAGAGGCAA-1","slingPseudotime_2",16.8298224332656,"CD8-41BB","aucell_naive_memory_score",0.0821052631578947,"naive_memory"
"GTTCTGTCATTCATGCAGAGGCAA-1","slingPseudotime_2",16.8298224332656,"CD8-41BB","aucell_cytotoxic_score",0.641916798314903,"cytotoxic"
"GTTGAATCAAATATGCAGAGGCAA-1","slingPseudotime_1",14.0462546703255,"CD8-41BB","aucell_exhausted_score",0.0600315955766193,"exhausted"
"GTTGAATCAAATATGCAGAGGCAA-1","slingPseudotime_1",14.0462546703255,"CD8-41BB","aucell_proliferating_score",0,"proliferating"
"GTTGAATCAAATATGCAGAGGCAA-1","slingPseudotime_1",14.0462546703255,"CD8-41BB","aucell_naive_memory_score",0.0326315789473684,"naive_memory"
"GTTGAATCAAATATGCAGAGGCAA-1","slingPseudotime_1",14.0462546703255,"CD8-41BB","aucell_cytotoxic_score",0.47674214498859,"cytotoxic"
"GTTGAATCAAATATGCAGAGGCAA-1","slingPseudotime_2",39.1869701089902,"CD8-41BB","aucell_exhausted_score",0.0600315955766193,"exhausted"
"GTTGAATCAAATATGCAGAGGCAA-1","slingPseudotime_2",39.1869701089902,"CD8-41BB","aucell_proliferating_score",0,"proliferating"
"GTTGAATCAAATATGCAGAGGCAA-1","slingPseudotime_2",39.1869701089902,"CD8-41BB","aucell_naive_memory_score",0.0326315789473684,"naive_memory"
"GTTGAATCAAATATGCAGAGGCAA-1","slingPseudotime_2",39.1869701089902,"CD8-41BB","aucell_cytotoxic_score",0.47674214498859,"cytotoxic"
"GTTTAGTTCACCAGGAAGAGGCAA-1","slingPseudotime_1",15.7394041910731,"CD8-41BB","aucell_exhausted_score",0,"exhausted"
"GTTTAGTTCACCAGGAAGAGGCAA-1","slingPseudotime_1",15.7394041910731,"CD8-41BB","aucell_proliferating_score",0,"proliferating"
"GTTTAGTTCACCAGGAAGAGGCAA-1","slingPseudotime_1",15.7394041910731,"CD8-41BB","aucell_naive_memory_score",0,"naive_memory"
"GTTTAGTTCACCAGGAAGAGGCAA-1","slingPseudotime_1",15.7394041910731,"CD8-41BB","aucell_cytotoxic_score",0.401614885027207,"cytotoxic"
"GTTTAGTTCACCAGGAAGAGGCAA-1","slingPseudotime_2",16.4222491506098,"CD8-41BB","aucell_exhausted_score",0,"exhausted"
"GTTTAGTTCACCAGGAAGAGGCAA-1","slingPseudotime_2",16.4222491506098,"CD8-41BB","aucell_proliferating_score",0,"proliferating"
"GTTTAGTTCACCAGGAAGAGGCAA-1","slingPseudotime_2",16.4222491506098,"CD8-41BB","aucell_naive_memory_score",0,"naive_memory"
"GTTTAGTTCACCAGGAAGAGGCAA-1","slingPseudotime_2",16.4222491506098,"CD8-41BB","aucell_cytotoxic_score",0.401614885027207,"cytotoxic"
"GTTTAGTTCTAATTGCAGAGGCAA-1","slingPseudotime_1",26.7295130723844,"CD8-41BB","aucell_exhausted_score",0.150254519922766,"exhausted"
"GTTTAGTTCTAATTGCAGAGGCAA-1","slingPseudotime_1",26.7295130723844,"CD8-41BB","aucell_proliferating_score",0,"proliferating"
"GTTTAGTTCTAATTGCAGAGGCAA-1","slingPseudotime_1",26.7295130723844,"CD8-41BB","aucell_naive_memory_score",0.174736842105263,"naive_memory"
"GTTTAGTTCTAATTGCAGAGGCAA-1","slingPseudotime_1",26.7295130723844,"CD8-41BB","aucell_cytotoxic_score",0.32683868702826,"cytotoxic"
"GTTTAGTTCTAATTGCAGAGGCAA-1","slingPseudotime_2",37.7996151216781,"CD8-41BB","aucell_exhausted_score",0.150254519922766,"exhausted"
"GTTTAGTTCTAATTGCAGAGGCAA-1","slingPseudotime_2",37.7996151216781,"CD8-41BB","aucell_proliferating_score",0,"proliferating"
"GTTTAGTTCTAATTGCAGAGGCAA-1","slingPseudotime_2",37.7996151216781,"CD8-41BB","aucell_naive_memory_score",0.174736842105263,"naive_memory"
"GTTTAGTTCTAATTGCAGAGGCAA-1","slingPseudotime_2",37.7996151216781,"CD8-41BB","aucell_cytotoxic_score",0.32683868702826,"cytotoxic"
"TACAGAATCCCAAATTAGAGGCAA-1","slingPseudotime_2",35.9568859231279,"CD8-41BB","aucell_exhausted_score",0.0595050026329647,"exhausted"
"TACAGAATCCCAAATTAGAGGCAA-1","slingPseudotime_2",35.9568859231279,"CD8-41BB","aucell_proliferating_score",0,"proliferating"
"TACAGAATCCCAAATTAGAGGCAA-1","slingPseudotime_2",35.9568859231279,"CD8-41BB","aucell_naive_memory_score",0,"naive_memory"
"TACAGAATCCCAAATTAGAGGCAA-1","slingPseudotime_2",35.9568859231279,"CD8-41BB","aucell_cytotoxic_score",0.630507284535721,"cytotoxic"
"TAGGCTGAGCGAAGTTAGAGGCAA-1","slingPseudotime_1",30.7696748089949,"CD8-41BB","aucell_exhausted_score",0.325785501140951,"exhausted"
"TAGGCTGAGCGAAGTTAGAGGCAA-1","slingPseudotime_1",30.7696748089949,"CD8-41BB","aucell_proliferating_score",0,"proliferating"
"TAGGCTGAGCGAAGTTAGAGGCAA-1","slingPseudotime_1",30.7696748089949,"CD8-41BB","aucell_naive_memory_score",0.0934736842105263,"naive_memory"
"TAGGCTGAGCGAAGTTAGAGGCAA-1","slingPseudotime_1",30.7696748089949,"CD8-41BB","aucell_cytotoxic_score",0.488327189748991,"cytotoxic"
"TATTGACTCATGAGGTAGAGGCAA-1","slingPseudotime_1",41.7721723437933,"CD8-41BB","aucell_exhausted_score",0.393189397928734,"exhausted"
"TATTGACTCATGAGGTAGAGGCAA-1","slingPseudotime_1",41.7721723437933,"CD8-41BB","aucell_proliferating_score",0.532842105263158,"proliferating"
"TATTGACTCATGAGGTAGAGGCAA-1","slingPseudotime_1",41.7721723437933,"CD8-41BB","aucell_naive_memory_score",0,"naive_memory"
"TATTGACTCATGAGGTAGAGGCAA-1","slingPseudotime_1",41.7721723437933,"CD8-41BB","aucell_cytotoxic_score",0.0361593821309461,"cytotoxic"
"TCAACTAGTAATCCGTAGAGGCAA-1","slingPseudotime_1",12.5989909942378,"CD8-41BB","aucell_exhausted_score",0.0581007547832192,"exhausted"
"TCAACTAGTAATCCGTAGAGGCAA-1","slingPseudotime_1",12.5989909942378,"CD8-41BB","aucell_proliferating_score",0,"proliferating"
"TCAACTAGTAATCCGTAGAGGCAA-1","slingPseudotime_1",12.5989909942378,"CD8-41BB","aucell_naive_memory_score",0.270526315789474,"naive_memory"
"TCAACTAGTAATCCGTAGAGGCAA-1","slingPseudotime_1",12.5989909942378,"CD8-41BB","aucell_cytotoxic_score",0.0338774793751097,"cytotoxic"
"TCAACTAGTAATCCGTAGAGGCAA-1","slingPseudotime_2",32.1318875289281,"CD8-41BB","aucell_exhausted_score",0.0581007547832192,"exhausted"
"TCAACTAGTAATCCGTAGAGGCAA-1","slingPseudotime_2",32.1318875289281,"CD8-41BB","aucell_proliferating_score",0,"proliferating"
"TCAACTAGTAATCCGTAGAGGCAA-1","slingPseudotime_2",32.1318875289281,"CD8-41BB","aucell_naive_memory_score",0.270526315789474,"naive_memory"
"TCAACTAGTAATCCGTAGAGGCAA-1","slingPseudotime_2",32.1318875289281,"CD8-41BB","aucell_cytotoxic_score",0.0338774793751097,"cytotoxic"
"TCAAGTGCAAACTTGGAGAGGCAA-1","slingPseudotime_2",33.1647140396637,"CD8-41BB","aucell_exhausted_score",0.0693347375811831,"exhausted"
"TCAAGTGCAAACTTGGAGAGGCAA-1","slingPseudotime_2",33.1647140396637,"CD8-41BB","aucell_proliferating_score",0,"proliferating"
"TCAAGTGCAAACTTGGAGAGGCAA-1","slingPseudotime_2",33.1647140396637,"CD8-41BB","aucell_naive_memory_score",0,"naive_memory"
"TCAAGTGCAAACTTGGAGAGGCAA-1","slingPseudotime_2",33.1647140396637,"CD8-41BB","aucell_cytotoxic_score",0.225557310865368,"cytotoxic"
"TCATGAGCAGGTCAACAGAGGCAA-1","slingPseudotime_2",38.7370685469439,"CD8-41BB","aucell_exhausted_score",0.0598560645954011,"exhausted"
"TCATGAGCAGGTCAACAGAGGCAA-1","slingPseudotime_2",38.7370685469439,"CD8-41BB","aucell_proliferating_score",0,"proliferating"
"TCATGAGCAGGTCAACAGAGGCAA-1","slingPseudotime_2",38.7370685469439,"CD8-41BB","aucell_naive_memory_score",0.136631578947368,"naive_memory"
"TCATGAGCAGGTCAACAGAGGCAA-1","slingPseudotime_2",38.7370685469439,"CD8-41BB","aucell_cytotoxic_score",0.384237317886607,"cytotoxic"
"TCCACCCTCCTGGTTAAGAGGCAA-1","slingPseudotime_1",14.5914863662252,"CD8-41BB","aucell_exhausted_score",0.0824995611725469,"exhausted"
"TCCACCCTCCTGGTTAAGAGGCAA-1","slingPseudotime_1",14.5914863662252,"CD8-41BB","aucell_proliferating_score",0,"proliferating"
"TCCACCCTCCTGGTTAAGAGGCAA-1","slingPseudotime_1",14.5914863662252,"CD8-41BB","aucell_naive_memory_score",0,"naive_memory"
"TCCACCCTCCTGGTTAAGAGGCAA-1","slingPseudotime_1",14.5914863662252,"CD8-41BB","aucell_cytotoxic_score",0.801123398279796,"cytotoxic"
"TCCACCCTCCTGGTTAAGAGGCAA-1","slingPseudotime_2",38.0298716049943,"CD8-41BB","aucell_exhausted_score",0.0824995611725469,"exhausted"
"TCCACCCTCCTGGTTAAGAGGCAA-1","slingPseudotime_2",38.0298716049943,"CD8-41BB","aucell_proliferating_score",0,"proliferating"
"TCCACCCTCCTGGTTAAGAGGCAA-1","slingPseudotime_2",38.0298716049943,"CD8-41BB","aucell_naive_memory_score",0,"naive_memory"
"TCCACCCTCCTGGTTAAGAGGCAA-1","slingPseudotime_2",38.0298716049943,"CD8-41BB","aucell_cytotoxic_score",0.801123398279796,"cytotoxic"
"TGAAACTCACAGCAACAGAGGCAA-1","slingPseudotime_1",17.1197620418731,"CD8-41BB","aucell_exhausted_score",0.114797261716693,"exhausted"
"TGAAACTCACAGCAACAGAGGCAA-1","slingPseudotime_1",17.1197620418731,"CD8-41BB","aucell_proliferating_score",0,"proliferating"
"TGAAACTCACAGCAACAGAGGCAA-1","slingPseudotime_1",17.1197620418731,"CD8-41BB","aucell_naive_memory_score",0,"naive_memory"
"TGAAACTCACAGCAACAGAGGCAA-1","slingPseudotime_1",17.1197620418731,"CD8-41BB","aucell_cytotoxic_score",0.0291381428822187,"cytotoxic"
"TGAAACTCACAGCAACAGAGGCAA-1","slingPseudotime_2",18.3617213933894,"CD8-41BB","aucell_exhausted_score",0.114797261716693,"exhausted"
"TGAAACTCACAGCAACAGAGGCAA-1","slingPseudotime_2",18.3617213933894,"CD8-41BB","aucell_proliferating_score",0,"proliferating"
"TGAAACTCACAGCAACAGAGGCAA-1","slingPseudotime_2",18.3617213933894,"CD8-41BB","aucell_naive_memory_score",0,"naive_memory"
"TGAAACTCACAGCAACAGAGGCAA-1","slingPseudotime_2",18.3617213933894,"CD8-41BB","aucell_cytotoxic_score",0.0291381428822187,"cytotoxic"
"TGAGGTCCAATGAATCAGAGGCAA-1","slingPseudotime_1",10.2302074599135,"CD8-41BB","aucell_exhausted_score",0.141829032824293,"exhausted"
"TGAGGTCCAATGAATCAGAGGCAA-1","slingPseudotime_1",10.2302074599135,"CD8-41BB","aucell_proliferating_score",0,"proliferating"
"TGAGGTCCAATGAATCAGAGGCAA-1","slingPseudotime_1",10.2302074599135,"CD8-41BB","aucell_naive_memory_score",0.283368421052632,"naive_memory"
"TGAGGTCCAATGAATCAGAGGCAA-1","slingPseudotime_1",10.2302074599135,"CD8-41BB","aucell_cytotoxic_score",0.4951728980165,"cytotoxic"
"TGAGGTCCAATGAATCAGAGGCAA-1","slingPseudotime_2",32.2402730505865,"CD8-41BB","aucell_exhausted_score",0.141829032824293,"exhausted"
"TGAGGTCCAATGAATCAGAGGCAA-1","slingPseudotime_2",32.2402730505865,"CD8-41BB","aucell_proliferating_score",0,"proliferating"
"TGAGGTCCAATGAATCAGAGGCAA-1","slingPseudotime_2",32.2402730505865,"CD8-41BB","aucell_naive_memory_score",0.283368421052632,"naive_memory"
"TGAGGTCCAATGAATCAGAGGCAA-1","slingPseudotime_2",32.2402730505865,"CD8-41BB","aucell_cytotoxic_score",0.4951728980165,"cytotoxic"
"TGATTACTCGCTTCAAAGAGGCAA-1","slingPseudotime_1",14.8044501646234,"CD8-41BB","aucell_exhausted_score",0.161664033701948,"exhausted"
"TGATTACTCGCTTCAAAGAGGCAA-1","slingPseudotime_1",14.8044501646234,"CD8-41BB","aucell_proliferating_score",0,"proliferating"
"TGATTACTCGCTTCAAAGAGGCAA-1","slingPseudotime_1",14.8044501646234,"CD8-41BB","aucell_naive_memory_score",0,"naive_memory"
"TGATTACTCGCTTCAAAGAGGCAA-1","slingPseudotime_1",14.8044501646234,"CD8-41BB","aucell_cytotoxic_score",0.0803931893979287,"cytotoxic"
"TGATTACTCGCTTCAAAGAGGCAA-1","slingPseudotime_2",15.4976317168335,"CD8-41BB","aucell_exhausted_score",0.161664033701948,"exhausted"
"TGATTACTCGCTTCAAAGAGGCAA-1","slingPseudotime_2",15.4976317168335,"CD8-41BB","aucell_proliferating_score",0,"proliferating"
"TGATTACTCGCTTCAAAGAGGCAA-1","slingPseudotime_2",15.4976317168335,"CD8-41BB","aucell_naive_memory_score",0,"naive_memory"
"TGATTACTCGCTTCAAAGAGGCAA-1","slingPseudotime_2",15.4976317168335,"CD8-41BB","aucell_cytotoxic_score",0.0803931893979287,"cytotoxic"
"TGATTTGGTTAATGCCAGAGGCAA-1","slingPseudotime_1",26.0864471378609,"CD8-41BB","aucell_exhausted_score",0.214498859048622,"exhausted"
"TGATTTGGTTAATGCCAGAGGCAA-1","slingPseudotime_1",26.0864471378609,"CD8-41BB","aucell_proliferating_score",0,"proliferating"
"TGATTTGGTTAATGCCAGAGGCAA-1","slingPseudotime_1",26.0864471378609,"CD8-41BB","aucell_naive_memory_score",0,"naive_memory"
"TGATTTGGTTAATGCCAGAGGCAA-1","slingPseudotime_1",26.0864471378609,"CD8-41BB","aucell_cytotoxic_score",0.0410742496050553,"cytotoxic"
"TGATTTGGTTAATGCCAGAGGCAA-1","slingPseudotime_2",26.7486974671907,"CD8-41BB","aucell_exhausted_score",0.214498859048622,"exhausted"
"TGATTTGGTTAATGCCAGAGGCAA-1","slingPseudotime_2",26.7486974671907,"CD8-41BB","aucell_proliferating_score",0,"proliferating"
"TGATTTGGTTAATGCCAGAGGCAA-1","slingPseudotime_2",26.7486974671907,"CD8-41BB","aucell_naive_memory_score",0,"naive_memory"
"TGATTTGGTTAATGCCAGAGGCAA-1","slingPseudotime_2",26.7486974671907,"CD8-41BB","aucell_cytotoxic_score",0.0410742496050553,"cytotoxic"
"TGCGCCTCAGTAAGGGAGAGGCAA-1","slingPseudotime_1",4.74250910226183,"CD8-41BB","aucell_exhausted_score",0,"exhausted"
"TGCGCCTCAGTAAGGGAGAGGCAA-1","slingPseudotime_1",4.74250910226183,"CD8-41BB","aucell_proliferating_score",0,"proliferating"
"TGCGCCTCAGTAAGGGAGAGGCAA-1","slingPseudotime_1",4.74250910226183,"CD8-41BB","aucell_naive_memory_score",0,"naive_memory"
"TGCGCCTCAGTAAGGGAGAGGCAA-1","slingPseudotime_1",4.74250910226183,"CD8-41BB","aucell_cytotoxic_score",0.230647709320695,"cytotoxic"
"TGCGCCTCAGTAAGGGAGAGGCAA-1","slingPseudotime_2",5.39693734237557,"CD8-41BB","aucell_exhausted_score",0,"exhausted"
"TGCGCCTCAGTAAGGGAGAGGCAA-1","slingPseudotime_2",5.39693734237557,"CD8-41BB","aucell_proliferating_score",0,"proliferating"
"TGCGCCTCAGTAAGGGAGAGGCAA-1","slingPseudotime_2",5.39693734237557,"CD8-41BB","aucell_naive_memory_score",0,"naive_memory"
"TGCGCCTCAGTAAGGGAGAGGCAA-1","slingPseudotime_2",5.39693734237557,"CD8-41BB","aucell_cytotoxic_score",0.230647709320695,"cytotoxic"
"TGGCAATAGCACGCAAAGAGGCAA-1","slingPseudotime_1",9.69473790989422,"CD8-41BB","aucell_exhausted_score",0.00912761102334562,"exhausted"
"TGGCAATAGCACGCAAAGAGGCAA-1","slingPseudotime_1",9.69473790989422,"CD8-41BB","aucell_proliferating_score",0,"proliferating"
"TGGCAATAGCACGCAAAGAGGCAA-1","slingPseudotime_1",9.69473790989422,"CD8-41BB","aucell_naive_memory_score",0.197684210526316,"naive_memory"
"TGGCAATAGCACGCAAAGAGGCAA-1","slingPseudotime_1",9.69473790989422,"CD8-41BB","aucell_cytotoxic_score",0.642969984202212,"cytotoxic"
"TGGCAATAGCACGCAAAGAGGCAA-1","slingPseudotime_2",10.3058009368013,"CD8-41BB","aucell_exhausted_score",0.00912761102334562,"exhausted"
"TGGCAATAGCACGCAAAGAGGCAA-1","slingPseudotime_2",10.3058009368013,"CD8-41BB","aucell_proliferating_score",0,"proliferating"
"TGGCAATAGCACGCAAAGAGGCAA-1","slingPseudotime_2",10.3058009368013,"CD8-41BB","aucell_naive_memory_score",0.197684210526316,"naive_memory"
"TGGCAATAGCACGCAAAGAGGCAA-1","slingPseudotime_2",10.3058009368013,"CD8-41BB","aucell_cytotoxic_score",0.642969984202212,"cytotoxic"
"TGGTTTAGTAAGGTTGAGAGGCAA-1","slingPseudotime_2",33.4835240153996,"CD8-41BB","aucell_exhausted_score",0,"exhausted"
"TGGTTTAGTAAGGTTGAGAGGCAA-1","slingPseudotime_2",33.4835240153996,"CD8-41BB","aucell_proliferating_score",0,"proliferating"
"TGGTTTAGTAAGGTTGAGAGGCAA-1","slingPseudotime_2",33.4835240153996,"CD8-41BB","aucell_naive_memory_score",0,"naive_memory"
"TGGTTTAGTAAGGTTGAGAGGCAA-1","slingPseudotime_2",33.4835240153996,"CD8-41BB","aucell_cytotoxic_score",0.424258381604353,"cytotoxic"
"TGGTTTGTCATTTGCGAGAGGCAA-1","slingPseudotime_1",12.4106440558418,"CD8-41BB","aucell_exhausted_score",0.210110584518167,"exhausted"
"TGGTTTGTCATTTGCGAGAGGCAA-1","slingPseudotime_1",12.4106440558418,"CD8-41BB","aucell_proliferating_score",0,"proliferating"
"TGGTTTGTCATTTGCGAGAGGCAA-1","slingPseudotime_1",12.4106440558418,"CD8-41BB","aucell_naive_memory_score",0.441684210526316,"naive_memory"
"TGGTTTGTCATTTGCGAGAGGCAA-1","slingPseudotime_1",12.4106440558418,"CD8-41BB","aucell_cytotoxic_score",0.304195190451115,"cytotoxic"
"TGGTTTGTCATTTGCGAGAGGCAA-1","slingPseudotime_2",41.5521916341332,"CD8-41BB","aucell_exhausted_score",0.210110584518167,"exhausted"
"TGGTTTGTCATTTGCGAGAGGCAA-1","slingPseudotime_2",41.5521916341332,"CD8-41BB","aucell_proliferating_score",0,"proliferating"
"TGGTTTGTCATTTGCGAGAGGCAA-1","slingPseudotime_2",41.5521916341332,"CD8-41BB","aucell_naive_memory_score",0.441684210526316,"naive_memory"
"TGGTTTGTCATTTGCGAGAGGCAA-1","slingPseudotime_2",41.5521916341332,"CD8-41BB","aucell_cytotoxic_score",0.304195190451115,"cytotoxic"
"TGTCGAGAGTCAACAAAGAGGCAA-1","slingPseudotime_1",5.2830581646289,"CD8-41BB","aucell_exhausted_score",0,"exhausted"
"TGTCGAGAGTCAACAAAGAGGCAA-1","slingPseudotime_1",5.2830581646289,"CD8-41BB","aucell_proliferating_score",0,"proliferating"
"TGTCGAGAGTCAACAAAGAGGCAA-1","slingPseudotime_1",5.2830581646289,"CD8-41BB","aucell_naive_memory_score",0.490736842105263,"naive_memory"
"TGTCGAGAGTCAACAAAGAGGCAA-1","slingPseudotime_1",5.2830581646289,"CD8-41BB","aucell_cytotoxic_score",0,"cytotoxic"
"TGTCGAGAGTCAACAAAGAGGCAA-1","slingPseudotime_2",5.94388097204991,"CD8-41BB","aucell_exhausted_score",0,"exhausted"
"TGTCGAGAGTCAACAAAGAGGCAA-1","slingPseudotime_2",5.94388097204991,"CD8-41BB","aucell_proliferating_score",0,"proliferating"
"TGTCGAGAGTCAACAAAGAGGCAA-1","slingPseudotime_2",5.94388097204991,"CD8-41BB","aucell_naive_memory_score",0.490736842105263,"naive_memory"
"TGTCGAGAGTCAACAAAGAGGCAA-1","slingPseudotime_2",5.94388097204991,"CD8-41BB","aucell_cytotoxic_score",0,"cytotoxic"
"TGTTGACGTAATAGGTAGAGGCAA-1","slingPseudotime_1",14.780084226106,"CD8-41BB","aucell_exhausted_score",0.11988766017202,"exhausted"
"TGTTGACGTAATAGGTAGAGGCAA-1","slingPseudotime_1",14.780084226106,"CD8-41BB","aucell_proliferating_score",0.128842105263158,"proliferating"
"TGTTGACGTAATAGGTAGAGGCAA-1","slingPseudotime_1",14.780084226106,"CD8-41BB","aucell_naive_memory_score",0.161263157894737,"naive_memory"
"TGTTGACGTAATAGGTAGAGGCAA-1","slingPseudotime_1",14.780084226106,"CD8-41BB","aucell_cytotoxic_score",0.0902229243461471,"cytotoxic"
"TGTTGACGTAATAGGTAGAGGCAA-1","slingPseudotime_2",15.6714487147088,"CD8-41BB","aucell_exhausted_score",0.11988766017202,"exhausted"
"TGTTGACGTAATAGGTAGAGGCAA-1","slingPseudotime_2",15.6714487147088,"CD8-41BB","aucell_proliferating_score",0.128842105263158,"proliferating"
"TGTTGACGTAATAGGTAGAGGCAA-1","slingPseudotime_2",15.6714487147088,"CD8-41BB","aucell_naive_memory_score",0.161263157894737,"naive_memory"
"TGTTGACGTAATAGGTAGAGGCAA-1","slingPseudotime_2",15.6714487147088,"CD8-41BB","aucell_cytotoxic_score",0.0902229243461471,"cytotoxic"
"TTATGTCAGGCTCCATAGAGGCAA-1","slingPseudotime_1",16.5760839001991,"CD8-41BB","aucell_exhausted_score",0,"exhausted"
"TTATGTCAGGCTCCATAGAGGCAA-1","slingPseudotime_1",16.5760839001991,"CD8-41BB","aucell_proliferating_score",0,"proliferating"
"TTATGTCAGGCTCCATAGAGGCAA-1","slingPseudotime_1",16.5760839001991,"CD8-41BB","aucell_naive_memory_score",0.0141052631578947,"naive_memory"
"TTATGTCAGGCTCCATAGAGGCAA-1","slingPseudotime_1",16.5760839001991,"CD8-41BB","aucell_cytotoxic_score",0.629980691592066,"cytotoxic"
"TTATGTCAGGCTCCATAGAGGCAA-1","slingPseudotime_2",39.7619691078986,"CD8-41BB","aucell_exhausted_score",0,"exhausted"
"TTATGTCAGGCTCCATAGAGGCAA-1","slingPseudotime_2",39.7619691078986,"CD8-41BB","aucell_proliferating_score",0,"proliferating"
"TTATGTCAGGCTCCATAGAGGCAA-1","slingPseudotime_2",39.7619691078986,"CD8-41BB","aucell_naive_memory_score",0.0141052631578947,"naive_memory"
"TTATGTCAGGCTCCATAGAGGCAA-1","slingPseudotime_2",39.7619691078986,"CD8-41BB","aucell_cytotoxic_score",0.629980691592066,"cytotoxic"
"TTCATGAGTGTGACCCAGAGGCAA-1","slingPseudotime_2",34.1618484512152,"CD8-41BB","aucell_exhausted_score",0,"exhausted"
"TTCATGAGTGTGACCCAGAGGCAA-1","slingPseudotime_2",34.1618484512152,"CD8-41BB","aucell_proliferating_score",0,"proliferating"
"TTCATGAGTGTGACCCAGAGGCAA-1","slingPseudotime_2",34.1618484512152,"CD8-41BB","aucell_naive_memory_score",0,"naive_memory"
"TTCATGAGTGTGACCCAGAGGCAA-1","slingPseudotime_2",34.1618484512152,"CD8-41BB","aucell_cytotoxic_score",0.747761979989468,"cytotoxic"
"TTGAACAAGCCCTTGGAGAGGCAA-1","slingPseudotime_1",25.8008835479976,"CD8-41BB","aucell_exhausted_score",0.299280322977005,"exhausted"
"TTGAACAAGCCCTTGGAGAGGCAA-1","slingPseudotime_1",25.8008835479976,"CD8-41BB","aucell_proliferating_score",0,"proliferating"
"TTGAACAAGCCCTTGGAGAGGCAA-1","slingPseudotime_1",25.8008835479976,"CD8-41BB","aucell_naive_memory_score",0.122736842105263,"naive_memory"
"TTGAACAAGCCCTTGGAGAGGCAA-1","slingPseudotime_1",25.8008835479976,"CD8-41BB","aucell_cytotoxic_score",0.158855538002457,"cytotoxic"
"TTGAACAAGCCCTTGGAGAGGCAA-1","slingPseudotime_2",26.3320369793159,"CD8-41BB","aucell_exhausted_score",0.299280322977005,"exhausted"
"TTGAACAAGCCCTTGGAGAGGCAA-1","slingPseudotime_2",26.3320369793159,"CD8-41BB","aucell_proliferating_score",0,"proliferating"
"TTGAACAAGCCCTTGGAGAGGCAA-1","slingPseudotime_2",26.3320369793159,"CD8-41BB","aucell_naive_memory_score",0.122736842105263,"naive_memory"
"TTGAACAAGCCCTTGGAGAGGCAA-1","slingPseudotime_2",26.3320369793159,"CD8-41BB","aucell_cytotoxic_score",0.158855538002457,"cytotoxic"
"TTGCATCCATTTGGGAAGAGGCAA-1","slingPseudotime_1",11.1381776978943,"CD8-41BB","aucell_exhausted_score",0,"exhausted"
"TTGCATCCATTTGGGAAGAGGCAA-1","slingPseudotime_1",11.1381776978943,"CD8-41BB","aucell_proliferating_score",0,"proliferating"
"TTGCATCCATTTGGGAAGAGGCAA-1","slingPseudotime_1",11.1381776978943,"CD8-41BB","aucell_naive_memory_score",0.0882105263157895,"naive_memory"
"TTGCATCCATTTGGGAAGAGGCAA-1","slingPseudotime_1",11.1381776978943,"CD8-41BB","aucell_cytotoxic_score",0,"cytotoxic"
"TTGCATCCATTTGGGAAGAGGCAA-1","slingPseudotime_2",11.7093566259274,"CD8-41BB","aucell_exhausted_score",0,"exhausted"
"TTGCATCCATTTGGGAAGAGGCAA-1","slingPseudotime_2",11.7093566259274,"CD8-41BB","aucell_proliferating_score",0,"proliferating"
"TTGCATCCATTTGGGAAGAGGCAA-1","slingPseudotime_2",11.7093566259274,"CD8-41BB","aucell_naive_memory_score",0.0882105263157895,"naive_memory"
"TTGCATCCATTTGGGAAGAGGCAA-1","slingPseudotime_2",11.7093566259274,"CD8-41BB","aucell_cytotoxic_score",0,"cytotoxic"
"TTTCAGTAGTGTAATGAGAGGCAA-1","slingPseudotime_2",33.1647140396637,"CD8-41BB","aucell_exhausted_score",0.138493944181148,"exhausted"
"TTTCAGTAGTGTAATGAGAGGCAA-1","slingPseudotime_2",33.1647140396637,"CD8-41BB","aucell_proliferating_score",0,"proliferating"
"TTTCAGTAGTGTAATGAGAGGCAA-1","slingPseudotime_2",33.1647140396637,"CD8-41BB","aucell_naive_memory_score",0.207368421052632,"naive_memory"
"TTTCAGTAGTGTAATGAGAGGCAA-1","slingPseudotime_2",33.1647140396637,"CD8-41BB","aucell_cytotoxic_score",0.449534842899772,"cytotoxic"
"TTTGCTGAGGGTTAACAGAGGCAA-1","slingPseudotime_1",13.353259710846,"CD8-41BB","aucell_exhausted_score",0,"exhausted"
"TTTGCTGAGGGTTAACAGAGGCAA-1","slingPseudotime_1",13.353259710846,"CD8-41BB","aucell_proliferating_score",0.00673684210526316,"proliferating"
"TTTGCTGAGGGTTAACAGAGGCAA-1","slingPseudotime_1",13.353259710846,"CD8-41BB","aucell_naive_memory_score",0,"naive_memory"
"TTTGCTGAGGGTTAACAGAGGCAA-1","slingPseudotime_1",13.353259710846,"CD8-41BB","aucell_cytotoxic_score",0,"cytotoxic"
"TTTGCTGAGGGTTAACAGAGGCAA-1","slingPseudotime_2",14.1465833257582,"CD8-41BB","aucell_exhausted_score",0,"exhausted"
"TTTGCTGAGGGTTAACAGAGGCAA-1","slingPseudotime_2",14.1465833257582,"CD8-41BB","aucell_proliferating_score",0.00673684210526316,"proliferating"
"TTTGCTGAGGGTTAACAGAGGCAA-1","slingPseudotime_2",14.1465833257582,"CD8-41BB","aucell_naive_memory_score",0,"naive_memory"
"TTTGCTGAGGGTTAACAGAGGCAA-1","slingPseudotime_2",14.1465833257582,"CD8-41BB","aucell_cytotoxic_score",0,"cytotoxic"
