"cell","lineage","pseudotime","condition","score_column","aucell_score","program"
"AACAAGCTCATGGTCCAAGTAGAG-1","slingPseudotime_1",65.8310224995241,"CD28-41BB","aucell_exhausted_score",0.163770405476567,"exhausted"
"AACAAGCTCATGGTCCAAGTAGAG-1","slingPseudotime_1",65.8310224995241,"CD28-41BB","aucell_proliferating_score",0.551578947368421,"proliferating"
"AACAAGCTCATGGTCCAAGTAGAG-1","slingPseudotime_1",65.8310224995241,"CD28-41BB","aucell_naive_memory_score",0,"naive_memory"
"AACAAGCTCATGGTCCAAGTAGAG-1","slingPseudotime_1",65.8310224995241,"CD28-41BB","aucell_cytotoxic_score",0,"cytotoxic"
"AAGTGAGAGGACAACTAAGTAGAG-1","slingPseudotime_1",11.8690075436578,"CD28-41BB","aucell_exhausted_score",0,"exhausted"
"AAGTGAGAGGACAACTAAGTAGAG-1","slingPseudotime_1",11.8690075436578,"CD28-41BB","aucell_proliferating_score",0,"proliferating"
"AAGTGAGAGGACAACTAAGTAGAG-1","slingPseudotime_1",11.8690075436578,"CD28-41BB","aucell_naive_memory_score",0.197684210526316,"naive_memory"
"AAGTGAGAGGACAACTAAGTAGAG-1","slingPseudotime_1",11.8690075436578,"CD28-41BB","aucell_cytotoxic_score",0.317360014042478,"cytotoxic"
"ACCCGCTCATGAGTCAAAGTAGAG-1","slingPseudotime_1",18.5400184115808,"CD28-41BB","aucell_exhausted_score",0.273126206775496,"exhausted"
"ACCCGCTCATGAGTCAAAGTAGAG-1","slingPseudotime_1",18.5400184115808,"CD28-41BB","aucell_proliferating_score",0,"proliferating"
"ACCCGCTCATGAGTCAAAGTAGAG-1","slingPseudotime_1",18.5400184115808,"CD28-41BB","aucell_naive_memory_score",0.0871578947368421,"naive_memory"
"ACCCGCTCATGAGTCAAAGTAGAG-1","slingPseudotime_1",18.5400184115808,"CD28-41BB","aucell_cytotoxic_score",0.16148850272073,"cytotoxic"
"ACCCTAATCCTTTCGTAAGTAGAG-1","slingPseudotime_1",17.8939463399701,"CD28-41BB","aucell_exhausted_score",0,"exhausted"
"ACCCTAATCCTTTCGTAAGTAGAG-1","slingPseudotime_1",17.8939463399701,"CD28-41BB","aucell_proliferating_score",0,"proliferating"
"ACCCTAATCCTTTCGTAAGTAGAG-1","slingPseudotime_1",17.8939463399701,"CD28-41BB","aucell_naive_memory_score",0,"naive_memory"
"ACCCTAATCCTTTCGTAAGTAGAG-1","slingPseudotime_1",17.8939463399701,"CD28-41BB","aucell_cytotoxic_score",0,"cytotoxic"
"ACCTAAGCATTAGCGAAAGTAGAG-1","slingPseudotime_1",3.26160632699016,"CD28-41BB","aucell_exhausted_score",0,"exhausted"
"ACCTAAGCATTAGCGAAAGTAGAG-1","slingPseudotime_1",3.26160632699016,"CD28-41BB","aucell_proliferating_score",0,"proliferating"
"ACCTAAGCATTAGCGAAAGTAGAG-1","slingPseudotime_1",3.26160632699016,"CD28-41BB","aucell_naive_memory_score",0.358947368421053,"naive_memory"
"ACCTAAGCATTAGCGAAAGTAGAG-1","slingPseudotime_1",3.26160632699016,"CD28-41BB","aucell_cytotoxic_score",0,"cytotoxic"
"AGCCTGTTCCGGATAGAAGTAGAG-1","slingPseudotime_1",11.4160802071992,"CD28-41BB","aucell_exhausted_score",0.166227839213621,"exhausted"
"AGCCTGTTCCGGATAGAAGTAGAG-1","slingPseudotime_1",11.4160802071992,"CD28-41BB","aucell_proliferating_score",0,"proliferating"
"AGCCTGTTCCGGATAGAAGTAGAG-1","slingPseudotime_1",11.4160802071992,"CD28-41BB","aucell_naive_memory_score",0.144842105263158,"naive_memory"
"AGCCTGTTCCGGATAGAAGTAGAG-1","slingPseudotime_1",11.4160802071992,"CD28-41BB","aucell_cytotoxic_score",0,"cytotoxic"
"AGCTGGCAGCAAATCAAAGTAGAG-1","slingPseudotime_1",5.75635066744359,"CD28-41BB","aucell_exhausted_score",0,"exhausted"
"AGCTGGCAGCAAATCAAAGTAGAG-1","slingPseudotime_1",5.75635066744359,"CD28-41BB","aucell_proliferating_score",0,"proliferating"
"AGCTGGCAGCAAATCAAAGTAGAG-1","slingPseudotime_1",5.75635066744359,"CD28-41BB","aucell_naive_memory_score",0.0218947368421053,"naive_memory"
"AGCTGGCAGCAAATCAAAGTAGAG-1","slingPseudotime_1",5.75635066744359,"CD28-41BB","aucell_cytotoxic_score",0,"cytotoxic"
"AGGATCAGTTAAGGATAAGTAGAG-1","slingPseudotime_1",32.9189369285341,"CD28-41BB","aucell_exhausted_score",0.197998946814113,"exhausted"
"AGGATCAGTTAAGGATAAGTAGAG-1","slingPseudotime_1",32.9189369285341,"CD28-41BB","aucell_proliferating_score",0.0562105263157895,"proliferating"
"AGGATCAGTTAAGGATAAGTAGAG-1","slingPseudotime_1",32.9189369285341,"CD28-41BB","aucell_naive_memory_score",0,"naive_memory"
"AGGATCAGTTAAGGATAAGTAGAG-1","slingPseudotime_1",32.9189369285341,"CD28-41BB","aucell_cytotoxic_score",0,"cytotoxic"
"AGGTGAGCATACCTTAAAGTAGAG-1","slingPseudotime_1",18.4364885990064,"CD28-41BB","aucell_exhausted_score",0.19729682288924,"exhausted"
"AGGTGAGCATACCTTAAAGTAGAG-1","slingPseudotime_1",18.4364885990064,"CD28-41BB","aucell_proliferating_score",0,"proliferating"
"AGGTGAGCATACCTTAAAGTAGAG-1","slingPseudotime_1",18.4364885990064,"CD28-41BB","aucell_naive_memory_score",0,"naive_memory"
"AGGTGAGCATACCTTAAAGTAGAG-1","slingPseudotime_1",18.4364885990064,"CD28-41BB","aucell_cytotoxic_score",0.122169562927857,"cytotoxic"
"AGTAAACGTCCCTCATAAGTAGAG-1","slingPseudotime_1",9.71278002556548,"CD28-41BB","aucell_exhausted_score",0,"exhausted"
"AGTAAACGTCCCTCATAAGTAGAG-1","slingPseudotime_1",9.71278002556548,"CD28-41BB","aucell_proliferating_score",0,"proliferating"
"AGTAAACGTCCCTCATAAGTAGAG-1","slingPseudotime_1",9.71278002556548,"CD28-41BB","aucell_naive_memory_score",0.118526315789474,"naive_memory"
"AGTAAACGTCCCTCATAAGTAGAG-1","slingPseudotime_1",9.71278002556548,"CD28-41BB","aucell_cytotoxic_score",0,"cytotoxic"
"ATAGCAGGTTACCGTGAAGTAGAG-1","slingPseudotime_1",30.3316977180882,"CD28-41BB","aucell_exhausted_score",0.239248727400386,"exhausted"
"ATAGCAGGTTACCGTGAAGTAGAG-1","slingPseudotime_1",30.3316977180882,"CD28-41BB","aucell_proliferating_score",0,"proliferating"
"ATAGCAGGTTACCGTGAAGTAGAG-1","slingPseudotime_1",30.3316977180882,"CD28-41BB","aucell_naive_memory_score",0.0250526315789474,"naive_memory"
"ATAGCAGGTTACCGTGAAGTAGAG-1","slingPseudotime_1",30.3316977180882,"CD28-41BB","aucell_cytotoxic_score",0,"cytotoxic"
"ATCTTAGGTAACGTTCAAGTAGAG-1","slingPseudotime_1",10.8437418017961,"CD28-41BB","aucell_exhausted_score",0,"exhausted"
"ATCTTAGGTAACGTTCAAGTAGAG-1","slingPseudotime_1",10.8437418017961,"CD28-41BB","aucell_proliferating_score",0,"proliferating"
"ATCTTAGGTAACGTTCAAGTAGAG-1","slingPseudotime_1",10.8437418017961,"CD28-41BB","aucell_naive_memory_score",0.0402105263157895,"naive_memory"
"ATCTTAGGTAACGTTCAAGTAGAG-1","slingPseudotime_1",10.8437418017961,"CD28-41BB","aucell_cytotoxic_score",0.142882218711603,"cytotoxic"
"ATGAGGAAGACTAACAAAGTAGAG-1","slingPseudotime_1",13.1368988932043,"CD28-41BB","aucell_exhausted_score",0.160786378795857,"exhausted"
"ATGAGGAAGACTAACAAAGTAGAG-1","slingPseudotime_1",13.1368988932043,"CD28-41BB","aucell_proliferating_score",0,"proliferating"
"ATGAGGAAGACTAACAAAGTAGAG-1","slingPseudotime_1",13.1368988932043,"CD28-41BB","aucell_naive_memory_score",0.193473684210526,"naive_memory"
"ATGAGGAAGACTAACAAAGTAGAG-1","slingPseudotime_1",13.1368988932043,"CD28-41BB","aucell_cytotoxic_score",0.0231700895208004,"cytotoxic"
"ATGCGTCTCACCAGGAAAGTAGAG-1","slingPseudotime_1",19.4780206989829,"CD28-41BB","aucell_exhausted_score",0.162717219589258,"exhausted"
"ATGCGTCTCACCAGGAAAGTAGAG-1","slingPseudotime_1",19.4780206989829,"CD28-41BB","aucell_proliferating_score",0,"proliferating"
"ATGCGTCTCACCAGGAAAGTAGAG-1","slingPseudotime_1",19.4780206989829,"CD28-41BB","aucell_naive_memory_score",0,"naive_memory"
"ATGCGTCTCACCAGGAAAGTAGAG-1","slingPseudotime_1",19.4780206989829,"CD28-41BB","aucell_cytotoxic_score",0.144286466561348,"cytotoxic"
"ATGGTGAGTCAATTGCAAGTAGAG-1","slingPseudotime_1",11.5954772115222,"CD28-41BB","aucell_exhausted_score",0,"exhausted"
"ATGGTGAGTCAATTGCAAGTAGAG-1","slingPseudotime_1",11.5954772115222,"CD28-41BB","aucell_proliferating_score",0,"proliferating"
"ATGGTGAGTCAATTGCAAGTAGAG-1","slingPseudotime_1",11.5954772115222,"CD28-41BB","aucell_naive_memory_score",0.156,"naive_memory"
"ATGGTGAGTCAATTGCAAGTAGAG-1","slingPseudotime_1",11.5954772115222,"CD28-41BB","aucell_cytotoxic_score",0.13445673161313,"cytotoxic"
"ATTTGTGGTCTCAGCAAAGTAGAG-1","slingPseudotime_1",13.300972768078,"CD28-41BB","aucell_exhausted_score",0.164121467439003,"exhausted"
"ATTTGTGGTCTCAGCAAAGTAGAG-1","slingPseudotime_1",13.300972768078,"CD28-41BB","aucell_proliferating_score",0,"proliferating"
"ATTTGTGGTCTCAGCAAAGTAGAG-1","slingPseudotime_1",13.300972768078,"CD28-41BB","aucell_naive_memory_score",0,"naive_memory"
"ATTTGTGGTCTCAGCAAAGTAGAG-1","slingPseudotime_1",13.300972768078,"CD28-41BB","aucell_cytotoxic_score",0.137440758293839,"cytotoxic"
"CACTTGATCGTTAGGGAAGTAGAG-1","slingPseudotime_1",9.14858797429235,"CD28-41BB","aucell_exhausted_score",0.131472704932421,"exhausted"
"CACTTGATCGTTAGGGAAGTAGAG-1","slingPseudotime_1",9.14858797429235,"CD28-41BB","aucell_proliferating_score",0,"proliferating"
"CACTTGATCGTTAGGGAAGTAGAG-1","slingPseudotime_1",9.14858797429235,"CD28-41BB","aucell_naive_memory_score",0.185894736842105,"naive_memory"
"CACTTGATCGTTAGGGAAGTAGAG-1","slingPseudotime_1",9.14858797429235,"CD28-41BB","aucell_cytotoxic_score",0,"cytotoxic"
"CAGGTTCTCAATGTGAAAGTAGAG-1","slingPseudotime_1",12.0741925555639,"CD28-41BB","aucell_exhausted_score",0.166052308232403,"exhausted"
"CAGGTTCTCAATGTGAAAGTAGAG-1","slingPseudotime_1",12.0741925555639,"CD28-41BB","aucell_proliferating_score",0,"proliferating"
"CAGGTTCTCAATGTGAAAGTAGAG-1","slingPseudotime_1",12.0741925555639,"CD28-41BB","aucell_naive_memory_score",0,"naive_memory"
"CAGGTTCTCAATGTGAAAGTAGAG-1","slingPseudotime_1",12.0741925555639,"CD28-41BB","aucell_cytotoxic_score",0,"cytotoxic"
"CAGTGAAGTTTGCTCCAAGTAGAG-1","slingPseudotime_1",10.7851472302944,"CD28-41BB","aucell_exhausted_score",0,"exhausted"
"CAGTGAAGTTTGCTCCAAGTAGAG-1","slingPseudotime_1",10.7851472302944,"CD28-41BB","aucell_proliferating_score",0,"proliferating"
"CAGTGAAGTTTGCTCCAAGTAGAG-1","slingPseudotime_1",10.7851472302944,"CD28-41BB","aucell_naive_memory_score",0.0795789473684211,"naive_memory"
"CAGTGAAGTTTGCTCCAAGTAGAG-1","slingPseudotime_1",10.7851472302944,"CD28-41BB","aucell_cytotoxic_score",0.316306828155169,"cytotoxic"
"CATAGAGGTTTAACCAAAGTAGAG-1","slingPseudotime_1",14.1068234444806,"CD28-41BB","aucell_exhausted_score",0.120063191153239,"exhausted"
"CATAGAGGTTTAACCAAAGTAGAG-1","slingPseudotime_1",14.1068234444806,"CD28-41BB","aucell_proliferating_score",0.170947368421053,"proliferating"
"CATAGAGGTTTAACCAAAGTAGAG-1","slingPseudotime_1",14.1068234444806,"CD28-41BB","aucell_naive_memory_score",0,"naive_memory"
"CATAGAGGTTTAACCAAAGTAGAG-1","slingPseudotime_1",14.1068234444806,"CD28-41BB","aucell_cytotoxic_score",0,"cytotoxic"
"CCAATACGTTGTTGGTAAGTAGAG-1","slingPseudotime_1",15.6820340886864,"CD28-41BB","aucell_exhausted_score",0.0640688081446375,"exhausted"
"CCAATACGTTGTTGGTAAGTAGAG-1","slingPseudotime_1",15.6820340886864,"CD28-41BB","aucell_proliferating_score",0,"proliferating"
"CCAATACGTTGTTGGTAAGTAGAG-1","slingPseudotime_1",15.6820340886864,"CD28-41BB","aucell_naive_memory_score",0,"naive_memory"
"CCAATACGTTGTTGGTAAGTAGAG-1","slingPseudotime_1",15.6820340886864,"CD28-41BB","aucell_cytotoxic_score",0.297349482183605,"cytotoxic"
"CCAGCTTAGAAGTACCAAGTAGAG-1","slingPseudotime_1",4.85736705610326,"CD28-41BB","aucell_exhausted_score",0,"exhausted"
"CCAGCTTAGAAGTACCAAGTAGAG-1","slingPseudotime_1",4.85736705610326,"CD28-41BB","aucell_proliferating_score",0,"proliferating"
"CCAGCTTAGAAGTACCAAGTAGAG-1","slingPseudotime_1",4.85736705610326,"CD28-41BB","aucell_naive_memory_score",0.0258947368421053,"naive_memory"
"CCAGCTTAGAAGTACCAAGTAGAG-1","slingPseudotime_1",4.85736705610326,"CD28-41BB","aucell_cytotoxic_score",0.0101807969106547,"cytotoxic"
"CCCAACTAGTCATCATAAGTAGAG-1","slingPseudotime_1",12.6923890807992,"CD28-41BB","aucell_exhausted_score",0,"exhausted"
"CCCAACTAGTCATCATAAGTAGAG-1","slingPseudotime_1",12.6923890807992,"CD28-41BB","aucell_proliferating_score",0,"proliferating"
"CCCAACTAGTCATCATAAGTAGAG-1","slingPseudotime_1",12.6923890807992,"CD28-41BB","aucell_naive_memory_score",0,"naive_memory"
"CCCAACTAGTCATCATAAGTAGAG-1","slingPseudotime_1",12.6923890807992,"CD28-41BB","aucell_cytotoxic_score",0.134983324556784,"cytotoxic"
"CCTACCTGTTGGAGCGAAGTAGAG-1","slingPseudotime_1",12.3856407465515,"CD28-41BB","aucell_exhausted_score",0,"exhausted"
"CCTACCTGTTGGAGCGAAGTAGAG-1","slingPseudotime_1",12.3856407465515,"CD28-41BB","aucell_proliferating_score",0,"proliferating"
"CCTACCTGTTGGAGCGAAGTAGAG-1","slingPseudotime_1",12.3856407465515,"CD28-41BB","aucell_naive_memory_score",0,"naive_memory"
"CCTACCTGTTGGAGCGAAGTAGAG-1","slingPseudotime_1",12.3856407465515,"CD28-41BB","aucell_cytotoxic_score",0.0832016850974197,"cytotoxic"
"CCTTATGAGGTAAGCTAAGTAGAG-1","slingPseudotime_1",11.6802660222729,"CD28-41BB","aucell_exhausted_score",0,"exhausted"
"CCTTATGAGGTAAGCTAAGTAGAG-1","slingPseudotime_1",11.6802660222729,"CD28-41BB","aucell_proliferating_score",0,"proliferating"
"CCTTATGAGGTAAGCTAAGTAGAG-1","slingPseudotime_1",11.6802660222729,"CD28-41BB","aucell_naive_memory_score",0.270105263157895,"naive_memory"
"CCTTATGAGGTAAGCTAAGTAGAG-1","slingPseudotime_1",11.6802660222729,"CD28-41BB","aucell_cytotoxic_score",0.163770405476567,"cytotoxic"
"CTAGCTGGTGCGCAAGAAGTAGAG-1","slingPseudotime_1",3.20674567790539,"CD28-41BB","aucell_exhausted_score",0,"exhausted"
"CTAGCTGGTGCGCAAGAAGTAGAG-1","slingPseudotime_1",3.20674567790539,"CD28-41BB","aucell_proliferating_score",0,"proliferating"
"CTAGCTGGTGCGCAAGAAGTAGAG-1","slingPseudotime_1",3.20674567790539,"CD28-41BB","aucell_naive_memory_score",0.222315789473684,"naive_memory"
"CTAGCTGGTGCGCAAGAAGTAGAG-1","slingPseudotime_1",3.20674567790539,"CD28-41BB","aucell_cytotoxic_score",0,"cytotoxic"
"CTATATCAGGCGCAACAAGTAGAG-1","slingPseudotime_1",11.9798849823149,"CD28-41BB","aucell_exhausted_score",0,"exhausted"
"CTATATCAGGCGCAACAAGTAGAG-1","slingPseudotime_1",11.9798849823149,"CD28-41BB","aucell_proliferating_score",0,"proliferating"
"CTATATCAGGCGCAACAAGTAGAG-1","slingPseudotime_1",11.9798849823149,"CD28-41BB","aucell_naive_memory_score",0,"naive_memory"
"CTATATCAGGCGCAACAAGTAGAG-1","slingPseudotime_1",11.9798849823149,"CD28-41BB","aucell_cytotoxic_score",0,"cytotoxic"
"CTCACCCTCATCACATAAGTAGAG-1","slingPseudotime_1",5.25762246425357,"CD28-41BB","aucell_exhausted_score",0.0401965946989644,"exhausted"
"CTCACCCTCATCACATAAGTAGAG-1","slingPseudotime_1",5.25762246425357,"CD28-41BB","aucell_proliferating_score",0,"proliferating"
"CTCACCCTCATCACATAAGTAGAG-1","slingPseudotime_1",5.25762246425357,"CD28-41BB","aucell_naive_memory_score",0.173052631578947,"naive_memory"
"CTCACCCTCATCACATAAGTAGAG-1","slingPseudotime_1",5.25762246425357,"CD28-41BB","aucell_cytotoxic_score",0,"cytotoxic"
"CTGTTAAGTGCAATAGAAGTAGAG-1","slingPseudotime_1",14.7365058871277,"CD28-41BB","aucell_exhausted_score",0.157275759171494,"exhausted"
"CTGTTAAGTGCAATAGAAGTAGAG-1","slingPseudotime_1",14.7365058871277,"CD28-41BB","aucell_proliferating_score",0,"proliferating"
"CTGTTAAGTGCAATAGAAGTAGAG-1","slingPseudotime_1",14.7365058871277,"CD28-41BB","aucell_naive_memory_score",0,"naive_memory"
"CTGTTAAGTGCAATAGAAGTAGAG-1","slingPseudotime_1",14.7365058871277,"CD28-41BB","aucell_cytotoxic_score",0,"cytotoxic"
"CTTAGTCCACTTTGTAAAGTAGAG-1","slingPseudotime_1",20.7181869990536,"CD28-41BB","aucell_exhausted_score",0.320695102685624,"exhausted"
"CTTAGTCCACTTTGTAAAGTAGAG-1","slingPseudotime_1",20.7181869990536,"CD28-41BB","aucell_proliferating_score",0,"proliferating"
"CTTAGTCCACTTTGTAAAGTAGAG-1","slingPseudotime_1",20.7181869990536,"CD28-41BB","aucell_naive_memory_score",0.0637894736842105,"naive_memory"
"CTTAGTCCACTTTGTAAAGTAGAG-1","slingPseudotime_1",20.7181869990536,"CD28-41BB","aucell_cytotoxic_score",0,"cytotoxic"
"CTTGCGCCAGGGATGAAAGTAGAG-1","slingPseudotime_1",13.961356159275,"CD28-41BB","aucell_exhausted_score",0.160084254870985,"exhausted"
"CTTGCGCCAGGGATGAAAGTAGAG-1","slingPseudotime_1",13.961356159275,"CD28-41BB","aucell_proliferating_score",0.0610526315789474,"proliferating"
"CTTGCGCCAGGGATGAAAGTAGAG-1","slingPseudotime_1",13.961356159275,"CD28-41BB","aucell_naive_memory_score",0.0833684210526316,"naive_memory"
"CTTGCGCCAGGGATGAAAGTAGAG-1","slingPseudotime_1",13.961356159275,"CD28-41BB","aucell_cytotoxic_score",0,"cytotoxic"
"GACTTACGTTTAGTTGAAGTAGAG-1","slingPseudotime_1",6.47742565277311,"CD28-41BB","aucell_exhausted_score",0,"exhausted"
"GACTTACGTTTAGTTGAAGTAGAG-1","slingPseudotime_1",6.47742565277311,"CD28-41BB","aucell_proliferating_score",0,"proliferating"
"GACTTACGTTTAGTTGAAGTAGAG-1","slingPseudotime_1",6.47742565277311,"CD28-41BB","aucell_naive_memory_score",0.0581052631578947,"naive_memory"
"GACTTACGTTTAGTTGAAGTAGAG-1","slingPseudotime_1",6.47742565277311,"CD28-41BB","aucell_cytotoxic_score",0,"cytotoxic"
"GACTTCGGTTTGCATAAAGTAGAG-1","slingPseudotime_1",18.8149731616625,"CD28-41BB","aucell_exhausted_score",0.281025100930314,"exhausted"
"GACTTCGGTTTGCATAAAGTAGAG-1","slingPseudotime_1",18.8149731616625,"CD28-41BB","aucell_proliferating_score",0,"proliferating"
"GACTTCGGTTTGCATAAAGTAGAG-1","slingPseudotime_1",18.8149731616625,"CD28-41BB","aucell_naive_memory_score",0,"naive_memory"
"GACTTCGGTTTGCATAAAGTAGAG-1","slingPseudotime_1",18.8149731616625,"CD28-41BB","aucell_cytotoxic_score",0,"cytotoxic"
"GATTCAGCAACTTGTCAAGTAGAG-1","slingPseudotime_1",19.1118244874167,"CD28-41BB","aucell_exhausted_score",0.392136212041425,"exhausted"
"GATTCAGCAACTTGTCAAGTAGAG-1","slingPseudotime_1",19.1118244874167,"CD28-41BB","aucell_proliferating_score",0,"proliferating"
"GATTCAGCAACTTGTCAAGTAGAG-1","slingPseudotime_1",19.1118244874167,"CD28-41BB","aucell_naive_memory_score",0.244421052631579,"naive_memory"
"GATTCAGCAACTTGTCAAGTAGAG-1","slingPseudotime_1",19.1118244874167,"CD28-41BB","aucell_cytotoxic_score",0.288923995085133,"cytotoxic"
"GCCATTTCATGAAGCCAAGTAGAG-1","slingPseudotime_1",9.46063487715576,"CD28-41BB","aucell_exhausted_score",0.157275759171494,"exhausted"
"GCCATTTCATGAAGCCAAGTAGAG-1","slingPseudotime_1",9.46063487715576,"CD28-41BB","aucell_proliferating_score",0,"proliferating"
"GCCATTTCATGAAGCCAAGTAGAG-1","slingPseudotime_1",9.46063487715576,"CD28-41BB","aucell_naive_memory_score",0.0650526315789474,"naive_memory"
"GCCATTTCATGAAGCCAAGTAGAG-1","slingPseudotime_1",9.46063487715576,"CD28-41BB","aucell_cytotoxic_score",0.385817096717571,"cytotoxic"
"GCTGCTCCATTCAGGAAAGTAGAG-1","slingPseudotime_1",30.0906410866469,"CD28-41BB","aucell_exhausted_score",0.298402668070915,"exhausted"
"GCTGCTCCATTCAGGAAAGTAGAG-1","slingPseudotime_1",30.0906410866469,"CD28-41BB","aucell_proliferating_score",0,"proliferating"
"GCTGCTCCATTCAGGAAAGTAGAG-1","slingPseudotime_1",30.0906410866469,"CD28-41BB","aucell_naive_memory_score",0,"naive_memory"
"GCTGCTCCATTCAGGAAAGTAGAG-1","slingPseudotime_1",30.0906410866469,"CD28-41BB","aucell_cytotoxic_score",0,"cytotoxic"
"GGGAGTCTCATAGGTAAAGTAGAG-1","slingPseudotime_1",11.7484233382037,"CD28-41BB","aucell_exhausted_score",0.231525364226786,"exhausted"
"GGGAGTCTCATAGGTAAAGTAGAG-1","slingPseudotime_1",11.7484233382037,"CD28-41BB","aucell_proliferating_score",0,"proliferating"
"GGGAGTCTCATAGGTAAAGTAGAG-1","slingPseudotime_1",11.7484233382037,"CD28-41BB","aucell_naive_memory_score",0.229894736842105,"naive_memory"
"GGGAGTCTCATAGGTAAAGTAGAG-1","slingPseudotime_1",11.7484233382037,"CD28-41BB","aucell_cytotoxic_score",0.0744251360365105,"cytotoxic"
"TAAGGCTAGCAGCCAAAAGTAGAG-1","slingPseudotime_1",15.8410785319531,"CD28-41BB","aucell_exhausted_score",0.16341934351413,"exhausted"
"TAAGGCTAGCAGCCAAAAGTAGAG-1","slingPseudotime_1",15.8410785319531,"CD28-41BB","aucell_proliferating_score",0,"proliferating"
"TAAGGCTAGCAGCCAAAAGTAGAG-1","slingPseudotime_1",15.8410785319531,"CD28-41BB","aucell_naive_memory_score",0.240210526315789,"naive_memory"
"TAAGGCTAGCAGCCAAAAGTAGAG-1","slingPseudotime_1",15.8410785319531,"CD28-41BB","aucell_cytotoxic_score",0,"cytotoxic"
"TATACCTAGTAACGGTAAGTAGAG-1","slingPseudotime_1",5.60302117645707,"CD28-41BB","aucell_exhausted_score",0,"exhausted"
"TATACCTAGTAACGGTAAGTAGAG-1","slingPseudotime_1",5.60302117645707,"CD28-41BB","aucell_proliferating_score",0.0437894736842105,"proliferating"
"TATACCTAGTAACGGTAAGTAGAG-1","slingPseudotime_1",5.60302117645707,"CD28-41BB","aucell_naive_memory_score",0.378315789473684,"naive_memory"
"TATACCTAGTAACGGTAAGTAGAG-1","slingPseudotime_1",5.60302117645707,"CD28-41BB","aucell_cytotoxic_score",0,"cytotoxic"
"TATGGGAGTCCTTCGTAAGTAGAG-1","slingPseudotime_1",14.5925539541219,"CD28-41BB","aucell_exhausted_score",0.0944356678953835,"exhausted"
"TATGGGAGTCCTTCGTAAGTAGAG-1","slingPseudotime_1",14.5925539541219,"CD28-41BB","aucell_proliferating_score",0,"proliferating"
"TATGGGAGTCCTTCGTAAGTAGAG-1","slingPseudotime_1",14.5925539541219,"CD28-41BB","aucell_naive_memory_score",0,"naive_memory"
"TATGGGAGTCCTTCGTAAGTAGAG-1","slingPseudotime_1",14.5925539541219,"CD28-41BB","aucell_cytotoxic_score",0.320695102685624,"cytotoxic"
"TCAACCTCATCCGTCAAAGTAGAG-1","slingPseudotime_1",7.68821153252498,"CD28-41BB","aucell_exhausted_score",0,"exhausted"
"TCAACCTCATCCGTCAAAGTAGAG-1","slingPseudotime_1",7.68821153252498,"CD28-41BB","aucell_proliferating_score",0,"proliferating"
"TCAACCTCATCCGTCAAAGTAGAG-1","slingPseudotime_1",7.68821153252498,"CD28-41BB","aucell_naive_memory_score",0.377052631578947,"naive_memory"
"TCAACCTCATCCGTCAAAGTAGAG-1","slingPseudotime_1",7.68821153252498,"CD28-41BB","aucell_cytotoxic_score",0,"cytotoxic"
"TCGCGGACAGGTATATAAGTAGAG-1","slingPseudotime_1",9.99681532669741,"CD28-41BB","aucell_exhausted_score",0.180270317711076,"exhausted"
"TCGCGGACAGGTATATAAGTAGAG-1","slingPseudotime_1",9.99681532669741,"CD28-41BB","aucell_proliferating_score",0,"proliferating"
"TCGCGGACAGGTATATAAGTAGAG-1","slingPseudotime_1",9.99681532669741,"CD28-41BB","aucell_naive_memory_score",0.157473684210526,"naive_memory"
"TCGCGGACAGGTATATAAGTAGAG-1","slingPseudotime_1",9.99681532669741,"CD28-41BB","aucell_cytotoxic_score",0.298753730033351,"cytotoxic"
"TCGCTTGCACAACATGAAGTAGAG-1","slingPseudotime_1",4.90465041679195,"CD28-41BB","aucell_exhausted_score",0.0884676145339652,"exhausted"
"TCGCTTGCACAACATGAAGTAGAG-1","slingPseudotime_1",4.90465041679195,"CD28-41BB","aucell_proliferating_score",0,"proliferating"
"TCGCTTGCACAACATGAAGTAGAG-1","slingPseudotime_1",4.90465041679195,"CD28-41BB","aucell_naive_memory_score",0.386736842105263,"naive_memory"
"TCGCTTGCACAACATGAAGTAGAG-1","slingPseudotime_1",4.90465041679195,"CD28-41BB","aucell_cytotoxic_score",0.0900473933649289,"cytotoxic"
"TCTGTGCAGAATGGCTAAGTAGAG-1","slingPseudotime_1",7.67711308079635,"CD28-41BB","aucell_exhausted_score",0.0644198701070739,"exhausted"
"TCTGTGCAGAATGGCTAAGTAGAG-1","slingPseudotime_1",7.67711308079635,"CD28-41BB","aucell_proliferating_score",0,"proliferating"
"TCTGTGCAGAATGGCTAAGTAGAG-1","slingPseudotime_1",7.67711308079635,"CD28-41BB","aucell_naive_memory_score",0.194105263157895,"naive_memory"
"TCTGTGCAGAATGGCTAAGTAGAG-1","slingPseudotime_1",7.67711308079635,"CD28-41BB","aucell_cytotoxic_score",0,"cytotoxic"
"TTATGGGCAACCTGTTAAGTAGAG-1","slingPseudotime_1",15.9917740389972,"CD28-41BB","aucell_exhausted_score",0.164999122345094,"exhausted"
"TTATGGGCAACCTGTTAAGTAGAG-1","slingPseudotime_1",15.9917740389972,"CD28-41BB","aucell_proliferating_score",0,"proliferating"
"TTATGGGCAACCTGTTAAGTAGAG-1","slingPseudotime_1",15.9917740389972,"CD28-41BB","aucell_naive_memory_score",0.306526315789474,"naive_memory"
"TTATGGGCAACCTGTTAAGTAGAG-1","slingPseudotime_1",15.9917740389972,"CD28-41BB","aucell_cytotoxic_score",0,"cytotoxic"
"TTCACTTGTGTGATGAAAGTAGAG-1","slingPseudotime_1",9.82952941530418,"CD28-41BB","aucell_exhausted_score",0,"exhausted"
"TTCACTTGTGTGATGAAAGTAGAG-1","slingPseudotime_1",9.82952941530418,"CD28-41BB","aucell_proliferating_score",0,"proliferating"
"TTCACTTGTGTGATGAAAGTAGAG-1","slingPseudotime_1",9.82952941530418,"CD28-41BB","aucell_naive_memory_score",0.249894736842105,"naive_memory"
"TTCACTTGTGTGATGAAAGTAGAG-1","slingPseudotime_1",9.82952941530418,"CD28-41BB","aucell_cytotoxic_score",0.135860979462875,"cytotoxic"
"TTTGCGCAGTGGACCAAAGTAGAG-1","slingPseudotime_1",10.0282525488108,"CD28-41BB","aucell_exhausted_score",0.072143233280674,"exhausted"
"TTTGCGCAGTGGACCAAAGTAGAG-1","slingPseudotime_1",10.0282525488108,"CD28-41BB","aucell_proliferating_score",0,"proliferating"
"TTTGCGCAGTGGACCAAAGTAGAG-1","slingPseudotime_1",10.0282525488108,"CD28-41BB","aucell_naive_memory_score",0,"naive_memory"
"TTTGCGCAGTGGACCAAAGTAGAG-1","slingPseudotime_1",10.0282525488108,"CD28-41BB","aucell_cytotoxic_score",0.0624890293136739,"cytotoxic"
"AAACTGTCAAATGACTACTACTCA-1","slingPseudotime_1",13.7959090607551,"CD28-41BB","aucell_exhausted_score",0,"exhausted"
"AAACTGTCAAATGACTACTACTCA-1","slingPseudotime_1",13.7959090607551,"CD28-41BB","aucell_proliferating_score",0,"proliferating"
"AAACTGTCAAATGACTACTACTCA-1","slingPseudotime_1",13.7959090607551,"CD28-41BB","aucell_naive_memory_score",0,"naive_memory"
"AAACTGTCAAATGACTACTACTCA-1","slingPseudotime_1",13.7959090607551,"CD28-41BB","aucell_cytotoxic_score",0.452694400561699,"cytotoxic"
"AAAGTCATCCATGATTACTACTCA-1","slingPseudotime_1",7.61328085637945,"CD28-41BB","aucell_exhausted_score",0.106898367561875,"exhausted"
"AAAGTCATCCATGATTACTACTCA-1","slingPseudotime_1",7.61328085637945,"CD28-41BB","aucell_proliferating_score",0,"proliferating"
"AAAGTCATCCATGATTACTACTCA-1","slingPseudotime_1",7.61328085637945,"CD28-41BB","aucell_naive_memory_score",0,"naive_memory"
"AAAGTCATCCATGATTACTACTCA-1","slingPseudotime_1",7.61328085637945,"CD28-41BB","aucell_cytotoxic_score",0,"cytotoxic"
"AAAGTCATCTGTCAATACTACTCA-1","slingPseudotime_1",20.689257950638,"CD28-41BB","aucell_exhausted_score",0.165174653326312,"exhausted"
"AAAGTCATCTGTCAATACTACTCA-1","slingPseudotime_1",20.689257950638,"CD28-41BB","aucell_proliferating_score",0,"proliferating"
"AAAGTCATCTGTCAATACTACTCA-1","slingPseudotime_1",20.689257950638,"CD28-41BB","aucell_naive_memory_score",0,"naive_memory"
"AAAGTCATCTGTCAATACTACTCA-1","slingPseudotime_1",20.689257950638,"CD28-41BB","aucell_cytotoxic_score",0,"cytotoxic"
"AACCTATTCTAACTACACTACTCA-1","slingPseudotime_1",17.4934260544183,"CD28-41BB","aucell_exhausted_score",0.197647884851676,"exhausted"
"AACCTATTCTAACTACACTACTCA-1","slingPseudotime_1",17.4934260544183,"CD28-41BB","aucell_proliferating_score",0,"proliferating"
"AACCTATTCTAACTACACTACTCA-1","slingPseudotime_1",17.4934260544183,"CD28-41BB","aucell_naive_memory_score",0.0768421052631579,"naive_memory"
"AACCTATTCTAACTACACTACTCA-1","slingPseudotime_1",17.4934260544183,"CD28-41BB","aucell_cytotoxic_score",0,"cytotoxic"
"AAGCGGCTCTTACTCCACTACTCA-1","slingPseudotime_1",9.60156209762894,"CD28-41BB","aucell_exhausted_score",0.277690012287169,"exhausted"
"AAGCGGCTCTTACTCCACTACTCA-1","slingPseudotime_1",9.60156209762894,"CD28-41BB","aucell_proliferating_score",0,"proliferating"
"AAGCGGCTCTTACTCCACTACTCA-1","slingPseudotime_1",9.60156209762894,"CD28-41BB","aucell_naive_memory_score",0.253894736842105,"naive_memory"
"AAGCGGCTCTTACTCCACTACTCA-1","slingPseudotime_1",9.60156209762894,"CD28-41BB","aucell_cytotoxic_score",0,"cytotoxic"
"AAGGTTATCATGAATGACTACTCA-1","slingPseudotime_1",9.53430757065276,"CD28-41BB","aucell_exhausted_score",0.0895208004212744,"exhausted"
"AAGGTTATCATGAATGACTACTCA-1","slingPseudotime_1",9.53430757065276,"CD28-41BB","aucell_proliferating_score",0,"proliferating"
"AAGGTTATCATGAATGACTACTCA-1","slingPseudotime_1",9.53430757065276,"CD28-41BB","aucell_naive_memory_score",0.134947368421053,"naive_memory"
"AAGGTTATCATGAATGACTACTCA-1","slingPseudotime_1",9.53430757065276,"CD28-41BB","aucell_cytotoxic_score",0,"cytotoxic"
"AAGTTCGCAACTTGTCACTACTCA-1","slingPseudotime_1",61.9765255592003,"CD28-41BB","aucell_exhausted_score",0.418641390205371,"exhausted"
"AAGTTCGCAACTTGTCACTACTCA-1","slingPseudotime_1",61.9765255592003,"CD28-41BB","aucell_proliferating_score",0.561894736842105,"proliferating"
"AAGTTCGCAACTTGTCACTACTCA-1","slingPseudotime_1",61.9765255592003,"CD28-41BB","aucell_naive_memory_score",0,"naive_memory"
"AAGTTCGCAACTTGTCACTACTCA-1","slingPseudotime_1",61.9765255592003,"CD28-41BB","aucell_cytotoxic_score",0.288923995085133,"cytotoxic"
"AAGTTGTCATCACGAAACTACTCA-1","slingPseudotime_1",13.1368988932043,"CD28-41BB","aucell_exhausted_score",0,"exhausted"
"AAGTTGTCATCACGAAACTACTCA-1","slingPseudotime_1",13.1368988932043,"CD28-41BB","aucell_proliferating_score",0,"proliferating"
"AAGTTGTCATCACGAAACTACTCA-1","slingPseudotime_1",13.1368988932043,"CD28-41BB","aucell_naive_memory_score",0.0618947368421053,"naive_memory"
"AAGTTGTCATCACGAAACTACTCA-1","slingPseudotime_1",13.1368988932043,"CD28-41BB","aucell_cytotoxic_score",0.315955766192733,"cytotoxic"
"AATCGCACATCGTTCGACTACTCA-1","slingPseudotime_1",15.6820667873212,"CD28-41BB","aucell_exhausted_score",0.0847814639283834,"exhausted"
"AATCGCACATCGTTCGACTACTCA-1","slingPseudotime_1",15.6820667873212,"CD28-41BB","aucell_proliferating_score",0,"proliferating"
"AATCGCACATCGTTCGACTACTCA-1","slingPseudotime_1",15.6820667873212,"CD28-41BB","aucell_naive_memory_score",0,"naive_memory"
"AATCGCACATCGTTCGACTACTCA-1","slingPseudotime_1",15.6820667873212,"CD28-41BB","aucell_cytotoxic_score",0.16341934351413,"cytotoxic"
"AATCGCCTCAGGCATGACTACTCA-1","slingPseudotime_1",58.8044577973357,"CD28-41BB","aucell_exhausted_score",0.0405476566614007,"exhausted"
"AATCGCCTCAGGCATGACTACTCA-1","slingPseudotime_1",58.8044577973357,"CD28-41BB","aucell_proliferating_score",0.572842105263158,"proliferating"
"AATCGCCTCAGGCATGACTACTCA-1","slingPseudotime_1",58.8044577973357,"CD28-41BB","aucell_naive_memory_score",0,"naive_memory"
"AATCGCCTCAGGCATGACTACTCA-1","slingPseudotime_1",58.8044577973357,"CD28-41BB","aucell_cytotoxic_score",0.124451465683693,"cytotoxic"
"AATGACCAGATTCCCAACTACTCA-1","slingPseudotime_1",23.0529740774115,"CD28-41BB","aucell_exhausted_score",0.140951377918203,"exhausted"
"AATGACCAGATTCCCAACTACTCA-1","slingPseudotime_1",23.0529740774115,"CD28-41BB","aucell_proliferating_score",0,"proliferating"
"AATGACCAGATTCCCAACTACTCA-1","slingPseudotime_1",23.0529740774115,"CD28-41BB","aucell_naive_memory_score",0.161684210526316,"naive_memory"
"AATGACCAGATTCCCAACTACTCA-1","slingPseudotime_1",23.0529740774115,"CD28-41BB","aucell_cytotoxic_score",0.151307705810075,"cytotoxic"
"AATTTGGAGGTGAGAAACTACTCA-1","slingPseudotime_1",13.2085300877025,"CD28-41BB","aucell_exhausted_score",0.0733719501492013,"exhausted"
"AATTTGGAGGTGAGAAACTACTCA-1","slingPseudotime_1",13.2085300877025,"CD28-41BB","aucell_proliferating_score",0,"proliferating"
"AATTTGGAGGTGAGAAACTACTCA-1","slingPseudotime_1",13.2085300877025,"CD28-41BB","aucell_naive_memory_score",0.0928421052631579,"naive_memory"
"AATTTGGAGGTGAGAAACTACTCA-1","slingPseudotime_1",13.2085300877025,"CD28-41BB","aucell_cytotoxic_score",0,"cytotoxic"
"ACAATCAAGGATTAGCACTACTCA-1","slingPseudotime_1",12.5519346016043,"CD28-41BB","aucell_exhausted_score",0.324381253291206,"exhausted"
"ACAATCAAGGATTAGCACTACTCA-1","slingPseudotime_1",12.5519346016043,"CD28-41BB","aucell_proliferating_score",0,"proliferating"
"ACAATCAAGGATTAGCACTACTCA-1","slingPseudotime_1",12.5519346016043,"CD28-41BB","aucell_naive_memory_score",0.205052631578947,"naive_memory"
"ACAATCAAGGATTAGCACTACTCA-1","slingPseudotime_1",12.5519346016043,"CD28-41BB","aucell_cytotoxic_score",0.159733192908548,"cytotoxic"
"ACCCTGGTCCTGGATCACTACTCA-1","slingPseudotime_1",16.3174481778641,"CD28-41BB","aucell_exhausted_score",0.316306828155169,"exhausted"
"ACCCTGGTCCTGGATCACTACTCA-1","slingPseudotime_1",16.3174481778641,"CD28-41BB","aucell_proliferating_score",0,"proliferating"
"ACCCTGGTCCTGGATCACTACTCA-1","slingPseudotime_1",16.3174481778641,"CD28-41BB","aucell_naive_memory_score",0,"naive_memory"
"ACCCTGGTCCTGGATCACTACTCA-1","slingPseudotime_1",16.3174481778641,"CD28-41BB","aucell_cytotoxic_score",0,"cytotoxic"
"ACCTTTACAGCCCTTAACTACTCA-1","slingPseudotime_1",10.4951915525637,"CD28-41BB","aucell_exhausted_score",0.10637177461822,"exhausted"
"ACCTTTACAGCCCTTAACTACTCA-1","slingPseudotime_1",10.4951915525637,"CD28-41BB","aucell_proliferating_score",0,"proliferating"
"ACCTTTACAGCCCTTAACTACTCA-1","slingPseudotime_1",10.4951915525637,"CD28-41BB","aucell_naive_memory_score",0,"naive_memory"
"ACCTTTACAGCCCTTAACTACTCA-1","slingPseudotime_1",10.4951915525637,"CD28-41BB","aucell_cytotoxic_score",0,"cytotoxic"
"ACGCAAGTCCAATTACACTACTCA-1","slingPseudotime_1",20.689257950638,"CD28-41BB","aucell_exhausted_score",0.166754432157276,"exhausted"
"ACGCAAGTCCAATTACACTACTCA-1","slingPseudotime_1",20.689257950638,"CD28-41BB","aucell_proliferating_score",0,"proliferating"
"ACGCAAGTCCAATTACACTACTCA-1","slingPseudotime_1",20.689257950638,"CD28-41BB","aucell_naive_memory_score",0.176,"naive_memory"
"ACGCAAGTCCAATTACACTACTCA-1","slingPseudotime_1",20.689257950638,"CD28-41BB","aucell_cytotoxic_score",0.0817974372476742,"cytotoxic"
"ACTACAAAGGGATGAAACTACTCA-1","slingPseudotime_1",11.3580918118836,"CD28-41BB","aucell_exhausted_score",0,"exhausted"
"ACTACAAAGGGATGAAACTACTCA-1","slingPseudotime_1",11.3580918118836,"CD28-41BB","aucell_proliferating_score",0,"proliferating"
"ACTACAAAGGGATGAAACTACTCA-1","slingPseudotime_1",11.3580918118836,"CD28-41BB","aucell_naive_memory_score",0.150736842105263,"naive_memory"
"ACTACAAAGGGATGAAACTACTCA-1","slingPseudotime_1",11.3580918118836,"CD28-41BB","aucell_cytotoxic_score",0.149025803054239,"cytotoxic"
"ACTCACTCACATAAACACTACTCA-1","slingPseudotime_1",17.7048639855956,"CD28-41BB","aucell_exhausted_score",0.165701246269967,"exhausted"
"ACTCACTCACATAAACACTACTCA-1","slingPseudotime_1",17.7048639855956,"CD28-41BB","aucell_proliferating_score",0,"proliferating"
"ACTCACTCACATAAACACTACTCA-1","slingPseudotime_1",17.7048639855956,"CD28-41BB","aucell_naive_memory_score",0.301052631578947,"naive_memory"
"ACTCACTCACATAAACACTACTCA-1","slingPseudotime_1",17.7048639855956,"CD28-41BB","aucell_cytotoxic_score",0.166578901176058,"cytotoxic"
"ACTTAGGCACATTCGTACTACTCA-1","slingPseudotime_1",18.1988228880525,"CD28-41BB","aucell_exhausted_score",0.154116201509566,"exhausted"
"ACTTAGGCACATTCGTACTACTCA-1","slingPseudotime_1",18.1988228880525,"CD28-41BB","aucell_proliferating_score",0,"proliferating"
"ACTTAGGCACATTCGTACTACTCA-1","slingPseudotime_1",18.1988228880525,"CD28-41BB","aucell_naive_memory_score",0,"naive_memory"
"ACTTAGGCACATTCGTACTACTCA-1","slingPseudotime_1",18.1988228880525,"CD28-41BB","aucell_cytotoxic_score",0.165876777251185,"cytotoxic"
"ACTTCCCGTTGCGGCTACTACTCA-1","slingPseudotime_1",20.2515407212585,"CD28-41BB","aucell_exhausted_score",0.148850272073021,"exhausted"
"ACTTCCCGTTGCGGCTACTACTCA-1","slingPseudotime_1",20.2515407212585,"CD28-41BB","aucell_proliferating_score",0,"proliferating"
"ACTTCCCGTTGCGGCTACTACTCA-1","slingPseudotime_1",20.2515407212585,"CD28-41BB","aucell_naive_memory_score",0.0117894736842105,"naive_memory"
"ACTTCCCGTTGCGGCTACTACTCA-1","slingPseudotime_1",20.2515407212585,"CD28-41BB","aucell_cytotoxic_score",0,"cytotoxic"
"ACTTCCTTCCAACTTGACTACTCA-1","slingPseudotime_1",20.7632430302787,"CD28-41BB","aucell_exhausted_score",0.228541337546077,"exhausted"
"ACTTCCTTCCAACTTGACTACTCA-1","slingPseudotime_1",20.7632430302787,"CD28-41BB","aucell_proliferating_score",0,"proliferating"
"ACTTCCTTCCAACTTGACTACTCA-1","slingPseudotime_1",20.7632430302787,"CD28-41BB","aucell_naive_memory_score",0,"naive_memory"
"ACTTCCTTCCAACTTGACTACTCA-1","slingPseudotime_1",20.7632430302787,"CD28-41BB","aucell_cytotoxic_score",0.166754432157276,"cytotoxic"
"ACTTGAAAGGATTATGACTACTCA-1","slingPseudotime_1",44.1124642815884,"CD28-41BB","aucell_exhausted_score",0.163243812532912,"exhausted"
"ACTTGAAAGGATTATGACTACTCA-1","slingPseudotime_1",44.1124642815884,"CD28-41BB","aucell_proliferating_score",0.382526315789474,"proliferating"
"ACTTGAAAGGATTATGACTACTCA-1","slingPseudotime_1",44.1124642815884,"CD28-41BB","aucell_naive_memory_score",0.0254736842105263,"naive_memory"
"ACTTGAAAGGATTATGACTACTCA-1","slingPseudotime_1",44.1124642815884,"CD28-41BB","aucell_cytotoxic_score",0,"cytotoxic"
"ACTTGCATCGCAACGAACTACTCA-1","slingPseudotime_1",20.2515407212585,"CD28-41BB","aucell_exhausted_score",0.220291381428822,"exhausted"
"ACTTGCATCGCAACGAACTACTCA-1","slingPseudotime_1",20.2515407212585,"CD28-41BB","aucell_proliferating_score",0,"proliferating"
"ACTTGCATCGCAACGAACTACTCA-1","slingPseudotime_1",20.2515407212585,"CD28-41BB","aucell_naive_memory_score",0,"naive_memory"
"ACTTGCATCGCAACGAACTACTCA-1","slingPseudotime_1",20.2515407212585,"CD28-41BB","aucell_cytotoxic_score",0.320168509741969,"cytotoxic"
"AGAAACCTCGCCTAGTACTACTCA-1","slingPseudotime_1",16.0499699662728,"CD28-41BB","aucell_exhausted_score",0.158328945058803,"exhausted"
"AGAAACCTCGCCTAGTACTACTCA-1","slingPseudotime_1",16.0499699662728,"CD28-41BB","aucell_proliferating_score",0,"proliferating"
"AGAAACCTCGCCTAGTACTACTCA-1","slingPseudotime_1",16.0499699662728,"CD28-41BB","aucell_naive_memory_score",0.04,"naive_memory"
"AGAAACCTCGCCTAGTACTACTCA-1","slingPseudotime_1",16.0499699662728,"CD28-41BB","aucell_cytotoxic_score",0,"cytotoxic"
"AGAACAACAGCAAGCTACTACTCA-1","slingPseudotime_1",12.1297656479001,"CD28-41BB","aucell_exhausted_score",0.0268562401263823,"exhausted"
"AGAACAACAGCAAGCTACTACTCA-1","slingPseudotime_1",12.1297656479001,"CD28-41BB","aucell_proliferating_score",0,"proliferating"
"AGAACAACAGCAAGCTACTACTCA-1","slingPseudotime_1",12.1297656479001,"CD28-41BB","aucell_naive_memory_score",0.0903157894736842,"naive_memory"
"AGAACAACAGCAAGCTACTACTCA-1","slingPseudotime_1",12.1297656479001,"CD28-41BB","aucell_cytotoxic_score",0.160084254870985,"cytotoxic"
"AGAAGCAAGGTTGGGCACTACTCA-1","slingPseudotime_1",73.6542444686549,"CD28-41BB","aucell_exhausted_score",0.308758995962787,"exhausted"
"AGAAGCAAGGTTGGGCACTACTCA-1","slingPseudotime_1",73.6542444686549,"CD28-41BB","aucell_proliferating_score",0.127157894736842,"proliferating"
"AGAAGCAAGGTTGGGCACTACTCA-1","slingPseudotime_1",73.6542444686549,"CD28-41BB","aucell_naive_memory_score",0,"naive_memory"
"AGAAGCAAGGTTGGGCACTACTCA-1","slingPseudotime_1",73.6542444686549,"CD28-41BB","aucell_cytotoxic_score",0.037037037037037,"cytotoxic"
"AGACCCGCAGCTAGCGACTACTCA-1","slingPseudotime_1",12.2181327332713,"CD28-41BB","aucell_exhausted_score",0.150254519922766,"exhausted"
"AGACCCGCAGCTAGCGACTACTCA-1","slingPseudotime_1",12.2181327332713,"CD28-41BB","aucell_proliferating_score",0,"proliferating"
"AGACCCGCAGCTAGCGACTACTCA-1","slingPseudotime_1",12.2181327332713,"CD28-41BB","aucell_naive_memory_score",0.130736842105263,"naive_memory"
"AGACCCGCAGCTAGCGACTACTCA-1","slingPseudotime_1",12.2181327332713,"CD28-41BB","aucell_cytotoxic_score",0.17693522906793,"cytotoxic"
"AGACTAGGTGCTGCACACTACTCA-1","slingPseudotime_1",21.2877242841746,"CD28-41BB","aucell_exhausted_score",0.213621204142531,"exhausted"
"AGACTAGGTGCTGCACACTACTCA-1","slingPseudotime_1",21.2877242841746,"CD28-41BB","aucell_proliferating_score",0,"proliferating"
"AGACTAGGTGCTGCACACTACTCA-1","slingPseudotime_1",21.2877242841746,"CD28-41BB","aucell_naive_memory_score",0.00294736842105263,"naive_memory"
"AGACTAGGTGCTGCACACTACTCA-1","slingPseudotime_1",21.2877242841746,"CD28-41BB","aucell_cytotoxic_score",0.219940319466386,"cytotoxic"
"AGACTGAGTACAAAGTACTACTCA-1","slingPseudotime_1",53.645882721165,"CD28-41BB","aucell_exhausted_score",0.24855186940495,"exhausted"
"AGACTGAGTACAAAGTACTACTCA-1","slingPseudotime_1",53.645882721165,"CD28-41BB","aucell_proliferating_score",0.542736842105263,"proliferating"
"AGACTGAGTACAAAGTACTACTCA-1","slingPseudotime_1",53.645882721165,"CD28-41BB","aucell_naive_memory_score",0,"naive_memory"
"AGACTGAGTACAAAGTACTACTCA-1","slingPseudotime_1",53.645882721165,"CD28-41BB","aucell_cytotoxic_score",0.131823766894857,"cytotoxic"
"AGAGGAATCTGTGACCACTACTCA-1","slingPseudotime_1",13.9334834789293,"CD28-41BB","aucell_exhausted_score",0.150254519922766,"exhausted"
"AGAGGAATCTGTGACCACTACTCA-1","slingPseudotime_1",13.9334834789293,"CD28-41BB","aucell_proliferating_score",0,"proliferating"
"AGAGGAATCTGTGACCACTACTCA-1","slingPseudotime_1",13.9334834789293,"CD28-41BB","aucell_naive_memory_score",0,"naive_memory"
"AGAGGAATCTGTGACCACTACTCA-1","slingPseudotime_1",13.9334834789293,"CD28-41BB","aucell_cytotoxic_score",0.111286642092329,"cytotoxic"
"AGATTCAAGACCTTGCACTACTCA-1","slingPseudotime_1",16.7362574749271,"CD28-41BB","aucell_exhausted_score",0.165701246269967,"exhausted"
"AGATTCAAGACCTTGCACTACTCA-1","slingPseudotime_1",16.7362574749271,"CD28-41BB","aucell_proliferating_score",0,"proliferating"
"AGATTCAAGACCTTGCACTACTCA-1","slingPseudotime_1",16.7362574749271,"CD28-41BB","aucell_naive_memory_score",0,"naive_memory"
"AGATTCAAGACCTTGCACTACTCA-1","slingPseudotime_1",16.7362574749271,"CD28-41BB","aucell_cytotoxic_score",0,"cytotoxic"
"AGCCATTGTGTTTGCGACTACTCA-1","slingPseudotime_1",16.7146687485679,"CD28-41BB","aucell_exhausted_score",0.395120238722134,"exhausted"
"AGCCATTGTGTTTGCGACTACTCA-1","slingPseudotime_1",16.7146687485679,"CD28-41BB","aucell_proliferating_score",0,"proliferating"
"AGCCATTGTGTTTGCGACTACTCA-1","slingPseudotime_1",16.7146687485679,"CD28-41BB","aucell_naive_memory_score",0.0858947368421053,"naive_memory"
"AGCCATTGTGTTTGCGACTACTCA-1","slingPseudotime_1",16.7146687485679,"CD28-41BB","aucell_cytotoxic_score",0.125855713533439,"cytotoxic"
"AGCCCTTAGAAGTAGGACTACTCA-1","slingPseudotime_1",8.95688662254207,"CD28-41BB","aucell_exhausted_score",0.0542390731964192,"exhausted"
"AGCCCTTAGAAGTAGGACTACTCA-1","slingPseudotime_1",8.95688662254207,"CD28-41BB","aucell_proliferating_score",0,"proliferating"
"AGCCCTTAGAAGTAGGACTACTCA-1","slingPseudotime_1",8.95688662254207,"CD28-41BB","aucell_naive_memory_score",0.0989473684210526,"naive_memory"
"AGCCCTTAGAAGTAGGACTACTCA-1","slingPseudotime_1",8.95688662254207,"CD28-41BB","aucell_cytotoxic_score",0.16535018430753,"cytotoxic"
"AGCCTCTAGTTGGATAACTACTCA-1","slingPseudotime_1",18.1491742791408,"CD28-41BB","aucell_exhausted_score",0.162892750570476,"exhausted"
"AGCCTCTAGTTGGATAACTACTCA-1","slingPseudotime_1",18.1491742791408,"CD28-41BB","aucell_proliferating_score",0,"proliferating"
"AGCCTCTAGTTGGATAACTACTCA-1","slingPseudotime_1",18.1491742791408,"CD28-41BB","aucell_naive_memory_score",0,"naive_memory"
"AGCCTCTAGTTGGATAACTACTCA-1","slingPseudotime_1",18.1491742791408,"CD28-41BB","aucell_cytotoxic_score",0,"cytotoxic"
"AGCTATGCAGTGAGGAACTACTCA-1","slingPseudotime_1",22.2100264239358,"CD28-41BB","aucell_exhausted_score",0.156573635246621,"exhausted"
"AGCTATGCAGTGAGGAACTACTCA-1","slingPseudotime_1",22.2100264239358,"CD28-41BB","aucell_proliferating_score",0,"proliferating"
"AGCTATGCAGTGAGGAACTACTCA-1","slingPseudotime_1",22.2100264239358,"CD28-41BB","aucell_naive_memory_score",0,"naive_memory"
"AGCTATGCAGTGAGGAACTACTCA-1","slingPseudotime_1",22.2100264239358,"CD28-41BB","aucell_cytotoxic_score",0.0965420396700018,"cytotoxic"
"AGGCCAGGTTTGTCCCACTACTCA-1","slingPseudotime_1",22.8916748243387,"CD28-41BB","aucell_exhausted_score",0.40424784974548,"exhausted"
"AGGCCAGGTTTGTCCCACTACTCA-1","slingPseudotime_1",22.8916748243387,"CD28-41BB","aucell_proliferating_score",0,"proliferating"
"AGGCCAGGTTTGTCCCACTACTCA-1","slingPseudotime_1",22.8916748243387,"CD28-41BB","aucell_naive_memory_score",0.0722105263157895,"naive_memory"
"AGGCCAGGTTTGTCCCACTACTCA-1","slingPseudotime_1",22.8916748243387,"CD28-41BB","aucell_cytotoxic_score",0.165525715288748,"cytotoxic"
"AGGGACCTCCTAATCGACTACTCA-1","slingPseudotime_1",29.2220724486295,"CD28-41BB","aucell_exhausted_score",0.487098472880463,"exhausted"
"AGGGACCTCCTAATCGACTACTCA-1","slingPseudotime_1",29.2220724486295,"CD28-41BB","aucell_proliferating_score",0.296421052631579,"proliferating"
"AGGGACCTCCTAATCGACTACTCA-1","slingPseudotime_1",29.2220724486295,"CD28-41BB","aucell_naive_memory_score",0.0936842105263158,"naive_memory"
"AGGGACCTCCTAATCGACTACTCA-1","slingPseudotime_1",29.2220724486295,"CD28-41BB","aucell_cytotoxic_score",0.139722661049675,"cytotoxic"
"AGGGTGGAGTTAACAGACTACTCA-1","slingPseudotime_1",68.2923783650198,"CD28-41BB","aucell_exhausted_score",0.0403721256801826,"exhausted"
"AGGGTGGAGTTAACAGACTACTCA-1","slingPseudotime_1",68.2923783650198,"CD28-41BB","aucell_proliferating_score",0.379578947368421,"proliferating"
"AGGGTGGAGTTAACAGACTACTCA-1","slingPseudotime_1",68.2923783650198,"CD28-41BB","aucell_naive_memory_score",0.180842105263158,"naive_memory"
"AGGGTGGAGTTAACAGACTACTCA-1","slingPseudotime_1",68.2923783650198,"CD28-41BB","aucell_cytotoxic_score",0.164472529401439,"cytotoxic"
"AGGTGAGCAAGCCTCCACTACTCA-1","slingPseudotime_1",17.4248057094974,"CD28-41BB","aucell_exhausted_score",0.234684921888713,"exhausted"
"AGGTGAGCAAGCCTCCACTACTCA-1","slingPseudotime_1",17.4248057094974,"CD28-41BB","aucell_proliferating_score",0,"proliferating"
"AGGTGAGCAAGCCTCCACTACTCA-1","slingPseudotime_1",17.4248057094974,"CD28-41BB","aucell_naive_memory_score",0.0637894736842105,"naive_memory"
"AGGTGAGCAAGCCTCCACTACTCA-1","slingPseudotime_1",17.4248057094974,"CD28-41BB","aucell_cytotoxic_score",0.251886958048095,"cytotoxic"
"AGGTGAGCACAAGCGTACTACTCA-1","slingPseudotime_1",15.0354304305855,"CD28-41BB","aucell_exhausted_score",0.321572757591715,"exhausted"
"AGGTGAGCACAAGCGTACTACTCA-1","slingPseudotime_1",15.0354304305855,"CD28-41BB","aucell_proliferating_score",0,"proliferating"
"AGGTGAGCACAAGCGTACTACTCA-1","slingPseudotime_1",15.0354304305855,"CD28-41BB","aucell_naive_memory_score",0,"naive_memory"
"AGGTGAGCACAAGCGTACTACTCA-1","slingPseudotime_1",15.0354304305855,"CD28-41BB","aucell_cytotoxic_score",0,"cytotoxic"
"AGGTTAATCATGGTCCACTACTCA-1","slingPseudotime_1",26.0373586941009,"CD28-41BB","aucell_exhausted_score",0.285764437423205,"exhausted"
"AGGTTAATCATGGTCCACTACTCA-1","slingPseudotime_1",26.0373586941009,"CD28-41BB","aucell_proliferating_score",0,"proliferating"
"AGGTTAATCATGGTCCACTACTCA-1","slingPseudotime_1",26.0373586941009,"CD28-41BB","aucell_naive_memory_score",0,"naive_memory"
"AGGTTAATCATGGTCCACTACTCA-1","slingPseudotime_1",26.0373586941009,"CD28-41BB","aucell_cytotoxic_score",0.156222573284185,"cytotoxic"
"AGTAGGCGTCTACCTCACTACTCA-1","slingPseudotime_1",14.4922147919522,"CD28-41BB","aucell_exhausted_score",0.280849569949096,"exhausted"
"AGTAGGCGTCTACCTCACTACTCA-1","slingPseudotime_1",14.4922147919522,"CD28-41BB","aucell_proliferating_score",0,"proliferating"
"AGTAGGCGTCTACCTCACTACTCA-1","slingPseudotime_1",14.4922147919522,"CD28-41BB","aucell_naive_memory_score",0,"naive_memory"
"AGTAGGCGTCTACCTCACTACTCA-1","slingPseudotime_1",14.4922147919522,"CD28-41BB","aucell_cytotoxic_score",0,"cytotoxic"
"AGTGAGAAGCAAACCGACTACTCA-1","slingPseudotime_1",13.8666498116045,"CD28-41BB","aucell_exhausted_score",0.165525715288748,"exhausted"
"AGTGAGAAGCAAACCGACTACTCA-1","slingPseudotime_1",13.8666498116045,"CD28-41BB","aucell_proliferating_score",0.0688421052631579,"proliferating"
"AGTGAGAAGCAAACCGACTACTCA-1","slingPseudotime_1",13.8666498116045,"CD28-41BB","aucell_naive_memory_score",0.187368421052632,"naive_memory"
"AGTGAGAAGCAAACCGACTACTCA-1","slingPseudotime_1",13.8666498116045,"CD28-41BB","aucell_cytotoxic_score",0.0738985430928559,"cytotoxic"
"AGTGAGAAGCCACTCGACTACTCA-1","slingPseudotime_1",23.8908970040421,"CD28-41BB","aucell_exhausted_score",0.5183429875373,"exhausted"
"AGTGAGAAGCCACTCGACTACTCA-1","slingPseudotime_1",23.8908970040421,"CD28-41BB","aucell_proliferating_score",0,"proliferating"
"AGTGAGAAGCCACTCGACTACTCA-1","slingPseudotime_1",23.8908970040421,"CD28-41BB","aucell_naive_memory_score",0,"naive_memory"
"AGTGAGAAGCCACTCGACTACTCA-1","slingPseudotime_1",23.8908970040421,"CD28-41BB","aucell_cytotoxic_score",0,"cytotoxic"
"AGTGGATTCTGCAACCACTACTCA-1","slingPseudotime_1",13.3152887345648,"CD28-41BB","aucell_exhausted_score",0,"exhausted"
"AGTGGATTCTGCAACCACTACTCA-1","slingPseudotime_1",13.3152887345648,"CD28-41BB","aucell_proliferating_score",0,"proliferating"
"AGTGGATTCTGCAACCACTACTCA-1","slingPseudotime_1",13.3152887345648,"CD28-41BB","aucell_naive_memory_score",0.226315789473684,"naive_memory"
"AGTGGATTCTGCAACCACTACTCA-1","slingPseudotime_1",13.3152887345648,"CD28-41BB","aucell_cytotoxic_score",0.301386694751624,"cytotoxic"
"ATAAACCCAACAGGGAACTACTCA-1","slingPseudotime_1",21.6985911296425,"CD28-41BB","aucell_exhausted_score",0.283482534667369,"exhausted"
"ATAAACCCAACAGGGAACTACTCA-1","slingPseudotime_1",21.6985911296425,"CD28-41BB","aucell_proliferating_score",0,"proliferating"
"ATAAACCCAACAGGGAACTACTCA-1","slingPseudotime_1",21.6985911296425,"CD28-41BB","aucell_naive_memory_score",0.111789473684211,"naive_memory"
"ATAAACCCAACAGGGAACTACTCA-1","slingPseudotime_1",21.6985911296425,"CD28-41BB","aucell_cytotoxic_score",0.16148850272073,"cytotoxic"
"ATAGCTTTCCTGGAAGACTACTCA-1","slingPseudotime_1",27.3640027648865,"CD28-41BB","aucell_exhausted_score",0.248376338423732,"exhausted"
"ATAGCTTTCCTGGAAGACTACTCA-1","slingPseudotime_1",27.3640027648865,"CD28-41BB","aucell_proliferating_score",0,"proliferating"
"ATAGCTTTCCTGGAAGACTACTCA-1","slingPseudotime_1",27.3640027648865,"CD28-41BB","aucell_naive_memory_score",0.156421052631579,"naive_memory"
"ATAGCTTTCCTGGAAGACTACTCA-1","slingPseudotime_1",27.3640027648865,"CD28-41BB","aucell_cytotoxic_score",0.0982973494821836,"cytotoxic"
"ATCGATTTCATCCAGCACTACTCA-1","slingPseudotime_1",14.9179470571889,"CD28-41BB","aucell_exhausted_score",0.252062489029314,"exhausted"
"ATCGATTTCATCCAGCACTACTCA-1","slingPseudotime_1",14.9179470571889,"CD28-41BB","aucell_proliferating_score",0,"proliferating"
"ATCGATTTCATCCAGCACTACTCA-1","slingPseudotime_1",14.9179470571889,"CD28-41BB","aucell_naive_memory_score",0.0585263157894737,"naive_memory"
"ATCGATTTCATCCAGCACTACTCA-1","slingPseudotime_1",14.9179470571889,"CD28-41BB","aucell_cytotoxic_score",0.113041951904511,"cytotoxic"
"ATGAAAGCACCACAAAACTACTCA-1","slingPseudotime_1",20.3426299935783,"CD28-41BB","aucell_exhausted_score",0.160961909777076,"exhausted"
"ATGAAAGCACCACAAAACTACTCA-1","slingPseudotime_1",20.3426299935783,"CD28-41BB","aucell_proliferating_score",0,"proliferating"
"ATGAAAGCACCACAAAACTACTCA-1","slingPseudotime_1",20.3426299935783,"CD28-41BB","aucell_naive_memory_score",0.0162105263157895,"naive_memory"
"ATGAAAGCACCACAAAACTACTCA-1","slingPseudotime_1",20.3426299935783,"CD28-41BB","aucell_cytotoxic_score",0.166403370194839,"cytotoxic"
"ATGCGCAAGTACCCACACTACTCA-1","slingPseudotime_1",20.8495664732575,"CD28-41BB","aucell_exhausted_score",0.177637352992803,"exhausted"
"ATGCGCAAGTACCCACACTACTCA-1","slingPseudotime_1",20.8495664732575,"CD28-41BB","aucell_proliferating_score",0,"proliferating"
"ATGCGCAAGTACCCACACTACTCA-1","slingPseudotime_1",20.8495664732575,"CD28-41BB","aucell_naive_memory_score",0,"naive_memory"
"ATGCGCAAGTACCCACACTACTCA-1","slingPseudotime_1",20.8495664732575,"CD28-41BB","aucell_cytotoxic_score",0.0842548709847288,"cytotoxic"
"ATGGACCCAGGCTAACACTACTCA-1","slingPseudotime_1",25.8623162329848,"CD28-41BB","aucell_exhausted_score",0.164648060382658,"exhausted"
"ATGGACCCAGGCTAACACTACTCA-1","slingPseudotime_1",25.8623162329848,"CD28-41BB","aucell_proliferating_score",0,"proliferating"
"ATGGACCCAGGCTAACACTACTCA-1","slingPseudotime_1",25.8623162329848,"CD28-41BB","aucell_naive_memory_score",0.0109473684210526,"naive_memory"
"ATGGACCCAGGCTAACACTACTCA-1","slingPseudotime_1",25.8623162329848,"CD28-41BB","aucell_cytotoxic_score",0.187291556959803,"cytotoxic"
"ATGGATTCATGACCAAACTACTCA-1","slingPseudotime_1",15.5646177832414,"CD28-41BB","aucell_exhausted_score",0.184483061260312,"exhausted"
"ATGGATTCATGACCAAACTACTCA-1","slingPseudotime_1",15.5646177832414,"CD28-41BB","aucell_proliferating_score",0,"proliferating"
"ATGGATTCATGACCAAACTACTCA-1","slingPseudotime_1",15.5646177832414,"CD28-41BB","aucell_naive_memory_score",0.0614736842105263,"naive_memory"
"ATGGATTCATGACCAAACTACTCA-1","slingPseudotime_1",15.5646177832414,"CD28-41BB","aucell_cytotoxic_score",0,"cytotoxic"
"ATGGGCGGTCCTCCTGACTACTCA-1","slingPseudotime_1",12.1634743402983,"CD28-41BB","aucell_exhausted_score",0.163243812532912,"exhausted"
"ATGGGCGGTCCTCCTGACTACTCA-1","slingPseudotime_1",12.1634743402983,"CD28-41BB","aucell_proliferating_score",0.195157894736842,"proliferating"
"ATGGGCGGTCCTCCTGACTACTCA-1","slingPseudotime_1",12.1634743402983,"CD28-41BB","aucell_naive_memory_score",0.129263157894737,"naive_memory"
"ATGGGCGGTCCTCCTGACTACTCA-1","slingPseudotime_1",12.1634743402983,"CD28-41BB","aucell_cytotoxic_score",0.149727926979112,"cytotoxic"
"ATTGACCGTATTCGTAACTACTCA-1","slingPseudotime_1",9.88854026572444,"CD28-41BB","aucell_exhausted_score",0.320695102685624,"exhausted"
"ATTGACCGTATTCGTAACTACTCA-1","slingPseudotime_1",9.88854026572444,"CD28-41BB","aucell_proliferating_score",0.0867368421052632,"proliferating"
"ATTGACCGTATTCGTAACTACTCA-1","slingPseudotime_1",9.88854026572444,"CD28-41BB","aucell_naive_memory_score",0.313684210526316,"naive_memory"
"ATTGACCGTATTCGTAACTACTCA-1","slingPseudotime_1",9.88854026572444,"CD28-41BB","aucell_cytotoxic_score",0.004739336492891,"cytotoxic"
"ATTGAGTCAACAGATTACTACTCA-1","slingPseudotime_1",34.8770386162947,"CD28-41BB","aucell_exhausted_score",0.161312971739512,"exhausted"
"ATTGAGTCAACAGATTACTACTCA-1","slingPseudotime_1",34.8770386162947,"CD28-41BB","aucell_proliferating_score",0.113473684210526,"proliferating"
"ATTGAGTCAACAGATTACTACTCA-1","slingPseudotime_1",34.8770386162947,"CD28-41BB","aucell_naive_memory_score",0,"naive_memory"
"ATTGAGTCAACAGATTACTACTCA-1","slingPseudotime_1",34.8770386162947,"CD28-41BB","aucell_cytotoxic_score",0,"cytotoxic"
"ATTGCGACATCCCAATACTACTCA-1","slingPseudotime_1",11.4632374246199,"CD28-41BB","aucell_exhausted_score",0.162892750570476,"exhausted"
"ATTGCGACATCCCAATACTACTCA-1","slingPseudotime_1",11.4632374246199,"CD28-41BB","aucell_proliferating_score",0,"proliferating"
"ATTGCGACATCCCAATACTACTCA-1","slingPseudotime_1",11.4632374246199,"CD28-41BB","aucell_naive_memory_score",0.312421052631579,"naive_memory"
"ATTGCGACATCCCAATACTACTCA-1","slingPseudotime_1",11.4632374246199,"CD28-41BB","aucell_cytotoxic_score",0.147094962260839,"cytotoxic"
"ATTGGGAGTAGCTATCACTACTCA-1","slingPseudotime_1",23.6631337002123,"CD28-41BB","aucell_exhausted_score",0.14990345796033,"exhausted"
"ATTGGGAGTAGCTATCACTACTCA-1","slingPseudotime_1",23.6631337002123,"CD28-41BB","aucell_proliferating_score",0.111789473684211,"proliferating"
"ATTGGGAGTAGCTATCACTACTCA-1","slingPseudotime_1",23.6631337002123,"CD28-41BB","aucell_naive_memory_score",0,"naive_memory"
"ATTGGGAGTAGCTATCACTACTCA-1","slingPseudotime_1",23.6631337002123,"CD28-41BB","aucell_cytotoxic_score",0.27856766719326,"cytotoxic"
"CACGCATTCGCTTGACACTACTCA-1","slingPseudotime_1",20.7632275291215,"CD28-41BB","aucell_exhausted_score",0.425662629454099,"exhausted"
"CACGCATTCGCTTGACACTACTCA-1","slingPseudotime_1",20.7632275291215,"CD28-41BB","aucell_proliferating_score",0,"proliferating"
"CACGCATTCGCTTGACACTACTCA-1","slingPseudotime_1",20.7632275291215,"CD28-41BB","aucell_naive_memory_score",0,"naive_memory"
"CACGCATTCGCTTGACACTACTCA-1","slingPseudotime_1",20.7632275291215,"CD28-41BB","aucell_cytotoxic_score",0.269440056169914,"cytotoxic"
"CAGATTCGTAACGTGAACTACTCA-1","slingPseudotime_1",17.234974203968,"CD28-41BB","aucell_exhausted_score",0.166754432157276,"exhausted"
"CAGATTCGTAACGTGAACTACTCA-1","slingPseudotime_1",17.234974203968,"CD28-41BB","aucell_proliferating_score",0,"proliferating"
"CAGATTCGTAACGTGAACTACTCA-1","slingPseudotime_1",17.234974203968,"CD28-41BB","aucell_naive_memory_score",0.174526315789474,"naive_memory"
"CAGATTCGTAACGTGAACTACTCA-1","slingPseudotime_1",17.234974203968,"CD28-41BB","aucell_cytotoxic_score",0.00509039845532737,"cytotoxic"
"CAGCGAATCCTCAATGACTACTCA-1","slingPseudotime_1",20.2981221519595,"CD28-41BB","aucell_exhausted_score",0.136914165350184,"exhausted"
"CAGCGAATCCTCAATGACTACTCA-1","slingPseudotime_1",20.2981221519595,"CD28-41BB","aucell_proliferating_score",0,"proliferating"
"CAGCGAATCCTCAATGACTACTCA-1","slingPseudotime_1",20.2981221519595,"CD28-41BB","aucell_naive_memory_score",0,"naive_memory"
"CAGCGAATCCTCAATGACTACTCA-1","slingPseudotime_1",20.2981221519595,"CD28-41BB","aucell_cytotoxic_score",0.144286466561348,"cytotoxic"
"CAGCTGGCATGGATTGACTACTCA-1","slingPseudotime_1",19.4950227089241,"CD28-41BB","aucell_exhausted_score",0.163068281551694,"exhausted"
"CAGCTGGCATGGATTGACTACTCA-1","slingPseudotime_1",19.4950227089241,"CD28-41BB","aucell_proliferating_score",0,"proliferating"
"CAGCTGGCATGGATTGACTACTCA-1","slingPseudotime_1",19.4950227089241,"CD28-41BB","aucell_naive_memory_score",0.191157894736842,"naive_memory"
"CAGCTGGCATGGATTGACTACTCA-1","slingPseudotime_1",19.4950227089241,"CD28-41BB","aucell_cytotoxic_score",0.164823591363876,"cytotoxic"
"CAGGTCAAGATAATCGACTACTCA-1","slingPseudotime_1",27.7197729324873,"CD28-41BB","aucell_exhausted_score",0.247498683517641,"exhausted"
"CAGGTCAAGATAATCGACTACTCA-1","slingPseudotime_1",27.7197729324873,"CD28-41BB","aucell_proliferating_score",0,"proliferating"
"CAGGTCAAGATAATCGACTACTCA-1","slingPseudotime_1",27.7197729324873,"CD28-41BB","aucell_naive_memory_score",0,"naive_memory"
"CAGGTCAAGATAATCGACTACTCA-1","slingPseudotime_1",27.7197729324873,"CD28-41BB","aucell_cytotoxic_score",0.315604704230297,"cytotoxic"
"CAGGTTCTCAGCCCTGACTACTCA-1","slingPseudotime_1",12.4320351623999,"CD28-41BB","aucell_exhausted_score",0.165525715288748,"exhausted"
"CAGGTTCTCAGCCCTGACTACTCA-1","slingPseudotime_1",12.4320351623999,"CD28-41BB","aucell_proliferating_score",0.143578947368421,"proliferating"
"CAGGTTCTCAGCCCTGACTACTCA-1","slingPseudotime_1",12.4320351623999,"CD28-41BB","aucell_naive_memory_score",0,"naive_memory"
"CAGGTTCTCAGCCCTGACTACTCA-1","slingPseudotime_1",12.4320351623999,"CD28-41BB","aucell_cytotoxic_score",0,"cytotoxic"
"CATAAACCAATTCGGAACTACTCA-1","slingPseudotime_1",20.8415961790964,"CD28-41BB","aucell_exhausted_score",0.235387045813586,"exhausted"
"CATAAACCAATTCGGAACTACTCA-1","slingPseudotime_1",20.8415961790964,"CD28-41BB","aucell_proliferating_score",0,"proliferating"
"CATAAACCAATTCGGAACTACTCA-1","slingPseudotime_1",20.8415961790964,"CD28-41BB","aucell_naive_memory_score",0.0442105263157895,"naive_memory"
"CATAAACCAATTCGGAACTACTCA-1","slingPseudotime_1",20.8415961790964,"CD28-41BB","aucell_cytotoxic_score",0,"cytotoxic"
"CATAGCCTCGGTAAGTACTACTCA-1","slingPseudotime_1",7.80106935758539,"CD28-41BB","aucell_exhausted_score",0,"exhausted"
"CATAGCCTCGGTAAGTACTACTCA-1","slingPseudotime_1",7.80106935758539,"CD28-41BB","aucell_proliferating_score",0,"proliferating"
"CATAGCCTCGGTAAGTACTACTCA-1","slingPseudotime_1",7.80106935758539,"CD28-41BB","aucell_naive_memory_score",0.175789473684211,"naive_memory"
"CATAGCCTCGGTAAGTACTACTCA-1","slingPseudotime_1",7.80106935758539,"CD28-41BB","aucell_cytotoxic_score",0,"cytotoxic"
"CATCGGTTCTGGAAACACTACTCA-1","slingPseudotime_1",10.2176653652647,"CD28-41BB","aucell_exhausted_score",0.257503949447077,"exhausted"
"CATCGGTTCTGGAAACACTACTCA-1","slingPseudotime_1",10.2176653652647,"CD28-41BB","aucell_proliferating_score",0,"proliferating"
"CATCGGTTCTGGAAACACTACTCA-1","slingPseudotime_1",10.2176653652647,"CD28-41BB","aucell_naive_memory_score",0,"naive_memory"
"CATCGGTTCTGGAAACACTACTCA-1","slingPseudotime_1",10.2176653652647,"CD28-41BB","aucell_cytotoxic_score",0.190275583640513,"cytotoxic"
"CATTGAAAGCTAAATGACTACTCA-1","slingPseudotime_1",20.8289652400617,"CD28-41BB","aucell_exhausted_score",0.164472529401439,"exhausted"
"CATTGAAAGCTAAATGACTACTCA-1","slingPseudotime_1",20.8289652400617,"CD28-41BB","aucell_proliferating_score",0,"proliferating"
"CATTGAAAGCTAAATGACTACTCA-1","slingPseudotime_1",20.8289652400617,"CD28-41BB","aucell_naive_memory_score",0,"naive_memory"
"CATTGAAAGCTAAATGACTACTCA-1","slingPseudotime_1",20.8289652400617,"CD28-41BB","aucell_cytotoxic_score",0.117254695453748,"cytotoxic"
"CCAATACGTACTGCCAACTACTCA-1","slingPseudotime_1",15.2746452100611,"CD28-41BB","aucell_exhausted_score",0.158680007021239,"exhausted"
"CCAATACGTACTGCCAACTACTCA-1","slingPseudotime_1",15.2746452100611,"CD28-41BB","aucell_proliferating_score",0,"proliferating"
"CCAATACGTACTGCCAACTACTCA-1","slingPseudotime_1",15.2746452100611,"CD28-41BB","aucell_naive_memory_score",0.175578947368421,"naive_memory"
"CCAATACGTACTGCCAACTACTCA-1","slingPseudotime_1",15.2746452100611,"CD28-41BB","aucell_cytotoxic_score",0,"cytotoxic"
"CCAGCTTAGGATTATGACTACTCA-1","slingPseudotime_1",45.7558128653585,"CD28-41BB","aucell_exhausted_score",0.160961909777076,"exhausted"
"CCAGCTTAGGATTATGACTACTCA-1","slingPseudotime_1",45.7558128653585,"CD28-41BB","aucell_proliferating_score",0.544842105263158,"proliferating"
"CCAGCTTAGGATTATGACTACTCA-1","slingPseudotime_1",45.7558128653585,"CD28-41BB","aucell_naive_memory_score",0.0151578947368421,"naive_memory"
"CCAGCTTAGGATTATGACTACTCA-1","slingPseudotime_1",45.7558128653585,"CD28-41BB","aucell_cytotoxic_score",0.149201334035457,"cytotoxic"
"CCATTAGTCATAACCTACTACTCA-1","slingPseudotime_1",12.5079826968026,"CD28-41BB","aucell_exhausted_score",0.149025803054239,"exhausted"
"CCATTAGTCATAACCTACTACTCA-1","slingPseudotime_1",12.5079826968026,"CD28-41BB","aucell_proliferating_score",0,"proliferating"
"CCATTAGTCATAACCTACTACTCA-1","slingPseudotime_1",12.5079826968026,"CD28-41BB","aucell_naive_memory_score",0,"naive_memory"
"CCATTAGTCATAACCTACTACTCA-1","slingPseudotime_1",12.5079826968026,"CD28-41BB","aucell_cytotoxic_score",0,"cytotoxic"
"CCCTGACCAAGGCTTAACTACTCA-1","slingPseudotime_1",10.7431810478505,"CD28-41BB","aucell_exhausted_score",0,"exhausted"
"CCCTGACCAAGGCTTAACTACTCA-1","slingPseudotime_1",10.7431810478505,"CD28-41BB","aucell_proliferating_score",0,"proliferating"
"CCCTGACCAAGGCTTAACTACTCA-1","slingPseudotime_1",10.7431810478505,"CD28-41BB","aucell_naive_memory_score",0.0193684210526316,"naive_memory"
"CCCTGACCAAGGCTTAACTACTCA-1","slingPseudotime_1",10.7431810478505,"CD28-41BB","aucell_cytotoxic_score",0.154642794453221,"cytotoxic"
"CCGATTGGTAAGCGTAACTACTCA-1","slingPseudotime_1",20.2080572566633,"CD28-41BB","aucell_exhausted_score",0.187467087941022,"exhausted"
"CCGATTGGTAAGCGTAACTACTCA-1","slingPseudotime_1",20.2080572566633,"CD28-41BB","aucell_proliferating_score",0,"proliferating"
"CCGATTGGTAAGCGTAACTACTCA-1","slingPseudotime_1",20.2080572566633,"CD28-41BB","aucell_naive_memory_score",0.177263157894737,"naive_memory"
"CCGATTGGTAAGCGTAACTACTCA-1","slingPseudotime_1",20.2080572566633,"CD28-41BB","aucell_cytotoxic_score",0.16148850272073,"cytotoxic"
"CCGCTAAGTATTCGTAACTACTCA-1","slingPseudotime_1",19.0513630023005,"CD28-41BB","aucell_exhausted_score",0.28629103036686,"exhausted"
"CCGCTAAGTATTCGTAACTACTCA-1","slingPseudotime_1",19.0513630023005,"CD28-41BB","aucell_proliferating_score",0,"proliferating"
"CCGCTAAGTATTCGTAACTACTCA-1","slingPseudotime_1",19.0513630023005,"CD28-41BB","aucell_naive_memory_score",0.008,"naive_memory"
"CCGCTAAGTATTCGTAACTACTCA-1","slingPseudotime_1",19.0513630023005,"CD28-41BB","aucell_cytotoxic_score",0.143233280674039,"cytotoxic"
"CCGTCAAGTCAACTACACTACTCA-1","slingPseudotime_1",22.1204692970047,"CD28-41BB","aucell_exhausted_score",0.450412497805863,"exhausted"
"CCGTCAAGTCAACTACACTACTCA-1","slingPseudotime_1",22.1204692970047,"CD28-41BB","aucell_proliferating_score",0,"proliferating"
"CCGTCAAGTCAACTACACTACTCA-1","slingPseudotime_1",22.1204692970047,"CD28-41BB","aucell_naive_memory_score",0.191157894736842,"naive_memory"
"CCGTCAAGTCAACTACACTACTCA-1","slingPseudotime_1",22.1204692970047,"CD28-41BB","aucell_cytotoxic_score",0.285062313498332,"cytotoxic"
"CCTAACGGTTCACCAGACTACTCA-1","slingPseudotime_1",13.0007847210532,"CD28-41BB","aucell_exhausted_score",0,"exhausted"
"CCTAACGGTTCACCAGACTACTCA-1","slingPseudotime_1",13.0007847210532,"CD28-41BB","aucell_proliferating_score",0,"proliferating"
"CCTAACGGTTCACCAGACTACTCA-1","slingPseudotime_1",13.0007847210532,"CD28-41BB","aucell_naive_memory_score",0.0806315789473684,"naive_memory"
"CCTAACGGTTCACCAGACTACTCA-1","slingPseudotime_1",13.0007847210532,"CD28-41BB","aucell_cytotoxic_score",0.164296998420221,"cytotoxic"
"CCTAAGGAGCACGTTCACTACTCA-1","slingPseudotime_1",8.25069028797162,"CD28-41BB","aucell_exhausted_score",0,"exhausted"
"CCTAAGGAGCACGTTCACTACTCA-1","slingPseudotime_1",8.25069028797162,"CD28-41BB","aucell_proliferating_score",0,"proliferating"
"CCTAAGGAGCACGTTCACTACTCA-1","slingPseudotime_1",8.25069028797162,"CD28-41BB","aucell_naive_memory_score",0.376842105263158,"naive_memory"
"CCTAAGGAGCACGTTCACTACTCA-1","slingPseudotime_1",8.25069028797162,"CD28-41BB","aucell_cytotoxic_score",0.00228190275583641,"cytotoxic"
"CCTGGTCCACTTCGATACTACTCA-1","slingPseudotime_1",7.62005446889793,"CD28-41BB","aucell_exhausted_score",0.0649464630507285,"exhausted"
"CCTGGTCCACTTCGATACTACTCA-1","slingPseudotime_1",7.62005446889793,"CD28-41BB","aucell_proliferating_score",0,"proliferating"
"CCTGGTCCACTTCGATACTACTCA-1","slingPseudotime_1",7.62005446889793,"CD28-41BB","aucell_naive_memory_score",0.410736842105263,"naive_memory"
"CCTGGTCCACTTCGATACTACTCA-1","slingPseudotime_1",7.62005446889793,"CD28-41BB","aucell_cytotoxic_score",0,"cytotoxic"
"CGACAAAGTAAAGGCCACTACTCA-1","slingPseudotime_1",52.8551119167285,"CD28-41BB","aucell_exhausted_score",0.04932420572231,"exhausted"
"CGACAAAGTAAAGGCCACTACTCA-1","slingPseudotime_1",52.8551119167285,"CD28-41BB","aucell_proliferating_score",0.436210526315789,"proliferating"
"CGACAAAGTAAAGGCCACTACTCA-1","slingPseudotime_1",52.8551119167285,"CD28-41BB","aucell_naive_memory_score",0,"naive_memory"
"CGACAAAGTAAAGGCCACTACTCA-1","slingPseudotime_1",52.8551119167285,"CD28-41BB","aucell_cytotoxic_score",0,"cytotoxic"
"CGCAGCACACGGATACACTACTCA-1","slingPseudotime_1",19.3568188297819,"CD28-41BB","aucell_exhausted_score",0.158328945058803,"exhausted"
"CGCAGCACACGGATACACTACTCA-1","slingPseudotime_1",19.3568188297819,"CD28-41BB","aucell_proliferating_score",0,"proliferating"
"CGCAGCACACGGATACACTACTCA-1","slingPseudotime_1",19.3568188297819,"CD28-41BB","aucell_naive_memory_score",0.188,"naive_memory"
"CGCAGCACACGGATACACTACTCA-1","slingPseudotime_1",19.3568188297819,"CD28-41BB","aucell_cytotoxic_score",0.249429524311041,"cytotoxic"
"CGCAGCACATACTTCAACTACTCA-1","slingPseudotime_1",23.1287357081062,"CD28-41BB","aucell_exhausted_score",0,"exhausted"
"CGCAGCACATACTTCAACTACTCA-1","slingPseudotime_1",23.1287357081062,"CD28-41BB","aucell_proliferating_score",0,"proliferating"
"CGCAGCACATACTTCAACTACTCA-1","slingPseudotime_1",23.1287357081062,"CD28-41BB","aucell_naive_memory_score",0,"naive_memory"
"CGCAGCACATACTTCAACTACTCA-1","slingPseudotime_1",23.1287357081062,"CD28-41BB","aucell_cytotoxic_score",0.199578725645076,"cytotoxic"
"CGCAGGTAGCGCGAACACTACTCA-1","slingPseudotime_1",0,"CD28-41BB","aucell_exhausted_score",0,"exhausted"
"CGCAGGTAGCGCGAACACTACTCA-1","slingPseudotime_1",0,"CD28-41BB","aucell_proliferating_score",0,"proliferating"
"CGCAGGTAGCGCGAACACTACTCA-1","slingPseudotime_1",0,"CD28-41BB","aucell_naive_memory_score",0.376842105263158,"naive_memory"
"CGCAGGTAGCGCGAACACTACTCA-1","slingPseudotime_1",0,"CD28-41BB","aucell_cytotoxic_score",0.0535369492715464,"cytotoxic"
"CGGAACCAGGCACTAGACTACTCA-1","slingPseudotime_1",17.6441453107982,"CD28-41BB","aucell_exhausted_score",0.175355450236967,"exhausted"
"CGGAACCAGGCACTAGACTACTCA-1","slingPseudotime_1",17.6441453107982,"CD28-41BB","aucell_proliferating_score",0,"proliferating"
"CGGAACCAGGCACTAGACTACTCA-1","slingPseudotime_1",17.6441453107982,"CD28-41BB","aucell_naive_memory_score",0.329894736842105,"naive_memory"
"CGGAACCAGGCACTAGACTACTCA-1","slingPseudotime_1",17.6441453107982,"CD28-41BB","aucell_cytotoxic_score",0.285413375460769,"cytotoxic"
"CGGTGAGGTCCTGAGCACTACTCA-1","slingPseudotime_1",10.3445371273066,"CD28-41BB","aucell_exhausted_score",0.0944356678953835,"exhausted"
"CGGTGAGGTCCTGAGCACTACTCA-1","slingPseudotime_1",10.3445371273066,"CD28-41BB","aucell_proliferating_score",0,"proliferating"
"CGGTGAGGTCCTGAGCACTACTCA-1","slingPseudotime_1",10.3445371273066,"CD28-41BB","aucell_naive_memory_score",0.270105263157895,"naive_memory"
"CGGTGAGGTCCTGAGCACTACTCA-1","slingPseudotime_1",10.3445371273066,"CD28-41BB","aucell_cytotoxic_score",0,"cytotoxic"
"CGGTTATGTTACTCCCACTACTCA-1","slingPseudotime_1",15.3057624275081,"CD28-41BB","aucell_exhausted_score",0.160961909777076,"exhausted"
"CGGTTATGTTACTCCCACTACTCA-1","slingPseudotime_1",15.3057624275081,"CD28-41BB","aucell_proliferating_score",0,"proliferating"
"CGGTTATGTTACTCCCACTACTCA-1","slingPseudotime_1",15.3057624275081,"CD28-41BB","aucell_naive_memory_score",0.123578947368421,"naive_memory"
"CGGTTATGTTACTCCCACTACTCA-1","slingPseudotime_1",15.3057624275081,"CD28-41BB","aucell_cytotoxic_score",0.243285939968404,"cytotoxic"
"CGTAATTTCTTGAATCACTACTCA-1","slingPseudotime_1",23.7821297862789,"CD28-41BB","aucell_exhausted_score",0.32596103212217,"exhausted"
"CGTAATTTCTTGAATCACTACTCA-1","slingPseudotime_1",23.7821297862789,"CD28-41BB","aucell_proliferating_score",0,"proliferating"
"CGTAATTTCTTGAATCACTACTCA-1","slingPseudotime_1",23.7821297862789,"CD28-41BB","aucell_naive_memory_score",0.0387368421052632,"naive_memory"
"CGTAATTTCTTGAATCACTACTCA-1","slingPseudotime_1",23.7821297862789,"CD28-41BB","aucell_cytotoxic_score",0.0893452694400562,"cytotoxic"
"CGTGAGGGTGAACGACACTACTCA-1","slingPseudotime_1",23.2375693156627,"CD28-41BB","aucell_exhausted_score",0.38687028260488,"exhausted"
"CGTGAGGGTGAACGACACTACTCA-1","slingPseudotime_1",23.2375693156627,"CD28-41BB","aucell_proliferating_score",0,"proliferating"
"CGTGAGGGTGAACGACACTACTCA-1","slingPseudotime_1",23.2375693156627,"CD28-41BB","aucell_naive_memory_score",0.0568421052631579,"naive_memory"
"CGTGAGGGTGAACGACACTACTCA-1","slingPseudotime_1",23.2375693156627,"CD28-41BB","aucell_cytotoxic_score",0.226083903809022,"cytotoxic"
"CGTGTCCCACGTGCTCACTACTCA-1","slingPseudotime_1",18.8271774051592,"CD28-41BB","aucell_exhausted_score",0.164823591363876,"exhausted"
"CGTGTCCCACGTGCTCACTACTCA-1","slingPseudotime_1",18.8271774051592,"CD28-41BB","aucell_proliferating_score",0,"proliferating"
"CGTGTCCCACGTGCTCACTACTCA-1","slingPseudotime_1",18.8271774051592,"CD28-41BB","aucell_naive_memory_score",0.0637894736842105,"naive_memory"
"CGTGTCCCACGTGCTCACTACTCA-1","slingPseudotime_1",18.8271774051592,"CD28-41BB","aucell_cytotoxic_score",0,"cytotoxic"
"CGTTACATCACTAGGGACTACTCA-1","slingPseudotime_1",31.976112861618,"CD28-41BB","aucell_exhausted_score",0.286115499385642,"exhausted"
"CGTTACATCACTAGGGACTACTCA-1","slingPseudotime_1",31.976112861618,"CD28-41BB","aucell_proliferating_score",0.138736842105263,"proliferating"
"CGTTACATCACTAGGGACTACTCA-1","slingPseudotime_1",31.976112861618,"CD28-41BB","aucell_naive_memory_score",0,"naive_memory"
"CGTTACATCACTAGGGACTACTCA-1","slingPseudotime_1",31.976112861618,"CD28-41BB","aucell_cytotoxic_score",0.299104791995787,"cytotoxic"
"CGTTACTCAAGACATTACTACTCA-1","slingPseudotime_1",22.8147630089929,"CD28-41BB","aucell_exhausted_score",0.166052308232403,"exhausted"
"CGTTACTCAAGACATTACTACTCA-1","slingPseudotime_1",22.8147630089929,"CD28-41BB","aucell_proliferating_score",0.0433684210526316,"proliferating"
"CGTTACTCAAGACATTACTACTCA-1","slingPseudotime_1",22.8147630089929,"CD28-41BB","aucell_naive_memory_score",0,"naive_memory"
"CGTTACTCAAGACATTACTACTCA-1","slingPseudotime_1",22.8147630089929,"CD28-41BB","aucell_cytotoxic_score",0.596454274179393,"cytotoxic"
"CGTTACTCATTTGCTAACTACTCA-1","slingPseudotime_1",23.1895350470102,"CD28-41BB","aucell_exhausted_score",0.290328242934878,"exhausted"
"CGTTACTCATTTGCTAACTACTCA-1","slingPseudotime_1",23.1895350470102,"CD28-41BB","aucell_proliferating_score",0,"proliferating"
"CGTTACTCATTTGCTAACTACTCA-1","slingPseudotime_1",23.1895350470102,"CD28-41BB","aucell_naive_memory_score",0,"naive_memory"
"CGTTACTCATTTGCTAACTACTCA-1","slingPseudotime_1",23.1895350470102,"CD28-41BB","aucell_cytotoxic_score",0.332806740389679,"cytotoxic"
"CGTTTGTCACCGTTTGACTACTCA-1","slingPseudotime_1",21.4942601386256,"CD28-41BB","aucell_exhausted_score",0.151483236791294,"exhausted"
"CGTTTGTCACCGTTTGACTACTCA-1","slingPseudotime_1",21.4942601386256,"CD28-41BB","aucell_proliferating_score",0,"proliferating"
"CGTTTGTCACCGTTTGACTACTCA-1","slingPseudotime_1",21.4942601386256,"CD28-41BB","aucell_naive_memory_score",0.165684210526316,"naive_memory"
"CGTTTGTCACCGTTTGACTACTCA-1","slingPseudotime_1",21.4942601386256,"CD28-41BB","aucell_cytotoxic_score",0.35299280322977,"cytotoxic"
"CTAGGCGCATAAGTCGACTACTCA-1","slingPseudotime_1",10.5883792622765,"CD28-41BB","aucell_exhausted_score",0,"exhausted"
"CTAGGCGCATAAGTCGACTACTCA-1","slingPseudotime_1",10.5883792622765,"CD28-41BB","aucell_proliferating_score",0,"proliferating"
"CTAGGCGCATAAGTCGACTACTCA-1","slingPseudotime_1",10.5883792622765,"CD28-41BB","aucell_naive_memory_score",0,"naive_memory"
"CTAGGCGCATAAGTCGACTACTCA-1","slingPseudotime_1",10.5883792622765,"CD28-41BB","aucell_cytotoxic_score",0.0672283658065649,"cytotoxic"
"CTATGTCCATTGGGTAACTACTCA-1","slingPseudotime_1",22.1421445845502,"CD28-41BB","aucell_exhausted_score",0.258557135334387,"exhausted"
"CTATGTCCATTGGGTAACTACTCA-1","slingPseudotime_1",22.1421445845502,"CD28-41BB","aucell_proliferating_score",0,"proliferating"
"CTATGTCCATTGGGTAACTACTCA-1","slingPseudotime_1",22.1421445845502,"CD28-41BB","aucell_naive_memory_score",0.148,"naive_memory"
"CTATGTCCATTGGGTAACTACTCA-1","slingPseudotime_1",22.1421445845502,"CD28-41BB","aucell_cytotoxic_score",0,"cytotoxic"
"CTCTAAGTCGCCTAACACTACTCA-1","slingPseudotime_1",22.6439105159702,"CD28-41BB","aucell_exhausted_score",0.305950500263296,"exhausted"
"CTCTAAGTCGCCTAACACTACTCA-1","slingPseudotime_1",22.6439105159702,"CD28-41BB","aucell_proliferating_score",0,"proliferating"
"CTCTAAGTCGCCTAACACTACTCA-1","slingPseudotime_1",22.6439105159702,"CD28-41BB","aucell_naive_memory_score",0.219157894736842,"naive_memory"
"CTCTAAGTCGCCTAACACTACTCA-1","slingPseudotime_1",22.6439105159702,"CD28-41BB","aucell_cytotoxic_score",0.36264700719677,"cytotoxic"
"CTCTCGACAACAGAGGACTACTCA-1","slingPseudotime_1",42.5891750586244,"CD28-41BB","aucell_exhausted_score",0.166929963138494,"exhausted"
"CTCTCGACAACAGAGGACTACTCA-1","slingPseudotime_1",42.5891750586244,"CD28-41BB","aucell_proliferating_score",0.191578947368421,"proliferating"
"CTCTCGACAACAGAGGACTACTCA-1","slingPseudotime_1",42.5891750586244,"CD28-41BB","aucell_naive_memory_score",0,"naive_memory"
"CTCTCGACAACAGAGGACTACTCA-1","slingPseudotime_1",42.5891750586244,"CD28-41BB","aucell_cytotoxic_score",0.255748639634896,"cytotoxic"
"CTGTCAATCCATCCGGACTACTCA-1","slingPseudotime_1",3.17252782391939,"CD28-41BB","aucell_exhausted_score",0,"exhausted"
"CTGTCAATCCATCCGGACTACTCA-1","slingPseudotime_1",3.17252782391939,"CD28-41BB","aucell_proliferating_score",0,"proliferating"
"CTGTCAATCCATCCGGACTACTCA-1","slingPseudotime_1",3.17252782391939,"CD28-41BB","aucell_naive_memory_score",0.482315789473684,"naive_memory"
"CTGTCAATCCATCCGGACTACTCA-1","slingPseudotime_1",3.17252782391939,"CD28-41BB","aucell_cytotoxic_score",0,"cytotoxic"
"CTTAACAGTACGTAAGACTACTCA-1","slingPseudotime_1",17.0193068682845,"CD28-41BB","aucell_exhausted_score",0.164999122345094,"exhausted"
"CTTAACAGTACGTAAGACTACTCA-1","slingPseudotime_1",17.0193068682845,"CD28-41BB","aucell_proliferating_score",0,"proliferating"
"CTTAACAGTACGTAAGACTACTCA-1","slingPseudotime_1",17.0193068682845,"CD28-41BB","aucell_naive_memory_score",0,"naive_memory"
"CTTAACAGTACGTAAGACTACTCA-1","slingPseudotime_1",17.0193068682845,"CD28-41BB","aucell_cytotoxic_score",0.164296998420221,"cytotoxic"
"CTTAAGCGTGGATGCGACTACTCA-1","slingPseudotime_1",22.8048417287509,"CD28-41BB","aucell_exhausted_score",0.300157977883096,"exhausted"
"CTTAAGCGTGGATGCGACTACTCA-1","slingPseudotime_1",22.8048417287509,"CD28-41BB","aucell_proliferating_score",0.0124210526315789,"proliferating"
"CTTAAGCGTGGATGCGACTACTCA-1","slingPseudotime_1",22.8048417287509,"CD28-41BB","aucell_naive_memory_score",0,"naive_memory"
"CTTAAGCGTGGATGCGACTACTCA-1","slingPseudotime_1",22.8048417287509,"CD28-41BB","aucell_cytotoxic_score",0.137089696331402,"cytotoxic"
"CTTAGCGGTGATTACCACTACTCA-1","slingPseudotime_1",2.83935861494085,"CD28-41BB","aucell_exhausted_score",0,"exhausted"
"CTTAGCGGTGATTACCACTACTCA-1","slingPseudotime_1",2.83935861494085,"CD28-41BB","aucell_proliferating_score",0,"proliferating"
"CTTAGCGGTGATTACCACTACTCA-1","slingPseudotime_1",2.83935861494085,"CD28-41BB","aucell_naive_memory_score",0.328210526315789,"naive_memory"
"CTTAGCGGTGATTACCACTACTCA-1","slingPseudotime_1",2.83935861494085,"CD28-41BB","aucell_cytotoxic_score",0,"cytotoxic"
"CTTAGCTCAACCTTGTACTACTCA-1","slingPseudotime_1",5.74016241559395,"CD28-41BB","aucell_exhausted_score",0.0982973494821836,"exhausted"
"CTTAGCTCAACCTTGTACTACTCA-1","slingPseudotime_1",5.74016241559395,"CD28-41BB","aucell_proliferating_score",0,"proliferating"
"CTTAGCTCAACCTTGTACTACTCA-1","slingPseudotime_1",5.74016241559395,"CD28-41BB","aucell_naive_memory_score",0.171157894736842,"naive_memory"
"CTTAGCTCAACCTTGTACTACTCA-1","slingPseudotime_1",5.74016241559395,"CD28-41BB","aucell_cytotoxic_score",0,"cytotoxic"
"CTTAGTGTCATTGTACACTACTCA-1","slingPseudotime_1",12.652328204948,"CD28-41BB","aucell_exhausted_score",0.0733719501492013,"exhausted"
"CTTAGTGTCATTGTACACTACTCA-1","slingPseudotime_1",12.652328204948,"CD28-41BB","aucell_proliferating_score",0,"proliferating"
"CTTAGTGTCATTGTACACTACTCA-1","slingPseudotime_1",12.652328204948,"CD28-41BB","aucell_naive_memory_score",0.181473684210526,"naive_memory"
"CTTAGTGTCATTGTACACTACTCA-1","slingPseudotime_1",12.652328204948,"CD28-41BB","aucell_cytotoxic_score",0.194312796208531,"cytotoxic"
"CTTAGTGTCTATGGCCACTACTCA-1","slingPseudotime_1",11.9049013828047,"CD28-41BB","aucell_exhausted_score",0,"exhausted"
"CTTAGTGTCTATGGCCACTACTCA-1","slingPseudotime_1",11.9049013828047,"CD28-41BB","aucell_proliferating_score",0,"proliferating"
"CTTAGTGTCTATGGCCACTACTCA-1","slingPseudotime_1",11.9049013828047,"CD28-41BB","aucell_naive_memory_score",0.153473684210526,"naive_memory"
"CTTAGTGTCTATGGCCACTACTCA-1","slingPseudotime_1",11.9049013828047,"CD28-41BB","aucell_cytotoxic_score",0.121467439002984,"cytotoxic"
"CTTATGTAGACAAAGGACTACTCA-1","slingPseudotime_1",24.3834568827147,"CD28-41BB","aucell_exhausted_score",0.473407056345445,"exhausted"
"CTTATGTAGACAAAGGACTACTCA-1","slingPseudotime_1",24.3834568827147,"CD28-41BB","aucell_proliferating_score",0,"proliferating"
"CTTATGTAGACAAAGGACTACTCA-1","slingPseudotime_1",24.3834568827147,"CD28-41BB","aucell_naive_memory_score",0.142105263157895,"naive_memory"
"CTTATGTAGACAAAGGACTACTCA-1","slingPseudotime_1",24.3834568827147,"CD28-41BB","aucell_cytotoxic_score",0.319466385817097,"cytotoxic"
"CTTCAATAGCGAAGAAACTACTCA-1","slingPseudotime_1",22.3809027043427,"CD28-41BB","aucell_exhausted_score",0.166929963138494,"exhausted"
"CTTCAATAGCGAAGAAACTACTCA-1","slingPseudotime_1",22.3809027043427,"CD28-41BB","aucell_proliferating_score",0,"proliferating"
"CTTCAATAGCGAAGAAACTACTCA-1","slingPseudotime_1",22.3809027043427,"CD28-41BB","aucell_naive_memory_score",0,"naive_memory"
"CTTCAATAGCGAAGAAACTACTCA-1","slingPseudotime_1",22.3809027043427,"CD28-41BB","aucell_cytotoxic_score",0.160961909777076,"cytotoxic"
"CTTGGTTCAACTATCCACTACTCA-1","slingPseudotime_1",67.4262751778727,"CD28-41BB","aucell_exhausted_score",0.159031068983676,"exhausted"
"CTTGGTTCAACTATCCACTACTCA-1","slingPseudotime_1",67.4262751778727,"CD28-41BB","aucell_proliferating_score",0.326105263157895,"proliferating"
"CTTGGTTCAACTATCCACTACTCA-1","slingPseudotime_1",67.4262751778727,"CD28-41BB","aucell_naive_memory_score",0.137894736842105,"naive_memory"
"CTTGGTTCAACTATCCACTACTCA-1","slingPseudotime_1",67.4262751778727,"CD28-41BB","aucell_cytotoxic_score",0,"cytotoxic"
"GAAATACGTCTCAGCAACTACTCA-1","slingPseudotime_1",21.9458031119871,"CD28-41BB","aucell_exhausted_score",0.355274705985606,"exhausted"
"GAAATACGTCTCAGCAACTACTCA-1","slingPseudotime_1",21.9458031119871,"CD28-41BB","aucell_proliferating_score",0,"proliferating"
"GAAATACGTCTCAGCAACTACTCA-1","slingPseudotime_1",21.9458031119871,"CD28-41BB","aucell_naive_memory_score",0.0332631578947368,"naive_memory"
"GAAATACGTCTCAGCAACTACTCA-1","slingPseudotime_1",21.9458031119871,"CD28-41BB","aucell_cytotoxic_score",0.138669475162366,"cytotoxic"
"GAAGGATCACAGCCAGACTACTCA-1","slingPseudotime_1",6.69840430615897,"CD28-41BB","aucell_exhausted_score",0.146919431279621,"exhausted"
"GAAGGATCACAGCCAGACTACTCA-1","slingPseudotime_1",6.69840430615897,"CD28-41BB","aucell_proliferating_score",0,"proliferating"
"GAAGGATCACAGCCAGACTACTCA-1","slingPseudotime_1",6.69840430615897,"CD28-41BB","aucell_naive_memory_score",0.360421052631579,"naive_memory"
"GAAGGATCACAGCCAGACTACTCA-1","slingPseudotime_1",6.69840430615897,"CD28-41BB","aucell_cytotoxic_score",0,"cytotoxic"
"GAAGGCTGTTGTTCCCACTACTCA-1","slingPseudotime_1",18.6237953450735,"CD28-41BB","aucell_exhausted_score",0.209408460593295,"exhausted"
"GAAGGCTGTTGTTCCCACTACTCA-1","slingPseudotime_1",18.6237953450735,"CD28-41BB","aucell_proliferating_score",0,"proliferating"
"GAAGGCTGTTGTTCCCACTACTCA-1","slingPseudotime_1",18.6237953450735,"CD28-41BB","aucell_naive_memory_score",0.132842105263158,"naive_memory"
"GAAGGCTGTTGTTCCCACTACTCA-1","slingPseudotime_1",18.6237953450735,"CD28-41BB","aucell_cytotoxic_score",0.00509039845532737,"cytotoxic"
"GAATAACGTACCGTTGACTACTCA-1","slingPseudotime_1",14.0183117883777,"CD28-41BB","aucell_exhausted_score",0.190100052659294,"exhausted"
"GAATAACGTACCGTTGACTACTCA-1","slingPseudotime_1",14.0183117883777,"CD28-41BB","aucell_proliferating_score",0,"proliferating"
"GAATAACGTACCGTTGACTACTCA-1","slingPseudotime_1",14.0183117883777,"CD28-41BB","aucell_naive_memory_score",0,"naive_memory"
"GAATAACGTACCGTTGACTACTCA-1","slingPseudotime_1",14.0183117883777,"CD28-41BB","aucell_cytotoxic_score",0,"cytotoxic"
"GAATCTAAGATATTGGACTACTCA-1","slingPseudotime_1",22.3933475668857,"CD28-41BB","aucell_exhausted_score",0.166754432157276,"exhausted"
"GAATCTAAGATATTGGACTACTCA-1","slingPseudotime_1",22.3933475668857,"CD28-41BB","aucell_proliferating_score",0,"proliferating"
"GAATCTAAGATATTGGACTACTCA-1","slingPseudotime_1",22.3933475668857,"CD28-41BB","aucell_naive_memory_score",0.0835789473684211,"naive_memory"
"GAATCTAAGATATTGGACTACTCA-1","slingPseudotime_1",22.3933475668857,"CD28-41BB","aucell_cytotoxic_score",0.159031068983676,"cytotoxic"
"GACAGGGAGGCCCATTACTACTCA-1","slingPseudotime_1",12.4365658893265,"CD28-41BB","aucell_exhausted_score",0.136914165350184,"exhausted"
"GACAGGGAGGCCCATTACTACTCA-1","slingPseudotime_1",12.4365658893265,"CD28-41BB","aucell_proliferating_score",0.0770526315789474,"proliferating"
"GACAGGGAGGCCCATTACTACTCA-1","slingPseudotime_1",12.4365658893265,"CD28-41BB","aucell_naive_memory_score",0.297473684210526,"naive_memory"
"GACAGGGAGGCCCATTACTACTCA-1","slingPseudotime_1",12.4365658893265,"CD28-41BB","aucell_cytotoxic_score",0.0179041600842549,"cytotoxic"
"GACAGTTAGGTCGAGCACTACTCA-1","slingPseudotime_1",7.4213297971581,"CD28-41BB","aucell_exhausted_score",0.202211690363349,"exhausted"
"GACAGTTAGGTCGAGCACTACTCA-1","slingPseudotime_1",7.4213297971581,"CD28-41BB","aucell_proliferating_score",0,"proliferating"
"GACAGTTAGGTCGAGCACTACTCA-1","slingPseudotime_1",7.4213297971581,"CD28-41BB","aucell_naive_memory_score",0.286947368421053,"naive_memory"
"GACAGTTAGGTCGAGCACTACTCA-1","slingPseudotime_1",7.4213297971581,"CD28-41BB","aucell_cytotoxic_score",0,"cytotoxic"
"GACATCCTCCTGACTAACTACTCA-1","slingPseudotime_1",44.5323287540307,"CD28-41BB","aucell_exhausted_score",0.248376338423732,"exhausted"
"GACATCCTCCTGACTAACTACTCA-1","slingPseudotime_1",44.5323287540307,"CD28-41BB","aucell_proliferating_score",0.528631578947368,"proliferating"
"GACATCCTCCTGACTAACTACTCA-1","slingPseudotime_1",44.5323287540307,"CD28-41BB","aucell_naive_memory_score",0,"naive_memory"
"GACATCCTCCTGACTAACTACTCA-1","slingPseudotime_1",44.5323287540307,"CD28-41BB","aucell_cytotoxic_score",0.0693347375811831,"cytotoxic"
"GACCAATAGGTTGCAGACTACTCA-1","slingPseudotime_1",13.4581265340416,"CD28-41BB","aucell_exhausted_score",0,"exhausted"
"GACCAATAGGTTGCAGACTACTCA-1","slingPseudotime_1",13.4581265340416,"CD28-41BB","aucell_proliferating_score",0,"proliferating"
"GACCAATAGGTTGCAGACTACTCA-1","slingPseudotime_1",13.4581265340416,"CD28-41BB","aucell_naive_memory_score",0.166315789473684,"naive_memory"
"GACCAATAGGTTGCAGACTACTCA-1","slingPseudotime_1",13.4581265340416,"CD28-41BB","aucell_cytotoxic_score",0.0937335439705108,"cytotoxic"
"GACCCAAAGGCCTTCGACTACTCA-1","slingPseudotime_1",9.85819162704923,"CD28-41BB","aucell_exhausted_score",0.106196243637002,"exhausted"
"GACCCAAAGGCCTTCGACTACTCA-1","slingPseudotime_1",9.85819162704923,"CD28-41BB","aucell_proliferating_score",0,"proliferating"
"GACCCAAAGGCCTTCGACTACTCA-1","slingPseudotime_1",9.85819162704923,"CD28-41BB","aucell_naive_memory_score",0.234736842105263,"naive_memory"
"GACCCAAAGGCCTTCGACTACTCA-1","slingPseudotime_1",9.85819162704923,"CD28-41BB","aucell_cytotoxic_score",0,"cytotoxic"
"GACTTGCTCATTGAGAACTACTCA-1","slingPseudotime_1",5.34889584754013,"CD28-41BB","aucell_exhausted_score",0.00579252238020011,"exhausted"
"GACTTGCTCATTGAGAACTACTCA-1","slingPseudotime_1",5.34889584754013,"CD28-41BB","aucell_proliferating_score",0,"proliferating"
"GACTTGCTCATTGAGAACTACTCA-1","slingPseudotime_1",5.34889584754013,"CD28-41BB","aucell_naive_memory_score",0.211789473684211,"naive_memory"
"GACTTGCTCATTGAGAACTACTCA-1","slingPseudotime_1",5.34889584754013,"CD28-41BB","aucell_cytotoxic_score",0,"cytotoxic"
"GAGCCTGCACACCCACACTACTCA-1","slingPseudotime_1",32.2291762754116,"CD28-41BB","aucell_exhausted_score",0.188344742847113,"exhausted"
"GAGCCTGCACACCCACACTACTCA-1","slingPseudotime_1",32.2291762754116,"CD28-41BB","aucell_proliferating_score",0,"proliferating"
"GAGCCTGCACACCCACACTACTCA-1","slingPseudotime_1",32.2291762754116,"CD28-41BB","aucell_naive_memory_score",0,"naive_memory"
"GAGCCTGCACACCCACACTACTCA-1","slingPseudotime_1",32.2291762754116,"CD28-41BB","aucell_cytotoxic_score",0,"cytotoxic"
"GAGCTTTGTTCACCAGACTACTCA-1","slingPseudotime_1",29.430375064122,"CD28-41BB","aucell_exhausted_score",0.213445673161313,"exhausted"
"GAGCTTTGTTCACCAGACTACTCA-1","slingPseudotime_1",29.430375064122,"CD28-41BB","aucell_proliferating_score",0.173263157894737,"proliferating"
"GAGCTTTGTTCACCAGACTACTCA-1","slingPseudotime_1",29.430375064122,"CD28-41BB","aucell_naive_memory_score",0,"naive_memory"
"GAGCTTTGTTCACCAGACTACTCA-1","slingPseudotime_1",29.430375064122,"CD28-41BB","aucell_cytotoxic_score",0.124451465683693,"cytotoxic"
"GATAAAGCAACATAGTACTACTCA-1","slingPseudotime_1",30.1490620988969,"CD28-41BB","aucell_exhausted_score",0.164648060382658,"exhausted"
"GATAAAGCAACATAGTACTACTCA-1","slingPseudotime_1",30.1490620988969,"CD28-41BB","aucell_proliferating_score",0,"proliferating"
"GATAAAGCAACATAGTACTACTCA-1","slingPseudotime_1",30.1490620988969,"CD28-41BB","aucell_naive_memory_score",0,"naive_memory"
"GATAAAGCAACATAGTACTACTCA-1","slingPseudotime_1",30.1490620988969,"CD28-41BB","aucell_cytotoxic_score",0,"cytotoxic"
"GATCATGCACCACACCACTACTCA-1","slingPseudotime_1",17.6881162527065,"CD28-41BB","aucell_exhausted_score",0.28049850798666,"exhausted"
"GATCATGCACCACACCACTACTCA-1","slingPseudotime_1",17.6881162527065,"CD28-41BB","aucell_proliferating_score",0,"proliferating"
"GATCATGCACCACACCACTACTCA-1","slingPseudotime_1",17.6881162527065,"CD28-41BB","aucell_naive_memory_score",0,"naive_memory"
"GATCATGCACCACACCACTACTCA-1","slingPseudotime_1",17.6881162527065,"CD28-41BB","aucell_cytotoxic_score",0.130419519045111,"cytotoxic"
"GATGGACGTTAAGCCTACTACTCA-1","slingPseudotime_1",10.8051753271352,"CD28-41BB","aucell_exhausted_score",0,"exhausted"
"GATGGACGTTAAGCCTACTACTCA-1","slingPseudotime_1",10.8051753271352,"CD28-41BB","aucell_proliferating_score",0.123368421052632,"proliferating"
"GATGGACGTTAAGCCTACTACTCA-1","slingPseudotime_1",10.8051753271352,"CD28-41BB","aucell_naive_memory_score",0.129473684210526,"naive_memory"
"GATGGACGTTAAGCCTACTACTCA-1","slingPseudotime_1",10.8051753271352,"CD28-41BB","aucell_cytotoxic_score",0,"cytotoxic"
"GATTCAGCAGATAGCCACTACTCA-1","slingPseudotime_1",49.4370478130783,"CD28-41BB","aucell_exhausted_score",0.208179743724767,"exhausted"
"GATTCAGCAGATAGCCACTACTCA-1","slingPseudotime_1",49.4370478130783,"CD28-41BB","aucell_proliferating_score",0.690736842105263,"proliferating"
"GATTCAGCAGATAGCCACTACTCA-1","slingPseudotime_1",49.4370478130783,"CD28-41BB","aucell_naive_memory_score",0.0187368421052632,"naive_memory"
"GATTCAGCAGATAGCCACTACTCA-1","slingPseudotime_1",49.4370478130783,"CD28-41BB","aucell_cytotoxic_score",0,"cytotoxic"
"GATTGCACAAGGCTTAACTACTCA-1","slingPseudotime_1",22.8147630089929,"CD28-41BB","aucell_exhausted_score",0.16535018430753,"exhausted"
"GATTGCACAAGGCTTAACTACTCA-1","slingPseudotime_1",22.8147630089929,"CD28-41BB","aucell_proliferating_score",0,"proliferating"
"GATTGCACAAGGCTTAACTACTCA-1","slingPseudotime_1",22.8147630089929,"CD28-41BB","aucell_naive_memory_score",0.225263157894737,"naive_memory"
"GATTGCACAAGGCTTAACTACTCA-1","slingPseudotime_1",22.8147630089929,"CD28-41BB","aucell_cytotoxic_score",0,"cytotoxic"
"GCAAACTAGATGAAGGACTACTCA-1","slingPseudotime_1",21.590720807208,"CD28-41BB","aucell_exhausted_score",0.186589433034931,"exhausted"
"GCAAACTAGATGAAGGACTACTCA-1","slingPseudotime_1",21.590720807208,"CD28-41BB","aucell_proliferating_score",0,"proliferating"
"GCAAACTAGATGAAGGACTACTCA-1","slingPseudotime_1",21.590720807208,"CD28-41BB","aucell_naive_memory_score",0.195157894736842,"naive_memory"
"GCAAACTAGATGAAGGACTACTCA-1","slingPseudotime_1",21.590720807208,"CD28-41BB","aucell_cytotoxic_score",0.0989994734070564,"cytotoxic"
"GCAAACTAGCCTGCCAACTACTCA-1","slingPseudotime_1",8.60671055137491,"CD28-41BB","aucell_exhausted_score",0.159908723889767,"exhausted"
"GCAAACTAGCCTGCCAACTACTCA-1","slingPseudotime_1",8.60671055137491,"CD28-41BB","aucell_proliferating_score",0,"proliferating"
"GCAAACTAGCCTGCCAACTACTCA-1","slingPseudotime_1",8.60671055137491,"CD28-41BB","aucell_naive_memory_score",0.338736842105263,"naive_memory"
"GCAAACTAGCCTGCCAACTACTCA-1","slingPseudotime_1",8.60671055137491,"CD28-41BB","aucell_cytotoxic_score",0,"cytotoxic"
"GCACAACCAGGATTATACTACTCA-1","slingPseudotime_1",21.7636822344974,"CD28-41BB","aucell_exhausted_score",0.164648060382658,"exhausted"
"GCACAACCAGGATTATACTACTCA-1","slingPseudotime_1",21.7636822344974,"CD28-41BB","aucell_proliferating_score",0,"proliferating"
"GCACAACCAGGATTATACTACTCA-1","slingPseudotime_1",21.7636822344974,"CD28-41BB","aucell_naive_memory_score",0.0117894736842105,"naive_memory"
"GCACAACCAGGATTATACTACTCA-1","slingPseudotime_1",21.7636822344974,"CD28-41BB","aucell_cytotoxic_score",0.125855713533439,"cytotoxic"
"GCACAGCAGCAGGTTGACTACTCA-1","slingPseudotime_1",12.3493403753217,"CD28-41BB","aucell_exhausted_score",0.0270317711076005,"exhausted"
"GCACAGCAGCAGGTTGACTACTCA-1","slingPseudotime_1",12.3493403753217,"CD28-41BB","aucell_proliferating_score",0,"proliferating"
"GCACAGCAGCAGGTTGACTACTCA-1","slingPseudotime_1",12.3493403753217,"CD28-41BB","aucell_naive_memory_score",0,"naive_memory"
"GCACAGCAGCAGGTTGACTACTCA-1","slingPseudotime_1",12.3493403753217,"CD28-41BB","aucell_cytotoxic_score",0.087238897665438,"cytotoxic"
"GCACAGCAGGTGAGCCACTACTCA-1","slingPseudotime_1",30.1515078695814,"CD28-41BB","aucell_exhausted_score",0.160961909777076,"exhausted"
"GCACAGCAGGTGAGCCACTACTCA-1","slingPseudotime_1",30.1515078695814,"CD28-41BB","aucell_proliferating_score",0.00926315789473684,"proliferating"
"GCACAGCAGGTGAGCCACTACTCA-1","slingPseudotime_1",30.1515078695814,"CD28-41BB","aucell_naive_memory_score",0.164210526315789,"naive_memory"
"GCACAGCAGGTGAGCCACTACTCA-1","slingPseudotime_1",30.1515078695814,"CD28-41BB","aucell_cytotoxic_score",0.234509390907495,"cytotoxic"
"GCGAGGTTCCCTCGTCACTACTCA-1","slingPseudotime_1",16.5337569009331,"CD28-41BB","aucell_exhausted_score",0.127259961383184,"exhausted"
"GCGAGGTTCCCTCGTCACTACTCA-1","slingPseudotime_1",16.5337569009331,"CD28-41BB","aucell_proliferating_score",0,"proliferating"
"GCGAGGTTCCCTCGTCACTACTCA-1","slingPseudotime_1",16.5337569009331,"CD28-41BB","aucell_naive_memory_score",0.00673684210526316,"naive_memory"
"GCGAGGTTCCCTCGTCACTACTCA-1","slingPseudotime_1",16.5337569009331,"CD28-41BB","aucell_cytotoxic_score",0,"cytotoxic"
"GCGCAAGGTCTACCAGACTACTCA-1","slingPseudotime_1",26.576116445285,"CD28-41BB","aucell_exhausted_score",0.35299280322977,"exhausted"
"GCGCAAGGTCTACCAGACTACTCA-1","slingPseudotime_1",26.576116445285,"CD28-41BB","aucell_proliferating_score",0,"proliferating"
"GCGCAAGGTCTACCAGACTACTCA-1","slingPseudotime_1",26.576116445285,"CD28-41BB","aucell_naive_memory_score",0,"naive_memory"
"GCGCAAGGTCTACCAGACTACTCA-1","slingPseudotime_1",26.576116445285,"CD28-41BB","aucell_cytotoxic_score",0.15955766192733,"cytotoxic"
"GCGCACACAGTAAGTTACTACTCA-1","slingPseudotime_1",75.6747964889536,"CD28-41BB","aucell_exhausted_score",0,"exhausted"
"GCGCACACAGTAAGTTACTACTCA-1","slingPseudotime_1",75.6747964889536,"CD28-41BB","aucell_proliferating_score",0.582105263157895,"proliferating"
"GCGCACACAGTAAGTTACTACTCA-1","slingPseudotime_1",75.6747964889536,"CD28-41BB","aucell_naive_memory_score",0,"naive_memory"
"GCGCACACAGTAAGTTACTACTCA-1","slingPseudotime_1",75.6747964889536,"CD28-41BB","aucell_cytotoxic_score",0.15569598034053,"cytotoxic"
"GCGTTACTCATGACCCACTACTCA-1","slingPseudotime_1",22.9027747397851,"CD28-41BB","aucell_exhausted_score",0.146568369317184,"exhausted"
"GCGTTACTCATGACCCACTACTCA-1","slingPseudotime_1",22.9027747397851,"CD28-41BB","aucell_proliferating_score",0,"proliferating"
"GCGTTACTCATGACCCACTACTCA-1","slingPseudotime_1",22.9027747397851,"CD28-41BB","aucell_naive_memory_score",0,"naive_memory"
"GCGTTACTCATGACCCACTACTCA-1","slingPseudotime_1",22.9027747397851,"CD28-41BB","aucell_cytotoxic_score",0.162892750570476,"cytotoxic"
"GCTATAAAGTCGAAACACTACTCA-1","slingPseudotime_1",18.9528151258506,"CD28-41BB","aucell_exhausted_score",0.175882043180621,"exhausted"
"GCTATAAAGTCGAAACACTACTCA-1","slingPseudotime_1",18.9528151258506,"CD28-41BB","aucell_proliferating_score",0,"proliferating"
"GCTATAAAGTCGAAACACTACTCA-1","slingPseudotime_1",18.9528151258506,"CD28-41BB","aucell_naive_memory_score",0.0698947368421053,"naive_memory"
"GCTATAAAGTCGAAACACTACTCA-1","slingPseudotime_1",18.9528151258506,"CD28-41BB","aucell_cytotoxic_score",0,"cytotoxic"
"GCTCGCTCAATGAATCACTACTCA-1","slingPseudotime_1",25.8204791215592,"CD28-41BB","aucell_exhausted_score",0.158328945058803,"exhausted"
"GCTCGCTCAATGAATCACTACTCA-1","slingPseudotime_1",25.8204791215592,"CD28-41BB","aucell_proliferating_score",0,"proliferating"
"GCTCGCTCAATGAATCACTACTCA-1","slingPseudotime_1",25.8204791215592,"CD28-41BB","aucell_naive_memory_score",0,"naive_memory"
"GCTCGCTCAATGAATCACTACTCA-1","slingPseudotime_1",25.8204791215592,"CD28-41BB","aucell_cytotoxic_score",0.145164121467439,"cytotoxic"
"GGAACCATCAACATTCACTACTCA-1","slingPseudotime_1",22.2861651826579,"CD28-41BB","aucell_exhausted_score",0.374407582938389,"exhausted"
"GGAACCATCAACATTCACTACTCA-1","slingPseudotime_1",22.2861651826579,"CD28-41BB","aucell_proliferating_score",0,"proliferating"
"GGAACCATCAACATTCACTACTCA-1","slingPseudotime_1",22.2861651826579,"CD28-41BB","aucell_naive_memory_score",0.114736842105263,"naive_memory"
"GGAACCATCAACATTCACTACTCA-1","slingPseudotime_1",22.2861651826579,"CD28-41BB","aucell_cytotoxic_score",0.150254519922766,"cytotoxic"
"GGACCTGCAGCCCTTAACTACTCA-1","slingPseudotime_1",28.2018015830264,"CD28-41BB","aucell_exhausted_score",0.418816921186589,"exhausted"
"GGACCTGCAGCCCTTAACTACTCA-1","slingPseudotime_1",28.2018015830264,"CD28-41BB","aucell_proliferating_score",0,"proliferating"
"GGACCTGCAGCCCTTAACTACTCA-1","slingPseudotime_1",28.2018015830264,"CD28-41BB","aucell_naive_memory_score",0.176421052631579,"naive_memory"
"GGACCTGCAGCCCTTAACTACTCA-1","slingPseudotime_1",28.2018015830264,"CD28-41BB","aucell_cytotoxic_score",0,"cytotoxic"
"GGATTGGTCACTCGCGACTACTCA-1","slingPseudotime_1",22.6665246351209,"CD28-41BB","aucell_exhausted_score",0.165876777251185,"exhausted"
"GGATTGGTCACTCGCGACTACTCA-1","slingPseudotime_1",22.6665246351209,"CD28-41BB","aucell_proliferating_score",0,"proliferating"
"GGATTGGTCACTCGCGACTACTCA-1","slingPseudotime_1",22.6665246351209,"CD28-41BB","aucell_naive_memory_score",0.158315789473684,"naive_memory"
"GGATTGGTCACTCGCGACTACTCA-1","slingPseudotime_1",22.6665246351209,"CD28-41BB","aucell_cytotoxic_score",0,"cytotoxic"
"GGCGAAACAGAAAGGTACTACTCA-1","slingPseudotime_1",14.8158377267847,"CD28-41BB","aucell_exhausted_score",0.159908723889767,"exhausted"
"GGCGAAACAGAAAGGTACTACTCA-1","slingPseudotime_1",14.8158377267847,"CD28-41BB","aucell_proliferating_score",0,"proliferating"
"GGCGAAACAGAAAGGTACTACTCA-1","slingPseudotime_1",14.8158377267847,"CD28-41BB","aucell_naive_memory_score",0.217473684210526,"naive_memory"
"GGCGAAACAGAAAGGTACTACTCA-1","slingPseudotime_1",14.8158377267847,"CD28-41BB","aucell_cytotoxic_score",0,"cytotoxic"
"GGCTTGAAGTGTTTGTACTACTCA-1","slingPseudotime_1",11.4200265330191,"CD28-41BB","aucell_exhausted_score",0.207126557837458,"exhausted"
"GGCTTGAAGTGTTTGTACTACTCA-1","slingPseudotime_1",11.4200265330191,"CD28-41BB","aucell_proliferating_score",0,"proliferating"
"GGCTTGAAGTGTTTGTACTACTCA-1","slingPseudotime_1",11.4200265330191,"CD28-41BB","aucell_naive_memory_score",0,"naive_memory"
"GGCTTGAAGTGTTTGTACTACTCA-1","slingPseudotime_1",11.4200265330191,"CD28-41BB","aucell_cytotoxic_score",0,"cytotoxic"
"GGGACTCAGTTGGATAACTACTCA-1","slingPseudotime_1",17.4166047969439,"CD28-41BB","aucell_exhausted_score",0.335264174126733,"exhausted"
"GGGACTCAGTTGGATAACTACTCA-1","slingPseudotime_1",17.4166047969439,"CD28-41BB","aucell_proliferating_score",0,"proliferating"
"GGGACTCAGTTGGATAACTACTCA-1","slingPseudotime_1",17.4166047969439,"CD28-41BB","aucell_naive_memory_score",0,"naive_memory"
"GGGACTCAGTTGGATAACTACTCA-1","slingPseudotime_1",17.4166047969439,"CD28-41BB","aucell_cytotoxic_score",0.166227839213621,"cytotoxic"
"GGGATGGAGTACGGGCACTACTCA-1","slingPseudotime_1",17.1866857807736,"CD28-41BB","aucell_exhausted_score",0.36457784799017,"exhausted"
"GGGATGGAGTACGGGCACTACTCA-1","slingPseudotime_1",17.1866857807736,"CD28-41BB","aucell_proliferating_score",0,"proliferating"
"GGGATGGAGTACGGGCACTACTCA-1","slingPseudotime_1",17.1866857807736,"CD28-41BB","aucell_naive_memory_score",0.0631578947368421,"naive_memory"
"GGGATGGAGTACGGGCACTACTCA-1","slingPseudotime_1",17.1866857807736,"CD28-41BB","aucell_cytotoxic_score",0,"cytotoxic"
"GGGCTTAAGGTCAAGTACTACTCA-1","slingPseudotime_1",22.5445812816271,"CD28-41BB","aucell_exhausted_score",0.391785150078989,"exhausted"
"GGGCTTAAGGTCAAGTACTACTCA-1","slingPseudotime_1",22.5445812816271,"CD28-41BB","aucell_proliferating_score",0.0762105263157895,"proliferating"
"GGGCTTAAGGTCAAGTACTACTCA-1","slingPseudotime_1",22.5445812816271,"CD28-41BB","aucell_naive_memory_score",0,"naive_memory"
"GGGCTTAAGGTCAAGTACTACTCA-1","slingPseudotime_1",22.5445812816271,"CD28-41BB","aucell_cytotoxic_score",0.35685448481657,"cytotoxic"
"GGGTTAGTCGTCCATAACTACTCA-1","slingPseudotime_1",18.0282322389168,"CD28-41BB","aucell_exhausted_score",0.0903984553273653,"exhausted"
"GGGTTAGTCGTCCATAACTACTCA-1","slingPseudotime_1",18.0282322389168,"CD28-41BB","aucell_proliferating_score",0,"proliferating"
"GGGTTAGTCGTCCATAACTACTCA-1","slingPseudotime_1",18.0282322389168,"CD28-41BB","aucell_naive_memory_score",0,"naive_memory"
"GGGTTAGTCGTCCATAACTACTCA-1","slingPseudotime_1",18.0282322389168,"CD28-41BB","aucell_cytotoxic_score",0.0997015973319291,"cytotoxic"
"GGTGGATGTCATGAAGACTACTCA-1","slingPseudotime_1",11.1310560905425,"CD28-41BB","aucell_exhausted_score",0.093909074951729,"exhausted"
"GGTGGATGTCATGAAGACTACTCA-1","slingPseudotime_1",11.1310560905425,"CD28-41BB","aucell_proliferating_score",0,"proliferating"
"GGTGGATGTCATGAAGACTACTCA-1","slingPseudotime_1",11.1310560905425,"CD28-41BB","aucell_naive_memory_score",0,"naive_memory"
"GGTGGATGTCATGAAGACTACTCA-1","slingPseudotime_1",11.1310560905425,"CD28-41BB","aucell_cytotoxic_score",0.160259785852203,"cytotoxic"
"GGTTAGTAGCGCTTACACTACTCA-1","slingPseudotime_1",13.820867402784,"CD28-41BB","aucell_exhausted_score",0.163243812532912,"exhausted"
"GGTTAGTAGCGCTTACACTACTCA-1","slingPseudotime_1",13.820867402784,"CD28-41BB","aucell_proliferating_score",0,"proliferating"
"GGTTAGTAGCGCTTACACTACTCA-1","slingPseudotime_1",13.820867402784,"CD28-41BB","aucell_naive_memory_score",0.0938947368421053,"naive_memory"
"GGTTAGTAGCGCTTACACTACTCA-1","slingPseudotime_1",13.820867402784,"CD28-41BB","aucell_cytotoxic_score",0,"cytotoxic"
"GGTTTAAAGAGCCGGTACTACTCA-1","slingPseudotime_1",11.8538853380246,"CD28-41BB","aucell_exhausted_score",0,"exhausted"
"GGTTTAAAGAGCCGGTACTACTCA-1","slingPseudotime_1",11.8538853380246,"CD28-41BB","aucell_proliferating_score",0,"proliferating"
"GGTTTAAAGAGCCGGTACTACTCA-1","slingPseudotime_1",11.8538853380246,"CD28-41BB","aucell_naive_memory_score",0,"naive_memory"
"GGTTTAAAGAGCCGGTACTACTCA-1","slingPseudotime_1",11.8538853380246,"CD28-41BB","aucell_cytotoxic_score",0.262945409864841,"cytotoxic"
"GTATGTAAGCTTGAAAACTACTCA-1","slingPseudotime_1",13.6153392981649,"CD28-41BB","aucell_exhausted_score",0.141302439880639,"exhausted"
"GTATGTAAGCTTGAAAACTACTCA-1","slingPseudotime_1",13.6153392981649,"CD28-41BB","aucell_proliferating_score",0,"proliferating"
"GTATGTAAGCTTGAAAACTACTCA-1","slingPseudotime_1",13.6153392981649,"CD28-41BB","aucell_naive_memory_score",0,"naive_memory"
"GTATGTAAGCTTGAAAACTACTCA-1","slingPseudotime_1",13.6153392981649,"CD28-41BB","aucell_cytotoxic_score",0.577672459189047,"cytotoxic"
"GTCACTCAGTGCAACGACTACTCA-1","slingPseudotime_1",14.5925539541219,"CD28-41BB","aucell_exhausted_score",0,"exhausted"
"GTCACTCAGTGCAACGACTACTCA-1","slingPseudotime_1",14.5925539541219,"CD28-41BB","aucell_proliferating_score",0,"proliferating"
"GTCACTCAGTGCAACGACTACTCA-1","slingPseudotime_1",14.5925539541219,"CD28-41BB","aucell_naive_memory_score",0,"naive_memory"
"GTCACTCAGTGCAACGACTACTCA-1","slingPseudotime_1",14.5925539541219,"CD28-41BB","aucell_cytotoxic_score",0.323328067403897,"cytotoxic"
"GTCATAAAGTGTGATAACTACTCA-1","slingPseudotime_1",18.5362031390672,"CD28-41BB","aucell_exhausted_score",0.269615587151132,"exhausted"
"GTCATAAAGTGTGATAACTACTCA-1","slingPseudotime_1",18.5362031390672,"CD28-41BB","aucell_proliferating_score",0.0290526315789474,"proliferating"
"GTCATAAAGTGTGATAACTACTCA-1","slingPseudotime_1",18.5362031390672,"CD28-41BB","aucell_naive_memory_score",0.166526315789474,"naive_memory"
"GTCATAAAGTGTGATAACTACTCA-1","slingPseudotime_1",18.5362031390672,"CD28-41BB","aucell_cytotoxic_score",0.488327189748991,"cytotoxic"
"GTGGCTAAGTGGACCAACTACTCA-1","slingPseudotime_1",12.9961228164904,"CD28-41BB","aucell_exhausted_score",0.087238897665438,"exhausted"
"GTGGCTAAGTGGACCAACTACTCA-1","slingPseudotime_1",12.9961228164904,"CD28-41BB","aucell_proliferating_score",0,"proliferating"
"GTGGCTAAGTGGACCAACTACTCA-1","slingPseudotime_1",12.9961228164904,"CD28-41BB","aucell_naive_memory_score",0,"naive_memory"
"GTGGCTAAGTGGACCAACTACTCA-1","slingPseudotime_1",12.9961228164904,"CD28-41BB","aucell_cytotoxic_score",0,"cytotoxic"
"GTTATTGGTGTGAGGTACTACTCA-1","slingPseudotime_1",6.21045868017568,"CD28-41BB","aucell_exhausted_score",0,"exhausted"
"GTTATTGGTGTGAGGTACTACTCA-1","slingPseudotime_1",6.21045868017568,"CD28-41BB","aucell_proliferating_score",0,"proliferating"
"GTTATTGGTGTGAGGTACTACTCA-1","slingPseudotime_1",6.21045868017568,"CD28-41BB","aucell_naive_memory_score",0.265263157894737,"naive_memory"
"GTTATTGGTGTGAGGTACTACTCA-1","slingPseudotime_1",6.21045868017568,"CD28-41BB","aucell_cytotoxic_score",0.0431806213796735,"cytotoxic"
"GTTCCATCAGATTCGAACTACTCA-1","slingPseudotime_1",24.2067193884929,"CD28-41BB","aucell_exhausted_score",0.163945936457785,"exhausted"
"GTTCCATCAGATTCGAACTACTCA-1","slingPseudotime_1",24.2067193884929,"CD28-41BB","aucell_proliferating_score",0,"proliferating"
"GTTCCATCAGATTCGAACTACTCA-1","slingPseudotime_1",24.2067193884929,"CD28-41BB","aucell_naive_memory_score",0.270526315789474,"naive_memory"
"GTTCCATCAGATTCGAACTACTCA-1","slingPseudotime_1",24.2067193884929,"CD28-41BB","aucell_cytotoxic_score",0.233280674038968,"cytotoxic"
"GTTCGCGTCAGGCCAAACTACTCA-1","slingPseudotime_1",17.8205158332763,"CD28-41BB","aucell_exhausted_score",0.162015095664385,"exhausted"
"GTTCGCGTCAGGCCAAACTACTCA-1","slingPseudotime_1",17.8205158332763,"CD28-41BB","aucell_proliferating_score",0,"proliferating"
"GTTCGCGTCAGGCCAAACTACTCA-1","slingPseudotime_1",17.8205158332763,"CD28-41BB","aucell_naive_memory_score",0,"naive_memory"
"GTTCGCGTCAGGCCAAACTACTCA-1","slingPseudotime_1",17.8205158332763,"CD28-41BB","aucell_cytotoxic_score",0,"cytotoxic"
"GTTCTGTCAAGTGCACACTACTCA-1","slingPseudotime_1",21.525431609215,"CD28-41BB","aucell_exhausted_score",0.228190275583641,"exhausted"
"GTTCTGTCAAGTGCACACTACTCA-1","slingPseudotime_1",21.525431609215,"CD28-41BB","aucell_proliferating_score",0,"proliferating"
"GTTCTGTCAAGTGCACACTACTCA-1","slingPseudotime_1",21.525431609215,"CD28-41BB","aucell_naive_memory_score",0.0572631578947368,"naive_memory"
"GTTCTGTCAAGTGCACACTACTCA-1","slingPseudotime_1",21.525431609215,"CD28-41BB","aucell_cytotoxic_score",0.154993856415657,"cytotoxic"
"GTTGGATAGCACCTTAACTACTCA-1","slingPseudotime_1",21.2477928155075,"CD28-41BB","aucell_exhausted_score",0.307881341056697,"exhausted"
"GTTGGATAGCACCTTAACTACTCA-1","slingPseudotime_1",21.2477928155075,"CD28-41BB","aucell_proliferating_score",0,"proliferating"
"GTTGGATAGCACCTTAACTACTCA-1","slingPseudotime_1",21.2477928155075,"CD28-41BB","aucell_naive_memory_score",0.164210526315789,"naive_memory"
"GTTGGATAGCACCTTAACTACTCA-1","slingPseudotime_1",21.2477928155075,"CD28-41BB","aucell_cytotoxic_score",0.16535018430753,"cytotoxic"
"GTTTGTAGTATTACCAACTACTCA-1","slingPseudotime_1",21.6464365504993,"CD28-41BB","aucell_exhausted_score",0.16535018430753,"exhausted"
"GTTTGTAGTATTACCAACTACTCA-1","slingPseudotime_1",21.6464365504993,"CD28-41BB","aucell_proliferating_score",0,"proliferating"
"GTTTGTAGTATTACCAACTACTCA-1","slingPseudotime_1",21.6464365504993,"CD28-41BB","aucell_naive_memory_score",0.251578947368421,"naive_memory"
"GTTTGTAGTATTACCAACTACTCA-1","slingPseudotime_1",21.6464365504993,"CD28-41BB","aucell_cytotoxic_score",0.166929963138494,"cytotoxic"
"TAAACTGAGTAAACCAACTACTCA-1","slingPseudotime_1",23.5590721192163,"CD28-41BB","aucell_exhausted_score",0.32789187291557,"exhausted"
"TAAACTGAGTAAACCAACTACTCA-1","slingPseudotime_1",23.5590721192163,"CD28-41BB","aucell_proliferating_score",0,"proliferating"
"TAAACTGAGTAAACCAACTACTCA-1","slingPseudotime_1",23.5590721192163,"CD28-41BB","aucell_naive_memory_score",0,"naive_memory"
"TAAACTGAGTAAACCAACTACTCA-1","slingPseudotime_1",23.5590721192163,"CD28-41BB","aucell_cytotoxic_score",0,"cytotoxic"
"TAAAGGCTCCGAATTTACTACTCA-1","slingPseudotime_1",52.5495289361609,"CD28-41BB","aucell_exhausted_score",0.244514656836932,"exhausted"
"TAAAGGCTCCGAATTTACTACTCA-1","slingPseudotime_1",52.5495289361609,"CD28-41BB","aucell_proliferating_score",0.719368421052632,"proliferating"
"TAAAGGCTCCGAATTTACTACTCA-1","slingPseudotime_1",52.5495289361609,"CD28-41BB","aucell_naive_memory_score",0.0503157894736842,"naive_memory"
"TAAAGGCTCCGAATTTACTACTCA-1","slingPseudotime_1",52.5495289361609,"CD28-41BB","aucell_cytotoxic_score",0.154993856415657,"cytotoxic"
"TAACCCTCATTGCCCAACTACTCA-1","slingPseudotime_1",12.2557771520965,"CD28-41BB","aucell_exhausted_score",0.0545901351588555,"exhausted"
"TAACCCTCATTGCCCAACTACTCA-1","slingPseudotime_1",12.2557771520965,"CD28-41BB","aucell_proliferating_score",0.0488421052631579,"proliferating"
"TAACCCTCATTGCCCAACTACTCA-1","slingPseudotime_1",12.2557771520965,"CD28-41BB","aucell_naive_memory_score",0,"naive_memory"
"TAACCCTCATTGCCCAACTACTCA-1","slingPseudotime_1",12.2557771520965,"CD28-41BB","aucell_cytotoxic_score",0,"cytotoxic"
"TAACTGTTCATTAGTCACTACTCA-1","slingPseudotime_1",28.2018015830264,"CD28-41BB","aucell_exhausted_score",0.396875548534316,"exhausted"
"TAACTGTTCATTAGTCACTACTCA-1","slingPseudotime_1",28.2018015830264,"CD28-41BB","aucell_proliferating_score",0,"proliferating"
"TAACTGTTCATTAGTCACTACTCA-1","slingPseudotime_1",28.2018015830264,"CD28-41BB","aucell_naive_memory_score",0,"naive_memory"
"TAACTGTTCATTAGTCACTACTCA-1","slingPseudotime_1",28.2018015830264,"CD28-41BB","aucell_cytotoxic_score",0,"cytotoxic"
"TAAGTACCAAGTTCCTACTACTCA-1","slingPseudotime_1",59.1711336339752,"CD28-41BB","aucell_exhausted_score",0.166227839213621,"exhausted"
"TAAGTACCAAGTTCCTACTACTCA-1","slingPseudotime_1",59.1711336339752,"CD28-41BB","aucell_proliferating_score",0.515368421052632,"proliferating"
"TAAGTACCAAGTTCCTACTACTCA-1","slingPseudotime_1",59.1711336339752,"CD28-41BB","aucell_naive_memory_score",0,"naive_memory"
"TAAGTACCAAGTTCCTACTACTCA-1","slingPseudotime_1",59.1711336339752,"CD28-41BB","aucell_cytotoxic_score",0,"cytotoxic"
"TACAATGAGGTGAATCACTACTCA-1","slingPseudotime_1",12.3549336821395,"CD28-41BB","aucell_exhausted_score",0.140775846936984,"exhausted"
"TACAATGAGGTGAATCACTACTCA-1","slingPseudotime_1",12.3549336821395,"CD28-41BB","aucell_proliferating_score",0,"proliferating"
"TACAATGAGGTGAATCACTACTCA-1","slingPseudotime_1",12.3549336821395,"CD28-41BB","aucell_naive_memory_score",0,"naive_memory"
"TACAATGAGGTGAATCACTACTCA-1","slingPseudotime_1",12.3549336821395,"CD28-41BB","aucell_cytotoxic_score",0,"cytotoxic"
"TACATACTCGAGGTTGACTACTCA-1","slingPseudotime_1",11.1738983852298,"CD28-41BB","aucell_exhausted_score",0,"exhausted"
"TACATACTCGAGGTTGACTACTCA-1","slingPseudotime_1",11.1738983852298,"CD28-41BB","aucell_proliferating_score",0,"proliferating"
"TACATACTCGAGGTTGACTACTCA-1","slingPseudotime_1",11.1738983852298,"CD28-41BB","aucell_naive_memory_score",0,"naive_memory"
"TACATACTCGAGGTTGACTACTCA-1","slingPseudotime_1",11.1738983852298,"CD28-41BB","aucell_cytotoxic_score",0.16535018430753,"cytotoxic"
"TACCGTTCAGCCATAAACTACTCA-1","slingPseudotime_1",22.1041639056045,"CD28-41BB","aucell_exhausted_score",0.163243812532912,"exhausted"
"TACCGTTCAGCCATAAACTACTCA-1","slingPseudotime_1",22.1041639056045,"CD28-41BB","aucell_proliferating_score",0,"proliferating"
"TACCGTTCAGCCATAAACTACTCA-1","slingPseudotime_1",22.1041639056045,"CD28-41BB","aucell_naive_memory_score",0,"naive_memory"
"TACCGTTCAGCCATAAACTACTCA-1","slingPseudotime_1",22.1041639056045,"CD28-41BB","aucell_cytotoxic_score",0,"cytotoxic"
"TACGTTAGTCCATAGTACTACTCA-1","slingPseudotime_1",33.3222920345722,"CD28-41BB","aucell_exhausted_score",0.172020361593821,"exhausted"
"TACGTTAGTCCATAGTACTACTCA-1","slingPseudotime_1",33.3222920345722,"CD28-41BB","aucell_proliferating_score",0.237684210526316,"proliferating"
"TACGTTAGTCCATAGTACTACTCA-1","slingPseudotime_1",33.3222920345722,"CD28-41BB","aucell_naive_memory_score",0,"naive_memory"
"TACGTTAGTCCATAGTACTACTCA-1","slingPseudotime_1",33.3222920345722,"CD28-41BB","aucell_cytotoxic_score",0.162366157626821,"cytotoxic"
"TAGGTTAAGGACACGCACTACTCA-1","slingPseudotime_1",26.2226751118612,"CD28-41BB","aucell_exhausted_score",0.316482359136388,"exhausted"
"TAGGTTAAGGACACGCACTACTCA-1","slingPseudotime_1",26.2226751118612,"CD28-41BB","aucell_proliferating_score",0,"proliferating"
"TAGGTTAAGGACACGCACTACTCA-1","slingPseudotime_1",26.2226751118612,"CD28-41BB","aucell_naive_memory_score",0.292631578947368,"naive_memory"
"TAGGTTAAGGACACGCACTACTCA-1","slingPseudotime_1",26.2226751118612,"CD28-41BB","aucell_cytotoxic_score",0,"cytotoxic"
"TAGTGCTGTTCCTTCAACTACTCA-1","slingPseudotime_1",17.352410183052,"CD28-41BB","aucell_exhausted_score",0.16341934351413,"exhausted"
"TAGTGCTGTTCCTTCAACTACTCA-1","slingPseudotime_1",17.352410183052,"CD28-41BB","aucell_proliferating_score",0,"proliferating"
"TAGTGCTGTTCCTTCAACTACTCA-1","slingPseudotime_1",17.352410183052,"CD28-41BB","aucell_naive_memory_score",0,"naive_memory"
"TAGTGCTGTTCCTTCAACTACTCA-1","slingPseudotime_1",17.352410183052,"CD28-41BB","aucell_cytotoxic_score",0.00157977883096367,"cytotoxic"
"TATCCTGAGTGTAATGACTACTCA-1","slingPseudotime_1",20.9256163146572,"CD28-41BB","aucell_exhausted_score",0.161664033701948,"exhausted"
"TATCCTGAGTGTAATGACTACTCA-1","slingPseudotime_1",20.9256163146572,"CD28-41BB","aucell_proliferating_score",0,"proliferating"
"TATCCTGAGTGTAATGACTACTCA-1","slingPseudotime_1",20.9256163146572,"CD28-41BB","aucell_naive_memory_score",0,"naive_memory"
"TATCCTGAGTGTAATGACTACTCA-1","slingPseudotime_1",20.9256163146572,"CD28-41BB","aucell_cytotoxic_score",0.262769878883623,"cytotoxic"
"TATCGCTCAATCGTGAACTACTCA-1","slingPseudotime_1",11.0789349784344,"CD28-41BB","aucell_exhausted_score",0.0965420396700018,"exhausted"
"TATCGCTCAATCGTGAACTACTCA-1","slingPseudotime_1",11.0789349784344,"CD28-41BB","aucell_proliferating_score",0,"proliferating"
"TATCGCTCAATCGTGAACTACTCA-1","slingPseudotime_1",11.0789349784344,"CD28-41BB","aucell_naive_memory_score",0,"naive_memory"
"TATCGCTCAATCGTGAACTACTCA-1","slingPseudotime_1",11.0789349784344,"CD28-41BB","aucell_cytotoxic_score",0.135860979462875,"cytotoxic"
"TATGAGGGTAATTTCGACTACTCA-1","slingPseudotime_1",19.8074944665432,"CD28-41BB","aucell_exhausted_score",0.166578901176058,"exhausted"
"TATGAGGGTAATTTCGACTACTCA-1","slingPseudotime_1",19.8074944665432,"CD28-41BB","aucell_proliferating_score",0,"proliferating"
"TATGAGGGTAATTTCGACTACTCA-1","slingPseudotime_1",19.8074944665432,"CD28-41BB","aucell_naive_memory_score",0.148842105263158,"naive_memory"
"TATGAGGGTAATTTCGACTACTCA-1","slingPseudotime_1",19.8074944665432,"CD28-41BB","aucell_cytotoxic_score",0.91293663331578,"cytotoxic"
"TCAATCTAGTTGCAGGACTACTCA-1","slingPseudotime_1",60.5623532854961,"CD28-41BB","aucell_exhausted_score",0.133228014744602,"exhausted"
"TCAATCTAGTTGCAGGACTACTCA-1","slingPseudotime_1",60.5623532854961,"CD28-41BB","aucell_proliferating_score",0.553473684210526,"proliferating"
"TCAATCTAGTTGCAGGACTACTCA-1","slingPseudotime_1",60.5623532854961,"CD28-41BB","aucell_naive_memory_score",0,"naive_memory"
"TCAATCTAGTTGCAGGACTACTCA-1","slingPseudotime_1",60.5623532854961,"CD28-41BB","aucell_cytotoxic_score",0.150078988941548,"cytotoxic"
"TCAGGTTGTTAAGCCTACTACTCA-1","slingPseudotime_1",25.0421406012444,"CD28-41BB","aucell_exhausted_score",0.407934000351062,"exhausted"
"TCAGGTTGTTAAGCCTACTACTCA-1","slingPseudotime_1",25.0421406012444,"CD28-41BB","aucell_proliferating_score",0,"proliferating"
"TCAGGTTGTTAAGCCTACTACTCA-1","slingPseudotime_1",25.0421406012444,"CD28-41BB","aucell_naive_memory_score",0.108631578947368,"naive_memory"
"TCAGGTTGTTAAGCCTACTACTCA-1","slingPseudotime_1",25.0421406012444,"CD28-41BB","aucell_cytotoxic_score",0.153414077584694,"cytotoxic"
"TCAGTAAAGTGATCAAACTACTCA-1","slingPseudotime_1",6.51953862214488,"CD28-41BB","aucell_exhausted_score",0.0889942074776198,"exhausted"
"TCAGTAAAGTGATCAAACTACTCA-1","slingPseudotime_1",6.51953862214488,"CD28-41BB","aucell_proliferating_score",0,"proliferating"
"TCAGTAAAGTGATCAAACTACTCA-1","slingPseudotime_1",6.51953862214488,"CD28-41BB","aucell_naive_memory_score",0.187578947368421,"naive_memory"
"TCAGTAAAGTGATCAAACTACTCA-1","slingPseudotime_1",6.51953862214488,"CD28-41BB","aucell_cytotoxic_score",0.615762682113393,"cytotoxic"
"TCCCATAAGGTATTTCACTACTCA-1","slingPseudotime_1",13.5061725537817,"CD28-41BB","aucell_exhausted_score",0.229418992452168,"exhausted"
"TCCCATAAGGTATTTCACTACTCA-1","slingPseudotime_1",13.5061725537817,"CD28-41BB","aucell_proliferating_score",0,"proliferating"
"TCCCATAAGGTATTTCACTACTCA-1","slingPseudotime_1",13.5061725537817,"CD28-41BB","aucell_naive_memory_score",0.300421052631579,"naive_memory"
"TCCCATAAGGTATTTCACTACTCA-1","slingPseudotime_1",13.5061725537817,"CD28-41BB","aucell_cytotoxic_score",0.153589608565912,"cytotoxic"
"TCCCTCATCACGGACAACTACTCA-1","slingPseudotime_1",7.30845075062982,"CD28-41BB","aucell_exhausted_score",0,"exhausted"
"TCCCTCATCACGGACAACTACTCA-1","slingPseudotime_1",7.30845075062982,"CD28-41BB","aucell_proliferating_score",0,"proliferating"
"TCCCTCATCACGGACAACTACTCA-1","slingPseudotime_1",7.30845075062982,"CD28-41BB","aucell_naive_memory_score",0.463368421052632,"naive_memory"
"TCCCTCATCACGGACAACTACTCA-1","slingPseudotime_1",7.30845075062982,"CD28-41BB","aucell_cytotoxic_score",0,"cytotoxic"
"TCCCTCATCAGGCTGAACTACTCA-1","slingPseudotime_1",15.4385313261914,"CD28-41BB","aucell_exhausted_score",0.163594874495348,"exhausted"
"TCCCTCATCAGGCTGAACTACTCA-1","slingPseudotime_1",15.4385313261914,"CD28-41BB","aucell_proliferating_score",0,"proliferating"
"TCCCTCATCAGGCTGAACTACTCA-1","slingPseudotime_1",15.4385313261914,"CD28-41BB","aucell_naive_memory_score",0,"naive_memory"
"TCCCTCATCAGGCTGAACTACTCA-1","slingPseudotime_1",15.4385313261914,"CD28-41BB","aucell_cytotoxic_score",0.164823591363876,"cytotoxic"
"TCGAAGGTCGGTACGAACTACTCA-1","slingPseudotime_1",18.3727535516167,"CD28-41BB","aucell_exhausted_score",0.262594347902405,"exhausted"
"TCGAAGGTCGGTACGAACTACTCA-1","slingPseudotime_1",18.3727535516167,"CD28-41BB","aucell_proliferating_score",0,"proliferating"
"TCGAAGGTCGGTACGAACTACTCA-1","slingPseudotime_1",18.3727535516167,"CD28-41BB","aucell_naive_memory_score",0.0631578947368421,"naive_memory"
"TCGAAGGTCGGTACGAACTACTCA-1","slingPseudotime_1",18.3727535516167,"CD28-41BB","aucell_cytotoxic_score",0.285413375460769,"cytotoxic"
"TCGAAGTAGGTTACTTACTACTCA-1","slingPseudotime_1",19.5358163183218,"CD28-41BB","aucell_exhausted_score",0.0875899596278743,"exhausted"
"TCGAAGTAGGTTACTTACTACTCA-1","slingPseudotime_1",19.5358163183218,"CD28-41BB","aucell_proliferating_score",0,"proliferating"
"TCGAAGTAGGTTACTTACTACTCA-1","slingPseudotime_1",19.5358163183218,"CD28-41BB","aucell_naive_memory_score",0,"naive_memory"
"TCGAAGTAGGTTACTTACTACTCA-1","slingPseudotime_1",19.5358163183218,"CD28-41BB","aucell_cytotoxic_score",0.260487976127787,"cytotoxic"
"TCGCCTCTCCGGATAGACTACTCA-1","slingPseudotime_1",19.4013380583348,"CD28-41BB","aucell_exhausted_score",0.293838862559242,"exhausted"
"TCGCCTCTCCGGATAGACTACTCA-1","slingPseudotime_1",19.4013380583348,"CD28-41BB","aucell_proliferating_score",0,"proliferating"
"TCGCCTCTCCGGATAGACTACTCA-1","slingPseudotime_1",19.4013380583348,"CD28-41BB","aucell_naive_memory_score",0.144421052631579,"naive_memory"
"TCGCCTCTCCGGATAGACTACTCA-1","slingPseudotime_1",19.4013380583348,"CD28-41BB","aucell_cytotoxic_score",0.0814463752852378,"cytotoxic"
"TCGCTCGAGACCTTTGACTACTCA-1","slingPseudotime_1",12.652328204948,"CD28-41BB","aucell_exhausted_score",0,"exhausted"
"TCGCTCGAGACCTTTGACTACTCA-1","slingPseudotime_1",12.652328204948,"CD28-41BB","aucell_proliferating_score",0.0513684210526316,"proliferating"
"TCGCTCGAGACCTTTGACTACTCA-1","slingPseudotime_1",12.652328204948,"CD28-41BB","aucell_naive_memory_score",0.166736842105263,"naive_memory"
"TCGCTCGAGACCTTTGACTACTCA-1","slingPseudotime_1",12.652328204948,"CD28-41BB","aucell_cytotoxic_score",0.463928383359663,"cytotoxic"
"TCGCTTGCAAGTTGGCACTACTCA-1","slingPseudotime_1",12.3797611199677,"CD28-41BB","aucell_exhausted_score",0.219940319466386,"exhausted"
"TCGCTTGCAAGTTGGCACTACTCA-1","slingPseudotime_1",12.3797611199677,"CD28-41BB","aucell_proliferating_score",0,"proliferating"
"TCGCTTGCAAGTTGGCACTACTCA-1","slingPseudotime_1",12.3797611199677,"CD28-41BB","aucell_naive_memory_score",0,"naive_memory"
"TCGCTTGCAAGTTGGCACTACTCA-1","slingPseudotime_1",12.3797611199677,"CD28-41BB","aucell_cytotoxic_score",0,"cytotoxic"
"TCGTTCGCACTTTACAACTACTCA-1","slingPseudotime_1",50.2709774214194,"CD28-41BB","aucell_exhausted_score",0.165174653326312,"exhausted"
"TCGTTCGCACTTTACAACTACTCA-1","slingPseudotime_1",50.2709774214194,"CD28-41BB","aucell_proliferating_score",0.737684210526316,"proliferating"
"TCGTTCGCACTTTACAACTACTCA-1","slingPseudotime_1",50.2709774214194,"CD28-41BB","aucell_naive_memory_score",0,"naive_memory"
"TCGTTCGCACTTTACAACTACTCA-1","slingPseudotime_1",50.2709774214194,"CD28-41BB","aucell_cytotoxic_score",0.163594874495348,"cytotoxic"
"TCTAACAGTCAATGTCACTACTCA-1","slingPseudotime_1",17.8174001289189,"CD28-41BB","aucell_exhausted_score",0.213972266104968,"exhausted"
"TCTAACAGTCAATGTCACTACTCA-1","slingPseudotime_1",17.8174001289189,"CD28-41BB","aucell_proliferating_score",0,"proliferating"
"TCTAACAGTCAATGTCACTACTCA-1","slingPseudotime_1",17.8174001289189,"CD28-41BB","aucell_naive_memory_score",0.138526315789474,"naive_memory"
"TCTAACAGTCAATGTCACTACTCA-1","slingPseudotime_1",17.8174001289189,"CD28-41BB","aucell_cytotoxic_score",0,"cytotoxic"
"TCTAACTAGATAACTGACTACTCA-1","slingPseudotime_1",3.72811037025052,"CD28-41BB","aucell_exhausted_score",0,"exhausted"
"TCTAACTAGATAACTGACTACTCA-1","slingPseudotime_1",3.72811037025052,"CD28-41BB","aucell_proliferating_score",0,"proliferating"
"TCTAACTAGATAACTGACTACTCA-1","slingPseudotime_1",3.72811037025052,"CD28-41BB","aucell_naive_memory_score",0.328842105263158,"naive_memory"
"TCTAACTAGATAACTGACTACTCA-1","slingPseudotime_1",3.72811037025052,"CD28-41BB","aucell_cytotoxic_score",0,"cytotoxic"
"TCTATTGCATAGCGACACTACTCA-1","slingPseudotime_1",13.6216421578377,"CD28-41BB","aucell_exhausted_score",0.121116377040548,"exhausted"
"TCTATTGCATAGCGACACTACTCA-1","slingPseudotime_1",13.6216421578377,"CD28-41BB","aucell_proliferating_score",0,"proliferating"
"TCTATTGCATAGCGACACTACTCA-1","slingPseudotime_1",13.6216421578377,"CD28-41BB","aucell_naive_memory_score",0,"naive_memory"
"TCTATTGCATAGCGACACTACTCA-1","slingPseudotime_1",13.6216421578377,"CD28-41BB","aucell_cytotoxic_score",0.164823591363876,"cytotoxic"
"TCTTACTGTACTTACAACTACTCA-1","slingPseudotime_1",13.6465549691361,"CD28-41BB","aucell_exhausted_score",0,"exhausted"
"TCTTACTGTACTTACAACTACTCA-1","slingPseudotime_1",13.6465549691361,"CD28-41BB","aucell_proliferating_score",0,"proliferating"
"TCTTACTGTACTTACAACTACTCA-1","slingPseudotime_1",13.6465549691361,"CD28-41BB","aucell_naive_memory_score",0,"naive_memory"
"TCTTACTGTACTTACAACTACTCA-1","slingPseudotime_1",13.6465549691361,"CD28-41BB","aucell_cytotoxic_score",0.26786027733895,"cytotoxic"
"TCTTTGTGTTTACTGAACTACTCA-1","slingPseudotime_1",16.441789390727,"CD28-41BB","aucell_exhausted_score",0.158153414077585,"exhausted"
"TCTTTGTGTTTACTGAACTACTCA-1","slingPseudotime_1",16.441789390727,"CD28-41BB","aucell_proliferating_score",0,"proliferating"
"TCTTTGTGTTTACTGAACTACTCA-1","slingPseudotime_1",16.441789390727,"CD28-41BB","aucell_naive_memory_score",0,"naive_memory"
"TCTTTGTGTTTACTGAACTACTCA-1","slingPseudotime_1",16.441789390727,"CD28-41BB","aucell_cytotoxic_score",0.135158855538002,"cytotoxic"
"TGAATCTTCATGGTCCACTACTCA-1","slingPseudotime_1",62.2434745524704,"CD28-41BB","aucell_exhausted_score",0.162717219589258,"exhausted"
"TGAATCTTCATGGTCCACTACTCA-1","slingPseudotime_1",62.2434745524704,"CD28-41BB","aucell_proliferating_score",0.369263157894737,"proliferating"
"TGAATCTTCATGGTCCACTACTCA-1","slingPseudotime_1",62.2434745524704,"CD28-41BB","aucell_naive_memory_score",0,"naive_memory"
"TGAATCTTCATGGTCCACTACTCA-1","slingPseudotime_1",62.2434745524704,"CD28-41BB","aucell_cytotoxic_score",0,"cytotoxic"
"TGAGACTAGGGCGGAAACTACTCA-1","slingPseudotime_1",19.3667276059399,"CD28-41BB","aucell_exhausted_score",0.17412673336844,"exhausted"
"TGAGACTAGGGCGGAAACTACTCA-1","slingPseudotime_1",19.3667276059399,"CD28-41BB","aucell_proliferating_score",0,"proliferating"
"TGAGACTAGGGCGGAAACTACTCA-1","slingPseudotime_1",19.3667276059399,"CD28-41BB","aucell_naive_memory_score",0,"naive_memory"
"TGAGACTAGGGCGGAAACTACTCA-1","slingPseudotime_1",19.3667276059399,"CD28-41BB","aucell_cytotoxic_score",0,"cytotoxic"
"TGAGTCTGTTTGCAACACTACTCA-1","slingPseudotime_1",45.7558128653585,"CD28-41BB","aucell_exhausted_score",0.0940846059329472,"exhausted"
"TGAGTCTGTTTGCAACACTACTCA-1","slingPseudotime_1",45.7558128653585,"CD28-41BB","aucell_proliferating_score",0.315578947368421,"proliferating"
"TGAGTCTGTTTGCAACACTACTCA-1","slingPseudotime_1",45.7558128653585,"CD28-41BB","aucell_naive_memory_score",0.0776842105263158,"naive_memory"
"TGAGTCTGTTTGCAACACTACTCA-1","slingPseudotime_1",45.7558128653585,"CD28-41BB","aucell_cytotoxic_score",0,"cytotoxic"
"TGATTCAGTACTTAGCACTACTCA-1","slingPseudotime_1",16.3316145626405,"CD28-41BB","aucell_exhausted_score",0.11602597858522,"exhausted"
"TGATTCAGTACTTAGCACTACTCA-1","slingPseudotime_1",16.3316145626405,"CD28-41BB","aucell_proliferating_score",0,"proliferating"
"TGATTCAGTACTTAGCACTACTCA-1","slingPseudotime_1",16.3316145626405,"CD28-41BB","aucell_naive_memory_score",0.200842105263158,"naive_memory"
"TGATTCAGTACTTAGCACTACTCA-1","slingPseudotime_1",16.3316145626405,"CD28-41BB","aucell_cytotoxic_score",0,"cytotoxic"
"TGCACGTTCCATCCAAACTACTCA-1","slingPseudotime_1",10.4882211400292,"CD28-41BB","aucell_exhausted_score",0,"exhausted"
"TGCACGTTCCATCCAAACTACTCA-1","slingPseudotime_1",10.4882211400292,"CD28-41BB","aucell_proliferating_score",0,"proliferating"
"TGCACGTTCCATCCAAACTACTCA-1","slingPseudotime_1",10.4882211400292,"CD28-41BB","aucell_naive_memory_score",0.148842105263158,"naive_memory"
"TGCACGTTCCATCCAAACTACTCA-1","slingPseudotime_1",10.4882211400292,"CD28-41BB","aucell_cytotoxic_score",0.306828155169387,"cytotoxic"
"TGCACGTTCTCACCGGACTACTCA-1","slingPseudotime_1",44.7729894343092,"CD28-41BB","aucell_exhausted_score",0.188344742847113,"exhausted"
"TGCACGTTCTCACCGGACTACTCA-1","slingPseudotime_1",44.7729894343092,"CD28-41BB","aucell_proliferating_score",0.703578947368421,"proliferating"
"TGCACGTTCTCACCGGACTACTCA-1","slingPseudotime_1",44.7729894343092,"CD28-41BB","aucell_naive_memory_score",0,"naive_memory"
"TGCACGTTCTCACCGGACTACTCA-1","slingPseudotime_1",44.7729894343092,"CD28-41BB","aucell_cytotoxic_score",0,"cytotoxic"
"TGCCCATAGTGATGGTACTACTCA-1","slingPseudotime_1",11.6821223634094,"CD28-41BB","aucell_exhausted_score",0.0819729682288924,"exhausted"
"TGCCCATAGTGATGGTACTACTCA-1","slingPseudotime_1",11.6821223634094,"CD28-41BB","aucell_proliferating_score",0,"proliferating"
"TGCCCATAGTGATGGTACTACTCA-1","slingPseudotime_1",11.6821223634094,"CD28-41BB","aucell_naive_memory_score",0.220842105263158,"naive_memory"
"TGCCCATAGTGATGGTACTACTCA-1","slingPseudotime_1",11.6821223634094,"CD28-41BB","aucell_cytotoxic_score",0.217482885729331,"cytotoxic"
"TGCGGTTTCACTAGGGACTACTCA-1","slingPseudotime_1",3.0054014894201,"CD28-41BB","aucell_exhausted_score",0.00228190275583641,"exhausted"
"TGCGGTTTCACTAGGGACTACTCA-1","slingPseudotime_1",3.0054014894201,"CD28-41BB","aucell_proliferating_score",0,"proliferating"
"TGCGGTTTCACTAGGGACTACTCA-1","slingPseudotime_1",3.0054014894201,"CD28-41BB","aucell_naive_memory_score",0.252631578947368,"naive_memory"
"TGCGGTTTCACTAGGGACTACTCA-1","slingPseudotime_1",3.0054014894201,"CD28-41BB","aucell_cytotoxic_score",0,"cytotoxic"
"TGCTTGATCTTGAATCACTACTCA-1","slingPseudotime_1",24.5673623990504,"CD28-41BB","aucell_exhausted_score",0.30366859750746,"exhausted"
"TGCTTGATCTTGAATCACTACTCA-1","slingPseudotime_1",24.5673623990504,"CD28-41BB","aucell_proliferating_score",0,"proliferating"
"TGCTTGATCTTGAATCACTACTCA-1","slingPseudotime_1",24.5673623990504,"CD28-41BB","aucell_naive_memory_score",0.0614736842105263,"naive_memory"
"TGCTTGATCTTGAATCACTACTCA-1","slingPseudotime_1",24.5673623990504,"CD28-41BB","aucell_cytotoxic_score",0.237142355625768,"cytotoxic"
"TGGCCTTAGTAATGGCACTACTCA-1","slingPseudotime_1",24.9676810674575,"CD28-41BB","aucell_exhausted_score",0.423731788660699,"exhausted"
"TGGCCTTAGTAATGGCACTACTCA-1","slingPseudotime_1",24.9676810674575,"CD28-41BB","aucell_proliferating_score",0,"proliferating"
"TGGCCTTAGTAATGGCACTACTCA-1","slingPseudotime_1",24.9676810674575,"CD28-41BB","aucell_naive_memory_score",0,"naive_memory"
"TGGCCTTAGTAATGGCACTACTCA-1","slingPseudotime_1",24.9676810674575,"CD28-41BB","aucell_cytotoxic_score",0.0502018606284009,"cytotoxic"
"TGGCGTGCAGATAGCCACTACTCA-1","slingPseudotime_1",11.8385229718104,"CD28-41BB","aucell_exhausted_score",0.163243812532912,"exhausted"
"TGGCGTGCAGATAGCCACTACTCA-1","slingPseudotime_1",11.8385229718104,"CD28-41BB","aucell_proliferating_score",0,"proliferating"
"TGGCGTGCAGATAGCCACTACTCA-1","slingPseudotime_1",11.8385229718104,"CD28-41BB","aucell_naive_memory_score",0,"naive_memory"
"TGGCGTGCAGATAGCCACTACTCA-1","slingPseudotime_1",11.8385229718104,"CD28-41BB","aucell_cytotoxic_score",0,"cytotoxic"
"TGGTTAGCACAGGCTGACTACTCA-1","slingPseudotime_1",59.0833191237337,"CD28-41BB","aucell_exhausted_score",0.166578901176058,"exhausted"
"TGGTTAGCACAGGCTGACTACTCA-1","slingPseudotime_1",59.0833191237337,"CD28-41BB","aucell_proliferating_score",0.719789473684211,"proliferating"
"TGGTTAGCACAGGCTGACTACTCA-1","slingPseudotime_1",59.0833191237337,"CD28-41BB","aucell_naive_memory_score",0,"naive_memory"
"TGGTTAGCACAGGCTGACTACTCA-1","slingPseudotime_1",59.0833191237337,"CD28-41BB","aucell_cytotoxic_score",0,"cytotoxic"
"TGTGAGCCAAGCCAGTACTACTCA-1","slingPseudotime_1",18.5060255164798,"CD28-41BB","aucell_exhausted_score",0.165876777251185,"exhausted"
"TGTGAGCCAAGCCAGTACTACTCA-1","slingPseudotime_1",18.5060255164798,"CD28-41BB","aucell_proliferating_score",0,"proliferating"
"TGTGAGCCAAGCCAGTACTACTCA-1","slingPseudotime_1",18.5060255164798,"CD28-41BB","aucell_naive_memory_score",0,"naive_memory"
"TGTGAGCCAAGCCAGTACTACTCA-1","slingPseudotime_1",18.5060255164798,"CD28-41BB","aucell_cytotoxic_score",0.244514656836932,"cytotoxic"
"TGTTAGCGTTACTTCTACTACTCA-1","slingPseudotime_1",69.7318040380382,"CD28-41BB","aucell_exhausted_score",0.159733192908548,"exhausted"
"TGTTAGCGTTACTTCTACTACTCA-1","slingPseudotime_1",69.7318040380382,"CD28-41BB","aucell_proliferating_score",0.337684210526316,"proliferating"
"TGTTAGCGTTACTTCTACTACTCA-1","slingPseudotime_1",69.7318040380382,"CD28-41BB","aucell_naive_memory_score",0,"naive_memory"
"TGTTAGCGTTACTTCTACTACTCA-1","slingPseudotime_1",69.7318040380382,"CD28-41BB","aucell_cytotoxic_score",0,"cytotoxic"
"TGTTAGCGTTTGTCAAACTACTCA-1","slingPseudotime_1",5.82083258563182,"CD28-41BB","aucell_exhausted_score",0,"exhausted"
"TGTTAGCGTTTGTCAAACTACTCA-1","slingPseudotime_1",5.82083258563182,"CD28-41BB","aucell_proliferating_score",0,"proliferating"
"TGTTAGCGTTTGTCAAACTACTCA-1","slingPseudotime_1",5.82083258563182,"CD28-41BB","aucell_naive_memory_score",0.471157894736842,"naive_memory"
"TGTTAGCGTTTGTCAAACTACTCA-1","slingPseudotime_1",5.82083258563182,"CD28-41BB","aucell_cytotoxic_score",0,"cytotoxic"
"TGTTGAGCAAACGGTCACTACTCA-1","slingPseudotime_1",15.2467835333999,"CD28-41BB","aucell_exhausted_score",0.279094260136914,"exhausted"
"TGTTGAGCAAACGGTCACTACTCA-1","slingPseudotime_1",15.2467835333999,"CD28-41BB","aucell_proliferating_score",0,"proliferating"
"TGTTGAGCAAACGGTCACTACTCA-1","slingPseudotime_1",15.2467835333999,"CD28-41BB","aucell_naive_memory_score",0,"naive_memory"
"TGTTGAGCAAACGGTCACTACTCA-1","slingPseudotime_1",15.2467835333999,"CD28-41BB","aucell_cytotoxic_score",0,"cytotoxic"
"TTAAGCTTCAGGGCACACTACTCA-1","slingPseudotime_1",13.6216421578377,"CD28-41BB","aucell_exhausted_score",0.0266807091451641,"exhausted"
"TTAAGCTTCAGGGCACACTACTCA-1","slingPseudotime_1",13.6216421578377,"CD28-41BB","aucell_proliferating_score",0,"proliferating"
"TTAAGCTTCAGGGCACACTACTCA-1","slingPseudotime_1",13.6216421578377,"CD28-41BB","aucell_naive_memory_score",0,"naive_memory"
"TTAAGCTTCAGGGCACACTACTCA-1","slingPseudotime_1",13.6216421578377,"CD28-41BB","aucell_cytotoxic_score",0.165701246269967,"cytotoxic"
"TTACGGACACCAGCCTACTACTCA-1","slingPseudotime_1",10.139640616585,"CD28-41BB","aucell_exhausted_score",0.23696682464455,"exhausted"
"TTACGGACACCAGCCTACTACTCA-1","slingPseudotime_1",10.139640616585,"CD28-41BB","aucell_proliferating_score",0,"proliferating"
"TTACGGACACCAGCCTACTACTCA-1","slingPseudotime_1",10.139640616585,"CD28-41BB","aucell_naive_memory_score",0.192,"naive_memory"
"TTACGGACACCAGCCTACTACTCA-1","slingPseudotime_1",10.139640616585,"CD28-41BB","aucell_cytotoxic_score",0,"cytotoxic"
"TTAGTTGGTGCACAAAACTACTCA-1","slingPseudotime_1",17.6624369011236,"CD28-41BB","aucell_exhausted_score",0.166929963138494,"exhausted"
"TTAGTTGGTGCACAAAACTACTCA-1","slingPseudotime_1",17.6624369011236,"CD28-41BB","aucell_proliferating_score",0,"proliferating"
"TTAGTTGGTGCACAAAACTACTCA-1","slingPseudotime_1",17.6624369011236,"CD28-41BB","aucell_naive_memory_score",0,"naive_memory"
"TTAGTTGGTGCACAAAACTACTCA-1","slingPseudotime_1",17.6624369011236,"CD28-41BB","aucell_cytotoxic_score",0.166578901176058,"cytotoxic"
"TTCGAGGAGCCATTTGACTACTCA-1","slingPseudotime_1",61.999052479526,"CD28-41BB","aucell_exhausted_score",0.225206248902931,"exhausted"
"TTCGAGGAGCCATTTGACTACTCA-1","slingPseudotime_1",61.999052479526,"CD28-41BB","aucell_proliferating_score",0.566105263157895,"proliferating"
"TTCGAGGAGCCATTTGACTACTCA-1","slingPseudotime_1",61.999052479526,"CD28-41BB","aucell_naive_memory_score",0,"naive_memory"
"TTCGAGGAGCCATTTGACTACTCA-1","slingPseudotime_1",61.999052479526,"CD28-41BB","aucell_cytotoxic_score",0.0473933649289099,"cytotoxic"
"TTCGATAGTCTTTATCACTACTCA-1","slingPseudotime_1",20.689257950638,"CD28-41BB","aucell_exhausted_score",0.299982446901878,"exhausted"
"TTCGATAGTCTTTATCACTACTCA-1","slingPseudotime_1",20.689257950638,"CD28-41BB","aucell_proliferating_score",0,"proliferating"
"TTCGATAGTCTTTATCACTACTCA-1","slingPseudotime_1",20.689257950638,"CD28-41BB","aucell_naive_memory_score",0,"naive_memory"
"TTCGATAGTCTTTATCACTACTCA-1","slingPseudotime_1",20.689257950638,"CD28-41BB","aucell_cytotoxic_score",0.247147621555205,"cytotoxic"
"TTCGATGTCGATTATCACTACTCA-1","slingPseudotime_1",4.67539304239218,"CD28-41BB","aucell_exhausted_score",0,"exhausted"
"TTCGATGTCGATTATCACTACTCA-1","slingPseudotime_1",4.67539304239218,"CD28-41BB","aucell_proliferating_score",0,"proliferating"
"TTCGATGTCGATTATCACTACTCA-1","slingPseudotime_1",4.67539304239218,"CD28-41BB","aucell_naive_memory_score",0.284,"naive_memory"
"TTCGATGTCGATTATCACTACTCA-1","slingPseudotime_1",4.67539304239218,"CD28-41BB","aucell_cytotoxic_score",0,"cytotoxic"
"TTCTCACTCATTAGCTACTACTCA-1","slingPseudotime_1",18.7224463173257,"CD28-41BB","aucell_exhausted_score",0.164648060382658,"exhausted"
"TTCTCACTCATTAGCTACTACTCA-1","slingPseudotime_1",18.7224463173257,"CD28-41BB","aucell_proliferating_score",0,"proliferating"
"TTCTCACTCATTAGCTACTACTCA-1","slingPseudotime_1",18.7224463173257,"CD28-41BB","aucell_naive_memory_score",0,"naive_memory"
"TTCTCACTCATTAGCTACTACTCA-1","slingPseudotime_1",18.7224463173257,"CD28-41BB","aucell_cytotoxic_score",0.136738634368966,"cytotoxic"
"TTGACATTCGTGATTTACTACTCA-1","slingPseudotime_1",23.4612516954388,"CD28-41BB","aucell_exhausted_score",0.537300333508864,"exhausted"
"TTGACATTCGTGATTTACTACTCA-1","slingPseudotime_1",23.4612516954388,"CD28-41BB","aucell_proliferating_score",0.00884210526315789,"proliferating"
"TTGACATTCGTGATTTACTACTCA-1","slingPseudotime_1",23.4612516954388,"CD28-41BB","aucell_naive_memory_score",0.0164210526315789,"naive_memory"
"TTGACATTCGTGATTTACTACTCA-1","slingPseudotime_1",23.4612516954388,"CD28-41BB","aucell_cytotoxic_score",0.25241355099175,"cytotoxic"
"TTGAGGTAGACTAACAACTACTCA-1","slingPseudotime_1",14.5925539541219,"CD28-41BB","aucell_exhausted_score",0.124978058627348,"exhausted"
"TTGAGGTAGACTAACAACTACTCA-1","slingPseudotime_1",14.5925539541219,"CD28-41BB","aucell_proliferating_score",0,"proliferating"
"TTGAGGTAGACTAACAACTACTCA-1","slingPseudotime_1",14.5925539541219,"CD28-41BB","aucell_naive_memory_score",0,"naive_memory"
"TTGAGGTAGACTAACAACTACTCA-1","slingPseudotime_1",14.5925539541219,"CD28-41BB","aucell_cytotoxic_score",0,"cytotoxic"
"TTGAGTAAGTAAGCTAACTACTCA-1","slingPseudotime_1",45.2690712367651,"CD28-41BB","aucell_exhausted_score",0.415130770581008,"exhausted"
"TTGAGTAAGTAAGCTAACTACTCA-1","slingPseudotime_1",45.2690712367651,"CD28-41BB","aucell_proliferating_score",0.671157894736842,"proliferating"
"TTGAGTAAGTAAGCTAACTACTCA-1","slingPseudotime_1",45.2690712367651,"CD28-41BB","aucell_naive_memory_score",0,"naive_memory"
"TTGAGTAAGTAAGCTAACTACTCA-1","slingPseudotime_1",45.2690712367651,"CD28-41BB","aucell_cytotoxic_score",0,"cytotoxic"
"TTGCTCAAGACAAAGGACTACTCA-1","slingPseudotime_1",54.4876306619049,"CD28-41BB","aucell_exhausted_score",0.163594874495348,"exhausted"
"TTGCTCAAGACAAAGGACTACTCA-1","slingPseudotime_1",54.4876306619049,"CD28-41BB","aucell_proliferating_score",0.548210526315789,"proliferating"
"TTGCTCAAGACAAAGGACTACTCA-1","slingPseudotime_1",54.4876306619049,"CD28-41BB","aucell_naive_memory_score",0,"naive_memory"
"TTGCTCAAGACAAAGGACTACTCA-1","slingPseudotime_1",54.4876306619049,"CD28-41BB","aucell_cytotoxic_score",0,"cytotoxic"
"TTTCCTGGTTGTTGTAACTACTCA-1","slingPseudotime_1",34.1540467477508,"CD28-41BB","aucell_exhausted_score",0.241004037212568,"exhausted"
"TTTCCTGGTTGTTGTAACTACTCA-1","slingPseudotime_1",34.1540467477508,"CD28-41BB","aucell_proliferating_score",0.120421052631579,"proliferating"
"TTTCCTGGTTGTTGTAACTACTCA-1","slingPseudotime_1",34.1540467477508,"CD28-41BB","aucell_naive_memory_score",0,"naive_memory"
"TTTCCTGGTTGTTGTAACTACTCA-1","slingPseudotime_1",34.1540467477508,"CD28-41BB","aucell_cytotoxic_score",0.304897314375987,"cytotoxic"
