"p_val","avg_log2FC","pct.1","pct.2","p_val_adj","cluster","gene"
0,1.94665681754018,0.959,0.466,0,"0","Egr1"
0,2.10557091262478,0.76,0.321,0,"0","Icam1"
0,1.73696045858252,0.884,0.448,0,"0","Herpud1"
0,1.54983434222446,0.711,0.279,0,"0","Gem"
0,1.67653066858832,0.902,0.482,0,"0","Nfkbiz"
0,1.51578958234059,0.856,0.436,0,"0","Ccl4"
0,0.882741583244405,0.908,0.498,0,"0","Sparc"
0,1.14638033023389,0.847,0.441,0,"0","Il1a"
0,1.8999858419399,0.856,0.45,0,"0","Cd83"
0,0.75296193008582,0.864,0.464,0,"0","Tmem119"
0,1.93299588431757,0.78,0.386,0,"0","Nfkbia"
0,1.76454705529952,0.803,0.414,0,"0","Gadd45b"
0,1.99838928108796,0.662,0.281,0,"0","Tnf"
0,1.60131250265769,0.789,0.412,0,"0","Ier2"
0,1.22768602111887,0.795,0.422,0,"0","Pmp22"
0,0.560453789159712,0.79,0.418,0,"0","Siglech"
0,1.47657049023937,0.859,0.488,0,"0","Ccl3"
0,1.48929918181722,0.773,0.41,0,"0","Ccrl2"
0,0.913771860652004,0.704,0.343,0,"0","Sall1"
0,0.931349883677755,0.832,0.474,0,"0","Kdm6b"
0,1.63343044075506,0.745,0.39,0,"0","Tbc1d10a"
0,1.63134784516566,0.914,0.562,0,"0","Per1"
0,1.77163776818358,0.7,0.359,0,"0","Tnfaip3"
0,2.06893473459853,0.514,0.174,0,"0","Adamts1"
0,1.41610861095924,0.785,0.45,0,"0","Nfkbib"
0,0.61350930535859,0.895,0.563,0,"0","Cd81"
0,1.58995120454274,0.645,0.317,0,"0","Gnl3"
0,0.79997251169848,0.83,0.503,0,"0","Phyhd1"
0,1.68069338200196,0.601,0.274,0,"0","Nfkbid"
0,1.57160515601258,0.533,0.22,0,"0","Pdgfb"
0,1.09894175259914,0.638,0.326,0,"0","Pde3b"
0,0.802693998781498,0.806,0.496,0,"0","Selplg"
0,1.31934611747853,0.576,0.268,0,"0","Smad7"
0,1.59471201624104,0.55,0.246,0,"0","Maff"
0,0.653063551167505,0.722,0.42,0,"0","Slco2b1"
0,1.3449078045168,0.886,0.587,0,"0","Ccnl1"
0,1.24514142858075,0.871,0.573,0,"0","Ifrd1"
0,0.867560813758102,0.94,0.642,0,"0","Jun"
0,0.841959652907929,0.858,0.561,0,"0","Ivns1abp"
0,1.89304264954622,0.614,0.32,0,"0","Hk2"
0,1.25210427250658,0.548,0.256,0,"0","H1f4"
0,1.70841730611975,0.959,0.667,0,"0","Junb"
0,0.830078422364009,0.612,0.321,0,"0","Tagap"
0,0.51978192874331,0.831,0.545,0,"0","Bin1"
0,1.08419220246425,0.898,0.613,0,"0","Rhob"
0,0.948037388558703,0.622,0.338,0,"0","Lag3"
0,1.26134558055695,0.97,0.686,0,"0","Atf3"
0,1.09792334095458,0.847,0.566,0,"0","Ier5"
0,1.15651747513352,0.552,0.274,0,"0","Numb"
0,1.19671853912233,0.756,0.481,0,"0","Rasgef1b"
0,0.942487694571926,0.885,0.612,0,"0","Fos"
0,1.2310212376305,0.744,0.475,0,"0","Pfkfb3"
0,0.561777303110033,0.735,0.466,0,"0","Cfh"
0,0.687231993537146,0.92,0.653,0,"0","Btg2"
0,1.15139398889645,0.876,0.61,0,"0","Skil"
0,0.687036391664852,0.627,0.362,0,"0","Ptgs1"
0,0.904084545530556,0.506,0.244,0,"0","Nav3"
0,0.896188152087502,0.594,0.332,0,"0","Soga1"
0,1.18864557155345,0.63,0.372,0,"0","Il21r"
0,0.946755082674945,0.865,0.611,0,"0","Ppp1r15a"
0,0.755946508659467,0.563,0.309,0,"0","Golm1"
0,1.05660243563683,0.733,0.487,0,"0","Daglb"
0,0.872895556617024,0.582,0.336,0,"0","Rasgrp3"
0,1.12950091056303,0.663,0.418,0,"0","Bach1"
0,0.98080556132718,0.762,0.519,0,"0","Zc3h12a"
0,0.784612223081071,0.734,0.495,0,"0","Cd33"
0,0.908561072506541,0.68,0.443,0,"0","Bhlhe41"
0,1.64777253338617,0.981,0.744,0,"0","Zfp36"
0,1.05445999481335,0.618,0.381,0,"0","Ier3"
0,1.16893180219038,0.843,0.608,0,"0","Id2"
0,0.764341361410447,0.5,0.266,0,"0","Mlxipl"
0,0.678762395645751,0.515,0.281,0,"0","Gpr34"
0,0.686704358881732,0.766,0.534,0,"0","Epb41l2"
0,0.629483996509441,0.538,0.307,0,"0","St3gal6"
0,0.650971820230909,0.802,0.572,0,"0","Hpgds"
0,1.22330494371354,0.584,0.354,0,"0","H3f3b"
0,0.674036609205193,0.589,0.359,0,"0","Ints6l"
0,0.863351747105897,0.865,0.637,0,"0","Smap2"
0,1.11191843416163,0.52,0.299,0,"0","Rcsd1"
0,1.83167030206431,0.518,0.297,0,"0","Lfng"
0,1.54982987040618,0.716,0.495,0,"0","Ncf1"
0,0.872997958963416,0.805,0.585,0,"0","Wsb1"
0,0.596311634700031,0.803,0.585,0,"0","Tgfbr1"
0,0.652921849728583,0.543,0.325,0,"0","Dst"
0,1.16045290765594,0.526,0.31,0,"0","Birc3"
0,0.601506850925788,0.745,0.53,0,"0","Elmo1"
0,1.25683257902222,0.512,0.299,0,"0","Slc35b2"
0,1.24970344453708,0.596,0.383,0,"0","Mapkapk2"
0,0.931293670427914,0.585,0.372,0,"0","Sun2"
0,0.543135020638281,0.692,0.48,0,"0","Rel"
0,0.646258745527093,0.51,0.299,0,"0","Iffo1"
0,0.838859664562269,0.801,0.591,0,"0","Sgk1"
0,0.882965537237413,0.675,0.465,0,"0","Eeig2"
0,0.722505713321123,0.702,0.493,0,"0","Fmnl3"
0,1.057150448543,0.545,0.338,0,"0","Mapk6"
0,0.725590190406348,0.808,0.606,0,"0","Itgam"
0,0.607501537938586,0.541,0.339,0,"0","Rogdi"
0,0.547529693528035,0.888,0.688,0,"0","Vsir"
0,0.785099516021159,0.795,0.596,0,"0","Zfand5"
0,0.845858990611388,0.529,0.33,0,"0","Azin1"
0,1.05290606000888,0.571,0.372,0,"0","Rab20"
0,1.06049668080405,0.51,0.314,0,"0","H2-Q7"
0,0.64235847982913,0.786,0.592,0,"0","Itgb5"
0,0.817545965738985,0.907,0.715,0,"0","Qki"
0,0.604096596352376,0.704,0.512,0,"0","Jmjd1c"
0,0.554728784678421,0.747,0.555,0,"0","Bin2"
0,0.825511499092062,0.67,0.485,0,"0","Klf2"
0,0.552801523553875,0.589,0.407,0,"0","Frmd4a"
0,0.514073487968207,0.762,0.581,0,"0","Csf3r"
0,0.748711587854672,0.591,0.411,0,"0","Csnk1e"
0,1.06937256244287,0.949,0.775,0,"0","Ubc"
0,0.629362313690176,0.721,0.551,0,"0","Ski"
0,0.658238724805221,0.782,0.613,0,"0","Bmp2k"
0,0.710943637485708,0.782,0.614,0,"0","Pla2g15"
0,0.500325485705336,0.656,0.49,0,"0","Rab3il1"
0,0.562262077518553,0.957,0.793,0,"0","Csf1r"
0,0.615771468828329,0.792,0.634,0,"0","Clk1"
0,0.55277973708748,0.678,0.52,0,"0","Plekho2"
0,0.57214633643988,0.693,0.535,0,"0","Mef2a"
0,0.534342212420346,0.874,0.722,0,"0","Gna13"
0,0.574449306394089,0.661,0.511,0,"0","Cxcl16"
0,0.682553751497147,0.917,0.768,0,"0","Jund"
0,0.754922305135363,0.971,0.822,0,"0","Plek"
0,0.667038373032098,0.567,0.418,0,"0","Srsf6"
0,0.564738366263899,0.799,0.651,0,"0","Lgmn"
0,0.544889728882562,0.664,0.518,0,"0","Camk1"
0,0.58336215130615,0.696,0.551,0,"0","Vmp1"
0,0.665829099861432,0.988,0.844,0,"0","Cst3"
0,0.8309495540782,0.573,0.43,0,"0","Cltc"
0,0.681972938954316,0.719,0.577,0,"0","Efhd2"
0,0.541512340614901,0.686,0.545,0,"0","Dusp1"
0,0.614498134786975,0.75,0.613,0,"0","Irf5"
0,0.576753432363906,0.698,0.561,0,"0","Ddx5"
0,0.553432177681686,0.728,0.593,0,"0","Rbm39"
0,0.529949608131185,0.793,0.661,0,"0","Pnrc1"
0,0.771970284633709,0.613,0.491,0,"0","Scpep1"
0,0.646267018155505,0.822,0.704,0,"0","Marcks"
4.1357643959089e-304,0.645575102419831,0.646,0.526,7.88069905640442e-300,"0","Sh3glb1"
2.34597953501309e-286,0.612863985212247,0.503,0.345,4.47026400396745e-282,"0","Lpcat2"
9.27046139668649e-277,0.53145517009379,0.614,0.472,1.76648641913861e-272,"0","Wnk1"
3.60924343072717e-271,0.527945271317476,0.622,0.499,6.87741335725062e-267,"0","Sirpa"
1.66763480974252e-263,0.545394571573075,0.613,0.49,3.17767812996437e-259,"0","Prex1"
4.44748883056708e-253,0.598540277982728,0.521,0.393,8.47468996664557e-249,"0","Rela"
1.12363894352727e-247,0.517203277036777,0.573,0.447,2.14109400689121e-243,"0","Ube2f"
1.72918195359797e-220,0.539458635819241,0.592,0.485,3.29495621258093e-216,"0","Eif1"
5.89065850497604e-217,0.543610481550252,0.665,0.555,1.12246497812318e-212,"0","Fosb"
2.36795597359991e-213,0.525142426614612,0.51,0.372,4.51214010769464e-209,"0","Ikzf1"
1.14451606889838e-208,0.582975721695969,0.534,0.426,2.18087536928586e-204,"0","Plekho1"
0,5.56315558375653,0.53,0.015,0,"1","Cst7"
0,1.67971848192005,0.824,0.321,0,"1","Cd52"
0,1.99762679219723,0.842,0.358,0,"1","Lgals3bp"
0,1.10047848072372,0.79,0.331,0,"1","Apoe"
0,1.36168465302884,0.77,0.313,0,"1","Axl"
0,2.09213068454181,0.826,0.377,0,"1","Timp2"
0,1.91396096382021,0.639,0.196,0,"1","Pld3"
0,1.06119385265911,0.836,0.425,0,"1","Cd63"
0,0.993935026200119,0.859,0.483,0,"1","Npc2"
0,1.01187398242764,0.736,0.368,0,"1","Bst2"
0,1.27357730287632,0.589,0.225,0,"1","Cpd"
0,1.01034576749853,0.747,0.396,0,"1","Akr1a1"
0,1.19751141821624,0.526,0.176,0,"1","Csf1"
0,1.31650302240435,0.709,0.359,0,"1","Ssr4"
0,1.24144961673383,0.594,0.252,0,"1","Lap3"
0,1.24633549118265,0.726,0.386,0,"1","Tlr2"
0,1.19818923658408,0.744,0.408,0,"1","Pycard"
0,1.4858812152966,0.523,0.192,0,"1","Cops9"
0,1.5088703360047,0.535,0.205,0,"1","Ly9"
0,1.19801696487051,0.594,0.266,0,"1","Serpine2"
0,1.21302722271175,0.617,0.29,0,"1","Hif1a"
0,1.17441621901351,0.602,0.276,0,"1","Rtcb"
0,1.25484075120146,0.933,0.617,0,"1","Ctsb"
0,1.03981999262141,0.602,0.286,0,"1","Sdc3"
0,1.11163641326405,0.548,0.239,0,"1","Ndufa2"
0,0.728292046628007,0.654,0.346,0,"1","Lilrb4a"
0,1.0314839339051,0.644,0.337,0,"1","Gnas"
0,0.589405320280748,0.872,0.569,0,"1","Cd81"
0,0.797407160526327,0.639,0.339,0,"1","Lag3"
0,0.957617248698909,0.788,0.49,0,"1","Creg1"
0,0.913400918628914,0.681,0.384,0,"1","Gabarap"
0,1.22253130022286,0.876,0.58,0,"1","B2m"
0,0.820113038908052,0.789,0.496,0,"1","Lamp1"
0,0.814661963128184,0.712,0.425,0,"1","Ctsl"
0,1.0867940734238,0.518,0.234,0,"1","Tspo"
0,1.07520651717321,0.531,0.248,0,"1","Cd34"
0,0.775884058660858,0.755,0.474,0,"1","Abca1"
0,0.912757888282589,0.584,0.303,0,"1","Sdf4"
0,1.01865834891105,0.556,0.276,0,"1","Gatm"
0,0.858436256981329,0.523,0.244,0,"1","Atp5e"
0,0.924674706391471,0.624,0.345,0,"1","Ppib"
0,0.696661029769489,0.594,0.319,0,"1","Psmb8"
0,0.886368696465551,0.604,0.33,0,"1","Ptms"
0,0.991407081093446,0.528,0.256,0,"1","Grcc10"
0,0.715529762034621,0.637,0.366,0,"1","Trem2"
0,1.32726065987627,0.909,0.639,0,"1","Cd9"
0,0.851800067389825,0.559,0.291,0,"1","Sh3bgrl3"
0,0.846944697862671,0.627,0.361,0,"1","Man2b2"
0,0.549717573024541,0.583,0.318,0,"1","P2rx4"
0,0.628373968369941,0.593,0.329,0,"1","Shisa5"
0,0.799300491128726,0.657,0.399,0,"1","Nucb1"
0,0.705666976841061,0.57,0.313,0,"1","Rack1"
0,0.621779907998979,0.611,0.357,0,"1","Cyba"
0,0.907250730809482,0.509,0.257,0,"1","Psme1"
0,1.87879404032218,0.939,0.688,0,"1","Ctsd"
0,0.527201032685134,0.679,0.429,0,"1","Gde1"
0,0.906352394108986,0.518,0.268,0,"1","Gusb"
0,0.501339369884366,0.75,0.501,0,"1","Arpc1b"
0,0.66711531363982,0.559,0.313,0,"1","Eef1b2"
0,0.827210934073416,0.532,0.287,0,"1","Hexa"
0,0.598432059975118,0.519,0.276,0,"1","Lipa"
0,0.551659848527202,0.806,0.564,0,"1","Anxa3"
0,0.536265548859183,0.59,0.35,0,"1","Lhfpl2"
0,0.723262948577239,0.711,0.471,0,"1","Cfl1"
0,0.862676248154998,0.577,0.339,0,"1","Ddost"
0,0.776788285557294,0.519,0.282,0,"1","Naca"
0,0.775016336529484,0.5,0.264,0,"1","Rac2"
0,0.633077670110971,0.587,0.353,0,"1","Rnasek"
0,0.950823933013349,0.849,0.616,0,"1","Ly86"
0,0.589960200858426,0.794,0.563,0,"1","Slc11a1"
0,0.541634942234442,0.562,0.331,0,"1","Gsap"
0,0.738307279100196,0.803,0.576,0,"1","Ly6e"
0,0.571411775925613,0.578,0.352,0,"1","Psenen"
0,0.627101559687024,0.632,0.408,0,"1","Tpp1"
0,0.533635220351873,0.538,0.315,0,"1","Rnf149"
0,0.668652634367267,0.544,0.321,0,"1","Erp29"
0,0.660232560581179,0.534,0.313,0,"1","H2-Q7"
0,0.500028900173675,0.6,0.379,0,"1","Limd2"
0,0.786877945294155,0.881,0.662,0,"1","Fcer1g"
0,0.631378754051866,0.832,0.613,0,"1","Cotl1"
0,0.726522444926436,0.802,0.59,0,"1","Itm2b"
0,0.935556785628492,0.929,0.718,0,"1","Eef1a1"
0,0.542082639061927,0.552,0.342,0,"1","Cox7a2l"
0,0.643885068528225,0.713,0.505,0,"1","Pdia3"
0,0.594399059094057,0.503,0.296,0,"1","Os9"
0,1.40854712590345,0.939,0.733,0,"1","Grn"
0,0.507296575095361,0.545,0.341,0,"1","Lat2"
0,0.513962966840502,0.734,0.531,0,"1","Cd84"
0,0.921442008505406,0.923,0.721,0,"1","Aif1"
0,0.777884302938713,0.83,0.629,0,"1","Itm2c"
0,0.701037643651166,0.853,0.652,0,"1","Clta"
0,0.536557330491573,0.793,0.594,0,"1","Gns"
0,0.616448918877861,0.652,0.455,0,"1","Tapbp"
0,0.762643562275565,0.834,0.639,0,"1","Ctsa"
0,0.593312659945026,0.889,0.698,0,"1","Ucp2"
0,0.776135643801913,0.881,0.691,0,"1","Mpeg1"
0,1.5945120887768,0.975,0.787,0,"1","Ctsz"
0,0.819077125105751,0.85,0.672,0,"1","Cd68"
0,0.684529849685677,0.84,0.672,0,"1","Ctsh"
0,0.637661046498021,0.923,0.756,0,"1","Abhd12"
0,1.08911433408548,0.961,0.811,0,"1","Tyrobp"
0,1.28826928029303,0.973,0.826,0,"1","C1qa"
0,0.899912293886819,0.961,0.827,0,"1","Tmsb4x"
0,1.00060237068107,0.983,0.859,0,"1","C1qb"
0,1.98347303476199,0.907,0.407,0,"2","Siglech"
0,1.89102365862381,0.94,0.459,0,"2","Tmem119"
0,2.29450204708303,0.661,0.209,0,"2","Ifitm10"
0,1.81035671453168,0.777,0.337,0,"2","Sall1"
0,1.30635810671504,0.939,0.499,0,"2","Sparc"
0,2.13608275552463,0.764,0.329,0,"2","P2ry13"
0,1.64924425220327,0.812,0.412,0,"2","Slco2b1"
0,1.74406860622087,0.873,0.491,0,"2","Selplg"
0,1.96246172816131,0.64,0.267,0,"2","Gpr34"
0,1.51139093787926,0.872,0.513,0,"2","Fcrls"
0,1.58334242826848,0.7,0.355,0,"2","Ptgs1"
0,1.78245186284871,0.76,0.417,0,"2","Txnip"
0,0.924516468289232,0.905,0.565,0,"2","Cd81"
0,1.54228966524407,0.618,0.279,0,"2","Hspa1b"
0,1.23074743121897,0.795,0.461,0,"2","Cfh"
0,1.44630861210447,0.648,0.317,0,"2","Ighm"
0,1.47335499319383,0.629,0.298,0,"2","St3gal6"
0,1.87870555652985,0.533,0.206,0,"2","Crybb1"
0,1.63235824439281,0.627,0.303,0,"2","Golm1"
0,1.72283651777946,0.544,0.221,0,"2","Adgrg1"
0,1.18888803255571,0.865,0.544,0,"2","Bin1"
0,1.29598376337861,0.659,0.342,0,"2","Hspa1a"
0,1.35733120950396,0.839,0.527,0,"2","F11r"
0,1.1329399911675,0.818,0.509,0,"2","Phyhd1"
0,1.7671677202723,0.527,0.223,0,"2","Hpgd"
0,1.23857589609846,0.852,0.565,0,"2","Ivns1abp"
0,1.66583380299525,0.56,0.274,0,"2","Gtf2h2"
0,1.55891809899261,0.501,0.218,0,"2","Col27a1"
0,1.47227818238478,0.576,0.293,0,"2","Iffo1"
0,1.44580420889474,0.519,0.245,0,"2","Nav3"
0,1.30333155642873,0.798,0.526,0,"2","Elmo1"
0,1.48707716427352,0.703,0.431,0,"2","Hsp90aa1"
0,1.39808247943856,0.628,0.357,0,"2","Ints6l"
0,1.62966096266433,0.952,0.682,0,"2","Vsir"
0,1.21328703876417,0.594,0.335,0,"2","Soga1"
0,1.65607125445782,0.507,0.249,0,"2","Scoc"
0,1.2890169074683,0.991,0.734,0,"2","Hexb"
0,1.42249775186187,0.522,0.266,0,"2","Mlxipl"
0,1.17222267024704,0.83,0.584,0,"2","Tgfbr1"
0,1.44199329435828,0.547,0.305,0,"2","Gna15"
0,1.45687047676604,0.523,0.281,0,"2","Phf14"
0,1.34628304762613,0.523,0.281,0,"2","Numb"
0,1.14281083704802,0.578,0.337,0,"2","Pde3b"
0,1.2988385062191,0.527,0.291,0,"2","Fchsd2"
0,1.25949269815574,0.568,0.333,0,"2","Maf"
0,1.32704448501942,0.665,0.433,0,"2","Mertk"
0,1.30597231146908,0.627,0.395,0,"2","Dtx4"
0,0.896963604126804,0.882,0.653,0,"2","Jun"
0,1.06486207080299,0.802,0.574,0,"2","Hpgds"
0,0.886363842595146,0.849,0.623,0,"2","Rhob"
0,1.13141457265951,0.779,0.553,0,"2","Bin2"
0,1.14839611556371,0.567,0.341,0,"2","Rasgrp3"
0,1.37959275876367,0.608,0.383,0,"2","Adrb2"
0,1.16812713355496,0.536,0.312,0,"2","Mtus1"
0,1.35267203719728,0.66,0.437,0,"2","Fam91a1"
0,1.13515955935195,0.774,0.557,0,"2","Rnase4"
0,1.31780408285612,0.541,0.328,0,"2","Rasal3"
0,1.0047124324729,0.712,0.501,0,"2","Cd33"
0,1.16488447571695,0.763,0.552,0,"2","Arhgap45"
0,1.12997958616428,0.55,0.34,0,"2","Rogdi"
0,0.978736250195558,0.781,0.572,0,"2","Ccr5"
0,1.27550555543183,0.692,0.486,0,"2","Cmtm6"
0,1.319592801526,0.667,0.463,0,"2","Mylip"
0,1.41956160359946,0.532,0.33,0,"2","Cd164"
0,1.12588070023381,0.6,0.409,0,"2","Dock10"
0,1.23450055111138,0.957,0.766,0,"2","Serinc3"
0,0.767705276068759,0.676,0.486,0,"2","Klf2"
0,1.00874583386302,0.771,0.582,0,"2","Csf3r"
0,0.877781199066325,0.686,0.497,0,"2","Rsrp1"
0,1.20864655208883,0.981,0.792,0,"2","Csf1r"
0,0.876378027817882,0.73,0.542,0,"2","Epb41l2"
0,0.973398856329639,0.676,0.489,0,"2","Rab3il1"
0,1.20295272390602,0.53,0.344,0,"2","Lpcat2"
0,1.16073533299567,0.631,0.445,0,"2","Ifngr1"
0,0.860688641596303,0.829,0.645,0,"2","Smap2"
0,1.08725549094585,0.719,0.536,0,"2","Adap2"
0,1.04983174676099,0.651,0.471,0,"2","Eeig2"
0,1.15488906791307,0.753,0.573,0,"2","Cyth4"
0,0.983719597427072,0.508,0.334,0,"2","Dusp6"
0,0.917518586088824,0.797,0.626,0,"2","Snx29"
0,0.927610591750885,0.695,0.525,0,"2","Macf1"
0,1.01943332682981,0.642,0.473,0,"2","Entpd1"
0,1.22467205337007,0.504,0.335,0,"2","Git2"
0,0.846603618967137,0.808,0.64,0,"2","Kctd12"
0,0.88277756031098,0.666,0.5,0,"2","Fmnl3"
0,0.74292174198368,0.778,0.613,0,"2","Itgam"
0,1.11140122467851,0.535,0.371,0,"2","Ikzf1"
0,1.07025460728932,0.665,0.502,0,"2","Apbb1ip"
0,0.718169262640917,0.88,0.721,0,"2","Qki"
0,0.777901642085586,0.773,0.616,0,"2","Bmp2k"
0,0.992560667950604,0.571,0.416,0,"2","Csnk1e"
0,0.69802613000791,0.752,0.599,0,"2","Itgb5"
0,0.936632168161137,0.839,0.688,0,"2","Inpp5d"
0,0.785133070971891,0.909,0.758,0,"2","Abhd12"
0,0.758155420753118,0.607,0.456,0,"2","Bhlhe41"
0,0.994935850363602,0.635,0.487,0,"2","Rgs2"
0,0.928961364808377,0.752,0.605,0,"2","Rgs10"
0,1.13857398181699,0.54,0.394,0,"2","Scamp2"
0,0.93417599770263,0.726,0.582,0,"2","Mafb"
0,0.861864048642948,0.557,0.414,0,"2","Frmd4a"
0,1.20972296220701,0.985,0.847,0,"2","Cst3"
0,1.0914907233842,0.505,0.378,0,"2","Lrch4"
0,0.615684690427996,0.831,0.704,0,"2","Marcks"
0,0.691343278582182,0.7,0.578,0,"2","Anxa3"
0,0.814338289657186,0.643,0.522,0,"2","Camk1"
0,0.661617378073594,0.759,0.64,0,"2","Clk1"
0,0.901149309773134,0.657,0.543,0,"2","Nckap1l"
0,0.700040694071116,0.809,0.697,0,"2","Fcgr3"
0,0.646467023265971,0.726,0.623,0,"2","Pla2g15"
0,0.702262006181021,0.758,0.658,0,"2","Lgmn"
0,0.763959151924126,0.666,0.581,0,"2","Unc93b1"
0,0.591451617370508,0.788,0.721,0,"2","Arrb2"
0,0.564521474500514,0.838,0.78,0,"2","Jund"
0,0.565920805838794,0.948,0.907,0,"2","Laptm5"
2.07086022904836e-294,0.922421886756501,0.539,0.417,3.94602416645166e-290,"2","Mlec"
5.72831294536223e-276,0.683305494841144,0.635,0.549,1.09153003173877e-271,"2","Plxnb2"
1.12363563078785e-275,0.799294969046577,0.558,0.45,2.14108769446625e-271,"2","Tgfbr2"
9.36916585246248e-269,0.70203219431036,0.612,0.509,1.78529455318673e-264,"2","Evl"
5.46912818587099e-266,0.664141969800315,0.746,0.68,1.04214237581772e-261,"2","Btg2"
1.71722556021462e-263,0.76012763444146,0.585,0.505,3.27217330498896e-259,"2","Sirpa"
2.60216632618531e-256,0.618153608325548,0.637,0.545,4.9584279345461e-252,"2","Mef2a"
9.2094255183005e-237,0.842383907134385,0.524,0.416,1.75485603251216e-232,"2","Mtdh"
5.54049437635657e-236,0.798979466668992,0.545,0.422,1.05574120341474e-231,"2","Atp8a1"
2.60101325614014e-234,0.843132345701615,0.515,0.41,4.95623075957503e-230,"2","Slc29a3"
1.85427461559268e-233,0.831528002050145,0.507,0.403,3.53332028001186e-229,"2","Fli1"
1.68053633395568e-229,0.852192329175048,0.5,0.389,3.20226198435254e-225,"2","Pmepa1"
5.20336278629803e-186,0.606651536742531,0.692,0.608,9.91500778929089e-182,"2","Sgk1"
1.51812392613586e-155,0.598044634894044,0.61,0.567,2.89278514125189e-151,"2","Pkn1"
3.25258628137998e-127,0.804352573454614,0.541,0.457,6.19780315916956e-123,"2","Mat2a"
2.57548150180191e-123,0.679607700097365,0.531,0.464,4.90758000168354e-119,"2","Arhgef1"
2.49104899474025e-106,0.529004511749382,0.563,0.488,4.74669385947755e-102,"2","Zfp36l2"
2.35544389235735e-95,0.631094351906883,0.537,0.508,4.48829833688692e-91,"2","Snx18"
0.000152943180838808,0.638825656301993,0.505,0.526,1,"2","Rgs1"
0,1.70132338036289,0.767,0.333,0,"3","Hspa1a"
0,1.18919003302219,0.887,0.47,0,"3","Tmem119"
0,1.90978034349667,0.831,0.419,0,"3","Hsp90aa1"
0,1.72060616076243,0.682,0.274,0,"3","Hspa1b"
0,1.18232146747777,0.829,0.422,0,"3","Siglech"
0,0.767611197550517,0.898,0.509,0,"3","Sparc"
0,1.21306201511251,0.701,0.351,0,"3","Sall1"
0,1.20455952826226,0.839,0.492,0,"3","Egr1"
0,1.38771709550309,0.97,0.645,0,"3","Jun"
0,0.782176671539501,0.894,0.57,0,"3","Cd81"
0,1.14116102489586,0.744,0.424,0,"3","Slco2b1"
0,1.56021108525414,0.79,0.475,0,"3","Klf2"
0,1.17098859489192,0.648,0.347,0,"3","P2ry13"
0,1.43553938129797,0.722,0.425,0,"3","Txnip"
0,1.52387464898805,0.521,0.231,0,"3","Ifitm10"
0,1.05103795573171,0.794,0.505,0,"3","Selplg"
0,1.13095088746495,0.897,0.62,0,"3","Rhob"
0,0.9330042224537,0.789,0.516,0,"3","Phyhd1"
0,0.811808847383746,0.825,0.552,0,"3","Bin1"
0,1.45775834183519,0.573,0.305,0,"3","Gem"
0,1.08054645293246,0.589,0.328,0,"3","Ighm"
0,0.831932190202346,0.729,0.472,0,"3","Cfh"
0,1.03472911455085,0.793,0.536,0,"3","F11r"
0,1.08132057727056,0.625,0.368,0,"3","Ptgs1"
0,0.870461963033968,0.994,0.737,0,"3","Hexb"
0,1.40394740321996,0.91,0.661,0,"3","Btg2"
0,0.958810748219068,0.817,0.573,0,"3","Ivns1abp"
0,1.11162628489846,0.554,0.315,0,"3","Golm1"
0,1.11904465178731,0.523,0.285,0,"3","Gpr34"
0,0.983599598473519,0.54,0.312,0,"3","St3gal6"
0,0.937269211135525,0.707,0.48,0,"3","Herpud1"
0,1.03035213988466,0.91,0.69,0,"3","Vsir"
0,1.28506730541292,0.66,0.444,0,"3","Mat2a"
0,1.02388871277789,0.579,0.366,0,"3","Ints6l"
0,1.15599841904826,0.599,0.387,0,"3","Adrb2"
0,0.973192792408223,0.553,0.343,0,"3","Soga1"
0,0.612949277272365,0.742,0.532,0,"3","Fcrls"
0,1.37830870646975,0.544,0.336,0,"3","Tagap"
0,1.05200719798894,0.506,0.305,0,"3","Iffo1"
0,0.893198500027963,0.539,0.345,0,"3","Pde3b"
0,1.15845951485418,0.525,0.332,0,"3","Rasal3"
0,1.06841979826127,0.891,0.702,0,"3","Atf3"
0,0.805842283545959,0.726,0.537,0,"3","Elmo1"
0,0.984048865864033,0.639,0.453,0,"3","Bhlhe41"
0,0.873183772437243,0.746,0.56,0,"3","Bin2"
0,0.995050066152284,0.775,0.599,0,"3","Sgk1"
0,1.0214806545586,0.94,0.768,0,"3","Jund"
0,0.912827344997164,0.757,0.586,0,"3","Csf3r"
0,0.719791128447687,0.761,0.595,0,"3","Tgfbr1"
0,1.05582343606265,0.669,0.505,0,"3","Rgs1"
0,0.708024799800179,0.96,0.796,0,"3","Csf1r"
0,0.721143198106753,0.747,0.584,0,"3","Hpgds"
0,1.03035781088993,0.789,0.626,0,"3","Ppp1r15a"
0,1.00158069253497,0.632,0.469,0,"3","Mylip"
0,0.792400863163276,0.93,0.771,0,"3","Serinc3"
0,0.869497464983968,0.718,0.56,0,"3","Arhgap45"
0,0.925398196830663,0.787,0.63,0,"3","Fos"
0,0.919323023350892,0.6,0.443,0,"3","Mertk"
0,0.964157433057855,0.602,0.447,0,"3","Fam91a1"
0,1.02129791725644,0.641,0.488,0,"3","Rgs2"
0,0.683250578207029,0.732,0.58,0,"3","Ccr5"
0,0.906131665107012,0.789,0.638,0,"3","Clk1"
0,0.816232485205848,0.737,0.586,0,"3","Ier5"
0,0.749035450484662,0.779,0.63,0,"3","Snx29"
0,0.691771761093174,0.796,0.651,0,"3","Smap2"
0,0.694883581394251,0.991,0.847,0,"3","Cst3"
0,0.711316481067936,0.638,0.496,0,"3","Rab3il1"
0,0.665739146769802,0.754,0.62,0,"3","Bmp2k"
0,0.708756156781575,0.639,0.505,0,"3","Fmnl3"
0,0.765518439059231,0.672,0.544,0,"3","Adap2"
0,0.862794309382185,0.728,0.608,0,"3","Zfand5"
0,0.873501016605512,0.716,0.601,0,"3","Wsb1"
0,0.799365441505612,0.896,0.785,0,"3","Ubc"
0,0.627077656596454,0.801,0.693,0,"3","Junb"
0,0.570717980580387,0.783,0.696,0,"3","Inpp5d"
0,0.696804571523415,0.745,0.67,0,"3","Pnrc1"
0,0.582058402471326,0.837,0.767,0,"3","Zfp36"
9.13386069346803e-296,0.832972139233052,0.51,0.35,1.74045715514033e-291,"3","Rasgrp3"
1.17979225295126e-291,0.825789917138819,0.693,0.587,2.24809413799863e-287,"3","Mafb"
2.43309487461408e-281,0.585696613851563,0.717,0.626,4.63626228357713e-277,"3","Pla2g15"
1.15174065757099e-269,0.52521683908334,0.772,0.646,2.19464182300152e-265,"3","Kctd12"
5.38153076016523e-264,0.555432624263552,0.654,0.471,1.02545068634948e-259,"3","Ccl4"
4.14586734781264e-258,0.778212418468714,0.552,0.416,7.89995023125698e-254,"3","Frmd4a"
4.59519691961972e-258,0.694778195980966,0.616,0.51,8.75614773033537e-254,"3","Apbb1ip"
5.41788454633456e-257,0.58127502160611,0.702,0.596,1.03237790030405e-252,"3","Per1"
2.7648394418434e-256,0.789242302410139,0.544,0.408,5.2684015564326e-252,"3","Dtx4"
8.38678579168177e-256,0.564579648603309,0.678,0.55,1.59810203260496e-251,"3","Epb41l2"
5.74876751556767e-250,0.616176771476585,0.663,0.586,1.09542765009142e-245,"3","Cyth4"
3.09413635481952e-244,0.572777123780507,0.677,0.582,5.89587682410859e-240,"3","Anxa3"
1.40545779861605e-232,0.739056920839992,0.644,0.57,2.67809983526288e-228,"3","Ddx5"
3.33073214768241e-232,0.809065654696362,0.5,0.349,6.34671010740883e-228,"3","Rogdi"
2.60827345347001e-231,0.701263719876247,0.602,0.5,4.97006506558711e-227,"3","Cmtm6"
3.42267669019072e-224,0.685137847206639,0.591,0.48,6.52191043315841e-220,"3","Eeig2"
5.97474199950376e-222,0.585442123763669,0.633,0.513,1.13848708800544e-217,"3","Cd33"
1.50071415075605e-221,0.690284405786917,0.51,0.358,2.85961081426566e-217,"3","Lag3"
4.24080883460968e-207,0.598246145787816,0.633,0.534,8.08086123434875e-203,"3","Macf1"
4.96270819906809e-202,0.555015584757621,0.624,0.507,9.45644047332425e-198,"3","Rsrp1"
1.5426507871383e-193,0.532678572362372,0.683,0.615,2.93952107489203e-189,"3","Rgs10"
2.5616857802765e-190,1.17831575871997,0.5,0.39,4.88129225431687e-186,"3","Klf4"
1.96268394058569e-189,0.729923642483477,0.607,0.498,3.73989424878603e-185,"3","Pfkfb3"
5.96814027469153e-189,0.727539003670597,0.549,0.457,1.13722912934247e-184,"3","Ifngr1"
3.75879581165002e-177,0.731058278248209,0.53,0.42,7.1623854190991e-173,"3","Dock10"
3.27940794784918e-170,0.51465601454279,0.652,0.521,6.24891184462661e-166,"3","Ccl3"
7.81751411501441e-168,0.775457646049803,0.555,0.45,1.489627314616e-163,"3","Ier2"
4.36545096997357e-160,0.6975939225547,0.612,0.557,8.31836682328464e-156,"3","Dusp1"
1.88186728209811e-136,0.787355700518525,0.54,0.479,3.58589810603795e-132,"3","Klf6"
1.65524934580274e-130,0.561279073338826,0.593,0.53,3.15407762842712e-126,"3","Camk1"
1.28801920305217e-121,0.643839156725309,0.516,0.427,2.4543205914159e-117,"3","Atp8a1"
2.79764884732942e-121,0.593818831092275,0.57,0.488,5.3309198785862e-117,"3","Zfp36l2"
2.67163844163945e-110,0.68109951170013,0.604,0.565,5.09080705054397e-106,"3","Fosb"
3.16897351940034e-96,0.573064065711088,0.525,0.451,6.03847904121735e-92,"3","Ctsl"
2.72973611246483e-89,0.75544538028057,0.5,0.433,5.20151216230172e-85,"3","Srsf7"
3.02579059446409e-81,0.579637619479362,0.519,0.466,5.76564397775133e-77,"3","Arhgef1"
1.06635726105365e-74,0.509862732915809,0.51,0.457,2.03194376093773e-70,"3","Tgfbr2"
2.30556131397127e-42,0.698424068010947,0.535,0.533,4.39324708377225e-38,"3","Brd2"
0,2.76380937522384,0.783,0.234,0,"4","Dennd4a"
0,2.7261609916084,0.818,0.275,0,"4","Map2k3"
0,2.3422176642003,0.967,0.442,0,"4","Il1a"
0,3.0107939066406,0.648,0.155,0,"4","Tnfrsf12a"
0,2.2788050054183,0.963,0.472,0,"4","Kdm6b"
0,3.13622493764275,0.69,0.206,0,"4","Itga5"
0,2.58088166194499,0.786,0.315,0,"4","Nfkb1"
0,2.72819734196402,0.683,0.22,0,"4","Slc11a2"
0,2.46601585334468,0.741,0.285,0,"4","Swap70"
0,2.02612249784217,0.843,0.402,0,"4","Trib1"
0,2.25661777625837,0.747,0.307,0,"4","Nlrp3"
0,2.04008239471329,0.752,0.322,0,"4","Mapk6"
0,2.4135986118287,0.664,0.239,0,"4","Dot1l"
0,2.6332137250763,0.65,0.225,0,"4","Txnrd1"
0,2.16231924741634,0.691,0.266,0,"4","Nfkb2"
0,1.55035568462242,0.875,0.462,0,"4","Cd83"
0,1.57329896888157,0.842,0.43,0,"4","Pmp22"
0,1.2333242191028,0.81,0.404,0,"4","Pim1"
0,1.77445770733936,0.739,0.338,0,"4","Icam1"
0,2.25820054305632,0.749,0.351,0,"4","Lpin2"
0,1.33805462483193,0.687,0.292,0,"4","Tnf"
0,1.89534642098367,0.803,0.411,0,"4","Bach1"
0,2.62408804850768,0.567,0.176,0,"4","Abl2"
0,2.01664586608502,0.759,0.378,0,"4","Sbno2"
0,1.28473889333401,0.807,0.427,0,"4","Gadd45b"
0,1.87831040542412,0.697,0.319,0,"4","Azin1"
0,2.14045823917692,0.875,0.5,0,"4","Jmjd1c"
0,1.53506009335385,0.877,0.504,0,"4","Plekho2"
0,1.0741711740003,0.872,0.499,0,"4","Ccl3"
0,2.34437706145916,0.602,0.232,0,"4","Cpd"
0,2.37675991955554,0.575,0.206,0,"4","Ell2"
0,1.6968368914977,0.752,0.384,0,"4","Tuba1c"
0,1.89198590167782,0.579,0.213,0,"4","Vps37b"
0,1.48909734510622,0.837,0.471,0,"4","Rel"
0,1.99306748538676,0.543,0.183,0,"4","Dusp5"
0,1.65646083577497,0.658,0.306,0,"4","Clic4"
0,2.39987875592198,0.528,0.178,0,"4","Spag9"
0,2.28990468665866,0.525,0.176,0,"4","Stk40"
0,1.4182301536098,0.59,0.243,0,"4","Marcksl1"
0,1.76016677523221,0.543,0.2,0,"4","Lmna"
0,2.00348231688235,0.569,0.232,0,"4","Etv3"
0,1.55627805886359,0.846,0.509,0,"4","Basp1"
0,1.18029143056349,0.812,0.477,0,"4","Pfkfb3"
0,1.01112197107714,0.792,0.458,0,"4","Ccl4"
0,1.35911035119801,0.794,0.461,0,"4","Nfkbib"
0,1.40439188061619,0.736,0.403,0,"4","Tbc1d10a"
0,2.19756674955597,0.538,0.208,0,"4","Ptpn23"
0,1.81524049901596,0.651,0.323,0,"4","Lrrfip1"
0,1.83752958665093,0.6,0.273,0,"4","Ndel1"
0,1.04855215062026,0.931,0.606,0,"4","Id2"
0,1.35605855771888,0.903,0.58,0,"4","Ifrd1"
0,1.160894996418,0.687,0.365,0,"4","Cd14"
0,1.51708735018762,0.688,0.366,0,"4","Rab20"
0,1.67048222158935,0.565,0.254,0,"4","Maff"
0,1.8846878326126,0.698,0.393,0,"4","Fnip2"
0,1.58614259468148,0.736,0.434,0,"4","Ube2f"
0,1.69665857836781,0.607,0.307,0,"4","Zfp703"
0,1.69314027576877,0.61,0.311,0,"4","Tnip2"
0,2.00469717875636,0.617,0.32,0,"4","Jak1"
0,2.17907118999065,0.613,0.316,0,"4","Pik3r5"
0,1.71642413751452,0.825,0.528,0,"4","Arap1"
0,1.42332910348554,0.909,0.615,0,"4","Skil"
0,1.70375477478867,0.599,0.307,0,"4","Fbxw11"
0,1.31248926619345,0.884,0.601,0,"4","C3ar1"
0,1.69882929651408,0.563,0.28,0,"4","Stat3"
0,1.36691493842899,0.594,0.317,0,"4","Plau"
0,1.75126945886984,0.552,0.276,0,"4","Cln8"
0,1.11101464186566,0.812,0.537,0,"4","Epb41l2"
0,1.76282871074653,0.546,0.272,0,"4","Baz1a"
0,1.56718563927807,0.657,0.383,0,"4","Rela"
0,1.42679391120565,0.572,0.298,0,"4","Bcl2l1"
0,1.25233819465178,0.607,0.333,0,"4","Gnl3"
0,1.32996422729405,0.542,0.272,0,"4","Pde4b"
0,1.31306717971717,0.719,0.451,0,"4","Cd86"
0,1.16973915751544,0.588,0.328,0,"4","Dst"
0,1.11104787792587,0.504,0.248,0,"4","Whrn"
0,1.75667355492055,0.514,0.26,0,"4","Arih1"
0,1.56149474848462,0.608,0.355,0,"4","Erbin"
0,1.75941630641763,0.509,0.257,0,"4","Acbd3"
0,1.3827150564844,0.567,0.315,0,"4","Kras"
0,1.54745012800145,0.561,0.31,0,"4","Fnip1"
0,1.34031149941391,0.609,0.358,0,"4","Vasp"
0,1.40865952306683,0.966,0.715,0,"4","Slc15a3"
0,1.29381066941521,0.561,0.313,0,"4","Birc3"
0,1.08395369972464,0.717,0.471,0,"4","Actg1"
0,1.39064442093385,0.852,0.607,0,"4","Irf5"
0,1.47945828207118,0.634,0.389,0,"4","Chd4"
0,1.244041099391,0.617,0.376,0,"4","Sun2"
0,1.42282314510211,0.506,0.269,0,"4","Nup98"
0,1.40945344361921,0.697,0.46,0,"4","Lcp2"
0,1.48095752760507,0.687,0.452,0,"4","Rab8b"
0,1.35504689394395,0.511,0.276,0,"4","Dgkd"
0,0.896769376973484,0.743,0.508,0,"4","Cxcl16"
0,1.29787628707788,0.528,0.294,0,"4","Nktr"
0,1.22242002989989,0.952,0.719,0,"4","Gna13"
0,1.45096148441988,0.51,0.283,0,"4","Itpkb"
0,0.655235546803721,0.786,0.559,0,"4","Bin1"
0,1.41226053578079,0.503,0.279,0,"4","Pik3r1"
0,1.33177399393976,0.536,0.314,0,"4","Senp2"
0,1.28176729910209,0.598,0.378,0,"4","Ptbp1"
0,1.19610384757725,0.609,0.389,0,"4","Tra2b"
0,1.20759282541085,0.528,0.309,0,"4","Sipa1l2"
0,1.76290617203161,0.535,0.317,0,"4","Itgav"
0,0.847212529918428,0.532,0.314,0,"4","Nr4a1"
0,0.838174445924968,0.822,0.604,0,"4","Ccnl1"
0,1.51757823123772,0.571,0.354,0,"4","Ptprj"
0,0.740161972429096,0.502,0.287,0,"4","Smad7"
0,1.35572603394417,0.657,0.443,0,"4","B4galt1"
0,1.23429849006346,0.709,0.501,0,"4","Ptbp3"
0,1.73824954661558,0.949,0.746,0,"4","Pik3ap1"
0,0.90464856892209,0.506,0.305,0,"4","Lfng"
0,0.584260280176716,0.633,0.432,0,"4","Ninj1"
0,1.22142437500501,0.519,0.322,0,"4","Ddx6"
0,1.24648676807434,0.524,0.328,0,"4","Cndp2"
0,1.20459508912322,0.552,0.357,0,"4","Naa50"
0,1.20453137561313,0.847,0.652,0,"4","Rap1b"
0,1.30410660173183,0.535,0.342,0,"4","Ankrd13a"
0,0.930162684165181,0.584,0.392,0,"4","Mapkapk2"
0,0.647075645460441,0.739,0.551,0,"4","Vmp1"
0,0.962608639190177,0.595,0.408,0,"4","Tlr2"
0,1.14336640441278,0.512,0.327,0,"4","Smox"
0,0.997504580251127,0.722,0.538,0,"4","Mef2a"
0,0.832220714266304,0.822,0.639,0,"4","Msn"
0,1.13799544691439,0.646,0.464,0,"4","BC005537"
0,1.05498782341351,0.621,0.441,0,"4","Gde1"
0,0.62570220902812,0.708,0.533,0,"4","Zc3h12a"
0,1.1568752878231,0.81,0.637,0,"4","Zeb2"
0,0.779061237244629,0.645,0.472,0,"4","Man1a"
0,0.893917594167259,0.613,0.44,0,"4","Itgb2"
0,0.947357202227114,0.644,0.474,0,"4","Wnk1"
0,1.04028968734804,0.675,0.509,0,"4","Ncf2"
0,0.648685645182161,0.771,0.605,0,"4","Zfand5"
0,0.665457188679653,0.807,0.644,0,"4","Kctd12"
0,0.951198886802286,0.679,0.518,0,"4","Wdr26"
0,1.06764112780493,0.678,0.517,0,"4","Spi1"
0,0.672055965200592,0.689,0.529,0,"4","Macf1"
0,0.983200495921011,0.689,0.536,0,"4","Sema4d"
0,0.873706030034543,0.588,0.445,0,"4","Tgfb1"
0,0.729458343441453,0.787,0.646,0,"4","Cyfip1"
0,0.554122575224166,0.925,0.832,0,"4","Plek"
4.14420109151963e-295,0.971505076632017,0.513,0.361,7.89677517989066e-291,"4","Hnrnpk"
7.85186370763639e-294,0.932706066797148,0.504,0.334,1.49617262949011e-289,"4","Pcf11"
1.14529909037885e-291,0.526370997915512,0.713,0.541,2.1823674167169e-287,"4","Elmo1"
3.11588550852354e-289,0.970079060048749,0.548,0.409,5.9373198364916e-285,"4","Zfand3"
3.62093527297351e-287,0.956003508905392,0.506,0.355,6.89969216265102e-283,"4","Tatdn2"
4.3979902876861e-284,0.541286108455093,0.753,0.598,8.38037049318587e-280,"4","Tgfbr1"
5.58182715737172e-276,0.643798204208125,0.556,0.386,1.06361716483718e-271,"4","Tnfaip3"
5.54168422497694e-275,0.589152109329133,0.68,0.521,1.05596792906936e-270,"4","Nfkbiz"
1.39405052190783e-272,0.696497250129006,0.652,0.524,2.65636326949536e-268,"4","Eif4g2"
4.46932055881591e-259,0.685093770802926,0.583,0.414,8.51629032482372e-255,"4","Frmd4a"
9.95529936691638e-255,0.791415913644979,0.645,0.527,1.89698229436592e-250,"4","Syk"
6.89209473313984e-249,0.880774370061436,0.506,0.353,1.3132886513998e-244,"4","Ddx21"
4.19415909590737e-237,0.606982906045389,0.645,0.506,7.9919701572515e-233,"4","Fmnl3"
2.68092849606579e-236,0.824826258899138,0.555,0.429,5.10850924925336e-232,"4","Hck"
1.29111193429505e-231,0.698067010553482,0.539,0.388,2.46021379079921e-227,"4","Pmepa1"
1.65687106599489e-227,0.777389388388987,0.538,0.407,3.15716781625326e-223,"4","Btg1"
9.98672112176326e-227,0.574126069103023,0.704,0.6,1.90296970975199e-222,"4","Rbm39"
1.04330791569562e-224,0.591553231614069,0.704,0.61,1.988023233358e-220,"4","Edem1"
1.76903555173156e-223,0.939322782735083,0.501,0.385,3.37089724382448e-219,"4","Rtn4"
3.82181529308539e-218,0.751395685676109,0.51,0.358,7.28246904097421e-214,"4","Spata13"
1.66792539845599e-198,0.691965712158143,0.505,0.363,3.17823184675788e-194,"4","Hmox1"
2.91670573100256e-196,0.535621271325946,0.618,0.493,5.55778277042538e-192,"4","Nfe2l2"
6.53303024721145e-194,0.886018765561233,0.516,0.408,1.24486891360614e-189,"4","Sh3bp2"
3.67383287959203e-193,0.595080612554273,0.628,0.507,7.00048855206262e-189,"4","Daglb"
7.9281650737493e-192,0.807848456942004,0.502,0.392,1.51071185480293e-187,"4","Nrros"
1.72999365710607e-191,0.718171228202111,0.551,0.45,3.29650291361562e-187,"4","Rab1a"
5.99561749012497e-177,0.690860894569864,0.591,0.482,1.14246491274331e-172,"4","Entpd1"
6.18837551329646e-167,0.531047100577247,0.553,0.437,1.17919495405864e-162,"4","Cltc"
1.97856343853602e-162,0.704403842823883,0.554,0.457,3.77015263213038e-158,"4","Brd4"
4.23859406142525e-148,0.68838688826765,0.501,0.393,8.07664098404582e-144,"4","Ddx3y"
3.27174538026921e-140,0.561955222942923,0.576,0.484,6.23431082210298e-136,"4","Son"
4.0099452092489e-134,0.542005500463301,0.578,0.499,7.64095059622378e-130,"4","Scpep1"
1.49572624889423e-125,0.586529947418898,0.509,0.413,2.85010636726796e-121,"4","Tlr7"
7.72574097427783e-117,0.551349745285,0.663,0.583,1.47213994264864e-112,"4","Slc11a1"
1.60772423497436e-104,0.525333580940262,0.521,0.428,3.06351852974364e-100,"4","Srsf6"
0,2.74537920845205,0.861,0.187,0,"5","Vim"
0,3.13632493850844,0.736,0.101,0,"5","Vegfa"
0,2.06335294349496,0.81,0.195,0,"5","Lgals3"
0,3.62889845283939,0.67,0.071,0,"5","Thbs1"
0,2.1093596402422,0.771,0.193,0,"5","Lyz2"
0,2.8310745897563,0.661,0.125,0,"5","Cd44"
0,1.79846812964085,0.824,0.288,0,"5","Anxa5"
0,2.63411745629432,0.668,0.133,0,"5","Sik1"
0,2.29292489748427,0.739,0.208,0,"5","Plaur"
0,1.65380023995543,0.859,0.334,0,"5","Apoe"
0,1.80748481603512,0.899,0.381,0,"5","Srgn"
0,1.4627621736901,0.909,0.393,0,"5","Pim1"
0,1.71256348953782,0.701,0.189,0,"5","Txn1"
0,2.70322448401717,0.621,0.111,0,"5","Adgre5"
0,2.11082699726222,0.668,0.164,0,"5","Lyz1"
0,2.37859691505104,0.64,0.142,0,"5","Trps1"
0,2.51392008122757,0.662,0.173,0,"5","Tgm2"
0,1.71885695860907,0.77,0.289,0,"5","Ets2"
0,1.68463056568119,0.83,0.349,0,"5","Cd14"
0,1.91569169642906,0.685,0.212,0,"5","Plin2"
0,1.82504169852463,0.636,0.165,0,"5","Pla2g7"
0,2.26573542704921,0.55,0.08,0,"5","Cytip"
0,2.70049372833772,0.581,0.113,0,"5","Fam107b"
0,1.67423717860851,0.733,0.265,0,"5","Cd74"
0,1.75830080985395,0.671,0.205,0,"5","H2-Ab1"
0,1.15210974037721,0.803,0.337,0,"5","Lilrb4a"
0,2.14761010670665,0.62,0.154,0,"5","Fosl2"
0,2.03403894918041,0.616,0.15,0,"5","Bhlhe40"
0,2.09417657669507,0.625,0.161,0,"5","Cxcl2"
0,2.29546061414942,0.602,0.14,0,"5","Iqgap1"
0,2.31922134504445,0.608,0.148,0,"5","Metrnl"
0,1.70089641252358,0.609,0.149,0,"5","Msrb1"
0,1.98204277223063,0.599,0.14,0,"5","Myof"
0,2.37502015369255,0.594,0.136,0,"5","Cyth1"
0,2.16291890108771,0.604,0.149,0,"5","Tgfbi"
0,1.69696758106698,0.619,0.172,0,"5","Ms4a7"
0,2.01490659021882,0.635,0.19,0,"5","Lmna"
0,2.57961613281424,0.543,0.099,0,"5","Antxr2"
0,1.42405812502049,0.693,0.256,0,"5","Pde4b"
0,1.79543596199326,0.613,0.177,0,"5","Fxyd5"
0,1.48856821902014,0.733,0.299,0,"5","Rnf149"
0,1.8033711862997,0.623,0.191,0,"5","H2-Aa"
0,1.73007464177905,0.593,0.161,0,"5","Slamf7"
0,2.09936311030672,0.581,0.153,0,"5","Trim25"
0,1.59679862500277,0.696,0.271,0,"5","Emp3"
0,2.28324497982734,0.566,0.141,0,"5","Got1"
0,1.12407128366314,0.72,0.299,0,"5","Clic4"
0,1.30545097365662,0.695,0.279,0,"5","Cdkn1a"
0,1.86841025941413,0.582,0.167,0,"5","Rbms1"
0,1.47565931324911,0.585,0.17,0,"5","Ifitm2"
0,1.23551189307078,0.824,0.412,0,"5","Cstb"
0,1.6658661675244,0.549,0.141,0,"5","Gpnmb"
0,1.74619916730462,0.58,0.18,0,"5","H2-Eb1"
0,1.55483694813408,0.585,0.192,0,"5","Anxa4"
0,1.48122557221179,0.741,0.349,0,"5","Slfn2"
0,1.49955481201526,0.74,0.349,0,"5","Atp2b1"
0,1.67794685162313,0.577,0.187,0,"5","Jdp2"
0,2.04614826024596,0.522,0.136,0,"5","Diaph1"
0,1.35935262130738,0.798,0.414,0,"5","Ninj1"
0,1.09006590776719,0.71,0.33,0,"5","Axl"
0,1.61719980010347,0.565,0.187,0,"5","App"
0,1.18376819422735,0.761,0.384,0,"5","Gpx1"
0,1.65868852310125,0.529,0.152,0,"5","Wfdc17"
0,1.87899613002154,0.504,0.128,0,"5","Clec12a"
0,1.6886754198364,0.518,0.143,0,"5","Fabp5"
0,1.05371909015194,0.758,0.384,0,"5","Tuba1c"
0,1.29678515822304,0.604,0.231,0,"5","Tmem106a"
0,1.13714947073037,0.69,0.319,0,"5","Lrrfip1"
0,1.79042655559035,0.53,0.16,0,"5","Nfil3"
0,1.33073885197054,0.641,0.276,0,"5","Peds1"
0,1.21763651399285,0.593,0.229,0,"5","Prdx1"
0,1.38737783779434,0.601,0.239,0,"5","Prdx5"
0,1.18099016614678,0.853,0.492,0,"5","Npc2"
0,1.28339068739321,0.65,0.29,0,"5","H3f3a"
0,1.32599391092328,0.547,0.189,0,"5","Aldh2"
0,1.58447694246142,0.527,0.174,0,"5","Rab7b"
0,1.26690197245446,0.6,0.249,0,"5","Osbpl8"
0,0.68652641828406,0.697,0.347,0,"5","Cd52"
0,1.32261078778881,0.597,0.25,0,"5","Card19"
0,0.908286557995389,0.724,0.378,0,"5","Bst2"
0,0.975872906466503,0.747,0.403,0,"5","Gm2a"
0,1.48506305983181,0.55,0.207,0,"5","Tmbim1"
0,1.27347822320936,0.558,0.218,0,"5","Ybx1"
0,1.28465543442299,0.958,0.618,0,"5","Cebpb"
0,1.24472099818272,0.611,0.272,0,"5","Itpkb"
0,1.395507636292,0.564,0.228,0,"5","Mbnl2"
0,1.07080079136488,0.537,0.21,0,"5","Ell2"
0,1.09537301606732,0.644,0.317,0,"5","P2rx4"
0,1.14018526182425,0.612,0.29,0,"5","Ms4a6d"
0,1.01732821150515,0.55,0.234,0,"5","Ifi207"
0,0.968897984361428,0.608,0.293,0,"5","Sdc3"
0,1.01931673000881,0.821,0.508,0,"5","Syk"
0,1.04451021715259,0.787,0.477,0,"5","Abca1"
0,1.06277832019636,0.912,0.602,0,"5","Fth1"
0,0.867184667188502,0.716,0.407,0,"5","Akr1a1"
0,1.05559638914146,0.554,0.247,0,"5","Atp5e"
0,0.811014599402229,0.541,0.237,0,"5","Txnrd1"
0,1.01945659679361,0.618,0.314,0,"5","Adam9"
0,1.08817708729299,0.578,0.275,0,"5","Lipa"
0,0.984858732470121,0.632,0.33,0,"5","Shisa5"
0,0.997198917712373,0.54,0.239,0,"5","Tspo"
0,1.24412338425554,0.536,0.236,0,"5","Csf2rb"
0,1.10074572150721,0.585,0.286,0,"5","Ppp2ca"
0,0.742046395350856,0.522,0.224,0,"5","Itga5"
0,1.03750061239882,0.594,0.296,0,"5","Spty2d1"
0,0.913939319251587,0.798,0.501,0,"5","Arpc1b"
0,1.2743890739619,0.501,0.205,0,"5","Cd47"
0,0.938993076024205,0.643,0.353,0,"5","Ist1"
0,0.88958622000025,0.754,0.465,0,"5","Ubl3"
0,1.08672006388306,0.543,0.259,0,"5","Slc25a3"
0,0.932542509342563,0.631,0.347,0,"5","Cd300a"
0,0.853387243969901,0.514,0.232,0,"5","Myo5a"
0,0.971730415169392,0.53,0.249,0,"5","Ndufa2"
0,1.10969864200711,0.524,0.246,0,"5","Ak2"
0,0.85416229872992,0.638,0.36,0,"5","Cyba"
0,0.692401491626633,0.611,0.333,0,"5","Bcl2l11"
0,1.0559287420042,0.5,0.225,0,"5","D8Ertd738e"
0,0.823378903634532,0.553,0.278,0,"5","Ndel1"
0,0.7225774870952,0.6,0.325,0,"5","Psmb8"
0,0.669351271495765,0.526,0.254,0,"5","Dot1l"
0,0.903057240200227,0.588,0.316,0,"5","Rab7"
0,1.32035656279098,0.875,0.604,0,"5","Psap"
0,0.982986388215112,0.513,0.243,0,"5","Sertad1"
0,0.820909442571381,0.663,0.393,0,"5","Gabarap"
0,0.874641565209171,0.557,0.29,0,"5","Lrrc59"
0,0.846829297931805,0.56,0.294,0,"5","Nuak2"
0,0.817783434553977,0.576,0.311,0,"5","Zfp703"
0,0.937614525111138,0.522,0.26,0,"5","Gngt2"
0,0.818071241311751,0.598,0.337,0,"5","Ifnar1"
0,0.831033025775393,0.5,0.24,0,"5","Tiparp"
0,0.843711061730998,0.739,0.48,0,"5","Nfe2l2"
0,0.630420802587055,0.708,0.45,0,"5","Rab8b"
0,0.786771402389049,0.694,0.437,0,"5","Dhrs3"
0,0.581624999888017,0.653,0.398,0,"5","Fnip2"
0,0.81328218477583,0.868,0.614,0,"5","Sdcbp"
0,0.82022898694523,0.527,0.273,0,"5","Rnf4"
0,0.908425750887191,0.507,0.254,0,"5","H2-D1"
0,0.844143857060828,0.749,0.497,0,"5","Fcgr2b"
0,0.537582875135577,0.756,0.506,0,"5","Cxcl16"
0,0.81464136240545,0.543,0.294,0,"5","Myo1c"
0,0.78012232974039,0.51,0.261,0,"5","Mknk2"
0,0.632069434248073,0.604,0.356,0,"5","Atp6v1b2"
0,0.561035135421677,0.705,0.457,0,"5","BC005537"
0,0.724211091637746,0.564,0.319,0,"5","Rack1"
0,0.811984368929278,0.505,0.261,0,"5","Degs1"
0,0.773177895309782,0.621,0.38,0,"5","Atp1b3"
0,0.693899946358046,0.636,0.396,0,"5","Adipor1"
0,0.530052964946168,0.672,0.435,0,"5","Gde1"
0,0.771227303144649,0.517,0.282,0,"5","Gpsm3"
0,0.585660345205983,0.695,0.461,0,"5","Arhgdib"
0,0.790126182127166,0.74,0.508,0,"5","Lamp1"
0,0.766566431889168,0.502,0.271,0,"5","Ppp1r15b"
0,0.65312627530905,0.53,0.3,0,"5","Sh3bgrl3"
0,0.894205031665325,0.87,0.64,0,"5","Tpt1"
0,0.646511870857083,0.611,0.383,0,"5","Tnfrsf1a"
0,0.653310796212756,0.794,0.569,0,"5","Slc11a1"
0,0.697083327441886,0.512,0.289,0,"5","Atp6v0d1"
0,0.611932761174851,0.571,0.348,0,"5","Tatdn2"
0,0.898027789150171,0.92,0.699,0,"5","Ucp2"
0,0.722870544899952,0.696,0.475,0,"5","Alox5ap"
0,0.504388978012248,0.699,0.478,0,"5","Cfl1"
0,0.743823286075776,0.513,0.296,0,"5","N4bp1"
0,0.570766091071765,0.721,0.505,0,"5","Irf2bp2"
0,0.629690650573086,0.65,0.436,0,"5","Itgb2"
0,0.568444018597543,0.565,0.351,0,"5","Tm6sf1"
0,0.660414960030443,0.521,0.308,0,"5","Arpc2"
0,0.958045197822742,0.665,0.453,0,"5","Cd63"
0,0.709380124844009,0.525,0.316,0,"5","H2-DMa"
0,0.502580234786655,0.519,0.315,0,"5","Fbxw11"
0,0.865157748147952,0.824,0.636,0,"5","Ctsb"
0,0.52368933188243,0.843,0.671,0,"5","Fcer1g"
0,0.540057678624276,0.847,0.676,0,"5","Cd68"
0,0.50575774711565,0.924,0.762,0,"5","Mcl1"
0,0.504608183265172,0.876,0.729,0,"5","Eef1a1"
5.97498812740869e-293,0.627486059174174,0.916,0.889,1.13853398767772e-288,"5","Ctss"
7.73434809447626e-275,0.503305502718058,0.582,0.383,1.47378002940245e-270,"5","Dusp3"
3.34778009366795e-270,0.559820269313331,0.507,0.323,6.37919496848428e-266,"5","Sh2b2"
4.20358770439078e-232,0.54843203540003,0.674,0.509,8.00993637071662e-228,"5","Creg1"
0,1.97253783980383,0.903,0.34,0,"6","Apoe"
0,2.07708369693389,0.743,0.206,0,"6","Lyz2"
0,2.38237011812231,0.692,0.174,0,"6","Ms4a7"
0,1.64277650739308,0.804,0.329,0,"6","Axl"
0,1.57488476570442,0.728,0.274,0,"6","Cd74"
0,1.95674189083197,0.621,0.177,0,"6","Lyz1"
0,1.48859362875026,0.648,0.216,0,"6","H2-Ab1"
0,1.88557357915911,0.571,0.16,0,"6","Tgfbi"
0,1.78291020100709,0.571,0.161,0,"6","Msrb1"
0,1.90658993926259,0.571,0.171,0,"6","Slamf7"
0,1.66401785351463,0.545,0.149,0,"6","Gpnmb"
0,1.50680405797469,0.594,0.201,0,"6","H2-Aa"
0,1.44177121436466,0.772,0.38,0,"6","Bst2"
0,2.02130510814062,0.544,0.153,0,"6","Myof"
0,1.15039996174974,0.696,0.309,0,"6","Anxa5"
0,1.73201917192452,0.622,0.236,0,"6","Tmem106a"
0,2.33592108062897,0.519,0.134,0,"6","Clec12a"
0,1.44984924283698,0.565,0.18,0,"6","Pla2g7"
0,0.749719539190935,0.606,0.225,0,"6","Lgals3"
0,1.4723003390118,0.558,0.189,0,"6","H2-Eb1"
0,0.732110500225724,0.69,0.355,0,"6","Lilrb4a"
0,0.819130091061809,0.681,0.355,0,"6","Cd52"
0,0.915826195671688,0.535,0.213,0,"6","Txn1"
0,1.3428064273846,0.509,0.199,0,"6","Aldh2"
0,0.898394989719296,0.719,0.411,0,"6","Gm2a"
0,1.22371521528485,0.625,0.325,0,"6","P2rx4"
0,0.978222877724003,0.801,0.503,0,"6","Npc2"
0,0.98602647836841,0.693,0.397,0,"6","Gpx1"
0,1.24017193736537,0.527,0.236,0,"6","Myo5a"
0,1.1727617313487,0.584,0.298,0,"6","Ms4a6d"
0,1.25407321161945,0.567,0.282,0,"6","Lipa"
0,1.06320647114149,0.581,0.301,0,"6","Sdc3"
0,0.923660125670726,0.519,0.242,0,"6","Ifi207"
0,1.3467685136171,0.558,0.282,0,"6","Atp13a2"
0,1.01276337667926,0.51,0.236,0,"6","Plin2"
0,0.704592589017552,0.7,0.431,0,"6","Cstb"
0,1.0788869009494,0.704,0.441,0,"6","Dhrs3"
0,0.77266225374527,0.554,0.292,0,"6","Emp3"
0,1.21242723514463,0.863,0.61,0,"6","Psap"
0,1.03962788619866,0.505,0.254,0,"6","Prdx5"
0,1.01705760359392,0.507,0.257,0,"6","Atp5e"
0,0.833283052039913,0.664,0.418,0,"6","Akr1a1"
0,0.886635787412759,0.585,0.34,0,"6","Shisa5"
0,1.07065203529304,0.513,0.269,0,"6","Apobec1"
0,0.838112925548557,0.571,0.332,0,"6","Psmb8"
0,0.542462058600966,0.628,0.397,0,"6","Lgals3bp"
0,0.809436952389185,0.8,0.641,0,"6","Ctsb"
0,0.561937945303154,0.819,0.677,0,"6","Fcer1g"
9.67149494638824e-308,0.785635116731297,0.583,0.37,1.84290336203428e-303,"6","Cyba"
1.65599947637464e-296,0.934369330252365,0.5,0.298,3.15550700223188e-292,"6","Rtcb"
2.02980088699667e-288,0.574306635759647,0.786,0.626,3.86778559017216e-284,"6","Sdcbp"
1.90099997295038e-285,0.60183725062637,0.797,0.634,3.62235544845695e-281,"6","Fos"
1.69752110146103e-280,0.686032994396189,0.7,0.516,3.23462645883399e-276,"6","Lamp1"
8.42336198712633e-278,0.585732179432431,0.819,0.704,1.60507162664692e-273,"6","Mpeg1"
1.22049708094527e-275,0.656135548237869,0.694,0.507,2.32565718774121e-271,"6","Fcgr2b"
7.4032731869481e-270,0.76208275035825,0.515,0.32,1.41069370577296e-265,"6","H2-DMa"
4.48926751025015e-267,0.57684456110295,0.711,0.514,8.55429924078165e-263,"6","Arpc1b"
2.34973523588904e-259,0.613455943151095,0.708,0.525,4.47742049198656e-255,"6","Vamp8"
5.87238521998479e-251,0.642782519697453,0.704,0.503,1.1189830036681e-246,"6","Rsrp1"
1.42427813269409e-250,0.847876909995722,0.637,0.476,2.71396198184859e-246,"6","Adgre1"
1.5214529847317e-249,0.686943045407212,0.515,0.308,2.89912866240625e-245,"6","H3f3a"
3.16563197374346e-245,0.596234258179857,0.741,0.591,6.03211172596817e-241,"6","Ly6e"
2.53009443291671e-240,0.752652910740526,0.531,0.327,4.82109494192279e-236,"6","Rack1"
1.73298652149223e-236,0.741548651461067,0.587,0.405,3.30220581670344e-232,"6","Adipor1"
2.70313321340695e-231,0.525505495797171,0.796,0.683,5.15082033814695e-227,"6","Ctsh"
3.45516752684339e-226,0.745408021711688,0.555,0.38,6.58382172240008e-222,"6","Trafd1"
1.99314028158834e-206,0.659629793373986,0.528,0.348,3.79792880656657e-202,"6","Ptpn18"
4.12092283906103e-201,0.611046953306397,0.548,0.365,7.8524184698308e-197,"6","Atp6v1b2"
2.03875113942101e-198,0.711120573792352,0.534,0.361,3.88484029616673e-194,"6","Cd300a"
2.91086034038785e-193,0.584521456093845,0.698,0.542,5.54664437860905e-189,"6","Cd84"
4.47195026690359e-181,0.55261192336729,0.678,0.527,8.52130123358479e-177,"6","Ctsc"
1.93029179915516e-176,0.575151749404406,0.626,0.465,3.67817102329017e-172,"6","Tapbp"
2.48118578204549e-166,0.660585884925141,0.508,0.347,4.72789950768769e-162,"6","Bcl2l11"
3.49371836627291e-166,0.603474697919378,0.585,0.405,6.65728034693304e-162,"6","Gabarap"
1.98393524594406e-164,0.513661104804472,0.607,0.448,3.78038861114641e-160,"6","Myo1f"
5.02885301605953e-152,0.529342985524883,0.643,0.501,9.58247942210143e-148,"6","Rasa4"
5.18108603990931e-138,0.510983395567469,0.714,0.588,9.87255944904718e-134,"6","Mafb"
4.08021246893902e-295,0.562213360732843,0.836,0.534,7.77484485956331e-291,"7","Sparc"
1.02249768848876e-202,0.557872409521535,0.669,0.454,1.94836934541534e-198,"7","Siglech"
1.53179501319924e-198,0.515849380536098,0.728,0.503,2.91883539765115e-194,"7","Tmem119"
3.05348293950894e-196,0.530276189753397,0.83,0.734,5.81841174123429e-192,"7","Qki"
2.38423127599901e-171,0.532432326390559,0.745,0.572,4.54315269641611e-167,"7","Bin1"
5.56319269341132e-56,0.540311994158114,0.595,0.515,1.06006636772953e-51,"7","Rsrp1"
0,4.81257200902649,0.955,0.096,0,"8","Mrc1"
0,4.08471013118975,0.933,0.176,0,"8","Dab2"
0,4.04272301651216,0.781,0.065,0,"8","Pf4"
0,5.42940340100093,0.692,0.027,0,"8","Cbr2"
0,3.32926479729873,0.862,0.239,0,"8","Gas6"
0,0.794395696451792,0.974,0.363,0,"8","Apoe"
0,5.5555023360254,0.629,0.02,0,"8","Cd163"
0,4.85084268010202,0.634,0.045,0,"8","Igfbp4"
0,4.31972258444988,0.652,0.072,0,"8","F13a1"
0,4.34194534280829,0.633,0.057,0,"8","Itsn1"
0,2.24768038141786,0.699,0.198,0,"8","Ms4a7"
0,3.04589277256117,0.798,0.31,0,"8","Stab1"
0,3.22043921194351,0.589,0.115,0,"8","C4b"
0,3.26287778084259,0.594,0.127,0,"8","Wwp1"
0,2.35317821663464,0.809,0.344,0,"8","Maf"
0,3.25605006210627,0.59,0.135,0,"8","Fcgrt"
0,1.78204296576478,0.622,0.195,0,"8","Ifitm2"
0,2.45533700744139,0.528,0.103,0,"8","Pltp"
0,3.00999403442477,0.548,0.143,0,"8","Dse"
0,2.47949428278059,0.739,0.347,0,"8","Snx2"
0,2.61808365536033,0.547,0.157,0,"8","Lrp6"
0,2.79693111000106,0.522,0.133,0,"8","Ms4a6b"
0,2.43812318808339,0.59,0.201,0,"8","Nfxl1"
0,2.15209258561891,0.619,0.246,0,"8","Myo5a"
0,1.57111736532216,0.769,0.399,0,"8","Bst2"
0,1.42081889308261,0.564,0.198,0,"8","Pla2g7"
0,2.14746419656833,0.561,0.211,0,"8","Aldh2"
0,1.96305283820469,0.729,0.396,0,"8","Ehd4"
0,1.68591404566788,0.577,0.247,0,"8","Hpgd"
0,1.90195645356017,0.591,0.265,0,"8","Slc9a9"
0,1.88232163129145,0.8,0.477,0,"8","Adgre1"
0,1.24190748972142,0.583,0.266,0,"8","Marcksl1"
0,1.67813045409502,0.687,0.378,0,"8","Tmem176b"
0,1.69614358443723,0.829,0.529,0,"8","Ctsc"
0,1.51376818033874,0.537,0.255,0,"8","Ifi207"
0,1.52104564780039,0.535,0.257,0,"8","Tmem106a"
0,1.22881971387969,0.764,0.49,0,"8","Cfh"
0,1.52403221023874,0.677,0.429,0,"8","Trf"
0,2.07556682307288,0.97,0.725,0,"8","Selenop"
0,1.41234231653229,0.747,0.513,0,"8","Fcgr2b"
8.86862722527575e-299,0.750707226578609,0.758,0.446,1.68991691777629e-294,"8","Txnip"
7.21327927337851e-277,0.996829267926637,0.826,0.67,1.37449036554227e-272,"8","Clta"
1.21332969404641e-276,1.43475783201654,0.577,0.312,2.31199973200544e-272,"8","Ms4a6d"
1.06708180687629e-240,1.39169907831102,0.54,0.292,2.03332438300276e-236,"8","Pid1"
7.72285663851737e-222,1.7322824436116,0.52,0.284,1.47159033246949e-217,"8","Snx3"
2.8027402041714e-212,0.576754137085645,0.902,0.784,5.34062145904861e-208,"8","Serinc3"
4.70174456523213e-205,1.16537718765429,0.634,0.471,8.95917426904982e-201,"8","Rnf130"
5.81021330615715e-200,0.548191883907073,0.926,0.84,1.10713614548824e-195,"8","Tmsb4x"
4.54348027217519e-187,1.28425589507825,0.551,0.336,8.65760165862983e-183,"8","Adam9"
9.8972327874252e-184,0.958004968662815,0.583,0.309,1.88591770764387e-179,"8","Hspa1b"
1.12555129905085e-181,1.0723945185176,0.644,0.475,2.14473800034139e-177,"8","Il10rb"
1.49188513978347e-173,0.909711933902879,0.647,0.455,2.8427871338574e-169,"8","Dhrs3"
2.60628060583518e-165,0.575565761567055,0.767,0.547,4.96626769441893e-161,"8","Fcrls"
8.61808369717975e-159,1.02765492651385,0.63,0.37,1.6421758484976e-154,"8","Hspa1a"
1.16431449229665e-154,0.850118604336537,0.721,0.578,2.21860126507127e-150,"8","Rnase4"
1.92886624026345e-133,0.924838336310966,0.6,0.443,3.67545462082199e-129,"8","Cltc"
1.37218259968998e-131,1.16289935181444,0.524,0.356,2.61469394370926e-127,"8","Ptpn18"
2.46250762439416e-103,0.533358702546821,0.796,0.707,4.69230827828307e-99,"8","Fcgr3"
7.01809402662841e-96,0.784096722526338,0.708,0.599,1.33729781677404e-91,"8","Ly6e"
9.60306044440999e-77,0.781088000240579,0.526,0.398,1.82986316768232e-72,"8","Nrros"
1.0612145605575e-76,1.17680375528541,0.535,0.405,2.02214434514232e-72,"8","Adrb2"
2.69981475509408e-69,0.6421852435046,0.579,0.432,5.14449701583177e-65,"8","Akr1a1"
1.2535837835665e-57,0.708205958139345,0.528,0.432,2.38870389958597e-53,"8","Lmo2"
2.5558261226748e-53,0.536394304518229,0.688,0.612,4.87012667675683e-49,"8","Itm2b"
1.9949771009189e-46,0.681193424837767,0.521,0.415,3.80142886580097e-42,"8","Gabarap"
1.47776481919336e-43,0.690585684832253,0.616,0.516,2.81588086297296e-39,"8","Rsrp1"
1.42404095503997e-41,0.553739690817971,0.55,0.459,2.71351003982867e-37,"8","Tgfbr2"
1.88120163183157e-35,0.567870476581224,0.608,0.537,3.58462970945505e-31,"8","Vamp8"
0,4.04208082688898,0.98,0.152,0,"9","Fabp5"
0,4.22401265767412,0.98,0.153,0,"9","Gpnmb"
0,4.04454997668948,0.901,0.104,0,"9","Anpep"
0,3.75636650604917,0.997,0.229,0,"9","Lgals3"
0,4.71809688272932,0.817,0.05,0,"9","Atp6v0d2"
0,2.97558479204609,0.928,0.169,0,"9","Msrb1"
0,3.49862573782524,0.971,0.213,0,"9","Txn1"
0,3.04776636871,0.905,0.159,0,"9","Myof"
0,3.21910579408347,0.85,0.109,0,"9","Mgst1"
0,2.69864773917867,0.958,0.225,0,"9","Lyz2"
0,2.91341091443478,0.93,0.206,0,"9","Anxa4"
0,2.57525956401137,0.898,0.189,0,"9","Lyz1"
0,3.32748752233497,0.84,0.131,0,"9","Vat1"
0,4.09698138238163,0.77,0.07,0,"9","Anxa1"
0,2.15460131558938,0.927,0.229,0,"9","Vim"
0,2.69772055246259,0.885,0.187,0,"9","Pla2g7"
0,2.96145466372699,0.929,0.234,0,"9","Plin2"
0,3.03823274988477,0.913,0.225,0,"9","Pld3"
0,4.02126077526666,0.737,0.06,0,"9","Ahnak2"
0,2.491292506789,0.793,0.133,0,"9","S100a11"
0,2.40418491520108,0.977,0.318,0,"9","Anxa5"
0,2.84588529410182,0.799,0.155,0,"9","Hpse"
0,2.03804233183374,0.817,0.182,0,"9","Slamf7"
0,2.70426781676641,0.733,0.098,0,"9","Spp1"
0,2.70812901360853,0.915,0.284,0,"9","Lipa"
0,2.39701916049895,0.794,0.167,0,"9","Wfdc17"
0,3.24773821939217,0.706,0.083,0,"9","Acp5"
0,2.31134256253609,0.865,0.244,0,"9","Prdx1"
0,1.75478171316884,0.985,0.364,0,"9","Apoe"
0,1.988724838881,0.863,0.246,0,"9","Tmem106a"
0,2.17314840791009,0.754,0.14,0,"9","Adgre5"
0,2.22000864723544,0.812,0.203,0,"9","Aldh2"
0,2.45384765895846,0.754,0.147,0,"9","Tnfsf13"
0,4.64712307396735,0.625,0.044,0,"9","S100a1"
0,2.40819152260974,0.759,0.178,0,"9","Pgam1"
0,2.02242103509896,0.934,0.361,0,"9","Atp6v1b2"
0,2.22654899633027,0.721,0.154,0,"9","Sh3bgrl"
0,2.11851811490066,0.753,0.19,0,"9","Fcgr4"
0,2.28112634013559,0.692,0.133,0,"9","Stom"
0,2.43989336794454,0.992,0.434,0,"9","Cstb"
0,1.5560205416093,0.848,0.294,0,"9","Emp3"
0,1.67087514708828,0.795,0.241,0,"9","Myo5a"
0,2.08902387267005,0.753,0.2,0,"9","Rnh1"
0,2.21336214414459,0.707,0.158,0,"9","Esyt1"
0,2.6622053159338,0.656,0.108,0,"9","Tmsb10"
0,2.04518642280157,0.913,0.368,0,"9","Cyba"
0,1.87218962474996,0.962,0.418,0,"9","Gm2a"
0,1.85641333200557,0.947,0.403,0,"9","Gpx1"
0,1.70283487728437,0.869,0.331,0,"9","P2rx4"
0,4.05672406268384,0.577,0.039,0,"9","C77080"
0,1.58047071269706,0.791,0.259,0,"9","Atp5e"
0,2.213794035819,0.66,0.129,0,"9","Dnase1l1"
0,2.60357650307004,0.985,0.456,0,"9","Cd63"
0,1.72719071743951,0.723,0.194,0,"9","Mpp1"
0,1.70860937219549,0.761,0.233,0,"9","Ybx1"
0,3.90775308023722,0.565,0.04,0,"9","Stra6l"
0,2.04135935024716,0.706,0.181,0,"9","Lrp12"
0,1.92610571721677,0.943,0.42,0,"9","Akr1a1"
0,2.23361467245381,0.678,0.156,0,"9","Gyg"
0,1.47939453363216,0.696,0.178,0,"9","Bhlhe40"
0,2.80915979588292,0.598,0.08,0,"9","Slc27a1"
0,1.74694139367071,0.786,0.268,0,"9","Gngt2"
0,1.83607226834038,0.782,0.268,0,"9","Degs1"
0,1.61449559410085,0.693,0.18,0,"9","H2bc4"
0,1.75773075069069,0.739,0.227,0,"9","Ly9"
0,5.30919040625589,0.53,0.018,0,"9","Fabp4"
0,1.2947436401583,0.774,0.266,0,"9","Osbpl8"
0,1.5987123828801,0.752,0.245,0,"9","Gsto1"
0,2.44170199258776,0.584,0.079,0,"9","Emp1"
0,2.46415682430947,0.609,0.104,0,"9","Adam8"
0,3.15766112947259,0.576,0.071,0,"9","Ttyh2"
0,1.96489937670806,0.648,0.144,0,"9","Ddhd1"
0,1.59218884232931,0.711,0.207,0,"9","App"
0,1.29681226616777,0.761,0.257,0,"9","Prdx5"
0,2.77630962347729,0.6,0.101,0,"9","Slc48a1"
0,2.19177403292239,0.589,0.092,0,"9","Cd93"
0,1.95398430570933,0.657,0.16,0,"9","Ctnnb1"
0,2.15935941421563,0.628,0.136,0,"9","Ndufa1"
0,1.6139344833888,0.752,0.262,0,"9","H2-D1"
0,1.64197383537249,0.934,0.445,0,"9","Dhrs3"
0,3.09696948366239,0.545,0.058,0,"9","Ecm1"
0,3.40129032645021,0.552,0.066,0,"9","Bst1"
0,1.18651084643616,0.793,0.309,0,"9","H3f3a"
0,1.24745843100741,0.808,0.325,0,"9","Rnf149"
0,1.42035449113308,0.686,0.203,0,"9","Fxyd5"
0,1.25303076976233,0.788,0.305,0,"9","Ms4a6d"
0,1.7811691927626,0.634,0.151,0,"9","Niban2"
0,1.5150571490457,0.788,0.307,0,"9","Sdc3"
0,1.75095112322505,0.697,0.217,0,"9","Hebp1"
0,2.50312328014585,0.987,0.509,0,"9","Creg1"
0,1.55688313228241,0.719,0.241,0,"9","Tnfsf12"
0,1.95870232367067,0.634,0.156,0,"9","Dap"
0,1.12869081613224,0.884,0.407,0,"9","Fnip2"
0,1.46597267784226,0.68,0.205,0,"9","Ndufa3"
0,1.92833288700854,0.605,0.13,0,"9","Fam20c"
0,1.91968060042071,0.986,0.511,0,"9","Npc2"
0,2.75327916377185,0.572,0.099,0,"9","Lpl"
0,1.82626643887702,0.635,0.163,0,"9","Tmem65"
0,1.66922910264995,0.649,0.178,0,"9","Ciao2a"
0,1.40622028103706,0.708,0.238,0,"9","Fis1"
0,1.30377392444185,0.812,0.344,0,"9","Shisa5"
0,1.53848496286422,0.827,0.359,0,"9","Cd300a"
0,1.55016292956911,0.648,0.182,0,"9","Eepd1"
0,1.67795875564163,0.645,0.179,0,"9","Amdhd2"
0,1.51465589114983,0.626,0.164,0,"9","Pirb"
0,3.10144800392558,0.531,0.07,0,"9","Cd36"
0,2.65766579207914,0.534,0.073,0,"9","Plxna1"
0,1.13078267503151,0.66,0.2,0,"9","Ms4a7"
0,2.00598903700733,0.575,0.115,0,"9","Gsn"
0,1.04104013098986,0.712,0.252,0,"9","Tspo"
0,1.23320572611416,0.702,0.245,0,"9","Plaur"
0,2.95923028222029,0.533,0.078,0,"9","Rnf128"
0,1.56610210128031,0.612,0.158,0,"9","Diaph1"
0,1.37529241823543,0.645,0.192,0,"9","Rbms1"
0,1.58411556855611,0.644,0.192,0,"9","Gng12"
0,1.34580430076654,0.725,0.275,0,"9","Atp6v1a"
0,1.12383423887469,0.711,0.261,0,"9","Ndufa2"
0,1.51416174691777,0.654,0.205,0,"9","Atp6v1e1"
0,2.15431442368619,0.556,0.107,0,"9","Cd300lf"
0,1.37208287645567,0.868,0.419,0,"9","Tpp1"
0,1.24880009055873,0.764,0.315,0,"9","Atp6v0e"
0,1.55101382426812,0.638,0.19,0,"9","Wdr91"
0,1.39094319058055,0.617,0.17,0,"9","Iqgap1"
0,2.67951725800378,0.524,0.078,0,"9","Plin3"
0,1.32941377830879,0.772,0.327,0,"9","Rab7"
0,2.52735319863797,0.521,0.076,0,"9","Anxa2"
0,1.49693605461686,0.636,0.191,0,"9","Tomm6"
0,1.47273585317311,0.687,0.243,0,"9","Capns1"
0,1.1660602710279,0.734,0.29,0,"9","Gpsm3"
0,1.51940768919532,0.668,0.225,0,"9","Uap1l1"
0,0.881349880301796,0.843,0.4,0,"9","Lgals3bp"
0,1.42698367905178,0.682,0.24,0,"9","Taldo1"
0,1.33531505966463,0.806,0.364,0,"9","Lhfpl2"
0,1.25788942083413,0.698,0.258,0,"9","Ak2"
0,2.11234828260683,0.56,0.121,0,"9","Adssl1"
0,1.3143097626613,0.643,0.205,0,"9","Tomm7"
0,1.22757046528606,0.875,0.437,0,"9","Ninj1"
0,2.07766909510767,0.51,0.073,0,"9","S100a10"
0,1.59303220170781,0.953,0.516,0,"9","Lamp1"
0,3.05765181854622,0.502,0.066,0,"9","Rgcc"
0,1.48538572344437,0.626,0.191,0,"9","Cox5b"
0,1.32192095010779,0.734,0.302,0,"9","Hexa"
0,1.55250498447812,0.635,0.206,0,"9","Tgm2"
0,1.09783136728078,0.777,0.35,0,"9","Psmd8"
0,1.72277760637411,0.56,0.133,0,"9","Fundc2"
0,2.33037327263583,0.553,0.128,0,"9","Hilpda"
0,1.14570457761374,0.603,0.179,0,"9","Metrnl"
0,1.7758338265093,0.563,0.139,0,"9","Cyb5r3"
0,1.38283312998944,0.828,0.405,0,"9","Gabarap"
0,1.78018357119629,0.57,0.148,0,"9","Ncoa4"
0,1.21467835828731,0.634,0.217,0,"9","Cops9"
0,2.19001709988349,0.508,0.091,0,"9","Pstpip1"
0,1.42014111780884,0.574,0.157,0,"9","Tnfaip2"
0,1.43840321612406,0.614,0.199,0,"9","Gltp"
0,2.26577804740873,0.507,0.094,0,"9","Nceh1"
0,1.37735852433362,0.62,0.208,0,"9","Naglu"
0,1.48663079001258,0.577,0.166,0,"9","Glipr1"
0,1.91663857513926,0.516,0.106,0,"9","Siglec1"
0,1.20244020121523,0.573,0.163,0,"9","Cd44"
0,1.3424186179947,0.598,0.189,0,"9","Syngr1"
0,1.68127929412574,0.537,0.13,0,"9","Blvra"
0,1.442906287179,0.556,0.149,0,"9","Vegfa"
0,1.93446318857921,0.513,0.107,0,"9","Scly"
0,1.75137489720062,0.551,0.145,0,"9","Igsf8"
0,0.926621092227855,0.788,0.385,0,"9","Trem2"
0,1.44030542451184,0.559,0.157,0,"9","Atpif1"
0,1.1691411110722,0.616,0.214,0,"9","Trappc2l"
0,1.10452408027329,0.888,0.486,0,"9","Cfl1"
0,1.59752927719336,0.56,0.158,0,"9","Ostf1"
0,1.81544025496013,0.527,0.126,0,"9","Nus1"
0,0.695100692965962,0.75,0.35,0,"9","Gla"
0,1.77712292972083,0.515,0.116,0,"9","Gpx3"
0,1.27653196772026,0.598,0.199,0,"9","Tkt"
0,1.37502115796753,0.568,0.171,0,"9","Txndc17"
0,1.90342251232698,0.502,0.106,0,"9","Fblim1"
0,2.37411375698546,0.508,0.112,0,"9","Itgax"
0,1.38418212620591,0.552,0.159,0,"9","Mfsd12"
0,1.69204935529055,0.507,0.116,0,"9","Xdh"
0,1.29628938868149,0.577,0.186,0,"9","Pon2"
0,1.38793098972703,0.835,0.444,0,"9","Itgb2"
0,1.14143747843805,0.757,0.367,0,"9","Rnasek"
0,1.05125530079775,0.661,0.271,0,"9","Tmed10"
0,1.00139533778102,0.7,0.31,0,"9","Sh3bgrl3"
0,0.94374064282922,0.772,0.383,0,"9","Rtn4"
0,1.19884863608388,0.582,0.194,0,"9","Rab1b"
0,1.05818841220164,0.803,0.417,0,"9","Nucb1"
0,0.964543139439967,0.903,0.517,0,"9","Arpc1b"
0,1.51233099816561,0.526,0.141,0,"9","Ndufb7"
0,0.927439031400915,0.604,0.219,0,"9","Mbd2"
0,0.768197521496818,0.83,0.445,0,"9","Gde1"
0,1.02531111064038,0.613,0.229,0,"9","Cmpk1"
0,1.47018175923858,0.523,0.142,0,"9","Ndufb1"
0,1.29429639705401,0.577,0.196,0,"9","Rilpl2"
0,2.70763304922029,0.998,0.618,0,"9","Psap"
0,0.885286437319163,0.628,0.249,0,"9","Maea"
0,1.01469386070735,0.63,0.252,0,"9","Csf2rb"
0,1.02054290779663,0.592,0.216,0,"9","Nedd8"
0,1.05680487843045,0.567,0.194,0,"9","Clcn7"
0,0.619644943702224,0.712,0.339,0,"9","Psmb8"
0,0.755798043512563,0.779,0.407,0,"9","Adipor1"
0,1.45352600704477,0.526,0.154,0,"9","Dpp7"
0,0.820292069821535,0.737,0.365,0,"9","Ppib"
0,1.23387401331102,0.582,0.211,0,"9","Lrpap1"
0,1.285581135125,0.537,0.166,0,"9","Tmem256"
0,1.33056675706563,0.538,0.169,0,"9","Atp5j2"
0,0.800996082890928,0.721,0.352,0,"9","Atp6v1c1"
0,0.916486653840397,0.666,0.298,0,"9","Atp6v0d1"
0,1.86706373246188,0.988,0.62,0,"9","Fth1"
0,1.44379568523071,0.508,0.141,0,"9","Sh3pxd2b"
0,1.39621689598432,0.51,0.146,0,"9","Ndufv3"
0,0.985156186791387,0.622,0.259,0,"9","Atp6v1g1"
0,1.78010611629686,0.807,0.446,0,"9","Ctsl"
0,0.976501622851638,0.827,0.466,0,"9","Tapbp"
0,0.726653897011371,0.702,0.342,0,"9","Tmem50a"
0,0.897089205612132,0.587,0.228,0,"9","Tmbim1"
0,1.42594712578063,0.505,0.146,0,"9","Ppp2r1a"
0,1.14491804646585,0.522,0.163,0,"9","Cybb"
0,1.03449403669434,0.591,0.233,0,"9","Emc7"
0,0.616736382429866,0.712,0.355,0,"9","Axl"
0,0.70793050055355,0.866,0.51,0,"9","Fcgr2b"
0,0.703933858435995,0.85,0.495,0,"9","Scpep1"
0,2.21548262561463,0.997,0.642,0,"9","Ctsb"
0,0.87659278406876,0.634,0.28,0,"9","Snx3"
0,1.34861239455478,0.519,0.166,0,"9","Ube2l3"
0,1.09662976484313,0.578,0.226,0,"9","Bcap31"
0,0.752878171628603,0.645,0.294,0,"9","Ppia"
0,0.859978302924798,0.683,0.332,0,"9","Atp6ap1"
0,0.830866893724755,0.894,0.543,0,"9","Cd84"
0,0.973672064092216,0.598,0.247,0,"9","Igsf6"
0,1.12929509877211,0.533,0.183,0,"9","Trim25"
0,1.46177934298812,0.511,0.161,0,"9","Pcyox1"
0,0.70985131506275,0.622,0.272,0,"9","Card19"
0,0.588331539468414,0.649,0.3,0,"9","Peds1"
0,0.916864706723229,0.606,0.257,0,"9","Fuca1"
0,1.23274929121653,0.508,0.159,0,"9","Ndufa13"
0,1.03201746320549,0.53,0.183,0,"9","Abracl"
0,0.925349987457303,0.854,0.507,0,"9","P4hb"
0,0.899097700985637,0.606,0.259,0,"9","Chmp1b"
0,0.970251889762406,0.621,0.276,0,"9","Rtn3"
0,1.03491512093788,0.582,0.243,0,"9","Mpc1"
0,0.888379378998296,0.561,0.223,0,"9","Cd47"
0,1.09189967356224,0.522,0.184,0,"9","Rab5if"
0,0.752477715196424,0.649,0.313,0,"9","Slc39a1"
0,1.02654617412113,0.963,0.627,0,"9","Sdcbp"
0,0.766429515868339,0.566,0.232,0,"9","Acadl"
0,0.902320741862815,0.563,0.229,0,"9","Rab8a"
0,0.861083277339522,0.579,0.245,0,"9","Pfkl"
0,0.794639350321443,0.615,0.281,0,"9","Rac2"
0,1.14487759399346,0.637,0.304,0,"9","Dnmt3a"
0,1.38475100507218,0.543,0.211,0,"9","Cat"
0,1.23528039543444,0.959,0.628,0,"9","Cotl1"
0,0.731578246599889,0.847,0.516,0,"9","Atp6ap2"
0,0.689530843834609,0.625,0.297,0,"9","Cln5"
0,0.805351965997315,0.549,0.223,0,"9","Lmna"
0,1.0221492086282,0.55,0.225,0,"9","Rpn1"
0,1.16849233746547,0.932,0.607,0,"9","Gns"
0,0.912481885313815,0.506,0.183,0,"9","Vamp4"
0,0.869676482707111,0.532,0.21,0,"9","Ubl5"
0,0.903360265078667,0.535,0.214,0,"9","Sri"
0,0.880300298411396,0.555,0.235,0,"9","Mcfd2"
0,0.685725048541858,0.606,0.287,0,"9","Gusb"
0,0.624039913876439,0.554,0.237,0,"9","Stx8"
0,0.806469963354091,0.513,0.198,0,"9","Anxa7"
0,0.759691395957557,0.545,0.231,0,"9","Tnfrsf1b"
0,0.807469342447519,0.57,0.256,0,"9","Ssr3"
0,1.89373613330989,0.996,0.682,0,"9","Cd68"
0,0.533861250373672,0.569,0.256,0,"9","Abr"
0,0.825619623937834,0.518,0.206,0,"9","Tmed3"
0,0.727773897511032,0.559,0.247,0,"9","Hk3"
0,0.71974801227247,0.515,0.205,0,"9","Lamtor1"
0,0.757153216006868,0.546,0.237,0,"9","Tax1bp1"
0,0.809989930135433,0.519,0.21,0,"9","Tbca"
0,0.723597892046494,0.542,0.234,0,"9","Mapk3"
0,0.778616340684259,0.503,0.197,0,"9","Cnpy2"
0,0.732798847765033,0.516,0.212,0,"9","Kif13b"
0,0.709908680727383,0.536,0.234,0,"9","Edf1"
0,0.691432356950635,0.527,0.226,0,"9","Klhl9"
0,0.725061294348487,0.51,0.209,0,"9","Cuta"
0,0.765087497067622,0.953,0.652,0,"9","Tpt1"
0,0.57257012923141,0.571,0.272,0,"9","Plk2"
0,1.29412883451793,0.966,0.669,0,"9","Atp6v0c"
0,0.755724114949659,0.527,0.231,0,"9","Reep5"
0,0.764356119064042,0.506,0.211,0,"9","Rabac1"
0,0.617062208627312,0.54,0.247,0,"9","Eif4b"
0,0.759825830975139,0.939,0.647,0,"9","Msn"
0,0.638853341622241,0.5,0.211,0,"9","Serf2"
0,0.827535633367955,0.936,0.653,0,"9","Ctsa"
0,1.72271162920376,0.988,0.708,0,"9","Ctsd"
0,0.729912219228731,0.955,0.679,0,"9","Fcer1g"
0,1.08754518100179,0.955,0.705,0,"9","Mpeg1"
0,0.876374648441854,0.959,0.712,0,"9","Ucp2"
0,0.85511425991236,0.978,0.75,0,"9","Grn"
0,1.2108898924015,0.997,0.802,0,"9","Ctsz"
0,1.61062199078578,0.997,0.822,0,"9","Tyrobp"
0,1.82844870482433,0.998,0.888,0,"9","Ctss"
1.41677298974774e-305,0.670247388424663,0.766,0.418,2.69966093196433e-301,"9","Timp2"
3.65961741367995e-302,0.72258131443643,0.601,0.285,6.97340098176714e-298,"9","Hvcn1"
6.91122330072042e-301,0.632777829302162,0.753,0.399,1.31693359995228e-296,"9","Bax"
2.74163189020827e-298,0.582366410570429,0.628,0.31,5.22417956679187e-294,"9","Os9"
7.14338964314875e-298,0.66162209634459,0.872,0.528,1.36117289650199e-293,"9","Vamp8"
1.80856753363767e-296,0.820689656499042,0.551,0.243,3.44622543534659e-292,"9","Pgd"
2.0692385632795e-296,0.666901243246199,0.736,0.383,3.94293408232909e-292,"9","Grina"
8.26263132444285e-296,0.554238330286572,0.575,0.269,1.57444439887259e-291,"9","Stx4a"
1.17061815576443e-292,0.738579611017444,0.776,0.443,2.23061289580912e-288,"9","Capzb"
3.42993746372217e-289,0.615400163354331,0.746,0.391,6.53574583712259e-285,"9","Dusp3"
1.38132477304422e-286,0.671826990307007,0.768,0.42,2.63211435503576e-282,"9","Srgn"
3.84901554684688e-286,0.685055652342664,0.813,0.469,7.33429912451673e-282,"9","Il10rb"
1.37959427854705e-285,0.523000237074451,0.524,0.223,2.62881689777141e-281,"9","Hnrnpll"
3.85205232770711e-285,0.789620455159109,0.572,0.273,7.34008571044591e-281,"9","Fuca2"
3.25355620371203e-277,0.611476931872308,0.827,0.481,6.19965134617328e-273,"9","Ubl3"
2.19421616972234e-270,0.597359924429308,0.501,0.228,4.18107891140591e-266,"9","Rtf2"
2.09646596861339e-268,0.72384421607377,0.897,0.642,3.99481590319282e-264,"9","Cebpb"
3.04618126017652e-262,0.694503222323149,0.893,0.605,5.80449839126636e-258,"9","B2m"
5.96360781700071e-259,0.684090918206147,0.891,0.621,1.13636546952949e-254,"9","Cd53"
1.54611983852855e-258,0.567230362054909,0.594,0.286,2.94613135231615e-254,"9","Cab39"
6.12023151643054e-256,0.528588400174627,0.819,0.469,1.16621011545584e-251,"9","BC005537"
3.65655598609752e-255,0.614437398237635,0.65,0.328,6.96756743150883e-251,"9","Vps26a"
2.95508298176966e-254,0.684939671251543,0.913,0.684,5.63091062176209e-250,"9","Ctsh"
3.34774232871019e-250,0.65717255745203,0.727,0.389,6.37912300735726e-246,"9","Ssr4"
5.13243628806574e-244,0.598098897750736,0.557,0.261,9.77985734690927e-240,"9","Hsd17b11"
2.16520130545071e-239,0.551297079481922,0.798,0.484,4.12579108753633e-235,"9","Actg1"
3.59548498246347e-237,0.70738486166037,0.901,0.663,6.85119663408415e-233,"9","Cd9"
2.96589028152108e-236,0.623443567773569,0.818,0.512,5.65150393143842e-232,"9","Lcp1"
4.31949507636302e-233,0.595622998456054,0.559,0.269,8.23079786800974e-229,"9","Sypl"
5.91555546631821e-233,0.667153751963913,0.649,0.355,1.12720909410694e-228,"9","Lat2"
1.22359880165639e-224,0.537816713059153,0.859,0.567,2.33156751655624e-220,"9","Bri3"
5.12014676785991e-224,0.577457838558655,0.757,0.45,9.75643966615705e-220,"9","Myo1f"
8.57577104438762e-221,0.787245337766215,0.654,0.367,1.63411317250806e-216,"9","Hmox1"
6.76558515893901e-208,0.666810574488475,0.603,0.319,1.28918225203583e-203,"9","Arpc2"
2.25204340863607e-201,0.555321984996628,0.711,0.409,4.29126871515603e-197,"9","Arl8b"
1.6951369135146e-196,0.567474002499169,0.544,0.278,3.23008338870206e-192,"9","Cd48"
9.30612545916891e-180,0.512185851761343,0.538,0.28,1.77328220624464e-175,"9","Actr3"
4.58318539785769e-179,0.625211177154373,0.507,0.287,8.73325977561782e-175,"9","Pdia4"
9.81896588456418e-164,0.575932323693865,0.544,0.318,1.87100394930371e-159,"9","Spty2d1"
3.47825334624113e-154,0.523231070768514,0.801,0.53,6.62781175126248e-150,"9","Lamp2"
1.20175134584443e-148,0.523212604826329,0.782,0.521,2.28993718950656e-144,"9","Pdia3"
2.17699787892847e-141,0.509218881234231,0.663,0.43,4.14826945829821e-137,"9","Trf"
0,3.96409803411233,0.966,0.103,0,"10","Mrc1"
0,5.46616839804315,0.889,0.062,0,"10","Ccl7"
0,3.83794004435666,0.966,0.182,0,"10","Dab2"
0,3.95962600040992,0.813,0.071,0,"10","Pf4"
0,3.5823617593216,0.859,0.188,0,"10","Cxcl2"
0,3.6925811396543,0.791,0.149,0,"10","Ccl2"
0,3.34863966846445,0.86,0.248,0,"10","Ifi207"
0,4.16135647210784,0.634,0.025,0,"10","Cd163"
0,2.96557980752634,0.869,0.261,0,"10","Marcksl1"
0,3.47269321735321,0.638,0.078,0,"10","F13a1"
0,3.74069318366556,0.584,0.036,0,"10","Cbr2"
0,3.48523732575385,0.61,0.063,0,"10","Itsn1"
0,3.59097219254834,0.666,0.126,0,"10","Ifi203"
0,2.10337624900834,0.73,0.196,0,"10","Ifitm2"
0,2.428248296616,0.781,0.247,0,"10","Gas6"
0,2.11963722763018,0.881,0.368,0,"10","Lilrb4a"
0,2.68965804881943,0.749,0.237,0,"10","Spred1"
0,2.77847035855787,0.615,0.118,0,"10","C4b"
0,4.13891889547918,0.555,0.06,0,"10","Ccr1"
0,2.7518858525105,0.707,0.212,0,"10","Rgl1"
0,2.3025488105877,0.815,0.322,0,"10","Ets2"
0,3.36750745098565,0.541,0.053,0,"10","Igfbp4"
0,2.36531934278766,0.869,0.383,0,"10","Cd14"
0,1.71723351925467,0.689,0.203,0,"10","Ms4a7"
0,1.78903142545819,0.913,0.431,0,"10","Pim1"
0,3.82047615434045,0.547,0.066,0,"10","Eps8"
0,2.22230952771403,0.797,0.328,0,"10","Clic4"
0,3.31001852932781,0.564,0.103,0,"10","Crem"
0,2.18507931002214,0.732,0.273,0,"10","Mt1"
0,2.61433619621631,0.625,0.167,0,"10","Sh3bp5"
0,2.21950884281931,0.819,0.364,0,"10","Hmox1"
0,2.17681249313904,0.672,0.221,0,"10","Lmna"
0,3.54334708112968,0.52,0.074,0,"10","Cd36"
0,2.74937523626141,0.579,0.139,0,"10","Fcgrt"
0,3.32958062993447,0.542,0.106,0,"10","Sdc4"
0,2.37931240475425,0.621,0.188,0,"10","Fosl2"
0,1.72336326940072,0.741,0.316,0,"10","Map2k3"
0,2.18436673490827,0.596,0.179,0,"10","Trps1"
0,2.15268681310371,0.881,0.465,0,"10","Cd86"
0,2.57772831537269,0.626,0.214,0,"10","Jdp2"
0,2.78363059526159,0.606,0.197,0,"10","P2rx7"
0,1.77938929337186,0.805,0.401,0,"10","Ier3"
0,1.81762451537248,0.718,0.317,0,"10","Stab1"
0,1.83392872654123,0.665,0.266,0,"10","Slc9a9"
0,3.07192447200467,0.508,0.112,0,"10","Srxn1"
0,2.1171101146892,0.65,0.254,0,"10","Tiparp"
0,1.13883819638423,0.901,0.509,0,"10","Kdm6b"
0,2.27887319777345,0.587,0.198,0,"10","Rab7b"
0,1.84497514368546,0.676,0.288,0,"10","Pde4b"
0,1.90078957776877,0.721,0.333,0,"10","Adam9"
0,1.618441665003,0.797,0.41,0,"10","Tuba1c"
0,2.25116603859745,0.592,0.206,0,"10","Snx8"
0,1.5639389286252,0.568,0.183,0,"10","Tgfbi"
0,1.7051110973974,0.76,0.377,0,"10","Slfn2"
0,1.93654759070196,0.605,0.232,0,"10","Ell2"
0,1.46412224733366,0.722,0.354,0,"10","Mapk6"
0,2.869805286911,0.552,0.185,0,"10","Eif4e"
0,1.28731731175754,0.789,0.422,0,"10","Srgn"
0,2.40585502373254,0.525,0.161,0,"10","Lrp6"
0,1.76927173343975,0.74,0.377,0,"10","Atp2b1"
0,1.06490151506211,0.823,0.46,0,"10","Pmp22"
0,1.80350808928606,0.632,0.27,0,"10","Dot1l"
0,2.09555295983991,0.562,0.202,0,"10","Spag9"
0,2.24337104077211,0.591,0.231,0,"10","Tmbim1"
0,2.24455705148362,0.554,0.195,0,"10","C5ar1"
0,1.40722184481332,0.79,0.435,0,"10","Trib1"
0,1.56980323815738,0.657,0.312,0,"10","Ms4a6d"
0,1.77457859140823,0.558,0.215,0,"10","App"
0,2.11206390416767,0.539,0.198,0,"10","Rbms1"
0,2.16572084048333,0.548,0.209,0,"10","Dusp5"
0,1.16259768768337,0.866,0.532,0,"10","Plekho2"
0,2.20115443480296,0.529,0.197,0,"10","Rab3gap2"
0,1.91508121942875,0.736,0.406,0,"10","Sbno2"
0,1.29081663813489,0.828,0.498,0,"10","Rel"
0,1.98883835051906,0.504,0.176,0,"10","Iqgap1"
0,1.57466592187304,0.804,0.48,0,"10","Man1a"
0,1.23800011690624,0.763,0.443,0,"10","Ninj1"
0,2.28620652739366,0.576,0.256,0,"10","Prdx1"
0,1.89020604109638,0.539,0.22,0,"10","Tank"
0,1.66986257510141,0.717,0.399,0,"10","Ehd4"
0,2.08710559991705,0.503,0.192,0,"10","Gpr65"
0,1.57697694577436,0.606,0.296,0,"10","Ndel1"
0,1.29166704314537,0.84,0.531,0,"10","Ctsc"
0,1.76185970761711,0.503,0.202,0,"10","Stk40"
0,1.84845896870827,0.575,0.275,0,"10","Osbpl8"
0,1.55267754665173,0.693,0.395,0,"10","Nrros"
0,1.2800342318718,0.79,0.499,0,"10","Abca1"
0,0.95535987173012,0.923,0.643,0,"10","Cebpb"
0,1.27746729335107,0.752,0.482,0,"10","Adgre1"
0,0.959757872581308,0.868,0.622,0,"10","C3ar1"
0,1.0821417159897,0.881,0.665,0,"10","Rap1b"
0,1.29715864159103,0.934,0.728,0,"10","Selenop"
0,1.49567049242107,0.973,0.837,0,"10","Plek"
2.32307153227888e-305,1.4610635941015,0.58,0.251,4.4266128047574e-301,"10","Myo5a"
9.09738934333573e-301,1.47320789159905,0.634,0.327,1.73350753937262e-296,"10","Fbxw11"
6.28871817464936e-289,1.74223216775451,0.508,0.213,1.19831524817944e-284,"10","Zdhhc14"
2.12524398435961e-285,1.62931802416742,0.574,0.276,4.04965241219724e-281,"10","Arih1"
1.55657175421449e-279,1.18364165876342,0.649,0.326,2.96604747765571e-275,"10","Nr4a1"
6.00969886605324e-275,1.88278249874742,0.642,0.353,1.14514811892644e-270,"10","Nfkb1"
1.57305282334847e-271,1.59693223889539,0.595,0.311,2.99745215489051e-267,"10","Myo1c"
8.08624816801981e-265,1.58665231093026,0.503,0.219,1.54083458841617e-260,"10","Aff4"
1.00734972577699e-260,1.140784053066,0.597,0.312,1.91950490246806e-256,"10","Cdkn1a"
1.81594535369387e-257,1.42013198249908,0.594,0.307,3.46028387146367e-253,"10","Ppp2ca"
7.96797840690134e-256,1.57934724533997,0.556,0.274,1.51829828543505e-251,"10","Midn"
4.86801522477165e-248,1.60482184085722,0.516,0.259,9.27600301080237e-244,"10","Txnrd1"
6.63004586050512e-238,1.18364235930314,0.621,0.321,1.26335523871925e-233,"10","Swap70"
4.76405347602403e-234,1.26548292404793,0.614,0.342,9.07790389856379e-230,"10","Nlrp3"
3.89087925358651e-231,1.06136065245623,0.561,0.274,7.4140704177091e-227,"10","Plk2"
1.42515814384131e-230,1.47379563840747,0.561,0.279,2.71563884308962e-226,"10","Ralgds"
2.34779266655803e-229,0.935536102256958,0.773,0.53,4.47371892612633e-225,"10","Jmjd1c"
1.37747431522814e-227,1.29784056345898,0.589,0.328,2.62477730766721e-223,"10","Fnip1"
1.22717807308716e-226,1.23606889617744,0.615,0.336,2.33838781826759e-222,"10","Plau"
1.39113976693359e-226,0.936850491910316,0.854,0.654,2.65081682589196e-222,"10","Kctd12"
2.51306955047305e-225,0.99515056660439,0.718,0.403,4.7886540284264e-221,"10","Bst2"
2.18462656587353e-224,1.34899047022417,0.593,0.33,4.16280592127201e-220,"10","Birc3"
1.09912976930922e-215,1.3649973782388,0.624,0.365,2.09439177541873e-211,"10","Tm6sf1"
2.5858977133119e-214,1.95605932705923,0.507,0.253,4.92742809271582e-210,"10","Kdm7a"
6.06268541431249e-214,1.56573998799035,0.552,0.298,1.15524470569724e-209,"10","Itpkb"
1.21837590761918e-212,1.40529886546191,0.509,0.264,2.32161529196834e-208,"10","Zswim6"
2.26724846518779e-207,1.12068549791745,0.565,0.3,4.32024195041534e-203,"10","Nfkb2"
5.61136144921602e-205,1.20944308181389,0.586,0.33,1.06924492414811e-200,"10","Zfp703"
1.07206836167532e-203,1.2603758913783,0.53,0.266,2.04282626317233e-199,"10","Ptger4"
5.08989733060686e-200,1.15859804045159,0.507,0.258,9.69879936347138e-196,"10","Slc11a2"
6.38266613645845e-198,1.08362572049943,0.695,0.475,1.21621703230216e-193,"10","BC005537"
1.90534363750011e-197,1.19918699074076,0.591,0.332,3.63063230125646e-193,"10","Kras"
2.21959079530409e-186,1.06309314737842,0.638,0.382,4.22943026045194e-182,"10","Tmem176b"
1.93563567450495e-160,0.846340354377811,0.713,0.489,3.68835377776918e-156,"10","Actg1"
7.40545097651278e-154,0.697924916239836,0.813,0.606,1.41110868357451e-149,"10","Ifrd1"
8.24927418298005e-140,1.19354404165257,0.519,0.286,1.57189919556685e-135,"10","Snx3"
1.45962842846111e-138,1.20054218277466,0.525,0.305,2.78132197043265e-134,"10","Atp1a1"
1.46618774006509e-138,1.10086280926139,0.586,0.385,2.79382073869402e-134,"10","Lpin2"
2.90355598706098e-134,0.713440483990877,0.772,0.564,5.5327259333447e-130,"10","Vmp1"
3.21513782336044e-131,1.05684246163745,0.566,0.356,6.12644512241332e-127,"10","Snx2"
7.58512242061517e-130,0.667111138289082,0.842,0.657,1.44534507724822e-125,"10","Tpt1"
4.3252867875661e-128,1.02971415319524,0.579,0.391,8.24183397370721e-124,"10","Rtn4"
1.10475351769681e-127,0.731711914391141,0.696,0.5,2.10510782797128e-123,"10","Nfe2l2"
5.38119779635237e-127,0.917186599714437,0.629,0.417,1.02538724009494e-122,"10","Fnip2"
2.15906522383393e-125,0.913569211139427,0.513,0.295,4.11409878401555e-121,"10","Pid1"
1.73811965758734e-123,1.00591816252402,0.517,0.322,3.31198700753268e-119,"10","Lrrc25"
3.72923834299218e-123,0.877064961895616,0.593,0.405,7.10606366257159e-119,"10","Mapkapk2"
1.88864666012601e-120,0.760922923062142,0.746,0.564,3.59881621087011e-116,"10","Fosb"
1.87596175732769e-118,0.809066089745485,0.599,0.405,3.57464512858791e-114,"10","Tra2b"
4.04351718975394e-116,0.75138047390857,0.638,0.444,7.70492200507614e-112,"10","Bach1"
7.99097201544402e-113,0.917980796551638,0.559,0.37,1.52267971754286e-108,"10","Ptprj"
1.38366335460325e-111,1.05512376062118,0.525,0.335,2.63657052219649e-107,"10","Ascc3"
1.04725135908357e-110,0.984432690767062,0.53,0.341,1.99553746473375e-106,"10","Rab31"
1.84766487471109e-109,0.824389396684807,0.672,0.518,3.52072541876199e-105,"10","Tbxas1"
3.53053259246292e-109,0.95381342162697,0.533,0.337,6.72742985493809e-105,"10","Rab7"
1.34975387000986e-108,0.783389914792562,0.537,0.351,2.57195599930378e-104,"10","Azin1"
1.9442493628073e-106,1.10340904021744,0.713,0.587,3.70476716082932e-102,"10","Slc11a1"
4.34284137897503e-103,0.862865477901569,0.571,0.401,8.27528424763691e-99,"10","Tnfrsf1a"
3.88873171357138e-101,0.554428319941696,0.703,0.495,7.40997828021026e-97,"10","Cfh"
4.01607195176885e-97,0.81684787178759,0.522,0.335,7.65262510409554e-93,"10","Tnip2"
3.59390330112711e-95,0.946749898526929,0.65,0.486,6.8481827402977e-91,"10","Wnk1"
3.27266068700093e-90,0.868809825031912,0.54,0.368,6.23605493908027e-86,"10","Tut7"
6.60314609243686e-89,0.735078028283494,0.658,0.518,1.25822948791384e-84,"10","Fcgr2b"
2.19434895812141e-87,0.688882850521018,0.546,0.355,4.18133193970035e-83,"10","Maf"
1.51067489031779e-83,0.649467188206633,0.661,0.524,2.87859100350055e-79,"10","Atp6ap2"
2.7774365417653e-77,0.552537298901096,0.561,0.393,5.29240533033378e-73,"10","Rab20"
6.23790468085338e-77,0.761950256596315,0.545,0.4,1.18863273693661e-72,"10","Atp1b3"
6.28538730466398e-77,0.799509986237288,0.552,0.399,1.19768055090372e-72,"10","Ddx3y"
6.95560653892722e-77,0.804014039956622,0.501,0.329,1.32539082599258e-72,"10","Ndfip1"
1.86047333197413e-75,0.627851802255091,0.599,0.444,3.5451319340767e-71,"10","Cltc"
6.18472151431841e-75,0.668072986499004,0.612,0.473,1.17849868455337e-70,"10","Rnf130"
2.33915334902793e-73,0.720769848549093,0.591,0.434,4.45725670657271e-69,"10","Trf"
8.79438221375759e-71,0.546536655023147,0.659,0.517,1.67576953083151e-66,"10","Ptbp3"
1.02762149307295e-70,0.570833940540001,0.625,0.471,1.9581327550505e-66,"10","Rab8b"
2.41003664596395e-70,0.60567819444777,0.646,0.512,4.59232482888431e-66,"10","Rasgef1b"
1.01911702914347e-66,0.536552369351541,0.593,0.46,1.94192749903287e-62,"10","Ube2f"
3.56335120708056e-64,0.648373858323831,0.544,0.406,6.78996572509201e-60,"10","Rela"
2.91168482552511e-59,0.567921510818358,0.626,0.495,5.5482154350381e-55,"10","Eif1"
7.71111691286653e-55,0.538729472139817,0.582,0.456,1.46935332774672e-50,"10","Rab1a"
1.01969727011369e-43,0.553071941174658,0.513,0.39,1.94303314820164e-39,"10","Morf4l1"
3.46683392577655e-42,0.557195957950656,0.5,0.38,6.60605204556722e-38,"10","H3f3b"
4.83662542875454e-42,0.53832236570288,0.592,0.478,9.21618975449178e-38,"10","Il10rb"
4.38269272290887e-39,0.685301827822867,0.51,0.403,8.35122098350286e-35,"10","Hnrnph1"
0,3.18907909686617,0.942,0.201,0,"11","H2-Eb1"
0,4.53466273564792,0.763,0.03,0,"11","S100a4"
0,3.06388599134026,0.96,0.234,0,"11","H2-Ab1"
0,3.07994415062046,0.931,0.216,0,"11","H2-Aa"
0,3.62508725859363,0.817,0.109,0,"11","Cytip"
0,3.9930076408027,0.809,0.109,0,"11","Lsp1"
0,2.5851591390478,0.973,0.295,0,"11","Cd74"
0,3.51805618037399,0.836,0.18,0,"11","Bhlhe40"
0,3.99063365310824,0.689,0.039,0,"11","S100a6"
0,3.15540615693863,0.78,0.14,0,"11","S100a11"
0,3.38225662264664,0.734,0.099,0,"11","Plbd1"
0,2.86839382699909,0.789,0.222,0,"11","Jak2"
0,2.91660194059111,0.758,0.197,0,"11","Ifitm2"
0,1.89352722763513,0.782,0.24,0,"11","Vim"
0,4.5871276589657,0.56,0.031,0,"11","Cnn2"
0,3.65520883869933,0.59,0.068,0,"11","Ciita"
0,3.67013062578912,0.579,0.059,0,"11","Fyn"
0,2.49939577877837,0.793,0.279,0,"11","Macroh2a1"
0,2.53689735427788,0.616,0.115,0,"11","Tmsb10"
0,3.0844366639354,0.619,0.124,0,"11","Tamalin"
0,2.34524191120685,0.7,0.207,0,"11","Dusp5"
0,2.17334878761852,0.661,0.179,0,"11","Trps1"
0,2.63950834825709,0.648,0.166,0,"11","Myo1g"
0,4.22320131179352,0.518,0.039,0,"11","Mcemp1"
0,2.77013992432764,0.564,0.085,0,"11","Srebf2"
0,3.74341132317038,0.536,0.058,0,"11","Gpr132"
0,3.48382936101125,0.546,0.068,0,"11","Pfkp"
0,2.40077338447038,0.68,0.203,0,"11","Malt1"
0,3.05874434054528,0.607,0.13,0,"11","Nr4a3"
0,2.3443681859923,0.684,0.208,0,"11","Fxyd5"
0,2.61583424381081,0.65,0.174,0,"11","Ifitm3"
0,2.28963697283564,0.795,0.324,0,"11","Pmaip1"
0,2.95098805158694,0.559,0.096,0,"11","Runx3"
0,2.31882083541441,0.638,0.179,0,"11","H2az1"
0,1.72631161469055,0.827,0.37,0,"11","Cd52"
0,1.99473879969207,0.684,0.229,0,"11","Samhd1"
0,2.29378363044629,0.785,0.336,0,"11","Syngr2"
0,1.88862098879296,0.867,0.421,0,"11","Srgn"
0,3.07649145472477,0.531,0.086,0,"11","Ass1"
0,1.88583469763893,0.759,0.314,0,"11","H3f3a"
0,2.08717865321464,0.635,0.195,0,"11","Lmnb1"
0,1.58201091621716,0.872,0.433,0,"11","Pim1"
0,1.92098400342823,0.76,0.326,0,"11","H2-DMa"
0,2.79773280175193,0.553,0.12,0,"11","Gsn"
0,2.80392773330122,0.525,0.093,0,"11","Sema4a"
0,2.04871036651526,0.656,0.224,0,"11","Cd47"
0,1.97343884967588,0.695,0.263,0,"11","Ptger4"
0,3.10940115444323,0.509,0.083,0,"11","Crip1"
0,2.87983251640813,0.537,0.119,0,"11","H2-Oa"
0,2.07467688935817,0.674,0.258,0,"11","Tspo"
0,1.64028066697411,0.609,0.193,0,"11","Slamf7"
0,1.93563423274034,0.839,0.426,0,"11","Gm2a"
0,1.74482514667052,0.731,0.321,0,"11","Ifi30"
0,2.7728069384634,0.512,0.108,0,"11","Cd40"
0,2.72846239661338,0.547,0.147,0,"11","Tmem123"
0,2.27595632661971,0.522,0.122,0,"11","Jarid2"
0,2.34069845304913,0.532,0.133,0,"11","Antxr2"
0,1.63947407439747,0.688,0.289,0,"11","Pde4b"
0,1.44793366504522,0.664,0.268,0,"11","Atp5e"
0,1.67354493155215,0.735,0.342,0,"11","Psmb8"
0,2.55162386767353,0.526,0.136,0,"11","Cd80"
0,2.32002030524331,0.535,0.149,0,"11","Rin3"
0,1.79861292960994,0.663,0.278,0,"11","Sod1"
0,1.88303855141829,0.64,0.256,0,"11","Etv3"
0,2.39120652156379,0.528,0.148,0,"11","Ctnna1"
0,2.18604993369752,0.522,0.15,0,"11","Il1b"
0,1.66913553272721,0.638,0.268,0,"11","Tap1"
0,2.36100399248353,0.504,0.136,0,"11","Stk17b"
0,2.28481017628852,0.526,0.159,0,"11","Atox1"
0,2.0973895500473,0.547,0.181,0,"11","Wdfy4"
0,1.58572470047363,0.693,0.335,0,"11","Rack1"
0,1.60878719940467,0.584,0.229,0,"11","Rab43"
0,1.88011760644342,0.518,0.163,0,"11","Tpm4"
0,1.50224862555525,0.814,0.459,0,"11","Coro1a"
0,1.63441308330824,0.639,0.285,0,"11","Snx20"
0,1.643458561889,0.665,0.315,0,"11","Sh3bgrl3"
0,1.74306379577222,0.503,0.158,0,"11","Il2rg"
0,1.57784130866676,0.508,0.177,0,"11","Iqgap1"
0,1.41444352874492,0.804,0.487,0,"11","Actg1"
0,1.39361595785075,0.806,0.5,0,"11","Rel"
0,1.56138566736522,0.974,0.84,0,"11","Tmsb4x"
1.3050809961336e-306,1.76550255448014,0.512,0.177,2.48683183813258e-302,"11","Supt4a"
1.41382419081041e-305,1.81815371819339,0.627,0.248,2.69404199558924e-301,"11","Hnrnpa1"
4.25192554871894e-299,1.73814227891685,0.565,0.223,8.10204413308394e-295,"11","Zyx"
1.43148975483973e-284,1.70797505434553,0.611,0.269,2.7277037278471e-280,"11","Marcksl1"
1.02088305542032e-282,1.67310091943834,0.501,0.185,1.94529266210342e-278,"11","Zc3hav1"
1.83062758152224e-281,1.81251436358454,0.501,0.185,3.48826085659063e-277,"11","Psmb9"
7.7468038432228e-281,1.66525745780442,0.589,0.257,1.4761534723261e-276,"11","Csf2rb"
1.69301264857245e-280,1.15484064878221,0.875,0.657,3.2260356018548e-276,"11","Tpt1"
1.35307827416615e-273,1.98014030015746,0.512,0.16,2.5782906514236e-269,"11","Foxp1"
5.12002263760237e-270,1.4077899436569,0.677,0.343,9.75620313595132e-266,"11","Uvrag"
3.96637036704162e-264,1.09363290345704,0.768,0.413,7.5579187343978e-260,"11","Gpx1"
4.46141625110502e-264,1.47380296909808,0.513,0.193,8.50122866648062e-260,"11","Dapp1"
8.41563216913789e-260,1.46636842672377,0.608,0.279,1.60359870982922e-255,"11","Psme1"
5.41213777703013e-256,1.5318650119866,0.545,0.197,1.03128285341309e-251,"11","Cox5b"
6.50676081896358e-255,1.48766992901836,0.555,0.224,1.23986327405351e-250,"11","Mbd2"
5.99448765374937e-247,1.5559849628258,0.55,0.217,1.14224962242194e-242,"11","Sri"
7.11338292470975e-247,1.50793811617269,0.579,0.247,1.35545511630344e-242,"11","Taldo1"
4.00261147243455e-244,1.1023869624338,0.665,0.333,7.62697616072404e-240,"11","Clic4"
2.16322477726955e-233,1.31719664009925,0.63,0.305,4.12202481308714e-229,"11","Emp3"
1.17318874571307e-232,1.25159530072967,0.617,0.291,2.23551115495625e-228,"11","Baz1a"
5.2811354635508e-232,1.26276546879769,0.674,0.352,1.00632036257961e-227,"11","Shisa5"
1.83910146566409e-225,1.19847295794335,0.682,0.375,3.50440784282292e-221,"11","Vasp"
3.13203626271702e-222,1.30923514274672,0.61,0.294,5.96809509860728e-218,"11","Btf3"
7.24399074477218e-222,1.05777251246377,0.767,0.493,1.38034243641634e-217,"11","Cfl1"
5.47933242919792e-220,1.86838678063498,0.527,0.233,1.04408679438366e-215,"11","Epsti1"
4.08615440339293e-209,1.48524061916529,0.51,0.205,7.78616721566522e-205,"11","Tkt"
1.52247624708348e-205,1.13366771627591,0.651,0.348,2.90107848881757e-201,"11","Lrrfip1"
2.95766377418042e-203,0.817315269814595,0.901,0.74,5.63582832170079e-199,"11","Eef1a1"
6.9783527133026e-203,1.21764456505414,0.716,0.491,1.32972510951981e-198,"11","Alox5ap"
5.95290785490118e-200,1.30934962063824,0.509,0.213,1.13432659175142e-195,"11","Tomm7"
9.69876241929752e-200,1.35472305186878,0.529,0.214,1.84809917899714e-195,"11","Ndufa3"
3.65590801019009e-198,1.4283441647169,0.562,0.285,6.96633271341722e-194,"11","Rac2"
1.21223081069026e-196,1.0513084016147,0.603,0.301,2.30990580977029e-192,"11","Nfkb2"
2.33579999108405e-195,1.34191076469379,0.524,0.234,4.45086688301066e-191,"11","Rab8a"
3.43413394613955e-195,1.11775925697455,0.592,0.313,6.5437422343689e-191,"11","Cdkn1a"
5.95653056724878e-191,1.29724455643061,0.555,0.278,1.13501689958925e-186,"11","Icosl"
1.67125893387237e-189,0.918293664474373,0.775,0.524,3.18458389849381e-185,"11","Arpc1b"
3.65988998867129e-188,1.49378852268808,0.539,0.246,6.97392037341314e-184,"11","Tle3"
5.21335469845152e-183,0.933812617204307,0.671,0.381,9.93404737789937e-179,"11","Slfn2"
2.29983711535618e-179,1.33931782393966,0.577,0.282,4.3823396233112e-175,"11","Actr3"
1.98383045598494e-178,1.03252735044275,0.733,0.478,3.78018893387931e-174,"11","Arhgdib"
3.28391866858129e-176,1.29131180812766,0.575,0.309,6.25750702298166e-172,"11","Tap2"
3.59844180604372e-170,1.23758673043796,0.505,0.222,6.8568308614163e-166,"11","Nedd8"
2.0256360681382e-168,0.94731670929831,0.759,0.525,3.85984952783735e-164,"11","Cxcl16"
2.29049796984304e-168,1.06604543169436,0.573,0.313,4.36454388153591e-164,"11","Nuak2"
4.5704568125169e-168,0.931254116000396,0.756,0.516,8.70900545625095e-164,"11","Lcp1"
1.21767968344951e-167,1.15753074548907,0.554,0.285,2.32028863681304e-163,"11","Nup98"
5.83541075732779e-165,0.660527892033051,0.637,0.333,1.11193751980881e-160,"11","Anxa5"
7.15645031298874e-164,1.08205959258521,0.612,0.335,1.36366160714e-159,"11","Eef1b2"
2.11951658222512e-163,1.11685697183946,0.579,0.309,4.03873884742997e-159,"11","Ppp2ca"
5.28320825425594e-154,0.834830101527505,0.594,0.329,1.00671533284847e-149,"11","Nr4a1"
6.75435114414658e-153,1.13707980455848,0.532,0.262,1.28704161051713e-148,"11","Synj1"
1.83666462419009e-151,0.888268204476113,0.754,0.533,3.49976444139422e-147,"11","Syk"
2.46797967739712e-151,1.21899612277881,0.576,0.303,4.70273527528021e-147,"11","Naca"
4.46965902816065e-147,1.16384325507134,0.528,0.261,8.51693527816012e-143,"11","Pip5k1c"
2.24091159790533e-144,1.04829632675532,0.583,0.322,4.2700570498086e-140,"11","Arpc2"
1.40890756867302e-143,1.05425373583024,0.509,0.245,2.68467337210645e-139,"11","Ybx1"
2.75795361466812e-143,0.99645124213843,0.623,0.372,5.2552806127501e-139,"11","Arhgap30"
2.47330710896184e-137,0.962871182542557,0.666,0.421,4.71288669612678e-133,"11","Snd1"
9.66253052055268e-135,1.0192495014085,0.569,0.312,1.84119519069131e-130,"11","Srrm2"
7.69013212855309e-134,0.887333618457096,0.706,0.498,1.46535467709579e-129,"11","Ptprc"
4.91349424591674e-132,1.05154604671711,0.556,0.292,9.36266328559434e-128,"11","Rnf4"
2.89896666191013e-130,1.04357379655906,0.548,0.295,5.52398097426976e-126,"11","Dbnl"
1.04202718357082e-129,0.689094591208259,0.82,0.653,1.9855827982942e-125,"11","Msn"
1.55615462656497e-122,0.822530203601491,0.525,0.27,2.96525264091954e-118,"11","Ndufa2"
6.53984300500455e-117,0.814526459324508,0.601,0.354,1.24616708460362e-112,"11","Syf2"
8.88289074003504e-111,0.553668513765882,0.593,0.355,1.69263483051368e-106,"11","Nfkb1"
2.61050769131092e-110,0.645782258161937,0.78,0.593,4.97432240579296e-106,"11","Cdc42"
3.93597382378699e-110,0.866500833947032,0.599,0.376,7.49999812122612e-106,"11","Ist1"
6.76415417391377e-107,0.860267256656953,0.541,0.306,1.28890957783927e-102,"11","Nono"
8.25375395555062e-106,0.807437171802704,0.664,0.426,1.57275281623017e-101,"11","Dock10"
3.64084888982062e-105,0.860835917816779,0.531,0.292,6.93763755955318e-101,"11","Pomp"
1.29275032411551e-103,0.85234922777816,0.505,0.292,2.46333574260211e-99,"11","Csf2ra"
5.59093308947052e-103,0.711561672790418,0.736,0.54,1.06535230019861e-98,"11","Sf3b1"
5.39610046182193e-100,0.878727150376134,0.548,0.3,1.02822694300017e-95,"11","Ppia"
3.51790860221308e-99,0.801684246983109,0.672,0.473,6.70337484151702e-95,"11","Tapbp"
1.93140978808742e-93,0.800347115674527,0.513,0.3,3.68030135120058e-89,"11","Gpsm3"
2.81239619456967e-92,0.506533514652241,0.679,0.435,5.35902094875251e-88,"11","Srsf7"
7.97971951823163e-91,0.747768928542721,0.549,0.325,1.52053555419904e-86,"11","Hnrnpd"
4.73237813292541e-89,0.826263232051073,0.552,0.334,9.01754653228936e-85,"11","H2-Q7"
1.10651369912364e-88,0.715559180906954,0.66,0.449,2.1084618536801e-84,"11","Capzb"
2.35490838078657e-81,0.75005152882629,0.547,0.345,4.4872779195888e-77,"11","Grb2"
1.07583922533201e-79,0.804815501888893,0.507,0.307,2.05001164387014e-75,"11","Atp1a1"
4.6174376335659e-79,0.729640900189996,0.54,0.337,8.79852741075982e-75,"11","Ddx6"
9.8242822232369e-78,0.629303525886748,0.726,0.551,1.87201697763779e-73,"11","Gnai2"
5.7593188230184e-77,0.574074152989151,0.541,0.333,1.09743820172616e-72,"11","Birc3"
8.72596132622886e-72,0.679655111648447,0.563,0.385,1.66273193071291e-67,"11","Tmem176b"
3.70925822381632e-67,0.702054532647524,0.572,0.399,7.067991545482e-63,"11","Nrros"
2.09993916905564e-65,0.695605571479409,0.549,0.362,4.00143408663552e-61,"11","Cox7a2l"
8.55541267471893e-64,0.539295050454854,0.525,0.33,1.63023388516769e-59,"11","Fbxw11"
3.48748342169937e-59,0.553456339138444,0.564,0.373,6.64539966004814e-55,"11","Ppib"
7.50289391410821e-59,0.579301233141885,0.509,0.325,1.42967643533332e-54,"11","Swap70"
8.19636409187704e-58,0.619044232825977,0.51,0.341,1.56181717770717e-53,"11","Pik3r5"
1.1093092140337e-56,0.598256761407905,0.624,0.471,2.11378870734122e-52,"11","Rab8b"
1.75197123482689e-55,0.535976923358995,0.591,0.416,3.33838118796263e-51,"11","Btg1"
9.30177654955941e-55,0.518670748361207,0.677,0.529,1.77245352151855e-50,"11","Hcls1"
1.26405143447174e-53,0.783280597795321,0.624,0.493,2.40865000838591e-49,"11","Zfp36l2"
3.69966552077216e-47,0.549089221556387,0.52,0.359,7.04971264983135e-43,"11","Ifnar1"
3.51371613257709e-46,0.708995111826741,0.615,0.479,6.69538609062565e-42,"11","Gdi2"
2.90341314390722e-43,0.519465844623581,0.516,0.363,5.5324537457152e-39,"11","Pak2"
8.42765829373497e-43,0.577178201846697,0.608,0.474,1.6058902878712e-38,"11","Cd86"
1.21860446479115e-42,0.556245486310521,0.513,0.359,2.32205080765954e-38,"11","Ptms"
2.16460333387415e-38,0.596035917877351,0.522,0.391,4.1246516526972e-34,"11","Trafd1"
2.71610720900577e-36,0.748713199040631,0.501,0.362,5.1755422867605e-32,"11","Rogdi"
0,4.91892827862193,0.869,0.094,0,"12","Cfb"
0,2.68556073508363,0.936,0.223,0,"12","Txn1"
0,4.18168554372428,0.831,0.119,0,"12","C3"
0,2.92050653263942,0.893,0.196,0,"12","Pla2g7"
0,3.3895798860214,0.84,0.148,0,"12","Vegfa"
0,2.80619628019057,0.86,0.178,0,"12","Tgfbi"
0,2.83310489303329,0.933,0.259,0,"12","Prdx5"
0,1.79599672991295,0.914,0.241,0,"12","Lgals3"
0,2.15732803209883,0.908,0.238,0,"12","Vim"
0,5.94390980849867,0.694,0.026,0,"12","Ly6i"
0,2.19733286110237,0.902,0.236,0,"12","H2-Ab1"
0,2.15378860359236,0.894,0.235,0,"12","Lyz2"
0,2.26349370735186,0.877,0.219,0,"12","H2-Aa"
0,2.23217055921639,0.837,0.18,0,"12","Msrb1"
0,5.0913930022582,0.701,0.064,0,"12","Ccl5"
0,1.99066261601961,0.839,0.205,0,"12","H2-Eb1"
0,2.22476323788985,0.93,0.297,0,"12","Cd74"
0,2.38268553310092,0.82,0.199,0,"12","Lyz1"
0,2.93068292689698,0.735,0.12,0,"12","Mgst1"
0,2.35912510313714,0.753,0.142,0,"12","S100a11"
0,3.63967822731773,0.712,0.109,0,"12","Sod2"
0,2.2672248509553,0.789,0.19,0,"12","Slamf7"
0,2.34132582873444,0.922,0.328,0,"12","Rnf149"
0,4.8091648674681,0.632,0.047,0,"12","Clec4e"
0,2.48335413255628,0.75,0.166,0,"12","Pirb"
0,2.53322145829808,0.782,0.202,0,"12","Malt1"
0,3.26818849729493,0.67,0.091,0,"12","Acp5"
0,2.0800958397067,0.749,0.172,0,"12","Myof"
0,2.69095958977791,0.73,0.154,0,"12","Il2rg"
0,2.60313596710683,0.728,0.158,0,"12","Tnfaip2"
0,3.33453219293115,0.653,0.084,0,"12","Ass1"
0,2.76278469766787,0.73,0.163,0,"12","Cybb"
0,2.1655825139071,0.739,0.183,0,"12","Bhlhe40"
0,3.25116256008212,0.697,0.141,0,"12","Ptgs2"
0,2.07368700189001,0.734,0.179,0,"12","Trps1"
0,1.91994678981007,0.772,0.219,0,"12","Anxa4"
0,1.79872948883535,0.753,0.208,0,"12","Fxyd5"
0,1.3515700016924,0.871,0.328,0,"12","Anxa5"
0,2.19077866715748,0.978,0.441,0,"12","Cstb"
0,1.72411966890678,0.905,0.369,0,"12","Cd52"
0,3.19914392206127,0.609,0.077,0,"12","Dram1"
0,2.00482031605042,0.722,0.195,0,"12","Cxcl2"
0,2.81109939345018,0.642,0.118,0,"12","Thbs1"
0,1.51609233083741,0.823,0.301,0,"12","Emp3"
0,4.11231430280142,0.568,0.048,0,"12","Slc7a2"
0,2.03197810286749,0.696,0.177,0,"12","Cd274"
0,1.88926160274215,0.802,0.287,0,"12","Pde4b"
0,2.01584684121542,0.687,0.174,0,"12","Sik1"
0,1.97275478258797,0.723,0.21,0,"12","Tgm2"
0,2.16664283669721,0.633,0.12,0,"12","Anpep"
0,1.00854404180712,0.884,0.374,0,"12","Apoe"
0,1.95195905002138,0.694,0.187,0,"12","Pgam1"
0,2.08211289120108,0.658,0.154,0,"12","Clec12a"
0,2.59248349837697,0.652,0.151,0,"12","Nampt"
0,1.94412252037713,0.664,0.166,0,"12","Cd44"
0,3.2694485295216,0.575,0.077,0,"12","AA467197"
0,2.00310009989556,0.751,0.254,0,"12","Prdx1"
0,2.83374039112254,0.585,0.091,0,"12","Il1rn"
0,1.95098809453354,0.663,0.169,0,"12","Fabp5"
0,2.1732834453762,0.665,0.176,0,"12","Cers6"
0,1.98486558967579,0.674,0.185,0,"12","Nfil3"
0,2.82324442392131,0.564,0.077,0,"12","Acod1"
0,1.46978063007721,0.863,0.377,0,"12","Slfn2"
0,1.19414310709858,0.916,0.433,0,"12","Pim1"
0,1.59843829704935,0.745,0.262,0,"12","Ak2"
0,1.8440271780212,0.793,0.311,0,"12","Ms4a6d"
0,1.55322395803116,0.739,0.257,0,"12","Tspo"
0,1.46096676772359,0.748,0.267,0,"12","Atp5e"
0,1.64951123840968,0.695,0.214,0,"12","App"
0,1.63160724188012,0.685,0.205,0,"12","Ms4a7"
0,2.40178079466368,0.633,0.153,0,"12","Slc16a3"
0,1.16615564124881,0.679,0.2,0,"12","Ifitm2"
0,0.918775723209505,0.851,0.372,0,"12","Lilrb4a"
0,2.90653492850929,0.557,0.08,0,"12","Rab11fip1"
0,1.64368863147895,0.719,0.245,0,"12","Pfkl"
0,1.4072064623033,0.814,0.341,0,"12","Psmb8"
0,1.67681337019917,0.857,0.386,0,"12","Cd14"
0,1.93899073659234,0.624,0.154,0,"12","Ikbke"
0,2.9494987450444,0.547,0.078,0,"12","Gbp2"
0,2.65307883737605,0.558,0.092,0,"12","Pstpip2"
0,2.14610372530431,0.617,0.151,0,"12","Ddhd1"
0,2.00304882675252,0.648,0.184,0,"12","Abracl"
0,1.51298431555131,0.79,0.326,0,"12","Ets2"
0,1.8063651807996,0.903,0.441,0,"12","Ninj1"
0,1.70545031954494,0.715,0.255,0,"12","Csf2rb"
0,3.6212773995689,0.518,0.06,0,"12","Acsl1"
0,2.69531891472789,0.551,0.094,0,"12","Mmp14"
0,3.10895599562563,0.535,0.078,0,"12","Cd38"
0,2.30238874967452,0.588,0.133,0,"12","Arl5a"
0,3.17444779592157,0.525,0.072,0,"12","Bst1"
0,1.28739501328867,0.879,0.426,0,"12","Gm2a"
0,1.63628643410949,0.678,0.23,0,"12","Samhd1"
0,2.98286208796206,0.571,0.123,0,"12","Ero1a"
0,2.50840608161708,0.595,0.149,0,"12","Il1b"
0,1.37081806872366,0.867,0.422,0,"12","Srgn"
0,2.43975570901161,0.55,0.106,0,"12","Cfp"
0,1.25481240206352,0.71,0.266,0,"12","Ndufa2"
0,1.56334240896009,0.639,0.196,0,"12","Cox5b"
0,2.95896585156143,0.512,0.069,0,"12","Ly6a"
0,1.16087191965797,0.773,0.331,0,"12","Clic4"
0,1.56173565340188,0.608,0.167,0,"12","Hpse"
0,1.35059024149826,0.817,0.377,0,"12","Cyba"
0,1.41725959279371,0.633,0.198,0,"12","Rbms1"
0,1.21887547553628,0.846,0.411,0,"12","Gpx1"
0,1.3882291751334,0.712,0.277,0,"12","Ralgds"
0,1.60906005574342,0.623,0.19,0,"12","Fosl2"
0,1.94581512054916,0.629,0.197,0,"12","Gng12"
0,1.61656205090058,0.815,0.386,0,"12","Grina"
0,1.69040161409927,0.678,0.25,0,"12","Igsf6"
0,2.5914675049744,0.507,0.085,0,"12","Plaat3"
0,1.08098038697535,0.679,0.258,0,"12","Tmem106a"
0,1.37647667732478,0.632,0.212,0,"12","Ndufa3"
0,1.48628337044682,0.596,0.176,0,"12","Iqgap1"
0,1.7394685231487,0.625,0.206,0,"12","Arrdc4"
0,1.59245066956196,0.666,0.251,0,"12","Plaur"
0,2.68028442020444,0.508,0.094,0,"12","Pgk1"
0,2.02929139924056,0.577,0.163,0,"12","Slc31a2"
0,1.15433996534246,0.929,0.518,0,"12","Npc2"
0,2.14325396960487,0.505,0.095,0,"12","Sema4a"
0,1.16018161420474,0.932,0.522,0,"12","Cxcl16"
0,1.65381538613695,0.569,0.159,0,"12","Tnfsf13"
0,1.06183466843327,0.723,0.316,0,"12","H3f3a"
0,1.27182200189021,0.595,0.188,0,"12","Creb5"
0,1.13551666362058,0.647,0.242,0,"12","Ybx1"
0,2.39222137177313,0.538,0.133,0,"12","Hilpda"
0,1.12541351794112,0.732,0.327,0,"12","H2-DMa"
0,2.14472659163805,0.525,0.122,0,"12","Slc2a1"
0,1.25077084459048,0.877,0.475,0,"12","Arhgdib"
0,1.90126793027928,0.536,0.135,0,"12","Isg15"
0,1.29603157300858,0.678,0.277,0,"12","Gngt2"
0,1.71228187516448,0.598,0.198,0,"12","Clcn7"
0,1.23386818709435,0.702,0.303,0,"12","Peds1"
0,0.998988689304969,0.654,0.258,0,"12","Txnrd1"
0,1.55252140020133,0.568,0.172,0,"12","Cyth1"
0,1.11066719426879,0.707,0.311,0,"12","Cdkn1a"
0,1.33965510334002,0.569,0.176,0,"12","Ifitm3"
0,1.48294425789368,0.555,0.165,0,"12","Diaph1"
0,1.2667652182908,0.917,0.531,0,"12","Vamp8"
0,1.40091552483032,0.62,0.236,0,"12","Ly9"
0,1.80638078811374,0.531,0.147,0,"12","Ndufb1"
0,1.06505009177623,0.658,0.275,0,"12","Osbpl8"
0,1.82928769632636,0.538,0.155,0,"12","Ric1"
0,1.20349405877475,0.703,0.32,0,"12","Hif1a"
0,1.39642835551575,0.595,0.215,0,"12","Lrpap1"
0,1.65547933860138,0.525,0.145,0,"12","Ms4a6c"
0,1.36848531082316,0.892,0.514,0,"12","Fcgr2b"
0,1.22226674880133,0.826,0.449,0,"12","Ccrl2"
0,1.12579432030285,0.651,0.275,0,"12","Card19"
0,1.70715336389062,0.518,0.144,0,"12","Calm1"
0,1.676164736832,0.513,0.141,0,"12","Slamf8"
0,1.22202374173505,0.626,0.254,0,"12","Gsto1"
0,1.59512905805817,0.544,0.175,0,"12","Got1"
0,1.86248513499485,0.503,0.134,0,"12","Antxr2"
0,1.06398157289828,0.602,0.234,0,"12","Ell2"
0,1.41142696676553,0.864,0.497,0,"12","Nfe2l2"
0,1.71991579065083,0.505,0.142,0,"12","Cxcr4"
0,2.18984246710323,0.987,0.624,0,"12","Fth1"
0,1.39535548227889,0.524,0.166,0,"12","Sh3bgrl"
0,1.41471519928804,0.504,0.147,0,"12","Iqgap2"
0,1.36325128666417,0.528,0.174,0,"12","Atp5j2"
0,1.01815343206292,0.582,0.228,0,"12","Jak2"
0,1.48721561721256,0.505,0.156,0,"12","Fgl2"
0,1.21185884435375,0.534,0.187,0,"12","Trim25"
0,1.26449578149956,0.564,0.217,0,"12","Sri"
0,1.30483718703814,0.569,0.223,0,"12","Nfkbie"
0,1.32887033306462,0.546,0.201,0,"12","Fcgr4"
0,1.45708935937343,0.514,0.172,0,"12","Glipr1"
0,1.3261517655094,0.534,0.193,0,"12","Gpr65"
0,1.3323766060892,0.984,0.643,0,"12","Cebpb"
0,1.24690110213468,0.511,0.173,0,"12","Irf7"
0,1.24177808591802,0.524,0.19,0,"12","Eepd1"
0,1.43661146702383,0.922,0.608,0,"12","B2m"
0,1.10506215691095,0.903,0.596,0,"12","Ly6e"
0,1.34574507945583,0.929,0.624,0,"12","Psap"
0,0.887652962877509,0.942,0.682,0,"12","Fcer1g"
1.17192271375643e-306,1.30953353826837,0.561,0.204,2.23309873106288e-302,"12","Tkt"
6.44509362393486e-303,1.20694189464453,0.527,0.209,1.22811259004079e-298,"12","Irgm1"
1.48272716118017e-300,1.11597721353751,0.793,0.411,2.82533660562881e-296,"12","Gabarap"
5.29881271898033e-297,1.16284939026824,0.567,0.212,1.0096887636017e-292,"12","Tomm7"
2.66645210861667e-296,0.947216501185211,0.807,0.406,5.08092449296907e-292,"12","Lgals3bp"
8.1614373143667e-295,1.02345341619925,0.741,0.34,1.55516188025258e-290,"12","P2rx4"
2.68721540608696e-294,1.12943948070384,0.522,0.199,5.12048895629871e-290,"12","Tomm6"
2.72542745869399e-288,1.14359004440185,0.597,0.258,5.19330202254141e-284,"12","Tiparp"
5.61182640462529e-288,1.18777942952377,0.548,0.219,1.06933352140135e-283,"12","Sra1"
6.36155747611115e-286,0.90713066091698,0.612,0.25,1.21219477707298e-281,"12","Plin2"
2.12545319742867e-285,0.928530968964874,0.861,0.499,4.05005106770034e-281,"12","Abca1"
7.79645023526743e-284,1.30452573920302,0.522,0.196,1.48561359233021e-279,"12","Mdm2"
6.61225731266911e-282,0.98959582681301,0.67,0.309,1.2599656309291e-277,"12","N4bp1"
8.3930644551937e-281,1.03163452332884,0.555,0.221,1.59929843193716e-276,"12","Nedd8"
1.07507988667355e-280,0.850179192194527,0.825,0.403,2.04856472405646e-276,"12","Bst2"
3.93360481771105e-276,0.895710299250548,0.691,0.322,7.4954839801484e-272,"12","Ifi30"
2.8884449044867e-275,1.10724033943966,0.606,0.25,5.50393176549941e-271,"12","Capns1"
4.16271230604219e-273,1.15538524520933,0.563,0.24,7.93204829916339e-269,"12","Tax1bp1"
5.70525231063587e-273,1.05640888076512,0.612,0.259,1.08713582779167e-268,"12","Abr"
2.19776641741822e-270,0.9267211447479,0.615,0.279,4.18784390839042e-266,"12","Psme1"
3.73935829072824e-264,1.10927462948782,0.542,0.22,7.12534722298267e-260,"12","Nadk"
7.7510040018668e-263,1.06004993247692,0.81,0.47,1.47695381255572e-258,"12","Tapbp"
2.36279250293115e-262,0.893164984587423,0.709,0.335,4.5023011143353e-258,"12","Adam9"
7.23650424609693e-261,1.04108671106372,0.609,0.274,1.37891588409377e-256,"12","Cmklr1"
1.02044148274829e-257,0.838955210063641,0.916,0.674,1.94445124537686e-253,"12","Atp6v0c"
1.40630390565528e-253,0.878990274448106,0.742,0.359,2.67971209222614e-249,"12","Axl"
1.35152760743484e-252,1.21645614014702,0.522,0.217,2.57533585596708e-248,"12","Mxi1"
1.7364259294372e-249,0.850484987116396,0.87,0.522,3.30875960854259e-245,"12","Arpc1b"
1.49588214602685e-246,0.842965143833965,0.853,0.531,2.85040342925416e-242,"12","Syk"
1.01763585693245e-244,0.900925210123966,0.595,0.248,1.93910512538477e-240,"12","Taldo1"
1.56836546997027e-243,1.03383463565338,0.533,0.227,2.98852040302835e-239,"12","Hnrnpll"
4.43153504423439e-242,0.897220390706272,0.528,0.227,8.44429002678864e-238,"12","Cd47"
7.10012610970467e-240,1.12667737427584,0.515,0.223,1.35292903020422e-235,"12","Rab10"
9.58078002624276e-239,0.878292656962593,0.514,0.205,1.82561763400056e-234,"12","Mpp1"
2.00496340497623e-233,0.878483261641842,0.681,0.353,3.8204577681822e-229,"12","Shisa5"
2.69824005980494e-231,0.926592050469101,0.659,0.315,5.14149643395831e-227,"12","Sh3bgrl3"
2.68734485109997e-226,0.848001688872555,0.581,0.272,5.12073561377099e-222,"12","H2-D1"
3.97044066399163e-226,1.02188215075313,0.562,0.254,7.56567468523604e-222,"12","Rab32"
1.82195598669404e-224,0.952286494299422,0.724,0.405,3.4717371326455e-220,"12","Ier3"
1.60453328825332e-222,0.876749997971026,0.617,0.299,3.0574381807667e-218,"12","Ppia"
4.5537611621446e-222,1.00114649290808,0.644,0.297,8.67719189446653e-218,"12","Lipa"
6.59134543390628e-222,0.80648410288705,0.798,0.429,1.25598087243084e-217,"12","Akr1a1"
2.12985726966514e-221,1.01514431219858,0.514,0.225,4.05844302734693e-217,"12","Zyx"
3.43120211985453e-221,0.837996777532411,0.795,0.451,6.5381556393828e-217,"12","Gde1"
1.71899937779643e-220,0.836776133179493,0.559,0.27,3.27555331439109e-216,"12","Tap1"
6.44936916704215e-219,0.549106697891225,0.969,0.805,1.22892729477988e-214,"12","Ctsz"
7.39527152881802e-219,0.789428867330251,0.58,0.241,1.40916898981627e-214,"12","Pld3"
5.10137063265705e-217,0.943835728023597,0.507,0.215,9.720661740528e-213,"12","Ndufc2"
7.60365129036086e-215,0.948506086172448,0.517,0.236,1.44887575337826e-210,"12","Tnfrsf1b"
1.18949893241476e-214,0.949910106445513,0.503,0.214,2.26659021571633e-210,"12","Atp6v1e1"
2.67718979988501e-209,0.794681004465551,0.531,0.234,5.10138516368089e-205,"12","Tmbim1"
3.1221709921464e-209,0.837989790786846,0.865,0.584,5.94929682553497e-205,"12","Slc11a1"
6.41843241993991e-206,0.81088196250949,0.512,0.225,1.22303229761955e-201,"12","Cops9"
2.26781648627774e-204,0.793021438838853,0.65,0.34,4.32132431460224e-200,"12","Syngr2"
1.0205115181175e-202,0.91206224355258,0.582,0.28,1.94458469777289e-198,"12","Slc25a3"
2.48218601497118e-201,0.763449367881742,0.838,0.524,4.72980545152759e-197,"12","Lamp1"
1.57122446089812e-199,0.948576498386033,0.538,0.247,2.99396821024136e-195,"12","Pgd"
4.05973237305603e-198,0.789515678411489,0.672,0.335,7.73582003685827e-194,"12","Rab7"
7.64627208963246e-198,0.775197644605365,0.512,0.239,1.45699714667946e-193,"12","Cwc15"
5.81173057025432e-197,0.762705886910242,0.545,0.26,1.10742526016196e-192,"12","Poldip3"
2.68900148915082e-196,0.843920878324311,0.589,0.284,5.12389233757689e-192,"12","Csde1"
3.70043411145347e-196,0.796727698255212,0.507,0.235,7.05117719937459e-192,"12","Rab8a"
8.314758599409e-196,0.848448188033591,0.522,0.238,1.58437725111738e-191,"12","Edf1"
3.47133887470597e-194,0.790135287178945,0.501,0.239,6.61463622575223e-190,"12","Rnf213"
1.48083082735304e-192,0.956958015408182,0.609,0.297,2.82172314152121e-188,"12","Atp13a2"
9.97283151721282e-192,0.731466420703318,0.686,0.376,1.9003230456049e-187,"12","Vasp"
1.00401834441802e-191,0.891503383101476,0.506,0.227,1.91315695528853e-187,"12","Hebp1"
1.76214687667528e-189,0.801527864837173,0.713,0.397,3.35777087350475e-185,"12","Atp1b3"
5.88773796213512e-186,0.801476746265268,0.578,0.279,1.12190846868485e-181,"12","Degs1"
1.26193219248983e-185,0.644323936455297,0.529,0.248,2.40461179278938e-181,"12","Fis1"
1.47207223642262e-185,0.74824556069319,0.645,0.352,2.80503364650329e-181,"12","Gsap"
2.37175269054718e-185,0.779120128697874,0.605,0.309,4.51937475183765e-181,"12","Ppp2ca"
4.36280691553162e-185,0.640448474387328,0.632,0.316,8.3133285775455e-181,"12","Sdc3"
2.52818137883462e-183,0.760912990381942,0.674,0.365,4.81744961736937e-179,"12","Rbm7"
3.78997257506143e-181,0.737977386503908,0.518,0.246,7.22179274177955e-177,"12","D8Ertd738e"
2.90034480983851e-178,0.569612050257093,0.66,0.348,5.52660703514727e-174,"12","Lrrfip1"
9.31030830841402e-177,0.671945631529395,0.696,0.38,1.77407924816829e-172,"12","Atp2b1"
2.64340594924174e-176,0.960771189096924,0.585,0.294,5.03701003628013e-172,"12","Pid1"
7.3614463270223e-176,0.83817455404893,0.503,0.241,1.4027235976141e-171,"12","Furin"
3.07699841686895e-174,0.680764657306191,0.792,0.487,5.86322048334378e-170,"12","M6pr"
2.2117688501619e-171,0.950744642465664,0.533,0.273,4.21452554398349e-167,"12","Osm"
4.38410072603964e-168,0.724188909040531,0.508,0.247,8.35390393346853e-164,"12","Tgif1"
6.04404302636085e-168,0.657440297684874,0.573,0.292,1.15169239867306e-163,"12","Pomp"
1.73534121624103e-166,0.571376002507036,0.557,0.292,3.30669268754729e-162,"12","Rnf4"
5.48117286954133e-165,0.570113138553199,0.969,0.774,1.0444374902911e-160,"12","Mcl1"
2.48463511444187e-163,0.655539304354894,0.901,0.688,4.73447221056897e-159,"12","Cd68"
7.43573198040388e-163,0.666816459738063,0.53,0.261,1.41687872886596e-158,"12","Ssr3"
3.7477648852867e-162,0.783839943957539,0.586,0.32,7.14136598891381e-158,"12","Spty2d1"
6.28761984001183e-162,0.639764309959419,0.604,0.31,1.19810596051425e-157,"12","Lrrc59"
5.72037885054927e-159,0.63512279522589,0.538,0.263,1.09001818997216e-154,"12","Sertad1"
2.33894168103889e-157,0.578814671462346,0.621,0.335,4.4568533732196e-153,"12","Cggbp1"
1.31292316420896e-156,0.555011335123047,0.633,0.357,2.50177508940017e-152,"12","Ifnar1"
1.56926267786258e-153,0.611158456235128,0.903,0.657,2.99023003266714e-149,"12","Tpt1"
3.12564124114607e-153,0.845808868839572,0.913,0.716,5.95590938500383e-149,"12","Ucp2"
8.56910162430374e-152,0.623574933196008,0.964,0.89,1.63284231451108e-147,"12","Ctss"
3.08249514018003e-151,0.519731450779188,0.722,0.413,5.87369448961305e-147,"12","Tuba1c"
7.53722002490983e-151,0.605533421483727,0.57,0.286,1.43621727574657e-146,"12","Snx3"
9.32288464506913e-149,0.585276942073633,0.537,0.286,1.77647566911792e-144,"12","Nup98"
3.84204344882362e-147,0.551335883372264,0.903,0.633,7.32101379173341e-143,"12","Sdcbp"
3.25395388301963e-141,0.667080973197962,0.546,0.294,6.20040912409391e-137,"12","Ptafr"
5.32279797949765e-141,0.515638989019009,0.715,0.404,1.01425915499328e-136,"12","Bax"
6.06942623685319e-140,0.817127793213205,0.707,0.451,1.15652916943238e-135,"12","Itgb2"
3.06616481973376e-139,0.520870503773775,0.555,0.295,5.84257706400267e-135,"12","Btf3"
6.50122167002274e-139,0.550599876733954,0.668,0.375,1.23880778922283e-134,"12","Ist1"
1.50263292469777e-138,0.703107733289351,0.559,0.304,2.8632670380116e-134,"12","Naca"
5.94279919775251e-138,0.594114919597378,0.555,0.307,1.13240038713174e-133,"12","Dnajb6"
1.25034155546077e-136,0.59061133377559,0.53,0.288,2.38252583393049e-132,"12","Snx20"
1.41505723885514e-136,0.579607037958727,0.633,0.361,2.69639156863847e-132,"12","Cox7a2l"
4.42250402965621e-136,0.504182191531666,0.53,0.284,8.4270814285099e-132,"12","Dnaja2"
5.93955248367571e-135,0.609720064804242,0.644,0.368,1.13178172576441e-130,"12","Ifnar2"
1.63028897304277e-134,0.543068824784587,0.548,0.299,3.10651563813299e-130,"12","Gpsm3"
1.42706936902066e-130,0.539756553683797,0.592,0.331,2.71928068266886e-126,"12","Zfp703"
1.9253909914671e-127,0.507748247732586,0.599,0.345,3.66883253424056e-123,"12","Grb2"
7.90388179314905e-127,0.507069997755802,0.586,0.323,1.50608467568455e-122,"12","Arpc2"
4.12502771667502e-125,0.587459066996113,0.73,0.449,7.86024031412425e-121,"12","Adam17"
1.50614178108715e-123,0.526791376002496,0.778,0.52,2.86995316386157e-119,"12","Creg1"
1.44949997505163e-119,0.600301717279658,0.5,0.274,2.76202220246088e-115,"12","Rhog"
3.01663337935672e-119,0.56922179917671,0.582,0.343,5.74819490436423e-115,"12","Pnp"
3.2028312365296e-115,0.503533478403379,0.513,0.289,6.10299492120715e-111,"12","Ppp1r15b"
3.22236713235274e-115,0.584431587434811,0.504,0.281,6.14022057069815e-111,"12","Arf4"
3.61330612666621e-115,0.546301060720318,0.629,0.373,6.88515482436246e-111,"12","Lhfpl2"
4.58308772332134e-113,0.503918251927858,0.888,0.687,8.73307365678881e-109,"12","Ctsh"
9.11806465930442e-95,0.502041931059108,0.522,0.303,1.73744722083046e-90,"12","Cln5"
0,1.23290022895457,0.911,0.599,0,"13","Cd81"
3.97253177037354e-294,0.872162879069571,0.984,0.76,7.56965928844678e-290,"13","Hexb"
2.66839798731355e-289,1.24426039038753,0.872,0.544,5.08463236482597e-285,"13","Sparc"
9.23513047466805e-273,0.918241454969063,0.961,0.841,1.759754111948e-268,"13","C1qa"
1.27323260863719e-228,0.775185937891751,0.973,0.871,2.42614473575817e-224,"13","C1qb"
3.26751952869428e-221,0.920080758821205,0.98,0.86,6.22625846192695e-217,"13","Cst3"
5.29506950771712e-209,1.16740524799657,0.788,0.641,1.0089754946955e-204,"13","Ly86"
1.64576834235156e-188,0.750535385656105,0.933,0.811,3.1360115763509e-184,"13","Csf1r"
1.77828380444034e-163,0.61206096690167,0.961,0.89,3.38851978936107e-159,"13","Ctss"
3.49986635984151e-162,1.26823290332934,0.618,0.37,6.66899534867799e-158,"13","Lag3"
1.01027182598828e-152,0.774346189964618,0.867,0.742,1.92507296442066e-148,"13","Aif1"
1.84006504359705e-151,1.47690233097501,0.516,0.276,3.50624394057418e-147,"13","Cd34"
1.17615299633193e-131,0.811463661972454,0.875,0.755,2.24115953451049e-127,"13","Grn"
2.86814513329133e-129,0.690299042796998,0.872,0.774,5.46525055148663e-125,"13","Abhd12"
1.03600773861108e-124,0.579456570716368,0.887,0.714,1.97411274592341e-120,"13","Ctsd"
8.67643777931653e-112,1.24042253785317,0.511,0.301,1.65329521884876e-107,"13","Serpine2"
1.1753033989095e-109,0.602102412001036,0.773,0.51,2.23954062662206e-105,"13","Tmem119"
3.28099315357392e-106,0.888010217654015,0.733,0.615,6.25193245413511e-102,"13","Itgb5"
2.27585081208854e-103,0.677642463489488,0.852,0.716,4.33663372243471e-99,"13","Marcks"
9.90831551169814e-103,0.612435719470795,0.911,0.807,1.88802952075408e-98,"13","Ctsz"
1.9404161739985e-97,0.906913760673386,0.717,0.612,3.69746301955415e-93,"13","Itm2b"
2.20404700512463e-97,0.787354233866417,0.799,0.668,4.19981156826498e-93,"13","Cd9"
1.43292064917609e-96,0.80504658184039,0.75,0.612,2.73043029700503e-92,"13","B2m"
1.959522140481e-94,0.750935696627112,0.717,0.561,3.73386943868655e-90,"13","F11r"
6.86570682712114e-92,0.563233011518201,0.869,0.786,1.30826043590793e-87,"13","Serinc3"
8.89151038025127e-92,0.629265386387353,0.689,0.461,1.69427730295688e-87,"13","Siglech"
1.96866740834226e-90,0.773425909696072,0.775,0.709,3.75129574659617e-86,"13","Fcgr3"
6.47853710384766e-88,0.625811380780986,0.761,0.578,1.23448524513817e-83,"13","Bin1"
2.85329633345948e-82,0.757296322809632,0.582,0.385,5.43695616340704e-78,"13","Sall1"
1.32903255603593e-80,0.771030160850855,0.727,0.601,2.53247153552647e-76,"13","Ly6e"
3.11643916330907e-76,0.825694661551152,0.721,0.63,5.93837482568543e-72,"13","Itgam"
4.52490196283012e-76,0.763971985663756,0.694,0.578,8.62220069017279e-72,"13","Bin2"
7.6279316862509e-75,0.743370947142218,0.695,0.603,1.45350238281511e-70,"13","Csf3r"
3.14711420397912e-64,0.646237077965713,0.618,0.456,5.99682611568221e-60,"13","Slco2b1"
1.97030704545238e-63,0.762579534851394,0.686,0.621,3.7544200751095e-59,"13","Rgs10"
1.55331329691648e-62,0.623784441510991,0.729,0.669,2.95983848727435e-58,"13","Lgmn"
2.70953661947362e-62,0.761079652818923,0.672,0.591,5.16302202840698e-58,"13","Anxa3"
1.93058526844694e-61,0.991768967653216,0.552,0.445,3.67873022902564e-57,"13","Pycard"
8.14379602599888e-57,0.689845523376844,0.64,0.497,1.55180033275409e-52,"13","Cfh"
1.29641146136599e-55,0.582219416117124,0.754,0.714,2.4703120396329e-51,"13","Pld4"
3.83355845715975e-54,0.780712837255449,0.637,0.558,7.3048456401179e-50,"13","Plxnb2"
1.11754182787046e-51,0.891810900083363,0.523,0.413,2.12947595300717e-47,"13","Lgals3bp"
2.28096169584987e-51,0.681402762915379,0.702,0.652,4.34637251144193e-47,"13","Itm2c"
6.94878318480482e-46,0.572722148633698,0.672,0.543,1.32409063586456e-41,"13","Phyhd1"
2.42589901546557e-45,0.706515245790949,0.526,0.393,4.62255057396964e-41,"13","Ptgs1"
7.76659744048184e-43,0.665309767426095,0.563,0.456,1.47992514228382e-38,"13","Ctsl"
2.20727853063585e-39,0.767703639662674,0.53,0.428,4.20596924012661e-35,"13","Timp2"
1.5537637271017e-34,0.511153642962687,0.728,0.691,2.96069678199229e-30,"13","Ctsh"
7.86117078081255e-32,0.691373436379693,0.587,0.52,1.49794609228383e-27,"13","Evl"
1.08430651299889e-28,0.529581504925358,0.501,0.378,2.06614606051938e-24,"13","P2ry13"
8.28139428280628e-27,0.778083865105577,0.514,0.435,1.57801968058874e-22,"13","Atp8a1"
2.99557309977749e-26,0.703227913026159,0.519,0.461,5.70806454162601e-22,"13","Tgfbr2"
5.69362709055386e-25,0.562692236838668,0.638,0.582,1.08492064210504e-20,"13","Rnase4"
1.98527253896865e-24,0.534837814030935,0.634,0.554,3.78293682300475e-20,"13","Fcrls"
6.15122995761004e-22,0.53746700325515,0.593,0.591,1.17211686842259e-17,"13","Unc93b1"
1.3727449412717e-19,0.572294557957488,0.548,0.51,2.61576548559322e-15,"13","Cmtm6"
1.61853847490748e-19,0.510182020347459,0.547,0.472,3.0841250639362e-15,"13","Bhlhe41"
2.03222859913328e-18,0.604664194597672,0.579,0.571,3.87241159564847e-14,"13","Tcn2"
1.29760535407521e-13,0.503897024911395,0.546,0.521,2.47258700219032e-09,"13","Apbb1ip"
5.66850797182047e-12,0.611027704006995,0.566,0.518,1.08013419403039e-07,"13","Rsrp1"
0,8.31747750052683,0.907,0.008,0,"14","Clec9a"
0,4.96726975236807,0.91,0.075,0,"14","Ifi205"
0,4.96517480253083,0.936,0.101,0,"14","Plbd1"
0,10.169980028452,0.806,0.002,0,"14","Xcr1"
0,5.31363742235735,0.848,0.049,0,"14","Cd24a"
0,3.13711953043363,0.978,0.207,0,"14","H2-Eb1"
0,4.52267721787089,0.946,0.177,0,"14","Wdfy4"
0,5.03137119118512,0.859,0.095,0,"14","Naaa"
0,3.01700601572687,0.993,0.239,0,"14","H2-Ab1"
0,2.86268227706765,0.966,0.222,0,"14","H2-Aa"
0,6.78246929881655,0.703,0.01,0,"14","Btla"
0,2.54394171616166,0.992,0.3,0,"14","Cd74"
0,3.41966313786844,0.799,0.115,0,"14","Lsp1"
0,6.40099667390721,0.675,0.014,0,"14","Septin6"
0,3.07657848354454,0.791,0.146,0,"14","S100a11"
0,3.81056278131311,0.725,0.084,0,"14","Shtn1"
0,3.32573584605044,0.754,0.116,0,"14","Cytip"
0,8.2793320297993,0.641,0.003,0,"14","Itgae"
0,3.20290950090517,0.754,0.117,0,"14","Tmsb10"
0,5.5835036556135,0.647,0.017,0,"14","Nup210"
0,3.01245904481276,0.839,0.228,0,"14","Rab43"
0,3.5700614710145,0.637,0.032,0,"14","Plac8"
0,3.17611131338509,0.681,0.087,0,"14","Srebf2"
0,3.11973814263201,0.775,0.184,0,"14","Psmb9"
0,3.67826857914393,0.659,0.071,0,"14","Ciita"
0,6.09274267160327,0.593,0.008,0,"14","Kit"
0,2.81016955089312,0.765,0.183,0,"14","Tbc1d8"
0,4.42958088243028,0.611,0.035,0,"14","Cnn2"
0,2.64433243678271,0.789,0.215,0,"14","Fnbp1"
0,2.55574099594386,0.841,0.268,0,"14","Tap1"
0,3.18181019175698,0.692,0.121,0,"14","Gsn"
0,6.48081740373778,0.576,0.008,0,"14","Jaml"
0,3.67779208080579,0.637,0.07,0,"14","Pfkp"
0,2.50681065089324,0.846,0.282,0,"14","Macroh2a1"
0,4.16227556761765,0.614,0.051,0,"14","Map4k1"
0,2.91630299244902,0.679,0.12,0,"14","H2-Oa"
0,2.7439364951401,0.835,0.279,0,"14","Sod1"
0,2.34253769105237,0.776,0.227,0,"14","Jak2"
0,5.07621960868989,0.56,0.017,0,"14","Net1"
0,3.56365531070515,0.619,0.081,0,"14","Ppm1m"
0,3.8551265601192,0.584,0.051,0,"14","H2-Ob"
0,2.56327603647231,0.811,0.279,0,"14","Psme1"
0,2.61022214248237,0.778,0.247,0,"14","Taldo1"
0,2.82736429078911,0.711,0.181,0,"14","H2az1"
0,2.13470983482894,0.76,0.231,0,"14","Samhd1"
0,2.14401040227281,0.898,0.373,0,"14","Cd52"
0,2.31808260882293,0.852,0.328,0,"14","H2-DMa"
0,1.88592559897224,0.716,0.195,0,"14","Slamf7"
0,2.36123058408856,0.864,0.344,0,"14","Psmb8"
0,5.3001900332261,0.539,0.02,0,"14","Ncoa7"
0,5.54685929420039,0.529,0.013,0,"14","Ece1"
0,5.20920306052903,0.531,0.018,0,"14","Mycl"
0,2.74311379457161,0.941,0.428,0,"14","Gm2a"
0,6.74433271623082,0.516,0.007,0,"14","Hepacam2"
0,2.26193092964915,0.809,0.307,0,"14","Tap2"
0,3.61487400718934,0.947,0.448,0,"14","Ppt1"
0,2.96801631003481,0.597,0.1,0,"14","Anxa6"
0,3.76919205557522,0.542,0.047,0,"14","Itgb7"
0,2.51756856652951,0.658,0.163,0,"14","Atpif1"
0,2.27393335215684,0.821,0.334,0,"14","Eef1b2"
0,2.1175576776137,0.775,0.29,0,"14","Pomp"
0,1.7380089362602,0.755,0.27,0,"14","Atp5e"
0,3.00476609552303,0.568,0.086,0,"14","Bloc1s2"
0,1.95837588478963,0.605,0.124,0,"14","Anpep"
0,2.77146505920785,0.613,0.135,0,"14","Antxr2"
0,2.18059444566895,0.727,0.249,0,"14","Hnrnpa1"
0,2.16959479419386,0.804,0.328,0,"14","Pmaip1"
0,3.40945598749273,0.526,0.051,0,"14","Cbfa2t3"
0,2.58916955071312,0.645,0.173,0,"14","Irf7"
0,2.29401393069538,0.626,0.156,0,"14","Fgl2"
0,2.01431453092742,0.741,0.274,0,"14","Camk1d"
0,3.13789630282011,0.528,0.064,0,"14","Fyn"
0,2.12433332826348,0.724,0.261,0,"14","Tspo"
0,1.98748594280403,0.614,0.158,0,"14","Clec12a"
0,2.86090614104981,0.537,0.083,0,"14","Rab11fip1"
0,2.55017107850851,0.615,0.161,0,"14","Atox1"
0,2.22866541449494,0.677,0.224,0,"14","Zyx"
0,1.86147275599197,0.679,0.227,0,"14","Cd47"
0,2.08067688795591,0.718,0.282,0,"14","Actr3"
0,2.32552969655626,0.671,0.236,0,"14","Acadl"
0,1.7255090087931,0.647,0.213,0,"14","Fxyd5"
0,1.69661436286624,0.892,0.461,0,"14","Coro1a"
0,2.65069401063822,0.536,0.11,0,"14","Sub1"
0,2.48167337985918,0.523,0.1,0,"14","Runx3"
0,2.18315085006807,0.548,0.125,0,"14","Jarid2"
0,2.41778331320936,0.548,0.131,0,"14","Trim35"
0,1.85319045123108,0.711,0.295,0,"14","Dbnl"
0,1.90238867702222,0.566,0.152,0,"14","Nsmaf"
0,2.44003918029783,0.505,0.097,0,"14","Sema4a"
0,2.36006550529378,0.537,0.129,0,"14","Ero1b"
0,2.45208757956497,0.518,0.111,0,"14","Limd1"
0,2.42426440572932,0.536,0.13,0,"14","Tamalin"
0,2.31593274299891,0.507,0.103,0,"14","Batf3"
0,2.36843141091538,0.514,0.115,0,"14","Adam8"
0,2.05949292007585,0.556,0.159,0,"14","Txndc15"
0,1.99024415576963,0.56,0.165,0,"14","Slc8b1"
0,1.84993586492157,0.885,0.49,0,"14","Alox5ap"
0,2.54084818228538,0.504,0.109,0,"14","Naga"
0,1.75152414503239,0.594,0.203,0,"14","Rab7b"
0,1.80302633984789,0.52,0.134,0,"14","Ifi203"
0,2.02782718123638,0.505,0.127,0,"14","Fmnl2"
0,1.60674691324647,0.863,0.489,0,"14","Actg1"
0,2.40463383840668,0.908,0.536,0,"14","Irf8"
0,1.8720826941235,0.5,0.144,0,"14","Slamf8"
0,0.947205547459432,0.957,0.625,0,"14","Psap"
0,1.32034547528986,0.95,0.717,0,"14","Ucp2"
0,2.13643457040315,0.981,0.841,0,"14","Tmsb4x"
8.1556875778148e-305,1.29017825176256,0.687,0.232,1.55406626795261e-300,"14","Txn1"
5.45159241731335e-295,1.77602766318752,0.716,0.295,1.03880093511906e-290,"14","Btf3"
4.44234444847939e-293,1.60067511263538,0.76,0.318,8.46488734657748e-289,"14","H3f3a"
3.59424336984987e-292,1.72544705343076,0.776,0.356,6.84883074124894e-288,"14","Ptms"
1.02197735587037e-291,1.73711446175775,0.735,0.337,1.94737785161099e-287,"14","Rack1"
1.82533222876405e-290,1.917853190685,0.614,0.179,3.4781705619099e-286,"14","Eid1"
6.2031614988686e-290,1.34411278136196,0.854,0.527,1.18201242360941e-285,"14","Hcls1"
9.50940884976604e-290,1.18463677712884,0.941,0.74,1.81201785632292e-285,"14","Eef1a1"
5.06483511302874e-289,1.79074014451837,0.526,0.163,9.65104330787626e-285,"14","Ifi35"
3.60064380974467e-287,2.1392294567529,0.516,0.15,6.86102677946846e-283,"14","Sp140"
6.58483443709635e-286,2.52708729720682,0.5,0.131,1.25474020198871e-281,"14","Cmtr1"
1.65325953535973e-285,1.81568318577905,0.646,0.254,3.15028604462796e-281,"14","Rab32"
1.67318522142651e-284,1.24047211543587,0.503,0.155,3.18825443942821e-280,"14","Adgre5"
1.52443981190149e-283,2.14047375520488,0.503,0.129,2.90482006157829e-279,"14","Snrpf"
3.61675887055357e-282,2.24687695899102,0.538,0.151,6.89173402783982e-278,"14","Ctnna1"
2.13743150943275e-280,1.60321259214556,0.693,0.285,4.0728757412241e-276,"14","Gng10"
1.2008457442573e-279,1.79121610524078,0.593,0.203,2.28821156568229e-275,"14","Mctp1"
2.83444166339792e-279,1.70529843788658,0.645,0.226,5.40102858960474e-275,"14","Mbd2"
2.11124965455831e-272,1.64647031472785,0.724,0.341,4.02298621676087e-268,"14","Syngr2"
4.29134866267885e-272,1.36297454527803,0.843,0.494,8.17716487673454e-268,"14","Cfl1"
3.05509016489368e-270,1.66922541531408,0.636,0.215,5.82147430920491e-266,"14","Ndufa3"
1.97051482694414e-267,1.87800113272579,0.567,0.173,3.75481600274206e-263,"14","Eif3g"
6.05184330226724e-260,1.99347689892253,0.519,0.151,1.15317874124702e-255,"14","Cdkn1b"
3.65917044575942e-256,1.61088609265554,0.708,0.305,6.97254928439457e-252,"14","Nono"
1.43964429565213e-253,1.6787458463808,0.617,0.213,2.74324220536514e-249,"14","Tomm7"
5.05618915576992e-252,1.76921945543118,0.621,0.218,9.63456843631959e-248,"14","Sri"
1.83266217728026e-246,1.66354341734562,0.602,0.199,3.49213777880754e-242,"14","Cox5b"
6.8353706604456e-246,1.80766058505442,0.588,0.215,1.30247987934791e-241,"14","Tbca"
1.97375527000074e-243,1.57098462248143,0.541,0.191,3.76099066698642e-239,"14","Apobec3"
4.97645476877803e-243,1.64299983468746,0.697,0.317,9.48263456190653e-239,"14","Sh3bgrl3"
2.30168061741366e-242,1.58544421947383,0.505,0.153,4.38585241648173e-238,"14","Rin3"
1.64718526009775e-241,1.61041448844725,0.504,0.167,3.13871151311626e-237,"14","Parp8"
8.65619595095112e-241,1.49156032528278,0.672,0.299,1.64943813845374e-236,"14","Gpsm3"
2.39998680090181e-238,1.98902772971105,0.534,0.146,4.5731748491184e-234,"14","Calm1"
4.16210314993338e-237,1.57861700715425,0.603,0.223,7.93088755219806e-233,"14","Nedd8"
4.46251214785541e-237,1.55824953364528,0.643,0.274,8.50331689773848e-233,"14","Tbc1d9"
3.97825373719504e-236,1.47367248889858,0.611,0.234,7.58056249622515e-232,"14","Rbpj"
1.14388967458171e-235,0.904740088877086,0.644,0.247,2.17968177491545e-231,"14","Vim"
6.62565044854429e-232,1.56956780570303,0.602,0.234,1.26251769297011e-227,"14","Epsti1"
1.79233377399301e-230,1.49127287432367,0.517,0.172,3.41529200634367e-226,"14","Myo1g"
1.20027598537422e-227,1.14419211909817,0.827,0.426,2.28712589013058e-223,"14","Srgn"
1.23435068937389e-219,1.4211740108463,0.57,0.2,2.35205523860194e-215,"14","Lmnb1"
7.1930096854259e-218,1.63358444949789,0.541,0.192,1.3706279955579e-213,"14","Oaz1"
1.29201640595614e-217,1.36380678960452,0.717,0.357,2.46193726154942e-213,"14","Ptpn18"
6.62707057423043e-215,1.67237704563928,0.539,0.193,1.26278829791961e-210,"14","Psma4"
1.62324659150076e-213,1.25377259938894,0.824,0.517,3.0930963801047e-209,"14","Lcp1"
4.34016577018231e-210,1.73711572738474,0.544,0.177,8.2701858750824e-206,"14","Ndufb11"
8.61193935077262e-209,1.11375316331508,0.9,0.659,1.64100504328972e-204,"14","Tpt1"
9.60669576622805e-206,1.78064126021946,0.572,0.213,1.83055587825476e-201,"14","Dusp5"
4.95746146385599e-201,1.44025092541977,0.78,0.477,9.44644281937759e-197,"14","Gdi2"
1.15543207556995e-196,1.63707609126316,0.554,0.22,2.20167581999853e-192,"14","Jdp2"
6.2298564845067e-195,0.884741711400062,0.922,0.71,1.18709915312275e-190,"14","Mpeg1"
3.56558363288102e-194,1.46946603067779,0.515,0.185,6.79421961245478e-190,"14","Rbm17"
3.4694836121096e-193,1.52703416080905,0.554,0.205,6.61110102287484e-189,"14","Smdt1"
4.77504637618011e-193,1.52792025379458,0.514,0.198,9.09885086981121e-189,"14","Tmem50b"
2.93914103009891e-191,1.5433901900142,0.587,0.264,5.60053323285348e-187,"14","Fuca1"
2.03426087128459e-190,1.68215546378827,0.506,0.181,3.87628409023278e-186,"14","Myl12b"
2.00126494105027e-188,1.25672703963395,0.712,0.373,3.81341034517129e-184,"14","Arhgap30"
1.88097174821595e-187,1.39842608028709,0.537,0.216,3.58419166622549e-183,"14","Serf2"
3.37294655116721e-185,1.36924225757628,0.687,0.345,6.42714965324912e-181,"14","Uvrag"
2.05758815457611e-182,1.29002121740072,0.588,0.252,3.92073422854477e-178,"14","Cct2"
2.57519991548581e-180,1.6739150799032,0.503,0.176,4.90704343895821e-176,"14","Uqcrfs1"
3.31320106757415e-178,1.44748841285409,0.655,0.323,6.31330463426255e-174,"14","Arpc2"
6.24862531939885e-178,1.2275962111597,0.667,0.316,1.19067555461145e-173,"14","Supt20"
1.32034637250361e-176,1.7935368755843,0.518,0.195,2.51592001280562e-172,"14","Tubb5"
7.20219331316104e-173,1.30251697008596,0.636,0.293,1.37237793582284e-168,"14","Rnf4"
2.00333235800457e-172,1.40253739306299,0.501,0.19,3.8173498081777e-168,"14","Bhlhe40"
3.19806134675731e-168,1.28862648137558,0.595,0.261,6.09390589624605e-164,"14","Sec11c"
2.66210908098492e-167,0.882439763370969,0.85,0.536,5.07264885381676e-163,"14","Plekho2"
2.01638811481352e-164,1.67727727255838,0.567,0.26,3.84222755277717e-160,"14","Csf2rb"
7.75005982643771e-161,1.27059599528493,0.562,0.236,1.47677389992771e-156,"14","Rab8a"
1.8917857210997e-160,0.624467358735318,0.981,0.861,3.60479769155548e-156,"14","Cst3"
8.20779939172631e-160,1.31174759734605,0.528,0.225,1.56399617409345e-155,"14","Fundc1"
3.54351720792695e-159,0.924162879103992,0.817,0.526,6.75217203970481e-155,"14","Arpc1b"
6.8577474501118e-155,1.05607088646078,0.708,0.377,1.3067437766188e-150,"14","Vasp"
6.9940938341359e-152,1.18547398303029,0.636,0.322,1.3327245800946e-147,"14","Stx16"
3.07202516334065e-150,1.18858495682251,0.542,0.245,5.85374394874562e-146,"14","Plekhj1"
4.99846472770709e-150,1.23188389913283,0.524,0.217,9.52457453864586e-146,"14","Cdc42se1"
6.23178456991671e-144,1.14317565587682,0.547,0.246,1.18746654979763e-139,"14","Cbfb"
5.88681455585008e-140,1.01862610532182,0.742,0.427,1.12173251361723e-135,"14","Dock10"
8.47231826777676e-140,1.09054644883632,0.695,0.406,1.61440024592486e-135,"14","Havcr2"
1.89486403802143e-138,1.08531657000405,0.554,0.252,3.61066342444983e-134,"14","Atp6v0a2"
2.34926158587337e-138,1.19607456928828,0.581,0.289,4.47651795188171e-134,"14","Snx20"
2.52781998771242e-137,1.24659867005802,0.524,0.225,4.81676098658603e-133,"14","Rab10"
1.54352958188033e-136,1.2872525922019,0.526,0.241,2.94119561827296e-132,"14","Fau"
1.81723287910262e-136,1.08506796963024,0.553,0.249,3.46273725113005e-132,"14","Fis1"
2.7737946462525e-136,1.01678187999743,0.608,0.294,5.28546569843413e-132,"14","Baz1a"
4.02765594361937e-135,1.23704317895862,0.516,0.211,7.67469840056671e-131,"14","Ppp2r5a"
2.35673150253595e-134,1.14504951384778,0.662,0.362,4.49075187808226e-130,"14","Cox7a2l"
2.58044400242534e-134,0.807501666310271,0.625,0.319,4.91703604662149e-130,"14","Sdc3"
5.53779658666058e-134,1.2719463086555,0.616,0.305,1.05522713958817e-129,"14","Naca"
2.00237206214851e-130,0.758767309117278,0.753,0.416,3.81551996442399e-126,"14","Gpx1"
8.98153719082629e-130,0.931463244286832,0.807,0.551,1.71143191171195e-125,"14","Gnai2"
1.30073999873636e-128,0.791078881268118,0.826,0.6,2.47856006759214e-124,"14","Ly6e"
1.48046501827458e-126,1.09058635061678,0.522,0.253,2.82102609232221e-122,"14","Eif4b"
1.68683332193006e-125,0.943606588088524,0.598,0.31,3.21426089493774e-121,"14","Rtcb"
8.2439016004049e-124,0.921416996431158,0.754,0.474,1.57087544995715e-119,"14","Tapbp"
1.14125966948586e-122,1.00662238716325,0.58,0.271,2.1746703002053e-118,"14","Ndufa2"
1.1391212040068e-118,0.852783368594394,0.74,0.433,2.17059545423495e-114,"14","Akr1a1"
7.2578535555385e-115,1.00157239680397,0.547,0.276,1.38298399500786e-110,"14","Ttc7"
4.65825918805085e-114,1.02694819752744,0.526,0.247,8.8763128828309e-110,"14","Ybx1"
5.52014758522492e-114,1.06328098743101,0.547,0.263,1.05186412236461e-109,"14","Pip5k1c"
7.86764448936594e-112,1.27810456018726,0.5,0.24,1.49917965744868e-107,"14","Arih2"
1.63570146402419e-110,0.657120445379823,0.857,0.627,3.11682913969809e-106,"14","Irf5"
9.08291122281451e-109,0.979016553680655,0.556,0.284,1.7307487335073e-104,"14","Grcc10"
1.43382786513133e-108,1.02442772419607,0.589,0.301,2.73215899700776e-104,"14","Ppia"
1.10780215220116e-107,1.00472868919377,0.547,0.29,2.1109170010193e-103,"14","Ppp1r15b"
2.04726208124224e-105,0.838140495845065,0.717,0.45,3.90105789580709e-101,"14","Capzb"
7.14885776411846e-105,1.02924996144295,0.557,0.3,1.36221484695277e-100,"14","Lrp10"
6.40831994102938e-101,0.892061623322812,0.615,0.326,1.22110536476315e-96,"14","Hnrnpd"
7.69431585086623e-100,0.635736993658414,0.724,0.439,1.46615188538256e-95,"14","Pim1"
3.648566504702e-99,0.850479459435191,0.643,0.374,6.95234347470965e-95,"14","Ppib"
2.08384522150789e-98,0.829271345816329,0.568,0.301,3.97076706958329e-94,"14","Ppp1r12a"
2.92893800228139e-96,1.16803318271793,0.517,0.281,5.5810913633472e-92,"14","Hfe"
7.22752240250564e-93,0.712275763912409,0.513,0.269,1.37720439379745e-88,"14","Plcb2"
1.74058017415003e-92,0.819950712326618,0.542,0.293,3.31667552184289e-88,"14","Csf2ra"
1.6552480152629e-91,0.625078644400952,0.598,0.336,3.15407509308345e-87,"14","Clic4"
1.78033269560818e-90,0.827248949689655,0.654,0.388,3.39242395148138e-86,"14","Mbnl1"
5.79045190660083e-90,0.834780289374021,0.586,0.328,1.10337061080279e-85,"14","Commd8"
3.56670542393808e-88,0.715130426942313,0.524,0.282,6.79635718531401e-84,"14","Mknk2"
1.58505038331066e-87,0.704289902914987,0.549,0.284,3.02031350539846e-83,"14","Dlgap4"
2.36623692089555e-87,0.880901569066779,0.549,0.308,4.50886445276647e-83,"14","Atp1a1"
4.33337444757098e-86,0.888229246095751,0.567,0.315,8.2572450098465e-82,"14","Srrm2"
3.88803888385674e-84,0.757194389458746,0.605,0.363,7.40865809318902e-80,"14","Ccdc88b"
1.50741228349504e-83,0.80260771810675,0.67,0.432,2.8723741061998e-79,"14","Actr2"
3.69334946712656e-83,0.74911630302187,0.69,0.423,7.03767740960965e-79,"14","Snd1"
2.724024699672e-81,0.681735438332911,0.629,0.39,5.19062906522499e-77,"14","Trafd1"
8.50533545324778e-81,0.612980635662457,0.505,0.27,1.62069167061636e-76,"14","Ptger4"
3.45640635219011e-80,0.759792044988414,0.604,0.356,6.58618230409826e-76,"14","Shisa5"
1.71457421708998e-79,0.611911748724151,0.575,0.331,3.26712117066495e-75,"14","Nr4a1"
1.25766886880853e-78,0.766057146316484,0.514,0.28,2.39648802951465e-74,"14","Khdrbs1"
2.58826508688502e-78,0.674689036206853,0.535,0.295,4.9319391230594e-74,"14","Pde4b"
4.11542578149262e-78,0.560803435713,0.627,0.384,7.8419438266342e-74,"14","Slfn2"
7.94173472022533e-76,0.773948105780919,0.514,0.283,1.51329755093894e-71,"14","Cd48"
1.26005417643669e-75,0.720013028860063,0.541,0.288,2.40103323320011e-71,"14","Snx3"
2.96376602969175e-75,0.814586000457696,0.745,0.526,5.64745616957763e-71,"14","Pdia3"
3.18063203609773e-75,0.687874632893272,0.75,0.542,6.06069434478422e-71,"14","Sf3b1"
1.87297672828535e-73,0.595848160025698,0.567,0.327,3.56895715574773e-69,"14","Ifi30"
1.64576131151304e-72,0.648006274290785,0.634,0.38,3.1359981790881e-68,"14","Hnrnpm"
9.69276849237834e-72,0.646567461934181,0.722,0.499,1.84695703622269e-67,"14","Ptprc"
5.25065055160941e-71,0.639434995175767,0.572,0.347,1.00051146260917e-66,"14","Eloa"
4.32125492485631e-70,0.759262156164249,0.524,0.316,8.23415125931371e-66,"14","Usp25"
9.11949004407319e-69,0.669514430663254,0.596,0.368,1.73771882789815e-64,"14","Mob1a"
9.29042371706219e-69,0.666214416114143,0.526,0.308,1.7702902392862e-64,"14","Skap2"
2.23189658974556e-67,0.647563205630299,0.51,0.287,4.25287895176017e-63,"14","Rab4b"
5.82972278147474e-67,0.61650471439086,0.519,0.301,1.11085367601001e-62,"14","Ehbp1l1"
1.02019054415601e-65,0.51423735493849,0.588,0.351,1.94397308188928e-61,"14","Lrrfip1"
1.61030415808598e-65,0.53815995386917,0.576,0.357,3.06843457323283e-61,"14","Ankrd13a"
5.36722016889883e-65,0.556203528039771,0.583,0.356,1.02272380318367e-60,"14","Syf2"
1.44470263343405e-64,0.642757945782549,0.588,0.359,2.75288086800859e-60,"14","Ifnar1"
1.06307423739784e-63,0.608223578718262,0.708,0.491,2.02568795936158e-59,"14","M6pr"
1.14269409949043e-63,0.564088144960043,0.801,0.594,2.17740360657901e-59,"14","Cdc42"
2.84020083664501e-62,0.701932821093442,0.507,0.296,5.41200269422706e-58,"14","Pcbp1"
2.16291755626759e-59,0.654987220551567,0.547,0.344,4.1214394034679e-55,"14","Erp29"
4.89014796769125e-59,0.567702316284002,0.705,0.48,9.31817695243568e-55,"14","Arhgdib"
7.48015262657411e-59,0.609337021778929,0.535,0.327,1.4253430829937e-54,"14","Atp6v0e"
2.81792995929067e-58,0.559481380203393,0.502,0.279,5.36956553742836e-54,"14","Pabpn1"
1.85250156243075e-57,0.56815250843927,0.643,0.436,3.5299417272118e-53,"14","Plekho1"
1.29416290044542e-53,0.586961692055555,0.578,0.363,2.46602740679875e-49,"14","Pak2"
5.20463670509017e-53,0.568025119402644,0.542,0.339,9.91743524154932e-49,"14","Rab7"
2.98080264212782e-51,0.549203007248722,0.503,0.306,5.67991943457456e-47,"14","Twf2"
2.19172988206478e-50,0.567282728968524,0.502,0.314,4.17634129027443e-46,"14","Tln1"
1.03772362072781e-46,0.545437935053634,0.554,0.348,1.97738235929684e-42,"14","Ube2b"
1.34276327158884e-42,0.529789562067529,0.522,0.342,2.55863541401254e-38,"14","Prpf38b"
2.46124361403245e-40,0.508897135542548,0.553,0.362,4.68989970653883e-36,"14","Rogdi"
1.68001339327967e-31,0.511726423507989,0.628,0.494,3.20126552089441e-27,"14","Zfp36l2"
1.30269055790218e-30,0.504943009982985,0.511,0.347,2.4822768580826e-26,"14","Pdia6"
0,5.94579583437485,0.878,0.032,0,"15","Plac8"
0,3.93960073297161,0.923,0.116,0,"15","Cytip"
0,5.06747741058527,0.843,0.038,0,"15","S100a4"
0,3.8873912500431,0.953,0.202,0,"15","Ifitm2"
0,3.67699575403429,0.887,0.152,0,"15","Adgre5"
0,3.30142115510049,0.892,0.186,0,"15","Msrb1"
0,4.04121690227321,0.882,0.177,0,"15","Ifitm3"
0,4.61312951201707,0.75,0.046,0,"15","S100a6"
0,2.96312700468195,0.808,0.106,0,"15","Plbd1"
0,4.26320954075276,0.811,0.113,0,"15","Emilin2"
0,3.37507346434097,0.792,0.118,0,"15","Lsp1"
0,5.04364938076042,0.724,0.055,0,"15","Gsr"
0,3.25811374143186,0.893,0.232,0,"15","Samhd1"
0,3.20384581426786,0.778,0.148,0,"15","S100a11"
0,2.98839828848425,0.842,0.212,0,"15","Fxyd5"
0,4.68663969131354,0.684,0.057,0,"15","Gda"
0,3.84509628504094,0.698,0.112,0,"15","Fgr"
0,3.6437287421706,0.691,0.107,0,"15","Flna"
0,3.85499921188377,0.65,0.071,0,"15","Klra2"
0,5.8363930101311,0.598,0.019,0,"15","Hp"
0,2.79783327449441,0.747,0.17,0,"15","Cd44"
0,4.72725175956091,0.654,0.079,0,"15","Itgal"
0,1.83222323275712,0.815,0.243,0,"15","Lyz2"
0,7.36549352145381,0.577,0.006,0,"15","Ifitm6"
0,2.6470409617784,0.884,0.318,0,"15","H3f3a"
0,5.58087407943503,0.589,0.028,0,"15","Krt80"
0,4.10925866112616,0.635,0.075,0,"15","Emb"
0,1.31396909847428,0.807,0.249,0,"15","Lgals3"
0,2.47666625965906,0.732,0.184,0,"15","Trps1"
0,2.85542868985819,0.751,0.209,0,"15","Ppp2r5a"
0,2.24217447045029,0.788,0.246,0,"15","Vim"
0,2.41560500089995,0.842,0.307,0,"15","Emp3"
0,2.80571234988059,0.698,0.167,0,"15","Diaph1"
0,2.632177139692,0.759,0.229,0,"15","Clec4a3"
0,4.6649482341319,0.563,0.036,0,"15","Cd244a"
0,2.29050328596423,0.949,0.426,0,"15","Srgn"
0,2.28625325591217,0.932,0.415,0,"15","Gpx1"
0,3.9510287370525,0.587,0.074,0,"15","Ceacam1"
0,2.86262493260858,0.632,0.121,0,"15","Tmsb10"
0,4.0077224105577,0.551,0.044,0,"15","Mcemp1"
0,3.45473535329439,0.589,0.087,0,"15","Arhgef10l"
0,2.67691423143182,0.722,0.222,0,"15","Nadk"
0,2.21324437324141,0.687,0.187,0,"15","Tgfbi"
0,2.68258892202291,0.684,0.187,0,"15","Metrnl"
0,2.67825018618081,0.958,0.462,0,"15","Coro1a"
0,4.96470532845926,0.518,0.025,0,"15","Arhgap26"
0,3.48017051850886,0.544,0.054,0,"15","Clec4e"
0,2.47424219300845,0.738,0.25,0,"15","Taldo1"
0,3.57061602546128,0.57,0.082,0,"15","S100a10"
0,1.81925701023083,0.858,0.382,0,"15","Slfn2"
0,2.10641849663556,0.729,0.254,0,"15","Plaur"
0,2.58625825468494,0.644,0.172,0,"15","Myo1g"
0,2.47904727477567,0.641,0.174,0,"15","Pirb"
0,1.58541931150177,0.898,0.431,0,"15","Gm2a"
0,4.34737518132648,0.501,0.035,0,"15","Ccr2"
0,3.37204127057011,0.559,0.094,0,"15","Itga4"
0,3.6505111810727,0.529,0.065,0,"15","Sorl1"
0,2.63907227856874,0.586,0.126,0,"15","Jarid2"
0,3.59872608684033,0.528,0.07,0,"15","Ldlr"
0,3.23033367671571,0.52,0.073,0,"15","Clec4a1"
0,2.45961613272581,0.617,0.17,0,"15","Cybb"
0,3.45546380559069,0.523,0.08,0,"15","Fn1"
0,2.70877862251348,0.591,0.148,0,"15","Ms4a6c"
0,2.98339266662557,0.529,0.096,0,"15","Ms4a4a"
0,3.37259003547361,0.507,0.076,0,"15","Agpat4"
0,2.93305390812428,0.581,0.158,0,"15","Slc16a3"
0,2.31670397988306,0.911,0.491,0,"15","Alox5ap"
0,2.95972777526526,0.512,0.092,0,"15","Cdk2ap2"
0,2.5974523353205,0.533,0.114,0,"15","Ccl6"
0,2.07456972477493,0.892,0.479,0,"15","Arhgdib"
0,2.30719776678648,0.533,0.129,0,"15","Mgst1"
0,1.81718535309661,0.962,0.647,0,"15","Cebpb"
0,1.57435666474534,0.939,0.654,0,"15","Msn"
1.15339326937583e-307,2.73104036006323,0.597,0.139,2.19779087479564e-303,"15","Stk17b"
3.58338811065601e-289,2.19497557318816,0.736,0.287,6.82814604485502e-285,"15","Rac2"
7.55435994283849e-289,2.50807125144091,0.556,0.142,1.43948328710787e-284,"15","Ms4a6b"
2.75666677760211e-288,1.53117679408185,0.657,0.208,5.25282854472082e-284,"15","Lyz1"
1.08688926519018e-287,1.86131453216861,0.809,0.355,2.0710674948199e-283,"15","Shisa5"
1.7324084314352e-286,1.95870135907545,0.617,0.192,3.30110426609977e-282,"15","Ccl9"
1.69548351925559e-283,2.36414886760736,0.667,0.207,3.23074384594153e-279,"15","Tkt"
5.71988544681262e-276,2.05386163702681,0.657,0.226,1.08992417189014e-271,"15","Zyx"
1.38940375305848e-275,2.46836413583801,0.598,0.164,2.64750885145293e-271,"15","Stk24"
1.60704495697137e-275,1.70984952762232,0.847,0.499,3.06222416550894e-271,"15","Ptprc"
4.03125593432177e-275,1.4974511171904,0.841,0.377,7.68155818285014e-271,"15","Lilrb4a"
5.04658015321175e-275,1.5480245287636,0.875,0.526,9.61625848194499e-271,"15","Arpc1b"
9.69559021704853e-274,1.75005228923871,0.789,0.37,1.8474947158586e-269,"15","Cd300a"
1.29639625256124e-271,2.71545730925614,0.542,0.124,2.47028305925544e-267,"15","Klf13"
1.73486099338384e-264,1.90581678484306,0.582,0.18,3.30577762289291e-260,"15","Iqgap1"
1.7081896264437e-262,1.58710105798701,0.837,0.376,3.25495533318846e-258,"15","Cd52"
5.57185526260096e-261,2.41401361930984,0.635,0.176,1.06171702028861e-256,"15","Glud1"
6.03765866339647e-260,3.20214414992215,0.553,0.125,1.1504758583102e-255,"15","Thbs1"
2.37292161688137e-259,1.96535126404916,0.718,0.269,4.52160214096746e-255,"15","Prdx5"
7.05123647193234e-258,2.35668319362667,0.517,0.145,1.34361310972671e-253,"15","Cxcr4"
1.81211062774101e-253,1.45494957249152,0.861,0.439,3.4529768011605e-249,"15","Pim1"
7.06381040056575e-253,2.10006658384846,0.603,0.154,1.3460090718278e-248,"15","Fam107b"
1.80422581604119e-250,2.0269169600599,0.64,0.219,3.43795229246649e-246,"15","Aldh2"
1.1913468597362e-247,1.98437567486113,0.624,0.203,2.27011144122733e-243,"15","Rbms1"
4.67278819611958e-247,0.893778052991189,0.984,0.841,8.90399790770586e-243,"15","Tmsb4x"
1.54974942428939e-238,2.1300028718354,0.586,0.182,2.95304752798343e-234,"15","Cers6"
3.45788137807487e-238,1.63161780286048,0.842,0.491,6.58899296592166e-234,"15","Actg1"
6.93088867268814e-237,1.9104354581769,0.565,0.184,1.32068083658072e-232,"15","Wfdc17"
4.83998175257848e-222,1.89707104569228,0.735,0.33,9.22258522953829e-218,"15","Nr4a1"
1.01728460353649e-219,1.46151481691252,0.831,0.521,1.93843581203879e-215,"15","Ncf2"
1.17665580670626e-216,2.09427587885517,0.622,0.216,2.24211763967877e-212,"15","Stk38"
1.10103760358112e-213,1.25752413383385,0.89,0.6,2.09802715362383e-209,"15","Ly6e"
1.16774239671196e-213,1.66363201718101,0.743,0.402,2.22513313693464e-209,"15","Tnfrsf1a"
1.29073484924496e-212,1.88776034454422,0.533,0.169,2.45949525523628e-208,"15","Sh3bgrl"
1.29757148621829e-206,1.00853347731881,0.954,0.717,2.47252246698895e-202,"15","Ucp2"
5.84079959393957e-205,1.55663102785598,0.79,0.453,1.11296436262519e-200,"15","Itgb2"
5.08455384558932e-202,1.82352210541421,0.697,0.307,9.68861735277045e-198,"15","Atp1a1"
3.04533629261685e-201,1.94685050782098,0.555,0.181,5.8028883055814e-197,"15","Sik1"
3.09500680124762e-201,1.8613602890795,0.569,0.195,5.89753545977733e-197,"15","Fosl2"
1.04442643455101e-193,1.88273965506485,0.65,0.249,1.99015457103695e-189,"15","Fis1"
1.34556917274229e-191,1.63554731180915,0.679,0.286,2.56398205866043e-187,"15","Macroh2a1"
1.73305405335208e-189,1.9717732257017,0.505,0.179,3.30233449866239e-185,"15","Slc44a2"
6.65826543759903e-188,1.81362356238325,0.605,0.23,1.2687324791345e-183,"15","Cd47"
5.96461668190996e-187,1.44236421621027,0.817,0.493,1.13655770873794e-182,"15","Zfp36l2"
5.77112761436165e-186,2.01737066482705,0.524,0.176,1.09968836691661e-181,"15","Cyth1"
1.54123798488426e-185,1.68479443993085,0.631,0.276,2.93682898019696e-181,"15","Ttc7"
2.38377428269889e-185,1.53329218426924,0.725,0.35,4.54228189568273e-181,"15","Lrrfip1"
1.4381290218483e-181,1.92229153109516,0.539,0.19,2.74035485113193e-177,"15","Ciao2a"
5.98089828009283e-180,1.91755511061908,0.505,0.167,1.13966016727169e-175,"15","Tpm4"
2.44083950569323e-178,1.36591392903291,0.62,0.261,4.65101967809845e-174,"15","Ifi207"
1.16915684330861e-175,1.20358980938606,0.892,0.669,2.22782836492456e-171,"15","Rap1b"
1.38313370959452e-175,1.57749310822494,0.681,0.324,2.63556128363236e-171,"15","Arpc2"
2.47260720959312e-175,1.37129464353992,0.719,0.337,4.71155303787969e-171,"15","Rnf149"
2.86741508379323e-174,1.68638474632524,0.514,0.177,5.46385944216801e-170,"15","Irf7"
1.40888888595905e-173,2.15174125097113,0.612,0.282,2.68463777219496e-169,"15","Gngt2"
8.32835854895631e-172,1.87461988108448,0.565,0.212,1.58696872150362e-167,"15","Pitpna"
7.98766258754767e-169,1.91006023010695,0.573,0.232,1.52204910605721e-164,"15","Raf1"
1.97488145413494e-168,1.37821242637468,0.763,0.45,3.76313661085413e-164,"15","Capzb"
2.77459246954516e-165,1.09959966938412,0.858,0.629,5.28698595071831e-161,"15","Cap1"
2.19589289723489e-164,1.88986802235899,0.53,0.204,4.18427391568108e-160,"15","Ap1s2"
8.69021055506602e-164,1.77178308132084,0.56,0.217,1.65591962126783e-159,"15","Cdc42se1"
6.23723982689037e-160,1.49929697646321,0.696,0.379,1.18850604901396e-155,"15","Ptpn1"
1.17255966449697e-156,1.65950671636318,0.635,0.285,2.23431244069897e-152,"15","Actr3"
5.68227018121884e-156,1.64946737715132,0.624,0.281,1.08275658303125e-151,"15","Degs1"
1.04754662745487e-155,1.64739437434088,0.571,0.214,1.99610009861526e-151,"15","Dusp5"
2.82754559334167e-155,0.922454059061303,0.915,0.659,5.38788812811255e-151,"15","Tpt1"
4.41434278007867e-155,1.53136855718724,0.587,0.255,8.41153016743991e-151,"15","Igsf6"
1.30843933108626e-153,1.54655555672751,0.533,0.228,2.49323114538487e-149,"15","Il17ra"
1.62788738153096e-152,1.62587915122381,0.613,0.264,3.10193940550725e-148,"15","Tspo"
9.03020271367224e-149,1.08312633114038,0.808,0.496,1.72070512709024e-144,"15","Cfl1"
2.28411926186501e-142,1.53517256090108,0.568,0.236,4.35238925348377e-138,"15","Epsti1"
2.61295858118349e-142,1.40674824967062,0.564,0.246,4.97899257644514e-138,"15","Klf3"
2.46371952276706e-138,1.07675391463903,0.819,0.535,4.69461755063263e-134,"15","Syk"
9.23363501714869e-138,1.65509802670676,0.509,0.207,1.75946915251768e-133,"15","Notch2"
1.57392184158153e-134,1.26981908014501,0.69,0.375,2.99910806913361e-130,"15","Arhgap30"
1.3857597126465e-132,1.46844486173067,0.609,0.314,2.64056513244791e-128,"15","Tln1"
1.34719608515201e-131,1.54047540514771,0.564,0.217,2.56708214025716e-127,"15","Ndufa3"
1.90482589112353e-130,1.35524544981715,0.677,0.378,3.62964573553589e-126,"15","Ist1"
5.19403191086599e-130,0.840506675705173,0.903,0.686,9.89722780615514e-126,"15","Fcer1g"
1.18797290357176e-126,0.570496731919325,0.959,0.827,2.26368236775599e-122,"15","Tyrobp"
5.17270587211412e-125,1.52584208539352,0.571,0.27,9.85659103931346e-121,"15","Rassf5"
4.14332768191134e-124,1.03248420834511,0.577,0.254,7.89511089788205e-120,"15","Plin2"
1.22439290642037e-123,1.51067146923423,0.505,0.209,2.33308068318401e-119,"15","Mpp1"
1.02076998963988e-122,1.53615024847793,0.569,0.28,1.94507721525879e-118,"15","Card19"
1.07011968868451e-121,1.22375059980842,0.607,0.297,2.03911306678833e-117,"15","Pid1"
7.99614188155814e-120,1.27388469134983,0.627,0.319,1.5236648355309e-115,"15","Sh3bgrl3"
6.6714248413264e-119,1.48725111819575,0.543,0.239,1.27124000351475e-114,"15","Cmpk1"
1.63091919700586e-112,1.11693421878911,0.682,0.4,3.10771652989467e-108,"15","Nrros"
3.28041793001235e-112,1.5476554807214,0.528,0.249,6.25083636563853e-108,"15","Rap1a"
4.99344705720541e-111,1.39150254081927,0.549,0.249,9.51501336750491e-107,"15","Tle3"
4.17509176337375e-110,1.00297721288355,0.619,0.317,7.95563735510868e-106,"15","Cdkn1a"
1.32169697946511e-108,1.4493795282108,0.5,0.207,2.51849359437077e-104,"15","Smdt1"
2.90997569779578e-107,1.09884648189034,0.585,0.274,5.54495869214986e-103,"15","Atp5e"
7.91529188928298e-107,1.46255431723849,0.515,0.202,1.50825886950287e-102,"15","Cox5b"
3.73891809485042e-106,1.12054106863573,0.577,0.293,7.12450842973747e-102,"15","Csf2ra"
3.90178049276828e-106,0.989349602357278,0.772,0.519,7.43484272896995e-102,"15","Lcp1"
1.25027261492902e-105,1.16703100011032,0.659,0.401,2.38239446774725e-101,"15","Atp1b3"
6.38163441291639e-105,1.39958328053111,0.535,0.262,1.21602043738122e-100,"15","Csf2rb"
5.84763266590391e-104,1.37149357686524,0.6,0.312,1.11426640448799e-99,"15","Ppp2ca"
6.52529621493999e-102,1.11521578318759,0.73,0.469,1.24339519375681e-97,"15","Arhgef1"
2.07210716143382e-101,0.975492431812301,0.768,0.53,3.94840019611215e-97,"15","Spi1"
3.32359176062113e-98,1.38459337213741,0.512,0.221,6.33310409986356e-94,"15","Nsd3"
6.07548861897633e-98,1.10390376673099,0.648,0.356,1.15768435634594e-93,"15","Syf2"
2.30448174852978e-97,1.22683459231083,0.528,0.259,4.39118997182349e-93,"15","Gsto1"
4.85824947038235e-97,1.34165647930459,0.534,0.257,9.25739436581356e-93,"15","Dhx38"
1.1007398725955e-96,1.25017162957922,0.534,0.255,2.09745982723072e-92,"15","Capns1"
1.52753931252307e-95,1.1206798032434,0.565,0.29,2.91072616001271e-91,"15","Snx20"
3.35429038352114e-95,0.887195905533813,0.766,0.53,6.39160032579953e-91,"15","Hcls1"
1.06101365253659e-94,1.30166247324765,0.521,0.256,2.02176151490848e-90,"15","Kdm7a"
7.09980773632827e-94,0.712204367779406,0.654,0.336,1.35286836415735e-89,"15","Anxa5"
1.81866269823019e-92,1.36280979235286,0.511,0.225,3.46546177147762e-88,"15","Nedd8"
2.62881415965773e-92,1.14056067074532,0.688,0.456,5.00920538122781e-88,"15","Tgfb1"
5.09691736577446e-92,0.969449301114579,0.697,0.458,9.71217604048322e-88,"15","Myo1f"
6.86083639914097e-92,1.38410816349527,0.508,0.238,1.30733237585631e-87,"15","Rab8a"
1.54588077571764e-90,1.03331633553878,0.6,0.333,2.94567581812997e-86,"15","Ets2"
7.34871392048884e-90,1.33915527757895,0.508,0.229,1.40029743754915e-85,"15","Mbd2"
7.71653343163749e-89,1.17531125808729,0.6,0.334,1.47038544539852e-84,"15","Xbp1"
1.4449437890013e-88,1.22410965389947,0.582,0.298,2.75334038994198e-84,"15","Btf3"
1.35783230123069e-86,1.05504313654434,0.674,0.439,2.58734944999508e-82,"15","Hck"
6.49824560690873e-86,1.09190803431366,0.617,0.34,1.23824070039646e-81,"15","Rack1"
3.35268398280579e-85,0.77217104427414,0.834,0.627,6.38853932923644e-81,"15","Cd53"
3.35565211506702e-85,1.03191688948446,0.61,0.347,6.3941951052602e-81,"15","Uvrag"
1.00564091408146e-84,0.651565126489699,0.594,0.322,1.91624876178222e-80,"15","Lfng"
1.10627223153461e-84,1.15758941572309,0.557,0.295,2.10800173718919e-80,"15","Pomp"
9.51082496639921e-84,1.23501964352968,0.561,0.316,1.81228769734737e-79,"15","Myo1c"
2.20263636907503e-83,1.01892746631219,0.608,0.358,4.19712360127247e-79,"15","Plcg2"
5.7984019052319e-83,0.880737329226799,0.72,0.478,1.10488548304194e-78,"15","BC005537"
6.71570497481384e-83,1.11687803772844,0.555,0.31,1.27967758295078e-78,"15","Arl6ip5"
1.37621968687568e-82,1.3429351589713,0.5,0.251,2.6223866133416e-78,"15","Pgd"
6.87796980414249e-82,1.08468792849212,0.655,0.419,1.31059714617935e-77,"15","Ptk2b"
8.50575983219648e-82,1.13072001034487,0.567,0.322,1.62077253602504e-77,"15","Mia2"
8.48650926822658e-81,1.1421097243357,0.556,0.301,1.61710434106058e-76,"15","Lrp10"
1.91257551125975e-80,1.1323382422459,0.554,0.284,3.64441263670546e-76,"15","Sod1"
2.34821993889122e-80,1.02402888896856,0.588,0.345,4.47453309355722e-76,"15","Rassf4"
6.5539966007674e-80,1.1566052805713,0.543,0.291,1.24886405227623e-75,"15","Ppp1r15b"
1.46937721753272e-79,1.22974944452595,0.516,0.286,2.7998982880086e-75,"15","Apobec1"
7.81423574698423e-79,0.954448058453792,0.629,0.384,1.48900262158785e-74,"15","Atp2b1"
1.04796438650947e-78,0.947398065371621,0.636,0.381,1.99689613849379e-74,"15","Ythdf3"
2.06280044329833e-78,0.988120295782655,0.666,0.433,3.93066624470496e-74,"15","Actr2"
6.70319944855181e-78,0.859877320549586,0.56,0.295,1.27729465492155e-73,"15","Pde4b"
3.39499667441602e-77,0.883005629789009,0.665,0.417,6.46916616309972e-73,"15","Tuba1c"
4.27099205737677e-77,0.915308846057054,0.554,0.305,8.13837536533143e-73,"15","Stat3"
1.49325805399434e-75,1.04517191519315,0.54,0.301,2.84540322188622e-71,"15","Ehbp1l1"
4.31425574284381e-75,0.733880282766756,0.812,0.595,8.22081431798888e-71,"15","Cdc42"
3.00092631599229e-73,0.79100056303687,0.768,0.552,5.71826509512332e-69,"15","Gnai2"
1.45372687159381e-71,0.830511858673791,0.647,0.412,2.77007655382201e-67,"15","Sbno2"
3.10013317012901e-71,0.89671775156534,0.658,0.417,5.90730375568082e-67,"15","Btg1"
1.11051182906437e-70,0.749541876331378,0.648,0.377,2.11608029028216e-66,"15","Atp6v1b2"
1.00371683522031e-68,1.11223073647744,0.503,0.276,1.9125824295123e-64,"15","Rhog"
8.8576050404785e-68,0.948561607367751,0.626,0.4,1.68781664046318e-63,"15","Dusp3"
1.7776977847706e-66,0.95689512793444,0.547,0.325,3.38740312888037e-62,"15","Lrrc25"
2.08268656756837e-66,0.812233528446314,0.688,0.464,3.96855925450154e-62,"15","Ifngr1"
2.5229931338471e-66,0.971175262174037,0.585,0.349,4.80756341654565e-62,"15","Ube2b"
2.26007987658547e-65,0.823337372363964,0.6,0.377,4.30658220483362e-61,"15","Lyn"
8.75941130297288e-65,0.859941079289759,0.586,0.358,1.66910582378148e-60,"15","Bcl2l11"
6.98304268809023e-63,0.965053398712202,0.526,0.295,1.33061878421559e-58,"15","Rnf4"
1.36011412537794e-62,0.789908577217852,0.641,0.417,2.59169746590766e-58,"15","Adipor1"
1.20233506041919e-61,0.870638807648157,0.578,0.336,2.29104945762877e-57,"15","Kras"
4.41064380450981e-61,0.804188720026525,0.563,0.325,8.40448176949345e-57,"15","Map2k3"
6.19720352315388e-60,0.777319205241279,0.567,0.348,1.18087713133697e-55,"15","Eloa"
1.1104371663502e-59,0.762218296368237,0.508,0.279,2.1159380204803e-55,"15","Midn"
4.76390247226481e-58,0.715276480600503,0.729,0.543,9.0776161609006e-54,"15","Sf3b1"
2.57019308184615e-56,0.772739285893652,0.659,0.464,4.89750291745784e-52,"15","Brd4"
3.34801437914121e-56,0.8442832860383,0.501,0.298,6.37964139945358e-52,"15","Abcd1"
2.45768418706413e-54,0.859719338663663,0.52,0.317,4.68311721845071e-50,"15","Nuak2"
7.44543809013584e-54,0.871527197904418,0.531,0.307,1.41872822807538e-49,"15","Naca"
1.46547825233418e-53,0.847777560494353,0.617,0.422,2.79246880982278e-49,"15","Ptpn6"
6.86656730100641e-52,0.963048598205786,0.55,0.333,1.30842439920677e-47,"15","Pmaip1"
1.16269345398873e-50,0.739851174707483,0.573,0.363,2.21551237657552e-46,"15","Map1lc3b"
3.95096748853607e-50,0.754190498162522,0.61,0.432,7.52856854940548e-46,"15","Ptpre"
6.33353246970076e-50,0.91758428052277,0.52,0.313,1.20685461210148e-45,"15","Slc25a5"
1.28508757104402e-49,0.884647841698502,0.509,0.317,2.44873436662437e-45,"15","Usp25"
8.23978646013101e-47,0.747075917619717,0.505,0.302,1.57009130997796e-42,"15","Ndel1"
1.19459121829422e-46,0.694925689925368,0.652,0.46,2.27629356645965e-42,"15","Cyrib"
9.27911611248411e-46,0.771534247786682,0.501,0.303,1.76813557523385e-41,"15","Ppp1r12a"
2.84956668920286e-45,0.893662089485705,0.543,0.341,5.42984932627606e-41,"15","Pten"
6.1929433487323e-44,0.542963687550035,0.531,0.335,1.18006535510094e-39,"15","Birc3"
6.68716531593941e-44,0.747571996530742,0.6,0.422,1.27423935095225e-39,"15","Tor1aip1"
3.29496003942721e-43,0.822240288643991,0.523,0.339,6.27854635512854e-39,"15","Cggbp1"
6.65743811261992e-43,0.750108394677093,0.611,0.425,1.26857483235973e-38,"15","Snd1"
7.39295519780052e-43,0.651141748803621,0.539,0.35,1.40872761294089e-38,"15","Psmb8"
6.60753783969171e-42,0.623201731282646,0.569,0.369,1.25906633535326e-37,"15","Tm6sf1"
1.88565403772344e-40,0.563377855868934,0.773,0.623,3.59311376888201e-36,"15","Fyb"
7.62715576804845e-39,0.55173502569846,0.68,0.497,1.45335453160163e-34,"15","Eif1"
2.61171107830715e-37,0.504897216763368,0.618,0.417,4.97661545971427e-33,"15","Gabarap"
3.17510936226216e-37,0.645184872877451,0.541,0.369,6.05017088979055e-33,"15","Rbm7"
6.48728883039979e-36,0.552351708319711,0.647,0.481,1.23615288663268e-31,"15","Lcp2"
9.91904685174109e-36,0.720979856024837,0.622,0.45,1.89007437759926e-31,"15","Ninj1"
2.2984496472364e-35,0.505609993705659,0.711,0.549,4.37969580280896e-31,"15","Sema4d"
2.59738901427017e-34,0.709048990328896,0.504,0.336,4.94932476669181e-30,"15","Pik3cd"
1.73300052524257e-33,0.592462732878224,0.562,0.391,3.30223250084972e-29,"15","Morf4l1"
5.8209475625973e-33,0.624679779630859,0.53,0.369,1.10918155805291e-28,"15","Mob1a"
7.62094763487159e-33,0.528762016184605,0.556,0.385,1.45217157182478e-28,"15","Cyba"
2.65122336625578e-32,0.529778924623965,0.637,0.473,5.0519061244004e-28,"15","Rab8b"
5.17988497142065e-31,0.598213380882034,0.553,0.392,9.87027081304205e-27,"15","Trafd1"
9.68840275270822e-29,0.589332480669641,0.533,0.365,1.84612514452855e-24,"15","Cox7a2l"
1.70335981295661e-28,0.72174485221802,0.513,0.368,3.24575212358882e-24,"15","Tatdn2"
2.90888621029101e-28,0.622906896056963,0.52,0.365,5.54288267370951e-24,"15","Pak2"
