"p_val","avg_log2FC","pct.1","pct.2","p_val_adj","cluster","gene"
5.38121465986321e-50,0.722447946159582,0.759,0.728,1.02539045343694e-45,"0","Rsrp1"
2.30816760151046e-44,0.926848525092407,0.561,0.411,4.39821336467817e-40,"0","Hspa1b"
9.76284119309252e-36,0.632274115877416,0.709,0.721,1.86030938934378e-31,"0","Gimap3"
1.03086059835759e-34,0.895441306532887,0.523,0.376,1.96430487017039e-30,"0","Hspa1a"
3.58452872150042e-23,0.730425560123753,0.575,0.559,6.83031947881905e-19,"0","Dgka"
2.36281310862999e-17,0.643537387898634,0.601,0.638,4.50234037849444e-13,"0","Tbc1d10c"
9.21126061246575e-16,0.747616127392763,0.598,0.557,1.75520570970535e-11,"0","Hsp90aa1"
2.64666804406729e-14,0.56704753509982,0.517,0.483,5.04322595797022e-10,"0","Gramd3"
8.07214633516791e-11,0.515402035919544,0.508,0.498,1.53814748416625e-06,"0","Ms4a4b"
9.26239634119488e-10,0.561046098637927,0.562,0.57,1.76494962281468e-05,"0","Epsti1"
9.47293769425905e-07,0.570869883996688,0.535,0.582,0.0180506827764106,"0","Rasal3"
3.96662386482991e-06,0.546318402588454,0.554,0.607,0.0755840177443339,"0","Ogt"
7.82659786426726e-05,0.648661049050356,0.47,0.513,1,"0","Arhgap9"
0.00109181778495023,0.681906584561744,0.519,0.542,1,"0","Dnaja1"
0.00193552343893654,0.587414058008693,0.477,0.515,1,"0","Pik3cd"
0,6.20952894776647,0.783,0.028,0,"1","Hexb"
0,5.18234233547287,0.741,0.051,0,"1","Cst3"
0,5.78347388274344,0.698,0.028,0,"1","Csf1r"
0,3.23779701409103,0.657,0.094,0,"1","Abhd12"
0,3.43436805746157,0.666,0.103,0,"1","Rhob"
0,3.45272660343742,0.65,0.101,0,"1","Atf3"
0,4.2620346733482,0.582,0.043,0,"1","Cd81"
0,3.14410975346114,0.694,0.158,0,"1","Plek"
0,5.23736841944625,0.551,0.021,0,"1","Tmem119"
0,3.12302220976514,0.611,0.094,0,"1","Epb41l2"
0,3.71194561258323,0.567,0.056,0,"1","Tgfbr1"
0,3.71295301781378,0.622,0.114,0,"1","Egr1"
0,4.37193748799098,0.53,0.026,0,"1","Phyhd1"
0,2.78303856825662,0.636,0.138,0,"1","Kctd12"
0,2.12652750090536,0.716,0.231,0,"1","Bin1"
0,2.24541833515448,0.768,0.286,0,"1","Vsir"
0,2.13985853012661,0.648,0.178,0,"1","Bmp2k"
0,3.88191464598415,0.53,0.062,0,"1","Ccl3"
0,2.16909265290279,0.61,0.142,0,"1","Snx29"
0,3.06372501277554,0.562,0.095,0,"1","Ccl4"
0,3.9459591331304,0.51,0.058,0,"1","Slc15a3"
0,2.09838558365499,0.665,0.216,0,"1","Pik3ap1"
0,3.22211371406666,0.503,0.058,0,"1","Itgam"
0,2.49852474458227,0.559,0.116,0,"1","Cyfip1"
0,2.3303486514654,0.614,0.174,0,"1","Zfand5"
0,2.26567763402749,0.751,0.312,0,"1","Zfp36"
0,2.89649044833534,0.502,0.085,0,"1","Irf5"
0,2.05928725328975,0.523,0.126,0,"1","Prkcd"
0,1.72237457560026,0.532,0.146,0,"1","Lag3"
0,1.8125444047639,0.552,0.167,0,"1","Rrbp1"
0,1.97057334930902,0.531,0.161,0,"1","Efhd2"
1.99167989309707e-306,1.87468464497187,0.539,0.155,3.79514603629647e-302,"1","Mylip"
5.34931238836453e-284,1.78986072546189,0.555,0.182,1.01931147560286e-279,"1","Mef2a"
3.50295448013663e-271,1.48445748770823,0.88,0.552,6.67487976190035e-267,"1","Serinc3"
2.42132051459803e-264,1.55223410190339,0.656,0.258,4.61382624056654e-260,"1","Rgs10"
8.87836548996941e-248,1.89325968137603,0.528,0.161,1.69177254411367e-243,"1","Atp6v0c"
3.96706106919345e-244,1.4954993628385,0.792,0.391,7.55923486734811e-240,"1","Jun"
8.33090758317193e-237,1.45362605988771,0.575,0.217,1.58745443997341e-232,"1","Fmnl3"
3.58169500081028e-225,1.77877755648252,0.666,0.299,6.82491982404398e-221,"1","Herpud1"
1.1570169834416e-217,1.77758892748492,0.526,0.191,2.20469586194797e-213,"1","Tbc1d10a"
5.60699804302956e-215,1.47480293372673,0.554,0.211,1.06841347709928e-210,"1","Arap1"
5.89131295429346e-208,1.33038077840148,0.787,0.42,1.12258968344062e-203,"1","Ivns1abp"
7.71317693767133e-204,1.30595543419507,0.797,0.457,1.46974586547327e-199,"1","Smap2"
1.65789736371002e-201,1.48385058547025,0.584,0.245,3.15912342654943e-197,"1","Nckap1l"
5.55345067343659e-200,1.21433035110997,0.769,0.402,1.05821002582334e-195,"1","Inpp5d"
2.02818647240316e-198,1.34744009599946,0.67,0.308,3.86470932316422e-194,"1","Wsb1"
2.82615064133704e-193,1.29717238776166,0.811,0.488,5.38523004706773e-189,"1","Mcl1"
1.21986974313242e-192,1.71665069730546,0.602,0.249,2.32446179553882e-188,"1","Fos"
7.94726441683034e-191,1.19229321427332,0.53,0.204,1.51435123462702e-186,"1","Pde3b"
4.87740186154894e-190,1.83735366583396,0.512,0.212,9.29388924718151e-186,"1","Cebpb"
4.22690106396195e-188,1.29013899890786,0.572,0.247,8.0543599773795e-184,"1","Cmtm6"
3.65251401197201e-181,1.23998109678377,0.695,0.345,6.95986544981266e-177,"1","Ier5"
2.54847165948653e-178,1.32236453357058,0.556,0.245,4.85611274715159e-174,"1","Sdcbp"
3.3876914520149e-177,1.06489926637061,0.891,0.656,6.45524606181439e-173,"1","Ubc"
2.09460480451806e-174,1.1932153628691,0.636,0.293,3.99126945500916e-170,"1","Cyth4"
2.08255365773847e-172,1.19738953275002,0.824,0.533,3.96830599482066e-168,"1","Btg2"
4.56045563724329e-169,1.75782828798353,0.504,0.22,8.68994821676708e-165,"1","Icam1"
4.53585879711778e-167,1.05825972791672,0.505,0.219,8.64307893790793e-163,"1","Cd84"
1.99062555241773e-162,1.37643552748977,0.729,0.424,3.79313699013199e-158,"1","Ifrd1"
1.68016549877615e-159,1.30282509298155,0.581,0.277,3.20155535791795e-155,"1","Itm2b"
3.98675994221493e-155,1.26000776657907,0.593,0.285,7.59677106989054e-151,"1","Dusp1"
2.01156320450298e-153,1.11822754173991,0.759,0.467,3.83303368618043e-149,"1","Selplg"
3.62336561456742e-153,1.33422601698695,0.674,0.366,6.90432317855822e-149,"1","Nfkbiz"
5.85067937700616e-152,1.24062891209957,0.661,0.344,1.11484695528852e-147,"1","Klf2"
2.20433529241616e-150,0.697260812065683,0.959,0.811,4.20036089969899e-146,"1","Laptm5"
2.79142119157646e-150,1.0131550146163,0.811,0.505,5.31905308054894e-146,"1","Ppp1r15a"
3.03763678714263e-148,1.13077358094388,0.748,0.436,5.78821689790027e-144,"1","Ccnl1"
5.09089501189747e-146,1.10227892907179,0.553,0.266,9.70070044517063e-142,"1","Sh3glb1"
2.04909929211526e-143,0.981960818526481,0.625,0.33,3.90455870112562e-139,"1","Itm2c"
3.30243412734797e-141,1.30600000559103,0.635,0.336,6.29278822966155e-137,"1","Jmjd1c"
2.65131673612605e-136,1.26030816590023,0.586,0.304,5.05208404068819e-132,"1","Nfkbib"
4.15102674841378e-135,1.03166658014113,0.622,0.327,7.90978146910246e-131,"1","Mat2a"
3.19363712663223e-128,1.02382902300998,0.576,0.308,6.08547554479771e-124,"1","Gadd45b"
1.89190405225934e-126,0.933896832501653,0.564,0.285,3.60502317158017e-122,"1","Fam91a1"
1.02287107279983e-122,0.895987963254914,0.67,0.376,1.94908082922007e-118,"1","Apbb1ip"
2.57950718672872e-122,1.09141306082583,0.592,0.327,4.91525094431157e-118,"1","Fosb"
2.5961344224057e-121,1.07358577424796,0.793,0.559,4.94693414189406e-117,"1","Id2"
7.3133310909945e-118,0.948697901462455,0.681,0.382,1.393555239389e-113,"1","Vmp1"
1.25467342839292e-112,0.893884842289441,0.773,0.513,2.39078021780272e-108,"1","Skil"
1.74337501597071e-109,0.610869428776628,0.735,0.426,3.32200109293218e-105,"1","Ccr5"
4.04938463593624e-108,0.935958778180842,0.547,0.285,7.7161024237765e-104,"1","Tagap"
2.17640001681278e-104,0.863831682525263,0.743,0.469,4.14713023203675e-100,"1","Elmo1"
5.00889372880603e-102,0.720593009850471,0.805,0.523,9.5444470002399e-98,"1","Arrb2"
3.19281370566191e-100,0.590044643290955,0.513,0.285,6.08390651613876e-96,"1","Mtdh"
3.5957098732254e-97,0.676185731251257,0.53,0.288,6.851625163431e-93,"1","Pmepa1"
4.42100977257813e-92,0.716991261283296,0.907,0.757,8.42423412164762e-88,"1","Jund"
6.07185985512803e-91,0.763267756213956,0.577,0.329,1.15699289539465e-86,"1","Gem"
5.29448498903292e-90,0.808009038298727,0.727,0.475,1.00886411466022e-85,"1","Kdm6b"
7.19238763398301e-90,0.688446223756385,0.59,0.341,1.37050946365546e-85,"1","Klf6"
8.54495007118046e-90,0.661030296991263,0.769,0.496,1.62824023606344e-85,"1","Edem1"
7.57805050653625e-89,0.790743575738991,0.591,0.353,1.44399752402048e-84,"1","Nfkbia"
1.27797583980103e-88,1.22958886619767,0.639,0.432,2.43518296274086e-84,"1","Txnip"
6.12489938232139e-85,0.5326322810957,0.6,0.371,1.16709957730134e-80,"1","Hspa1a"
3.59132290540902e-83,0.605586146540288,0.618,0.365,6.84326579625689e-79,"1","Tgfbr2"
3.62034077271367e-81,0.510944620818587,0.574,0.331,6.89855934240589e-77,"1","Snx18"
3.07851675572183e-80,0.781939936287124,0.523,0.301,5.86611367802794e-76,"1","H3f3b"
1.1317276041145e-76,0.830249376331336,0.751,0.536,2.15650694964019e-72,"1","Hsp90aa1"
1.43166731094176e-75,0.570628830258641,0.728,0.478,2.72804206099952e-71,"1","Ski"
1.89334545372213e-75,0.567985498573671,0.524,0.328,3.60776976206751e-71,"1","P4hb"
1.52903193643565e-74,0.509906946075067,0.62,0.381,2.91357035487812e-70,"1","Rel"
1.54193153792501e-71,0.673327222490464,0.713,0.498,2.9381505455161e-67,"1","Clta"
1.25232014640137e-70,0.50577915859705,0.648,0.405,2.38629603896782e-66,"1","Man1a"
3.16368465496449e-67,0.537466731620944,0.574,0.349,6.02840111003483e-63,"1","Smad7"
4.19353316008071e-64,0.560512412195978,0.566,0.354,7.99077743653379e-60,"1","Cyrib"
1.99019241054491e-61,0.629200601038344,0.845,0.683,3.79231163829332e-57,"1","Junb"
1.66040801667578e-51,0.518453321983185,0.664,0.466,3.16390747577569e-47,"1","Brd2"
1.48469593815085e-49,0.563843185418035,0.708,0.529,2.82908811014645e-45,"1","Ier2"
0,3.75300972824405,0.757,0.084,0,"2","Foxp3"
0,2.78355822683703,0.852,0.228,0,"2","Tnfrsf4"
0,3.69609258041674,0.629,0.089,0,"2","Lrrc32"
0,2.47553519263526,0.892,0.372,0,"2","Ctla4"
0,2.19667924462947,0.764,0.266,0,"2","Ikzf2"
0,2.87067571655186,0.632,0.141,0,"2","Izumo1r"
1.40207340460047e-286,2.22289127141778,0.695,0.249,2.6716508724662e-282,"2","Il2ra"
4.71356934499085e-255,2.48260857386173,0.666,0.252,8.98170638688006e-251,"2","Arl5a"
4.38480977558101e-228,1.77793801179126,0.801,0.417,8.35525502736962e-224,"2","Icos"
1.38506142384963e-227,1.4104885979772,0.683,0.247,2.63923454314547e-223,"2","Cd4"
1.63262449370104e-214,2.14997101528129,0.595,0.228,3.11096597274733e-210,"2","Tnfrsf18"
1.50643888019264e-205,2.16922077011049,0.593,0.227,2.87051928620708e-201,"2","Ass1"
1.03277404189546e-204,1.57157053580557,0.766,0.39,1.96795093683179e-200,"2","Cd5"
1.84147890949102e-193,2.00955321492569,0.566,0.214,3.50893806203513e-189,"2","Dusp4"
1.29659067858594e-192,2.23296776329578,0.55,0.207,2.47065353804552e-188,"2","Tnfrsf9"
5.05936795049469e-181,1.99628880119974,0.548,0.206,9.64062562966764e-177,"2","Maf"
2.24927886019979e-178,1.93533066799421,0.58,0.229,4.2860008681107e-174,"2","Ifi27l2a"
6.21239515314563e-163,1.19321594394195,0.831,0.561,1.1837718964319e-158,"2","Cd2"
2.78212929095909e-148,1.74805148356094,0.653,0.339,5.30134736392254e-144,"2","Itgav"
2.26447086721978e-146,0.980793067775005,0.918,0.794,4.3149492374873e-142,"2","Srgn"
3.56216640486657e-141,1.57316624689541,0.667,0.346,6.78770808447324e-137,"2","Ly6a"
3.2775022898312e-136,0.911458328874117,0.921,0.675,6.24528061327335e-132,"2","Trac"
1.87742791708922e-134,1.78411618499446,0.564,0.264,3.57743889601351e-130,"2","Nt5e"
3.52717895693883e-126,1.54611700829049,0.691,0.433,6.72103950244694e-122,"2","Odc1"
9.57559064667673e-125,1.96590988197819,0.512,0.211,1.82462879772425e-120,"2","Gm2a"
1.4982548737294e-111,0.669782495704179,0.959,0.899,2.85492466189137e-107,"2","Shisa5"
3.01378269624464e-96,1.37005331891306,0.604,0.343,5.74276292769417e-92,"2","Hacd3"
4.50771284505953e-96,1.08346016361046,0.794,0.623,8.58944682626093e-92,"2","S100a10"
1.67481683281415e-90,1.77687716462286,0.64,0.397,3.19136347492736e-86,"2","Hopx"
2.11159013452486e-90,0.900230897199414,0.786,0.561,4.02363500133711e-86,"2","Pim1"
1.80305278501548e-84,1.24154491447483,0.583,0.334,3.435717081847e-80,"2","Ighm"
1.10031223272333e-80,1.16536290736815,0.633,0.416,2.0966449594543e-76,"2","Itgb7"
1.0504517620094e-75,1.28563177684284,0.538,0.318,2.00163583250891e-71,"2","Trp53inp1"
2.76211859487579e-74,1.18647888485243,0.654,0.462,5.26321698253582e-70,"2","Ubl3"
4.75647060881165e-74,1.34987475721352,0.602,0.368,9.06345474509059e-70,"2","Vim"
5.66827914917664e-74,1.02069992826861,0.675,0.471,1.08009059187561e-69,"2","Jak2"
2.59787919558278e-66,0.812765914449257,0.771,0.627,4.95025880718298e-62,"2","Ndfip1"
2.65257837763113e-66,0.853052530290941,0.632,0.387,5.05448809857611e-62,"2","S100a4"
5.4196410168064e-65,1.06651880045287,0.634,0.43,1.03271259575246e-60,"2","Rabgap1l"
5.01225065890275e-63,1.09077259328986,0.623,0.41,9.55084363053919e-59,"2","S100a6"
9.56293347688335e-61,0.817706681828898,0.723,0.538,1.82221697402012e-56,"2","S100a11"
1.76837049315658e-60,1.1524372438897,0.561,0.359,3.36962997470986e-56,"2","Myo1g"
5.69855211962753e-60,0.884197902487935,0.647,0.448,1.08585910639503e-55,"2","Samhd1"
5.68058458972616e-58,1.13523246798117,0.532,0.346,1.08243539357232e-53,"2","Lbh"
3.60409190779379e-56,0.998562336248343,0.621,0.434,6.86759713030107e-52,"2","Vps54"
4.18330564462474e-56,1.15887034390516,0.564,0.345,7.97128890583245e-52,"2","Itm2c"
1.99390186554531e-55,0.716359202636955,0.762,0.612,3.79938000479659e-51,"2","Ly6e"
9.12427632999484e-55,0.553767854019536,0.884,0.819,1.73863085468052e-50,"2","Coro1a"
2.10379521966255e-53,1.09668739378575,0.528,0.342,4.00878179106698e-49,"2","Snx18"
5.66544962353547e-52,0.91973058492882,0.588,0.39,1.07955142576468e-47,"2","Lmnb1"
7.14862893517182e-49,0.985437151340967,0.504,0.319,1.36217124359699e-44,"2","Pmaip1"
1.39128484400381e-47,0.570992143846676,0.796,0.683,2.65109327024926e-43,"2","Cytip"
2.04251119889798e-46,0.627294052969476,0.819,0.731,3.89200508950011e-42,"2","Fam107b"
2.22574486354722e-45,0.788798400086334,0.652,0.475,4.24115683748923e-41,"2","Crem"
1.14787787618815e-43,0.64051308416088,0.759,0.621,2.18728129307652e-39,"2","Itpkb"
5.41459568728272e-40,0.524328961040529,0.83,0.711,1.03175120821172e-35,"2","Gna13"
7.03774555795192e-40,0.776868921818844,0.664,0.527,1.34104241606774e-35,"2","Wnk1"
1.83935459174645e-37,0.733464402380257,0.623,0.473,3.50489017457286e-33,"2","Ltb"
1.84473966845405e-37,0.813498884319863,0.657,0.508,3.51515143823919e-33,"2","Rgs2"
1.19526105199506e-35,0.640916975517336,0.756,0.641,2.27756993457658e-31,"2","Ucp2"
5.47906235198834e-35,0.730514639972203,0.653,0.542,1.04403533117138e-30,"2","Hcls1"
7.21724665832246e-34,0.720787792480856,0.65,0.531,1.37524635074334e-29,"2","Lrp10"
1.04504006570144e-33,0.633220265136377,0.735,0.64,1.99132384519409e-29,"2","Actg1"
1.18743277905478e-33,1.05408146474668,0.523,0.376,2.26265316048888e-29,"2","Ap3b1"
2.99516455358062e-32,0.664373240043125,0.693,0.575,5.70728605684788e-28,"2","Anp32a"
2.99602570386854e-32,0.63983044647819,0.689,0.566,5.70892697872151e-28,"2","Sema4d"
2.12593925453284e-31,0.752458308407945,0.54,0.401,4.05097724951233e-27,"2","Plaat3"
6.07438494863319e-30,0.637461246047343,0.545,0.393,1.15747405196205e-25,"2","Hif1a"
3.73909410380564e-29,0.805290068256668,0.517,0.379,7.12484381480165e-25,"2","Vamp8"
6.04589146454701e-29,0.605285256875486,0.64,0.508,1.15204461856943e-24,"2","Tap1"
7.78723467551343e-28,0.712153426242633,0.594,0.476,1.48385756741908e-23,"2","Ubald2"
1.26971296852231e-27,0.715333050307775,0.501,0.366,2.41943806151925e-23,"2","Plcg1"
1.64660914959747e-27,0.889834378958823,0.525,0.399,3.13761373455799e-23,"2","Rel"
2.41667866021088e-24,0.730921189593051,0.508,0.382,4.60498118703182e-20,"2","Mxd1"
4.80055086694192e-24,0.578537853052604,0.619,0.531,9.14744967695784e-20,"2","Cnn2"
1.44187710541658e-23,0.834021603007403,0.5,0.389,2.7474968243713e-19,"2","Tmem123"
3.55382339533273e-23,0.548409758698771,0.67,0.59,6.77181047980651e-19,"2","Prkch"
3.91034670915693e-23,0.645074548867786,0.56,0.428,7.45116565429852e-19,"2","Ppp1r16b"
3.34699584319063e-22,0.579300103149235,0.651,0.57,6.37770057919975e-18,"2","Fxyd5"
8.87031062974295e-22,0.671370818972428,0.54,0.447,1.69023769049752e-17,"2","Sdf4"
2.64015667731662e-21,0.678790813969519,0.5,0.398,5.03081854862681e-17,"2","Abracl"
1.54357651385064e-20,0.716372717583451,0.513,0.411,2.94128504714239e-16,"2","Agfg1"
4.01551064403265e-20,0.542865846926214,0.558,0.445,7.65155553220421e-16,"2","Rnf125"
7.00038287290675e-20,0.722195902619429,0.534,0.433,1.33392295643238e-15,"2","Isy1"
8.22831932946407e-20,0.561891030313345,0.67,0.6,1.56790624822938e-15,"2","Mbd2"
8.91549163713111e-20,0.587088125945894,0.557,0.473,1.69884693145533e-15,"2","Nr3c1"
1.07144764522809e-19,0.566143996513233,0.622,0.541,2.04164348798213e-15,"2","Vasp"
6.42995794405039e-16,0.550132346479403,0.557,0.471,1.2252284862388e-11,"2","Fis1"
1.15072732303732e-15,0.568267036110742,0.509,0.418,2.19271091404761e-11,"2","Nfkb2"
1.53615125995701e-14,0.613844055539069,0.527,0.447,2.92713622584809e-10,"2","Mier1"
9.56554713474654e-14,0.590593173922194,0.528,0.441,1.82271500652595e-09,"2","Malt1"
1.70337625114065e-11,0.513460433127768,0.526,0.442,3.24578344654852e-07,"2","Nr4a1"
7.48056868244004e-10,0.542112691874235,0.512,0.46,1.42542236243895e-05,"2","Elf1"
0,2.322914606273,0.732,0.206,0,"3","Cd8a"
0,2.04046750564271,0.977,0.676,0,"3","Thy1"
1.09056867539765e-262,2.04986798337609,0.634,0.174,2.07807861097023e-258,"3","Cd8b1"
4.95649746165716e-257,1.62991727224996,0.94,0.564,9.44460591318771e-253,"3","Nkg7"
3.55761914981306e-255,1.75215067525895,0.845,0.37,6.77904328996879e-251,"3","S100a4"
9.46310292422073e-219,1.39148352020692,0.9,0.537,1.80319426221026e-214,"3","Cd3e"
3.99570522853891e-216,1.58627175747162,0.777,0.314,7.61381631298089e-212,"3","Cxcr6"
2.13172365854356e-215,1.84201972986096,0.804,0.396,4.06199943135476e-211,"3","S100a6"
9.26329558794703e-180,1.15451099814685,0.943,0.733,1.76512097428331e-175,"3","Cd52"
1.16548376950695e-147,1.09802107082405,0.891,0.565,2.22082932279549e-143,"3","Ctsw"
8.70758551647387e-123,0.996477376981943,0.874,0.56,1.6592304201641e-118,"3","Cd3d"
1.58454206959549e-121,1.35152531959069,0.599,0.282,3.01934491361422e-117,"3","Gng2"
4.29213701564887e-112,1.62775165318064,0.533,0.234,8.17866708331892e-108,"3","Pdcd1"
9.15989615086537e-111,1.13494611537929,0.765,0.445,1.7454182115474e-106,"3","Ctla2a"
2.1946600961238e-109,1.75856653301023,0.56,0.266,4.1819248131639e-105,"3","Rgs16"
7.40274690807604e-109,1.47646295051692,0.54,0.243,1.41059342333389e-104,"3","Cd3g"
9.08769882901422e-106,0.769779894650473,0.933,0.799,1.73166101186866e-101,"3","Rac2"
1.21860034955558e-101,1.25753087353813,0.523,0.227,2.32204296607815e-97,"3","Plac8"
7.75620480503613e-100,1.22763179862369,0.592,0.299,1.47794482559963e-95,"3","Sema4a"
9.72606502727065e-99,1.22582510497449,0.626,0.337,1.85330169094642e-94,"3","Ybx3"
5.90559602161299e-98,2.37322267968625,0.537,0.268,1.12531132191836e-93,"3","Gzmb"
1.38297701381817e-95,0.640134613123473,0.977,0.917,2.63526269983053e-91,"3","Tmsb4x"
4.17305298516151e-93,1.22974069413185,0.542,0.256,7.95175246322525e-89,"3","Padi2"
1.63525588903788e-90,1.36406643187295,0.533,0.26,3.11598009656168e-86,"3","Nedd9"
4.46091552625461e-89,1.05061500908991,0.568,0.295,8.50027453527817e-85,"3","Rbpj"
6.64114325223407e-83,0.700946891999487,0.938,0.678,1.2654698467132e-78,"3","Trac"
3.89733141287245e-82,0.539888939086066,0.985,0.92,7.42636500722846e-78,"3","Eef1a1"
5.26915946579342e-79,0.980185778689539,0.74,0.487,1.00403833620694e-74,"3","Sh3bgrl3"
6.9443049631027e-77,1.01554263000546,0.601,0.322,1.32323731071922e-72,"3","Gpr68"
2.06581167334612e-72,1.02717143329291,0.586,0.339,3.93640414356103e-68,"3","Zyx"
2.34150461872606e-71,0.952999400171629,0.586,0.32,4.46173705098251e-67,"3","Inpp4b"
1.84143186919694e-69,0.826635830253815,0.722,0.464,3.50884842675478e-65,"3","B4galnt1"
7.45760016631472e-66,0.805553929304496,0.744,0.476,1.42104571169127e-61,"3","Ms4a4b"
5.73360290284303e-64,0.860847005500686,0.67,0.413,1.09253803313674e-59,"3","Hip1r"
1.63293313978821e-62,1.83259886906674,0.505,0.273,3.11155409786643e-58,"3","Xcl1"
2.47917018235487e-60,0.881163640026911,0.573,0.336,4.7240587824772e-56,"3","Itgb1"
2.52073208308367e-59,0.717247744075372,0.753,0.537,4.80325498431594e-55,"3","Esyt1"
2.54136305470002e-59,0.839241149074896,0.729,0.508,4.84256730073089e-55,"3","Il21r"
3.26647165603912e-58,0.51342953250183,0.936,0.831,6.22426174058255e-54,"3","Itk"
2.37314713171692e-57,0.85054294528657,0.507,0.278,4.52203185948658e-53,"3","Ubash3a"
1.5544714011686e-56,0.712044770894227,0.813,0.586,2.96204525492677e-52,"3","Bhlhe40"
2.65352064380837e-55,0.652303062152329,0.814,0.608,5.05628358677685e-51,"3","Il2rg"
4.32566335984415e-55,0.754789323922539,0.681,0.445,8.24255153218303e-51,"3","Ccr5"
3.54314662226061e-54,0.930651681275555,0.601,0.39,6.75146588871759e-50,"3","Nucb1"
3.9971345055895e-54,0.75840489149652,0.573,0.336,7.61653980040079e-50,"3","Chsy1"
1.95809509440582e-53,0.726750614510436,0.578,0.353,3.73115020239028e-49,"3","Itgav"
6.95335039806227e-53,0.776725217256674,0.76,0.561,1.32496091835077e-48,"3","Fxyd5"
1.65814040917943e-50,0.608471792473229,0.83,0.619,3.15958654969141e-46,"3","Lcp1"
7.88203172042107e-50,0.63614863035866,0.797,0.609,1.50192114432624e-45,"3","Rack1"
5.02773665825189e-48,0.627137852507888,0.809,0.614,9.58035220229897e-44,"3","Il2rb"
5.63324862019625e-48,0.535889630030909,0.826,0.623,1.0734155245784e-43,"3","S100a10"
5.67579564638716e-48,0.720254747162535,0.783,0.616,1.08152286041907e-43,"3","Ptk2b"
5.7567281342842e-47,0.700251253236897,0.743,0.552,1.09694454598785e-42,"3","Epsti1"
2.01696580006223e-46,0.715537268961309,0.619,0.406,3.84332833201857e-42,"3","Lfng"
4.39759596584246e-46,0.860203153272404,0.506,0.306,8.3796191129128e-42,"3","Dnajc15"
1.22778570412173e-45,0.599298413214612,0.741,0.54,2.33954565920395e-41,"3","S100a11"
5.52371888318319e-45,0.626881692747578,0.582,0.374,1.05254463319056e-40,"3","Vim"
1.81357270817111e-44,0.59470226919791,0.697,0.474,3.45576279542005e-40,"3","Ikzf3"
5.71883648329198e-43,0.579641783152072,0.743,0.523,1.08972429189129e-38,"3","Zap70"
1.14109914084098e-41,0.629175230225862,0.589,0.381,2.17436441287249e-37,"3","Ndufa13"
7.16534247526021e-41,0.637854086499008,0.636,0.443,1.36535600866083e-36,"3","Ppib"
1.54226275362623e-40,0.730178825658325,0.596,0.409,2.93878167703479e-36,"3","Nr4a2"
2.41407410965475e-40,0.603468083011441,0.822,0.655,4.60001821594713e-36,"3","B2m"
4.18093711169278e-40,0.606616472779004,0.6,0.397,7.96677566633059e-36,"3","Tomm7"
4.87583962343231e-40,0.622453937422727,0.75,0.565,9.29091240245027e-36,"3","Arpc1b"
1.8688310263788e-38,0.538542238793749,0.757,0.592,3.5610575207648e-34,"3","Itgal"
1.78517182470778e-34,0.597712566692718,0.615,0.428,3.40164491198068e-30,"3","Eif3h"
2.31982402096185e-34,0.75593647293478,0.541,0.36,4.42042467194281e-30,"3","Eif4b"
4.01429064551401e-34,0.540229623815745,0.728,0.564,7.64923082502694e-30,"3","Sema4d"
5.44900806848183e-32,0.669528848581157,0.597,0.421,1.03830848744921e-27,"3","Grcc10"
1.43300593704439e-31,0.521052127255376,0.599,0.419,2.73059281303808e-27,"3","Lsp1"
4.11180262797366e-30,0.528335069016245,0.703,0.535,7.83503990760382e-26,"3","Vasp"
1.52343288128368e-28,0.602284067700792,0.55,0.381,2.90290135528605e-24,"3","Dennd4a"
3.89267819185859e-27,0.590336384762502,0.515,0.367,7.41749829458654e-23,"3","Cdc37"
5.65886758060539e-27,0.541667693718965,0.503,0.353,1.07829721748436e-22,"3","Cd48"
1.40080224197035e-25,0.591751269105112,0.524,0.385,2.66922867207449e-21,"3","Bax"
8.69442821386302e-298,2.39513259746861,0.768,0.254,1.6567232961516e-293,"4","Cd4"
3.55147874819462e-153,1.45296454506912,0.676,0.263,6.76734275468485e-149,"4","Tnfrsf4"
6.61692348327303e-105,1.47590067808556,0.748,0.471,1.26085476973768e-100,"4","Jak2"
4.20274184026233e-100,1.25771526695514,0.723,0.406,8.00832457661986e-96,"4","Cd5"
2.00128990429365e-93,1.82411604091909,0.545,0.254,3.81345791263156e-89,"4","Trps1"
4.26088914933041e-93,1.46618849973415,0.663,0.388,8.11912427404909e-89,"4","Hif1a"
2.90864057883259e-73,1.00145518637173,0.715,0.437,5.5424146229655e-69,"4","Icos"
1.11685790946999e-66,0.917868611382196,0.829,0.684,2.12817274649507e-62,"4","Cytip"
1.92275085201051e-63,1.01281963588962,0.793,0.591,3.66380174850602e-59,"4","Bhlhe40"
1.81664076969474e-60,0.675261837596512,0.901,0.685,3.46160898665333e-56,"4","Trac"
1.18483857695673e-57,0.718718360877048,0.68,0.406,2.25770990839105e-53,"4","Ctla4"
1.16451494081147e-54,0.685713372546025,0.857,0.729,2.21898321971626e-50,"4","Ets1"
2.93366647119955e-48,0.674252676643038,0.922,0.834,5.59010146087075e-44,"4","Itk"
1.14197428975068e-47,0.885036094557668,0.647,0.445,2.17603200911992e-43,"4","Cd28"
1.23258559937815e-42,0.716344672080713,0.781,0.631,2.34869185961507e-38,"4","Ndfip1"
4.729614847857e-42,0.942810420527206,0.541,0.339,9.01228109259152e-38,"4","Faah"
9.99034395978033e-41,0.784810495786834,0.697,0.53,1.90366004153614e-36,"4","Zap70"
1.93372155950681e-39,0.865072756712219,0.702,0.584,3.68470643164023e-35,"4","Cd82"
1.5256781768364e-37,0.725565019296017,0.773,0.631,2.90717976596177e-33,"4","Fyb"
1.49866498634922e-36,0.723338750578214,0.655,0.463,2.85570613148844e-32,"4","Emb"
7.64823512511961e-36,0.989431296652679,0.601,0.428,1.45737120309154e-31,"4","Irf2bp2"
5.60898956532701e-35,1.18633048527137,0.509,0.331,1.06879296167306e-30,"4","Tspan13"
7.62949972793883e-35,0.93509105804892,0.56,0.378,1.45380117315874e-30,"4","Nr4a3"
4.15575486965688e-32,1.01094888784817,0.543,0.388,7.91879090413118e-28,"4","Dusp10"
1.34707498084925e-30,0.88064396403349,0.621,0.471,2.56685137600824e-26,"4","Nfkb1"
1.23147646041189e-29,0.693814560072619,0.62,0.447,2.34657839531486e-25,"4","Odc1"
1.39829042523998e-28,0.804712286790125,0.563,0.401,2.66444240529478e-24,"4","Stat5b"
2.10836650733872e-28,0.817735169245368,0.528,0.368,4.01749237973394e-24,"4","Plcg1"
3.87851410469864e-28,0.897823118199744,0.611,0.471,7.39050862650325e-24,"4","Nr3c1"
8.06516771116086e-28,0.596318484220682,0.814,0.716,1.5368177073617e-23,"4","Gna13"
8.71710215521685e-28,0.674908769272448,0.644,0.482,1.66104381567657e-23,"4","Crem"
1.50575082833847e-27,0.677675736221393,0.727,0.628,2.86920820339895e-23,"4","Itpkb"
2.36318393373512e-27,0.755825675444153,0.607,0.463,4.50304698573227e-23,"4","Akap13"
8.71744821113286e-26,0.503095748988701,0.83,0.733,1.66110975663137e-21,"4","Fam107b"
1.51802594787544e-24,0.634119897889683,0.666,0.549,2.89259844367665e-20,"4","Rab8b"
1.08092887650736e-22,0.696056328260802,0.585,0.446,2.05970997418478e-18,"4","Rnf125"
1.11741477376602e-22,0.994432934275702,0.525,0.396,2.12923385141115e-18,"4","Gdi2"
7.41325869899526e-22,0.707827960268786,0.579,0.456,1.41259644509355e-17,"4","Elf1"
2.35796815123087e-21,0.788070525720722,0.658,0.55,4.49310831217042e-17,"4","S100a11"
3.05849078501213e-21,0.667777567974071,0.727,0.647,5.82795419084062e-17,"4","Ucp2"
6.86241669544664e-20,0.597675809723387,0.625,0.504,1.30763350131736e-15,"4","Lcp2"
2.30134560648047e-17,0.782981256132035,0.517,0.403,4.38521405314853e-13,"4","Rel"
3.05237025390842e-17,0.518071568799685,0.545,0.4,5.8162915188225e-13,"4","Lmnb1"
6.77709546440927e-17,0.539658342078101,0.596,0.473,1.29137554074319e-12,"4","Ubl3"
2.91271895506388e-14,0.60715768132195,0.522,0.405,5.55018596887423e-10,"4","Tle3"
9.82422697590336e-14,0.805725081602307,0.502,0.406,1.87200645025839e-09,"4","S100a4"
3.57341640172472e-13,0.562654427587937,0.505,0.399,6.80914495348645e-09,"4","Stat4"
6.42335891509228e-12,0.538430077423493,0.559,0.473,1.22397104127083e-07,"4","D16Ertd472e"
1.91932728798702e-11,0.507147775283547,0.558,0.467,3.65727814725927e-07,"4","Fnbp1"
7.81279280240537e-11,0.508116693628857,0.591,0.522,1.48872766849834e-06,"4","Il21r"
6.77600315060383e-10,0.572957113584765,0.592,0.524,1.29116740034756e-05,"4","Cblb"
0,5.17739405162328,0.817,0.036,0,"5","Stmn1"
0,5.12364085102333,0.778,0.04,0,"5","Mki67"
0,4.71913030379165,0.783,0.067,0,"5","Top2a"
0,3.8897016840962,0.774,0.09,0,"5","Ncapd2"
0,4.41150589231067,0.733,0.068,0,"5","H1f5"
0,5.56930254093508,0.659,0.024,0,"5","Cdca3"
0,4.61937869274804,0.641,0.038,0,"5","Pclaf"
0,4.3502671158398,0.678,0.085,0,"5","H2ac8"
0,5.37917405111902,0.617,0.024,0,"5","Cdk1"
0,4.4691273058928,0.618,0.04,0,"5","Tacc3"
0,5.70342209643609,0.593,0.02,0,"5","Ccna2"
0,2.99079731235694,0.87,0.298,0,"5","Tubb5"
0,5.20430585550537,0.598,0.026,0,"5","Rrm2"
0,5.45092510418485,0.566,0.023,0,"5","Nusap1"
0,3.90227140984787,0.569,0.046,0,"5","Smc2"
0,5.26213355620075,0.528,0.021,0,"5","Clspn"
0,5.48991320732878,0.523,0.018,0,"5","Tpx2"
0,3.70122514639899,0.543,0.048,0,"5","Cip2a"
0,4.84737395824667,0.513,0.023,0,"5","Ccnb2"
0,2.83629956319851,0.571,0.082,0,"5","Pola1"
0,4.07857438073621,0.528,0.05,0,"5","H2ac24"
0,4.14054024389344,0.509,0.038,0,"5","Knstrn"
0,3.08286177022569,0.53,0.066,0,"5","Gmnn"
0,3.55090204907857,0.501,0.048,0,"5","Kif23"
0,2.99054254197847,0.521,0.069,0,"5","Mcm7"
0,3.16186876751987,0.503,0.052,0,"5","Rrm1"
0,2.73141129414185,0.528,0.084,0,"5","Hells"
0,3.1734927275108,0.506,0.07,0,"5","Mcm3"
1.61861528112232e-283,2.65176953347679,0.56,0.099,3.08427141817857e-279,"5","Incenp"
2.47822259909174e-283,2.04714659282758,0.893,0.371,4.72225316256931e-279,"5","Lmnb1"
8.88861851670604e-256,2.48170287405529,0.51,0.09,1.69372625835834e-251,"5","Pold1"
2.04707740747834e-252,2.66130965726895,0.646,0.159,3.90070599994997e-248,"5","H2ax"
5.50525358289211e-252,2.31860383724733,0.741,0.218,1.04902607022009e-247,"5","Dnmt1"
9.06530364248639e-242,2.31277106285904,0.626,0.146,1.72739360907578e-237,"5","Hjurp"
3.02001377930243e-235,2.21305942627612,0.635,0.162,5.75463625646078e-231,"5","Tmpo"
1.58120692776798e-229,2.53388751391174,0.715,0.237,3.01298980086188e-225,"5","H3c1"
6.22668940161485e-216,2.21996030357055,0.899,0.515,1.18649566547771e-211,"5","H1f4"
1.8771583771389e-210,2.39232834532998,0.512,0.111,3.57692528763818e-206,"5","Fen1"
1.02715678992799e-205,2.00246658874783,0.635,0.18,1.95724726320779e-201,"5","Anp32e"
5.03446861581217e-197,2.17051622480095,0.504,0.108,9.5931799474301e-193,"5","Tfdp1"
5.44129437884305e-192,1.77480045456824,0.69,0.24,1.03683864388854e-187,"5","Dnajc9"
9.19854201951908e-190,1.96934254077499,0.557,0.145,1.75278218181936e-185,"5","Lsm2"
4.50439547016014e-189,1.93424368366102,0.781,0.341,8.58312556839014e-185,"5","H2az2"
1.81362326969121e-175,2.03052604355564,0.51,0.131,3.45585914039659e-171,"5","Mcm4"
9.72582216808245e-170,1.82061199257019,0.591,0.159,1.85325541412811e-165,"5","Nsd2"
2.41497068696131e-167,2.03477960670935,0.545,0.134,4.60172664400478e-163,"5","Ckap5"
1.8492037822387e-166,1.82874845150493,0.563,0.156,3.52365780705584e-162,"5","Lsm3"
6.14001925343766e-166,1.63926689198169,0.816,0.381,1.16998066874255e-161,"5","Txn1"
4.24996009422822e-159,1.55730146089812,0.789,0.381,8.09829895955188e-155,"5","Dek"
2.14553860118701e-148,1.46822422763706,0.792,0.388,4.08832380456184e-144,"5","H2az1"
4.02771715544184e-141,1.38052242713541,0.84,0.52,7.67481503969443e-137,"5","Ppia"
1.07178731343027e-133,1.61898755437599,0.543,0.166,2.04229072574137e-129,"5","Hpf1"
4.69132380470082e-133,1.4598777541436,0.549,0.181,8.93931750985742e-129,"5","Nasp"
6.31528592622178e-132,1.30423944142448,0.745,0.338,1.20337773324156e-127,"5","Smc4"
1.20176501732258e-128,1.37186416165453,0.558,0.185,2.28996324050818e-124,"5","Sae1"
4.10839284042883e-128,1.49527739084341,0.653,0.263,7.82854255743714e-124,"5","Pcna"
3.20757454810427e-122,1.4052177790284,0.506,0.165,6.11203330141269e-118,"5","Exosc8"
9.91789270751772e-120,1.3762429058542,0.619,0.231,1.8898544554175e-115,"5","Smc1a"
4.84669165140839e-119,1.49156474882929,0.626,0.258,9.23537094175868e-115,"5","Cbx3"
1.65204093999015e-116,1.43315236172945,0.51,0.175,3.14796401115122e-112,"5","Ssrp1"
2.73025335227011e-116,1.42261760895613,0.601,0.231,5.2024977627507e-112,"5","Snrpd1"
1.71962238785467e-115,1.7008594038099,0.513,0.157,3.27674046005707e-111,"5","Pgk1"
1.50754275499143e-112,1.39959336456618,0.703,0.337,2.87262271963616e-108,"5","Ybx1"
7.54885904406066e-112,1.70693201431102,0.535,0.147,1.43843509084576e-107,"5","Calm3"
6.2957491408161e-108,1.38943049384123,0.506,0.172,1.19965499878251e-103,"5","Dpy30"
7.98959399116925e-107,1.78695988600589,0.641,0.287,1.5224171350173e-102,"5","Tuba1c"
1.02267947166742e-106,1.39576974681841,0.651,0.3,1.94871573326227e-102,"5","Cmtm7"
5.41832611105839e-106,1.39879160749045,0.568,0.213,1.03246204046218e-101,"5","Rfc2"
8.1906798279993e-103,1.12032796526383,0.751,0.382,1.56073404122527e-98,"5","Cbfb"
1.18957853553076e-101,1.22831923470451,0.585,0.236,2.26674189945386e-97,"5","Rbbp7"
2.456857185235e-101,1.34492513869076,0.607,0.263,4.68154136646529e-97,"5","Acsl5"
5.70435712432351e-101,1.29599938072892,0.559,0.217,1.08696525003984e-96,"5","Srsf4"
1.59445737946628e-99,1.43209994001349,0.515,0.186,3.03823853657299e-95,"5","Tubb4b"
1.59950788218337e-98,1.2723526010023,0.506,0.181,3.04786226950041e-94,"5","Cdt1"
2.75700420723091e-98,1.18071849395506,0.686,0.331,5.25347151687849e-94,"5","Snrpe"
9.58608548206358e-97,1.23079877797369,0.525,0.199,1.82662858860722e-92,"5","Nudt21"
4.81989921102103e-96,1.00295117550633,0.646,0.29,9.18431794660057e-92,"5","Xpo1"
1.17009905740066e-95,1.21744798816813,0.73,0.365,2.22962375387696e-91,"5","Vim"
2.8924918577473e-94,1.35691172281162,0.583,0.246,5.51164323493749e-90,"5","Tkt"
2.08902318682071e-88,1.14627686502621,0.521,0.199,3.98063368248686e-84,"5","Smarcc1"
2.3217935666584e-88,1.0903246887624,0.677,0.337,4.42417764126758e-84,"5","Lbr"
2.01005051747555e-87,0.999385575904403,0.592,0.271,3.83015126104965e-83,"5","Tnfrsf4"
7.10010881730413e-87,1.08859104367856,0.569,0.245,1.3529257351373e-82,"5","Uba2"
2.49896914111149e-83,1.2815403352463,0.517,0.216,4.76178569838793e-79,"5","Ldha"
3.53594709507891e-83,1.17564489731972,0.531,0.214,6.73774718967286e-79,"5","Med30"
2.95645282828171e-82,1.02275076660336,0.526,0.204,5.6335208642908e-78,"5","Idh3a"
6.09898983172809e-82,0.956661749326843,0.795,0.499,1.16216251243579e-77,"5","Nono"
1.35054208118528e-79,1.11295066594582,0.503,0.205,2.57345793569854e-75,"5","Rpn1"
4.5800153955351e-79,0.890144596902233,0.779,0.475,8.72721933619213e-75,"5","Hnrnpl"
7.7345620534914e-79,0.954652344128579,0.693,0.352,1.47382079929279e-74,"5","Psip1"
2.44008331105475e-77,1.06542052253608,0.593,0.266,4.64957874921482e-73,"5","Hnrnpab"
7.2569944781822e-76,1.02154720975299,0.593,0.27,1.38282029781762e-71,"5","Ak2"
4.39317902618421e-73,0.681319175766135,0.93,0.817,8.37120263439402e-69,"5","Coro1a"
1.02473121646446e-72,0.84117587258278,0.718,0.407,1.95262533297303e-68,"5","Cd5"
2.12985823265581e-72,0.935294427360919,0.774,0.486,4.05844486232564e-68,"5","Hnrnpa1"
2.01626163889939e-71,0.91284330975858,0.525,0.225,3.84198655292279e-67,"5","Acot7"
9.03299030774219e-71,0.959705618810815,0.611,0.295,1.72123630314028e-66,"5","Rnps1"
9.52132118576485e-71,0.899394013031436,0.601,0.279,1.81428775194749e-66,"5","Cops6"
1.95399805485564e-70,0.879067118606064,0.739,0.428,3.72334329352742e-66,"5","Raly"
4.04948194759894e-70,1.04379306269493,0.52,0.235,7.71628785114978e-66,"5","Ttc39c"
5.088679657427e-70,1.00122601411822,0.638,0.331,9.69647908722716e-66,"5","Hprt"
2.7480532888123e-69,0.88510548234771,0.605,0.3,5.23641554183183e-65,"5","Rcc2"
6.54761619564707e-69,0.887435902933443,0.664,0.343,1.24764826608055e-64,"5","Hnrnpul1"
1.09654764841269e-68,0.909559186270923,0.542,0.253,2.08947154405039e-64,"5","Ssr2"
1.27016843133299e-68,0.865557880645393,0.615,0.304,2.42030594590501e-64,"5","Smc6"
1.56895923457268e-68,0.889056651658119,0.647,0.342,2.98965182147825e-64,"5","Snrpf"
1.81563248225254e-68,0.973919627088627,0.552,0.25,3.45968769493221e-64,"5","Naa50"
1.87618450767729e-68,0.818170878735092,0.61,0.292,3.57506957937907e-64,"5","Srrt"
3.10137445525356e-67,0.755566929233534,0.509,0.218,5.90966902448565e-63,"5","Sf3a1"
2.67258453480688e-66,1.05078606957278,0.505,0.215,5.09260983107451e-62,"5","Cox5a"
1.08900653226929e-65,0.865305149891423,0.702,0.393,2.07510194723912e-61,"5","Cox5b"
1.13309331668498e-64,0.930180574685665,0.614,0.299,2.15910931494322e-60,"5","Ndufb7"
1.37455068280578e-64,0.699962922461892,0.857,0.62,2.61920632608641e-60,"5","Lcp1"
2.2156057416666e-64,0.761457045649759,0.841,0.566,4.22183674074571e-60,"5","Anp32a"
3.3293285217203e-64,0.909013208217633,0.529,0.239,6.34403549813803e-60,"5","Rpn2"
9.18499005300294e-64,1.09312551756905,0.541,0.242,1.75019985459971e-59,"5","Ywhah"
1.57408078903357e-63,0.836138093676528,0.543,0.253,2.99941094350348e-59,"5","Dars"
1.84332317314892e-63,0.944859542507548,0.547,0.251,3.51245230643527e-59,"5","Psmd14"
2.19401555442438e-63,0.976120404534434,0.53,0.242,4.18069663895565e-59,"5","Khsrp"
4.59876913268128e-62,0.857360145865848,0.501,0.215,8.76295458232417e-58,"5","Tsn"
5.1115011573241e-62,0.801011974286911,0.771,0.489,9.73996545528107e-58,"5","Hnrnpd"
6.77841903985602e-62,0.84438532530677,0.554,0.266,1.29162774804456e-57,"5","Snrpa1"
8.7706617558742e-62,0.748265305027684,0.854,0.663,1.67124959758183e-57,"5","Cfl1"
1.49288532301945e-61,0.9293187066488,0.632,0.341,2.84469298301356e-57,"5","Ybx3"
3.39576862183419e-61,0.805958487161044,0.554,0.252,6.47063710890506e-57,"5","Hnrnpll"
3.68189315944608e-61,0.931490394642611,0.569,0.283,7.01584741532451e-57,"5","Psma4"
7.32688584331228e-61,0.776515432048314,0.53,0.248,1.39613809744316e-56,"5","Cd2bp2"
2.84484522170758e-60,0.834521604786695,0.562,0.271,5.42085256996379e-56,"5","G3bp1"
5.8015561437358e-60,0.878579215784968,0.533,0.259,1.10548652318886e-55,"5","Vars"
7.97075418308528e-59,0.805418073156408,0.662,0.363,1.5188272095869e-54,"5","Emp3"
8.01396790848322e-59,0.725367614940383,0.744,0.446,1.52706158496148e-54,"5","Dazap1"
2.95091049827361e-58,0.69598388100342,0.534,0.269,5.62295995446036e-54,"5","Aip"
9.78046164643486e-58,0.819522867791915,0.721,0.43,1.86366696672816e-53,"5","Jpt1"
1.70969143988705e-57,0.804800694005719,0.599,0.312,3.25781703870478e-53,"5","Serbp1"
2.31593968002917e-57,0.692780519681258,0.689,0.395,4.41302306029559e-53,"5","Mlec"
1.26004493809502e-56,0.710665877864072,0.677,0.364,2.40101562954005e-52,"5","Fcho1"
1.26755420796625e-56,0.768307022737377,0.694,0.405,2.41532454327969e-52,"5","Ctla4"
2.1801683299578e-55,0.793915247784449,0.561,0.274,4.15431075273459e-51,"5","Fundc2"
2.6784399052242e-55,0.831513641888574,0.503,0.237,5.10376723940471e-51,"5","Ostc"
2.98393478244715e-55,0.828413178394178,0.545,0.271,5.68588772795304e-51,"5","Uba1"
5.8188269045743e-55,0.865114217705511,0.593,0.324,1.10877746666663e-50,"5","Ddost"
6.30802906743582e-55,0.710031075644286,0.608,0.323,1.2019949387999e-50,"5","Pfkp"
1.10161330325708e-54,0.885815832804182,0.521,0.242,2.09912414935636e-50,"5","Psmc3"
2.0606815168474e-54,0.692576105820208,0.555,0.28,3.92662863035273e-50,"5","Map4k1"
6.25186906636443e-54,0.838531139336731,0.589,0.291,1.19129365059574e-49,"5","Pcbp1"
3.8782592657435e-53,0.919671444369221,0.64,0.349,7.39002303087423e-49,"5","Atp5b"
3.98262461625302e-53,0.757078832960782,0.514,0.242,7.58889120627013e-49,"5","Elob"
4.11642543790496e-53,0.880206211774882,0.65,0.366,7.84384867192791e-49,"5","Atp5j2"
5.26652188594769e-52,0.665742630501867,0.679,0.388,1.00353574536733e-47,"5","Hsp90b1"
1.60434212039503e-51,0.730183039748929,0.8,0.549,3.05707391041272e-47,"5","Nup210"
2.29129453530217e-51,0.711701195954589,0.531,0.277,4.36606173701828e-47,"5","Il2ra"
6.12200447825425e-51,0.771197401136784,0.543,0.274,1.16654795333135e-46,"5","Pdia4"
8.18201720978101e-51,0.577732986426108,0.542,0.273,1.55908337932377e-46,"5","Cd4"
9.59060563125439e-51,0.896730108503529,0.512,0.254,1.82748990303552e-46,"5","Cct8"
2.86662954195752e-50,0.716182563873728,0.565,0.29,5.46236259220005e-46,"5","Rdx"
3.31692987836899e-50,0.796751905193607,0.553,0.28,6.32040988323211e-46,"5","Ndufa8"
1.14291539158095e-49,0.657069728491924,0.546,0.281,2.17782527865749e-45,"5","Sms"
1.25480708726234e-49,0.764352790894674,0.537,0.267,2.39103490477839e-45,"5","Manf"
9.53216980731519e-49,0.765780466303367,0.567,0.299,1.81635495678391e-44,"5","Cct7"
1.20581756863031e-48,0.757450870953901,0.537,0.263,2.29768537702506e-44,"5","Snrpb2"
4.41684607440013e-48,0.624833434445532,0.688,0.421,8.41630019476945e-44,"5","Pdia3"
4.962628793968e-48,0.609179676201563,0.626,0.35,9.45628916690602e-44,"5","Psmb9"
3.5157186358483e-47,0.723736013287017,0.578,0.312,6.69920186060894e-43,"5","Pfn1"
1.40989893842008e-46,0.581159489376605,0.603,0.335,2.68656242715945e-42,"5","Nedd8"
2.70412602662001e-46,0.609231962913877,0.705,0.436,5.15271214372442e-42,"5","Sec11c"
6.00863620810939e-46,0.657136093143306,0.801,0.637,1.14494562945524e-41,"5","Actg1"
1.93738489006817e-45,0.535911847355065,0.593,0.325,3.6916869080249e-41,"5","Ddx39b"
2.78264128105662e-45,0.71199300869789,0.64,0.384,5.30232296105339e-41,"5","Sf3b6"
4.56928757907021e-45,0.652195051005618,0.55,0.288,8.70677748191829e-41,"5","Magoh"
1.13248435364807e-44,0.58343525280325,0.501,0.249,2.1579489358764e-40,"5","Pole4"
1.4662845871353e-44,0.724198468572572,0.512,0.265,2.79400528078631e-40,"5","Phb2"
1.58851360576885e-44,0.682724361398761,0.539,0.291,3.02691267579255e-40,"5","Sf3b3"
2.02040944872627e-44,0.721534674703326,0.675,0.429,3.8498902045479e-40,"5","Actr3"
2.24533056966234e-43,0.610430067133988,0.562,0.317,4.27847740049159e-39,"5","Vcp"
5.28087346793124e-43,0.592101514053434,0.669,0.388,1.0062704393143e-38,"5","Abracl"
9.5799768736643e-43,0.659134750123745,0.523,0.271,1.82546459327673e-38,"5","Uqcrc1"
1.79568665692317e-42,0.730353813241236,0.551,0.29,3.4216809247671e-38,"5","Tmem167"
5.29700589651382e-42,0.586419239413495,0.562,0.303,1.00934447358071e-37,"5","Carmil2"
1.98983223128987e-41,0.634373382364441,0.822,0.626,3.79162531672284e-37,"5","S100a10"
2.42895185124061e-41,0.874040890823857,0.561,0.323,4.62836775253898e-37,"5","Slc25a5"
2.58744070061637e-41,0.617837798353103,0.55,0.283,4.9303682550245e-37,"5","Psmd8"
2.77144666773366e-41,0.521592171258772,0.531,0.281,5.2809916253665e-37,"5","Hdac1"
4.61870713522626e-41,0.563138113205861,0.507,0.275,8.80094644617364e-37,"5","Rgs16"
6.78598387767271e-41,0.614734421259995,0.521,0.278,1.29306922789054e-36,"5","Rbm17"
7.44034360731612e-41,0.570133630182296,0.515,0.271,1.41775747437409e-36,"5","Reep5"
8.71963709156339e-41,0.562956085327708,0.576,0.312,1.6615268477974e-36,"5","Uqcrfs1"
1.11551586611002e-40,0.641927585189636,0.557,0.304,2.12561548287264e-36,"5","Pomp"
3.52888806330673e-40,0.568284240137499,0.566,0.324,6.72429620463097e-36,"5","Fkbp3"
1.34605414494924e-39,0.50898214380777,0.603,0.34,2.56490617320077e-35,"5","Atl3"
2.81074302574412e-39,0.631147493132634,0.746,0.544,5.35587083555542e-35,"5","Hnrnpa2b1"
9.52003702281819e-39,0.540129662033213,0.535,0.29,1.81404305469801e-34,"5","Puf60"
9.61039668989836e-39,0.639044884249563,0.538,0.301,1.83126108926013e-34,"5","Rbpj"
1.42342352485396e-38,0.668951266399085,0.626,0.388,2.71233352660921e-34,"5","Gdi2"
2.00075876238208e-38,0.577387548625772,0.552,0.304,3.81244582171906e-34,"5","Flna"
2.16005107105783e-38,0.560423269421662,0.525,0.282,4.1159773159007e-34,"5","Psme3"
8.99177198411168e-38,0.593343906668361,0.569,0.332,1.71338215157248e-33,"5","Hp1bp3"
9.8997062882339e-38,0.564918688462642,0.557,0.306,1.88638903322297e-33,"5","Snx3"
1.45203147749046e-37,0.542054694464953,0.502,0.267,2.76684598035808e-33,"5","Cntrl"
1.66423564788566e-37,0.602219725253568,0.731,0.511,3.17120102704612e-33,"5","Capzb"
1.94257016757197e-37,0.553833483527796,0.784,0.543,3.7015674543084e-33,"5","Psmb8"
2.53568129126709e-37,0.537620054221493,0.551,0.31,4.83174070050944e-33,"5","E2f4"
3.43401187215796e-37,0.591578203770578,0.523,0.291,6.54350962239699e-33,"5","Rer1"
3.82415292804889e-37,0.500180892091292,0.582,0.332,7.28692340439715e-33,"5","Xpo6"
7.90615247824206e-37,0.551725032327545,0.52,0.288,1.50651735472902e-32,"5","Nt5c"
1.30694734621451e-36,0.547624361373412,0.771,0.52,2.49038816821174e-32,"5","Atp5e"
1.58812943388572e-36,0.634346204116088,0.519,0.284,3.02618063626923e-32,"5","Nol7"
2.53258768655255e-36,0.528476857968457,0.535,0.294,4.82584583672589e-32,"5","Cnot1"
4.92546208134939e-36,0.500782674713812,0.535,0.303,9.38546799601126e-32,"5","Ppm1g"
1.27093046158697e-35,0.68304363271356,0.527,0.295,2.42175799455398e-31,"5","Dap"
5.21175848205026e-35,0.623750931433469,0.542,0.304,9.93100578754677e-31,"5","Dynll1"
6.7559929017294e-35,0.537449119439675,0.627,0.377,1.28735444742454e-30,"5","Sf3b2"
8.13315241856193e-35,0.576472699342524,0.693,0.458,1.54977219335698e-30,"5","H3f3a"
3.88753834959378e-33,0.564548810749641,0.607,0.369,7.40770432515095e-29,"5","Tma7"
1.13315062540192e-32,0.505172380171771,0.713,0.465,2.15921851670336e-28,"5","Ndufa3"
6.00118025728982e-32,0.526592571627306,0.75,0.542,1.14352489802658e-27,"5","S100a11"
1.01162284734523e-31,0.637910763406986,0.616,0.392,1.92764733561633e-27,"5","Hif1a"
2.61943279704279e-31,0.551821762971624,0.561,0.324,4.99132919476503e-27,"5","Dynlrb1"
3.20097933303581e-31,0.548265625361693,0.769,0.556,6.09946611909973e-27,"5","Ncl"
0,3.45303272382068,0.88,0.224,0,"6","Irf8"
0,2.74135774612174,0.778,0.141,0,"6","Gzma"
0,3.03439722838413,0.798,0.253,0,"6","Serpinb9"
0,4.7938472369464,0.583,0.042,0,"6","Vegfa"
0,3.39990099059769,0.574,0.07,0,"6","Adamts14"
1.20685420923607e-286,3.11735109225328,0.565,0.119,2.29966069569934e-282,"6","Eomes"
1.81795209855537e-251,2.85648081282296,0.544,0.123,3.46410772379727e-247,"6","Prf1"
2.39920575373051e-241,2.89476405297936,0.588,0.112,4.57168656373348e-237,"6","Car2"
5.08777684193494e-228,1.48953570146038,0.969,0.69,9.69475877230703e-224,"6","Vps37b"
3.35166048741303e-227,2.2375052702684,0.595,0.154,6.38658905876553e-223,"6","Klre1"
5.60642085254595e-218,2.81147981104986,0.501,0.112,1.06830349345263e-213,"6","Spry2"
2.82506419255956e-210,2.44321272436177,0.717,0.29,5.38315981892223e-206,"6","Ugcg"
1.44730779982528e-202,2.25800592184536,0.572,0.132,2.75784501256707e-198,"6","Tyrobp"
1.8947657436817e-193,1.65314854903166,0.884,0.612,3.61047612458548e-189,"6","Il2rb"
7.23192245458321e-178,2.3028228790148,0.563,0.162,1.37804282372083e-173,"6","Pde2a"
4.92807704074007e-172,2.01779756751798,0.638,0.202,9.3904508011302e-168,"6","Fcer1g"
7.76581938278364e-170,2.36392393023496,0.558,0.181,1.47977688338942e-165,"6","Il12rb2"
7.33529693792461e-160,1.60130600320245,0.83,0.449,1.39774083152153e-155,"6","Bcl2l11"
9.68371950661664e-148,1.21769727109336,0.911,0.704,1.8452327519858e-143,"6","Ifngr1"
1.03670805093995e-138,2.3992172706697,0.564,0.222,1.97544719106607e-134,"6","Sytl3"
8.44062650989161e-131,1.73213076198674,0.79,0.416,1.60836138145985e-126,"6","Ccl5"
8.52904422680538e-122,1.09857561982032,0.901,0.664,1.62520937741776e-117,"6","Dusp5"
3.11412413329007e-121,1.81546441624921,0.59,0.23,5.93396353598423e-117,"6","Zbtb10"
1.10312845634401e-119,1.92749686597489,0.542,0.214,2.1020112735635e-115,"6","Txk"
3.17681709844661e-118,1.30047435906143,0.793,0.451,6.05342498109002e-114,"6","Satb1"
4.63191863439147e-115,1.64627402814818,0.698,0.373,8.82612095783295e-111,"6","Dennd4a"
1.63722847178118e-108,1.05002402459288,0.888,0.575,3.11973885297905e-104,"6","Nkg7"
5.97099554443178e-103,1.1300436796655,0.612,0.27,1.13777320099147e-98,"6","Xcl1"
3.42572304752552e-101,1.13863140387899,0.862,0.689,6.52771526705987e-97,"6","Sh2d2a"
2.88342970769702e-98,1.81494468665102,0.594,0.303,5.49437530801668e-94,"6","Il18rap"
4.62868276675095e-98,1.93989274113952,0.502,0.206,8.81995501204393e-94,"6","Rin3"
1.90272084395231e-95,1.28165242806532,0.588,0.251,3.62563456815113e-91,"6","Pik3ap1"
1.17503959695807e-94,1.24546571611738,0.76,0.474,2.2390379520036e-90,"6","Crem"
3.72636686023366e-94,1.74039523497928,0.615,0.326,7.10059205217524e-90,"6","Pik3r1"
1.06764209465201e-92,0.92716586465958,0.614,0.268,2.0343920113594e-88,"6","Gzmb"
2.47519911331671e-92,1.92417161821445,0.56,0.272,4.716491910425e-88,"6","Sft2d2"
4.18008219466037e-92,1.46983414956061,0.712,0.468,7.96514662192534e-88,"6","Stat3"
1.82373550446729e-88,1.26662952388351,0.712,0.428,3.47512800376242e-84,"6","Fosl2"
6.17497752017204e-88,1.2528657268067,0.678,0.371,1.17664196646878e-83,"6","Nr4a3"
1.21666209261638e-87,1.44197580832028,0.504,0.206,2.31834961748052e-83,"6","Cd7"
2.53605058352247e-86,1.2131047680641,0.699,0.405,4.83244438690206e-82,"6","Nr4a2"
5.00625209051196e-84,1.34358747179444,0.691,0.436,9.53941335847054e-80,"6","Tpm4"
6.07445989313764e-75,1.04741714821508,0.795,0.618,1.15748833263738e-70,"6","Ptk2b"
2.44099853392099e-74,1.46210139876673,0.584,0.328,4.65132270638644e-70,"6","Irak2"
1.10066851706886e-73,1.33353845412626,0.691,0.449,2.09732385927472e-69,"6","Adgre5"
1.30156011596285e-69,0.774651212973846,0.873,0.791,2.48012280096721e-65,"6","Ptprc"
3.86257805989015e-69,1.35489635900108,0.625,0.378,7.36014249312068e-65,"6","Mxd1"
5.2746861922569e-68,1.45838895788704,0.581,0.34,1.00509145393455e-63,"6","Chsy1"
8.55056159564044e-64,1.29208894420098,0.596,0.342,1.62930951204929e-59,"6","Tex2"
3.62714318132943e-58,1.2375603870484,0.611,0.4,6.91152133202323e-54,"6","Runx3"
1.34076567760254e-56,1.2076659504668,0.595,0.393,2.55482899867163e-52,"6","Stat4"
2.14275745615709e-56,0.845970761363621,0.811,0.591,4.08302433270733e-52,"6","Bhlhe40"
3.13716998234543e-55,1.09291244581325,0.674,0.474,5.97787740135922e-51,"6","Ubald2"
4.51892070811318e-55,1.17914952740195,0.637,0.421,8.61080340930966e-51,"6","Hip1r"
7.21563893060138e-54,0.759042150224406,0.859,0.731,1.37493999822609e-49,"6","Fam107b"
7.15981090044612e-53,1.25226272709865,0.572,0.365,1.36430196708001e-48,"6","Plekha2"
3.63989579584388e-52,0.883711994448634,0.82,0.699,6.93582143898052e-48,"6","Zfp36l2"
6.97486332810691e-52,1.48950828073452,0.585,0.386,1.32906020717077e-47,"6","Tgfb1"
7.04525327798457e-51,1.19077611775226,0.658,0.452,1.34247301211996e-46,"6","Ccr5"
1.63509420486261e-49,1.02007106856605,0.651,0.464,3.11567200736571e-45,"6","Vgll4"
1.90686825775879e-49,0.628355701626221,0.863,0.753,3.63353746515938e-45,"6","Ptpn22"
2.49099383111007e-46,1.3399333066198,0.53,0.349,4.74658874518023e-42,"6","Tiprl"
6.71528897235447e-46,1.0663358648294,0.601,0.386,1.27959831368214e-41,"6","Neurl3"
1.12785147608999e-45,1.02735884086652,0.623,0.435,2.14912098768948e-41,"6","Tatdn2"
3.89703354172377e-43,1.02022702110142,0.685,0.495,7.42579741375464e-39,"6","Kdm6b"
8.88981839930586e-42,0.706012599233319,0.632,0.413,1.69395489598773e-37,"6","Trbc1"
1.00057186623694e-41,1.14698616643393,0.585,0.422,1.90658969111448e-37,"6","B4galt1"
2.48282887772827e-41,1.4650522988772,0.526,0.342,4.73103042651122e-37,"6","Mlxip"
4.14342741421097e-40,0.966606619045449,0.625,0.469,7.895300937779e-36,"6","D16Ertd472e"
1.90371863766168e-39,0.912653145159675,0.665,0.535,3.62753586406433e-35,"6","Mknk2"
2.7458984553278e-39,0.8826098680701,0.637,0.428,5.23230950662713e-35,"6","Ppp1r16b"
3.32151468543417e-37,0.636408353709488,0.653,0.46,6.32914623309482e-33,"6","Ctla2a"
2.95905373264764e-34,1.0245964760655,0.551,0.381,5.63847688756008e-30,"6","Nabp1"
3.60975502474409e-33,0.762227612699785,0.721,0.626,6.87838819964986e-29,"6","Jak1"
6.09760860982804e-32,0.75472343573131,0.606,0.438,1.16189932060273e-27,"6","Malt1"
4.24993315209714e-30,0.871799532665462,0.621,0.479,8.0982476213211e-26,"6","Lrrfip1"
3.69499763057788e-29,0.624874940878652,0.699,0.557,7.04081798506615e-25,"6","Sik1"
1.66956701015185e-28,0.95759743947574,0.595,0.469,3.18135993784434e-24,"6","Emb"
4.21422872623305e-25,0.668797172104651,0.664,0.539,8.03021283783707e-21,"6","Gimap6"
5.8176962301497e-24,0.739091513085697,0.642,0.536,1.10856201665502e-19,"6","Prex1"
3.35812821017468e-23,0.598116173642687,0.76,0.697,6.39891330448786e-19,"6","Sf3b1"
1.77046599199288e-22,0.836266363110628,0.575,0.478,3.37362294774243e-18,"6","Spata13"
3.29388573699721e-21,0.806552186354524,0.537,0.433,6.27649927184819e-17,"6","Tes"
1.07809942585826e-20,0.970851048485737,0.521,0.405,2.05431845597291e-16,"6","Otulin"
2.83454203681359e-18,0.848891831411909,0.519,0.404,5.40121985114829e-14,"6","Itpk1"
4.17019543219621e-18,0.765699144132469,0.521,0.403,7.94630739604988e-14,"6","Ago2"
5.58911705249445e-18,0.669788499942616,0.558,0.457,1.06500625435282e-13,"6","Stk24"
1.05244373264013e-17,0.579211163854048,0.694,0.577,2.00543153254577e-13,"6","Pim1"
1.45745641901443e-17,0.53498915448301,0.643,0.54,2.777183206432e-13,"6","Skil"
3.93915444323118e-17,0.770107324872154,0.532,0.431,7.50605879157701e-13,"6","Fryl"
6.78992846300025e-14,0.516216288909042,0.617,0.535,1.2938208686247e-09,"6","Nsd3"
6.96322076297044e-14,0.594523071369652,0.612,0.54,1.32684171638402e-09,"6","Sun2"
1.46900942302799e-13,0.503195562463215,0.669,0.602,2.79919745557984e-09,"6","Itgal"
3.44417499745711e-13,0.511374617271208,0.621,0.56,6.56287545765452e-09,"6","Ptbp3"
1.613729648926e-12,0.72197635791074,0.51,0.422,3.0749618460285e-08,"6","Nfkb2"
2.56294127519759e-12,0.649480188549078,0.521,0.437,4.88368459988901e-08,"6","Isy1"
4.74899977177447e-12,0.620470944356814,0.57,0.485,9.04921906511625e-08,"6","Ppp2r5a"
2.6855169926957e-10,0.500604170672146,0.581,0.533,5.11725262958166e-06,"6","Arl6ip5"
2.94330193787408e-10,0.551997230518542,0.552,0.491,5.60846184261905e-06,"6","Gnai3"
3.20184985801201e-10,0.57833059113164,0.537,0.468,6.10112490444189e-06,"6","Dnajb6"
0,4.4789719709071,0.762,0.073,0,"7","Ncr1"
0,2.90949022523633,0.7,0.15,0,"7","Gzma"
0,2.94094081785871,0.677,0.152,0,"7","Klre1"
0,3.84852241874842,0.518,0.063,0,"7","Klrb1c"
9.49234200923358e-292,3.22116996685697,0.501,0.079,1.80876576985946e-287,"7","Adamts14"
6.47057610969039e-278,2.96438666350849,0.609,0.134,1.2329682777015e-273,"7","Cd244a"
7.72417077685172e-182,2.6047495990569,0.535,0.118,1.4718407415291e-177,"7","Car2"
2.20571885072382e-180,2.47230851396477,0.557,0.136,4.20299727005423e-176,"7","Tyrobp"
8.11116840835257e-180,2.18642437215744,0.677,0.202,1.54558314021158e-175,"7","Fcer1g"
4.39419236038765e-167,2.46022723853189,0.537,0.157,8.37313354271868e-163,"7","Samd3"
5.19043706741122e-151,2.10601964664178,0.669,0.268,9.89037783195208e-147,"7","Xcl1"
3.36747366163222e-130,2.06245396184303,0.591,0.232,6.41672106224019e-126,"7","Klrd1"
3.01582214785488e-124,2.23758922666858,0.557,0.205,5.74664910273748e-120,"7","Cd7"
5.23862386382952e-113,1.21390181289164,0.861,0.576,9.98219777252716e-109,"7","Ctsw"
1.74664119662871e-108,1.10862926325816,0.887,0.578,3.328224800176e-104,"7","Nkg7"
6.60604077142853e-94,1.39713568606134,0.76,0.421,1.25878106899571e-89,"7","Ccl5"
4.32381250413145e-90,1.31866083361991,0.759,0.414,8.23902472662247e-86,"7","Hspa1b"
2.65042592654789e-65,1.11298834654725,0.73,0.499,5.050386603037e-61,"7","Evl"
2.69705277916654e-61,1.20958234522339,0.721,0.425,5.13923407070185e-57,"7","Jun"
3.4273095510899e-55,1.19015497118549,0.535,0.276,6.5307383496018e-51,"7","Gzmb"
3.45794178805841e-55,0.764802826471387,0.871,0.792,6.58910807714531e-51,"7","Ptprc"
3.29903688323635e-51,1.35058788937665,0.548,0.345,6.28631478100687e-47,"7","Chsy1"
6.65798536537762e-49,1.33519101509481,0.526,0.31,1.26867911137271e-44,"7","Il18rap"
2.55558099880426e-48,1.06967108706348,0.621,0.375,4.86965959322152e-44,"7","Dnajb1"
4.85443830761694e-46,0.742835315311058,0.792,0.62,9.25013219516408e-42,"7","Il2rb"
7.33483974405168e-46,1.18562598004665,0.534,0.306,1.39765371322905e-41,"7","Ugcg"
9.75413975545284e-45,0.99227997692865,0.639,0.385,1.85865133040154e-40,"7","Hspa1a"
3.02314063595819e-35,1.00306298356806,0.613,0.37,5.76059448181834e-31,"7","Klf2"
5.21218517797733e-31,1.14814596024558,0.525,0.35,9.9318188566358e-27,"7","Gem"
1.11778910668658e-30,0.816571912659181,0.646,0.498,2.12994714279127e-26,"7","Gimap8"
1.26186386310976e-29,0.701594163426514,0.713,0.554,2.40448159115564e-25,"7","Hsp90aa1"
7.43164905570023e-29,0.636602273592211,0.636,0.455,1.41610072756368e-24,"7","Ccr5"
4.89983011656581e-28,0.734436284271999,0.729,0.626,9.33662628711615e-24,"7","Jak1"
1.53118652463135e-27,0.577063205670349,0.813,0.734,2.91767592268503e-23,"7","Septin1"
1.25787380957205e-26,0.708080425339462,0.644,0.49,2.39687854413954e-22,"7","Ms4a4b"
9.97150685699272e-26,0.915635379633067,0.553,0.412,1.90007063159996e-21,"7","Gimap9"
1.25217114265199e-24,0.787604864502757,0.593,0.458,2.38601211232337e-20,"7","Adgre5"
8.55730951407868e-24,0.632103720692945,0.733,0.636,1.63059532790769e-19,"7","Acap1"
2.31014708938839e-22,0.611225814018163,0.594,0.417,4.40198527882957e-18,"7","Trbc1"
2.52071676765537e-22,0.710050921138748,0.614,0.498,4.80322580076731e-18,"7","Arhgap9"
7.0955974247741e-22,0.617126412208646,0.792,0.701,1.35206608929071e-17,"7","Zfp36l2"
2.41115423901649e-21,0.586820525042925,0.729,0.625,4.59445440244593e-17,"7","Tbc1d10c"
1.0456610780058e-20,0.620929685422067,0.689,0.601,1.99250718414006e-16,"7","Itgal"
1.23824102949306e-19,0.657998626490608,0.689,0.563,2.35946828169902e-15,"7","Btg2"
2.52115086635652e-18,0.634580916611048,0.627,0.537,4.80405297584235e-14,"7","Prex1"
1.20957235851264e-17,0.606430239854973,0.719,0.581,2.30484012914584e-13,"7","Id2"
2.71524523492225e-17,0.651913168719213,0.736,0.683,5.17389979514435e-13,"7","Ubc"
2.27715432509623e-16,0.905036872596084,0.582,0.467,4.33911756647087e-12,"7","Ctla2a"
2.6546468249691e-16,0.834139883062052,0.621,0.533,5.05842952497861e-12,"7","Dnaja1"
1.06000742492491e-13,0.6079658971522,0.586,0.468,2.01984414819442e-09,"7","Bcl2l11"
1.07289610122108e-13,0.511969689255181,0.631,0.548,2.04440352087677e-09,"7","Cyfip2"
2.22351775611425e-11,0.502601536993986,0.627,0.565,4.2369130842757e-07,"7","Nup210"
2.45264111586072e-09,0.674682696344344,0.601,0.549,4.6735076462726e-05,"7","Ier2"
5.66380345609908e-07,0.504139842463401,0.644,0.634,0.0107923774855968,"7","Fyn"
6.37448250223329e-151,1.50278938879887,0.98,0.697,1.21465764080055e-146,"8","Vps37b"
2.65592341542113e-131,2.28309571399519,0.625,0.171,5.06086206808497e-127,"8","Pde2a"
3.49227033992338e-119,1.72806663604302,0.852,0.472,6.65452113272401e-115,"8","Gramd3"
2.99779124987303e-101,1.7359567849346,0.807,0.463,5.71229122663306e-97,"8","Emb"
1.51360396901765e-99,1.82097872931183,0.594,0.211,2.88417236296314e-95,"8","Cd7"
3.14751110481495e-98,2.74493971812465,0.576,0.182,5.99758241022488e-94,"8","Klhdc2"
1.89781438785904e-97,1.48271361634182,0.842,0.459,3.61628531606539e-93,"8","Satb1"
1.20653942750559e-72,0.994216510936165,0.918,0.71,2.29906087911191e-68,"8","Ifngr1"
4.82470262861463e-71,1.19113738126496,0.799,0.462,9.19347085882518e-67,"8","Bcl2l11"
3.51139863165094e-66,1.23783839342656,0.752,0.435,6.69097009261086e-62,"8","Fosl2"
5.3646591821978e-65,1.38096831800604,0.689,0.383,1.02223580716779e-60,"8","Dennd4a"
2.77299249884818e-64,1.08144507478074,0.852,0.622,5.2839372065552e-60,"8","Il2rb"
2.71328549837163e-62,1.46166362862694,0.557,0.242,5.17016551714713e-58,"8","Zbtb10"
1.8569649769184e-60,1.39264021519697,0.713,0.437,3.53844676351802e-56,"8","Tatdn2"
5.20613369658312e-58,1.44076968552909,0.523,0.225,9.92028775883914e-54,"8","Txk"
1.02547317753992e-52,1.34570196483234,0.617,0.334,1.95403913980231e-48,"8","Irak2"
2.1827688198333e-51,1.52505010628883,0.539,0.268,4.15926598619236e-47,"8","Atp11b"
1.26643791928889e-49,1.11536039948569,0.76,0.549,2.41319745520498e-45,"8","Rnf138"
1.02691181243622e-48,0.682646157737594,0.768,0.428,1.95678045859722e-44,"8","Ccl5"
1.93114564838332e-48,0.840884669859603,0.908,0.716,3.67979803299442e-44,"8","Gna13"
1.38338067138214e-44,0.78960327076167,0.863,0.673,2.63603186931867e-40,"8","Dusp5"
6.31883252973219e-44,0.757847996891583,0.893,0.755,1.20405353854047e-39,"8","Ptpn22"
4.59973953080226e-42,1.15191693919668,0.551,0.28,8.76480367594371e-38,"8","Serpinb9"
1.84701852153746e-39,1.0451446889051,0.645,0.396,3.51949379278964e-35,"8","Stat4"
2.26548836592353e-39,0.758554133688515,0.867,0.713,4.31688808126728e-35,"8","Gimap3"
3.83072221181057e-39,1.0447039235641,0.725,0.52,7.29944117460503e-35,"8","Cblb"
9.55194255506335e-39,1.10350313650199,0.678,0.444,1.82012265386732e-34,"8","Tpm4"
1.75872975148313e-37,1.09044325829872,0.568,0.309,3.35125954145111e-33,"8","Ikzf2"
2.28251975757066e-37,0.966804585122053,0.738,0.518,4.34934139805088e-33,"8","Il21r"
4.37355472290337e-37,1.04560314457359,0.643,0.39,8.33380852449238e-33,"8","Neurl3"
2.60596423867932e-36,0.964848218307892,0.727,0.54,4.96566485680344e-32,"8","Gimap6"
7.54846724228762e-36,1.23683268777795,0.574,0.353,1.43836043301791e-31,"8","Tiprl"
9.04736535355466e-35,0.525914080755501,0.963,0.924,1.72397546811984e-30,"8","Eef1a1"
9.88146747160966e-35,1.23287172299113,0.547,0.313,1.88291362671522e-30,"8","Sidt2"
1.48762578581472e-33,0.81439458546134,0.713,0.484,2.83467093486994e-29,"8","Crem"
1.87978765222074e-33,0.731871883687117,0.869,0.735,3.58193537130663e-29,"8","Fam107b"
1.52866462855612e-32,1.18667011883349,0.582,0.371,2.91287044971369e-28,"8","Plekha2"
3.0679602188963e-32,1.01934491914119,0.545,0.311,5.8459981971069e-28,"8","Ugcg"
7.85553307100223e-32,0.707793937263021,0.617,0.382,1.49687182667948e-27,"8","Nr4a3"
1.80489047919019e-31,0.844367232691424,0.666,0.447,3.4392188080969e-27,"8","Rnf125"
2.81769642593615e-31,0.841600546747526,0.752,0.591,5.36912053962133e-27,"8","Prkch"
2.98233310054864e-30,0.584731971687423,0.893,0.811,5.68283572309543e-26,"8","Gimap4"
4.36748486918426e-30,0.561769809160648,0.92,0.874,8.32224241823061e-26,"8","Tpt1"
8.54155862697857e-30,0.966132850230477,0.662,0.469,1.62759399637077e-25,"8","Vgll4"
2.35610463699362e-29,1.10154908067993,0.574,0.36,4.48955738579135e-25,"8","Epb41"
2.35757124368342e-29,0.99573491413062,0.551,0.305,4.49235200483876e-25,"8","Irs2"
3.99851655209005e-29,1.06386500397793,0.539,0.34,7.61917329000759e-25,"8","P2ry10"
4.21528447093107e-29,1.0002119512551,0.545,0.323,8.03222455935916e-25,"8","Pde4d"
5.78297395085263e-29,0.763010531824558,0.756,0.627,1.10194568633497e-24,"8","Jak1"
1.18574326186548e-26,0.819867496644561,0.703,0.533,2.25943378548468e-22,"8","Nsd3"
7.11964800238096e-26,1.03483898809804,0.547,0.36,1.35664892685369e-21,"8","Tut4"
3.14175415905714e-25,0.674076335100287,0.73,0.565,5.98661255008338e-21,"8","Zc3hav1"
3.43149001257718e-25,0.997332727346256,0.502,0.297,6.53870421896581e-21,"8","Bcl2"
1.07687707205287e-23,0.80503348173053,0.643,0.434,2.05198926079674e-19,"8","Ppp1r16b"
1.07942811678094e-22,0.90153846786062,0.592,0.387,2.05685027652607e-18,"8","Mxd1"
2.85356228072275e-21,0.711005245882964,0.611,0.417,5.43746292591721e-17,"8","Nr4a2"
6.4009204404007e-21,0.709296187823703,0.693,0.538,1.21969538991835e-16,"8","Mknk2"
8.25282735173629e-21,0.617290814290271,0.75,0.621,1.57257625187335e-16,"8","Tnfaip3"
1.70115778964183e-20,0.653356973196624,0.727,0.586,3.2415561681625e-16,"8","Prrc2c"
4.34099557279624e-20,0.814684865803226,0.627,0.479,8.27176706396323e-16,"8","Spata13"
6.4829889063575e-20,0.865299856657064,0.582,0.427,1.23533353610642e-15,"8","B4galt1"
7.11393091861957e-20,0.855585273748606,0.508,0.338,1.35555953654296e-15,"8","Gpr132"
5.15205913112313e-19,0.510904418491354,0.814,0.736,9.81724867435512e-15,"8","Ets1"
7.73132598549472e-19,0.784186480775292,0.535,0.352,1.47320416653602e-14,"8","Tex2"
9.3126308010702e-19,0.761770645398011,0.557,0.393,1.77452179914393e-14,"8","Dusp10"
3.38446350044885e-18,0.616437667375568,0.746,0.631,6.44909520010528e-14,"8","Itpkb"
6.0933886784328e-18,0.843403340967162,0.51,0.35,1.16109521267537e-13,"8","Nup98"
2.51757822630983e-17,0.531826508319331,0.725,0.56,4.79724531023339e-13,"8","Sik1"
2.70591278504618e-16,0.663128012374593,0.672,0.53,5.1561168119055e-12,"8","Arl6ip5"
2.9657484933668e-16,0.546143870178752,0.738,0.626,5.65123375411045e-12,"8","Ptk2b"
6.23121592376891e-16,0.844201078282795,0.516,0.381,1.18735819427417e-11,"8","Kpna1"
6.88427248786201e-16,0.844857908561781,0.549,0.405,1.31179812256211e-11,"8","Ago2"
1.48874415868957e-15,0.70689653867755,0.664,0.501,2.83680199438297e-11,"8","Kdm6b"
1.61343807911403e-15,0.755662131886421,0.574,0.43,3.07440625975179e-11,"8","Hip1r"
7.461418665686e-15,0.501056063639398,0.775,0.663,1.42177332674647e-10,"8","Stk17b"
1.29388518156354e-14,0.695660421790134,0.617,0.486,2.46549821346932e-10,"8","Ppp2r5a"
7.80357322670724e-13,0.598237565371389,0.602,0.467,1.48697087834906e-08,"8","Dnajb6"
1.07692712497619e-11,0.584020337464648,0.662,0.539,2.05208463664214e-07,"8","Rnf4"
1.9215189193073e-11,0.613632964151219,0.502,0.356,3.66145430074007e-07,"8","Foxp1"
2.91745869570028e-10,0.569006980018032,0.582,0.461,5.55921754465688e-06,"8","Adgre5"
5.39148512790907e-10,0.613072939059725,0.531,0.426,1.02734749112307e-05,"8","Sec11a"
7.3014146431798e-10,0.540492838438293,0.561,0.459,1.39128456025791e-05,"8","Taf1d"
9.56736328409029e-10,0.546870982398517,0.533,0.41,1.8230610737834e-05,"8","Smchd1"
2.15779899539546e-09,0.638481980325025,0.539,0.426,4.11168598572605e-05,"8","Nxf1"
9.76427601140309e-09,0.597768576064587,0.545,0.453,0.000186058279397286,"8","Xrn2"
1.26042274814067e-08,0.567092418758484,0.541,0.439,0.000240173554658204,"8","Isy1"
1.79032963405835e-08,0.570007540160152,0.561,0.477,0.000341147311769819,"8","Cnot6l"
8.30619697285464e-08,0.504805395661003,0.549,0.464,0.00158274583317745,"8","Paip2"
2.00390399475886e-07,0.531116077709746,0.541,0.458,0.00381843906201301,"8","Pdcd6ip"
7.77429667014181e-07,0.524028340276619,0.559,0.485,0.0148139223049552,"8","Ubald2"
4.85096059130396e-279,6.3328480158508,0.515,0.01,9.2435054067297e-275,"9","H2-Eb1"
3.86745618755262e-248,7.11888543093758,0.532,0.009,7.36943776538151e-244,"9","H2-Aa"
3.49638761841795e-242,6.65259649253513,0.542,0.012,6.6623666068954e-238,"9","H2-Ab1"
9.27991944240587e-211,6.09853797071722,0.625,0.016,1.76828864975044e-206,"9","Cd74"
1.93688393412461e-186,2.05819311848163,0.54,0.076,3.69073233647444e-182,"9","Mki67"
1.82746413805083e-163,1.76681294844006,0.548,0.103,3.48223291505585e-159,"9","Top2a"
3.5290906078858e-161,2.34719490063186,0.561,0.075,6.72468215332638e-157,"9","Stmn1"
9.75277134416058e-151,2.21874766565597,0.542,0.1,1.8583905796298e-146,"9","H1f5"
1.23234152137523e-149,1.98939301489307,0.546,0.112,2.3482267689805e-145,"9","H2ac8"
5.87064695674293e-124,1.4478623945555,0.522,0.126,1.11865177760737e-119,"9","Ncapd2"
2.4872455097332e-86,1.56375277283007,0.536,0.169,4.73944631879661e-82,"9","Gpx1"
6.08551660900661e-77,1.38587874776788,0.724,0.325,1.15959518984621e-72,"9","Tubb5"
8.16765352411891e-76,1.36231485279699,0.639,0.258,1.55634637902086e-71,"9","H3c1"
8.19333115607836e-74,1.20915680830589,0.534,0.181,1.56123925179073e-69,"9","H2ax"
4.46218850315203e-73,1.27536139364099,0.608,0.227,8.5027001927562e-69,"9","Gm2a"
1.73999072820727e-71,0.846240772880194,0.561,0.182,3.31555233259896e-67,"9","Tmpo"
1.10453746147408e-62,0.860622359914615,0.571,0.261,2.10469613283885e-58,"9","Pik3ap1"
3.82109661629804e-61,1.00464810026008,0.518,0.192,7.28109960235592e-57,"9","Syngr2"
7.13090787652141e-61,1.14397112035248,0.511,0.203,1.35879449587115e-56,"9","Npc2"
1.81246945207823e-60,0.882275337747724,0.501,0.173,3.45366054093506e-56,"9","Lsm3"
1.14154374788699e-56,1.05620502740575,0.858,0.531,2.17521161159866e-52,"9","H1f4"
1.47995203623136e-56,0.995263762975916,0.507,0.196,2.82004860503886e-52,"9","Atp6v0c"
3.18488990700047e-56,0.878663465183664,0.522,0.215,6.0688077177894e-52,"9","Plek"
3.7557650975775e-56,1.0928644403759,0.74,0.378,7.15661039343393e-52,"9","Vim"
5.50159949495809e-56,0.733655831685657,0.569,0.226,1.04832978376426e-51,"9","Rfc2"
5.12170564407201e-54,0.828890123825588,0.528,0.201,9.75941010477921e-50,"9","Anp32e"
1.30018899728048e-52,0.82043349881854,0.781,0.394,2.47751013431795e-48,"9","Lmnb1"
1.30738146755114e-51,0.835285427068093,0.664,0.324,2.4912153864187e-47,"9","Pmaip1"
1.41743394674645e-51,0.957373377177084,0.639,0.3,2.70092038552537e-47,"9","Tuba1c"
4.79808722283235e-51,0.510761268972694,0.621,0.259,9.14275520310705e-47,"9","Dnajc9"
1.06282402425765e-48,0.534442527686366,0.513,0.209,2.02521117822296e-44,"9","Dnajb11"
1.30153170654314e-48,0.546577212288786,0.565,0.25,2.48006866681795e-44,"9","Ndufb1"
1.74429332135686e-48,0.891832642303005,0.542,0.241,3.32375092384549e-44,"9","Plac8"
3.16890267038969e-48,0.509248184951828,0.505,0.218,6.03834403842755e-44,"9","Adam17"
7.78077408044307e-48,0.908541391451936,0.74,0.4,1.48262650102843e-43,"9","Txn1"
2.50703980671046e-47,0.77096815184324,0.726,0.359,4.77716435168678e-43,"9","H2az2"
2.81318714350168e-47,0.657630756917701,0.565,0.237,5.36052810194245e-43,"9","Ciao2a"
3.21338355301647e-47,0.686370207585185,0.522,0.224,6.12310236027288e-43,"9","Snx20"
1.61947852089497e-45,0.659051432434828,0.573,0.244,3.08591632156537e-41,"9","Dnmt1"
2.41178632493206e-45,0.661562097225853,0.685,0.311,4.59565884215803e-41,"9","Cmtm7"
8.4910432935379e-45,0.569675676151052,0.608,0.278,1.61796829958365e-40,"9","Pcna"
2.05888464378129e-44,0.500943824608235,0.522,0.243,3.92320468872525e-40,"9","Ptpn6"
2.84366807423959e-44,0.80002768743892,0.551,0.287,5.41860951546354e-40,"9","Bst2"
4.53824822280111e-44,0.58992071757981,0.536,0.244,8.64763198854752e-40,"9","Calm1"
1.2428634922836e-43,0.710665487771294,0.74,0.37,2.36827638454641e-39,"9","Emp3"
1.47475322584315e-43,0.69109701210355,0.565,0.247,2.81014227184412e-39,"9","Taldo1"
1.73479673575357e-42,0.662907314027848,0.571,0.273,3.30565517997842e-38,"9","Sdcbp"
2.34064876009528e-42,0.833700197567762,0.623,0.301,4.46010621236155e-38,"9","Akr1a1"
4.81895137649849e-42,0.513461827061074,0.579,0.258,9.18251184791787e-38,"9","Tkt"
9.41733402280276e-41,0.680269325397272,0.577,0.273,1.79447299804507e-36,"9","Cbx3"
1.32360335060202e-40,0.59053807620667,0.713,0.343,2.52212618457214e-36,"9","Snrpe"
1.20370863815221e-39,0.530979389094536,0.707,0.38,2.29366680999903e-35,"9","Vamp8"
6.28570051624801e-39,0.633642520222502,0.699,0.35,1.19774023337106e-34,"9","Ybx1"
4.05933403339421e-38,0.641306141995885,0.579,0.275,7.73506100063266e-34,"9","Manf"
7.17528065633901e-38,0.660310478935801,0.751,0.405,1.3672497290654e-33,"9","H2az1"
1.11820005618551e-37,0.521398217905495,0.608,0.29,2.13073020706149e-33,"9","Psmd8"
2.86543711762237e-36,0.525839150624125,0.586,0.282,5.46009042762942e-32,"9","Ak2"
5.23451326507686e-36,0.734298969324273,0.703,0.393,9.97436502660396e-32,"9","Gdi2"
7.03703469803818e-35,2.22638072778291,0.598,0.35,1.34090696171118e-30,"9","Ighm"
3.4660484004134e-34,0.584725394079051,0.798,0.461,6.60455522698773e-30,"9","H3f3a"
5.34877162717677e-33,0.705459858958431,0.794,0.518,1.01920843355853e-28,"9","Mcl1"
8.67850020343138e-33,0.697795948373538,0.608,0.358,1.65368821376385e-28,"9","Zfp36"
1.54041501606574e-31,0.560693487376479,0.827,0.532,2.93526081311326e-27,"9","Ppia"
4.38732358988194e-31,0.60047511248006,0.701,0.4,8.36004510052004e-27,"9","Dek"
1.31660251892984e-28,0.500596877700392,0.695,0.397,2.50878609982082e-24,"9","Hsp90b1"
1.77657642626023e-28,0.575629637913851,0.872,0.643,3.38526638023888e-24,"9","Ucp2"
1.31598921297102e-25,0.522929045541022,0.874,0.617,2.50761744531628e-21,"9","Ly6e"
1.54374077598793e-152,3.1469272421502,0.649,0.159,2.94159804864501e-148,"10","S1pr1"
5.43316159605879e-136,3.50900372318809,0.507,0.099,1.035288942129e-131,"10","Actn1"
7.75465416303176e-112,2.78257920745866,0.56,0.179,1.4776493507657e-107,"10","Lef1"
7.76484623122721e-100,1.71423903190812,0.847,0.55,1.47959144936034e-95,"10","Dgka"
1.10508147022963e-99,1.92535876821693,0.811,0.461,2.10573274152256e-95,"10","Satb1"
3.05790991932002e-71,2.05010997111022,0.627,0.282,5.8268473512643e-67,"10","Rab3ip"
2.52238540033318e-70,1.86363270088333,0.542,0.217,4.80640538033487e-66,"10","Sell"
1.07507496956929e-69,1.33858001034366,0.793,0.368,2.04855535451429e-65,"10","Klf2"
1.86931480287107e-68,2.26393600017915,0.673,0.389,3.56197935687082e-64,"10","Dusp10"
5.36167422986353e-67,1.84321141304942,0.68,0.349,1.0216670245005e-62,"10","Foxp1"
7.93060183591865e-64,0.93282310692797,0.944,0.873,1.5111761798343e-59,"10","Tpt1"
1.33715586398189e-56,1.72537507367757,0.678,0.387,2.5479504988175e-52,"10","Stk38"
1.41719100080135e-52,1.26492797473638,0.747,0.478,2.70045745202696e-48,"10","Gramd3"
1.40059113323269e-45,1.25296780906171,0.738,0.54,2.66882640437489e-41,"10","Gimap6"
3.21841173141816e-45,0.762497090122973,0.942,0.837,6.1326835542173e-41,"10","Itk"
3.59924343561825e-38,0.584297984086951,0.958,0.925,6.85835836657058e-34,"10","Eef1a1"
5.68486453290573e-38,0.810392283681312,0.873,0.804,1.08325093674519e-33,"10","Clk1"
3.12540498299449e-37,1.65377287470596,0.513,0.27,5.955459195096e-33,"10","Tcp11l2"
9.51934559917464e-35,1.1138394884571,0.816,0.705,1.81391130392273e-30,"10","Vps37b"
4.44888967642694e-34,1.40727706255932,0.622,0.441,8.47735927843153e-30,"10","Atp1b3"
5.04951309529321e-30,1.00541522393329,0.689,0.55,9.62184720308121e-26,"10","Ikzf1"
4.16134858047615e-29,0.983190519158955,0.709,0.567,7.9294497200973e-25,"10","Eef1b2"
4.51276592912147e-29,1.34080671338068,0.584,0.412,8.59907547794096e-25,"10","Crlf3"
3.41975464894868e-25,1.09626492753018,0.664,0.536,6.51634248357171e-21,"10","Ablim1"
8.38414713334451e-25,1.18081126621424,0.649,0.452,1.5975992362588e-20,"10","Txnip"
2.69568105234862e-24,1.28051587282753,0.531,0.372,5.13662024525029e-20,"10","Rapgef6"
4.08823190432593e-24,1.17086774083274,0.616,0.486,7.79012589369306e-20,"10","Ppp2r5a"
6.71519997001728e-24,0.650370402245419,0.813,0.736,1.27958135428679e-19,"10","Ets1"
1.90640939508044e-23,0.756835238150289,0.8,0.691,3.63266310232579e-19,"10","Cytip"
7.02959736512156e-23,0.796200057852603,0.751,0.664,1.33948977792391e-18,"10","Stk17b"
1.31790848031369e-21,1.22435206473009,0.527,0.386,2.51127460923774e-17,"10","Grap2"
5.07624594216717e-21,1.1885881357796,0.516,0.366,9.67278664279954e-17,"10","Prkcq"
1.51432142295236e-20,0.633312215598106,0.802,0.716,2.88553947143573e-16,"10","Gimap3"
5.41405222913375e-20,0.527482586734683,0.88,0.841,1.03164765226144e-15,"10","Arhgef1"
3.00386196197776e-19,0.642166135643069,0.66,0.47,5.72385896854863e-15,"10","Emb"
1.61797568883687e-18,0.851757593968583,0.691,0.614,3.08305267507866e-14,"10","Eif1"
3.51213066162921e-16,0.902039716453669,0.622,0.536,6.69236497573446e-12,"10","Saraf"
1.40732843137818e-15,0.724425114098462,0.691,0.624,2.68166432599113e-11,"10","Cd53"
4.63035973554796e-15,0.845913149370521,0.613,0.525,8.82315047608663e-11,"10","Cdkn1b"
5.49498974272044e-15,1.15011491795336,0.529,0.41,1.04707029547538e-10,"10","Smchd1"
7.44184157608691e-15,1.00278057393865,0.553,0.444,1.41804291232336e-10,"10","Phf20l1"
1.23034544268224e-14,0.930769051594424,0.593,0.501,2.34442324103102e-10,"10","Cox7a2l"
2.6433589967178e-12,0.715312358635001,0.64,0.526,5.03692056824576e-08,"10","Mcl1"
2.81936745439201e-12,0.620294820184839,0.676,0.619,5.37230468434398e-08,"10","Macf1"
3.64277371767243e-12,0.641082964912295,0.676,0.631,6.94130531902481e-08,"10","Jak1"
4.03678657220939e-10,0.789001755442709,0.578,0.508,7.692096813345e-06,"10","Map1lc3b"
4.41343401666504e-10,0.581728868719529,0.687,0.624,8.40979851875524e-06,"10","Rack1"
6.24563156579395e-10,0.873371460352135,0.513,0.427,1.19010509486204e-05,"10","Nxf1"
3.25777561418019e-09,0.774819597491655,0.538,0.449,6.20769143282035e-05,"10","Ms4a6b"
4.5023551014089e-09,0.624786191788761,0.627,0.542,8.57923764573467e-05,"10","Ppp1r15a"
6.99724999177664e-09,0.543272064194401,0.671,0.651,0.000133332598593304,"10","Limd2"
1.3496997906768e-08,0.659722367220157,0.589,0.539,0.000257185295113464,"10","Nsd3"
1.55028486093146e-07,0.568540085863459,0.624,0.59,0.00295406780250489,"10","Prrc2c"
8.61437430948911e-07,0.659754624401568,0.558,0.5,0.0164146902467315,"10","Srsf6"
9.80168026755309e-07,0.721614606182734,0.518,0.474,0.0186771017498224,"10","Srpk1"
2.47625868218337e-06,0.613533159437501,0.602,0.588,0.0471851091890042,"10","Ube2b"
3.970919875248e-06,0.546124274019018,0.589,0.557,0.0756658782228506,"10","Rnf138"
4.23966803679286e-06,0.598092314513325,0.589,0.571,0.080786874441088,"10","Zc3hav1"
1.22697179225418e-05,0.517502290249638,0.596,0.575,0.233799475014034,"10","Fus"
1.68384396834908e-05,0.635174078825044,0.502,0.473,0.320856468168916,"10","Akap13"
1.93730927592311e-05,0.505089108628211,0.624,0.606,0.369154282527148,"10","Syf2"
3.50629265178065e-05,0.539761649229643,0.542,0.507,0.668124064796803,"10","Pik3cd"
3.74687563144175e-05,0.512167479935949,0.5,0.455,0.713967151571226,"10","Rnf125"
0.00019814997339631,0.68442667238247,0.533,0.529,1,"10","Cblb"
0.00022159046464285,0.616968791469839,0.533,0.508,1,"10","Ddx3y"
0.000357147438476335,0.518803118584772,0.527,0.525,1,"10","Naca"
3.02975197921115e-109,2.24040719149655,0.693,0.213,5.77319239638684e-105,"11","Cd7"
2.25172023610809e-74,1.50738967585461,0.86,0.423,4.29065290990396e-70,"11","Hspa1b"
1.89771887489461e-70,1.68476473346244,0.789,0.379,3.61610331611167e-66,"11","Dnajb1"
2.83553360783445e-69,1.11772302557712,0.705,0.281,5.40310928972854e-65,"11","Xcl1"
2.6923466572394e-66,1.34898153806993,0.874,0.502,5.13026655536967e-62,"11","Evl"
4.77601516701574e-63,1.81449778762679,0.64,0.256,9.1006969007485e-59,"11","Hsph1"
4.91443320404077e-55,1.58998496811919,0.558,0.22,9.36445247029969e-51,"11","Sell"
1.307828404967e-54,1.62544628892274,0.594,0.245,2.49206702566461e-50,"11","Klrd1"
8.08369811937833e-52,1.32287344093724,0.784,0.389,1.54034867664754e-47,"11","Hspa1a"
5.61161861854122e-49,1.37130154608921,0.807,0.433,1.06929392776303e-44,"11","Jun"
1.80468799804767e-46,0.971344215600419,0.874,0.586,3.43883298027984e-42,"11","Ctsw"
1.03364270966111e-40,1.09155427545149,0.833,0.556,1.96960618325924e-36,"11","Hsp90aa1"
5.76940751182442e-35,0.749779866474183,0.766,0.433,1.09936060137814e-30,"11","Ccl5"
9.41059633562406e-33,1.31530879538585,0.649,0.377,1.79318913175316e-28,"11","Klf2"
1.07844978018168e-30,1.02147216779806,0.722,0.501,2.0549860561362e-26,"11","Gimap8"
2.07136990854172e-28,1.02678871038798,0.582,0.312,3.94699536072625e-24,"11","Ikzf2"
1.42854400145096e-27,0.818615711426381,0.751,0.492,2.72209059476481e-23,"11","Ms4a4b"
1.70815189565525e-26,1.42455252012259,0.719,0.533,3.25488343717108e-22,"11","Dnaja1"
7.82539144130715e-26,1.04509652525024,0.743,0.542,1.49112833914108e-21,"11","Gimap6"
6.7831074066119e-25,1.14507677788371,0.541,0.299,1.2925211163299e-20,"11","Bcl2"
1.1717553294109e-23,0.843170681091271,0.749,0.563,2.23277978019246e-19,"11","Epsti1"
3.5881794214167e-23,1.07021703701706,0.532,0.327,6.83727588750953e-19,"11","Hspa8"
6.40149344085394e-23,0.839102934435006,0.699,0.499,1.21980457515472e-18,"11","Arhgap9"
7.28719510724225e-23,0.949287018110562,0.658,0.431,1.38857502768501e-18,"11","Cd69"
1.39457696493017e-22,0.58121410642636,0.915,0.794,2.65736640667444e-18,"11","Ptprc"
1.06191422361958e-21,0.656217419725334,0.804,0.581,2.02347755310711e-17,"11","Cd3d"
1.25325593753462e-20,0.882433558126951,0.69,0.496,2.38807918897222e-16,"11","Pdcd4"
3.73533979004646e-20,1.06974534665793,0.509,0.288,7.11768996993354e-16,"11","Fos"
5.59277940819141e-20,0.532517522214381,0.942,0.811,1.06570411623087e-15,"11","Gimap4"
3.6749553500562e-19,0.741853773457274,0.675,0.483,7.00262741953209e-15,"11","Ltb"
5.5011899041767e-19,0.868767286795272,0.561,0.366,1.04825173624087e-14,"11","Prkcq"
3.48591630636754e-18,0.750072607656175,0.687,0.503,6.64241352178336e-14,"11","Pik3cd"
5.47619399602551e-18,1.04215898702623,0.547,0.356,1.04348876594266e-13,"11","Hspd1"
9.81679361406258e-18,0.521183023732974,0.874,0.714,1.87059002315962e-13,"11","Gimap3"
3.75162393537827e-15,0.557486584145404,0.784,0.627,7.1487194088633e-11,"11","Tbc1d10c"
4.24941543918306e-15,0.938677110285283,0.503,0.318,8.09726111936331e-11,"11","Dnajc15"
1.76926793748555e-14,0.829548833623174,0.734,0.566,3.37134005487871e-10,"11","Btg2"
2.40061186741498e-14,0.569239296228007,0.722,0.557,4.57436591335924e-10,"11","Dgka"
3.36702793926168e-14,0.637990227470835,0.719,0.57,6.41587173826312e-10,"11","Rasal3"
8.61131315446734e-14,0.587354148958448,0.766,0.639,1.64088572158375e-09,"11","Acap1"
1.62171551283682e-13,0.65977365113984,0.801,0.683,3.09017890971056e-09,"11","Ubc"
2.79570452423884e-13,0.792647424953868,0.576,0.412,5.3272149709371e-09,"11","Hsp90ab1"
3.308762193401e-13,0.624752050718309,0.558,0.356,6.3048463595256e-09,"11","Fosb"
2.54301474913697e-12,0.641971903203326,0.646,0.471,4.84571460448049e-08,"11","Bcl2l11"
3.5309491002005e-12,0.604486357203641,0.667,0.537,6.72822351043206e-08,"11","Ablim1"
1.89994691001443e-11,0.621051876017268,0.746,0.637,3.62034883703251e-07,"11","Tmsb10"
9.17772490460049e-11,0.743083569769847,0.564,0.417,1.74881548057162e-06,"11","Gimap9"
1.11758285436989e-10,0.918636193475988,0.608,0.47,2.12955412900183e-06,"11","Ctla2a"
2.31120139260133e-10,0.682622422766991,0.529,0.403,4.40399425360184e-06,"11","Gramd1a"
2.33354204180777e-10,0.697433527736107,0.591,0.484,4.4465643606647e-06,"11","B4galnt1"
4.8471942522504e-10,0.518055054236646,0.716,0.618,9.23632864766314e-06,"11","Macf1"
7.397827769584e-10,0.556205409753441,0.623,0.518,1.40965608149423e-05,"11","Btg1"
8.14306570065564e-10,0.515096373626742,0.743,0.649,1.55166116925993e-05,"11","Limd2"
3.19829126405899e-09,0.500953780289714,0.614,0.485,6.0943440036644e-05,"11","Ifi203"
3.24858503765071e-09,0.842765238248001,0.503,0.374,6.19017878924342e-05,"11","Rapgef6"
9.01930424158738e-09,0.516635296934389,0.567,0.449,0.000171862842323448,"11","Ms4a6b"
2.26900950575034e-08,0.54321217776106,0.526,0.398,0.000432359761320726,"11","Sorl1"
7.17861834740237e-08,0.524541692013721,0.567,0.444,0.00136788572609752,"11","Atp1b3"
8.55437008400576e-08,0.509759683336332,0.675,0.57,0.0016300352195073,"11","Eef1b2"
1.10058726074032e-07,0.617922485214581,0.512,0.406,0.00209716902534069,"11","Eef1g"
1.29215415056129e-07,0.698716524472035,0.538,0.434,0.00246219973389454,"11","Grcc10"
6.51407660700867e-07,0.529442950880105,0.503,0.402,0.012412572974655,"11","Apobec3"
4.8739649240397e-06,0.536958850735224,0.5,0.386,0.0928734016275765,"11","Peli1"
8.22132381254076e-06,0.537004243393053,0.503,0.429,0.156657325247964,"11","Psme1"
0.000176877181267762,0.577230851497484,0.605,0.551,1,"11","Ier2"
6.3100905629268e-296,4.09501679486922,0.783,0.093,1.2023877567657e-291,"12","Ifit3"
5.25455261489914e-177,3.34812791648999,0.815,0.191,1.00125500076903e-172,"12","Isg15"
7.52303761966715e-144,3.14146379361475,0.822,0.267,1.43351481842758e-139,"12","Herc6"
5.19381820585552e-141,3.22082968425592,0.589,0.124,9.8968205912577e-137,"12","Oas3"
1.70900841482852e-137,3.41791091211397,0.736,0.197,3.25651553445574e-133,"12","Daxx"
7.35815280756246e-133,2.72198195608491,0.869,0.339,1.40209601748103e-128,"12","Rnf213"
1.2968576179266e-131,2.77856235280322,0.803,0.28,2.47116219095913e-127,"12","Zbp1"
2.32711920885585e-115,2.45687410537097,0.783,0.274,4.43432565247482e-111,"12","Irf7"
8.55591564567373e-111,2.33848497570979,0.876,0.478,1.63032972628313e-106,"12","Ifi203"
8.87990764091742e-109,2.48909046406335,0.892,0.457,1.69206640097681e-104,"12","Samhd1"
1.74703177130421e-108,2.6645940227898,0.736,0.249,3.32896904022018e-104,"12","Ifi209"
1.45766832402453e-102,2.71598262278114,0.615,0.164,2.77758699142874e-98,"12","Rtp4"
3.04233285115839e-102,2.91078644365811,0.608,0.179,5.79716524788231e-98,"12","Isg20"
5.01194858567514e-95,2.74477110931082,0.592,0.17,9.55026803000397e-91,"12","Pml"
1.86920712049638e-90,2.69630656140117,0.503,0.126,3.56177416810586e-86,"12","Dhx58"
1.17207415531301e-89,2.46134207551833,0.624,0.201,2.23338730294894e-85,"12","Xaf1"
1.81875658263585e-86,2.36891527540287,0.78,0.285,3.4656406682126e-82,"12","Bst2"
1.33042576990712e-85,2.35500528613957,0.707,0.255,2.53512630455802e-81,"12","Irgm1"
2.80661257970661e-84,2.56135280890184,0.729,0.303,5.34800027063095e-80,"12","Gbp4"
1.06387096621122e-83,2.35586282611479,0.745,0.302,2.02720612611548e-79,"12","Trafd1"
2.60561599676573e-78,2.43903845031022,0.618,0.225,4.96500128183711e-74,"12","Ifi47"
3.38029782701491e-78,2.4382039477268,0.653,0.244,6.4411575093769e-74,"12","Trim30a"
5.35317943258024e-78,2.53254486061445,0.589,0.199,1.02004834087816e-73,"12","Slfn8"
1.58831026483015e-73,2.60288766075657,0.589,0.204,3.02652520963384e-69,"12","Gbp9"
2.35906446280751e-66,2.44855183489888,0.611,0.243,4.49519733387971e-62,"12","Parp14"
2.01398274338632e-63,1.93762759633444,0.777,0.439,3.83764411752263e-59,"12","Gbp8"
1.61715825565018e-57,2.21308954262045,0.538,0.213,3.08149505614142e-53,"12","Helz2"
8.37412905571027e-56,2.22909354785622,0.561,0.221,1.59569029156559e-51,"12","Gbp7"
3.46637750103606e-50,2.0926533293638,0.586,0.264,6.6051823282242e-46,"12","Uba7"
3.88228780683905e-50,2.07598015118705,0.583,0.256,7.3976994159318e-46,"12","Stat1"
3.34343995979694e-49,1.70607169150554,0.777,0.534,6.37092484339307e-45,"12","Tapbp"
1.83733533084494e-48,1.39415088282437,0.815,0.562,3.50104247292504e-44,"12","Epsti1"
3.21902344831797e-48,0.807068056670539,0.975,0.904,6.1338491807699e-44,"12","Shisa5"
2.54555603967753e-47,2.03704815229453,0.564,0.268,4.85055703360554e-43,"12","Ifi35"
9.68624992341711e-46,2.02123164375544,0.548,0.251,1.84571492290713e-41,"12","Dtx3l"
9.59000550196904e-45,1.62377438548231,0.752,0.463,1.8273755484002e-40,"12","Slfn2"
8.31534678119596e-44,1.61818922628728,0.691,0.371,1.58448932915689e-39,"12","Ly6a"
1.27363910571998e-42,1.43454287099683,0.764,0.514,2.42691931594942e-38,"12","Usp25"
9.39580150846271e-40,1.34672677073291,0.758,0.515,1.79036997743757e-35,"12","Tap1"
2.19671130870247e-38,1.43883838893994,0.717,0.462,4.18583339873255e-34,"12","Nlrc5"
2.32842757607679e-37,1.92481464534899,0.522,0.249,4.43681874621433e-33,"12","Trim14"
5.67053457776945e-37,1.4746325685091,0.662,0.402,1.08052036379397e-32,"12","Sp100"
3.0924049322937e-35,1.32186300184106,0.736,0.493,5.89257759848564e-31,"12","Ms4a4b"
1.11531195446407e-32,1.42486394132475,0.688,0.454,2.12522692923128e-28,"12","Etnk1"
1.52516553323588e-30,1.57035723950815,0.525,0.259,2.90620292358096e-26,"12","Ifi27l2a"
1.11725392753231e-29,1.06856346061182,0.745,0.556,2.12892735891282e-25,"12","Psmb8"
9.86524909098614e-29,1.35135761706057,0.662,0.447,1.87982321428741e-24,"12","Ms4a6b"
6.51601023039324e-27,1.53176627304209,0.643,0.432,1.24162574940143e-22,"12","Cd69"
1.49721365819099e-23,1.43699047560865,0.611,0.409,2.85294062568292e-19,"12","Smchd1"
1.39543945158627e-22,1.39462089631945,0.561,0.353,2.65900987499763e-18,"12","Ccnd2"
1.52222345764158e-20,1.51580669312085,0.513,0.307,2.90059679853602e-16,"12","Socs1"
8.96319450264174e-20,1.24704324296501,0.58,0.4,1.70793671247838e-15,"12","Apobec3"
1.43315922353346e-17,1.05529637559169,0.659,0.527,2.73088490044301e-13,"12","Tap2"
9.16568909200223e-17,1.38517987792466,0.532,0.347,1.74652205648102e-12,"12","Tor1aip1"
1.6896215784824e-16,1.21814522578825,0.589,0.451,3.21957391779821e-12,"12","Ascc3"
4.01706547054428e-15,0.896624082372464,0.637,0.485,7.65451825412213e-11,"12","Ltb"
1.46777059361714e-13,1.11140383034238,0.567,0.412,2.79683686613746e-09,"12","Plaat3"
6.92220499684288e-13,0.66226032523008,0.729,0.625,1.31902616214841e-08,"12","Ly6e"
2.30222973716138e-12,1.02729706483051,0.516,0.367,4.38689876416102e-08,"12","Psmb9"
4.46130709017049e-11,0.555215753230791,0.793,0.758,8.50102066031987e-07,"12","Msn"
5.72985830443198e-11,1.02626966711473,0.525,0.392,1.09182449990951e-06,"12","Mxd1"
1.21600032677121e-10,0.901845864169412,0.532,0.408,2.31708862266255e-06,"12","Tspo"
1.36089512782881e-10,0.727891491689046,0.666,0.559,2.5931856660778e-06,"12","Arhgap30"
3.02221206350922e-10,0.879359196224539,0.592,0.432,5.75882508701682e-06,"12","Hspa1b"
2.66010138559404e-09,0.851186971200828,0.608,0.511,5.06882319024944e-05,"12","Evl"
3.13668323607846e-07,0.832855773094695,0.529,0.456,0.00597694990634751,"12","Cd47"
3.98657352377829e-07,0.608720658065013,0.672,0.625,0.00759641584955953,"12","Il2rg"
7.72566866923801e-07,0.588116098383936,0.646,0.598,0.014721261649233,"12","Ppp1r12a"
5.91063799751292e-06,0.70288156219086,0.529,0.452,0.112627207042609,"12","Vps54"
1.06208059385959e-05,0.686525502339655,0.51,0.422,0.202379457159944,"12","Nsmaf"
1.52782333867744e-05,0.705018441136769,0.51,0.429,0.291126737184985,"12","Psme1"
0.000110672608719722,0.669838035249653,0.525,0.398,1,"12","Hspa1a"
0.00107714897062006,0.524103975055525,0.503,0.459,1,"12","Cd28"
0.00195641140658666,0.54753557686988,0.567,0.54,1,"12","Nsd3"
0,4.93080139538073,0.84,0.057,0,"13","Zbtb16"
0,5.90419520181411,0.634,0.019,0,"13","Rorc"
0,7.01560499683356,0.622,0.01,0,"13","Il1r1"
0,7.41563984348106,0.584,0.014,0,"13","Blk"
0,6.57104680557687,0.508,0.009,0,"13","Il23r"
3.77924109514899e-191,4.30592325488189,0.639,0.062,7.2013439068064e-187,"13","Tmem176a"
1.44752615215678e-144,4.11742482512093,0.609,0.073,2.75826108293475e-140,"13","Tmem176b"
1.10708928096821e-106,2.6116171527221,0.79,0.217,2.10955862488492e-102,"13","Tmem64"
2.37768501194636e-87,2.21320879286938,0.84,0.345,4.5306787902638e-83,"13","Cxcr6"
5.32936134574009e-86,2.60035133122273,0.727,0.189,1.01550980443077e-81,"13","Smox"
1.34095533438004e-73,2.16285204972286,0.752,0.272,2.55519038966116e-69,"13","Furin"
4.29137604540443e-64,2.19405729315625,0.66,0.242,8.17721705451814e-60,"13","Il7r"
6.05498474384138e-64,1.96641745586466,0.866,0.47,1.15377734293897e-59,"13","Emb"
1.11632483723854e-57,1.81281892506201,0.836,0.45,2.12715697735803e-53,"13","Icos"
5.58332324547572e-57,1.72858259547889,0.866,0.486,1.0639022444254e-52,"13","Ikzf3"
9.99599793336685e-57,1.84688323840274,0.849,0.472,1.90473740620305e-52,"13","D16Ertd472e"
9.49607147158574e-52,1.54029642301339,0.832,0.404,1.80947641891066e-47,"13","S100a4"
2.81453701783439e-50,2.04777526046718,0.714,0.307,5.36310028748342e-46,"13","Irs2"
8.14342667607362e-50,1.80548492031185,0.584,0.203,1.55172995312583e-45,"13","Il18r1"
4.67050031061999e-49,1.70229865679193,0.676,0.258,8.89963834188639e-45,"13","Ero1a"
2.28018346352667e-45,1.90991420082687,0.563,0.2,4.34488958975007e-41,"13","Nr1d2"
1.48040823413626e-43,1.99538040167919,0.597,0.21,2.82091789014665e-39,"13","Man2a2"
1.61370523688044e-41,1.7310219374916,0.5,0.17,3.07491532887567e-37,"13","Ccr2"
1.98021698062192e-40,2.02247049177267,0.626,0.269,3.77330345657508e-36,"13","Dgat1"
3.72264516803799e-39,1.95102817612336,0.71,0.428,7.09350036769639e-35,"13","Cd164"
9.19884729930789e-39,1.57939647460623,0.744,0.387,1.75284035288312e-34,"13","Pde4b"
4.56079362471035e-38,1.27595189506624,0.866,0.587,8.69059225188557e-34,"13","Cd82"
8.29569402970302e-37,1.3408729250706,0.761,0.426,1.58074449735991e-32,"13","S100a6"
1.66016521008531e-36,1.16014163233185,0.882,0.579,3.16344480781757e-32,"13","Pim1"
2.93622585608384e-36,1.87681391967126,0.588,0.253,5.59497836876777e-32,"13","Nrip1"
7.62789430898297e-36,1.41635539571764,0.723,0.352,1.4534952605767e-31,"13","Tex2"
2.79504019182511e-35,1.71355031559452,0.504,0.187,5.32594908552275e-31,"13","Il12rb1"
5.54262340424548e-35,1.52459686473747,0.676,0.327,1.05614688967898e-30,"13","Znrf1"
1.01352815923648e-34,1.14109152244069,0.639,0.289,1.93127790742511e-30,"13","Il2ra"
1.79516644840911e-33,1.58695825831169,0.521,0.193,3.42068966744356e-29,"13","Gabbr1"
2.53082213614642e-32,1.33108482511508,0.681,0.339,4.82248158042701e-28,"13","Irak2"
1.72189879327425e-30,1.73900063877065,0.634,0.331,3.28107815058407e-26,"13","Eprs"
1.33757345191541e-28,1.17755554291126,0.803,0.553,2.54874621262482e-24,"13","S100a11"
3.37837623647084e-28,1.16932787357741,0.731,0.458,6.43749591859519e-24,"13","Stk24"
2.48148159340427e-27,1.35358754283914,0.761,0.496,4.72846317623183e-23,"13","Smap2"
5.21428653778961e-27,1.09587410294172,0.723,0.433,9.9358229977581e-23,"13","Itgb7"
1.97103974383233e-24,1.67889332234642,0.521,0.227,3.75581623187251e-20,"13","Ell2"
1.97138765774339e-24,1.38466013359497,0.605,0.35,3.75647918183002e-20,"13","Clint1"
4.93960086432029e-23,1.15571798043785,0.576,0.301,9.41240944696231e-19,"13","Cish"
5.48232538950347e-23,0.794812211219646,0.933,0.805,1.04465710296989e-18,"13","Srgn"
4.60548965850694e-22,1.09331263038096,0.676,0.404,8.77576054428497e-18,"13","Slc38a1"
9.59549918044904e-22,1.51500625702617,0.513,0.268,1.82842236883457e-17,"13","Mex3c"
1.10402717938425e-21,0.939570882053707,0.819,0.637,2.10372379031669e-17,"13","S100a10"
1.15250367790356e-21,1.07852197940369,0.685,0.443,2.19609575824523e-17,"13","Fosl2"
2.07572748124521e-21,1.04494865268645,0.706,0.456,3.95529871551275e-17,"13","Diaph1"
9.38796869940572e-21,1.16910448379999,0.601,0.354,1.78887743567176e-16,"13","Ncor1"
2.73716280394119e-20,1.1841428698507,0.597,0.335,5.21566372290993e-16,"13","Aebp2"
3.4422913981953e-20,1.30661362893062,0.555,0.307,6.55928625926115e-16,"13","Dap"
2.65552613013224e-19,0.984990763159824,0.697,0.469,5.06010504096698e-15,"13","Fnbp1"
4.68400449641698e-19,0.820533478492693,0.769,0.538,8.92537056792256e-15,"13","Zap70"
5.06291408523367e-19,0.706447856592121,0.87,0.7,9.64738278941276e-15,"13","Thy1"
8.36175243702093e-19,1.0595689040656,0.63,0.406,1.59333192687434e-14,"13","Med13"
4.19209737069589e-18,1.0929481585183,0.664,0.456,7.98804153986102e-14,"13","Odc1"
4.68279911381656e-18,1.23155154639694,0.504,0.27,8.92307371137746e-14,"13","Dot1l"
5.42267819401409e-18,0.978724725281529,0.508,0.262,1.03329132986939e-13,"13","Ric1"
7.47745107054137e-18,1.1233090239945,0.588,0.362,1.42482830149166e-13,"13","Oga"
1.29005465526246e-17,1.54448061560904,0.584,0.388,2.45819914560262e-13,"13","Nr4a3"
2.91882025635568e-17,1.06170373902496,0.584,0.349,5.56181199848574e-13,"13","Usp38"
5.27470272255776e-17,1.1216029506429,0.618,0.431,1.00509460378338e-12,"13","Lsp1"
5.94326809135684e-17,1.01177189358162,0.563,0.326,1.13248973480805e-12,"13","Il27ra"
6.58817639101379e-17,1.11646758938186,0.689,0.49,1.25537701130768e-12,"13","Crem"
1.97763215074617e-16,1.04239350130792,0.529,0.285,3.76837806324682e-12,"13","Rasgrp1"
3.40143064901366e-16,0.69038469157045,0.836,0.637,6.48142610169553e-12,"13","Prkar1a"
4.55002591786438e-16,1.10805278948218,0.622,0.409,8.67007438649057e-12,"13","Arih1"
7.43580004866356e-16,0.994000072971997,0.517,0.29,1.41689169927284e-11,"13","Zfp36l1"
8.94669940494731e-16,0.707610420192623,0.87,0.706,1.70479357161271e-11,"13","Vps37b"
3.74668568959005e-15,1.01441861600925,0.567,0.352,7.13930958151385e-11,"13","Nup98"
5.70319649881014e-15,0.965859228658517,0.55,0.34,1.08674409284827e-10,"13","Pfkp"
1.47682185139407e-14,1.0718968338064,0.559,0.328,2.8140840378314e-10,"13","Slc1a5"
1.90882095071894e-14,0.83535089752833,0.521,0.318,3.63725832159494e-10,"13","Rbm33"
2.05690135104828e-14,1.28834790034732,0.584,0.404,3.91942552442249e-10,"13","Foxo1"
2.55549448389138e-14,0.736780968961718,0.765,0.604,4.86949473905502e-10,"13","Mbd2"
7.04062551546927e-14,1.02772187108432,0.592,0.397,1.34159119197267e-09,"13","Tmem123"
8.16770053670849e-14,0.753942818152338,0.731,0.503,1.5563553372698e-09,"13","Kdm6b"
1.07432855981858e-13,0.704085978555754,0.605,0.387,2.0471330707343e-09,"13","Grap2"
1.59882937666772e-13,0.658036968911958,0.79,0.624,3.04656937724035e-09,"13","Ly6e"
1.7963905332916e-13,0.582285826036808,0.882,0.72,3.42302216118715e-09,"13","Gna13"
4.63330165842813e-13,0.664808818816011,0.529,0.323,8.8287563101348e-09,"13","Eeig1"
8.50476436859791e-13,0.972489989972203,0.538,0.341,1.62058285043633e-08,"13","Gpr132"
1.42740684130011e-12,0.659593753008857,0.798,0.623,2.71992373609736e-08,"13","Tnfaip3"
1.53471250313507e-12,0.671547589389565,0.706,0.501,2.92439467472387e-08,"13","Selplg"
1.84311055552562e-12,0.858077617230024,0.504,0.301,3.51204716355407e-08,"13","Septin11"
3.02371515141526e-12,0.893554221955128,0.647,0.472,5.76168922102179e-08,"13","Satb1"
5.75403873845965e-12,0.893324723992299,0.508,0.328,1.09643208161349e-07,"13","Arf4"
6.2663946214752e-12,0.619507956606848,0.761,0.604,1.1940614951221e-07,"13","Bhlhe40"
7.31429485972385e-12,0.811834998857001,0.634,0.452,1.39373888552038e-07,"13","Mier1"
7.88106213864359e-12,0.600547266986948,0.744,0.555,1.50173639051854e-07,"13","Zc3h12a"
1.20963974316601e-11,0.909818336724532,0.626,0.44,2.30496853060284e-07,"13","Isy1"
1.80538946557442e-11,0.930766984680211,0.655,0.469,3.44016962665206e-07,"13","Dnajb6"
2.25028179399408e-11,0.799107248814084,0.668,0.478,4.28791195845572e-07,"13","Nr3c1"
1.6831221103857e-10,0.548431774517556,0.756,0.603,3.20718918133995e-06,"13","Itgal"
2.08923965360239e-10,0.884325166828717,0.584,0.376,3.98104615993936e-06,"13","Ly6a"
4.2477948800214e-10,0.879808467617717,0.588,0.406,8.09417314388078e-06,"13","Hsp90b1"
5.91153324342237e-10,0.709085646377903,0.626,0.447,1.12644265953413e-05,"13","Nr4a1"
6.61393595073293e-10,0.643350083251021,0.605,0.454,1.26028549541216e-05,"13","Sec11c"
6.95266962634934e-10,0.726302832388124,0.555,0.365,1.32483119730087e-05,"13","D8Ertd738e"
1.32423028067919e-09,0.540020989179236,0.735,0.589,2.52332079983419e-05,"13","Prrc2c"
1.61430317379651e-09,0.649162141793256,0.571,0.397,3.07605469766926e-05,"13","Tax1bp1"
1.76000993627996e-09,0.517848753196458,0.739,0.566,3.35369893358146e-05,"13","Cd3e"
2.19539171455844e-09,0.852778566209565,0.546,0.359,4.18331891209111e-05,"13","Chd2"
2.46956753376754e-09,0.66702189408611,0.576,0.408,4.70576093559404e-05,"13","Ubl5"
3.01983508245872e-09,0.529319479718928,0.605,0.426,5.75429574962509e-05,"13","Septin6"
3.4199632692819e-09,0.943377035152943,0.605,0.434,6.51674000961666e-05,"13","Cd69"
5.16563501718086e-09,0.765625541180137,0.55,0.383,9.84311752523812e-05,"13","Kpna1"
8.13484643755223e-09,0.736587822923951,0.655,0.519,0.000155009498867558,"13","Dock2"
1.21770370551391e-08,0.669341211513204,0.601,0.435,0.000232033441085676,"13","Fryl"
1.86296032132297e-08,0.821731665603502,0.643,0.479,0.000354987089228091,"13","Nfkb1"
3.32036026913504e-08,0.620473073169034,0.597,0.445,0.000632694649283682,"13","Tatdn2"
4.12940130308208e-08,0.742085589264714,0.546,0.389,0.000786857418302291,"13","Ppp2ca"
4.69802952095615e-08,0.71675263606872,0.555,0.406,0.000895209525218194,"13","Hif1a"
1.36231697580406e-07,0.59210005543993,0.555,0.414,0.00259589499739463,"13","Mlec"
4.13551179443333e-07,0.518097930069244,0.613,0.453,0.00788021772429271,"13","Rnf125"
7.62662585282126e-07,0.67916911971399,0.504,0.34,0.0145325355625509,"13","Csde1"
7.86637888189973e-07,0.545424781152156,0.529,0.384,0.0149893849594599,"13","Ankrd11"
9.67935275474469e-07,0.578815017464505,0.508,0.373,0.018444006674166,"13","Spty2d1"
1.30057880140395e-06,0.577216120522665,0.626,0.486,0.0247825290607522,"13","Ltb"
2.4995053261673e-06,0.591563213832699,0.542,0.435,0.0476280739901179,"13","Arpc2"
5.02925034492938e-06,0.58444610997836,0.66,0.556,0.0958323653226293,"13","Rab8b"
5.14828179623028e-06,0.549992009982569,0.639,0.507,0.098100509627168,"13","Ddx3y"
5.32581611226493e-06,0.506340703167401,0.634,0.511,0.101483426019208,"13","Dock10"
7.89119850741366e-06,0.540458319691573,0.55,0.41,0.150366787558767,"13","Stat5b"
8.51740859670443e-06,0.577883075646523,0.622,0.48,0.162299220810203,"13","Ubl3"
0.000116482172565594,0.765216988887183,0.588,0.483,1,"13","Slc25a3"
0.000505737868254529,0.506931798033518,0.513,0.403,1,"13","Ubxn4"
0.00339508536387849,0.524864149809845,0.681,0.636,1,"13","Rgs1"
1.98844486508777e-230,5.4620686323482,0.646,0.04,3.78898169042475e-226,"14","Il17rb"
4.15685527638672e-151,4.58163691136505,0.677,0.074,7.9208877291549e-147,"14","Il1rl1"
7.30666836058594e-84,3.86118804645915,0.638,0.106,1.39228565610965e-79,"14","Areg"
2.43560601986523e-70,3.22160996862137,0.669,0.143,4.6410472708532e-66,"14","Gata3"
1.5733128423745e-57,2.65807989364314,0.843,0.29,2.9979476211446e-53,"14","Il2ra"
5.24954437398369e-50,3.01232658496073,0.622,0.156,1.00030068046259e-45,"14","Ramp3"
1.41064740278593e-39,3.06360662119158,0.74,0.277,2.6879886260086e-35,"14","Furin"
1.589343562877e-38,2.76858878803806,0.701,0.258,3.02849415906212e-34,"14","Paxbp1"
9.16566374295377e-36,2.62298744554158,0.827,0.447,1.74651722621984e-31,"14","Nr4a1"
1.29923307157539e-34,3.5236085307142,0.591,0.18,2.47568861788691e-30,"14","Hilpda"
6.15370794748898e-29,1.68088181907274,0.882,0.582,1.17258904939403e-24,"14","Pim1"
1.05485707304238e-28,2.18369733946986,0.811,0.479,2.01003015268225e-24,"14","Nfkb1"
2.85694014452349e-28,2.47558219321459,0.693,0.312,5.44389944538952e-24,"14","Irs2"
1.21938156730832e-27,1.4574140494975,0.929,0.603,2.323531576506e-23,"14","Bhlhe40"
6.46436937501103e-26,1.84611738137358,0.764,0.445,1.23178558440835e-21,"14","Fosl2"
8.25229259381143e-26,2.03079460209747,0.78,0.437,1.57247435375077e-21,"14","Irf2bp2"
3.46014839314585e-25,2.35074444984471,0.622,0.263,6.59331276313941e-21,"14","Ero1a"
1.16420217187674e-24,1.75395106938513,0.606,0.247,2.21838723851113e-20,"14","Il7r"
1.37435815346997e-24,2.22338433362594,0.583,0.232,2.61883946143703e-20,"14","Aff4"
2.13388286322454e-24,1.7638336790541,0.803,0.402,4.06611379587436e-20,"14","Nfkbiz"
7.64911842315276e-24,2.30034806045613,0.559,0.217,1.45753951553176e-19,"14","Niban1"
2.79355532342568e-23,1.46926093534711,0.827,0.565,5.32311966878763e-19,"14","Sik1"
9.05598591192618e-23,2.60243001006721,0.504,0.149,1.72561811551753e-18,"14","Lilrb4a"
1.04399061227138e-22,2.22599558286493,0.551,0.23,1.98932411168312e-18,"14","Gpr65"
4.91952159709765e-22,1.78720137981038,0.795,0.521,9.37414840326958e-18,"14","Rgs2"
4.92142967295866e-22,1.94980791419538,0.559,0.226,9.37778424182272e-18,"14","Tmem64"
1.11868529078702e-21,1.15542784803997,0.969,0.839,2.13165482159467e-17,"14","Itk"
2.22671310417854e-20,1.57814507394269,0.78,0.489,4.2430018200122e-16,"14","Jak2"
2.63412348610534e-20,1.77090249997702,0.701,0.38,5.01932230277372e-16,"14","Nfkbia"
3.91227693800928e-20,1.04654205385665,0.937,0.806,7.45484370537668e-16,"14","Srgn"
6.10805449177725e-20,1.45809018097929,0.764,0.461,1.16388978340815e-15,"14","Ifrd1"
1.00496957821648e-19,1.62663105895611,0.795,0.505,1.91496953129151e-15,"14","Kdm6b"
2.01619512475902e-19,2.15351789615316,0.606,0.291,3.84185981022832e-15,"14","Zfp36l1"
4.62931025388218e-19,1.59068059543104,0.748,0.479,8.82115068877249e-15,"14","Nr3c1"
1.20303392820778e-18,1.61834668915943,0.606,0.304,2.29238115019992e-14,"14","Cish"
1.25526358639875e-18,2.22385717215695,0.543,0.24,2.39190476388281e-14,"14","Nfkbid"
1.75662731654922e-18,1.14614848190311,0.811,0.474,3.34725335168453e-14,"14","Emb"
4.56490079086253e-18,1.96573869759346,0.52,0.224,8.69841845698856e-14,"14","Samsn1"
4.81698700348139e-18,1.60768504042856,0.661,0.352,9.17876873513378e-14,"14","Cxcr6"
9.11531104950854e-17,2.1291765953647,0.535,0.256,1.73692252048385e-12,"14","Nrip1"
1.84131236757376e-16,1.21784152696047,0.803,0.624,3.5086207164118e-12,"14","Tnfaip3"
3.32025463260888e-16,1.78104044036388,0.535,0.199,6.32674520243623e-12,"14","Kctd12"
1.63774528286754e-15,1.16484076206996,0.882,0.679,3.1207236365041e-11,"14","Dusp5"
1.64468668565622e-15,1.98916763890456,0.567,0.272,3.13395047951793e-11,"14","Dot1l"
2.2653338537643e-15,1.75804654949013,0.63,0.34,4.31659365834787e-11,"14","Gadd45b"
4.05780665555122e-15,1.06765873624964,0.787,0.557,7.73215058215285e-11,"14","Zc3h12a"
5.68215726385983e-15,1.57361014133791,0.693,0.472,1.08273506662849e-10,"14","Ctla2a"
3.04067424707928e-14,1.99348494505603,0.654,0.359,5.79400477780956e-10,"14","Fosb"
5.44434670825271e-14,1.29897765615473,0.78,0.587,1.03742026525755e-09,"14","Id2"
1.07174999224688e-13,1.96676257524397,0.52,0.27,2.04221961022643e-09,"14","Mex3c"
3.30201924576012e-13,1.53190682952634,0.606,0.37,6.29199767279591e-09,"14","Itgav"
5.82615141370278e-13,1.53082271289389,0.583,0.342,1.11017315188106e-08,"14","Tspan13"
1.90248732069968e-12,1.23344798881439,0.701,0.482,3.62518958959323e-08,"14","Slc25a3"
2.84683298288266e-12,1.3000265603632,0.701,0.465,5.42464024888292e-08,"14","Ivns1abp"
4.10894235612006e-12,1.29215266934915,0.701,0.492,7.82958965958678e-08,"14","Crem"
4.46088419906344e-12,1.95219714441968,0.606,0.39,8.50021484131538e-08,"14","Nr4a3"
5.3830318722281e-12,1.23782593560083,0.693,0.458,1.02573672325306e-07,"14","Odc1"
6.30295178505063e-12,1.81193422626629,0.591,0.373,1.2010274626414e-07,"14","Spty2d1"
6.42753292583591e-12,1.28667075865452,0.693,0.456,1.22476639901803e-07,"14","Icos"
2.22053430332349e-11,1.61038595223284,0.543,0.335,4.23122811498291e-07,"14","Eprs"
3.12348210043514e-11,1.44196172316766,0.598,0.363,5.95179514237915e-07,"14","Birc3"
6.15999093254932e-11,1.1616320032267,0.843,0.739,1.17378627219727e-06,"14","Fam107b"
3.82356026260289e-09,1.30022914470076,0.512,0.325,7.28579408038981e-05,"14","Eeig1"
6.74302690033021e-09,0.884284224851813,0.756,0.545,0.000128488377585792,"14","Skil"
7.71628506456363e-09,0.953556439198548,0.843,0.703,0.00014703381190526,"14","Junb"
1.38808631494252e-08,0.632522935687819,0.866,0.722,0.000264499847312298,"14","Gna13"
1.99812253714374e-08,0.948593734608984,0.732,0.592,0.000380742249452739,"14","Cd82"
3.48717440832655e-08,1.28788597414098,0.535,0.348,0.000664481083506625,"14","Rcsd1"
5.53232002465602e-08,1.1961483831075,0.591,0.408,0.00105418358069821,"14","Slc38a1"
8.93813890923436e-08,1.28556162615171,0.614,0.493,0.00170316236915461,"14","Ikzf3"
1.01741309873732e-07,0.707511571250951,0.74,0.64,0.00193868065964397,"14","Ddx5"
2.36137353338612e-07,0.992119512673133,0.535,0.358,0.00449959726786725,"14","Tex2"
2.5353455402027e-07,1.1490749411327,0.559,0.4,0.00483110092685625,"14","Sorl1"
2.79673436230899e-07,0.995446172864763,0.575,0.442,0.00532917732737979,"14","Isy1"
3.1568258668964e-07,1.34131723031846,0.52,0.343,0.00601533168937108,"14","Gpr132"
3.8753530999602e-07,1.54805840224232,0.551,0.392,0.00738448533197415,"14","Nabp1"
4.24589202305733e-07,0.926931696433642,0.606,0.434,0.00809054724993575,"14","Man1a"
4.73201901097225e-07,0.906572216199923,0.661,0.473,0.00901686222540761,"14","Satb1"
2.45312620287062e-06,0.937586710587159,0.63,0.494,0.0467443197956996,"14","Sod1"
5.14889749588745e-06,0.676974296276703,0.748,0.593,0.0981122417841354,"14","Serinc3"
9.47597703184302e-06,0.998168764311413,0.52,0.367,0.180564742341769,"14","Itm2c"
1.12167496091422e-05,0.93613113941566,0.591,0.478,0.213735163802204,"14","D16Ertd472e"
2.26991303358757e-05,0.635966167253658,0.709,0.571,0.432531928550111,"14","Zc3hav1"
8.48487704026033e-05,0.838446546911982,0.598,0.473,1,"14","Fnbp1"
0.000145443781181094,0.511168214092685,0.661,0.519,1,"14","Btg1"
0.00016628066473371,0.657322438234294,0.614,0.475,1,"14","Ccnl1"
0.000214584179516122,0.762758379108844,0.535,0.411,1,"14","Rel"
0.000844161587936621,0.557948783966883,0.819,0.776,1,"14","Jund"
0.000944563490169708,0.610973886575587,0.543,0.438,1,"14","Itgb7"
0.00103577428869783,0.500014144402915,0.78,0.739,1,"14","Ets1"
0.00174862181384765,0.707612407049527,0.512,0.413,1,"14","Arih1"
0.002161621212256,0.522163319347363,0.78,0.709,1,"14","Vps37b"
0.00217602290930271,0.826285346053182,0.535,0.441,1,"14","Ppp1r16b"
0.00230871311357626,0.719055648790789,0.512,0.41,1,"14","Ago2"
0.00301546352654379,0.661818221290608,0.598,0.508,1,"14","Ddx3y"
0.00622462180037635,0.909436055675104,0.528,0.465,1,"14","Elf1"
0.00960109491392083,0.72699514573304,0.52,0.427,1,"14","Nfkb2"
