"p_val","avg_log2FC","pct.1","pct.2","p_val_adj","cluster","gene"
4.3748709891927e-42,1.09991938510161,0.078,0.122,8.33631666990669e-38,"0","Calm3"
5.22922622843498e-40,0.90792140114879,0.091,0.133,9.96429057828286e-36,"0","Qki"
1.42889548630959e-36,0.683175954601739,0.08,0.188,2.72276034916293e-32,"0","Dctn1"
2.55176630152633e-34,0.549677883849278,0.09,0.204,4.86239068755841e-30,"0","Ctnnb1"
9.37808871156117e-34,0.503946507856433,0.07,0.167,1.78699480398798e-29,"0","Trp53inp2"
2.58330962649472e-32,0.749310750347856,0.874,0.694,4.92249649328569e-28,"0","Cacnb3"
4.73656851618319e-32,0.690056774838639,0.068,0.125,9.02553130758706e-28,"0","Zranb1"
6.51482839215014e-32,0.8740760934848,0.123,0.244,1.24140055012421e-27,"0","Rnf187"
7.96765876381309e-30,0.733277270474122,0.044,0.113,1.51823737744458e-25,"0","Tbc1d9b"
6.55277381210643e-29,0.536854311629334,0.11,0.233,1.24863104989688e-24,"0","Abhd12"
2.55569328467412e-28,0.516447141348554,0.148,0.296,4.86987355394653e-24,"0","Skp1"
1.99962548826762e-26,0.531738039348969,0.118,0.261,3.81028636789394e-22,"0","Mgrn1"
2.0884821835031e-26,0.669626418036389,0.057,0.132,3.97960280066515e-22,"0","Bmpr2"
7.4092955675095e-25,0.526792679928478,0.104,0.237,1.41184127038894e-20,"0","Txndc11"
1.02964869220568e-24,0.579052631420484,0.061,0.171,1.96199558299793e-20,"0","Ndufb8"
3.21584452321699e-24,0.64327450609197,0.154,0.305,6.12779173898998e-20,"0","R3hdm2"
5.09249163587662e-24,1.1025587653806,0.12,0.18,9.70374281216289e-20,"0","Sptan1"
6.72845496991893e-24,1.23816617093911,0.065,0.102,1.28210709451805e-19,"0","Selenow"
9.34518014968101e-24,0.714193147770791,0.102,0.201,1.78072407752172e-19,"0","Cdk19"
1.45964876614187e-23,0.517529370864186,0.161,0.382,2.78136072388334e-19,"0","Ssr3"
3.29281839163584e-23,0.589727602705059,0.086,0.205,6.27446544526209e-19,"0","Atxn7l3"
4.15429421885529e-23,0.548000991558493,0.097,0.253,7.91600763402875e-19,"0","Usf2"
4.79387716010151e-23,0.646172711329583,0.113,0.261,9.13473292857342e-19,"0","Clip1"
1.18322134320058e-22,0.531260925628848,0.126,0.301,2.25462826946871e-18,"0","Hdgfl2"
1.7795505917155e-22,0.572570879222884,0.145,0.307,3.39093365251389e-18,"0","Ago1"
2.7290115907074e-22,0.505677391583112,0.106,0.248,5.20013158609294e-18,"0","Ccdc124"
3.73650888890261e-22,0.612453596948676,0.109,0.264,7.11991768780392e-18,"0","Ube3a"
4.41995644677692e-22,0.601987848249673,0.073,0.152,8.42222700933341e-18,"0","Ckap5"
4.93530230352938e-22,0.874173060957663,0.122,0.233,9.40421853937524e-18,"0","Csnk1g2"
5.58765363899031e-22,0.545931220077833,0.061,0.152,1.0647274009096e-17,"0","Uqcc2"
6.79926240790062e-22,0.512166156160026,0.104,0.269,1.29559945182546e-17,"0","Larp4b"
1.12703496210538e-21,0.609423884292,0.116,0.274,2.1475651202918e-17,"0","Spg7"
1.16025432847633e-21,0.605085267317387,0.073,0.213,2.21086462291165e-17,"0","Ndufb5"
1.39641800656128e-21,0.617912420328799,0.049,0.146,2.66087451150252e-17,"0","Atxn10"
1.40651525489061e-21,0.52968567907632,0.081,0.211,2.68011481819405e-17,"0","Drap1"
2.983829534099e-21,0.511495772620061,0.093,0.241,5.68568717722564e-17,"0","Brd8"
4.04277529391231e-21,0.51877292367546,0.08,0.222,7.70350832254992e-17,"0","Trrap"
5.85959221632602e-21,0.581531630022027,0.103,0.204,1.11654529682092e-16,"0","Tcn2"
6.06772683476905e-21,0.511614408919296,0.129,0.298,1.15620534836524e-16,"0","Fam193b"
6.39989636592353e-21,0.520199659189005,0.128,0.294,1.21950025252673e-16,"0","Exoc4"
8.64646201105944e-21,0.695091569963968,0.115,0.223,1.64758333620738e-16,"0","Myo5a"
1.03731100181722e-20,0.532833534182721,0.038,0.122,1.97659611396272e-16,"0","Ptpa"
1.98584250471205e-20,0.628832329459888,0.096,0.216,3.78402289272881e-16,"0","Rab28"
2.06619156844307e-20,0.506987808573581,0.057,0.17,3.93712803366827e-16,"0","Chmp3"
2.12001420348887e-20,0.57895337894011,0.141,0.303,4.03968706474804e-16,"0","Adam9"
2.22186585323371e-20,0.505644489849483,0.123,0.3,4.23376538333684e-16,"0","Zfp131"
2.81110250927235e-20,0.504767757716491,0.041,0.132,5.35655583141846e-16,"0","Acp1"
3.24859977735632e-20,0.517983275886998,0.08,0.211,6.19020687575247e-16,"0","Wbp2"
3.29513849854502e-20,0.584283018887514,0.134,0.309,6.27888640897754e-16,"0","Zc3h4"
3.8164885097804e-20,0.540522144337143,0.061,0.156,7.27231885538656e-16,"0","Nck1"
4.0797955443824e-20,0.711280107446756,0.155,0.303,7.77405040982067e-16,"0","Mtdh"
4.62411270023394e-20,0.568489181359399,0.083,0.21,8.81124675029578e-16,"0","Ints1"
4.87433577058842e-20,0.698884033695908,0.083,0.191,9.28804681085624e-16,"0","Retreg2"
4.9182961502645e-20,0.603462597828132,0.086,0.185,9.37181331432901e-16,"0","Cdc37l1"
5.1783632061995e-20,0.555757057879473,0.149,0.328,9.86737108941315e-16,"0","Ubr4"
5.66136494828461e-20,0.749563172864939,0.091,0.172,1.07877309089563e-15,"0","Gnl1"
8.48638751847151e-20,0.620639294829706,0.089,0.21,1.61708114164475e-15,"0","Fxr2"
9.13287293074259e-20,0.515680788181312,0.081,0.215,1.740268936953e-15,"0","Ndufb6"
1.45086161741172e-19,0.523574094048258,0.134,0.317,2.76461681197803e-15,"0","Dctn4"
1.90271582382263e-19,0.782984077343932,0.192,0.349,3.62562500229403e-15,"0","Suds3"
1.9543507165541e-19,0.617714839082296,0.151,0.343,3.72401529039384e-15,"0","Patl1"
2.26474589722942e-19,0.607593459878144,0.171,0.367,4.31547330717066e-15,"0","Rbck1"
2.37320763181254e-19,0.541269078072926,0.077,0.137,4.52214714241879e-15,"0","Pdxk"
2.87392532032264e-19,0.512690427493157,0.096,0.248,5.47626469787479e-15,"0","Smarcad1"
4.53769826107014e-19,0.520696338277838,0.081,0.219,8.64658403646914e-15,"0","Iws1"
5.46928484258021e-19,0.703496046876797,0.158,0.343,1.04217222675366e-14,"0","Dap3"
6.27309248113238e-19,0.532558101698886,0.122,0.25,1.19533777227978e-14,"0","Rab12"
7.17631790568654e-19,0.610957749310873,0.071,0.182,1.36744737692857e-14,"0","St13"
7.6770495467112e-19,1.04070061201223,0.168,0.228,1.46286179112582e-14,"0","Mprip"
8.06262763751189e-19,0.644442355810366,0.123,0.278,1.53633369632789e-14,"0","Ccng1"
1.12353234138604e-18,0.543486012599571,0.131,0.31,2.1408908765111e-14,"0","Ercc3"
1.26707938176047e-18,0.577569218707939,0.093,0.232,2.41441976194458e-14,"0","Vapa"
1.3180745949031e-18,0.715043221343899,0.115,0.265,2.51159114058786e-14,"0","Rbm33"
1.54751713350936e-18,0.506962211278964,0.104,0.245,2.94879389790208e-14,"0","Foxn3"
1.77202527704445e-18,0.619810690112016,0.134,0.3,3.37659416540821e-14,"0","Atp9b"
1.84220785891859e-18,1.24389811429953,0.086,0.111,3.51032707516937e-14,"0","Inpp4a"
2.08101910489292e-18,1.19449314781779,0.164,0.223,3.96538190437346e-14,"0","Arf3"
2.08117310848694e-18,0.539675950940956,0.132,0.291,3.96567535822187e-14,"0","Atf2"
2.33989278851051e-18,0.695749234086597,0.075,0.172,4.45866570850677e-14,"0","Camk2d"
2.36190101525699e-18,0.519619389005661,0.048,0.148,4.5006023845722e-14,"0","Gnaq"
2.71805610355947e-18,0.504422204134917,0.054,0.165,5.17925590533258e-14,"0","Copg2"
2.73633161301694e-18,0.520582506906585,0.104,0.268,5.21407988860377e-14,"0","U2surp"
2.99354422420747e-18,0.506523020816325,0.068,0.192,5.70419851922734e-14,"0","Napa"
3.01159054422392e-18,0.690350570055496,0.165,0.291,5.73858578201868e-14,"0","R3hdm4"
3.14705477716275e-18,0.592980328315974,0.096,0.213,5.99671287788361e-14,"0","Gabarapl2"
3.61352802789697e-18,0.604237390144372,0.139,0.292,6.88557765715767e-14,"0","Lpin2"
3.63784243147154e-18,0.616250872982895,0.104,0.247,6.93190875316903e-14,"0","Snf8"
3.64845506026883e-18,0.596860174033333,0.091,0.233,6.95213111734226e-14,"0","Ube2g1"
3.93089589556025e-18,0.624964231904267,0.081,0.192,7.49032212899006e-14,"0","Fnta"
4.00484754156975e-18,0.590451161316847,0.168,0.367,7.63123699046117e-14,"0","Pphln1"
4.16567091494726e-18,0.704590766376637,0.061,0.158,7.93768592843201e-14,"0","Dynlt3"
4.50339148039839e-18,0.627033857573693,0.064,0.164,8.58121246589913e-14,"0","Spsb3"
4.67616264369445e-18,1.30754228496681,0.102,0.151,8.91042791755977e-14,"0","Mecp2"
5.13618006124222e-18,0.656603632573492,0.1,0.207,9.78699110669704e-14,"0","Ip6k1"
6.77097583795038e-18,0.746475843902275,0.093,0.227,1.29020944592144e-13,"0","Zfp62"
8.50090480315435e-18,0.54456045006262,0.062,0.159,1.61984741024106e-13,"0","Gps1"
1.07691726312465e-17,0.680671676424654,0.242,0.407,2.05206584488401e-13,"0","Camta2"
1.42401554849512e-17,0.574370559925208,0.136,0.295,2.71346162765746e-13,"0","Snrnp27"
1.60007024398848e-17,0.722622138565782,0.193,0.391,3.04893384992006e-13,"0","Arid2"
1.60949869508063e-17,0.825475036170979,0.089,0.166,3.06689976347613e-13,"0","Cept1"
1.94415419811011e-17,0.6121631046363,0.057,0.159,3.70458582449882e-13,"0","Sae1"
2.08464078214704e-17,0.53098151421958,0.051,0.168,3.97228301038119e-13,"0","Zfp330"
2.65631000278241e-17,0.892796973198565,0.081,0.144,5.06159871030189e-13,"0","Tnpo2"
2.6728747006955e-17,0.572128641560633,0.163,0.342,5.09316274217527e-13,"0","Dnm1l"
3.12953615911393e-17,0.534977954313484,0.06,0.173,5.9633311511916e-13,"0","Dmac2"
3.16984951705589e-17,0.831941571250489,0.193,0.314,6.04014825475e-13,"0","Bin1"
4.40199436516755e-17,0.780986890875328,0.093,0.215,8.38800026282677e-13,"0","Zbtb7a"
4.46123358639911e-17,0.562500696511549,0.115,0.283,8.5008805988835e-13,"0","Ankrd44"
4.6552155792294e-17,0.660350816330037,0.21,0.432,8.87051328622162e-13,"0","Stxbp2"
5.50542230349474e-17,1.26561302368579,0.073,0.112,1.04905821993092e-12,"0","Taok2"
5.68711346041427e-17,0.600473280670366,0.1,0.207,1.08367946988194e-12,"0","Stk25"
6.75199532557526e-17,0.784437245185931,0.055,0.115,1.28659270928837e-12,"0","Kctd13"
7.21345867404518e-17,0.584493258087371,0.097,0.214,1.37452455033931e-12,"0","Stub1"
7.47884989309662e-17,0.544846300447773,0.206,0.414,1.42509484712956e-12,"0","Stx16"
7.55124913405208e-17,0.664877155060467,0.102,0.226,1.43889052249362e-12,"0","Mkln1"
7.72507749474227e-17,0.532255328910286,0.148,0.314,1.47201351662314e-12,"0","Creb1"
8.55495830552475e-17,0.507425856092131,0.094,0.236,1.63014730511774e-12,"0","Ccz1"
9.5986692527682e-17,0.614066210171842,0.119,0.271,1.82902642611498e-12,"0","Pcnx3"
1.2011721250754e-16,0.606794073889845,0.128,0.278,2.28883348433118e-12,"0","Eapp"
1.21049357756078e-16,0.612324450069299,0.149,0.331,2.30659551204207e-12,"0","Cntrl"
1.2529425183842e-16,0.701903219473929,0.205,0.425,2.3874819687811e-12,"0","Rbm25"
1.30376152237816e-16,0.619953577846081,0.19,0.372,2.48431758089159e-12,"0","Hp1bp3"
1.32263143240046e-16,0.624669623880432,0.055,0.162,2.52027419443908e-12,"0","Ociad1"
1.42700047704544e-16,0.556281717179428,0.057,0.157,2.7191494090101e-12,"0","Usp33"
1.46807220272721e-16,0.528554826889846,0.149,0.341,2.7974115822967e-12,"0","Traf2"
1.50008103414471e-16,0.560116523486606,0.057,0.159,2.85840441056274e-12,"0","Rnf126"
1.6373908082917e-16,0.501239074756716,0.087,0.224,3.12004818519983e-12,"0","Mbtps1"
1.88447419359979e-16,0.556689432114518,0.147,0.307,3.5908655759044e-12,"0","Srsf4"
2.13020064118761e-16,0.604186958570172,0.126,0.249,4.059097321783e-12,"0","Aplp2"
2.19600001239346e-16,0.509802635331477,0.078,0.203,4.18447802361573e-12,"0","Ift140"
2.3935940137386e-16,0.623491716985879,0.141,0.3,4.5609933931789e-12,"0","Aff4"
2.51339550400639e-16,0.63180293727837,0.042,0.123,4.78927513288417e-12,"0","Utrn"
2.70976238924273e-16,1.20189485070661,0.103,0.12,5.16345223270203e-12,"0","Dynll2"
2.75483322013845e-16,0.539954285984934,0.192,0.4,5.24933470097382e-12,"0","Gpcpd1"
2.99195238504206e-16,0.554384748657865,0.123,0.295,5.70116526969765e-12,"0","Bmt2"
2.99296062177472e-16,0.819966419326637,0.158,0.313,5.70308646479173e-12,"0","Setd3"
3.03181974768445e-16,0.518107811918757,0.222,0.456,5.77713252921271e-12,"0","Tafazzin"
3.03669537197888e-16,0.693225703799481,0.058,0.162,5.78642303130576e-12,"0","Mysm1"
3.17027419110556e-16,0.668466784627117,0.109,0.245,6.04095747115165e-12,"0","Anks3"
3.178775346038e-16,0.609002131670309,0.142,0.319,6.05715642187542e-12,"0","Exoc1"
3.42593646563875e-16,0.64344678415388,0.09,0.223,6.52812193527463e-12,"0","Rnf34"
3.45433088466098e-16,0.509068709861665,0.16,0.346,6.58222750072150e-12,"0","Kmt2a"
3.61623844066697e-16,0.530371274858364,0.122,0.286,6.89074234869091e-12,"0","Mcm9"
3.90193741883201e-16,0.544483550640708,0.074,0.192,7.4351417515844e-12,"0","Usp34"
3.92473373810513e-16,0.663111947160593,0.173,0.363,7.47858013795932e-12,"0","Srsf10"
4.35862173608497e-16,0.674460305754109,0.046,0.139,8.30535371810992e-12,"0","Ppp2r5d"
4.6802884125746e-16,0.711721440726962,0.048,0.14,8.9182895701609e-12,"0","Cnpy2"
4.85650302947228e-16,1.08205557335221,0.126,0.214,9.25406652265944e-12,"0","Luc7l3"
4.98164166310197e-16,0.526962126940925,0.115,0.259,9.49251818904081e-12,"0","Wdr48"
5.57450544940721e-16,0.591720831038268,0.071,0.19,1.06222201338454e-11,"0","Zzef1"
5.61500951742782e-16,0.775163509513311,0.176,0.339,1.06994006354587e-11,"0","Usp8"
6.12194681377358e-16,1.13512466979812,0.061,0.111,1.16653696536455e-11,"0","Trim44"
6.29538327840569e-16,1.21644895417257,0.078,0.137,1.19958528370021e-11,"0","Maz"
6.47003203929914e-16,0.628991267903111,0.042,0.116,1.23286460508845e-11,"0","Gfm1"
6.6629060489996e-16,0.525479188163266,0.071,0.196,1.26961674763687e-11,"0","Gabpb2"
7.1382377227483e-16,0.692525555786806,0.084,0.197,1.36019119806969e-11,"0","Thoc7"
7.66788754262375e-16,0.823940514813216,0.068,0.164,1.46111597124696e-11,"0","Ube3c"
7.80027984342364e-16,0.726040222491215,0.103,0.21,1.48634332416438e-11,"0","Myo18a"
8.65674086916364e-16,0.557586553869495,0.074,0.204,1.64954197261913e-11,"0","Smarcb1"
8.72188100411653e-16,0.574217922604685,0.093,0.217,1.6619544253344e-11,"0","Wasl"
1.02086571648657e-15,0.570868670533487,0.067,0.176,1.94525962276515e-11,"0","Brd1"
1.11827218585376e-15,0.655541442641667,0.055,0.157,2.13086765014434e-11,"0","Entr1"
1.17920236865319e-15,0.508102905918188,0.065,0.196,2.24697011346865e-11,"0","Commd7"
1.20443109152539e-15,0.571083599501583,0.184,0.365,2.29504344490163e-11,"0","Rnf40"
1.36399222424887e-15,0.780728704565246,0.158,0.286,2.59908718330622e-11,"0","Ash1l"
1.45606076541394e-15,0.533474548512529,0.18,0.362,2.77452378849626e-11,"0","Spop"
1.4998607847343e-15,0.714682534113919,0.2,0.399,2.85798472531121e-11,"0","Pnisr"
1.57343811211183e-15,0.52075917374805,0.126,0.279,2.9981863226291e-11,"0","Kmt2b"
1.69278087157131e-15,0.52641637543929,0.049,0.121,3.22559395077913e-11,"0","Dgke"
1.93619908898087e-15,0.541772000719737,0.097,0.24,3.68942736405304e-11,"0","Atad2b"
2.32447238318358e-15,0.519018769286556,0.061,0.163,4.42928212615631e-11,"0","Myo9a"
2.35016949781051e-15,0.623424810494858,0.058,0.169,4.47824797807793e-11,"0","Traf7"
2.45355863915067e-15,0.6091433982881,0.102,0.219,4.6752559869016e-11,"0","Pdcd5"
2.4960378466595e-15,0.560688857268487,0.186,0.365,4.75620011680968e-11,"0","Plcl2"
2.63055085285108e-15,0.658879591721565,0.126,0.277,5.01251465010773e-11,"0","Zfp445"
2.73347516899131e-15,0.529382924011511,0.176,0.368,5.20863693451295e-11,"0","Rbbp8"
3.03707258475009e-15,0.529889135662428,0.054,0.145,5.7871418102413e-11,"0","Med22"
3.1256705717238e-15,0.61559611933027,0.042,0.12,5.9559652744197e-11,"0","Herc3"
3.30834495181706e-15,0.592497896394436,0.173,0.386,6.30405130568741e-11,"0","Arrdc1"
3.41576068522139e-15,0.665321433273533,0.229,0.442,6.50873198568936e-11,"0","Ptbp2"
3.47938905363155e-15,0.563050885918599,0.048,0.13,6.62997584169492e-11,"0","Pcnx"
3.71421489039683e-15,0.731229298450372,0.152,0.294,7.07743647365115e-11,"0","Rab3ip"
3.7946981377402e-15,0.573258105625375,0.06,0.155,7.23079730146395e-11,"0","Rai1"
3.85396500205828e-15,0.511830947952176,0.176,0.377,7.34373031142205e-11,"0","Tbc1d10c"
4.08520896820947e-15,0.649396985996263,0.104,0.21,7.78436568892314e-11,"0","Kctd2"
4.10363754965614e-15,0.657712549508127,0.202,0.389,7.81948135086977e-11,"0","Ilk"
4.24535680022637e-15,0.745999120584411,0.086,0.156,8.08952738283136e-11,"0","Vcl"
4.24738507891638e-15,1.04700782805389,0.054,0.107,8.09339226787516e-11,"0","Rab31"
4.36509014044999e-15,0.53449596273299,0.081,0.227,8.31767926262746e-11,"0","Dcp1a"
4.48835523377947e-15,0.590852342527937,0.041,0.12,8.55256089796678e-11,"0","Med14"
5.27389515865187e-15,0.921089823624135,0.067,0.143,1.00494072248111e-10,"0","Nr2c2"
5.44031243748075e-15,0.59661188667459,0.125,0.259,1.03665153496196e-10,"0","St3gal3"
5.64836156671313e-15,0.660549751054526,0.213,0.411,1.07629529653719e-10,"0","Stx4a"
5.72550154528606e-15,0.508012603806939,0.07,0.191,1.09099431945426e-10,"0","Phf1"
5.75006569353659e-15,0.61375517324857,0.086,0.206,1.0956750179034e-10,"0","Acap2"
6.04281725639104e-15,0.599429520358514,0.225,0.429,1.15145882820531e-10,"0","Hbp1"
6.15695036048577e-15,0.569329795445121,0.083,0.2,1.17320689119056e-10,"0","Dnajc4"
6.53632701761687e-15,0.777897059626563,0.06,0.114,1.24549711320689e-10,"0","Lrp6"
6.58566991816564e-15,0.854879991664292,0.165,0.292,1.25489940290646e-10,"0","Tcf25"
6.66528494133199e-15,0.577327638657443,0.106,0.24,1.27007004557081e-10,"0","Galnt7"
6.70615418673235e-15,0.709584140158819,0.119,0.22,1.27785768028185e-10,"0","Gabarapl1"
7.48068309440295e-15,0.502270317757349,0.078,0.196,1.42544416363848e-10,"0","Eif4enif1"
7.63230983170968e-15,0.652338553016408,0.067,0.169,1.45433663843228e-10,"0","Pofut2"
7.87733936627445e-15,0.539773863188107,0.09,0.145,1.5010270162436e-10,"0","Hmgcs1"
8.05285469912531e-15,0.676995758300555,0.038,0.123,1.53447146291833e-10,"0","Gart"
8.10877191478778e-15,0.601886096114996,0.107,0.24,1.54512648836281e-10,"0","Zgpat"
8.16383759712001e-15,0.860862661407522,0.103,0.205,1.55561925413122e-10,"0","Mcrs1"
8.76210067288638e-15,0.664413706047788,0.09,0.209,1.6696182832185e-10,"0","Eef1akmt2"
9.00193992294977e-15,0.924250146688097,0.06,0.137,1.71531965231808e-10,"0","Paxip1"
1.02566214925566e-14,0.607449581130796,0.086,0.2,1.95439922540665e-10,"0","Commd3"
1.07240617595552e-14,0.590682923552938,0.119,0.256,2.04346996828324e-10,"0","Cd2ap"
1.08397631665801e-14,0.765079260219126,0.062,0.162,2.06551687139183e-10,"0","Anapc16"
1.09245476268042e-14,0.544984551455979,0.061,0.159,2.08167255028755e-10,"0","Cdk17"
1.21411229945882e-14,0.52773202210724,0.129,0.287,2.31349098661877e-10,"0","Cdc14a"
1.26844963654517e-14,0.592077339357889,0.27,0.466,2.41703078243683e-10,"0","Eps15"
1.42901582669916e-14,0.510185121949735,0.062,0.152,2.72298965777526e-10,"0","Ncor2"
1.82418252131839e-14,0.523017048793144,0.07,0.178,3.4759797943722e-10,"0","Fbxo28"
1.92524816398409e-14,0.539226470415445,0.064,0.167,3.66856037647168e-10,"0","AI837181"
1.99358523266484e-14,0.734441385219454,0.119,0.265,3.79877666084285e-10,"0","Meaf6"
2.02029631740871e-14,0.596334539607786,0.06,0.156,3.8496746328223e-10,"0","Trappc9"
2.05937177647145e-14,0.586569908685581,0.068,0.175,3.92413292006634e-10,"0","Stx17"
2.08970968787591e-14,0.676136189194023,0.081,0.202,3.98194181024754e-10,"0","Smc5"
2.2349959645017e-14,0.869419592086935,0.041,0.123,4.25878481035799e-10,"0","Tnks"
2.3292380488986e-14,0.637338160493639,0.099,0.227,4.43836310217628e-10,"0","AU040320"
2.41347838323231e-14,0.64255308628204,0.089,0.196,4.59888305924916e-10,"0","Utp11"
2.66909487655428e-14,0.865204509439896,0.128,0.253,5.08596028727418e-10,"0","Psme3ip1"
2.7970762424234e-14,0.555281569995451,0.203,0.391,5.3298287799378e-10,"0","Xpo1"
2.86190510318776e-14,0.806976988609533,0.084,0.177,5.45336017412428e-10,"0","Gng12"
2.93262839506923e-14,0.712344437531742,0.06,0.157,5.58812340680442e-10,"0","Senp5"
2.94662019242117e-14,0.710029715144111,0.057,0.14,5.61478477665853e-10,"0","Ppp1r21"
3.17608116301792e-14,0.560543702690709,0.048,0.15,6.05202265613065e-10,"0","Amdhd2"
3.20863965062963e-14,0.584458839479264,0.028,0.1,6.11406285427476e-10,"0","Med24"
3.21913774144801e-14,0.568435737955597,0.147,0.316,6.13406696632918e-10,"0","Ccnd2"
3.31476722274249e-14,0.583581201492225,0.225,0.405,6.31628894293582e-10,"0","Trio"
3.81652221427576e-14,0.943010923701296,0.073,0.126,7.27238307930247e-10,"0","Odf2"
4.79550967207179e-14,0.789241400158799,0.084,0.185,9.1378436801328e-10,"0","Rbm28"
4.9366294158369e-14,1.36700678557204,0.096,0.122,9.4067473518772e-10,"0","Mapk8ip3"
5.00972386152808e-14,1.20057854321673,0.181,0.238,9.54602881814176e-10,"0","Aagab"
5.29302727677939e-14,0.545876335920027,0.129,0.283,1.00858634759031e-09,"0","Ccdc12"
5.30943840473657e-14,0.625323989765828,0.051,0.111,1.01171348802255e-09,"0","Tsen34"
5.80298347091275e-14,0.615584185648463,0.062,0.174,1.10575850038242e-09,"0","Nkapd1"
5.85423259006867e-14,0.783131005022722,0.148,0.301,1.11552402003759e-09,"0","Nemf"
5.93583746288272e-14,0.750393929593732,0.102,0.221,1.1310738285523e-09,"0","Atp11c"
6.41382337876359e-14,0.824463289287531,0.075,0.176,1.2221540448234e-09,"0","Foxred1"
6.48624166790232e-14,0.714295592956321,0.224,0.358,1.23595334981879e-09,"0","Psip1"
6.60886954021041e-14,0.539899045890368,0.271,0.53,1.25932009088709e-09,"0","Cpsf7"
6.7977461486393e-14,0.686082830247752,0.154,0.328,1.29531052862322e-09,"0","Trim25"
7.04696992827134e-14,0.509480681460502,0.081,0.209,1.3428001198321e-09,"0","Magt1"
7.19416596165139e-14,0.589765806153705,0.132,0.301,1.37084832399267e-09,"0","Adam19"
7.27270823544658e-14,0.639858158578688,0.097,0.236,1.38581455426435e-09,"0","Taf8"
7.57560719541918e-14,0.675786883081274,0.119,0.214,1.44353195108712e-09,"0","Ptprs"
7.9475228905896e-14,1.100189195014,0.062,0.121,1.51440048680185e-09,"0","Pithd1"
8.01185604273747e-14,0.561332299162864,0.148,0.295,1.52665916894362e-09,"0","Rgl2"
8.99617064336035e-14,0.699565944299298,0.083,0.193,1.71422031609231e-09,"0","Cops2"
9.16324541952325e-14,0.664292942520985,0.228,0.43,1.74605641469015e-09,"0","Tmx3"
9.29280007266908e-14,0.69573291870316,0.094,0.225,1.77074305384709e-09,"0","Cyp27a1"
1.1036693645254e-13,0.75517459367167,0.054,0.114,2.10304197410315e-09,"0","Cops7a"
1.1069590658217e-13,0.780567546804962,0.1,0.207,2.10931049992325e-09,"0","Nudcd3"
1.11623931133355e-13,0.791942075575479,0.084,0.126,2.12699400774607e-09,"0","Pogk"
1.15358422408628e-13,0.740533865545382,0.071,0.181,2.1981547389964e-09,"0","Hvcn1"
1.21188463784111e-13,0.693351506064513,0.119,0.262,2.30924617740623e-09,"0","Eipr1"
1.21781759401747e-13,0.691780428473764,0.058,0.121,2.32055142540029e-09,"0","Bcl9l"
1.35581441074262e-13,0.521660278504426,0.253,0.457,2.58350435967005e-09,"0","Septin2"
1.39363886604911e-13,0.602517333978814,0.055,0.142,2.65557885925658e-09,"0","Ttc17"
1.39381123648842e-13,0.665009001361257,0.073,0.173,2.65590731112868e-09,"0","Relch"
1.4200553812233e-13,0.658084628277894,0.096,0.235,2.705915528921e-09,"0","Setdb2"
1.49951632885916e-13,0.856476767793062,0.655,0.652,2.85732836464114e-09,"0","Il15ra"
1.67459426290598e-13,0.733298898913889,0.075,0.181,3.19093936796735e-09,"0","Pex14"
1.68261425501616e-13,0.622680643446209,0.074,0.187,3.20622146293329e-09,"0","Serhl"
1.70500618733981e-13,0.658732508104084,0.08,0.211,3.248889289976e-09,"0","Haao"
1.95363202748719e-13,0.68221641344051,0.118,0.238,3.72264582837684e-09,"0","Ankib1"
1.97311861244452e-13,0.640319018688049,0.046,0.125,3.75977751601303e-09,"0","Strn"
2.03536866374091e-13,0.791711806215383,0.051,0.127,3.87839498875831e-09,"0","Afg3l2"
2.1061830194534e-13,1.00053116992594,0.049,0.11,4.01333174356845e-09,"0","Arfip2"
2.21260549739272e-13,0.594259384019958,0.094,0.195,4.21611977528183e-09,"0","Rubcn"
2.34196236950853e-13,0.517393031249543,0.041,0.107,4.46260929509851e-09,"0","Dtx3"
2.46952786254687e-13,0.524995460868892,0.039,0.128,4.70568534208306e-09,"0","Lsg1"
2.49866042631115e-13,0.530063073227952,0.055,0.14,4.7611974423359e-09,"0","Mpnd"
2.55219733600285e-13,0.692305301978875,0.129,0.264,4.86321202375344e-09,"0","Snx6"
2.70343923180687e-13,0.853734778246164,0.161,0.307,5.15140345620799e-09,"0","Ciz1"
2.70965900890388e-13,0.780604966294172,0.07,0.152,5.16325524146635e-09,"0","Lancl1"
2.7999719428732e-13,0.536691251036869,0.064,0.166,5.33534653714488e-09,"0","Slc25a1"
2.82411512518454e-13,0.523394382914076,0.071,0.179,5.38135137103913e-09,"0","Ccnc"
2.85733206436161e-13,0.917008968409076,0.116,0.24,5.44464624864106e-09,"0","Pdcl3"
2.92514975357564e-13,0.697915921122477,0.073,0.178,5.57387285543839e-09,"0","Upf3b"
3.27442827803767e-13,0.526336817728646,0.049,0.125,6.23942308380077e-09,"0","Snx14"
3.27891848585252e-13,0.523229202333959,0.036,0.105,6.24797917479197e-09,"0","Ptcd3"
3.31927162594656e-13,0.653326041775034,0.058,0.162,6.32487208324117e-09,"0","Ube4a"
3.3549832448572e-13,0.535726546412594,0.073,0.176,6.39292057307539e-09,"0","Amfr"
3.66174926130837e-13,1.19584980693603,0.226,0.23,6.9774632174231e-09,"0","Akt3"
3.74985751943508e-13,0.792077268041187,0.134,0.289,7.14535350328354e-09,"0","Rsu1"
4.15742318435982e-13,0.553501340334042,0.042,0.131,7.92196987779763e-09,"0","Nup214"
4.28970827247409e-13,0.666261030437366,0.194,0.342,8.17403911319938e-09,"0","Frmd4a"
4.66910399807734e-13,0.505978992745068,0.039,0.102,8.89697766833638e-09,"0","Foxo3"
5.02124494528317e-13,1.01244752403347,0.103,0.201,9.56798224323709e-09,"0","Eif2b5"
5.41431480593111e-13,0.889527132633248,0.173,0.294,1.03169768627017e-08,"0","Washc2"
5.43271873530058e-13,0.516057458863703,0.035,0.103,1.03520455501153e-08,"0","Vapb"
5.57788180451713e-13,0.865613705607059,0.057,0.113,1.06286537785074e-08,"0","Slc23a2"
5.94628193763243e-13,0.624767724399537,0.139,0.293,1.13306402321586e-08,"0","Gga3"
6.03708539405718e-13,0.908891187549866,0.045,0.11,1.1503666218376e-08,"0","Fars2"
6.35038282017803e-13,1.03930231778044,0.083,0.122,1.21006544638492e-08,"0","Mfn1"
6.38932862694094e-13,0.685993622260033,0.045,0.116,1.2174865698636e-08,"0","Cnot10"
6.72965695759566e-13,0.655468488232243,0.109,0.22,1.28233613326985e-08,"0","Ttc39c"
6.77044182639429e-13,0.588403313156383,0.07,0.171,1.29010769001943e-08,"0","Hint3"
7.13089750876292e-13,0.63024536447519,0.084,0.191,1.35879252029477e-08,"0","Hnrnph3"
7.2381286355681e-13,0.572420073631412,0.104,0.224,1.3792254115075e-08,"0","Zfyve1"
7.67496065566893e-13,0.574147384750159,0.039,0.128,1.46246375293772e-08,"0","Mettl3"
8.36756298463218e-13,0.529619072546292,0.036,0.118,1.59443912672166e-08,"0","Dus1l"
8.96619186838914e-13,0.689242747028565,0.091,0.189,1.70850786052155e-08,"0","Dvl1"
9.52497318862571e-13,0.547050302425418,0.042,0.128,1.81498364109263e-08,"0","Orc3"
1.11135732401259e-12,0.957305564006957,0.097,0.157,2.117691380906e-08,"0","Slc4a2"
1.13630246410897e-12,3.05008588655898,0.131,0.03,2.16522434535964e-08,"0","Mbp"
1.24146421672688e-12,0.647416817797646,0.104,0.229,2.36561006497307e-08,"0","Kri1"
1.26635597066768e-12,0.740496707166858,0.209,0.408,2.41304130210726e-08,"0","Lmbr1l"
1.52447976698017e-12,0.787173385888576,0.058,0.1,2.90489619598072e-08,"0","Spopl"
1.58934811689453e-12,0.790380490886465,0.213,0.399,3.02850283674253e-08,"0","Vti1a"
1.68962579023998e-12,0.53749140074635,0.196,0.403,3.21958194330229e-08,"0","Sh3bp1"
1.71263036034073e-12,0.504194654268651,0.051,0.14,3.26341715162927e-08,"0","Rbbp5"
1.76925417884779e-12,0.694451316716058,0.06,0.117,3.37131383779446e-08,"0","Zfp180"
2.15579129421735e-12,0.638862386890373,0.046,0.122,4.10786031113115e-08,"0","Ago3"
2.2844466721232e-12,0.537767637218648,0.115,0.261,4.35301313373075e-08,"0","Mob3a"
2.30090422199896e-12,0.638633095458215,0.062,0.158,4.38437299501902e-08,"0","Senp1"
2.30582886983711e-12,0.893279007019305,0.106,0.215,4.39375691147462e-08,"0","Anapc1"
2.42873211445827e-12,0.628110424344093,0.087,0.216,4.62794904410023e-08,"0","Ubac2"
2.62058322775637e-12,1.07535039594127,0.125,0.234,4.99352134048977e-08,"0","Zscan26"
2.68587832588896e-12,1.37937555759595,0.099,0.123,5.11794114998142e-08,"0","Ahcyl2"
2.69517311502345e-12,0.696991449403452,0.113,0.234,5.13565237067719e-08,"0","Keap1"
2.72191624970074e-12,0.665402574869849,0.269,0.479,5.18661141380476e-08,"0","Dctn2"
2.75331138660817e-12,0.729704883635013,0.2,0.384,5.24643484718187e-08,"0","Cyld"
2.84274060585924e-12,0.571217175312992,0.086,0.211,5.41684222446477e-08,"0","Hsd3b7"
2.96974670485271e-12,0.534759109024643,0.09,0.214,5.65885234609685e-08,"0","Gfpt1"
3.04994267405348e-12,0.820676073519098,0.134,0.25,5.81166576540891e-08,"0","Mcoln1"
3.06524398477055e-12,0.688037664476909,0.253,0.473,5.84082241298028e-08,"0","Akap8"
3.13742820137835e-12,0.527622173136172,0.303,0.48,5.97836943772644e-08,"0","Atp6v1b2"
3.49492794860578e-12,0.556245605701116,0.042,0.118,6.65958520606832e-08,"0","Zfp865"
3.62879449287295e-12,0.715504321711387,0.061,0.16,6.91466790616941e-08,"0","Myl12a"
3.77952656719876e-12,0.607198333005413,0.048,0.121,7.20188787379725e-08,"0","Ivd"
3.86537068567879e-12,0.817943121320393,0.045,0.111,7.36546384156093e-08,"0","Isca2"
4.03046826558403e-12,0.810061960204197,0.177,0.326,7.68005728007036e-08,"0","Krcc1"
4.06549374229e-12,0.942298590919808,0.058,0.132,7.74679832593359e-08,"0","Commd6"
4.07740165726411e-12,1.11851138654581,0.17,0.246,7.76948885791677e-08,"0","Rabep1"
4.16976024433355e-12,0.890418368858756,0.078,0.18,7.94547814557758e-08,"0","Fbxl5"
4.38982684882421e-12,0.560561169044885,0.045,0.121,8.36481506043452e-08,"0","Kansl1"
4.41140262002178e-12,0.922827484385278,0.099,0.197,8.40592769245149e-08,"0","Ccdc186"
4.49824626991892e-12,0.767157533304546,0.045,0.125,8.57140826733051e-08,"0","Ubxn8"
4.55124886131923e-12,0.561513106031549,0.766,0.735,8.67240470524379e-08,"0","Net1"
4.65023332797182e-12,0.733480528106067,0.086,0.188,8.86101960645031e-08,"0","Eea1"
4.80933732782435e-12,0.572871862536348,0.041,0.118,9.16419227816929e-08,"0","Tgfbrap1"
4.94305540170543e-12,0.708245629771291,0.184,0.371,9.41899206794971e-08,"0","Hmg20b"
5.24757878735228e-12,0.828416537317489,0.177,0.332,9.99926137929977e-08,"0","Sh2b3"
5.36558329849273e-12,0.710078478109768,0.139,0.281,1.02241189752779e-07,"0","Fbxo6"
5.75074642386087e-12,0.937931249805607,0.155,0.275,1.09580473106669e-07,"0","Msi2"
5.97322187941812e-12,0.701051598054969,0.084,0.184,1.13819742912312e-07,"0","Faf1"
6.19138621544453e-12,0.812130687347028,0.229,0.433,1.17976864335295e-07,"0","Sdccag8"
6.63348051555455e-12,0.726353870459291,0.234,0.43,1.26400971223892e-07,"0","Khnyn"
7.11010714908516e-12,0.505152323705693,0.039,0.114,1.35483091725818e-07,"0","Nbeal1"
7.62830634544071e-12,0.631093161099359,0.075,0.171,1.45357377412373e-07,"0","Scly"
7.63256446114592e-12,0.532313557712959,0.129,0.271,1.45438515807136e-07,"0","Vps51"
7.87019101342194e-12,0.76514377508423,0.083,0.18,1.49966489760755e-07,"0","Trim41"
8.46997883784775e-12,1.37868680164901,0.08,0.103,1.61395446755189e-07,"0","Slc8a1"
8.80708024238901e-12,0.848246409799457,0.094,0.193,1.67818914018723e-07,"0","Ring1"
8.9728338898462e-12,1.13975744866242,0.141,0.248,1.70977349771019e-07,"0","Cfdp1"
9.34708622696263e-12,0.815891565133736,0.18,0.333,1.78108728054773e-07,"0","Cdc34"
9.40820114545915e-12,0.839619457962766,0.071,0.154,1.79273272826724e-07,"0","Parp2"
9.42326845536173e-12,0.558970274360635,0.055,0.139,1.79560380416918e-07,"0","Fhip2b"
1.0047739202582e-11,0.641182450399168,0.071,0.172,1.91459670505201e-07,"0","Fzr1"
1.05958615075756e-11,0.663033715032609,0.192,0.371,2.01904141026854e-07,"0","Kdm4a"
1.07110936865568e-11,0.954991788404783,0.081,0.176,2.0409989019734e-07,"0","Jtb"
1.11250601130496e-11,0.676021346057502,0.07,0.164,2.11988020454159e-07,"0","Zw10"
1.1203984174733e-11,0.773219691106189,0.036,0.121,2.13491918449537e-07,"0","Mlx"
1.1451702743204e-11,0.579853808210902,0.042,0.105,2.18212195771753e-07,"0","Csad"
1.17165354755699e-11,0.682893290654565,0.051,0.139,2.23258583486984e-07,"0","Upf2"
1.18281625596841e-11,0.836761405942904,0.107,0.209,2.2538563757478e-07,"0","Gigyf1"
1.40852768542793e-11,0.557544493618068,0.038,0.111,2.68394950458292e-07,"0","Dis3l2"
1.43324719782778e-11,0.73258443625015,0.038,0.119,2.73105253546084e-07,"0","Eef2"
1.59845934793592e-11,0.531817204627115,0.065,0.152,3.04586428749189e-07,"0","Cwf19l2"
1.62624517646471e-11,0.522942693312176,0.089,0.197,3.09881018375351e-07,"0","Yy1"
1.66539920838137e-11,0.629652784871277,0.261,0.454,3.1734181915707e-07,"0","Tbc1d14"
1.72334355238411e-11,0.517673239001948,0.248,0.465,3.28383113906792e-07,"0","Nt5c"
1.72606497237473e-11,0.641135911148744,0.049,0.114,3.28901680486005e-07,"0","Acvr1b"
1.74792267909095e-11,0.631866887684469,0.062,0.158,3.3306666650078e-07,"0","Gfer"
1.76693064923953e-11,0.54702981818778,0.051,0.136,3.36688635212592e-07,"0","Dedd"
1.78457030765267e-11,0.675621776658039,0.071,0.171,3.40049872123217e-07,"0","Slc35a3"
1.95012085736904e-11,0.510863995029862,0.316,0.56,3.7159552937167e-07,"0","Nmt1"
2.20153202468806e-11,0.814053404104233,0.083,0.167,4.1950192730431e-07,"0","Atp5mpl"
2.27200739463113e-11,0.771246156403345,0.129,0.257,4.32931009046962e-07,"0","Zfp451"
2.28710349702238e-11,0.541610777714888,0.045,0.124,4.35807571357614e-07,"0","Ugdh"
2.51977224414307e-11,0.896121445873979,0.09,0.2,4.80142601121461e-07,"0","Ing4"
2.52542535248071e-11,0.589391610345561,0.183,0.342,4.81219800915199e-07,"0","Tmpo"
2.56113428383321e-11,0.814646320510886,0.141,0.248,4.88024137784419e-07,"0","Slc29a3"
2.74843428860388e-11,0.661084948338348,0.096,0.193,5.23714153693469e-07,"0","Wipf2"
2.8601781675276e-11,0.684366109588178,0.057,0.139,5.45006949822384e-07,"0","Dnajc16"
2.99719782469265e-11,0.685030312959063,0.068,0.155,5.71116045495185e-07,"0","Pign"
3.07597728839825e-11,0.739096499851769,0.065,0.152,5.86127472304287e-07,"0","Ccdc71"
3.10707956493114e-11,0.686343839881282,0.058,0.133,5.92054011097629e-07,"0","Clcn7"
3.17004280527003e-11,0.632092818668679,0.057,0.149,6.04051656544204e-07,"0","Nsun4"
3.18511450576518e-11,0.664780945273094,0.049,0.124,6.06923569073555e-07,"0","Rbmx"
3.49100220531482e-11,0.664374394153957,0.057,0.145,6.6521047022274e-07,"0","Cstf2t"
3.54780171246677e-11,0.634124994936668,0.071,0.174,6.76033616310544e-07,"0","Ap5b1"
3.72566100868496e-11,0.630674273955254,0.048,0.13,7.09924705204919e-07,"0","Ssbp1"
3.74452966340363e-11,0.533874145483439,0.112,0.245,7.13520127361563e-07,"0","Tyk2"
3.8013280631136e-11,0.895272359320865,0.041,0.116,7.24343062426296e-07,"0","Pef1"
3.94156626476624e-11,0.739428647191479,0.193,0.341,7.51065451751207e-07,"0","Phf20l1"
3.94690992169521e-11,0.54026570553672,0.036,0.118,7.52083685579023e-07,"0","Mis18a"
4.03694353421976e-11,0.597552687902234,0.03,0.101,7.69239590445575e-07,"0","Cln3"
4.10959874784206e-11,0.554051862631935,0.107,0.238,7.83084041401304e-07,"0","Abcc1"
4.11988851424268e-11,0.555980208785831,0.028,0.104,7.85044756388944e-07,"0","Atg13"
4.13964858407126e-11,0.607732901558062,0.067,0.138,7.88810037694778e-07,"0","Grk5"
4.19984136445194e-11,0.744787382450413,0.123,0.252,8.00279771996316e-07,"0","Fbrs"
4.23414724228337e-11,0.803467265123638,0.051,0.123,8.06816757017096e-07,"0","Neu1"
4.46043487797921e-11,0.556601283544371,0.035,0.109,8.49935865998938e-07,"0","Rbm48"
4.75618980529e-11,0.647982473174421,0.036,0.112,9.0629196739801e-07,"0","Btk"
4.84619691371727e-11,0.818468281447641,0.042,0.103,9.23442821908825e-07,"0","Cacfd1"
4.96823827742724e-11,0.513442062982133,0.045,0.112,9.4669780376376e-07,"0","Dennd6a"
5.05294213049887e-11,0.896542916494687,0.205,0.372,9.6283812296656e-07,"0","Snrnp70"
5.13364460990561e-11,0.729131930931727,0.028,0.104,9.78215980417514e-07,"0","Sdhb"
5.24464055202897e-11,0.893467361954428,0.077,0.146,9.9936625718912e-07,"0","Exoc6b"
5.34011255020912e-11,0.585874610036964,0.075,0.181,1.01755844644235e-06,"0","Snrpd2"
5.43751042699411e-11,0.899473902954141,0.103,0.196,1.03611761186373e-06,"0","Acbd5"
5.52192074979205e-11,0.884656874529767,0.103,0.216,1.05220199887287e-06,"0","Krit1"
5.73373778038763e-11,0.554232381598114,0.057,0.148,1.09256373405286e-06,"0","Trim24"
5.87357553277923e-11,0.609571018140185,0.064,0.149,1.11920981777108e-06,"0","Trabd"
5.96871539957452e-11,0.768848885675925,0.038,0.103,1.13733871938892e-06,"0","Ccdc43"
6.03293283270124e-11,0.74005349808419,0.244,0.456,1.14957535127122e-06,"0","Ddx17"
6.96074924842689e-11,0.596646495111754,0.229,0.44,1.32637076928774e-06,"0","Mif4gd"
7.13137935239267e-11,0.823219077429351,0.07,0.156,1.35888433559842e-06,"0","Chmp2a"
7.40048333648528e-11,0.610376086590115,0.038,0.115,1.41016209976727e-06,"0","Bud13"
7.66624696619555e-11,0.668325046808432,0.038,0.11,1.46080335940856e-06,"0","Ercc1"
7.82411488997391e-11,1.06279042226978,0.084,0.167,1.49088509228453e-06,"0","Parp11"
7.90531620745067e-11,0.627260693272959,0.274,0.44,1.50635800332972e-06,"0","Nfe2l1"
8.01624795551874e-11,0.741142752491991,0.077,0.174,1.5274960479241e-06,"0","Ssh3"
8.02380793973835e-11,0.511917904130045,0.189,0.359,1.52893660291714e-06,"0","Rbpms"
8.05432141062221e-11,0.931555273763558,0.062,0.135,1.53475094479406e-06,"0","Xrn1"
8.78730365298154e-11,0.690728475191752,0.215,0.369,1.67442071107563e-06,"0","Ddhd1"
8.88843398221147e-11,0.630738168272022,0.104,0.222,1.6936910953104e-06,"0","Ncoa5"
8.89270191936959e-11,0.518010404150036,0.055,0.149,1.69450435073587e-06,"0","Gsdmd"
9.84782189195522e-11,0.688950437497487,0.036,0.116,1.87650246151207e-06,"0","Pola2"
9.97242030459371e-11,0.678054584227879,0.081,0.184,1.90024468904033e-06,"0","Nsmce2"
1.00951340457786e-10,0.704466221085643,0.057,0.139,1.92362779242312e-06,"0","Tfdp1"
1.0870371106955e-10,1.08097974190442,0.083,0.158,2.07134921443028e-06,"0","Tlk1"
1.09951966355578e-10,0.635060803514191,0.271,0.458,2.09513471890554e-06,"0","Mink1"
1.11899232042596e-10,0.841527273653626,0.039,0.107,2.13223986657166e-06,"0","Ttc13"
1.18088241042393e-10,1.01428486960153,0.123,0.201,2.2501714330628e-06,"0","Ube4b"
1.19212717389307e-10,0.734290231519578,0.054,0.13,2.27159832985324e-06,"0","Got2"
1.20052136097737e-10,0.70408072046935,0.199,0.368,2.28759345334238e-06,"0","Baz2a"
1.20449301049719e-10,0.587039101755148,0.052,0.134,2.29516143150239e-06,"0","Derl2"
1.23141692474596e-10,0.660316067460026,0.045,0.116,2.34646495010343e-06,"0","Aasdhppt"
1.2456356209025e-10,1.31368938229818,0.145,0.205,2.37355867562971e-06,"0","Dpp8"
1.27735361825888e-10,0.831187148355405,0.035,0.109,2.4339973195923e-06,"0","Srfbp1"
1.31823502859527e-10,0.701837917539362,0.115,0.243,2.51189684698828e-06,"0","Pot1b"
1.34953164043254e-10,0.51536612984211,0.073,0.167,2.57153254084421e-06,"0","Kdm5d"
1.38575390545181e-10,0.596197428171779,0.039,0.113,2.64055406683842e-06,"0","Cct4"
1.4155678310401e-10,0.820705347274379,0.165,0.314,2.69736450204692e-06,"0","Idnk"
1.43328201534742e-10,0.504386641685428,0.131,0.272,2.73111888024451e-06,"0","Polr3c"
1.52895134702145e-10,0.886857381190435,0.183,0.28,2.91341679174938e-06,"0","Cdc42bpb"
1.54087429456538e-10,0.838514335054825,0.081,0.162,2.93613596829433e-06,"0","Cul4a"
1.55350857943424e-10,0.837401572942251,0.135,0.249,2.96021059811195e-06,"0","Rnf215"
1.73075508305208e-10,0.576487354399963,0.044,0.117,3.29795381075574e-06,"0","Rtca"
1.74265525858129e-10,0.621954118131103,0.052,0.11,3.32062959522665e-06,"0","Rcor3"
1.8808537393555e-10,1.04613294169752,0.087,0.167,3.58396680034191e-06,"0","Tspyl2"
2.01583648414817e-10,0.71534352735443,0.062,0.158,3.84117642054434e-06,"0","Oas3"
2.03866109773343e-10,0.701495857845483,0.08,0.181,3.88466872173105e-06,"0","Sharpin"
2.06345659708067e-10,0.965172746066078,0.067,0.132,3.93191654573721e-06,"0","Kctd5"
2.10409162185023e-10,0.73517203183261,0.062,0.129,4.00934658543561e-06,"0","Ndufaf2"
2.16795044987026e-10,0.934031636727406,0.184,0.321,4.13102958222777e-06,"0","Celf2"
2.23130379116438e-10,0.70239708438876,0.033,0.103,4.25174937406372e-06,"0","Arfgap2"
2.24595491439665e-10,0.573717470667039,0.068,0.165,4.27966708938282e-06,"0","Slc25a38"
2.26022593438765e-10,0.535632444949093,0.102,0.227,4.30686051797566e-06,"0","Birc2"
2.29688973570209e-10,0.842583778814512,0.071,0.161,4.37672339138034e-06,"0","Tada3"
2.30171395125814e-10,0.691227349327486,0.106,0.206,4.38591593412238e-06,"0","Map4k5"
2.41254372181758e-10,0.551636312173572,0.077,0.168,4.59710206192339e-06,"0","Zfp809"
2.76724087662645e-10,0.7995039462244,0.094,0.192,5.27297749041171e-06,"0","Gskip"
2.886763297538e-10,0.953047619344093,0.213,0.382,5.50072746345866e-06,"0","Pnn"
3.06287229867277e-10,1.03843333771686,0.129,0.191,5.83630316512097e-06,"0","Rufy3"
3.09857713691123e-10,0.715270560979319,0.054,0.139,5.90433873438436e-06,"0","Gmps"
3.10368650710976e-10,0.543695999403434,0.202,0.368,5.91407463929765e-06,"0","Tspan33"
3.1748408000592e-10,0.837797909990123,0.221,0.383,6.04965914451281e-06,"0","Chkb"
3.38904026920073e-10,0.538313512132113,0.06,0.137,6.457816232962e-06,"0","Cc2d1a"
3.51839267209851e-10,0.822046189291732,0.061,0.146,6.70429723668371e-06,"0","Zfpl1"
3.72607823525312e-10,0.563992661322189,0.074,0.168,7.10004207727482e-06,"0","Dennd4b"
4.03424461662745e-10,0.663392305065527,0.186,0.343,7.68725311698361e-06,"0","Csf2ra"
4.30913598004308e-10,0.531365094138037,0.032,0.102,8.21105860997208e-06,"0","Eif2ak2"
4.47232432617503e-10,0.545253729706864,0.041,0.104,8.52201400352652e-06,"0","Immt"
4.68644914338438e-10,0.922190756235185,0.08,0.175,8.93002884271893e-06,"0","Trmt1l"
4.87092174649172e-10,0.522707217675231,0.116,0.249,9.28154138793997e-06,"0","Zc3h12d"
4.98469340436602e-10,1.08563823936957,0.074,0.114,9.49833328201946e-06,"0","Myef2"
5.10773363652296e-10,0.924935545201799,0.039,0.101,9.7327864443945e-06,"0","Aqr"
5.89086464368064e-10,0.92914125530001,0.084,0.165,1.12250425785335e-05,"0","Gsr"
6.07819104061359e-10,0.650527620310519,0.27,0.485,1.15819930278892e-05,"0","Tbc1d1"
6.69882901330141e-10,0.779316919028214,0.213,0.356,1.27646186848458e-05,"0","Gdi1"
6.73503208605791e-10,0.672699469931957,0.248,0.446,1.28336036399833e-05,"0","Nae1"
6.81481288847277e-10,0.744394516604621,0.058,0.136,1.29856259589849e-05,"0","Ppp1r12c"
6.84363462486222e-10,0.570235758285225,0.049,0.111,1.3040545777675e-05,"0","Letm1"
7.04310051552252e-10,0.574934735383248,0.102,0.216,1.34206280323282e-05,"0","Dynlt2b"
7.21614722135274e-10,0.516882445825315,0.038,0.117,1.37503685302876e-05,"0","Psen2"
7.27197934693699e-10,0.555733169641871,0.29,0.508,1.38567566455884e-05,"0","Gpbp1"
8.56604950133567e-10,0.795977259770255,0.094,0.192,1.63226073247951e-05,"0","Inpp5b"
8.88787199670986e-10,0.682749410675685,0.209,0.383,1.69358400897306e-05,"0","Psme2b"
9.62549114072021e-10,0.538048616652098,0.051,0.116,1.83413733686424e-05,"0","Fbxo3"
9.66015641591104e-10,0.804131509419923,0.106,0.208,1.84074280505185e-05,"0","Mga"
1.00517140879014e-09,0.779621295735718,0.074,0.167,1.91535411944962e-05,"0","Nup88"
1.0119263438702e-09,0.630926195985232,0.068,0.162,1.92822564824466e-05,"0","Spg11"
1.10629424223673e-09,0.780380510000818,0.154,0.278,2.1080436785821e-05,"0","Kmt5c"
1.30288791240784e-09,0.53201367193798,0.052,0.119,2.48265291709314e-05,"0","Usp11"
1.40880142299537e-09,1.51131043362624,0.103,0.105,2.68447111151768e-05,"0","Arl3"
1.41693959887432e-09,0.982166066464137,0.087,0.173,2.69997840565502e-05,"0","Ufd1"
1.45061300301783e-09,0.529990392227832,0.038,0.107,2.76414307725047e-05,"0","Orai2"
1.46080900226909e-09,0.527960336063028,0.044,0.119,2.78357155382375e-05,"0","Nod2"
1.53161863662345e-09,1.07989859234684,0.062,0.138,2.91849931208599e-05,"0","Scaper"
1.60988202265672e-09,1.01803466243148,0.103,0.189,3.06763019417239e-05,"0","Lrrc45"
1.65175550873473e-09,0.733340591128514,0.139,0.278,3.14742012189403e-05,"0","Tmem134"
1.66373344809346e-09,0.662303855484745,0.052,0.129,3.17024408534209e-05,"0","Anapc13"
1.7641308586364e-09,0.769270371501706,0.048,0.118,3.36155135113166e-05,"0","Primpol"
1.82475240482908e-09,0.774896875764565,0.062,0.142,3.47706570740182e-05,"0","Cars2"
2.020234699152e-09,0.581630623575371,0.058,0.136,3.84955721923413e-05,"0","Cradd"
2.0504974544465e-09,0.604517819155808,0.036,0.106,3.90722289944781e-05,"0","Sco1"
2.13437027074448e-09,0.629369986081423,0.036,0.103,4.06704255090361e-05,"0","Kat8"
2.18208885709405e-09,0.620164785409949,0.097,0.201,4.15797031719272e-05,"0","Ralgapa2"
2.2569096959696e-09,0.832699334120462,0.128,0.236,4.30054142567007e-05,"0","Rnf181"
2.35876158689758e-09,0.586723169745372,0.052,0.135,4.49462020383334e-05,"0","Lrrc42"
2.45985031751807e-09,0.595258744276859,0.044,0.124,4.68724478003067e-05,"0","Immp2l"
2.491580868809e-09,0.562590880963562,0.06,0.126,4.74770734551555e-05,"0","Eml6"
2.64484449648312e-09,0.789033397255123,0.052,0.122,5.03975118804859e-05,"0","Crcp"
2.86803313448104e-09,0.899490671940043,0.161,0.283,5.46503713775362e-05,"0","Cep63"
2.92279290523582e-09,0.929560519935544,0.113,0.157,5.56938188092686e-05,"0","Ppp1r16a"
2.95088161116828e-09,0.59458517463921,0.308,0.525,5.62290491008116e-05,"0","Supt20"
2.97743831754672e-09,0.662419342752265,0.042,0.107,5.67350871408528e-05,"0","Hgs"
3.21822267068431e-09,0.51798661408865,0.038,0.11,6.13232329898896e-05,"0","Entpd7"
3.24866779441876e-09,0.590716787929805,0.057,0.138,6.19033648226495e-05,"0","Ppfibp2"
3.27296243248686e-09,0.527143667461252,0.033,0.109,6.2366299151037e-05,"0","Ciao3"
3.31369743621681e-09,0.642257692762404,0.041,0.102,6.31425046471113e-05,"0","Ip6k2"
3.34983385937543e-09,0.638134983228098,0.107,0.228,6.38310841903989e-05,"0","Il3ra"
3.67285101004551e-09,0.541475470544003,0.039,0.101,6.99861759964171e-05,"0","Gtpbp8"
3.67438511310191e-09,0.822218602197832,0.044,0.101,7.00154083301568e-05,"0","Mgat4a"
3.95949663340728e-09,0.896794330711168,0.078,0.162,7.54482083495757e-05,"0","Hectd3"
4.17020967366433e-09,0.961510835453225,0.084,0.164,7.94633453316738e-05,"0","Manbal"
4.24773250457895e-09,0.930932217618985,0.089,0.187,8.09405428747519e-05,"0","H2-Q6"
4.57506104869315e-09,0.705688099210255,0.1,0.169,8.7177788282848e-05,"0","Dock1"
4.66008598391925e-09,0.659893427338866,0.078,0.164,8.87979384235813e-05,"0","Gtf2a1"
4.72332962345397e-09,0.792710484833136,0.052,0.126,9.00030459749154e-05,"0","Gnpnat1"
5.00003971621095e-09,0.777321155451629,0.078,0.175,9.52757567923997e-05,"0","Nudt16"
5.028827664997e-09,1.08792417727878,0.142,0.238,9.58243111565178e-05,"0","Abhd16a"
5.03741087377339e-09,0.568433195939509,0.041,0.115,9.5987864199752e-05,"0","Unc13d"
5.2757176924506e-09,0.90937011910718,0.057,0.117,0.000100528800629646,"0","Scrib"
5.44504924327038e-09,0.908571947856737,0.122,0.222,0.000103755413330517,"0","Pank2"
6.03420256068266e-09,0.529214332796655,0.07,0.142,0.000114981729793808,"0","Traf3"
6.16910413712224e-09,1.01801716497207,0.062,0.115,0.000117552279332864,"0","Fto"
6.22473689490956e-09,0.648096198857393,0.039,0.11,0.000118612361532502,"0","Jpt2"
6.53753703349918e-09,0.565051146665807,0.222,0.382,0.000124572768173327,"0","Gbp2"
7.00514826684599e-09,1.00473167765894,0.109,0.18,0.00013348310022475,"0","Usp32"
7.021890767961e-09,1.2841724737618,0.099,0.166,0.000133802128583497,"0","Tbce"
7.04644055639313e-09,0.678897517727545,0.06,0.134,0.000134269924802071,"0","Ezh2"
7.54320880375622e-09,0.783262095136479,0.071,0.104,0.000143735843755575,"0","B3gat3"
8.43022366634629e-09,0.810095802296551,0.238,0.418,0.000160637911962229,"0","Stk38"
9.34157221029740e-09,1.02549986416048,0.064,0.101,0.000178003658467217,"0","Rnf14"
9.57810853798046e-09,0.715323349376939,0.061,0.128,0.000182510858191218,"0","Sertad3"
1.03270660724282e-08,0.77516803680835,0.139,0.263,0.00019678224401012,"0","Sirt7"
1.06174158249563e-08,0.926975236209103,0.052,0.11,0.000202314858544542,"0","Gpatch8"
1.13176315326398e-08,0.54615276957244,0.35,0.6,0.000215657468854452,"0","Nxf1"
1.15410160811828e-08,0.769804103807042,0.06,0.124,0.000219914061426937,"0","Ifngr2"
1.25677584272149e-08,0.870066166282356,0.097,0.199,0.000239478636830579,"0","Fbxw17"
1.33487649385957e-08,0.576412440020053,0.219,0.355,0.000254360715904941,"0","Fnbp1l"
1.3383847023132e-08,0.558487406643993,0.039,0.106,0.00025502920502578,"0","Pkib"
1.44029161475305e-08,0.985216701710582,0.061,0.122,0.000274447567191193,"0","Dock7"
1.44105461300836e-08,0.557617899106418,0.041,0.105,0.000274592956508743,"0","Eny2"
1.52807100230577e-08,0.602377452138493,0.225,0.416,0.000291173929489364,"0","Erlin1"
1.52852644921545e-08,0.646406363733324,0.067,0.141,0.000291260714898005,"0","Pex16"
1.53409315984791e-08,0.888534886070358,0.149,0.242,0.000292321451609019,"0","Atxn1"
1.53928230455972e-08,0.578206042653812,0.039,0.104,0.000293310243133855,"0","Slx4ip"
1.5553395123706e-08,1.0517078088821,0.165,0.267,0.000296369944082219,"0","Ehmt1"
1.57522653309063e-08,0.734727103615507,0.064,0.142,0.000300159415880419,"0","Tdp2"
1.687331121539e-08,0.879333763930427,0.064,0.138,0.000321520945209256,"0","Rad51d"
1.7075972372417e-08,0.735213992085948,0.075,0.163,0.000325382653556406,"0","Sirt1"
1.7428170379956e-08,0.560937685342611,0.048,0.124,0.000332093786590063,"0","Cox15"
2.01535359647856e-08,0.692028367230439,0.049,0.123,0.000384025627808989,"0","Slc37a1"
2.0193530180783e-08,0.761480981434007,0.039,0.106,0.000384787717594821,"0","Rnaseh1"
2.05091147739404e-08,0.702928684325584,0.096,0.19,0.000390801182017435,"0","Rnaseh2b"
2.08638823834394e-08,1.28458863758445,0.136,0.187,0.000397561278816437,"0","Iffo1"
2.33816609006118e-08,0.731371930578429,0.062,0.14,0.000445537548461159,"0","Zfp746"
2.35588203236775e-08,0.581623894475342,0.312,0.54,0.000448913321267675,"0","Kif21b"
2.39365546238576e-08,0.975889068112426,0.064,0.108,0.000456111048357606,"0","Zfp467"
2.41673967016103e-08,0.857968856704925,0.617,0.616,0.000460509744149185,"0","Pfkfb3"
2.76984684325889e-08,1.16966724555876,0.215,0.275,0.000527794315982981,"0","Ywhag"
2.94097715839156e-08,0.513681430082971,0.091,0.191,0.000560403197531512,"0","Arhgap22"
2.9700148546727e-08,0.75878479551965,0.215,0.37,0.000565936330557883,"0","Cnpy3"
3.03249596093659e-08,0.692138813285083,0.316,0.505,0.000577842105356467,"0","Eid1"
3.1912341929687e-08,0.759761150645205,0.255,0.452,0.000608089675470186,"0","Auh"
3.22090764486858e-08,0.652800756104037,0.289,0.409,0.000613743951729708,"0","Foxn2"
3.33795742953029e-08,0.656409414962455,0.228,0.343,0.000636047788196998,"0","Tmcc3"
3.34253871612181e-08,0.800836094990166,0.16,0.264,0.00063692075235701,"0","Rgs12"
3.64997420754712e-08,1.04189177658198,0.09,0.17,0.000695502585248103,"0","Slc9a7"
3.68944855605609e-08,0.612474882675983,0.203,0.327,0.000703024422356488,"0","Tmem63b"
3.71026213584734e-08,0.623053641523462,0.309,0.531,0.000706990449985712,"0","Herc6"
3.89037645593832e-08,0.835162484061265,0.055,0.125,0.000741311233679047,"0","Cdyl2"
4.26887982592678e-08,0.53180164619623,0.377,0.621,0.000813435050830349,"0","Ndufa3"
4.35193636490855e-08,0.525413408482311,0.26,0.447,0.000829261474333324,"0","Zbtb46"
4.35720683706884e-08,0.968614012171082,0.06,0.119,0.000830265762803467,"0","Commd10"
4.38459382680061e-08,0.908732065225638,0.142,0.249,0.000835484353696855,"0","Cdon"
4.83627100471075e-08,1.08571756274775,0.116,0.196,0.000921551439947633,"0","Ube2w"
5.09571198006041e-08,0.954777236793296,0.209,0.351,0.00097098791780051,"0","Alkbh1"
5.18122558066975e-08,0.568427460782635,0.312,0.543,0.000987282534396621,"0","Med11"
5.33852519704629e-08,0.870611275998153,0.042,0.1,0.00101725597629717,"0","Prelid1"
5.37472397294749e-08,0.735402205673251,0.298,0.488,0.00102415365304514,"0","Kdm2a"
6.15838987822627e-08,0.784692680710322,0.07,0.124,0.00117348119129602,"0","Tmtc2"
6.19405582906328e-08,0.630165603392275,0.052,0.126,0.00118027733822801,"0","Parp3"
6.38497016168468e-08,0.886082023882494,0.062,0.116,0.00121665606430902,"0","Gon4l"
6.46955419528574e-08,0.527292090047871,0.382,0.629,0.0012327735519117,"0","Anxa5"
6.64414332130159e-08,0.680621488591028,0.123,0.22,0.00126604150987402,"0","Pmvk"
6.8771383608304e-08,1.20320328548803,0.104,0.152,0.00131043871465623,"0","Rabgap1"
6.97361965901238e-08,0.523203676858305,0.058,0.114,0.00132882322602481,"0","Ap3m2"
7.03183633036185e-08,0.93905317433591,0.12,0.233,0.00133991641275045,"0","Chfr"
7.29629852497035e-08,0.733680142040019,0.039,0.102,0.0013903096839331,"0","Leng1"
7.30918533558784e-08,0.729109958687154,0.126,0.225,0.00139276526569626,"0","Vhl"
7.44031904803881e-08,0.604315089707519,0.087,0.173,0.0014177527946038,"0","Kdm1b"
8.2192515746082e-08,0.638999497517268,0.041,0.108,0.00156617838754159,"0","Zfp945"
8.59432600242863e-08,0.556853411490295,0.705,0.705,0.00163764881976277,"0","Anxa3"
8.98859014885935e-08,0.549469284419225,0.312,0.537,0.00171277585286515,"0","Shtn1"
9.06061015737112e-08,1.23105845099004,0.145,0.23,0.00172649926548707,"0","Clasrp"
9.43200596303887e-08,0.91254192767104,0.1,0.198,0.00179726873625706,"0","Hps1"
9.43481854513382e-08,0.506566397506738,0.351,0.618,0.00179780467377525,"0","Tank"
1.0071878739608e-07,0.996961833065742,0.186,0.319,0.0019191964938323,"0","Trim14"
1.34578501616624e-07,0.863359156454065,0.277,0.433,0.00256439334830476,"0","Gls"
1.47447471302052e-07,0.836762021354425,0.073,0.146,0.0028096115656606,"0","Tmem168"
1.51351801918317e-07,0.793615644174775,0.075,0.159,0.00288400858555353,"0","Rassf3"
1.57605046101236e-07,1.27468006146734,0.25,0.297,0.00300316415345905,"0","Nisch"
1.6094963931884e-07,0.997509392244637,0.052,0.103,0.0030668953772205,"0","Zfp276"
1.61544057393486e-07,0.931850596846942,0.062,0.106,0.00307822201363288,"0","Crebl2"
1.75904686344063e-07,0.925465195682724,0.084,0.144,0.00335186379828613,"0","Cdk5"
1.83306810732412e-07,0.858130903293335,0.058,0.125,0.00349291127850611,"0","Tstd2"
2.06471816380439e-07,0.814633713391428,0.044,0.11,0.00393432046112927,"0","Arhgap27"
2.23725304600687e-07,1.02589958802211,0.093,0.146,0.00426308567916609,"0","Ice1"
2.27653655496347e-07,0.741692548165863,0.242,0.412,0.00433794040548289,"0","Grk3"
2.34672115780633e-07,0.715160828096206,0.046,0.106,0.00447167716619997,"0","Stx2"
2.38172258183436e-07,1.22067482065447,0.07,0.125,0.00453837237968537,"0","Adnp2"
2.88582271716669e-07,0.769482805452451,0.136,0.235,0.00549893518756113,"0","Flvcr1"
2.97530104387094e-07,0.588778509759647,0.09,0.143,0.00566943613909608,"0","Afap1"
3.11450232646561e-07,0.85533021110795,0.083,0.16,0.00593468418308022,"0","Zfp688"
3.28956867310589e-07,0.999074080505057,0.048,0.11,0.00626827310660326,"0","Tars2"
3.35230288865562e-07,0.55642257341243,0.335,0.57,0.00638781315433329,"0","Rbm17"
3.68733271492646e-07,1.44945963339308,0.09,0.1,0.00702621248829237,"0","Pde4dip"
3.72073380117589e-07,0.818417573428095,0.051,0.113,0.00708985825814067,"0","Zfp608"
3.81451775440209e-07,0.509566480762727,0.179,0.309,0.00726856358101319,"0","Slc22a23"
4.28704008030904e-07,1.09292588848048,0.086,0.144,0.00816895487302888,"0","Ccdc28b"
4.29279801865775e-07,0.819998839144567,0.054,0.113,0.00817992662455235,"0","Lhpp"
4.84323711542263e-07,0.880223657099606,0.055,0.113,0.00922878832343781,"0","Kat5"
5.1298312801324e-07,1.06113200898123,0.068,0.117,0.0097748935042923,"0","Zdhhc17"
5.13705541005329e-07,1.01343538343598,0.067,0.127,0.00978865908385653,"0","Taf6l"
5.13888814460614e-07,0.625357767978612,0.107,0.216,0.009792151359547,"0","Kynu"
5.70360865411509e-07,1.02309830413542,0.084,0.153,0.0108682262904163,"0","Pde6d"
5.90091179073316e-07,0.801093620839931,0.042,0.101,0.011244187417242,"0","Stambp"
5.93934614618823e-07,1.00296729158771,0.068,0.129,0.0113174240815617,"0","LTO1"
6.11185822868476e-07,0.7795869495253,0.125,0.208,0.0116461458547588,"0","Pias3"
6.22642248513019e-07,0.664642876891662,0.164,0.288,0.0118644480454156,"0","Kcnk6"
6.61723090723773e-07,0.835803288295078,0.062,0.127,0.0126091334937415,"0","St8sia1"
6.69618845549157e-07,0.945673006361887,0.078,0.115,0.0127595871019392,"0","Carmil1"
7.2395424494277e-07,0.95002311026441,0.055,0.104,0.0137949481373845,"0","Idh1"
7.42097858944212e-07,0.720488833492456,0.164,0.287,0.014140674702182,"0","Rap2b"
8.28721514840163e-07,0.532832305532167,0.189,0.326,0.0157912884652793,"0","Tnip3"
8.79043390197844e-07,0.889375217482302,0.319,0.512,0.0167501718002199,"0","Chchd2"
9.44447074166438e-07,0.910612626388738,0.065,0.128,0.0179964389982415,"0","Tasor"
1.06156869002105e-06,0.747159372355769,0.075,0.14,0.020228191388351,"0","Slc30a4"
1.13820768450705e-06,0.879209486136964,0.129,0.231,0.0216885474282818,"0","Clec2i"
1.22449873870152e-06,1.09166932433891,0.055,0.113,0.0233328234659574,"0","Lamtor5"
1.4500314389619e-06,1.241841397331,0.068,0.111,0.027630349069419,"0","Naxd"
1.49074804992477e-06,0.589680616381383,0.104,0.201,0.0284062040913165,"0","Lactb"
1.66981100508609e-06,0.941064382997622,0.18,0.271,0.0318182487019154,"0","Gusb"
1.68925117628344e-06,0.711689717595206,0.312,0.532,0.032188681164081,"0","Ikbkb"
1.81621754760686e-06,0.962918852222277,0.168,0.284,0.0346080253696488,"0","Abca7"
1.83612246393376e-06,0.841384579631679,0.106,0.189,0.0349873135502578,"0","Sap25"
2.03685589233705e-06,0.81672035542824,0.045,0.1,0.0388122890284825,"0","Zfp830"
2.16854402548502e-06,1.116512092499,0.065,0.109,0.0413216064056171,"0","Cep250"
2.17378851296438e-06,0.677149934592726,0.07,0.146,0.0414215401145364,"0","Spint2"
2.23117053905926e-06,0.695957065818428,0.627,0.75,0.0425149546217742,"0","Mxd1"
2.49072842172529e-06,0.848959167127937,0.303,0.492,0.0474608300759754,"0","Kdm3b"
2.58100619043015e-06,0.843050631631321,0.16,0.271,0.0491810729586466,"0","Slc33a1"
2.6603052298801e-06,0.849432985338166,0.287,0.483,0.0506921161553654,"0","Tmem128"
2.72034418701021e-06,0.982291176823961,0.103,0.124,0.0518361584834796,"0","Agrn"
2.75075352457618e-06,0.946842580364297,0.051,0.106,0.052415608410799,"0","Tvp23b"
3.41997302127132e-06,1.09925840675696,0.177,0.273,0.065167585920325,"0","Snapc3"
3.61962687571729e-06,0.961790220319818,0.107,0.179,0.0689719901167929,"0","Snx11"
3.73246402447732e-06,1.12694244489483,0.107,0.17,0.0711221019864154,"0","Zmynd8"
3.9659895736577e-06,0.851967811286614,0.055,0.102,0.0755719313260476,"0","Wdr90"
4.14379530752666e-06,0.614613110752911,0.608,0.628,0.0789600195849205,"0","Il4i1"
4.16339549078306e-06,0.624064482376221,0.328,0.524,0.0793335010768711,"0","Phlpp1"
4.29043105274161e-06,1.26188532127539,0.447,0.414,0.0817541637099914,"0","Adam11"
4.37986159273609e-06,0.639918469994202,0.086,0.161,0.0834582626495861,"0","Relt"
4.48072858897954e-06,0.813055783217035,0.221,0.356,0.0853802832630051,"0","Nek6"
5.03510944101817e-06,0.609608016475632,0.052,0.11,0.0959440103986013,"0","Fbxo46"
5.269345200094e-06,1.09433247611319,0.057,0.107,0.100407372787791,"0","Prkra"
5.3851859407284e-06,0.929878539716563,0.102,0.165,0.10261471810058,"0","Kctd9"
6.03417218643057e-06,0.839952056524384,0.213,0.344,0.114981151012435,"0","Gnptab"
6.5342719698948e-06,1.20730584542695,0.129,0.209,0.124510552386345,"0","Ankrd27"
7.86813098434302e-06,0.786925392592714,0.186,0.286,0.149927235906656,"0","Sbf2"
8.37420868278235e-06,0.825877151221886,0.586,0.755,0.159570546450418,"0","Trafd1"
8.39533192425518e-06,0.686115590184069,0.345,0.54,0.159973049816683,"0","Rasa4"
8.60801719012436e-06,0.52689400666025,0.264,0.412,0.16402576755782,"0","Tnfrsf11a"
8.91693959429859e-06,0.639836912706828,0.666,0.855,0.16991228396936,"0","Arrb2"
9.46161541661601e-06,0.831147058185416,0.116,0.187,0.180291081763618,"0","Dph5"
1.01666314343892e-05,1.16397974580622,0.126,0.22,0.193725161982287,"0","Ulk3"
1.09608305814446e-05,0.601806800507016,0.075,0.144,0.208858626729427,"0","Aldh1a2"
1.1169355348974e-05,1.08713161046943,0.16,0.193,0.212832066174699,"0","Phldb1"
1.25161790211083e-05,0.72657093739593,0.253,0.392,0.238495791247218,"0","Atp11a"
1.31134309245538e-05,1.18141243523188,0.065,0.117,0.249876426267372,"0","Cklf"
1.34126537137878e-05,0.954763032486437,0.206,0.316,0.255578116516226,"0","Ccng2"
1.60637661678444e-05,1.68336198574556,0.107,0.103,0.306095064328275,"0","Dock9"
1.62871250816291e-05,1.0423546767754,0.241,0.285,0.310351168430443,"0","Fam53b"
2.04581488442062e-05,0.64048130084423,0.255,0.354,0.389830026226348,"0","Specc1"
2.21197947302099e-05,1.40457228356065,0.073,0.105,0.421492688584149,"0","Cbx7"
2.39204414347732e-05,0.697027644298793,0.231,0.368,0.455804011539603,"0","Irf1"
2.63487623005954e-05,0.77167035587528,0.328,0.527,0.502075665637846,"0","Stx8"
2.98873356488654e-05,1.21877007634693,0.068,0.103,0.569503180789129,"0","Patz1"
3.08974122078559e-05,0.886597578745963,0.181,0.279,0.588750189620694,"0","Gpr157"
4.94061344962902e-05,0.774805374015704,0.147,0.244,0.94143389282681,"0","Hook2"
5.14586505961167e-05,1.05793582727373,0.061,0.106,0.980544587109003,"0","Ap5z1"
6.4976310853657e-05,1.19275589852436,0.073,0.119,1,"0","Pld2"
6.83174265252213e-05,0.815655444629818,0.08,0.11,1,"0","Zc2hc1a"
8.47836064337742e-05,0.756921356885444,0.12,0.206,1,"0","Gins3"
0.0001075885322985,0.680240071052407,0.415,0.648,1,"0","Fis1"
0.000131141549362436,1.05487533206213,0.068,0.112,1,"0","Dexi"
0.000143462958915082,0.916447853086849,0.083,0.14,1,"0","Myb"
0.000151001033806696,1.00282796039036,0.06,0.103,1,"0","Bmf"
0.000158317418829856,0.521829197383393,0.379,0.594,1,"0","Lpp"
0.00016253217584536,0.536414361122088,0.578,0.627,1,"0","Mreg"
0.000196765303121212,0.832444687555593,0.264,0.395,1,"0","Gpd2"
0.000216918478095665,0.992881772394375,0.29,0.442,1,"0","Ppdpf"
0.000230317590348066,0.550457374897876,0.647,0.831,1,"0","Nfkb2"
0.000244434276772746,0.560244777011797,0.068,0.123,1,"0","Tm4sf5"
0.00026063003476003,0.94825287558655,0.087,0.138,1,"0","Tmem140"
0.000305960577437458,0.836939702852691,0.479,0.469,1,"0","Slc4a8"
0.0003071365212977,1.37231850051929,0.061,0.101,1,"0","Abcg1"
0.000330769797571586,0.987139451985997,0.232,0.314,1,"0","Atp6v0a1"
0.000335046101742146,1.07924233124873,0.27,0.388,1,"0","Rptor"
0.000389059309672352,0.590871860465,0.393,0.632,1,"0","H2-K1"
0.000507850533741623,0.731975386476935,0.128,0.204,1,"0","Cmc2"
0.000567570936561042,0.614003341042409,0.231,0.351,1,"0","Vsig10"
0.000572119272230163,0.864946851316656,0.286,0.427,1,"0","Gtpbp2"
0.000756988937335161,0.646298760408232,0.615,0.712,1,"0","Txndc17"
0.000916747723862112,0.740503572156832,0.264,0.407,1,"0","Pgap6"
0.000953075980068366,0.851139253678903,0.345,0.516,1,"0","Ap3b1"
0.000983955177468734,0.63440519877818,0.28,0.409,1,"0","Stoml1"
0.00140150969442356,1.00078431389028,0.19,0.239,1,"0","Tpm1"
0.00158343633326085,0.527647873672997,0.385,0.612,1,"0","Cd274"
0.0016672504650379,0.726917335066819,0.419,0.531,1,"0","Mllt6"
0.00202971925792266,0.556287313423764,0.311,0.457,1,"0","Nudt9"
0.00203863188797553,0.642958877319229,0.374,0.589,1,"0","Aebp2"
0.00218657102146047,0.864980480218966,0.293,0.423,1,"0","Zfp366"
0.00234782189415908,1.47490598042395,0.132,0.187,1,"0","H2ac25"
0.00247553226476441,1.20986111059293,0.184,0.189,1,"0","Agap1"
0.00260846642741794,0.585445620026243,0.282,0.426,1,"0","Tmem19"
0.00283727010770552,0.995795226149576,0.221,0.274,1,"0","Mical3"
0.00308391949277114,1.26799952269457,0.097,0.131,1,"0","Fuz"
0.00311698488608284,0.634299434942773,0.517,0.572,1,"0","Ncoa7"
0.00371812443578337,0.643917843166866,0.578,0.733,1,"0","Relb"
0.00371856354628789,0.710711630888582,0.374,0.571,1,"0","Clec2d"
0.00398169109132106,0.947159845418928,0.107,0.146,1,"0","Dscaml1"
0.00414007702604551,0.835594747474095,0.152,0.229,1,"0","Synpo2"
0.00432261815213504,0.6253574531554,0.377,0.549,1,"0","Trim35"
0.00433149744568368,0.786470338223775,0.38,0.588,1,"0","Uba7"
0.00468660546792132,1.16285175988778,0.163,0.164,1,"0","Rnf157"
0.00469428411776743,0.678967959485161,0.215,0.309,1,"0","Il15"
0.00583136706198084,0.612666473865189,0.377,0.518,1,"0","Clip2"
0.00641692261456575,0.978322829312192,0.096,0.141,1,"0","Arhgap28"
0.00685057009479735,0.626529515920762,0.264,0.369,1,"0","Arpin"
0.00721215914029586,0.853656577704357,0.179,0.263,1,"0","Nostrin"
0.00728602880178993,0.886812706786162,0.411,0.598,1,"0","Arglu1"
0.00769541693045268,1.08065008082483,0.11,0.158,1,"0","Tnni3"
0.00839290675335895,1.48425323981947,0.08,0.112,1,"0","Dusp22"
0.00854150965397958,0.604433126977137,0.358,0.518,1,"0","Vwa5a"
0.00892531077088286,0.589553110721174,0.264,0.38,1,"0","Tmem150c"
0.0094132467615015,0.543867089322338,0.383,0.561,1,"0","Anxa4"
0,4.67332481476263,0.89,0.051,0,"1","Ly6e"
0,5.16127510508246,0.878,0.046,0,"1","Alox5ap"
0,5.97366123224752,0.834,0.015,0,"1","Itk"
0,4.96834555104334,0.897,0.08,0,"1","Plbd1"
0,7.26037986613251,0.821,0.009,0,"1","Gimap4"
0,5.8813207214292,0.814,0.015,0,"1","Ptpn22"
0,4.80634199931764,0.816,0.035,0,"1","Cd53"
0,7.01403576673097,0.754,0.008,0,"1","Trac"
0,5.16170988757922,0.761,0.022,0,"1","Septin1"
0,6.35474384295483,0.735,0.009,0,"1","Lck"
0,4.61416034827044,0.759,0.039,0,"1","Wdfy4"
0,6.41142213043882,0.708,0.006,0,"1","Sh2d2a"
0,5.70357622793461,0.717,0.017,0,"1","Ly6a"
0,6.65342578931871,0.696,0.008,0,"1","Gimap3"
0,4.31489383049456,0.706,0.023,0,"1","Acap1"
0,5.92155918915623,0.688,0.011,0,"1","Ets1"
0,5.90469535952505,0.671,0.01,0,"1","Cd3d"
0,5.34822258038064,0.673,0.013,0,"1","Itgal"
0,5.87445821352945,0.66,0.009,0,"1","Cd2"
0,7.27577849630625,0.651,0.005,0,"1","Cd3e"
0,7.02365582827464,0.609,0.004,0,"1","Il2rb"
8.90592263034098e-305,6.73149578232135,0.65,0.009,1.69702355721147e-300,"1","Thy1"
1.56699760663685e-304,7.37570501610684,0.605,0.005,2.98591393944652e-300,"1","Nkg7"
4.48791950473408e-301,4.93426447327484,0.938,0.081,8.55173061627079e-297,"1","Gm2a"
3.9174170268834e-300,5.97122422385683,0.639,0.014,7.46463814472632e-296,"1","Naaa"
1.09673536070643e-298,4.35816533068258,0.892,0.075,2.0898292298261e-294,"1","Rac2"
1.23423568959454e-296,4.42165812596353,0.65,0.023,2.3518361065224e-292,"1","Myo1f"
2.56892351025255e-294,5.11544159015406,0.665,0.025,4.89508374878624e-290,"1","Ccr5"
2.50096471892995e-292,4.06023666177323,0.72,0.037,4.76558827192102e-288,"1","Cyth4"
1.86661714934111e-288,4.74917281911392,0.673,0.031,3.55683897806949e-284,"1","Havcr2"
2.61922133445883e-286,3.95592508125582,0.726,0.049,4.99092625281129e-282,"1","Itgb7"
9.68866027910872e-284,3.29031267788434,0.731,0.049,1.84617421618417e-279,"1","Gsn"
1.17800596547079e-283,3.59313672227976,0.754,0.055,2.2446903672046e-279,"1","Ifi203"
2.16697682491389e-282,5.43259369304152,0.642,0.02,4.12917433987342e-278,"1","Emb"
1.08051831944371e-280,3.13253550276089,0.881,0.115,2.05892765769999e-276,"1","H2-DMa"
3.90439295936954e-279,5.09649783179154,0.612,0.016,7.43982078407866e-275,"1","Ms4a6b"
1.44836312527143e-276,8.42353522737178,0.526,0.002,2.75985593520471e-272,"1","Ctla4"
3.40366858007939e-276,3.68794128779595,0.966,0.161,6.48569047934128e-272,"1","Shisa5"
8.44333629758314e-275,3.51806687995052,0.623,0.032,1.60887773150447e-270,"1","Rasal3"
5.51080860907117e-274,3.79617407667907,0.851,0.097,1.05008458045851e-269,"1","Ifngr1"
5.72689503553866e-273,7.21529053990336,0.535,0.004,1.09125984902189e-268,"1","Ctsw"
7.74340199561768e-273,3.6922389696009,0.766,0.048,1.47550525026495e-268,"1","Anxa6"
9.86647381102386e-272,4.21938745641983,0.72,0.032,1.8800565846906e-267,"1","Itgb2"
1.70214725375689e-270,4.50931860263746,0.575,0.014,3.24344159203376e-266,"1","Sla"
1.96255307624088e-270,3.68006958521896,0.641,0.029,3.739644886777e-266,"1","Lcp2"
3.83097630919871e-270,5.94781766500652,0.559,0.008,7.29992535717814e-266,"1","Gimap6"
5.49616674959336e-270,7.99797686776655,0.527,0.002,1.04729457413501e-265,"1","Zap70"
1.87517111579282e-269,4.62029809764804,0.593,0.018,3.57313856114322e-265,"1","Tm6sf1"
1.9990250397272e-267,4.08587111772213,0.88,0.092,3.80914221320019e-263,"1","Zfp36l2"
1.63732630411328e-266,6.67673436666478,0.524,0.005,3.11992527248786e-262,"1","Cd28"
4.04784710904119e-265,3.19558287121738,0.892,0.113,7.71317266627799e-261,"1","Hcls1"
4.34693695070921e-262,4.02844934572681,0.715,0.033,8.28308835957639e-258,"1","Evl"
9.19035259705292e-262,5.67004094144543,0.49,0.005,1.75122168736843e-257,"1","Rnf125"
2.10088727147283e-261,5.50550186788405,0.545,0.009,4.00324069579148e-257,"1","Gpr171"
8.41873071363452e-260,4.94906934079133,0.57,0.013,1.60418913748306e-255,"1","Grap2"
1.58739879539402e-259,6.5429133099574,0.527,0.007,3.0247884046233e-255,"1","Cd5"
2.33810652943011e-253,4.39305627125958,0.543,0.019,4.45526199182908e-249,"1","Spata13"
5.8499171956821e-252,4.0260622534133,0.646,0.039,1.11470172163722e-247,"1","Prkch"
2.12133389572418e-251,5.0215714944602,0.515,0.01,4.04220173830242e-247,"1","Gimap8"
1.2734600837914e-250,3.29743386505374,0.793,0.073,2.42657818966452e-246,"1","Sema4d"
6.58093980477327e-248,4.07627465133816,0.646,0.042,1.25399807979955e-243,"1","Plac8"
4.19572177671019e-247,3.81217493001548,0.642,0.038,7.99494784552127e-243,"1","Dgka"
1.15078723532552e-246,4.11118287118292,0.559,0.024,2.19282507691277e-242,"1","Iqgap2"
2.9635193782001e-246,3.57559858013549,0.593,0.031,5.64698617516029e-242,"1","Fli1"
9.96570627698541e-245,6.79315477186267,0.49,0.005,1.89896533107957e-240,"1","Ms4a4b"
3.36076426221269e-244,3.99232354469089,0.512,0.02,6.40393630164628e-240,"1","Plcb2"
3.17591377031193e-242,3.11824844477352,0.894,0.155,6.05170368932939e-238,"1","Fxyd5"
4.50298941371757e-241,3.5831232676702,0.667,0.053,8.58044632783883e-237,"1","Cd69"
4.30399487336145e-240,3.72974055939137,0.627,0.039,8.20126223119024e-236,"1","Ltb"
1.81931354093042e-236,6.14769992985652,0.469,0.005,3.46670195224292e-232,"1","Ikzf3"
2.84767574732737e-236,5.75956684327205,0.478,0.007,5.4262461365323e-232,"1","Itgae"
4.73537743990289e-236,2.84029387378813,0.989,0.259,9.02326171173495e-232,"1","H2-Ab1"
6.59334881375018e-235,5.65541485615034,0.428,0.003,1.2563626164601e-230,"1","Ablim1"
9.03165214308409e-233,6.03461041777649,0.462,0.006,1.72098131586467e-228,"1","Qpct"
6.0889536403782e-226,3.13130261811062,0.639,0.054,1.16025011617407e-221,"1","Camk1d"
2.13559678419751e-225,3.04223353639353,0.742,0.082,4.06937967228835e-221,"1","S100a10"
3.0745004147862e-225,6.21237006568275,0.446,0.004,5.8584605403751e-221,"1","Ccr2"
1.21120826229401e-224,7.84475630301199,0.453,0.003,2.30795734380123e-220,"1","Gimap9"
2.8012007498224e-223,5.12017073469777,0.453,0.009,5.33768802878658e-219,"1","Cd244a"
5.12629200851044e-223,3.42626755936873,0.522,0.035,9.76814942221665e-219,"1","Ighm"
3.14075599467261e-222,3.19083667419149,0.779,0.107,5.98471054784866e-218,"1","Rgs2"
4.45225641795869e-222,3.62055500402545,0.561,0.03,8.48377460442028e-218,"1","H2-DMb1"
9.7492034520097e-219,3.20927441846027,0.828,0.126,1.85771071778045e-214,"1","Pik3ap1"
1.7175813315866e-218,6.68479390113827,0.423,0.004,3.27285122733826e-214,"1","Ctla2a"
1.76102379479056e-218,3.13175910499313,0.577,0.046,3.35563084097342e-214,"1","Fgd3"
1.94008343439104e-217,2.68412060719398,0.685,0.078,3.69682898423212e-213,"1","Arhgap9"
5.47540743797907e-214,2.3171138231551,0.701,0.083,1.04333888730691e-209,"1","Ciita"
1.33512910720568e-212,3.56865061579685,0.531,0.035,2.54408851378042e-208,"1","H2-Ob"
1.01698767665394e-211,4.75925236061173,0.455,0.015,1.93787001786409e-207,"1","Slamf8"
1.26663452550356e-211,4.48112269436683,0.423,0.01,2.41357208834703e-207,"1","Unc119b"
2.21055534231109e-210,2.88484376454482,0.692,0.081,4.21221320477378e-206,"1","Neurl3"
8.4354755716093e-210,2.68219853071706,0.722,0.088,1.60737987017015e-205,"1","Bin2"
1.04785216905646e-209,2.74109861666832,0.651,0.068,1.99668230813708e-205,"1","Rin3"
3.01415340834635e-208,3.39900073844739,0.52,0.03,5.74346931960397e-204,"1","Irag2"
6.51595907354862e-206,2.97338464523992,0.545,0.034,1.24161600146469e-201,"1","Gng2"
7.03916755897172e-206,4.03700732031643,0.455,0.017,1.34131337836206e-201,"1","Tbxas1"
9.89501776760667e-206,5.2697042941777,0.651,0.057,1.88549563561745e-201,"1","Ppt1"
3.29093407458331e-203,2.08559426891705,0.977,0.451,6.2708748791185e-199,"1","Laptm5"
2.54504787457061e-202,3.76723720381509,0.453,0.013,4.84958872499429e-198,"1","Il16"
3.14614720678652e-202,3.16553205762919,0.527,0.04,5.99498350253171e-198,"1","Ptpre"
2.29502921375261e-201,3.0380558099709,0.867,0.152,4.37317816680559e-197,"1","Cotl1"
2.79136808887462e-201,4.66452774621098,0.453,0.014,5.31895189335058e-197,"1","Klrb1b"
3.16178909980042e-201,3.98234561903029,0.462,0.016,6.02478912966969e-197,"1","Kcnn4"
1.8976861834602e-200,4.77204791607569,0.45,0.014,3.61604102258342e-196,"1","Cfp"
3.87532114397873e-199,5.01154904713538,0.382,0.007,7.38442443985147e-195,"1","Padi2"
1.01000902670318e-198,3.16260513313617,0.515,0.032,1.9245722003829e-194,"1","Jaml"
5.96203555040282e-198,2.29193966309204,0.758,0.12,1.13606587412926e-193,"1","Cd82"
7.96587076970242e-197,2.98033743166013,0.589,0.062,1.5178966751668e-192,"1","Tagap"
9.82557827671426e-197,2.39067762440223,0.77,0.12,1.8722639406279e-192,"1","Pld4"
2.22345406526722e-196,5.80722712755182,0.396,0.006,4.2367917213667e-192,"1","Prkcq"
3.01606985384676e-196,2.71876597138387,0.646,0.07,5.74712110650501e-192,"1","Pstpip1"
2.36528598209853e-194,3.10067586067376,0.542,0.047,4.50705243888875e-190,"1","Itgax"
5.8480216857322e-194,2.42518105594925,0.683,0.088,1.11434053221627e-189,"1","Pik3cd"
1.27464168834028e-193,2.56737283455693,0.804,0.139,2.42882973713241e-189,"1","Inpp5d"
1.94614806576264e-193,6.74180007440006,0.375,0.002,3.70838513931071e-189,"1","Cxcr6"
2.89775282781842e-193,6.17248461147352,0.411,0.006,5.52166801340799e-189,"1","Cd4"
3.58494515947645e-193,4.05925456083929,0.414,0.014,6.83111300138238e-189,"1","Parvg"
7.77489146386004e-193,3.66354272474453,0.648,0.075,1.48150556843853e-188,"1","Ifitm3"
8.67992501792277e-193,3.00800021359041,0.421,0.029,1.65395971216518e-188,"1","Fmnl3"
1.07793604519719e-192,3.14541541776621,0.379,0.013,2.05400713412324e-188,"1","Slc9a9"
1.11207917619549e-192,3.46506931706783,0.441,0.026,2.11906687024051e-188,"1","Plk3"
2.44544070950996e-192,3.84168045448298,0.596,0.041,4.65978727197122e-188,"1","Lgals3"
3.90150181575481e-192,2.7378817885525,0.804,0.173,7.43431170992078e-188,"1","Vps37b"
2.40943323380501e-191,6.11554161228693,0.365,0.005,4.59117502701545e-187,"1","Faah"
1.46522700854375e-190,6.9606236733879,0.377,0.003,2.79199006478012e-186,"1","Trbc1"
6.8067994009103e-190,4.5183033463163,0.428,0.013,1.29703562584346e-185,"1","Tex2"
1.10827874891693e-188,3.97862281730222,0.561,0.034,2.1118251560612e-184,"1","Icos"
1.72623727065836e-187,2.25269800597344,0.814,0.155,3.28934511923951e-183,"1","Ptpn18"
2.53612055272718e-187,3.47551503173515,0.623,0.068,4.83257771322164e-183,"1","Ifi205"
1.60464375177103e-186,2.43761009710646,0.591,0.06,3.05764866899971e-182,"1","Slc1a5"
8.16272629212859e-186,4.26885954613542,0.414,0.012,1.5554074949651e-181,"1","Spn"
1.76391007849136e-185,5.95569334312163,0.361,0.004,3.36113065456528e-181,"1","Bcl11b"
1.12191099266878e-184,5.85683873659062,0.382,0.004,2.13780139653036e-180,"1","Skap1"
2.36533479212137e-184,5.88578662797015,0.381,0.005,4.50714544638727e-180,"1","Trbc2"
4.95138416960238e-184,4.31079200085456,0.384,0.009,9.43486253517733e-180,"1","Eeig1"
4.97192796351905e-184,3.52180499218082,0.508,0.04,9.47400873448555e-180,"1","Pid1"
2.39321754470298e-183,4.38503556337212,0.37,0.014,4.56027603143152e-179,"1","Nlrp3"
4.38379420673828e-183,4.40353102293759,0.398,0.011,8.35331986093979e-179,"1","Rasgrp4"
4.63503968610798e-183,6.68620782507196,0.361,0.002,8.83206812187876e-179,"1","Lat"
2.17126946755664e-182,2.16214201137574,0.565,0.064,4.13735397042918e-178,"1","Lbh"
3.42650506880988e-182,2.9475633771355,0.55,0.057,6.52920540861722e-178,"1","Txnip"
5.54561714171502e-182,3.05641692850921,0.499,0.038,1.0567173463538e-177,"1","Nfatc2"
1.42832473882476e-181,2.77219137051275,0.669,0.089,2.72167278983058e-177,"1","Fosl2"
2.35040326064156e-181,3.57826617705374,0.427,0.02,4.4786934131525e-177,"1","Mctp1"
3.89268327771464e-181,4.00398174674317,0.375,0.013,7.41750798568525e-177,"1","Entpd1"
6.50981160871416e-181,2.26029766059919,0.828,0.171,1.24044460204048e-176,"1","Mbnl1"
7.40019056264131e-181,2.61526112166814,0.786,0.146,1.4101063117113e-176,"1","Plekho2"
6.14645322834871e-180,2.64977146715923,0.358,0.024,1.17120666266185e-175,"1","Ssbp4"
6.22216701652384e-180,4.23637493017406,0.365,0.013,1.18563392499862e-175,"1","Anxa1"
1.84717309092855e-179,3.65250770468855,0.421,0.022,3.51978832476435e-175,"1","Lat2"
2.13999843337355e-179,4.87186580532708,0.366,0.006,4.0777670147933e-175,"1","Inpp4b"
2.44371712466603e-179,4.72131406238184,0.396,0.011,4.65650298105112e-175,"1","Fam78a"
4.79794276314883e-179,2.57984629281451,0.488,0.04,9.14247993518009e-175,"1","Eif4g3"
6.87753875054767e-179,3.87401583819861,0.352,0.011,1.31051500891686e-174,"1","Gna15"
1.83015940000134e-178,4.73507300789774,0.411,0.009,3.48736873670255e-174,"1","Ikzf2"
1.98786798172104e-177,6.07424815383466,0.366,0.004,3.78788243916944e-173,"1","Cxcr3"
3.12476018579295e-177,2.54797774080461,0.503,0.044,5.95423053402847e-173,"1","Adcy7"
1.3857619608663e-176,2.24449678453463,0.664,0.088,2.64056941643074e-172,"1","Macf1"
2.42471310750048e-176,7.3328191540568,0.35,0.002,4.62029082634217e-172,"1","Nt5e"
4.07695195273362e-176,2.09522867333017,0.832,0.187,7.76863194593392e-172,"1","Slfn2"
1.57904760350026e-174,3.39369167987165,0.419,0.02,3.00887520846974e-170,"1","Tgfbr2"
6.88620736985352e-174,2.43901985440476,0.54,0.058,1.31216681432559e-169,"1","Mical1"
1.00417777353071e-173,4.21784281807455,0.4,0.019,1.91346074746276e-169,"1","Cd72"
3.77865503409634e-173,2.94550432411215,0.789,0.153,7.20022716747057e-169,"1","Nr4a1"
9.80960930943383e-173,2.40369880740418,0.772,0.145,1.86922105391262e-168,"1","Itpkb"
3.27702705426928e-172,2.47946833255348,0.66,0.102,6.24437505191011e-168,"1","Tgfb1"
3.15457946202967e-171,3.90251811518018,0.43,0.025,6.01105116489753e-167,"1","Fcgr2b"
9.98265341322372e-171,7.0099354952652,0.317,0.001,1.90219460788978e-166,"1","Ifng"
1.19359710760273e-170,1.77304084045187,0.991,0.66,2.274399288537e-166,"1","Cd74"
5.63448730108001e-169,4.83080894688167,0.379,0.011,1.0736515552208e-164,"1","Rab7b"
1.82456966751706e-168,2.54411061357858,0.535,0.051,3.47671750145375e-164,"1","Ski"
2.25867581937713e-168,3.88958673074779,0.388,0.011,4.30390677382312e-164,"1","Il27ra"
3.0327719285069e-168,2.40014247742661,0.71,0.122,5.77894690976991e-164,"1","Septin6"
5.59794009375915e-168,3.39280522271758,0.358,0.021,1.06668748486581e-163,"1","Cd68"
1.51191558707047e-167,5.6576840883405,0.335,0.005,2.88095515116278e-163,"1","Il18rap"
1.53051375338329e-167,3.19833804723405,0.389,0.021,2.91639395707186e-163,"1","Cd84"
6.7926863205065e-167,3.80832777127539,0.458,0.033,1.29434637837251e-162,"1","Cebpb"
3.16161419261466e-166,2.12973237156018,0.673,0.12,6.02445584402723e-162,"1","Irak2"
7.13782869170136e-166,2.13295740433404,0.726,0.126,1.36011325720369e-161,"1","Adgre5"
9.42324478243596e-166,2.39900590741584,0.655,0.112,1.79559929329317e-161,"1","Gng10"
3.29560477192476e-165,4.85529341585889,0.342,0.006,6.27977489290263e-161,"1","Ctla2b"
2.29799159322388e-164,3.46600110798465,0.327,0.012,4.3788229808881e-160,"1","Notch1"
7.85488968405387e-164,4.32804799015125,0.365,0.012,1.49674922929647e-159,"1","Bcl2"
3.67318445199904e-163,7.90879020342505,0.301,0.001,6.99925297328417e-159,"1","Xcl1"
6.76041983681251e-163,1.85271033287529,0.97,0.501,1.28819799990462e-158,"1","Cd52"
1.63019967251103e-162,3.21519952370046,0.405,0.019,3.10634547596977e-158,"1","Hacd3"
1.65242688789304e-162,2.12445190927274,0.926,0.315,3.14869943488019e-158,"1","Arhgdib"
4.52924074475972e-162,3.12764252032676,0.513,0.047,8.63046823913965e-158,"1","Rasgef1b"
1.05037438817931e-161,3.92335360745668,0.389,0.019,2.00148839667568e-157,"1","Cd300a"
3.49640061832173e-161,2.03568262800809,0.892,0.302,6.66239137821205e-157,"1","Ptprc"
2.01862955163172e-160,4.11938872573053,0.683,0.081,3.84649861063424e-156,"1","Psap"
5.09587770543943e-160,3.12283950000163,0.469,0.039,9.71019496771482e-156,"1","Nedd9"
1.5962756454765e-159,3.2837604144636,0.377,0.016,3.04170324245547e-155,"1","Slco3a1"
9.20682516128452e-159,1.6556200000008,0.989,0.501,1.75436053448277e-154,"1","H2-Eb1"
1.13354279225866e-158,2.78181491048172,0.393,0.024,2.15996579064888e-154,"1","Pitpnc1"
2.16448378570055e-158,2.24096550316287,0.547,0.074,4.1244238536524e-154,"1","Gnl3"
4.00831992399723e-158,3.75281767253585,0.336,0.01,7.63785361517671e-154,"1","Arhgef18"
7.27490448453289e-158,1.92145115461345,0.759,0.153,1.38623304952774e-153,"1","Rassf5"
9.20485556263891e-158,2.48190186595992,0.46,0.035,1.75398522746084e-153,"1","Flt3l"
2.1485137048952e-157,3.98921192360204,0.381,0.014,4.09399286467781e-153,"1","Grap"
4.7136446825393e-157,2.76362565123779,0.411,0.039,8.98184994257863e-153,"1","Fcgrt"
1.78026933063114e-156,5.34773662753313,0.333,0.004,3.39230320951763e-152,"1","S1pr4"
6.26219146696048e-156,1.756729919801,0.683,0.12,1.19326058402932e-151,"1","Irf7"
6.38135150554977e-156,2.58537064897752,0.474,0.047,1.21596652938251e-151,"1","Rpn1"
2.36955891164471e-155,2.55095093884957,0.416,0.046,4.51519450613899e-151,"1","Adrb2"
2.57946898521834e-155,3.58625363286566,0.441,0.022,4.91517815133355e-151,"1","Hopx"
4.94191253418155e-155,2.66582885558997,0.412,0.032,9.41681433388294e-151,"1","Tcp11l2"
5.3825682362686e-155,2.03870767601446,0.619,0.115,1.02564837742098e-150,"1","Map2k3"
6.12453138927704e-155,2.36993115779848,0.469,0.052,1.16702945622674e-150,"1","Ldha"
6.58540028807039e-155,4.57298667004932,0.356,0.014,1.25484802489181e-150,"1","Ms4a6c"
1.50595457580548e-154,2.28117742926759,0.66,0.123,2.86959644419733e-150,"1","Hspa5"
3.48062200155289e-154,1.88614164304174,0.639,0.107,6.63232522395904e-150,"1","Nop10"
4.44216376112868e-154,7.37404344983419,0.308,0.002,8.46454304683069e-150,"1","Cd3g"
1.10845338298516e-153,4.06661395734531,0.335,0.01,2.11215792127823e-149,"1","Hcst"
2.13583592483582e-152,2.23894654405937,0.522,0.063,4.06983535477465e-148,"1","Snx18"
9.70808793231192e-152,4.37779385333412,0.412,0.028,1.84987615550204e-147,"1","Xcr1"
1.21581271921625e-151,2.57413141610593,0.412,0.035,2.31673113646657e-147,"1","Tnfaip8l2"
1.24510270324688e-151,2.29938711753405,0.648,0.122,2.37254320103693e-147,"1","Trib1"
1.27942909180519e-151,2.65894761333937,0.464,0.044,2.43795213443479e-147,"1","Stap1"
2.15337677603994e-151,3.93666027459609,0.389,0.017,4.1032594467441e-147,"1","Wfdc17"
2.7446717162042e-151,2.94316555604891,0.407,0.026,5.22997195522711e-147,"1","Stk10"
6.34715896890168e-151,3.00560156484264,0.409,0.03,1.20945114152422e-146,"1","Slfn8"
3.83400078213698e-150,1.70835742182611,0.979,0.494,7.30568849036202e-146,"1","H2-Aa"
4.49787226124901e-150,3.50360145719698,0.349,0.013,8.57069559380999e-146,"1","Lpar6"
5.7668432121814e-150,2.23617387933228,0.697,0.154,1.09887197408117e-145,"1","H2-Oa"
1.7487320395489e-149,2.93975841550798,0.372,0.029,3.33220890136042e-145,"1","Ly9"
4.19432947051793e-149,2.67483003095642,0.439,0.034,7.99229480607191e-145,"1","Cish"
7.9687089558195e-149,3.29363744865406,0.324,0.016,1.51843749153141e-144,"1","Cd180"
1.05782085765692e-148,7.13251910401374,0.285,0.002,2.01567764426526e-144,"1","Gimap7"
1.19493162523175e-148,2.1757308929143,0.428,0.042,2.2769422118791e-144,"1","Hsd17b8"
5.25331866114835e-148,2.35333675579068,0.444,0.039,1.00101987088182e-143,"1","Lbr"
6.45651549556176e-148,3.64831637787775,0.377,0.02,1.23028902767929e-143,"1","Samd9l"
1.71454160797801e-147,2.59388295024559,0.485,0.054,3.26705903400209e-143,"1","Vars"
2.50711741158047e-147,4.42151954363885,0.308,0.012,4.77731222776658e-143,"1","Hilpda"
6.65455311740614e-147,2.02541539179271,0.805,0.225,1.26802509652174e-142,"1","Stk17b"
1.15505329215301e-146,2.57489307633124,0.37,0.034,2.20095404819756e-142,"1","Ctsa"
2.06415777141731e-146,3.23621103869307,0.425,0.036,3.93325263343569e-142,"1","Ifi207"
4.03144999238519e-146,4.07356233569017,0.258,0.005,7.68192796048998e-142,"1","Idh3a"
3.63232852160118e-145,4.53758874202069,0.342,0.011,6.92140199791104e-141,"1","Plaur"
1.12763998915582e-144,4.12411432001286,0.326,0.013,2.14871799933641e-140,"1","Hepacam2"
2.23066058946609e-144,2.65502113889597,0.51,0.054,4.25052375322763e-140,"1","Satb1"
2.64075114596137e-144,2.49594110461889,0.419,0.039,5.03195130862939e-140,"1","Plekhm3"
1.54262070803646e-143,6.80109902715254,0.205,0.001,2.93946375916348e-139,"1","Ppp1r16b"
5.43781675273659e-143,2.04273682144728,0.883,0.29,1.03617598223396e-138,"1","Btg2"
1.119821360321e-142,1.94668639446891,0.565,0.096,2.13381960209166e-138,"1","B4galt1"
2.97605730614098e-142,2.34004106313834,0.35,0.027,5.67087719685164e-138,"1","Klf10"
4.77124221236412e-142,4.37412618377357,0.317,0.008,9.09160203565983e-138,"1","Carmil2"
5.15988695694584e-142,1.6311590859247,0.958,0.506,9.83216459646029e-138,"1","Coro1a"
5.84964924297025e-142,6.84976565451683,0.28,0.003,1.11465066324798e-137,"1","Cd226"
9.87720996910698e-142,2.25632324480465,0.545,0.074,1.88210235961334e-137,"1","Clec12a"
1.53099833507861e-141,6.26697582612231,0.292,0.003,2.91731732749229e-137,"1","Ptpn7"
8.38275747071564e-141,1.80973523700293,0.478,0.071,1.59733443604486e-136,"1","Vav1"
1.58608749607404e-140,1.94796614458748,0.671,0.142,3.02228972376909e-136,"1","Arl6ip5"
6.61072701419101e-140,2.98144858380874,0.619,0.097,1.2596740325541e-135,"1","Fth1"
7.28191670567384e-140,3.38351220721745,0.35,0.019,1.38756922826615e-135,"1","Ms4a4c"
4.39838247226712e-139,2.35201247119954,0.632,0.126,8.38111780090501e-135,"1","Odc1"
8.84188076129538e-139,2.00387715180005,0.393,0.046,1.68482037906484e-134,"1","Zfp385a"
9.21844218816545e-139,3.14014796701825,0.354,0.021,1.75657415895493e-134,"1","Il6ra"
1.55527727359874e-138,2.95445941628107,0.343,0.023,2.9635808448424e-134,"1","Arhgap25"
2.27645669368132e-138,3.11804983797995,0.335,0.021,4.33778822980975e-134,"1","Arsb"
2.40693976055544e-138,5.76380496982918,0.274,0.003,4.58642371373839e-134,"1","Rgs16"
5.54384518320286e-138,2.8664551041739,0.343,0.025,1.05637969965931e-133,"1","Wdfy2"
1.42949114930971e-137,1.85492850576283,0.559,0.086,2.72389538500965e-133,"1","Tmem50b"
1.83174112497511e-137,3.88362166594739,0.322,0.012,3.49038271364008e-133,"1","Isg20"
1.95024658450233e-137,1.89931369388953,0.782,0.209,3.71619486676919e-133,"1","Irf2bp2"
1.97562182194005e-137,1.93768832370715,0.561,0.095,3.76454738170676e-133,"1","Cd37"
3.13299174666272e-137,2.42204203162667,0.448,0.048,5.96991577326581e-133,"1","Lgals3bp"
3.39936220332035e-137,4.25046956277271,0.304,0.013,6.47748467842692e-133,"1","Ms4a6d"
1.21730045800672e-136,4.27104067051733,0.273,0.005,2.31956602273181e-132,"1","Rhoh"
5.61801158215692e-136,4.41108753804255,0.322,0.008,1.07051210698e-131,"1","Ptger2"
5.82404070427562e-136,1.7046072345941,0.676,0.148,1.10977095619972e-131,"1","Jarid2"
1.64469101616435e-135,1.96375351294567,0.733,0.186,3.13395873130117e-131,"1","Dnaja1"
2.01513402337931e-135,2.01926115697812,0.572,0.105,3.83983788154927e-131,"1","Irgm1"
2.39099651535374e-135,2.8942526631511,0.326,0.02,4.55604386000656e-131,"1","Sigmar1"
5.12945762308887e-135,2.07951606040722,0.303,0.024,9.77418150079585e-131,"1","Gde1"
6.10277097808394e-135,8.26316859015906,0.267,0.001,1.1628830098739e-130,"1","Cd209a"
7.2249384846397e-135,3.4903660168933,0.352,0.021,1.37671202824809e-130,"1","Ugcg"
1.34964049585834e-134,2.23611199808175,0.444,0.057,2.57173996485807e-130,"1","Dhx40"
1.85961962006719e-134,1.95185684210924,0.561,0.088,3.54350518603803e-130,"1","Septin9"
2.53505925482324e-134,2.06328971592634,0.588,0.11,4.83055541006568e-130,"1","Sdcbp"
2.83265731446863e-134,6.50690104220547,0.281,0.002,5.39762851271998e-130,"1","Izumo1r"
3.34218936917108e-134,1.72862843999722,0.696,0.152,6.3685418429555e-130,"1","Sp100"
5.21120534240759e-134,1.97498328512426,0.658,0.124,9.92995177995766e-130,"1","Saraf"
6.57519550762029e-134,2.69906229700885,0.288,0.015,1.25290350397705e-129,"1","Man2a2"
8.15842115806271e-134,3.6282805556332,0.283,0.012,1.55458715166885e-129,"1","Marchf1"
8.28060359342804e-134,4.24401970981797,0.283,0.007,1.57786901472771e-129,"1","Sell"
1.03672260231593e-133,2.79749976873977,0.336,0.029,1.975474918713e-129,"1","Eps8"
1.40028767416492e-133,3.01332329312449,0.342,0.023,2.66824816312125e-129,"1","Gvin1"
1.47267700251244e-133,2.01062143103485,0.52,0.088,2.80618602828746e-129,"1","Ifi27l2a"
2.20413340363845e-133,1.97922894753331,0.531,0.083,4.19997620063307e-129,"1","Myd88"
2.34514985420548e-133,2.92470807040125,0.333,0.024,4.46868304718854e-129,"1","Ssh2"
4.35866716651452e-133,1.63749713485334,0.701,0.161,8.30544028579342e-129,"1","Ikzf1"
7.43911858212474e-133,5.00835188358199,0.28,0.003,1.41752404582387e-128,"1","Nlrc3"
8.18627370808623e-133,3.24055520271247,0.432,0.048,1.55989445507583e-128,"1","Il1r2"
9.86977454294422e-133,1.67456272355491,0.717,0.165,1.88068553915802e-128,"1","Map4k1"
1.01464685742355e-132,4.34061849149416,0.296,0.008,1.93340958682056e-128,"1","Atp2a3"
1.01606967587497e-132,2.72754958900755,0.706,0.166,1.93612076737975e-128,"1","Fos"
1.04713059141608e-132,5.4652460932108,0.308,0.009,1.99530734194333e-128,"1","Mgl2"
1.34541626430043e-132,1.90802461038392,0.561,0.095,2.56369069162447e-128,"1","Pdia6"
1.45450019117116e-132,2.73197994322203,0.352,0.027,2.77155011427664e-128,"1","Dapk1"
1.45761462637227e-132,2.42422608245469,0.379,0.029,2.77748467055236e-128,"1","Inpp1"
3.51111017964297e-132,2.03082979798177,0.473,0.073,6.69042044730968e-128,"1","Vsir"
5.02541819589325e-132,2.46875024683185,0.338,0.029,9.57593437227459e-128,"1","Lipa"
7.44515203505068e-132,3.06494675005864,0.29,0.016,1.41867372027891e-127,"1","Polr1a"
2.04423424292011e-131,3.61033343605706,0.297,0.009,3.89528834988427e-127,"1","Gbp7"
3.44609557424111e-131,1.70993729542658,0.607,0.123,6.56653511671644e-127,"1","Was"
3.77167202569683e-131,3.68091556099193,0.335,0.02,7.18692104496531e-127,"1","Slamf9"
4.79565488122482e-131,2.25952929881713,0.299,0.017,9.1381203761739e-127,"1","Mfng"
1.422426186177e-130,6.88263415473329,0.234,0.001,2.71043309776027e-126,"1","Gzmb"
2.11177692017842e-130,5.49260204848832,0.262,0.005,4.02399092139999e-126,"1","Lpxn"
2.88743241302277e-130,2.81254349551443,0.342,0.022,5.50200246301489e-126,"1","Ubash3a"
3.00080276286779e-130,4.18145491699127,0.313,0.011,5.71802966464457e-126,"1","Lgals9"
4.04301750567775e-130,3.43347850822711,0.304,0.014,7.70396985706896e-126,"1","Arhgap18"
5.29857313186714e-130,2.51896448857098,0.349,0.03,1.00964311027728e-125,"1","Fuca2"
1.31101196016601e-129,2.60735172097533,0.526,0.088,2.49813329009634e-125,"1","Lilrb4a"
2.11470232985529e-129,2.36800579990208,0.437,0.05,4.02956528953926e-125,"1","Adpgk"
7.20942556473985e-129,2.53148892896271,0.414,0.045,1.37375604136118e-124,"1","Fgr"
8.95468356185529e-129,3.70504601328282,0.306,0.011,1.70631495271152e-124,"1","Maf"
2.1525351709769e-128,1.41435083791897,0.556,0.11,4.10165576829649e-124,"1","Ypel3"
6.84619272525854e-128,2.30487567884146,0.411,0.044,1.30454202379801e-123,"1","Lrrc25"
7.24029663405614e-128,5.62832793777116,0.267,0.003,1.3796385236194e-123,"1","Cd27"
1.05476540577942e-127,1.60340339118073,0.793,0.219,2.00985548071269e-123,"1","Sik1"
1.49597048747174e-127,1.53648522442892,0.538,0.086,2.85057176387741e-123,"1","Hmgcl"
2.72399625395663e-127,2.17840676569722,0.481,0.061,5.19057486191437e-123,"1","Peds1"
3.07906282729152e-127,1.69204159520147,0.625,0.112,5.86715421740399e-123,"1","Mlec"
5.79383422270308e-127,4.18666996672392,0.28,0.007,1.10401511113607e-122,"1","Ptprcap"
6.29556547050138e-127,2.05877165112561,0.589,0.105,1.19962000040404e-122,"1","D16Ertd472e"
9.68864166051715e-127,2.88344684666283,0.274,0.018,1.84617066841154e-122,"1","Pnpla7"
1.38134477527767e-126,1.87784394737576,0.488,0.078,2.63215246929159e-122,"1","Klf13"
1.39369732493468e-126,2.58617190223506,0.361,0.022,2.65569025266303e-122,"1","Ikbke"
1.80337806004988e-126,5.83720802735478,0.257,0.003,3.43633689342504e-122,"1","Themis"
2.26939951013939e-126,2.36781839343375,0.434,0.05,4.32434076657061e-122,"1","Trp53inp1"
2.70855336010732e-126,2.13692478718142,0.549,0.084,5.16114842768449e-122,"1","Furin"
3.307298871323e-126,1.70012716159556,0.781,0.231,6.30205799930597e-122,"1","Ier2"
3.63854437749505e-126,1.82825285247503,0.478,0.071,6.93324631131681e-122,"1","Nbeal2"
6.17464221572826e-126,5.12403401545266,0.235,0.003,1.17657807420702e-121,"1","Dgkz"
7.20557957662879e-126,1.69686266857767,0.862,0.31,1.37302318832662e-121,"1","Vasp"
8.95816103286731e-126,2.6856013027704,0.301,0.011,1.70697758481287e-121,"1","Gtf2i"
9.06450499530122e-126,2.17827944253426,0.43,0.048,1.72724142685465e-121,"1","Mndal"
9.29313855053145e-126,3.96877392320185,0.287,0.01,1.77080755080377e-121,"1","Klhl6"
1.01857760079508e-125,2.96167163654956,0.273,0.015,1.94089961831503e-121,"1","P2ry6"
1.28218870797875e-125,6.04194871256366,0.242,0.002,2.44321058305352e-121,"1","Sytl3"
1.49858663261483e-125,3.10578448686749,0.281,0.013,2.85555682844756e-121,"1","Igf2r"
2.34374242786386e-125,3.44075262267165,0.349,0.02,4.46600119629458e-121,"1","Tgfbi"
7.22259106666419e-125,2.31338937034078,0.504,0.084,1.37626472775286e-120,"1","Tiparp"
9.67398559101775e-125,2.66024559505849,0.333,0.026,1.84337795436843e-120,"1","Bach2"
1.33373740107653e-124,5.24641858596173,0.276,0.006,2.54143661775133e-120,"1","Cd7"
2.19489830935944e-124,7.43532453009937,0.251,0.002,4.18237872848442e-120,"1","Txk"
3.65313261851924e-124,1.98691770907033,0.418,0.051,6.96104420458841e-120,"1","Rara"
4.44344374055057e-124,2.49493044730451,0.336,0.029,8.46698204761911e-120,"1","Nme1"
6.23459199991775e-124,1.37397950123422,0.517,0.096,1.18800150558433e-119,"1","Atp8a1"
1.03711861029164e-123,2.76427666587676,0.315,0.022,1.97622951191073e-119,"1","Ncf4"
1.16964963923545e-123,2.59672606973769,0.363,0.032,2.22876738756314e-119,"1","Slfn1"
2.1469278423166e-123,1.64859361270459,0.69,0.162,4.09097100353429e-119,"1","Fyb"
3.70032994125198e-123,1.60779798539624,0.478,0.072,7.05097870305565e-119,"1","Eml4"
4.04669971178022e-123,1.90107423302003,0.494,0.085,7.71098630079721e-119,"1","Ostc"
1.40095032682475e-122,2.16898335110791,0.421,0.058,2.66951084776456e-118,"1","Nfatc1"
1.68615100331607e-122,2.07026177317027,0.402,0.051,3.21296073681877e-118,"1","Fermt3"
1.78779443297633e-122,1.74578333475259,0.584,0.126,3.40664229203639e-118,"1","Pnp"
1.97139060451222e-122,2.76679855701809,0.331,0.026,3.75648479689804e-118,"1","Man2b1"
2.67531633206464e-122,1.56649241474311,0.481,0.079,5.09781527074918e-118,"1","Mef2d"
2.73279832256788e-122,2.02664722708978,0.768,0.223,5.2073472036531e-118,"1","Fosb"
3.2990454168379e-122,2.65159491101647,0.301,0.022,6.28633104178463e-118,"1","Itgam"
4.09613033616238e-122,2.19453837944553,0.467,0.065,7.80517635555742e-118,"1","Fem1c"
9.06672415244896e-122,5.20407155289032,0.274,0.006,1.72766428724915e-117,"1","Ccr1"
1.19090638726614e-121,3.81799324687664,0.258,0.01,2.26927212093562e-117,"1","Galnt6"
1.46890224933224e-121,1.46138699242844,0.446,0.077,2.79899323610257e-117,"1","Dcaf12"
3.71835146005999e-121,3.56280747897319,0.303,0.016,7.08531870714432e-117,"1","Acp5"
4.01761937990412e-121,1.51032039831103,0.478,0.086,7.6555737284073e-117,"1","Map4k2"
4.14094154566333e-121,1.81592797797392,0.545,0.097,7.89056411526147e-117,"1","Tmem50a"
5.13486120629323e-121,4.70230086856908,0.246,0.006,9.78447802859174e-117,"1","Egr3"
5.33770085686483e-121,2.51179014521988,0.508,0.082,1.01709889827559e-116,"1","Slc15a3"
5.57729462680654e-121,1.43300308656516,0.699,0.185,1.06275349113799e-116,"1","Slc38a1"
5.78587142929479e-121,1.61647052324999,0.758,0.195,1.10249780085212e-116,"1","Ddx21"
6.37454302484842e-121,2.58378712890471,0.288,0.024,1.21466917338487e-116,"1","Gatm"
7.59972809560503e-121,2.99816680235071,0.319,0.022,1.44812818861754e-116,"1","Tmem64"
1.62662557002619e-120,2.86101329214249,0.336,0.018,3.0995350236849e-116,"1","Cd247"
1.770502034916e-120,1.45707840188963,0.627,0.136,3.37369162753243e-116,"1","Xbp1"
1.85631976467482e-120,1.69411328549837,0.487,0.073,3.53721731158788e-116,"1","Ttc39b"
1.8606070835946e-120,1.72996394948407,0.756,0.208,3.54538679778951e-116,"1","Ubl3"
2.14472375550702e-120,4.65005269718191,0.241,0.005,4.08677111611862e-116,"1","Asb2"
2.73836898195791e-120,1.51981874906076,0.506,0.095,5.21796209512079e-116,"1","Atf6"
3.15738135252087e-120,1.87055892696834,0.481,0.076,6.01639016722852e-116,"1","Cd164"
3.52559882525088e-120,6.83106134376173,0.258,0.002,6.71802856151555e-116,"1","Foxp3"
6.81507913609189e-120,2.48534929165587,0.294,0.022,1.29861332938231e-115,"1","Hk2"
1.72267046586238e-119,1.97307777439737,0.448,0.05,3.28254857270076e-115,"1","Hip1r"
3.12295765445105e-119,2.14254647267089,0.303,0.022,5.95079581055647e-115,"1","Trp53i11"
3.3151059215688e-119,1.98426338885413,0.421,0.049,6.31693433354936e-115,"1","Fkbp3"
4.58743523739045e-119,1.5788480236772,0.754,0.206,8.74135784484749e-115,"1","Pfkp"
5.34526866158554e-119,5.51053758376031,0.235,0.003,1.01854094346512e-114,"1","Clec10a"
5.85361966857111e-119,1.76423521248997,0.52,0.103,1.11540722784622e-114,"1","Hfe"
7.25889769598767e-119,2.87459266034228,0.287,0.018,1.38318295597045e-114,"1","Sh2b2"
1.54108794271985e-118,1.77437958296309,0.329,0.03,2.93654307485268e-114,"1","Extl3"
1.57427451706837e-118,1.84040865421276,0.531,0.101,2.99978009227378e-114,"1","Atp6v0a2"
1.74155966485636e-118,2.86452524679556,0.327,0.024,3.3185419413838e-114,"1","Def6"
2.24256729400661e-118,3.01154753544671,0.276,0.014,4.27321197872961e-114,"1","Nfam1"
3.15181743956516e-118,1.77954113986751,0.427,0.06,6.00578813109141e-114,"1","Sh3bp2"
5.19856866013892e-118,1.73042641515151,0.71,0.181,9.90587258189471e-114,"1","Emp3"
6.10868890134079e-118,4.82386444427729,0.242,0.002,1.16401067015049e-113,"1","Lef1"
6.18382193195024e-118,1.3851885907501,0.52,0.094,1.17832726913312e-113,"1","Dars"
7.35097708887495e-118,2.01537205529976,0.354,0.037,1.40072868428512e-113,"1","Tspan14"
1.04697769369209e-117,1.80119824754026,0.582,0.119,1.99501599533027e-113,"1","Kdm7a"
1.29177046872078e-117,4.53809311279439,0.198,0.002,2.46146862814744e-113,"1","Myc"
1.29469385881765e-117,3.83387818825086,0.304,0.017,2.46703914797704e-113,"1","Emilin2"
1.33576951542198e-117,2.17685591393403,0.359,0.04,2.54530881163658e-113,"1","Prkd2"
1.42536779492241e-117,4.54473364688491,0.244,0.005,2.71603833322466e-113,"1","Sfxn1"
1.53859024591196e-117,1.71202062787894,0.441,0.071,2.93178371358523e-113,"1","Snx29"
1.97439487290828e-117,4.23926108743687,0.239,0.003,3.76220943032672e-113,"1","Gimap5"
2.25774504551915e-117,2.13482618782472,0.6,0.124,4.30213318423674e-113,"1","Fcer1g"
2.4065680050074e-117,2.67056704873815,0.182,0.013,4.58571533354159e-113,"1","Prkcb"
3.12953640170084e-117,2.0633687860191,0.405,0.051,5.96333161344096e-113,"1","Abr"
7.57031073095282e-117,1.93726735151563,0.411,0.054,1.44252270978306e-112,"1","Sipa1"
1.1972727880171e-116,1.56112066137343,0.628,0.146,2.28140329756658e-112,"1","Zbp1"
1.21657238664633e-116,3.81807016855749,0.288,0.015,2.31817868275458e-112,"1","Niban2"
1.83981128472011e-116,1.90724291158355,0.335,0.034,3.50576040303418e-112,"1","Itpr2"
2.38419720111892e-116,1.62898406227733,0.508,0.094,4.5430877667321e-112,"1","Grk6"
3.18263352633796e-116,1.55120513256058,0.703,0.178,6.06450818443698e-112,"1","Esyt1"
1.71628326045862e-115,3.32674257496508,0.335,0.036,3.2703777528039e-111,"1","Egr1"
1.78751905443082e-115,1.73454484200741,0.48,0.083,3.40611755821793e-111,"1","Cdk2ap2"
1.85205542814824e-115,8.12078459640425,0.237,0,3.52909161833647e-111,"1","Gpr174"
1.99728850602598e-115,2.00149083923921,0.409,0.061,3.80583324823251e-111,"1","Ifi47"
2.58256963036841e-115,6.11060839397967,0.239,0.003,4.921086430667e-111,"1","Lax1"
3.7415500531262e-115,8.95344158211133,0.212,0,7.12952362623197e-111,"1","Camk4"
4.16031527339576e-115,3.87330335516354,0.255,0.008,7.92748075345561e-111,"1","Arhgap15"
4.84278873162265e-115,1.61238522333266,0.625,0.137,9.22793392810697e-111,"1","Cd48"
7.95985686272972e-115,2.59999148930856,0.292,0.021,1.51675072519315e-110,"1","Dna2"
9.62808147331305e-115,1.44210046916706,0.593,0.132,1.8346309247398e-110,"1","Vgll4"
2.28341775314995e-114,3.35462813430397,0.32,0.022,4.35105252862723e-110,"1","Lmna"
2.8992867933175e-114,3.36687445789082,0.237,0.015,5.5245909846665e-110,"1","Dusp6"
4.08499404268853e-114,1.44175942800018,0.625,0.14,7.783956148343e-110,"1","Pitpna"
7.72169812435517e-114,3.71048053095342,0.271,0.011,1.47136957759588e-109,"1","Batf"
8.0197119606155e-114,4.0542815355702,0.28,0.014,1.52815611409528e-109,"1","Ifit3"
9.9374330603403e-114,1.34401087237445,0.683,0.17,1.89357786964784e-109,"1","Nsmaf"
9.9517932674158e-114,3.13785029018803,0.258,0.016,1.89631420710608e-109,"1","Rgcc"
1.04721898989742e-113,1.75396761860179,0.49,0.086,1.99547578524952e-109,"1","Emg1"
1.05155640553002e-113,3.37681498106539,0.273,0.01,2.00374073073745e-109,"1","Pdlim1"
1.27742744634937e-113,1.52741384901179,0.48,0.082,2.43413799901873e-109,"1","Slc44a2"
1.31853954367531e-113,2.68040259863086,0.343,0.033,2.5124771004733e-109,"1","Rtp4"
1.3265815459851e-113,1.59559284796026,0.478,0.088,2.52780113587461e-109,"1","Evi2a"
1.50482050663969e-113,1.971349522384,0.444,0.076,2.86743547540193e-109,"1","Axl"
1.652059577039e-113,1.80073021620388,0.458,0.063,3.14799952404782e-109,"1","Tsr1"
3.75950586596759e-113,2.22563190359419,0.427,0.058,7.16373842760125e-109,"1","Pdia4"
3.78404646302571e-113,4.16446373589747,0.255,0.009,7.21050053529549e-109,"1","Kmo"
5.60021148848124e-113,3.05742410208419,0.297,0.016,1.0671202991301e-108,"1","Gmfg"
5.62742697257632e-113,2.15732551326251,0.499,0.094,1.07230620962442e-108,"1","Hsph1"
5.90882471855728e-113,3.09448015039516,0.267,0.012,1.12592655012109e-108,"1","Scimp"
8.19360998933143e-113,3.94488649781709,0.225,0.012,1.5612923834671e-108,"1","Ccl4"
9.01673641517752e-113,1.41189760535219,0.418,0.066,1.71813912391208e-108,"1","Tecpr1"
1.17552190925405e-112,4.23055090440829,0.274,0.008,2.23995699808359e-108,"1","Adgrg5"
1.7968049116387e-112,2.70028271317046,0.204,0.013,3.42381175912755e-108,"1","Cd33"
3.11872478908482e-112,2.7584099478294,0.324,0.023,5.94273008560112e-108,"1","Fam169b"
3.18293215329453e-112,1.44424005753196,0.478,0.09,6.06507721810272e-108,"1","Arap1"
3.84444916882606e-112,1.84211800457586,0.542,0.105,7.32559789119805e-108,"1","Nucb1"
4.2899942926475e-112,3.18190741369174,0.216,0.006,8.1745841246398e-108,"1","Gabbr1"
5.84153213453788e-112,2.45943975726975,0.43,0.064,1.11310394823619e-107,"1","Grn"
7.16967901969636e-112,6.49134808008262,0.241,0.002,1.36618233720314e-107,"1","Klrc1"
7.8993733389567e-112,2.52347118803605,0.175,0.02,1.5052255897382e-107,"1","Hexb"
8.95393310807637e-112,2.09406773540608,0.404,0.057,1.70617195374395e-107,"1","Retreg1"
9.45613361745075e-112,1.54390822962303,0.519,0.102,1.80186626080524e-107,"1","Leprotl1"
1.01443241517159e-111,2.62731481039689,0.265,0.012,1.93300096710947e-107,"1","Aopep"
1.04781073426526e-111,1.78005077921633,0.756,0.252,1.99660335414246e-107,"1","S100a6"
1.12432483066322e-111,2.99134789831255,0.294,0.018,2.14240096482877e-107,"1","Smox"
1.77035444378097e-111,1.91149864553126,0.361,0.04,3.37341039262463e-107,"1","Ppan"
1.8463605703247e-111,1.80586675655203,0.444,0.071,3.51824006675371e-107,"1","Chsy1"
1.88048960749642e-111,1.75286262493066,0.444,0.071,3.58327294708442e-107,"1","Mideas"
2.30047800742845e-111,1.7198573653632,0.368,0.048,4.38356084315492e-107,"1","Aldh2"
3.4898904525393e-111,1.52809332872457,0.566,0.111,6.64998625731363e-107,"1","Polr1h"
4.46007643354292e-111,3.33079591347912,0.324,0.024,8.49867564411603e-107,"1","Tlr2"
4.97900407805979e-111,4.619177643125,0.244,0.007,9.48749227074293e-107,"1","Tspan32"
5.0335997522378e-111,2.93432964005092,0.2,0.007,9.59152432788912e-107,"1","Slc2a1"
5.98108136042668e-111,2.50564178130508,0.287,0.023,1.1396950532293e-106,"1","Frmd4b"
6.8538984388092e-111,2.24454673911452,0.343,0.043,1.30601034751509e-106,"1","Errfi1"
9.29456895708654e-111,1.41466212562549,0.94,0.548,1.77108011477284e-106,"1","Ucp2"
1.04874959166476e-110,1.45071719216683,0.529,0.113,1.9983923469172e-106,"1","Znrf2"
1.18716005196668e-110,1.58178095933718,0.662,0.167,2.26213347902251e-106,"1","Hsp90b1"
3.5065610656314e-110,5.50684623747648,0.248,0.004,6.68175211056064e-106,"1","Cd8b1"
4.84073329103247e-110,1.61536934875832,0.483,0.089,9.22401728606238e-106,"1","Acox3"
7.24409479459063e-110,2.44228881540221,0.271,0.02,1.38036226310924e-105,"1","Tmem229b"
1.15079059312896e-109,1.35329668882178,0.956,0.545,2.19283147520723e-105,"1","Gna13"
1.15081781138403e-109,1.6334532419494,0.526,0.101,2.19288333959228e-105,"1","Irs2"
1.78655136625496e-109,1.7627458327317,0.45,0.076,3.40427362839883e-105,"1","Themis2"
3.00652033323378e-109,2.00463224357997,0.352,0.035,5.72892449497697e-105,"1","Sdcbp2"
4.25376128543224e-109,2.93832650337298,0.276,0.027,8.10554212939113e-105,"1","Mycl"
4.61831414268995e-109,1.61623300308579,0.485,0.089,8.8001975988957e-105,"1","Susd6"
8.2732859643254e-109,1.32980076403241,0.506,0.107,1.57647464050221e-104,"1","Cuta"
3.47489354927055e-108,2.14318614001413,0.32,0.032,6.62140965813503e-104,"1","Fam3c"
3.70222328100001e-108,1.70083807518299,0.607,0.165,7.05458646194551e-104,"1","Jdp2"
7.14223761263045e-108,1.40594807376879,0.793,0.259,1.36095337708673e-103,"1","Ndfip1"
7.82481698757767e-108,2.47070523763115,0.326,0.023,1.49101887698292e-103,"1","Hdac4"
1.52034694844966e-107,4.12177675495717,0.23,0.004,2.89702111027084e-103,"1","Slc37a3"
1.77124226566872e-107,2.04810761371578,0.379,0.048,3.37510213723174e-103,"1","Rnase6"
4.82426679152853e-107,1.35174211787407,0.488,0.095,9.19264037125762e-103,"1","Noc2l"
6.94317906345255e-107,2.98628178639254,0.29,0.019,1.32302277054088e-102,"1","Sdad1"
7.52342654260357e-107,1.91924697105842,0.54,0.104,1.43358892769311e-102,"1","Cxcr4"
8.27544766865491e-107,3.52242808265118,0.232,0.011,1.57688655326219e-102,"1","Sema4b"
1.10717167502491e-106,3.29126565427816,0.267,0.017,2.10971562675997e-102,"1","Egr2"
1.62631855415728e-106,1.28878881865487,0.527,0.116,3.0989500049467e-102,"1","Pttg1"
1.987287512428e-106,2.48192837579271,0.331,0.035,3.78677635493155e-102,"1","Sdf2l1"
2.16378895321573e-106,2.07679013599085,0.416,0.06,4.12309985035258e-102,"1","Mafk"
2.84505237456007e-106,3.00597619978751,0.253,0.024,5.42124729972421e-102,"1","Sgk1"
6.30215283599228e-106,1.74859167134629,0.492,0.088,1.20087522289833e-101,"1","Uck2"
8.66421222503635e-106,1.3618500400791,0.607,0.15,1.65096563948068e-101,"1","Csk"
1.22608288938545e-105,3.58257863733759,0.115,0.003,2.33630094572397e-101,"1","Cnp"
1.72853716257497e-105,4.57580271120311,0.221,0.004,3.29372756328661e-101,"1","Cd6"
2.13011095233128e-105,7.24618823773646,0.188,0.001,4.05892641966726e-101,"1","Kcnab2"
2.37918350483371e-105,3.4709140739852,0.232,0.009,4.53353416846063e-101,"1","Acss1"
3.57373302932989e-105,4.23112485863096,0.202,0.005,6.8097482873881e-101,"1","Hip1"
5.37191533950237e-105,1.62939401883364,0.45,0.074,1.02361846794218e-100,"1","Prkd3"
5.84773451835004e-105,4.45700621219318,0.216,0.004,1.1142858124716e-100,"1","Impdh1"
6.50540826821483e-105,1.53603146414122,0.57,0.142,1.23960554550834e-100,"1","Ctsc"
7.79134352582643e-105,1.58471630482797,0.366,0.05,1.48464050884623e-100,"1","Hmces"
8.8958699675186e-105,3.56795827994332,0.234,0.009,1.69510802231067e-100,"1","Tifab"
1.28855717276757e-104,4.40390930981228,0.223,0.005,2.45534569270861e-100,"1","Slc28a2"
1.38256838444424e-104,1.37480267211648,0.389,0.061,2.63448405655849e-100,"1","Ppp5c"
1.76735159427997e-104,2.16685133853096,0.377,0.049,3.36768846290049e-100,"1","Plec"
3.37176150271013e-104,1.42592316569472,0.481,0.084,6.42489154341415e-100,"1","Plp2"
3.67245136669436e-104,1.22341198423708,0.471,0.085,6.9978560792361e-100,"1","Ddx10"
3.8528521430765e-104,2.99814051835503,0.248,0.012,7.34160975863228e-100,"1","Rasa3"
5.48095557519688e-104,2.72438416219248,0.274,0.019,1.04439608485376e-99,"1","Septin11"
6.03377753508682e-104,2.20931785688784,0.336,0.029,1.14973630931079e-99,"1","Mxd4"
7.33569914075173e-104,4.74380080381013,0.219,0.005,1.39781747127024e-99,"1","Il18r1"
7.8193750978227e-104,1.56769003417713,0.457,0.08,1.48998192489011e-99,"1","H2-DMb2"
7.84279008840758e-104,1.43985758812159,0.474,0.097,1.49444365134606e-99,"1","Smad7"
1.08972532740466e-103,1.45475615192598,0.657,0.179,2.07647161136958e-99,"1","Fgl2"
1.64910085876361e-103,1.30083803902914,0.646,0.182,3.14236168637406e-99,"1","Pycard"
2.306537143234e-103,1.43499297696741,0.561,0.139,4.39510652643239e-99,"1","Ybx3"
3.49143385758818e-103,2.85306175073077,0.223,0.017,6.65292721563429e-99,"1","Cpd"
3.69953044718965e-103,1.31120636434074,0.72,0.202,7.04945526711988e-99,"1","Ogt"
5.56962785163932e-103,1.11373081912649,0.665,0.187,1.06129258712987e-98,"1","Vmp1"
5.8157833927302e-103,1.36676431950173,0.481,0.099,1.10819752548474e-98,"1","Snrpa1"
6.1627257168152e-103,1.55955038122535,0.43,0.068,1.17430738533914e-98,"1","Rbfa"
1.14545548719691e-102,3.8314734452481,0.219,0.005,2.18266543085371e-98,"1","Dok2"
1.3767427397688e-102,1.6142898491079,0.458,0.102,2.62338329062945e-98,"1","Bach1"
1.67568737532135e-102,1.64949816522868,0.202,0.028,3.19302229367483e-98,"1","Tiam1"
1.82283230594625e-102,2.49357830344512,0.287,0.02,3.47340695898058e-98,"1","Nop58"
4.726728697613e-102,1.42885207413589,0.869,0.379,9.00678153330157e-98,"1","Per1"
5.2799971713967e-102,1.94781773183258,0.23,0.02,1.00610346100964e-97,"1","Chd3"
5.54121988890056e-102,2.14376407728074,0.625,0.174,1.05587944983e-97,"1","Mpeg1"
5.56278067071887e-102,2.28609057607095,0.179,0.012,1.05998785680548e-97,"1","Pld3"
5.77411285408287e-102,2.40498250142909,0.342,0.032,1.10025720434549e-97,"1","Kbtbd11"
7.40668622888437e-102,1.66610273001502,0.382,0.061,1.41134406091392e-97,"1","Tmed5"
8.11539095798934e-102,1.72930175160848,0.4,0.07,1.54638774704487e-97,"1","Ero1a"
1.36605181762561e-101,3.30920621436032,0.207,0.005,2.60301173848561e-97,"1","Unc119"
1.41111600369367e-101,7.111362302612,0.198,0,2.6888815450383e-97,"1","Gstp3"
1.82741424119595e-101,1.43972816132372,0.657,0.177,3.48213783659888e-97,"1","Atp1b3"
1.97051579017046e-101,3.73730935668778,0.241,0.009,3.75481783816981e-97,"1","Cass4"
2.03735953143441e-101,1.3000072491947,0.363,0.058,3.88218858714827e-97,"1","Ap1b1"
2.29987779975511e-101,2.31732562407538,0.237,0.017,4.38241714743336e-97,"1","Arl15"
4.57463562530852e-101,2.79885679547672,0.273,0.013,8.71696818402539e-97,"1","Kcna3"
5.27447853191101e-101,4.10066166297985,0.251,0.011,1.00505188425564e-96,"1","Hic1"
5.52931788421247e-101,3.89621354760222,0.241,0.01,1.05361152283669e-96,"1","Krt80"
6.15301013983472e-101,1.55561728623476,0.54,0.125,1.17245608214551e-96,"1","Ppm1m"
6.66965884027067e-101,3.03082091635808,0.267,0.015,1.27090349201358e-96,"1","Pdcd1"
7.74645152464431e-101,1.5135187988762,0.457,0.091,1.47608633802097e-96,"1","Pcna"
1.1157259958635e-100,1.67330782538874,0.736,0.239,2.12601588511791e-96,"1","Tyrobp"
1.2393814450487e-100,1.36259512545042,0.572,0.133,2.36164134354029e-96,"1","Unc93b1"
2.09142666707486e-100,1.32379317799395,0.473,0.099,3.98521351411114e-96,"1","Isyna1"
2.15032246948178e-100,1.86834306325046,0.619,0.148,4.09743946559753e-96,"1","Slc25a5"
2.27145562958917e-100,3.55139148748497,0.235,0.011,4.32825870218216e-96,"1","Nucb2"
3.24671199299285e-100,1.28007531965026,0.356,0.049,6.18660970264788e-96,"1","Sptssa"
3.25985817516566e-100,1.51359416570708,0.207,0.02,6.21165975277816e-96,"1","Mef2c"
5.4541170219205e-100,2.6530682142245,0.28,0.019,1.03928199852695e-95,"1","Arid5b"
5.85257739270805e-100,1.15348919684839,0.669,0.191,1.11520862218052e-95,"1","Snrpf"
7.07468136729115e-100,3.38280400874877,0.26,0.017,1.34808053453733e-95,"1","Cd14"
8.69972862361342e-100,1.47915892545121,0.565,0.15,1.65773328922954e-95,"1","Tnfrsf1a"
9.49218286665193e-100,1.58800837487957,0.382,0.067,1.80873544524052e-95,"1","Lyn"
1.23225913590193e-99,1.43117891700741,0.588,0.153,2.34806978346113e-95,"1","Midn"
1.55929582231335e-99,1.29324573141488,0.88,0.366,2.97123818941808e-95,"1","Arhgef1"
1.61213124300835e-99,1.60455724354437,0.513,0.11,3.07191608355241e-95,"1","Usp38"
1.68957796938261e-99,1.49818558314318,0.517,0.108,3.21949082065856e-95,"1","Nadk"
2.91699931897241e-99,1.34753552615773,0.575,0.139,5.55834220230193e-95,"1","Plcg2"
3.82040291261142e-99,1.53518156919431,0.545,0.129,7.27977774998107e-95,"1","Slc35e1"
4.46853392552111e-99,1.18321617889638,0.442,0.103,8.51479139508048e-95,"1","Gns"
5.25475083948412e-99,2.08738104661185,0.327,0.034,1.0012927724637e-94,"1","Tmem147"
9.17217688699719e-99,4.71419653726742,0.211,0.003,1.74775830581732e-94,"1","Klk8"
9.73602230012988e-99,6.5775330399944,0.115,0,1.85519904928975e-94,"1","Pecam1"
1.83814269516112e-98,2.54342202094728,0.25,0.018,3.50258090562952e-94,"1","H2-T24"
1.87606713709836e-98,4.21728874808562,0.184,0.006,3.57484592974093e-94,"1","Emp1"
2.19926035641775e-98,6.16870911234078,0.202,0.002,4.19069060915403e-94,"1","Gimap1"
2.39623452335651e-98,1.40341115714868,0.66,0.188,4.56602488425584e-94,"1","P4hb"
2.88434917239753e-98,1.9849480365518,0.306,0.04,5.49612734800349e-94,"1","Hps3"
3.11696065694717e-98,5.74101350347887,0.189,0.001,5.93936853181282e-94,"1","Sytl2"
3.14043193533243e-98,1.63205138853743,0.469,0.097,5.98409305277595e-94,"1","Rnf149"
3.79313268519044e-98,1.25405687442256,0.641,0.172,7.22781433163039e-94,"1","Twf2"
5.47196792822704e-98,1.4308463274568,0.529,0.115,1.04268348872366e-93,"1","Tmed10"
1.12996787378843e-97,3.22182229887704,0.258,0.018,2.15315378350386e-93,"1","Oas2"
1.20031649331267e-97,2.93702430164272,0.281,0.025,2.28720307800729e-93,"1","Bzw2"
1.21268011447199e-97,1.39435689189584,0.669,0.195,2.31076195812639e-93,"1","Tatdn2"
1.24051664740729e-97,3.52278529156628,0.248,0.014,2.36380447163459e-93,"1","Sh2d1b1"
2.04948724465052e-97,3.66241911440642,0.232,0.009,3.90529794468157e-93,"1","Snx22"
2.30689373037936e-97,2.95721783794101,0.276,0.022,4.39578600323788e-93,"1","Cybb"
3.13940334101787e-97,2.2962835846369,0.257,0.018,5.98213306630955e-93,"1","Hdac7"
5.9901209547004e-97,1.21447893027049,0.749,0.247,1.14141754791816e-92,"1","Gpsm3"
6.18269918105586e-97,2.21751822796284,0.308,0.028,1.17811332895019e-92,"1","Ppt2"
8.0325547250173e-97,1.3302140972711,0.365,0.061,1.53060330285205e-92,"1","Dgkd"
9.40565673398943e-97,2.20308682858274,0.28,0.025,1.79224789066169e-92,"1","Shmt2"
1.11446546954199e-96,1.43122800021309,0.476,0.097,2.12361395221227e-92,"1","Tor1a"
1.28577205684471e-96,3.0938061311709,0.209,0.011,2.4500386543176e-92,"1","Igsf6"
3.45990946992587e-96,1.34892426186805,0.577,0.14,6.59285749494374e-92,"1","Rcc2"
5.94237979801843e-96,1.23821362156026,0.503,0.105,1.13232047051241e-91,"1","Coro7"
6.44012822256679e-96,1.50364474207642,0.421,0.086,1.2271664328101e-91,"1","Nme2"
7.3404702503447e-96,3.30504161736395,0.218,0.009,1.39872660620318e-91,"1","Ramp1"
7.44713603073452e-96,2.87741606202139,0.276,0.018,1.41905177065646e-91,"1","Tmc8"
8.74528413435398e-96,1.46440404825415,0.749,0.272,1.66641389180115e-91,"1","Taldo1"
1.38510049272729e-95,2.23512893409084,0.324,0.033,2.63930898889185e-91,"1","Phlda1"
2.43201176278283e-95,1.62897319037474,0.336,0.045,4.63419841398268e-91,"1","Aldh18a1"
2.46641347361008e-95,2.82277056577151,0.32,0.03,4.699750873964e-91,"1","Lrrc32"
3.99592366338077e-95,2.82074453385984,0.258,0.017,7.61423254057207e-91,"1","Il12rb1"
4.48010311157876e-95,1.55566898707386,0.644,0.218,8.53683647911332e-91,"1","Dnajb1"
6.31498105584135e-95,3.86014014216242,0.244,0.012,1.20331964019057e-90,"1","Igtp"
6.4332855602498e-95,2.51027931369744,0.225,0.014,1.2258625635056e-90,"1","Pag1"
6.70639044685566e-95,1.36635869488642,0.722,0.235,1.27790269964835e-90,"1","Rbpj"
7.52218549872094e-95,1.72444549145172,0.241,0.022,1.43335244678127e-90,"1","Slc16a6"
9.90099093249673e-95,1.44960218064956,0.398,0.066,1.88663382218725e-90,"1","Snx5"
9.95167982808708e-95,1.48553889622887,0.418,0.075,1.89629259124199e-90,"1","Trpv2"
1.1298539283933e-94,2.40864076284443,0.248,0.022,2.15293666055344e-90,"1","Csf1r"
1.27149339523934e-94,1.65388810620754,0.382,0.06,2.42283066462857e-90,"1","Dpm3"
1.38756882814605e-94,1.51731008581527,0.45,0.086,2.64401240203229e-90,"1","Abcf1"
1.73054726929024e-94,1.39702898559489,0.451,0.1,3.29755782163255e-90,"1","Ndufs8"
2.01867980443112e-94,4.31846725419224,0.191,0.003,3.84659436734349e-90,"1","Mllt3"
2.31372719246397e-94,1.87132452256688,0.324,0.04,4.40880716524009e-90,"1","Ildr1"
2.66761767999458e-94,1.17505110751888,0.395,0.076,5.08314548922966e-90,"1","Trit1"
2.759931782654e-94,1.24816193424284,0.526,0.135,5.2590500118472e-90,"1","Pmepa1"
6.49338001367314e-94,1.78729382580463,0.393,0.065,1.23731356160542e-89,"1","Ahr"
7.0629585976847e-94,1.77835225068946,0.736,0.291,1.34584676078882e-89,"1","Ifitm2"
7.42774408305443e-94,3.61991251172607,0.212,0.005,1.41535663502602e-89,"1","Slain1"
7.79801127631687e-94,1.42527513131388,0.35,0.054,1.48591104870218e-89,"1","Btg3"
8.21569035155385e-94,1.98755106845011,0.324,0.045,1.56549979648859e-89,"1","Wdr74"
1.11733603727278e-93,1.42024288555543,0.416,0.082,2.12908381902328e-89,"1","Tbrg4"
1.14535146893561e-93,1.66891620278074,0.46,0.087,2.18246722405681e-89,"1","Eif4e"
1.63908308236911e-93,2.57456327627622,0.235,0.014,3.12327281345435e-89,"1","Alad"
1.78145169824519e-93,1.94939277064913,0.232,0.022,3.39455621100622e-89,"1","Zfp652"
1.81319110395757e-93,2.34704722037373,0.29,0.03,3.45503564859115e-89,"1","Wdr46"
2.21342280354584e-93,2.52316460391602,0.225,0.017,4.2176771521566e-89,"1","Acer3"
2.57970059132067e-93,2.0210225801292,0.308,0.035,4.91561947676154e-89,"1","Lgals8"
2.64027165736235e-93,1.13422146212821,0.476,0.106,5.03103764310395e-89,"1","Mtarc2"
2.74490502063936e-93,1.36659223511221,0.402,0.079,5.23041651682829e-89,"1","Tmem251"
4.0779067756566e-93,0.800201476310814,0.733,0.215,7.77045136101365e-89,"1","Tbc1d10c"
5.03958183412094e-93,2.5668729456667,0.276,0.022,9.60292318491745e-89,"1","Hlcs"
5.26754627175788e-93,1.60080673614933,0.404,0.069,1.00373094208346e-88,"1","Vrk1"
1.45711246607677e-92,8.7194148142193,0.145,0,2.77652780410929e-88,"1","Tlr3"
2.39751568613026e-92,2.32929176638111,0.23,0.017,4.56846613992121e-88,"1","Milr1"
3.04110218411788e-92,1.93030861601132,0.319,0.042,5.79482021183662e-88,"1","Rubcnl"
3.31235993242383e-92,2.39188832532227,0.244,0.019,6.31170185123361e-88,"1","Pdlim2"
3.62486917658719e-92,2.70102080958404,0.246,0.012,6.90718821598688e-88,"1","Abca2"
4.82890523024656e-92,1.55602737911979,0.485,0.113,9.20147891623482e-88,"1","Itgav"
5.89405427333612e-92,1.35858794754081,0.457,0.095,1.1231120417842e-87,"1","Ech1"
8.40128750950225e-92,5.25738356498908,0.193,0.003,1.60086533493565e-87,"1","Rgs14"
8.95963885498243e-92,1.25903898325633,0.568,0.151,1.7072591838169e-87,"1","Snx2"
1.00642383759604e-91,2.04683930471453,0.308,0.035,1.91774062253926e-87,"1","Sntb1"
1.3189402464241e-91,0.93235037656765,0.434,0.09,2.51324063956112e-87,"1","Epn1"
1.40377314990735e-91,1.15859655360347,0.377,0.067,2.67488973714845e-87,"1","Mast3"
1.96330623598351e-91,3.09662621394892,0.212,0.012,3.74108003266657e-87,"1","Dab2"
2.41259776128853e-91,1.42470837533649,0.342,0.062,4.59720503413529e-87,"1","Sgpp1"
2.60660645820522e-91,1.79565970955549,0.411,0.068,4.96688860611004e-87,"1","Klrd1"
4.5888123350183e-91,1.19690058516222,0.6,0.162,8.74398190437736e-87,"1","Tbl1xr1"
4.64192861320624e-91,2.60619227551086,0.156,0.011,8.8451949724645e-87,"1","Hpgds"
5.22462585586712e-91,3.80416872425387,0.265,0.024,9.9555245683548e-87,"1","Ifitm1"
5.59380576002819e-91,2.65452098468464,0.228,0.015,1.06589968757337e-86,"1","Nat10"
6.55153429381779e-91,1.39808775097728,0.731,0.255,1.24839485968698e-86,"1","Cyrib"
6.59303960766963e-91,1.56638386284785,0.354,0.055,1.25630369724145e-86,"1","Denr"
7.45830138376154e-91,1.41776184036042,0.496,0.11,1.42117932867576e-86,"1","Foxo1"
7.52831867985652e-91,0.916418556940285,0.386,0.083,1.43452112444666e-86,"1","Camk2d"
7.85105874174006e-91,1.33257208044042,0.448,0.09,1.49601924323857e-86,"1","Trp53"
8.80230224062877e-91,1.99113336279806,0.43,0.093,1.67727869195181e-86,"1","Slfn5"
8.91801569535562e-91,1.83567432048372,0.186,0.017,1.69932789075001e-86,"1","Dpysl2"
1.00238174038833e-90,1.88856808628433,0.322,0.041,1.91003840630996e-86,"1","Tceal9"
1.02961860827337e-90,1.41982822030932,0.347,0.056,1.96193825806491e-86,"1","Nsun2"
1.09621570864747e-90,1.60653031450046,0.333,0.049,2.08883903282775e-86,"1","Fbl"
1.19139084399695e-90,2.01608421076059,0.242,0.022,2.27019525323619e-86,"1","Runx1"
1.30927025746133e-90,2.47246087673229,0.258,0.017,2.49481447559256e-86,"1","Dennd4c"
1.37056713050793e-90,1.26328365619713,0.49,0.114,2.61161566718287e-86,"1","Nhp2"
1.85405542589608e-90,1.31143452875848,0.43,0.086,3.53290261404498e-86,"1","Timm10b"
1.88114977312546e-90,2.42323796503626,0.255,0.026,3.58453089269056e-86,"1","Pnpo"
1.88600676235473e-90,2.66752582063897,0.265,0.022,3.59378588566693e-86,"1","Ripk3"
2.11431553914376e-90,1.28940196302377,0.444,0.099,4.02882825983843e-86,"1","Prdx5"
2.27124535553546e-90,1.26280611665103,0.446,0.095,4.32785802497281e-86,"1","Pgam1"
2.39589754343388e-90,1.95235149109727,0.239,0.022,4.56538276901327e-86,"1","Otulinl"
2.67869114877916e-90,3.27466441268027,0.246,0.014,5.1042459839987e-86,"1","Abcb1b"
6.58477499663286e-90,2.99302131469225,0.242,0.011,1.25472887560839e-85,"1","Atp2a2"
8.08608555175597e-90,1.46582478468669,0.333,0.05,1.5408036018871e-85,"1","Nop2"
9.68773823325539e-90,1.14180013766073,0.687,0.22,1.84599852034681e-85,"1","Rnf138"
1.30841968488655e-89,3.59642875007725,0.221,0.009,2.49319370955132e-85,"1","Tbx21"
1.32181178474325e-89,2.75970093710797,0.161,0.01,2.51871235582827e-85,"1","Ppp3ca"
1.81957571461354e-89,1.93775476074685,0.278,0.029,3.4672015241961e-85,"1","Slc35c1"
1.83332488438457e-89,1.63903843640067,0.273,0.037,3.4934005671948e-85,"1","Arhgap39"
1.9364197156966e-89,2.68532137807963,0.2,0.009,3.68984776825988e-85,"1","Slc35c2"
2.40320692305596e-89,2.77945121955343,0.237,0.02,4.57931079188314e-85,"1","Fcgr3"
2.42767406675944e-89,1.79245835788648,0.306,0.043,4.62593293421012e-85,"1","Utp14a"
2.45237869031572e-89,1.60324593362045,0.35,0.054,4.67300759439661e-85,"1","Syvn1"
3.22495399600066e-89,2.14277318678881,0.251,0.023,6.14514983937925e-85,"1","Por"
3.51703351063091e-89,1.66356450182415,0.274,0.033,6.7017073545072e-85,"1","Sgms1"
5.06574535199947e-89,3.1277582426851,0.202,0.011,9.65277776823499e-85,"1","Slc7a5"
6.42768670222275e-89,3.64445401105345,0.212,0.008,1.22479570110855e-84,"1","Card11"
7.46912160698978e-89,1.99533684229325,0.485,0.133,1.4232411222119e-84,"1","Il1b"
1.28788761978543e-88,3.19512105270609,0.17,0.006,2.45406985950113e-84,"1","Rasgrp2"
1.43985508749699e-88,2.28690157440571,0.212,0.013,2.74364386922552e-84,"1","Zdhhc9"
1.53405673225319e-88,2.84944886890706,0.219,0.013,2.92314510330845e-84,"1","Slamf6"
1.65148691073158e-88,1.10664130509193,0.34,0.059,3.14690830839903e-84,"1","Spacdr"
2.43949536290098e-88,1.28559743089763,0.54,0.129,4.64845841400781e-84,"1","Wdr83os"
2.93647995851428e-88,1.73439991740222,0.315,0.038,5.59546256094896e-84,"1","Ldlrad4"
4.61799741270278e-88,1.28652869817463,0.642,0.191,8.79959406990515e-84,"1","Rnf213"
4.96821360777928e-88,2.59500081414816,0.232,0.021,9.46693102962342e-84,"1","Ifit2"
5.23833328014073e-88,1.43350604722759,0.384,0.072,9.98164406530815e-84,"1","Parp1"
5.66988556969687e-88,1.62882464291145,0.372,0.064,1.08039669530574e-83,"1","Il17ra"
6.02366861216796e-88,1.05688538585347,0.45,0.099,1.14781005404861e-83,"1","Rnf167"
1.01589144889295e-87,1.03781306632614,0.547,0.142,1.93578115586552e-83,"1","Tet3"
1.25699478573306e-87,2.41498325182064,0.241,0.016,2.39520356421435e-83,"1","Mri1"
1.35910950512813e-87,1.65296251608057,0.327,0.05,2.58978316202165e-83,"1","Tcof1"
1.39557554201443e-87,2.11505042714163,0.248,0.029,2.6592691953085e-83,"1","Snx30"
1.50194512355244e-87,1.26203645936961,0.77,0.292,2.86195643292918e-83,"1","Limd2"
1.58098917619213e-87,0.968730472797996,0.628,0.192,3.01257487523411e-83,"1","Mia2"
1.83843028929006e-87,1.14454341422598,0.51,0.135,3.5031289162422e-83,"1","Tob1"
1.95710867703595e-87,1.0257023761382,0.665,0.215,3.729270584092e-83,"1","Diaph1"
2.12757171052902e-87,1.62616310659018,0.23,0.021,4.05408789441305e-83,"1","Acaa2"
2.15890680835175e-87,3.57594494290831,0.207,0.007,4.11379692331427e-83,"1","Stk26"
2.69651148092282e-87,1.30228418896465,0.508,0.139,5.13820262689844e-83,"1","Vamp3"
2.88429598985416e-87,2.1249641443628,0.287,0.033,5.4960260086671e-83,"1","Mpp1"
4.11972548164044e-87,2.44540944015616,0.205,0.012,7.85013690526586e-83,"1","Fasn"
7.30561328736055e-87,2.28214027346123,0.25,0.027,1.39208461190655e-82,"1","Hexa"
7.54752705018936e-87,1.74751782416233,0.388,0.074,1.43818127941358e-82,"1","Lta4h"
7.79458562775015e-87,1.44076858172731,0.292,0.045,1.48525829136779e-82,"1","Eeig2"
7.98544546786858e-87,1.53774348069546,0.419,0.085,1.52162663390236e-82,"1","Mapk6"
9.3762477568829e-87,1.96770588367813,0.251,0.022,1.78664401007404e-82,"1","Sephs2"
1.82694841481848e-86,0.925479970059433,0.572,0.155,3.48125020443661e-82,"1","Ldb1"
1.84354292204796e-86,1.41989964147562,0.481,0.102,3.51287103796239e-82,"1","Pml"
1.8825061736262e-86,1.47532331770542,0.373,0.063,3.58711551384473e-82,"1","Ptpn12"
2.41816488582349e-86,3.46331550602439,0.135,0.009,4.60781318993667e-82,"1","Epha2"
2.90654067987469e-86,2.0837808371147,0.262,0.031,5.53841326550123e-82,"1","Ttpal"
3.05432848914223e-86,3.00319855239664,0.154,0.004,5.82002293606053e-82,"1","Acyp1"
3.31674997803717e-86,1.85624957223273,0.297,0.035,6.32006708314984e-82,"1","AI467606"
3.3528010192436e-86,2.80283377025729,0.241,0.011,6.38876234216868e-82,"1","Xdh"
3.69388556808533e-86,1.76718626352054,0.313,0.043,7.03869894998659e-82,"1","Creld2"
3.74791951164773e-86,1.18576380063718,0.219,0.027,7.14166062944475e-82,"1","Ints6l"
4.77963316437125e-86,1.11443429297899,0.434,0.098,9.10759099470942e-82,"1","Tacc1"
9.64120185063991e-86,4.44678336749994,0.186,0.003,1.83713101263944e-81,"1","Gprin3"
1.0644820718468e-85,2.30906327479732,0.258,0.026,2.02837058790408e-81,"1","Smim3"
1.08411524422792e-85,1.10082311843029,0.492,0.133,2.06578159787631e-81,"1","Ifnar2"
1.8965091749371e-85,1.27785261715315,0.788,0.312,3.61379823284264e-81,"1","Lmnb1"
1.95473354535269e-85,1.1051370336881,0.51,0.145,3.72474477066956e-81,"1","Ly86"
2.51026005384796e-85,1.43325336549976,0.416,0.081,4.78330053260729e-81,"1","B4galt5"
3.56699758526872e-85,0.929136107428271,0.513,0.118,6.79691389872954e-81,"1","Traf3ip3"
3.79950136740346e-85,1.53279449897016,0.444,0.096,7.2399498555873e-81,"1","Anpep"
6.4937714734623e-85,2.09685798723014,0.274,0.03,1.23738815426824e-80,"1","P4ha1"
7.80778532196906e-85,1.24486947550753,0.75,0.271,1.4877734931012e-80,"1","Ubald2"
8.84589144059305e-85,1.76077480398992,0.278,0.035,1.68558461400501e-80,"1","Tbc1d2b"
1.05512864263089e-84,1.0904052416125,0.57,0.159,2.01054762853316e-80,"1","Trim30a"
1.35062924825567e-84,1.02624133347392,0.471,0.118,2.57362403255117e-80,"1","Lsm4"
1.39089650491538e-84,1.14405647546024,0.986,0.733,2.65035329011625e-80,"1","Tpt1"
1.404975612101e-84,1.31084085492631,0.512,0.135,2.67718102885846e-80,"1","Agpat4"
1.45178705342922e-84,1.29969847968271,0.296,0.041,2.76638023030938e-80,"1","Stn1"
1.60564283496788e-84,2.99602305150746,0.202,0.011,3.0595524220313e-80,"1","Nod1"
1.6526854077407e-84,1.1260293288791,0.409,0.09,3.14919204444991e-80,"1","Gripap1"
1.75279039420975e-84,4.35615758478307,0.196,0.005,3.33994209616667e-80,"1","Mctp2"
1.87916208919068e-84,1.06591988272118,0.315,0.052,3.58074336095284e-80,"1","Rpp21"
1.88418737696169e-84,1.08695483925347,0.455,0.108,3.5903190468005e-80,"1","Ube2e1"
2.04794715640483e-84,1.45975596127989,0.379,0.067,3.9023633065294e-80,"1","Tle4"
2.92832442320225e-84,2.34150907413748,0.496,0.133,5.57992218841189e-80,"1","Clec9a"
3.00631168394253e-84,1.43021490362738,0.294,0.042,5.72852691375249e-80,"1","Khk"
3.13750559053792e-84,1.32658502011502,0.382,0.077,5.97851690277001e-80,"1","Txn2"
3.37336222435051e-84,8.25521953938796,0.186,0.001,6.4279417184999e-80,"1","Sytl1"
4.22819444324173e-84,1.11659201633904,0.35,0.062,8.05682451159713e-80,"1","Rpia"
4.35872861211389e-84,3.1808649059286,0.198,0.008,8.30555737038302e-80,"1","Adamts10"
5.1043218060531e-84,1.39470296258938,0.359,0.068,9.72628520143418e-80,"1","Polr1f"
5.47345472525758e-84,2.07222256251028,0.216,0.02,1.04296679789783e-79,"1","Lrp1"
6.90011879856789e-84,1.46487826298789,0.258,0.033,1.31481763706711e-79,"1","Coq2"
7.08201910971389e-84,1.44990619354195,0.296,0.046,1.34947874135598e-79,"1","Ccpg1"
8.21821295503917e-84,3.22054814477663,0.175,0.008,1.56598047858271e-79,"1","Spint1"
1.06668423051875e-83,2.97551991773242,0.219,0.011,2.03256680125348e-79,"1","Lyl1"
1.1646168685679e-83,1.10216136139381,0.488,0.12,2.21917744305614e-79,"1","Card19"
1.32539504616858e-83,5.42832978385848,0.124,0.001,2.52554026047422e-79,"1","Ahdc1"
1.42562657348483e-83,5.36582295905324,0.15,0.001,2.71653143577535e-79,"1","Cysltr2"
1.59334868218158e-83,2.40641730043904,0.253,0.027,3.036125913897e-79,"1","Cldn1"
1.96668101279711e-83,3.11175452761817,0.207,0.012,3.74751066988489e-79,"1","Clec4a3"
3.94354256174357e-83,1.72412705888212,0.257,0.033,7.51442035140236e-79,"1","Akr1b3"
4.23248299440078e-83,1.26128272400278,0.338,0.055,8.06499634583068e-79,"1","Rnf166"
4.24472094109381e-83,1.29476115487543,0.545,0.136,8.08831575325425e-79,"1","Clint1"
4.38409403550259e-83,1.49747719649916,0.329,0.059,8.35389118465019e-79,"1","Sdhc"
4.85500814407362e-83,1.25797181823709,0.529,0.138,9.25121801853228e-79,"1","Notch2"
9.42269408982779e-83,1.62327967215406,0.234,0.03,1.79549435881669e-78,"1","Lap3"
1.04283718421566e-82,1.90422086920278,0.264,0.037,1.98712625452293e-78,"1","Ralgds"
1.10697450903974e-82,2.19099541811251,0.2,0.022,2.10933992697522e-78,"1","Trf"
1.18000961177143e-82,1.86722023199706,0.278,0.034,2.24850831523047e-78,"1","Sesn3"
1.26345731600541e-82,1.25137574517027,0.416,0.107,2.40751791564831e-78,"1","Insig1"
1.96332464330273e-82,1.13300011138419,0.607,0.188,3.74111510781335e-78,"1","Ptpn6"
3.06401069481363e-82,1.33317028477799,0.382,0.075,5.83847237896738e-78,"1","Ncbp1"
3.45478660551881e-82,1.17067928169679,0.878,0.443,6.5830958768161e-78,"1","Rack1"
4.09058550168744e-82,1.14747159410394,0.554,0.162,7.79461067346542e-78,"1","Sertad1"
5.12652250132492e-82,1.40845189483147,0.356,0.06,9.76858862627463e-78,"1","Rnpep"
8.02861692403149e-82,1.40120730968472,0.481,0.111,1.5298529548742e-77,"1","Rpn2"
8.17158644121268e-82,1.51017448840693,0.365,0.068,1.55709579637308e-77,"1","Gch1"
8.92666387814644e-82,2.12308928194366,0.315,0.05,1.7009758019808e-77,"1","Hivep2"
9.843525534703e-82,0.964254025751328,0.543,0.161,1.87568379063766e-77,"1","Cd44"
1.24078521221792e-81,1.1501306073325,0.432,0.098,2.36431622188125e-77,"1","Sh3kbp1"
1.79790104122621e-81,1.62280123073369,0.349,0.054,3.42590043405655e-77,"1","Stt3b"
1.81325379794645e-81,2.41001612530979,0.177,0.018,3.45515511198695e-77,"1","Ndufa4"
1.88648148237479e-81,2.94068120100325,0.189,0.01,3.59469046466516e-77,"1","Ier5l"
2.23326844225933e-81,2.66258076062316,0.179,0.011,4.25549301672515e-77,"1","Akr7a5"
2.38075597191215e-81,0.986804225842872,0.444,0.103,4.5365305044786e-77,"1","Sms"
2.47287852657603e-81,1.51038775360827,0.384,0.075,4.71207003239062e-77,"1","Oas1a"
2.94044703963354e-81,1.32995461225681,0.811,0.366,5.60302183402171e-77,"1","Kdm6b"
3.28914354971999e-81,1.1219659557426,0.527,0.159,6.26746303399144e-77,"1","Hspd1"
4.00190343966233e-81,3.56245024282968,0.198,0.009,7.62562700427656e-77,"1","Gpr18"
4.98132537489348e-81,1.14642265528977,0.276,0.05,9.49191550185952e-77,"1","Plxnb2"
5.00983290675968e-81,1.01929289049805,0.49,0.125,9.54623660383058e-77,"1","Slk"
5.3368928391359e-81,1.30391275756479,0.312,0.047,1.01694493049735e-76,"1","Exosc5"
5.73007013580229e-81,3.97338532028019,0.17,0.007,1.09186486437713e-76,"1","Lyz1"
6.14461386678027e-81,2.96888996531963,0.207,0.01,1.17085617231498e-76,"1","Tmem150b"
7.09568632524973e-81,1.22535879091798,0.526,0.16,1.35208302927634e-76,"1","Manf"
1.05122019103104e-80,1.15863101255629,0.554,0.164,2.00310007400965e-76,"1","Siah2"
1.08764200301577e-80,1.60244833665495,0.315,0.054,2.07250183674655e-76,"1","Sfxn3"
1.10066392057196e-80,1.03323780341835,0.487,0.125,2.09731510064987e-76,"1","Aldh9a1"
1.86900526864555e-80,1.82498263819875,0.343,0.059,3.5613895394041e-76,"1","Plin2"
2.62782215737602e-80,1.20604819414892,0.451,0.11,5.00731512088001e-76,"1","Rnf130"
2.72514906026994e-80,1.18690720293281,0.4,0.095,5.19277153434437e-76,"1","Higd1a"
3.02479512197544e-80,1.93078495253054,0.26,0.037,5.76374710492419e-76,"1","Uap1l1"
3.11468981071928e-80,1.25865629217381,0.45,0.098,5.93504143432559e-76,"1","Naga"
3.40386300281563e-80,0.828709411187905,0.595,0.194,6.48606095186517e-76,"1","Mat2a"
4.60079423015569e-80,1.1542109589374,0.499,0.136,8.76681340556166e-76,"1","Azin1"
5.7826346262085e-80,3.85300429967448,0.191,0.012,1.10188102802403e-75,"1","Ccl3"
6.74001434781459e-80,1.24434985923356,0.299,0.054,1.28430973397607e-75,"1","Morc2a"
7.4080287916835e-80,0.928121937213316,0.512,0.147,1.41159988625529e-75,"1","Naa50"
7.97606165353372e-80,1.1466849710591,0.48,0.113,1.51983854808085e-75,"1","Impdh2"
9.19292203640849e-80,2.6070642748747,0.301,0.042,1.75171129403764e-75,"1","Vegfa"
9.78815940311711e-80,1.90594484481721,0.269,0.033,1.86513377426397e-75,"1","Dipk1a"
1.36475239390856e-79,2.15816810980015,0.242,0.023,2.60053568659276e-75,"1","Agpat3"
1.45072251460504e-79,0.856054225931737,0.396,0.093,2.7643517515799e-75,"1","Lsm7"
1.97691352991356e-79,0.969193532749088,0.655,0.205,3.76700873125029e-75,"1","Ndufb11"
2.1229655645741e-79,1.08762862966736,0.241,0.046,4.04531088329594e-75,"1","Limk1"
2.67437598009866e-79,0.987512230395411,0.566,0.16,5.096023430078e-75,"1","Tut4"
2.70366215282415e-79,2.15150502726876,0.241,0.022,5.15182823220643e-75,"1","Slc12a6"
2.94289986511215e-79,0.998237158768402,0.586,0.172,5.60769569297119e-75,"1","Pdcd4"
3.56017341695773e-79,1.51809442836382,0.274,0.034,6.78391044601295e-75,"1","Hdhd5"
3.774229754073e-79,1.23177243821777,0.52,0.137,7.19179479638609e-75,"1","Tram1"
4.22205817970919e-79,1.66050032384173,0.529,0.181,8.04513186143587e-75,"1","Klf2"
4.90895313977245e-79,0.919769669491822,0.627,0.194,9.35401020783639e-75,"1","Tomm20"
5.39863411277655e-79,2.93556833727451,0.195,0.012,1.02870973018957e-74,"1","Adssl1"
5.67758449211502e-79,1.89729429389487,0.242,0.027,1.08186372497252e-74,"1","Lpin1"
5.9917463011921e-79,1.08912259900247,0.389,0.079,1.14172725769215e-74,"1","Sh2b1"
7.22141089413834e-79,0.966775513823077,0.414,0.106,1.37603984587806e-74,"1","Pgs1"
7.47817976513454e-79,0.825971444943763,0.43,0.101,1.42496715424639e-74,"1","Sec62"
7.55159490481312e-79,1.79156185178086,0.17,0.022,1.43895640911214e-74,"1","Rasgrp3"
7.56378038455081e-79,1.38607459122292,0.508,0.14,1.44127835227616e-74,"1","Rraga"
8.69466005800124e-79,1.35425315460495,0.478,0.116,1.65676747405214e-74,"1","Nfatc3"
1.02271541808938e-78,3.23475577634841,0.165,0.008,1.94878422916932e-74,"1","Glo1"
1.53592338263697e-78,1.25025888901117,0.17,0.036,2.92670200561475e-74,"1","Pak1"
1.91789431062637e-78,1.14289653185629,0.6,0.187,3.65454760889854e-74,"1","Nup153"
2.06289790138568e-78,2.38251663101514,0.202,0.011,3.93085195109041e-74,"1","Plekhg3"
2.13310749109957e-78,4.26566696448877,0.166,0.004,4.06463632429023e-74,"1","Rab19"
2.23284049069541e-78,1.69079105213211,0.246,0.034,4.2546775550201e-74,"1","Smad3"
2.45788907914958e-78,2.40261409117683,0.209,0.016,4.68350764031952e-74,"1","Pdk1"
2.69528868072866e-78,3.29024637196607,0.179,0.008,5.13587258112846e-74,"1","Scarb1"
2.98301305291336e-78,1.07866758850413,0.499,0.14,5.68413137232641e-74,"1","Sde2"
3.72099964088142e-78,1.28518134007997,0.358,0.064,7.09036481569954e-74,"1","Me2"
4.98764173161264e-78,5.09644022600145,0.112,0.001,9.50395131958788e-74,"1","Ssbp3"
5.04311840779992e-78,1.15911007269671,0.458,0.119,9.60966212606276e-74,"1","Txndc15"
6.63680305985338e-78,1.27739287207809,0.377,0.085,1.26464282305506e-73,"1","Ltv1"
7.13090509327411e-78,1.05535477495301,0.912,0.489,1.35879396552338e-73,"1","Macroh2a1"
7.13750806110985e-78,1.06566365625911,0.688,0.244,1.36005216104448e-73,"1","Jak1"
7.83874671307537e-78,1.07856497917816,0.483,0.132,1.49367318617651e-73,"1","Xaf1"
8.51461371565223e-78,1.01719273248593,0.703,0.24,1.62245964351753e-73,"1","Ppp1r18"
9.02588095579962e-78,8.45209599836942,0.159,0,1.71988161612762e-73,"1","Gata3"
9.05342780208561e-78,4.62535915735254,0.191,0.005,1.72513066768741e-73,"1","Ifi206"
9.68554299139944e-78,1.14717378291104,0.561,0.172,1.84558021701116e-73,"1","Hif1a"
9.86277972904696e-78,1.53390174426512,0.35,0.062,1.8793526773699e-73,"1","Tpst2"
9.93515200665633e-78,1.38308978850346,0.497,0.134,1.89314321486836e-73,"1","Cd9"
1.15629266004007e-77,1.84000585736286,0.251,0.037,2.20331566370635e-73,"1","Eif4ebp1"
1.53981725119094e-77,4.13606735051756,0.163,0.005,2.93412177214433e-73,"1","Itgb3"
1.81420944164162e-77,1.14298194471128,0.444,0.107,3.4569760910481e-73,"1","Unc45a"
2.23660644165991e-77,0.798778275443093,0.342,0.075,4.26185357458295e-73,"1","Gnpat"
2.34180883663896e-77,0.842808038042576,0.614,0.198,4.46231673821553e-73,"1","Tkt"
2.44998107965425e-77,1.80693068160458,0.204,0.02,4.66843894728117e-73,"1","Tram2"
2.60867514094198e-77,0.933027339926085,0.375,0.095,4.97083048106494e-73,"1","Anp32e"
2.63774131502457e-77,1.88436858894175,0.244,0.027,5.02621607577932e-73,"1","Usp36"
2.64241098818434e-77,0.910981093618133,0.66,0.218,5.03511413798526e-73,"1","Grcc10"
3.38531153591974e-77,1.46089924179436,0.335,0.055,6.45071113169507e-73,"1","Arid5a"
3.47631414604484e-77,1.72863444835053,0.175,0.017,6.62411660528844e-73,"1","Slc25a22"
3.80444239926032e-77,0.678880519073901,0.485,0.134,7.24936499179055e-73,"1","Arhgap26"
4.18469561325563e-77,1.33480888767494,0.246,0.036,7.9739374910586e-73,"1","Pprc1"
4.34457437792694e-77,1.18714054433825,0.304,0.056,8.27858647713979e-73,"1","Acat1"
4.39774583458966e-77,1.77349849964029,0.335,0.057,8.37990468781059e-73,"1","Ddit4"
5.12863047003732e-77,2.1608628573689,0.278,0.032,9.77260536065612e-73,"1","Lin54"
5.20480540848875e-77,2.24143678091672,0.184,0.015,9.91775670587531e-73,"1","Il18"
8.87118156970751e-77,1.28174793169512,0.441,0.113,1.69040364810777e-72,"1","Lrba"
9.43354184822034e-77,1.54650636773571,0.248,0.033,1.79756139917839e-72,"1","Farsb"
1.04204054126573e-76,3.24410518804649,0.2,0.007,1.98560825138184e-72,"1","Znrf3"
1.29237416939994e-76,1.07978289535362,0.563,0.157,2.46261897979158e-72,"1","Vps54"
1.33754585874493e-76,2.16444179323304,0.211,0.016,2.54869363383846e-72,"1","Cdkn2d"
1.36684784855919e-76,1.28629506288108,0.274,0.047,2.60452857542954e-72,"1","Gstp1"
1.4591649715556e-76,4.39258597628552,0.161,0.003,2.78043885329919e-72,"1","Podnl1"
1.53363891508043e-76,1.94989348599335,0.246,0.029,2.92234895268576e-72,"1","Ifi204"
1.53839798294484e-76,0.665837650829462,0.219,0.043,2.93141735650139e-72,"1","Pfdn2"
1.54703470675898e-76,1.07859788849213,0.596,0.172,2.94787463372924e-72,"1","Cmtm7"
1.56892722778058e-76,2.11649036064916,0.216,0.017,2.9895908325359e-72,"1","Mtap"
1.83921321475022e-76,1.45279218090865,0.235,0.026,3.50462078070654e-72,"1","Txndc16"
1.93999610031809e-76,1.28702348552553,0.372,0.085,3.69666256915612e-72,"1","Slc35b1"
2.40386862152857e-76,0.92232072814654,0.688,0.226,4.58057165832269e-72,"1","Cbfb"
3.01386377060721e-76,4.1482042419926,0.124,0.004,5.74291741489204e-72,"1","Sult1a1"
3.13663363449879e-76,1.09449085611221,0.871,0.403,5.97685539053745e-72,"1","Tmsb10"
3.4429780872535e-76,2.01101620478755,0.241,0.026,6.56059474526154e-72,"1","Nifk"
3.988325645534e-76,1.82463542138695,0.274,0.04,7.59975451756503e-72,"1","Hyou1"
4.07482307012449e-76,1.13595291356708,0.391,0.089,7.76457536012221e-72,"1","Pqbp1"
4.75847652119052e-76,1.43265856241204,0.251,0.031,9.06727701112853e-72,"1","Prkacb"
5.01027600889913e-76,1.54869172174888,0.366,0.075,9.54708093495729e-72,"1","Hhex"
5.18893795136469e-76,2.88126555253549,0.196,0.014,9.88752126632541e-72,"1","Dkc1"
5.66596598267086e-76,1.02076242592633,0.596,0.191,1.07964981799793e-71,"1","Tpp2"
6.60267521301833e-76,2.27564604839418,0.244,0.021,1.25813976184064e-71,"1","Eepd1"
6.67398886512764e-76,2.04454134054397,0.204,0.016,1.27172857825007e-71,"1","Msh3"
7.57980737711885e-76,1.22455057597551,0.749,0.289,1.44433229571e-71,"1","Pdia3"
1.14691077316886e-75,1.03174138024794,0.478,0.123,2.18543847827327e-71,"1","Ccm2"
1.36755136859076e-75,3.37978581846722,0.175,0.006,2.60586913284969e-71,"1","Gpr141"
1.38648724613985e-75,1.33035740406313,0.393,0.093,2.64195144751949e-71,"1","Glrx"
1.75837302938837e-75,2.56506333050382,0.214,0.013,3.35057980749954e-71,"1","Rinl"
1.76506531293446e-75,1.09415899076959,0.529,0.151,3.36333195379662e-71,"1","Zrsr2"
2.0064007369435e-75,1.1554319386627,0.423,0.114,3.82319660424584e-71,"1","Prdx1"
3.00710830563403e-75,4.61339635667179,0.168,0.003,5.73004487638565e-71,"1","Fasl"
3.29792258067702e-75,2.49542070091745,0.191,0.011,6.28419147748006e-71,"1","Cd300c2"
3.61130499055822e-75,2.01625726769498,0.214,0.022,6.88134165950869e-71,"1","Atp13a2"
4.01381556897939e-75,2.2729839892526,0.205,0.011,7.64832556669023e-71,"1","Pced1b"
4.61262222683257e-75,1.66072433389048,0.195,0.01,8.78935165322946e-71,"1","Aak1"
4.70333867531019e-75,0.940120202372385,0.63,0.207,8.96221184580356e-71,"1","Ago2"
4.73742898949959e-75,2.34327075694602,0.188,0.013,9.02717093949147e-71,"1","Rpf2"
4.81370925307124e-75,1.13470128239128,0.842,0.395,9.17252298172725e-71,"1","Gpx1"
4.93926726857108e-75,1.36120727049802,0.522,0.146,9.41177378026219e-71,"1","Dusp10"
5.66133130157865e-75,0.609179525494826,0.471,0.128,1.07876667951581e-70,"1","Rapgef1"
5.78465203482191e-75,1.30544834176123,0.248,0.04,1.10226544523531e-70,"1","Fh1"
7.0566508637671e-75,1.30764052203601,0.244,0.029,1.34464482209082e-70,"1","Mgat5"
9.29712828681288e-75,0.966298035272193,0.508,0.145,1.77156779505219e-70,"1","Hnrnpab"
1.02401405072276e-74,1.5327131401715,0.345,0.058,1.95125877365222e-70,"1","Tmem192"
1.06859362237054e-74,0.776349883176432,0.45,0.114,2.03620514742707e-70,"1","Cox20"
1.21204285959962e-74,2.23060561217496,0.227,0.02,2.30954766896708e-70,"1","Cad"
1.23086018345704e-74,4.0895429398176,0.136,0.002,2.34540407957739e-70,"1","Hsd11b1"
1.23744303010656e-74,4.636865137422,0.15,0.002,2.35794769386805e-70,"1","Sidt1"
2.67267149009327e-74,1.19883362040094,0.333,0.058,5.09277552437272e-70,"1","Mfsd14a"
3.55250083665516e-74,0.961739869651824,0.492,0.139,6.76929034424641e-70,"1","Dnajb11"
3.64871508654281e-74,1.39512977711586,0.262,0.041,6.95262659740733e-70,"1","Mak16"
3.82979245703767e-74,1.95992050932755,0.227,0.025,7.29766952688529e-70,"1","Hadh"
5.6825187061937e-74,1.13272156530695,0.375,0.087,1.08280393946521e-69,"1","Dad1"
6.48668513235889e-74,2.16600660766174,0.205,0.018,1.23603785197099e-69,"1","Ldlrap1"
7.56658983445996e-74,0.933197002042393,0.467,0.124,1.44181369295635e-69,"1","Sidt2"
8.34155975769659e-74,2.19784235430966,0.235,0.019,1.58948421182908e-69,"1","Crot"
8.43413597695458e-74,2.17132246223385,0.227,0.021,1.60712461040869e-69,"1","Fam111a"
8.60309408459869e-74,4.20746935405813,0.127,0.002,1.63931957782028e-69,"1","Icam2"
9.35271318260172e-74,0.768048830779841,0.635,0.197,1.78215949694476e-69,"1","Dennd1c"
9.57127592092291e-74,1.05792040008783,0.547,0.181,1.82380662673186e-69,"1","Nfkbid"
9.65894034276778e-74,1.62799185574702,0.255,0.026,1.8405110823144e-69,"1","Mapk14"
1.11785590908291e-73,0.783262659100073,0.333,0.083,2.13007443475748e-69,"1","Btbd1"
1.16014879923403e-73,0.663049504937602,0.469,0.123,2.21066353694044e-69,"1","Kri1"
1.16976266863687e-73,1.20654294484613,0.34,0.07,2.22898276508756e-69,"1","Pgd"
1.17342917521797e-73,1.1240860836916,0.765,0.314,2.23596929337783e-69,"1","Lrp10"
1.39583151629844e-73,0.936426050321766,0.708,0.26,2.65975695430667e-69,"1","Ybx1"
1.67021734119255e-73,0.872786782028795,0.471,0.126,3.18259914364241e-69,"1","Emc7"
1.69578284252363e-73,0.831422991836855,0.381,0.094,3.23131420642877e-69,"1","Brf1"
1.69935955900389e-73,1.36302978364028,0.216,0.029,3.23812963968192e-69,"1","Fam53c"
1.78076639141777e-73,0.966506628616865,0.524,0.142,3.39325035884656e-69,"1","Kbtbd2"
1.88565392799746e-73,1.81740096483502,0.175,0.015,3.59311355979916e-69,"1","Lpcat2"
2.59139560971136e-73,1.05720350848884,0.563,0.17,4.93790433430499e-69,"1","Gpr68"
2.6146742864908e-73,1.7335697656344,0.214,0.023,4.98226185290823e-69,"1","Rcbtb2"
2.75695012904727e-73,5.05765550198065,0.158,0.003,5.25336847089958e-69,"1","Cdh1"
3.10630061040519e-73,1.22777959143982,0.517,0.164,5.91905581312708e-69,"1","Klf4"
3.15546426642053e-73,1.40752132523321,0.232,0.038,6.01273715966433e-69,"1","Ppard"
3.38697387816245e-73,1.33640262049034,0.317,0.053,6.45387872483855e-69,"1","Slc39a7"
4.8271908663344e-73,1.52018721453922,0.221,0.027,9.19821219580021e-69,"1","Cebpa"
4.92913106231433e-73,0.918198770922762,0.304,0.067,9.39245923923996e-69,"1","Rab24"
5.22442611443487e-73,1.48813757725381,0.32,0.053,9.95514396105564e-69,"1","Dnajc9"
5.34765502155645e-73,0.985721109590336,0.74,0.29,1.01899566435758e-68,"1","Ncl"
5.7586091600019e-73,2.7080415463002,0.186,0.016,1.09730297543836e-68,"1","Rbms2"
5.85798489672806e-73,1.47538520562055,0.333,0.066,1.11623902207153e-68,"1","Eif5a"
8.5336478912923e-73,0.833781258214032,0.526,0.153,1.62608660568575e-68,"1","Atg3"
9.1025482742817e-73,0.983261437660356,0.342,0.073,1.73449057366438e-68,"1","Rbm47"
9.19260111984766e-73,0.967501250613716,0.329,0.065,1.75165014338697e-68,"1","Tars"
9.46956205170522e-73,1.64393899509601,0.28,0.047,1.80442504895243e-68,"1","Dnajb4"
1.11494823341028e-72,1.28687424517706,0.34,0.072,2.12453385876328e-68,"1","Fnip1"
1.32436602970371e-72,1.34480265625235,0.342,0.061,2.52357946960042e-68,"1","Man2a1"
1.39795570718776e-72,3.74177025297848,0.196,0.011,2.66380460004627e-68,"1","Lyz2"
1.62510839398266e-72,0.727427826436364,0.386,0.095,3.09664404473396e-68,"1","Pik3cg"
1.79382576916167e-72,1.80996554566282,0.237,0.028,3.41813500313757e-68,"1","Zcchc2"
1.80552725512989e-72,0.868744236868511,0.467,0.132,3.44043218465001e-68,"1","Stk40"
2.4588785381644e-72,1.54185934364379,0.244,0.035,4.68539305447226e-68,"1","Tmco1"
2.83990454221227e-72,1.63496307457515,0.297,0.047,5.41143810518548e-68,"1","Rfx7"
3.03043176967087e-72,1.23670334692123,0.269,0.055,5.77448773710785e-68,"1","Acvrl1"
3.07898988991333e-72,0.726564201096709,0.515,0.155,5.86701523522985e-68,"1","Micos13"
3.98059145838957e-72,0.72855796986268,0.393,0.101,7.58501702396132e-68,"1","Phf14"
4.28396798748816e-72,0.893265374155191,0.395,0.098,8.16310100015868e-68,"1","Lars"
7.10615559620316e-72,0.9565975620423,0.48,0.125,1.35407794885651e-67,"1","Smc4"
7.6323442376623e-72,0.900498790646799,0.496,0.145,1.45434319448655e-67,"1","Rab5if"
7.63608886081755e-72,2.47371027408598,0.444,0.118,1.45505673242878e-67,"1","Ctss"
7.67686750309482e-72,1.78824123402028,0.172,0.016,1.46282710271472e-67,"1","Frrs1"
9.43911577042273e-72,0.833573744514417,0.404,0.096,1.79862351005405e-67,"1","Pigt"
1.02033041343916e-71,3.09170197100441,0.138,0.004,1.94423960280832e-67,"1","Slc14a1"
1.11412436457802e-71,0.850175987162819,0.319,0.068,2.12296397670342e-67,"1","Naa25"
1.16037024981874e-71,1.39304790961331,0.257,0.036,2.2110855110296e-67,"1","Ptar1"
1.70046552687231e-71,0.836089065497486,0.763,0.31,3.24023706145518e-67,"1","Tra2b"
1.91091385949245e-71,2.4517727306791,0.196,0.018,3.64124635926287e-67,"1","Aprt"
2.0565955051636e-71,2.387820032217,0.147,0.012,3.91884273508923e-67,"1","Timp2"
2.44433599816753e-71,0.937098470384323,0.375,0.081,4.65768224450823e-67,"1","Dck"
2.87687016901742e-71,0.842233561792271,0.313,0.059,5.4818761070627e-67,"1","Tcirg1"
3.31642860505089e-71,2.61716449346338,0.186,0.013,6.31945470692447e-67,"1","Cd300lf"
3.36881398732573e-71,1.16043981807092,0.335,0.061,6.41927505284918e-67,"1","Vps26b"
4.00502286991022e-71,0.961886890871919,0.49,0.136,7.63157107861392e-67,"1","Ezr"
5.25440259381812e-71,1.3711548534066,0.28,0.051,1.00122641425204e-66,"1","Ncln"
5.30644561982042e-71,1.28295555585738,0.241,0.048,1.01114321285678e-66,"1","Sod2"
6.73835848440744e-71,1.29235995795129,0.283,0.053,1.28399420920384e-66,"1","Zswim6"
7.03216364055113e-71,0.891709563396208,0.441,0.12,1.33997878170702e-66,"1","Eif4ebp2"
7.68087757165995e-71,0.755992749585285,0.478,0.134,1.4635912212798e-66,"1","Tep1"
9.96689000938737e-71,1.11125278050049,0.389,0.095,1.89919089128876e-66,"1","Jmy"
1.21601352623699e-70,1.56026023237984,0.637,0.264,2.31711377424458e-66,"1","Atf3"
1.29863730907856e-70,0.843440668822186,0.48,0.131,2.4745533924492e-66,"1","Bag1"
1.30842087586898e-70,1.02543664488959,0.596,0.2,2.49319597896834e-66,"1","Elf1"
1.32256837025866e-70,1.05146062712671,0.296,0.065,2.52015402952788e-66,"1","Slc16a3"
1.52021227883118e-70,0.555635166843453,0.497,0.149,2.89676449731281e-66,"1","Ndufb10"
1.54768985848871e-70,1.33369729458032,0.366,0.08,2.94912302535024e-66,"1","Ahnak"
1.54881416227135e-70,3.03459971391412,0.273,0.027,2.95126538620806e-66,"1","Cd8a"
1.65559146546226e-70,0.870616041428525,0.584,0.183,3.15472953743834e-66,"1","Tomm6"
2.39915942676485e-70,0.832486194608075,0.26,0.058,4.57159828770041e-66,"1","Emc1"
2.44165340776478e-70,1.39536372499448,0.393,0.083,4.65257056849578e-66,"1","Pde4d"
2.50658904932747e-70,9.24636018113383,0.133,0,4.77630543349349e-66,"1","Ccr8"
2.61291238473187e-70,2.81642290023591,0.17,0.013,4.97890454910658e-66,"1","Tcf19"
3.1053995057964e-70,4.20649908376908,0.147,0.002,5.91733875829505e-66,"1","Mgst2"
3.15879279844192e-70,1.79263076677006,0.235,0.023,6.01907967743107e-66,"1","Hsd17b10"
5.17920561195489e-70,3.17890307088109,0.165,0.008,9.86897629358004e-66,"1","Iigp1"
5.37417309044831e-70,1.00147975233978,0.432,0.111,1.02404868238493e-65,"1","Selenos"
5.60876295874663e-70,6.41195599341693,0.142,0,1.06874978178917e-65,"1","Rab37"
6.00023017205981e-70,1.49895777614652,0.361,0.087,1.143343859286e-65,"1","Metrnl"
6.23450160888096e-70,1.0236530628927,0.373,0.084,1.18798428157227e-65,"1","Casp8"
6.28865930576691e-70,1.02000812566076,0.361,0.086,1.19830403071389e-65,"1","Jak3"
6.86341210560804e-70,1.75192531435623,0.152,0.011,1.30782317672361e-65,"1","Slc2a3"
7.30063386561521e-70,0.891269211689977,0.136,0.025,1.39113578309298e-65,"1","Dennd1b"
7.73702460947052e-70,4.29810960027717,0.149,0.003,1.47429003933461e-65,"1","Samd3"
8.2385365482429e-70,1.60583373058211,0.191,0.022,1.56985313926768e-65,"1","Slc12a9"
8.43506361590378e-70,0.736026410905597,0.476,0.157,1.60730137201047e-65,"1","Sf3b3"
1.331860998154e-69,2.69895840818211,0.173,0.009,2.53786113198245e-65,"1","Srpk2"
1.35364763949631e-69,1.18399890604469,0.296,0.06,2.57937557706022e-65,"1","Pik3c2a"
1.38206376681841e-69,0.847051685132768,0.66,0.25,2.63352250767248e-65,"1","Spty2d1"
1.41548532563783e-69,1.05519931121836,0.481,0.141,2.69720728800288e-65,"1","Cct8"
1.42637520919023e-69,1.18416508058021,0.117,0.021,2.71795796111199e-65,"1","Map3k9"
1.57894771409949e-69,0.742552171318628,0.536,0.157,3.00868486921658e-65,"1","Cbl"
1.69602348536043e-69,1.09029617238133,0.499,0.146,3.23177275135429e-65,"1","Rap1a"
1.73116185335807e-69,0.797543559566346,0.535,0.182,3.2987289115738e-65,"1","Mbnl2"
2.14762888538722e-69,0.736518939713585,0.503,0.161,4.09230684110535e-65,"1","Fes"
2.23897661478584e-69,1.12354822659097,0.281,0.058,4.26636993947442e-65,"1","Bop1"
2.3364473918241e-69,1.41026789904177,0.264,0.049,4.45210050512082e-65,"1","Fbxl14"
2.43091792875576e-69,0.673972920695634,0.54,0.181,4.6321141132441e-65,"1","Rgl2"
2.60252466118158e-69,1.17074641505713,0.326,0.06,4.9591107418815e-65,"1","Slc35a4"
2.65178779816156e-69,2.22758344532141,0.181,0.017,5.05298164939685e-65,"1","Slc4a7"
2.88530110008341e-69,1.60388768512937,0.237,0.032,5.49794124620894e-65,"1","Apmap"
3.05121911320455e-69,0.857783884309097,0.982,0.817,5.81409802021127e-65,"1","Eef1a1"
3.06580265306372e-69,1.31206626899015,0.287,0.048,5.84188695541291e-65,"1","Ide"
3.10028360278856e-69,3.19105187520543,0.184,0.01,5.9075904051136e-65,"1","Mitd1"
3.11297530292505e-69,0.860507327290378,0.563,0.169,5.93177443972367e-65,"1","Paip2"
4.23755274827568e-69,2.3250237362431,0.195,0.016,8.0746567618393e-65,"1","Mdn1"
4.26450006295758e-69,2.57235955908877,0.184,0.014,8.12600486996567e-65,"1","Bcap29"
5.07632884586588e-69,1.28821485127441,0.31,0.054,9.67294461579743e-65,"1","Cox16"
5.27552381021981e-69,1.19267131683698,0.288,0.05,1.00525106203738e-64,"1","Farsa"
5.66330478013185e-69,0.791734564882756,0.35,0.079,1.07914272585412e-64,"1","St6galnac4"
5.94702325115959e-69,0.766079118969061,0.494,0.151,1.13320528050846e-64,"1","Arl5b"
6.53726212626828e-69,0.840372242216564,0.46,0.116,1.24567529816042e-64,"1","Nop56"
6.72288526569124e-69,1.5399998607355,0.248,0.032,1.28104578737747e-64,"1","Nol11"
6.75596341414388e-69,3.0798855438621,0.154,0.005,1.28734882856512e-64,"1","Enpp1"
8.20684288202584e-69,3.01653922056711,0.126,0.009,1.56381391117002e-64,"1","Selenop"
9.43390070192263e-69,1.62425148104172,0.2,0.022,1.79762977875136e-64,"1","Cyb5r1"
9.92807361673688e-69,1.4619741552746,0.218,0.028,1.89179442766921e-64,"1","Qtrt2"
1.02143898903248e-68,1.59819309686457,0.292,0.053,1.94635199360139e-64,"1","Ahsa1"
1.05098911951285e-68,1.13519375587374,0.292,0.057,2.00265976723174e-64,"1","Plscr3"
1.22935182774389e-68,1.79703158951535,0.172,0.023,2.34252990776599e-64,"1","Rab3il1"
1.23724838638512e-68,1.7719269284514,0.221,0.027,2.35757680025684e-64,"1","Dhrs7"
1.29811896925863e-68,0.96250981126645,0.326,0.073,2.47356569592233e-64,"1","Slc25a39"
1.32450434050271e-68,3.31568653847191,0.161,0.008,2.52384302082791e-64,"1","Cd36"
1.37134340490851e-68,1.2325251326784,0.221,0.032,2.61309485805317e-64,"1","Gar1"
1.45640338297073e-68,1.04821746763822,0.391,0.093,2.77517664625072e-64,"1","Psen1"
1.46862479433905e-68,1.0172728128823,0.338,0.071,2.79846454561307e-64,"1","Lysmd3"
1.69695121404487e-68,2.80255260655882,0.163,0.007,3.23354053836251e-64,"1","Cracr2a"
1.70817334610227e-68,3.71123915063673,0.142,0.008,3.25492431099787e-64,"1","Ctsd"
1.7131300259155e-68,1.63061210223199,0.244,0.037,3.26436926438198e-64,"1","Chchd7"
1.76451128889664e-68,1.94191493780027,0.214,0.022,3.36227626099255e-64,"1","Heatr1"
1.78748914238257e-68,1.33293185172931,0.329,0.067,3.40606056080998e-64,"1","Spcs3"
1.85436198797108e-68,0.933640425661833,0.694,0.272,3.5334867680789e-64,"1","Ssr4"
1.93641911179949e-68,0.741829684912848,0.478,0.134,3.68984661753393e-64,"1","Preb"
1.98725352989598e-68,1.1050604176552,0.274,0.047,3.78671160121679e-64,"1","Nr1d2"
2.02676893372353e-68,1.56618844334701,0.26,0.038,3.86200820321019e-64,"1","Galnt10"
2.27712090853358e-68,0.906007933072299,0.234,0.041,4.33905389121074e-64,"1","Fkbp2"
2.34016938105933e-68,0.891463529144586,0.32,0.077,4.45919275560855e-64,"1","Nasp"
2.35961840179745e-68,0.684307243187207,0.527,0.164,4.49625286462503e-64,"1","Psme3"
2.53666544835343e-68,1.84058134417959,0.177,0.021,4.83361601183747e-64,"1","Sema4f"
2.75422208120166e-68,0.822483655085987,0.773,0.336,5.24817017572976e-64,"1","Hsp90aa1"
2.82922504014918e-68,1.01017904369668,0.248,0.038,5.39108831400426e-64,"1","Naip6"
2.84441975625995e-68,1.37555889071547,0.264,0.039,5.42004184555334e-64,"1","Riok1"
3.22787660725063e-68,3.91761576107781,0.147,0.005,6.15071887511608e-64,"1","Rnasel"
3.53548587390179e-68,1.3792104236825,0.373,0.088,6.73686833271986e-64,"1","Rilpl2"
3.73448368996492e-68,2.11645372587535,0.156,0.011,7.11605867122815e-64,"1","Nle1"
4.52851223444331e-68,1.01058675374081,0.342,0.068,8.62908006273173e-64,"1","Bscl2"
4.53029095558171e-68,1.84870171752236,0.205,0.025,8.63246941586096e-64,"1","Eef1e1"
4.87312933941341e-68,2.45163206423962,0.193,0.012,9.28574795625225e-64,"1","Fam162a"
5.5408662692869e-68,0.78446353140192,0.614,0.212,1.05581206761262e-63,"1","Sec11a"
6.12482336462729e-68,1.27185177913975,0.25,0.04,1.16708509212973e-63,"1","Lpcat3"
6.38872473398699e-68,0.870434030676026,0.487,0.149,1.21737149806122e-63,"1","Hnrnpll"
7.75291587707027e-68,2.64454207696648,0.161,0.008,1.47731812037574e-63,"1","Gcsh"
9.94034000691839e-68,3.64291847099861,0.115,0.005,1.8941317883183e-63,"1","Metap1d"
1.44098239790088e-67,1.37884587897085,0.304,0.052,2.74579195920013e-63,"1","Chst12"
1.4640998248168e-67,0.768039711824574,0.427,0.135,2.78984221618842e-63,"1","Trim8"
1.47064295296945e-67,0.828133089740879,0.54,0.184,2.80231014688329e-63,"1","Ndel1"
1.47540085016001e-67,0.848110189117296,0.34,0.081,2.81137631997989e-63,"1","Csnk1e"
1.59019629860142e-67,1.65112122842726,0.173,0.013,3.03011904698501e-63,"1","Synj2"
1.69722865894127e-67,1.20937678233366,0.32,0.056,3.23406920961258e-63,"1","Slc66a2"
1.71186582669917e-67,3.25350526506429,0.147,0.008,3.26196033277526e-63,"1","Prps2"
1.87104379863994e-67,0.66630256354841,0.285,0.065,3.56527395830841e-63,"1","Rap1gds1"
1.96993277825712e-67,1.66918570127687,0.23,0.025,3.75370690896894e-63,"1","Slc35d1"
2.04244425921799e-67,1.19658334488994,0.273,0.047,3.89187753593988e-63,"1","Itgb1bp1"
2.18576018429753e-67,4.17788939387832,0.145,0.003,4.16496603117894e-63,"1","Cd200r1"
2.44280057063905e-67,0.755837115352639,0.487,0.141,4.65475648735271e-63,"1","Arnt"
2.67841510960301e-67,2.34952314541727,0.189,0.017,5.10371999134854e-63,"1","Trim30b"
2.6805183820767e-67,1.93954038896334,0.251,0.032,5.10772777704716e-63,"1","Tgm2"
2.76919109096227e-67,1.17790608169211,0.317,0.063,5.27669362382861e-63,"1","Ube2q2"
3.03422247441275e-67,0.646333053591858,0.386,0.103,5.78171092499349e-63,"1","Gatad2a"
3.05671319944214e-67,0.589363980014353,0.343,0.09,5.824567001537e-63,"1","Tmem164"
3.1230398303356e-67,4.41222873426824,0.122,0.001,5.95095239670448e-63,"1","Trib2"
4.00154497331169e-67,0.702815556010115,0.591,0.196,7.62494394664542e-63,"1","Dcaf7"
4.02549137938415e-67,1.47036705104683,0.306,0.056,7.6705738234165e-63,"1","Cpsf3"
4.28692710016687e-67,1.07770647270374,0.292,0.065,8.16873958936797e-63,"1","Tfeb"
5.16851771184393e-67,0.938454504892003,0.586,0.193,9.84861049991861e-63,"1","Cnot6l"
5.2034865623756e-67,6.22224229241946,0.142,0.001,9.91524364460671e-63,"1","Lamc1"
5.41695442152742e-67,0.772159019291906,0.664,0.241,1.03220066502205e-62,"1","Ascc3"
5.72408163288128e-67,0.833808533184595,0.508,0.169,1.09072375514553e-62,"1","Hprt"
6.31400700574261e-67,0.914782258048723,0.669,0.276,1.20313403494426e-62,"1","Kctd12"
6.326201538138e-67,0.924257003968262,0.335,0.065,1.2054577030922e-62,"1","Mphosph10"
6.46467525074142e-67,1.14042414715628,0.333,0.078,1.23184386902878e-62,"1","Arl4a"
6.69392427832553e-67,1.22184985850607,0.271,0.051,1.27552727123493e-62,"1","Mfsd5"
6.8406734604621e-67,0.70312438977546,0.526,0.162,1.30349032789105e-62,"1","Fam50a"
7.20975304679898e-67,0.75314378503392,0.453,0.125,1.37381844306755e-62,"1","Ehd4"
7.58480109887703e-67,2.01562375878331,0.159,0.019,1.44528384939102e-62,"1","Pla2g15"
8.89304581461918e-67,1.22502539010927,0.25,0.038,1.69456987997569e-62,"1","Uhrf1bp1l"
9.0890065491509e-67,0.753287746641232,0.373,0.097,1.7319101979407e-62,"1","Trim56"
1.2168718643704e-66,1.75970189912177,0.25,0.042,2.31874933755779e-62,"1","Sap30"
1.47643595122635e-66,1.04839964766451,0.46,0.135,2.8133487050618e-62,"1","Maff"
1.48818616861182e-66,1.52159225348021,0.235,0.028,2.83573874428982e-62,"1","Pglyrp2"
1.54326400463877e-66,1.63040923755747,0.214,0.029,2.94068956083918e-62,"1","Lpcat4"
1.64877975142889e-66,2.09755918634251,0.177,0.016,3.14174981634775e-62,"1","Fcgr1"
1.76861489277559e-66,1.57096718004588,0.212,0.023,3.37009567818389e-62,"1","Aen"
2.02962760227232e-66,1.70743281035721,0.241,0.026,3.8674553961299e-62,"1","Cisd3"
2.12494018900799e-66,1.37531856836055,0.253,0.04,4.04907353015473e-62,"1","Srprb"
2.2137729350335e-66,2.70862467740978,0.17,0.006,4.21834432770633e-62,"1","Cnr2"
2.49097553917357e-66,4.58220062166161,0.14,0.002,4.74655388989525e-62,"1","Ccdc69"
2.6614472743938e-66,1.72523662153344,0.343,0.073,5.07138778135738e-62,"1","Dgat1"
2.72117958690475e-66,1.59738124651741,0.214,0.022,5.185207702847e-62,"1","Frat1"
2.78103450035504e-66,0.774188904717571,0.319,0.078,5.29926124042653e-62,"1","Erf"
2.80526111611572e-66,0.840103903576633,0.32,0.075,5.34542505675851e-62,"1","Ndufaf8"
2.93356679620837e-66,0.955609259494909,0.595,0.207,5.58991153017505e-62,"1","Cyfip2"
3.90261360723121e-66,0.882853157660489,0.388,0.097,7.43643022857907e-62,"1","Snx9"
4.13279615134617e-66,0.862367846157481,0.285,0.053,7.87504306639013e-62,"1","Utrn"
4.15430027626365e-66,4.12726979599894,0.149,0.004,7.91601917642039e-62,"1","Zfp831"
4.45106967646436e-66,2.28547494032499,0.152,0.014,8.48151326850285e-62,"1","Oxr1"
4.80576699108652e-66,0.901801978017304,0.373,0.104,9.15738900151537e-62,"1","Zfp703"
5.0306941297538e-66,0.721045153239598,0.382,0.094,9.58598766424587e-62,"1","Ddit3"
5.20566754423518e-66,0.923492715564936,0.478,0.136,9.91939950554013e-62,"1","Atf1"
6.19247867576367e-66,1.26143840297674,0.278,0.057,1.17997681166677e-61,"1","Rhoq"
6.21316711519632e-66,2.7382377094412,0.179,0.016,1.18391899380066e-61,"1","Adgre1"
6.27815259292939e-66,0.856562772482925,0.435,0.124,1.1963019765827e-61,"1","Hspa4"
6.33912465611292e-66,0.575851949302385,0.527,0.171,1.20792020322232e-61,"1","Ndufv3"
7.26036493313362e-66,0.959142666564745,0.358,0.091,1.38346253800861e-61,"1","Hexim1"
8.56405727590087e-66,4.78030847847172,0.122,0.002,1.63188111392291e-61,"1","Nccrp1"
1.15585556904089e-65,0.67630661419414,0.425,0.117,2.20248278680742e-61,"1","Fkbp15"
1.15722570404236e-65,1.77148012840658,0.163,0.024,2.20509357905272e-61,"1","Adam15"
1.45458297562939e-65,3.91900716669359,0.147,0.006,2.7717078600618e-61,"1","Areg"
1.7393461778263e-65,0.859578896096242,0.658,0.233,3.31432414184802e-61,"1","Srsf2"
1.80116493309675e-65,1.58905446530186,0.273,0.048,3.43211978001585e-61,"1","Tnfrsf12a"
1.8679082322766e-65,1.23248475620044,0.343,0.072,3.55929913660306e-61,"1","Cdt1"
1.97160043590616e-65,0.589114006811148,0.579,0.189,3.75688463061919e-61,"1","Ccnd2"
1.99050034909231e-65,1.44589937159513,0.285,0.05,3.79289841519541e-61,"1","Hspa14"
2.20762184986639e-65,0.900977632519102,0.421,0.113,4.2066234349204e-61,"1","Vps36"
2.33753679725221e-65,5.06437368833476,0.159,0.004,4.45417636716408e-61,"1","S1pr1"
2.7466322161586e-65,1.48717959825225,0.25,0.035,5.23370768789022e-61,"1","Taf4b"
2.79830485580341e-65,0.767501852596964,0.494,0.163,5.33216990273339e-61,"1","Degs1"
4.19973323341406e-65,1.26375350269629,0.234,0.043,8.00259167627049e-61,"1","Ccnd1"
5.36598925090618e-65,1.28277097523209,0.234,0.037,1.02248925176017e-60,"1","Uqcc5"
5.44196457971906e-65,0.704713721561355,0.258,0.057,1.03696635066547e-60,"1","Pde3b"
5.47471567157811e-65,1.3309826222357,0.188,0.022,1.04320707121921e-60,"1","Cnnm2"
5.4942461969788e-65,1.17606115303973,0.386,0.094,1.04692861283431e-60,"1","Snu13"
5.72799609944427e-65,0.534306038223415,0.414,0.127,1.09146965674911e-60,"1","Pspc1"
5.74602896379363e-65,0.791983992686607,0.363,0.091,1.09490581905088e-60,"1","Rasa1"
5.99141351950709e-65,1.74683272920187,0.191,0.019,1.14166384614208e-60,"1","Wls"
6.61169884011985e-65,0.76697558588517,0.402,0.118,1.25985921398484e-60,"1","Dnajb9"
6.92527547744832e-65,0.948485991463063,0.373,0.099,1.31961124222778e-60,"1","Tomm5"
8.47877374725748e-65,1.8602100194268,0.191,0.021,1.61563033753991e-60,"1","Vps13c"
8.97743348358113e-65,0.912091699350631,0.777,0.345,1.71064995029638e-60,"1","Ccnl1"
1.17075834669009e-64,0.920208009216068,0.77,0.335,2.23088002961797e-60,"1","Zc3hav1"
1.20214754536536e-64,0.957465711200028,0.317,0.071,2.29069214769369e-60,"1","Lamtor2"
1.23342913841303e-64,1.41784947957277,0.212,0.033,2.35029922324603e-60,"1","Hsd17b12"
1.32770963706024e-64,1.07389694239657,0.26,0.054,2.52995071341829e-60,"1","Acot13"
1.46101257074633e-64,1.19791501095859,0.317,0.058,2.78395945355712e-60,"1","Clcf1"
1.64911564255531e-64,0.937896036682035,0.871,0.44,3.14238985688914e-60,"1","Eef1b2"
1.66583019622109e-64,1.3433120934838,0.257,0.042,3.17423943889929e-60,"1","Polr2h"
2.0410226543786e-64,8.63721424008021,0.127,0,3.88916866791842e-60,"1","Trbv12-2"
2.48957472275381e-64,0.986117717898081,0.363,0.087,4.74388463420738e-60,"1","Sh3pxd2b"
2.60815513383344e-64,0.795099236093089,0.641,0.237,4.96983960751962e-60,"1","Cast"
2.61273347458691e-64,0.848772110745707,0.444,0.131,4.97856363582536e-60,"1","Tm2d2"
2.70665210802846e-64,1.26490785934643,0.565,0.231,5.15752559184823e-60,"1","Cd24a"
2.84038199468767e-64,2.02220160057132,0.211,0.028,5.41234789087736e-60,"1","Ano6"
3.0094271731785e-64,0.596383842343169,0.621,0.224,5.73446347849163e-60,"1","Ppp6r1"
3.04101393831467e-64,1.81308712322621,0.209,0.028,5.79465205945859e-60,"1","Vkorc1"
3.19418347990214e-64,1.61026052189877,0.294,0.054,6.08651662095353e-60,"1","Snrpa"
3.27981241091793e-64,0.828644450595879,0.363,0.082,6.24968254900411e-60,"1","Rabggta"
3.30019193605184e-64,0.779416348646395,0.476,0.149,6.28851573414678e-60,"1","Atp13a3"
3.46110190512831e-64,2.60651918876565,0.195,0.016,6.59512968022199e-60,"1","Panx1"
3.87897183228878e-64,0.726910665162163,0.724,0.281,7.39138082642627e-60,"1","Elmo1"
4.85824811717978e-64,1.19875226108061,0.278,0.052,9.25739178728606e-60,"1","Lrrc8d"
5.01486695254202e-64,0.935298922111563,0.556,0.181,9.55582897806883e-60,"1","Sh3bgrl"
5.09227933085398e-64,0.898863635008486,0.296,0.072,9.70333826494227e-60,"1","Lmo2"
5.31555928141446e-64,1.11084834041852,0.915,0.54,1.01287982107352e-59,"1","Jund"
5.95130878664337e-64,2.67164568062321,0.113,0.004,1.13402188929489e-59,"1","Itga1"
5.97459637772421e-64,2.03862893075695,0.2,0.026,1.13845933977535e-59,"1","Abca1"
6.02291289992157e-64,0.618932545875493,0.416,0.113,1.14766605308006e-59,"1","Mettl23"
6.08214909240088e-64,1.36178070989114,0.29,0.057,1.15895350955699e-59,"1","Fnip2"
6.25130013620589e-64,0.957907598876736,0.375,0.102,1.19118524095403e-59,"1","Gla"
8.09443560547071e-64,0.546677441046239,0.519,0.181,1.54239470462244e-59,"1","Fam91a1"
8.97789530342885e-64,0.778158250509329,0.384,0.106,1.71073795006837e-59,"1","Brix1"
9.00959457404226e-64,2.32233913084771,0.196,0.02,1.71677824608375e-59,"1","C3ar1"
9.66603502360985e-64,0.909345490512973,0.779,0.335,1.84186297374886e-59,"1","Ivns1abp"
1.06561719262926e-63,2.0914081359683,0.204,0.021,2.03053356055506e-59,"1","Adi1"
1.31430531640403e-63,1.49887528804003,0.246,0.043,2.50440878040788e-59,"1","Tmem88"
1.33246382721409e-63,0.71815233522006,0.427,0.112,2.53900982275646e-59,"1","Nars"
1.44548956898221e-63,0.878930920087074,0.665,0.262,2.7543803736956e-59,"1","Jmjd1c"
1.54907429596766e-63,0.850680040486533,0.372,0.088,2.95176107096637e-59,"1","Cers2"
1.56595554841383e-63,1.55172378700374,0.379,0.092,2.98392829750254e-59,"1","Zeb2"
1.57898713946092e-63,0.822690381805525,0.352,0.096,3.00875999424279e-59,"1","Uqcr10"
1.83562688766341e-63,2.28856831836279,0.166,0.012,3.49778703444263e-59,"1","Dipk2a"
1.85643674127207e-63,0.59349488504881,0.464,0.154,3.53744021049393e-59,"1","Hadhb"
2.11513361797964e-63,1.15077030882406,0.35,0.087,4.03038710906021e-59,"1","Mgat2"
2.1167276613409e-63,1.49048330104028,0.269,0.053,4.03342455868509e-59,"1","Acd"
2.11942968243832e-63,2.87056073424138,0.159,0.011,4.03857325988622e-59,"1","Tnfrsf21"
2.14314450451875e-63,0.789340207717127,0.335,0.077,4.08376185336048e-59,"1","Actr1b"
2.18060507489899e-63,0.963481981995414,0.317,0.067,4.15514297022003e-59,"1","Wdr43"
2.55667097042009e-63,0.830515067087391,0.373,0.1,4.87173653413548e-59,"1","Stat2"
2.61912220347179e-63,1.19793306833956,0.267,0.052,4.99073735871549e-59,"1","Lman1"
3.46355508883773e-63,5.14193855469624,0.106,0.001,6.59980422178029e-59,"1","Ifitm6"
3.77578314203121e-63,1.4834266427571,0.225,0.034,7.19475477714047e-59,"1","Xpr1"
3.89833433413174e-63,0.765456465014796,0.386,0.099,7.42827607368804e-59,"1","Dusp2"
4.08833100736206e-63,5.55587381447965,0.131,0.002,7.79031473452841e-59,"1","Sh2d1a"
4.70442541757916e-63,2.41353375865408,0.156,0.011,8.96428263319708e-59,"1","Bbs9"
5.16896427129863e-63,0.678950718755071,0.503,0.168,9.84946141895954e-59,"1","Ndufc2"
5.56353628927842e-63,1.63661102525201,0.204,0.024,1.060131839922e-58,"1","Egln1"
6.52038900986009e-63,1.04176421336397,0.322,0.071,1.24246012582884e-58,"1","Imp3"
7.32770321378444e-63,0.740788182885514,0.317,0.075,1.39629384738663e-58,"1","Emc6"
7.93045125704774e-63,1.42920626399431,0.242,0.033,1.51114748703045e-58,"1","Pa2g4"
7.97026410273831e-63,0.603826413915135,0.405,0.104,1.51873382477679e-58,"1","Asxl2"
8.28509862669966e-63,0.833186495650162,0.6,0.221,1.57872554331762e-58,"1","Tln1"
1.06080155520905e-62,1.35564001977092,0.253,0.045,2.02135736345085e-58,"1","Tcf12"
1.30050684024615e-62,0.797994515511957,0.338,0.083,2.47811578408903e-58,"1","Usp22"
1.4832983498573e-62,1.33135342359758,0.304,0.061,2.82642500565309e-58,"1","Asxl1"
1.75544026063501e-62,1.10041708579155,0.214,0.024,3.34499141664001e-58,"1","Mppe1"
1.7576206589085e-62,0.75060461958874,0.651,0.239,3.34914616555014e-58,"1","Zdhhc18"
1.87051357081479e-62,0.777101561450933,0.712,0.281,3.56426360918757e-58,"1","Nsd3"
1.94196499216969e-62,0.568278139815082,0.71,0.286,3.70041429257934e-58,"1","Srsf6"
2.00359605533294e-62,1.12323914625885,0.278,0.049,3.81785228343691e-58,"1","Casp6"
2.1095246811463e-62,6.68826771788362,0.126,0.001,4.01969927992427e-58,"1","Tox"
2.16191629162495e-62,0.907685577964933,0.395,0.114,4.11953149369135e-58,"1","Lamp2"
2.32405693124618e-62,0.765722287279942,0.727,0.306,4.4284904824896e-58,"1","Aif1"
2.34360038366206e-62,2.68742273681936,0.126,0.005,4.46573053106806e-58,"1","Nlrp1b"
2.44749034956832e-62,0.951199019336212,0.667,0.259,4.66369286110243e-58,"1","Map1lc3b"
2.5431218285142e-62,0.536696290292323,0.584,0.191,4.8459186442338e-58,"1","Npepl1"
2.58083965844071e-62,2.1560924269607,0.143,0.016,4.91778996915877e-58,"1","Abi3"
2.83358064559678e-62,2.11486714698321,0.15,0.011,5.39938792018466e-58,"1","Rbm43"
2.94453817798779e-62,1.57618779816158,0.246,0.035,5.61081749815573e-58,"1","Slc31a2"
2.96170784117805e-62,1.01067543758856,0.405,0.109,5.64353429136477e-58,"1","Anxa11"
3.0081742598732e-62,4.08236863225108,0.14,0.006,5.73207605218838e-58,"1","Mrc1"
3.23040895308964e-62,0.830085230736733,0.379,0.097,6.15554426011232e-58,"1","Zkscan14"
3.25939650115776e-62,3.08212610132177,0.117,0.006,6.21078003295612e-58,"1","P2rx7"
3.69497371511436e-62,1.08681389234589,0.26,0.042,7.04077241415042e-58,"1","Ubap2"
3.80443836698577e-62,2.31911778066531,0.223,0.025,7.24935730829138e-58,"1","Ccl9"
4.10839404145149e-62,0.782708066985356,0.34,0.08,7.82854484598581e-58,"1","Lsm2"
4.42073575356487e-62,0.705340317529655,0.464,0.132,8.42371197841787e-58,"1","Ss18"
5.11283048140904e-62,0.754924256456403,0.556,0.187,9.74249848232493e-58,"1","Dhx9"
5.49858644138212e-62,1.68694064727284,0.186,0.03,1.04775564640536e-57,"1","Lag3"
5.63825672248765e-62,1.24882085987124,0.281,0.054,1.07436981847002e-57,"1","Cdca4"
6.10736378933183e-62,0.748964970373236,0.508,0.175,1.16375817005718e-57,"1","Ppig"
6.57473503833459e-62,1.37471076118046,0.242,0.037,1.25281576155466e-57,"1","Pacs1"
6.60529807356975e-62,0.522952398233125,0.494,0.156,1.25863954791872e-57,"1","Ndufs3"
6.62136525442773e-62,0.709407107704873,0.565,0.199,1.2617011492312e-57,"1","Oser1"
6.63401022224875e-62,1.53110004496768,0.117,0.012,1.2641106478495e-57,"1","Aff3"
6.6892236378115e-62,1.64739217183585,0.186,0.019,1.27463156418498e-57,"1","Nt5c3b"
6.93758801558402e-62,0.68606375372513,0.542,0.184,1.32195739636953e-57,"1","Magoh"
8.7718377241091e-62,1.04579077865447,0.297,0.066,1.67147367832899e-57,"1","Srp19"
1.03644840209317e-61,0.66864509241639,0.561,0.187,1.97495243018854e-57,"1","Cct7"
1.05225462781544e-61,0.845319839559403,0.648,0.272,2.00507119330233e-57,"1","Serinc3"
1.1486193031102e-61,0.883985114738451,0.32,0.075,2.18869408207649e-57,"1","Cct3"
1.1564562932743e-61,1.20852520964454,0.299,0.074,2.20362746683418e-57,"1","Klf11"
1.25306035009065e-61,0.797548052847265,0.419,0.113,2.38770649709773e-57,"1","Srp72"
1.58640677033178e-61,1.19391883156867,0.212,0.04,3.0228981008672e-57,"1","Sirpa"
1.59428638649248e-61,0.636782687799977,0.512,0.164,3.03791270946143e-57,"1","Dpm1"
1.59841069914623e-61,1.23660565421893,0.189,0.024,3.04577158722314e-57,"1","Hint1"
1.74700755460663e-61,6.39968577161196,0.136,0.001,3.32892289530294e-57,"1","Zfp683"
1.79058737687096e-61,0.670085259996172,0.559,0.184,3.41196424662761e-57,"1","Fmnl1"
1.8892571914199e-61,1.54431206707919,0.354,0.077,3.59997957825061e-57,"1","Dusp4"
1.93481783130481e-61,3.76070338818403,0.173,0.006,3.68679537755132e-57,"1","Atp10a"
2.02872125068137e-61,2.63635528396783,0.17,0.011,3.86572834317334e-57,"1","Tnfsf13b"
2.02927921100114e-61,1.05749268686533,0.232,0.043,3.86679153656267e-57,"1","Sil1"
2.08269150656212e-61,0.915179383108988,0.269,0.055,3.96856866575412e-57,"1","Mgat1"
2.73236168638477e-61,0.748580352915518,0.561,0.214,5.20651519340617e-57,"1","Rrbp1"
2.73318134571158e-61,0.666410932716427,0.453,0.14,5.20807705425342e-57,"1","Uhrf2"
3.24926011602359e-61,3.19891967343455,0.136,0.008,6.19146515108296e-57,"1","Ccl6"
3.34684337025947e-61,1.35978632790402,0.271,0.048,6.37741004202942e-57,"1","Phf11d"
3.60476406236817e-61,0.957269087903383,0.593,0.228,6.86887792084255e-57,"1","Zfand5"
3.87084585744516e-61,3.55035438634151,0.147,0.004,7.37589678136175e-57,"1","Cd96"
4.4281822048172e-61,1.16017631949219,0.287,0.049,8.43790119127917e-57,"1","Med14"
4.49486196790404e-61,1.14227073476034,0.205,0.03,8.56495947984115e-57,"1","Clcn4"
5.14531996291633e-61,2.13041824088387,0.124,0.009,9.80440718933706e-57,"1","Abce1"
5.15075080190593e-61,1.62465170080759,0.219,0.029,9.81475565303176e-57,"1","Itpr3"
5.23052198984085e-61,0.69577231233564,0.356,0.103,9.96675965164175e-57,"1","Lamtor3"
5.90034924186365e-61,1.73947996565334,0.216,0.023,1.12431154803712e-56,"1","Sgf29"
6.67347063409449e-61,1.96822383062979,0.182,0.012,1.2716298293267e-56,"1","Ccdc88c"
6.73371232379361e-61,0.709596738206608,0.434,0.119,1.28310888329887e-56,"1","Zfp592"
7.05247046553816e-61,0.75887999936773,0.697,0.29,1.3438482472083e-56,"1","Ppp2r5a"
7.19271095386742e-61,0.698760062484248,0.619,0.225,1.37057107225944e-56,"1","Erbin"
7.77517554932166e-61,0.876404734767598,0.324,0.075,1.48155970092324e-56,"1","Adss"
8.69826547753826e-61,0.705062568173282,0.419,0.124,1.65745448674491e-56,"1","Mpc2"
8.72800900448296e-61,0.733311371982462,0.393,0.102,1.66312211580423e-56,"1","Usb1"
8.80435648620069e-61,0.839962882055762,0.375,0.099,1.67767012844554e-56,"1","Zdhhc5"
9.29819482890271e-61,1.85050514352875,0.181,0.023,1.77177102464741e-56,"1","Zfp715"
9.41706407265581e-61,0.772205266948045,0.273,0.069,1.79442155904457e-56,"1","Tmem135"
1.10104178162287e-60,1.08142097352321,0.262,0.051,2.09803511488239e-56,"1","Tsc22d3"
1.17659711173129e-60,0.756244122689443,0.28,0.056,2.24200579640398e-56,"1","Mospd2"
1.25853542736347e-60,0.656408518974406,0.48,0.156,2.39813925684109e-56,"1","Csnk1g3"
1.44410174801418e-60,1.51417700585946,0.29,0.065,2.75173588084102e-56,"1","Ier3"
1.44543986789133e-60,2.06566054552496,0.188,0.023,2.75428566826692e-56,"1","Gcsam"
1.49772914322496e-60,0.791107015398583,0.372,0.099,2.85392288241517e-56,"1","Trappc5"
1.55996807508561e-60,5.55100412224625,0.126,0,2.97251916707564e-56,"1","Tnfsf11"
1.57885069347548e-60,0.708097068550222,0.671,0.263,3.00849999641753e-56,"1","Xrn2"
1.61178224032552e-60,0.949436455620033,0.388,0.093,3.07125105894028e-56,"1","Sec31a"
1.67957372694512e-60,0.616418375361912,0.377,0.115,3.20042773669392e-56,"1","Tspan31"
1.68272571945309e-60,0.858782528691615,0.281,0.077,3.20643385841787e-56,"1","Ppp1r10"
1.73481673807873e-60,0.840119404011879,0.34,0.084,3.30569329440902e-56,"1","Cars"
1.75114346625798e-60,0.6697607369053,0.372,0.105,3.33680387495458e-56,"1","Plpbp"
1.75852265762577e-60,0.786938504363868,0.648,0.232,3.35086492410591e-56,"1","Eif3k"
1.80636303871026e-60,1.00149971982152,0.248,0.04,3.44202477026239e-56,"1","Ppp1cc"
1.84179948396458e-60,0.885140107738128,0.586,0.221,3.5095489166945e-56,"1","Tbc1d9"
1.91271807709113e-60,0.594468184088982,0.476,0.158,3.64468429589715e-56,"1","Ddrgk1"
2.00625913166688e-60,0.680721847960088,0.6,0.229,3.82292677539124e-56,"1","Wsb1"
2.12312374232543e-60,1.69713489965074,0.214,0.034,4.0456122910011e-56,"1","Trim59"
2.17509505779433e-60,0.937770821623735,0.342,0.078,4.1446436326271e-56,"1","Ebna1bp2"
2.3127737674858e-60,0.604493958422366,0.239,0.052,4.40699041394419e-56,"1","Naa60"
2.33259757478936e-60,2.34757107496269,0.184,0.017,4.44476467876113e-56,"1","Fam117a"
2.37633801244669e-60,0.59517131318927,0.632,0.252,4.52811208271717e-56,"1","Pip5k1c"
2.4596955777583e-60,1.384956193051,0.227,0.033,4.68694992341843e-56,"1","Slc10a7"
2.49766717123488e-60,0.564291213831035,0.448,0.164,4.75930479478807e-56,"1","Reps1"
3.0303102175193e-60,0.988712872889719,0.604,0.22,5.77425611948302e-56,"1","Ddost"
3.0503027545449e-60,0.808669290512838,0.288,0.084,5.8123518987853e-56,"1","Tnf"
3.15235080703119e-60,0.676650442706512,0.607,0.221,6.00680446279793e-56,"1","Lman2"
3.37217767750627e-60,3.7101686712643,0.14,0.003,6.42568456448819e-56,"1","Ripor2"
3.55039410707618e-60,1.54193473343193,0.182,0.023,6.76527597103366e-56,"1","Rbm19"
3.84161313780228e-60,0.941317758066405,0.43,0.136,7.32019383408224e-56,"1","Ncf2"
3.88644485679427e-60,0.716610856724878,0.336,0.08,7.40562067462148e-56,"1","Azi2"
3.97278730663168e-60,0.830877210729683,0.251,0.054,7.57014621278667e-56,"1","Rwdd1"
4.05649104846012e-60,0.629468658343688,0.51,0.16,7.72964369284076e-56,"1","Ndufa8"
4.08636912830071e-60,3.97643742038636,0.126,0.005,7.78657637397701e-56,"1","Siglece"
4.41389100687823e-60,5.5995172078606,0.136,0.001,8.41066931360646e-56,"1","Klre1"
4.72541971974408e-60,0.746866972668306,0.503,0.163,9.00428727597234e-56,"1","Ythdc1"
5.12280736086959e-60,0.741939524493063,0.322,0.076,9.76150942613701e-56,"1","Cops4"
5.15488011146674e-60,0.860289302428136,0.492,0.161,9.82262405239988e-56,"1","Vps28"
6.35895589381737e-60,0.629906494742344,0.434,0.132,1.2116990455669e-55,"1","Bcap31"
6.50926708402206e-60,0.749589886716019,0.421,0.121,1.2403408428604e-55,"1","Prps1l3"
6.56806412938841e-60,0.695117587012819,0.558,0.182,1.25154461985496e-55,"1","Arhgef6"
7.32562441873296e-60,3.11533199119661,0.147,0.01,1.39589773298957e-55,"1","Disc1"
7.68411737983855e-60,0.969867764590625,0.469,0.135,1.46420856672824e-55,"1","Capza1"
8.63266208203453e-60,0.513441889481822,0.515,0.172,1.64495375973168e-55,"1","E2f4"
9.22222512547712e-60,0.633650615429827,0.559,0.201,1.75729499765967e-55,"1","Tm9sf3"
9.588817901802e-60,0.589514813822283,0.538,0.172,1.82714925118837e-55,"1","Serbp1"
9.90477306780042e-60,0.826208423750893,0.549,0.195,1.88735450806937e-55,"1","Ssr2"
1.01008128492149e-59,0.790769700866089,0.43,0.128,1.9247098884179e-55,"1","Ddx24"
1.01167841057188e-59,1.28813162683913,0.218,0.038,1.92775321134472e-55,"1","Osgep"
1.10572746631264e-59,4.29041370504277,0.127,0.007,2.10696368705873e-55,"1","Hmox1"
1.1956643514282e-59,0.994188854595303,0.342,0.081,2.27833842164644e-55,"1","Mindy3"
1.30709407181986e-59,0.634930923841109,0.416,0.123,2.49066775385275e-55,"1","S100a13"
1.31830188040884e-59,0.732338749379595,0.543,0.178,2.51202423311904e-55,"1","Tmem258"
1.42458101423067e-59,0.689588016961332,0.301,0.078,2.71453912261655e-55,"1","Gpr183"
1.55092775223214e-59,1.90353939306167,0.2,0.026,2.95529283187834e-55,"1","Ccdc134"
1.57737988616197e-59,0.689945074531997,0.467,0.156,3.00569737308163e-55,"1","H3c1"
1.68498289145696e-59,0.763939735987466,0.242,0.044,3.21073489967124e-55,"1","Ppm1h"
1.69368394582429e-59,0.836672099678905,0.276,0.053,3.22731475876819e-55,"1","Ptpa"
1.76760786964523e-59,0.697841355238681,0.239,0.054,3.36817679560899e-55,"1","Surf2"
1.9972840881246e-59,2.69929791998994,0.166,0.012,3.80582482992143e-55,"1","Mthfd1l"
2.01158803377959e-59,0.696593742419498,0.301,0.071,3.833080998367e-55,"1","Nus1"
2.04337731998538e-59,2.56935427428728,0.147,0.007,3.89365548323214e-55,"1","Treml2"
2.21554700586796e-59,0.941599603224897,0.635,0.247,4.2217248196814e-55,"1","Eef1g"
2.25811892518612e-59,1.09690382733253,0.253,0.046,4.30284561194214e-55,"1","Tbl3"
2.27816435869813e-59,2.30770635784046,0.117,0.007,4.3410421854993e-55,"1","Map2k6"
2.52860588426472e-59,1.70219500873405,0.182,0.02,4.81825851246642e-55,"1","Kctd14"
2.72488109243197e-59,1.16589517662937,0.255,0.045,5.19226092162911e-55,"1","Rpa1"
3.03351238208159e-59,0.860713992770144,0.382,0.103,5.78035784405646e-55,"1","Cbx4"
3.43490523996201e-59,0.893611130688701,0.214,0.036,6.54521193474762e-55,"1","Camk2g"
3.43942779684247e-59,0.650129780048686,0.634,0.226,6.55382966688333e-55,"1","Trmt112"
3.44046528726664e-59,0.598284068650449,0.45,0.14,6.55580660488659e-55,"1","Dnajc3"
3.69168314491266e-59,0.964783218902545,0.244,0.072,7.03450223263107e-55,"1","Rhob"
3.86258433428259e-59,2.93153975644776,0.17,0.006,7.36015444897547e-55,"1","Ubxn11"
3.96468701022507e-59,2.8755510560154,0.204,0.016,7.55471109798387e-55,"1","Slc11a1"
4.29423500274657e-59,4.48292638680767,0.117,0,8.18266479773358e-55,"1","Clnk"
4.57949046395778e-59,0.596519736984308,0.439,0.13,8.72621907907154e-55,"1","Pole4"
4.70247526615063e-59,0.640248181469621,0.527,0.191,8.96056661965003e-55,"1","Tnrc6b"
4.8801766607832e-59,0.796797523728522,0.32,0.087,9.29917662712239e-55,"1","Synj2bp"
4.98012130975704e-59,0.812878991776338,0.322,0.079,9.48962115574204e-55,"1","Bccip"
6.02339624861593e-59,1.53494892050395,0.189,0.025,1.14775815517377e-54,"1","Plpp5"
6.18762566838965e-59,0.766972108093968,0.347,0.098,1.17905207111165e-54,"1","Sat1"
6.24882087619983e-59,0.835492901614921,0.366,0.107,1.19071281795988e-54,"1","Abhd17b"
7.00208695073333e-59,0.808821317020965,0.68,0.283,1.33424766846224e-54,"1","Chd7"
7.01099297798523e-59,1.16652391625825,0.306,0.076,1.33594471195509e-54,"1","Itga5"
7.40002509447979e-59,0.669206998582003,0.492,0.163,1.41007478175312e-54,"1","Dynll1"
7.71455539666881e-59,0.812061517261616,0.694,0.284,1.47000853083524e-54,"1","Ptbp1"
7.77414979184643e-59,2.58433800489405,0.142,0.008,1.48136424283634e-54,"1","Atad2"
8.15649959386669e-59,1.07094333866691,0.412,0.119,1.5542209976113e-54,"1","Dhx58"
8.23245090796152e-59,0.774667488409403,0.665,0.261,1.56869352051207e-54,"1","Atp6ap2"
8.42190528817825e-59,0.553559665566982,0.366,0.092,1.60479405266237e-54,"1","Sar1b"
8.66877767824276e-59,0.720986524861615,0.442,0.126,1.65183558658916e-54,"1","Tmem179b"
9.29285045978771e-59,4.63931086170225,0.129,0.002,1.77075265511255e-54,"1","Rora"
9.34152072003272e-59,3.36017549740041,0.143,0.007,1.78002677320224e-54,"1","BC028528"
1.05095332183307e-58,1.10415398710605,0.26,0.05,2.00259155475292e-54,"1","Zbtb11"
1.13795114128502e-58,4.06744197372582,0.142,0.004,2.16836589971861e-54,"1","Ankrd28"
1.23763766419788e-58,0.526783055147327,0.512,0.17,2.35831856912907e-54,"1","Diaph2"
1.30567254283806e-58,0.841035262988307,0.251,0.049,2.48795903037792e-54,"1","Polr2f"
1.32981432075344e-58,0.935768652582513,0.133,0.022,2.53396118819568e-54,"1","Mvb12b"
1.34081833037277e-58,0.549113002680103,0.274,0.063,2.55492932852531e-54,"1","Afg3l2"
1.52636777595574e-58,2.64616326582209,0.104,0.004,2.90849379708365e-54,"1","Stk32c"
1.60176645693211e-58,0.781707085612466,0.412,0.139,3.05216598368414e-54,"1","Ets2"
1.63932456758126e-58,0.562044334741361,0.719,0.295,3.1237329635261e-54,"1","Ndufa2"
1.66391240253137e-58,0.779121378927041,0.51,0.175,3.17058508302352e-54,"1","Atf4"
1.68418573332047e-58,4.43508750850612,0.142,0.005,3.20921591484216e-54,"1","Timeless"
1.81563050298093e-58,0.778305922983823,0.655,0.254,3.45968392343017e-54,"1","Sf3b6"
2.01308694168427e-58,0.900322168876078,0.754,0.347,3.83593716737937e-54,"1","Zyx"
2.03575907931098e-58,1.06890632843206,0.276,0.054,3.87913892562708e-54,"1","Ccdc86"
2.16835263456439e-58,0.824628753490677,0.342,0.101,4.13179594516244e-54,"1","Stard3"
2.20127324672929e-58,0.801319993223685,0.304,0.065,4.19452617164267e-54,"1","Zmpste24"
2.24862409353634e-58,0.960885729442909,0.319,0.075,4.28475321023349e-54,"1","Ints7"
2.32801465719654e-58,0.705897950770481,0.315,0.078,4.436031929288e-54,"1","Vps13a"
2.5304153261575e-58,1.49645476009287,0.147,0.014,4.82170640399312e-54,"1","Zfp692"
2.90535019769837e-58,0.649340476649942,0.674,0.255,5.53614480171425e-54,"1","D8Ertd738e"
3.18998460023884e-58,1.16079283051629,0.15,0.018,6.07851565575511e-54,"1","Paxx"
3.99480589335294e-58,3.02216880041344,0.122,0.005,7.61210262978402e-54,"1","Ipcef1"
4.19783252706521e-58,0.840920655885141,0.312,0.074,7.99896988032276e-54,"1","Exosc8"
4.24052977318416e-58,0.654372731459441,0.566,0.2,8.08032948280241e-54,"1","Fundc1"
4.64997343183855e-58,1.23354032888822,0.165,0.021,8.86052437436836e-54,"1","Skic3"
4.75809077314434e-58,0.541065059823887,0.503,0.169,9.06654196822654e-54,"1","Reep5"
4.78295075610969e-58,4.28804426119315,0.122,0.003,9.11391266576702e-54,"1","Impa2"
4.90847410868706e-58,2.08750421152964,0.173,0.019,9.35309741410319e-54,"1","Noct"
4.92123666341086e-58,0.696174981901295,0.448,0.136,9.37741646212939e-54,"1","Pigm"
5.15384182875861e-58,0.776990403763255,0.627,0.252,9.82064560469954e-54,"1","Lfng"
5.21423161323807e-58,1.28430565602717,0.219,0.034,9.93571833902515e-54,"1","Elac2"
5.29560233876507e-58,0.932079479038683,0.329,0.08,1.00907702565168e-53,"1","Cetn2"
5.45055164606306e-58,0.541938357957353,0.352,0.09,1.03860261615732e-53,"1","Herc1"
5.5239584144111e-58,0.653771555282868,0.327,0.087,1.05259027586604e-53,"1","Mybbp1a"
5.66243068386605e-58,1.73426241567226,0.175,0.022,1.07897616681068e-53,"1","Rnft1"
5.68350750252469e-58,0.840199719797978,0.28,0.066,1.08299235460608e-53,"1","Flot1"
5.94329155236567e-58,0.798952062640558,0.317,0.071,1.13249420530328e-53,"1","Top2b"
6.03434936399326e-58,3.03408734058253,0.152,0.009,1.14984527130892e-53,"1","Klra2"
6.69579923964394e-58,2.01828132978538,0.205,0.029,1.27588454511415e-53,"1","Mafb"
6.72875829835277e-58,3.50258237038294,0.152,0.01,1.28216489375112e-53,"1","Dcstamp"
7.53624503010936e-58,0.645565136063358,0.462,0.148,1.43603149048734e-53,"1","Parp14"
7.85183217367805e-58,2.25754550415247,0.154,0.012,1.49616662069435e-53,"1","Slc43a2"
8.12580980530271e-58,1.41290849796276,0.25,0.051,1.54837305840043e-53,"1","Calr"
1.00663245206934e-57,1.16496966412655,0.292,0.071,1.91813813741813e-53,"1","Nfyb"
1.17739907512748e-57,0.582868090914069,0.405,0.118,2.24353393765541e-53,"1","Trappc2l"
1.23806677475222e-57,0.660270938324117,0.464,0.156,2.35913623929035e-53,"1","Mboat7"
1.24662497589995e-57,1.93601223300322,0.154,0.015,2.37544389157735e-53,"1","Hk3"
1.27296330736799e-57,0.594721343571287,0.317,0.073,2.42563158218971e-53,"1","Kansl2"
1.30886703627652e-57,5.13824367191525,0.115,0.002,2.49404613762491e-53,"1","Cd40lg"
1.35215947125297e-57,0.891961874321391,0.29,0.074,2.57653987247253e-53,"1","Pkm"
1.39036213106989e-57,1.37462559936503,0.216,0.033,2.64933504075368e-53,"1","Cebpz"
1.42571705446794e-57,0.631778472654561,0.474,0.146,2.71670384728866e-53,"1","Nptn"
1.5518998484538e-57,0.962565799844734,0.304,0.078,2.95714516122871e-53,"1","Tmed2"
1.5756501285138e-57,0.592696536796586,0.448,0.144,3.00240131988304e-53,"1","Top1"
1.61179682384788e-57,0.910596579370528,0.319,0.08,3.07127884784214e-53,"1","Eif3i"
1.6739114901011e-57,1.24773621479904,0.227,0.033,3.18963834438765e-53,"1","Rexo2"
1.80601369865286e-57,1.93584117779158,0.173,0.014,3.44135910278303e-53,"1","Svil"
1.89259738888963e-57,3.21213377620481,0.133,0.005,3.60634432452918e-53,"1","Gfi1"
2.2230754676167e-57,0.791809807756559,0.563,0.206,4.23607030354362e-53,"1","Chd2"
2.27687402150493e-57,1.39773423918369,0.262,0.052,4.33858344797765e-53,"1","Ifi211"
2.70265192712127e-57,4.58783812972926,0.104,0.002,5.14990324712958e-53,"1","Pgm2l1"
2.74349854061665e-57,1.63186924283635,0.166,0.016,5.22773646914502e-53,"1","Pstpip2"
3.02133616821124e-57,0.578909896569917,0.478,0.157,5.75715606852652e-53,"1","Naa15"
3.03025329563521e-57,0.804922103173914,0.409,0.112,5.7741476548329e-53,"1","Nudt21"
3.09218327405788e-57,0.533424585686853,0.234,0.064,5.89215522871728e-53,"1","Anks1"
3.38683799958264e-57,3.92076561039267,0.112,0.003,6.45361980820473e-53,"1","Sh2d3c"
3.44906652116451e-57,0.828101569387494,0.23,0.043,6.57219625607897e-53,"1","Cln3"
3.63091480772763e-57,4.28997989983536,0.119,0.003,6.918708166125e-53,"1","Ltb4r1"
3.65307645997762e-57,3.03273535751887,0.127,0.005,6.96093719448736e-53,"1","Cst7"
4.02248024444462e-57,0.651633618078997,0.591,0.212,7.66483610578922e-53,"1","Srp9"
4.11564659519037e-57,0.836401273486106,0.345,0.076,7.84236458713526e-53,"1","Oas3"
4.20949595153362e-57,1.36142797383416,0.235,0.043,8.02119453564732e-53,"1","Abhd11"
4.36708930915137e-57,0.631596389595532,0.347,0.089,8.32148867858794e-53,"1","Efl1"
4.51842424633795e-57,1.62266231167128,0.223,0.03,8.60985740139696e-53,"1","Vcpkmt"
4.58890457207407e-57,2.34199384945107,0.14,0.009,8.74415766208715e-53,"1","Gpr155"
4.62322457354879e-57,1.54566960256183,0.165,0.02,8.80955442489723e-53,"1","Csf3r"
4.78469509102065e-57,0.696888337568936,0.536,0.176,9.11723649593986e-53,"1","Derl1"
4.95891439222925e-57,0.829320749284034,0.285,0.063,9.44921137439284e-53,"1","C1galt1"
5.5298435559333e-57,0.686754644692419,0.28,0.063,1.05371168958309e-52,"1","Man1a2"
5.59825259230805e-57,0.918749827537428,0.225,0.043,1.0667470314643e-52,"1","Tmem245"
7.28498765236364e-57,6.75702695237961,0.117,0.001,1.38815439715789e-52,"1","Eomes"
7.8121578684831e-57,1.76569306074521,0.214,0.027,1.48860668183945e-52,"1","Pycr2"
8.85015509138077e-57,1.12364929062204,0.184,0.025,1.68639705266261e-52,"1","Timm10"
8.91424915104482e-57,0.765248119219754,0.419,0.134,1.69861017573159e-52,"1","Zbtb1"
9.65608568263091e-57,2.02133316192634,0.17,0.017,1.83996712682532e-52,"1","Ppil3"
9.96254821626834e-57,0.622989999782608,0.69,0.284,1.89836356260993e-52,"1","Pip4k2a"
1.10787135516753e-56,1.44315704961289,0.149,0.017,2.11104886727172e-52,"1","Mob3b"
1.11720543489097e-56,0.735386213893707,0.669,0.288,2.12883495618475e-52,"1","Bcl2l11"
1.12562864924053e-56,0.895922559419268,0.54,0.197,2.14488539112782e-52,"1","Commd8"
1.17250214713379e-56,0.639454261033034,0.451,0.141,2.23420284136345e-52,"1","Thoc2"
1.19324853090432e-56,0.851517363600823,0.713,0.323,2.27373507563818e-52,"1","Tnfaip3"
1.28450317323506e-56,0.827800168231752,0.294,0.065,2.4476207965994e-52,"1","Bola2"
1.40224184642805e-56,0.880119185739114,0.331,0.083,2.67197183836864e-52,"1","Eif5b"
1.40796575253921e-56,1.08501291208103,0.253,0.052,2.68287874146346e-52,"1","Nol10"
1.409768640894e-56,3.19274264894176,0.158,0.012,2.68631414522352e-52,"1","Prdx6"
1.56558960420734e-56,0.59960392236021,0.533,0.196,2.98323099081709e-52,"1","G3bp2"
1.67128304768995e-56,0.896237233931963,0.288,0.074,3.1846298473732e-52,"1","Ptpro"
1.68072895168695e-56,0.50731398854789,0.28,0.071,3.20262901743948e-52,"1","Jade2"
1.69826409548143e-56,0.666858818846307,0.258,0.067,3.23604223393987e-52,"1","Hsdl2"
1.84991414916897e-56,0.638324641367681,0.296,0.094,3.52501141124148e-52,"1","Tsc22d2"
2.01289183750938e-56,0.781161676654907,0.303,0.081,3.83556539637412e-52,"1","Tmem43"
2.24635599099774e-56,0.680410209048499,0.356,0.097,4.2804313408462e-52,"1","Jmjd6"
2.47570288634456e-56,1.30280007968101,0.278,0.051,4.71745184992955e-52,"1","Traf3ip2"
2.58033057880276e-56,0.803372147053962,0.795,0.382,4.91681991790865e-52,"1","Zc3h12a"
2.78566250075915e-56,0.648090246766388,0.623,0.225,5.30807989519657e-52,"1","Ankrd11"
3.13785548117271e-56,0.728784581129036,0.607,0.254,5.9791836193746e-52,"1","Psmd8"
3.17262323075185e-56,1.13954345153963,0.221,0.042,6.04543356619765e-52,"1","Ruvbl2"
3.18431588544304e-56,0.749558737834124,0.414,0.12,6.06771391971172e-52,"1","Eif2s1"
3.18496227245051e-56,0.814811142713234,0.717,0.317,6.06894561015444e-52,"1","Prrc2c"
3.36208902105779e-56,8.25584929937894,0.112,0,6.40646062962562e-52,"1","Il1rl1"
3.63328482355165e-56,0.635180770857294,0.586,0.219,6.92322423127767e-52,"1","Dot1l"
3.69667523795348e-56,0.946728001350902,0.269,0.059,7.04401466592036e-52,"1","Nop14"
3.7572237929379e-56,1.03625320215144,0.308,0.071,7.15938993744316e-52,"1","Ddx41"
4.81306586072851e-56,0.745646719707711,0.322,0.086,9.17129699761818e-52,"1","Cdk6"
5.11067843662274e-56,2.68912760663895,0.142,0.009,9.73839776098463e-52,"1","Fgd6"
5.15984176837131e-56,0.713490198870047,0.366,0.108,9.83207848963152e-52,"1","Cox7b"
5.56412706484614e-56,1.61139422485099,0.154,0.017,1.06024441220643e-51,"1","Paip2b"
7.24656789916631e-56,0.785592524430117,0.253,0.052,1.38083351318614e-51,"1","Blvra"
7.39206990693085e-56,1.07844150800891,0.196,0.031,1.40855892076567e-51,"1","Acp6"
7.6385728151378e-56,0.887372570767682,0.283,0.069,1.45553004992451e-51,"1","Cmas"
7.71957875544678e-56,1.1619360303185,0.195,0.028,1.47096573185038e-51,"1","Zdhhc20"
7.91805663022681e-56,2.37746629544381,0.147,0.011,1.50878569088972e-51,"1","Timm8a1"
8.14193098706869e-56,1.26422748077169,0.241,0.04,1.55144494958594e-51,"1","Snx15"
8.83807126004774e-56,1.13782619952024,0.267,0.051,1.6840944786021e-51,"1","Helb"
9.40072734440953e-56,0.609081814642578,0.386,0.116,1.79130859547724e-51,"1","Ube2g2"
1.05310958404085e-55,0.645994053529393,0.63,0.24,2.00670031238984e-51,"1","Arf6"
1.11832449017324e-55,0.657621795964418,0.497,0.167,2.13096731602511e-51,"1","Tfip11"
1.18673575971814e-55,3.54870627103369,0.138,0.007,2.26132499014292e-51,"1","Mettl1"
1.23993882924476e-55,1.41381841510258,0.2,0.029,2.36270343912589e-51,"1","Magohb"
1.28323017749119e-55,1.0888056585903,0.251,0.043,2.44519510320947e-51,"1","Ipo7"
1.46371863049317e-55,0.760361466687756,0.308,0.076,2.78911585040475e-51,"1","Strap"
1.63829212499167e-55,0.826743668203875,0.421,0.122,3.12176564417162e-51,"1","Ap1s2"
1.69997186273854e-55,0.599979672661126,0.312,0.084,3.23929638444829e-51,"1","Zbtb44"
1.73725158913799e-55,0.774299175542795,0.588,0.21,3.31033290310244e-51,"1","H13"
1.7423881272914e-55,0.95959413379842,0.246,0.048,3.32012057655377e-51,"1","Synrg"
2.17939074353032e-55,0.795882028424831,0.517,0.175,4.15282906179703e-51,"1","Ssr1"
2.28755202098139e-55,3.25368794288525,0.145,0.006,4.35893037598003e-51,"1","Smco4"
2.43918376323795e-55,0.560163475688817,0.395,0.117,4.64786466084992e-51,"1","Rbm15"
2.7392142533555e-55,0.733322996077867,0.304,0.077,5.2195727597689e-51,"1","Prkag1"
2.897353758704e-55,1.32178285494211,0.499,0.178,5.52090758721048e-51,"1","Serpina3g"
3.41289757583778e-55,0.734977624622881,0.71,0.302,6.50327633075889e-51,"1","Ifnar1"
3.45373224163968e-55,0.819622131130454,0.189,0.032,6.58108678644441e-51,"1","Dtx4"
3.56092577248614e-55,0.840485237463396,0.331,0.093,6.78534405947233e-51,"1","Uggt1"
3.6085181699845e-55,0.572861274229264,0.527,0.18,6.87603137290547e-51,"1","Syncrip"
3.66215746408818e-55,2.14298516523221,0.135,0.014,6.97824104782003e-51,"1","Hivep3"
3.77975099362105e-55,0.964945963685554,0.177,0.033,7.2023155183449e-51,"1","Daglb"
3.961997058495e-55,1.37669116348996,0.188,0.029,7.54958539496223e-51,"1","Thumpd3"
4.39258832876331e-55,0.628323384991734,0.312,0.084,8.37007706045848e-51,"1","Thada"
5.62680142829619e-55,3.76395548085277,0.179,0.014,1.07218701216184e-50,"1","Ctsb"
6.51508057447483e-55,1.94786234045051,0.189,0.02,1.24144860346618e-50,"1","Igflr1"
7.38168707461168e-55,0.549318174838912,0.444,0.141,1.40658047206726e-50,"1","Ddx46"
8.44078761232247e-55,0.628607031044417,0.43,0.131,1.60839207952805e-50,"1","Usp48"
8.82726934211073e-55,0.891884194343117,0.359,0.094,1.6820361731392e-50,"1","Eif2b2"
9.60117137596419e-55,0.968847358016631,0.241,0.052,1.82950320568998e-50,"1","Dram2"
1.02081284249808e-54,0.749954418086314,0.303,0.074,1.9451588713801e-50,"1","Nopchap1"
1.02106467219529e-54,0.544199863186461,0.611,0.222,1.94563873286812e-50,"1","Fubp1"
1.05437136287386e-54,2.10511017229167,0.126,0.01,2.00910463195615e-50,"1","Cfap298"
1.08973660804606e-54,0.664948209438871,0.467,0.161,2.07649310663178e-50,"1","Atp5pb"
1.11971287953743e-54,1.13187375329478,0.278,0.059,2.13361289195858e-50,"1","Ppp2r1b"
1.13815687566132e-54,0.68774175785985,0.43,0.133,2.16875792657265e-50,"1","Ccndbp1"
1.29262357800675e-54,0.762201665602607,0.188,0.045,2.46309422789186e-50,"1","Tomm40"
1.34669812585381e-54,1.00185182986859,0.228,0.043,2.56613327881444e-50,"1","Pou2f2"
1.76357851825114e-54,0.590407931139125,0.405,0.132,3.36049886652754e-50,"1","Senp2"
1.80113714663706e-54,0.740748530307506,0.288,0.074,3.43206683291692e-50,"1","Fdx2"
1.8606070329059e-54,0.824438516418283,0.448,0.147,3.54538670120219e-50,"1","Sf3b4"
2.0701666082133e-54,1.36087517918831,0.225,0.04,3.94470247195045e-50,"1","Med7"
2.38234384812565e-54,0.659824530072892,0.704,0.287,4.53955620260343e-50,"1","Psenen"
2.68964248310043e-54,4.83135640210283,0.112,0.002,5.12511375154787e-50,"1","Prf1"
2.772952241875e-54,2.08305750491695,0.158,0.024,5.28386049689282e-50,"1","Cxcl10"
2.91936330799011e-54,1.09296304638173,0.264,0.06,5.56284678337516e-50,"1","Micos10"
3.26460326212688e-54,1.03415446716477,0.188,0.031,6.22070151598276e-50,"1","Hipk1"
4.0837983705595e-54,0.557334584962987,0.175,0.034,7.78167779510112e-50,"1","Ntpcr"
4.26258941676253e-54,0.673145325098075,0.363,0.112,8.122364133641e-50,"1","Impact"
4.52987024318565e-54,0.615761923268224,0.49,0.172,8.63166774839026e-50,"1","Tm9sf2"
4.61005391015896e-54,0.53874659773044,0.372,0.114,8.78445772580791e-50,"1","Tmx1"
4.85433014341595e-54,0.882432483344963,0.285,0.063,9.24992608827909e-50,"1","Hspa4l"
4.95552708070214e-54,0.603436318568211,0.465,0.152,9.44275685227793e-50,"1","Hmgb1"
5.00066746255788e-54,1.07147944284732,0.299,0.071,9.52877184990404e-50,"1","Adipor2"
5.15907332207251e-54,0.706296470023379,0.326,0.088,9.83061421520917e-50,"1","Tmem9b"
5.62960305296216e-54,0.799421774591101,0.209,0.043,1.07272086174194e-49,"1","Abl2"
5.69854559067908e-54,1.52741093784297,0.205,0.037,1.0858578623039e-49,"1","Ube2v2"
5.87471112269135e-54,1.10435455280889,0.28,0.054,1.11942620442884e-49,"1","Picalm"
5.99515808883255e-54,0.696028523527637,0.646,0.254,1.14237737382704e-49,"1","Nr3c1"
6.58918941948091e-54,0.708531889112552,0.368,0.113,1.25557004388209e-49,"1","Clptm1l"
7.09188591851667e-54,1.71015470065882,0.133,0.01,1.35135886177335e-49,"1","Timm9"
7.29163780425054e-54,0.670297405422912,0.542,0.192,1.38942158359994e-49,"1","Bud31"
8.24891836129568e-54,0.701935008562037,0.478,0.157,1.57183139374489e-49,"1","Tiprl"
8.32997199104806e-54,3.34988039710076,0.228,0.022,1.58727616289421e-49,"1","C1qb"
8.47754591900299e-54,1.1317599415937,0.271,0.055,1.61539637486602e-49,"1","Pdcd2"
9.13763912794514e-54,0.777626770060494,0.313,0.073,1.74117713582995e-49,"1","Rbm38"
9.27880249594491e-54,0.621041202666467,0.664,0.274,1.7680758156023e-49,"1","Taf1d"
9.74848455556286e-54,1.13075486485694,0.244,0.054,1.8575737320625e-49,"1","Mcm4"
1.04098347955798e-53,0.957724630657057,0.189,0.031,1.98359402029772e-49,"1","Slc25a12"
1.18439202995671e-53,0.535935330498258,0.451,0.157,2.25685901308251e-49,"1","Lims1"
1.18795538799031e-53,1.36466794487796,0.221,0.034,2.26364899181554e-49,"1","C2cd3"
1.26375574038236e-53,0.743800039324706,0.235,0.043,2.40808656329858e-49,"1","Neil1"
1.39278877321864e-53,2.7713356877282,0.106,0.005,2.65395900736813e-49,"1","Cd55"
1.59420179400342e-53,1.72902500747332,0.186,0.026,3.03775151847353e-49,"1","Pola1"
1.67630240023338e-53,0.652470252191418,0.365,0.108,3.1941942236447e-49,"1","Pdhb"
1.92020153566262e-53,1.30563764894825,0.209,0.03,3.65894402620513e-49,"1","Dtymk"
1.95289390204742e-53,1.34384248887972,0.418,0.143,3.72123933035135e-49,"1","Ccrl2"
2.06076070956418e-53,0.888022667695035,0.225,0.05,3.92677953207454e-49,"1","Adap2"
2.23360511581093e-53,1.28708598538026,0.269,0.056,4.25613454817773e-49,"1","Fndc3a"
2.45708367357165e-53,0.69383997890588,0.547,0.192,4.68197293999079e-49,"1","Tet2"
2.91018699546935e-53,1.0222661082784,0.267,0.056,5.54536131986685e-49,"1","Rab3gap1"
3.35820810807772e-53,1.02309333653895,0.246,0.054,6.39906554994209e-49,"1","Gpi1"
4.15963215171318e-53,1.17445388559496,0.202,0.036,7.92617906508946e-49,"1","Trappc14"
4.23476723415383e-53,0.78583444431917,0.32,0.075,8.06934896468011e-49,"1","Nmt2"
4.31104204851303e-53,0.77699559217594,0.662,0.277,8.21469062344158e-49,"1","Eif3h"
4.43726149301459e-53,1.03318380235154,0.198,0.028,8.45520177493929e-49,"1","Npm3"
4.46661060271334e-53,0.999461800759742,0.228,0.041,8.51112650347027e-49,"1","Atp8b2"
4.72485559317077e-53,6.25970352295412,0.103,0.001,9.0032123327869e-49,"1","Rundc3b"
4.73996568488421e-53,0.713428124990801,0.179,0.042,9.03200461254686e-49,"1","Rere"
4.88851417584282e-53,1.04186310922605,0.17,0.03,9.3150637620685e-49,"1","Itgb5"
4.90363093255173e-53,0.587630400166273,0.527,0.179,9.34386874197732e-49,"1","Tox4"
5.07133677911809e-53,1.39826785961265,0.124,0.016,9.66343223260952e-49,"1","Gcnt1"
5.19419959865626e-53,2.63388231749463,0.158,0.011,9.89754733523951e-49,"1","Fcgr4"
5.23540083419088e-53,1.52658439168107,0.149,0.014,9.97605628955072e-49,"1","Cln8"
5.87788941488314e-53,0.574334449406573,0.536,0.198,1.12003182800598e-48,"1","Ogfr"
6.00833837763342e-53,1.87966020449508,0.131,0.012,1.14488887785805e-48,"1","Ipo4"
7.08314478099432e-53,1.37084392069515,0.227,0.048,1.34969323801847e-48,"1","Pold4"
7.30232243844005e-53,0.790442095098845,0.358,0.091,1.39145754064475e-48,"1","Thumpd1"
7.36234842765061e-53,0.758089698507367,0.391,0.121,1.40289549288882e-48,"1","Tmem219"
7.84523372167795e-53,1.55875408872267,0.168,0.02,1.49490928566573e-48,"1","Npc1"
9.93473517466892e-53,0.657467974980324,0.434,0.143,1.89306378753316e-48,"1","Osbpl9"
1.01511788257766e-52,0.549467602863872,0.335,0.094,1.93430712525172e-48,"1","Txndc5"
1.05271431994115e-52,0.526697987926564,0.458,0.156,2.00594713664786e-48,"1","Glipr1"
1.07885662149003e-52,0.651154381646901,0.207,0.045,2.05576129224925e-48,"1","Idh2"
1.18764937008059e-52,0.938797067208951,0.211,0.047,2.26306587468857e-48,"1","Atraid"
1.19548939624442e-52,0.798692976660896,0.257,0.057,2.27800504454374e-48,"1","Tmem185b"
1.25807662635025e-52,1.44676708999764,0.244,0.047,2.39726501151041e-48,"1","Stim2"
1.27244879866708e-52,0.686165735949894,0.735,0.313,2.42465118586012e-48,"1","Anp32a"
1.39690345219803e-52,0.533163306427292,0.519,0.192,2.66179952816336e-48,"1","Ccnd3"
1.44569659606574e-52,6.9421293922322,0.11,0.001,2.75477486380326e-48,"1","Cpm"
1.47205603911217e-52,0.533670797947369,0.435,0.165,2.80500278252824e-48,"1","Il10rb"
1.48111935339899e-52,0.943157804483426,0.248,0.051,2.82227292790178e-48,"1","Slc25a28"
1.48600091239882e-52,1.74062178137168,0.205,0.033,2.83157473857595e-48,"1","Mettl6"
1.52510388668049e-52,2.10859966581918,0.177,0.023,2.90608545606966e-48,"1","G6pdx"
1.62129909140089e-52,3.62391027695068,0.181,0.014,3.08938541866439e-48,"1","Cxcl2"
1.62491200134095e-52,1.8319544954788,0.145,0.016,3.09626981855518e-48,"1","Nmral1"
1.68344350456332e-52,2.8700302058931,0.136,0.007,3.2078015979454e-48,"1","Osgin1"
1.91137136191483e-52,3.4637987705964,0.126,0.005,3.64211813012872e-48,"1","Tmem154"
2.02614182146486e-52,1.51354584649367,0.184,0.029,3.8608132408013e-48,"1","Nipal3"
2.08073816787302e-52,0.858186258529813,0.273,0.064,3.96484657888204e-48,"1","Htatsf1"
2.09802076022748e-52,0.997103704248981,0.404,0.153,3.99777855861347e-48,"1","Ninj1"
2.12659925388246e-52,0.569779654461888,0.237,0.059,4.05223487827302e-48,"1","Comt"
2.35743054819074e-52,0.890572512487758,0.239,0.047,4.49208390957745e-48,"1","Clcc1"
2.50469605349839e-52,1.30063503065473,0.214,0.036,4.77269832994118e-48,"1","Zfp398"
2.58181031062076e-52,6.37685550083301,0.106,0,4.91963954688786e-48,"1","Gpr82"
2.78097833578422e-52,0.717725285178137,0.271,0.065,5.29915421883683e-48,"1","Ssbp1"
3.00213328758828e-52,1.62050440409825,0.189,0.026,5.72056497949947e-48,"1","Ell"
3.25096464701346e-52,0.685760690066564,0.285,0.073,6.19471313488415e-48,"1","Timm17a"
3.68928644084229e-52,1.22899863495842,0.186,0.031,7.02993531302499e-48,"1","Nagpa"
3.98285511792208e-52,1.26617016520011,0.265,0.053,7.58933042720053e-48,"1","Nt5dc1"
4.00238881945482e-52,0.908357407850517,0.193,0.034,7.62655189547116e-48,"1","Mogs"
4.04644172166268e-52,0.607333931053135,0.386,0.111,7.71049470062824e-48,"1","Bin3"
4.20703897242168e-52,0.51765030683926,0.308,0.083,8.01651276194951e-48,"1","Yipf5"
4.6952363018201e-52,1.32953091947942,0.165,0.02,8.9467727731182e-48,"1","Dph6"
5.11812383194609e-52,0.859031065721642,0.214,0.057,9.75258496177327e-48,"1","Tgfbr1"
5.55017436848357e-52,0.688000425288439,0.269,0.067,1.05758572591454e-47,"1","Kif13b"
5.84208411705687e-52,0.545325428205491,0.393,0.118,1.11320912850519e-47,"1","Smc1a"
6.29814843386767e-52,2.8130165317692,0.126,0.005,1.20011218407348e-47,"1","Tex9"
6.66381174342433e-52,2.17111865805354,0.117,0.006,1.26978932770951e-47,"1","Fam185a"
7.24880726977711e-52,1.65697433161456,0.149,0.016,1.38126022525603e-47,"1","Tomm40l"
7.34627402999658e-52,0.629376567916964,0.618,0.257,1.39983251641585e-47,"1","Rnasek"
7.39013042016111e-52,0.705014007342663,0.312,0.087,1.4081893515617e-47,"1","Hdlbp"
7.8962374994116e-52,1.40978193175242,0.166,0.028,1.50462805551288e-47,"1","Klhdc2"
8.98871631744744e-52,1.26718318285649,0.181,0.023,1.71279989428961e-47,"1","Dennd2d"
9.27868235438915e-52,0.915640713000701,0.379,0.111,1.76805292262885e-47,"1","Cyb5a"
9.41320875298586e-52,0.549544142695293,0.37,0.104,1.79368692788146e-47,"1","Rcor1"
9.60007824340794e-52,1.0766826820159,0.234,0.042,1.82929490928138e-47,"1","Mospd3"
1.02394819581928e-51,1.03030723692646,0.327,0.09,1.95113328713364e-47,"1","Crbn"
1.0374164293303e-51,0.885834278989124,0.214,0.04,1.97679700608889e-47,"1","Dpy19l1"
1.04330160372181e-51,1.38891284510431,0.205,0.034,1.98801120589191e-47,"1","Trim12a"
1.07324039639864e-51,1.54869919235835,0.198,0.031,2.04505957533761e-47,"1","Slc35f6"
1.08017087289395e-51,0.549703112335278,0.467,0.166,2.05826559829943e-47,"1","Wdr82"
1.2654101392265e-51,1.02517862670151,0.253,0.051,2.4112390202961e-47,"1","Eif2b1"
1.28580400050907e-51,0.576473880665021,0.563,0.215,2.45009952297004e-47,"1","Cep120"
1.4679328065301e-51,1.61981745744747,0.136,0.015,2.7971459628431e-47,"1","Polr3gl"
1.47757272079671e-51,0.554308055480775,0.596,0.243,2.81551481947813e-47,"1","Hck"
1.52841958337461e-51,0.692649269031948,0.458,0.152,2.91240351612031e-47,"1","St3gal4"
1.83468565788503e-51,5.17695146193681,0.101,0,3.49599352109992e-47,"1","Sit1"
1.91076237332438e-51,0.953554770601163,0.154,0.031,3.6409577023696e-47,"1","Fam168a"
1.92037425282898e-51,2.36343525656432,0.119,0.008,3.65927313876561e-47,"1","Tm7sf3"
1.97876621039845e-51,0.594430346104004,0.303,0.094,3.77053901391425e-47,"1","Naa38"
2.07931620099144e-51,1.15031603390469,0.156,0.026,3.96213702098919e-47,"1","Camk1"
2.10186863793527e-51,0.692574516263488,0.402,0.125,4.00511068958566e-47,"1","Eif2a"
2.29275212801517e-51,1.49477465171852,0.133,0.017,4.3688391799329e-47,"1","Atad3a"
2.30916898503295e-51,0.625043674693843,0.462,0.163,4.40012150098028e-47,"1","Cldnd1"
3.30235372496004e-51,0.632750178242796,0.244,0.055,6.29263502291136e-47,"1","Pola2"
3.34210140890383e-51,0.626686685668516,0.195,0.039,6.36837423466625e-47,"1","Wdr18"
3.67442828431256e-51,0.612383677886995,0.423,0.143,7.00162309575758e-47,"1","Ndufa10"
3.67604433061123e-51,1.32549006670068,0.142,0.02,7.00470247197971e-47,"1","Hgsnat"
4.1229070129185e-51,2.3327945759289,0.106,0.008,7.8561993131162e-47,"1","Tpgs2"
5.19922385438657e-51,3.25966191215551,0.127,0.007,9.90712105453361e-47,"1","Pltp"
5.22498515564024e-51,1.41337635690673,0.17,0.023,9.95620921407248e-47,"1","Ndufaf4"
5.89009317515233e-51,2.90742278429456,0.138,0.011,1.12235725452528e-46,"1","Cmpk2"
5.89964430604506e-51,0.756209987035907,0.405,0.119,1.12417722251689e-46,"1","Hnrnph2"
6.49305615316987e-51,0.755972940345711,0.195,0.045,1.23725184998652e-46,"1","Rnf141"
6.54783570907001e-51,1.40687010679458,0.196,0.025,1.24769009436329e-46,"1","Rpa2"
7.22160448258321e-51,1.65318885315103,0.193,0.032,1.37607673415623e-46,"1","Smim11"
9.09643679219286e-51,0.647025431623409,0.411,0.129,1.73332603075235e-46,"1","Ppp6c"
1.00215790708093e-50,0.802911552469118,0.382,0.116,1.9096118919427e-46,"1","Tinf2"
1.11058000817577e-50,0.717069395224346,0.234,0.052,2.11621020557892e-46,"1","Timm50"
1.12029271671036e-50,1.69065833425888,0.207,0.029,2.13471777169159e-46,"1","Tfam"
1.28484068631772e-50,0.762761727238313,0.264,0.061,2.44826392777842e-46,"1","Hmg20a"
1.4254322606025e-50,1.0122948733843,0.274,0.087,2.71616117257806e-46,"1","Plk2"
1.4709862562904e-50,1.4329240076763,0.191,0.023,2.80296431136135e-46,"1","Atm"
1.58887096111078e-50,0.645579518041151,0.242,0.062,3.0275936163966e-46,"1","Bicra"
1.5988453431595e-50,1.72113710515986,0.204,0.029,3.04659980139043e-46,"1","Myo1e"
1.77146544628537e-50,1.05088874573115,0.228,0.047,3.37552740789676e-46,"1","Pdcd11"
2.04121110388714e-50,0.545642716500932,0.336,0.101,3.88952775845694e-46,"1","Gnl1"
2.05629229829244e-50,0.640697469743675,0.317,0.08,3.91826497439624e-46,"1","Taf7"
2.11831000493648e-50,1.24210790793765,0.161,0.023,4.03643971440646e-46,"1","Dis3"
2.19239064288905e-50,1.7380537852293,0.168,0.02,4.17760037002508e-46,"1","Gpr35"
2.20697076571723e-50,1.83467679043165,0.143,0.014,4.20538279407419e-46,"1","Gas2l3"
2.37866865982495e-50,1.55902600328107,0.149,0.015,4.53255313129643e-46,"1","Gnl3l"
2.38742411036385e-50,0.989029743597748,0.335,0.085,4.54923664229832e-46,"1","Churc1"
2.63738785746645e-50,1.26767099774243,0.23,0.043,5.02554256240232e-46,"1","Zfand2a"
2.64608623748445e-50,0.595721088974827,0.373,0.126,5.04211732552661e-46,"1","Ubn1"
2.77144922434509e-50,0.596909913646602,0.287,0.072,5.28099649698957e-46,"1","Pigs"
3.05753265086644e-50,0.775998927218753,0.857,0.471,5.82612846622601e-46,"1","Fam107b"
3.54247393210628e-50,0.889444737878303,0.283,0.066,6.75018407762852e-46,"1","Ppie"
3.56888851742867e-50,2.30571066509988,0.138,0.008,6.80051706996032e-46,"1","Cinp"
3.77178607538678e-50,0.647974598547068,0.207,0.044,7.18713836664951e-46,"1","Wdr77"
4.13290341625426e-50,0.556605566719182,0.382,0.119,7.87524745967249e-46,"1","Mcts1"
4.8159472550473e-50,1.13364578955744,0.12,0.016,9.17678749449264e-46,"1","Lrrc8a"
4.99278588875743e-50,1.08945264409658,0.207,0.034,9.51375351102728e-46,"1","Tnfsf12"
5.04167867366699e-50,2.99303355341389,0.136,0.006,9.60691871267244e-46,"1","Cdca7l"
6.35671979706825e-50,1.33708462610301,0.239,0.047,1.21127295733136e-45,"1","Fbxo33"
6.67772727891807e-50,0.736879240539863,0.283,0.069,1.27244093299784e-45,"1","Klhl21"
6.89414438436891e-50,0.696861495838325,0.2,0.046,1.3136792124415e-45,"1","Mtr"
7.00639941783432e-50,5.50364956341089,0.106,0.001,1.33506940906833e-45,"1","Dnaja4"
7.59129121682843e-50,1.50330435226293,0.182,0.031,1.44652054136666e-45,"1","Slc11a2"
7.61077735625551e-50,0.616289863798034,0.35,0.11,1.45023362523449e-45,"1","Mars1"
7.91252441125875e-50,0.501577669326135,0.398,0.13,1.50773152656535e-45,"1","Elk4"
9.97878906339187e-50,1.99284358760005,0.161,0.017,1.90145825602932e-45,"1","Gpr141b"
1.00141413466775e-49,1.25797040305884,0.15,0.022,1.90819463360939e-45,"1","Msra"
1.09116200846424e-49,0.865543694572792,0.228,0.05,2.07920920712862e-45,"1","Tgs1"
1.12188480221098e-49,0.58342832637475,0.676,0.284,2.13775149061303e-45,"1","Isy1"
1.17334686160882e-49,1.14891104175584,0.186,0.029,2.2358124447956e-45,"1","Dele1"
1.20039180570883e-49,0.549508915682979,0.63,0.269,2.28734658577818e-45,"1","Atp5d"
1.27657801308707e-49,0.721299004240764,0.242,0.059,2.43251940393742e-45,"1","Atp5o"
1.5913400608269e-49,0.876147841250421,0.202,0.036,3.03229848590566e-45,"1","Golga7"
1.72177362921023e-49,0.862163805398466,0.223,0.048,3.2808396504601e-45,"1","Lpgat1"
2.02802447713673e-49,0.80949054427031,0.244,0.066,3.86440064118404e-45,"1","Smc3"
2.19819343156753e-49,0.953646681945656,0.202,0.041,4.18865758385194e-45,"1","Homer1"
2.29408723049971e-49,1.61786120039444,0.179,0.027,4.3713832177172e-45,"1","Arrdc3"
2.32982661531036e-49,9.95213259850242,0.103,0,4.43948461547389e-45,"1","Klrg1"
2.37299055542874e-49,0.813028786038033,0.322,0.112,4.52173350336947e-45,"1","Msrb1"
2.73210582286724e-49,0.64831013832984,0.441,0.167,5.20602764547352e-45,"1","Mex3c"
2.75939196562254e-49,0.583353014108544,0.483,0.182,5.25802139049374e-45,"1","Bri3bp"
2.76253014389739e-49,0.980707672256666,0.273,0.066,5.26400118919648e-45,"1","Bcas2"
2.77620393517725e-49,3.30136527726941,0.129,0.005,5.29005659848025e-45,"1","Stambpl1"
2.89655563629451e-49,0.680515144970193,0.202,0.038,5.51938676495919e-45,"1","Hccs"
2.90550209633886e-49,1.42885856109613,0.175,0.029,5.5364342445737e-45,"1","Aim2"
3.49498616061682e-49,0.858940773347935,0.221,0.042,6.65969612905535e-45,"1","Wdr45"
3.51929735884077e-49,0.601747001897131,0.71,0.316,6.70602111727109e-45,"1","Wdr26"
3.59491063043584e-49,0.899247442993506,0.212,0.04,6.85010220629549e-45,"1","Alg1"
4.40226497782278e-49,1.28818110038902,0.188,0.023,8.38851591524131e-45,"1","Lst1"
4.42182640723248e-49,1.80717390362261,0.156,0.015,8.42579021898149e-45,"1","Mefv"
4.47567179466113e-49,0.533433375970408,0.512,0.18,8.52839260472678e-45,"1","Ppm1g"
4.51132752244582e-49,0.591164912448896,0.29,0.08,8.59633459402051e-45,"1","Pum3"
4.76351811749098e-49,4.00403875699391,0.113,0.002,9.07688377287907e-45,"1","Smpd5"
4.88556605778081e-49,0.835057725080089,0.805,0.475,9.30944612310133e-45,"1","Plek"
5.14420500104792e-49,0.589586001247978,0.262,0.061,9.80228262949682e-45,"1","Dcaf5"
5.1715359818273e-49,3.12114229515855,0.104,0.004,9.85436181337192e-45,"1","Nceh1"
5.3149217412299e-49,0.731741291603261,0.46,0.165,1.01275833779136e-44,"1","Dnajc15"
5.36754077650621e-49,1.40872128665648,0.124,0.015,1.02278489496326e-44,"1","Mindy2"
6.25501472594196e-49,0.758511784673415,0.112,0.021,1.19189305602824e-44,"1","Tmem250-ps"
7.03501343438851e-49,0.789819558563286,0.288,0.077,1.34052180992273e-44,"1","Snrpb"
7.27028197366035e-49,0.647475434904466,0.404,0.137,1.38535223008098e-44,"1","Morf4l2"
7.39434859806767e-49,0.833887753715428,0.381,0.109,1.40899312536179e-44,"1","Tnfrsf18"
8.04373233660087e-49,0.814916722993996,0.246,0.058,1.5327331967393e-44,"1","Eif5"
8.24905791492328e-49,0.702747587129455,0.219,0.046,1.57185798568863e-44,"1","Oxct1"
9.18846953150043e-49,1.11654579851375,0.159,0.018,1.75086286922741e-44,"1","Trub1"
1.03140135974394e-48,0.675397871741577,0.207,0.048,1.96533529099208e-44,"1","Ufsp2"
1.1155979663408e-48,0.725335977725984,0.667,0.287,2.12577192486239e-44,"1","Myl12b"
1.18231619476006e-48,0.591362824865559,0.241,0.05,2.2529035091153e-44,"1","Prrc1"
1.29742294419216e-48,0.506943202529654,0.26,0.065,2.47223942015815e-44,"1","Fam204a"
1.3222994909968e-48,0.562277183206762,0.262,0.071,2.5196416800944e-44,"1","Ccdc107"
1.49774999075709e-48,0.675347870306493,0.258,0.056,2.85396260738763e-44,"1","Cep192"
1.61429863383936e-48,0.57764312823661,0.223,0.05,3.07604604678091e-44,"1","Ptcd3"
1.75573827863983e-48,1.31479207314684,0.11,0.014,3.34555928994819e-44,"1","Tlr7"
1.78356120294804e-48,1.31710373624691,0.175,0.025,3.39857587221749e-44,"1","Slc7a1"
1.78373065771866e-48,1.75630789062316,0.152,0.019,3.3988987682829e-44,"1","Urod"
1.81793184156755e-48,0.538771275310723,0.372,0.121,3.46406912410697e-44,"1","Dnajc7"
1.82397385164529e-48,0.693298043950256,0.296,0.075,3.4755821743101e-44,"1","Clic1"
2.17902885016035e-48,0.518794969586018,0.519,0.179,4.15213947398054e-44,"1","Gltp"
2.20586658012171e-48,0.548944702410795,0.242,0.061,4.20327876842192e-44,"1","Ano10"
2.26432747857125e-48,1.18192316836656,0.278,0.062,4.31467601041752e-44,"1","Smpdl3a"
2.51159040730397e-48,0.529506189449985,0.227,0.052,4.78583552111771e-44,"1","Hltf"
2.57538045561922e-48,1.43722981390996,0.225,0.044,4.90738745818243e-44,"1","Il12rb2"
2.74518504230032e-48,2.25441026743328,0.11,0.013,5.23095009810326e-44,"1","Map1lc3a"
2.79180950063736e-48,0.542585042603584,0.697,0.301,5.31979300346448e-44,"1","Smdt1"
2.81376795109471e-48,0.875108665786043,0.258,0.063,5.36163483081097e-44,"1","Snrpd3"
3.12418027029419e-48,1.87131883955243,0.17,0.018,5.95312550504558e-44,"1","Bst1"
3.16536062332873e-48,1.26439532904442,0.193,0.028,6.03159466775289e-44,"1","Mbnl3"
3.25541739459759e-48,0.735265383526501,0.373,0.108,6.20319784540571e-44,"1","Mydgf"
3.35940223332687e-48,2.84846200172247,0.122,0.007,6.40134095560434e-44,"1","Tespa1"
3.70103569535635e-48,0.961982143133525,0.104,0.021,7.05232351750152e-44,"1","Ankrd40"
3.9603097779269e-48,1.91677434862,0.149,0.014,7.54637028183971e-44,"1","Frat2"
3.99472246582146e-48,0.949834379068299,0.313,0.082,7.61194365862279e-44,"1","Orai1"
4.1261314565547e-48,1.61162178098557,0.147,0.016,7.86234349046499e-44,"1","Cluh"
4.20385141983519e-48,0.882863009390493,0.205,0.044,8.01043888049595e-44,"1","Lrpap1"
4.6635695856815e-48,0.623799615421971,0.713,0.317,8.88643184551611e-44,"1","Tor1aip1"
5.38059930394228e-48,0.979881005416111,0.853,0.532,1.0252731973662e-43,"1","Junb"
5.62541153107536e-48,0.808763426741754,0.235,0.054,1.07192216724641e-43,"1","Atg16l2"
5.66157046531713e-48,4.03664546912728,0.106,0.004,1.07881225216618e-43,"1","Plet1"
5.85137718785512e-48,0.661763345846276,0.396,0.121,1.11497992314579e-43,"1","B3gnt2"
6.66246293523496e-48,0.942349128276926,0.246,0.053,1.26953231230902e-43,"1","Ccdc117"
6.99596391342204e-48,0.56404368953573,0.214,0.055,1.33308092370257e-43,"1","Mdh1"
7.62585668808664e-48,1.18472903968794,0.129,0.023,1.45310699191491e-43,"1","Rnase4"
7.63861356553744e-48,1.64835806537096,0.127,0.008,1.45553781491316e-43,"1","Nqo2"
7.67031697678713e-48,0.611335610855293,0.432,0.148,1.46157889992679e-43,"1","Atg101"
8.5888437946496e-48,0.623724255302913,0.265,0.069,1.63660418507048e-43,"1","Pdcd2l"
8.95893165531437e-48,0.877005903120581,0.237,0.051,1.70712442692015e-43,"1","Larp7"
8.99229341387149e-48,0.921451324064694,0.198,0.043,1.71348151001321e-43,"1","Ints13"
9.38165950228254e-48,3.412485276525,0.191,0.015,1.78767521815994e-43,"1","C1qa"
9.570742694112e-48,1.29989102884954,0.166,0.025,1.82370502036304e-43,"1","Ndufa12"
1.20815560144579e-47,1.16145777501666,0.101,0.017,2.30214049855495e-43,"1","Dock4"
1.74375151338272e-47,0.619702509021013,0.777,0.361,3.32271850875078e-43,"1","Nup210"
1.93497052564255e-47,0.677723420206906,0.168,0.033,3.68708633661188e-43,"1","Slc30a1"
2.11129455320554e-47,0.527862452936502,0.441,0.149,4.02307177113316e-43,"1","Ppp2r2a"
2.17946603043425e-47,1.22536030934752,0.168,0.024,4.15297252099246e-43,"1","Tapt1"
2.19602010191488e-47,0.562143662688163,0.244,0.07,4.18451630419879e-43,"1","Wdr41"
2.29247583288843e-47,1.533821014322,0.166,0.025,4.36831269956891e-43,"1","Eci1"
2.36001047381171e-47,0.576015568804781,0.301,0.079,4.49699995784822e-43,"1","Brwd3"
2.37783368397532e-47,1.48392639392993,0.147,0.019,4.53096208481497e-43,"1","Ccnh"
2.68433900518693e-47,0.691644142496597,0.304,0.082,5.1150079743837e-43,"1","Tmed9"
3.61601166191512e-47,2.37127768721967,0.131,0.009,6.89031022177926e-43,"1","Fbxo32"
3.71513283443983e-47,0.691517600861883,0.251,0.06,7.07918561602509e-43,"1","Gart"
4.00742198905128e-47,0.782465947642361,0.273,0.072,7.63614260013722e-43,"1","Tmem109"
4.20506168843991e-47,0.592523736172009,0.333,0.089,8.01274504732225e-43,"1","Heca"
4.20795576144337e-47,0.542411919351221,0.336,0.092,8.01825970343035e-43,"1","Snapc5"
4.27819381095024e-47,1.96716583069793,0.182,0.028,8.15209830676568e-43,"1","Gpr33"
4.72927208385629e-47,0.823134828365829,0.221,0.05,9.01162795578816e-43,"1","Slc25a17"
4.73856752011752e-47,3.9281266229924,0.122,0.004,9.02934040958393e-43,"1","Clec4b1"
4.77085408269093e-47,0.550483061550559,0.285,0.076,9.09086245456758e-43,"1","Rab27a"
4.77242872621851e-47,0.558606766403475,0.329,0.098,9.09386293780938e-43,"1","Cenpx"
5.29842218174891e-47,0.697613457999155,0.26,0.066,1.00961434673225e-42,"1","Fam114a2"
5.47467603755812e-47,0.759098348321062,0.358,0.107,1.0431995189567e-42,"1","Grpel1"
6.68105743987961e-47,1.9889260293356,0.117,0.011,1.27307549516906e-42,"1","Mif"
7.20265282844299e-47,0.763340170538125,0.191,0.041,1.37246549645981e-42,"1","Fgd2"
7.25259247971073e-47,3.27086283471556,0.112,0.004,1.38198149700888e-42,"1","Slc39a4"
7.2633390456768e-47,1.73755144442518,0.142,0.016,1.38402925515371e-42,"1","Hspa9"
7.33551970178257e-47,0.691920874414295,0.488,0.189,1.39778327917467e-42,"1","Coq10b"
7.35351656074075e-47,0.602036237959944,0.319,0.083,1.40121258064915e-42,"1","Irf9"
7.35766313347223e-47,0.895843880177739,0.228,0.047,1.40200271008313e-42,"1","Cops3"
7.88933037134733e-47,1.36312830009386,0.159,0.022,1.50331190226023e-42,"1","Haus4"
7.98713470202121e-47,1.89845039557499,0.154,0.023,1.52194851747014e-42,"1","Fam43a"
8.06893710325989e-47,0.838062577212418,0.257,0.063,1.53753596502617e-42,"1","Zfp593"
8.24444719151341e-47,0.772623194267523,0.248,0.067,1.57097941234288e-42,"1","Hps5"
9.07470699955233e-47,1.0030595916512,0.255,0.063,1.7291854187647e-42,"1","Morc3"
9.17818508471808e-47,1.46938152711516,0.143,0.015,1.74890316789303e-42,"1","Calhm6"
9.38666196829483e-47,0.963934110884221,0.179,0.031,1.78862843805858e-42,"1","Cog6"
9.55726196184123e-47,0.852034549562147,0.301,0.079,1.82113626682885e-42,"1","Pabpc1"
9.61433806681672e-47,0.629446769560063,0.264,0.072,1.83201211863193e-42,"1","Pim3"
1.0334272616428e-46,1.14900317588564,0.202,0.039,1.96919564706035e-42,"1","Tmx4"
1.16566061598854e-46,0.514214215599311,0.273,0.077,2.22116630376616e-42,"1","Ppip5k2"
1.26087787905865e-46,0.885356718440342,0.257,0.065,2.40260279854627e-42,"1","Trappc1"
1.35034639586502e-46,0.518441955069725,0.306,0.088,2.5730850573208e-42,"1","Ak6"
1.40384150645133e-46,2.98970653560654,0.11,0.005,2.67501999054301e-42,"1","Entpd5"
1.40400929096386e-46,0.552680918854524,0.319,0.101,2.67533970393164e-42,"1","Capn2"
1.48932362874185e-46,0.884485878685748,0.786,0.433,2.8379061745676e-42,"1","Gdi2"
1.62219799992379e-46,2.737902020965,0.119,0.009,3.09109828885478e-42,"1","Treml4"
1.71005020417827e-46,1.03426480256843,0.129,0.017,3.25850066406169e-42,"1","Hdac8"
1.82391326172766e-46,0.535176020756068,0.285,0.087,3.47546672022205e-42,"1","Elovl1"
1.84311637539092e-46,1.01970408012886,0.28,0.073,3.51205825330739e-42,"1","Lmo4"
2.0169330303739e-46,0.739752564900095,0.681,0.336,3.84326588937746e-42,"1","Nfkbiz"
2.24697658933007e-46,0.566184577510036,0.389,0.119,4.28161389096846e-42,"1","Arid1a"
2.32936331829986e-46,0.994335833157716,0.278,0.063,4.43860180302039e-42,"1","Slc25a51"
2.77390477886988e-46,1.9318925185632,0.127,0.012,5.28567555613657e-42,"1","Polm"
3.26368280960781e-46,0.602988823917518,0.204,0.054,6.21894759370767e-42,"1","Sipa1l1"
3.28979761087266e-46,2.55082456929184,0.11,0.008,6.26870934751786e-42,"1","Fcrl1"
3.43568344836423e-46,0.864610491886393,0.165,0.025,6.54669481085804e-42,"1","Lman2l"
3.43604912990453e-46,1.04240006439863,0.159,0.022,6.54739161703308e-42,"1","Nxpe3"
3.46202837185351e-46,0.65017772969801,0.549,0.224,6.59689506256685e-42,"1","Arl8b"
3.5118866268644e-46,0.749083072968797,0.257,0.057,6.69189996749011e-42,"1","Dhx8"
3.60459844539788e-46,0.594732456511358,0.858,0.482,6.86856233770566e-42,"1","Arhgap45"
3.64362055770125e-46,1.51199011318714,0.138,0.021,6.94291897269973e-42,"1","Sass6"
3.6691387912438e-46,1.57985311493921,0.17,0.026,6.99154396671506e-42,"1","Noc4l"
4.14354088788624e-46,0.530856296116618,0.342,0.105,7.89551716186723e-42,"1","Dcaf13"
4.44738832828042e-46,0.660151642857697,0.271,0.073,8.47449845953834e-42,"1","Cndp2"
4.55166129965664e-46,0.84392670986103,0.285,0.075,8.67319060649572e-42,"1","Zfp654"
4.64927103099463e-46,1.19142141243759,0.257,0.055,8.85918594956027e-42,"1","Cks2"
4.9355654005289e-46,0.653577950786049,0.189,0.047,9.40471987070781e-42,"1","Ap2a2"
5.20921723096181e-46,0.506020797047588,0.273,0.075,9.92616343359772e-42,"1","Gtf2a2"
5.39792677901358e-46,0.51214071441619,0.29,0.086,1.02857494774104e-41,"1","Calm2"
5.59941214646964e-46,1.85476418867291,0.181,0.026,1.06696798450979e-41,"1","Tifa"
6.37042557272448e-46,1.1180684525781,0.202,0.035,1.21388459288265e-41,"1","Trmt1"
6.68045047644212e-46,0.513252082849072,0.412,0.151,1.27295983828605e-41,"1","Psmb2"
7.09586605357333e-46,1.66245170723294,0.212,0.034,1.3521172765084e-41,"1","Mcub"
7.85541421699975e-46,1.16089112524747,0.216,0.04,1.4968491790493e-41,"1","Nr2c2ap"
8.33687845271017e-46,1.98590494967167,0.115,0.012,1.58859218916392e-41,"1","Nif3l1"
9.28090782319048e-46,0.539435865883489,0.308,0.091,1.76847698570895e-41,"1","Mon2"
9.34050999534484e-46,2.28734525569576,0.145,0.012,1.77983417961296e-41,"1","Soat2"
9.73098634453131e-46,0.759171336721323,0.214,0.044,1.85423944795044e-41,"1","Ruvbl1"
1.10919271774626e-45,1.15260615393225,0.12,0.018,2.1135667236655e-41,"1","Gfod1"
1.11296847120201e-45,1.05210185971754,0.227,0.055,2.12076142187542e-41,"1","Hadha"
1.14233973356737e-45,0.7850290462852,0.234,0.049,2.17672836231262e-41,"1","Krtcap2"
1.28833893605589e-45,1.51863864832686,0.172,0.033,2.45492984265449e-41,"1","Exosc10"
1.35036894965306e-45,1.89871313785626,0.147,0.018,2.57312803356391e-41,"1","Ticam2"
1.38666034506798e-45,3.04175334827897,0.112,0.005,2.64228128752704e-41,"1","Clec4a1"
1.46157827823296e-45,0.99709532868405,0.219,0.043,2.78503740917291e-41,"1","Ing3"
1.54247915472284e-45,0.838784075700659,0.205,0.043,2.93919402932436e-41,"1","Rrn3"
1.56928345128314e-45,2.26143131788333,0.117,0.007,2.99026961642002e-41,"1","H6pd"
1.72663042929722e-45,0.874917159223972,0.205,0.042,3.29009428302586e-41,"1","Pxk"
1.73562849713013e-45,1.78795547864983,0.124,0.011,3.30724010128147e-41,"1","Heatr3"
1.78119505196744e-45,0.602304000430859,0.188,0.046,3.39406717152395e-41,"1","Slc38a10"
1.91476252606144e-45,0.733499113841624,0.425,0.144,3.64857999341007e-41,"1","Surf4"
1.96312599700741e-45,0.667843776533996,0.377,0.116,3.74073658729761e-41,"1","Rlf"
2.01239596927719e-45,0.547836486375945,0.313,0.095,3.83462051945769e-41,"1","Fam133b"
2.17291453288384e-45,1.11278874437516,0.246,0.057,4.14048864241015e-41,"1","Uqcrq"
2.18640280547841e-45,1.83321642612813,0.145,0.014,4.16619054583911e-41,"1","Zfp52"
2.20069684960639e-45,0.57196895605197,0.269,0.077,4.19342784692498e-41,"1","Klhl24"
2.33078988273484e-45,0.966959765534801,0.126,0.015,4.44132012155123e-41,"1","Cds2"
2.47312339118715e-45,0.805526298152511,0.694,0.362,4.71253662190712e-41,"1","Bst2"
2.6202631995982e-45,2.11177578042875,0.12,0.013,4.99291152683438e-41,"1","Pgap1"
2.80682170443559e-45,1.40527168088099,0.177,0.03,5.34839875780202e-41,"1","Nol12"
2.82753537257474e-45,0.707705020341922,0.204,0.04,5.38786865244116e-41,"1","Psmd5"
2.84980388867809e-45,0.775596889260302,0.235,0.058,5.4303013098761e-41,"1","Abcf3"
2.88610298102694e-45,0.537872899155647,0.255,0.065,5.49946923034683e-41,"1","Pik3ca"
2.98799506365122e-45,5.10767543771768,0.113,0.001,5.6936245937874e-41,"1","Spry2"
3.06795587409204e-45,2.57644308247797,0.127,0.011,5.84598991808239e-41,"1","C3"
3.24210871494049e-45,5.18283877066568,0.113,0.001,6.1778381563191e-41,"1","Gzma"
3.33634447538577e-45,0.58523730983346,0.191,0.043,6.35740439784758e-41,"1","Ptp4a3"
3.95692239939284e-45,2.17629673681216,0.136,0.011,7.53991563204306e-41,"1","Dedd2"
4.85593245595062e-45,0.797442652353767,0.692,0.358,9.2529792948139e-41,"1","Jun"
5.25210309716414e-45,4.66049264529357,0.106,0,1.00078824516463e-40,"1","Smpd1"
5.37866230338074e-45,2.02957490433458,0.147,0.015,1.0249041019092e-40,"1","Ddx28"
6.29364825036629e-45,0.627881969552287,0.274,0.077,1.1992546741073e-40,"1","Polr3k"
6.49608952339863e-45,0.699419564760696,0.835,0.462,1.23782985868361e-40,"1","Sh3bgrl3"
7.36422299457136e-45,0.631775610479794,0.262,0.071,1.40325269161557e-40,"1","Rheb"
8.31753797344964e-45,0.568563304728666,0.354,0.117,1.58490686084083e-40,"1","Drg2"
8.32554165360371e-45,0.630371358156685,0.519,0.198,1.58643196209419e-40,"1","Ell2"
8.34779342249487e-45,0.645067507792373,0.246,0.067,1.5906720366564e-40,"1","Abcb7"
8.75655700088438e-45,1.48447224005753,0.147,0.02,1.66856193651852e-40,"1","Yars"
8.84822516261106e-45,1.73246115771234,0.14,0.02,1.68602930473554e-40,"1","Gdpd5"
8.85228103756765e-45,0.975558571081147,0.209,0.032,1.68680215170852e-40,"1","Dbf4"
1.14847728996004e-44,0.513055430604158,0.641,0.271,2.18842347601885e-40,"1","Mta2"
1.40602707103165e-44,0.543568127155317,0.211,0.056,2.67918458385081e-40,"1","Csad"
1.54159861434288e-44,0.799454610657039,0.558,0.249,2.93751615963035e-40,"1","Nfe2l2"
1.56792654397415e-44,1.57287572902381,0.158,0.016,2.98768402954274e-40,"1","Cnst"
1.63662217305617e-44,0.547438556363572,0.581,0.238,3.11858355075852e-40,"1","Nrros"
1.63825313935311e-44,0.691336519096343,0.241,0.06,3.12169135703734e-40,"1","Eef2"
1.78746448826142e-44,0.842670933481749,0.182,0.038,3.40601358238213e-40,"1","Gtf2h5"
1.89121398501925e-44,1.169690614758,0.184,0.033,3.60370824845417e-40,"1","Slc12a7"
1.91383458890247e-44,1.95832893642408,0.12,0.013,3.64681180915366e-40,"1","Coq8a"
2.10675659214246e-44,1.02849062707519,0.179,0.032,4.01442468632745e-40,"1","Tbc1d22b"
2.12950172730158e-44,0.502187709075518,0.581,0.248,4.05776554137315e-40,"1","H3f3b"
2.1465131356784e-44,0.827000833491255,0.218,0.044,4.09018078003519e-40,"1","Arl6ip1"
2.19908897853854e-44,0.637599111517944,0.227,0.063,4.19036404860519e-40,"1","Rfk"
2.52962827496448e-44,0.698448558466094,0.196,0.044,4.82020667794482e-40,"1","Ncbp2"
2.59465744989629e-44,1.26974652110641,0.175,0.029,4.94411977077737e-40,"1","Nip7"
2.59864349344179e-44,0.519972445567962,0.166,0.044,4.95171517675333e-40,"1","Iqsec1"
3.02031826137267e-44,1.30059773656827,0.184,0.038,5.75521644704563e-40,"1","Pno1"
3.3951803762921e-44,0.683955531348419,0.225,0.051,6.4695162070246e-40,"1","Naa16"
3.69666326841151e-44,1.13823686466553,0.119,0.019,7.04399185795812e-40,"1","Desi1"
4.13267197041066e-44,0.514701518986081,0.398,0.129,7.87480643961752e-40,"1","Dnttip2"
4.16349125665907e-44,1.44992260039195,0.166,0.027,7.93353258956386e-40,"1","Tmem209"
4.64819911496667e-44,0.552876676916081,0.294,0.084,8.85714341356899e-40,"1","Mplkip"
4.70991688003685e-44,0.761498590740931,0.262,0.07,8.97474661491021e-40,"1","Ercc6"
5.27494815631857e-44,0.728595645530792,0.315,0.09,1.0051413711865e-39,"1","Rhof"
5.46824933697583e-44,0.879219171091387,0.232,0.049,1.04197491116074e-39,"1","Usp1"
5.47208331806246e-44,0.543652943968026,0.269,0.078,1.0427054762568e-39,"1","Slc25a36"
5.54468629967641e-44,0.658651869590742,0.276,0.07,1.05653997440334e-39,"1","Riok2"
5.61155109837471e-44,0.532140034268024,0.248,0.061,1.0692810617953e-39,"1","Tmem203"
6.23986522508075e-44,0.696627180980766,0.264,0.071,1.18900631863914e-39,"1","Terf2"
6.47975192167814e-44,2.02039679011263,0.133,0.009,1.23471672867577e-39,"1","Utp25"
7.39262810926566e-44,2.09118200241094,0.131,0.015,1.40866528622057e-39,"1","Wrap53"
7.55638119665153e-44,0.513400032107384,0.273,0.075,1.43986843702195e-39,"1","Cdc40"
7.78118195769853e-44,1.65803123137536,0.115,0.011,1.48270422203946e-39,"1","Necap1"
8.28547089646659e-44,0.885944605624666,0.204,0.041,1.57879647932171e-39,"1","Bet1"
9.77129218940174e-44,0.682458393826094,0.202,0.043,1.8619197266905e-39,"1","Prpf19"
1.18921080498095e-43,0.846408187975063,0.131,0.027,2.26604118889119e-39,"1","Itfg2"
1.3076501144125e-43,0.629018316688757,0.246,0.062,2.49172729301303e-39,"1","Bag5"
1.32115840564776e-43,0.606202005434303,0.196,0.053,2.51746734196181e-39,"1","Hdgf"
1.37546123695272e-43,0.84837490472181,0.228,0.046,2.6209413870134e-39,"1","Trim39"
1.50053827948921e-43,0.520997696283671,0.504,0.19,2.8592756915667e-39,"1","Rer1"
1.713969566753e-43,0.673174430925482,0.281,0.078,3.26596900944784e-39,"1","Pop4"
1.87078079013772e-43,0.814452382837112,0.14,0.026,3.56477279560743e-39,"1","Ogfod2"
1.94152968329329e-43,2.06133501920088,0.133,0.016,3.69958481151537e-39,"1","Tctn3"
2.86925782716222e-43,2.65613294017663,0.112,0.006,5.4673707896576e-39,"1","Polr1e"
2.97820004527819e-43,2.04553433570932,0.145,0.015,5.67496018627759e-39,"1","Tmem38b"
3.10235494333524e-43,0.756081081286419,0.179,0.037,5.91153734452529e-39,"1","Iars"
3.1796901561905e-43,0.858988964381702,0.288,0.08,6.05889959262101e-39,"1","Zfp706"
3.19016750985467e-43,1.14261545070271,0.196,0.034,6.07886419002807e-39,"1","Dhrs11"
3.20064038294137e-43,0.734943679846092,0.152,0.03,6.09882024969479e-39,"1","Abhd17c"
3.81107353043723e-43,0.899394886742575,0.242,0.054,7.26200061224814e-39,"1","Zfp64"
4.08985319836939e-43,0.762464836311554,0.235,0.055,7.79321526949287e-39,"1","Echs1"
4.10420007089823e-43,0.915417039430264,0.191,0.04,7.82055323509659e-39,"1","Haus2"
4.13495976137532e-43,0.63149158170168,0.219,0.06,7.87916582530068e-39,"1","Tlnrd1"
4.37105427455331e-43,1.12929259251701,0.181,0.032,8.32904392016134e-39,"1","Cenpq"
4.77534523517395e-43,3.11354309837416,0.11,0.004,9.09942034562396e-39,"1","Serpina3f"
5.63190156771049e-43,0.595846585445516,0.299,0.087,1.07315884372723e-38,"1","Sys1"
5.80507302258116e-43,2.09795099271284,0.122,0.011,1.10615666445284e-38,"1","Grwd1"
6.23465074788578e-43,1.25441947417786,0.138,0.021,1.18801270000964e-38,"1","Kti12"
6.24084225781292e-43,1.10901136203207,0.142,0.022,1.18919249222625e-38,"1","Manba"
7.0758476931604e-43,1.2209357812675,0.179,0.029,1.34830277793171e-38,"1","Tex264"
7.21416511761353e-43,1.17209231036181,0.2,0.039,1.37465916316126e-38,"1","Zfp655"
7.33088079867289e-43,0.891966248294489,0.211,0.04,1.39689933618712e-38,"1","Bnip3l"
8.11384000206374e-43,1.82781455318159,0.129,0.016,1.54609221239325e-38,"1","Naf1"
8.48641727858156e-43,0.749251259082455,0.237,0.061,1.61708681243372e-38,"1","Uso1"
8.75601765406414e-43,0.6213422854503,0.335,0.107,1.66845916398192e-38,"1","Mat2b"
9.20230198992502e-43,1.10418852509323,0.193,0.042,1.75349864418021e-38,"1","Rnf2"
1.05584529266271e-42,0.53432924793449,0.365,0.126,2.01191320516879e-38,"1","Dld"
1.09941432135764e-42,0.869332474496528,0.265,0.069,2.09493398934698e-38,"1","Pttg1ip"
1.14086958012406e-42,0.693632362536791,0.287,0.08,2.17392698492641e-38,"1","Zbtb8os"
1.18079112855551e-42,2.0912896577711,0.14,0.015,2.24999749546253e-38,"1","Ern1"
1.28721193292766e-42,1.03583631784041,0.181,0.034,2.45278233819365e-38,"1","Ndfip2"
1.28961902407495e-42,0.616297573838534,0.343,0.111,2.45736905037481e-38,"1","Selenot"
1.32654569585588e-42,0.998428737295261,0.188,0.034,2.52773282345338e-38,"1","Crlf2"
1.35260061704887e-42,0.734080038158163,0.262,0.065,2.57738047578663e-38,"1","Srebf1"
1.36026755969584e-42,0.826295656524736,0.232,0.06,2.59198983500043e-38,"1","Stk11ip"
1.37417399131722e-42,0.822236377399458,0.204,0.037,2.61848854045495e-38,"1","Rtl5"
1.7026207021128e-42,2.19680577956552,0.112,0.011,3.24434374787595e-38,"1","Slfn3"
1.72544431370072e-42,5.5568999041085,0.104,0.002,3.28783413975671e-38,"1","Trbv3"
1.8082461486769e-42,3.2109667030107,0.11,0.007,3.44561303630384e-38,"1","Cemip2"
1.8267269743266e-42,0.625507585462489,0.219,0.057,3.48082824957934e-38,"1","Lcorl"
2.14835482695832e-42,1.05013022110286,0.182,0.031,4.09369012276908e-38,"1","Zfp1"
2.16061959555816e-42,0.932506927831837,0.204,0.042,4.11706063933607e-38,"1","Rmc1"
2.17483071077415e-42,1.1568129568411,0.198,0.033,4.14413991938014e-38,"1","Pcsk7"
2.49244516521753e-42,0.715052785566505,0.296,0.091,4.749354262322e-38,"1","Ssrp1"
2.53780633084961e-42,0.893508824447482,0.196,0.041,4.83578996343392e-38,"1","Zfp68"
2.54400168521878e-42,1.47730630298341,0.15,0.02,4.84759521118439e-38,"1","Dpp7"
2.61304235880382e-42,0.524715863418677,0.301,0.087,4.97915221470067e-38,"1","Spcs1"
2.67778013146657e-42,0.702976541319431,0.269,0.075,5.10251004050954e-38,"1","Rsbn1"
2.95707211724662e-42,3.17962045565872,0.108,0.003,5.63470091941344e-38,"1","AB124611"
2.95717299137602e-42,1.28046514123459,0.177,0.03,5.634893135067e-38,"1","Napsa"
3.23686089321355e-42,2.54249989038215,0.115,0.011,6.16783843201842e-38,"1","Id3"
3.48101603030308e-42,0.500334758966422,0.4,0.141,6.63307604574252e-38,"1","Mapkapk3"
4.01270201589504e-42,0.561107424753688,0.793,0.394,7.646203691288e-38,"1","Ptk2b"
4.13594114447916e-42,0.929099458232336,0.2,0.043,7.88103585080504e-38,"1","Calhm2"
4.65228719700538e-42,1.22812172549314,0.143,0.017,8.86493325389376e-38,"1","Tmx2"
4.67900623718398e-42,3.02014299446267,0.106,0.006,8.91584638495407e-38,"1","Sirpb1a"
4.82330312114897e-42,2.05105915914134,0.104,0.006,9.19080409734937e-38,"1","Zfp710"
4.9011095552346e-42,2.08576427956868,0.101,0.008,9.33906425749953e-38,"1","Cd22"
4.97104833365363e-42,0.794952497223368,0.198,0.042,9.47233259977699e-38,"1","Zfp280c"
5.03476957744501e-42,1.69041245508349,0.135,0.016,9.59375342982147e-38,"1","Ubtd1"
5.06665058477241e-42,1.23239558283368,0.138,0.019,9.65450268928382e-38,"1","Urb2"
5.45798798281497e-42,0.515553688955802,0.248,0.061,1.04001961012539e-37,"1","Dhx33"
5.51188488242298e-42,1.7805751456221,0.117,0.012,1.0502896643457e-37,"1","Poli"
5.55298754728255e-42,0.516154802683384,0.749,0.338,1.05812177713469e-37,"1","Cct2"
5.55580204742093e-42,0.731833570064098,0.634,0.312,1.05865808013606e-37,"1","Crem"
5.62848328815715e-42,0.9345286543796,0.196,0.044,1.07250749055835e-37,"1","Mfsd12"
5.73641751519748e-42,2.19949243154642,0.113,0.01,1.09307435752088e-37,"1","Dhcr7"
5.91445665308326e-42,2.44734339445455,0.104,0.007,1.12699971524502e-37,"1","Pon3"
6.70331148670124e-42,0.993271650223364,0.159,0.026,1.27731600379092e-37,"1","Ftsj3"
7.42382851839784e-42,0.847155772432353,0.186,0.035,1.41461052418071e-37,"1","Atp5g3"
7.51400151777802e-42,0.639209915543005,0.327,0.112,1.4317929892126e-37,"1","Arf2"
7.93413526093749e-42,1.47957484415291,0.175,0.025,1.51184947397164e-37,"1","Syne3"
8.38181632352529e-42,0.711097124410163,0.713,0.36,1.59715510044774e-37,"1","Hspa1b"
8.62934560152998e-42,0.553610095231404,0.214,0.057,1.64432180437154e-37,"1","Elp1"
9.74223062248214e-42,2.27596185350606,0.106,0.007,1.85638204511397e-37,"1","Bysl"
1.06402639952927e-41,1.46268096155987,0.165,0.027,2.02750230430302e-37,"1","Plod3"
1.09618844192752e-41,1.03132658043272,0.227,0.045,2.08878707609289e-37,"1","Vcpip1"
1.17271917316503e-41,0.632542995584776,0.288,0.089,2.23461638446597e-37,"1","Dhx16"
1.24131669183563e-41,1.0311319183794,0.177,0.033,2.36532895629279e-37,"1","Ipo5"
1.30065079371905e-41,2.55295263884753,0.115,0.009,2.47839008743164e-37,"1","Wdr75"
1.31171064066172e-41,0.522862910031561,0.326,0.105,2.49946462578092e-37,"1","Phtf1"
1.41625584227925e-41,0.607876301935018,0.154,0.026,2.69867550746312e-37,"1","Otud6b"
1.66729013068042e-41,0.512126805530399,0.244,0.065,3.17702134401155e-37,"1","Immp2l"
1.78056108382756e-41,0.626841992922071,0.338,0.1,3.39285914523342e-37,"1","Cbx3"
1.87823501660574e-41,0.658958235716903,0.202,0.041,3.57897682414223e-37,"1","Gnl2"
1.90916656741806e-41,2.49898507754389,0.108,0.01,3.6379168942151e-37,"1","Ifi44"
2.13136278807398e-41,0.665533132929389,0.204,0.048,4.06131179267496e-37,"1","Prep"
2.23372986233746e-41,1.05044713997809,0.159,0.031,4.25637225268403e-37,"1","Pip4k2b"
2.26896867631522e-41,0.729507700278383,0.168,0.037,4.32351981271865e-37,"1","N4bp3"
2.40994564127413e-41,1.40176287645764,0.129,0.018,4.59215141944786e-37,"1","Exosc3"
2.45401990992773e-41,0.707106219464131,0.172,0.033,4.6761349383673e-37,"1","Arid3a"
2.55068870497757e-41,0.844542918572041,0.166,0.033,4.86033732733476e-37,"1","Prxl2c"
2.57215365923017e-41,0.529287940431654,0.641,0.297,4.90123879766309e-37,"1","Arih1"
2.65262934168486e-41,2.26764329907745,0.104,0.009,5.05458521058049e-37,"1","Bcl11a"
3.07245402930214e-41,0.572941406892188,0.326,0.116,5.85456115283523e-37,"1","Mapk1"
3.40327131983285e-41,0.7736596853493,0.198,0.045,6.48493349994149e-37,"1","Mettl5"
3.47871992970177e-41,0.657096570613893,0.242,0.064,6.62870082604672e-37,"1","Tmem41b"
4.03644240964055e-41,0.506154052874681,0.515,0.207,7.69144101157007e-37,"1","Tgoln1"
4.30707684603127e-41,0.882257016425895,0.239,0.051,8.20713493011258e-37,"1","Cpt1a"
4.43719319161116e-41,1.75772901663852,0.14,0.018,8.45507162661506e-37,"1","Cry1"
4.61947321921609e-41,1.41504866588544,0.131,0.02,8.80240621921626e-37,"1","Zfp954"
4.71388090642529e-41,0.901450717502366,0.288,0.081,8.98230006719339e-37,"1","Afmid"
5.16512733947402e-41,1.09444787631325,0.188,0.034,9.84215014536774e-37,"1","Nemp2"
5.19917581953117e-41,1.06710309718096,0.166,0.032,9.90702952411664e-37,"1","Nup107"
5.53920063030083e-41,1.14331505089055,0.181,0.04,1.05549468010382e-36,"1","Nfxl1"
5.68411772925316e-41,0.944098894728508,0.119,0.014,1.08310863330919e-36,"1","Rin2"
5.90212419227426e-41,0.756188674429433,0.265,0.077,1.12464976483786e-36,"1","Tdg"
6.36403612587523e-41,1.47609840687249,0.122,0.014,1.21266708378552e-36,"1","Tpcn1"
6.68716098386195e-41,1.21558535122431,0.172,0.034,1.2742385254749e-36,"1","Wwp1"
6.77452185872699e-41,1.98453791792032,0.108,0.009,1.29088514018043e-36,"1","Eef2kmt"
7.3860203569934e-41,1.37439451911267,0.147,0.021,1.40740617902509e-36,"1","B4galt6"
7.43925696805609e-41,1.13184469897807,0.193,0.042,1.41755041526309e-36,"1","Cib1"
7.69561926638615e-41,0.552070947669132,0.625,0.315,1.46640025120988e-36,"1","Atp6v0c"
8.09911675912722e-41,1.69702773120232,0.154,0.022,1.54328669845169e-36,"1","Tex30"
8.30755789482978e-41,0.918729684214009,0.211,0.051,1.58300515685981e-36,"1","Trim21"
8.389907794198e-41,0.607752103848468,0.517,0.205,1.59869693018443e-36,"1","Daxx"
8.89770241581781e-41,0.55732839431759,0.193,0.046,1.69545719533408e-36,"1","Lonp1"
9.0094250709261e-41,0.521107386335206,0.219,0.056,1.71674594726497e-36,"1","Kdm5b"
9.24635512565399e-41,1.5782052929739,0.186,0.035,1.76189296919337e-36,"1","Mdh2"
9.54174897514294e-41,0.631604176078507,0.699,0.373,1.81818026721349e-36,"1","Hspa1a"
9.66372902604877e-41,0.644562220544076,0.288,0.076,1.84142356591359e-36,"1","Cct6a"
9.68680084784066e-41,0.928622050173901,0.179,0.029,1.84581990155604e-36,"1","Ebpl"
1.03232225412817e-40,0.539225741919656,0.365,0.124,1.96709005524123e-36,"1","Crtc3"
1.04170888118411e-40,1.10971253368959,0.189,0.042,1.98497627309632e-36,"1","Vps8"
1.0840695228332e-40,0.810559263852046,0.25,0.065,2.06569447575866e-36,"1","Ppid"
1.10625149324974e-40,0.785813784486351,0.258,0.07,2.10796222038738e-36,"1","Tmem230"
1.30772158276836e-40,1.26747659948658,0.152,0.025,2.4918634759651e-36,"1","Cstf2"
1.32191265756031e-40,1.21818696983862,0.152,0.026,2.51890456898116e-36,"1","Noc3l"
1.42010765020583e-40,1.52432095617841,0.117,0.018,2.70601512746722e-36,"1","Zadh2"
1.46708436523107e-40,1.35739830768109,0.104,0.013,2.7955292579478e-36,"1","Atg2b"
1.5108651285047e-40,1.44668837485727,0.15,0.021,2.8789535023657e-36,"1","Etfb"
1.61626745141177e-40,0.872543722232415,0.26,0.069,3.07979762866513e-36,"1","Ythdf1"
1.67371892691364e-40,0.928205165031931,0.202,0.047,3.18927141523395e-36,"1","Coa6"
1.77882787620001e-40,0.861979567883125,0.232,0.052,3.38955651809912e-36,"1","Rbm48"
1.84456137371468e-40,0.670811019483138,0.25,0.063,3.51481169761332e-36,"1","Dctn5"
1.90656406568747e-40,0.899344648109474,0.149,0.023,3.63295782716748e-36,"1","Lrmda"
1.92502899076368e-40,3.46067227394098,0.103,0.004,3.66814274190018e-36,"1","Ifit1bl1"
1.94419840565109e-40,1.96680989361672,0.117,0.01,3.70467006196814e-36,"1","Rigi"
2.0176123293208e-40,0.66537838796036,0.23,0.054,3.84456029352078e-36,"1","Ift20"
2.65201126292988e-40,0.516030446040393,0.253,0.066,5.05340746151289e-36,"1","Stim1"
2.65331294270734e-40,0.917715462524255,0.212,0.043,5.05588781232883e-36,"1","Rnf139"
2.773199603957e-40,0.553882458231923,0.283,0.075,5.28433184534007e-36,"1","Slc7a6os"
3.2778290408973e-40,1.32971118827537,0.165,0.026,6.24590323742981e-36,"1","Pus3"
3.62637620342224e-40,0.962660771280496,0.211,0.046,6.91005985562109e-36,"1","Qsox1"
3.65138333425896e-40,0.621856736309349,0.156,0.032,6.95771094343044e-36,"1","Foxo4"
3.81393676186196e-40,1.61915889837185,0.142,0.021,7.26745649972796e-36,"1","Incenp"
3.82562992469648e-40,0.834939896590828,0.175,0.037,7.28973782150913e-36,"1","Cdc26"
3.88846957569838e-40,0.55920832397282,0.283,0.085,7.40947877649326e-36,"1","Prkar2a"
4.11652665947369e-40,0.746709451368404,0.209,0.051,7.84404154962712e-36,"1","Retreg3"
5.03722964646459e-40,0.5390231104214,0.322,0.1,9.59844109133827e-36,"1","Smarca5"
6.26314052391584e-40,1.11967210685946,0.218,0.05,1.19344142683216e-35,"1","Creb5"
6.83996033017051e-40,1.91599805500202,0.135,0.016,1.30335444091399e-35,"1","Rmnd5b"
6.95112917979195e-40,0.688362972702183,0.264,0.083,1.32453766520936e-35,"1","Bet1l"
7.26875991920589e-40,0.534275431761427,0.205,0.049,1.38506220260468e-35,"1","Utp6"
8.08790088225498e-40,0.51050625955473,0.232,0.055,1.54114951311369e-35,"1","Brcc3"
9.27664603905245e-40,0.934477680591916,0.221,0.051,1.76766490274144e-35,"1","Mpp7"
9.54392451240633e-40,1.50744672627461,0.163,0.025,1.81859481583903e-35,"1","Wdr3"
9.61659005100032e-40,1.87547447828705,0.14,0.016,1.83244123421811e-35,"1","Serpinb6a"
1.03170721912442e-39,1.17614870033396,0.101,0.015,1.96591810604158e-35,"1","Ctsl"
1.05672531082606e-39,0.535835493989973,0.333,0.122,2.01359007977907e-35,"1","Gadd45g"
1.23278054339779e-39,0.749808263632783,0.191,0.039,2.34906332544448e-35,"1","Polr3e"
1.2698198597591e-39,0.655388407210882,0.232,0.057,2.41964174277097e-35,"1","Ddx19b"
1.35171973950859e-39,3.22471338751629,0.108,0.008,2.57570196363361e-35,"1","Ly6i"
1.37447973554124e-39,0.546382473727911,0.253,0.069,2.61907113607384e-35,"1","Exoc2"
1.48652495927927e-39,0.764394705010762,0.179,0.043,2.83257330990665e-35,"1","Gan"
1.52327701152108e-39,1.59751204916067,0.133,0.016,2.90260434545342e-35,"1","Celsr1"
1.5413214138338e-39,0.775321689823291,0.237,0.056,2.9369879540603e-35,"1","Tmem11"
1.66867442331161e-39,0.536229725104674,0.292,0.09,3.17965911362027e-35,"1","Tnrc6c"
1.67926874453949e-39,0.774736070719076,0.228,0.061,3.19984659271999e-35,"1","Rab33b"
1.73945110673268e-39,1.33678694007484,0.142,0.02,3.31452408387913e-35,"1","Glrx5"
1.97111824938965e-39,1.8004907987607,0.211,0.045,3.75596582421198e-35,"1","Cxcl9"
2.06827843717459e-39,1.31560477155596,0.101,0.011,3.94110456203618e-35,"1","Ipo9"
2.68128586696352e-39,0.665855022278706,0.196,0.054,5.10919021949898e-35,"1","Ctr9"
3.13228588326234e-39,1.17241262782692,0.163,0.029,5.96857075055639e-35,"1","Pde12"
3.25347679098998e-39,1.99692847308389,0.12,0.015,6.1995000252314e-35,"1","Lhfpl2"
3.35345754006728e-39,0.509789940238359,0.483,0.199,6.39001334259821e-35,"1","Fuca1"
3.47497002028287e-39,2.67855318991336,0.11,0.009,6.62155537364901e-35,"1","Trem2"
3.56383519219478e-39,1.28732550609852,0.124,0.018,6.79088795872715e-35,"1","Zcchc17"
3.95675934809901e-39,0.505415596841781,0.273,0.086,7.53960493780266e-35,"1","Canx"
4.043254459383e-39,0.539207805163215,0.265,0.072,7.7044213723543e-35,"1","Eif3l"
4.17316996496758e-39,1.5362328220931,0.126,0.011,7.95197536824572e-35,"1","Sash3"
4.18692593135591e-39,1.00092221817536,0.196,0.043,7.97818736219868e-35,"1","Cebpzos"
4.3490541377692e-39,0.605823226199143,0.421,0.155,8.2871226595192e-35,"1","Golph3"
4.5583254423807e-39,2.14349751994957,0.11,0.008,8.68588913045642e-35,"1","Slc26a11"
5.59561981445873e-39,0.589737396059691,0.292,0.09,1.06624535564511e-34,"1","Psmd3"
5.62155350192919e-39,1.93393665107495,0.136,0.016,1.07118701979261e-34,"1","Armc7"
6.21785297162297e-39,0.903624467735414,0.15,0.026,1.18481188374276e-34,"1","Phc3"
6.76253308634453e-39,0.892022193239725,0.184,0.038,1.28860067960295e-34,"1","Smim15"
7.23301753248799e-39,2.08528111070553,0.119,0.009,1.37825149081559e-34,"1","Lta"
7.24540689131665e-39,1.27564823160131,0.135,0.022,1.38061228314039e-34,"1","Zfp282"
7.35086783807375e-39,1.03281930593895,0.147,0.027,1.40070786654495e-34,"1","Xylt2"
8.44216713991984e-39,1.80994593307355,0.11,0.007,1.60865494851173e-34,"1","Tent5a"
9.02773675649205e-39,1.97655431817831,0.112,0.008,1.72023523894956e-34,"1","Selenon"
9.72318068896611e-39,0.830318856358383,0.198,0.043,1.85275208028249e-34,"1","Mnt"
1.00387464111786e-38,1.48339495932669,0.101,0.014,1.91288312865008e-34,"1","Cebpd"
1.18422999550371e-38,0.685946502828751,0.253,0.073,2.25655025643232e-34,"1","Emc4"
1.2357357443277e-38,0.763659974739774,0.212,0.054,2.35469446081644e-34,"1","Ints14"
1.39724576149027e-38,1.0439640356994,0.163,0.032,2.66245179851971e-34,"1","Cpsf2"
1.45085624994374e-38,0.881730072254209,0.175,0.028,2.7646065842678e-34,"1","Slc38a9"
1.4725402929251e-38,0.515484559167158,0.26,0.08,2.80592552816877e-34,"1","Rhbdf2"
1.4806031689516e-38,1.97275173486855,0.104,0.008,2.82128933843728e-34,"1","Rxra"
1.60846000432359e-38,0.814099722330959,0.258,0.073,3.0649205382386e-34,"1","Uxt"
1.60926330409063e-38,0.619698832672105,0.214,0.049,3.0664512259447e-34,"1","Eif2ak2"
1.95271042625303e-38,1.52442377789062,0.136,0.025,3.72088971722515e-34,"1","Plxna1"
2.01050690222308e-38,0.678600308669103,0.23,0.051,3.83102090218609e-34,"1","Atg7"
2.05053781082079e-38,0.60058210411178,0.745,0.377,3.90729979851902e-34,"1","Naca"
2.20501446597741e-38,0.970508980282272,0.239,0.061,4.20165506491995e-34,"1","Zfp263"
2.27897828619469e-38,2.94409371680051,0.127,0.01,4.34259312434397e-34,"1","Ms4a7"
2.48772843501305e-38,1.56711900742515,0.12,0.016,4.74036653291736e-34,"1","Smyd5"
2.62478913173513e-38,0.555520750852762,0.315,0.117,5.00153569052128e-34,"1","Epm2aip1"
2.9160225502928e-38,1.34738178052602,0.117,0.014,5.55648096958293e-34,"1","Xrcc6"
3.63185448467238e-38,1.56903695763383,0.14,0.022,6.92049872054323e-34,"1","Sec24a"
3.69875806987292e-38,0.930366753334184,0.242,0.067,7.04798350214286e-34,"1","Hspe1"
4.26600259439801e-38,2.1824426131917,0.12,0.008,8.12886794362541e-34,"1","Raph1"
6.05131363252335e-38,0.680344646507332,0.271,0.082,1.15307781267732e-33,"1","Srp68"
6.14405622543119e-38,1.15593078283616,0.175,0.033,1.17074991375591e-33,"1","Gmppb"
6.1937641981645e-38,1.64011818755211,0.126,0.022,1.18022176796025e-33,"1","Vat1"
6.29299500755048e-38,0.632880857128268,0.23,0.061,1.19913019868874e-33,"1","Alpk1"
6.29671114295803e-38,0.597302436080722,0.152,0.032,1.19983830829065e-33,"1","Eif1b"
6.68319622027269e-38,1.79566777360766,0.133,0.012,1.27348303977296e-33,"1","Sesn1"
6.86216318779485e-38,1.66668823406789,0.108,0.011,1.30758519543431e-33,"1","Nars2"
7.50579174386803e-38,1.3669543597961,0.159,0.023,1.43022861679405e-33,"1","Mettl4"
8.65512449734466e-38,0.663353819839341,0.267,0.074,1.64923397296903e-33,"1","Slamf1"
9.15032580655414e-38,0.820573162234145,0.165,0.03,1.74359458243889e-33,"1","Mcm2"
9.40806956568031e-38,0.602063590292463,0.234,0.069,1.79270765574038e-33,"1","Snrpg"
9.90337053016326e-38,0.724976330457126,0.242,0.067,1.88708725452261e-33,"1","Tpp1"
1.04885277585196e-37,0.726436430038608,0.202,0.043,1.99858896438591e-33,"1","Ganab"
1.10136611361565e-37,0.811347091492852,0.265,0.076,2.09865312949461e-33,"1","Ctdsp1"
1.10969631678536e-37,0.742775714335516,0.198,0.054,2.11452633163451e-33,"1","Gmppa"
1.11191209965874e-37,1.19292300893939,0.129,0.017,2.11874850589972e-33,"1","Pfkfb4"
1.1468904151666e-37,0.931287693383291,0.108,0.018,2.18539968609996e-33,"1","Dolk"
1.26771644044568e-37,0.617996885765633,0.25,0.072,2.41563367726924e-33,"1","Rmi1"
1.26802657796346e-37,1.54439293834475,0.108,0.011,2.41622464430937e-33,"1","Hirip3"
1.40379727885449e-37,1.04876317541652,0.188,0.045,2.67493571485722e-33,"1","Eif4a1"
1.44353975940632e-37,0.812161089736661,0.181,0.038,2.75066501154875e-33,"1","Ptrhd1"
1.44456969883576e-37,1.30814021557231,0.133,0.02,2.75262756113153e-33,"1","Pnpt1"
1.51204388050211e-37,1.08956338124519,0.126,0.016,2.88119961429677e-33,"1","Abitram"
1.56667605206641e-37,0.575235800951242,0.336,0.118,2.98530121721255e-33,"1","Bbc3"
1.63114097295444e-37,1.36249342208447,0.154,0.024,3.10813912396469e-33,"1","Pelo"
1.9008811012356e-37,1.07644004556124,0.127,0.019,3.62212893840444e-33,"1","Nln"
1.94533043536859e-37,0.56358367781901,0.66,0.34,3.70682714459485e-33,"1","Dusp1"
2.21625448564112e-37,0.562782641071936,0.299,0.098,4.22307292238916e-33,"1","Irak4"
2.34039129931367e-37,0.623074569692283,0.235,0.058,4.45961562084219e-33,"1","Abcf2"
2.51426433521949e-37,0.876072352487025,0.207,0.049,4.79093069076074e-33,"1","Tmco6"
2.5656601043424e-37,2.14145537763017,0.117,0.016,4.88886532882443e-33,"1","Noa1"
3.14972381866925e-37,0.502719694679286,0.23,0.066,6.00179873647425e-33,"1","Ddx56"
3.49794328491882e-37,0.752296293261683,0.264,0.074,6.66533092941281e-33,"1","Wdr45b"
4.29288193338549e-37,0.502130159119076,0.317,0.106,8.18008652406605e-33,"1","Rchy1"
4.33509042413136e-37,1.74705004982711,0.101,0.012,8.26051480318231e-33,"1","Rgl1"
4.57512912403865e-37,0.560937842772669,0.265,0.076,8.71790854585564e-33,"1","Slc50a1"
5.10107946458198e-37,1.19218458551983,0.129,0.016,9.72010691976096e-33,"1","Stxbp5"
5.17555244330889e-37,0.743494636322904,0.191,0.046,9.86201518072509e-33,"1","Mbtps2"
5.26423400980168e-37,0.973414716327056,0.205,0.046,1.00309979056771e-32,"1","Aldoa"
7.58496016902126e-37,1.07318250405783,0.145,0.027,1.445314160207e-32,"1","Ccdc47"
8.55088151326987e-37,0.660824344019705,0.184,0.04,1.62937047235357e-32,"1","Mcfd2"
9.03975636551603e-37,0.50806574831468,0.312,0.104,1.72252557544908e-32,"1","Cybc1"
9.41924836722948e-37,1.35325018371725,0.12,0.015,1.79483777637558e-32,"1","Oas1g"
1.01773680987534e-36,0.987507503048344,0.172,0.029,1.93929749121745e-32,"1","Bud23"
1.08580081957357e-36,0.652322201470158,0.202,0.052,2.06899346169744e-32,"1","Ubr7"
1.17101328469032e-36,1.05644860318103,0.158,0.025,2.2313658139774e-32,"1","Zcchc10"
1.19135814702546e-36,0.5970849882459,0.271,0.088,2.27013294915701e-32,"1","Smim19"
1.30459251639822e-36,1.32755381234332,0.147,0.029,2.48590103999681e-32,"1","Zfp367"
1.3794372162037e-36,0.801445684238815,0.17,0.031,2.62851761547615e-32,"1","Rev3l"
1.40698558460319e-36,1.54791087904975,0.104,0.016,2.68101103146139e-32,"1","Ncapd2"
1.46571945938067e-36,0.715363707587591,0.218,0.057,2.79292842984986e-32,"1","Taf11"
1.90407800438171e-36,1.96379980997238,0.11,0.014,3.62822063734935e-32,"1","Stard5"
2.10054608462162e-36,1.0694149728498,0.126,0.022,4.00259056424649e-32,"1","Vps33a"
2.35599450360249e-36,1.50071061656877,0.136,0.02,4.48934752661455e-32,"1","Mkrn2"
2.3791434779007e-36,2.56684370781332,0.117,0.011,4.53345789713978e-32,"1","Pgap3"
2.52113850956592e-36,0.838088852235593,0.232,0.064,4.80402942997786e-32,"1","Ripk2"
2.57890656703989e-36,1.74893372274106,0.133,0.019,4.91410646349452e-32,"1","Pwp2"
2.72265425711239e-36,0.951947661667254,0.181,0.039,5.18801768692766e-32,"1","Lrp5"
2.86073917710378e-36,0.913656749907527,0.147,0.025,5.45113850197125e-32,"1","Gpaa1"
3.00551456257624e-36,0.993237319175754,0.126,0.02,5.72700799898903e-32,"1","Glb1"
3.0555787430125e-36,0.547769350222444,0.228,0.069,5.82240529481033e-32,"1","Paics"
3.39409558651052e-36,1.0701932214133,0.172,0.031,6.4674491400958e-32,"1","Polg2"
3.47038028701448e-36,0.586737544248546,0.173,0.038,6.61280963690609e-32,"1","Amigo3"
3.66311792309153e-36,0.957267593704502,0.214,0.056,6.98007120245092e-32,"1","Ndufa6"
4.00740458849557e-36,2.16435305944099,0.113,0.01,7.63610944337831e-32,"1","Hebp1"
4.36853568669665e-36,0.685585523775413,0.168,0.032,8.32424475100046e-32,"1","Aste1"
4.44358609076086e-36,0.573595678203376,0.227,0.062,8.46725329594482e-32,"1","Clp1"
4.83622877297566e-36,0.578417142870748,0.278,0.084,9.21543392690512e-32,"1","Yrdc"
5.31945414397914e-36,2.9814181578878,0.103,0.01,1.01362198713523e-31,"1","Cyp20a1"
6.00640068002338e-36,0.549288523782937,0.227,0.057,1.14451964957846e-31,"1","Pnkp"
7.73177789541317e-36,1.3565599953261,0.126,0.024,1.47329027797098e-31,"1","Aimp2"
8.75773415963832e-36,1.50872889877737,0.112,0.012,1.66878624411908e-31,"1","Tipin"
8.81091204040618e-36,0.760717356703701,0.315,0.129,1.6789192892994e-31,"1","Bag3"
9.46544176817671e-36,0.835574003932769,0.212,0.05,1.80363992892607e-31,"1","Slc25a24"
1.04357694522104e-35,0.524168745198722,0.228,0.071,1.9885358691187e-31,"1","Rabggtb"
1.0577706992209e-35,0.590671998531956,0.244,0.081,2.01558206736542e-31,"1","Blmh"
1.1374747935162e-35,1.11963941860407,0.136,0.018,2.16745821904512e-31,"1","Rrs1"
1.1831698761564e-35,1.46702077211431,0.129,0.02,2.25453019901603e-31,"1","Coa7"
1.19337498139694e-35,0.693657690118666,0.207,0.053,2.27397602705188e-31,"1","Lats2"
1.331903353269e-35,0.908764117387069,0.156,0.03,2.53794183965407e-31,"1","Smim26"
1.35980714465705e-35,0.64835056783084,0.234,0.062,2.59111251414401e-31,"1","Eif2ak1"
1.36638989569638e-35,1.53244296648723,0.126,0.016,2.60365594624945e-31,"1","Mmgt2"
1.42676536646878e-35,1.45774226621523,0.129,0.016,2.71870140580626e-31,"1","Mfsd10"
1.63905682128828e-35,1.28224023336138,0.12,0.014,3.12322277296482e-31,"1","Edem3"
1.65199649464856e-35,1.06573211739058,0.136,0.024,3.14787932055283e-31,"1","Vma21"
1.73502466109819e-35,1.18649804795801,0.127,0.02,3.30608949172259e-31,"1","Zfp691"
1.92566100086418e-35,1.11845695294964,0.15,0.025,3.66934703714669e-31,"1","Amz2"
2.21760051975231e-35,0.77377962635759,0.218,0.057,4.22563779038802e-31,"1","Taf5l"
2.32909289302361e-35,1.46649946101296,0.163,0.026,4.43808650765649e-31,"1","Tmem248"
2.40109623885609e-35,0.673965422842077,0.204,0.053,4.57528888314028e-31,"1","Polr2d"
2.69443767078255e-35,2.32537547490282,0.101,0.008,5.13425098167615e-31,"1","Clec5a"
2.93418872291025e-35,1.85229898612683,0.11,0.01,5.59109661150549e-31,"1","Lamtor4"
3.06938873948214e-35,1.63944242375987,0.133,0.02,5.84872024308322e-31,"1","Traf4"
3.75263566397406e-35,1.01409873502548,0.195,0.039,7.15064725770256e-31,"1","Mta3"
3.79278442740251e-35,1.90596153273127,0.127,0.011,7.22715072641548e-31,"1","Jkamp"
3.97053338448673e-35,1.27760867489131,0.129,0.02,7.56585136413947e-31,"1","Dtnbp1"
4.15273888791942e-35,1.01596069052346,0.122,0.023,7.91304395093046e-31,"1","Cdc16"
4.32069434981413e-35,1.89001052222887,0.119,0.014,8.23308308357083e-31,"1","Eif3j1"
4.33263376900561e-35,0.653931927407722,0.186,0.041,8.25583364684018e-31,"1","Uchl5"
5.00707424586683e-35,1.25732640216616,0.138,0.026,9.54097997549925e-31,"1","Spryd7"
6.57873400050751e-35,1.97227435680219,0.104,0.011,1.25357776379671e-30,"1","Sgsh"
6.72906397741014e-35,0.969825148639689,0.17,0.032,1.2822231408955e-30,"1","Arl14ep"
6.91376961404409e-35,0.699341052197377,0.142,0.024,1.3174187999561e-30,"1","Cep95"
6.9763125951983e-35,2.00150238931224,0.119,0.01,1.32933636501504e-30,"1","Tnfrsf10b"
7.87995279770086e-35,1.17783860331888,0.14,0.022,1.5015250056019e-30,"1","Eefsec"
8.20659601550873e-35,2.38806174703177,0.106,0.011,1.56376687075519e-30,"1","Qtrt1"
8.76353127576634e-35,1.31130374487637,0.152,0.021,1.66989088459728e-30,"1","Slc10a3"
9.88892138811735e-35,0.620584142830982,0.214,0.06,1.88433397050576e-30,"1","Aarsd1"
1.10130618919145e-34,0.528120622102706,0.161,0.04,2.09853894350432e-30,"1","Asb13"
1.19024542307878e-34,0.510053067018717,0.202,0.049,2.26801265367661e-30,"1","Dvl2"
1.20713951233283e-34,0.64793145835777,0.237,0.065,2.3002043407502e-30,"1","Nfyc"
1.25038454596484e-34,1.05913598929062,0.168,0.036,2.38260775233599e-30,"1","Ntmt1"
1.25219589636329e-34,0.838868386797581,0.136,0.023,2.38605928052025e-30,"1","Cluap1"
1.55609759920479e-34,0.676364575299072,0.223,0.058,2.96514397528473e-30,"1","Fkbp5"
1.93873888018708e-34,0.622860375788207,0.74,0.407,3.69426693619648e-30,"1","Actr3"
1.94803951503335e-34,1.54603026204858,0.149,0.032,3.71198929589606e-30,"1","Wdr5b"
2.25297281993968e-34,1.85419319311075,0.106,0.014,4.29303970839505e-30,"1","Adsl"
2.3049167736596e-34,0.730873996560833,0.131,0.025,4.39201891220837e-30,"1","Slc35e2"
3.70927374044528e-34,4.45213801174218,0.161,0.01,7.06802111241848e-30,"1","Apoe"
3.98599943694245e-34,0.521397886388114,0.14,0.036,7.59532192709384e-30,"1","Zfp512"
4.13085025145529e-34,1.33451217956439,0.112,0.018,7.87133515414806e-30,"1","Nudt5"
4.17884717990962e-34,2.58781074175002,0.103,0.008,7.96279330131779e-30,"1","Cenpw"
4.35415288969149e-34,0.578799093709087,0.158,0.04,8.29683833130714e-30,"1","Pi4ka"
4.63313395766927e-34,1.86710174393797,0.133,0.02,8.8284367563388e-30,"1","Fbxo34"
5.04583566548984e-34,1.10538741590502,0.126,0.02,9.61483986059089e-30,"1","Tuba4a"
5.81293243214025e-34,0.612290734432762,0.237,0.072,1.10765427494433e-29,"1","Zdhhc23"
6.37862092520011e-34,0.808923818774099,0.158,0.038,1.21544621729688e-29,"1","Pwwp3a"
7.26335797550534e-34,0.754648317603344,0.234,0.066,1.38403286223254e-29,"1","Trim30d"
8.08148374536864e-34,0.975625246408709,0.129,0.022,1.53992672767999e-29,"1","Selenoi"
8.12501490429476e-34,1.65932346097494,0.104,0.014,1.54822159001337e-29,"1","Ppa1"
8.29101564768521e-34,2.08088082247918,0.113,0.012,1.57985303166642e-29,"1","Ifrd2"
8.51236342556808e-34,0.947827363695275,0.113,0.012,1.622030850742e-29,"1","Tmem156"
8.68313154911902e-34,0.762367022353189,0.168,0.031,1.65457071668463e-29,"1","Ppp3cc"
8.69986492760002e-34,0.639759547912443,0.165,0.035,1.65775926195418e-29,"1","Krr1"
8.74695897878031e-34,1.53388109651317,0.11,0.012,1.66673303340659e-29,"1","Xpc"
8.74899378602592e-34,0.695745973667768,0.149,0.03,1.66712076592724e-29,"1","Ndufaf7"
1.11474295413681e-33,0.86962103663459,0.188,0.046,2.12414269910768e-29,"1","Hs6st1"
1.12949600630007e-33,1.2569457212265,0.129,0.017,2.15225464000479e-29,"1","Lrp12"
1.14466914508594e-33,0.75703014275606,0.165,0.036,2.18116705596126e-29,"1","Nol6"
1.15599502125607e-33,0.519035654001478,0.28,0.1,2.20274851300345e-29,"1","Emsy"
1.47679253276127e-33,1.54028544862851,0.126,0.017,2.81402817117661e-29,"1","Max"
1.5236638854626e-33,0.640713820896489,0.142,0.035,2.90334153374899e-29,"1","Cdk5rap3"
1.99913439147407e-33,0.63435239511015,0.145,0.039,3.80935058295384e-29,"1","Xpo7"
2.46605721987849e-33,0.593405407884656,0.212,0.054,4.69907203247846e-29,"1","Ddx27"
3.03528536462135e-33,1.44475989704553,0.101,0.012,5.78373626228598e-29,"1","Dnajc25"
3.52264608968628e-33,0.629972962267973,0.182,0.037,6.71240212389721e-29,"1","Apobr"
3.5866761317957e-33,0.54806200801154,0.547,0.258,6.83441136913671e-29,"1","P2ry10"
4.11460175128133e-33,0.706087755362111,0.335,0.117,7.84037363706658e-29,"1","Slc25a20"
4.87444754339926e-33,0.502393199356878,0.142,0.028,9.28825979394728e-29,"1","Iqce"
6.08430586314394e-33,1.07850041800498,0.168,0.033,1.15936448222208e-28,"1","Dock5"
6.45041899325936e-33,1.76409335373289,0.101,0.011,1.22912733916557e-28,"1","Dus2"
6.45814572181854e-33,0.988968669261406,0.161,0.026,1.23059966729252e-28,"1","Agpat2"
6.83410676862027e-33,1.68143055826211,0.115,0.014,1.30223904476059e-28,"1","Pigx"
9.89277958033103e-33,0.826290721195593,0.156,0.029,1.88506914903208e-28,"1","Ddx31"
1.11202261996326e-32,1.10089644232719,0.136,0.025,2.11895910234e-28,"1","Ctu2"
1.14731961658825e-32,0.724435184840286,0.142,0.029,2.18621752940891e-28,"1","Lrrk2"
1.23282019633206e-32,0.518141294709602,0.198,0.054,2.34913888411073e-28,"1","Prpsap2"
1.24738038788698e-32,0.72015457310533,0.159,0.039,2.37688332911865e-28,"1","Apol8"
1.28555692880343e-32,0.885523885845337,0.158,0.036,2.44962872783493e-28,"1","Carnmt1"
1.29414152976379e-32,0.679724048853096,0.129,0.022,2.4659866849649e-28,"1","Tpcn2"
1.48058004190703e-32,1.30112525674702,0.152,0.031,2.82124526985385e-28,"1","Aldh1b1"
1.54835364638495e-32,0.722143207327493,0.104,0.023,2.95038787318652e-28,"1","Wdfy1"
1.64661004355476e-32,1.2166853514932,0.108,0.011,3.1376154379936e-28,"1","Tstd3"
1.91707811629214e-32,0.530870371259177,0.2,0.055,3.65299235059467e-28,"1","Chmp4b"
2.09859193340987e-32,0.994300448895098,0.129,0.023,3.99886692911251e-28,"1","Lage3"
2.22137689565872e-32,0.855897488905144,0.161,0.032,4.23283367467769e-28,"1","Fam222b"
2.52170824037672e-32,0.675466860163714,0.209,0.057,4.80511505203783e-28,"1","Sulf2"
2.57145111580157e-32,0.542379776478582,0.758,0.42,4.89990010115989e-28,"1","Arpc2"
2.94731194947639e-32,0.54345951584321,0.136,0.031,5.61610291972726e-28,"1","Dnajc17"
3.22189207859781e-32,0.663632341910428,0.147,0.031,6.13931535576814e-28,"1","Emc10"
3.36844007302939e-32,1.28518706948723,0.119,0.02,6.4185625591575e-28,"1","Ipo11"
3.5768411027199e-32,1.37834458397884,0.103,0.013,6.81567072123277e-28,"1","Slc36a1"
3.57805781226845e-32,0.545673581475147,0.186,0.044,6.81798916127753e-28,"1","Cert1"
4.24242489054937e-32,0.875745186202363,0.117,0.023,8.08394062894183e-28,"1","Rreb1"
4.27591120629199e-32,0.543233657983273,0.271,0.097,8.14774880358938e-28,"1","Sem1"
4.33641529765025e-32,0.506247508096503,0.28,0.089,8.26303934967256e-28,"1","Aurkaip1"
4.36857121319661e-32,2.30261147782235,0.103,0.013,8.32431244674613e-28,"1","Tlr11"
4.4409303506592e-32,0.601133557914508,0.124,0.028,8.46219278318111e-28,"1","Lmbrd2"
6.18285763130806e-32,0.939024118810999,0.166,0.04,1.17814352164575e-27,"1","Blzf1"
6.25825422733908e-32,0.695232093729144,0.186,0.05,1.19251034301946e-27,"1","Msl2"
7.0058989367512e-32,0.603523806311724,0.168,0.047,1.33497404239794e-27,"1","Txndc12"
7.02240535946146e-32,0.505793464386858,0.264,0.079,1.33811934124538e-27,"1","Tm2d3"
7.03730177276365e-32,1.45270788378777,0.11,0.014,1.34095785280011e-27,"1","Nol8"
7.27359402887845e-32,1.39380568649925,0.166,0.038,1.38598334220279e-27,"1","Gda"
7.4945284095274e-32,1.54432407044941,0.115,0.015,1.42808238843545e-27,"1","Eef1akmt4"
7.56667493108493e-32,0.561968215107293,0.135,0.034,1.44182990811823e-27,"1","Capn15"
9.39529025809312e-32,2.86437275996537,0.101,0.007,1.79027255867964e-27,"1","Clec4n"
1.02180558288107e-31,1.1947815709687,0.117,0.018,1.94705053817989e-27,"1","Ddb2"
1.1480495343422e-31,0.701742740950984,0.131,0.032,2.18760838768907e-27,"1","Dlat"
1.31838911729511e-31,1.01426018674781,0.156,0.036,2.51219046300584e-27,"1","BC035044"
1.67644015216717e-31,0.895550124458852,0.136,0.03,3.19445670995453e-27,"1","Elp3"
1.69484606557004e-31,1.13080601935319,0.135,0.023,3.22952917794372e-27,"1","Las1l"
1.70802118141867e-31,0.715842861294433,0.189,0.047,3.25463436119327e-27,"1","Acot2"
1.91984861270583e-31,1.42434237103004,0.106,0.014,3.65827153151095e-27,"1","Fdxr"
2.02259616256185e-31,1.05174095362242,0.154,0.029,3.8540569877616e-27,"1","Eef1akmt1"
3.68137341153938e-31,0.666714674797634,0.156,0.031,7.01485703568829e-27,"1","Taf5"
3.87366235771807e-31,0.684713217045326,0.136,0.032,7.38126362263178e-27,"1","Abtb1"
3.96755663983119e-31,1.06423715110056,0.149,0.027,7.56017917719834e-27,"1","Nudcd2"
4.31661333125544e-31,0.674678726410659,0.175,0.045,8.22530670270724e-27,"1","Coq5"
4.69938700465685e-31,0.666951615134177,0.149,0.029,8.95468193737363e-27,"1","Pctp"
5.11443755648459e-31,0.580321204911715,0.214,0.061,9.74556076388139e-27,"1","Cul4b"
6.67746480140882e-31,0.770035121162543,0.138,0.026,1.27239091790845e-26,"1","Ccdc127"
6.83206717364876e-31,0.763214994494009,0.104,0.026,1.30185039993877e-26,"1","Nudt4"
6.85382048909254e-31,1.59857801993426,0.103,0.017,1.30599549419658e-26,"1","Pole3"
6.87475030644129e-31,0.509201525976043,0.205,0.058,1.30998367089239e-26,"1","Tmc6"
6.87637203492155e-31,0.651752110693876,0.193,0.049,1.3102926912543e-26,"1","Armcx3"
7.05815161955134e-31,0.637986434397115,0.127,0.022,1.34493079110551e-26,"1","Fam53a"
7.19859656944558e-31,0.639617271206618,0.161,0.036,1.37169257630785e-26,"1","Hspbp1"
8.03970473384244e-31,0.654748932888528,0.186,0.051,1.53196573703368e-26,"1","Xpo4"
8.60001205125169e-31,0.589016434021934,0.942,0.673,1.63873229636601e-26,"1","Ubc"
8.76942195673934e-31,0.597786289260168,0.168,0.044,1.67101335385668e-26,"1","Rbm34"
9.4583939756866e-31,0.767177105888805,0.101,0.017,1.80229697206708e-26,"1","L3mbtl3"
1.28633410855088e-30,1.11457736483341,0.14,0.028,2.4511096438437e-26,"1","Lmf1"
1.35547290936896e-30,1.72808803304793,0.103,0.011,2.58285362880255e-26,"1","Zfp53"
1.72817377497914e-30,0.673349022476906,0.156,0.03,3.29303512822275e-26,"1","Phldb3"
1.99792424085659e-30,0.660530377412347,0.138,0.03,3.80704464095223e-26,"1","Xpot"
2.3137427726566e-30,0.557111862069727,0.227,0.062,4.40883685329715e-26,"1","Psen2"
2.3697177657857e-30,0.837732545505628,0.152,0.035,4.51549720270465e-26,"1","Nrm"
2.98833066614993e-30,0.946422296474284,0.133,0.023,5.6942640843487e-26,"1","Sacs"
3.93846109161862e-30,0.517622416460705,0.106,0.024,7.50473761007927e-26,"1","Yeats2"
4.44504605473101e-30,1.16847304976633,0.142,0.025,8.47003525728993e-26,"1","Pigf"
5.04031436151543e-30,0.56972121708246,0.219,0.069,9.60431901586765e-26,"1","Zfp386"
5.39501895800942e-30,0.782226851795698,0.115,0.028,1.02802086244869e-25,"1","Zfhx2"
6.10739317431299e-30,0.555831528680999,0.163,0.048,1.16376376936534e-25,"1","Zc3hc1"
6.78813223470922e-30,0.623671360740932,0.283,0.094,1.29347859732384e-25,"1","Alyref"
8.26819213854423e-30,1.1670820859774,0.115,0.017,1.5755040119996e-25,"1","Atic"
8.81997740853385e-30,0.907299686190785,0.129,0.029,1.68064669519613e-25,"1","Cnnm4"
1.02870726359542e-29,0.530278493853799,0.189,0.049,1.96020169078108e-25,"1","Sos1"
1.25648882849064e-29,0.566945540348195,0.152,0.036,2.39423946268892e-25,"1","Nbr1"
1.25988639690125e-29,0.756302267361168,0.115,0.022,2.40071352929533e-25,"1","Dcaf1"
1.34957110121179e-29,0.550444672336767,0.152,0.033,2.57160773335907e-25,"1","Wwox"
1.5512513952946e-29,1.46905914312474,0.103,0.011,2.95590953373386e-25,"1","Tom1"
1.63366096670124e-29,1.18540407097443,0.101,0.014,3.11294097204922e-25,"1","Fig4"
1.73181002092896e-29,0.600611186800625,0.239,0.085,3.29996399488013e-25,"1","Fbxo4"
1.89249115160496e-29,0.963672933446875,0.149,0.035,3.60614188938326e-25,"1","Fam220a.1"
2.09874960255468e-29,1.64208418472794,0.108,0.013,3.99916736766795e-25,"1","Smyd3"
2.19008724788883e-29,0.666138968561649,0.145,0.028,4.17321125085217e-25,"1","Ncapd3"
2.25672155345187e-29,1.07097656035102,0.115,0.022,4.30018292010253e-25,"1","Mto1"
2.30850490897525e-29,0.866077416707512,0.115,0.018,4.39885610405233e-25,"1","Per2"
2.38889507174331e-29,0.563229970662317,0.138,0.034,4.55203955920688e-25,"1","Slc45a4"
2.41752105291793e-29,1.05597011634488,0.119,0.018,4.60658636633512e-25,"1","Tma16"
2.82321165572558e-29,0.836129712796488,0.173,0.042,5.37962980998509e-25,"1","Ube2j1"
2.88237183112706e-29,0.589256528027636,0.108,0.025,5.49235952421261e-25,"1","Mipep"
3.01606397703246e-29,1.65510173713782,0.126,0.022,5.74710990823534e-25,"1","Tent5c"
3.4026515228327e-29,1.01788595257623,0.103,0.017,6.4837524767577e-25,"1","Urb1"
4.12108514109238e-29,0.887849535671346,0.168,0.039,7.85272773635152e-25,"1","Naip2"
4.5270354344263e-29,0.591868324555634,0.11,0.021,8.62626602029931e-25,"1","Ccs"
5.01590371462443e-29,0.808870616373152,0.122,0.028,9.55780452821686e-25,"1","Slc30a5"
5.0897632594255e-29,1.20012424472628,0.108,0.014,9.69854389083529e-25,"1","Fam118a"
5.64437017861318e-29,1.01876504125818,0.115,0.017,1.07553473753474e-24,"1","Slc25a40"
6.79091579747727e-29,0.539061219944993,0.232,0.078,1.29400900520929e-24,"1","Srrd"
7.09619768856877e-29,1.05116513251433,0.14,0.033,1.35218046955678e-24,"1","Isg20l2"
7.58117637111569e-29,0.703439921621988,0.175,0.041,1.4445931575161e-24,"1","Eif2ak3"
8.06264079338092e-29,1.16375533845619,0.133,0.026,1.53633620317873e-24,"1","Naip5"
8.24622303471758e-29,1.06264806191468,0.119,0.026,1.57131779926543e-24,"1","Tyw1"
8.28711567682331e-29,0.672866355634984,0.133,0.026,1.57910989221868e-24,"1","Ankrd39"
8.43754513141463e-29,0.880352802559111,0.158,0.035,1.60777422479106e-24,"1","Caprin1"
1.05202891285686e-28,0.694702388054342,0.149,0.032,2.00464109344874e-24,"1","Isoc2b"
1.14698487252976e-28,0.885646101334288,0.175,0.045,2.18557967460546e-24,"1","Eif4a3"
1.17004852557608e-28,0.522836745319041,0.129,0.023,2.22952746548523e-24,"1","Mfsd11"
1.29905001413694e-28,0.74536881546952,0.173,0.034,2.47533980193793e-24,"1","Cdkn2aipnl"
1.35295617184663e-28,3.06232159637055,0.103,0.01,2.57805798545376e-24,"1","Acod1"
1.46802083158227e-28,0.78990202844317,0.165,0.038,2.79731369458002e-24,"1","Trmt10c"
1.53791233324984e-28,0.695133303932099,0.163,0.043,2.93049195100758e-24,"1","Slc52a2"
1.99727547446282e-28,0.673008164393472,0.104,0.02,3.80580841658891e-24,"1","Elp4"
2.2625394858709e-28,0.534802217008374,0.163,0.042,4.311268990327e-24,"1","Zbtb9"
2.28976360433183e-28,0.979082237999757,0.145,0.026,4.3631445480543e-24,"1","Dse"
3.35055970343537e-28,0.84469301435352,0.154,0.032,6.3844915148961e-24,"1","Tut1"
3.40398377232066e-28,0.536553462831589,0.209,0.067,6.48629107815702e-24,"1","Mmadhc"
4.35878128901664e-28,0.634578332554472,0.149,0.031,8.30565774622121e-24,"1","Rpap1"
5.25337210917622e-28,0.599014629564612,0.156,0.04,1.00103005540353e-23,"1","Zfp212"
5.3181396663405e-28,1.01853423712369,0.136,0.026,1.01337151342118e-23,"1","Alkbh4"
5.74177705934016e-28,0.952807883545298,0.104,0.022,1.09409561865727e-23,"1","Mcm6"
7.13577775098948e-28,0.507408781856268,0.108,0.023,1.35972245045105e-23,"1","Lcmt1"
7.44759691634478e-28,0.562058532177666,0.17,0.049,1.4191395924095e-23,"1","Ndst2"
8.6216692095102e-28,1.25508294170498,0.108,0.018,1.64285906787217e-23,"1","Entpd6"
8.83010646713946e-28,0.616151790753407,0.152,0.034,1.68257678731342e-23,"1","Aatf"
9.12053591607664e-28,1.02385107681943,0.124,0.021,1.7379181188084e-23,"1","Prdm1"
9.61401054396874e-28,0.765215447792775,0.188,0.055,1.83194970915324e-23,"1","Pex2"
9.92018202416706e-28,0.707175785151841,0.177,0.051,1.89029068470503e-23,"1","Smap1"
9.98099110108449e-28,1.11271977456279,0.11,0.017,1.90187785431165e-23,"1","Atg2a"
1.11528468060131e-27,0.805606304947498,0.117,0.02,2.12517495888579e-23,"1","Gpr146"
1.34388165391636e-27,0.89313310313368,0.133,0.02,2.56076649153763e-23,"1","Zfp758"
1.44840327885032e-27,0.575719977454687,0.163,0.04,2.75993244784928e-23,"1","Sfxn2"
1.59768719106109e-27,1.08055721245213,0.101,0.013,3.0443929425669e-23,"1","Def8"
1.68667579362907e-27,0.803016911679315,0.15,0.033,3.21396072476019e-23,"1","Mtf2"
1.81083336781749e-27,1.32499887922407,0.133,0.021,3.45054298237623e-23,"1","Tmem86a"
2.32031271487139e-27,1.22817329191378,0.135,0.03,4.42135587818744e-23,"1","Llph"
2.46849322636067e-27,0.910548098461454,0.101,0.018,4.70371384283026e-23,"1","Ebp"
2.70364631480944e-27,0.7264695749707,0.156,0.041,5.15179805286939e-23,"1","Lsm6"
2.78002148608654e-27,1.21309654318634,0.143,0.025,5.2973309417379e-23,"1","Ccnyl1"
2.90194821759762e-27,0.804381397705054,0.131,0.026,5.52966232863227e-23,"1","Alg5"
3.09569373207327e-27,0.777097572198181,0.133,0.027,5.89884440646562e-23,"1","Ctbs"
3.28966898792501e-27,0.653659063030449,0.135,0.036,6.2684642564911e-23,"1","Osbpl2"
5.18557616820641e-27,1.17784608012577,0.101,0.015,9.88111538851732e-23,"1","Zbtb25"
6.13123992293108e-27,1.38232707978052,0.145,0.024,1.16830776731452e-22,"1","Tnfsf13"
7.22052926176515e-27,0.65593499186423,0.154,0.039,1.37587185082935e-22,"1","Mrgbp"
8.27927045484809e-27,0.990780069254739,0.136,0.06,1.5776149851713e-22,"1","Mt1"
8.40781904549627e-27,0.754274147976334,0.127,0.027,1.60210991911931e-22,"1","Uvssa"
1.05302196845421e-26,1.02550278599764,0.133,0.025,2.00653336088949e-22,"1","Tfb2m"
1.5546939123048e-26,0.558327726879874,0.175,0.043,2.9624692498968e-22,"1","Med26"
1.68622374497028e-26,0.788359963868095,0.133,0.026,3.21309934604086e-22,"1","Mettl14"
1.9906529225196e-26,3.20885753705737,0.119,0.004,3.79318914386109e-22,"1","Lrig1"
2.08189567484669e-26,0.590944252726511,0.2,0.054,3.96705220842037e-22,"1","Abt1"
2.76706725895604e-26,1.1386081186268,0.12,0.026,5.27264666194073e-22,"1","Ranbp1"
2.88335442300663e-26,1.24762035251971,0.12,0.024,5.49423185303914e-22,"1","Pde7a"
2.97459384809105e-26,1.33763450966282,0.156,0.035,5.6680885775375e-22,"1","Leng9"
3.22974874286623e-26,0.613381989412458,0.108,0.024,6.15428622953159e-22,"1","Lrrc57"
3.99034324847755e-26,0.8017482991345,0.103,0.023,7.60359905997398e-22,"1","Znrd2"
4.24552181229036e-26,0.616685717408625,0.113,0.019,8.08984181331929e-22,"1","Polk"
4.39090749651029e-26,1.07151235472082,0.101,0.024,8.36687423460035e-22,"1","Cog8"
5.10814492342601e-26,0.711769184546272,0.12,0.024,9.73357015158825e-22,"1","Vps13b"
6.25329996653081e-26,0.908790125256168,0.103,0.022,1.19156630862245e-21,"1","Tmem68"
6.58022443030481e-26,0.801885848318331,0.156,0.035,1.25386176519458e-21,"1","Ciapin1"
6.73625935075816e-26,0.618313096915585,0.168,0.047,1.28359421928697e-21,"1","Atp5g1"
7.07485952813834e-26,1.09557651467323,0.115,0.021,1.34811448308676e-21,"1","Nprl2"
7.0999699008399e-26,0.849407714410269,0.122,0.021,1.35289926460504e-21,"1","Mmp14"
7.31683856745672e-26,0.858251889192439,0.117,0.029,1.39422358902888e-21,"1","Aifm1"
8.25202869023242e-26,0.897498236126805,0.103,0.021,1.57242406692379e-21,"1","Dohh"
8.30929574136904e-26,0.652893743410913,0.225,0.082,1.58333630351787e-21,"1","Ptgs2"
8.62058345666101e-26,0.668089509821632,0.122,0.027,1.64265217766676e-21,"1","Dimt1"
9.78754203588885e-26,0.726705056237692,0.177,0.045,1.86501613493862e-21,"1","Prorsd1"
9.78874831104965e-26,1.08754853641399,0.12,0.022,1.86524599067051e-21,"1","Lclat1"
1.54384243877605e-25,3.0570119896368,0.117,0.011,2.94179176708777e-21,"1","Thbs1"
1.55109308662783e-25,1.37379481785689,0.104,0.016,2.95560787656933e-21,"1","Gss"
2.05647358265027e-25,0.854219676031315,0.124,0.03,3.91861041174009e-21,"1","Kat14"
2.10083587607813e-25,0.930471975058956,0.101,0.021,4.00314276186688e-21,"1","Naglu"
2.34346964917878e-25,0.682707260413953,0.108,0.026,4.46548141651016e-21,"1","Actr6"
2.60598090448097e-25,0.962704185731028,0.106,0.015,4.96569661348849e-21,"1","Ddx11"
2.73623859303763e-25,1.00307394182168,0.104,0.021,5.21390263903321e-21,"1","Dusp12"
2.79371970218297e-25,0.630241086162763,0.135,0.031,5.32343289250965e-21,"1","Fbxo8"
2.94010572760711e-25,0.554934039978944,0.143,0.036,5.60237146395535e-21,"1","Sars2"
3.14698354044366e-25,1.87743301053291,0.106,0.014,5.99657713631539e-21,"1","Nudt6"
3.25721539379693e-25,1.40866722950058,0.101,0.013,6.20662393288005e-21,"1","Thoc1"
3.50006354090745e-25,0.764921243501618,0.138,0.034,6.66937107719914e-21,"1","Tceanc2"
3.51104770022668e-25,0.652391349294001,0.115,0.025,6.69030139278195e-21,"1","Cep20"
3.94426978110559e-25,0.539109272747524,0.188,0.062,7.51580606789671e-21,"1","Snapin"
3.94840809180884e-25,0.570520128818924,0.188,0.058,7.52369161894175e-21,"1","Atl2"
4.3213918561072e-25,0.625651509736447,0.163,0.043,8.23441218181227e-21,"1","Mpv17l2"
4.60406909483735e-25,0.988495401734137,0.117,0.025,8.77305366021257e-21,"1","Fam136a"
6.65026136306391e-25,0.591109128564693,0.158,0.047,1.26720730273183e-20,"1","Gpn3"
7.00533913493972e-25,1.02400970591777,0.112,0.019,1.33486737216276e-20,"1","Tmem86b"
7.44096587530731e-25,0.943947053593938,0.133,0.027,1.41787604753981e-20,"1","Pfdn1"
7.82129359023594e-25,0.90687395681692,0.129,0.029,1.49034749361946e-20,"1","Sestd1"
7.86240922431329e-25,0.592460934925535,0.124,0.029,1.4981820776929e-20,"1","Rngtt"
8.18670627030558e-25,0.806092208424834,0.126,0.032,1.55997687980673e-20,"1","Tmem42"
1.13894123653991e-24,0.799968517147454,0.103,0.022,2.17025252622679e-20,"1","Kptn"
1.2786424445111e-24,0.596689326859919,0.136,0.034,2.4364531780159e-20,"1","Dhdds"
1.333444713859e-24,1.22541317161276,0.108,0.021,2.54087890225833e-20,"1","Mcm7"
1.63788889539353e-24,0.549083647622816,0.126,0.028,3.12099729017237e-20,"1","H4c16"
1.64189733360074e-24,1.56765199489416,0.104,0.017,3.12863536917622e-20,"1","H2aj"
2.00587777843825e-24,0.82393341971218,0.138,0.029,3.82220010681408e-20,"1","Nat2"
2.07702407776986e-24,0.545227778450258,0.113,0.03,3.95776938019046e-20,"1","Heatr5b"
2.50204763583454e-24,0.581821547711321,0.104,0.027,4.76765177008271e-20,"1","Ythdc2"
2.70181935222799e-24,0.602369564204124,0.124,0.028,5.14831677567043e-20,"1","Nufip2"
2.78457242904999e-24,0.735258620344479,0.104,0.021,5.30600276355476e-20,"1","Fyco1"
2.88547955689662e-24,0.55174839007245,0.127,0.04,5.49828129566652e-20,"1","Sgta"
3.02309016557083e-24,0.643932284696886,0.142,0.036,5.76049831049522e-20,"1","Rcl1"
3.08587716768825e-24,1.5224883773561,0.101,0.012,5.88013894302996e-20,"1","Pla2g7"
3.33359606772723e-24,0.81549799765976,0.126,0.029,6.35216730705424e-20,"1","Slc39a9"
3.45877287015167e-24,0.523313485472701,0.161,0.045,6.59069170407401e-20,"1","Atp5c1"
4.92782715785391e-24,0.52464897215802,0.126,0.031,9.38997464929063e-20,"1","Mtfr1l"
5.08798400087246e-24,0.705940754050234,0.127,0.04,9.69515351366248e-20,"1","Ckap4"
5.78925524526675e-24,0.716791217986351,0.108,0.019,1.10314258698558e-19,"1","Mlh1"
5.80834231221291e-24,1.00692598540468,0.103,0.018,1.10677962759217e-19,"1","Lgals4"
7.19204277634391e-24,0.887053711891844,0.113,0.022,1.37044375103233e-19,"1","Pwp1"
8.46997893145302e-24,0.698675183174572,0.147,0.036,1.61395448538837e-19,"1","Snx4"
1.38336577632673e-23,0.500423205566119,0.189,0.059,2.63600348679059e-19,"1","Opa3"
1.54963420454903e-23,0.735071243900302,0.124,0.029,2.95282797676818e-19,"1","Rnf145"
1.782680234559e-23,0.884015037484059,0.117,0.025,3.39689718695217e-19,"1","Plpp2"
2.03758979063499e-23,1.7555874994799,0.106,0.017,3.88262734605497e-19,"1","Cd79b"
2.19897795149509e-23,0.539975095469849,0.119,0.04,4.19015248657389e-19,"1","Msl3"
2.90940381992953e-23,0.597130018838696,0.158,0.053,5.54386897887572e-19,"1","Npm1"
3.17112956310966e-23,0.576310691910366,0.113,0.03,6.04258738250545e-19,"1","Crtap"
3.84050745970117e-23,1.08890198650631,0.113,0.027,7.31808696446058e-19,"1","Tmem160"
4.96900568164396e-23,0.861030745424312,0.104,0.022,9.46844032637257e-19,"1","Ankle2"
5.33263984185949e-23,1.18278778048611,0.103,0.019,1.01613452186633e-18,"1","Ppme1"
6.80981042136646e-23,1.2042973886256,0.113,0.023,1.29760937579138e-18,"1","Gtf2h3"
1.31566749338102e-22,0.539297781044203,0.112,0.024,2.50700440863753e-18,"1","Tmed8"
1.50563668406232e-22,0.870062258016672,0.104,0.02,2.86899070148074e-18,"1","Ppp1r13b"
1.83200896930838e-22,0.546422494635718,0.149,0.039,3.49089309101711e-18,"1","Csgalnact2"
2.00056982530798e-22,0.724712689111268,0.129,0.029,3.81208580212436e-18,"1","Skic8"
2.20910948658314e-22,0.504604956760494,0.106,0.024,4.20945812668417e-18,"1","Clpx"
6.55478205776624e-22,0.657552445881623,0.101,0.021,1.24901372110736e-17,"1","Ptma"
7.84541965835691e-22,0.896443722561879,0.14,0.036,1.49494471589991e-17,"1","Fam122a"
9.71664262164772e-22,1.52372828256622,0.108,0.016,1.85150625155497e-17,"1","Helq"
1.51625922804898e-21,0.745684105556034,0.112,0.026,2.88923195904733e-17,"1","Cog5"
1.61276105777869e-21,1.43298317190293,0.101,0.017,3.07311619559729e-17,"1","Map3k15"
1.79821609066707e-21,0.654398208839563,0.127,0.045,3.42650076076609e-17,"1","Hells"
1.80134761287506e-21,0.651565138309625,0.108,0.026,3.43246787633342e-17,"1","Scamp3"
1.82467477459059e-21,0.988287334310334,0.115,0.025,3.47691778298237e-17,"1","Ddx60"
1.90501410922565e-21,0.791755509433587,0.145,0.038,3.63000438512948e-17,"1","Csrnp1"
2.17017885954705e-21,0.821387342281403,0.12,0.03,4.13527581686691e-17,"1","Ube2s"
2.18455411646271e-21,0.862401324174427,0.119,0.022,4.16266786891969e-17,"1","Blvrb"
2.62405867689273e-21,0.738134863356289,0.104,0.021,5.00014380881909e-17,"1","Acads"
4.02088062643608e-21,0.673078552003897,0.143,0.038,7.66178803367394e-17,"1","B3gntl1"
4.08554432181253e-21,0.944024855743701,0.122,0.024,7.78500470521377e-17,"1","Nepro"
4.96135543846923e-21,0.576743915828263,0.122,0.031,9.45386278800312e-17,"1","Gba2"
1.13340366257777e-20,0.8306842286156,0.103,0.019,2.15970067904193e-16,"1","Slc39a11"
1.2649264827692e-20,0.638180553068444,0.131,0.034,2.41031741291672e-16,"1","Phospho2"
1.53621568617471e-20,0.777491688231251,0.2,0.082,2.92725899000592e-16,"1","Rsad2"
3.07428902466652e-20,0.511766130411177,0.124,0.032,5.85805773650206e-16,"1","Triap1"
4.23885827946058e-20,0.532985417619509,0.115,0.034,8.07714445151214e-16,"1","Mrfap1"
6.237100152002e-20,0.547353338309238,0.124,0.039,1.18847943396398e-15,"1","Kbtbd7"
8.23680417461455e-20,0.631815876741384,0.133,0.045,1.5695230354728e-15,"1","Slc5a3"
1.05776400786264e-19,0.534698573461012,0.119,0.033,2.01556931698226e-15,"1","Reep4"
1.68380861840842e-18,0.532393125896315,0.145,0.049,3.20849732237725e-14,"1","Snrnp40"
2.76849988728779e-18,0.681785687641081,0.108,0.026,5.27537653522689e-14,"1","Smg9"
2.9047418398013e-18,0.959223490197368,0.106,0.024,5.53498557574138e-14,"1","Sec61b"
3.08545230446282e-18,0.563116205100707,0.126,0.033,5.87932936615391e-14,"1","Efr3a"
2.51090109136989e-17,0.711568349381508,0.127,0.04,4.78452202960533e-13,"1","Npat"
9.44863228989413e-16,0.732789031154392,0.106,0.032,1.80043688283933e-11,"1","Tesk1"
5.68111879402888e-15,0.552044329088641,0.126,0.041,1.0825371862022e-10,"1","Zfp143"
2.29614364633923e-14,0.834214642204749,0.103,0.029,4.37530171809941e-10,"1","Klri2"
8.26259782477647e-14,0.732670933717757,0.112,0.035,1.57443801551116e-09,"1","Rpusd4"
7.78673699884033e-13,0.541015916932642,0.108,0.031,1.48376273512902e-08,"1","Dcaf10"
3.38106974082176e-10,1.335867964224,0.129,0.04,6.44262839113587e-06,"1","Cfb"
2.71122202147115e-88,1.29942366927978,0.919,0.644,5.16623356191327e-84,"2","Pde4b"
8.41855624651495e-82,0.986743603541885,0.972,0.805,1.60415589277342e-77,"2","Rel"
3.13385786015274e-69,0.802360478248633,0.983,0.888,5.97156615252104e-65,"2","Cytip"
4.66875817888294e-68,1.25234889047513,0.864,0.51,8.89631870986145e-64,"2","Ccr7"
5.69314625097618e-67,1.0285987264763,0.947,0.712,1.08482901812351e-62,"2","Clic4"
1.25684386288445e-63,1.12252188054417,0.846,0.478,2.39491598072631e-59,"2","Spred1"
5.44974220444714e-59,1.06749582971685,0.817,0.422,1.0384483770574e-54,"2","Sema7a"
1.75736582810777e-56,1.29179883868248,0.835,0.57,3.34866058545936e-52,"2","Uap1"
3.32430981668511e-56,1.39917297297811,0.705,0.377,6.33447235569347e-52,"2","Foxp1"
8.69037684274465e-56,1.13197827808665,0.89,0.634,1.65595130738499e-51,"2","Tamalin"
3.30175871511329e-51,0.896592902569819,0.908,0.703,6.29150123164837e-47,"2","Il21r"
2.83338357157995e-50,0.944809211557758,0.861,0.574,5.3990123956456e-46,"2","Cd80"
5.45749577375262e-47,1.17675368515764,0.561,0.236,1.03992581968856e-42,"2","Adgrg6"
6.8818830000206e-47,1.25859323789264,0.794,0.57,1.31134280565392e-42,"2","Nr4a3"
3.51547687818661e-46,1.13173564326866,0.743,0.449,6.69874119138458e-42,"2","Rab11fip1"
4.49579544042544e-46,0.829474887374105,0.928,0.728,8.56673821173068e-42,"2","Bhlhe40"
1.3701892132976e-44,0.935561824018539,0.772,0.478,2.61089554593857e-40,"2","Cers6"
6.4226049736076e-44,1.02408568645743,0.75,0.427,1.22382737772093e-39,"2","Ramp3"
9.02925278973942e-44,1.49450069460426,0.431,0.159,1.72052411908485e-39,"2","Flrt3"
9.59961623865044e-44,1.22082496338079,0.58,0.249,1.82920687427484e-39,"2","Zbtb18"
4.07042888048014e-43,0.675183321166695,0.971,0.834,7.75620223175491e-39,"2","Jak2"
4.35005398980655e-43,1.20351372944032,0.604,0.304,8.28902787757638e-39,"2","Rras2"
6.06493883448647e-43,1.00663513627185,0.761,0.488,1.1556740949114e-38,"2","Pik3r1"
1.08210174628186e-42,1.01796856831992,0.697,0.403,2.06194487754009e-38,"2","Adora2a"
1.64394059070708e-42,1.04625840578745,0.721,0.407,3.13252879559235e-38,"2","Tmem39a"
2.55595580734301e-41,0.716546878442943,0.943,0.739,4.87037379089211e-37,"2","Pim1"
5.98393346698056e-41,0.873481394388775,0.824,0.561,1.14023852213315e-36,"2","Gpr132"
8.88460121933236e-41,1.1183655384791,0.659,0.359,1.69296076234378e-36,"2","Ndrg1"
1.05702731667638e-38,1.59362825046444,0.352,0.123,2.01416555192683e-34,"2","Nrp2"
2.62370240823942e-38,0.924546329336477,0.771,0.484,4.99946493890022e-34,"2","Samsn1"
1.65140852370327e-36,1.11872767314031,0.6,0.358,3.14675894191657e-32,"2","Nfil3"
2.89984503114481e-36,1.230325853617,0.506,0.239,5.52565470684644e-32,"2","Pcyt1a"
4.85559422652405e-36,0.750027643761523,0.844,0.558,9.25233479864159e-32,"2","Tmem176b"
3.76054185903857e-35,0.685286054685245,0.905,0.597,7.165712512398e-31,"2","Mmp25"
2.59661810634347e-34,0.841574997590091,0.772,0.513,4.94785580163749e-30,"2","Syk"
3.27647207298106e-34,0.949845352405501,0.576,0.318,6.2433175350654e-30,"2","Mxi1"
1.36006262285888e-33,0.849016701501693,0.758,0.49,2.5915993278576e-29,"2","Plek"
5.37606006526825e-33,1.1677470564524,0.494,0.231,1.02440824543687e-28,"2","Fabp5"
9.72329132863605e-33,0.887263508969242,0.738,0.473,1.8527731626716e-28,"2","Tmem176a"
1.29613756120055e-32,0.788518378239767,0.824,0.599,2.46979012286764e-28,"2","Nuak2"
1.97290528524933e-32,0.818687796108132,0.75,0.489,3.75937102104259e-28,"2","Malt1"
4.53083647368067e-32,0.771075078682172,0.761,0.5,8.63350890059853e-28,"2","S100a4"
5.04189707518802e-32,0.798664299837161,0.741,0.503,9.60733487677078e-28,"2","Map3k1"
6.21733625430779e-32,0.626264218498522,0.923,0.733,1.18471342325835e-27,"2","H2-Q7"
1.62383539689081e-31,0.549006082918821,0.945,0.753,3.09421834877545e-27,"2","Bmp2k"
6.81378233641788e-31,0.622316405697154,0.965,0.822,1.29836622420443e-26,"2","Tmem123"
1.27522867572916e-29,0.791218682956115,0.734,0.481,2.42994824160192e-25,"2","Map4k4"
1.41979020435118e-29,0.764662820281264,0.778,0.542,2.70541023439118e-25,"2","Skil"
8.6295474029165e-29,0.800939655605932,0.583,0.338,1.64436025762574e-24,"2","Nav1"
2.81791127415652e-28,0.958167404611542,0.541,0.304,5.36952993290526e-24,"2","Nhlrc2"
5.06634834259735e-28,0.629884773441669,0.761,0.517,9.65392676681926e-24,"2","Etv6"
8.45877421864821e-28,1.03131549464393,0.626,0.421,1.61181942736342e-23,"2","Arf4"
1.9526598101325e-27,2.53945788771054,0.138,0.022,3.72079326820748e-23,"2","Efnb2"
2.73970917999908e-27,0.709185304375992,0.89,0.751,5.22051584248825e-23,"2","Dusp5"
3.70512056910521e-27,0.86956555310401,0.521,0.275,7.06010724442998e-23,"2","Mmd"
3.92387852995598e-27,0.564513714187118,0.952,0.779,7.47695053883113e-23,"2","Marcks"
8.27813269138612e-27,0.633175554074729,0.894,0.77,1.57739818434363e-22,"2","Ccl5"
1.01973694254513e-26,0.786975347415553,0.589,0.339,1.94310874401974e-22,"2","Atrnl1"
1.73825871817081e-26,0.817273789038766,0.651,0.441,3.31225198747447e-22,"2","St8sia4"
1.84097223420832e-26,0.827221031261764,0.694,0.484,3.50797259228396e-22,"2","Got1"
1.91211173106098e-26,0.540844785859113,0.697,0.434,3.6435289035367e-22,"2","Cyria"
6.58652467862429e-26,0.900870708376292,0.484,0.242,1.25506227751186e-21,"2","Gpc1"
7.03260816088065e-26,0.695642575425816,0.701,0.474,1.34006348505581e-21,"2","Hivep1"
8.33214036048084e-26,0.569991526050276,0.89,0.694,1.58768934568962e-21,"2","Etv3"
2.37787144097428e-25,1.01685158725925,0.371,0.163,4.5310340307765e-21,"2","Lrp8"
3.66226481008735e-25,0.718337216845021,0.71,0.499,6.97844559562145e-21,"2","Fbxw11"
5.99634387789987e-25,0.554245784312107,0.87,0.697,1.14260332593382e-20,"2","Calm1"
1.31515942665549e-24,0.832418885643097,0.604,0.397,2.50603628749203e-20,"2","Dapp1"
1.47915303284422e-24,1.42923295899456,0.305,0.124,2.81852610408466e-20,"2","Slc41a1"
1.79044862176315e-24,0.960198154761611,0.574,0.364,3.41169984876967e-20,"2","Ggta1"
2.61271068972299e-24,0.727448872259594,0.589,0.349,4.97852021926716e-20,"2","Zbtb46"
3.04077482415484e-24,1.02313734897464,0.578,0.371,5.79419642742704e-20,"2","Plscr1"
4.61944251376493e-24,0.695426939196349,0.734,0.533,8.80234770997908e-20,"2","Stat4"
4.90995313586868e-24,0.748128538423573,0.565,0.352,9.35591570039778e-20,"2","Fbxo11"
6.56830342736782e-24,0.883117519110599,0.453,0.222,1.25159021808494e-19,"2","Sh3bp4"
9.72790956686524e-24,0.73618813279267,0.626,0.416,1.85365316796617e-19,"2","Tspan13"
1.26227255333828e-23,0.871438201542218,0.752,0.498,2.4052603503861e-19,"2","Ccl22"
1.3001347330506e-23,0.74848187786456,0.626,0.41,2.47740673382792e-19,"2","Zbtb10"
1.73524565753545e-23,1.37859464409043,0.317,0.131,3.30651060043381e-19,"2","Gcnt2"
1.73913210730364e-23,0.782179478004393,0.558,0.344,3.31391623046709e-19,"2","Traf6"
8.76693872410882e-23,0.513458085313082,0.56,0.296,1.67054017387894e-18,"2","Tmem150c"
9.24373637791338e-23,0.796632145826986,0.506,0.31,1.7613939668114e-18,"2","Osbpl8"
9.94360769027753e-23,0.779031047603956,0.604,0.405,1.89475444538238e-18,"2","Ppp4r2"
1.64923073787391e-22,0.617437477113885,0.662,0.431,3.14260917101874e-18,"2","Pgap2"
3.48242101798493e-22,0.747506927005633,0.644,0.448,6.63575324977029e-18,"2","Casc3"
4.28760716785783e-22,0.909818001957641,0.479,0.273,8.17003545835309e-18,"2","Appl1"
5.13467021060775e-22,0.619521659928226,0.653,0.426,9.78411408631306e-18,"2","Phlpp1"
6.31125977459265e-22,0.663214837275641,0.602,0.388,1.20261055004863e-17,"2","Mrtfa"
7.37518214874006e-22,1.19097901605872,0.158,0.047,1.40534095844242e-17,"2","Gria3"
8.14063694584217e-22,0.562210023833181,0.763,0.555,1.55119837003023e-17,"2","Rcsd1"
9.53207462076421e-22,0.751138021074202,0.543,0.315,1.81633681898662e-17,"2","Dennd5a"
9.66088822472298e-22,0.872633690173448,0.596,0.402,1.84088225122096e-17,"2","Runx3"
1.41277039508273e-21,0.886028841692087,0.549,0.363,2.69203398783013e-17,"2","Tnfaip8"
1.41348434586464e-21,0.515622703441428,0.883,0.643,2.69339442104507e-17,"2","Serpinb9"
1.80044543140772e-21,0.688567909969927,0.462,0.243,3.43074876954742e-17,"2","Castor2"
2.84286315531866e-21,0.802930038304766,0.506,0.283,5.41707574245971e-17,"2","Iffo2"
3.54977968737755e-21,0.827846700249365,0.479,0.245,6.76410519429792e-17,"2","Cd200"
4.38132164630508e-21,0.560392657263336,0.833,0.679,8.34860839703432e-17,"2","Wnk1"
6.42638202550171e-21,1.02268368623315,0.453,0.263,1.22454709495935e-16,"2","Txnrd1"
9.56654709248221e-21,1.31807879375241,0.27,0.112,1.82290554847248e-16,"2","Tnfaip2"
1.46356112579528e-20,1.02082070585006,0.418,0.228,2.78881572520292e-16,"2","Rapgef2"
2.72547985438458e-20,0.69008946613288,0.67,0.48,5.19340186252982e-16,"2","Slc25a3"
5.32594248272634e-20,0.536851707756379,0.428,0.217,1.0148583400835e-15,"2","Sbf2"
7.3372280509387e-20,0.565572311642637,0.705,0.495,1.39810880510637e-15,"2","Lpp"
8.94158806365118e-20,0.732731106080192,0.569,0.405,1.70381960552873e-15,"2","Ppp2ca"
1.2781285248602e-19,0.705663970238612,0.611,0.417,2.43547390412111e-15,"2","Cmtr1"
1.44236462749036e-19,0.533902657698888,0.637,0.403,2.74842579768288e-15,"2","Lamp1"
2.16739763846723e-19,0.71702633339959,0.503,0.277,4.12997620009931e-15,"2","Hsf2"
3.05785217999107e-19,0.577669364559841,0.611,0.381,5.82673732897299e-15,"2","Arhgap31"
3.19564148484231e-19,0.587885659804209,0.668,0.46,6.08929484936702e-15,"2","Ccdc6"
3.38475614445451e-19,0.674242129919798,0.486,0.278,6.44965283325807e-15,"2","Spsb1"
4.23353103289497e-19,0.625692927259886,0.6,0.408,8.06699338318136e-15,"2","Cdkn1a"
4.44131603252093e-19,0.875863986772442,0.598,0.42,8.46292769996863e-15,"2","Cd86"
5.02840577926561e-19,0.699683639751152,0.42,0.234,9.58162721239062e-15,"2","Ccser2"
6.93423405911206e-19,0.832422285609914,0.442,0.258,1.3213182999638e-14,"2","Rap2a"
1.37709375416077e-18,0.55369267237392,0.653,0.425,2.62405214855335e-14,"2","Plxnc1"
1.39660214237986e-18,0.650148741487795,0.215,0.083,2.66122538230482e-14,"2","Tmtc2"
1.60288088686925e-18,0.585435095504073,0.464,0.251,3.05428952992935e-14,"2","Tmem63b"
1.63019992595716e-18,0.890156452604601,0.578,0.385,3.10634595891136e-14,"2","Pten"
1.79112117192554e-18,0.74783110499046,0.506,0.343,3.41298139310411e-14,"2","Lrrc59"
1.91871893160418e-18,1.17066473231026,0.248,0.094,3.65611892417177e-14,"2","Palld"
2.52784606720447e-18,0.562406984759399,0.802,0.656,4.81681068105812e-14,"2","Prex1"
2.66905136439122e-18,0.506126542005161,0.644,0.404,5.08587737484747e-14,"2","Poglut1"
3.0238408330401e-18,0.542861068855877,0.804,0.625,5.76192870735791e-14,"2","Actn1"
3.41219367995009e-18,0.931937165387217,0.38,0.212,6.5019350571449e-14,"2","Samd4b"
9.16732162340619e-18,0.568882873344493,0.644,0.386,1.74683313534005e-13,"2","Tspan3"
1.03887663873001e-17,0.855683802975484,0.455,0.262,1.97957943510003e-13,"2","Cdc42ep3"
1.06634929975651e-17,1.24616607497649,0.204,0.068,2.03192859068602e-13,"2","Plcl1"
1.85743215039926e-17,0.784681165112397,0.492,0.303,3.53933696258579e-13,"2","Plekhg2"
3.84148595022525e-17,0.898016548391149,0.385,0.206,7.31995147815422e-13,"2","Wnt11"
3.9855803707414e-17,1.05239592315219,0.409,0.264,7.59452339644773e-13,"2","Fam117b"
4.56723782352393e-17,0.701110436738525,0.598,0.401,8.70287167272485e-13,"2","Nr4a2"
4.89188530698341e-17,0.739380760001679,0.536,0.367,9.32148745245688e-13,"2","Dennd4a"
6.24410216684391e-17,0.531459010773234,0.426,0.226,1.18981366789211e-12,"2","Papss2"
7.04556965740523e-17,0.611189042438935,0.554,0.364,1.34253329821857e-12,"2","Apaf1"
7.65538493940934e-17,0.731963174257303,0.477,0.3,1.45873360020445e-12,"2","Chp1"
7.89498829698635e-17,0.598261438806742,0.585,0.414,1.50439001999075e-12,"2","Tax1bp1"
8.86405538640215e-17,1.32472902648739,0.24,0.107,1.68904575387893e-12,"2","Vdr"
1.14656211948748e-16,0.648215617755451,0.644,0.477,2.18477411868339e-12,"2","Dnajb6"
2.17249332551381e-16,0.71264490346953,0.472,0.299,4.13968603176657e-12,"2","Zfp516"
2.40584753742032e-16,0.657050308003999,0.545,0.367,4.58434248255442e-12,"2","Ncoa2"
2.45401505102667e-16,0.719968432597143,0.587,0.421,4.67612567973132e-12,"2","Antxr2"
5.30418408483937e-16,0.779375216062869,0.497,0.338,1.01071227736614e-11,"2","Prpf8"
8.54701829013539e-16,0.718345452915372,0.409,0.239,1.6286343351853e-11,"2","Marveld1"
1.12508411282268e-15,1.18747081669367,0.239,0.107,2.14384777698361e-11,"2","Abtb2"
1.19059807286194e-15,0.518373813706014,0.459,0.264,2.26868462783843e-11,"2","Pakap.1"
1.2263404617664e-15,0.713792412452315,0.527,0.359,2.33679174989588e-11,"2","Anxa2"
1.38799261354109e-15,0.94588751839039,0.248,0.106,2.64481992510254e-11,"2","Ift57"
2.44726089524981e-15,0.690045803972434,0.538,0.348,4.66325563589851e-11,"2","Sav1"
2.48506750106294e-15,0.54745051639776,0.587,0.425,4.73529612327543e-11,"2","Ric1"
2.51712091331137e-15,0.61856930989286,0.492,0.327,4.79637390031481e-11,"2","Arih2"
2.65265292914763e-15,0.817493878877111,0.483,0.314,5.05463015649081e-11,"2","Sumo2"
2.78042697900997e-15,0.518973355197461,0.239,0.109,5.29810360850349e-11,"2","Dscaml1"
3.1177790932023e-15,0.888418489186922,0.374,0.226,5.94092806209697e-11,"2","Specc1l"
4.07419241029947e-15,1.22781666100995,0.393,0.246,7.76337363782564e-11,"2","Eprs"
4.45125415640541e-15,0.563893113502237,0.639,0.467,8.4818647950305e-11,"2","Rela"
5.73920265344482e-15,0.699564705630936,0.437,0.272,1.09360506561391e-10,"2","Mbtd1"
6.71456571677159e-15,1.93215808944386,0.167,0.059,1.27946049733083e-10,"2","Bpnt1"
1.37579361285878e-14,0.672495544998627,0.539,0.383,2.62157472930241e-10,"2","Lipe"
1.42587981782396e-14,0.583100489812026,0.35,0.191,2.71701399286355e-10,"2","Gypc"
1.7774865900173e-14,0.584512393878343,0.725,0.578,3.38700069727796e-10,"2","H2az1"
2.06811154157799e-14,0.836392998455927,0.406,0.278,3.94078654247685e-10,"2","Wac"
3.43606249698482e-14,0.554532621148004,0.435,0.262,6.54741708800458e-10,"2","Dennd3"
3.56879985958166e-14,0.525558652636984,0.703,0.543,6.80034813243286e-10,"2","Crip1"
3.68098659345246e-14,0.688583986761311,0.538,0.384,7.01411995382366e-10,"2","Crybg1"
4.26481156532913e-14,0.737408599719597,0.462,0.312,8.12659843773465e-10,"2","Gpr65"
4.32000166845565e-14,0.591938417475363,0.53,0.371,8.23176317924223e-10,"2","Ext1"
4.76511221089362e-14,0.774088464032986,0.292,0.148,9.0799213178578e-10,"2","Cd1d1"
5.15705847509406e-14,0.564467013707139,0.661,0.507,9.82677492429173e-10,"2","Lrrfip1"
9.36255698094527e-14,0.582381394183149,0.466,0.338,1.78403523271912e-09,"2","Marchf7"
9.42687332407502e-14,0.51871135664475,0.528,0.355,1.79629071190249e-09,"2","Arid1b"
9.52442471376133e-14,0.735562583977527,0.363,0.211,1.81487912920722e-09,"2","Dip2b"
1.11077121746292e-13,0.513111274129315,0.453,0.284,2.11657455487559e-09,"2","Ssh1"
1.45306996561104e-13,0.920207902324735,0.262,0.134,2.76882481947183e-09,"2","Tsc1"
2.57779589268971e-13,0.748140457627945,0.297,0.167,4.91199007352025e-09,"2","Filip1l"
2.70997785444659e-13,0.658015441709253,0.464,0.318,5.16386280164798e-09,"2","Jmjd1c"
2.93245352458565e-13,0.789527237070535,0.369,0.21,5.58779019109796e-09,"2","Nectin1"
2.93541613007773e-13,0.534209304012845,0.659,0.508,5.59343543586311e-09,"2","Atxn7l1"
3.56350607584417e-13,0.728737528796458,0.29,0.159,6.79026082752107e-09,"2","Mfhas1"
3.95753446717839e-13,0.798857786806662,0.352,0.203,7.54108192720843e-09,"2","Vopp1"
5.91339380740279e-13,0.95259404515772,0.182,0.071,1.1267971900006e-08,"2","Prnp"
6.65330000125268e-13,0.596964838706749,0.499,0.344,1.2677863152387e-08,"2","Rlim"
9.31974895991925e-13,0.891498374763643,0.415,0.266,1.77587816431261e-08,"2","Dot1l"
1.06907408825135e-12,0.61892112909132,0.44,0.285,2.03712067516296e-08,"2","Itprid2"
1.08186927767451e-12,0.508654911826397,0.596,0.451,2.06150190860877e-08,"2","Kif21b"
1.18534732305106e-12,0.840981948964259,0.334,0.168,2.2586793240738e-08,"2","Adam23"
1.62392046052745e-12,0.915477008931203,0.317,0.18,3.09438043753506e-08,"2","Taok1"
1.63945645426777e-12,0.781267099152846,0.404,0.259,3.12398427360724e-08,"2","Zbtb21"
3.19629761471317e-12,0.807914411562258,0.284,0.157,6.09054510483595e-08,"2","Tnfrsf9"
3.90530280913214e-12,0.672982263428134,0.319,0.156,7.44155450280129e-08,"2","Ptprs"
5.03842674076775e-12,0.745402021875921,0.246,0.115,9.60072215453295e-08,"2","Sort1"
6.19354053913446e-12,0.679629288856557,0.321,0.183,1.18017914973207e-07,"2","Enox2"
7.27611593359768e-12,1.18889809920126,0.242,0.122,1.38646389114704e-07,"2","Osm"
8.34040211289057e-12,0.959231562863687,0.404,0.274,1.5892636226113e-07,"2","Nrip1"
8.52132571726624e-12,0.575278527892174,0.561,0.416,1.62373861542508e-07,"2","Spi1"
9.84383712859982e-12,0.719570253381382,0.312,0.181,1.8757431648547e-07,"2","Spr"
1.21002617281181e-11,0.57671408645881,0.442,0.281,2.3057048722929e-07,"2","Pnpla8"
1.64513006855099e-11,0.80917740937711,0.376,0.249,3.13479534562392e-07,"2","Ube2h"
1.78748971278401e-11,0.687177852339566,0.413,0.273,3.40606164770993e-07,"2","Sbds"
2.07927062317541e-11,0.593663513116261,0.503,0.385,3.96205017246075e-07,"2","Hnrnph1"
2.7795304955305e-11,1.03967573162019,0.237,0.112,5.29639535923336e-07,"2","Plxnd1"
2.98201557065929e-11,1.08565668997475,0.125,0.05,5.68223066989128e-07,"2","Crispld2"
2.99838432861708e-11,0.616743608038543,0.45,0.312,5.71342133817985e-07,"2","Scamp2"
3.20406679985533e-11,0.656011655701225,0.422,0.305,6.10534928712434e-07,"2","Aff1"
3.36418589980651e-11,0.688055650326364,0.343,0.218,6.4104562320813e-07,"2","Stx12"
3.42052350242766e-11,0.567772757082243,0.411,0.285,6.51780753387591e-07,"2","Crebbp"
3.64512460369236e-11,1.1858354059779,0.22,0.092,6.94578493233579e-07,"2","Ptpn4"
3.70165772864922e-11,0.521932177047984,0.303,0.177,7.05350880194109e-07,"2","Daam1"
3.88719757575068e-11,0.67877507286629,0.374,0.226,7.40705498059292e-07,"2","Akap9"
4.11918890067737e-11,1.11224714400813,0.207,0.107,7.84911445024073e-07,"2","Gtf3c5"
4.46164926717177e-11,0.885063481028169,0.382,0.259,8.50167267859582e-07,"2","St3gal1"
4.89676074383837e-11,0.953914419314036,0.202,0.097,9.33077759738401e-07,"2","H2-M2"
6.65886954484395e-11,0.675619576930381,0.4,0.288,1.26884759177002e-06,"2","Nrros"
8.07626262113554e-11,0.580118845701637,0.44,0.309,1.53893184245738e-06,"2","Ptprj"
1.470108440624e-10,0.929551328751343,0.273,0.152,2.80129163360904e-06,"2","Bclaf3"
1.48227817364698e-10,1.18423650176428,0.281,0.157,2.82448105988432e-06,"2","Osgin2"
1.51759824562639e-10,0.759247403891446,0.35,0.228,2.89178345704108e-06,"2","Coq10b"
1.7573153339393e-10,1.54589408947777,0.103,0.035,3.34856436882134e-06,"2","Ceacam15"
1.87159953031441e-10,0.876291975943401,0.297,0.179,3.5663329050141e-06,"2","Lacc1"
1.89539549609289e-10,0.640378156268503,0.372,0.239,3.611676117805e-06,"2","Ctdsp2"
1.99285406843929e-10,0.532056382436028,0.486,0.337,3.79738342741107e-06,"2","Nfat5"
2.32596278053707e-10,0.693046829347394,0.394,0.288,4.43212207831339e-06,"2","Kpna1"
2.68272388538465e-10,0.572519510133314,0.459,0.334,5.11193036360046e-06,"2","Ranbp2"
3.3393331383245e-10,0.607302060057386,0.389,0.262,6.36309929507733e-06,"2","Rnf19b"
3.67788202808721e-10,0.502737788400455,0.47,0.344,7.00820420452017e-06,"2","Arih1"
5.47612865488862e-10,0.734356985556891,0.327,0.207,1.04347631518903e-05,"2","Tmf1"
5.60562181963734e-10,0.86804420380423,0.314,0.194,1.0681512377319e-05,"2","Nup62"
6.358391360037e-10,0.615938617088126,0.382,0.274,1.21159147365505e-05,"2","Gtf2b"
7.10895700982559e-10,0.534341611006085,0.448,0.304,1.35461175822227e-05,"2","Rdx"
7.73648833173798e-10,0.546715909855211,0.466,0.33,1.47418785161267e-05,"2","Trio"
8.15592169298982e-10,0.657141315617034,0.464,0.347,1.55411087859921e-05,"2","Scyl2"
8.74424328535946e-10,0.643722202721138,0.253,0.135,1.66621555802524e-05,"2","Chst15"
8.94795079436384e-10,0.619505047211034,0.341,0.238,1.70503202386603e-05,"2","Vps37a"
1.09934894753094e-09,1.43545182106376,0.108,0.042,2.0948094195202e-05,"2","Gapt"
1.20557170655808e-09,0.60192691069349,0.394,0.281,2.29721688684642e-05,"2","Smndc1"
1.22843031636265e-09,0.533094577535272,0.44,0.308,2.34077396782902e-05,"2","Tnip2"
1.44844143415668e-09,0.721049146468563,0.183,0.083,2.76000515278556e-05,"2","Cx3cl1"
1.61237893215255e-09,0.926640224546586,0.328,0.217,3.07238805521669e-05,"2","Tob2"
1.62514675313902e-09,0.54574900912238,0.354,0.231,3.0967171381064e-05,"2","Ubxn7"
2.00765221752706e-09,0.780302360826122,0.358,0.249,3.82558130049781e-05,"2","Zswim4"
2.15987829123538e-09,0.54656934339978,0.415,0.287,4.11564808394903e-05,"2","Ttyh3"
2.42178819210646e-09,1.51938753526945,0.112,0.046,4.61471740005887e-05,"2","Gprc5a"
2.8770867691042e-09,1.22748410527254,0.117,0.047,5.48228883852805e-05,"2","Tbc1d4"
3.60814435118649e-09,0.584967407094368,0.383,0.291,6.87531906118585e-05,"2","Ywhaz"
4.1116908448474e-09,0.62358841466239,0.288,0.174,7.83482690485671e-05,"2","Tmem120b"
4.60509866110052e-09,0.874983591469737,0.228,0.133,8.77501549872704e-05,"2","Sart3"
4.77986028173651e-09,0.50437943910444,0.481,0.359,9.10802376684892e-05,"2","Hnrnpk"
5.12151782498324e-09,0.6417532764933,0.391,0.276,9.75905221550556e-05,"2","Hmgcr"
5.29353474092862e-09,0.759826141781752,0.191,0.1,0.000100868304488395,"2","Avpi1"
6.43052426838959e-09,0.814446446914662,0.27,0.18,0.000122533639934164,"2","Hnrnpr"
7.05329852890522e-09,0.555308592944234,0.393,0.288,0.000134400603468289,"2","Lin7c"
7.90930013280466e-09,0.598253169863115,0.385,0.26,0.000150711714030593,"2","Slc49a4"
8.56919573475328e-09,1.33284403651037,0.117,0.045,0.000163286024725724,"2","Pxdc1"
8.7812913352064e-09,0.945186824622712,0.204,0.109,0.000167327506392358,"2","Tbc1d20"
9.76914684633478e-09,0.646119287028664,0.398,0.283,0.000186151093156909,"2","Ubr5"
1.01949651661634e-08,0.734741690168068,0.336,0.226,0.000194265061241244,"2","Twf1"
1.08156929018868e-08,0.83042373212731,0.237,0.112,0.000206093028245454,"2","Col27a1"
1.0983250062008e-08,0.574460374313041,0.18,0.093,0.000209285829931562,"2","St8sia1"
1.13969658742653e-08,0.663998113672713,0.33,0.195,0.000217169184734126,"2","Aftph"
1.25023951470324e-08,0.681162724525101,0.207,0.124,0.000238233139526702,"2","Plk4"
1.27239914316694e-08,0.701158613789549,0.306,0.21,0.000242455656730461,"2","Serinc1"
1.2974900135873e-08,0.560430549801199,0.376,0.259,0.00024723672208906,"2","Ola1"
1.31803180357929e-08,0.590089936861443,0.358,0.244,0.000251150960172034,"2","Csf2rb2"
1.46135841471448e-08,0.606837545538267,0.297,0.182,0.000278461845923844,"2","Dstn"
1.55614039643638e-08,0.536164749841925,0.141,0.067,0.000296522552540952,"2","Klhl8"
1.65307304355557e-08,0.585029125652272,0.341,0.238,0.000314993068449514,"2","Tjap1"
1.93985203957115e-08,0.541556305225568,0.372,0.271,0.000369638806140283,"2","Cand1"
2.11474997184004e-08,0.979235910434173,0.141,0.059,0.00040296560713412,"2","Ston2"
2.52474458583301e-08,0.732504920045351,0.35,0.245,0.000481090080830481,"2","Khsrp"
2.63936435914161e-08,0.659571045206932,0.233,0.13,0.000502930878634433,"2","Asap2"
2.90923481500448e-08,0.745609104673594,0.281,0.185,0.000554354693999104,"2","Prps1"
3.02344884550338e-08,0.5080881936606,0.417,0.309,0.00057611817751067,"2","Paf1"
3.20811146893118e-08,0.999895340585981,0.264,0.176,0.000611305640404837,"2","Morf4l2"
3.31585092662671e-08,1.17928587009522,0.255,0.15,0.000631835394068719,"2","Chst11"
3.72177507391025e-08,0.550487582417513,0.383,0.291,0.000709184240333598,"2","Sar1a"
4.52023539221792e-08,0.751354925063814,0.25,0.131,0.000861330853987125,"2","Nedd4l"
4.8685917602437e-08,0.680612351667751,0.349,0.234,0.000927710159914438,"2","Tmem131"
5.05011598195051e-08,0.589700824204008,0.268,0.162,0.00096229960036067,"2","Rad21"
5.20948009529204e-08,0.69293619111349,0.18,0.1,0.000992666432157898,"2","Cxcr5"
5.45688932802841e-08,0.749604812046892,0.316,0.213,0.00103981026145581,"2","Herc4"
7.08311461819114e-08,0.511897679534124,0.273,0.164,0.00134968749049632,"2","Dynlt2b"
7.21812169708825e-08,0.881920558941264,0.108,0.041,0.00137541308938017,"2","Stxbp6"
8.24891093357305e-08,0.796126580945058,0.231,0.149,0.00157182997839235,"2","Arl13b"
8.81183120222309e-08,0.598672093336684,0.16,0.08,0.00167909443558361,"2","Spata31d1b"
9.5811778107785e-08,0.539214473340986,0.161,0.081,0.00182569343184384,"2","Extl1"
1.01887540700926e-07,0.63955144905931,0.323,0.231,0.00194146708805615,"2","Ube2n"
1.07292964348955e-07,0.620146244225444,0.262,0.151,0.00204446743566933,"2","Vav2"
1.45205356327165e-07,1.01097816995936,0.171,0.083,0.00276688806481413,"2","Fancc"
1.61103848903992e-07,0.790151829694424,0.25,0.157,0.00306983384086558,"2","Stk38l"
1.76322218305298e-07,0.783697332177451,0.24,0.163,0.00335981986980745,"2","Fam110a"
1.77886081932009e-07,0.554856437502384,0.378,0.27,0.00338961929121442,"2","Ube2d2a"
1.85373427292907e-07,0.949816165223238,0.132,0.066,0.00353229065706634,"2","Chst3"
1.9933758581209e-07,0.641814753802958,0.198,0.105,0.00379837769764938,"2","Ptov1"
2.20050396409785e-07,0.502666911200542,0.363,0.261,0.00419306030358845,"2","Ahctf1"
2.4917887839728e-07,0.625216669456182,0.149,0.071,0.00474810352786017,"2","Cdk5r1"
2.66032518624622e-07,0.794587057677787,0.281,0.202,0.00506924964239217,"2","Atp13a3"
2.8463933227308e-07,1.13633304798489,0.176,0.083,0.00542380247646354,"2","Ppm1d"
3.46702503868221e-07,0.609677367805728,0.213,0.127,0.00660641621120895,"2","Zfp809"
3.57856636836784e-07,0.548215212417554,0.237,0.129,0.00681895821492492,"2","Dock1"
3.71046465050707e-07,0.731011485777521,0.222,0.125,0.00707029039154123,"2","Fem1b"
3.84634682907534e-07,0.549587471650121,0.358,0.282,0.00732921388280307,"2","Cdv3"
4.0065907396889e-07,0.62854848998179,0.316,0.232,0.0076345586544772,"2","Gorasp2"
4.24454490085566e-07,0.68098873476187,0.29,0.173,0.00808798030858046,"2","Stk3"
5.31474228498059e-07,0.58056661265178,0.369,0.274,0.0101272414240305,"2","Slc15a4"
6.67343576764203e-07,1.15776644906827,0.161,0.094,0.0127162318552419,"2","Cenpl"
7.48423075306283e-07,0.615398781246713,0.339,0.229,0.0142612016999612,"2","Cpeb4"
8.59495779950608e-07,0.815175414335741,0.305,0.207,0.0163776920869588,"2","Srsf3"
9.14227218358051e-07,0.551312126914639,0.479,0.364,0.0174205996458127,"2","Gsto1"
1.03535944196817e-06,0.67752133548145,0.299,0.209,0.0197287741667035,"2","Ptafr"
1.23432412507435e-06,0.636688223438731,0.341,0.247,0.0235200462032917,"2","Ell2"
1.44363278707977e-06,0.757429018821516,0.262,0.18,0.027508422757805,"2","Ets2"
1.58636637525575e-06,0.529512097282826,0.387,0.277,0.0302282112804983,"2","Il4ra"
1.69394228283959e-06,0.622966425333101,0.229,0.161,0.0322780701995085,"2","Crtc3"
1.70609638549276e-06,0.600974564002524,0.339,0.257,0.0325096666255645,"2","Cirbp"
1.73940939818762e-06,0.780182298074067,0.218,0.132,0.0331444460824651,"2","Ube2e3"
1.89435669651403e-06,0.605280643078203,0.29,0.198,0.0360969668520748,"2","Tax1bp3"
2.33237699118718e-06,0.51263251426213,0.279,0.189,0.0444434435670717,"2","Il1b"
2.33454566360185e-06,1.00131505333106,0.163,0.087,0.0444847676199333,"2","Il1rn"
2.7216397726872e-06,0.510334140538426,0.196,0.113,0.0518608458685546,"2","Idi1"
2.72747621002828e-06,0.664451704209088,0.204,0.126,0.0519720591820889,"2","Smarcd1"
3.27014272368686e-06,0.940286821280517,0.141,0.077,0.0623125695998531,"2","Bend4"
3.6053960985497e-06,0.560706687765363,0.371,0.26,0.0687008226578646,"2","Ldlr"
3.75481247262563e-06,0.691569847246825,0.264,0.188,0.0715479516658814,"2","Rnf19a"
5.45859914088474e-06,0.579477795742173,0.209,0.131,0.104013606629559,"2","Vps37c"
5.71972071975975e-06,0.885629310114156,0.171,0.102,0.108989278315022,"2","Rest"
5.72635346004098e-06,0.8311190695506,0.114,0.06,0.109115665181081,"2","Dclre1a"
6.66355990630304e-06,0.579582363688438,0.356,0.263,0.126974134014604,"2","Setd2"
9.20445631400754e-06,0.859271333874451,0.156,0.091,0.175390915063414,"2","Tcf7"
1.16446174071612e-05,0.565501675150292,0.361,0.28,0.221888184693457,"2","Tnip1"
1.45559675377717e-05,0.965846274024118,0.207,0.138,0.27736396143224,"2","Fen1"
1.61916770289107e-05,0.637443427701639,0.261,0.199,0.308532405785894,"2","Golph3"
1.77757803485975e-05,0.746502788635044,0.16,0.087,0.338717494542526,"2","Usp11"
1.95195386143316e-05,0.732122283493006,0.101,0.054,0.371944808296088,"2","Tcf4"
1.96401974706646e-05,0.632612036649803,0.244,0.157,0.374243962803514,"2","Procr"
2.45554824220328e-05,0.557044672731419,0.284,0.204,0.467904717551835,"2","Nt5c2"
2.77429377078952e-05,0.537652682226931,0.358,0.296,0.528641678023944,"2","Erbin"
2.83505868596715e-05,0.574980725349495,0.172,0.1,0.54022043261104,"2","Pogk"
2.83573796540298e-05,0.632209636514239,0.325,0.252,0.540349869307539,"2","Tet2"
3.20609400163879e-05,0.654892734214988,0.191,0.127,0.610921212012271,"2","Hipk3"
3.32352203489644e-05,0.50059484698607,0.369,0.301,0.633297123749517,"2","Setd5"
3.71306087717179e-05,0.541042051503883,0.22,0.159,0.707523750145084,"2","Ccnt1"
4.25866060146484e-05,0.582283913158106,0.301,0.224,0.811487777609124,"2","Gng5"
4.50586612269679e-05,1.18620071895069,0.141,0.069,0.858592789679873,"2","Arhgef10"
4.72952904038227e-05,0.774046243275988,0.202,0.129,0.901211758644842,"2","Ddx52"
5.76115131037161e-05,0.563603196430971,0.24,0.172,1,"2","Ctdspl2"
6.06797680579929e-05,1.0208556679168,0.114,0.062,1,"2","Nbdy"
6.1315364790448e-05,0.695657934680314,0.242,0.182,1,"2","Gbp9"
6.25000997445247e-05,0.72333294894141,0.189,0.133,1,"2","Esco1"
6.65014223455715e-05,0.93702254604368,0.139,0.091,1,"2","Dusp16"
7.58855531246508e-05,0.841518877684729,0.154,0.095,1,"2","Fzd5"
8.01720278623536e-05,0.599852709352444,0.185,0.122,1,"2","Tmem170b"
8.05588179994476e-05,0.548197847929968,0.25,0.175,1,"2","Shoc2"
8.16668357782833e-05,0.613415994472841,0.134,0.08,1,"2","Nenf"
8.19540755571145e-05,0.803882385080762,0.194,0.133,1,"2","Pou2f1"
8.29208129314184e-05,0.8548563450081,0.116,0.061,1,"2","Uhrf1"
8.60895485362514e-05,0.509412521636346,0.339,0.252,1,"2","Cebpg"
0.000121794472382539,0.876696743398767,0.165,0.112,1,"2","Braf"
0.000123780274605329,0.558663296650499,0.321,0.255,1,"2","Wasf2"
0.000126993437203859,0.581321832467902,0.189,0.125,1,"2","Cd70"
0.000144107952946324,0.50802097898604,0.372,0.292,1,"2","Tomm22"
0.000149377066243374,0.816615078616606,0.103,0.061,1,"2","St7"
0.00017019969889274,0.70773241573957,0.174,0.11,1,"2","Traf3"
0.000174282738591872,0.760127352851106,0.169,0.119,1,"2","Dtx2"
0.00019562989675544,0.67019742263113,0.2,0.143,1,"2","Rnf146"
0.000205588916037187,0.791043411737771,0.13,0.074,1,"2","Zmym1"
0.000206864709525311,0.592800184767673,0.196,0.147,1,"2","Rasgrp1"
0.000209308349657274,0.50543562456416,0.299,0.215,1,"2","Zcrb1"
0.000218494938778505,0.585371323084083,0.206,0.149,1,"2","Tec"
0.000238980996214609,0.637989204277646,0.264,0.199,1,"2","Slc9a1"
0.000248889319343259,1.00784418021775,0.11,0.06,1,"2","Rbmx2"
0.0002567924563879,0.514131723596111,0.117,0.069,1,"2","Ccr6"
0.000330069917238484,0.784842652124819,0.106,0.053,1,"2","Cds1"
0.00033047828703719,1.23069468977353,0.154,0.099,1,"2","Maml1"
0.000336205344908865,0.57335061103415,0.178,0.121,1,"2","Rbm4b"
0.000344126892280383,0.586865494695745,0.139,0.086,1,"2","Zfp608"
0.000349944496192602,0.511454371769256,0.312,0.247,1,"2","Ndel1"
0.000403859286545237,0.56587354674792,0.246,0.18,1,"2","Dusp3"
0.000410691497452566,0.535227926909236,0.244,0.169,1,"2","Il13ra1"
0.000431984408724025,0.561887838194594,0.149,0.092,1,"2","Zfp821"
0.000436039830431111,0.594596889608252,0.251,0.186,1,"2","Rrad"
0.000489334779505663,0.78925720831602,0.172,0.129,1,"2","Rfxap"
0.000513902795704427,0.524721313172617,0.306,0.237,1,"2","Smg7"
0.000525881026802035,0.688862919519624,0.206,0.156,1,"2","Dyrk1a"
0.000570085503054723,0.527308513045465,0.294,0.251,1,"2","Sfr1"
0.000659667730964441,0.673015259596153,0.138,0.085,1,"2","Sgpl1"
0.000674849897234177,1.32026429107461,0.114,0.066,1,"2","Hs6st1"
0.000681535513665642,0.801252342578572,0.121,0.071,1,"2","St8sia6"
0.000695951727302776,0.648343067254823,0.161,0.106,1,"2","Arap2"
0.000709589158383737,0.725705339022855,0.189,0.13,1,"2","Mtmr1"
0.000710009058923888,0.609657332995515,0.198,0.139,1,"2","Zbtb22"
0.000822716293305287,0.590343777735183,0.215,0.168,1,"2","Phf3"
0.000838367602108865,0.591524059373966,0.178,0.126,1,"2","Nup54"
0.000887084986655688,0.70411707121395,0.145,0.094,1,"2","Rad18"
0.000898876072888346,0.685530793736792,0.182,0.138,1,"2","Smarca5"
0.0010667672926544,0.534853137517227,0.215,0.159,1,"2","Utp18"
0.00111577471229575,0.960353391402747,0.15,0.101,1,"2","Htr7"
0.00112433799673893,0.780475645057204,0.253,0.173,1,"2","Dyrk2"
0.00115995324615125,0.644739738776254,0.119,0.079,1,"2","Atxn7l2"
0.0011810269879101,0.536786006430299,0.2,0.15,1,"2","Rab6a"
0.0017671433896904,0.653227540959341,0.211,0.179,1,"2","Zfp592"
0.00178564142378839,0.709366461132817,0.101,0.067,1,"2","Cep85l"
0.00186967918475647,0.511766042894936,0.235,0.176,1,"2","Gpat4"
0.00218713282007834,0.869702147586456,0.116,0.062,1,"2","Cercam"
0.00220374383835062,1.1486100260003,0.105,0.057,1,"2","Ceacam1"
0.00231137418996711,0.669584722908785,0.156,0.103,1,"2","Pip5k1a"
0.00231392754164848,0.842883770247646,0.141,0.097,1,"2","Akirin1"
0.00239896433929078,1.28956753970476,0.105,0.053,1,"2","Inppl1"
0.00248101494872098,1.1120505511628,0.114,0.067,1,"2","Il18bp"
0.00282366207574563,0.5677363511705,0.213,0.147,1,"2","Ndufb4"
0.0029545317485185,0.570591359769083,0.172,0.115,1,"2","Zeb1"
0.00309420015078832,0.571272392879599,0.143,0.095,1,"2","Bcl9l"
0.00320634365472286,0.624322765925939,0.169,0.136,1,"2","Baiap2"
0.00352358431381976,0.871384681764907,0.128,0.092,1,"2","Papolg"
0.0035730773370621,0.555142363250808,0.24,0.189,1,"2","Naa20"
0.00457672218756832,0.815718783468433,0.101,0.057,1,"2","Qser1"
0.00461153884244941,0.776732497194489,0.207,0.152,1,"2","Mcts2"
0.00468289505718929,0.624072577490931,0.24,0.186,1,"2","Fundc2"
0.00470763572384088,0.543406227680689,0.123,0.081,1,"2","Pex19"
0.00517220287316592,0.513044415139214,0.218,0.162,1,"2","Pcnt"
0.00538670194778248,0.544726214333913,0.158,0.101,1,"2","Bmpr2"
0.00562943937010968,0.670666946720827,0.182,0.134,1,"2","Mtpap"
0.00584374626215269,0.571774428708905,0.141,0.089,1,"2","Pdlim5"
0.0059131936461902,0.596331540748975,0.224,0.175,1,"2","Pom121"
0.00609141373427321,0.54385541330207,0.248,0.204,1,"2","Tgif1"
0.00773104652283824,0.748543044824896,0.149,0.124,1,"2","Fnip1"
0.00797244083756087,0.730189111220232,0.119,0.086,1,"2","Siah1a"
0.00841599234281802,1.13718767766134,0.117,0.077,1,"2","Sprtn"
0.00867402348584364,0.576216142820944,0.138,0.1,1,"2","Katnbl1"
0.00876794306898008,0.639608022057991,0.196,0.151,1,"2","Nup50"
0.00959935075649967,0.5598173870829,0.154,0.105,1,"2","Rbm45"
7.08862063730841e-142,2.41946373071098,0.753,0.145,1.35073666243912e-137,"3","Laptm4b"
1.78905222027087e-126,2.39981351775536,0.823,0.239,3.40903900572614e-122,"3","Il12b"
1.03689475638518e-100,2.59715529587474,0.626,0.16,1.97580295829195e-96,"3","Scin"
1.19797366543935e-95,1.61383791002749,0.917,0.495,2.28273881949468e-91,"3","Ncoa7"
6.78781735259812e-95,1.13338879713014,0.992,0.879,1.29341859653757e-90,"3","Cst3"
7.02659166538618e-89,2.10283757789402,0.593,0.141,1.33891704183934e-84,"3","Lima1"
2.25432922759918e-75,1.5718511430897,0.788,0.355,4.29562434319023e-71,"3","Nudt9"
5.25275018050454e-74,1.30155827638481,0.944,0.642,1.00091154689514e-69,"3","Txndc17"
4.33317925799001e-71,2.14286259157382,0.432,0.076,8.25687307609997e-67,"3","Afap1"
1.30299750316445e-70,2.40956170895407,0.295,0.038,2.48286174227987e-66,"3","Npr1"
2.3186686875244e-67,1.49186097111248,0.899,0.564,4.41822318407774e-63,"3","Gyg"
1.26632948312207e-65,1.15411382504535,0.957,0.769,2.41299083008911e-61,"3","Tapbp"
4.26352190913452e-63,0.953397222563752,0.975,0.813,8.12414099785582e-59,"3","Actg1"
3.27174104728176e-62,1.08886999260215,0.965,0.668,6.2343025655954e-58,"3","Fscn1"
2.10664104228676e-61,2.19501203758814,0.361,0.066,4.01420450607742e-57,"3","Fgfbp3"
2.41229434580541e-61,1.39877514247374,0.866,0.449,4.59662687593221e-57,"3","Tuba1a"
9.02477009622493e-56,1.26288713845235,0.846,0.49,1.71966994183566e-51,"3","Csrp1"
1.51657021530941e-54,1.23765689439654,0.694,0.282,2.88982454527208e-50,"3","Gnb4"
2.32037803897281e-52,0.866747936828116,0.965,0.704,4.42148035326268e-48,"3","Net1"
9.42556416867848e-52,1.1242435736531,0.912,0.708,1.79604125234168e-47,"3","Itm2c"
2.83646165056431e-51,1.97547241571744,0.402,0.1,5.4048776751503e-47,"3","Zdhhc14"
1.64461555215769e-50,1.03236796378046,0.944,0.648,3.13381493463649e-46,"3","Serpinb9"
1.9794333603651e-50,1.12074004047472,0.922,0.69,3.7718102681757e-46,"3","Tspo"
1.95264282478164e-48,1.07359162713671,0.912,0.653,3.72076090262142e-44,"3","Irf8"
3.52958381473194e-48,2.35504594644526,0.371,0.076,6.72562195897171e-44,"3","Cd81"
9.18371884413424e-47,1.17634857104772,0.859,0.59,1.74995762574978e-42,"3","Ctnna1"
4.41963102520439e-46,1.88251995728251,0.477,0.158,8.42160691852697e-42,"3","Oasl1"
7.4522276929459e-46,1.12431755133486,0.801,0.473,1.42002198689084e-41,"3","Cbfa2t3"
7.45096948425462e-44,1.59769727189327,0.523,0.212,1.41978223522472e-39,"3","Tmbim4"
1.89354435931214e-43,1.0230395992405,0.846,0.53,3.60814877666929e-39,"3","Ly75"
2.13049515522323e-43,0.731635543154485,0.944,0.815,4.05965851827787e-39,"3","Syngr2"
2.32649221276668e-43,1.10019812932386,0.851,0.595,4.4331309114269e-39,"3","Smarce1"
5.00136315453974e-43,1.47856341608562,0.424,0.137,9.53009749097547e-39,"3","Map4k5"
1.09735600002555e-42,1.29329091498426,0.359,0.13,2.09101185804868e-38,"3","Rnf157"
1.31478961343332e-42,0.926929737449672,0.894,0.567,2.50533160839718e-38,"3","Pfkfb3"
1.77710735355901e-42,1.0627457659521,0.813,0.517,3.3862780622067e-38,"3","Scpep1"
2.64526263265549e-42,0.882798551783825,0.932,0.727,5.04054794652504e-38,"3","Npc2"
3.79037545899718e-42,1.14810365768808,0.646,0.311,7.22256043711914e-38,"3","Gpd2"
4.1809433088258e-42,1.74686285056171,0.457,0.158,7.96678747496757e-38,"3","Gga2"
7.53600874843472e-42,1.05134690405524,0.75,0.441,1.43598646701424e-37,"3","Crtc2"
1.04817062192587e-41,1.09076350993545,0.707,0.372,1.99728912007975e-37,"3","Dok1"
1.50963789196816e-41,0.968580880663387,0.785,0.408,2.87661500314533e-37,"3","Strip2"
3.76537830249221e-41,2.26602531243684,0.273,0.071,7.17492835539891e-37,"3","Tubb2b"
5.9174182287159e-41,0.863183620540916,0.927,0.698,1.12756404348182e-36,"3","Calm1"
1.0691669501674e-40,0.709661325041848,0.982,0.793,2.03729762354398e-36,"3","Rogdi"
1.74085015593803e-39,1.68062940015314,0.366,0.119,3.31718997213991e-35,"3","Gca"
4.1897118602002e-39,1.26865051361965,0.54,0.243,7.98349594961149e-35,"3","Atmin"
4.60050735287925e-38,0.946322658481132,0.859,0.592,8.7662667609114e-34,"3","Txn1"
1.21757304628029e-37,1.6943461254985,0.301,0.075,2.32008543968709e-33,"3","Tm4sf5"
3.52300717563932e-37,1.24447971035777,0.422,0.143,6.71309017318072e-33,"3","Cmc2"
5.67271414713767e-37,0.790900571636358,0.97,0.882,1.08093568073708e-32,"3","Epsti1"
8.52193794747887e-37,0.680746506460365,0.949,0.754,1.6238552758921e-32,"3","Nfkb2"
1.2326130607611e-36,1.58559668069684,0.417,0.149,2.34874418728027e-32,"3","Pi4k2b"
2.44628814430011e-36,0.71732924011487,0.947,0.788,4.66140205896385e-32,"3","Myo1g"
1.76265494738645e-35,1.16336803964782,0.626,0.344,3.35873900224489e-31,"3","Ube2z"
4.49862995460901e-35,0.741787656706905,0.917,0.732,8.57213937850748e-31,"3","Psme1"
4.83468479651963e-35,1.62661258118533,0.47,0.188,9.21249187976815e-31,"3","Acsf3"
1.16193390114417e-34,1.13222639340024,0.437,0.157,2.21406504863022e-30,"3","Snn"
1.35123801951529e-34,0.728903938935323,0.907,0.563,2.57478404618638e-30,"3","Mreg"
2.23531569378469e-34,1.04162982845697,0.667,0.371,4.25939405450672e-30,"3","Mvp"
2.53548494761029e-34,0.796979319058168,0.768,0.46,4.83136656767141e-30,"3","Adam8"
2.77084250468421e-34,1.31859991382825,0.705,0.447,5.27984039267577e-30,"3","Ass1"
2.78277554072343e-34,1.00560623065116,0.803,0.539,5.30257879284849e-30,"3","Tuba1c"
5.82354095904827e-34,0.841167365885523,0.795,0.459,1.10967572974665e-29,"3","Zmynd15"
1.05963073482503e-33,0.985345042533074,0.725,0.389,2.0191263652091e-29,"3","Tspan3"
7.09489515155219e-33,1.60941510432921,0.278,0.078,1.35193227112827e-28,"3","Insm1"
7.76891452017861e-33,0.77221200370999,0.891,0.678,1.48036666182003e-28,"3","Cnn2"
1.70708405495883e-31,0.91451099313345,0.487,0.213,3.25284866672405e-27,"3","Gpr157"
2.57877698992649e-31,1.27501185511649,0.528,0.253,4.91385955430492e-27,"3","Bbx"
2.67897873544599e-31,1.715987903306,0.273,0.076,5.10479398039233e-27,"3","Ttc39a"
3.28644835697795e-31,0.642360791905692,0.924,0.741,6.26232734422149e-27,"3","Tbc1d8"
3.93072236501439e-31,1.4599769673043,0.437,0.204,7.48999146653492e-27,"3","Rell1"
7.21152227031287e-31,0.78228163191081,0.879,0.662,1.37415556860812e-26,"3","Clta"
8.78969531667935e-31,1.52269816677297,0.407,0.162,1.67487644259325e-26,"3","Zc3h12c"
1.5458918805242e-30,1.696676889354,0.29,0.091,2.94569697833887e-26,"3","Dnajc12"
2.26549391447189e-30,0.931538603597963,0.71,0.406,4.31689865402618e-26,"3","Map4"
3.10482255683027e-30,0.82531655802274,0.861,0.624,5.91623938204008e-26,"3","Tubb5"
3.1759042141797e-30,0.918934718176242,0.77,0.453,6.05168548011942e-26,"3","Serpinb6b"
5.35986600570959e-30,0.71509318789711,0.871,0.67,1.02132246738796e-25,"3","Nfkbib"
1.53543855674488e-29,1.1797269771172,0.328,0.105,2.92577816987738e-25,"3","Cd70"
2.99300702706816e-29,1.00929500564964,0.53,0.248,5.70317489007838e-25,"3","Triobp"
6.38922720367044e-29,0.90844564347507,0.659,0.395,1.2174672436594e-24,"3","Atp6v1b2"
6.59410306512092e-29,0.938075089619391,0.442,0.179,1.25650633905879e-24,"3","Atxn1"
1.10282645355395e-28,0.668377914519973,0.742,0.418,2.10143580724705e-24,"3","Cd63"
1.88850624030072e-28,0.984234362920845,0.492,0.214,3.59854864089303e-24,"3","Kcnk6"
2.44404667445006e-28,0.788945887069962,0.636,0.323,4.65713093816459e-24,"3","Pgap6"
2.59278002405065e-28,0.85966793274944,0.609,0.311,4.94054233582852e-24,"3","Insl6"
2.83015856308109e-28,1.18097546390615,0.46,0.202,5.39286714195102e-24,"3","Glipr2"
3.83090094506643e-28,0.977213936851478,0.596,0.32,7.29978175082409e-24,"3","Tnfrsf4"
4.70711558535464e-28,0.956317055444798,0.48,0.218,8.96940874789328e-24,"3","Adam19"
7.60079304849849e-28,0.615728086087149,0.955,0.79,1.44833111539139e-23,"3","Marcks"
8.54139165299e-28,1.31940247219283,0.333,0.117,1.62756217947725e-23,"3","Plekhn1"
1.58288967665195e-27,1.10935223851134,0.558,0.305,3.0161962788603e-23,"3","Coro2a"
4.01001335234922e-27,0.581565591144253,0.23,0.082,7.64108044290143e-23,"3","Dock9"
4.19995167254156e-27,0.766749647914656,0.884,0.68,8.00300791202794e-23,"3","Wnk1"
5.4690856855751e-27,0.794699761512783,0.72,0.447,1.04213427738634e-22,"3","Polb"
8.9251990358884e-27,0.926454534199592,0.553,0.273,1.70069667628853e-22,"3","Dnajc10"
1.2245200279561e-26,1.76160450665528,0.134,0.022,2.33332291327035e-22,"3","Arhgap8"
1.42743380467673e-26,0.8203703753688,0.742,0.462,2.71997511481151e-22,"3","Trim35"
9.04413948985718e-26,1.16422221766226,0.283,0.097,1.72336077979229e-21,"3","Tmem140"
1.60011806447633e-25,1.08792392007846,0.533,0.267,3.04902497185965e-21,"3","Pdlim4"
1.69820009418672e-25,0.64714273980297,0.886,0.622,3.2359202794728e-21,"3","Actn1"
1.73129232812443e-25,0.757309887372833,0.742,0.475,3.29897753124109e-21,"3","Anxa4"
1.76876791274518e-25,1.0039320490255,0.472,0.236,3.37038725773594e-21,"3","Parp4"
2.67371833794037e-25,0.924440974131165,0.682,0.46,5.09477029294537e-21,"3","Cyba"
3.78124099130762e-25,2.29969393534638,0.114,0.017,7.20515470893667e-21,"3","Thbs4"
4.9802848863425e-25,0.748045623873717,0.76,0.527,9.48993285092564e-21,"3","Atl3"
5.3685882940917e-25,0.626108046984309,0.894,0.619,1.02298449943917e-20,"3","Mmp25"
6.21970726453202e-25,0.678202784557182,0.753,0.448,1.18516521925658e-20,"3","Rftn1"
7.07014383302933e-25,0.528330585475523,0.97,0.801,1.34721590738374e-20,"3","Marcksl1"
1.66510688271995e-24,0.616802630028019,0.515,0.233,3.17286116502286e-20,"3","Slc22a23"
1.75889934745112e-24,1.85943082654231,0.184,0.051,3.3515827065681e-20,"3","Zcchc4"
1.95628929191567e-24,0.805504536765365,0.765,0.54,3.72770924574532e-20,"3","Gabarap"
2.10680102452031e-24,0.689018528666485,0.669,0.354,4.01450935222345e-20,"3","Mex3b"
4.55339203186854e-24,0.501924395272392,0.525,0.24,8.6764885167255e-20,"3","Adcy6"
4.77832396592729e-24,0.713662692613351,0.788,0.555,9.10509631707446e-20,"3","Selplg"
5.54369201694221e-24,2.35615395046947,0.109,0.015,1.05635051382834e-19,"3","Cdh23"
1.17058467368619e-23,1.59463582604967,0.152,0.031,2.23054909570903e-19,"3","Fam89a"
2.24553270774256e-23,0.50356789269643,0.924,0.702,4.27886257460345e-19,"3","Gadd45b"
3.52383737998811e-23,0.750080292767858,0.753,0.495,6.71467212756734e-19,"3","Map4k4"
4.53652191382479e-23,0.880191626317577,0.298,0.107,8.64434250679313e-19,"3","Exoc3l4"
4.60592073786893e-23,0.797691957920053,0.763,0.516,8.77658196600924e-19,"3","Rgs10"
4.82669446187505e-23,1.09280756990954,0.462,0.212,9.19726629710291e-19,"3","Slc44a1"
4.84198105134862e-23,0.719928981328559,0.662,0.387,9.22639489334479e-19,"3","Arhgap31"
4.89321162692573e-23,0.800312017398271,0.598,0.364,9.32401475510698e-19,"3","Sdc3"
4.9339584783792e-23,0.68361426260822,0.71,0.442,9.40165788055156e-19,"3","Clip2"
5.40731321532419e-23,0.796600044548036,0.674,0.457,1.03036353318002e-18,"3","Smchd1"
6.72866243859362e-23,1.31278981492785,0.348,0.145,1.28214662767401e-18,"3","Dnase1l3"
2.4466713339502e-22,0.921572999439247,0.475,0.262,4.6621322268421e-18,"3","Nub1"
2.72893475201989e-22,0.990212936687534,0.424,0.199,5.19998516997391e-18,"3","Cpne2"
5.27669237085287e-22,0.810454706831661,0.672,0.441,1.00547373126601e-17,"3","Rhog"
7.4995880830183e-22,0.639427963140538,0.886,0.748,1.42904650921914e-17,"3","Cfl1"
9.49683372719335e-22,1.30233650907948,0.417,0.209,1.80962166671669e-17,"3","Pacsin2"
1.13885302982075e-21,1.09424990292895,0.475,0.253,2.17008444832343e-17,"3","Thap12"
1.5090770412952e-21,0.793070282290747,0.419,0.189,2.87554630218801e-17,"3","Gypc"
3.51585128035983e-21,0.841652291843618,0.432,0.204,6.69945461472566e-17,"3","Rgmb"
4.53139800374574e-21,0.84953281329711,0.439,0.22,8.6345788961375e-17,"3","Gga3"
4.78745487863607e-21,0.624832087795022,0.482,0.271,9.12249527124103e-17,"3","Cttnbp2nl"
8.22012693250224e-21,0.724045647478771,0.487,0.232,1.5663451869883e-16,"3","Sh3bp4"
1.07181700862198e-20,0.981399056378808,0.437,0.212,2.04234730992919e-16,"3","H2-Eb2"
1.07942201162531e-20,0.721309981707302,0.593,0.34,2.05683864315204e-16,"3","Foxn2"
1.49703455386169e-20,1.08873218298366,0.457,0.253,2.85259934238345e-16,"3","Wdr91"
1.60091214312415e-20,0.658966776657307,0.641,0.382,3.05053808872308e-16,"3","Fmnl2"
1.79364366757256e-20,0.783927178183018,0.548,0.311,3.41778800855952e-16,"3","Stx11"
1.9770275514073e-20,0.593261889096847,0.543,0.262,3.76722599920661e-16,"3","Pakap.1"
8.09368714234196e-20,0.581068125802667,0.803,0.54,1.54225208497326e-15,"3","Foxp4"
9.13192114455769e-20,0.712469020875548,0.793,0.595,1.74008757409547e-15,"3","Ctsz"
1.71160017741804e-19,0.745850240814621,0.699,0.513,3.26145413807008e-15,"3","Vcp"
2.00496895490782e-19,0.628235590010582,0.624,0.347,3.82046834357685e-15,"3","Tmem19"
2.10976653502151e-19,0.740455188778838,0.697,0.482,4.02016013248348e-15,"3","Dbnl"
2.720255707631e-19,0.650659446695404,0.725,0.54,5.18344725089087e-15,"3","Tes"
2.80532238293037e-19,0.617213141079354,0.811,0.603,5.34554180067382e-15,"3","Cap1"
3.7177504337846e-19,0.538131759449453,0.144,0.057,7.08417345157655e-15,"3","Als2"
4.5040875571237e-19,0.537457266494202,0.803,0.554,8.58253884009921e-15,"3","Arl5c"
5.03592318065905e-19,0.657519651393561,0.235,0.092,9.59595162074582e-15,"3","Arc"
5.13038400602898e-19,0.647616801018305,0.563,0.336,9.77594672348823e-15,"3","Casp3"
7.58180344811455e-19,0.722736063035763,0.548,0.294,1.44471264703823e-14,"3","Ogfrl1"
8.51117914871934e-19,0.625838296611725,0.604,0.387,1.62180518678847e-14,"3","Plekhb2"
1.01745449192749e-18,0.536622999829818,0.641,0.376,1.93875953436784e-14,"3","N4bp2l1"
1.07443356356251e-18,0.699370818416172,0.475,0.256,2.04733315536837e-14,"3","Tubb2a"
1.08713598072748e-18,0.872785580083603,0.598,0.389,2.07153761127621e-14,"3","Cmtm6"
1.15431971800339e-18,0.597097386914431,0.54,0.291,2.19955622265545e-14,"3","Specc1"
1.4795288342949e-18,0.671845730885465,0.222,0.091,2.81924219374893e-14,"3","Chpt1"
1.89543650915974e-18,0.814062497885704,0.51,0.286,3.61175426820389e-14,"3","Ssh1"
2.17379155309256e-18,0.704553881274645,0.528,0.311,4.14215980441787e-14,"3","Necap2"
2.52117573293677e-18,1.2799583476931,0.22,0.075,4.80410035911101e-14,"3","Spata31d1b"
2.69776781119856e-18,0.687996216714187,0.487,0.259,5.14059656423885e-14,"3","Cd200"
2.7887881559665e-18,0.559204166667767,0.571,0.302,5.31403583119416e-14,"3","Arpin"
2.87674984365287e-18,0.834008639426961,0.359,0.166,5.48164682708054e-14,"3","Pmvk"
3.62973439710586e-18,0.529103189125625,0.854,0.717,6.91645889368521e-14,"3","Tap1"
4.1058911647109e-18,0.934097930355779,0.467,0.249,7.82377561435661e-14,"3","Ece1"
5.18077511825257e-18,0.743084241598502,0.452,0.234,9.87196698783028e-14,"3","Papss2"
5.3518823102835e-18,0.573628374797731,0.578,0.358,1.01980117422452e-13,"3","Gtpbp2"
6.2666835795274e-18,0.616418047840957,0.47,0.256,1.19411655607895e-13,"3","Ccng2"
6.67424042075075e-18,0.680161342432362,0.664,0.456,1.27177651217406e-13,"3","Tor1aip2"
8.14995111555824e-18,0.54360674786,0.583,0.34,1.55297318506962e-13,"3","Stoml1"
8.97124713734989e-18,0.648712297016161,0.528,0.288,1.70947114202202e-13,"3","Hsf2"
1.08084024298316e-17,0.503075140556089,0.874,0.665,2.05954108300442e-13,"3","Basp1"
1.18162121722433e-17,1.21900131634927,0.194,0.061,2.25157922942096e-13,"3","Bcl9"
1.21645909636259e-17,0.629638254790934,0.679,0.479,2.31796280811891e-13,"3","Rbm17"
1.56896026926569e-17,0.55938307684704,0.788,0.609,2.98965379308577e-13,"3","Fnbp1"
1.64576392338056e-17,0.542853569004047,0.588,0.336,3.13600315600166e-13,"3","Tnfrsf11a"
1.70570712749046e-17,1.03852466138408,0.341,0.172,3.25022493143308e-13,"3","Nsmce3"
1.72016624834331e-17,1.72320167798671,0.321,0.152,3.27777678621818e-13,"3","Gclc"
3.53733905678918e-17,0.854705251842302,0.485,0.268,6.74039957271178e-13,"3","Tmpo"
3.71866068755937e-17,0.743611010980947,0.422,0.22,7.08590794014437e-13,"3","B3gnt5"
4.27961304078278e-17,0.512003317150605,0.77,0.54,8.15480264921158e-13,"3","Stat4"
4.92940411887084e-17,0.902374982603071,0.447,0.246,9.39297954850839e-13,"3","Mthfd2"
6.85396608225404e-17,0.706962254553937,0.48,0.29,1.30602323697351e-12,"3","Sik3"
7.41663450587218e-17,0.628692265020535,0.753,0.545,1.41323970509394e-12,"3","Crip1"
7.73736540687271e-17,0.578672155876912,0.747,0.567,1.4743549782796e-12,"3","Zfand3"
9.86691182858182e-17,1.31144777556591,0.341,0.179,1.88014004893627e-12,"3","Hsd17b11"
1.00840276113348e-16,1.39642014911062,0.194,0.077,1.92151146133984e-12,"3","Them6"
1.02462205593836e-16,0.618085869344171,0.639,0.406,1.95241732759055e-12,"3","Gramd3"
1.03377076743979e-16,0.559721477150265,0.604,0.382,1.96985019735652e-12,"3","Eps15"
1.44878791732649e-16,0.916305891694521,0.434,0.245,2.76066537646562e-12,"3","Ubxn1"
1.70976478436489e-16,0.665317164827275,0.399,0.217,3.2579567966073e-12,"3","Fbxo6"
1.7874790516418e-16,0.689693071084221,0.295,0.146,3.40604133290346e-12,"3","Wipf2"
2.05434939051307e-16,1.15283511712255,0.409,0.221,3.91456276362265e-12,"3","Glcci1"
2.32085420486351e-16,1.14378926736563,0.356,0.179,4.42238768736742e-12,"3","Dstn"
2.66469179696668e-16,1.26972496036041,0.182,0.067,5.07757021912001e-12,"3","Mtif3"
2.86419150893616e-16,1.25001173483482,0.245,0.103,5.45771692027786e-12,"3","Ints3"
3.0119170816737e-16,0.620289036881497,0.361,0.187,5.73920799912924e-12,"3","Abhd16a"
3.31959475485991e-16,0.631643458373605,0.495,0.295,6.32548780538555e-12,"3","Zfp513"
5.63378098151705e-16,0.777011759306241,0.495,0.283,1.07351696602807e-11,"3","Rnf115"
6.57293245376938e-16,0.542798474021573,0.621,0.385,1.25247227906575e-11,"3","Ndrg1"
6.80204450013027e-16,1.6009333270014,0.124,0.031,1.29612957949982e-11,"3","Zfp189"
7.14045113817648e-16,0.603576106816065,0.644,0.433,1.36061296437953e-11,"3","Ube2l6"
1.01406343473793e-15,0.701276377363806,0.563,0.382,1.93229787489312e-11,"3","Itgb1"
1.29117210192697e-15,0.731616656054822,0.465,0.26,2.46032844022185e-11,"3","Mtmr4"
1.60655361010715e-15,0.757379024016853,0.394,0.221,3.06128790405917e-11,"3","Gusb"
1.66849131080544e-15,0.524331283746213,0.333,0.158,3.17931019273976e-11,"3","Gins3"
1.67998020541651e-15,0.72171274191081,0.354,0.167,3.20120228142117e-11,"3","Sinhcaf"
1.69249693986764e-15,0.621835083585462,0.952,0.767,3.22505291891779e-11,"3","Ccl5"
1.96750287651036e-15,0.609247177651816,0.581,0.375,3.74907673119049e-11,"3","Rtn4"
2.3189763105684e-15,0.500195602915937,0.495,0.29,4.41880935978809e-11,"3","Spsb1"
2.47097140384071e-15,0.650518993854129,0.689,0.499,4.70843601001847e-11,"3","Akr1a1"
3.62715017554383e-15,0.526362991916833,0.503,0.289,6.91153465949877e-11,"3","Nek6"
3.8929102661329e-15,0.809683681780805,0.5,0.308,7.41794051211625e-11,"3","Chp1"
3.99467375319509e-15,0.893323301466528,0.333,0.176,7.61185083671325e-11,"3","Rrad"
5.02109929356683e-15,0.569397463256783,0.725,0.537,9.56770470389159e-11,"3","Anxa5"
6.66079772548542e-15,0.542801134078197,0.424,0.225,1.26921500659125e-10,"3","Cdc42bpb"
7.5774544815079e-15,0.63057115248869,0.652,0.462,1.44388395145133e-10,"3","Bri3"
7.78884468360691e-15,0.767776813245491,0.47,0.27,1.4841643544613e-10,"3","Asl"
8.09234097276402e-15,1.42633039134025,0.237,0.097,1.54199557236018e-10,"3","Arfgap3"
8.36157372119696e-15,0.552047767246232,0.783,0.61,1.59329787257408e-10,"3","Plaat3"
9.59541403003605e-15,0.88251994322676,0.237,0.095,1.82840614342337e-10,"3","Lad1"
1.20460657486531e-14,0.59354742986156,0.5,0.303,2.29537782840585e-10,"3","Irf1"
1.44030462466962e-14,0.636935831760784,0.412,0.233,2.74450046230796e-10,"3","Ywhag"
1.65712466994775e-14,0.567520767663026,0.399,0.204,3.15765105858544e-10,"3","Sepsecs"
1.78185906438764e-14,0.74807176983918,0.462,0.262,3.39533244719065e-10,"3","Gpc1"
1.94985169293136e-14,0.624135594937734,0.551,0.365,3.71544240088071e-10,"3","Arf5"
2.13530960470147e-14,0.969535927449553,0.407,0.242,4.06883245175866e-10,"3","Sumf1"
2.21227504469111e-14,0.580135295188628,0.49,0.296,4.21549009765891e-10,"3","Kdm4a"
2.85968630115031e-14,0.665086416574935,0.634,0.449,5.44913224684191e-10,"3","Vwa5a"
4.03095892600264e-14,0.595061786665357,0.553,0.378,7.68099223349803e-10,"3","Tbc1d14"
4.51264740121515e-14,0.934156950985411,0.46,0.274,8.59884962301547e-10,"3","Cd24a"
4.62014630054611e-14,0.521754464738563,0.662,0.466,8.80368877569062e-10,"3","Dlgap4"
4.68555512580169e-14,0.533091805694231,0.5,0.31,8.92832529221511e-10,"3","Psme2b"
5.11515533749007e-14,0.623137013253427,0.424,0.226,9.74692849558733e-10,"3","Rap2b"
6.64715099970734e-14,0.533124625247052,0.578,0.396,1.26661462299423e-09,"3","Tapbpl"
1.07775310326164e-13,0.538776337786526,0.419,0.221,2.05365853826505e-09,"3","Pdcd1lg2"
1.16394648787278e-13,0.701124189635809,0.558,0.37,2.21790003264158e-09,"3","Cox17"
1.26977242727749e-13,0.648339373899731,0.566,0.372,2.41955136017725e-09,"3","Tagln2"
1.30926263262992e-13,2.0173443254617,0.167,0.052,2.49479994647632e-09,"3","Cystm1"
1.38156868922481e-13,0.543079712728038,0.439,0.266,2.63257913731788e-09,"3","Sh2b3"
2.00752466068339e-13,0.609573265722809,0.598,0.403,3.82533824093219e-09,"3","Gtpbp1"
2.95903342605226e-13,0.790051456991759,0.189,0.067,5.63843819334258e-09,"3","Nrde2"
3.44429767846523e-13,0.542283866145155,0.513,0.337,6.5631092263155e-09,"3","Tbcb"
3.54650736519055e-13,0.729272316110648,0.487,0.324,6.75786978437059e-09,"3","Cox5a"
4.06924845477965e-13,0.511467078875537,0.159,0.056,7.75395293058262e-09,"3","Pxmp2"
4.4127892413656e-13,0.504258735462162,0.439,0.26,8.40856989942215e-09,"3","Sfmbt1"
4.91464241075494e-13,0.786051572953176,0.444,0.272,9.36485111369354e-09,"3","Clasp2"
5.10572812703565e-13,0.718519453337264,0.207,0.082,9.72896494606644e-09,"3","Dexi"
5.4154440519584e-13,0.656796639738358,0.313,0.152,1.03191286410067e-08,"3","Lactb"
5.7195398747276e-13,0.580470540281983,0.533,0.352,1.08985832312934e-08,"3","Cd2bp2"
6.5526969335616e-13,0.501365638481187,0.669,0.502,1.24861640069016e-08,"3","Pomp"
6.85695528932538e-13,0.55775323346446,0.606,0.425,1.30659283038095e-08,"3","Brk1"
7.68219856053173e-13,0.966094060118524,0.265,0.136,1.46384293570932e-08,"3","Ddx18"
9.44653407176113e-13,0.58345056842783,0.24,0.106,1.80003706737408e-08,"3","Spint2"
1.00941631953462e-12,0.855416126614756,0.217,0.095,1.92344279687322e-08,"3","Marchf5"
1.40348093159966e-12,0.917040852368595,0.111,0.031,2.67433291516315e-08,"3","Mab21l3"
2.01825175161241e-12,0.58388059677809,0.578,0.399,3.84577871269745e-08,"3","Cat"
2.65602144270349e-12,1.09262520786132,0.215,0.091,5.0610488590715e-08,"3","Suox"
3.33051193393052e-12,0.524545595075931,0.442,0.27,6.3462904901046e-08,"3","Rap2a"
3.86927654810639e-12,0.774708957333608,0.404,0.258,7.37290646241672e-08,"3","Sqstm1"
3.95655214846966e-12,0.616169072727027,0.429,0.273,7.53921011890893e-08,"3","Bahd1"
4.21447211591121e-12,0.671293780270328,0.556,0.393,8.03067661686881e-08,"3","Stat1"
4.24500845880248e-12,0.681371466088248,0.407,0.231,8.08886361824813e-08,"3","Sppl2a"
5.10085871952801e-12,0.648156010581049,0.46,0.277,9.71968629006063e-08,"3","Rab9"
5.32518529628270e-12,0.84053714493519,0.164,0.064,1.01471405820667e-07,"3","Fut4"
6.86680482706238e-12,0.894199373923361,0.338,0.191,1.30846965979674e-07,"3","Ncoa4"
7.48228395851973e-12,0.750713600279553,0.21,0.1,1.42574920829593e-07,"3","Ppfibp2"
9.07199532193691e-12,0.615592358388798,0.242,0.124,1.72866870859508e-07,"3","Sort1"
9.13062254765090e-12,0.757675442412981,0.409,0.241,1.73984012645488e-07,"3","Wdr1"
1.03278511726124e-11,0.705791355027369,0.384,0.237,1.9679720409413e-07,"3","Gtpbp4"
1.16885006698339e-11,0.77909980753187,0.437,0.277,2.22724380263686e-07,"3","Phc2"
1.16994936750014e-11,0.54757396194708,0.422,0.252,2.22933851977151e-07,"3","Kpna3"
1.37157398250231e-11,0.977340721015913,0.27,0.136,2.61353422365816e-07,"3","Micu1"
1.6519183742737e-11,0.525830066655178,0.465,0.283,3.14773046217854e-07,"3","Gnptab"
1.78837092953635e-11,0.544250683692612,0.513,0.32,3.40774080623151e-07,"3","Eno3"
1.91619499709778e-11,0.772899918115359,0.265,0.141,3.65130956696983e-07,"3","Map2k1"
1.92310044065477e-11,0.652833120584682,0.313,0.179,3.66446788966767e-07,"3","Rnf220"
2.01064985889612e-11,0.740042360838699,0.343,0.184,3.83129330612656e-07,"3","Spr"
2.0490877272357e-11,0.785461706813059,0.407,0.261,3.90453666424762e-07,"3","Ubash3b"
2.78745727091788e-11,0.558222695862536,0.591,0.416,5.31149982973402e-07,"3","Acadl"
2.82009620517745e-11,0.541924403196895,0.51,0.342,5.37369331896563e-07,"3","Erlin1"
3.21283940659922e-11,0.831938728782907,0.24,0.116,6.12206548927481e-07,"3","Nagk"
3.30612929860274e-11,0.882041137621355,0.412,0.258,6.29982937848752e-07,"3","Abhd2"
3.44791102423959e-11,0.641450794746477,0.24,0.12,6.56999445668854e-07,"3","Spg11"
3.4711131336741e-11,0.50029029665358,0.439,0.273,6.614206076216e-07,"3","Zfp217"
4.8073472812466e-11,0.731759109220112,0.404,0.248,9.16040024441539e-07,"3","Supt6"
6.1324442193004e-11,0.526919255000961,0.313,0.172,1.16853724598769e-06,"3","Zfyve1"
7.91075523974309e-11,0.731499247364749,0.321,0.185,1.50739441093305e-06,"3","Galnt7"
8.16809616817361e-11,0.701643808309992,0.303,0.157,1.55643072484548e-06,"3","Hsd3b7"
9.48913545996268e-11,0.749528147049405,0.409,0.26,1.80815476189589e-06,"3","Helz2"
1.18402490307633e-10,0.728063342086952,0.295,0.164,2.25615945281194e-06,"3","Rad21"
1.5280558206945e-10,0.742024965629674,0.313,0.179,2.91171036633338e-06,"3","Nans"
1.56183088773098e-10,0.802943692460644,0.326,0.198,2.97606875657139e-06,"3","Tax1bp3"
1.88756674762895e-10,1.46695851839287,0.116,0.035,3.59675843760697e-06,"3","Casc1"
1.92149794939256e-10,0.939175504036864,0.164,0.076,3.66141434256753e-06,"3","Zfp318"
2.50308396976674e-10,0.877837689975715,0.24,0.129,4.76962650439052e-06,"3","Mcur1"
2.92971773588332e-10,0.552929115227161,0.374,0.211,5.58257714572566e-06,"3","Polr3c"
3.17370468239094e-10,0.509605431503855,0.669,0.531,6.04749427229593e-06,"3","Map3k1"
3.52722585635977e-10,0.504101216203052,0.591,0.443,6.72112886929355e-06,"3","Rbm42"
5.26751417463795e-10,0.584187348187804,0.53,0.378,1.00372482597726e-05,"3","Tnfaip8"
5.46332936105521e-10,0.597335429783703,0.533,0.376,1.04103740974907e-05,"3","Adprh"
6.18339635110623e-10,0.562775117404496,0.472,0.322,1.17824617470329e-05,"3","Nampt"
6.6191310778013e-10,0.533556847905192,0.452,0.302,1.26127542687504e-05,"3","Kansl3"
7.72928301116772e-10,0.741006483040783,0.288,0.165,1.47281487777801e-05,"3","Rras"
7.95764832711554e-10,0.576318335108547,0.323,0.217,1.51632988873187e-05,"3","Grina"
1.20187102022823e-09,0.728073575138976,0.23,0.14,2.29016522904489e-05,"3","Gng12"
1.83039822095103e-09,0.8312177550635,0.187,0.115,3.4878238100222e-05,"3","Lgmn"
2.13700919738644e-09,0.553045395716839,0.295,0.162,4.07207102561987e-05,"3","Gfpt1"
2.32302779171269e-09,0.598813727565068,0.422,0.271,4.42652945710854e-05,"3","Washc1"
2.46690363283560e-09,0.739347540975147,0.242,0.154,4.70068487236823e-05,"3","Fam207a"
2.53341183600792e-09,0.599100981947629,0.237,0.125,4.82741625351309e-05,"3","Relt"
2.60637099506133e-09,0.80725137962176,0.341,0.209,4.96643993108936e-05,"3","Prpsap1"
2.95413217450717e-09,0.522582281014212,0.467,0.322,5.62909885852342e-05,"3","Riok3"
2.98498353966522e-09,0.641837760287718,0.311,0.174,5.68788613483207e-05,"3","Slc25a10"
3.3290116896376e-09,0.938913918803863,0.172,0.076,6.34343177460444e-05,"3","Ikzf4"
3.48654953584535e-09,0.738522721247673,0.29,0.191,6.64362014055332e-05,"3","Pdrg1"
3.91525443698377e-09,0.658140551958888,0.331,0.211,7.46051732967257e-05,"3","Pygo2"
4.00564829947771e-09,0.536798456694814,0.404,0.273,7.63276283465478e-05,"3","Ssu72"
4.43358104886343e-09,0.681467401242192,0.215,0.12,8.44818868860927e-05,"3","Ociad1"
4.79764516927513e-09,0.519575421783596,0.318,0.198,9.14191287005376e-05,"3","Bcl7c"
5.08626551432946e-09,0.769034685949894,0.131,0.056,9.69187893755478e-05,"3","Cptp"
6.38658041664643e-09,0.684369655242351,0.376,0.233,0.000121696289839198,"3","Arfrp1"
6.83547193972121e-09,0.635175217738267,0.551,0.422,0.000130249917811388,"3","Nr4a2"
8.16844798909631e-09,0.986679990130374,0.24,0.133,0.00015564977643223,"3","Jup"
8.81068327196728e-09,0.942746321547696,0.184,0.088,0.000167887569747337,"3","Tbcc"
1.0503899123797e-08,0.849050988440596,0.179,0.082,0.000200151797803951,"3","Dnajb2"
1.16101964269105e-08,1.56342185713784,0.101,0.034,0.00022123229291478,"3","Asprv1"
1.34613934937587e-08,0.974903546155925,0.263,0.133,0.000256506853023573,"3","Igfbp4"
1.39615401638151e-08,0.604523040739747,0.197,0.096,0.000266037147821496,"3","Taf6l"
1.75474358280075e-08,1.24042028755096,0.119,0.038,0.000334366389702684,"3","Rhoc"
1.87502803185749e-08,0.541942522591293,0.247,0.145,0.000357286591470444,"3","Snx11"
2.03783571477407e-08,1.15550391015561,0.159,0.071,0.000388309595450199,"3","Gpr55"
2.10170074915745e-08,0.521818735683304,0.381,0.253,0.000400479077751953,"3","Pxn"
2.2267950625932e-08,0.551861440158145,0.338,0.232,0.000424315799177135,"3","Slc39a1"
3.14030005721067e-08,0.685935738046559,0.237,0.127,0.000598384175901493,"3","Cyb561a3"
3.38821226532317e-08,0.619319719423062,0.217,0.123,0.00064562384715733,"3","Psmd7"
3.47223506085858e-08,0.683652604288526,0.104,0.046,0.000661634390846602,"3","Ift43"
4.81937843235835e-08,0.68934047564323,0.278,0.138,0.000918332560285884,"3","Chst15"
4.82384598896327e-08,0.629574993405885,0.313,0.217,0.000919183853196951,"3","Rad23a"
5.60976302485547e-08,1.00990860699157,0.354,0.245,0.00106894034438621,"3","Ccnd3"
6.04485666662422e-08,1.04946690458198,0.159,0.081,0.00115184743782525,"3","C2cd2l"
6.20957471040988e-08,0.674857147611218,0.394,0.279,0.0011832344610686,"3","Psma1"
6.31964644313473e-08,1.06066147100957,0.106,0.045,0.00120420862973932,"3","Kif16b"
7.56562060073462e-08,0.6134823859292,0.235,0.127,0.00144162900546998,"3","Dennd4b"
7.65623251373546e-08,0.666259096575709,0.22,0.11,0.00145889510549229,"3","Aldh1a2"
7.81133235623608e-08,0.575704554056988,0.414,0.28,0.00148844938048079,"3","Hmgcr"
9.78321923294514e-08,0.602242904424305,0.326,0.223,0.0018641924248377,"3","Ensa"
1.22302218966109e-07,0.728979321262689,0.237,0.133,0.00233046878239921,"3","Apool"
1.24697745400095e-07,0.738836156805678,0.197,0.08,0.0023761155385988,"3","Rab30"
1.3013791826982e-07,0.592226231196642,0.22,0.145,0.00247977803263143,"3","Snx10"
1.35630875814005e-07,0.647812348438115,0.192,0.106,0.00258444633863586,"3","Endod1"
1.50355599324017e-07,0.529448995051287,0.141,0.08,0.00286502594511915,"3","Pkib"
1.57142152224993e-07,0.569237388731088,0.301,0.194,0.00299434371064725,"3","Slc8b1"
1.58464614381212e-07,0.507963368941337,0.381,0.243,0.00301954322703399,"3","Znfx1"
1.77886434735084e-07,0.715086190390736,0.255,0.14,0.00338962601387703,"3","Myadm"
1.90855574141412e-07,0.628515060978411,0.217,0.12,0.00363675296526461,"3","Abtb2"
1.94803195846262e-07,0.549757843848081,0.293,0.172,0.00371197489685053,"3","Ubfd1"
1.99051408567039e-07,0.788093645248722,0.164,0.086,0.00379292459024493,"3","Lsr"
2.12216628068471e-07,0.503677372119003,0.313,0.23,0.00404378784784471,"3","Zdhhc3"
2.47513402627955e-07,0.826255633161558,0.285,0.189,0.00471636788707569,"3","Polr2g"
3.14783985725946e-07,0.573413110339065,0.258,0.156,0.0059982088480079,"3","Tmco4"
3.87674704352771e-07,0.527967519233568,0.124,0.071,0.00738714149144206,"3","Mtch1"
4.39586112883278e-07,0.654907354235256,0.146,0.067,0.00837631338099087,"3","Iscu"
4.43148017541315e-07,0.853038332733464,0.189,0.097,0.00844418547424975,"3","Phyh"
5.32655915246053e-07,0.647083583660606,0.157,0.084,0.0101497584650135,"3","Fbxo46"
7.28515886740789e-07,0.541579169180044,0.174,0.086,0.0138818702218457,"3","Umad1"
7.52762286284787e-07,0.835263685595862,0.136,0.063,0.0143438853651566,"3","Cacna1s"
8.98766980127895e-07,0.514223971943039,0.174,0.095,0.017126004806337,"3","Fzd5"
1.12660900512571e-06,0.704952054344533,0.341,0.24,0.0214675345926705,"3","Mvb12a"
1.13973081527974e-06,0.514196589329792,0.288,0.18,0.0217175706851555,"3","Pafah1b3"
1.19539095417014e-06,0.614611704717143,0.232,0.129,0.0227781746317121,"3","Kif2a"
1.21523056638758e-06,0.533319592038517,0.417,0.305,0.0231562184425153,"3","Psma6"
1.28598301303039e-06,0.722336916950763,0.194,0.119,0.0245044063132941,"3","Cpne1"
1.61875953508213e-06,0.631016262921645,0.21,0.116,0.0308454629409899,"3","Sel1l"
1.76634076072234e-06,0.947479567693519,0.119,0.067,0.0336576231955642,"3","Pycrl"
1.96570029760513e-06,0.71034090441875,0.179,0.106,0.0374564191708658,"3","Rabep2"
2.20465019414951e-06,0.889528760952833,0.232,0.151,0.0420096094495189,"3","Slc25a20"
2.20472923359017e-06,0.606172060955734,0.111,0.05,0.0420111155460606,"3","Ptpn21"
2.35911405263713e-06,0.535062890383424,0.258,0.168,0.0449529182730006,"3","Trim27"
2.69696529926862e-06,0.89909176020351,0.114,0.042,0.0513906737775635,"3","Cdc42ep4"
2.91808897900214e-06,0.719647029197024,0.116,0.057,0.0556041854948857,"3","Sema4c"
3.09883390224933e-06,0.579060355380133,0.182,0.104,0.059048280007361,"3","Fdft1"
3.2245509442918e-06,1.17825915624513,0.144,0.081,0.0614438182434802,"3","Acadm"
3.40928931152566e-06,0.727930996250164,0.232,0.15,0.0649640078311215,"3","Osbpl3"
3.93120482372653e-06,0.682892745714159,0.217,0.115,0.074909107916109,"3","Idi1"
4.19331067033035e-06,0.552877047167872,0.245,0.156,0.0799035348231448,"3","Fadd"
4.3676622619126e-06,0.634015622787736,0.354,0.244,0.0832258044007446,"3","Tfg"
5.11754003368063e-06,0.812886486096397,0.407,0.316,0.0975147253417844,"3","Isg15"
5.28020819540891e-06,0.500927845569652,0.119,0.054,0.100614367163517,"3","Rhebl1"
5.5034272435571e-06,0.53311428187236,0.136,0.071,0.104867806125981,"3","Tango2"
5.70606042043451e-06,0.71829722623835,0.104,0.055,0.10872898131138,"3","Lnx2"
6.49715486391064e-06,1.14961554832255,0.114,0.054,0.123803285931817,"3","Mospd1"
6.67497790269754e-06,0.928590525000356,0.141,0.072,0.127191703935902,"3","Agpat1"
7.27213605018463e-06,0.617496864692135,0.321,0.233,0.138570552436268,"3","Bri3bp"
7.89984694551037e-06,0.722207879035458,0.268,0.181,0.1505315835467,"3","Bmyc"
8.77093623144385e-06,0.876436121450853,0.106,0.053,0.167130189890163,"3","Agtrap"
8.85261232377387e-06,0.569332060713703,0.247,0.152,0.168686527829511,"3","Mbd1"
8.86975955278345e-06,0.530273571024863,0.141,0.079,0.169013268278289,"3","Rgs3"
9.83938029192114e-06,0.503003927556329,0.354,0.26,0.187489391462557,"3","Snrpc"
1.06965099178212e-05,0.509063780485326,0.144,0.065,0.203821996484083,"3","Vkorc1l1"
1.11141709708022e-05,0.521509231081358,0.144,0.087,0.211780527848636,"3","B3gat3"
1.30856730089056e-05,0.670843544080718,0.205,0.136,0.249347499184697,"3","Plbd2"
1.31033203614603e-05,0.573899778766793,0.283,0.193,0.249683769487626,"3","Mapk1ip1l"
1.36047322359526e-05,0.502043390566317,0.134,0.073,0.259238172756076,"3","Optn"
1.40358478277044e-05,0.527698722539856,0.232,0.155,0.267453080356907,"3","Dpf2"
1.9973458977696e-05,0.507251970905988,0.27,0.178,0.380594260819998,"3","Slc26a2"
2.09719318973037e-05,0.718878628078537,0.149,0.088,0.399620162303122,"3","Zfp524"
2.63495528406067e-05,0.748069537472154,0.212,0.131,0.502090729377761,"3","Mcrip1"
2.73919944042439e-05,0.831095436604675,0.192,0.109,0.521954453372867,"3","Adprm"
3.00864320509909e-05,0.52523531042267,0.194,0.118,0.573296962731632,"3","Ccdc71"
3.19858631739121e-05,0.816570724054329,0.311,0.204,0.609490622778895,"3","Plaa"
4.18756527335851e-05,0.600054359017934,0.265,0.185,0.797940562838463,"3","Psmc2"
4.68998226937228e-05,0.525701466672781,0.21,0.134,0.893676121428887,"3","Phf13"
5.12147442506878e-05,0.675553284612745,0.167,0.097,0.975896951696856,"3","Rsad2"
5.22505125928074e-05,0.560524828763276,0.333,0.244,0.995633517455946,"3","Arpc4"
5.80053014450518e-05,0.539627536224293,0.328,0.237,1,"3","Psmc5"
6.21899873879613e-05,0.687605408090904,0.119,0.06,1,"3","H2-T23"
9.11512502207068e-05,0.670798712347952,0.263,0.182,1,"3","Sbno1"
0.000100742373697724,0.5179513303099,0.222,0.168,1,"3","Mpdu1"
0.00011115951864607,0.533916635081382,0.21,0.127,1,"3","Slc25a1"
0.000114504981101441,0.687623455843422,0.129,0.075,1,"3","Flt3"
0.00012179183577918,0.554458311952007,0.192,0.123,1,"3","Gfer"
0.000126248480533367,0.731350742572657,0.154,0.084,1,"3","Zkscan3"
0.000148259726922469,0.566224366236398,0.263,0.175,1,"3","Gfus"
0.000183750856093036,0.530427401763825,0.162,0.1,1,"3","Tcf3"
0.000189727984400573,0.522455084490621,0.124,0.073,1,"3","Sirt2"
0.000192017714235413,0.692565669252919,0.318,0.255,1,"3","Dap"
0.000210218569449346,0.505871071390931,0.154,0.104,1,"3","Tmed4"
0.000244353194175054,0.694848596697947,0.197,0.131,1,"3","Tmbim6"
0.000280370495315732,0.621045796011033,0.21,0.141,1,"3","Psma7"
0.000282838158352864,0.518156655940008,0.283,0.208,1,"3","Mta1"
0.000357644958859776,0.569699482801275,0.129,0.076,1,"3","Nipsnap1"
0.000390521232608386,0.513648362332182,0.215,0.156,1,"3","Gatd1"
0.000457734717124259,0.760383144745573,0.129,0.072,1,"3","Vav3"
0.000688083520853173,0.896370530367569,0.109,0.073,1,"3","Pop5"
0.000712398379295421,0.605963186807507,0.134,0.087,1,"3","Tmem70"
0.000735077367090736,1.04347914482488,0.268,0.235,1,"3","Irf7"
0.000744969623879512,0.757148832721223,0.116,0.065,1,"3","Kif1c"
0.000772177679959454,0.606600501404763,0.164,0.11,1,"3","Erg28"
0.000814012271615956,0.60274147731445,0.131,0.073,1,"3","Creld1"
0.000840033695350316,0.705589143041569,0.109,0.067,1,"3","Cercam"
0.00090807318289855,0.615401333373007,0.192,0.137,1,"3","Fem1b"
0.000944725705006728,0.524738839419092,0.136,0.08,1,"3","Aldh16a1"
0.0011564001823649,0.601972309619454,0.199,0.139,1,"3","Frmd8"
0.00136579764700509,0.712541413726623,0.162,0.108,1,"3","Ints11"
0.00141428711419672,0.606448983978082,0.106,0.055,1,"3","Nsmce1"
0.00145250751184737,0.575573220932621,0.154,0.108,1,"3","Gaa"
0.00146308363991843,0.522444107947416,0.149,0.1,1,"3","Zdhhc23"
0.00279746339894612,0.688773792072653,0.124,0.081,1,"3","Sco1"
0.00294891562630041,0.964848678523136,0.177,0.123,1,"3","Rad23b"
0.00302895928385771,0.730954611580039,0.149,0.104,1,"3","Dpp3"
0.00331924194074382,0.550858083888264,0.159,0.089,1,"3","Ap3m2"
0.00568733961978256,0.617816645153712,0.152,0.097,1,"3","Parp12"
0.00609135875992444,0.513130193838046,0.106,0.07,1,"3","Jag1"
0.00672395402873669,0.559116961181957,0.162,0.109,1,"3","Dnpep"
0.00691767616968179,0.55900527832264,0.109,0.091,1,"3","Dhrs1"
0.00842584007462372,0.542433534201906,0.162,0.117,1,"3","Pet100"
0.00977821311471963,0.544690414159264,0.162,0.113,1,"3","Ubxn2a"
3.62852398997608e-84,1.81909726014945,0.869,0.372,6.91415246289943e-80,"4","Hspa1a"
5.7503486762211e-79,1.80648087991106,0.845,0.367,1.09572894025393e-74,"4","Hspa1b"
3.62855813313203e-77,1.89136633197533,0.835,0.362,6.91421752268308e-73,"4","Jun"
6.97671254853352e-39,0.974587493656392,0.891,0.579,1.32941257612306e-34,"4","Il4i1"
9.96709825497779e-39,0.989748926912369,0.843,0.58,1.89923057248602e-34,"4","Tmem176b"
1.03795889599508e-35,1.53610927237994,0.664,0.391,1.97783067631862e-31,"4","Hsp90aa1"
4.11798261514773e-34,0.770890423714925,0.928,0.668,7.846815873164e-30,"4","Anxa3"
2.38507797229017e-33,2.58807770908715,0.307,0.092,4.54476607619892e-29,"4","Apol7c"
3.1181468226065e-28,0.634408978542658,0.976,0.801,5.94162877047669e-24,"4","Marcksl1"
3.26651052304328e-28,1.00553022214295,0.741,0.492,6.22433580165898e-24,"4","Tmem176a"
1.84382127846251e-27,1.15739470038001,0.755,0.58,3.51340144611031e-23,"4","Ppp1r15a"
2.57942452997001e-26,1.30853319812452,0.533,0.244,4.91509344185786e-22,"4","Fabp5"
7.46399026423563e-26,0.843811741837407,0.824,0.663,1.4222633448501e-21,"4","Ctsh"
2.2126984118456e-25,1.31010090369558,0.664,0.451,4.2162968237718e-21,"4","Icosl"
1.63381361219705e-24,0.788118740946253,0.944,0.836,3.11323183804148e-20,"4","Tmem123"
1.28317007977335e-23,0.63404162668074,0.931,0.77,2.44508058700811e-19,"4","Bmp2k"
2.00156785216994e-23,0.678079237930447,0.912,0.776,3.81398754230982e-19,"4","Ccl5"
1.85393951353397e-22,0.674547059847675,0.869,0.756,3.53268174303897e-18,"4","H2-Q7"
7.95349069009059e-21,1.24839734303646,0.491,0.27,1.51553765099676e-16,"4","Cdc42ep3"
8.23006612578379e-21,1.1000524172205,0.565,0.36,1.5682391002681e-16,"4","Sdhaf1"
1.20014479460485e-20,0.928924807669136,0.736,0.524,2.28687590611954e-16,"4","S100a4"
8.63188575336784e-20,0.568871078863737,0.92,0.863,1.64480583030424e-15,"4","Lsp1"
6.70107243883089e-19,0.767298648649902,0.677,0.457,1.27688935321923e-14,"4","Cyria"
6.98355849784079e-19,0.723669056752874,0.555,0.317,1.33071707176356e-14,"4","Tmem150c"
1.75802541358738e-18,1.09836653362587,0.533,0.312,3.34991742559075e-14,"4","Atf3"
2.76684071872889e-18,0.680556806506754,0.632,0.391,5.27221498953789e-14,"4","Nudt17"
1.2730392187857e-17,1.07350668874236,0.747,0.624,2.42577623139615e-13,"4","Rgs1"
1.81334797271972e-17,0.926725333790205,0.72,0.586,3.45533456201742e-13,"4","Klf6"
5.98267801978338e-17,1.4413435751778,0.288,0.113,1.13999929666972e-12,"4","Col27a1"
7.97502894184232e-17,0.845040358320868,0.669,0.525,1.51964176486805e-12,"4","Nfkbia"
1.44539152926367e-16,0.520967771795287,0.616,0.391,2.75419355901192e-12,"4","Adam11"
4.2090799713321e-16,0.620139258597106,0.651,0.42,8.02040188537333e-12,"4","Poglut1"
5.7324113746037e-16,0.663604656822011,0.589,0.381,1.09231098743073e-11,"4","Socs2"
5.88425736357182e-16,0.81329449919582,0.635,0.453,1.12124524062861e-11,"4","Pgap2"
1.37172086946142e-15,0.559136579373198,0.8,0.547,2.61381411675873e-11,"4","Ccr7"
2.42602852299608e-15,0.905256302139424,0.741,0.6,4.62279735056902e-11,"4","Jund"
3.28843589598893e-15,1.00205469127853,0.715,0.523,6.26611459980691e-11,"4","Ccl22"
4.06246218219564e-15,0.815899253998027,0.621,0.429,7.74102168817379e-11,"4","Gbp5"
7.81823330816136e-15,0.93341599037403,0.461,0.291,1.48976435687015e-10,"4","Rnf115"
1.46513043047605e-14,0.66209139046002,0.704,0.522,2.79180603527212e-10,"4","Icam1"
1.47534858467947e-14,1.18323806191494,0.461,0.286,2.81127672810673e-10,"4","Il2ra"
2.499091588722e-14,0.583525259808729,0.747,0.612,4.76201902230978e-10,"4","Apobec3"
1.06338205597348e-13,1.07213034312474,0.541,0.386,2.02627450765747e-09,"4","Dusp1"
1.6113269676433e-13,0.624962356426906,0.84,0.744,3.0703835368443e-09,"4","B2m"
2.15306784641934e-13,0.771786656304338,0.803,0.757,4.10267078135205e-09,"4","Zfp36"
3.73983497694095e-13,0.668358108592109,0.827,0.714,7.12625554856098e-09,"4","Ubc"
4.24839675568174e-13,0.911504075806005,0.725,0.572,8.09532001795155e-09,"4","Cd40"
1.00889763204531e-12,0.579491188469753,0.664,0.514,1.92245443786233e-08,"4","Nxf1"
1.64915356433491e-12,0.581288214470711,0.717,0.578,3.14246211684017e-08,"4","Rcsd1"
2.93353339229822e-12,0.62322676247012,0.627,0.447,5.58984787902426e-08,"4","Plxnc1"
3.1237810167417e-12,0.677636626513435,0.56,0.392,5.9523647274013e-08,"4","N4bp2l1"
6.60338892182746e-12,0.993262802020706,0.547,0.387,1.25827575905422e-07,"4","Nfkbiz"
7.34675041480886e-12,0.538713778240444,0.829,0.72,1.39992329154183e-07,"4","Gadd45b"
9.05292788540395e-12,0.66371400588783,0.685,0.551,1.72503540856372e-07,"4","Zfp36l1"
9.13843137246348e-12,0.750198200888023,0.536,0.378,1.74132809802292e-07,"4","Gucd1"
2.07655772353173e-11,0.828603615858282,0.456,0.284,3.95688074218972e-07,"4","Dnajb1"
2.08116165217862e-11,1.25693608153814,0.285,0.159,3.96565352822637e-07,"4","Cd1d1"
2.87550006424302e-11,1.0694341963423,0.365,0.219,5.47926537241508e-07,"4","Chka"
3.69113744055266e-11,0.668215069662329,0.533,0.367,7.0334623929731e-07,"4","Atrnl1"
4.09393562214524e-11,0.912406061470274,0.397,0.251,7.80099432799775e-07,"4","Fas"
4.28216412227845e-11,1.03441889301343,0.443,0.267,8.15966373500158e-07,"4","Ccl17"
4.85918499891473e-11,1.34271299735167,0.216,0.103,9.25917701543202e-07,"4","H2-M2"
5.59524236463719e-11,0.575399716571572,0.848,0.808,1.06617343258162e-06,"4","Pmaip1"
6.70268632646964e-11,0.792523861514787,0.421,0.262,1.27719687950879e-06,"4","Il15"
1.21897988909938e-10,0.829775810358309,0.464,0.318,2.32276617867887e-06,"4","Phf21a"
1.72685395418237e-10,0.667658378125532,0.544,0.403,3.2905202096945e-06,"4","Tapbpl"
1.77429807127414e-10,0.584747015948597,0.653,0.519,3.38092497481288e-06,"4","Traf1"
2.0660279584845e-10,1.30797635771377,0.349,0.219,3.93681627489221e-06,"4","Hspd1"
3.34088180558787e-10,0.777573799324072,0.475,0.308,6.36605028054769e-06,"4","Ogfrl1"
3.38999651250753e-10,0.750907905132515,0.437,0.286,6.4596383545831e-06,"4","Stard7"
3.66794890530791e-10,1.1544934023176,0.275,0.155,6.98927663906422e-06,"4","Heatr9"
4.34703704064102e-10,0.652891293780114,0.523,0.366,8.28327908094147e-06,"4","Tmem19"
4.68570585848791e-10,1.80119092785468,0.141,0.055,8.9286125133487e-06,"4","Pla2g4f"
4.91865799911287e-10,1.03592351425464,0.304,0.177,9.37250281730957e-06,"4","Pus10"
4.96070298687283e-10,1.06542758049717,0.248,0.131,9.45261954148618e-06,"4","Slco5a1"
5.16347661363033e-10,1.11499203522076,0.277,0.156,9.83900468727259e-06,"4","Dhx57"
5.61479233964526e-10,0.653103597258867,0.485,0.349,1.0698986803194e-05,"4","Grk3"
8.33183628809821e-10,1.07844129476081,0.187,0.083,1.58763140469711e-05,"4","Extl1"
1.03189165228178e-09,1.08907736757809,0.136,0.053,1.96626954342293e-05,"4","Crispld2"
1.08161318710222e-09,0.812413744437618,0.547,0.428,2.06101392802327e-05,"4","Fam32a"
1.33027236112022e-09,0.565798907254472,0.824,0.717,2.53483398411457e-05,"4","Ptger4"
2.10504674271034e-09,0.618446468600937,0.467,0.313,4.01116656823456e-05,"4","Hmgn3"
2.1471583579698e-09,0.613709414979027,0.475,0.319,4.09141025111145e-05,"4","Gbp2"
2.27199313153262e-09,1.16708324444861,0.168,0.099,4.3292829121354e-05,"4","Rhob"
2.57027948571497e-09,0.762593908181089,0.421,0.277,4.89766756002987e-05,"4","Dennd3"
2.58908950583192e-09,0.561696491874557,0.432,0.272,4.93351005336273e-05,"4","Tmem63b"
2.72532830109966e-09,1.36826716914189,0.117,0.043,5.1931130777454e-05,"4","Plekhs1"
3.50369644936925e-09,0.736045871726585,0.392,0.246,6.67629358427311e-05,"4","Papss2"
3.70594310098585e-09,0.632262615967762,0.389,0.239,7.06167457892855e-05,"4","Sbf2"
4.58489965038979e-09,0.674654696838281,0.408,0.269,8.73652628381775e-05,"4","Castor2"
4.58809589930585e-09,1.42676104913055,0.344,0.209,8.7426167361273e-05,"4","Rnd3"
4.80427817971981e-09,0.574173933744843,0.509,0.352,9.1545520714561e-05,"4","Tnfrsf11a"
8.92640703027132e-09,0.599188151018258,0.509,0.369,0.00017009268596182,"4","Nav1"
9.1177661855277e-09,0.512617725435031,0.624,0.503,0.00017373903466523,"4","Clec2d"
9.50139020333883e-09,0.59499968637716,0.475,0.328,0.000181048990324621,"4","Eno3"
1.86476888782593e-08,0.764075862490665,0.424,0.285,0.00035533171157523,"4","Mcemp1"
1.95322187189949e-08,1.14309470382335,0.197,0.102,0.000372186427690449,"4","Lad1"
2.77002368343883e-08,0.862504243614561,0.389,0.276,0.00052782801287927,"4","Zfp362"
3.38999382540857e-08,1.21175509614377,0.216,0.102,0.000645963323431604,"4","Sox4"
4.40040954054557e-08,0.778695393352036,0.469,0.353,0.000838498037950958,"4","Cflar"
4.54443063223068e-08,0.732232547948579,0.395,0.274,0.000865941256971556,"4","Mtmr4"
5.12273102389093e-08,1.25388697876713,0.144,0.058,0.000976136396602417,"4","Gria3"
7.15510140276407e-08,0.881955000679106,0.288,0.179,0.00136340457229669,"4","Sinhcaf"
9.10778943921149e-08,0.595660183141594,0.315,0.192,0.00173548927764175,"4","Synpo2"
1.12542062407834e-07,0.505923788857606,0.891,0.855,0.00214448899918127,"4","Id2"
1.57270621966566e-07,0.678243804654159,0.429,0.271,0.00299679170157292,"4","Atp6v0a1"
2.23778000011515e-07,0.639688035999835,0.48,0.359,0.00426408979021942,"4","Stoml1"
2.3349327210632e-07,0.943432787652657,0.155,0.079,0.00444921429998593,"4","Hcn3"
2.66677609268007e-07,0.532428909331519,0.621,0.529,0.00508154184460187,"4","Eif1"
3.77791404892169e-07,0.890069428347485,0.4,0.306,0.00719881522022029,"4","H3f3b"
3.88186016899072e-07,0.527301944377427,0.445,0.299,0.00739688455201181,"4","Fnbp1l"
3.92732043948193e-07,0.895554315376947,0.245,0.147,0.00748350909743281,"4","Spib"
5.1519326851391e-07,0.659604444865484,0.475,0.367,0.00981700773153256,"4","Pirb"
5.32989353229941e-07,0.578477923243071,0.291,0.177,0.0101561121257965,"4","Oprd1"
1.09938595881419e-06,0.75405312336574,0.429,0.329,0.0209487994452044,"4","Clptm1"
1.10868935079642e-06,0.871853027816616,0.232,0.138,0.0211260755794258,"4","Dock1"
1.37407789566696e-06,0.7345745114901,0.277,0.181,0.0261830543019339,"4","Birc2"
1.60540533629976e-06,0.674267431951052,0.403,0.295,0.030590998683192,"4","Thap2"
1.60552435300141e-06,0.757734370069885,0.256,0.155,0.030593266546442,"4","Nrp2"
1.6174129007689e-06,0.858208188559639,0.304,0.196,0.0308198028241513,"4","Vps39"
1.70790340369171e-06,0.897069289046669,0.187,0.101,0.0325440993573455,"4","Arc"
2.275010476692e-06,1.06424590688454,0.363,0.266,0.0433503246333661,"4","Mat2a"
2.84249994539877e-06,0.615854686170968,0.416,0.298,0.0541638364595735,"4","Rbpms"
3.94465377792206e-06,0.929121984117944,0.328,0.236,0.0751653777383049,"4","Phf11b"
5.35063868033882e-06,0.62486197818589,0.477,0.379,0.101956420053856,"4","Anxa2"
6.69520705033463e-06,0.709772693872557,0.285,0.207,0.127577170344126,"4","Il7r"
7.00886713481852e-06,0.893218619779365,0.176,0.097,0.133553963253967,"4","Insm1"
1.23830952405775e-05,1.00455735334944,0.235,0.168,0.235959879809204,"4","Slc46a3"
1.31791109161359e-05,0.914364431594447,0.363,0.276,0.251127958506969,"4","Vmp1"
1.46012085597788e-05,0.617974956534269,0.419,0.314,0.278226029106585,"4","Ddhd1"
1.4883695228406e-05,0.794461334191604,0.2,0.125,0.283608812577276,"4","Ift57"
2.13106385425898e-05,1.58406691746092,0.123,0.061,0.406074217429049,"4","Il6"
2.16082776165839e-05,0.779946808699994,0.269,0.171,0.411745729984005,"4","L1cam"
2.32125941508979e-05,0.672046894814074,0.235,0.154,0.44231598154536,"4","Arhgap22"
2.79219008776246e-05,0.952602874343645,0.296,0.201,0.532051821223137,"4","Fbrsl1"
3.24682311463772e-05,0.735702657918855,0.251,0.169,0.618682144494217,"4","Hsph1"
3.39655760164629e-05,1.04822928446334,0.237,0.154,0.647214050993701,"4","Galnt12"
3.4629486898725e-05,0.547860328048141,0.451,0.369,0.659864872855204,"4","Parp8"
4.08661818322046e-05,0.61266135219304,0.213,0.135,0.778705094812659,"4","Tnni3"
4.16639383164436e-05,1.59321260862289,0.187,0.118,0.793906344619833,"4","Tnf"
7.05975891981652e-05,0.598028171713583,0.275,0.185,1,"4","Tmem120b"
7.68173714814163e-05,0.746703689365007,0.328,0.226,1,"4","Hlx"
7.94240683195854e-05,0.551649005551316,0.387,0.313,1,"4","Gsap"
8.44824803393962e-05,0.705802651495535,0.355,0.271,1,"4","Slc38a2"
0.000113179206465538,0.64365162224179,0.264,0.173,1,"4","Dynlt2b"
0.000153692171755859,0.673198794201242,0.413,0.338,1,"4","Sumo2"
0.000184412164386118,0.563858468083358,0.528,0.442,1,"4","Zbtb10"
0.000233479607316837,0.61234134382323,0.136,0.072,1,"4","Sema6d"
0.000243982340697238,0.560104462782828,0.347,0.24,1,"4","Klf2"
0.000311082974459789,0.523178246583373,0.267,0.182,1,"4","Slc25a10"
0.000364299161164826,0.599026896599089,0.395,0.309,1,"4","Arrdc4"
0.000416901113763359,0.511045158030411,0.373,0.293,1,"4","Rab9"
0.00042358859823722,1.02138611757984,0.389,0.316,1,"4","Cited2"
0.000455918940406054,0.672281149193956,0.277,0.198,1,"4","Flvcr1"
0.000501535669780402,0.628138475728449,0.419,0.344,1,"4","Sowahc"
0.000625020102869511,1.12151851081861,0.123,0.062,1,"4","Zmym6"
0.00063965297820373,0.55163365439165,0.275,0.201,1,"4","Enox2"
0.000672849358472336,0.590306118881344,0.285,0.188,1,"4","Adam23"
0.000753258691677537,0.618665502762104,0.176,0.118,1,"4","Spint2"
0.00079988516033692,1.00744581129796,0.28,0.21,1,"4","Glipr1"
0.000895068446509026,0.541887485160179,0.221,0.156,1,"4","Rnaseh2b"
0.000895094556490681,1.00310297672235,0.125,0.067,1,"4","Ston2"
0.000905553484244081,0.532696684642266,0.307,0.227,1,"4","Rgmb"
0.00121142229115373,0.615274015506249,0.157,0.102,1,"4","Kmt5a"
0.00131008734019025,0.550728543905409,0.197,0.136,1,"4","Serinc5"
0.00140076636898609,0.53770912498631,0.424,0.364,1,"4","Phip"
0.00148979045036984,0.506458336643934,0.291,0.226,1,"4","Polr3c"
0.00151087391838873,0.769833532084847,0.267,0.201,1,"4","Pot1b"
0.00161890208540963,0.935471956669542,0.227,0.166,1,"4","Phf11a"
0.00172933511439815,0.538588671668795,0.307,0.243,1,"4","Cpeb4"
0.00184299447152989,0.860820181663666,0.179,0.098,1,"4","Eml6"
0.00191412739779167,0.657698892764716,0.112,0.065,1,"4","Hsh2d"
0.00198727431084292,1.27887948374588,0.125,0.071,1,"4","Dstyk"
0.00219740973702446,0.838782315980407,0.237,0.179,1,"4","Siglecg"
0.00224577723561539,1.04165257239642,0.112,0.061,1,"4","Zfp770"
0.00286834368791665,0.79592420825301,0.243,0.175,1,"4","Stom"
0.00288286192493075,0.607493679797352,0.187,0.134,1,"4","Gtf2a1"
0.00292588034724852,0.51940136973026,0.083,0.107,1,"4","Snapc4"
0.00362126815882282,0.519607194068244,0.336,0.279,1,"4","Lyst"
0.00403860052851282,0.520446613188637,0.309,0.224,1,"4","Dhrs3"
0.00435674750355462,0.73896540642429,0.293,0.23,1,"4","Vrk2"
0.0044211236576003,0.585012080736818,0.123,0.098,1,"4","Usp11"
0.00504778263115318,0.612155784993597,0.131,0.093,1,"4","Stimate"
0.00526629949202751,0.755666995474836,0.352,0.278,1,"4","Tubb2a"
0.00550336883875772,0.780118820927002,0.341,0.296,1,"4","Dnaja1"
0.006314122415533,0.803799883290718,0.192,0.146,1,"4","Aida"
0.00704399020140358,0.627075943348181,0.243,0.205,1,"4","Sting1"
0.00821320912478661,0.672573111015557,0.104,0.067,1,"4","Uhrf1"
0.00874266673962007,0.940067914276809,0.101,0.066,1,"4","Dclre1a"
0.00876727538547492,1.02982179569861,0.117,0.079,1,"4","Igsf9"
0.00911984530622784,0.723229998979868,0.256,0.209,1,"4","Rfx5"
0.00965547459657744,0.724303731986992,0.264,0.215,1,"4","H3c1"
0.00998884031599802,0.504765704511948,0.181,0.135,1,"4","Relt"
1.71768128272569e-25,1.25837494601782,0.17,0.059,3.27304168423381e-21,"5","Abca1"
6.64677468730847e-25,3.01844572580485,0.114,0.021,1.26654291666663e-20,"5","Mertk"
4.50283161150119e-24,3.06398703701792,0.295,0.063,8.58014563571552e-20,"5","Csf1r"
1.46025716521808e-23,3.08482384167859,0.216,0.045,2.78252002832306e-19,"5","Csf3r"
2.85074050876599e-23,5.31911202606481,0.148,0.012,5.4320860394536e-19,"5","Pax5"
7.04148323712151e-22,2.47899150470431,0.216,0.076,1.3417546308335e-17,"5","Itgam"
1.34430143565938e-19,3.83532775110735,0.159,0.017,2.56156638564894e-15,"5","Ighd"
8.27382560606664e-19,2.18370057554871,0.273,0.059,1.576577469236e-14,"5","C1qb"
1.96005822221853e-18,1.45732139574543,0.159,0.063,3.73489094243742e-14,"5","Fcgr3"
2.41038884743968e-17,2.20529374179791,0.17,0.041,4.59299594879631e-13,"5","Rnase4"
3.93289663774929e-17,2.86773184575069,0.125,0.031,7.49413454323127e-13,"5","Selenop"
3.98991740448071e-17,2.62732775475916,0.159,0.049,7.60278761423799e-13,"5","C1qa"
1.18503794459407e-16,3.19884659355095,0.125,0.033,2.25808980342399e-12,"5","Cd79b"
1.24935912943622e-16,1.98445307993983,0.125,0.048,2.38065382114073e-12,"5","Adgre1"
1.92458814582919e-16,2.69655351364914,0.114,0.033,3.66730271187751e-12,"5","Ctsd"
6.39457454851561e-16,1.83653060573198,0.148,0.051,1.21848618021965e-11,"5","Camk1"
9.44217201944723e-16,3.37283241970839,0.261,0.046,1.79920587830567e-11,"5","Hexb"
4.17623779239823e-15,2.50160859330938,0.102,0.021,7.95782111341482e-11,"5","Tmem119"
4.73179133942265e-15,2.99906383045168,0.125,0.032,9.01642839726985e-11,"5","Tlr7"
9.81200098834046e-15,2.02257142211983,0.398,0.111,1.86967678832827e-10,"5","Cd81"
2.74353728456319e-14,0.855740889358014,0.17,0.102,5.22781029573516e-10,"5","Tgfbr2"
3.63309574473474e-14,2.13241350436904,0.5,0.177,6.92286394159205e-10,"5","Ctss"
6.08750880556054e-14,0.969613901580018,0.114,0.055,1.15997480289956e-09,"5","C3ar1"
6.43279560482735e-14,1.53586912430224,0.341,0.151,1.22576920249985e-09,"5","Vsir"
7.90486022506016e-14,2.28596892883733,0.205,0.054,1.50627111588521e-09,"5","Itgb5"
1.22769208342392e-13,2.39165465785883,0.398,0.116,2.33936726496428e-09,"5","Lgmn"
3.96523347714811e-13,1.56449670485256,0.307,0.117,7.55575239070573e-09,"5","Cebpb"
5.23893515847646e-13,1.70876024868957,0.17,0.09,9.9827909444769e-09,"5","Cd68"
6.43316479045981e-13,1.5413724423259,0.136,0.06,1.22583955082212e-08,"5","Dusp6"
7.75705753587496e-13,1.56451819930949,0.17,0.065,1.47810731346097e-08,"5","Cebpa"
1.24894211539216e-12,1.67472015749711,0.114,0.048,2.37985920087975e-08,"5","Ccl3"
1.49467345455051e-12,1.24247510955975,0.25,0.115,2.84810026764599e-08,"5","Lmo2"
2.14398536957951e-12,1.47590036768449,0.148,0.052,4.08536412173375e-08,"5","Rab3il1"
3.39192004240896e-12,2.72625377121913,0.17,0.035,6.46330364081027e-08,"5","Gcnt1"
4.63651443953551e-12,1.41208695134298,0.227,0.095,8.83487826453491e-08,"5","Egr1"
5.41035478009688e-12,2.27614777929578,0.295,0.102,1.03094310334746e-07,"5","Rhob"
9.20244255208702e-12,1.79389000711739,0.136,0.042,1.75352542830018e-07,"5","Tmem86a"
9.29982770427232e-12,1.67276389705791,0.17,0.061,1.77208216904909e-07,"5","Dtx4"
1.69169436952221e-11,1.15799922997713,0.125,0.06,3.22352362112457e-07,"5","Lrp1"
2.22924535783789e-11,2.40478328694005,0.261,0.06,4.24782702936009e-07,"5","Mafb"
3.84682087491739e-11,0.881863883818974,0.273,0.143,7.33011717715509e-07,"5","Camk2d"
4.00184995780432e-11,1.69475709611022,0.193,0.059,7.62552509459613e-07,"5","Serpinb1a"
4.23360606821132e-11,1.03353922763911,0.352,0.146,8.06713636297667e-07,"5","Zeb2"
7.13195900353461e-11,2.04407478816563,0.114,0.051,1.35899478812352e-06,"5","Cd33"
1.10385953620849e-10,1.16779452772236,0.602,0.343,2.10340434624528e-06,"5","Serinc3"
1.29667448763117e-10,2.25527776091223,0.25,0.135,2.4708132361812e-06,"5","Ighm"
1.99387716363932e-10,1.57636983875064,0.307,0.116,3.79933293531472e-06,"5","Qki"
2.99776549687877e-10,1.58478348371206,0.352,0.16,5.7122421543025e-06,"5","Dmxl1"
3.12523609141487e-10,1.13297848812455,0.205,0.102,5.95513737219104e-06,"5","Ctsa"
3.87566842203189e-10,1.27004375190299,0.125,0.046,7.38508617818177e-06,"5","Pla2g15"
3.87833871831894e-10,3.53545051324097,0.114,0.019,7.39017442775673e-06,"5","Cd79a"
4.27988185610638e-10,1.50981811469096,0.398,0.166,8.15531487681072e-06,"5","Lamp2"
8.10776591654728e-10,1.02727469635131,0.659,0.334,1.54493479539808e-05,"5","Tyrobp"
1.29892546393378e-09,0.752372208987464,0.102,0.061,2.47510247152582e-05,"5","Atp13a2"
1.3207054288611e-09,1.23617369577314,0.307,0.144,2.51660419469482e-05,"5","Snx29"
1.36301145192704e-09,1.83658885325153,0.205,0.088,2.59721832164697e-05,"5","Dram2"
1.51655653963556e-09,1.11714341847472,0.273,0.137,2.88979848627555e-05,"5","Grn"
2.24880188269027e-09,1.57825110703348,0.25,0.085,4.28509198746631e-05,"5","Tgfbr1"
2.48708165215005e-09,1.92980740108277,0.159,0.07,4.73913408817192e-05,"5","Sgk1"
3.46353056944237e-09,0.62116652290276,0.227,0.16,6.59975750007243e-05,"5","Txnip"
4.00100223113626e-09,1.51659047341887,0.182,0.084,7.62390975143015e-05,"5","Adap2"
5.86881291384017e-09,1.18763075488684,0.318,0.141,0.000111830230073224,"5","Osm"
7.12689154357525e-09,0.509530977898952,0.193,0.149,0.000135802918362826,"5","Fli1"
7.37960275412223e-09,1.1629094665932,0.17,0.102,0.000140618330479799,"5","Tpp1"
7.65935939578879e-09,0.648104276914993,0.466,0.263,0.000145949093286755,"5","Mpeg1"
7.95289328853287e-09,1.94560291216549,0.148,0.046,0.000151542381612994,"5","Cxcl2"
9.02357361830722e-09,0.871386839896427,0.557,0.317,0.000171944195296844,"5","Nckap1l"
1.04432296744988e-08,1.99168814590938,0.159,0.066,0.000198995741447575,"5","Cd14"
1.23052831602677e-08,1.65207428428314,0.341,0.169,0.0002344771706189,"5","Gns"
1.46846503014328e-08,1.08747817430551,0.398,0.191,0.000279816011493801,"5","Ncf2"
1.51659928198289e-08,0.764767415537885,0.284,0.169,0.000288987993181839,"5","Slc15a3"
1.56925698823616e-08,0.820984105279782,0.193,0.123,0.0002990219191084,"5","Adrb2"
1.89743847798393e-08,1.16642772944277,0.455,0.248,0.000361556901979837,"5","Klf2"
2.23623221865473e-08,1.18072676103353,0.136,0.096,0.000426114049264658,"5","Eeig2"
2.26219186939773e-08,1.21330051724977,0.216,0.112,0.000431060660713737,"5","Cndp2"
2.6196382396298e-08,2.64792809492537,0.148,0.05,0.000499172066561458,"5","Rasgrp3"
2.67743015874998e-08,0.95844968822794,0.318,0.208,0.000510184316749809,"5","Sdcbp"
2.81350724638828e-08,0.890054266665389,0.273,0.133,0.000536113805799286,"5","Sh3bp2"
3.0089726205947e-08,1.15071014941172,0.398,0.153,0.000573359732854319,"5","Spib"
3.2695091700268e-08,0.910852798939466,0.511,0.283,0.000623004972348607,"5","Atp6v0b"
3.54759147822282e-08,1.18488091925507,0.159,0.111,0.000675993556175358,"5","Fmnl3"
3.59579982316292e-08,1.83634367497553,0.136,0.036,0.000685179656303694,"5","Nupr1"
3.70567556189724e-08,0.894228749862786,0.25,0.143,0.000706116478319519,"5","Rasgef1b"
4.33234241960671e-08,2.22293614191595,0.125,0.047,0.000825527848056058,"5","Lrmda"
5.20175094045152e-08,0.598467969181979,0.807,0.479,0.000991193641703038,"5","Bri3"
6.89471024867602e-08,0.662871853320279,0.352,0.202,0.00131378703788522,"5","Ninj1"
7.04455748337343e-08,0.982503012398472,0.386,0.219,0.00134234042845681,"5","Fcer1g"
7.41219995935185e-08,1.58486080694625,0.148,0.032,0.0014123947022545,"5","Nuak1"
7.7516082825185e-08,0.664496479063946,0.795,0.49,0.0014770689582339,"5","Serpinb6b"
8.15838748847242e-08,0.558886233899371,0.102,0.063,0.00155458073592842,"5","Sipa1l2"
9.22841554903459e-08,1.19085362288194,0.341,0.189,0.00175847458286854,"5","Cd37"
9.64002127557275e-08,1.2394348136233,0.42,0.204,0.00183690605406039,"5","Cd9"
1.04667854173118e-07,0.653428339939903,0.114,0.089,0.00199444596126877,"5","Entpd1"
1.06725000087311e-07,1.04604576131177,0.398,0.186,0.00203364487666371,"5","Creg1"
1.16615922130526e-07,0.674552051053615,0.602,0.375,0.00222211639619717,"5","Trip12"
1.20747862773023e-07,0.904810237595453,0.148,0.098,0.00230085052513996,"5","Cd84"
1.50498260069088e-07,0.737084299242193,0.557,0.328,0.00286774434561648,"5","Mlxip"
1.63760985641681e-07,2.00890572173836,0.136,0.057,0.00312046558140222,"5","Mef2c"
1.817360593322e-07,1.95129118890052,0.125,0.047,0.00346298061057507,"5","Cd300lf"
2.83831522967209e-07,1.24802790030197,0.182,0.073,0.00540840967014016,"5","Sirpa"
3.03162128350341e-07,0.635908248491671,0.352,0.192,0.00577675435571574,"5","Ets2"
3.1636808283301e-07,0.799381634521382,0.239,0.183,0.00602839381838301,"5","Atp8a1"
3.35961834914908e-07,0.572569712904597,0.205,0.134,0.00640175276430358,"5","Csnk1e"
3.45621350075242e-07,0.793510091671449,0.42,0.225,0.00658581482568374,"5","Plcg2"
3.84684720545501e-07,0.673381189033551,0.261,0.179,0.00733016734999452,"5","Cyth4"
5.2256851888768e-07,1.6171655928372,0.159,0.072,0.00995754312740475,"5","Sh2b2"
5.29597926910647e-07,0.750474654436777,0.625,0.388,0.0100914884972824,"5","Aif1"
5.39945532097233e-07,0.785630295748895,0.659,0.409,0.0102886621141128,"5","Ubl5"
5.80486053273845e-07,0.573330958815581,0.148,0.056,0.0110611617451331,"5","Pacc1"
5.99730784065585e-07,0.794752837713162,0.523,0.298,0.0114278700903697,"5","Zfand5"
6.32738813942688e-07,0.881477664543273,0.295,0.17,0.0120568380996779,"5","Dnajc7"
6.94054262054609e-07,1.12662388273086,0.205,0.11,0.0132252039634506,"5","Tcirg1"
7.54026430726705e-07,0.607117043509811,0.284,0.144,0.0143679736374974,"5","Ssh3"
7.56740311375566e-07,1.10870219770796,0.455,0.286,0.0144196866332614,"5","Ube2d2a"
8.18722552077884e-07,0.758080419538321,0.261,0.104,0.0156007582298441,"5","Haus7"
9.07090028547013e-07,1.18224920888296,0.318,0.173,0.0172846004939633,"5","Dnajb9"
1.03889299216321e-06,0.698009499515912,0.523,0.321,0.01979610596567,"5","Man1a"
1.16469558644691e-06,1.30050559200618,0.125,0.066,0.0221932743997458,"5","Ints6l"
1.37794131400529e-06,1.44517846852407,0.205,0.089,0.0262566717383708,"5","Acp2"
1.49877577934685e-06,0.548780095224434,0.341,0.188,0.0285591724754542,"5","Gngt2"
1.56992739785057e-06,0.866132957883524,0.375,0.208,0.0299149665660426,"5","Epb41l2"
1.64936612305125e-06,0.941133723962225,0.352,0.214,0.0314286714747415,"5","Pmepa1"
1.6743369696073e-06,0.647072423269519,0.284,0.174,0.0319044909558671,"5","Tcn2"
1.78661174560534e-06,2.41008528299116,0.114,0.046,0.0340438868125098,"5","Fam3a"
1.88279867180995e-06,0.573171013007578,0.364,0.195,0.0358767286913386,"5","Vamp4"
1.99814807410935e-06,1.85105563499924,0.102,0.04,0.0380747115521536,"5","Cln8"
2.2452562705894e-06,0.716850702723656,0.159,0.058,0.0427833582360809,"5","Mmp23"
2.3328067490214e-06,1.97723885868561,0.159,0.038,0.0444516326026029,"5","Apoe"
2.45285506721747e-06,0.913735224503671,0.341,0.184,0.0467391533058289,"5","Scaf11"
2.55211261149844e-06,0.642354193042078,0.273,0.133,0.0486305058121027,"5","Cdkal1"
2.63167398861424e-06,1.05221297966956,0.182,0.1,0.0501465478530444,"5","Gadd45a"
2.68049259675719e-06,0.574808623286857,0.682,0.429,0.0510767864312082,"5","Ccnl1"
2.85052896190036e-06,1.20258659702468,0.148,0.046,0.0543168293690114,"5","Ceacam15"
3.44660229386157e-06,1.16413794523585,0.136,0.093,0.0656750067095322,"5","Lipa"
3.48425171586319e-06,0.612023560784575,0.102,0.072,0.066392416445773,"5","Arhgap12"
3.55094425375566e-06,0.898166420526519,0.159,0.087,0.067663242755314,"5","Tgfbi"
3.56736815401937e-06,0.63137451086966,0.364,0.207,0.0679762001748392,"5","Tgif1"
3.66531293977863e-06,0.892332091635035,0.148,0.08,0.0698425380674819,"5","Pou2f2"
3.68056277666207e-06,0.605986605911496,0.148,0.105,0.0701331237092957,"5","Fnip2"
3.75070456525399e-06,1.71591113882807,0.159,0.071,0.0714696754909147,"5","Tmx4"
3.78524463687341e-06,1.4088443930677,0.136,0.073,0.0721278365556228,"5","Sh3bp5"
3.80557220257435e-06,0.588978319118332,0.784,0.534,0.0725151783200542,"5","Eif1"
3.86404017269227e-06,1.22698116166824,0.42,0.276,0.0736292854906511,"5","Fos"
4.02789225637093e-06,1.10321096091888,0.273,0.18,0.076751486945148,"5","Rnf130"
4.09281381151967e-06,0.622627129155027,0.33,0.214,0.0779885671785073,"5","Vamp3"
4.58755492028333e-06,1.82163321460062,0.102,0.046,0.0874158590059989,"5","Dpp7"
4.59118761134564e-06,1.08267398211727,0.364,0.236,0.0874850799341911,"5","Snx2"
4.72771986249997e-06,0.838004540430068,0.261,0.168,0.090086701979937,"5","Evi2a"
4.90999859045916e-06,0.656504552312529,0.852,0.68,0.0935600231411993,"5","Ctsh"
4.98807246530592e-06,0.532419859780878,0.705,0.501,0.0950477208264042,"5","Gdi2"
5.87781922245099e-06,0.737766577974473,0.261,0.209,0.112001845283804,"5","Macf1"
5.91601891346357e-06,0.507125482624188,0.159,0.11,0.112729740396048,"5","Mid1ip1"
5.95895229354101e-06,1.30273357831805,0.239,0.089,0.113547835953424,"5","Prkra"
6.55602052486538e-06,1.06633515980688,0.205,0.131,0.12492497110131,"5","Lgals3bp"
6.62551924018247e-06,0.680000757058432,0.568,0.311,0.126249269121677,"5","Gdi1"
7.22111772740353e-06,1.6103791333756,0.136,0.054,0.137598398295674,"5","Ccl4"
7.28147300147075e-06,1.46615916287898,0.182,0.099,0.138748468043025,"5","Ulk1"
7.36044201521931e-06,0.900817093375927,0.205,0.082,0.140253222600004,"5","Src"
7.52211806289283e-06,0.862969969720621,0.307,0.181,0.143333959688423,"5","Klf3"
7.95739372465078e-06,0.615992526774711,0.466,0.287,0.151628137423221,"5","Arl8b"
8.3098819612237e-06,0.751771978011975,0.261,0.156,0.158344800771118,"5","Sypl"
8.46372227538647e-06,0.815673698966664,0.273,0.182,0.161276227957489,"5","Kdm3a"
8.64024021061165e-06,1.27467692930761,0.182,0.089,0.164639777213205,"5","Tmem87a"
8.6702099776877e-06,0.56624295198,0.398,0.217,0.165210851124839,"5","Il10rb"
9.31977698793326e-06,1.9871575362605,0.182,0.062,0.177588350505068,"5","Naip2"
9.90946014122441e-06,0.604012662382461,0.898,0.753,0.188824762991031,"5","B2m"
9.91434494352852e-06,0.606195261340471,0.205,0.093,0.188917842898936,"5","Pde4dip"
1.03778755722242e-05,1.37945371608456,0.341,0.196,0.197750419028732,"5","Ccrl2"
1.04891122362645e-05,0.514956647748502,0.705,0.45,0.19987003366202,"5","Ric1"
1.05364946440545e-05,0.666021296258839,0.75,0.546,0.200772905442459,"5","Rgs10"
1.06342268562535e-05,0.833136297737942,0.409,0.231,0.20263519274591,"5","Adam17"
1.12442495915036e-05,0.548844218295596,0.295,0.179,0.214259175966101,"5","Cdc27"
1.16178087665706e-05,0.611023301159768,0.364,0.286,0.221377346047003,"5","Vmp1"
1.16250740780095e-05,1.49489132253905,0.182,0.072,0.221515786556471,"5","Osbpl11"
1.22719732574345e-05,0.874149264336132,0.466,0.27,0.233842450420415,"5","Tial1"
1.3332052382614e-05,0.948497894867594,0.284,0.131,0.254042258150711,"5","Wars1"
1.42118820955774e-05,1.03231745948142,0.114,0.068,0.270807413331228,"5","Nfam1"
1.45705347542186e-05,0.526739866362883,0.205,0.133,0.277641539741635,"5","Atp6v1c1"
1.57040852626422e-05,1.41300307861643,0.193,0.095,0.299241344679647,"5","Plxnb2"
1.57321752200367e-05,1.21335799404951,0.239,0.13,0.299776598817799,"5","Ezh1"
1.59957484665104e-05,0.854938676832243,0.534,0.342,0.304798987029355,"5","Sumo2"
1.69929907586262e-05,0.855860015167942,0.375,0.224,0.323801438905622,"5","Mylip"
1.74790815303348e-05,0.754675941660875,0.193,0.102,0.333063898560529,"5","Yipf4"
1.80611974795407e-05,1.01639352640819,0.409,0.194,0.344156117972647,"5","Abhd12"
1.89665318758852e-05,1.02005284775165,0.159,0.076,0.361407264894993,"5","App"
1.92265136211145e-05,0.705147721846966,0.182,0.11,0.366361217050337,"5","Brox"
2.16154359968235e-05,0.683960060343012,0.102,0.047,0.411882132919471,"5","Frrs1"
2.32196224827666e-05,0.595548989294738,0.591,0.423,0.442449906409118,"5","Jun"
2.36521341344196e-05,1.307099344119,0.261,0.128,0.450691415931366,"5","Zcchc7"
2.393599946671e-05,0.607085594995318,0.182,0.133,0.456100469838159,"5","Tmem170b"
2.42407323901568e-05,0.598802715617438,0.216,0.12,0.461907155694438,"5","Atp6v1a"
2.42690694612343e-05,0.814252123854778,0.455,0.301,0.462447118583819,"5","Tmed7"
2.43403450692109e-05,0.500870954121512,0.159,0.104,0.463805275293814,"5","Fez2"
2.47125949405081e-05,0.548701721456829,0.42,0.272,0.470898496591381,"5","Ptpn6"
2.54125974769124e-05,0.619463391376639,0.705,0.496,0.484237044922566,"5","Eif4g2"
2.66985670838814e-05,0.897937679840694,0.25,0.144,0.508741195783361,"5","Zcchc8"
2.75804114517738e-05,0.949338404021047,0.205,0.08,0.52554474021355,"5","Zfp984"
2.78487056094288e-05,0.939792324250639,0.284,0.149,0.530657085387666,"5","Atp7a"
2.81225195761303e-05,0.877992060573346,0.227,0.165,0.535874610523163,"5","Slc44a2"
2.85672787771355e-05,0.535670759633107,0.545,0.355,0.544349497098316,"5","Luc7l2"
2.89062371467965e-05,0.589245536878023,0.341,0.167,0.550808348832207,"5","Heatr9"
2.98006576606908e-05,0.817837203998546,0.352,0.186,0.567851531724463,"5","Cnih4"
3.01687844577861e-05,1.1754799224751,0.193,0.114,0.574866187843115,"5","Slc50a1"
3.03786302520481e-05,0.76286161850477,0.284,0.182,0.578864799452776,"5","Pom121"
3.03829279795313e-05,0.509688662836693,0.307,0.188,0.578946692649969,"5","Irs2"
3.05585852008462e-05,1.04396859765492,0.239,0.127,0.582293841002124,"5","Retreg1"
3.136079691165e-05,0.767636964174097,0.693,0.54,0.597579985151491,"5","Plek"
3.20342837531596e-05,0.729825990485896,0.25,0.222,0.610413276916456,"5","Bin2"
3.33812249768465e-05,0.517071339910631,0.5,0.296,0.636079241933809,"5","Cnot1"
3.37615546291473e-05,0.739606608383484,0.466,0.277,0.643326423458402,"5","Dock8"
3.57039127785967e-05,0.700531769891145,0.125,0.063,0.680338057996161,"5","Zbtb41"
3.93002577232641e-05,1.11915835350619,0.159,0.112,0.748866410916798,"5","Ier3"
3.99226524847631e-05,0.600051616099643,0.295,0.185,0.760726143097162,"5","Snx8"
4.3021080104229e-05,0.569361736408305,0.341,0.229,0.819766681386084,"5","Grina"
4.36866139272918e-05,0.976518564685152,0.375,0.193,0.832448428384545,"5","Nans"
4.43189978560244e-05,0.680215248968669,0.318,0.219,0.844498504146544,"5","Ly86"
4.44451250419188e-05,1.08724506716557,0.25,0.12,0.846901857673763,"5","Trim24"
4.47965527569781e-05,0.563190706001429,0.398,0.232,0.853598312784219,"5","Ccdc174"
4.50944926539015e-05,0.705100628759071,0.295,0.197,0.859275557520094,"5","Atp6ap1"
4.60341349322116e-05,0.566659085786201,0.364,0.23,0.877180441133293,"5","Trib1"
4.8795983486758e-05,0.546461691925885,0.886,0.685,0.929807465340174,"5","Serpinb9"
5.03677652420699e-05,2.20878324656305,0.102,0.052,0.959757766687642,"5","Clec4a3"
5.18328949571603e-05,0.6995031758279,0.659,0.449,0.987675813408689,"5","Sh3glb1"
5.25219535938791e-05,0.544777752922164,0.534,0.35,1,"5","Cyrib"
5.32111748870661e-05,1.17727349674588,0.159,0.109,1,"5","Tbxas1"
5.47671086816146e-05,0.535100339090474,0.148,0.056,1,"5","Cdk2"
5.53567339974824e-05,0.761344284725824,0.159,0.115,1,"5","Ube2q2"
5.59329021070435e-05,0.845540480997499,0.295,0.172,1,"5","Aco1"
5.77803303189532e-05,0.738595394901188,0.205,0.087,1,"5","Abcg1"
6.37071316560251e-05,0.512510838305495,0.5,0.338,1,"5","Atf3"
6.39092823778979e-05,0.972295774364575,0.205,0.075,1,"5","Chst3"
6.46974216724004e-05,1.39071418760754,0.102,0.049,1,"5","Lyz2"
6.68895118804959e-05,0.733423578846048,0.239,0.13,1,"5","Lyn"
6.84487706673781e-05,0.572585507838891,0.386,0.202,1,"5","Taok1"
7.53583736346713e-05,0.54454160334411,0.42,0.271,1,"5","Rab22a"
7.74616813345517e-05,0.931261826998999,0.364,0.224,1,"5","Itch"
7.85689046078293e-05,1.00390854354552,0.364,0.173,1,"5","Atp6v1h"
8.13653859905167e-05,1.3484807234729,0.125,0.077,1,"5","Farsb"
8.16191061836846e-05,1.57719587217187,0.102,0.037,1,"5","Klra2"
8.34816292535329e-05,0.896353510675149,0.136,0.073,1,"5","Snx30"
8.48165996038538e-05,0.576415230227009,0.625,0.453,1,"5","Smap2"
8.48909225376173e-05,1.53059233136639,0.102,0.037,1,"5","Disc1"
8.6027768274503e-05,0.651579274713826,0.216,0.131,1,"5","Tle4"
9.03521319665678e-05,0.590140884725833,0.136,0.069,1,"5","Trappc14"
9.35624096255781e-05,0.601503512872951,0.136,0.095,1,"5","Vegfa"
9.36191622763506e-05,1.07295373688295,0.193,0.125,1,"5","Plk2"
9.50057484255143e-05,0.812865518218451,0.193,0.107,1,"5","C1galt1"
9.71991645940177e-05,0.706099683839265,0.5,0.356,1,"5","Adipor1"
9.80217981490808e-05,1.43767131329883,0.114,0.054,1,"5","Ube2d3"
9.91592402540319e-05,0.607787003553526,0.25,0.108,1,"5","Bmpr2"
0.000102642002307022,1.35055704056036,0.17,0.099,1,"5","Picalm"
0.000106356522382347,0.573837746940661,0.636,0.439,1,"5","Spi1"
0.000107463516680952,0.883138706238826,0.25,0.157,1,"5","Rab5c"
0.000108314375190629,0.538123058828747,0.227,0.149,1,"5","Sat1"
0.000112919197008758,0.698302949896677,0.17,0.112,1,"5","Plk3"
0.000113278913928777,1.19839951815619,0.102,0.047,1,"5","Naip5"
0.000115784876961708,0.76009792309365,0.216,0.109,1,"5","Asxl1"
0.000122717194017796,0.975436059044359,0.216,0.098,1,"5","Zc2hc1a"
0.000123542913101712,0.662314729582732,0.284,0.166,1,"5","Nrp2"
0.000129725587453394,0.546462768820381,0.261,0.142,1,"5","Washc4"
0.000131183254754262,1.60973875794877,0.136,0.076,1,"5","Abl2"
0.000133108805099933,0.897487686073135,0.273,0.145,1,"5","Tmem243"
0.000133357952959942,1.25761509563258,0.284,0.147,1,"5","Arl1"
0.000140343539832536,0.638121602256556,0.352,0.236,1,"5","Reep5"
0.000141724349380463,1.2238670354979,0.193,0.097,1,"5","Rubcnl"
0.000141893956841362,0.544016555077212,0.398,0.272,1,"5","Eprs"
0.000142849157347853,0.53478241651522,0.852,0.709,1,"5","Mcl1"
0.000145802529359038,0.844873669877616,0.216,0.112,1,"5","Rnf25"
0.000148626415070938,1.24980122696851,0.261,0.148,1,"5","Gbf1"
0.000153937207733634,1.30629351134467,0.102,0.037,1,"5","Dusp12"
0.000154098272534155,2.0021534333992,0.114,0.051,1,"5","Xpot"
0.000154673855620874,0.533572954627257,0.625,0.418,1,"5","Pten"
0.000155897695072435,0.542952677125435,0.148,0.093,1,"5","Dym"
0.000157562563443754,0.753377209634731,0.352,0.198,1,"5","Lacc1"
0.00015789373188236,0.651609574349594,0.159,0.098,1,"5","Pde3b"
0.000158781000586037,0.673083045203327,0.409,0.252,1,"5","Stx7"
0.000160193417435802,0.536649911208624,0.307,0.17,1,"5","Procr"
0.000164230579001586,0.585922079939194,0.545,0.404,1,"5","Dusp1"
0.000165568556551616,0.695753129367301,0.227,0.12,1,"5","Ints3"
0.000169255042288551,0.736760215397992,0.409,0.244,1,"5","Copb1"
0.000172281003526898,0.712968185373153,0.466,0.314,1,"5","H3f3b"
0.000177772528977669,1.04752158792517,0.216,0.134,1,"5","Tsc22d2"
0.000178297200526787,2.20821086671511,0.114,0.031,1,"5","Thbs1"
0.000183611528196505,0.566951437341235,0.295,0.205,1,"5","Josd1"
0.000188378907018951,0.655448537855442,0.216,0.114,1,"5","Numb"
0.000190373425477619,0.628098800421391,0.523,0.329,1,"5","Ptprj"
0.000193219009630165,0.57442580999371,0.114,0.061,1,"5","Hells"
0.000194275685218425,0.67452554246206,0.205,0.138,1,"5","Hipk3"
0.000197606451542481,1.03015426024573,0.409,0.255,1,"5","Magoh"
0.000203472723744295,0.618372436456893,0.409,0.288,1,"5","Zfp91"
0.000207333793370737,0.821846020010275,0.295,0.16,1,"5","Gmeb2"
0.00020804790086959,0.668247991149083,0.261,0.177,1,"5","Hsph1"
0.000208754899316334,0.743985456399493,0.352,0.222,1,"5","Unc93b1"
0.000215894568554392,0.793482678978849,0.227,0.176,1,"5","Adam10"
0.000217313007468783,0.623034786146845,0.273,0.155,1,"5","Chst15"
0.000234450557231734,0.571573303743062,0.295,0.157,1,"5","Usp32"
0.000238500860181531,0.764253028714126,0.432,0.304,1,"5","Wsb1"
0.000241428179525614,0.718235763901136,0.352,0.201,1,"5","Rc3h1"
0.000251058278742341,0.580568873984477,0.67,0.477,1,"5","Per1"
0.000268736732097751,0.962895104745519,0.398,0.234,1,"5","Klf4"
0.000274824815744597,0.650059651774661,0.216,0.143,1,"5","Metrnl"
0.000278804754790534,0.661585658014802,0.148,0.096,1,"5","Cd300a"
0.000294289377944857,0.633672722847573,0.148,0.128,1,"5","Fnip1"
0.000295667605982532,1.12694583780468,0.227,0.1,1,"5","Gmeb1"
0.000305864777420264,0.570842381215622,0.443,0.306,1,"5","Ubap2l"
0.00031342577112426,0.553340191001847,0.364,0.243,1,"5","Reep3"
0.000315086822122316,0.525483408261147,0.114,0.04,1,"5","Mab21l3"
0.000349891099095573,0.600506472288215,0.375,0.258,1,"5","Hcfc1r1"
0.000352447377921357,0.667298377636568,0.341,0.207,1,"5","Naxe"
0.000353743886972283,0.628683237836923,0.25,0.161,1,"5","Man2b2"
0.000353814973637229,0.570785658664641,0.239,0.183,1,"5","Ctps2"
0.000356822520267486,0.702434755886497,0.307,0.174,1,"5","Depdc5"
0.000358448915458167,1.10531616517016,0.17,0.07,1,"5","Cenpc1"
0.000364180355319279,0.635561580976066,0.182,0.158,1,"5","Cpeb2"
0.000384144858593764,1.00148383015934,0.114,0.061,1,"5","Arid3a"
0.000394387407790109,0.783814621405457,0.318,0.165,1,"5","Rnf111"
0.000396664221131932,1.06484593654093,0.193,0.08,1,"5","Mtif3"
0.000406096719104389,1.00618209696547,0.182,0.113,1,"5","Tnfaip8l2"
0.000409501065326169,0.969146571870875,0.386,0.242,1,"5","Siah2"
0.00041223774426194,1.1548083772169,0.182,0.08,1,"5","Dipk1a"
0.000416409991594688,1.70884426607531,0.125,0.096,1,"5","Comt"
0.000429041723083582,0.755940821846673,0.455,0.278,1,"5","Rab32"
0.000436279543076862,0.580138006118515,0.148,0.111,1,"5","Ptgs2"
0.000440934046542869,0.62236965887009,0.227,0.119,1,"5","Tada1"
0.000442303616084898,0.62178924513539,0.17,0.158,1,"5","Lgals3"
0.000443656538201307,0.602504164586153,0.125,0.125,1,"5","Dgkd"
0.000452925017907643,0.663114488302183,0.284,0.176,1,"5","Rragc"
0.000468367911618,1.01491473084787,0.273,0.153,1,"5","Zkscan14"
0.000470111774089083,0.734572451059633,0.205,0.104,1,"5","Gps2"
0.000473440141650779,0.569650492756867,0.239,0.15,1,"5","Gng12"
0.000477657101077007,0.730579427651298,0.409,0.268,1,"5","Wtap"
0.000480443803937182,0.58248064626083,0.477,0.324,1,"5","Psmd8"
0.000493915480732342,1.23457544447543,0.159,0.07,1,"5","Cercam"
0.00050001105365672,0.612278626908513,0.295,0.171,1,"5","Rufy3"
0.000517314637001609,0.605418330217131,0.273,0.165,1,"5","Atp13a1"
0.000531292172386158,1.03898525629153,0.114,0.078,1,"5","Ppard"
0.000540437837604001,0.637772126984964,0.216,0.138,1,"5","Nvl"
0.000556135432965494,0.517333774533768,0.455,0.281,1,"5","Hat1"
0.000564111470131549,0.998566970144571,0.125,0.065,1,"5","Zc3h6"
0.000604416023321304,1.28857011791483,0.114,0.068,1,"5","Nfxl1"
0.00060841529618629,0.800279504607534,0.125,0.108,1,"5","Man1a2"
0.000611162579066797,0.646993720430382,0.341,0.195,1,"5","Suco"
0.000629072819663817,0.796261880074651,0.182,0.119,1,"5","Klf11"
0.000635514598838098,1.00704833917387,0.159,0.081,1,"5","Cfap20"
0.000666940249482428,1.34184223907227,0.148,0.096,1,"5","Fuca2"
0.00067089768840394,0.896813815735882,0.159,0.083,1,"5","St6gal1"
0.000688398413577091,0.611732945561979,0.284,0.201,1,"5","Mapk3"
0.000690632680058037,0.517389585616516,0.364,0.188,1,"5","Filip1l"
0.000692497279166773,0.596721627734385,0.489,0.355,1,"5","Kctd12"
0.000692498933133105,0.562986517855427,0.33,0.221,1,"5","Naa50"
0.000708096342691193,1.00451024261826,0.216,0.153,1,"5","Ddit3"
0.000709444102243753,0.567501787891283,0.159,0.081,1,"5","Lin37"
0.000726112506930917,0.851074655064543,0.125,0.091,1,"5","Btk"
0.000735390653888826,1.44986589243467,0.193,0.084,1,"5","Tlr2"
0.000771166155603796,1.24419833487412,0.148,0.095,1,"5","Dnajb4"
0.000783836612256936,0.647084254545868,0.125,0.118,1,"5","Spacdr"
0.000799601853740208,0.597728800401006,0.17,0.086,1,"5","Atg7"
0.000807983683025789,0.595095518249475,0.375,0.259,1,"5","Ypel5"
0.000809223777673673,0.874658801353763,0.17,0.105,1,"5","Ddb1"
0.000811518293902669,0.579654880300706,0.466,0.329,1,"5","Zmynd11"
0.000816528963948295,0.771963575792738,0.193,0.119,1,"5","Med22"
0.000826205245160779,0.605095959195208,0.364,0.229,1,"5","Fes"
0.000854820500035545,1.25534512535943,0.114,0.041,1,"5","Prr5l"
0.00086860245481104,0.575549567140005,0.261,0.19,1,"5","Nfatc3"
0.000871112636642044,0.575341801892098,0.148,0.073,1,"5","Npm1"
0.00087574597335483,0.517045794608934,0.352,0.223,1,"5","Mtmr6"
0.000896193491092631,0.657930948137432,0.261,0.134,1,"5","Cd70"
0.000913526972056599,0.96773884194944,0.284,0.194,1,"5","Cxcr4"
0.000915373163203776,0.906230666646378,0.136,0.068,1,"5","Ggh"
0.000929485137703129,0.502417794077901,0.25,0.139,1,"5","Pik3cb"
0.000948143689415804,0.612161882514353,0.193,0.096,1,"5","Pafah1b1"
0.000951423897440634,0.722483737666438,0.341,0.262,1,"5","Mtdh"
0.000968045550603355,1.00923872375661,0.136,0.066,1,"5","Uckl1"
0.000974495931916842,1.04346558333496,0.159,0.074,1,"5","Mfsd12"
0.000987768525576987,0.833368633609872,0.136,0.07,1,"5","Pkig"
0.00102582848743566,1.63621136167188,0.114,0.058,1,"5","Cyb5r1"
0.00102782922278046,0.668289783275762,0.159,0.065,1,"5","St6galnac6"
0.00104092947083976,0.684430539667479,0.341,0.23,1,"5","Rfc2"
0.00104146995184874,1.02962916031148,0.136,0.077,1,"5","Sos1"
0.00105167036506575,1.18231519066285,0.17,0.088,1,"5","Cdk7"
0.00106734316486401,0.762519152548857,0.261,0.176,1,"5","Taf1"
0.00107419086207015,0.691637934950061,0.25,0.156,1,"5","Slain2"
0.00109127672436381,0.606398493048751,0.477,0.344,1,"5","Jmjd1c"
0.00113040164611002,0.636058294874537,0.114,0.068,1,"5","Pgm2"
0.00114577131129321,0.859005732730661,0.136,0.059,1,"5","Prim2"
0.00117260671445106,0.53898560569969,0.227,0.179,1,"5","Rtn3"
0.00117553958612688,1.18113447330282,0.17,0.096,1,"5","Polg"
0.00118289355000555,0.608056390175398,0.125,0.075,1,"5","Pxk"
0.00118938933317912,1.0147713384615,0.159,0.076,1,"5","Med7"
0.00119348886018644,0.654365528385861,0.125,0.08,1,"5","Plaur"
0.00120729063010152,0.617287573835693,0.364,0.244,1,"5","Pak1ip1"
0.00124399855048227,1.2319681975149,0.125,0.065,1,"5","H2-T24"
0.00126221994590183,0.957103791428776,0.227,0.115,1,"5","Slc25a36"
0.00127793079739786,2.54243026392592,0.125,0.056,1,"5","Lst1"
0.00127908076747533,1.10013430164126,0.17,0.123,1,"5","Kansl2"
0.00130089814363592,1.49651924713215,0.102,0.06,1,"5","Tatdn1"
0.00130147987624027,1.12607907210249,0.102,0.058,1,"5","Add3"
0.0013181938317532,0.514154222354597,0.534,0.386,1,"5","Arid1b"
0.00133996640829913,0.54743405220229,0.114,0.043,1,"5","Zfp189"
0.00135638631887405,0.644553427708231,0.17,0.103,1,"5","Eci2"
0.00135729812774623,0.625225040963852,0.136,0.078,1,"5","Slc31a2"
0.00137629723468963,0.573739604655085,0.432,0.335,1,"5","Fosb"
0.00138380465826942,0.865989571627291,0.114,0.073,1,"5","Hmgxb3"
0.001416244376403,0.642094356144236,0.17,0.079,1,"5","Zbtb37"
0.00144901667829646,0.590056621432681,0.239,0.17,1,"5","Acox3"
0.00145845435139665,1.62357778890074,0.148,0.073,1,"5","Ints13"
0.00146245422295711,0.617006676469901,0.227,0.141,1,"5","Ddx52"
0.00147357356667528,0.842248444283349,0.193,0.107,1,"5","Tmem230"
0.00147467929967854,0.635693625729026,0.261,0.17,1,"5","Dync1i2"
0.00147941855203689,0.86673592823273,0.239,0.121,1,"5","Tbc1d10b"
0.00151853358191817,1.4103852594891,0.148,0.088,1,"5","Usp10"
0.00151903489748047,0.537718323179048,0.159,0.117,1,"5","Ifi207"
0.00156182253569082,0.563459722913144,0.159,0.081,1,"5","Nedd1"
0.00157223402600056,0.641137994946129,0.125,0.1,1,"5","Slf2"
0.00159684280387917,0.863013988900629,0.102,0.047,1,"5","Ctbs"
0.00166973894225893,1.98963090152333,0.114,0.041,1,"5","Ccdc22"
0.00167421996245592,0.707356504165648,0.17,0.148,1,"5","Rasa1"
0.00168957933234499,0.504864661777194,0.114,0.098,1,"5","Acot13"
0.00172579661094751,1.15749245157772,0.114,0.058,1,"5","Slc35a5"
0.00174457991678192,0.567320687975264,0.261,0.201,1,"5","Tmed10"
0.00184857000432069,1.51226288050303,0.125,0.032,1,"5","Cnn3"
0.00184932080036916,0.511122388051761,0.375,0.244,1,"5","Slc25a5"
0.00186777354581727,0.865070171530169,0.17,0.099,1,"5","Ly9"
0.0019093789356874,0.81599996903912,0.102,0.049,1,"5","Tmem265"
0.00191119042230976,0.932434473194788,0.159,0.095,1,"5","Helb"
0.00192108630481951,1.15066587984102,0.193,0.118,1,"5","Glod4"
0.00199351803677018,0.833485365038423,0.261,0.154,1,"5","Dglucy"
0.00200046559591743,0.765803177493644,0.159,0.1,1,"5","Ebag9"
0.00201185118488213,0.780169599766313,0.136,0.09,1,"5","Il6ra"
0.00206543150805022,0.618039522793078,0.284,0.233,1,"5","Ppp2cb"
0.00211367437608976,0.863699575988502,0.159,0.095,1,"5","Zfp467"
0.00221484491851033,0.903635096702581,0.205,0.133,1,"5","Eif5b"
0.00221805465746093,0.716982265323859,0.227,0.134,1,"5","Vps35"
0.00233815641368101,0.53300578485311,0.159,0.104,1,"5","Akirin1"
0.00244242476813818,1.26856290744237,0.148,0.081,1,"5","Pex2"
0.00248444343160996,0.858486489131302,0.193,0.102,1,"5","Cnot8"
0.00253820959585025,0.671076810852096,0.307,0.178,1,"5","Sptlc2"
0.0025393547111541,0.969768567211921,0.114,0.052,1,"5","Ggps1"
0.0025893609880537,0.537959548092669,0.33,0.214,1,"5","Lrch1"
0.00263674123109211,1.16926045886229,0.205,0.136,1,"5","Parp1"
0.00265078652774256,0.781999538445773,0.261,0.176,1,"5","Nars"
0.00265960353231131,0.867500527956709,0.114,0.039,1,"5","Phlpp2"
0.00266981850478984,0.638429087303782,0.148,0.123,1,"5","Ostm1"
0.00272291022614522,0.596031709907752,0.386,0.288,1,"5","Cux1"
0.00279211738791714,1.00204561070314,0.284,0.154,1,"5","Ndufv2"
0.00280101166986514,0.762860608943086,0.364,0.225,1,"5","Serinc1"
0.00280359593001298,0.924392470882659,0.114,0.074,1,"5","Mgat5"
0.00281802913129947,0.815777679796118,0.375,0.215,1,"5","Dnajb12"
0.00282054272808776,1.68477338032628,0.17,0.099,1,"5","Zfp386"
0.00282635300804448,0.907757794058231,0.136,0.084,1,"5","Sap30"
0.00294866399741083,0.530924022441845,0.25,0.149,1,"5","Vezf1"
0.0029751984035044,0.514728801528886,0.193,0.143,1,"5","Otud1"
0.00298780582101295,1.02319199160419,0.159,0.057,1,"5","Zfp810"
0.00305981721966967,1.44422565007864,0.125,0.082,1,"5","Ptar1"
0.00316353948255169,0.619450696214394,0.148,0.091,1,"5","Fam98b"
0.00318035972979944,0.546685779859759,0.239,0.153,1,"5","Exoc3"
0.00322226676645824,0.686405046182614,0.114,0.094,1,"5","Blvra"
0.00326582995670516,0.778677067734314,0.125,0.05,1,"5","Pygl"
0.00326870236464675,0.591315819448279,0.205,0.126,1,"5","Tbc1d20"
0.00337729354983083,2.23147831786798,0.114,0.019,1,"5","Zfp644"
0.00345278448892257,0.638829295543822,0.318,0.235,1,"5","Snrnp48"
0.00346332848046727,0.808935244146375,0.182,0.087,1,"5","Ppcdc"
0.00347718127517002,0.93163244648571,0.273,0.172,1,"5","Pbrm1"
0.00349062535292871,0.899338171176266,0.102,0.089,1,"5","Ssh2"
0.00350517389157583,0.983334399203641,0.136,0.076,1,"5","Dstyk"
0.00352511998200635,0.560973859270533,0.216,0.153,1,"5","Dcaf13"
0.0036351808032005,0.515377021303898,0.227,0.137,1,"5","Vrk1"
0.00367737755458465,0.679728170760898,0.261,0.141,1,"5","Etf1"
0.00368000151786004,0.609875097614132,0.102,0.043,1,"5","Ccdc15"
0.00370455890521874,0.712518398547361,0.193,0.116,1,"5","Ino80c"
0.00371060064279825,0.520559496460952,0.136,0.087,1,"5","Stim2"
0.00371817471278387,0.508823266589798,0.148,0.072,1,"5","Zfyve19"
0.00381810199778791,0.687321387580296,0.114,0.065,1,"5","Ceacam1"
0.00388476421630189,0.54102828050698,0.352,0.231,1,"5","Cltc"
0.00398466847008389,0.553599955731912,0.125,0.084,1,"5","Yeats4"
0.00406336535363315,0.899717178348964,0.125,0.067,1,"5","Arg2"
0.00413883193411092,0.653316810243241,0.318,0.195,1,"5","Ergic1"
0.00417453574358808,0.546584567073066,0.159,0.116,1,"5","Rab24"
0.00432404903441782,0.804983663630799,0.125,0.06,1,"5","Pank4"
0.00439883263489221,0.512645655745511,0.295,0.216,1,"5","Cul2"
0.00441889061362222,1.17854446562165,0.182,0.147,1,"5","Snx19"
0.00445017392829412,0.873469874381211,0.159,0.093,1,"5","Rcor3"
0.00447153447435478,1.11597171706204,0.102,0.038,1,"5","Phka1"
0.00451398437626061,0.852916817739755,0.159,0.086,1,"5","Vps52"
0.00454643422198068,0.737969019845241,0.25,0.158,1,"5","Suz12"
0.00458630875199193,0.565120409832463,0.182,0.135,1,"5","Ncbp3"
0.0046341397269433,0.874096434578306,0.273,0.212,1,"5","Fam120a"
0.00463912969625814,0.825429277909232,0.136,0.081,1,"5","Fech"
0.00465891664903657,0.694219468428441,0.148,0.113,1,"5","Slc16a3"
0.00494198975191724,0.511501250135719,0.114,0.079,1,"5","Tex10"
0.00517927662515747,0.802613884448051,0.216,0.156,1,"5","Eml4"
0.00523908897395227,0.607944766677807,0.227,0.143,1,"5","Cept1"
0.00524466723677001,0.703884148477641,0.227,0.173,1,"5","Cdk19"
0.00529748709612961,0.589012726695618,0.375,0.223,1,"5","Tbl1x"
0.00538987994694378,0.581528514259618,0.136,0.106,1,"5","Fam114a2"
0.00548644809416658,0.604600741507938,0.25,0.174,1,"5","Rnf149"
0.00571723528713152,1.45096632691898,0.136,0.062,1,"5","Hipk1"
0.00576173191676081,0.537951116236124,0.352,0.235,1,"5","Itsn2"
0.00587258473085638,0.702924649846535,0.284,0.164,1,"5","Galnt2"
0.00590831561661382,0.613943302684695,0.216,0.112,1,"5","Mtf1"
0.00591014899793928,0.600087503988388,0.409,0.271,1,"5","Mthfd2"
0.0059109653553495,1.09324616442136,0.114,0.052,1,"5","Kif16b"
0.00595981497622622,0.56903313058952,0.193,0.116,1,"5","Rabgef1"
0.00604696227232072,0.973519124978798,0.216,0.133,1,"5","Nfatc1"
0.00608528843291052,0.59609794974557,0.148,0.094,1,"5","Sgpl1"
0.00618057086809994,0.621313093929866,0.159,0.113,1,"5","Brwd1"
0.00626476135367462,0.512483024766947,0.148,0.112,1,"5","Bola2"
0.00632238922218347,0.691433651025987,0.205,0.159,1,"5","Trmt2a"
0.00646274955895235,0.763512522210311,0.227,0.132,1,"5","Ube4a"
0.00689238723424267,0.61336218667686,0.33,0.215,1,"5","Elavl1"
0.00696161912226364,0.669454900017723,0.261,0.162,1,"5","Yipf1"
0.00711317842749462,0.827638300497623,0.148,0.107,1,"5","Selenof"
0.00754422000769774,0.889762044472,0.239,0.142,1,"5","Pcif1"
0.00760585679260918,0.822917346069796,0.114,0.052,1,"5","Prkag2"
0.00763418894055026,1.14042770828043,0.136,0.078,1,"5","Ttpal"
0.00765025515955562,0.840076045660664,0.273,0.17,1,"5","Ralgapa2"
0.00765733508907332,0.881417104103896,0.114,0.075,1,"5","Trip11"
0.00766908439986844,0.680691788342972,0.125,0.06,1,"5","Galc"
0.00789701153911047,0.804990885737802,0.114,0.104,1,"5","Hmg20a"
0.00799354893889876,0.787991999991794,0.239,0.215,1,"5","Wdr83os"
0.00802724793695822,1.17494047031281,0.17,0.098,1,"5","Pdcd2"
0.00812656328252575,0.649635042862558,0.136,0.096,1,"5","Rfk"
0.00812663470784634,0.661102027529163,0.25,0.141,1,"5","Serinc5"
0.00816868895841692,0.576137138303435,0.125,0.083,1,"5","Uap1l1"
0.00828931125352086,0.529800473449425,0.136,0.071,1,"5","Lrif1"
0.00843522070738616,0.616706448022983,0.273,0.187,1,"5","Ube2a"
0.00845806085298777,0.589066843326832,0.148,0.151,1,"5","Satb1"
0.00855379725800319,1.64968690267261,0.114,0.059,1,"5","Ppp1r2"
0.00865416513048026,0.763843839939247,0.102,0.095,1,"5","Samd9l"
0.00868031979424085,0.502951098232999,0.386,0.272,1,"5","Atp6v1f"
0.00876771459630489,0.597867806448273,0.125,0.058,1,"5","Tnfrsf14"
0.00881949271623127,0.654248713713763,0.114,0.078,1,"5","Wdr81"
0.00895464180703156,0.903995501881785,0.114,0.067,1,"5","Smim15"
0.00902016284445442,0.792418330346394,0.114,0.061,1,"5","Exosc10"
0.00927362251387435,2.01148687193362,0.102,0.036,1,"5","Agap3"
0.00928186140427206,0.630697984102681,0.102,0.073,1,"5","Gna12"
0.0092995012833411,0.749102304208528,0.193,0.125,1,"5","Trnau1ap"
0.009357773042689,0.566600693400632,0.102,0.061,1,"5","Hira"
0.00939414550184334,1.36061966416141,0.102,0.091,1,"5","Arhgap25"
0.00946826179456658,0.958281969447748,0.136,0.097,1,"5","Glmp"
0.0096507369292469,0.572670191383222,0.102,0.088,1,"5","Krtcap2"
0.00977375183843958,0.584587654055102,0.159,0.1,1,"5","Hars"
0.00990449027868585,0.617371162373945,0.318,0.207,1,"5","Snf8"
